day,symbol,volatility
2020-08-12 00:00:00+00:00,BNBUSDT,0.9720598585498156
2020-08-13 00:00:00+00:00,BNBUSDT,0.724360978298263
2020-08-14 00:00:00+00:00,BNBUSDT,1.228487531544707
2020-08-15 00:00:00+00:00,BNBUSDT,0.601264140923916
2020-08-16 00:00:00+00:00,BNBUSDT,0.5109903579795144
2020-08-17 00:00:00+00:00,BNBUSDT,0.607110106315625
2020-08-18 00:00:00+00:00,BNBUSDT,0.6761274113075043
2020-08-19 00:00:00+00:00,BNBUSDT,0.6979001903817607
2020-08-20 00:00:00+00:00,BNBUSDT,0.8168856624214589
2020-08-21 00:00:00+00:00,BNBUSDT,0.7004479588160415
2020-08-22 00:00:00+00:00,BNBUSDT,0.7596258488011338
2020-08-23 00:00:00+00:00,BNBUSDT,0.4791417511699194
2020-08-24 00:00:00+00:00,BNBUSDT,0.4434468934896221
2020-08-25 00:00:00+00:00,BNBUSDT,0.7559342702760725
2020-08-26 00:00:00+00:00,BNBUSDT,0.6787816957815617
2020-08-27 00:00:00+00:00,BNBUSDT,0.9146187438010609
2020-08-28 00:00:00+00:00,BNBUSDT,0.5570297862804238
2020-08-29 00:00:00+00:00,BNBUSDT,0.5562259116429533
2020-08-30 00:00:00+00:00,BNBUSDT,0.5400079879937929
2020-08-31 00:00:00+00:00,BNBUSDT,0.4418987621847219
2020-09-01 00:00:00+00:00,BNBUSDT,1.0752272072481255
2020-09-02 00:00:00+00:00,BNBUSDT,1.308952257869964
2020-09-03 00:00:00+00:00,BNBUSDT,2.3687583679809507
2020-09-04 00:00:00+00:00,BNBUSDT,1.5200679608266943
2020-09-05 00:00:00+00:00,BNBUSDT,2.22638062173565
2020-09-06 00:00:00+00:00,BNBUSDT,2.5173458343068873
2020-09-07 00:00:00+00:00,BNBUSDT,1.722357672510683
2020-09-08 00:00:00+00:00,BNBUSDT,1.5321390880577233
2020-09-09 00:00:00+00:00,BNBUSDT,1.1684468958359064
2020-09-10 00:00:00+00:00,BNBUSDT,1.0280342262398758
2020-09-11 00:00:00+00:00,BNBUSDT,1.1184422405600631
2020-09-12 00:00:00+00:00,BNBUSDT,1.3058082151505037
2020-09-13 00:00:00+00:00,BNBUSDT,2.285630336041896
2020-09-14 00:00:00+00:00,BNBUSDT,2.1307630208067176
2020-09-15 00:00:00+00:00,BNBUSDT,1.5235757447217875
2020-09-16 00:00:00+00:00,BNBUSDT,1.4173039987999216
2020-09-17 00:00:00+00:00,BNBUSDT,1.1145931396541409
2020-09-18 00:00:00+00:00,BNBUSDT,1.3404205678207504
2020-09-19 00:00:00+00:00,BNBUSDT,0.6908923117197397
2020-09-20 00:00:00+00:00,BNBUSDT,1.090401094392682
2020-09-21 00:00:00+00:00,BNBUSDT,1.7169327760341753
2020-09-22 00:00:00+00:00,BNBUSDT,1.0143098832619655
2020-09-23 00:00:00+00:00,BNBUSDT,0.7546936147524714
2020-09-24 00:00:00+00:00,BNBUSDT,0.8932517365594087
2020-09-25 00:00:00+00:00,BNBUSDT,0.5870550750589179
2020-09-26 00:00:00+00:00,BNBUSDT,0.6988526509041926
2020-09-27 00:00:00+00:00,BNBUSDT,0.9698765126299361
2020-09-28 00:00:00+00:00,BNBUSDT,0.8212579723728032
2020-09-29 00:00:00+00:00,BNBUSDT,0.9238613068374667
2020-09-30 00:00:00+00:00,BNBUSDT,0.8142697207480253
2020-10-01 00:00:00+00:00,BNBUSDT,1.2138291666713323
2020-10-02 00:00:00+00:00,BNBUSDT,1.2085461128600306
2020-10-03 00:00:00+00:00,BNBUSDT,0.7387281899981083
2020-10-04 00:00:00+00:00,BNBUSDT,0.5633545031264126
2020-10-05 00:00:00+00:00,BNBUSDT,0.49016860474413787
2020-10-06 00:00:00+00:00,BNBUSDT,0.7391641754900236
2020-10-07 00:00:00+00:00,BNBUSDT,0.5549598098141806
2020-10-08 00:00:00+00:00,BNBUSDT,0.6103692332280386
2020-10-09 00:00:00+00:00,BNBUSDT,0.4098561793461428
2020-10-10 00:00:00+00:00,BNBUSDT,0.4292893702174263
2020-10-11 00:00:00+00:00,BNBUSDT,0.42919503676004894
2020-10-12 00:00:00+00:00,BNBUSDT,0.9075575501126578
2020-10-13 00:00:00+00:00,BNBUSDT,0.82106608872217
2020-10-14 00:00:00+00:00,BNBUSDT,0.5340800259051887
2020-10-15 00:00:00+00:00,BNBUSDT,0.494446216021075
2020-10-16 00:00:00+00:00,BNBUSDT,1.1406489503890125
2020-10-17 00:00:00+00:00,BNBUSDT,0.3655543941548159
2020-10-18 00:00:00+00:00,BNBUSDT,0.49245273435565856
2020-10-19 00:00:00+00:00,BNBUSDT,0.3878272073668734
2020-10-20 00:00:00+00:00,BNBUSDT,0.5435249309288013
2020-10-21 00:00:00+00:00,BNBUSDT,0.5749421003477952
2020-10-22 00:00:00+00:00,BNBUSDT,0.6761219039779124
2020-10-23 00:00:00+00:00,BNBUSDT,0.45182730691588635
2020-10-24 00:00:00+00:00,BNBUSDT,0.2299377627126268
2020-10-25 00:00:00+00:00,BNBUSDT,0.4131785662209154
2020-10-26 00:00:00+00:00,BNBUSDT,0.5493174510112163
2020-10-27 00:00:00+00:00,BNBUSDT,0.6972506969157825
2020-10-28 00:00:00+00:00,BNBUSDT,0.583907154440029
2020-10-29 00:00:00+00:00,BNBUSDT,0.47516400827861593
2020-10-30 00:00:00+00:00,BNBUSDT,0.9192224659089702
2020-10-31 00:00:00+00:00,BNBUSDT,0.5253917364319085
2020-11-01 00:00:00+00:00,BNBUSDT,0.3587986606853422
2020-11-02 00:00:00+00:00,BNBUSDT,0.658061796950764
2020-11-03 00:00:00+00:00,BNBUSDT,1.1677097485677572
2020-11-04 00:00:00+00:00,BNBUSDT,0.7739254503741257
2020-11-05 00:00:00+00:00,BNBUSDT,0.7462591712418327
2020-11-06 00:00:00+00:00,BNBUSDT,0.9415198042094224
2020-11-07 00:00:00+00:00,BNBUSDT,0.9632892117704246
2020-11-08 00:00:00+00:00,BNBUSDT,0.5339211410137977
2020-11-09 00:00:00+00:00,BNBUSDT,0.5946468060551685
2020-11-10 00:00:00+00:00,BNBUSDT,0.4264573024296244
2020-11-11 00:00:00+00:00,BNBUSDT,0.3223110794516903
2020-11-12 00:00:00+00:00,BNBUSDT,0.37805298563273987
2020-11-13 00:00:00+00:00,BNBUSDT,0.38942538932793364
2020-11-14 00:00:00+00:00,BNBUSDT,0.3342224265365203
2020-11-15 00:00:00+00:00,BNBUSDT,0.3350759264513304
2020-11-16 00:00:00+00:00,BNBUSDT,0.40184987354883756
2020-11-17 00:00:00+00:00,BNBUSDT,0.43606371495980845
2020-11-18 00:00:00+00:00,BNBUSDT,0.5590556806091844
2020-11-19 00:00:00+00:00,BNBUSDT,0.3805452858808893
2020-11-20 00:00:00+00:00,BNBUSDT,0.4876854852226976
2020-11-21 00:00:00+00:00,BNBUSDT,0.7906706620310874
2020-11-22 00:00:00+00:00,BNBUSDT,0.9123648863398148
2020-11-23 00:00:00+00:00,BNBUSDT,0.6280744725007283
2020-11-24 00:00:00+00:00,BNBUSDT,1.7531906736578042
2020-11-25 00:00:00+00:00,BNBUSDT,1.1754638763658085
2020-11-26 00:00:00+00:00,BNBUSDT,1.7530998407474008
2020-11-27 00:00:00+00:00,BNBUSDT,0.9275049889765657
2020-11-28 00:00:00+00:00,BNBUSDT,0.6831214800247598
2020-11-29 00:00:00+00:00,BNBUSDT,0.6138391236846633
2020-11-30 00:00:00+00:00,BNBUSDT,
2020-12-01 00:00:00+00:00,BNBUSDT,1.4745867873271459
2020-12-02 00:00:00+00:00,BNBUSDT,0.43176980759647476
2020-12-03 00:00:00+00:00,BNBUSDT,0.39973064863762586
2020-12-04 00:00:00+00:00,BNBUSDT,0.7714067768443961
2020-12-05 00:00:00+00:00,BNBUSDT,0.5945359213018339
2020-12-06 00:00:00+00:00,BNBUSDT,0.4044805492468515
2020-12-07 00:00:00+00:00,BNBUSDT,0.4062716968133152
2020-12-08 00:00:00+00:00,BNBUSDT,0.6692845267413905
2020-12-09 00:00:00+00:00,BNBUSDT,0.6162340404642366
2020-12-10 00:00:00+00:00,BNBUSDT,0.40543107799894335
2020-12-11 00:00:00+00:00,BNBUSDT,0.5324547604512023
2020-12-12 00:00:00+00:00,BNBUSDT,0.48582961415636944
2020-12-13 00:00:00+00:00,BNBUSDT,0.3977104859086999
2020-12-14 00:00:00+00:00,BNBUSDT,0.5552662422888257
2020-12-15 00:00:00+00:00,BNBUSDT,0.47915783518897337
2020-12-16 00:00:00+00:00,BNBUSDT,0.46103556151881747
2020-12-17 00:00:00+00:00,BNBUSDT,0.8160229112422522
2020-12-18 00:00:00+00:00,BNBUSDT,0.5262305065515371
2020-12-19 00:00:00+00:00,BNBUSDT,0.9846848458211485
2020-12-20 00:00:00+00:00,BNBUSDT,1.3320484915274413
2020-12-21 00:00:00+00:00,BNBUSDT,
2020-12-22 00:00:00+00:00,BNBUSDT,0.9910380299777157
2020-12-23 00:00:00+00:00,BNBUSDT,1.3694102602628884
2020-12-24 00:00:00+00:00,BNBUSDT,1.0518169938938033
2020-12-25 00:00:00+00:00,BNBUSDT,
2020-12-26 00:00:00+00:00,BNBUSDT,0.7269911198170924
2020-12-27 00:00:00+00:00,BNBUSDT,1.2352056439306547
2020-12-28 00:00:00+00:00,BNBUSDT,0.798750908141857
2020-12-29 00:00:00+00:00,BNBUSDT,1.7298297469153436
2020-12-30 00:00:00+00:00,BNBUSDT,0.7953900060881705
2020-12-31 00:00:00+00:00,BNBUSDT,0.6959268683534361
2021-01-01 00:00:00+00:00,BNBUSDT,0.7552174731756068
2021-01-02 00:00:00+00:00,BNBUSDT,0.8195657559512557
2021-01-03 00:00:00+00:00,BNBUSDT,0.9567437834470968
2021-01-04 00:00:00+00:00,BNBUSDT,1.3149710285910774
2021-01-05 00:00:00+00:00,BNBUSDT,0.9915593421360731
2021-01-06 00:00:00+00:00,BNBUSDT,0.8739441512584252
2021-01-07 00:00:00+00:00,BNBUSDT,1.233978711446464
2021-01-08 00:00:00+00:00,BNBUSDT,1.2227193028460168
2021-01-09 00:00:00+00:00,BNBUSDT,0.6949494325894155
2021-01-10 00:00:00+00:00,BNBUSDT,1.0876699831653787
2021-01-11 00:00:00+00:00,BNBUSDT,1.936054677283023
2021-01-12 00:00:00+00:00,BNBUSDT,1.1842417908888683
2021-01-13 00:00:00+00:00,BNBUSDT,1.0067385548668695
2021-01-14 00:00:00+00:00,BNBUSDT,0.839118881331258
2021-01-15 00:00:00+00:00,BNBUSDT,0.9268555722177764
2021-01-16 00:00:00+00:00,BNBUSDT,1.0685955028943257
2021-01-17 00:00:00+00:00,BNBUSDT,1.5520008635321012
2021-01-18 00:00:00+00:00,BNBUSDT,1.0355523645561988
2021-01-19 00:00:00+00:00,BNBUSDT,1.47655183359237
2021-01-20 00:00:00+00:00,BNBUSDT,1.138161617162906
2021-01-21 00:00:00+00:00,BNBUSDT,0.9112604689009821
2021-01-22 00:00:00+00:00,BNBUSDT,1.2818013336317147
2021-01-23 00:00:00+00:00,BNBUSDT,0.792505841295146
2021-01-24 00:00:00+00:00,BNBUSDT,0.6117069363526475
2021-01-25 00:00:00+00:00,BNBUSDT,0.8148435075032643
2021-01-26 00:00:00+00:00,BNBUSDT,1.0135513645114693
2021-01-27 00:00:00+00:00,BNBUSDT,0.9484770812072271
2021-01-28 00:00:00+00:00,BNBUSDT,0.5453978057851391
2021-01-29 00:00:00+00:00,BNBUSDT,0.7186487525198404
2021-01-30 00:00:00+00:00,BNBUSDT,0.4211800848244315
2021-01-31 00:00:00+00:00,BNBUSDT,0.8570175484503241
2021-02-01 00:00:00+00:00,BNBUSDT,1.5384265328958098
2021-02-02 00:00:00+00:00,BNBUSDT,1.091891902924516
2021-02-03 00:00:00+00:00,BNBUSDT,0.6384089634984003
2021-02-04 00:00:00+00:00,BNBUSDT,1.2406524936269636
2021-02-05 00:00:00+00:00,BNBUSDT,1.2460569000039459
2021-02-06 00:00:00+00:00,BNBUSDT,2.1561522421980754
2021-02-07 00:00:00+00:00,BNBUSDT,1.4208201019236129
2021-02-08 00:00:00+00:00,BNBUSDT,1.4095713884287349
2021-02-09 00:00:00+00:00,BNBUSDT,3.611650657186668
2021-02-10 00:00:00+00:00,BNBUSDT,4.79598249268109
2021-02-11 00:00:00+00:00,BNBUSDT,
2021-02-12 00:00:00+00:00,BNBUSDT,1.7827285951438356
2021-02-13 00:00:00+00:00,BNBUSDT,1.2133311324540603
2021-02-14 00:00:00+00:00,BNBUSDT,1.287491731490913
2021-02-15 00:00:00+00:00,BNBUSDT,1.3852457361536779
2021-02-16 00:00:00+00:00,BNBUSDT,0.6206198049894107
2021-02-17 00:00:00+00:00,BNBUSDT,2.0425459356758493
2021-02-18 00:00:00+00:00,BNBUSDT,1.939540108795854
2021-02-19 00:00:00+00:00,BNBUSDT,4.568349440378204
2021-02-20 00:00:00+00:00,BNBUSDT,4.035154918625971
2021-02-21 00:00:00+00:00,BNBUSDT,3.205394422561651
2021-02-22 00:00:00+00:00,BNBUSDT,3.6373530191339576
2021-02-23 00:00:00+00:00,BNBUSDT,5.371994362843313
2021-02-24 00:00:00+00:00,BNBUSDT,3.2117764241881606
2021-02-25 00:00:00+00:00,BNBUSDT,1.9417861873331932
2021-02-26 00:00:00+00:00,BNBUSDT,2.4577204029305766
2021-02-27 00:00:00+00:00,BNBUSDT,1.443244485181536
2021-02-28 00:00:00+00:00,BNBUSDT,2.004374458296973
2021-03-01 00:00:00+00:00,BNBUSDT,1.975462179161593
2021-03-02 00:00:00+00:00,BNBUSDT,1.4563492100113955
2021-03-03 00:00:00+00:00,BNBUSDT,1.2035514786927295
2021-03-04 00:00:00+00:00,BNBUSDT,1.2456661499448616
2021-03-05 00:00:00+00:00,BNBUSDT,1.2803779465587273
2021-03-06 00:00:00+00:00,BNBUSDT,
2021-03-07 00:00:00+00:00,BNBUSDT,1.1241526019936614
2021-03-08 00:00:00+00:00,BNBUSDT,0.8334281169304533
2021-03-09 00:00:00+00:00,BNBUSDT,1.6471649895014644
2021-03-10 00:00:00+00:00,BNBUSDT,1.5858508840067196
2021-03-11 00:00:00+00:00,BNBUSDT,2.039167078083657
2021-03-12 00:00:00+00:00,BNBUSDT,1.349904903551685
2021-03-13 00:00:00+00:00,BNBUSDT,1.089977331201273
2021-03-14 00:00:00+00:00,BNBUSDT,0.8362828766284544
2021-03-15 00:00:00+00:00,BNBUSDT,0.8128502458405154
2021-03-16 00:00:00+00:00,BNBUSDT,1.0429449921134017
2021-03-17 00:00:00+00:00,BNBUSDT,0.8657077832663255
2021-03-18 00:00:00+00:00,BNBUSDT,0.9144797023158702
2021-03-19 00:00:00+00:00,BNBUSDT,0.603856271981777
2021-03-20 00:00:00+00:00,BNBUSDT,0.6248247229477724
2021-03-21 00:00:00+00:00,BNBUSDT,0.7087509455082335
2021-03-22 00:00:00+00:00,BNBUSDT,1.1071070887541068
2021-03-23 00:00:00+00:00,BNBUSDT,0.907333425162466
2021-03-24 00:00:00+00:00,BNBUSDT,1.054935067318178
2021-03-25 00:00:00+00:00,BNBUSDT,1.4725550777318341
2021-03-26 00:00:00+00:00,BNBUSDT,0.9705966239311008
2021-03-27 00:00:00+00:00,BNBUSDT,1.0300420862368793
2021-03-28 00:00:00+00:00,BNBUSDT,0.9529481769401259
2021-03-29 00:00:00+00:00,BNBUSDT,0.5466421454854723
2021-03-30 00:00:00+00:00,BNBUSDT,1.4255917153099362
2021-03-31 00:00:00+00:00,BNBUSDT,1.0985373290665683
2021-04-01 00:00:00+00:00,BNBUSDT,0.8756010977892529
2021-04-02 00:00:00+00:00,BNBUSDT,1.292783964232282
2021-04-03 00:00:00+00:00,BNBUSDT,1.0954938699898153
2021-04-04 00:00:00+00:00,BNBUSDT,0.8526189428649378
2021-04-05 00:00:00+00:00,BNBUSDT,1.2228639583726868
2021-04-06 00:00:00+00:00,BNBUSDT,1.3065430411034658
2021-04-07 00:00:00+00:00,BNBUSDT,2.005622290532384
2021-04-08 00:00:00+00:00,BNBUSDT,1.189887202638029
2021-04-09 00:00:00+00:00,BNBUSDT,1.1319190228586755
2021-04-10 00:00:00+00:00,BNBUSDT,1.4617636095809794
2021-04-11 00:00:00+00:00,BNBUSDT,1.0939200901368626
2021-04-12 00:00:00+00:00,BNBUSDT,2.677182187665752
2021-04-13 00:00:00+00:00,BNBUSDT,1.5418594049379868
2021-04-14 00:00:00+00:00,BNBUSDT,1.6340952512249545
2021-04-15 00:00:00+00:00,BNBUSDT,0.7752555398867619
2021-04-16 00:00:00+00:00,BNBUSDT,1.822998831996904
2021-04-17 00:00:00+00:00,BNBUSDT,1.2357269787061793
2021-04-18 00:00:00+00:00,BNBUSDT,2.4892874566627476
2021-04-19 00:00:00+00:00,BNBUSDT,2.044797325427205
2021-04-20 00:00:00+00:00,BNBUSDT,
2021-04-21 00:00:00+00:00,BNBUSDT,1.668017928616395
2021-04-22 00:00:00+00:00,BNBUSDT,1.9440690713894981
2021-04-23 00:00:00+00:00,BNBUSDT,2.658948872761152
2021-04-24 00:00:00+00:00,BNBUSDT,1.43746404805074
2021-04-25 00:00:00+00:00,BNBUSDT,
2021-04-26 00:00:00+00:00,BNBUSDT,1.1497486233287852
2021-04-27 00:00:00+00:00,BNBUSDT,1.0137273305356087
2021-04-28 00:00:00+00:00,BNBUSDT,0.9356348960403632
2021-04-29 00:00:00+00:00,BNBUSDT,1.3777717980420698
2021-04-30 00:00:00+00:00,BNBUSDT,1.0425487540310852
2021-05-01 00:00:00+00:00,BNBUSDT,0.7647949859698991
2021-05-02 00:00:00+00:00,BNBUSDT,0.7456733343820381
2021-05-03 00:00:00+00:00,BNBUSDT,0.8739867834679681
2021-05-04 00:00:00+00:00,BNBUSDT,1.5974849563871618
2021-05-05 00:00:00+00:00,BNBUSDT,1.0354708322149755
2021-05-06 00:00:00+00:00,BNBUSDT,0.7661157701346164
2021-05-07 00:00:00+00:00,BNBUSDT,0.7190210222874478
2021-05-08 00:00:00+00:00,BNBUSDT,0.5203967114243117
2021-05-09 00:00:00+00:00,BNBUSDT,1.0408035184558537
2021-05-10 00:00:00+00:00,BNBUSDT,1.3136126490529008
2021-05-11 00:00:00+00:00,BNBUSDT,0.9125635353047423
2021-05-12 00:00:00+00:00,BNBUSDT,1.5933235129350414
2021-05-13 00:00:00+00:00,BNBUSDT,2.11397412183537
2021-05-14 00:00:00+00:00,BNBUSDT,1.2690837065817009
2021-05-15 00:00:00+00:00,BNBUSDT,0.9388569101603947
2021-05-16 00:00:00+00:00,BNBUSDT,1.4263373590860842
2021-05-17 00:00:00+00:00,BNBUSDT,2.152115416862782
2021-05-18 00:00:00+00:00,BNBUSDT,1.1717918128470834
2021-05-19 00:00:00+00:00,BNBUSDT,5.333874141662757
2021-05-20 00:00:00+00:00,BNBUSDT,3.464391440849659
2021-05-21 00:00:00+00:00,BNBUSDT,3.8569498123205115
2021-05-22 00:00:00+00:00,BNBUSDT,1.9722325102037541
2021-05-23 00:00:00+00:00,BNBUSDT,3.124026172189334
2021-05-24 00:00:00+00:00,BNBUSDT,2.198742858584091
2021-05-25 00:00:00+00:00,BNBUSDT,2.815688424205234
2021-05-26 00:00:00+00:00,BNBUSDT,1.8776900531279013
2021-05-27 00:00:00+00:00,BNBUSDT,1.8081354252014743
2021-05-28 00:00:00+00:00,BNBUSDT,2.2194292558582838
2021-05-29 00:00:00+00:00,BNBUSDT,1.532198916386901
2021-05-30 00:00:00+00:00,BNBUSDT,1.5712098487752981
2021-05-31 00:00:00+00:00,BNBUSDT,1.3855458116880008
2021-06-01 00:00:00+00:00,BNBUSDT,1.5423177603255793
2021-06-02 00:00:00+00:00,BNBUSDT,1.2859439920215099
2021-06-03 00:00:00+00:00,BNBUSDT,1.2486669539983333
2021-06-04 00:00:00+00:00,BNBUSDT,1.6531863873090036
2021-06-05 00:00:00+00:00,BNBUSDT,1.9083421482608003
2021-06-06 00:00:00+00:00,BNBUSDT,1.0284862273737376
2021-06-07 00:00:00+00:00,BNBUSDT,1.3455333588281304
2021-06-08 00:00:00+00:00,BNBUSDT,1.7343743278313215
2021-06-09 00:00:00+00:00,BNBUSDT,1.6243517631505888
2021-06-10 00:00:00+00:00,BNBUSDT,1.0088908581685843
2021-06-11 00:00:00+00:00,BNBUSDT,1.0107011363580218
2021-06-12 00:00:00+00:00,BNBUSDT,1.0606808775905658
2021-06-13 00:00:00+00:00,BNBUSDT,1.1441194053201593
2021-06-14 00:00:00+00:00,BNBUSDT,0.9684018442748455
2021-06-15 00:00:00+00:00,BNBUSDT,0.6777969192058866
2021-06-16 00:00:00+00:00,BNBUSDT,0.7830713976323307
2021-06-17 00:00:00+00:00,BNBUSDT,0.6373806620479988
2021-06-18 00:00:00+00:00,BNBUSDT,0.8762736432384356
2021-06-19 00:00:00+00:00,BNBUSDT,0.7090988046722786
2021-06-20 00:00:00+00:00,BNBUSDT,0.9474172131305361
2021-06-21 00:00:00+00:00,BNBUSDT,2.257953874284019
2021-06-22 00:00:00+00:00,BNBUSDT,3.1380206639278456
2021-06-23 00:00:00+00:00,BNBUSDT,1.6590404863990105
2021-06-24 00:00:00+00:00,BNBUSDT,1.1780574775797594
2021-06-25 00:00:00+00:00,BNBUSDT,1.053266377543866
2021-06-26 00:00:00+00:00,BNBUSDT,1.534893176015864
2021-06-27 00:00:00+00:00,BNBUSDT,1.2331135981358217
2021-06-28 00:00:00+00:00,BNBUSDT,1.1138723515024893
2021-06-29 00:00:00+00:00,BNBUSDT,1.0841118713281295
2021-06-30 00:00:00+00:00,BNBUSDT,1.0820876071093326
2021-07-01 00:00:00+00:00,BNBUSDT,1.030552823427749
2021-07-02 00:00:00+00:00,BNBUSDT,0.8549072462163685
2021-07-03 00:00:00+00:00,BNBUSDT,0.7138672197206997
2021-07-04 00:00:00+00:00,BNBUSDT,0.8572904328799267
2021-07-05 00:00:00+00:00,BNBUSDT,1.051048745989542
2021-07-06 00:00:00+00:00,BNBUSDT,1.106372701566394
2021-07-07 00:00:00+00:00,BNBUSDT,0.6836252770846114
2021-07-08 00:00:00+00:00,BNBUSDT,1.013835443427662
2021-07-09 00:00:00+00:00,BNBUSDT,0.8125334170340898
2021-07-10 00:00:00+00:00,BNBUSDT,0.5849429245041998
2021-07-11 00:00:00+00:00,BNBUSDT,0.5188501260142759
2021-07-12 00:00:00+00:00,BNBUSDT,0.6890730529478066
2021-07-13 00:00:00+00:00,BNBUSDT,0.7184575355673671
2021-07-14 00:00:00+00:00,BNBUSDT,1.1663790043858016
2021-07-15 00:00:00+00:00,BNBUSDT,1.0861688485773837
2021-07-16 00:00:00+00:00,BNBUSDT,0.7901680239954795
2021-07-17 00:00:00+00:00,BNBUSDT,0.790312611355524
2021-07-18 00:00:00+00:00,BNBUSDT,0.7495755239971632
2021-07-19 00:00:00+00:00,BNBUSDT,1.0272935563543895
2021-07-20 00:00:00+00:00,BNBUSDT,1.4116307955083267
2021-07-21 00:00:00+00:00,BNBUSDT,1.0576993076778844
2021-07-22 00:00:00+00:00,BNBUSDT,0.6598173749763794
2021-07-23 00:00:00+00:00,BNBUSDT,0.862354679380043
2021-07-24 00:00:00+00:00,BNBUSDT,0.683278469322831
2021-07-25 00:00:00+00:00,BNBUSDT,0.5249300542747377
2021-07-26 00:00:00+00:00,BNBUSDT,1.282355703642549
2021-07-27 00:00:00+00:00,BNBUSDT,0.9919988089944067
2021-07-28 00:00:00+00:00,BNBUSDT,1.0128326820125113
2021-07-29 00:00:00+00:00,BNBUSDT,0.5837097767078623
2021-07-30 00:00:00+00:00,BNBUSDT,0.7774025970875126
2021-07-31 00:00:00+00:00,BNBUSDT,0.9198416736892984
2021-08-01 00:00:00+00:00,BNBUSDT,0.8587699510624861
2021-08-02 00:00:00+00:00,BNBUSDT,0.7470715363897498
2021-08-03 00:00:00+00:00,BNBUSDT,0.5356971443389318
2021-08-04 00:00:00+00:00,BNBUSDT,0.4646739768680917
2021-08-05 00:00:00+00:00,BNBUSDT,0.5414642768968723
2021-08-06 00:00:00+00:00,BNBUSDT,0.6406717114956104
2021-08-07 00:00:00+00:00,BNBUSDT,0.6615567538222576
2021-08-08 00:00:00+00:00,BNBUSDT,0.7981694144694995
2021-08-09 00:00:00+00:00,BNBUSDT,0.7837924408413669
2021-08-10 00:00:00+00:00,BNBUSDT,0.8908785219384455
2021-08-11 00:00:00+00:00,BNBUSDT,0.8253458119948475
2021-08-12 00:00:00+00:00,BNBUSDT,1.1941161738784507
2021-08-13 00:00:00+00:00,BNBUSDT,
2021-08-14 00:00:00+00:00,BNBUSDT,0.9100573008521946
2021-08-15 00:00:00+00:00,BNBUSDT,0.5480320127700192
2021-08-16 00:00:00+00:00,BNBUSDT,0.8982144207214592
2021-08-17 00:00:00+00:00,BNBUSDT,1.073568329336996
2021-08-18 00:00:00+00:00,BNBUSDT,1.0314422496433768
2021-08-19 00:00:00+00:00,BNBUSDT,0.919760182990363
2021-08-20 00:00:00+00:00,BNBUSDT,0.890328839419983
2021-08-21 00:00:00+00:00,BNBUSDT,1.0281506287550815
2021-08-22 00:00:00+00:00,BNBUSDT,0.7241437911291798
2021-08-23 00:00:00+00:00,BNBUSDT,1.1680568947215146
2021-08-24 00:00:00+00:00,BNBUSDT,0.8233465550974721
2021-08-25 00:00:00+00:00,BNBUSDT,1.232788894134802
2021-08-26 00:00:00+00:00,BNBUSDT,1.1304896772147683
2021-08-27 00:00:00+00:00,BNBUSDT,0.602411251040172
2021-08-28 00:00:00+00:00,BNBUSDT,0.40307029382957404
2021-08-29 00:00:00+00:00,BNBUSDT,0.6045165908377877
2021-08-30 00:00:00+00:00,BNBUSDT,0.8169388819261169
2021-08-31 00:00:00+00:00,BNBUSDT,0.8314332515346549
2021-09-01 00:00:00+00:00,BNBUSDT,0.6636636274571499
2021-09-02 00:00:00+00:00,BNBUSDT,0.7440839307258051
2021-09-03 00:00:00+00:00,BNBUSDT,0.6113110878400335
2021-09-04 00:00:00+00:00,BNBUSDT,0.7525287374259727
2021-09-05 00:00:00+00:00,BNBUSDT,0.4096734918684614
2021-09-06 00:00:00+00:00,BNBUSDT,0.5347206458569753
2021-09-07 00:00:00+00:00,BNBUSDT,3.453916745685083
2021-09-08 00:00:00+00:00,BNBUSDT,1.4291113617652336
2021-09-09 00:00:00+00:00,BNBUSDT,0.7847559203529225
2021-09-10 00:00:00+00:00,BNBUSDT,1.1908349344183817
2021-09-11 00:00:00+00:00,BNBUSDT,0.6298669613227861
2021-09-12 00:00:00+00:00,BNBUSDT,0.7684277141978014
2021-09-13 00:00:00+00:00,BNBUSDT,1.2189984509919252
2021-09-14 00:00:00+00:00,BNBUSDT,0.5020629401720156
2021-09-15 00:00:00+00:00,BNBUSDT,0.5799831132875914
2021-09-16 00:00:00+00:00,BNBUSDT,0.7644439393193487
2021-09-17 00:00:00+00:00,BNBUSDT,0.7846536113510496
2021-09-18 00:00:00+00:00,BNBUSDT,0.3947347347127431
2021-09-19 00:00:00+00:00,BNBUSDT,0.6179067671052468
2021-09-20 00:00:00+00:00,BNBUSDT,1.1874175083707192
2021-09-21 00:00:00+00:00,BNBUSDT,1.451692387147755
2021-09-22 00:00:00+00:00,BNBUSDT,0.8437868079174139
2021-09-23 00:00:00+00:00,BNBUSDT,0.8712471290000255
2021-09-24 00:00:00+00:00,BNBUSDT,1.7526192776355087
2021-09-25 00:00:00+00:00,BNBUSDT,0.6382524082345336
2021-09-26 00:00:00+00:00,BNBUSDT,1.6123784091206943
2021-09-27 00:00:00+00:00,BNBUSDT,0.935843581946891
2021-09-28 00:00:00+00:00,BNBUSDT,0.6254733766775897
2021-09-29 00:00:00+00:00,BNBUSDT,
2021-09-30 00:00:00+00:00,BNBUSDT,0.6804011501444494
2021-10-01 00:00:00+00:00,BNBUSDT,0.8815329039873451
2021-10-02 00:00:00+00:00,BNBUSDT,0.7158454770949412
2021-10-03 00:00:00+00:00,BNBUSDT,0.6035840593821092
2021-10-04 00:00:00+00:00,BNBUSDT,0.8820232909470985
2021-10-05 00:00:00+00:00,BNBUSDT,0.44523077211101814
2021-10-06 00:00:00+00:00,BNBUSDT,0.8665016876938505
2021-10-07 00:00:00+00:00,BNBUSDT,0.8414451342089039
2021-10-08 00:00:00+00:00,BNBUSDT,0.7732068792249864
2021-10-09 00:00:00+00:00,BNBUSDT,0.33115651253709405
2021-10-10 00:00:00+00:00,BNBUSDT,0.5933810380248192
2021-10-11 00:00:00+00:00,BNBUSDT,0.5792310409700532
2021-10-12 00:00:00+00:00,BNBUSDT,2.03520859341795
2021-10-13 00:00:00+00:00,BNBUSDT,1.871110197851325
2021-10-14 00:00:00+00:00,BNBUSDT,0.6451471331114512
2021-10-15 00:00:00+00:00,BNBUSDT,0.9441002906289033
2021-10-16 00:00:00+00:00,BNBUSDT,0.7108373312554688
2021-10-17 00:00:00+00:00,BNBUSDT,0.5204494181542272
2021-10-18 00:00:00+00:00,BNBUSDT,0.4711227483519621
2021-10-19 00:00:00+00:00,BNBUSDT,0.46562760485519045
2021-10-20 00:00:00+00:00,BNBUSDT,0.4464930669306256
2021-10-21 00:00:00+00:00,BNBUSDT,0.5582185689368895
2021-10-22 00:00:00+00:00,BNBUSDT,0.7358013168185176
2021-10-23 00:00:00+00:00,BNBUSDT,0.38975984346878517
2021-10-24 00:00:00+00:00,BNBUSDT,0.3866397884601844
2021-10-25 00:00:00+00:00,BNBUSDT,0.301202485452572
2021-10-26 00:00:00+00:00,BNBUSDT,0.4063467692207587
2021-10-27 00:00:00+00:00,BNBUSDT,0.898241208945889
2021-10-28 00:00:00+00:00,BNBUSDT,1.1108864449155986
2021-10-29 00:00:00+00:00,BNBUSDT,0.6367806129527537
2021-10-30 00:00:00+00:00,BNBUSDT,0.6731087331166682
2021-10-31 00:00:00+00:00,BNBUSDT,0.5098651623779237
2021-11-01 00:00:00+00:00,BNBUSDT,0.7946743934597277
2021-11-02 00:00:00+00:00,BNBUSDT,0.5246699570486352
2021-11-03 00:00:00+00:00,BNBUSDT,0.730209151115741
2021-11-04 00:00:00+00:00,BNBUSDT,0.5559944525335792
2021-11-05 00:00:00+00:00,BNBUSDT,0.8785562269358974
2021-11-06 00:00:00+00:00,BNBUSDT,0.7543965424227114
2021-11-07 00:00:00+00:00,BNBUSDT,0.7376902234938708
2021-11-08 00:00:00+00:00,BNBUSDT,0.6714660467259042
2021-11-09 00:00:00+00:00,BNBUSDT,0.39801340506477817
2021-11-10 00:00:00+00:00,BNBUSDT,1.3195913892523723
2021-11-11 00:00:00+00:00,BNBUSDT,0.5511509831286279
2021-11-12 00:00:00+00:00,BNBUSDT,0.6562717734998971
2021-11-13 00:00:00+00:00,BNBUSDT,0.6196183524183849
2021-11-14 00:00:00+00:00,BNBUSDT,0.6229523792648939
2021-11-15 00:00:00+00:00,BNBUSDT,0.4557491045213296
2021-11-16 00:00:00+00:00,BNBUSDT,1.168650240031997
2021-11-17 00:00:00+00:00,BNBUSDT,1.090190338984392
2021-11-18 00:00:00+00:00,BNBUSDT,0.905656076322137
2021-11-19 00:00:00+00:00,BNBUSDT,1.0667006136102142
2021-11-20 00:00:00+00:00,BNBUSDT,0.8485186307352433
2021-11-21 00:00:00+00:00,BNBUSDT,0.6640818331601193
2021-11-22 00:00:00+00:00,BNBUSDT,0.6876183642018585
2021-11-23 00:00:00+00:00,BNBUSDT,0.8847771712159056
2021-11-24 00:00:00+00:00,BNBUSDT,0.661655984457251
2021-11-25 00:00:00+00:00,BNBUSDT,0.8507689289949674
2021-11-26 00:00:00+00:00,BNBUSDT,1.5200532412450107
2021-11-27 00:00:00+00:00,BNBUSDT,0.9494168368480396
2021-11-28 00:00:00+00:00,BNBUSDT,0.987264381489502
2021-11-29 00:00:00+00:00,BNBUSDT,0.6447137712457469
2021-11-30 00:00:00+00:00,BNBUSDT,0.8623194354007522
2021-12-01 00:00:00+00:00,BNBUSDT,0.7428846477160727
2021-12-02 00:00:00+00:00,BNBUSDT,0.6615899095585205
2021-12-03 00:00:00+00:00,BNBUSDT,0.6619212995133732
2021-12-04 00:00:00+00:00,BNBUSDT,1.4853558676368186
2021-12-05 00:00:00+00:00,BNBUSDT,0.9922453986493898
2021-12-06 00:00:00+00:00,BNBUSDT,1.2669811436084688
2021-12-07 00:00:00+00:00,BNBUSDT,0.6540157288695866
2021-12-08 00:00:00+00:00,BNBUSDT,0.8200446016630061
2021-12-09 00:00:00+00:00,BNBUSDT,0.6640394781805945
2021-12-10 00:00:00+00:00,BNBUSDT,0.9241488616999022
2021-12-11 00:00:00+00:00,BNBUSDT,0.802720136349107
2021-12-12 00:00:00+00:00,BNBUSDT,0.3942331651728504
2021-12-13 00:00:00+00:00,BNBUSDT,0.8006560282309672
2021-12-14 00:00:00+00:00,BNBUSDT,0.7866075369149832
2021-12-15 00:00:00+00:00,BNBUSDT,1.13180386707216
2021-12-16 00:00:00+00:00,BNBUSDT,0.6665065265112486
2021-12-17 00:00:00+00:00,BNBUSDT,0.9698572534397562
2021-12-18 00:00:00+00:00,BNBUSDT,0.5745398400885885
2021-12-19 00:00:00+00:00,BNBUSDT,0.4070408499796187
2021-12-20 00:00:00+00:00,BNBUSDT,0.701251468219174
2021-12-21 00:00:00+00:00,BNBUSDT,0.4544811362078489
2021-12-22 00:00:00+00:00,BNBUSDT,0.5331026841999476
2021-12-23 00:00:00+00:00,BNBUSDT,0.47597889089134654
2021-12-24 00:00:00+00:00,BNBUSDT,
2021-12-25 00:00:00+00:00,BNBUSDT,0.2550542907450843
2021-12-26 00:00:00+00:00,BNBUSDT,0.2997015290337483
2021-12-27 00:00:00+00:00,BNBUSDT,0.44423737710557987
2021-12-28 00:00:00+00:00,BNBUSDT,0.5291508654170841
2021-12-29 00:00:00+00:00,BNBUSDT,0.5094610407033016
2021-12-30 00:00:00+00:00,BNBUSDT,0.4131595755864231
2021-12-31 00:00:00+00:00,BNBUSDT,0.7112159788400974
2022-01-01 00:00:00+00:00,BNBUSDT,0.38600962991768195
2022-01-02 00:00:00+00:00,BNBUSDT,0.37329973937087735
2022-01-03 00:00:00+00:00,BNBUSDT,0.4377010015403503
2022-01-04 00:00:00+00:00,BNBUSDT,0.4364641747631425
2022-01-05 00:00:00+00:00,BNBUSDT,0.7439102262628761
2022-01-06 00:00:00+00:00,BNBUSDT,0.6699112215488571
2022-01-07 00:00:00+00:00,BNBUSDT,1.0460411716546265
2022-01-08 00:00:00+00:00,BNBUSDT,1.1348609022172746
2022-01-09 00:00:00+00:00,BNBUSDT,0.6662960615175682
2022-01-10 00:00:00+00:00,BNBUSDT,0.9980328272694211
2022-01-11 00:00:00+00:00,BNBUSDT,0.7254336310712883
2022-01-12 00:00:00+00:00,BNBUSDT,0.5138887457961834
2022-01-13 00:00:00+00:00,BNBUSDT,0.7266348386247621
2022-01-14 00:00:00+00:00,BNBUSDT,0.6717080289706165
2022-01-15 00:00:00+00:00,BNBUSDT,0.40171153612085136
2022-01-16 00:00:00+00:00,BNBUSDT,0.35143142053697823
2022-01-17 00:00:00+00:00,BNBUSDT,0.5098396097439927
2022-01-18 00:00:00+00:00,BNBUSDT,0.661059244683101
2022-01-19 00:00:00+00:00,BNBUSDT,0.6847526412077412
2022-01-20 00:00:00+00:00,BNBUSDT,0.9614762916292254
2022-01-21 00:00:00+00:00,BNBUSDT,1.6773508207304544
2022-01-22 00:00:00+00:00,BNBUSDT,1.8371428608617384
2022-01-23 00:00:00+00:00,BNBUSDT,1.3787645135543984
2022-01-24 00:00:00+00:00,BNBUSDT,1.5017249999133744
2022-01-25 00:00:00+00:00,BNBUSDT,1.0326387642976715
2022-01-26 00:00:00+00:00,BNBUSDT,1.1246853406357349
2022-01-27 00:00:00+00:00,BNBUSDT,1.3723346726817505
2022-01-28 00:00:00+00:00,BNBUSDT,0.8651668806798527
2022-01-29 00:00:00+00:00,BNBUSDT,0.753462379881201
2022-01-30 00:00:00+00:00,BNBUSDT,0.5075969176630678
2022-01-31 00:00:00+00:00,BNBUSDT,0.7064113002783606
2022-02-01 00:00:00+00:00,BNBUSDT,0.5072940027318112
2022-02-02 00:00:00+00:00,BNBUSDT,0.7011822280485057
2022-02-03 00:00:00+00:00,BNBUSDT,0.7030757716447482
2022-02-04 00:00:00+00:00,BNBUSDT,0.6474613085496679
2022-02-05 00:00:00+00:00,BNBUSDT,1.1144274252557205
2022-02-06 00:00:00+00:00,BNBUSDT,0.6701139966597194
2022-02-07 00:00:00+00:00,BNBUSDT,0.5647442705243894
2022-02-08 00:00:00+00:00,BNBUSDT,0.831319970090381
2022-02-09 00:00:00+00:00,BNBUSDT,0.5349589507389456
2022-02-10 00:00:00+00:00,BNBUSDT,0.9221368137905324
2022-02-11 00:00:00+00:00,BNBUSDT,0.7795614854037574
2022-02-12 00:00:00+00:00,BNBUSDT,0.7167205775580421
2022-02-13 00:00:00+00:00,BNBUSDT,0.42138902521118693
2022-02-14 00:00:00+00:00,BNBUSDT,0.49292432493041616
2022-02-15 00:00:00+00:00,BNBUSDT,0.8737167900714179
2022-02-16 00:00:00+00:00,BNBUSDT,0.34245057917368854
2022-02-17 00:00:00+00:00,BNBUSDT,0.5774061019950762
2022-02-18 00:00:00+00:00,BNBUSDT,0.6248145275792291
2022-02-19 00:00:00+00:00,BNBUSDT,0.5271458133438333
2022-02-20 00:00:00+00:00,BNBUSDT,0.7616461198775096
2022-02-21 00:00:00+00:00,BNBUSDT,1.1805412209443338
2022-02-22 00:00:00+00:00,BNBUSDT,0.7065880430136373
2022-02-23 00:00:00+00:00,BNBUSDT,0.5850768371114802
2022-02-24 00:00:00+00:00,BNBUSDT,1.62578453064073
2022-02-25 00:00:00+00:00,BNBUSDT,0.7351472805816128
2022-02-26 00:00:00+00:00,BNBUSDT,0.529753106769609
2022-02-27 00:00:00+00:00,BNBUSDT,0.9380850584799632
2022-02-28 00:00:00+00:00,BNBUSDT,0.8931327276777951
2022-03-01 00:00:00+00:00,BNBUSDT,1.1062302475079875
2022-03-02 00:00:00+00:00,BNBUSDT,0.7034755964372325
2022-03-03 00:00:00+00:00,BNBUSDT,0.5322053389853199
2022-03-04 00:00:00+00:00,BNBUSDT,0.6597129837300613
2022-03-05 00:00:00+00:00,BNBUSDT,0.5290118872155801
2022-03-06 00:00:00+00:00,BNBUSDT,0.598054478989966
2022-03-07 00:00:00+00:00,BNBUSDT,1.0692277858655603
2022-03-08 00:00:00+00:00,BNBUSDT,0.4539449081685425
2022-03-09 00:00:00+00:00,BNBUSDT,0.6181735544953003
2022-03-10 00:00:00+00:00,BNBUSDT,0.7126368597022393
2022-03-11 00:00:00+00:00,BNBUSDT,0.5966527108015851
2022-03-12 00:00:00+00:00,BNBUSDT,0.37955801913845155
2022-03-13 00:00:00+00:00,BNBUSDT,0.5636466575905326
2022-03-14 00:00:00+00:00,BNBUSDT,0.3883946940064535
2022-03-15 00:00:00+00:00,BNBUSDT,0.4099902992742312
2022-03-16 00:00:00+00:00,BNBUSDT,0.7925200345751834
2022-03-17 00:00:00+00:00,BNBUSDT,0.4936854865401425
2022-03-18 00:00:00+00:00,BNBUSDT,0.5009315913891098
2022-03-19 00:00:00+00:00,BNBUSDT,0.3946236188970445
2022-03-20 00:00:00+00:00,BNBUSDT,0.35559860299520485
2022-03-21 00:00:00+00:00,BNBUSDT,0.3656338454221229
2022-03-22 00:00:00+00:00,BNBUSDT,0.45366739636592257
2022-03-23 00:00:00+00:00,BNBUSDT,0.43613285088851367
2022-03-24 00:00:00+00:00,BNBUSDT,0.4152060950106084
2022-03-25 00:00:00+00:00,BNBUSDT,0.5149637829782103
2022-03-26 00:00:00+00:00,BNBUSDT,0.24004096370433653
2022-03-27 00:00:00+00:00,BNBUSDT,0.4225048854372312
2022-03-28 00:00:00+00:00,BNBUSDT,0.548443169517101
2022-03-29 00:00:00+00:00,BNBUSDT,0.41313424433022106
2022-03-30 00:00:00+00:00,BNBUSDT,0.580240494303131
2022-03-31 00:00:00+00:00,BNBUSDT,0.8169077865604267
2022-04-01 00:00:00+00:00,BNBUSDT,0.6851424445749076
2022-04-02 00:00:00+00:00,BNBUSDT,0.4826855699238081
2022-04-03 00:00:00+00:00,BNBUSDT,0.4088378318347442
2022-04-04 00:00:00+00:00,BNBUSDT,0.608245147151828
2022-04-05 00:00:00+00:00,BNBUSDT,0.4797021283831209
2022-04-06 00:00:00+00:00,BNBUSDT,0.5672535831365653
2022-04-07 00:00:00+00:00,BNBUSDT,0.5138155354419588
2022-04-08 00:00:00+00:00,BNBUSDT,0.5867006361154213
2022-04-09 00:00:00+00:00,BNBUSDT,0.4457163894095971
2022-04-10 00:00:00+00:00,BNBUSDT,0.3736389587497691
2022-04-11 00:00:00+00:00,BNBUSDT,0.684743753098073
2022-04-12 00:00:00+00:00,BNBUSDT,0.6374235750158164
2022-04-13 00:00:00+00:00,BNBUSDT,0.6534780668099107
2022-04-14 00:00:00+00:00,BNBUSDT,0.5045309239320288
2022-04-15 00:00:00+00:00,BNBUSDT,0.2970986931210432
2022-04-16 00:00:00+00:00,BNBUSDT,0.25727954178869766
2022-04-17 00:00:00+00:00,BNBUSDT,0.39482832312737703
2022-04-18 00:00:00+00:00,BNBUSDT,0.6959223114418979
2022-04-19 00:00:00+00:00,BNBUSDT,0.37791810034088524
2022-04-20 00:00:00+00:00,BNBUSDT,0.5126936816402387
2022-04-21 00:00:00+00:00,BNBUSDT,0.45338864925108635
2022-04-22 00:00:00+00:00,BNBUSDT,0.35410825475495333
2022-04-23 00:00:00+00:00,BNBUSDT,0.31547432521400215
2022-04-24 00:00:00+00:00,BNBUSDT,0.29881855624470627
2022-04-25 00:00:00+00:00,BNBUSDT,0.6806316929959154
2022-04-26 00:00:00+00:00,BNBUSDT,0.4153121112413385
2022-04-27 00:00:00+00:00,BNBUSDT,0.5510551468674032
2022-04-28 00:00:00+00:00,BNBUSDT,0.6973873430298654
2022-04-29 00:00:00+00:00,BNBUSDT,0.5353198632303438
2022-04-30 00:00:00+00:00,BNBUSDT,0.5812088665104134
2022-05-01 00:00:00+00:00,BNBUSDT,0.5594602997758822
2022-05-02 00:00:00+00:00,BNBUSDT,0.47185161247090696
2022-05-03 00:00:00+00:00,BNBUSDT,0.2941937328581963
2022-05-04 00:00:00+00:00,BNBUSDT,0.4595227418215163
2022-05-05 00:00:00+00:00,BNBUSDT,0.9793027293198608
2022-05-06 00:00:00+00:00,BNBUSDT,0.48559765187280585
2022-05-07 00:00:00+00:00,BNBUSDT,0.7442237635041223
2022-05-08 00:00:00+00:00,BNBUSDT,0.5220062405850341
2022-05-09 00:00:00+00:00,BNBUSDT,1.4943567853310233
2022-05-10 00:00:00+00:00,BNBUSDT,1.6452775065422607
2022-05-11 00:00:00+00:00,BNBUSDT,3.1241014068775783
2022-05-12 00:00:00+00:00,BNBUSDT,3.1626226445377577
2022-05-13 00:00:00+00:00,BNBUSDT,1.8711890730493594
2022-05-14 00:00:00+00:00,BNBUSDT,1.3623132539952463
2022-05-15 00:00:00+00:00,BNBUSDT,0.8195826269724457
2022-05-16 00:00:00+00:00,BNBUSDT,1.085132448894601
2022-05-17 00:00:00+00:00,BNBUSDT,0.7735517857298789
2022-05-18 00:00:00+00:00,BNBUSDT,0.7472404361478976
2022-05-19 00:00:00+00:00,BNBUSDT,0.7940554981081563
2022-05-20 00:00:00+00:00,BNBUSDT,0.9828802678890511
2022-05-21 00:00:00+00:00,BNBUSDT,0.3605256114688215
2022-05-22 00:00:00+00:00,BNBUSDT,0.5220569075817673
2022-05-23 00:00:00+00:00,BNBUSDT,0.778404514273269
2022-05-24 00:00:00+00:00,BNBUSDT,0.9595434501697838
2022-05-25 00:00:00+00:00,BNBUSDT,0.6914614101223351
2022-05-26 00:00:00+00:00,BNBUSDT,1.1817027408572938
2022-05-27 00:00:00+00:00,BNBUSDT,0.9273800658254184
2022-05-28 00:00:00+00:00,BNBUSDT,0.574060699745081
2022-05-29 00:00:00+00:00,BNBUSDT,0.4148475178482669
2022-05-30 00:00:00+00:00,BNBUSDT,0.7219314266676653
2022-05-31 00:00:00+00:00,BNBUSDT,0.5399218385966098
2022-06-01 00:00:00+00:00,BNBUSDT,0.7783830331370367
2022-06-02 00:00:00+00:00,BNBUSDT,0.38100106424229685
2022-06-03 00:00:00+00:00,BNBUSDT,0.5296129878656993
2022-06-04 00:00:00+00:00,BNBUSDT,0.3607235370309784
2022-06-05 00:00:00+00:00,BNBUSDT,0.3935751394580097
2022-06-06 00:00:00+00:00,BNBUSDT,0.8044499245487944
2022-06-07 00:00:00+00:00,BNBUSDT,1.030254285406859
2022-06-08 00:00:00+00:00,BNBUSDT,0.7027792205893842
2022-06-09 00:00:00+00:00,BNBUSDT,0.3682124281927312
2022-06-10 00:00:00+00:00,BNBUSDT,0.7515972354551372
2022-06-11 00:00:00+00:00,BNBUSDT,0.9210398374225255
2022-06-12 00:00:00+00:00,BNBUSDT,1.2118726250055893
2022-06-13 00:00:00+00:00,BNBUSDT,1.7988484896085648
2022-06-14 00:00:00+00:00,BNBUSDT,2.1915707964342377
2022-06-15 00:00:00+00:00,BNBUSDT,1.9234454168446329
2022-06-16 00:00:00+00:00,BNBUSDT,0.8368028075904711
2022-06-17 00:00:00+00:00,BNBUSDT,0.9924326516715687
2022-06-18 00:00:00+00:00,BNBUSDT,1.4386890094608265
2022-06-19 00:00:00+00:00,BNBUSDT,1.4907218378203624
2022-06-20 00:00:00+00:00,BNBUSDT,1.0660962589546539
2022-06-21 00:00:00+00:00,BNBUSDT,1.0372863927506535
2022-06-22 00:00:00+00:00,BNBUSDT,0.8827593724882102
2022-06-23 00:00:00+00:00,BNBUSDT,1.0511160235050516
2022-06-24 00:00:00+00:00,BNBUSDT,0.6371507793899066
2022-06-25 00:00:00+00:00,BNBUSDT,0.8333846731311182
2022-06-26 00:00:00+00:00,BNBUSDT,0.6282289036765895
2022-06-27 00:00:00+00:00,BNBUSDT,0.6834190163894799
2022-06-28 00:00:00+00:00,BNBUSDT,0.7482444019681809
2022-06-29 00:00:00+00:00,BNBUSDT,0.7472579470643336
2022-06-30 00:00:00+00:00,BNBUSDT,1.0141090882366872
2022-07-01 00:00:00+00:00,BNBUSDT,0.8777472075349128
2022-07-02 00:00:00+00:00,BNBUSDT,0.367261746199496
2022-07-03 00:00:00+00:00,BNBUSDT,0.4464457105602968
2022-07-04 00:00:00+00:00,BNBUSDT,0.5799289142285786
2022-07-05 00:00:00+00:00,BNBUSDT,0.7282786691162101
2022-07-06 00:00:00+00:00,BNBUSDT,0.5517749625699444
2022-07-07 00:00:00+00:00,BNBUSDT,0.5937932655786965
2022-07-08 00:00:00+00:00,BNBUSDT,0.6094117860598844
2022-07-09 00:00:00+00:00,BNBUSDT,0.35470071992564367
2022-07-10 00:00:00+00:00,BNBUSDT,0.5755640885604126
2022-07-11 00:00:00+00:00,BNBUSDT,0.6023043356397165
2022-07-12 00:00:00+00:00,BNBUSDT,0.5339124221361043
2022-07-13 00:00:00+00:00,BNBUSDT,0.9890462489853918
2022-07-14 00:00:00+00:00,BNBUSDT,0.8180518940304077
2022-07-15 00:00:00+00:00,BNBUSDT,0.6985496342959437
2022-07-16 00:00:00+00:00,BNBUSDT,0.6889218763458252
2022-07-17 00:00:00+00:00,BNBUSDT,0.7821970268138251
2022-07-18 00:00:00+00:00,BNBUSDT,0.7500479566526864
2022-07-19 00:00:00+00:00,BNBUSDT,0.7323842873183452
2022-07-20 00:00:00+00:00,BNBUSDT,0.8477042983802979
2022-07-21 00:00:00+00:00,BNBUSDT,0.7318534634740247
2022-07-22 00:00:00+00:00,BNBUSDT,0.6534479348781833
2022-07-23 00:00:00+00:00,BNBUSDT,0.9281100579747129
2022-07-24 00:00:00+00:00,BNBUSDT,0.5554579298605693
2022-07-25 00:00:00+00:00,BNBUSDT,0.6833454153089344
2022-07-26 00:00:00+00:00,BNBUSDT,0.5508683887529768
2022-07-27 00:00:00+00:00,BNBUSDT,0.8897458456087624
2022-07-28 00:00:00+00:00,BNBUSDT,0.9035090118227238
2022-07-29 00:00:00+00:00,BNBUSDT,1.178372082011946
2022-07-30 00:00:00+00:00,BNBUSDT,0.8439820936019624
2022-07-31 00:00:00+00:00,BNBUSDT,0.5527416787015811
2022-08-01 00:00:00+00:00,BNBUSDT,0.6917611132149014
2022-08-02 00:00:00+00:00,BNBUSDT,0.7541794388576589
2022-08-03 00:00:00+00:00,BNBUSDT,0.7319256801269156
2022-08-04 00:00:00+00:00,BNBUSDT,0.8893805540292463
2022-08-05 00:00:00+00:00,BNBUSDT,0.723074062517596
2022-08-06 00:00:00+00:00,BNBUSDT,0.4519414448234654
2022-08-07 00:00:00+00:00,BNBUSDT,0.5162898992441742
2022-08-08 00:00:00+00:00,BNBUSDT,0.6195225573222416
2022-08-09 00:00:00+00:00,BNBUSDT,0.5919689067876973
2022-08-10 00:00:00+00:00,BNBUSDT,1.0868884052731902
2022-08-11 00:00:00+00:00,BNBUSDT,0.5815341554759679
2022-08-12 00:00:00+00:00,BNBUSDT,0.6124603458701823
2022-08-13 00:00:00+00:00,BNBUSDT,0.44980844503740264
2022-08-14 00:00:00+00:00,BNBUSDT,0.5000308080479051
2022-08-15 00:00:00+00:00,BNBUSDT,0.6461988191514942
2022-08-16 00:00:00+00:00,BNBUSDT,0.3654495587134392
2022-08-17 00:00:00+00:00,BNBUSDT,0.607816561608218
2022-08-18 00:00:00+00:00,BNBUSDT,0.5035266618384582
2022-08-19 00:00:00+00:00,BNBUSDT,1.0363485566751673
2022-08-20 00:00:00+00:00,BNBUSDT,0.681973992645138
2022-08-21 00:00:00+00:00,BNBUSDT,0.5346946173925958
2022-08-22 00:00:00+00:00,BNBUSDT,0.6913039227297927
2022-08-23 00:00:00+00:00,BNBUSDT,0.538418140003824
2022-08-24 00:00:00+00:00,BNBUSDT,0.4171634615889193
2022-08-25 00:00:00+00:00,BNBUSDT,0.5211684598538286
2022-08-26 00:00:00+00:00,BNBUSDT,0.7372785362878352
2022-08-27 00:00:00+00:00,BNBUSDT,0.4764170627429423
2022-08-28 00:00:00+00:00,BNBUSDT,0.41088808996817316
2022-08-29 00:00:00+00:00,BNBUSDT,0.5607662509771195
2022-08-30 00:00:00+00:00,BNBUSDT,0.7073643812147433
2022-08-31 00:00:00+00:00,BNBUSDT,0.5266769094573202
2022-09-01 00:00:00+00:00,BNBUSDT,0.5145601402537198
2022-09-02 00:00:00+00:00,BNBUSDT,0.46457411439062507
2022-09-03 00:00:00+00:00,BNBUSDT,0.2052454385143064
2022-09-04 00:00:00+00:00,BNBUSDT,0.3255809033918287
2022-09-05 00:00:00+00:00,BNBUSDT,0.3327691354259904
2022-09-06 00:00:00+00:00,BNBUSDT,1.0960861034661278
2022-09-07 00:00:00+00:00,BNBUSDT,0.5840495510879649
2022-09-08 00:00:00+00:00,BNBUSDT,0.42350883319566346
2022-09-09 00:00:00+00:00,BNBUSDT,0.5478201345868764
2022-09-10 00:00:00+00:00,BNBUSDT,0.4735256438280757
2022-09-11 00:00:00+00:00,BNBUSDT,0.3916964369867961
2022-09-12 00:00:00+00:00,BNBUSDT,0.5918915423971856
2022-09-13 00:00:00+00:00,BNBUSDT,0.9483889951802856
2022-09-14 00:00:00+00:00,BNBUSDT,0.4030532721031517
2022-09-15 00:00:00+00:00,BNBUSDT,0.5645910634859729
2022-09-16 00:00:00+00:00,BNBUSDT,0.5167467559483205
2022-09-17 00:00:00+00:00,BNBUSDT,0.3197357904631115
2022-09-18 00:00:00+00:00,BNBUSDT,0.5577286385751289
2022-09-19 00:00:00+00:00,BNBUSDT,0.733834203678766
2022-09-20 00:00:00+00:00,BNBUSDT,0.511590548091151
2022-09-21 00:00:00+00:00,BNBUSDT,0.8173031618055602
2022-09-22 00:00:00+00:00,BNBUSDT,0.42913805047501635
2022-09-23 00:00:00+00:00,BNBUSDT,0.5089565434228519
2022-09-24 00:00:00+00:00,BNBUSDT,0.48496590739813916
2022-09-25 00:00:00+00:00,BNBUSDT,0.3778381388848692
2022-09-26 00:00:00+00:00,BNBUSDT,0.48643111254692795
2022-09-27 00:00:00+00:00,BNBUSDT,0.6719503273905302
2022-09-28 00:00:00+00:00,BNBUSDT,0.578140129055487
2022-09-29 00:00:00+00:00,BNBUSDT,0.44451776357562783
2022-09-30 00:00:00+00:00,BNBUSDT,0.5488319010247344
2022-10-01 00:00:00+00:00,BNBUSDT,0.34293663237127286
2022-10-02 00:00:00+00:00,BNBUSDT,0.3224467608713203
2022-10-03 00:00:00+00:00,BNBUSDT,0.3353384127146474
2022-10-04 00:00:00+00:00,BNBUSDT,0.3740867819203
2022-10-05 00:00:00+00:00,BNBUSDT,0.30565058703798487
2022-10-06 00:00:00+00:00,BNBUSDT,0.8445778742683737
2022-10-07 00:00:00+00:00,BNBUSDT,0.3982380361999376
2022-10-08 00:00:00+00:00,BNBUSDT,0.33137640011067077
2022-10-09 00:00:00+00:00,BNBUSDT,0.1850780508413084
2022-10-10 00:00:00+00:00,BNBUSDT,0.38185613031360016
2022-10-11 00:00:00+00:00,BNBUSDT,0.3479500292707249
2022-10-12 00:00:00+00:00,BNBUSDT,0.23990948498027034
2022-10-13 00:00:00+00:00,BNBUSDT,0.6253582597891532
2022-10-14 00:00:00+00:00,BNBUSDT,0.3976179960232378
2022-10-15 00:00:00+00:00,BNBUSDT,0.24701162833927442
2022-10-16 00:00:00+00:00,BNBUSDT,0.3461458158775675
2022-10-17 00:00:00+00:00,BNBUSDT,0.1979466026397769
2022-10-18 00:00:00+00:00,BNBUSDT,0.3572330151872961
2022-10-19 00:00:00+00:00,BNBUSDT,0.2787027748638508
2022-10-20 00:00:00+00:00,BNBUSDT,0.316555452605647
2022-10-21 00:00:00+00:00,BNBUSDT,0.33385804061665875
2022-10-22 00:00:00+00:00,BNBUSDT,0.13633338465641393
2022-10-23 00:00:00+00:00,BNBUSDT,0.21293177235415622
2022-10-24 00:00:00+00:00,BNBUSDT,0.19540398036766074
2022-10-25 00:00:00+00:00,BNBUSDT,0.5061904599391512
2022-10-26 00:00:00+00:00,BNBUSDT,0.3511539098894469
2022-10-27 00:00:00+00:00,BNBUSDT,0.36096554733322056
2022-10-28 00:00:00+00:00,BNBUSDT,0.3828021483525447
2022-10-29 00:00:00+00:00,BNBUSDT,0.7090143269138278
2022-10-30 00:00:00+00:00,BNBUSDT,0.6996983391718108
2022-10-31 00:00:00+00:00,BNBUSDT,1.265052556799745
2022-11-01 00:00:00+00:00,BNBUSDT,0.6560909624417265
2022-11-02 00:00:00+00:00,BNBUSDT,0.7701174253620562
2022-11-03 00:00:00+00:00,BNBUSDT,0.8010581073548958
2022-11-04 00:00:00+00:00,BNBUSDT,1.1072946007768683
2022-11-05 00:00:00+00:00,BNBUSDT,0.5736989964689242
2022-11-06 00:00:00+00:00,BNBUSDT,0.7875131654830339
2022-11-07 00:00:00+00:00,BNBUSDT,1.0837205704005128
2022-11-08 00:00:00+00:00,BNBUSDT,3.841916647165792
2022-11-09 00:00:00+00:00,BNBUSDT,1.722089988099809
2022-11-10 00:00:00+00:00,BNBUSDT,1.9689139829597242
2022-11-11 00:00:00+00:00,BNBUSDT,0.9326108082281076
2022-11-12 00:00:00+00:00,BNBUSDT,1.392191634901829
2022-11-13 00:00:00+00:00,BNBUSDT,0.5312077194124621
2022-11-14 00:00:00+00:00,BNBUSDT,1.1416634065591962
2022-11-15 00:00:00+00:00,BNBUSDT,0.5738223563104358
2022-11-16 00:00:00+00:00,BNBUSDT,0.4503190029757216
2022-11-17 00:00:00+00:00,BNBUSDT,0.5149515517341348
2022-11-18 00:00:00+00:00,BNBUSDT,0.3549476627816873
2022-11-19 00:00:00+00:00,BNBUSDT,0.24964516921031255
2022-11-20 00:00:00+00:00,BNBUSDT,0.5587146525729246
2022-11-21 00:00:00+00:00,BNBUSDT,0.6538067043486506
2022-11-22 00:00:00+00:00,BNBUSDT,0.7082574723847124
2022-11-23 00:00:00+00:00,BNBUSDT,1.5316275852759949
2022-11-24 00:00:00+00:00,BNBUSDT,0.6108474293668806
2022-11-25 00:00:00+00:00,BNBUSDT,0.4232173098756271
2022-11-26 00:00:00+00:00,BNBUSDT,0.49567323588548323
2022-11-27 00:00:00+00:00,BNBUSDT,0.5449385925783797
2022-11-28 00:00:00+00:00,BNBUSDT,1.3854257670380197
2022-11-29 00:00:00+00:00,BNBUSDT,0.6139622356302389
2022-11-30 00:00:00+00:00,BNBUSDT,0.821435141123306
2022-12-01 00:00:00+00:00,BNBUSDT,0.492671935239254
2022-12-02 00:00:00+00:00,BNBUSDT,0.3760153374607178
2022-12-03 00:00:00+00:00,BNBUSDT,0.28538410434513073
2022-12-04 00:00:00+00:00,BNBUSDT,0.23875382849965185
2022-12-05 00:00:00+00:00,BNBUSDT,0.41896240769040294
2022-12-06 00:00:00+00:00,BNBUSDT,0.19537292769006673
2022-12-07 00:00:00+00:00,BNBUSDT,0.401454706020035
2022-12-08 00:00:00+00:00,BNBUSDT,0.29442504322017327
2022-12-09 00:00:00+00:00,BNBUSDT,0.23677131213984165
2022-12-10 00:00:00+00:00,BNBUSDT,0.15746540155542396
2022-12-11 00:00:00+00:00,BNBUSDT,0.2757766928209922
2022-12-12 00:00:00+00:00,BNBUSDT,0.6259093204721022
2022-12-13 00:00:00+00:00,BNBUSDT,1.3217979682784142
2022-12-14 00:00:00+00:00,BNBUSDT,0.5446716645092926
2022-12-15 00:00:00+00:00,BNBUSDT,0.48451637907678363
2022-12-16 00:00:00+00:00,BNBUSDT,1.3774328292014821
2022-12-17 00:00:00+00:00,BNBUSDT,1.064377959478528
2022-12-18 00:00:00+00:00,BNBUSDT,0.6590160159802163
2022-12-19 00:00:00+00:00,BNBUSDT,0.5327973766696892
2022-12-20 00:00:00+00:00,BNBUSDT,0.4175074531087553
2022-12-21 00:00:00+00:00,BNBUSDT,0.309382208609205
2022-12-22 00:00:00+00:00,BNBUSDT,0.42312470832064075
2022-12-23 00:00:00+00:00,BNBUSDT,0.2956122841588207
2022-12-24 00:00:00+00:00,BNBUSDT,0.13718948177744827
2022-12-25 00:00:00+00:00,BNBUSDT,0.24629275675053033
2022-12-26 00:00:00+00:00,BNBUSDT,0.2275564563968173
2022-12-27 00:00:00+00:00,BNBUSDT,0.2705281394606874
2022-12-28 00:00:00+00:00,BNBUSDT,0.3551143137575905
2022-12-29 00:00:00+00:00,BNBUSDT,0.19546618478206806
2022-12-30 00:00:00+00:00,BNBUSDT,0.21195988599862284
2022-12-31 00:00:00+00:00,BNBUSDT,0.15738909415800925
2023-01-01 00:00:00+00:00,BNBUSDT,0.1974675622623853
2023-01-02 00:00:00+00:00,BNBUSDT,0.339337509263101
2023-01-03 00:00:00+00:00,BNBUSDT,0.1808960439755405
2023-01-04 00:00:00+00:00,BNBUSDT,0.6749034881534532
2023-01-05 00:00:00+00:00,BNBUSDT,0.22620430520071555
2023-01-06 00:00:00+00:00,BNBUSDT,0.3318558351912888
2023-01-07 00:00:00+00:00,BNBUSDT,0.30345353364330807
2023-01-08 00:00:00+00:00,BNBUSDT,0.4635127556507917
2023-01-09 00:00:00+00:00,BNBUSDT,0.5982966009875081
2023-01-10 00:00:00+00:00,BNBUSDT,0.4197951723349825
2023-01-11 00:00:00+00:00,BNBUSDT,0.4216062197445022
2023-01-12 00:00:00+00:00,BNBUSDT,0.6802428110255384
2023-01-13 00:00:00+00:00,BNBUSDT,0.42748191836987265
2023-01-14 00:00:00+00:00,BNBUSDT,1.0488504199796496
2023-01-15 00:00:00+00:00,BNBUSDT,0.4810067179047446
2023-01-16 00:00:00+00:00,BNBUSDT,0.48435754982590806
2023-01-17 00:00:00+00:00,BNBUSDT,0.37735012086883474
2023-01-18 00:00:00+00:00,BNBUSDT,0.8039296519697583
2023-01-19 00:00:00+00:00,BNBUSDT,0.3177965026411217
2023-01-20 00:00:00+00:00,BNBUSDT,0.6664093271315291
2023-01-21 00:00:00+00:00,BNBUSDT,0.5930493097169198
2023-01-22 00:00:00+00:00,BNBUSDT,0.6805778378001748
2023-01-23 00:00:00+00:00,BNBUSDT,0.46399487138995754
2023-01-24 00:00:00+00:00,BNBUSDT,0.8287675317565983
2023-01-25 00:00:00+00:00,BNBUSDT,0.744440388214363
2023-01-26 00:00:00+00:00,BNBUSDT,0.42846089573614343
2023-01-27 00:00:00+00:00,BNBUSDT,0.4100434111140754
2023-01-28 00:00:00+00:00,BNBUSDT,0.37307634950554797
2023-01-29 00:00:00+00:00,BNBUSDT,0.4396252844214762
2023-01-30 00:00:00+00:00,BNBUSDT,0.5875379696930918
2023-01-31 00:00:00+00:00,BNBUSDT,0.4214336909751475
2023-02-01 00:00:00+00:00,BNBUSDT,0.5254889849311027
2023-02-02 00:00:00+00:00,BNBUSDT,0.8747651788879448
2023-02-03 00:00:00+00:00,BNBUSDT,0.6181050115493479
2023-02-04 00:00:00+00:00,BNBUSDT,0.22759063498067567
2023-02-05 00:00:00+00:00,BNBUSDT,0.5176548950144599
2023-02-06 00:00:00+00:00,BNBUSDT,0.4368001774619774
2023-02-07 00:00:00+00:00,BNBUSDT,0.4120250768873071
2023-02-08 00:00:00+00:00,BNBUSDT,0.4001563662374744
2023-02-09 00:00:00+00:00,BNBUSDT,0.589179629954275
2023-02-10 00:00:00+00:00,BNBUSDT,0.3800974459407032
2023-02-11 00:00:00+00:00,BNBUSDT,0.27836213655126885
2023-02-12 00:00:00+00:00,BNBUSDT,0.6239175007039134
2023-02-13 00:00:00+00:00,BNBUSDT,1.1421800660334607
2023-02-14 00:00:00+00:00,BNBUSDT,0.5657780635960551
2023-02-15 00:00:00+00:00,BNBUSDT,0.568100582124009
2023-02-16 00:00:00+00:00,BNBUSDT,0.8306877913896141
2023-02-17 00:00:00+00:00,BNBUSDT,0.43107956181209467
2023-02-18 00:00:00+00:00,BNBUSDT,0.30995106950568757
2023-02-19 00:00:00+00:00,BNBUSDT,0.4031259628322177
2023-02-20 00:00:00+00:00,BNBUSDT,0.34489391595027774
2023-02-21 00:00:00+00:00,BNBUSDT,0.4079219872981215
2023-02-22 00:00:00+00:00,BNBUSDT,0.454107793115975
2023-02-23 00:00:00+00:00,BNBUSDT,0.47179224495303645
2023-02-24 00:00:00+00:00,BNBUSDT,0.4667131196026338
2023-02-25 00:00:00+00:00,BNBUSDT,0.3602855551984429
2023-02-26 00:00:00+00:00,BNBUSDT,0.2664757667931269
2023-02-27 00:00:00+00:00,BNBUSDT,0.3602528025728147
2023-02-28 00:00:00+00:00,BNBUSDT,0.31204165103489745
2023-03-01 00:00:00+00:00,BNBUSDT,0.30459703249441306
2023-03-02 00:00:00+00:00,BNBUSDT,0.32322455238844466
2023-03-03 00:00:00+00:00,BNBUSDT,0.8022960912073499
2023-03-04 00:00:00+00:00,BNBUSDT,0.27687229740436536
2023-03-05 00:00:00+00:00,BNBUSDT,0.32564253997252335
2023-03-06 00:00:00+00:00,BNBUSDT,0.2627737742038264
2023-03-07 00:00:00+00:00,BNBUSDT,0.32318748726765617
2023-03-08 00:00:00+00:00,BNBUSDT,0.6062924326210032
2023-03-09 00:00:00+00:00,BNBUSDT,0.8005750191343898
2023-03-10 00:00:00+00:00,BNBUSDT,0.7264666096278399
2023-03-11 00:00:00+00:00,BNBUSDT,0.641232958618271
2023-03-12 00:00:00+00:00,BNBUSDT,0.5655442899009031
2023-03-13 00:00:00+00:00,BNBUSDT,1.2501619558266492
2023-03-14 00:00:00+00:00,BNBUSDT,0.7449780908212681
2023-03-15 00:00:00+00:00,BNBUSDT,0.5469273448550989
2023-03-16 00:00:00+00:00,BNBUSDT,1.3167415436344083
2023-03-17 00:00:00+00:00,BNBUSDT,0.6260869883353175
2023-03-18 00:00:00+00:00,BNBUSDT,0.7026454488377991
2023-03-19 00:00:00+00:00,BNBUSDT,0.4646586624759738
2023-03-20 00:00:00+00:00,BNBUSDT,0.5435260324571991
2023-03-21 00:00:00+00:00,BNBUSDT,0.45876153321409924
2023-03-22 00:00:00+00:00,BNBUSDT,0.8915360116025647
2023-03-23 00:00:00+00:00,BNBUSDT,0.4743213125460413
2023-03-24 00:00:00+00:00,BNBUSDT,
2023-03-25 00:00:00+00:00,BNBUSDT,0.26011312086056904
2023-03-26 00:00:00+00:00,BNBUSDT,0.258372968461881
2023-03-27 00:00:00+00:00,BNBUSDT,0.7449871798369612
2023-03-28 00:00:00+00:00,BNBUSDT,0.5234665810442899
2023-03-29 00:00:00+00:00,BNBUSDT,0.40828225481715485
2023-03-30 00:00:00+00:00,BNBUSDT,0.445253795966791
2023-03-31 00:00:00+00:00,BNBUSDT,0.3425744123449952
2023-04-01 00:00:00+00:00,BNBUSDT,0.2207242936815021
2023-04-02 00:00:00+00:00,BNBUSDT,0.18930206698511395
2023-04-03 00:00:00+00:00,BNBUSDT,0.810799874392064
2023-04-04 00:00:00+00:00,BNBUSDT,0.16720927494441615
2023-04-05 00:00:00+00:00,BNBUSDT,0.3079931855522805
2023-04-06 00:00:00+00:00,BNBUSDT,0.21979868049698154
2023-04-07 00:00:00+00:00,BNBUSDT,0.12978370201930636
2023-04-08 00:00:00+00:00,BNBUSDT,0.12321121048920905
2023-04-09 00:00:00+00:00,BNBUSDT,0.12259517145785616
2023-04-10 00:00:00+00:00,BNBUSDT,0.277216620071722
2023-04-11 00:00:00+00:00,BNBUSDT,0.6420161350820507
2023-04-12 00:00:00+00:00,BNBUSDT,0.3266809318790674
2023-04-13 00:00:00+00:00,BNBUSDT,0.3079969518680626
2023-04-14 00:00:00+00:00,BNBUSDT,0.5103387518761023
2023-04-15 00:00:00+00:00,BNBUSDT,0.309976714805466
2023-04-16 00:00:00+00:00,BNBUSDT,0.491784100516907
2023-04-17 00:00:00+00:00,BNBUSDT,0.48621839084511664
2023-04-18 00:00:00+00:00,BNBUSDT,0.36580121057262777
2023-04-19 00:00:00+00:00,BNBUSDT,0.6598164876749844
2023-04-20 00:00:00+00:00,BNBUSDT,0.4832054579501833
2023-04-21 00:00:00+00:00,BNBUSDT,1.0208949170197794
2023-04-22 00:00:00+00:00,BNBUSDT,0.30634903690747123
2023-04-23 00:00:00+00:00,BNBUSDT,0.2603044397741621
2023-04-24 00:00:00+00:00,BNBUSDT,0.3323163820210918
2023-04-25 00:00:00+00:00,BNBUSDT,0.27704138931356037
2023-04-26 00:00:00+00:00,BNBUSDT,0.9454950501309832
2023-04-27 00:00:00+00:00,BNBUSDT,0.46006536527807257
2023-04-28 00:00:00+00:00,BNBUSDT,0.38389775207662963
2023-04-29 00:00:00+00:00,BNBUSDT,0.2268152426885857
2023-04-30 00:00:00+00:00,BNBUSDT,0.5876752225076399
2023-05-01 00:00:00+00:00,BNBUSDT,0.4545792339555414
2023-05-02 00:00:00+00:00,BNBUSDT,0.2873161124687124
2023-05-03 00:00:00+00:00,BNBUSDT,0.3235725021186125
2023-05-04 00:00:00+00:00,BNBUSDT,0.19760928274409462
2023-05-05 00:00:00+00:00,BNBUSDT,0.2087374766265659
2023-05-06 00:00:00+00:00,BNBUSDT,0.27075913564970794
2023-05-07 00:00:00+00:00,BNBUSDT,0.18825134916494016
2023-05-08 00:00:00+00:00,BNBUSDT,0.41218699833634237
2023-05-09 00:00:00+00:00,BNBUSDT,0.2867452818765782
2023-05-10 00:00:00+00:00,BNBUSDT,0.4519139899428011
2023-05-11 00:00:00+00:00,BNBUSDT,0.2747689796853067
2023-05-12 00:00:00+00:00,BNBUSDT,0.4174769134459796
2023-05-13 00:00:00+00:00,BNBUSDT,0.1633141258702303
2023-05-14 00:00:00+00:00,BNBUSDT,0.2023981991262311
2023-05-15 00:00:00+00:00,BNBUSDT,0.25520907909344065
2023-05-16 00:00:00+00:00,BNBUSDT,0.1852830829842915
2023-05-17 00:00:00+00:00,BNBUSDT,0.2667305936558271
2023-05-18 00:00:00+00:00,BNBUSDT,0.3475395882224712
2023-05-19 00:00:00+00:00,BNBUSDT,0.16683000107045004
2023-05-20 00:00:00+00:00,BNBUSDT,0.1333037963768752
2023-05-21 00:00:00+00:00,BNBUSDT,0.14161258887034806
2023-05-22 00:00:00+00:00,BNBUSDT,0.1689918746043409
2023-05-23 00:00:00+00:00,BNBUSDT,0.259814087795666
2023-05-24 00:00:00+00:00,BNBUSDT,0.31725820963469326
2023-05-25 00:00:00+00:00,BNBUSDT,0.16802974631279785
2023-05-26 00:00:00+00:00,BNBUSDT,0.3443433505370584
2023-05-27 00:00:00+00:00,BNBUSDT,0.15222667829721095
2023-05-28 00:00:00+00:00,BNBUSDT,0.25315076409541437
2023-05-29 00:00:00+00:00,BNBUSDT,0.25234140162060986
2023-05-30 00:00:00+00:00,BNBUSDT,0.16900949642764887
2023-05-31 00:00:00+00:00,BNBUSDT,0.29970300477613826
2023-06-01 00:00:00+00:00,BNBUSDT,0.26380834804310305
2023-06-02 00:00:00+00:00,BNBUSDT,0.20002183597306292
2023-06-03 00:00:00+00:00,BNBUSDT,0.14889903837979965
2023-06-04 00:00:00+00:00,BNBUSDT,0.13617182631814112
2023-06-05 00:00:00+00:00,BNBUSDT,1.6576862584260117
2023-06-06 00:00:00+00:00,BNBUSDT,0.6441679849939258
2023-06-07 00:00:00+00:00,BNBUSDT,1.1750769333334732
2023-06-08 00:00:00+00:00,BNBUSDT,0.5052532979806662
2023-06-09 00:00:00+00:00,BNBUSDT,0.5083101270687553
2023-06-10 00:00:00+00:00,BNBUSDT,1.2950220996904809
2023-06-11 00:00:00+00:00,BNBUSDT,0.3424545842414349
2023-06-12 00:00:00+00:00,BNBUSDT,1.2384770171966573
2023-06-13 00:00:00+00:00,BNBUSDT,0.9132965444521665
2023-06-14 00:00:00+00:00,BNBUSDT,1.1567289612478304
2023-06-15 00:00:00+00:00,BNBUSDT,0.4893360380182353
2023-06-16 00:00:00+00:00,BNBUSDT,0.47882319704358894
2023-06-17 00:00:00+00:00,BNBUSDT,0.7066524703846374
2023-06-18 00:00:00+00:00,BNBUSDT,0.41276493104637424
2023-06-19 00:00:00+00:00,BNBUSDT,0.3642958020256615
2023-06-20 00:00:00+00:00,BNBUSDT,0.4596568283257703
2023-06-21 00:00:00+00:00,BNBUSDT,0.5624684363735997
2023-06-22 00:00:00+00:00,BNBUSDT,0.9067296114453082
2023-06-23 00:00:00+00:00,BNBUSDT,0.5279051125256624
2023-06-24 00:00:00+00:00,BNBUSDT,0.8581771496319088
2023-06-25 00:00:00+00:00,BNBUSDT,0.37148295303393974
2023-06-26 00:00:00+00:00,BNBUSDT,0.6203417878772612
2023-06-27 00:00:00+00:00,BNBUSDT,0.30990017310598433
2023-06-28 00:00:00+00:00,BNBUSDT,0.5795983922801544
2023-06-29 00:00:00+00:00,BNBUSDT,0.27868607079072827
2023-06-30 00:00:00+00:00,BNBUSDT,0.7223412519066847
2023-07-01 00:00:00+00:00,BNBUSDT,0.4637010652192089
2023-07-02 00:00:00+00:00,BNBUSDT,0.39364246815872694
2023-07-03 00:00:00+00:00,BNBUSDT,0.3603235257831629
2023-07-04 00:00:00+00:00,BNBUSDT,0.2098517328590707
2023-07-05 00:00:00+00:00,BNBUSDT,0.38385335201279747
2023-07-06 00:00:00+00:00,BNBUSDT,0.5749442261198975
2023-07-07 00:00:00+00:00,BNBUSDT,0.3184174989651021
2023-07-08 00:00:00+00:00,BNBUSDT,0.2032731612306582
2023-07-09 00:00:00+00:00,BNBUSDT,0.13940275125624865
2023-07-10 00:00:00+00:00,BNBUSDT,0.7997060593006915
2023-07-11 00:00:00+00:00,BNBUSDT,0.2272981927824741
2023-07-12 00:00:00+00:00,BNBUSDT,0.3173821931433536
2023-07-13 00:00:00+00:00,BNBUSDT,0.547802112290558
2023-07-14 00:00:00+00:00,BNBUSDT,0.7706894001234353
2023-07-15 00:00:00+00:00,BNBUSDT,0.2410354448711518
2023-07-16 00:00:00+00:00,BNBUSDT,0.32214994894562454
2023-07-17 00:00:00+00:00,BNBUSDT,0.3899817114396964
2023-07-18 00:00:00+00:00,BNBUSDT,0.3975413115198385
2023-07-19 00:00:00+00:00,BNBUSDT,0.35555297134853886
2023-07-20 00:00:00+00:00,BNBUSDT,0.3233186169278258
2023-07-21 00:00:00+00:00,BNBUSDT,0.1968266077079132
2023-07-22 00:00:00+00:00,BNBUSDT,0.16729109908286147
2023-07-23 00:00:00+00:00,BNBUSDT,0.2044502788913183
2023-07-24 00:00:00+00:00,BNBUSDT,0.4501520435889475
2023-07-25 00:00:00+00:00,BNBUSDT,0.2380011573996523
2023-07-26 00:00:00+00:00,BNBUSDT,0.22210976837247687
2023-07-27 00:00:00+00:00,BNBUSDT,0.22580612437960768
2023-07-28 00:00:00+00:00,BNBUSDT,0.1968369774515377
2023-07-29 00:00:00+00:00,BNBUSDT,0.09546131563085428
2023-07-30 00:00:00+00:00,BNBUSDT,0.22917080373448512
2023-07-31 00:00:00+00:00,BNBUSDT,0.18768076211004958
2023-08-01 00:00:00+00:00,BNBUSDT,0.49456866024149587
2023-08-02 00:00:00+00:00,BNBUSDT,0.5872443269881985
2023-08-03 00:00:00+00:00,BNBUSDT,0.21269757096992048
2023-08-04 00:00:00+00:00,BNBUSDT,0.17449642252953168
2023-08-05 00:00:00+00:00,BNBUSDT,0.1604269265810707
2023-08-06 00:00:00+00:00,BNBUSDT,0.20528796462014245
2023-08-07 00:00:00+00:00,BNBUSDT,0.20894732725076157
2023-08-08 00:00:00+00:00,BNBUSDT,0.23766282585228546
2023-08-09 00:00:00+00:00,BNBUSDT,0.2126774543936589
2023-08-10 00:00:00+00:00,BNBUSDT,0.1634443278903406
2023-08-11 00:00:00+00:00,BNBUSDT,0.21555441293039995
2023-08-12 00:00:00+00:00,BNBUSDT,0.10347548348421962
2023-08-13 00:00:00+00:00,BNBUSDT,0.11275497080039541
2023-08-14 00:00:00+00:00,BNBUSDT,0.11181648506424058
2023-08-15 00:00:00+00:00,BNBUSDT,0.3015498800221607
2023-08-16 00:00:00+00:00,BNBUSDT,0.27233873838926576
2023-08-17 00:00:00+00:00,BNBUSDT,1.16878134119145
2023-08-18 00:00:00+00:00,BNBUSDT,0.499623640651371
2023-08-19 00:00:00+00:00,BNBUSDT,0.3610450683472573
2023-08-20 00:00:00+00:00,BNBUSDT,0.21665941821088988
2023-08-21 00:00:00+00:00,BNBUSDT,0.6277988350325061
2023-08-22 00:00:00+00:00,BNBUSDT,0.6095261877030655
2023-08-23 00:00:00+00:00,BNBUSDT,0.4889015837114293
2023-08-24 00:00:00+00:00,BNBUSDT,0.3353903671362823
2023-08-25 00:00:00+00:00,BNBUSDT,0.3711872449625006
2023-08-26 00:00:00+00:00,BNBUSDT,0.1418528958231154
2023-08-27 00:00:00+00:00,BNBUSDT,0.21783008976322707
2023-08-28 00:00:00+00:00,BNBUSDT,0.22017020912478108
2023-08-29 00:00:00+00:00,BNBUSDT,1.2129068939237342
2023-08-30 00:00:00+00:00,BNBUSDT,0.2775490263277953
2023-08-31 00:00:00+00:00,BNBUSDT,0.4198434471100351
2023-09-01 00:00:00+00:00,BNBUSDT,0.3489439248373556
2023-09-02 00:00:00+00:00,BNBUSDT,0.19166856059829046
2023-09-03 00:00:00+00:00,BNBUSDT,0.14266231280179956
2023-09-04 00:00:00+00:00,BNBUSDT,0.340189277719399
2023-09-05 00:00:00+00:00,BNBUSDT,0.18774380064759455
2023-09-06 00:00:00+00:00,BNBUSDT,0.3601093893772513
2023-09-07 00:00:00+00:00,BNBUSDT,0.22346517573300578
2023-09-08 00:00:00+00:00,BNBUSDT,0.25370267759910303
2023-09-09 00:00:00+00:00,BNBUSDT,0.09901242912655028
2023-09-10 00:00:00+00:00,BNBUSDT,0.20466927539827362
2023-09-11 00:00:00+00:00,BNBUSDT,0.3973049096848616
2023-09-12 00:00:00+00:00,BNBUSDT,0.5544178984732351
2023-09-13 00:00:00+00:00,BNBUSDT,0.2539780908145821
2023-09-14 00:00:00+00:00,BNBUSDT,0.4185737298278136
2023-09-15 00:00:00+00:00,BNBUSDT,0.2810364448439912
2023-09-16 00:00:00+00:00,BNBUSDT,0.1848889757681177
2023-09-17 00:00:00+00:00,BNBUSDT,0.20659559215606618
2023-09-18 00:00:00+00:00,BNBUSDT,0.4270666036492439
2023-09-19 00:00:00+00:00,BNBUSDT,0.2719148922080305
2023-09-20 00:00:00+00:00,BNBUSDT,0.2800461943302948
2023-09-21 00:00:00+00:00,BNBUSDT,0.3281976955738803
2023-09-22 00:00:00+00:00,BNBUSDT,0.20821175671270867
2023-09-23 00:00:00+00:00,BNBUSDT,0.12045992094613968
2023-09-24 00:00:00+00:00,BNBUSDT,0.20962490732490519
2023-09-25 00:00:00+00:00,BNBUSDT,0.2009395698116494
2023-09-26 00:00:00+00:00,BNBUSDT,0.263320434442573
2023-09-27 00:00:00+00:00,BNBUSDT,0.32412177398505465
2023-09-28 00:00:00+00:00,BNBUSDT,0.20096343377170806
2023-09-29 00:00:00+00:00,BNBUSDT,0.2567997244426068
2023-09-30 00:00:00+00:00,BNBUSDT,0.171438079282868
2023-10-01 00:00:00+00:00,BNBUSDT,0.48759494461983804
2023-10-02 00:00:00+00:00,BNBUSDT,0.4434706890308291
2023-10-03 00:00:00+00:00,BNBUSDT,0.2256244498763568
2023-10-04 00:00:00+00:00,BNBUSDT,0.25270896659428227
2023-10-05 00:00:00+00:00,BNBUSDT,0.1913836364139259
2023-10-06 00:00:00+00:00,BNBUSDT,0.26781226001222863
2023-10-07 00:00:00+00:00,BNBUSDT,0.11979277738801908
2023-10-08 00:00:00+00:00,BNBUSDT,0.2357852803093613
2023-10-09 00:00:00+00:00,BNBUSDT,0.33946491911409926
2023-10-10 00:00:00+00:00,BNBUSDT,0.42679348914030424
2023-10-11 00:00:00+00:00,BNBUSDT,0.30353014998436517
2023-10-12 00:00:00+00:00,BNBUSDT,0.324511224248647
2023-10-13 00:00:00+00:00,BNBUSDT,0.31182357872499417
2023-10-14 00:00:00+00:00,BNBUSDT,0.11840015240451784
2023-10-15 00:00:00+00:00,BNBUSDT,0.24782504964604066
2023-10-16 00:00:00+00:00,BNBUSDT,0.3072986310244351
2023-10-17 00:00:00+00:00,BNBUSDT,0.29021830492484463
2023-10-18 00:00:00+00:00,BNBUSDT,0.24299141222567971
2023-10-19 00:00:00+00:00,BNBUSDT,0.25403095817936855
2023-10-20 00:00:00+00:00,BNBUSDT,0.31146050871713693
2023-10-21 00:00:00+00:00,BNBUSDT,0.24751916294428614
2023-10-22 00:00:00+00:00,BNBUSDT,0.38348048855423006
2023-10-23 00:00:00+00:00,BNBUSDT,0.6771701675085873
2023-10-24 00:00:00+00:00,BNBUSDT,0.9750970348904459
2023-10-25 00:00:00+00:00,BNBUSDT,0.468088274465269
2023-10-26 00:00:00+00:00,BNBUSDT,0.5457161113009481
2023-10-27 00:00:00+00:00,BNBUSDT,0.666319752897013
2023-10-28 00:00:00+00:00,BNBUSDT,0.33042280660679024
2023-10-29 00:00:00+00:00,BNBUSDT,0.2030249824808737
2023-10-30 00:00:00+00:00,BNBUSDT,0.2765269207732018
2023-10-31 00:00:00+00:00,BNBUSDT,0.35089122941513773
2023-11-01 00:00:00+00:00,BNBUSDT,0.3744277260968224
2023-11-02 00:00:00+00:00,BNBUSDT,0.40507342996758644
2023-11-03 00:00:00+00:00,BNBUSDT,0.386809958072806
2023-11-04 00:00:00+00:00,BNBUSDT,0.3457366355280158
2023-11-05 00:00:00+00:00,BNBUSDT,0.6499337561243916
2023-11-06 00:00:00+00:00,BNBUSDT,0.5472677063403082
2023-11-07 00:00:00+00:00,BNBUSDT,0.5545186398699165
2023-11-08 00:00:00+00:00,BNBUSDT,0.2784054533338089
2023-11-09 00:00:00+00:00,BNBUSDT,0.7987038160057138
2023-11-10 00:00:00+00:00,BNBUSDT,0.5088049054628166
2023-11-11 00:00:00+00:00,BNBUSDT,0.41359735035170436
2023-11-12 00:00:00+00:00,BNBUSDT,0.4703775949913837
2023-11-13 00:00:00+00:00,BNBUSDT,0.5041676725031626
2023-11-14 00:00:00+00:00,BNBUSDT,0.7981148596430266
2023-11-15 00:00:00+00:00,BNBUSDT,0.5497689784761306
2023-11-16 00:00:00+00:00,BNBUSDT,0.4990914492014279
2023-11-17 00:00:00+00:00,BNBUSDT,0.5309902670423895
2023-11-18 00:00:00+00:00,BNBUSDT,0.3949545415011066
2023-11-19 00:00:00+00:00,BNBUSDT,0.3101267637393347
2023-11-20 00:00:00+00:00,BNBUSDT,1.19124935040884
2023-11-21 00:00:00+00:00,BNBUSDT,2.1638362237119253
2023-11-22 00:00:00+00:00,BNBUSDT,0.8567934432774862
2023-11-23 00:00:00+00:00,BNBUSDT,0.358136476768984
2023-11-24 00:00:00+00:00,BNBUSDT,0.36455511516514005
2023-11-25 00:00:00+00:00,BNBUSDT,0.2596989010575324
2023-11-26 00:00:00+00:00,BNBUSDT,0.2973814453109356
2023-11-27 00:00:00+00:00,BNBUSDT,0.5839202271688443
2023-11-28 00:00:00+00:00,BNBUSDT,0.393847896238816
2023-11-29 00:00:00+00:00,BNBUSDT,0.2798088958900168
2023-11-30 00:00:00+00:00,BNBUSDT,0.25408503365507573
2023-12-01 00:00:00+00:00,BNBUSDT,0.25334823849593413
2023-12-02 00:00:00+00:00,BNBUSDT,0.26662203848277766
2023-12-03 00:00:00+00:00,BNBUSDT,0.4079877492120189
2023-12-04 00:00:00+00:00,BNBUSDT,0.6703658072104909
2023-12-05 00:00:00+00:00,BNBUSDT,0.3799749314757289
2023-12-06 00:00:00+00:00,BNBUSDT,0.39026452847232557
2023-12-07 00:00:00+00:00,BNBUSDT,0.4014685284436725
2023-12-08 00:00:00+00:00,BNBUSDT,0.36370347973108486
2023-12-09 00:00:00+00:00,BNBUSDT,0.4917458995391482
2023-12-10 00:00:00+00:00,BNBUSDT,0.42993906678896004
2023-12-11 00:00:00+00:00,BNBUSDT,1.1597507884609657
2023-12-12 00:00:00+00:00,BNBUSDT,0.6190043292706008
2023-12-13 00:00:00+00:00,BNBUSDT,0.6346588889113748
2023-12-14 00:00:00+00:00,BNBUSDT,0.4146441587974338
2023-12-15 00:00:00+00:00,BNBUSDT,0.36474512169928525
2023-12-16 00:00:00+00:00,BNBUSDT,0.20749009354085113
2023-12-17 00:00:00+00:00,BNBUSDT,0.3467065692306955
2023-12-18 00:00:00+00:00,BNBUSDT,0.6516160635650927
2023-12-19 00:00:00+00:00,BNBUSDT,0.6551298013593091
2023-12-20 00:00:00+00:00,BNBUSDT,0.5324697471089045
2023-12-21 00:00:00+00:00,BNBUSDT,0.6390240507590896
2023-12-22 00:00:00+00:00,BNBUSDT,0.7931225577436888
2023-12-23 00:00:00+00:00,BNBUSDT,0.3540546148607937
2023-12-24 00:00:00+00:00,BNBUSDT,0.34997535381472045
2023-12-25 00:00:00+00:00,BNBUSDT,0.3245774112481197
2023-12-26 00:00:00+00:00,BNBUSDT,1.6308242973275322
2023-12-27 00:00:00+00:00,BNBUSDT,1.0925477642879646
2023-12-28 00:00:00+00:00,BNBUSDT,0.9804506884861619
2023-12-29 00:00:00+00:00,BNBUSDT,0.721421268437724
2023-12-30 00:00:00+00:00,BNBUSDT,0.5600412901879288
2023-12-31 00:00:00+00:00,BNBUSDT,0.4699256807239079
2024-01-01 00:00:00+00:00,BNBUSDT,0.48450965481137914
2024-01-02 00:00:00+00:00,BNBUSDT,0.6326508264859341
2024-01-03 00:00:00+00:00,BNBUSDT,1.2847806012886926
2024-01-04 00:00:00+00:00,BNBUSDT,0.6004851974432689
2024-01-05 00:00:00+00:00,BNBUSDT,0.570295660378344
2024-01-06 00:00:00+00:00,BNBUSDT,0.7464803109419642
2024-01-07 00:00:00+00:00,BNBUSDT,0.4115883300998583
2024-01-08 00:00:00+00:00,BNBUSDT,0.6638423448183722
2024-01-09 00:00:00+00:00,BNBUSDT,0.8720566059018079
2024-01-10 00:00:00+00:00,BNBUSDT,0.9024598785056095
2024-01-11 00:00:00+00:00,BNBUSDT,0.8015718918583061
2024-01-12 00:00:00+00:00,BNBUSDT,0.6501311473653408
2024-01-13 00:00:00+00:00,BNBUSDT,0.392985881297476
2024-01-14 00:00:00+00:00,BNBUSDT,0.4227451532151942
2024-01-15 00:00:00+00:00,BNBUSDT,0.7322584535322686
2024-01-16 00:00:00+00:00,BNBUSDT,0.42475084500063515
2024-01-17 00:00:00+00:00,BNBUSDT,0.4199872541086325
2024-01-18 00:00:00+00:00,BNBUSDT,0.4489580070598279
2024-01-19 00:00:00+00:00,BNBUSDT,0.46249928142436203
2024-01-20 00:00:00+00:00,BNBUSDT,0.22606790558200918
2024-01-21 00:00:00+00:00,BNBUSDT,0.27678534497486484
2024-01-22 00:00:00+00:00,BNBUSDT,0.5022186175407534
2024-01-23 00:00:00+00:00,BNBUSDT,0.779110812328683
2024-01-24 00:00:00+00:00,BNBUSDT,0.48896202201105765
2024-01-25 00:00:00+00:00,BNBUSDT,0.6226757363583884
2024-01-26 00:00:00+00:00,BNBUSDT,0.47017360974428346
2024-01-27 00:00:00+00:00,BNBUSDT,0.22227542918796642
2024-01-28 00:00:00+00:00,BNBUSDT,0.3470327362716813
2024-01-29 00:00:00+00:00,BNBUSDT,0.300120985055353
2024-01-30 00:00:00+00:00,BNBUSDT,0.2538277149022214
2024-01-31 00:00:00+00:00,BNBUSDT,0.451583701892531
2024-02-01 00:00:00+00:00,BNBUSDT,0.3914725298781356
2024-02-02 00:00:00+00:00,BNBUSDT,0.2788246085886194
2024-02-03 00:00:00+00:00,BNBUSDT,0.1895521833417876
2024-02-04 00:00:00+00:00,BNBUSDT,0.3811925337244249
2024-02-05 00:00:00+00:00,BNBUSDT,0.32930586097576525
2024-02-06 00:00:00+00:00,BNBUSDT,0.22476187593165917
2024-02-07 00:00:00+00:00,BNBUSDT,0.23795503138219998
2024-02-08 00:00:00+00:00,BNBUSDT,0.4028861046206923
2024-02-09 00:00:00+00:00,BNBUSDT,0.42533873571595227
2024-02-10 00:00:00+00:00,BNBUSDT,0.2659785011824722
2024-02-11 00:00:00+00:00,BNBUSDT,0.20393121057745256
2024-02-12 00:00:00+00:00,BNBUSDT,0.40867544958245755
2024-02-13 00:00:00+00:00,BNBUSDT,0.3185703172751102
2024-02-14 00:00:00+00:00,BNBUSDT,0.22464756555176552
2024-02-15 00:00:00+00:00,BNBUSDT,0.9344339438886037
2024-02-16 00:00:00+00:00,BNBUSDT,0.6782836263926411
2024-02-17 00:00:00+00:00,BNBUSDT,0.551209648894969
2024-02-18 00:00:00+00:00,BNBUSDT,0.4193330590205478
2024-02-19 00:00:00+00:00,BNBUSDT,0.43033157733021654
2024-02-20 00:00:00+00:00,BNBUSDT,0.5916367557953276
2024-02-21 00:00:00+00:00,BNBUSDT,0.7811361236880585
2024-02-22 00:00:00+00:00,BNBUSDT,0.8045448664613144
2024-02-23 00:00:00+00:00,BNBUSDT,0.707022699288552
2024-02-24 00:00:00+00:00,BNBUSDT,0.3839672600719557
2024-02-25 00:00:00+00:00,BNBUSDT,0.32206340729380395
2024-02-26 00:00:00+00:00,BNBUSDT,0.5698154629302008
2024-02-27 00:00:00+00:00,BNBUSDT,0.3433895303047436
2024-02-28 00:00:00+00:00,BNBUSDT,0.8182765009854259
2024-02-29 00:00:00+00:00,BNBUSDT,0.6193409101635522
2024-03-01 00:00:00+00:00,BNBUSDT,0.4369221370233361
2024-03-02 00:00:00+00:00,BNBUSDT,0.4001084810091314
2024-03-03 00:00:00+00:00,BNBUSDT,0.3866036231540578
2024-03-04 00:00:00+00:00,BNBUSDT,0.4736758801825402
2024-03-05 00:00:00+00:00,BNBUSDT,1.6152008576563446
2024-03-06 00:00:00+00:00,BNBUSDT,1.5513980539764354
2024-03-07 00:00:00+00:00,BNBUSDT,0.6507262537317454
2024-03-08 00:00:00+00:00,BNBUSDT,0.9226557177485571
2024-03-09 00:00:00+00:00,BNBUSDT,0.5425678761444306
2024-03-10 00:00:00+00:00,BNBUSDT,1.0527429645306703
2024-03-11 00:00:00+00:00,BNBUSDT,0.7584431049240283
2024-03-12 00:00:00+00:00,BNBUSDT,0.9321661126037887
2024-03-13 00:00:00+00:00,BNBUSDT,1.101392151770086
2024-03-14 00:00:00+00:00,BNBUSDT,1.1091508389901072
2024-03-15 00:00:00+00:00,BNBUSDT,1.8479813006504915
2024-03-16 00:00:00+00:00,BNBUSDT,0.8335462654271909
2024-03-17 00:00:00+00:00,BNBUSDT,1.2381836850455623
2024-03-18 00:00:00+00:00,BNBUSDT,1.2332839693218451
2024-03-19 00:00:00+00:00,BNBUSDT,1.4766534216768914
2024-03-20 00:00:00+00:00,BNBUSDT,1.3098210776548296
2024-03-21 00:00:00+00:00,BNBUSDT,0.8521051085125129
2024-03-22 00:00:00+00:00,BNBUSDT,1.2190951416116929
2024-03-23 00:00:00+00:00,BNBUSDT,0.6474614902004281
2024-03-24 00:00:00+00:00,BNBUSDT,0.5620894591511318
2024-03-25 00:00:00+00:00,BNBUSDT,0.6467479776121192
2024-03-26 00:00:00+00:00,BNBUSDT,0.4717328083283416
2024-03-27 00:00:00+00:00,BNBUSDT,0.47656584413113545
2024-03-28 00:00:00+00:00,BNBUSDT,0.625105389202551
2024-03-29 00:00:00+00:00,BNBUSDT,0.8467727974510212
2024-03-30 00:00:00+00:00,BNBUSDT,0.3428931026148908
2024-03-31 00:00:00+00:00,BNBUSDT,0.32030005907936787
2024-04-01 00:00:00+00:00,BNBUSDT,0.7564713598574183
2024-04-02 00:00:00+00:00,BNBUSDT,0.7609883093410991
2024-04-03 00:00:00+00:00,BNBUSDT,0.664792123610303
2024-04-04 00:00:00+00:00,BNBUSDT,0.5546692955989032
2024-04-05 00:00:00+00:00,BNBUSDT,0.6420866878683225
2024-04-06 00:00:00+00:00,BNBUSDT,0.3064253199794848
2024-04-07 00:00:00+00:00,BNBUSDT,0.2885794778103567
2024-04-08 00:00:00+00:00,BNBUSDT,0.48423071832425235
2024-04-09 00:00:00+00:00,BNBUSDT,0.4637033905655919
2024-04-10 00:00:00+00:00,BNBUSDT,0.7131885278586046
2024-04-11 00:00:00+00:00,BNBUSDT,0.5812730381685638
2024-04-12 00:00:00+00:00,BNBUSDT,0.9887355126388001
2024-04-13 00:00:00+00:00,BNBUSDT,1.9829236674519721
2024-04-14 00:00:00+00:00,BNBUSDT,0.9712875936799811
2024-04-15 00:00:00+00:00,BNBUSDT,0.8643487473556012
2024-04-16 00:00:00+00:00,BNBUSDT,0.7774180331346043
2024-04-17 00:00:00+00:00,BNBUSDT,0.8838597608295187
2024-04-18 00:00:00+00:00,BNBUSDT,0.5975314314514396
2024-04-19 00:00:00+00:00,BNBUSDT,0.8285030375753089
2024-04-20 00:00:00+00:00,BNBUSDT,0.5274238496848788
2024-04-21 00:00:00+00:00,BNBUSDT,0.3940018488904461
2024-04-22 00:00:00+00:00,BNBUSDT,0.5846119262206301
2024-04-23 00:00:00+00:00,BNBUSDT,0.46238553329565735
2024-04-24 00:00:00+00:00,BNBUSDT,0.5499195334912584
2024-04-25 00:00:00+00:00,BNBUSDT,0.4950950590043323
2024-04-26 00:00:00+00:00,BNBUSDT,0.36163174734896014
2024-04-27 00:00:00+00:00,BNBUSDT,0.5602366229476597
2024-04-28 00:00:00+00:00,BNBUSDT,0.3184874545080341
2024-04-29 00:00:00+00:00,BNBUSDT,0.5701986785021669
2024-04-30 00:00:00+00:00,BNBUSDT,0.9508788181107312
2024-05-01 00:00:00+00:00,BNBUSDT,1.0373912218786892
2024-05-02 00:00:00+00:00,BNBUSDT,0.6880137307835604
2024-05-03 00:00:00+00:00,BNBUSDT,0.4905828680988663
2024-05-04 00:00:00+00:00,BNBUSDT,0.3843610239056592
2024-05-05 00:00:00+00:00,BNBUSDT,0.2685186574693323
2024-05-06 00:00:00+00:00,BNBUSDT,0.5256720155307807
2024-05-07 00:00:00+00:00,BNBUSDT,0.44692988771071646
2024-05-08 00:00:00+00:00,BNBUSDT,0.48003022295227005
2024-05-09 00:00:00+00:00,BNBUSDT,0.5252137876240013
2024-05-10 00:00:00+00:00,BNBUSDT,0.40455757493363864
2024-05-11 00:00:00+00:00,BNBUSDT,0.24502131663707216
2024-05-12 00:00:00+00:00,BNBUSDT,0.2344123863076411
2024-05-13 00:00:00+00:00,BNBUSDT,0.35245451470703865
2024-05-14 00:00:00+00:00,BNBUSDT,0.4588559685701435
2024-05-15 00:00:00+00:00,BNBUSDT,0.448049047250887
2024-05-16 00:00:00+00:00,BNBUSDT,0.5194258459198544
2024-05-17 00:00:00+00:00,BNBUSDT,0.351120047220087
2024-05-18 00:00:00+00:00,BNBUSDT,0.20584080796154958
2024-05-19 00:00:00+00:00,BNBUSDT,0.23661675651853725
2024-05-20 00:00:00+00:00,BNBUSDT,0.6243421289334014
2024-05-21 00:00:00+00:00,BNBUSDT,0.9479597316319468
2024-05-22 00:00:00+00:00,BNBUSDT,0.4600801744453855
2024-05-23 00:00:00+00:00,BNBUSDT,0.5899475530822355
2024-05-24 00:00:00+00:00,BNBUSDT,0.3728773430955951
2024-05-25 00:00:00+00:00,BNBUSDT,0.18586073520802027
2024-05-26 00:00:00+00:00,BNBUSDT,0.1985149236219474
2024-05-27 00:00:00+00:00,BNBUSDT,0.38402253993226604
2024-05-28 00:00:00+00:00,BNBUSDT,0.3352643662552272
2024-05-29 00:00:00+00:00,BNBUSDT,0.2017380500732962
2024-05-30 00:00:00+00:00,BNBUSDT,0.3067311312547501
2024-05-31 00:00:00+00:00,BNBUSDT,0.19519880209335413
2024-06-01 00:00:00+00:00,BNBUSDT,0.2622884797389009
2024-06-02 00:00:00+00:00,BNBUSDT,0.21839417615867354
2024-06-03 00:00:00+00:00,BNBUSDT,0.6262992027063908
2024-06-04 00:00:00+00:00,BNBUSDT,0.695126927657486
2024-06-05 00:00:00+00:00,BNBUSDT,0.7355603058706627
2024-06-06 00:00:00+00:00,BNBUSDT,0.6021533202646369
2024-06-07 00:00:00+00:00,BNBUSDT,0.5905821555090103
2024-06-08 00:00:00+00:00,BNBUSDT,0.3473737745228666
2024-06-09 00:00:00+00:00,BNBUSDT,0.3815103240034586
2024-06-10 00:00:00+00:00,BNBUSDT,1.1011763857403025
2024-06-11 00:00:00+00:00,BNBUSDT,0.6082170331471553
2024-06-12 00:00:00+00:00,BNBUSDT,0.9263006569448592
2024-06-13 00:00:00+00:00,BNBUSDT,0.5926024031996823
2024-06-14 00:00:00+00:00,BNBUSDT,0.5193338328125755
2024-06-15 00:00:00+00:00,BNBUSDT,0.2194658094019632
2024-06-16 00:00:00+00:00,BNBUSDT,0.2474687317003998
2024-06-17 00:00:00+00:00,BNBUSDT,0.43704078495628296
2024-06-18 00:00:00+00:00,BNBUSDT,0.6115387148467513
2024-06-19 00:00:00+00:00,BNBUSDT,0.4841346401561362
2024-06-20 00:00:00+00:00,BNBUSDT,0.3366196121312168
2024-06-21 00:00:00+00:00,BNBUSDT,0.43777169688809503
2024-06-22 00:00:00+00:00,BNBUSDT,0.20869879523814555
2024-06-23 00:00:00+00:00,BNBUSDT,0.27713260584341987
2024-06-24 00:00:00+00:00,BNBUSDT,0.6928066093474681
2024-06-25 00:00:00+00:00,BNBUSDT,0.3747373770451602
2024-06-26 00:00:00+00:00,BNBUSDT,0.3821081915461852
2024-06-27 00:00:00+00:00,BNBUSDT,0.2780727518241844
2024-06-28 00:00:00+00:00,BNBUSDT,0.30774919894369257
2024-06-29 00:00:00+00:00,BNBUSDT,0.17341952926024032
2024-06-30 00:00:00+00:00,BNBUSDT,0.32957216144247936
2024-07-01 00:00:00+00:00,BNBUSDT,0.31325910062188955
2024-07-02 00:00:00+00:00,BNBUSDT,0.23364215819165562
2024-07-03 00:00:00+00:00,BNBUSDT,0.46477036381963055
2024-07-04 00:00:00+00:00,BNBUSDT,0.9155478977407271
2024-07-05 00:00:00+00:00,BNBUSDT,1.6851944114491102
2024-07-06 00:00:00+00:00,BNBUSDT,0.552464500325161
2024-07-07 00:00:00+00:00,BNBUSDT,0.5960850423181843
2024-07-08 00:00:00+00:00,BNBUSDT,1.2772238110632441
2024-07-09 00:00:00+00:00,BNBUSDT,0.3733973417637692
2024-07-10 00:00:00+00:00,BNBUSDT,0.46914654812913337
2024-07-11 00:00:00+00:00,BNBUSDT,0.5167278362711365
2024-07-12 00:00:00+00:00,BNBUSDT,0.4410062920530801
2024-07-13 00:00:00+00:00,BNBUSDT,0.371303699951344
2024-07-14 00:00:00+00:00,BNBUSDT,0.39371308456632786
2024-07-15 00:00:00+00:00,BNBUSDT,0.4613851207221612
2024-07-16 00:00:00+00:00,BNBUSDT,0.5605443104771431
2024-07-17 00:00:00+00:00,BNBUSDT,0.3585868141282094
2024-07-18 00:00:00+00:00,BNBUSDT,0.4484882049203991
2024-07-19 00:00:00+00:00,BNBUSDT,0.519537799018495
2024-07-20 00:00:00+00:00,BNBUSDT,0.30769760639227656
2024-07-21 00:00:00+00:00,BNBUSDT,0.42979957019825515
2024-07-22 00:00:00+00:00,BNBUSDT,0.419872981319822
2024-07-23 00:00:00+00:00,BNBUSDT,0.6042012236763605
2024-07-24 00:00:00+00:00,BNBUSDT,0.359049610492354
2024-07-25 00:00:00+00:00,BNBUSDT,0.7038019024733875
2024-07-26 00:00:00+00:00,BNBUSDT,0.3099254918638662
2024-07-27 00:00:00+00:00,BNBUSDT,0.39629288701505083
2024-07-28 00:00:00+00:00,BNBUSDT,0.2538401888114162
2024-07-29 00:00:00+00:00,BNBUSDT,0.5404624117831378
2024-07-30 00:00:00+00:00,BNBUSDT,0.33676083185572275
2024-07-31 00:00:00+00:00,BNBUSDT,0.43673637416032374
2024-08-01 00:00:00+00:00,BNBUSDT,0.6918560456837763
2024-08-02 00:00:00+00:00,BNBUSDT,0.6863680070353809
2024-08-03 00:00:00+00:00,BNBUSDT,0.6549107295663812
2024-08-04 00:00:00+00:00,BNBUSDT,0.9088703631169388
2024-08-05 00:00:00+00:00,BNBUSDT,2.6717717602240905
2024-08-06 00:00:00+00:00,BNBUSDT,1.2908721453979481
2024-08-07 00:00:00+00:00,BNBUSDT,0.736189714788919
2024-08-08 00:00:00+00:00,BNBUSDT,0.8957351007079334
2024-08-09 00:00:00+00:00,BNBUSDT,0.43635451971809797
2024-08-10 00:00:00+00:00,BNBUSDT,0.32781222052370607
2024-08-11 00:00:00+00:00,BNBUSDT,0.5043661016865152
2024-08-12 00:00:00+00:00,BNBUSDT,1.0342801992920319
2024-08-13 00:00:00+00:00,BNBUSDT,0.38201237098128
2024-08-14 00:00:00+00:00,BNBUSDT,0.42288520610229907
2024-08-15 00:00:00+00:00,BNBUSDT,0.5956658160941105
2024-08-16 00:00:00+00:00,BNBUSDT,0.47753535931818897
2024-08-17 00:00:00+00:00,BNBUSDT,0.33715536828250486
2024-08-18 00:00:00+00:00,BNBUSDT,0.3320144392781419
2024-08-19 00:00:00+00:00,BNBUSDT,0.4570146963809215
2024-08-20 00:00:00+00:00,BNBUSDT,0.6074168977452836
2024-08-21 00:00:00+00:00,BNBUSDT,0.5624644276741547
2024-08-22 00:00:00+00:00,BNBUSDT,0.7040021533236588
2024-08-23 00:00:00+00:00,BNBUSDT,0.4120589473676035
2024-08-24 00:00:00+00:00,BNBUSDT,0.5931689675586892
2024-08-25 00:00:00+00:00,BNBUSDT,0.33223233443304756
2024-08-26 00:00:00+00:00,BNBUSDT,0.4369478136055681
2024-08-27 00:00:00+00:00,BNBUSDT,0.6908199493676126
2024-08-28 00:00:00+00:00,BNBUSDT,0.7337240895696574
2024-08-29 00:00:00+00:00,BNBUSDT,0.42891722270100885
2024-08-30 00:00:00+00:00,BNBUSDT,0.6923836233264553
2024-08-31 00:00:00+00:00,BNBUSDT,0.26450612018455266
2024-09-01 00:00:00+00:00,BNBUSDT,0.6434999073983033
2024-09-02 00:00:00+00:00,BNBUSDT,0.6089943517634107
2024-09-03 00:00:00+00:00,BNBUSDT,0.49785166145820553
2024-09-04 00:00:00+00:00,BNBUSDT,0.6570547348304789
2024-09-05 00:00:00+00:00,BNBUSDT,0.4572391573658936
2024-09-06 00:00:00+00:00,BNBUSDT,0.8699820471161699
2024-09-07 00:00:00+00:00,BNBUSDT,0.3572542667001737
2024-09-08 00:00:00+00:00,BNBUSDT,0.513837756226563
2024-09-09 00:00:00+00:00,BNBUSDT,0.5685047781333853
2024-09-10 00:00:00+00:00,BNBUSDT,0.3964752808804849
2024-09-11 00:00:00+00:00,BNBUSDT,0.6459500848828121
2024-09-12 00:00:00+00:00,BNBUSDT,0.6434236548012223
2024-09-13 00:00:00+00:00,BNBUSDT,0.3668419490466729
2024-09-14 00:00:00+00:00,BNBUSDT,0.20733779981521114
2024-09-15 00:00:00+00:00,BNBUSDT,0.3749986652704669
2024-09-16 00:00:00+00:00,BNBUSDT,0.5526420542244092
2024-09-17 00:00:00+00:00,BNBUSDT,0.46774197856778477
2024-09-18 00:00:00+00:00,BNBUSDT,0.5228765719580315
2024-09-19 00:00:00+00:00,BNBUSDT,0.4684129441153783
2024-09-20 00:00:00+00:00,BNBUSDT,0.45997504300143605
2024-09-21 00:00:00+00:00,BNBUSDT,0.39292120057431246
2024-09-22 00:00:00+00:00,BNBUSDT,0.5242481710341549
2024-09-23 00:00:00+00:00,BNBUSDT,0.4261847732081057
2024-09-24 00:00:00+00:00,BNBUSDT,0.2830679770063227
2024-09-25 00:00:00+00:00,BNBUSDT,0.4820882440676256
2024-09-26 00:00:00+00:00,BNBUSDT,0.5281700815664135
2024-09-27 00:00:00+00:00,BNBUSDT,0.35405664757343663
2024-09-28 00:00:00+00:00,BNBUSDT,0.37731881924690625
2024-09-29 00:00:00+00:00,BNBUSDT,0.26092881125293466
2024-09-30 00:00:00+00:00,BNBUSDT,0.5610871950007092
2024-10-01 00:00:00+00:00,BNBUSDT,0.6360587068882422
2024-10-02 00:00:00+00:00,BNBUSDT,0.5910744657862446
2024-10-03 00:00:00+00:00,BNBUSDT,0.449147097260292
2024-10-04 00:00:00+00:00,BNBUSDT,0.47740951282553046
2024-10-05 00:00:00+00:00,BNBUSDT,0.3514607632031606
2024-10-06 00:00:00+00:00,BNBUSDT,0.3142938593944702
2024-10-07 00:00:00+00:00,BNBUSDT,0.5541065292480672
2024-10-08 00:00:00+00:00,BNBUSDT,0.5270621059818648
2024-10-09 00:00:00+00:00,BNBUSDT,0.42576350204838326
2024-10-10 00:00:00+00:00,BNBUSDT,0.3751339805906183
2024-10-11 00:00:00+00:00,BNBUSDT,0.2715899664441856
2024-10-12 00:00:00+00:00,BNBUSDT,0.18432594514023903
2024-10-13 00:00:00+00:00,BNBUSDT,0.30903041796007735
2024-10-14 00:00:00+00:00,BNBUSDT,0.4317503275645702
2024-10-15 00:00:00+00:00,BNBUSDT,0.7645819627457352
2024-10-16 00:00:00+00:00,BNBUSDT,0.34943419309462403
2024-10-17 00:00:00+00:00,BNBUSDT,0.3111640946225339
2024-10-18 00:00:00+00:00,BNBUSDT,0.27313822656195696
2024-10-19 00:00:00+00:00,BNBUSDT,0.14041153276808982
2024-10-20 00:00:00+00:00,BNBUSDT,0.2177443712141431
2024-10-21 00:00:00+00:00,BNBUSDT,0.41435967148990915
2024-10-22 00:00:00+00:00,BNBUSDT,0.41839513872226924
2024-10-23 00:00:00+00:00,BNBUSDT,0.3822974974566892
2024-10-24 00:00:00+00:00,BNBUSDT,0.3008882274155753
2024-10-25 00:00:00+00:00,BNBUSDT,0.4146943011023514
2024-10-26 00:00:00+00:00,BNBUSDT,0.26563176836358054
2024-10-27 00:00:00+00:00,BNBUSDT,0.1843965147771526
2024-10-28 00:00:00+00:00,BNBUSDT,0.2858919890921977
2024-10-29 00:00:00+00:00,BNBUSDT,0.3113959639743624
2024-10-30 00:00:00+00:00,BNBUSDT,0.33331580670853
2024-10-31 00:00:00+00:00,BNBUSDT,0.3795746696503323
2024-11-01 00:00:00+00:00,BNBUSDT,0.5196780342233375
2024-11-02 00:00:00+00:00,BNBUSDT,0.24579121589313768
2024-11-03 00:00:00+00:00,BNBUSDT,0.45179815895711645
2024-11-04 00:00:00+00:00,BNBUSDT,0.519816438665916
2024-11-05 00:00:00+00:00,BNBUSDT,0.5231248462572649
2024-11-06 00:00:00+00:00,BNBUSDT,0.5609192324422018
2024-11-07 00:00:00+00:00,BNBUSDT,0.552053582904126
2024-11-08 00:00:00+00:00,BNBUSDT,0.5463855232146206
2024-11-09 00:00:00+00:00,BNBUSDT,0.8876046427706946
2024-11-10 00:00:00+00:00,BNBUSDT,0.6536311422425176
2024-11-11 00:00:00+00:00,BNBUSDT,0.9883553340606918
2024-11-12 00:00:00+00:00,BNBUSDT,1.0143814162412204
2024-11-13 00:00:00+00:00,BNBUSDT,1.1240700590722372
2024-11-14 00:00:00+00:00,BNBUSDT,1.4556871318305658
2024-11-15 00:00:00+00:00,BNBUSDT,0.6816071218193525
2024-11-16 00:00:00+00:00,BNBUSDT,0.47572129603500357
2024-11-17 00:00:00+00:00,BNBUSDT,0.9227200189462573
2024-11-18 00:00:00+00:00,BNBUSDT,0.502798498392088
2024-11-19 00:00:00+00:00,BNBUSDT,0.36969368182285145
2024-11-20 00:00:00+00:00,BNBUSDT,0.4347283895142608
2024-11-21 00:00:00+00:00,BNBUSDT,0.5836038565610867
2024-11-22 00:00:00+00:00,BNBUSDT,0.554874495409358
2024-11-23 00:00:00+00:00,BNBUSDT,0.8749606567646886
2024-11-24 00:00:00+00:00,BNBUSDT,0.9189118964135503
2024-11-25 00:00:00+00:00,BNBUSDT,0.8617743643925141
2024-11-26 00:00:00+00:00,BNBUSDT,0.9248717050291131
2024-11-27 00:00:00+00:00,BNBUSDT,0.39007776075484013
2024-11-28 00:00:00+00:00,BNBUSDT,0.5557778476525512
2024-11-29 00:00:00+00:00,BNBUSDT,0.44350396509801476
2024-11-30 00:00:00+00:00,BNBUSDT,0.6579199902180332
2024-12-01 00:00:00+00:00,BNBUSDT,0.37459042848563295
2024-12-02 00:00:00+00:00,BNBUSDT,0.9969350642565427
2024-12-03 00:00:00+00:00,BNBUSDT,1.3741357249597357
2024-12-04 00:00:00+00:00,BNBUSDT,1.3704363634894718
2024-12-05 00:00:00+00:00,BNBUSDT,1.1418230185193765
2024-12-06 00:00:00+00:00,BNBUSDT,0.7938582877397878
2024-12-07 00:00:00+00:00,BNBUSDT,0.49456607443753003
2024-12-08 00:00:00+00:00,BNBUSDT,0.5256839487162228
2024-12-09 00:00:00+00:00,BNBUSDT,1.1106094552601877
2024-12-10 00:00:00+00:00,BNBUSDT,1.5043239308543659
2024-12-11 00:00:00+00:00,BNBUSDT,0.7901396591772072
2024-12-12 00:00:00+00:00,BNBUSDT,0.7217519812804927
2024-12-13 00:00:00+00:00,BNBUSDT,0.7150815774364262
2024-12-14 00:00:00+00:00,BNBUSDT,0.44347322497640984
2024-12-15 00:00:00+00:00,BNBUSDT,0.5211925049573278
2024-12-16 00:00:00+00:00,BNBUSDT,0.5121224146224855
2024-12-17 00:00:00+00:00,BNBUSDT,0.5303466882253263
2024-12-18 00:00:00+00:00,BNBUSDT,0.6899090644325266
2024-12-19 00:00:00+00:00,BNBUSDT,1.0434673069033287
2024-12-20 00:00:00+00:00,BNBUSDT,1.4411266840600334
2024-12-21 00:00:00+00:00,BNBUSDT,0.5979251984581633
2024-12-22 00:00:00+00:00,BNBUSDT,0.7658313777612293
2024-12-23 00:00:00+00:00,BNBUSDT,0.7644595835765063
2024-12-24 00:00:00+00:00,BNBUSDT,0.4673463365999633
2024-12-25 00:00:00+00:00,BNBUSDT,0.3990279950264456
2024-12-26 00:00:00+00:00,BNBUSDT,0.6753071432219253
2024-12-27 00:00:00+00:00,BNBUSDT,0.5690949564165436
2024-12-28 00:00:00+00:00,BNBUSDT,0.4985352309832451
2024-12-29 00:00:00+00:00,BNBUSDT,0.29930503968034977
2024-12-30 00:00:00+00:00,BNBUSDT,0.6794556925861615
2024-12-31 00:00:00+00:00,BNBUSDT,0.38567754923293335
2025-01-01 00:00:00+00:00,BNBUSDT,0.31990473572896533
2025-01-02 00:00:00+00:00,BNBUSDT,0.39169416612326363
2025-01-03 00:00:00+00:00,BNBUSDT,0.25677729747236006
2025-01-04 00:00:00+00:00,BNBUSDT,0.31302346068465486
2025-01-05 00:00:00+00:00,BNBUSDT,0.2376787748425586
2025-01-06 00:00:00+00:00,BNBUSDT,0.4751338892721061
2025-01-07 00:00:00+00:00,BNBUSDT,0.4232205221757387
2025-01-08 00:00:00+00:00,BNBUSDT,0.6780065496544502
2025-01-09 00:00:00+00:00,BNBUSDT,0.7134505172578789
2025-01-10 00:00:00+00:00,BNBUSDT,0.40748869433388113
2025-01-11 00:00:00+00:00,BNBUSDT,0.20569812596965448
2025-01-12 00:00:00+00:00,BNBUSDT,0.18751848260444792
2025-01-13 00:00:00+00:00,BNBUSDT,0.6203448592299025
2025-01-14 00:00:00+00:00,BNBUSDT,0.28389643152584215
2025-01-15 00:00:00+00:00,BNBUSDT,0.4583520346476946
2025-01-16 00:00:00+00:00,BNBUSDT,0.4922560998793928
2025-01-17 00:00:00+00:00,BNBUSDT,0.3820254094075776
2025-01-18 00:00:00+00:00,BNBUSDT,0.6141603798672571
2025-01-19 00:00:00+00:00,BNBUSDT,0.8136938600569796
2025-01-20 00:00:00+00:00,BNBUSDT,0.7575862352466723
2025-01-21 00:00:00+00:00,BNBUSDT,0.3575353617064747
2025-01-22 00:00:00+00:00,BNBUSDT,0.3483002478487704
2025-01-23 00:00:00+00:00,BNBUSDT,0.37745744120913727
2025-01-24 00:00:00+00:00,BNBUSDT,0.37065332666751494
2025-01-25 00:00:00+00:00,BNBUSDT,0.18333696033445115
2025-01-26 00:00:00+00:00,BNBUSDT,0.31021723629380427
2025-01-27 00:00:00+00:00,BNBUSDT,0.667956824975566
2025-01-28 00:00:00+00:00,BNBUSDT,0.30667513336448454
2025-01-29 00:00:00+00:00,BNBUSDT,0.3638599822311269
2025-01-30 00:00:00+00:00,BNBUSDT,0.21175491100451196
2025-01-31 00:00:00+00:00,BNBUSDT,0.3568839205233443
2025-02-01 00:00:00+00:00,BNBUSDT,0.2862783566941725
2025-02-02 00:00:00+00:00,BNBUSDT,0.842631222786519
2025-02-03 00:00:00+00:00,BNBUSDT,2.438311042268453
2025-02-04 00:00:00+00:00,BNBUSDT,1.1956239229585548
2025-02-05 00:00:00+00:00,BNBUSDT,0.5602665968420448
2025-02-06 00:00:00+00:00,BNBUSDT,0.6346721406429935
2025-02-07 00:00:00+00:00,BNBUSDT,0.5854988769590187
2025-02-08 00:00:00+00:00,BNBUSDT,0.8372445591817607
2025-02-09 00:00:00+00:00,BNBUSDT,1.0528872262062543
2025-02-10 00:00:00+00:00,BNBUSDT,0.7078866961009691
2025-02-11 00:00:00+00:00,BNBUSDT,0.7614554011696116
2025-02-12 00:00:00+00:00,BNBUSDT,0.9383537841886275
2025-02-13 00:00:00+00:00,BNBUSDT,1.564963601129013
2025-02-14 00:00:00+00:00,BNBUSDT,0.6477033207632998
2025-02-15 00:00:00+00:00,BNBUSDT,0.38170853192843385
2025-02-16 00:00:00+00:00,BNBUSDT,0.6049239360127193
2025-02-17 00:00:00+00:00,BNBUSDT,0.5811836945240083
2025-02-18 00:00:00+00:00,BNBUSDT,0.8445047958426609
2025-02-19 00:00:00+00:00,BNBUSDT,0.6120155177516694
2025-02-20 00:00:00+00:00,BNBUSDT,0.3228050258070778
2025-02-21 00:00:00+00:00,BNBUSDT,0.5251506882511275
2025-02-22 00:00:00+00:00,BNBUSDT,0.4676741848804232
2025-02-23 00:00:00+00:00,BNBUSDT,0.29182200010760834
2025-02-24 00:00:00+00:00,BNBUSDT,0.7138736569345933
2025-02-25 00:00:00+00:00,BNBUSDT,0.761333474800163
2025-02-26 00:00:00+00:00,BNBUSDT,0.7404840677812456
2025-02-27 00:00:00+00:00,BNBUSDT,0.5423862314465508
2025-02-28 00:00:00+00:00,BNBUSDT,0.8461715019013321
2025-03-01 00:00:00+00:00,BNBUSDT,0.44325394448320193
2025-03-02 00:00:00+00:00,BNBUSDT,0.6764474959501378
2025-03-03 00:00:00+00:00,BNBUSDT,1.0696870000743817
2025-03-04 00:00:00+00:00,BNBUSDT,0.8404525037994416
2025-03-05 00:00:00+00:00,BNBUSDT,0.4340175619986672
2025-03-06 00:00:00+00:00,BNBUSDT,0.5234216071757284
2025-03-07 00:00:00+00:00,BNBUSDT,0.8279936462773925
2025-03-08 00:00:00+00:00,BNBUSDT,0.2631744502904976
2025-03-09 00:00:00+00:00,BNBUSDT,0.602823916573695
2025-03-10 00:00:00+00:00,BNBUSDT,1.0121086308305207
2025-03-11 00:00:00+00:00,BNBUSDT,1.1849541882295525
2025-03-12 00:00:00+00:00,BNBUSDT,0.6669684929576672
2025-03-13 00:00:00+00:00,BNBUSDT,0.63277757802615
2025-03-14 00:00:00+00:00,BNBUSDT,0.3344701714124182
2025-03-15 00:00:00+00:00,BNBUSDT,0.4430403209848788
2025-03-16 00:00:00+00:00,BNBUSDT,0.5188280053210392
2025-03-17 00:00:00+00:00,BNBUSDT,0.609114395812712
2025-03-18 00:00:00+00:00,BNBUSDT,0.628680150644359
2025-03-19 00:00:00+00:00,BNBUSDT,0.6400553180511795
2025-03-20 00:00:00+00:00,BNBUSDT,0.641072255590395
2025-03-21 00:00:00+00:00,BNBUSDT,0.34083705753154236
2025-03-22 00:00:00+00:00,BNBUSDT,0.20840539913755649
2025-03-23 00:00:00+00:00,BNBUSDT,0.19700536579227024
2025-03-24 00:00:00+00:00,BNBUSDT,0.3286388222431089
2025-03-25 00:00:00+00:00,BNBUSDT,0.2529084396748577
2025-03-26 00:00:00+00:00,BNBUSDT,0.2816853692527405
2025-03-27 00:00:00+00:00,BNBUSDT,0.4605107745859317
2025-03-28 00:00:00+00:00,BNBUSDT,0.37841349666239255
2025-03-29 00:00:00+00:00,BNBUSDT,0.43453762725985456
2025-03-30 00:00:00+00:00,BNBUSDT,0.3775210465545721
2025-03-31 00:00:00+00:00,BNBUSDT,0.56415148321713
2025-04-01 00:00:00+00:00,BNBUSDT,0.4404907294198713
2025-04-02 00:00:00+00:00,BNBUSDT,0.5801548420915724
2025-04-03 00:00:00+00:00,BNBUSDT,0.6388872504809214
2025-04-04 00:00:00+00:00,BNBUSDT,0.4393073732343506
2025-04-05 00:00:00+00:00,BNBUSDT,0.18657265531436268
2025-04-06 00:00:00+00:00,BNBUSDT,0.6364102198764291
2025-04-07 00:00:00+00:00,BNBUSDT,1.2720664320714579
2025-04-08 00:00:00+00:00,BNBUSDT,0.6701351316905684
2025-04-09 00:00:00+00:00,BNBUSDT,0.8187168751752042
2025-04-10 00:00:00+00:00,BNBUSDT,0.47650092759476076
2025-04-11 00:00:00+00:00,BNBUSDT,0.2760595275318783
2025-04-12 00:00:00+00:00,BNBUSDT,0.2492677216974471
2025-04-13 00:00:00+00:00,BNBUSDT,0.3111192643038585
2025-04-14 00:00:00+00:00,BNBUSDT,0.3730180104395287
2025-04-15 00:00:00+00:00,BNBUSDT,0.2065042707991576
2025-04-16 00:00:00+00:00,BNBUSDT,0.47220445008332723
2025-04-17 00:00:00+00:00,BNBUSDT,0.230493588039417
2025-04-18 00:00:00+00:00,BNBUSDT,0.1849561898070063
2025-04-19 00:00:00+00:00,BNBUSDT,0.16457071562746478
2025-04-20 00:00:00+00:00,BNBUSDT,0.20574597669154862
2025-04-21 00:00:00+00:00,BNBUSDT,0.3528865994401931
2025-04-22 00:00:00+00:00,BNBUSDT,0.30702113256511165
2025-04-23 00:00:00+00:00,BNBUSDT,0.3188101444391341
2025-04-24 00:00:00+00:00,BNBUSDT,0.360768645740224
2025-04-25 00:00:00+00:00,BNBUSDT,0.3905522634180033
2025-04-26 00:00:00+00:00,BNBUSDT,0.256718061429874
2025-04-27 00:00:00+00:00,BNBUSDT,0.3081999193420435
2025-04-28 00:00:00+00:00,BNBUSDT,0.30321471497898644
2025-04-29 00:00:00+00:00,BNBUSDT,0.27237326971681414
2025-04-30 00:00:00+00:00,BNBUSDT,0.3620545058784189
2025-05-01 00:00:00+00:00,BNBUSDT,0.21783864337834485
2025-05-02 00:00:00+00:00,BNBUSDT,0.19993773359389067
2025-05-03 00:00:00+00:00,BNBUSDT,0.14111407697053727
2025-05-04 00:00:00+00:00,BNBUSDT,0.19158108755968403
2025-05-05 00:00:00+00:00,BNBUSDT,0.2552399244441565
2025-05-06 00:00:00+00:00,BNBUSDT,0.2784807624622224
2025-05-07 00:00:00+00:00,BNBUSDT,0.24649648237588034
2025-05-08 00:00:00+00:00,BNBUSDT,0.4538224363255139
2025-05-09 00:00:00+00:00,BNBUSDT,0.8243777886412821
2025-05-10 00:00:00+00:00,BNBUSDT,0.5589359304226869
2025-05-11 00:00:00+00:00,BNBUSDT,0.4180133758614964
2025-05-12 00:00:00+00:00,BNBUSDT,0.8132144548687307
2025-05-13 00:00:00+00:00,BNBUSDT,0.49887117465753206
2025-05-14 00:00:00+00:00,BNBUSDT,0.37654822279139394
2025-05-15 00:00:00+00:00,BNBUSDT,0.6137414746186077
2025-05-16 00:00:00+00:00,BNBUSDT,0.3322532290440465
2025-05-17 00:00:00+00:00,BNBUSDT,0.3485057097502493
2025-05-18 00:00:00+00:00,BNBUSDT,0.4299284465472443
2025-05-19 00:00:00+00:00,BNBUSDT,0.39195429910185864
2025-05-20 00:00:00+00:00,BNBUSDT,0.2627453787446706
2025-05-21 00:00:00+00:00,BNBUSDT,0.5196922287463074
2025-05-22 00:00:00+00:00,BNBUSDT,0.32928998596793246
2025-05-23 00:00:00+00:00,BNBUSDT,0.5342322699511288
2025-05-24 00:00:00+00:00,BNBUSDT,0.32192967818048596
2025-05-25 00:00:00+00:00,BNBUSDT,0.31465044091667294
2025-05-26 00:00:00+00:00,BNBUSDT,0.23936589841999814
2025-05-27 00:00:00+00:00,BNBUSDT,0.3067441898439598
2025-05-28 00:00:00+00:00,BNBUSDT,0.2888463063603969
2025-05-29 00:00:00+00:00,BNBUSDT,0.3030234869275778
2025-05-30 00:00:00+00:00,BNBUSDT,0.46588747702846817
2025-05-31 00:00:00+00:00,BNBUSDT,0.2613469388205829
2025-06-01 00:00:00+00:00,BNBUSDT,0.24666359503470328
2025-06-02 00:00:00+00:00,BNBUSDT,0.21791695011977563
2025-06-03 00:00:00+00:00,BNBUSDT,0.2779992357966389
2025-06-04 00:00:00+00:00,BNBUSDT,0.23153487451190105
2025-06-05 00:00:00+00:00,BNBUSDT,0.7161885798646465
2025-06-06 00:00:00+00:00,BNBUSDT,0.2826178921106435
2025-06-07 00:00:00+00:00,BNBUSDT,0.17524140541406605
2025-06-08 00:00:00+00:00,BNBUSDT,0.18654191230024034
2025-06-09 00:00:00+00:00,BNBUSDT,0.22083208116885616
2025-06-10 00:00:00+00:00,BNBUSDT,0.3323766447428584
2025-06-11 00:00:00+00:00,BNBUSDT,0.2656888285374993
2025-06-12 00:00:00+00:00,BNBUSDT,0.3477980575286771
2025-06-13 00:00:00+00:00,BNBUSDT,0.41036050258442025
2025-06-14 00:00:00+00:00,BNBUSDT,0.23421629783882325
2025-06-15 00:00:00+00:00,BNBUSDT,0.20993376119390478
2025-06-16 00:00:00+00:00,BNBUSDT,0.25325019582628716
2025-06-17 00:00:00+00:00,BNBUSDT,0.33245278897004965
2025-06-18 00:00:00+00:00,BNBUSDT,0.32613209153343226
2025-06-19 00:00:00+00:00,BNBUSDT,0.19130160799489893
2025-06-20 00:00:00+00:00,BNBUSDT,0.2574220433880056
2025-06-21 00:00:00+00:00,BNBUSDT,0.3430075789535044
2025-06-22 00:00:00+00:00,BNBUSDT,0.6313537565431065
2025-06-23 00:00:00+00:00,BNBUSDT,0.49224860941442516
2025-06-24 00:00:00+00:00,BNBUSDT,0.21991966379021496
2025-06-25 00:00:00+00:00,BNBUSDT,0.26085819765875345
2025-06-26 00:00:00+00:00,BNBUSDT,0.17890835228003987
2025-06-27 00:00:00+00:00,BNBUSDT,0.22141313086328634
2025-06-28 00:00:00+00:00,BNBUSDT,0.11621630789551642
2025-06-29 00:00:00+00:00,BNBUSDT,0.18718400888831985
2025-06-30 00:00:00+00:00,BNBUSDT,0.22658664193876304
2025-07-01 00:00:00+00:00,BNBUSDT,
2020-08-12 00:00:00+00:00,BTCUSDT,0.504428290107744
2020-08-13 00:00:00+00:00,BTCUSDT,0.44104605628828625
2020-08-14 00:00:00+00:00,BTCUSDT,0.25609318756035304
2020-08-15 00:00:00+00:00,BTCUSDT,0.3779998614085313
2020-08-16 00:00:00+00:00,BTCUSDT,0.3194755978627341
2020-08-17 00:00:00+00:00,BTCUSDT,0.6529228737599555
2020-08-18 00:00:00+00:00,BTCUSDT,0.5283429908324732
2020-08-19 00:00:00+00:00,BTCUSDT,0.4241539532491693
2020-08-20 00:00:00+00:00,BTCUSDT,0.27329977631590796
2020-08-21 00:00:00+00:00,BTCUSDT,0.31152284308443656
2020-08-22 00:00:00+00:00,BTCUSDT,0.3291058992525991
2020-08-23 00:00:00+00:00,BTCUSDT,0.22130374602830397
2020-08-24 00:00:00+00:00,BTCUSDT,0.2264038212228742
2020-08-25 00:00:00+00:00,BTCUSDT,0.4213941998600504
2020-08-26 00:00:00+00:00,BTCUSDT,0.3142831026718505
2020-08-27 00:00:00+00:00,BTCUSDT,0.38874621993396546
2020-08-28 00:00:00+00:00,BTCUSDT,0.2694622606844154
2020-08-29 00:00:00+00:00,BTCUSDT,0.23734948110206358
2020-08-30 00:00:00+00:00,BTCUSDT,0.29718844786179854
2020-08-31 00:00:00+00:00,BTCUSDT,0.23825066079179824
2020-09-01 00:00:00+00:00,BTCUSDT,0.42264070727593217
2020-09-02 00:00:00+00:00,BTCUSDT,0.5422713923298673
2020-09-03 00:00:00+00:00,BTCUSDT,1.3375101438356125
2020-09-04 00:00:00+00:00,BTCUSDT,0.6167046617601081
2020-09-05 00:00:00+00:00,BTCUSDT,1.0728754624161991
2020-09-06 00:00:00+00:00,BTCUSDT,0.5338699775408029
2020-09-07 00:00:00+00:00,BTCUSDT,0.6965198788584431
2020-09-08 00:00:00+00:00,BTCUSDT,0.6579909623108621
2020-09-09 00:00:00+00:00,BTCUSDT,0.4410692429553467
2020-09-10 00:00:00+00:00,BTCUSDT,0.4499567097165519
2020-09-11 00:00:00+00:00,BTCUSDT,0.2714363797529343
2020-09-12 00:00:00+00:00,BTCUSDT,0.247055764374005
2020-09-13 00:00:00+00:00,BTCUSDT,0.4211160213278265
2020-09-14 00:00:00+00:00,BTCUSDT,0.41244625927828016
2020-09-15 00:00:00+00:00,BTCUSDT,0.5015862640329399
2020-09-16 00:00:00+00:00,BTCUSDT,0.4062354601661219
2020-09-17 00:00:00+00:00,BTCUSDT,0.3192548028666311
2020-09-18 00:00:00+00:00,BTCUSDT,0.28706154303665044
2020-09-19 00:00:00+00:00,BTCUSDT,0.35459553803751115
2020-09-20 00:00:00+00:00,BTCUSDT,0.34139146218446503
2020-09-21 00:00:00+00:00,BTCUSDT,0.5041902572961366
2020-09-22 00:00:00+00:00,BTCUSDT,0.2966787677062484
2020-09-23 00:00:00+00:00,BTCUSDT,0.32160674437476344
2020-09-24 00:00:00+00:00,BTCUSDT,0.45955710211421547
2020-09-25 00:00:00+00:00,BTCUSDT,0.29241780011958995
2020-09-26 00:00:00+00:00,BTCUSDT,0.187884359880795
2020-09-27 00:00:00+00:00,BTCUSDT,0.33516887383373795
2020-09-28 00:00:00+00:00,BTCUSDT,0.4230978459546129
2020-09-29 00:00:00+00:00,BTCUSDT,0.26765688155730577
2020-09-30 00:00:00+00:00,BTCUSDT,0.24149193316794546
2020-10-01 00:00:00+00:00,BTCUSDT,0.5453742310048163
2020-10-02 00:00:00+00:00,BTCUSDT,0.44806128575874554
2020-10-03 00:00:00+00:00,BTCUSDT,0.1389723728374163
2020-10-04 00:00:00+00:00,BTCUSDT,0.16557958350755433
2020-10-05 00:00:00+00:00,BTCUSDT,0.2336766781335249
2020-10-06 00:00:00+00:00,BTCUSDT,0.2970354186835505
2020-10-07 00:00:00+00:00,BTCUSDT,0.12976704065986439
2020-10-08 00:00:00+00:00,BTCUSDT,0.4146934555616084
2020-10-09 00:00:00+00:00,BTCUSDT,0.29321719441930555
2020-10-10 00:00:00+00:00,BTCUSDT,0.5716169289350232
2020-10-11 00:00:00+00:00,BTCUSDT,0.23618001223454166
2020-10-12 00:00:00+00:00,BTCUSDT,0.5511500748473902
2020-10-13 00:00:00+00:00,BTCUSDT,0.294033454168491
2020-10-14 00:00:00+00:00,BTCUSDT,0.4182113708995683
2020-10-15 00:00:00+00:00,BTCUSDT,0.2798632996021137
2020-10-16 00:00:00+00:00,BTCUSDT,0.489978607046819
2020-10-17 00:00:00+00:00,BTCUSDT,0.14594410953274306
2020-10-18 00:00:00+00:00,BTCUSDT,0.16748913019453818
2020-10-19 00:00:00+00:00,BTCUSDT,0.3893179467836218
2020-10-20 00:00:00+00:00,BTCUSDT,0.3221853894868266
2020-10-21 00:00:00+00:00,BTCUSDT,1.0105321085092889
2020-10-22 00:00:00+00:00,BTCUSDT,0.49706708157907387
2020-10-23 00:00:00+00:00,BTCUSDT,0.40962286925414393
2020-10-24 00:00:00+00:00,BTCUSDT,0.2233727323161792
2020-10-25 00:00:00+00:00,BTCUSDT,0.6453652583901666
2020-10-26 00:00:00+00:00,BTCUSDT,0.43769115360408295
2020-10-27 00:00:00+00:00,BTCUSDT,0.5248514828501584
2020-10-28 00:00:00+00:00,BTCUSDT,0.6228329740753108
2020-10-29 00:00:00+00:00,BTCUSDT,0.5611463835096149
2020-10-30 00:00:00+00:00,BTCUSDT,0.6065515958255914
2020-10-31 00:00:00+00:00,BTCUSDT,0.5515540709751597
2020-11-01 00:00:00+00:00,BTCUSDT,0.3177410136699165
2020-11-02 00:00:00+00:00,BTCUSDT,0.6377464537393749
2020-11-03 00:00:00+00:00,BTCUSDT,0.5467573608564054
2020-11-04 00:00:00+00:00,BTCUSDT,0.6388988399345898
2020-11-05 00:00:00+00:00,BTCUSDT,0.6790965597075075
2020-11-06 00:00:00+00:00,BTCUSDT,0.8411992690128026
2020-11-07 00:00:00+00:00,BTCUSDT,0.7348352952339187
2020-11-08 00:00:00+00:00,BTCUSDT,0.569544939699482
2020-11-09 00:00:00+00:00,BTCUSDT,0.831595280099905
2020-11-10 00:00:00+00:00,BTCUSDT,0.36851101541120546
2020-11-11 00:00:00+00:00,BTCUSDT,0.46478831295081446
2020-11-12 00:00:00+00:00,BTCUSDT,0.7298938013983467
2020-11-13 00:00:00+00:00,BTCUSDT,0.4183132466331654
2020-11-14 00:00:00+00:00,BTCUSDT,0.4243075660521871
2020-11-15 00:00:00+00:00,BTCUSDT,0.3176335114183973
2020-11-16 00:00:00+00:00,BTCUSDT,0.43222706330937877
2020-11-17 00:00:00+00:00,BTCUSDT,0.7079690550822539
2020-11-18 00:00:00+00:00,BTCUSDT,1.224958848738185
2020-11-19 00:00:00+00:00,BTCUSDT,0.5940872033180634
2020-11-20 00:00:00+00:00,BTCUSDT,0.5887422130428085
2020-11-21 00:00:00+00:00,BTCUSDT,0.45529764140576745
2020-11-22 00:00:00+00:00,BTCUSDT,0.7694359754512422
2020-11-23 00:00:00+00:00,BTCUSDT,0.6081126263276504
2020-11-24 00:00:00+00:00,BTCUSDT,0.6948050979854821
2020-11-25 00:00:00+00:00,BTCUSDT,0.5067626726061726
2020-11-26 00:00:00+00:00,BTCUSDT,1.6377003949100724
2020-11-27 00:00:00+00:00,BTCUSDT,1.0670122914470404
2020-11-28 00:00:00+00:00,BTCUSDT,0.6091893564444644
2020-11-29 00:00:00+00:00,BTCUSDT,0.5814155187288189
2020-11-30 00:00:00+00:00,BTCUSDT,
2020-12-01 00:00:00+00:00,BTCUSDT,1.3741856554707146
2020-12-02 00:00:00+00:00,BTCUSDT,0.637498598621204
2020-12-03 00:00:00+00:00,BTCUSDT,0.5108215390010825
2020-12-04 00:00:00+00:00,BTCUSDT,0.6148776366182502
2020-12-05 00:00:00+00:00,BTCUSDT,0.43442827123144295
2020-12-06 00:00:00+00:00,BTCUSDT,0.4581167115125903
2020-12-07 00:00:00+00:00,BTCUSDT,0.38843062523210764
2020-12-08 00:00:00+00:00,BTCUSDT,0.6493104955242108
2020-12-09 00:00:00+00:00,BTCUSDT,0.6290816723645359
2020-12-10 00:00:00+00:00,BTCUSDT,0.412878688565232
2020-12-11 00:00:00+00:00,BTCUSDT,0.5960880089935376
2020-12-12 00:00:00+00:00,BTCUSDT,0.48822039058018546
2020-12-13 00:00:00+00:00,BTCUSDT,0.4057619622686964
2020-12-14 00:00:00+00:00,BTCUSDT,0.4046693411384605
2020-12-15 00:00:00+00:00,BTCUSDT,0.4369427927368156
2020-12-16 00:00:00+00:00,BTCUSDT,0.8221679196821381
2020-12-17 00:00:00+00:00,BTCUSDT,1.1764148361881865
2020-12-18 00:00:00+00:00,BTCUSDT,0.5627642965002915
2020-12-19 00:00:00+00:00,BTCUSDT,0.5826542678427356
2020-12-20 00:00:00+00:00,BTCUSDT,0.9256289094988361
2020-12-21 00:00:00+00:00,BTCUSDT,
2020-12-22 00:00:00+00:00,BTCUSDT,0.6684522272863236
2020-12-23 00:00:00+00:00,BTCUSDT,0.9660727658085174
2020-12-24 00:00:00+00:00,BTCUSDT,0.7265471620946501
2020-12-25 00:00:00+00:00,BTCUSDT,
2020-12-26 00:00:00+00:00,BTCUSDT,0.7619913642550092
2020-12-27 00:00:00+00:00,BTCUSDT,1.1421595736616634
2020-12-28 00:00:00+00:00,BTCUSDT,0.7863176982790326
2020-12-29 00:00:00+00:00,BTCUSDT,0.6524015178214475
2020-12-30 00:00:00+00:00,BTCUSDT,0.7463322540999139
2020-12-31 00:00:00+00:00,BTCUSDT,0.7794187415309844
2021-01-01 00:00:00+00:00,BTCUSDT,0.49429005541472654
2021-01-02 00:00:00+00:00,BTCUSDT,1.9718839466080513
2021-01-03 00:00:00+00:00,BTCUSDT,1.1718731211521893
2021-01-04 00:00:00+00:00,BTCUSDT,1.5246354476754094
2021-01-05 00:00:00+00:00,BTCUSDT,1.43412270023635
2021-01-06 00:00:00+00:00,BTCUSDT,1.3449330524114733
2021-01-07 00:00:00+00:00,BTCUSDT,0.9468194876546966
2021-01-08 00:00:00+00:00,BTCUSDT,1.8760995383356165
2021-01-09 00:00:00+00:00,BTCUSDT,0.8740296788460706
2021-01-10 00:00:00+00:00,BTCUSDT,1.13399040842995
2021-01-11 00:00:00+00:00,BTCUSDT,2.7832534083431013
2021-01-12 00:00:00+00:00,BTCUSDT,1.7690342162338841
2021-01-13 00:00:00+00:00,BTCUSDT,1.7214181610238954
2021-01-14 00:00:00+00:00,BTCUSDT,0.9439086650862084
2021-01-15 00:00:00+00:00,BTCUSDT,1.251970055758172
2021-01-16 00:00:00+00:00,BTCUSDT,1.0977945455966582
2021-01-17 00:00:00+00:00,BTCUSDT,1.1178907014907273
2021-01-18 00:00:00+00:00,BTCUSDT,0.9355000729190934
2021-01-19 00:00:00+00:00,BTCUSDT,0.8409052188132631
2021-01-20 00:00:00+00:00,BTCUSDT,1.0899036997708273
2021-01-21 00:00:00+00:00,BTCUSDT,1.4979176920350556
2021-01-22 00:00:00+00:00,BTCUSDT,1.6097588301905015
2021-01-23 00:00:00+00:00,BTCUSDT,0.9469397014363236
2021-01-24 00:00:00+00:00,BTCUSDT,0.7255188475483166
2021-01-25 00:00:00+00:00,BTCUSDT,1.122973267932354
2021-01-26 00:00:00+00:00,BTCUSDT,1.2042251788393503
2021-01-27 00:00:00+00:00,BTCUSDT,1.5290466261232658
2021-01-28 00:00:00+00:00,BTCUSDT,0.7730210380302993
2021-01-29 00:00:00+00:00,BTCUSDT,2.800268707724556
2021-01-30 00:00:00+00:00,BTCUSDT,0.8480152607566386
2021-01-31 00:00:00+00:00,BTCUSDT,0.8506230366469816
2021-02-01 00:00:00+00:00,BTCUSDT,0.9888513070247329
2021-02-02 00:00:00+00:00,BTCUSDT,0.7298924993933573
2021-02-03 00:00:00+00:00,BTCUSDT,0.6978307843360955
2021-02-04 00:00:00+00:00,BTCUSDT,0.8596978358426284
2021-02-05 00:00:00+00:00,BTCUSDT,0.7121451614217637
2021-02-06 00:00:00+00:00,BTCUSDT,0.7877988375732794
2021-02-07 00:00:00+00:00,BTCUSDT,0.8929968091719451
2021-02-08 00:00:00+00:00,BTCUSDT,1.9842001070751019
2021-02-09 00:00:00+00:00,BTCUSDT,1.266408697484486
2021-02-10 00:00:00+00:00,BTCUSDT,0.7673497211096585
2021-02-11 00:00:00+00:00,BTCUSDT,
2021-02-12 00:00:00+00:00,BTCUSDT,0.8549909077614728
2021-02-13 00:00:00+00:00,BTCUSDT,0.5171312070071599
2021-02-14 00:00:00+00:00,BTCUSDT,0.8080045569540312
2021-02-15 00:00:00+00:00,BTCUSDT,0.7980480703660439
2021-02-16 00:00:00+00:00,BTCUSDT,0.8832132474749729
2021-02-17 00:00:00+00:00,BTCUSDT,0.569931581599645
2021-02-18 00:00:00+00:00,BTCUSDT,0.5072735305326019
2021-02-19 00:00:00+00:00,BTCUSDT,0.5890670917591739
2021-02-20 00:00:00+00:00,BTCUSDT,0.8354010284938158
2021-02-21 00:00:00+00:00,BTCUSDT,0.581392274792301
2021-02-22 00:00:00+00:00,BTCUSDT,1.4150564847761666
2021-02-23 00:00:00+00:00,BTCUSDT,2.6316468331186025
2021-02-24 00:00:00+00:00,BTCUSDT,1.2430384776713732
2021-02-25 00:00:00+00:00,BTCUSDT,1.2292074013435006
2021-02-26 00:00:00+00:00,BTCUSDT,1.4323674859088122
2021-02-27 00:00:00+00:00,BTCUSDT,0.9312447314056045
2021-02-28 00:00:00+00:00,BTCUSDT,1.1038066980313568
2021-03-01 00:00:00+00:00,BTCUSDT,0.8253714330514084
2021-03-02 00:00:00+00:00,BTCUSDT,0.7589195157436689
2021-03-03 00:00:00+00:00,BTCUSDT,0.9203890273443674
2021-03-04 00:00:00+00:00,BTCUSDT,1.139121479758063
2021-03-05 00:00:00+00:00,BTCUSDT,1.01378673194057
2021-03-06 00:00:00+00:00,BTCUSDT,
2021-03-07 00:00:00+00:00,BTCUSDT,0.6064642465347264
2021-03-08 00:00:00+00:00,BTCUSDT,0.7803237521308033
2021-03-09 00:00:00+00:00,BTCUSDT,0.8781158268087631
2021-03-10 00:00:00+00:00,BTCUSDT,0.9209034059829223
2021-03-11 00:00:00+00:00,BTCUSDT,0.8317366507687628
2021-03-12 00:00:00+00:00,BTCUSDT,0.6177344953080206
2021-03-13 00:00:00+00:00,BTCUSDT,0.7901113227750415
2021-03-14 00:00:00+00:00,BTCUSDT,0.592281788513211
2021-03-15 00:00:00+00:00,BTCUSDT,0.9983706418281052
2021-03-16 00:00:00+00:00,BTCUSDT,0.8835862841848601
2021-03-17 00:00:00+00:00,BTCUSDT,1.023924899732227
2021-03-18 00:00:00+00:00,BTCUSDT,0.858867584976856
2021-03-19 00:00:00+00:00,BTCUSDT,0.6050411377652563
2021-03-20 00:00:00+00:00,BTCUSDT,0.48654641829331113
2021-03-21 00:00:00+00:00,BTCUSDT,0.7155810101321352
2021-03-22 00:00:00+00:00,BTCUSDT,0.7459278135975678
2021-03-23 00:00:00+00:00,BTCUSDT,0.7922204188079589
2021-03-24 00:00:00+00:00,BTCUSDT,0.938213506277326
2021-03-25 00:00:00+00:00,BTCUSDT,0.9436692098278662
2021-03-26 00:00:00+00:00,BTCUSDT,0.7548395296967743
2021-03-27 00:00:00+00:00,BTCUSDT,0.6298749717999057
2021-03-28 00:00:00+00:00,BTCUSDT,0.5323523021863696
2021-03-29 00:00:00+00:00,BTCUSDT,0.652504503030541
2021-03-30 00:00:00+00:00,BTCUSDT,0.4761653160869019
2021-03-31 00:00:00+00:00,BTCUSDT,0.7958868020064476
2021-04-01 00:00:00+00:00,BTCUSDT,0.3072626773932896
2021-04-02 00:00:00+00:00,BTCUSDT,0.3779161459400195
2021-04-03 00:00:00+00:00,BTCUSDT,0.4654259814174346
2021-04-04 00:00:00+00:00,BTCUSDT,0.40332151679629713
2021-04-05 00:00:00+00:00,BTCUSDT,0.4914462786131725
2021-04-06 00:00:00+00:00,BTCUSDT,0.3646062939383301
2021-04-07 00:00:00+00:00,BTCUSDT,0.5455940200911381
2021-04-08 00:00:00+00:00,BTCUSDT,0.47512136504306923
2021-04-09 00:00:00+00:00,BTCUSDT,0.3748670668739079
2021-04-10 00:00:00+00:00,BTCUSDT,0.8613159623624354
2021-04-11 00:00:00+00:00,BTCUSDT,0.3999992886332219
2021-04-12 00:00:00+00:00,BTCUSDT,0.49394878773144446
2021-04-13 00:00:00+00:00,BTCUSDT,0.6590885878411665
2021-04-14 00:00:00+00:00,BTCUSDT,0.7054484471344736
2021-04-15 00:00:00+00:00,BTCUSDT,0.36041879120187664
2021-04-16 00:00:00+00:00,BTCUSDT,0.6312537308057359
2021-04-17 00:00:00+00:00,BTCUSDT,0.5796043819835095
2021-04-18 00:00:00+00:00,BTCUSDT,1.7075281833783227
2021-04-19 00:00:00+00:00,BTCUSDT,0.8241719648727293
2021-04-20 00:00:00+00:00,BTCUSDT,
2021-04-21 00:00:00+00:00,BTCUSDT,0.7644016900791637
2021-04-22 00:00:00+00:00,BTCUSDT,1.0102093498843163
2021-04-23 00:00:00+00:00,BTCUSDT,1.2634999295551606
2021-04-24 00:00:00+00:00,BTCUSDT,0.842433519180537
2021-04-25 00:00:00+00:00,BTCUSDT,
2021-04-26 00:00:00+00:00,BTCUSDT,1.011137740628168
2021-04-27 00:00:00+00:00,BTCUSDT,0.5259090896594616
2021-04-28 00:00:00+00:00,BTCUSDT,0.6710491180692375
2021-04-29 00:00:00+00:00,BTCUSDT,0.6474454077575957
2021-04-30 00:00:00+00:00,BTCUSDT,0.7307039547289621
2021-05-01 00:00:00+00:00,BTCUSDT,0.38214898997202434
2021-05-02 00:00:00+00:00,BTCUSDT,0.5698844659124219
2021-05-03 00:00:00+00:00,BTCUSDT,0.6807964924995983
2021-05-04 00:00:00+00:00,BTCUSDT,0.9485872943797751
2021-05-05 00:00:00+00:00,BTCUSDT,0.771671421632877
2021-05-06 00:00:00+00:00,BTCUSDT,0.6486522608094007
2021-05-07 00:00:00+00:00,BTCUSDT,0.613941183222011
2021-05-08 00:00:00+00:00,BTCUSDT,0.7243033731122094
2021-05-09 00:00:00+00:00,BTCUSDT,0.7669697195813855
2021-05-10 00:00:00+00:00,BTCUSDT,0.9368811970837885
2021-05-11 00:00:00+00:00,BTCUSDT,0.7407022311058091
2021-05-12 00:00:00+00:00,BTCUSDT,1.5277267174134737
2021-05-13 00:00:00+00:00,BTCUSDT,1.1393154756874486
2021-05-14 00:00:00+00:00,BTCUSDT,0.8756936403600328
2021-05-15 00:00:00+00:00,BTCUSDT,1.0667377317327384
2021-05-16 00:00:00+00:00,BTCUSDT,1.4551041659575672
2021-05-17 00:00:00+00:00,BTCUSDT,1.724003089938057
2021-05-18 00:00:00+00:00,BTCUSDT,1.0651856673053324
2021-05-19 00:00:00+00:00,BTCUSDT,3.291067465514446
2021-05-20 00:00:00+00:00,BTCUSDT,1.8606556134433745
2021-05-21 00:00:00+00:00,BTCUSDT,2.4039472776314534
2021-05-22 00:00:00+00:00,BTCUSDT,1.1157272704529704
2021-05-23 00:00:00+00:00,BTCUSDT,1.8579971123863142
2021-05-24 00:00:00+00:00,BTCUSDT,1.4557200502310323
2021-05-25 00:00:00+00:00,BTCUSDT,1.2299559485366314
2021-05-26 00:00:00+00:00,BTCUSDT,1.201933882580507
2021-05-27 00:00:00+00:00,BTCUSDT,1.1058266373090677
2021-05-28 00:00:00+00:00,BTCUSDT,1.3633769168592655
2021-05-29 00:00:00+00:00,BTCUSDT,1.2393118072552871
2021-05-30 00:00:00+00:00,BTCUSDT,1.0396053446229512
2021-05-31 00:00:00+00:00,BTCUSDT,0.9647646628636821
2021-06-01 00:00:00+00:00,BTCUSDT,1.0273057492420254
2021-06-02 00:00:00+00:00,BTCUSDT,0.548878963025076
2021-06-03 00:00:00+00:00,BTCUSDT,0.7514381380317371
2021-06-04 00:00:00+00:00,BTCUSDT,0.7963159409300202
2021-06-05 00:00:00+00:00,BTCUSDT,1.25119331899006
2021-06-06 00:00:00+00:00,BTCUSDT,0.675749496955853
2021-06-07 00:00:00+00:00,BTCUSDT,0.9431201386855066
2021-06-08 00:00:00+00:00,BTCUSDT,1.1292709195092736
2021-06-09 00:00:00+00:00,BTCUSDT,1.3230121729559239
2021-06-10 00:00:00+00:00,BTCUSDT,0.9484073165135541
2021-06-11 00:00:00+00:00,BTCUSDT,0.7564366121761116
2021-06-12 00:00:00+00:00,BTCUSDT,0.8244812155223858
2021-06-13 00:00:00+00:00,BTCUSDT,1.1488803080589343
2021-06-14 00:00:00+00:00,BTCUSDT,0.8011213399980158
2021-06-15 00:00:00+00:00,BTCUSDT,0.7201565496403227
2021-06-16 00:00:00+00:00,BTCUSDT,0.6305562221150424
2021-06-17 00:00:00+00:00,BTCUSDT,0.6888040758472515
2021-06-18 00:00:00+00:00,BTCUSDT,0.8265816727084478
2021-06-19 00:00:00+00:00,BTCUSDT,0.7483250486828066
2021-06-20 00:00:00+00:00,BTCUSDT,0.8565961459091916
2021-06-21 00:00:00+00:00,BTCUSDT,1.5478293003346368
2021-06-22 00:00:00+00:00,BTCUSDT,1.978586264532462
2021-06-23 00:00:00+00:00,BTCUSDT,1.0819041147114126
2021-06-24 00:00:00+00:00,BTCUSDT,0.8911251890050131
2021-06-25 00:00:00+00:00,BTCUSDT,0.788943361898818
2021-06-26 00:00:00+00:00,BTCUSDT,1.3091213819075107
2021-06-27 00:00:00+00:00,BTCUSDT,1.1506474954341144
2021-06-28 00:00:00+00:00,BTCUSDT,0.776226707915475
2021-06-29 00:00:00+00:00,BTCUSDT,0.7710172474045786
2021-06-30 00:00:00+00:00,BTCUSDT,0.7978276827558808
2021-07-01 00:00:00+00:00,BTCUSDT,0.876868577157998
2021-07-02 00:00:00+00:00,BTCUSDT,0.7103038736196244
2021-07-03 00:00:00+00:00,BTCUSDT,0.5822806775927029
2021-07-04 00:00:00+00:00,BTCUSDT,0.5370187946260475
2021-07-05 00:00:00+00:00,BTCUSDT,0.8279365381630984
2021-07-06 00:00:00+00:00,BTCUSDT,0.8250265018894908
2021-07-07 00:00:00+00:00,BTCUSDT,0.392644416304016
2021-07-08 00:00:00+00:00,BTCUSDT,0.7202000131339658
2021-07-09 00:00:00+00:00,BTCUSDT,0.5669610351208125
2021-07-10 00:00:00+00:00,BTCUSDT,0.5312710403217195
2021-07-11 00:00:00+00:00,BTCUSDT,0.47429544736989054
2021-07-12 00:00:00+00:00,BTCUSDT,0.36615493347351397
2021-07-13 00:00:00+00:00,BTCUSDT,0.6140028704921222
2021-07-14 00:00:00+00:00,BTCUSDT,0.7334606720822027
2021-07-15 00:00:00+00:00,BTCUSDT,0.5512727819184269
2021-07-16 00:00:00+00:00,BTCUSDT,0.6062681456428148
2021-07-17 00:00:00+00:00,BTCUSDT,0.4197307274236612
2021-07-18 00:00:00+00:00,BTCUSDT,0.5266367933511611
2021-07-19 00:00:00+00:00,BTCUSDT,0.4904008348418951
2021-07-20 00:00:00+00:00,BTCUSDT,0.6668363789526417
2021-07-21 00:00:00+00:00,BTCUSDT,0.7531047126170696
2021-07-22 00:00:00+00:00,BTCUSDT,0.4335847988616262
2021-07-23 00:00:00+00:00,BTCUSDT,0.5759973001101212
2021-07-24 00:00:00+00:00,BTCUSDT,0.5221842368665037
2021-07-25 00:00:00+00:00,BTCUSDT,0.5579213727931506
2021-07-26 00:00:00+00:00,BTCUSDT,1.6241147230416118
2021-07-27 00:00:00+00:00,BTCUSDT,0.8028116071978734
2021-07-28 00:00:00+00:00,BTCUSDT,1.4064688019917608
2021-07-29 00:00:00+00:00,BTCUSDT,0.5826014304161099
2021-07-30 00:00:00+00:00,BTCUSDT,0.9362674700461041
2021-07-31 00:00:00+00:00,BTCUSDT,0.45950957233381007
2021-08-01 00:00:00+00:00,BTCUSDT,0.6515746816637792
2021-08-02 00:00:00+00:00,BTCUSDT,0.6517180749537413
2021-08-03 00:00:00+00:00,BTCUSDT,0.5280963676241954
2021-08-04 00:00:00+00:00,BTCUSDT,0.4870872487507425
2021-08-05 00:00:00+00:00,BTCUSDT,0.9693828897460661
2021-08-06 00:00:00+00:00,BTCUSDT,1.0133392607699556
2021-08-07 00:00:00+00:00,BTCUSDT,0.6573703293574681
2021-08-08 00:00:00+00:00,BTCUSDT,0.7232634169037306
2021-08-09 00:00:00+00:00,BTCUSDT,0.8476352063037664
2021-08-10 00:00:00+00:00,BTCUSDT,0.60633444112721
2021-08-11 00:00:00+00:00,BTCUSDT,0.452932041277694
2021-08-12 00:00:00+00:00,BTCUSDT,0.5595292325689841
2021-08-13 00:00:00+00:00,BTCUSDT,
2021-08-14 00:00:00+00:00,BTCUSDT,0.5776634145929164
2021-08-15 00:00:00+00:00,BTCUSDT,0.5301169975819446
2021-08-16 00:00:00+00:00,BTCUSDT,0.6473624254729181
2021-08-17 00:00:00+00:00,BTCUSDT,0.6096081653617947
2021-08-18 00:00:00+00:00,BTCUSDT,0.6095251245833198
2021-08-19 00:00:00+00:00,BTCUSDT,0.6636164048105573
2021-08-20 00:00:00+00:00,BTCUSDT,0.5794561010232675
2021-08-21 00:00:00+00:00,BTCUSDT,0.6716655808569483
2021-08-22 00:00:00+00:00,BTCUSDT,0.5031177924557138
2021-08-23 00:00:00+00:00,BTCUSDT,0.38383547549547664
2021-08-24 00:00:00+00:00,BTCUSDT,0.5205079066968551
2021-08-25 00:00:00+00:00,BTCUSDT,0.6526132676983802
2021-08-26 00:00:00+00:00,BTCUSDT,0.6111803705831894
2021-08-27 00:00:00+00:00,BTCUSDT,0.5313279821137905
2021-08-28 00:00:00+00:00,BTCUSDT,0.29276430127529923
2021-08-29 00:00:00+00:00,BTCUSDT,0.5503218362623401
2021-08-30 00:00:00+00:00,BTCUSDT,0.5561042466080561
2021-08-31 00:00:00+00:00,BTCUSDT,0.5732240923135073
2021-09-01 00:00:00+00:00,BTCUSDT,0.5988172627422441
2021-09-02 00:00:00+00:00,BTCUSDT,0.5889416512305818
2021-09-03 00:00:00+00:00,BTCUSDT,0.64632357822496
2021-09-04 00:00:00+00:00,BTCUSDT,0.44351388713153383
2021-09-05 00:00:00+00:00,BTCUSDT,0.47817410738915944
2021-09-06 00:00:00+00:00,BTCUSDT,0.3200510452389218
2021-09-07 00:00:00+00:00,BTCUSDT,1.4999242947576596
2021-09-08 00:00:00+00:00,BTCUSDT,0.8527646680223304
2021-09-09 00:00:00+00:00,BTCUSDT,0.45515460590681733
2021-09-10 00:00:00+00:00,BTCUSDT,0.6118334829160645
2021-09-11 00:00:00+00:00,BTCUSDT,0.386601499639864
2021-09-12 00:00:00+00:00,BTCUSDT,0.6229668104258529
2021-09-13 00:00:00+00:00,BTCUSDT,1.3371900110956327
2021-09-14 00:00:00+00:00,BTCUSDT,0.4664106600482583
2021-09-15 00:00:00+00:00,BTCUSDT,0.40266204556296814
2021-09-16 00:00:00+00:00,BTCUSDT,0.6157980057294796
2021-09-17 00:00:00+00:00,BTCUSDT,0.5535710201802548
2021-09-18 00:00:00+00:00,BTCUSDT,0.35464593589553417
2021-09-19 00:00:00+00:00,BTCUSDT,0.49091075129922296
2021-09-20 00:00:00+00:00,BTCUSDT,0.9041873906423399
2021-09-21 00:00:00+00:00,BTCUSDT,1.3393320470687209
2021-09-22 00:00:00+00:00,BTCUSDT,0.794899330513361
2021-09-23 00:00:00+00:00,BTCUSDT,0.7098620368884682
2021-09-24 00:00:00+00:00,BTCUSDT,1.283804501506005
2021-09-25 00:00:00+00:00,BTCUSDT,0.42737192314545425
2021-09-26 00:00:00+00:00,BTCUSDT,1.0087343635042136
2021-09-27 00:00:00+00:00,BTCUSDT,0.7402210659957716
2021-09-28 00:00:00+00:00,BTCUSDT,0.5383389570300402
2021-09-29 00:00:00+00:00,BTCUSDT,
2021-09-30 00:00:00+00:00,BTCUSDT,0.7527922682591469
2021-10-01 00:00:00+00:00,BTCUSDT,1.0556236212665253
2021-10-02 00:00:00+00:00,BTCUSDT,0.36250723409152363
2021-10-03 00:00:00+00:00,BTCUSDT,0.5686364563754929
2021-10-04 00:00:00+00:00,BTCUSDT,0.6615176900228095
2021-10-05 00:00:00+00:00,BTCUSDT,0.5116626823057173
2021-10-06 00:00:00+00:00,BTCUSDT,0.8631577520617825
2021-10-07 00:00:00+00:00,BTCUSDT,0.5852879653293858
2021-10-08 00:00:00+00:00,BTCUSDT,0.7221601193542438
2021-10-09 00:00:00+00:00,BTCUSDT,0.32490011676792874
2021-10-10 00:00:00+00:00,BTCUSDT,0.5660383875640375
2021-10-11 00:00:00+00:00,BTCUSDT,0.4846953367680447
2021-10-12 00:00:00+00:00,BTCUSDT,0.5727980902589669
2021-10-13 00:00:00+00:00,BTCUSDT,0.7807597543634455
2021-10-14 00:00:00+00:00,BTCUSDT,0.49037806020038216
2021-10-15 00:00:00+00:00,BTCUSDT,1.0352581105957857
2021-10-16 00:00:00+00:00,BTCUSDT,0.4620824922083689
2021-10-17 00:00:00+00:00,BTCUSDT,0.7014149032258283
2021-10-18 00:00:00+00:00,BTCUSDT,0.6509816021248083
2021-10-19 00:00:00+00:00,BTCUSDT,0.4973458201151513
2021-10-20 00:00:00+00:00,BTCUSDT,0.6465317247987
2021-10-21 00:00:00+00:00,BTCUSDT,0.6342763707486081
2021-10-22 00:00:00+00:00,BTCUSDT,0.7540816551468992
2021-10-23 00:00:00+00:00,BTCUSDT,0.623689076808491
2021-10-24 00:00:00+00:00,BTCUSDT,0.4612809015249308
2021-10-25 00:00:00+00:00,BTCUSDT,0.489283678335222
2021-10-26 00:00:00+00:00,BTCUSDT,0.5943706621344317
2021-10-27 00:00:00+00:00,BTCUSDT,0.5329414589076086
2021-10-28 00:00:00+00:00,BTCUSDT,0.8547597214683258
2021-10-29 00:00:00+00:00,BTCUSDT,0.6274250872395567
2021-10-30 00:00:00+00:00,BTCUSDT,0.3372226736120541
2021-10-31 00:00:00+00:00,BTCUSDT,0.4049913448309429
2021-11-01 00:00:00+00:00,BTCUSDT,0.8182323458299887
2021-11-02 00:00:00+00:00,BTCUSDT,0.6531367473926221
2021-11-03 00:00:00+00:00,BTCUSDT,0.5654833235728692
2021-11-04 00:00:00+00:00,BTCUSDT,0.5101411302785993
2021-11-05 00:00:00+00:00,BTCUSDT,0.5358851004784277
2021-11-06 00:00:00+00:00,BTCUSDT,0.3376648413056782
2021-11-07 00:00:00+00:00,BTCUSDT,0.3170937463223621
2021-11-08 00:00:00+00:00,BTCUSDT,0.7314841149684325
2021-11-09 00:00:00+00:00,BTCUSDT,0.5446749669233816
2021-11-10 00:00:00+00:00,BTCUSDT,0.9222253206028876
2021-11-11 00:00:00+00:00,BTCUSDT,0.3678804578434115
2021-11-12 00:00:00+00:00,BTCUSDT,0.5047507811218478
2021-11-13 00:00:00+00:00,BTCUSDT,0.5033390163721018
2021-11-14 00:00:00+00:00,BTCUSDT,0.46986469628318617
2021-11-15 00:00:00+00:00,BTCUSDT,0.38897039734991584
2021-11-16 00:00:00+00:00,BTCUSDT,0.7319848938748739
2021-11-17 00:00:00+00:00,BTCUSDT,0.7630055649048165
2021-11-18 00:00:00+00:00,BTCUSDT,0.6845971469908346
2021-11-19 00:00:00+00:00,BTCUSDT,0.6842501194795652
2021-11-20 00:00:00+00:00,BTCUSDT,0.6427933684516717
2021-11-21 00:00:00+00:00,BTCUSDT,0.48869987027240586
2021-11-22 00:00:00+00:00,BTCUSDT,0.8693745423792457
2021-11-23 00:00:00+00:00,BTCUSDT,0.6146853631933448
2021-11-24 00:00:00+00:00,BTCUSDT,0.5355613399390163
2021-11-25 00:00:00+00:00,BTCUSDT,0.49037572068787416
2021-11-26 00:00:00+00:00,BTCUSDT,0.7848924987966917
2021-11-27 00:00:00+00:00,BTCUSDT,0.49623193334164944
2021-11-28 00:00:00+00:00,BTCUSDT,0.7618671204405161
2021-11-29 00:00:00+00:00,BTCUSDT,0.6326790672825094
2021-11-30 00:00:00+00:00,BTCUSDT,0.8316055935308477
2021-12-01 00:00:00+00:00,BTCUSDT,0.6444779055814981
2021-12-02 00:00:00+00:00,BTCUSDT,0.5408368450822792
2021-12-03 00:00:00+00:00,BTCUSDT,0.6101785695989694
2021-12-04 00:00:00+00:00,BTCUSDT,1.5610002480716043
2021-12-05 00:00:00+00:00,BTCUSDT,0.7163952956945987
2021-12-06 00:00:00+00:00,BTCUSDT,0.9774927512075645
2021-12-07 00:00:00+00:00,BTCUSDT,0.5231899866914013
2021-12-08 00:00:00+00:00,BTCUSDT,0.865866972629134
2021-12-09 00:00:00+00:00,BTCUSDT,0.5593880285018779
2021-12-10 00:00:00+00:00,BTCUSDT,0.8864699583658804
2021-12-11 00:00:00+00:00,BTCUSDT,0.5114656581281171
2021-12-12 00:00:00+00:00,BTCUSDT,0.4889082878896463
2021-12-13 00:00:00+00:00,BTCUSDT,0.6939553532411625
2021-12-14 00:00:00+00:00,BTCUSDT,0.7071132818633205
2021-12-15 00:00:00+00:00,BTCUSDT,0.7608757636489057
2021-12-16 00:00:00+00:00,BTCUSDT,0.47151271424792285
2021-12-17 00:00:00+00:00,BTCUSDT,0.7854018417234016
2021-12-18 00:00:00+00:00,BTCUSDT,0.602317489952387
2021-12-19 00:00:00+00:00,BTCUSDT,0.6274530814636983
2021-12-20 00:00:00+00:00,BTCUSDT,0.6296959248051069
2021-12-21 00:00:00+00:00,BTCUSDT,0.6067505932430906
2021-12-22 00:00:00+00:00,BTCUSDT,0.471595211330514
2021-12-23 00:00:00+00:00,BTCUSDT,0.5672442866620375
2021-12-24 00:00:00+00:00,BTCUSDT,
2021-12-25 00:00:00+00:00,BTCUSDT,0.26926272050591477
2021-12-26 00:00:00+00:00,BTCUSDT,0.40299606169378055
2021-12-27 00:00:00+00:00,BTCUSDT,0.40306616302334647
2021-12-28 00:00:00+00:00,BTCUSDT,0.5009710837202194
2021-12-29 00:00:00+00:00,BTCUSDT,0.7047162775125542
2021-12-30 00:00:00+00:00,BTCUSDT,0.4578405596274154
2021-12-31 00:00:00+00:00,BTCUSDT,0.8095559888320919
2022-01-01 00:00:00+00:00,BTCUSDT,0.46898114852901107
2022-01-02 00:00:00+00:00,BTCUSDT,0.41645354703045356
2022-01-03 00:00:00+00:00,BTCUSDT,0.39368661237388436
2022-01-04 00:00:00+00:00,BTCUSDT,0.577912166006963
2022-01-05 00:00:00+00:00,BTCUSDT,0.7752416314645693
2022-01-06 00:00:00+00:00,BTCUSDT,0.5019063521652051
2022-01-07 00:00:00+00:00,BTCUSDT,0.9507057929318582
2022-01-08 00:00:00+00:00,BTCUSDT,0.5957190094541388
2022-01-09 00:00:00+00:00,BTCUSDT,0.6090590221483586
2022-01-10 00:00:00+00:00,BTCUSDT,0.7959739072895162
2022-01-11 00:00:00+00:00,BTCUSDT,0.6106379273064404
2022-01-12 00:00:00+00:00,BTCUSDT,0.4245901761230947
2022-01-13 00:00:00+00:00,BTCUSDT,0.5478826928451694
2022-01-14 00:00:00+00:00,BTCUSDT,0.5425743353437023
2022-01-15 00:00:00+00:00,BTCUSDT,0.3215363031088133
2022-01-16 00:00:00+00:00,BTCUSDT,0.3291250423517181
2022-01-17 00:00:00+00:00,BTCUSDT,0.36448055314073724
2022-01-18 00:00:00+00:00,BTCUSDT,0.4482806729959281
2022-01-19 00:00:00+00:00,BTCUSDT,0.6235294748711194
2022-01-20 00:00:00+00:00,BTCUSDT,0.844631125701365
2022-01-21 00:00:00+00:00,BTCUSDT,1.4313556147784772
2022-01-22 00:00:00+00:00,BTCUSDT,1.0429288460463526
2022-01-23 00:00:00+00:00,BTCUSDT,0.8343078981895051
2022-01-24 00:00:00+00:00,BTCUSDT,1.514616108268284
2022-01-25 00:00:00+00:00,BTCUSDT,0.696878728069847
2022-01-26 00:00:00+00:00,BTCUSDT,0.8667290787592599
2022-01-27 00:00:00+00:00,BTCUSDT,0.9886780772713932
2022-01-28 00:00:00+00:00,BTCUSDT,0.6859059352827046
2022-01-29 00:00:00+00:00,BTCUSDT,0.5100639655438964
2022-01-30 00:00:00+00:00,BTCUSDT,0.42975544425765966
2022-01-31 00:00:00+00:00,BTCUSDT,0.7290989505788154
2022-02-01 00:00:00+00:00,BTCUSDT,0.5551880804518718
2022-02-02 00:00:00+00:00,BTCUSDT,0.5842721120686497
2022-02-03 00:00:00+00:00,BTCUSDT,0.6379435694600452
2022-02-04 00:00:00+00:00,BTCUSDT,1.069281868886608
2022-02-05 00:00:00+00:00,BTCUSDT,0.3903516158790453
2022-02-06 00:00:00+00:00,BTCUSDT,0.48827843567042134
2022-02-07 00:00:00+00:00,BTCUSDT,0.593327744071366
2022-02-08 00:00:00+00:00,BTCUSDT,0.8478109979175332
2022-02-09 00:00:00+00:00,BTCUSDT,0.5514328103221617
2022-02-10 00:00:00+00:00,BTCUSDT,0.9274877091985819
2022-02-11 00:00:00+00:00,BTCUSDT,0.6835986229411685
2022-02-12 00:00:00+00:00,BTCUSDT,0.5490952385289669
2022-02-13 00:00:00+00:00,BTCUSDT,0.40144794872375106
2022-02-14 00:00:00+00:00,BTCUSDT,0.5097886307078104
2022-02-15 00:00:00+00:00,BTCUSDT,0.5073165635028423
2022-02-16 00:00:00+00:00,BTCUSDT,0.39531883879435836
2022-02-17 00:00:00+00:00,BTCUSDT,0.6061539276701623
2022-02-18 00:00:00+00:00,BTCUSDT,0.5313547109644254
2022-02-19 00:00:00+00:00,BTCUSDT,0.321367506926938
2022-02-20 00:00:00+00:00,BTCUSDT,0.6155126488562731
2022-02-21 00:00:00+00:00,BTCUSDT,1.2480566236022272
2022-02-22 00:00:00+00:00,BTCUSDT,0.6178739709759651
2022-02-23 00:00:00+00:00,BTCUSDT,0.619842838252922
2022-02-24 00:00:00+00:00,BTCUSDT,1.3710158298673134
2022-02-25 00:00:00+00:00,BTCUSDT,0.7328003638239562
2022-02-26 00:00:00+00:00,BTCUSDT,0.49197099871258215
2022-02-27 00:00:00+00:00,BTCUSDT,1.0558308638911682
2022-02-28 00:00:00+00:00,BTCUSDT,1.276210864411324
2022-03-01 00:00:00+00:00,BTCUSDT,0.7286073652757136
2022-03-02 00:00:00+00:00,BTCUSDT,0.8164897804636584
2022-03-03 00:00:00+00:00,BTCUSDT,0.6544371066862557
2022-03-04 00:00:00+00:00,BTCUSDT,0.6403182816930651
2022-03-05 00:00:00+00:00,BTCUSDT,0.34309293471451324
2022-03-06 00:00:00+00:00,BTCUSDT,0.6156596023073174
2022-03-07 00:00:00+00:00,BTCUSDT,0.7944356947832789
2022-03-08 00:00:00+00:00,BTCUSDT,0.6273972117170618
2022-03-09 00:00:00+00:00,BTCUSDT,0.9999186459912435
2022-03-10 00:00:00+00:00,BTCUSDT,0.8543334907478908
2022-03-11 00:00:00+00:00,BTCUSDT,0.8835171827327262
2022-03-12 00:00:00+00:00,BTCUSDT,0.33196943191976547
2022-03-13 00:00:00+00:00,BTCUSDT,0.6113788035589087
2022-03-14 00:00:00+00:00,BTCUSDT,0.5116791048857521
2022-03-15 00:00:00+00:00,BTCUSDT,0.602323720069275
2022-03-16 00:00:00+00:00,BTCUSDT,1.3643998937749096
2022-03-17 00:00:00+00:00,BTCUSDT,0.4075138296199287
2022-03-18 00:00:00+00:00,BTCUSDT,0.5322471714854644
2022-03-19 00:00:00+00:00,BTCUSDT,0.24780234681780838
2022-03-20 00:00:00+00:00,BTCUSDT,0.27145565888740464
2022-03-21 00:00:00+00:00,BTCUSDT,0.4545275297571188
2022-03-22 00:00:00+00:00,BTCUSDT,0.7124704561648411
2022-03-23 00:00:00+00:00,BTCUSDT,0.4738650831669977
2022-03-24 00:00:00+00:00,BTCUSDT,0.44309627767743265
2022-03-25 00:00:00+00:00,BTCUSDT,0.4130622057146533
2022-03-26 00:00:00+00:00,BTCUSDT,0.2077620111218024
2022-03-27 00:00:00+00:00,BTCUSDT,0.6164490051650118
2022-03-28 00:00:00+00:00,BTCUSDT,0.39795630141819494
2022-03-29 00:00:00+00:00,BTCUSDT,0.3545882940853738
2022-03-30 00:00:00+00:00,BTCUSDT,0.47034560370463546
2022-03-31 00:00:00+00:00,BTCUSDT,0.50537313314052
2022-04-01 00:00:00+00:00,BTCUSDT,0.6471537639726443
2022-04-02 00:00:00+00:00,BTCUSDT,0.4717744704641451
2022-04-03 00:00:00+00:00,BTCUSDT,0.4646469607854152
2022-04-04 00:00:00+00:00,BTCUSDT,0.4808745489625928
2022-04-05 00:00:00+00:00,BTCUSDT,0.3809159083191226
2022-04-06 00:00:00+00:00,BTCUSDT,0.462279846393249
2022-04-07 00:00:00+00:00,BTCUSDT,0.4255385656763374
2022-04-08 00:00:00+00:00,BTCUSDT,0.5573457741004624
2022-04-09 00:00:00+00:00,BTCUSDT,0.2917907800698748
2022-04-10 00:00:00+00:00,BTCUSDT,0.4240344581047968
2022-04-11 00:00:00+00:00,BTCUSDT,0.6665068103131517
2022-04-12 00:00:00+00:00,BTCUSDT,0.5111112306056939
2022-04-13 00:00:00+00:00,BTCUSDT,0.6000820981253837
2022-04-14 00:00:00+00:00,BTCUSDT,0.4749710871092827
2022-04-15 00:00:00+00:00,BTCUSDT,0.2990476692981187
2022-04-16 00:00:00+00:00,BTCUSDT,0.280803646420417
2022-04-17 00:00:00+00:00,BTCUSDT,0.3130407325737112
2022-04-18 00:00:00+00:00,BTCUSDT,0.7287918020387278
2022-04-19 00:00:00+00:00,BTCUSDT,0.3590153917033432
2022-04-20 00:00:00+00:00,BTCUSDT,0.46353880593829483
2022-04-21 00:00:00+00:00,BTCUSDT,0.575555500679338
2022-04-22 00:00:00+00:00,BTCUSDT,0.39482479290966477
2022-04-23 00:00:00+00:00,BTCUSDT,0.26183760217601193
2022-04-24 00:00:00+00:00,BTCUSDT,0.28879590159643637
2022-04-25 00:00:00+00:00,BTCUSDT,0.6502464768341271
2022-04-26 00:00:00+00:00,BTCUSDT,0.5405555476078622
2022-04-27 00:00:00+00:00,BTCUSDT,0.6101575409541115
2022-04-28 00:00:00+00:00,BTCUSDT,0.490913448968258
2022-04-29 00:00:00+00:00,BTCUSDT,0.502328268151502
2022-04-30 00:00:00+00:00,BTCUSDT,0.4038016344280068
2022-05-01 00:00:00+00:00,BTCUSDT,0.5150306751769015
2022-05-02 00:00:00+00:00,BTCUSDT,0.48044105530495207
2022-05-03 00:00:00+00:00,BTCUSDT,0.2574765527587462
2022-05-04 00:00:00+00:00,BTCUSDT,0.4757068493568072
2022-05-05 00:00:00+00:00,BTCUSDT,0.8790486601554808
2022-05-06 00:00:00+00:00,BTCUSDT,0.4773163594761404
2022-05-07 00:00:00+00:00,BTCUSDT,0.539824053083233
2022-05-08 00:00:00+00:00,BTCUSDT,0.6119786814275742
2022-05-09 00:00:00+00:00,BTCUSDT,1.057945027565148
2022-05-10 00:00:00+00:00,BTCUSDT,1.3554297282177437
2022-05-11 00:00:00+00:00,BTCUSDT,2.5125766369745417
2022-05-12 00:00:00+00:00,BTCUSDT,1.988609091493176
2022-05-13 00:00:00+00:00,BTCUSDT,1.00529490145871
2022-05-14 00:00:00+00:00,BTCUSDT,0.7523306948215069
2022-05-15 00:00:00+00:00,BTCUSDT,0.6643455949053971
2022-05-16 00:00:00+00:00,BTCUSDT,0.9617471599422441
2022-05-17 00:00:00+00:00,BTCUSDT,0.6549769498332302
2022-05-18 00:00:00+00:00,BTCUSDT,0.6313903480071863
2022-05-19 00:00:00+00:00,BTCUSDT,0.6984070878965736
2022-05-20 00:00:00+00:00,BTCUSDT,0.7723024238601559
2022-05-21 00:00:00+00:00,BTCUSDT,0.23585606716377744
2022-05-22 00:00:00+00:00,BTCUSDT,0.551701240209016
2022-05-23 00:00:00+00:00,BTCUSDT,0.6467783591919829
2022-05-24 00:00:00+00:00,BTCUSDT,0.4423611351991177
2022-05-25 00:00:00+00:00,BTCUSDT,0.5545536456509292
2022-05-26 00:00:00+00:00,BTCUSDT,0.7385799188701444
2022-05-27 00:00:00+00:00,BTCUSDT,0.6787630889584431
2022-05-28 00:00:00+00:00,BTCUSDT,0.2818099800253934
2022-05-29 00:00:00+00:00,BTCUSDT,0.2750392659759655
2022-05-30 00:00:00+00:00,BTCUSDT,0.691797564978951
2022-05-31 00:00:00+00:00,BTCUSDT,0.5357156677454132
2022-06-01 00:00:00+00:00,BTCUSDT,0.635019969102407
2022-06-02 00:00:00+00:00,BTCUSDT,0.33398988209598013
2022-06-03 00:00:00+00:00,BTCUSDT,0.4869057053267724
2022-06-04 00:00:00+00:00,BTCUSDT,0.2780252137802689
2022-06-05 00:00:00+00:00,BTCUSDT,0.2870976215691277
2022-06-06 00:00:00+00:00,BTCUSDT,0.5164081603027254
2022-06-07 00:00:00+00:00,BTCUSDT,1.1424343461190356
2022-06-08 00:00:00+00:00,BTCUSDT,0.8921167852484684
2022-06-09 00:00:00+00:00,BTCUSDT,0.34592573081301226
2022-06-10 00:00:00+00:00,BTCUSDT,0.5523396665530497
2022-06-11 00:00:00+00:00,BTCUSDT,0.5538656497058438
2022-06-12 00:00:00+00:00,BTCUSDT,0.9779836543162626
2022-06-13 00:00:00+00:00,BTCUSDT,1.2721592702376896
2022-06-14 00:00:00+00:00,BTCUSDT,1.862202541560956
2022-06-15 00:00:00+00:00,BTCUSDT,1.7186139012162749
2022-06-16 00:00:00+00:00,BTCUSDT,0.7212451606774881
2022-06-17 00:00:00+00:00,BTCUSDT,0.9090161554809357
2022-06-18 00:00:00+00:00,BTCUSDT,1.688325840548036
2022-06-19 00:00:00+00:00,BTCUSDT,1.8186078278776705
2022-06-20 00:00:00+00:00,BTCUSDT,1.209825437423194
2022-06-21 00:00:00+00:00,BTCUSDT,0.9264996009728614
2022-06-22 00:00:00+00:00,BTCUSDT,0.9490677777287232
2022-06-23 00:00:00+00:00,BTCUSDT,0.8657222762774853
2022-06-24 00:00:00+00:00,BTCUSDT,0.5788940547125224
2022-06-25 00:00:00+00:00,BTCUSDT,0.5452594309016958
2022-06-26 00:00:00+00:00,BTCUSDT,0.5045583045000037
2022-06-27 00:00:00+00:00,BTCUSDT,0.5813502243524367
2022-06-28 00:00:00+00:00,BTCUSDT,0.5816554906493995
2022-06-29 00:00:00+00:00,BTCUSDT,0.4502115454391926
2022-06-30 00:00:00+00:00,BTCUSDT,1.3902233845223477
2022-07-01 00:00:00+00:00,BTCUSDT,0.9502368983467041
2022-07-02 00:00:00+00:00,BTCUSDT,0.3297153256292621
2022-07-03 00:00:00+00:00,BTCUSDT,0.4880182082122312
2022-07-04 00:00:00+00:00,BTCUSDT,0.635789038333392
2022-07-05 00:00:00+00:00,BTCUSDT,0.8297071961647026
2022-07-06 00:00:00+00:00,BTCUSDT,0.5392027327407485
2022-07-07 00:00:00+00:00,BTCUSDT,0.8037721257159389
2022-07-08 00:00:00+00:00,BTCUSDT,0.8930548014484075
2022-07-09 00:00:00+00:00,BTCUSDT,0.45977222122562716
2022-07-10 00:00:00+00:00,BTCUSDT,0.4434469254472631
2022-07-11 00:00:00+00:00,BTCUSDT,0.5136966213927536
2022-07-12 00:00:00+00:00,BTCUSDT,0.5640060220948576
2022-07-13 00:00:00+00:00,BTCUSDT,1.020495579819796
2022-07-14 00:00:00+00:00,BTCUSDT,0.8516524588451365
2022-07-15 00:00:00+00:00,BTCUSDT,0.6452055848283922
2022-07-16 00:00:00+00:00,BTCUSDT,0.6462123652080216
2022-07-17 00:00:00+00:00,BTCUSDT,0.558134602611912
2022-07-18 00:00:00+00:00,BTCUSDT,1.1733296516300824
2022-07-19 00:00:00+00:00,BTCUSDT,0.8247771569373866
2022-07-20 00:00:00+00:00,BTCUSDT,1.0242255553496062
2022-07-21 00:00:00+00:00,BTCUSDT,0.8309574588889009
2022-07-22 00:00:00+00:00,BTCUSDT,0.6982845149177566
2022-07-23 00:00:00+00:00,BTCUSDT,0.5257702696430894
2022-07-24 00:00:00+00:00,BTCUSDT,0.5384360454214994
2022-07-25 00:00:00+00:00,BTCUSDT,0.652086714818461
2022-07-26 00:00:00+00:00,BTCUSDT,0.49851528434900005
2022-07-27 00:00:00+00:00,BTCUSDT,0.908208314648948
2022-07-28 00:00:00+00:00,BTCUSDT,0.8988683486117718
2022-07-29 00:00:00+00:00,BTCUSDT,0.5756014199639176
2022-07-30 00:00:00+00:00,BTCUSDT,0.714227212968196
2022-07-31 00:00:00+00:00,BTCUSDT,0.38609962052692565
2022-08-01 00:00:00+00:00,BTCUSDT,0.5266548604087244
2022-08-02 00:00:00+00:00,BTCUSDT,0.5805677181652458
2022-08-03 00:00:00+00:00,BTCUSDT,0.5303402154599675
2022-08-04 00:00:00+00:00,BTCUSDT,0.4934646305815024
2022-08-05 00:00:00+00:00,BTCUSDT,0.6003808144619042
2022-08-06 00:00:00+00:00,BTCUSDT,0.23413315623547537
2022-08-07 00:00:00+00:00,BTCUSDT,0.2742094793233613
2022-08-08 00:00:00+00:00,BTCUSDT,0.48832636833106735
2022-08-09 00:00:00+00:00,BTCUSDT,0.3535391690411902
2022-08-10 00:00:00+00:00,BTCUSDT,0.915754244359097
2022-08-11 00:00:00+00:00,BTCUSDT,0.6396357305351333
2022-08-12 00:00:00+00:00,BTCUSDT,0.3757011564910103
2022-08-13 00:00:00+00:00,BTCUSDT,0.3511185907409062
2022-08-14 00:00:00+00:00,BTCUSDT,0.37657504220687493
2022-08-15 00:00:00+00:00,BTCUSDT,0.752685326048921
2022-08-16 00:00:00+00:00,BTCUSDT,0.3419482251692393
2022-08-17 00:00:00+00:00,BTCUSDT,0.663403815733683
2022-08-18 00:00:00+00:00,BTCUSDT,0.2816861802909167
2022-08-19 00:00:00+00:00,BTCUSDT,0.8549649408520698
2022-08-20 00:00:00+00:00,BTCUSDT,0.5144461876663431
2022-08-21 00:00:00+00:00,BTCUSDT,0.30430834575142024
2022-08-22 00:00:00+00:00,BTCUSDT,0.5122768334082347
2022-08-23 00:00:00+00:00,BTCUSDT,0.4956480366531135
2022-08-24 00:00:00+00:00,BTCUSDT,0.39613457083835724
2022-08-25 00:00:00+00:00,BTCUSDT,0.33194951066747175
2022-08-26 00:00:00+00:00,BTCUSDT,0.8974310371996299
2022-08-27 00:00:00+00:00,BTCUSDT,0.3232531916825467
2022-08-28 00:00:00+00:00,BTCUSDT,0.4034325170054394
2022-08-29 00:00:00+00:00,BTCUSDT,0.3665076846177255
2022-08-30 00:00:00+00:00,BTCUSDT,0.5927258798747596
2022-08-31 00:00:00+00:00,BTCUSDT,0.5491999833660497
2022-09-01 00:00:00+00:00,BTCUSDT,0.4610729648661706
2022-09-02 00:00:00+00:00,BTCUSDT,0.5130469393826054
2022-09-03 00:00:00+00:00,BTCUSDT,0.20502994744546177
2022-09-04 00:00:00+00:00,BTCUSDT,0.3389885645657488
2022-09-05 00:00:00+00:00,BTCUSDT,0.281378996244107
2022-09-06 00:00:00+00:00,BTCUSDT,0.8799633734718466
2022-09-07 00:00:00+00:00,BTCUSDT,0.5244289751861865
2022-09-08 00:00:00+00:00,BTCUSDT,0.40324680049541595
2022-09-09 00:00:00+00:00,BTCUSDT,0.7903932466561393
2022-09-10 00:00:00+00:00,BTCUSDT,0.5321237599120041
2022-09-11 00:00:00+00:00,BTCUSDT,0.41303674342227337
2022-09-12 00:00:00+00:00,BTCUSDT,0.688463614188194
2022-09-13 00:00:00+00:00,BTCUSDT,1.1765249610470123
2022-09-14 00:00:00+00:00,BTCUSDT,0.5890311542536765
2022-09-15 00:00:00+00:00,BTCUSDT,0.5155836845767346
2022-09-16 00:00:00+00:00,BTCUSDT,0.44127710635794726
2022-09-17 00:00:00+00:00,BTCUSDT,0.31610245195581704
2022-09-18 00:00:00+00:00,BTCUSDT,0.44008056370494936
2022-09-19 00:00:00+00:00,BTCUSDT,1.1491988953048398
2022-09-20 00:00:00+00:00,BTCUSDT,0.6083294845673561
2022-09-21 00:00:00+00:00,BTCUSDT,1.13809106633169
2022-09-22 00:00:00+00:00,BTCUSDT,0.6392483408194163
2022-09-23 00:00:00+00:00,BTCUSDT,0.6275775124918017
2022-09-24 00:00:00+00:00,BTCUSDT,0.3377874426140617
2022-09-25 00:00:00+00:00,BTCUSDT,0.32550096110494314
2022-09-26 00:00:00+00:00,BTCUSDT,0.6417160346969464
2022-09-27 00:00:00+00:00,BTCUSDT,1.0981167175550008
2022-09-28 00:00:00+00:00,BTCUSDT,0.7657835556231339
2022-09-29 00:00:00+00:00,BTCUSDT,0.6045445847827509
2022-09-30 00:00:00+00:00,BTCUSDT,0.7236588018086674
2022-10-01 00:00:00+00:00,BTCUSDT,0.14363806913157423
2022-10-02 00:00:00+00:00,BTCUSDT,0.2706685729409123
2022-10-03 00:00:00+00:00,BTCUSDT,0.43191032812064745
2022-10-04 00:00:00+00:00,BTCUSDT,0.3749345671363544
2022-10-05 00:00:00+00:00,BTCUSDT,0.4744425033699034
2022-10-06 00:00:00+00:00,BTCUSDT,0.35463902836161143
2022-10-07 00:00:00+00:00,BTCUSDT,0.47548242316229433
2022-10-08 00:00:00+00:00,BTCUSDT,0.2241437037088187
2022-10-09 00:00:00+00:00,BTCUSDT,0.1763148090363164
2022-10-10 00:00:00+00:00,BTCUSDT,0.4032970071670259
2022-10-11 00:00:00+00:00,BTCUSDT,0.3057267459143811
2022-10-12 00:00:00+00:00,BTCUSDT,0.15702636512439658
2022-10-13 00:00:00+00:00,BTCUSDT,0.8645957901859
2022-10-14 00:00:00+00:00,BTCUSDT,0.6522070713798958
2022-10-15 00:00:00+00:00,BTCUSDT,0.14216918578548027
2022-10-16 00:00:00+00:00,BTCUSDT,0.3775493515456636
2022-10-17 00:00:00+00:00,BTCUSDT,0.23619843374097257
2022-10-18 00:00:00+00:00,BTCUSDT,0.380027944818429
2022-10-19 00:00:00+00:00,BTCUSDT,0.2575407019320612
2022-10-20 00:00:00+00:00,BTCUSDT,0.3549321908776398
2022-10-21 00:00:00+00:00,BTCUSDT,0.34449063659428314
2022-10-22 00:00:00+00:00,BTCUSDT,0.10645828690197219
2022-10-23 00:00:00+00:00,BTCUSDT,0.3280515733837834
2022-10-24 00:00:00+00:00,BTCUSDT,0.19931550717100102
2022-10-25 00:00:00+00:00,BTCUSDT,0.4928274351406602
2022-10-26 00:00:00+00:00,BTCUSDT,0.503193420178661
2022-10-27 00:00:00+00:00,BTCUSDT,0.3905356313476101
2022-10-28 00:00:00+00:00,BTCUSDT,0.4341798900395136
2022-10-29 00:00:00+00:00,BTCUSDT,0.3491664754530123
2022-10-30 00:00:00+00:00,BTCUSDT,0.29827618819505247
2022-10-31 00:00:00+00:00,BTCUSDT,0.46976794759541207
2022-11-01 00:00:00+00:00,BTCUSDT,0.24384747315992925
2022-11-02 00:00:00+00:00,BTCUSDT,0.29911227164702353
2022-11-03 00:00:00+00:00,BTCUSDT,0.32824282716820885
2022-11-04 00:00:00+00:00,BTCUSDT,0.6775815205214775
2022-11-05 00:00:00+00:00,BTCUSDT,0.3441348978301165
2022-11-06 00:00:00+00:00,BTCUSDT,0.2836497676079855
2022-11-07 00:00:00+00:00,BTCUSDT,0.449045578929011
2022-11-08 00:00:00+00:00,BTCUSDT,1.8522314833169036
2022-11-09 00:00:00+00:00,BTCUSDT,1.2676942730476668
2022-11-10 00:00:00+00:00,BTCUSDT,1.7787898016973738
2022-11-11 00:00:00+00:00,BTCUSDT,0.8376550449852425
2022-11-12 00:00:00+00:00,BTCUSDT,0.32645724124503384
2022-11-13 00:00:00+00:00,BTCUSDT,0.4053352175690148
2022-11-14 00:00:00+00:00,BTCUSDT,1.2269826036555567
2022-11-15 00:00:00+00:00,BTCUSDT,0.5880178485423972
2022-11-16 00:00:00+00:00,BTCUSDT,0.36939046565536515
2022-11-17 00:00:00+00:00,BTCUSDT,0.3285365913778073
2022-11-18 00:00:00+00:00,BTCUSDT,0.37922534192969604
2022-11-19 00:00:00+00:00,BTCUSDT,0.16202335712723154
2022-11-20 00:00:00+00:00,BTCUSDT,0.378683212949218
2022-11-21 00:00:00+00:00,BTCUSDT,0.559641421593876
2022-11-22 00:00:00+00:00,BTCUSDT,0.5844948103070926
2022-11-23 00:00:00+00:00,BTCUSDT,0.5754828009331546
2022-11-24 00:00:00+00:00,BTCUSDT,0.32604987123736356
2022-11-25 00:00:00+00:00,BTCUSDT,0.2255432006464344
2022-11-26 00:00:00+00:00,BTCUSDT,0.20422292392505456
2022-11-27 00:00:00+00:00,BTCUSDT,0.22037247440432187
2022-11-28 00:00:00+00:00,BTCUSDT,0.5002686790101148
2022-11-29 00:00:00+00:00,BTCUSDT,0.28535747849538506
2022-11-30 00:00:00+00:00,BTCUSDT,0.5773788475582391
2022-12-01 00:00:00+00:00,BTCUSDT,0.2136255106536715
2022-12-02 00:00:00+00:00,BTCUSDT,0.2688309099788989
2022-12-03 00:00:00+00:00,BTCUSDT,0.11387453699471525
2022-12-04 00:00:00+00:00,BTCUSDT,0.14818902794304054
2022-12-05 00:00:00+00:00,BTCUSDT,0.35066679078681456
2022-12-06 00:00:00+00:00,BTCUSDT,0.20210335494565312
2022-12-07 00:00:00+00:00,BTCUSDT,0.2734675195136842
2022-12-08 00:00:00+00:00,BTCUSDT,0.3506571525312796
2022-12-09 00:00:00+00:00,BTCUSDT,0.16476729676575438
2022-12-10 00:00:00+00:00,BTCUSDT,0.10161592362181494
2022-12-11 00:00:00+00:00,BTCUSDT,0.11635445104930457
2022-12-12 00:00:00+00:00,BTCUSDT,0.23445671410115856
2022-12-13 00:00:00+00:00,BTCUSDT,0.6599444366143322
2022-12-14 00:00:00+00:00,BTCUSDT,0.5575993854385697
2022-12-15 00:00:00+00:00,BTCUSDT,0.3313290313615016
2022-12-16 00:00:00+00:00,BTCUSDT,0.5032622974719595
2022-12-17 00:00:00+00:00,BTCUSDT,0.1728067364961114
2022-12-18 00:00:00+00:00,BTCUSDT,0.1242217952520863
2022-12-19 00:00:00+00:00,BTCUSDT,0.2819724555517076
2022-12-20 00:00:00+00:00,BTCUSDT,0.3080500147957659
2022-12-21 00:00:00+00:00,BTCUSDT,0.22357778545852852
2022-12-22 00:00:00+00:00,BTCUSDT,0.2536321714460085
2022-12-23 00:00:00+00:00,BTCUSDT,0.14467976347049324
2022-12-24 00:00:00+00:00,BTCUSDT,0.07060302881776143
2022-12-25 00:00:00+00:00,BTCUSDT,0.11211042063102487
2022-12-26 00:00:00+00:00,BTCUSDT,0.13381964661672144
2022-12-27 00:00:00+00:00,BTCUSDT,0.19261710459934625
2022-12-28 00:00:00+00:00,BTCUSDT,0.270449427520441
2022-12-29 00:00:00+00:00,BTCUSDT,0.12419858246063302
2022-12-30 00:00:00+00:00,BTCUSDT,0.24854599169930736
2022-12-31 00:00:00+00:00,BTCUSDT,0.0928501884930586
2023-01-01 00:00:00+00:00,BTCUSDT,0.07076121124748219
2023-01-02 00:00:00+00:00,BTCUSDT,0.18571475901850087
2023-01-03 00:00:00+00:00,BTCUSDT,0.13624151446039184
2023-01-04 00:00:00+00:00,BTCUSDT,0.23518154904684363
2023-01-05 00:00:00+00:00,BTCUSDT,0.11351721265268984
2023-01-06 00:00:00+00:00,BTCUSDT,0.20117051207388514
2023-01-07 00:00:00+00:00,BTCUSDT,0.07042881435708301
2023-01-08 00:00:00+00:00,BTCUSDT,0.22502295016620263
2023-01-09 00:00:00+00:00,BTCUSDT,0.19208332928858687
2023-01-10 00:00:00+00:00,BTCUSDT,0.18869688737347645
2023-01-11 00:00:00+00:00,BTCUSDT,0.47598132153009237
2023-01-12 00:00:00+00:00,BTCUSDT,0.9770714467869106
2023-01-13 00:00:00+00:00,BTCUSDT,0.5556920725331204
2023-01-14 00:00:00+00:00,BTCUSDT,1.1227208459619034
2023-01-15 00:00:00+00:00,BTCUSDT,0.3480487148835723
2023-01-16 00:00:00+00:00,BTCUSDT,0.5424744354133234
2023-01-17 00:00:00+00:00,BTCUSDT,0.31087424396624685
2023-01-18 00:00:00+00:00,BTCUSDT,0.5086084782354786
2023-01-19 00:00:00+00:00,BTCUSDT,0.3005354424633579
2023-01-20 00:00:00+00:00,BTCUSDT,0.7762943232366506
2023-01-21 00:00:00+00:00,BTCUSDT,0.6479761245057625
2023-01-22 00:00:00+00:00,BTCUSDT,0.4297044059455971
2023-01-23 00:00:00+00:00,BTCUSDT,0.4670131871517556
2023-01-24 00:00:00+00:00,BTCUSDT,0.33687115556841596
2023-01-25 00:00:00+00:00,BTCUSDT,0.9052825712582603
2023-01-26 00:00:00+00:00,BTCUSDT,0.2986158184911824
2023-01-27 00:00:00+00:00,BTCUSDT,0.4572638635237546
2023-01-28 00:00:00+00:00,BTCUSDT,0.15995100083513086
2023-01-29 00:00:00+00:00,BTCUSDT,0.3579593939967769
2023-01-30 00:00:00+00:00,BTCUSDT,0.5295819079361114
2023-01-31 00:00:00+00:00,BTCUSDT,0.38685110605824574
2023-02-01 00:00:00+00:00,BTCUSDT,0.3661036006391145
2023-02-02 00:00:00+00:00,BTCUSDT,0.6944860981441124
2023-02-03 00:00:00+00:00,BTCUSDT,0.3129042917313861
2023-02-04 00:00:00+00:00,BTCUSDT,0.15162555098004504
2023-02-05 00:00:00+00:00,BTCUSDT,0.28636372181154107
2023-02-06 00:00:00+00:00,BTCUSDT,0.3109487456409129
2023-02-07 00:00:00+00:00,BTCUSDT,0.4759548410779419
2023-02-08 00:00:00+00:00,BTCUSDT,0.27045152937190287
2023-02-09 00:00:00+00:00,BTCUSDT,0.5433325080787761
2023-02-10 00:00:00+00:00,BTCUSDT,0.352887487299578
2023-02-11 00:00:00+00:00,BTCUSDT,0.17027535990738166
2023-02-12 00:00:00+00:00,BTCUSDT,0.28439916685152644
2023-02-13 00:00:00+00:00,BTCUSDT,0.36702605517055853
2023-02-14 00:00:00+00:00,BTCUSDT,0.5724531623818412
2023-02-15 00:00:00+00:00,BTCUSDT,0.8113010895305145
2023-02-16 00:00:00+00:00,BTCUSDT,0.9085919660132209
2023-02-17 00:00:00+00:00,BTCUSDT,0.5881131540922352
2023-02-18 00:00:00+00:00,BTCUSDT,0.24677116948637504
2023-02-19 00:00:00+00:00,BTCUSDT,0.476066599655699
2023-02-20 00:00:00+00:00,BTCUSDT,0.4202062588571102
2023-02-21 00:00:00+00:00,BTCUSDT,0.526243843141556
2023-02-22 00:00:00+00:00,BTCUSDT,0.4889136227278602
2023-02-23 00:00:00+00:00,BTCUSDT,0.5913868393744066
2023-02-24 00:00:00+00:00,BTCUSDT,0.46818476351857957
2023-02-25 00:00:00+00:00,BTCUSDT,0.26599451206414726
2023-02-26 00:00:00+00:00,BTCUSDT,0.34873643014710065
2023-02-27 00:00:00+00:00,BTCUSDT,0.42362935714678324
2023-02-28 00:00:00+00:00,BTCUSDT,0.31770841764020014
2023-03-01 00:00:00+00:00,BTCUSDT,0.5175270317169144
2023-03-02 00:00:00+00:00,BTCUSDT,0.24539379424527033
2023-03-03 00:00:00+00:00,BTCUSDT,1.152254787591047
2023-03-04 00:00:00+00:00,BTCUSDT,0.14047605574952202
2023-03-05 00:00:00+00:00,BTCUSDT,0.3173767837509914
2023-03-06 00:00:00+00:00,BTCUSDT,0.19183286252214826
2023-03-07 00:00:00+00:00,BTCUSDT,0.22403543775231688
2023-03-08 00:00:00+00:00,BTCUSDT,0.3807729478142137
2023-03-09 00:00:00+00:00,BTCUSDT,0.8746121228189528
2023-03-10 00:00:00+00:00,BTCUSDT,0.7464105960604305
2023-03-11 00:00:00+00:00,BTCUSDT,0.7021856967941924
2023-03-12 00:00:00+00:00,BTCUSDT,0.8379008965444688
2023-03-13 00:00:00+00:00,BTCUSDT,1.1604606087274447
2023-03-14 00:00:00+00:00,BTCUSDT,1.1874022054370033
2023-03-15 00:00:00+00:00,BTCUSDT,0.5700348926835516
2023-03-16 00:00:00+00:00,BTCUSDT,0.49865446498278077
2023-03-17 00:00:00+00:00,BTCUSDT,0.9226264012907447
2023-03-18 00:00:00+00:00,BTCUSDT,0.5293956884308897
2023-03-19 00:00:00+00:00,BTCUSDT,0.5706094523199573
2023-03-20 00:00:00+00:00,BTCUSDT,0.792132026673373
2023-03-21 00:00:00+00:00,BTCUSDT,0.5369012934065642
2023-03-22 00:00:00+00:00,BTCUSDT,1.2222257465464543
2023-03-23 00:00:00+00:00,BTCUSDT,0.8566676524755629
2023-03-24 00:00:00+00:00,BTCUSDT,
2023-03-25 00:00:00+00:00,BTCUSDT,0.32517209275307507
2023-03-26 00:00:00+00:00,BTCUSDT,0.42046674665472294
2023-03-27 00:00:00+00:00,BTCUSDT,0.6547619833581616
2023-03-28 00:00:00+00:00,BTCUSDT,0.5393445478633377
2023-03-29 00:00:00+00:00,BTCUSDT,0.5888085530488922
2023-03-30 00:00:00+00:00,BTCUSDT,0.6979635265815285
2023-03-31 00:00:00+00:00,BTCUSDT,0.4564695846288349
2023-04-01 00:00:00+00:00,BTCUSDT,0.22017041149762542
2023-04-02 00:00:00+00:00,BTCUSDT,0.27280024095731503
2023-04-03 00:00:00+00:00,BTCUSDT,0.6389718159261611
2023-04-04 00:00:00+00:00,BTCUSDT,0.27905157727723884
2023-04-05 00:00:00+00:00,BTCUSDT,0.4866277183155957
2023-04-06 00:00:00+00:00,BTCUSDT,0.25662176141004023
2023-04-07 00:00:00+00:00,BTCUSDT,0.176135114962425
2023-04-08 00:00:00+00:00,BTCUSDT,0.16063896391378135
2023-04-09 00:00:00+00:00,BTCUSDT,0.2959590679835001
2023-04-10 00:00:00+00:00,BTCUSDT,0.51125395058369
2023-04-11 00:00:00+00:00,BTCUSDT,0.4031147171998266
2023-04-12 00:00:00+00:00,BTCUSDT,0.29791675268780526
2023-04-13 00:00:00+00:00,BTCUSDT,0.2865081746379297
2023-04-14 00:00:00+00:00,BTCUSDT,0.4695820525071738
2023-04-15 00:00:00+00:00,BTCUSDT,0.16614930743429354
2023-04-16 00:00:00+00:00,BTCUSDT,0.1998915584904051
2023-04-17 00:00:00+00:00,BTCUSDT,0.4165382600919038
2023-04-18 00:00:00+00:00,BTCUSDT,0.4420843611034999
2023-04-19 00:00:00+00:00,BTCUSDT,0.6759656021375476
2023-04-20 00:00:00+00:00,BTCUSDT,0.4249832576793293
2023-04-21 00:00:00+00:00,BTCUSDT,0.4909235631585981
2023-04-22 00:00:00+00:00,BTCUSDT,0.2736979028306723
2023-04-23 00:00:00+00:00,BTCUSDT,0.30330136793537604
2023-04-24 00:00:00+00:00,BTCUSDT,0.4829235378938613
2023-04-25 00:00:00+00:00,BTCUSDT,0.4193235459852238
2023-04-26 00:00:00+00:00,BTCUSDT,1.6153863874915413
2023-04-27 00:00:00+00:00,BTCUSDT,0.8580969214545591
2023-04-28 00:00:00+00:00,BTCUSDT,0.28453169993135574
2023-04-29 00:00:00+00:00,BTCUSDT,0.1771497384243015
2023-04-30 00:00:00+00:00,BTCUSDT,0.3066470603280561
2023-05-01 00:00:00+00:00,BTCUSDT,0.7284600011822645
2023-05-02 00:00:00+00:00,BTCUSDT,0.3633065212610769
2023-05-03 00:00:00+00:00,BTCUSDT,0.4857115062418396
2023-05-04 00:00:00+00:00,BTCUSDT,0.30736021135229963
2023-05-05 00:00:00+00:00,BTCUSDT,0.4384603539059432
2023-05-06 00:00:00+00:00,BTCUSDT,0.3622127937605138
2023-05-07 00:00:00+00:00,BTCUSDT,0.29845363422972937
2023-05-08 00:00:00+00:00,BTCUSDT,0.5470948322025473
2023-05-09 00:00:00+00:00,BTCUSDT,0.36977666515249497
2023-05-10 00:00:00+00:00,BTCUSDT,0.739240853781747
2023-05-11 00:00:00+00:00,BTCUSDT,0.305252512643804
2023-05-12 00:00:00+00:00,BTCUSDT,0.4908499785228567
2023-05-13 00:00:00+00:00,BTCUSDT,0.1493743014404498
2023-05-14 00:00:00+00:00,BTCUSDT,0.18334904963807286
2023-05-15 00:00:00+00:00,BTCUSDT,0.393511139950627
2023-05-16 00:00:00+00:00,BTCUSDT,0.2729341192724421
2023-05-17 00:00:00+00:00,BTCUSDT,0.38559382441593604
2023-05-18 00:00:00+00:00,BTCUSDT,0.5391975742584431
2023-05-19 00:00:00+00:00,BTCUSDT,0.16683701149044688
2023-05-20 00:00:00+00:00,BTCUSDT,0.2067214300248334
2023-05-21 00:00:00+00:00,BTCUSDT,0.21634803508407008
2023-05-22 00:00:00+00:00,BTCUSDT,0.2733902399743484
2023-05-23 00:00:00+00:00,BTCUSDT,0.2868394064636219
2023-05-24 00:00:00+00:00,BTCUSDT,0.3957237638939345
2023-05-25 00:00:00+00:00,BTCUSDT,0.2624491893499075
2023-05-26 00:00:00+00:00,BTCUSDT,0.23495982808260907
2023-05-27 00:00:00+00:00,BTCUSDT,0.149364007471864
2023-05-28 00:00:00+00:00,BTCUSDT,0.35626686536694957
2023-05-29 00:00:00+00:00,BTCUSDT,0.25085419730254754
2023-05-30 00:00:00+00:00,BTCUSDT,0.25847750170288
2023-05-31 00:00:00+00:00,BTCUSDT,0.3830080440891259
2023-06-01 00:00:00+00:00,BTCUSDT,0.37704751965216343
2023-06-02 00:00:00+00:00,BTCUSDT,0.288707209499964
2023-06-03 00:00:00+00:00,BTCUSDT,0.16891227642361362
2023-06-04 00:00:00+00:00,BTCUSDT,0.16178828052192973
2023-06-05 00:00:00+00:00,BTCUSDT,0.6470121052575828
2023-06-06 00:00:00+00:00,BTCUSDT,0.5279105844540494
2023-06-07 00:00:00+00:00,BTCUSDT,0.5355679903995879
2023-06-08 00:00:00+00:00,BTCUSDT,0.32110192429068984
2023-06-09 00:00:00+00:00,BTCUSDT,0.18560020620763032
2023-06-10 00:00:00+00:00,BTCUSDT,0.7358226942438779
2023-06-11 00:00:00+00:00,BTCUSDT,0.2548627503492253
2023-06-12 00:00:00+00:00,BTCUSDT,0.23848329273772187
2023-06-13 00:00:00+00:00,BTCUSDT,0.3051545491615029
2023-06-14 00:00:00+00:00,BTCUSDT,0.7888598301774195
2023-06-15 00:00:00+00:00,BTCUSDT,0.32874246790836176
2023-06-16 00:00:00+00:00,BTCUSDT,0.39574740562355465
2023-06-17 00:00:00+00:00,BTCUSDT,0.3361973634362768
2023-06-18 00:00:00+00:00,BTCUSDT,0.20492470306925337
2023-06-19 00:00:00+00:00,BTCUSDT,0.279315533177289
2023-06-20 00:00:00+00:00,BTCUSDT,0.515998877720837
2023-06-21 00:00:00+00:00,BTCUSDT,0.5638596720998064
2023-06-22 00:00:00+00:00,BTCUSDT,0.5385722966556084
2023-06-23 00:00:00+00:00,BTCUSDT,0.7256454546824355
2023-06-24 00:00:00+00:00,BTCUSDT,0.3263523426044941
2023-06-25 00:00:00+00:00,BTCUSDT,0.23558611046589395
2023-06-26 00:00:00+00:00,BTCUSDT,0.4447234784457629
2023-06-27 00:00:00+00:00,BTCUSDT,0.39178573680804085
2023-06-28 00:00:00+00:00,BTCUSDT,0.292898498805687
2023-06-29 00:00:00+00:00,BTCUSDT,0.2666389467585887
2023-06-30 00:00:00+00:00,BTCUSDT,0.6924680569800941
2023-07-01 00:00:00+00:00,BTCUSDT,0.08004158147621511
2023-07-02 00:00:00+00:00,BTCUSDT,0.16521080113874526
2023-07-03 00:00:00+00:00,BTCUSDT,0.29444075198127656
2023-07-04 00:00:00+00:00,BTCUSDT,0.24491781472550564
2023-07-05 00:00:00+00:00,BTCUSDT,0.2288831352306641
2023-07-06 00:00:00+00:00,BTCUSDT,0.6057983906701073
2023-07-07 00:00:00+00:00,BTCUSDT,0.25198317533345865
2023-07-08 00:00:00+00:00,BTCUSDT,0.15192339070176775
2023-07-09 00:00:00+00:00,BTCUSDT,0.11651386080937351
2023-07-10 00:00:00+00:00,BTCUSDT,0.45361769950153535
2023-07-11 00:00:00+00:00,BTCUSDT,0.23896501789152175
2023-07-12 00:00:00+00:00,BTCUSDT,0.26568519607662194
2023-07-13 00:00:00+00:00,BTCUSDT,0.4450681841486944
2023-07-14 00:00:00+00:00,BTCUSDT,0.5560966083985698
2023-07-15 00:00:00+00:00,BTCUSDT,0.07741512368531243
2023-07-16 00:00:00+00:00,BTCUSDT,0.14791726670700622
2023-07-17 00:00:00+00:00,BTCUSDT,0.32581118447481877
2023-07-18 00:00:00+00:00,BTCUSDT,0.2822981368585827
2023-07-19 00:00:00+00:00,BTCUSDT,0.260791643264341
2023-07-20 00:00:00+00:00,BTCUSDT,0.37139884988912825
2023-07-21 00:00:00+00:00,BTCUSDT,0.1773771090463374
2023-07-22 00:00:00+00:00,BTCUSDT,0.10863537939594407
2023-07-23 00:00:00+00:00,BTCUSDT,0.24542416150001384
2023-07-24 00:00:00+00:00,BTCUSDT,0.4448224338612793
2023-07-25 00:00:00+00:00,BTCUSDT,0.1721442909353675
2023-07-26 00:00:00+00:00,BTCUSDT,0.24975269306679007
2023-07-27 00:00:00+00:00,BTCUSDT,0.16970147107548159
2023-07-28 00:00:00+00:00,BTCUSDT,0.20785579934966109
2023-07-29 00:00:00+00:00,BTCUSDT,0.07016812238926154
2023-07-30 00:00:00+00:00,BTCUSDT,0.1850156625032768
2023-07-31 00:00:00+00:00,BTCUSDT,0.18290962347624118
2023-08-01 00:00:00+00:00,BTCUSDT,0.4544509273920635
2023-08-02 00:00:00+00:00,BTCUSDT,0.3095032729817526
2023-08-03 00:00:00+00:00,BTCUSDT,0.23060001109138137
2023-08-04 00:00:00+00:00,BTCUSDT,0.1640443230621237
2023-08-05 00:00:00+00:00,BTCUSDT,0.08490378645905788
2023-08-06 00:00:00+00:00,BTCUSDT,0.09947585311418854
2023-08-07 00:00:00+00:00,BTCUSDT,0.20869054653996974
2023-08-08 00:00:00+00:00,BTCUSDT,0.3089399673970002
2023-08-09 00:00:00+00:00,BTCUSDT,0.32643069689240567
2023-08-10 00:00:00+00:00,BTCUSDT,0.17955909435422843
2023-08-11 00:00:00+00:00,BTCUSDT,0.12835694817996024
2023-08-12 00:00:00+00:00,BTCUSDT,0.06732243523564467
2023-08-13 00:00:00+00:00,BTCUSDT,0.07597626116761352
2023-08-14 00:00:00+00:00,BTCUSDT,0.21845924075020573
2023-08-15 00:00:00+00:00,BTCUSDT,0.16186314466200027
2023-08-16 00:00:00+00:00,BTCUSDT,0.19874042298452552
2023-08-17 00:00:00+00:00,BTCUSDT,1.196688973905497
2023-08-18 00:00:00+00:00,BTCUSDT,0.4020545553534168
2023-08-19 00:00:00+00:00,BTCUSDT,0.28501771411518045
2023-08-20 00:00:00+00:00,BTCUSDT,0.184441843207977
2023-08-21 00:00:00+00:00,BTCUSDT,0.2469048895179086
2023-08-22 00:00:00+00:00,BTCUSDT,0.3567449010896622
2023-08-23 00:00:00+00:00,BTCUSDT,0.4027521547928812
2023-08-24 00:00:00+00:00,BTCUSDT,0.2995355525404934
2023-08-25 00:00:00+00:00,BTCUSDT,0.2900999684565187
2023-08-26 00:00:00+00:00,BTCUSDT,0.06278818142071264
2023-08-27 00:00:00+00:00,BTCUSDT,0.11982263701222969
2023-08-28 00:00:00+00:00,BTCUSDT,0.21290316728576628
2023-08-29 00:00:00+00:00,BTCUSDT,1.1841774635827387
2023-08-30 00:00:00+00:00,BTCUSDT,0.30843407966814806
2023-08-31 00:00:00+00:00,BTCUSDT,0.572322534511695
2023-09-01 00:00:00+00:00,BTCUSDT,0.4143189658052748
2023-09-02 00:00:00+00:00,BTCUSDT,0.09119031187653318
2023-09-03 00:00:00+00:00,BTCUSDT,0.14721327978845278
2023-09-04 00:00:00+00:00,BTCUSDT,0.20219549053918381
2023-09-05 00:00:00+00:00,BTCUSDT,0.1529984343585921
2023-09-06 00:00:00+00:00,BTCUSDT,0.3194990830160599
2023-09-07 00:00:00+00:00,BTCUSDT,0.2543842767597442
2023-09-08 00:00:00+00:00,BTCUSDT,0.28430866136939387
2023-09-09 00:00:00+00:00,BTCUSDT,0.08416566357590782
2023-09-10 00:00:00+00:00,BTCUSDT,0.139358841968751
2023-09-11 00:00:00+00:00,BTCUSDT,0.45293642893638253
2023-09-12 00:00:00+00:00,BTCUSDT,0.6160598471137223
2023-09-13 00:00:00+00:00,BTCUSDT,0.2775511906948467
2023-09-14 00:00:00+00:00,BTCUSDT,0.44699443899089575
2023-09-15 00:00:00+00:00,BTCUSDT,0.3698996296636376
2023-09-16 00:00:00+00:00,BTCUSDT,0.11962078744980677
2023-09-17 00:00:00+00:00,BTCUSDT,0.1345234110697247
2023-09-18 00:00:00+00:00,BTCUSDT,0.5134108951927036
2023-09-19 00:00:00+00:00,BTCUSDT,0.4311218726393545
2023-09-20 00:00:00+00:00,BTCUSDT,0.3258167567704553
2023-09-21 00:00:00+00:00,BTCUSDT,0.3017065672351086
2023-09-22 00:00:00+00:00,BTCUSDT,0.1561328926787766
2023-09-23 00:00:00+00:00,BTCUSDT,0.06444512889876765
2023-09-24 00:00:00+00:00,BTCUSDT,0.24116847716822146
2023-09-25 00:00:00+00:00,BTCUSDT,0.18064107334532153
2023-09-26 00:00:00+00:00,BTCUSDT,0.16301811404782124
2023-09-27 00:00:00+00:00,BTCUSDT,0.45595077920801724
2023-09-28 00:00:00+00:00,BTCUSDT,0.35284163682443087
2023-09-29 00:00:00+00:00,BTCUSDT,0.24794244736270893
2023-09-30 00:00:00+00:00,BTCUSDT,0.10282648150211214
2023-10-01 00:00:00+00:00,BTCUSDT,0.5975762790626814
2023-10-02 00:00:00+00:00,BTCUSDT,0.546217595111014
2023-10-03 00:00:00+00:00,BTCUSDT,0.2845908105227798
2023-10-04 00:00:00+00:00,BTCUSDT,0.23522572307280928
2023-10-05 00:00:00+00:00,BTCUSDT,0.38305083640007853
2023-10-06 00:00:00+00:00,BTCUSDT,0.5164188043543199
2023-10-07 00:00:00+00:00,BTCUSDT,0.11779166252239523
2023-10-08 00:00:00+00:00,BTCUSDT,0.15722062490779093
2023-10-09 00:00:00+00:00,BTCUSDT,0.2815790688642262
2023-10-10 00:00:00+00:00,BTCUSDT,0.16601178577459977
2023-10-11 00:00:00+00:00,BTCUSDT,0.4152378455842331
2023-10-12 00:00:00+00:00,BTCUSDT,0.18095071502044963
2023-10-13 00:00:00+00:00,BTCUSDT,0.2898201363919079
2023-10-14 00:00:00+00:00,BTCUSDT,0.08429654202197849
2023-10-15 00:00:00+00:00,BTCUSDT,0.1635479075901218
2023-10-16 00:00:00+00:00,BTCUSDT,0.5758339540470456
2023-10-17 00:00:00+00:00,BTCUSDT,0.3852010959594045
2023-10-18 00:00:00+00:00,BTCUSDT,0.3520066278977866
2023-10-19 00:00:00+00:00,BTCUSDT,0.25688730527169984
2023-10-20 00:00:00+00:00,BTCUSDT,0.5187731739662438
2023-10-21 00:00:00+00:00,BTCUSDT,0.3166450467789371
2023-10-22 00:00:00+00:00,BTCUSDT,0.3233058279680149
2023-10-23 00:00:00+00:00,BTCUSDT,1.1274806887534563
2023-10-24 00:00:00+00:00,BTCUSDT,0.9363155110305779
2023-10-25 00:00:00+00:00,BTCUSDT,0.45957151355650905
2023-10-26 00:00:00+00:00,BTCUSDT,0.35982676833621247
2023-10-27 00:00:00+00:00,BTCUSDT,0.4064599635344509
2023-10-28 00:00:00+00:00,BTCUSDT,0.193890984253747
2023-10-29 00:00:00+00:00,BTCUSDT,0.3035517397822028
2023-10-30 00:00:00+00:00,BTCUSDT,0.26927925635145517
2023-10-31 00:00:00+00:00,BTCUSDT,0.303376636949379
2023-11-01 00:00:00+00:00,BTCUSDT,0.6329461669994675
2023-11-02 00:00:00+00:00,BTCUSDT,0.404020626708457
2023-11-03 00:00:00+00:00,BTCUSDT,0.41678304983224673
2023-11-04 00:00:00+00:00,BTCUSDT,0.2586632307008683
2023-11-05 00:00:00+00:00,BTCUSDT,0.3981885759343887
2023-11-06 00:00:00+00:00,BTCUSDT,0.26796650673600086
2023-11-07 00:00:00+00:00,BTCUSDT,0.4188516752397131
2023-11-08 00:00:00+00:00,BTCUSDT,0.2883682402335465
2023-11-09 00:00:00+00:00,BTCUSDT,0.8515544820214869
2023-11-10 00:00:00+00:00,BTCUSDT,0.39803002684873234
2023-11-11 00:00:00+00:00,BTCUSDT,0.26451346814137966
2023-11-12 00:00:00+00:00,BTCUSDT,0.18438144813783677
2023-11-13 00:00:00+00:00,BTCUSDT,0.28389226835751247
2023-11-14 00:00:00+00:00,BTCUSDT,0.6460282558309134
2023-11-15 00:00:00+00:00,BTCUSDT,0.5572471527471181
2023-11-16 00:00:00+00:00,BTCUSDT,0.41689645844648887
2023-11-17 00:00:00+00:00,BTCUSDT,0.45945933119424304
2023-11-18 00:00:00+00:00,BTCUSDT,0.22072323783654899
2023-11-19 00:00:00+00:00,BTCUSDT,0.2755918861408953
2023-11-20 00:00:00+00:00,BTCUSDT,0.34875124158050314
2023-11-21 00:00:00+00:00,BTCUSDT,0.5769181559711815
2023-11-22 00:00:00+00:00,BTCUSDT,0.4844228385442528
2023-11-23 00:00:00+00:00,BTCUSDT,0.2621372045981391
2023-11-24 00:00:00+00:00,BTCUSDT,0.41497923015555316
2023-11-25 00:00:00+00:00,BTCUSDT,0.10100694857290696
2023-11-26 00:00:00+00:00,BTCUSDT,0.25645121234193463
2023-11-27 00:00:00+00:00,BTCUSDT,0.3373752488251049
2023-11-28 00:00:00+00:00,BTCUSDT,0.41760496587489604
2023-11-29 00:00:00+00:00,BTCUSDT,0.32697874444782754
2023-11-30 00:00:00+00:00,BTCUSDT,0.23709662929485348
2023-12-01 00:00:00+00:00,BTCUSDT,0.3694970383760272
2023-12-02 00:00:00+00:00,BTCUSDT,0.3279815488737519
2023-12-03 00:00:00+00:00,BTCUSDT,0.3061342684941565
2023-12-04 00:00:00+00:00,BTCUSDT,0.5855648039710927
2023-12-05 00:00:00+00:00,BTCUSDT,0.5038498337875478
2023-12-06 00:00:00+00:00,BTCUSDT,0.3111312392977775
2023-12-07 00:00:00+00:00,BTCUSDT,0.34655046991242716
2023-12-08 00:00:00+00:00,BTCUSDT,0.4036705414081453
2023-12-09 00:00:00+00:00,BTCUSDT,0.22184537629373474
2023-12-10 00:00:00+00:00,BTCUSDT,0.20511340120384838
2023-12-11 00:00:00+00:00,BTCUSDT,0.7339149636809239
2023-12-12 00:00:00+00:00,BTCUSDT,0.646698351181671
2023-12-13 00:00:00+00:00,BTCUSDT,0.5149116933284684
2023-12-14 00:00:00+00:00,BTCUSDT,0.5074319907983799
2023-12-15 00:00:00+00:00,BTCUSDT,0.3241807073189807
2023-12-16 00:00:00+00:00,BTCUSDT,0.20030152355102002
2023-12-17 00:00:00+00:00,BTCUSDT,0.3349576331364083
2023-12-18 00:00:00+00:00,BTCUSDT,0.5929417123086866
2023-12-19 00:00:00+00:00,BTCUSDT,0.5472645906830327
2023-12-20 00:00:00+00:00,BTCUSDT,0.5508348767220465
2023-12-21 00:00:00+00:00,BTCUSDT,0.45710194751480127
2023-12-22 00:00:00+00:00,BTCUSDT,0.35545242911493613
2023-12-23 00:00:00+00:00,BTCUSDT,0.17928697008053057
2023-12-24 00:00:00+00:00,BTCUSDT,0.30051380909032416
2023-12-25 00:00:00+00:00,BTCUSDT,0.2802914187140403
2023-12-26 00:00:00+00:00,BTCUSDT,0.44510071088696607
2023-12-27 00:00:00+00:00,BTCUSDT,0.35684433552178924
2023-12-28 00:00:00+00:00,BTCUSDT,0.2667956554134863
2023-12-29 00:00:00+00:00,BTCUSDT,0.5302077104814276
2023-12-30 00:00:00+00:00,BTCUSDT,0.3088510414932045
2023-12-31 00:00:00+00:00,BTCUSDT,0.307924880432827
2024-01-01 00:00:00+00:00,BTCUSDT,0.4289402440954976
2024-01-02 00:00:00+00:00,BTCUSDT,0.6454115180358642
2024-01-03 00:00:00+00:00,BTCUSDT,0.9971695432631631
2024-01-04 00:00:00+00:00,BTCUSDT,0.43135139491302527
2024-01-05 00:00:00+00:00,BTCUSDT,0.6259020553392055
2024-01-06 00:00:00+00:00,BTCUSDT,0.21825685407650466
2024-01-07 00:00:00+00:00,BTCUSDT,0.346581758054949
2024-01-08 00:00:00+00:00,BTCUSDT,0.790767922561029
2024-01-09 00:00:00+00:00,BTCUSDT,0.8120728614781793
2024-01-10 00:00:00+00:00,BTCUSDT,0.9245907260799707
2024-01-11 00:00:00+00:00,BTCUSDT,1.119285801276144
2024-01-12 00:00:00+00:00,BTCUSDT,0.7504737632342395
2024-01-13 00:00:00+00:00,BTCUSDT,0.34048136186507055
2024-01-14 00:00:00+00:00,BTCUSDT,0.38038512501744703
2024-01-15 00:00:00+00:00,BTCUSDT,0.5166784708457147
2024-01-16 00:00:00+00:00,BTCUSDT,0.4321511471810842
2024-01-17 00:00:00+00:00,BTCUSDT,0.24919997106040442
2024-01-18 00:00:00+00:00,BTCUSDT,0.5228377338808591
2024-01-19 00:00:00+00:00,BTCUSDT,0.6482446931167383
2024-01-20 00:00:00+00:00,BTCUSDT,0.1646760136116343
2024-01-21 00:00:00+00:00,BTCUSDT,0.17040315197400682
2024-01-22 00:00:00+00:00,BTCUSDT,0.5556811019773152
2024-01-23 00:00:00+00:00,BTCUSDT,0.5730365337979277
2024-01-24 00:00:00+00:00,BTCUSDT,0.4699927289601243
2024-01-25 00:00:00+00:00,BTCUSDT,0.29747271997813063
2024-01-26 00:00:00+00:00,BTCUSDT,0.594620249752753
2024-01-27 00:00:00+00:00,BTCUSDT,0.19784498270464537
2024-01-28 00:00:00+00:00,BTCUSDT,0.36307783451248
2024-01-29 00:00:00+00:00,BTCUSDT,0.4764369977386608
2024-01-30 00:00:00+00:00,BTCUSDT,0.3401286541979535
2024-01-31 00:00:00+00:00,BTCUSDT,0.555828613753156
2024-02-01 00:00:00+00:00,BTCUSDT,0.45427215214827765
2024-02-02 00:00:00+00:00,BTCUSDT,0.37133124835145076
2024-02-03 00:00:00+00:00,BTCUSDT,0.1329917995042894
2024-02-04 00:00:00+00:00,BTCUSDT,0.23835891268492873
2024-02-05 00:00:00+00:00,BTCUSDT,0.4347789641904776
2024-02-06 00:00:00+00:00,BTCUSDT,0.2605068428957246
2024-02-07 00:00:00+00:00,BTCUSDT,0.3646275821217029
2024-02-08 00:00:00+00:00,BTCUSDT,0.37361066775700713
2024-02-09 00:00:00+00:00,BTCUSDT,0.5510033490933199
2024-02-10 00:00:00+00:00,BTCUSDT,0.2864027587951857
2024-02-11 00:00:00+00:00,BTCUSDT,0.412701909552911
2024-02-12 00:00:00+00:00,BTCUSDT,0.719393310614034
2024-02-13 00:00:00+00:00,BTCUSDT,0.5191807478676724
2024-02-14 00:00:00+00:00,BTCUSDT,0.5453945793242085
2024-02-15 00:00:00+00:00,BTCUSDT,0.5610705817965093
2024-02-16 00:00:00+00:00,BTCUSDT,0.35788957710511526
2024-02-17 00:00:00+00:00,BTCUSDT,0.32566756216571047
2024-02-18 00:00:00+00:00,BTCUSDT,0.29990084129642
2024-02-19 00:00:00+00:00,BTCUSDT,0.3022273045386144
2024-02-20 00:00:00+00:00,BTCUSDT,0.5515029241605195
2024-02-21 00:00:00+00:00,BTCUSDT,0.46351232647519586
2024-02-22 00:00:00+00:00,BTCUSDT,0.4265748662395435
2024-02-23 00:00:00+00:00,BTCUSDT,0.27300548166128036
2024-02-24 00:00:00+00:00,BTCUSDT,0.230460535357766
2024-02-25 00:00:00+00:00,BTCUSDT,0.18758322811936357
2024-02-26 00:00:00+00:00,BTCUSDT,0.6384841550226067
2024-02-27 00:00:00+00:00,BTCUSDT,0.6543695135885522
2024-02-28 00:00:00+00:00,BTCUSDT,1.0025181252530462
2024-02-29 00:00:00+00:00,BTCUSDT,0.7719008519885846
2024-03-01 00:00:00+00:00,BTCUSDT,0.5468837574465623
2024-03-02 00:00:00+00:00,BTCUSDT,0.2676655224235008
2024-03-03 00:00:00+00:00,BTCUSDT,0.34629756989332366
2024-03-04 00:00:00+00:00,BTCUSDT,0.5670922101956335
2024-03-05 00:00:00+00:00,BTCUSDT,1.4409304373505247
2024-03-06 00:00:00+00:00,BTCUSDT,1.066824341165384
2024-03-07 00:00:00+00:00,BTCUSDT,0.3081853855615787
2024-03-08 00:00:00+00:00,BTCUSDT,0.5526593877501791
2024-03-09 00:00:00+00:00,BTCUSDT,0.18361009638604803
2024-03-10 00:00:00+00:00,BTCUSDT,0.4026665168667108
2024-03-11 00:00:00+00:00,BTCUSDT,0.7176311761021978
2024-03-12 00:00:00+00:00,BTCUSDT,0.5469553481300159
2024-03-13 00:00:00+00:00,BTCUSDT,0.4033443147594286
2024-03-14 00:00:00+00:00,BTCUSDT,0.7057270709875963
2024-03-15 00:00:00+00:00,BTCUSDT,1.3644157365472438
2024-03-16 00:00:00+00:00,BTCUSDT,0.5629072819285519
2024-03-17 00:00:00+00:00,BTCUSDT,0.72389329967057
2024-03-18 00:00:00+00:00,BTCUSDT,0.608859198036579
2024-03-19 00:00:00+00:00,BTCUSDT,0.978615745845751
2024-03-20 00:00:00+00:00,BTCUSDT,1.0573927238437961
2024-03-21 00:00:00+00:00,BTCUSDT,0.5480722433302806
2024-03-22 00:00:00+00:00,BTCUSDT,0.7929419264403748
2024-03-23 00:00:00+00:00,BTCUSDT,0.517136983085887
2024-03-24 00:00:00+00:00,BTCUSDT,0.4502370023355985
2024-03-25 00:00:00+00:00,BTCUSDT,0.7101375741995948
2024-03-26 00:00:00+00:00,BTCUSDT,0.4495796230383838
2024-03-27 00:00:00+00:00,BTCUSDT,0.564504365476378
2024-03-28 00:00:00+00:00,BTCUSDT,0.4012494080638961
2024-03-29 00:00:00+00:00,BTCUSDT,0.4151069319911534
2024-03-30 00:00:00+00:00,BTCUSDT,0.15785344666508141
2024-03-31 00:00:00+00:00,BTCUSDT,0.20182579343710913
2024-04-01 00:00:00+00:00,BTCUSDT,0.6076083104371784
2024-04-02 00:00:00+00:00,BTCUSDT,0.8171049644058114
2024-04-03 00:00:00+00:00,BTCUSDT,0.4799341774548535
2024-04-04 00:00:00+00:00,BTCUSDT,0.495473505828417
2024-04-05 00:00:00+00:00,BTCUSDT,0.551111784113254
2024-04-06 00:00:00+00:00,BTCUSDT,0.3000327891001462
2024-04-07 00:00:00+00:00,BTCUSDT,0.3409512063075343
2024-04-08 00:00:00+00:00,BTCUSDT,0.4885586199947132
2024-04-09 00:00:00+00:00,BTCUSDT,0.3872940979364231
2024-04-10 00:00:00+00:00,BTCUSDT,0.5834563280373058
2024-04-11 00:00:00+00:00,BTCUSDT,0.4936671563251099
2024-04-12 00:00:00+00:00,BTCUSDT,0.6510368421860803
2024-04-13 00:00:00+00:00,BTCUSDT,1.4281129919209998
2024-04-14 00:00:00+00:00,BTCUSDT,0.7436672600900026
2024-04-15 00:00:00+00:00,BTCUSDT,0.7332497198072312
2024-04-16 00:00:00+00:00,BTCUSDT,0.7092474147393365
2024-04-17 00:00:00+00:00,BTCUSDT,0.7733921488989076
2024-04-18 00:00:00+00:00,BTCUSDT,0.6158992205124268
2024-04-19 00:00:00+00:00,BTCUSDT,1.1323703774876503
2024-04-20 00:00:00+00:00,BTCUSDT,0.39133646109540876
2024-04-21 00:00:00+00:00,BTCUSDT,0.30543584000267826
2024-04-22 00:00:00+00:00,BTCUSDT,0.42643885765715156
2024-04-23 00:00:00+00:00,BTCUSDT,0.33613015527098705
2024-04-24 00:00:00+00:00,BTCUSDT,0.48090084924609156
2024-04-25 00:00:00+00:00,BTCUSDT,0.43104452699988355
2024-04-26 00:00:00+00:00,BTCUSDT,0.38522315228831666
2024-04-27 00:00:00+00:00,BTCUSDT,0.39944649154794964
2024-04-28 00:00:00+00:00,BTCUSDT,0.272330833140969
2024-04-29 00:00:00+00:00,BTCUSDT,0.5331021740862892
2024-04-30 00:00:00+00:00,BTCUSDT,0.7960308870817523
2024-05-01 00:00:00+00:00,BTCUSDT,1.2602222098369273
2024-05-02 00:00:00+00:00,BTCUSDT,0.5780179729302047
2024-05-03 00:00:00+00:00,BTCUSDT,0.6494035470597209
2024-05-04 00:00:00+00:00,BTCUSDT,0.5438718312731413
2024-05-05 00:00:00+00:00,BTCUSDT,0.301812718109978
2024-05-06 00:00:00+00:00,BTCUSDT,0.5908053862926478
2024-05-07 00:00:00+00:00,BTCUSDT,0.5280280312311508
2024-05-08 00:00:00+00:00,BTCUSDT,0.357916725104699
2024-05-09 00:00:00+00:00,BTCUSDT,0.47672526755870626
2024-05-10 00:00:00+00:00,BTCUSDT,0.7149222602946126
2024-05-11 00:00:00+00:00,BTCUSDT,0.21775182998218598
2024-05-12 00:00:00+00:00,BTCUSDT,0.21415962373053532
2024-05-13 00:00:00+00:00,BTCUSDT,0.481620460475834
2024-05-14 00:00:00+00:00,BTCUSDT,0.29485409483746955
2024-05-15 00:00:00+00:00,BTCUSDT,0.48625211216215636
2024-05-16 00:00:00+00:00,BTCUSDT,0.41045275923445573
2024-05-17 00:00:00+00:00,BTCUSDT,0.4283544737676042
2024-05-18 00:00:00+00:00,BTCUSDT,0.13080142192442842
2024-05-19 00:00:00+00:00,BTCUSDT,0.2968359552617399
2024-05-20 00:00:00+00:00,BTCUSDT,0.7380685565359839
2024-05-21 00:00:00+00:00,BTCUSDT,0.42041306590157085
2024-05-22 00:00:00+00:00,BTCUSDT,0.3467541380731261
2024-05-23 00:00:00+00:00,BTCUSDT,0.5586854029962554
2024-05-24 00:00:00+00:00,BTCUSDT,0.4290682490085416
2024-05-25 00:00:00+00:00,BTCUSDT,0.17842970128703087
2024-05-26 00:00:00+00:00,BTCUSDT,0.22784954026477505
2024-05-27 00:00:00+00:00,BTCUSDT,0.45923818453908066
2024-05-28 00:00:00+00:00,BTCUSDT,0.496981084922477
2024-05-29 00:00:00+00:00,BTCUSDT,0.27199016205922133
2024-05-30 00:00:00+00:00,BTCUSDT,0.390747943785307
2024-05-31 00:00:00+00:00,BTCUSDT,0.32386918531948816
2024-06-01 00:00:00+00:00,BTCUSDT,0.09669955825154793
2024-06-02 00:00:00+00:00,BTCUSDT,0.29468110271367776
2024-06-03 00:00:00+00:00,BTCUSDT,0.5342619838995165
2024-06-04 00:00:00+00:00,BTCUSDT,0.3443038199751821
2024-06-05 00:00:00+00:00,BTCUSDT,0.3396581849636194
2024-06-06 00:00:00+00:00,BTCUSDT,0.26801422081417753
2024-06-07 00:00:00+00:00,BTCUSDT,0.44133838914948326
2024-06-08 00:00:00+00:00,BTCUSDT,0.10924285436792582
2024-06-09 00:00:00+00:00,BTCUSDT,0.1501917898943556
2024-06-10 00:00:00+00:00,BTCUSDT,0.21741555918615582
2024-06-11 00:00:00+00:00,BTCUSDT,0.40554595221468304
2024-06-12 00:00:00+00:00,BTCUSDT,0.758280640460511
2024-06-13 00:00:00+00:00,BTCUSDT,0.4111746822624254
2024-06-14 00:00:00+00:00,BTCUSDT,0.45678798209621435
2024-06-15 00:00:00+00:00,BTCUSDT,0.12674284914610243
2024-06-16 00:00:00+00:00,BTCUSDT,0.19065388047777523
2024-06-17 00:00:00+00:00,BTCUSDT,0.44330866147863496
2024-06-18 00:00:00+00:00,BTCUSDT,0.4162337472164672
2024-06-19 00:00:00+00:00,BTCUSDT,0.22801646672509068
2024-06-20 00:00:00+00:00,BTCUSDT,0.36169032123300743
2024-06-21 00:00:00+00:00,BTCUSDT,0.43274226716461145
2024-06-22 00:00:00+00:00,BTCUSDT,0.1114266076530395
2024-06-23 00:00:00+00:00,BTCUSDT,0.2339759911324831
2024-06-24 00:00:00+00:00,BTCUSDT,0.7247724834195809
2024-06-25 00:00:00+00:00,BTCUSDT,0.5075342840354464
2024-06-26 00:00:00+00:00,BTCUSDT,0.26695389253512664
2024-06-27 00:00:00+00:00,BTCUSDT,0.34691653829634245
2024-06-28 00:00:00+00:00,BTCUSDT,0.38454980733878613
2024-06-29 00:00:00+00:00,BTCUSDT,0.16604839284275316
2024-06-30 00:00:00+00:00,BTCUSDT,0.38769425553291925
2024-07-01 00:00:00+00:00,BTCUSDT,0.40584722897409004
2024-07-02 00:00:00+00:00,BTCUSDT,0.2928594876200059
2024-07-03 00:00:00+00:00,BTCUSDT,0.4792791352521234
2024-07-04 00:00:00+00:00,BTCUSDT,0.8554871096226137
2024-07-05 00:00:00+00:00,BTCUSDT,1.0151316240910269
2024-07-06 00:00:00+00:00,BTCUSDT,0.3493765943366122
2024-07-07 00:00:00+00:00,BTCUSDT,0.4530228872519483
2024-07-08 00:00:00+00:00,BTCUSDT,0.9671293435856434
2024-07-09 00:00:00+00:00,BTCUSDT,0.42829215902722895
2024-07-10 00:00:00+00:00,BTCUSDT,0.5767436815988605
2024-07-11 00:00:00+00:00,BTCUSDT,0.514182069058158
2024-07-12 00:00:00+00:00,BTCUSDT,0.4607457932593882
2024-07-13 00:00:00+00:00,BTCUSDT,0.4348836983113836
2024-07-14 00:00:00+00:00,BTCUSDT,0.5870617744749806
2024-07-15 00:00:00+00:00,BTCUSDT,0.5238770502279978
2024-07-16 00:00:00+00:00,BTCUSDT,0.6279801966547419
2024-07-17 00:00:00+00:00,BTCUSDT,0.35155343929714267
2024-07-18 00:00:00+00:00,BTCUSDT,0.41044493694070905
2024-07-19 00:00:00+00:00,BTCUSDT,0.4705388816475278
2024-07-20 00:00:00+00:00,BTCUSDT,0.254694523927451
2024-07-21 00:00:00+00:00,BTCUSDT,0.4555019615160627
2024-07-22 00:00:00+00:00,BTCUSDT,0.43850132365297007
2024-07-23 00:00:00+00:00,BTCUSDT,0.5594476891897798
2024-07-24 00:00:00+00:00,BTCUSDT,0.449475869335749
2024-07-25 00:00:00+00:00,BTCUSDT,0.539430099715483
2024-07-26 00:00:00+00:00,BTCUSDT,0.4462618281382412
2024-07-27 00:00:00+00:00,BTCUSDT,0.5347385118175443
2024-07-28 00:00:00+00:00,BTCUSDT,0.2870468109080909
2024-07-29 00:00:00+00:00,BTCUSDT,0.6403278233824002
2024-07-30 00:00:00+00:00,BTCUSDT,0.358194536636993
2024-07-31 00:00:00+00:00,BTCUSDT,0.5361677073817451
2024-08-01 00:00:00+00:00,BTCUSDT,0.6952138223258578
2024-08-02 00:00:00+00:00,BTCUSDT,0.7732974764036835
2024-08-03 00:00:00+00:00,BTCUSDT,0.48435310650773156
2024-08-04 00:00:00+00:00,BTCUSDT,0.7501587787877114
2024-08-05 00:00:00+00:00,BTCUSDT,2.034023168442777
2024-08-06 00:00:00+00:00,BTCUSDT,0.9897160301215426
2024-08-07 00:00:00+00:00,BTCUSDT,0.6311338225246145
2024-08-08 00:00:00+00:00,BTCUSDT,1.0804815035224227
2024-08-09 00:00:00+00:00,BTCUSDT,0.4604439049303245
2024-08-10 00:00:00+00:00,BTCUSDT,0.2589656737190768
2024-08-11 00:00:00+00:00,BTCUSDT,0.5094359084144094
2024-08-12 00:00:00+00:00,BTCUSDT,1.0997117657327604
2024-08-13 00:00:00+00:00,BTCUSDT,0.7056329163358102
2024-08-14 00:00:00+00:00,BTCUSDT,0.557785723775377
2024-08-15 00:00:00+00:00,BTCUSDT,0.7620664225588817
2024-08-16 00:00:00+00:00,BTCUSDT,0.5610785259064309
2024-08-17 00:00:00+00:00,BTCUSDT,0.2117884075728694
2024-08-18 00:00:00+00:00,BTCUSDT,0.531662297120954
2024-08-19 00:00:00+00:00,BTCUSDT,0.36073573213013155
2024-08-20 00:00:00+00:00,BTCUSDT,0.698695825320757
2024-08-21 00:00:00+00:00,BTCUSDT,0.5012381888853567
2024-08-22 00:00:00+00:00,BTCUSDT,0.44730492558386575
2024-08-23 00:00:00+00:00,BTCUSDT,0.572040527154123
2024-08-24 00:00:00+00:00,BTCUSDT,0.31208514010972743
2024-08-25 00:00:00+00:00,BTCUSDT,0.14740729130949073
2024-08-26 00:00:00+00:00,BTCUSDT,0.2605988179314492
2024-08-27 00:00:00+00:00,BTCUSDT,0.607935210534862
2024-08-28 00:00:00+00:00,BTCUSDT,0.7180640615370096
2024-08-29 00:00:00+00:00,BTCUSDT,0.579038247858883
2024-08-30 00:00:00+00:00,BTCUSDT,0.6467842608461402
2024-08-31 00:00:00+00:00,BTCUSDT,0.183649935471165
2024-09-01 00:00:00+00:00,BTCUSDT,0.5097289902530544
2024-09-02 00:00:00+00:00,BTCUSDT,0.3991565666624335
2024-09-03 00:00:00+00:00,BTCUSDT,0.4503573114612478
2024-09-04 00:00:00+00:00,BTCUSDT,0.5909750015539352
2024-09-05 00:00:00+00:00,BTCUSDT,0.4623554853769203
2024-09-06 00:00:00+00:00,BTCUSDT,0.8903009587812276
2024-09-07 00:00:00+00:00,BTCUSDT,0.29917172481427246
2024-09-08 00:00:00+00:00,BTCUSDT,0.39349342763334494
2024-09-09 00:00:00+00:00,BTCUSDT,0.6318879479463387
2024-09-10 00:00:00+00:00,BTCUSDT,0.42560957195055754
2024-09-11 00:00:00+00:00,BTCUSDT,0.6915601978843987
2024-09-12 00:00:00+00:00,BTCUSDT,0.4132233631761415
2024-09-13 00:00:00+00:00,BTCUSDT,0.5369569023893901
2024-09-14 00:00:00+00:00,BTCUSDT,0.19978120045567926
2024-09-15 00:00:00+00:00,BTCUSDT,0.22599639898593626
2024-09-16 00:00:00+00:00,BTCUSDT,0.49966883437102816
2024-09-17 00:00:00+00:00,BTCUSDT,0.6883041637461834
2024-09-18 00:00:00+00:00,BTCUSDT,0.5976659735151988
2024-09-19 00:00:00+00:00,BTCUSDT,0.3382314634340608
2024-09-20 00:00:00+00:00,BTCUSDT,0.37918218719105434
2024-09-21 00:00:00+00:00,BTCUSDT,0.16819450134792396
2024-09-22 00:00:00+00:00,BTCUSDT,0.4472267178109617
2024-09-23 00:00:00+00:00,BTCUSDT,0.30273970723900123
2024-09-24 00:00:00+00:00,BTCUSDT,0.40790342513383526
2024-09-25 00:00:00+00:00,BTCUSDT,0.31294458762538235
2024-09-26 00:00:00+00:00,BTCUSDT,0.40658238641470246
2024-09-27 00:00:00+00:00,BTCUSDT,0.34853679464490905
2024-09-28 00:00:00+00:00,BTCUSDT,0.17930882944146437
2024-09-29 00:00:00+00:00,BTCUSDT,0.16399945734284724
2024-09-30 00:00:00+00:00,BTCUSDT,0.4252132475676724
2024-10-01 00:00:00+00:00,BTCUSDT,0.47509444857197536
2024-10-02 00:00:00+00:00,BTCUSDT,0.634462619828264
2024-10-03 00:00:00+00:00,BTCUSDT,0.4848888992894284
2024-10-04 00:00:00+00:00,BTCUSDT,0.4695985091419756
2024-10-05 00:00:00+00:00,BTCUSDT,0.1965250465719635
2024-10-06 00:00:00+00:00,BTCUSDT,0.24602809355340852
2024-10-07 00:00:00+00:00,BTCUSDT,0.6770837990934941
2024-10-08 00:00:00+00:00,BTCUSDT,0.367952399082049
2024-10-09 00:00:00+00:00,BTCUSDT,0.42459097114408595
2024-10-10 00:00:00+00:00,BTCUSDT,0.4250527446111191
2024-10-11 00:00:00+00:00,BTCUSDT,0.3687415705376578
2024-10-12 00:00:00+00:00,BTCUSDT,0.19863187242481978
2024-10-13 00:00:00+00:00,BTCUSDT,0.2637783455655438
2024-10-14 00:00:00+00:00,BTCUSDT,0.6733680213608911
2024-10-15 00:00:00+00:00,BTCUSDT,1.0087276514388934
2024-10-16 00:00:00+00:00,BTCUSDT,0.3137660475006333
2024-10-17 00:00:00+00:00,BTCUSDT,0.3458643804122844
2024-10-18 00:00:00+00:00,BTCUSDT,0.4172698079324879
2024-10-19 00:00:00+00:00,BTCUSDT,0.1391394561806911
2024-10-20 00:00:00+00:00,BTCUSDT,0.18708347435875755
2024-10-21 00:00:00+00:00,BTCUSDT,0.3835737103492431
2024-10-22 00:00:00+00:00,BTCUSDT,0.36109071431283
2024-10-23 00:00:00+00:00,BTCUSDT,0.33658135518753396
2024-10-24 00:00:00+00:00,BTCUSDT,0.3635283121846975
2024-10-25 00:00:00+00:00,BTCUSDT,0.42700500848792
2024-10-26 00:00:00+00:00,BTCUSDT,0.14000791598447365
2024-10-27 00:00:00+00:00,BTCUSDT,0.19334645172342957
2024-10-28 00:00:00+00:00,BTCUSDT,0.26015984717628443
2024-10-29 00:00:00+00:00,BTCUSDT,0.46737902283227656
2024-10-30 00:00:00+00:00,BTCUSDT,0.432064848709065
2024-10-31 00:00:00+00:00,BTCUSDT,0.4086839270070898
2024-11-01 00:00:00+00:00,BTCUSDT,0.7205853713890592
2024-11-02 00:00:00+00:00,BTCUSDT,0.14830889961482616
2024-11-03 00:00:00+00:00,BTCUSDT,0.4341722225830096
2024-11-04 00:00:00+00:00,BTCUSDT,0.5034153319399307
2024-11-05 00:00:00+00:00,BTCUSDT,0.6077819764281238
2024-11-06 00:00:00+00:00,BTCUSDT,0.8974618540417577
2024-11-07 00:00:00+00:00,BTCUSDT,0.45681718499884016
2024-11-08 00:00:00+00:00,BTCUSDT,0.39064765982523436
2024-11-09 00:00:00+00:00,BTCUSDT,0.15299763601153593
2024-11-10 00:00:00+00:00,BTCUSDT,0.6759818096943465
2024-11-11 00:00:00+00:00,BTCUSDT,0.5679923893470438
2024-11-12 00:00:00+00:00,BTCUSDT,0.8664509662494482
2024-11-13 00:00:00+00:00,BTCUSDT,1.0476395672191552
2024-11-14 00:00:00+00:00,BTCUSDT,0.8511900110861593
2024-11-15 00:00:00+00:00,BTCUSDT,0.6344290600558627
2024-11-16 00:00:00+00:00,BTCUSDT,0.29012027056288375
2024-11-17 00:00:00+00:00,BTCUSDT,0.3746934438367285
2024-11-18 00:00:00+00:00,BTCUSDT,0.8588907283145703
2024-11-19 00:00:00+00:00,BTCUSDT,0.5465122033677388
2024-11-20 00:00:00+00:00,BTCUSDT,0.3263566455041019
2024-11-21 00:00:00+00:00,BTCUSDT,0.5797381307988262
2024-11-22 00:00:00+00:00,BTCUSDT,0.4406938431372639
2024-11-23 00:00:00+00:00,BTCUSDT,0.22551160887789756
2024-11-24 00:00:00+00:00,BTCUSDT,0.44433200830353525
2024-11-25 00:00:00+00:00,BTCUSDT,0.6565583256253129
2024-11-26 00:00:00+00:00,BTCUSDT,0.717754863862131
2024-11-27 00:00:00+00:00,BTCUSDT,0.38858169483487087
2024-11-28 00:00:00+00:00,BTCUSDT,0.34597898618033046
2024-11-29 00:00:00+00:00,BTCUSDT,0.4003295976523278
2024-11-30 00:00:00+00:00,BTCUSDT,0.28380405936023523
2024-12-01 00:00:00+00:00,BTCUSDT,0.30159553747946016
2024-12-02 00:00:00+00:00,BTCUSDT,0.6548368492168732
2024-12-03 00:00:00+00:00,BTCUSDT,0.533435016190646
2024-12-04 00:00:00+00:00,BTCUSDT,0.5754791980549898
2024-12-05 00:00:00+00:00,BTCUSDT,1.0766514368517475
2024-12-06 00:00:00+00:00,BTCUSDT,0.5868036717675271
2024-12-07 00:00:00+00:00,BTCUSDT,0.27596735406297296
2024-12-08 00:00:00+00:00,BTCUSDT,0.3585739427937958
2024-12-09 00:00:00+00:00,BTCUSDT,0.7351452058501478
2024-12-10 00:00:00+00:00,BTCUSDT,0.7686238880700134
2024-12-11 00:00:00+00:00,BTCUSDT,0.5078647277306052
2024-12-12 00:00:00+00:00,BTCUSDT,0.5566245683481446
2024-12-13 00:00:00+00:00,BTCUSDT,0.45565354044728273
2024-12-14 00:00:00+00:00,BTCUSDT,0.30791576305497054
2024-12-15 00:00:00+00:00,BTCUSDT,0.3539952148878025
2024-12-16 00:00:00+00:00,BTCUSDT,0.5364246848478933
2024-12-17 00:00:00+00:00,BTCUSDT,0.5273723090963179
2024-12-18 00:00:00+00:00,BTCUSDT,0.6562506451905109
2024-12-19 00:00:00+00:00,BTCUSDT,0.7891389087403692
2024-12-20 00:00:00+00:00,BTCUSDT,0.9416383463807203
2024-12-21 00:00:00+00:00,BTCUSDT,0.41892576630799677
2024-12-22 00:00:00+00:00,BTCUSDT,0.5576828156653464
2024-12-23 00:00:00+00:00,BTCUSDT,0.7235564440211862
2024-12-24 00:00:00+00:00,BTCUSDT,0.6500580651983273
2024-12-25 00:00:00+00:00,BTCUSDT,0.30508206203331484
2024-12-26 00:00:00+00:00,BTCUSDT,0.5028279209019926
2024-12-27 00:00:00+00:00,BTCUSDT,0.5359902189783022
2024-12-28 00:00:00+00:00,BTCUSDT,0.16142459863073672
2024-12-29 00:00:00+00:00,BTCUSDT,0.26284918252255185
2024-12-30 00:00:00+00:00,BTCUSDT,0.7477025936776978
2024-12-31 00:00:00+00:00,BTCUSDT,0.4480156272054933
2025-01-01 00:00:00+00:00,BTCUSDT,0.3405173210599974
2025-01-02 00:00:00+00:00,BTCUSDT,0.42546023884564316
2025-01-03 00:00:00+00:00,BTCUSDT,0.2578453429284862
2025-01-04 00:00:00+00:00,BTCUSDT,0.20784746390311754
2025-01-05 00:00:00+00:00,BTCUSDT,0.1845826853479389
2025-01-06 00:00:00+00:00,BTCUSDT,0.4407129766299088
2025-01-07 00:00:00+00:00,BTCUSDT,0.4702836288025083
2025-01-08 00:00:00+00:00,BTCUSDT,0.5123415457301389
2025-01-09 00:00:00+00:00,BTCUSDT,0.70598087633881
2025-01-10 00:00:00+00:00,BTCUSDT,0.659364455833785
2025-01-11 00:00:00+00:00,BTCUSDT,0.21106158313966972
2025-01-12 00:00:00+00:00,BTCUSDT,0.23722763451925016
2025-01-13 00:00:00+00:00,BTCUSDT,0.6436138752041833
2025-01-14 00:00:00+00:00,BTCUSDT,0.4898114860234252
2025-01-15 00:00:00+00:00,BTCUSDT,0.5357881306254917
2025-01-16 00:00:00+00:00,BTCUSDT,0.5812966915035018
2025-01-17 00:00:00+00:00,BTCUSDT,0.5983967019293116
2025-01-18 00:00:00+00:00,BTCUSDT,0.5091531177892542
2025-01-19 00:00:00+00:00,BTCUSDT,0.7608417845396004
2025-01-20 00:00:00+00:00,BTCUSDT,1.5800777295600916
2025-01-21 00:00:00+00:00,BTCUSDT,0.6820873980251524
2025-01-22 00:00:00+00:00,BTCUSDT,0.36146620054368334
2025-01-23 00:00:00+00:00,BTCUSDT,0.7499680785198913
2025-01-24 00:00:00+00:00,BTCUSDT,0.4371619396075468
2025-01-25 00:00:00+00:00,BTCUSDT,0.24435863078094175
2025-01-26 00:00:00+00:00,BTCUSDT,0.3630829857583046
2025-01-27 00:00:00+00:00,BTCUSDT,0.847744642340224
2025-01-28 00:00:00+00:00,BTCUSDT,0.46068951034195216
2025-01-29 00:00:00+00:00,BTCUSDT,0.3112953792189057
2025-01-30 00:00:00+00:00,BTCUSDT,0.34677609084743344
2025-01-31 00:00:00+00:00,BTCUSDT,0.50864587067247
2025-02-01 00:00:00+00:00,BTCUSDT,0.23596531039338664
2025-02-02 00:00:00+00:00,BTCUSDT,0.6609501280217362
2025-02-03 00:00:00+00:00,BTCUSDT,1.20198115222459
2025-02-04 00:00:00+00:00,BTCUSDT,0.6943069593845688
2025-02-05 00:00:00+00:00,BTCUSDT,0.37635211793471696
2025-02-06 00:00:00+00:00,BTCUSDT,0.42968120047844405
2025-02-07 00:00:00+00:00,BTCUSDT,0.5881872602992735
2025-02-08 00:00:00+00:00,BTCUSDT,0.19742588024604088
2025-02-09 00:00:00+00:00,BTCUSDT,0.40729382220478244
2025-02-10 00:00:00+00:00,BTCUSDT,0.44264062373834173
2025-02-11 00:00:00+00:00,BTCUSDT,0.46093785180499997
2025-02-12 00:00:00+00:00,BTCUSDT,0.4514865218466229
2025-02-13 00:00:00+00:00,BTCUSDT,0.33672049809299165
2025-02-14 00:00:00+00:00,BTCUSDT,0.38945275657155815
2025-02-15 00:00:00+00:00,BTCUSDT,0.12625032309159034
2025-02-16 00:00:00+00:00,BTCUSDT,0.2174151039651107
2025-02-17 00:00:00+00:00,BTCUSDT,0.3570064196233879
2025-02-18 00:00:00+00:00,BTCUSDT,0.429903863565831
2025-02-19 00:00:00+00:00,BTCUSDT,0.3195375185858903
2025-02-20 00:00:00+00:00,BTCUSDT,0.2695531114146459
2025-02-21 00:00:00+00:00,BTCUSDT,0.46327037934723825
2025-02-22 00:00:00+00:00,BTCUSDT,0.13209020983348707
2025-02-23 00:00:00+00:00,BTCUSDT,0.19397765535812084
2025-02-24 00:00:00+00:00,BTCUSDT,0.45283893655324514
2025-02-25 00:00:00+00:00,BTCUSDT,0.7695392557786613
2025-02-26 00:00:00+00:00,BTCUSDT,0.6373444509521833
2025-02-27 00:00:00+00:00,BTCUSDT,0.643825761067093
2025-02-28 00:00:00+00:00,BTCUSDT,1.0159267173447248
2025-03-01 00:00:00+00:00,BTCUSDT,0.47233847624283504
2025-03-02 00:00:00+00:00,BTCUSDT,1.2330556684409428
2025-03-03 00:00:00+00:00,BTCUSDT,1.3987460727180054
2025-03-04 00:00:00+00:00,BTCUSDT,1.0980908758716716
2025-03-05 00:00:00+00:00,BTCUSDT,0.6205021418655845
2025-03-06 00:00:00+00:00,BTCUSDT,0.7534612551639649
2025-03-07 00:00:00+00:00,BTCUSDT,1.4508463057336667
2025-03-08 00:00:00+00:00,BTCUSDT,0.2616009391034839
2025-03-09 00:00:00+00:00,BTCUSDT,0.5948927743643819
2025-03-10 00:00:00+00:00,BTCUSDT,1.0065965914490214
2025-03-11 00:00:00+00:00,BTCUSDT,0.8550641993564706
2025-03-12 00:00:00+00:00,BTCUSDT,0.7217837737855448
2025-03-13 00:00:00+00:00,BTCUSDT,0.5345884882073427
2025-03-14 00:00:00+00:00,BTCUSDT,0.4157616397147327
2025-03-15 00:00:00+00:00,BTCUSDT,0.20013818052844073
2025-03-16 00:00:00+00:00,BTCUSDT,0.5042708922872555
2025-03-17 00:00:00+00:00,BTCUSDT,0.3848271461028022
2025-03-18 00:00:00+00:00,BTCUSDT,0.4855526228650272
2025-03-19 00:00:00+00:00,BTCUSDT,0.4460884033591632
2025-03-20 00:00:00+00:00,BTCUSDT,0.5475861948413265
2025-03-21 00:00:00+00:00,BTCUSDT,0.34706955733818984
2025-03-22 00:00:00+00:00,BTCUSDT,0.12067508084847053
2025-03-23 00:00:00+00:00,BTCUSDT,0.2196025718250536
2025-03-24 00:00:00+00:00,BTCUSDT,0.40970806111332025
2025-03-25 00:00:00+00:00,BTCUSDT,0.30917116353800517
2025-03-26 00:00:00+00:00,BTCUSDT,0.3879352976364662
2025-03-27 00:00:00+00:00,BTCUSDT,0.31603101695402513
2025-03-28 00:00:00+00:00,BTCUSDT,0.3170201242412702
2025-03-29 00:00:00+00:00,BTCUSDT,0.3388739497631338
2025-03-30 00:00:00+00:00,BTCUSDT,0.27560879988044384
2025-03-31 00:00:00+00:00,BTCUSDT,0.5323461858131211
2025-04-01 00:00:00+00:00,BTCUSDT,0.3812540634377155
2025-04-02 00:00:00+00:00,BTCUSDT,0.7333288321177437
2025-04-03 00:00:00+00:00,BTCUSDT,0.5174803344803427
2025-04-04 00:00:00+00:00,BTCUSDT,0.6991102982103037
2025-04-05 00:00:00+00:00,BTCUSDT,0.26601136797773867
2025-04-06 00:00:00+00:00,BTCUSDT,0.6122478448878265
2025-04-07 00:00:00+00:00,BTCUSDT,1.0920297266027672
2025-04-08 00:00:00+00:00,BTCUSDT,0.7312503242373177
2025-04-09 00:00:00+00:00,BTCUSDT,1.2344990547558021
2025-04-10 00:00:00+00:00,BTCUSDT,0.7418819581228974
2025-04-11 00:00:00+00:00,BTCUSDT,0.6654412686601214
2025-04-12 00:00:00+00:00,BTCUSDT,0.3109074112601558
2025-04-13 00:00:00+00:00,BTCUSDT,0.4513923108646508
2025-04-14 00:00:00+00:00,BTCUSDT,0.5791597983383763
2025-04-15 00:00:00+00:00,BTCUSDT,0.2707139969846996
2025-04-16 00:00:00+00:00,BTCUSDT,0.5985959853078218
2025-04-17 00:00:00+00:00,BTCUSDT,0.2868987250703896
2025-04-18 00:00:00+00:00,BTCUSDT,0.10576908204224367
2025-04-19 00:00:00+00:00,BTCUSDT,0.1960434845277252
2025-04-20 00:00:00+00:00,BTCUSDT,0.23636010747858116
2025-04-21 00:00:00+00:00,BTCUSDT,0.5471796237277611
2025-04-22 00:00:00+00:00,BTCUSDT,0.5616245237240448
2025-04-23 00:00:00+00:00,BTCUSDT,0.3447007502413727
2025-04-24 00:00:00+00:00,BTCUSDT,0.27533353256025794
2025-04-25 00:00:00+00:00,BTCUSDT,0.4412391913318879
2025-04-26 00:00:00+00:00,BTCUSDT,0.18081717489702992
2025-04-27 00:00:00+00:00,BTCUSDT,0.24214206053171286
2025-04-28 00:00:00+00:00,BTCUSDT,0.4516410067972023
2025-04-29 00:00:00+00:00,BTCUSDT,0.26167554752847655
2025-04-30 00:00:00+00:00,BTCUSDT,0.4344433373367739
2025-05-01 00:00:00+00:00,BTCUSDT,0.3220448623565155
2025-05-02 00:00:00+00:00,BTCUSDT,0.3223871284761407
2025-05-03 00:00:00+00:00,BTCUSDT,0.16469584181103417
2025-05-04 00:00:00+00:00,BTCUSDT,0.25129169079193636
2025-05-05 00:00:00+00:00,BTCUSDT,0.3484326328408276
2025-05-06 00:00:00+00:00,BTCUSDT,0.4330537626853264
2025-05-07 00:00:00+00:00,BTCUSDT,0.3100231038515723
2025-05-08 00:00:00+00:00,BTCUSDT,0.44169899288778447
2025-05-09 00:00:00+00:00,BTCUSDT,0.3645952731069395
2025-05-10 00:00:00+00:00,BTCUSDT,0.3175177835275608
2025-05-11 00:00:00+00:00,BTCUSDT,0.30837226025578074
2025-05-12 00:00:00+00:00,BTCUSDT,0.4818239844678822
2025-05-13 00:00:00+00:00,BTCUSDT,0.3629460566895996
2025-05-14 00:00:00+00:00,BTCUSDT,0.23250043036956272
2025-05-15 00:00:00+00:00,BTCUSDT,0.49812572116109477
2025-05-16 00:00:00+00:00,BTCUSDT,0.2562243049726094
2025-05-17 00:00:00+00:00,BTCUSDT,0.23773179833982394
2025-05-18 00:00:00+00:00,BTCUSDT,0.4721052761457237
2025-05-19 00:00:00+00:00,BTCUSDT,0.5630326183468898
2025-05-20 00:00:00+00:00,BTCUSDT,0.5328530552217522
2025-05-21 00:00:00+00:00,BTCUSDT,0.750426796967955
2025-05-22 00:00:00+00:00,BTCUSDT,0.42169122612735305
2025-05-23 00:00:00+00:00,BTCUSDT,0.5083036887418563
2025-05-24 00:00:00+00:00,BTCUSDT,0.3310301275154339
2025-05-25 00:00:00+00:00,BTCUSDT,0.3855190433774335
2025-05-26 00:00:00+00:00,BTCUSDT,0.24239392147496025
2025-05-27 00:00:00+00:00,BTCUSDT,0.33140328523647744
2025-05-28 00:00:00+00:00,BTCUSDT,0.3007061952864544
2025-05-29 00:00:00+00:00,BTCUSDT,0.34709768187371925
2025-05-30 00:00:00+00:00,BTCUSDT,0.469266670844714
2025-05-31 00:00:00+00:00,BTCUSDT,0.23752387074786122
2025-06-01 00:00:00+00:00,BTCUSDT,0.22025016037854622
2025-06-02 00:00:00+00:00,BTCUSDT,0.2970905641389248
2025-06-03 00:00:00+00:00,BTCUSDT,0.3809860351294603
2025-06-04 00:00:00+00:00,BTCUSDT,0.21609230127891876
2025-06-05 00:00:00+00:00,BTCUSDT,0.5684929050645248
2025-06-06 00:00:00+00:00,BTCUSDT,0.25154651165802805
2025-06-07 00:00:00+00:00,BTCUSDT,0.19324367689070787
2025-06-08 00:00:00+00:00,BTCUSDT,0.18646406041563118
2025-06-09 00:00:00+00:00,BTCUSDT,0.3588310739866698
2025-06-10 00:00:00+00:00,BTCUSDT,0.29067598000457306
2025-06-11 00:00:00+00:00,BTCUSDT,0.20282048589754048
2025-06-12 00:00:00+00:00,BTCUSDT,0.3647275718367477
2025-06-13 00:00:00+00:00,BTCUSDT,0.46097166555288005
2025-06-14 00:00:00+00:00,BTCUSDT,0.1866159216596436
2025-06-15 00:00:00+00:00,BTCUSDT,0.26638514536677144
2025-06-16 00:00:00+00:00,BTCUSDT,0.3398722259736697
2025-06-17 00:00:00+00:00,BTCUSDT,0.3068608546914079
2025-06-18 00:00:00+00:00,BTCUSDT,0.34375356677257096
2025-06-19 00:00:00+00:00,BTCUSDT,0.20314972681677762
2025-06-20 00:00:00+00:00,BTCUSDT,0.45577615532061055
2025-06-21 00:00:00+00:00,BTCUSDT,0.3498240675886778
2025-06-22 00:00:00+00:00,BTCUSDT,0.6962568155929224
2025-06-23 00:00:00+00:00,BTCUSDT,0.5880382903553856
2025-06-24 00:00:00+00:00,BTCUSDT,0.35678057379411265
2025-06-25 00:00:00+00:00,BTCUSDT,0.24796869191836662
2025-06-26 00:00:00+00:00,BTCUSDT,0.22662031171389957
2025-06-27 00:00:00+00:00,BTCUSDT,0.2609610967883394
2025-06-28 00:00:00+00:00,BTCUSDT,0.11288281048892311
2025-06-29 00:00:00+00:00,BTCUSDT,0.18773797245082982
2025-06-30 00:00:00+00:00,BTCUSDT,0.2931119638043205
2025-07-01 00:00:00+00:00,BTCUSDT,
2020-08-12 00:00:00+00:00,ETHUSDT,0.7251300880854857
2020-08-13 00:00:00+00:00,ETHUSDT,1.1311512309241494
2020-08-14 00:00:00+00:00,ETHUSDT,0.6388897453156859
2020-08-15 00:00:00+00:00,ETHUSDT,0.40511243449666245
2020-08-16 00:00:00+00:00,ETHUSDT,0.6738842005829735
2020-08-17 00:00:00+00:00,ETHUSDT,0.7600870072483297
2020-08-18 00:00:00+00:00,ETHUSDT,0.5479336984012917
2020-08-19 00:00:00+00:00,ETHUSDT,0.8173429736703103
2020-08-20 00:00:00+00:00,ETHUSDT,0.5356583844313783
2020-08-21 00:00:00+00:00,ETHUSDT,0.6511904830126639
2020-08-22 00:00:00+00:00,ETHUSDT,0.663103566806739
2020-08-23 00:00:00+00:00,ETHUSDT,0.4767000124050959
2020-08-24 00:00:00+00:00,ETHUSDT,0.5419137113639978
2020-08-25 00:00:00+00:00,ETHUSDT,0.8887521938447926
2020-08-26 00:00:00+00:00,ETHUSDT,0.60460030445488
2020-08-27 00:00:00+00:00,ETHUSDT,0.7654152412812971
2020-08-28 00:00:00+00:00,ETHUSDT,0.5314125280839633
2020-08-29 00:00:00+00:00,ETHUSDT,0.5587495960802689
2020-08-30 00:00:00+00:00,ETHUSDT,0.6168210555948412
2020-08-31 00:00:00+00:00,ETHUSDT,0.6008602055692187
2020-09-01 00:00:00+00:00,ETHUSDT,0.9569402953560256
2020-09-02 00:00:00+00:00,ETHUSDT,1.2498466729023445
2020-09-03 00:00:00+00:00,ETHUSDT,1.5309102325330475
2020-09-04 00:00:00+00:00,ETHUSDT,1.027337133163811
2020-09-05 00:00:00+00:00,ETHUSDT,2.4900616862919263
2020-09-06 00:00:00+00:00,ETHUSDT,1.5123914370821738
2020-09-07 00:00:00+00:00,ETHUSDT,1.3565938037408998
2020-09-08 00:00:00+00:00,ETHUSDT,1.1244552369634302
2020-09-09 00:00:00+00:00,ETHUSDT,0.8773320939588951
2020-09-10 00:00:00+00:00,ETHUSDT,1.0989407382229006
2020-09-11 00:00:00+00:00,ETHUSDT,0.6863033764109969
2020-09-12 00:00:00+00:00,ETHUSDT,0.7046113871034945
2020-09-13 00:00:00+00:00,ETHUSDT,0.7861201712120434
2020-09-14 00:00:00+00:00,ETHUSDT,1.0723535744911001
2020-09-15 00:00:00+00:00,ETHUSDT,0.7774860978548279
2020-09-16 00:00:00+00:00,ETHUSDT,0.6688017437047853
2020-09-17 00:00:00+00:00,ETHUSDT,0.9388779375985936
2020-09-18 00:00:00+00:00,ETHUSDT,0.5801706630238972
2020-09-19 00:00:00+00:00,ETHUSDT,0.44894807795420555
2020-09-20 00:00:00+00:00,ETHUSDT,0.49687518941267017
2020-09-21 00:00:00+00:00,ETHUSDT,0.9402762267699508
2020-09-22 00:00:00+00:00,ETHUSDT,0.6787991617871147
2020-09-23 00:00:00+00:00,ETHUSDT,0.6666289852665692
2020-09-24 00:00:00+00:00,ETHUSDT,0.7331286497981127
2020-09-25 00:00:00+00:00,ETHUSDT,0.678501653945629
2020-09-26 00:00:00+00:00,ETHUSDT,0.47767733549854385
2020-09-27 00:00:00+00:00,ETHUSDT,0.7317544249949709
2020-09-28 00:00:00+00:00,ETHUSDT,0.6091060163140412
2020-09-29 00:00:00+00:00,ETHUSDT,0.3555280100700756
2020-09-30 00:00:00+00:00,ETHUSDT,0.35504333147188666
2020-10-01 00:00:00+00:00,ETHUSDT,0.8571874034881297
2020-10-02 00:00:00+00:00,ETHUSDT,0.7674653603105933
2020-10-03 00:00:00+00:00,ETHUSDT,0.3308377479765123
2020-10-04 00:00:00+00:00,ETHUSDT,0.3126185290718527
2020-10-05 00:00:00+00:00,ETHUSDT,0.31720358011525185
2020-10-06 00:00:00+00:00,ETHUSDT,0.6494845540565205
2020-10-07 00:00:00+00:00,ETHUSDT,0.37588557837950015
2020-10-08 00:00:00+00:00,ETHUSDT,0.4994108702475723
2020-10-09 00:00:00+00:00,ETHUSDT,0.4962932574536283
2020-10-10 00:00:00+00:00,ETHUSDT,0.546090831370021
2020-10-11 00:00:00+00:00,ETHUSDT,0.3793598890494072
2020-10-12 00:00:00+00:00,ETHUSDT,0.9961962202279462
2020-10-13 00:00:00+00:00,ETHUSDT,0.46030506388879305
2020-10-14 00:00:00+00:00,ETHUSDT,0.5914068878921503
2020-10-15 00:00:00+00:00,ETHUSDT,0.46849747814917697
2020-10-16 00:00:00+00:00,ETHUSDT,0.7000435252027531
2020-10-17 00:00:00+00:00,ETHUSDT,0.27905449575047786
2020-10-18 00:00:00+00:00,ETHUSDT,0.2923768464365788
2020-10-19 00:00:00+00:00,ETHUSDT,0.4283030706008253
2020-10-20 00:00:00+00:00,ETHUSDT,0.544761267453639
2020-10-21 00:00:00+00:00,ETHUSDT,0.8304122898256084
2020-10-22 00:00:00+00:00,ETHUSDT,0.7791907751872871
2020-10-23 00:00:00+00:00,ETHUSDT,0.5287887927700234
2020-10-24 00:00:00+00:00,ETHUSDT,0.31811705318189487
2020-10-25 00:00:00+00:00,ETHUSDT,0.5743734289189111
2020-10-26 00:00:00+00:00,ETHUSDT,0.6660218760241916
2020-10-27 00:00:00+00:00,ETHUSDT,0.5497085524311701
2020-10-28 00:00:00+00:00,ETHUSDT,0.6447648835250958
2020-10-29 00:00:00+00:00,ETHUSDT,0.5432418233155941
2020-10-30 00:00:00+00:00,ETHUSDT,0.5190110482932608
2020-10-31 00:00:00+00:00,ETHUSDT,0.4317172622135239
2020-11-01 00:00:00+00:00,ETHUSDT,0.4018592085801107
2020-11-02 00:00:00+00:00,ETHUSDT,0.9261934890332274
2020-11-03 00:00:00+00:00,ETHUSDT,0.5934733683341965
2020-11-04 00:00:00+00:00,ETHUSDT,1.0272404346859247
2020-11-05 00:00:00+00:00,ETHUSDT,0.7756603015460934
2020-11-06 00:00:00+00:00,ETHUSDT,1.134938369590256
2020-11-07 00:00:00+00:00,ETHUSDT,1.1819267936382973
2020-11-08 00:00:00+00:00,ETHUSDT,0.6872720093443874
2020-11-09 00:00:00+00:00,ETHUSDT,0.7575786254163062
2020-11-10 00:00:00+00:00,ETHUSDT,0.46935923621374065
2020-11-11 00:00:00+00:00,ETHUSDT,0.8156667263152031
2020-11-12 00:00:00+00:00,ETHUSDT,0.6963742634525608
2020-11-13 00:00:00+00:00,ETHUSDT,0.5290098324547312
2020-11-14 00:00:00+00:00,ETHUSDT,0.4871411517063483
2020-11-15 00:00:00+00:00,ETHUSDT,0.46924854256489507
2020-11-16 00:00:00+00:00,ETHUSDT,0.4410394402246922
2020-11-17 00:00:00+00:00,ETHUSDT,0.67200235155955
2020-11-18 00:00:00+00:00,ETHUSDT,1.1932490784749583
2020-11-19 00:00:00+00:00,ETHUSDT,0.39936505913329423
2020-11-20 00:00:00+00:00,ETHUSDT,0.8304869277836145
2020-11-21 00:00:00+00:00,ETHUSDT,0.8753592814769741
2020-11-22 00:00:00+00:00,ETHUSDT,1.3994161411463222
2020-11-23 00:00:00+00:00,ETHUSDT,0.9804389783404693
2020-11-24 00:00:00+00:00,ETHUSDT,0.9622359050604341
2020-11-25 00:00:00+00:00,ETHUSDT,0.8042863229915234
2020-11-26 00:00:00+00:00,ETHUSDT,1.9631151742377224
2020-11-27 00:00:00+00:00,ETHUSDT,1.1644013437346536
2020-11-28 00:00:00+00:00,ETHUSDT,0.7697776230149957
2020-11-29 00:00:00+00:00,ETHUSDT,0.7215058458495822
2020-11-30 00:00:00+00:00,ETHUSDT,
2020-12-01 00:00:00+00:00,ETHUSDT,1.8872432706109494
2020-12-02 00:00:00+00:00,ETHUSDT,0.6313420206041586
2020-12-03 00:00:00+00:00,ETHUSDT,0.6082212947224594
2020-12-04 00:00:00+00:00,ETHUSDT,0.8830555880563277
2020-12-05 00:00:00+00:00,ETHUSDT,0.637926549802358
2020-12-06 00:00:00+00:00,ETHUSDT,0.6872750124285353
2020-12-07 00:00:00+00:00,ETHUSDT,0.4488504153405146
2020-12-08 00:00:00+00:00,ETHUSDT,0.6972028933688263
2020-12-09 00:00:00+00:00,ETHUSDT,0.880891562818993
2020-12-10 00:00:00+00:00,ETHUSDT,0.6587300288237818
2020-12-11 00:00:00+00:00,ETHUSDT,0.6964125927361448
2020-12-12 00:00:00+00:00,ETHUSDT,0.6391971495633414
2020-12-13 00:00:00+00:00,ETHUSDT,0.4559630300325762
2020-12-14 00:00:00+00:00,ETHUSDT,0.5584335220532337
2020-12-15 00:00:00+00:00,ETHUSDT,0.4806732951340991
2020-12-16 00:00:00+00:00,ETHUSDT,0.7964341716063041
2020-12-17 00:00:00+00:00,ETHUSDT,1.3532983762340605
2020-12-18 00:00:00+00:00,ETHUSDT,0.759323821333307
2020-12-19 00:00:00+00:00,ETHUSDT,0.5614777634264375
2020-12-20 00:00:00+00:00,ETHUSDT,0.9618841746366865
2020-12-21 00:00:00+00:00,ETHUSDT,
2020-12-22 00:00:00+00:00,ETHUSDT,0.7370004465038369
2020-12-23 00:00:00+00:00,ETHUSDT,1.1487814930058153
2020-12-24 00:00:00+00:00,ETHUSDT,1.1044991842728302
2020-12-25 00:00:00+00:00,ETHUSDT,
2020-12-26 00:00:00+00:00,ETHUSDT,0.915945029103368
2020-12-27 00:00:00+00:00,ETHUSDT,1.703357026243215
2020-12-28 00:00:00+00:00,ETHUSDT,1.1403304495356728
2020-12-29 00:00:00+00:00,ETHUSDT,0.9081055028998766
2020-12-30 00:00:00+00:00,ETHUSDT,0.68025194269149
2020-12-31 00:00:00+00:00,ETHUSDT,0.7184136627703371
2021-01-01 00:00:00+00:00,ETHUSDT,0.6216484668826782
2021-01-02 00:00:00+00:00,ETHUSDT,1.3186071821891296
2021-01-03 00:00:00+00:00,ETHUSDT,1.6785277590534577
2021-01-04 00:00:00+00:00,ETHUSDT,2.731654935843262
2021-01-05 00:00:00+00:00,ETHUSDT,2.374665098610701
2021-01-06 00:00:00+00:00,ETHUSDT,1.7044189223681707
2021-01-07 00:00:00+00:00,ETHUSDT,1.324693417600414
2021-01-08 00:00:00+00:00,ETHUSDT,2.455998923749575
2021-01-09 00:00:00+00:00,ETHUSDT,1.2547516300349049
2021-01-10 00:00:00+00:00,ETHUSDT,1.5440635783814594
2021-01-11 00:00:00+00:00,ETHUSDT,3.2672841272052175
2021-01-12 00:00:00+00:00,ETHUSDT,2.132892756580714
2021-01-13 00:00:00+00:00,ETHUSDT,1.9322595520313595
2021-01-14 00:00:00+00:00,ETHUSDT,1.2974520632160442
2021-01-15 00:00:00+00:00,ETHUSDT,1.6214986848035173
2021-01-16 00:00:00+00:00,ETHUSDT,1.4107542231005998
2021-01-17 00:00:00+00:00,ETHUSDT,1.3439794712846347
2021-01-18 00:00:00+00:00,ETHUSDT,0.926332425276589
2021-01-19 00:00:00+00:00,ETHUSDT,1.940789887927797
2021-01-20 00:00:00+00:00,ETHUSDT,1.9396003506736827
2021-01-21 00:00:00+00:00,ETHUSDT,1.6814453048833857
2021-01-22 00:00:00+00:00,ETHUSDT,1.7650757542331923
2021-01-23 00:00:00+00:00,ETHUSDT,0.909117090773309
2021-01-24 00:00:00+00:00,ETHUSDT,1.1426100524498763
2021-01-25 00:00:00+00:00,ETHUSDT,1.4602882268310813
2021-01-26 00:00:00+00:00,ETHUSDT,1.718848918653137
2021-01-27 00:00:00+00:00,ETHUSDT,1.7807033399313825
2021-01-28 00:00:00+00:00,ETHUSDT,0.9509076950983795
2021-01-29 00:00:00+00:00,ETHUSDT,1.5940273674394267
2021-01-30 00:00:00+00:00,ETHUSDT,0.7242466344158728
2021-01-31 00:00:00+00:00,ETHUSDT,0.7981876105485407
2021-02-01 00:00:00+00:00,ETHUSDT,1.0045731084330842
2021-02-02 00:00:00+00:00,ETHUSDT,1.3120992299268388
2021-02-03 00:00:00+00:00,ETHUSDT,1.0389487510034383
2021-02-04 00:00:00+00:00,ETHUSDT,1.2746927361019769
2021-02-05 00:00:00+00:00,ETHUSDT,1.169942542341702
2021-02-06 00:00:00+00:00,ETHUSDT,0.9693398302461974
2021-02-07 00:00:00+00:00,ETHUSDT,1.0597777056740036
2021-02-08 00:00:00+00:00,ETHUSDT,1.2622926902047
2021-02-09 00:00:00+00:00,ETHUSDT,1.1057863556281027
2021-02-10 00:00:00+00:00,ETHUSDT,0.915824760853296
2021-02-11 00:00:00+00:00,ETHUSDT,
2021-02-12 00:00:00+00:00,ETHUSDT,0.809456125073919
2021-02-13 00:00:00+00:00,ETHUSDT,0.7318459916933353
2021-02-14 00:00:00+00:00,ETHUSDT,0.6348613110345301
2021-02-15 00:00:00+00:00,ETHUSDT,1.063604351058044
2021-02-16 00:00:00+00:00,ETHUSDT,0.7195480156215117
2021-02-17 00:00:00+00:00,ETHUSDT,0.7630711652479275
2021-02-18 00:00:00+00:00,ETHUSDT,0.6444116468971974
2021-02-19 00:00:00+00:00,ETHUSDT,0.46971634937161094
2021-02-20 00:00:00+00:00,ETHUSDT,1.2265006052672816
2021-02-21 00:00:00+00:00,ETHUSDT,0.7743613049851333
2021-02-22 00:00:00+00:00,ETHUSDT,1.4836593815461634
2021-02-23 00:00:00+00:00,ETHUSDT,3.083128379134703
2021-02-24 00:00:00+00:00,ETHUSDT,1.336707570716576
2021-02-25 00:00:00+00:00,ETHUSDT,1.2875761795959142
2021-02-26 00:00:00+00:00,ETHUSDT,1.613373829034042
2021-02-27 00:00:00+00:00,ETHUSDT,1.1193429840893387
2021-02-28 00:00:00+00:00,ETHUSDT,1.6390963691449612
2021-03-01 00:00:00+00:00,ETHUSDT,0.9791795724595745
2021-03-02 00:00:00+00:00,ETHUSDT,1.0122405045524037
2021-03-03 00:00:00+00:00,ETHUSDT,1.1558348026358545
2021-03-04 00:00:00+00:00,ETHUSDT,1.2904237326687933
2021-03-05 00:00:00+00:00,ETHUSDT,1.1158759272329113
2021-03-06 00:00:00+00:00,ETHUSDT,
2021-03-07 00:00:00+00:00,ETHUSDT,0.9681774537367529
2021-03-08 00:00:00+00:00,ETHUSDT,1.007236311002104
2021-03-09 00:00:00+00:00,ETHUSDT,0.8423530699018374
2021-03-10 00:00:00+00:00,ETHUSDT,0.9896140294456904
2021-03-11 00:00:00+00:00,ETHUSDT,0.8443373171826277
2021-03-12 00:00:00+00:00,ETHUSDT,0.6646315194119085
2021-03-13 00:00:00+00:00,ETHUSDT,0.9268660763713182
2021-03-14 00:00:00+00:00,ETHUSDT,0.677322767030626
2021-03-15 00:00:00+00:00,ETHUSDT,0.7583308742137423
2021-03-16 00:00:00+00:00,ETHUSDT,1.010098539094535
2021-03-17 00:00:00+00:00,ETHUSDT,0.6392320540442258
2021-03-18 00:00:00+00:00,ETHUSDT,0.6712375386202762
2021-03-19 00:00:00+00:00,ETHUSDT,0.5019723446790771
2021-03-20 00:00:00+00:00,ETHUSDT,0.44105604704631174
2021-03-21 00:00:00+00:00,ETHUSDT,0.557604582491122
2021-03-22 00:00:00+00:00,ETHUSDT,0.9413527000812163
2021-03-23 00:00:00+00:00,ETHUSDT,0.750965717329275
2021-03-24 00:00:00+00:00,ETHUSDT,0.8414218880464619
2021-03-25 00:00:00+00:00,ETHUSDT,0.9663658867647612
2021-03-26 00:00:00+00:00,ETHUSDT,0.73661524487384
2021-03-27 00:00:00+00:00,ETHUSDT,0.4491777776456658
2021-03-28 00:00:00+00:00,ETHUSDT,0.4833162533810535
2021-03-29 00:00:00+00:00,ETHUSDT,0.6216797286343776
2021-03-30 00:00:00+00:00,ETHUSDT,0.4792579590034202
2021-03-31 00:00:00+00:00,ETHUSDT,0.9259380715802089
2021-04-01 00:00:00+00:00,ETHUSDT,0.5070524452564203
2021-04-02 00:00:00+00:00,ETHUSDT,0.8059321408266219
2021-04-03 00:00:00+00:00,ETHUSDT,0.9151015876631111
2021-04-04 00:00:00+00:00,ETHUSDT,0.46383236540909495
2021-04-05 00:00:00+00:00,ETHUSDT,0.5843258396361245
2021-04-06 00:00:00+00:00,ETHUSDT,0.7555822557233451
2021-04-07 00:00:00+00:00,ETHUSDT,0.9303920313392829
2021-04-08 00:00:00+00:00,ETHUSDT,0.5696155283571539
2021-04-09 00:00:00+00:00,ETHUSDT,0.3192750957672538
2021-04-10 00:00:00+00:00,ETHUSDT,0.8166614088033338
2021-04-11 00:00:00+00:00,ETHUSDT,0.4265314543382128
2021-04-12 00:00:00+00:00,ETHUSDT,0.6564324982454347
2021-04-13 00:00:00+00:00,ETHUSDT,0.8898019647434428
2021-04-14 00:00:00+00:00,ETHUSDT,1.050915977052149
2021-04-15 00:00:00+00:00,ETHUSDT,0.7982116259867016
2021-04-16 00:00:00+00:00,ETHUSDT,1.05180865340134
2021-04-17 00:00:00+00:00,ETHUSDT,0.8997758944805456
2021-04-18 00:00:00+00:00,ETHUSDT,1.5967027222890329
2021-04-19 00:00:00+00:00,ETHUSDT,1.1683412579484194
2021-04-20 00:00:00+00:00,ETHUSDT,
2021-04-21 00:00:00+00:00,ETHUSDT,1.3750910916668873
2021-04-22 00:00:00+00:00,ETHUSDT,1.6717018003255955
2021-04-23 00:00:00+00:00,ETHUSDT,2.0911891585937084
2021-04-24 00:00:00+00:00,ETHUSDT,1.4639222425989677
2021-04-25 00:00:00+00:00,ETHUSDT,
2021-04-26 00:00:00+00:00,ETHUSDT,1.1795383251652074
2021-04-27 00:00:00+00:00,ETHUSDT,0.9792282272515997
2021-04-28 00:00:00+00:00,ETHUSDT,1.0912117363378477
2021-04-29 00:00:00+00:00,ETHUSDT,0.8571145751490188
2021-04-30 00:00:00+00:00,ETHUSDT,0.5657530279404516
2021-05-01 00:00:00+00:00,ETHUSDT,0.56393444865715
2021-05-02 00:00:00+00:00,ETHUSDT,0.5999423650507345
2021-05-03 00:00:00+00:00,ETHUSDT,1.0297912851157673
2021-05-04 00:00:00+00:00,ETHUSDT,2.058959381304636
2021-05-05 00:00:00+00:00,ETHUSDT,1.4734508242946829
2021-05-06 00:00:00+00:00,ETHUSDT,0.9923827794784262
2021-05-07 00:00:00+00:00,ETHUSDT,0.6796292070675013
2021-05-08 00:00:00+00:00,ETHUSDT,1.0815247288378058
2021-05-09 00:00:00+00:00,ETHUSDT,1.1078305692010821
2021-05-10 00:00:00+00:00,ETHUSDT,1.575207870223389
2021-05-11 00:00:00+00:00,ETHUSDT,1.1535077270142868
2021-05-12 00:00:00+00:00,ETHUSDT,2.4477881867380424
2021-05-13 00:00:00+00:00,ETHUSDT,1.9685927645701176
2021-05-14 00:00:00+00:00,ETHUSDT,1.1251618385606885
2021-05-15 00:00:00+00:00,ETHUSDT,1.2000765399061653
2021-05-16 00:00:00+00:00,ETHUSDT,1.734223895642063
2021-05-17 00:00:00+00:00,ETHUSDT,2.405453564114895
2021-05-18 00:00:00+00:00,ETHUSDT,1.5232805689135618
2021-05-19 00:00:00+00:00,ETHUSDT,4.511129655246071
2021-05-20 00:00:00+00:00,ETHUSDT,3.249319223404367
2021-05-21 00:00:00+00:00,ETHUSDT,3.0849897444861862
2021-05-22 00:00:00+00:00,ETHUSDT,2.151232625650547
2021-05-23 00:00:00+00:00,ETHUSDT,3.127049070514065
2021-05-24 00:00:00+00:00,ETHUSDT,2.1177057352525686
2021-05-25 00:00:00+00:00,ETHUSDT,2.20919565651727
2021-05-26 00:00:00+00:00,ETHUSDT,1.6847580886280553
2021-05-27 00:00:00+00:00,ETHUSDT,1.4946963740162347
2021-05-28 00:00:00+00:00,ETHUSDT,1.8657663718885564
2021-05-29 00:00:00+00:00,ETHUSDT,1.7180017162919583
2021-05-30 00:00:00+00:00,ETHUSDT,1.5222736620219834
2021-05-31 00:00:00+00:00,ETHUSDT,1.4617169613084504
2021-06-01 00:00:00+00:00,ETHUSDT,1.5295775519361388
2021-06-02 00:00:00+00:00,ETHUSDT,0.8983583451581154
2021-06-03 00:00:00+00:00,ETHUSDT,1.0680016150921945
2021-06-04 00:00:00+00:00,ETHUSDT,1.0383508892321918
2021-06-05 00:00:00+00:00,ETHUSDT,1.4821034965390434
2021-06-06 00:00:00+00:00,ETHUSDT,0.8949038175490859
2021-06-07 00:00:00+00:00,ETHUSDT,1.148148303643775
2021-06-08 00:00:00+00:00,ETHUSDT,1.567784261321518
2021-06-09 00:00:00+00:00,ETHUSDT,1.418616252866506
2021-06-10 00:00:00+00:00,ETHUSDT,0.7349530274637499
2021-06-11 00:00:00+00:00,ETHUSDT,0.893189258731157
2021-06-12 00:00:00+00:00,ETHUSDT,1.0638898394268828
2021-06-13 00:00:00+00:00,ETHUSDT,1.169763033852521
2021-06-14 00:00:00+00:00,ETHUSDT,0.7838601378650251
2021-06-15 00:00:00+00:00,ETHUSDT,0.824159720144595
2021-06-16 00:00:00+00:00,ETHUSDT,0.626141895646789
2021-06-17 00:00:00+00:00,ETHUSDT,0.9024747982998129
2021-06-18 00:00:00+00:00,ETHUSDT,1.0908611927673342
2021-06-19 00:00:00+00:00,ETHUSDT,0.8072682052698108
2021-06-20 00:00:00+00:00,ETHUSDT,1.1098400041453818
2021-06-21 00:00:00+00:00,ETHUSDT,1.8055530340633195
2021-06-22 00:00:00+00:00,ETHUSDT,2.1701529111720275
2021-06-23 00:00:00+00:00,ETHUSDT,1.3108751407162302
2021-06-24 00:00:00+00:00,ETHUSDT,0.8753198848096003
2021-06-25 00:00:00+00:00,ETHUSDT,0.9599461132446366
2021-06-26 00:00:00+00:00,ETHUSDT,1.3682138154378118
2021-06-27 00:00:00+00:00,ETHUSDT,1.4657837531490974
2021-06-28 00:00:00+00:00,ETHUSDT,1.2696121879369686
2021-06-29 00:00:00+00:00,ETHUSDT,1.1295133329883313
2021-06-30 00:00:00+00:00,ETHUSDT,1.1726356498118837
2021-07-01 00:00:00+00:00,ETHUSDT,1.1141309122741696
2021-07-02 00:00:00+00:00,ETHUSDT,1.1503640507973465
2021-07-03 00:00:00+00:00,ETHUSDT,0.7379315472765229
2021-07-04 00:00:00+00:00,ETHUSDT,0.9613234967029056
2021-07-05 00:00:00+00:00,ETHUSDT,1.2469635237948402
2021-07-06 00:00:00+00:00,ETHUSDT,1.1441623371090015
2021-07-07 00:00:00+00:00,ETHUSDT,0.6327249415136073
2021-07-08 00:00:00+00:00,ETHUSDT,0.7573162580339934
2021-07-09 00:00:00+00:00,ETHUSDT,0.9779305855801754
2021-07-10 00:00:00+00:00,ETHUSDT,0.84992815505026
2021-07-11 00:00:00+00:00,ETHUSDT,0.5201048412715187
2021-07-12 00:00:00+00:00,ETHUSDT,0.5628262662497592
2021-07-13 00:00:00+00:00,ETHUSDT,0.8886785984507196
2021-07-14 00:00:00+00:00,ETHUSDT,1.1516730085146563
2021-07-15 00:00:00+00:00,ETHUSDT,0.6833620706171207
2021-07-16 00:00:00+00:00,ETHUSDT,0.8504686743285333
2021-07-17 00:00:00+00:00,ETHUSDT,0.6852309665306214
2021-07-18 00:00:00+00:00,ETHUSDT,0.9938086148636723
2021-07-19 00:00:00+00:00,ETHUSDT,0.6622441581965098
2021-07-20 00:00:00+00:00,ETHUSDT,1.025155017873933
2021-07-21 00:00:00+00:00,ETHUSDT,0.951643923161923
2021-07-22 00:00:00+00:00,ETHUSDT,0.7803023777159592
2021-07-23 00:00:00+00:00,ETHUSDT,0.8170144964905078
2021-07-24 00:00:00+00:00,ETHUSDT,0.6726145243393507
2021-07-25 00:00:00+00:00,ETHUSDT,0.65014227418869
2021-07-26 00:00:00+00:00,ETHUSDT,1.3576839692271199
2021-07-27 00:00:00+00:00,ETHUSDT,1.0487668591097703
2021-07-28 00:00:00+00:00,ETHUSDT,1.128602841338155
2021-07-29 00:00:00+00:00,ETHUSDT,0.6329025356348151
2021-07-30 00:00:00+00:00,ETHUSDT,0.8415179860164915
2021-07-31 00:00:00+00:00,ETHUSDT,0.6029008477040533
2021-08-01 00:00:00+00:00,ETHUSDT,0.9390421716933723
2021-08-02 00:00:00+00:00,ETHUSDT,0.9229938801324439
2021-08-03 00:00:00+00:00,ETHUSDT,0.8265374535819306
2021-08-04 00:00:00+00:00,ETHUSDT,0.8763389772440875
2021-08-05 00:00:00+00:00,ETHUSDT,1.327726209591547
2021-08-06 00:00:00+00:00,ETHUSDT,0.9153900995127019
2021-08-07 00:00:00+00:00,ETHUSDT,0.8255750953434837
2021-08-08 00:00:00+00:00,ETHUSDT,0.9744017053589373
2021-08-09 00:00:00+00:00,ETHUSDT,1.2388485123333268
2021-08-10 00:00:00+00:00,ETHUSDT,0.7800831309435682
2021-08-11 00:00:00+00:00,ETHUSDT,0.6469216490769804
2021-08-12 00:00:00+00:00,ETHUSDT,0.9593296234615143
2021-08-13 00:00:00+00:00,ETHUSDT,
2021-08-14 00:00:00+00:00,ETHUSDT,0.6588976355176018
2021-08-15 00:00:00+00:00,ETHUSDT,0.6960827084760993
2021-08-16 00:00:00+00:00,ETHUSDT,0.7349601228169488
2021-08-17 00:00:00+00:00,ETHUSDT,0.912365063574786
2021-08-18 00:00:00+00:00,ETHUSDT,0.8272548751301434
2021-08-19 00:00:00+00:00,ETHUSDT,0.7778002195395136
2021-08-20 00:00:00+00:00,ETHUSDT,0.5871711530545294
2021-08-21 00:00:00+00:00,ETHUSDT,0.6881008875585691
2021-08-22 00:00:00+00:00,ETHUSDT,0.7181298991507444
2021-08-23 00:00:00+00:00,ETHUSDT,0.5631069936388636
2021-08-24 00:00:00+00:00,ETHUSDT,0.6938937818171406
2021-08-25 00:00:00+00:00,ETHUSDT,0.8073256486298762
2021-08-26 00:00:00+00:00,ETHUSDT,0.6857310986947505
2021-08-27 00:00:00+00:00,ETHUSDT,0.5242111046975763
2021-08-28 00:00:00+00:00,ETHUSDT,0.3131938901881216
2021-08-29 00:00:00+00:00,ETHUSDT,0.5642954865681145
2021-08-30 00:00:00+00:00,ETHUSDT,0.808881759855732
2021-08-31 00:00:00+00:00,ETHUSDT,1.0964654712244186
2021-09-01 00:00:00+00:00,ETHUSDT,1.095047936629624
2021-09-02 00:00:00+00:00,ETHUSDT,0.5292867599393527
2021-09-03 00:00:00+00:00,ETHUSDT,0.8551414079188682
2021-09-04 00:00:00+00:00,ETHUSDT,0.41206335574232833
2021-09-05 00:00:00+00:00,ETHUSDT,0.47151973024318156
2021-09-06 00:00:00+00:00,ETHUSDT,0.37176664270652543
2021-09-07 00:00:00+00:00,ETHUSDT,2.3123526147818216
2021-09-08 00:00:00+00:00,ETHUSDT,1.436178794412441
2021-09-09 00:00:00+00:00,ETHUSDT,0.6618935069539466
2021-09-10 00:00:00+00:00,ETHUSDT,1.0025872006104872
2021-09-11 00:00:00+00:00,ETHUSDT,0.5981300453384224
2021-09-12 00:00:00+00:00,ETHUSDT,1.0457018018351754
2021-09-13 00:00:00+00:00,ETHUSDT,1.3434679988282154
2021-09-14 00:00:00+00:00,ETHUSDT,0.7319340623058115
2021-09-15 00:00:00+00:00,ETHUSDT,0.6069458916492275
2021-09-16 00:00:00+00:00,ETHUSDT,1.0874071828442875
2021-09-17 00:00:00+00:00,ETHUSDT,0.8058721624801017
2021-09-18 00:00:00+00:00,ETHUSDT,0.5659900408782047
2021-09-19 00:00:00+00:00,ETHUSDT,0.723368330640374
2021-09-20 00:00:00+00:00,ETHUSDT,1.2981063289653814
2021-09-21 00:00:00+00:00,ETHUSDT,1.8589070081919763
2021-09-22 00:00:00+00:00,ETHUSDT,1.0558144781701009
2021-09-23 00:00:00+00:00,ETHUSDT,0.7996870805917355
2021-09-24 00:00:00+00:00,ETHUSDT,1.5812267388632981
2021-09-25 00:00:00+00:00,ETHUSDT,0.7667759395790866
2021-09-26 00:00:00+00:00,ETHUSDT,1.6223369838122528
2021-09-27 00:00:00+00:00,ETHUSDT,0.9849293251933646
2021-09-28 00:00:00+00:00,ETHUSDT,0.7496497029808447
2021-09-29 00:00:00+00:00,ETHUSDT,
2021-09-30 00:00:00+00:00,ETHUSDT,0.9659543026907547
2021-10-01 00:00:00+00:00,ETHUSDT,0.8881912764680678
2021-10-02 00:00:00+00:00,ETHUSDT,0.6528776960196786
2021-10-03 00:00:00+00:00,ETHUSDT,0.583908612007992
2021-10-04 00:00:00+00:00,ETHUSDT,0.8701823520510058
2021-10-05 00:00:00+00:00,ETHUSDT,0.5197381270449456
2021-10-06 00:00:00+00:00,ETHUSDT,1.0637858942805334
2021-10-07 00:00:00+00:00,ETHUSDT,0.8603659631123153
2021-10-08 00:00:00+00:00,ETHUSDT,0.7294125386411501
2021-10-09 00:00:00+00:00,ETHUSDT,0.36842891811398426
2021-10-10 00:00:00+00:00,ETHUSDT,0.6909814843197967
2021-10-11 00:00:00+00:00,ETHUSDT,0.6412434372609661
2021-10-12 00:00:00+00:00,ETHUSDT,0.7924916821237169
2021-10-13 00:00:00+00:00,ETHUSDT,0.6920925208825826
2021-10-14 00:00:00+00:00,ETHUSDT,0.6765453553380574
2021-10-15 00:00:00+00:00,ETHUSDT,0.8217001098518966
2021-10-16 00:00:00+00:00,ETHUSDT,0.6696653655163863
2021-10-17 00:00:00+00:00,ETHUSDT,0.8198024125175183
2021-10-18 00:00:00+00:00,ETHUSDT,0.6023574747485129
2021-10-19 00:00:00+00:00,ETHUSDT,0.5423096077373232
2021-10-20 00:00:00+00:00,ETHUSDT,0.6422604594830241
2021-10-21 00:00:00+00:00,ETHUSDT,0.9173130097026005
2021-10-22 00:00:00+00:00,ETHUSDT,0.7486908478050762
2021-10-23 00:00:00+00:00,ETHUSDT,0.6958860876772799
2021-10-24 00:00:00+00:00,ETHUSDT,0.5694387946989057
2021-10-25 00:00:00+00:00,ETHUSDT,0.5761850715262701
2021-10-26 00:00:00+00:00,ETHUSDT,0.7107807969363977
2021-10-27 00:00:00+00:00,ETHUSDT,0.9147207262087471
2021-10-28 00:00:00+00:00,ETHUSDT,0.9118689801258328
2021-10-29 00:00:00+00:00,ETHUSDT,0.7374900802156614
2021-10-30 00:00:00+00:00,ETHUSDT,0.4649742534166965
2021-10-31 00:00:00+00:00,ETHUSDT,0.5518540056677038
2021-11-01 00:00:00+00:00,ETHUSDT,0.7966494469299676
2021-11-02 00:00:00+00:00,ETHUSDT,0.6150590105933335
2021-11-03 00:00:00+00:00,ETHUSDT,0.7745354272385193
2021-11-04 00:00:00+00:00,ETHUSDT,0.5766070108599336
2021-11-05 00:00:00+00:00,ETHUSDT,0.5846649510810925
2021-11-06 00:00:00+00:00,ETHUSDT,0.5160572383003321
2021-11-07 00:00:00+00:00,ETHUSDT,0.29774232945392626
2021-11-08 00:00:00+00:00,ETHUSDT,0.45505441846075284
2021-11-09 00:00:00+00:00,ETHUSDT,0.4292939972731428
2021-11-10 00:00:00+00:00,ETHUSDT,0.9221587578044101
2021-11-11 00:00:00+00:00,ETHUSDT,0.44259090804646734
2021-11-12 00:00:00+00:00,ETHUSDT,0.6820715287798351
2021-11-13 00:00:00+00:00,ETHUSDT,0.48990964958131766
2021-11-14 00:00:00+00:00,ETHUSDT,0.45663877574330486
2021-11-15 00:00:00+00:00,ETHUSDT,0.5095485969875642
2021-11-16 00:00:00+00:00,ETHUSDT,1.0843744486707925
2021-11-17 00:00:00+00:00,ETHUSDT,0.848008445101227
2021-11-18 00:00:00+00:00,ETHUSDT,0.7871381987544511
2021-11-19 00:00:00+00:00,ETHUSDT,0.8612767908624429
2021-11-20 00:00:00+00:00,ETHUSDT,0.7512969791998634
2021-11-21 00:00:00+00:00,ETHUSDT,0.6090826211469655
2021-11-22 00:00:00+00:00,ETHUSDT,0.8122280675614895
2021-11-23 00:00:00+00:00,ETHUSDT,0.8913053546969933
2021-11-24 00:00:00+00:00,ETHUSDT,0.6980784905424746
2021-11-25 00:00:00+00:00,ETHUSDT,0.5311637635046753
2021-11-26 00:00:00+00:00,ETHUSDT,1.3579370835805527
2021-11-27 00:00:00+00:00,ETHUSDT,0.611351673199465
2021-11-28 00:00:00+00:00,ETHUSDT,0.846839362807384
2021-11-29 00:00:00+00:00,ETHUSDT,0.6469473030646303
2021-11-30 00:00:00+00:00,ETHUSDT,0.9797452825825149
2021-12-01 00:00:00+00:00,ETHUSDT,0.8756617092718824
2021-12-02 00:00:00+00:00,ETHUSDT,0.7130839293257751
2021-12-03 00:00:00+00:00,ETHUSDT,0.8929881289373321
2021-12-04 00:00:00+00:00,ETHUSDT,1.3898172162392475
2021-12-05 00:00:00+00:00,ETHUSDT,0.7401595876360456
2021-12-06 00:00:00+00:00,ETHUSDT,1.1668700525471456
2021-12-07 00:00:00+00:00,ETHUSDT,0.5956300474715818
2021-12-08 00:00:00+00:00,ETHUSDT,0.7713141032988499
2021-12-09 00:00:00+00:00,ETHUSDT,0.5948849632711304
2021-12-10 00:00:00+00:00,ETHUSDT,1.177212801108037
2021-12-11 00:00:00+00:00,ETHUSDT,0.7090261219073724
2021-12-12 00:00:00+00:00,ETHUSDT,0.6102860020760842
2021-12-13 00:00:00+00:00,ETHUSDT,0.960932021921004
2021-12-14 00:00:00+00:00,ETHUSDT,0.7985931740645822
2021-12-15 00:00:00+00:00,ETHUSDT,1.3588222875084077
2021-12-16 00:00:00+00:00,ETHUSDT,0.6026004968658022
2021-12-17 00:00:00+00:00,ETHUSDT,1.0654758619758915
2021-12-18 00:00:00+00:00,ETHUSDT,0.8178222725653846
2021-12-19 00:00:00+00:00,ETHUSDT,0.6461311727519383
2021-12-20 00:00:00+00:00,ETHUSDT,0.8998878619356443
2021-12-21 00:00:00+00:00,ETHUSDT,0.5416420981191145
2021-12-22 00:00:00+00:00,ETHUSDT,0.5489517319701384
2021-12-23 00:00:00+00:00,ETHUSDT,0.6092970982485277
2021-12-24 00:00:00+00:00,ETHUSDT,
2021-12-25 00:00:00+00:00,ETHUSDT,0.3700146046705299
2021-12-26 00:00:00+00:00,ETHUSDT,0.3649152361315285
2021-12-27 00:00:00+00:00,ETHUSDT,0.35460256049004224
2021-12-28 00:00:00+00:00,ETHUSDT,0.49214312831710366
2021-12-29 00:00:00+00:00,ETHUSDT,0.7323088620824523
2021-12-30 00:00:00+00:00,ETHUSDT,0.5211984112358484
2021-12-31 00:00:00+00:00,ETHUSDT,0.766694508390594
2022-01-01 00:00:00+00:00,ETHUSDT,0.4729394162303083
2022-01-02 00:00:00+00:00,ETHUSDT,0.4854736938889858
2022-01-03 00:00:00+00:00,ETHUSDT,0.4589416740271112
2022-01-04 00:00:00+00:00,ETHUSDT,0.622187910190499
2022-01-05 00:00:00+00:00,ETHUSDT,0.723377810998539
2022-01-06 00:00:00+00:00,ETHUSDT,0.9070391584913142
2022-01-07 00:00:00+00:00,ETHUSDT,1.3859382158518299
2022-01-08 00:00:00+00:00,ETHUSDT,0.90604992655996
2022-01-09 00:00:00+00:00,ETHUSDT,0.6958471750727703
2022-01-10 00:00:00+00:00,ETHUSDT,0.9744387530629133
2022-01-11 00:00:00+00:00,ETHUSDT,0.719234262396812
2022-01-12 00:00:00+00:00,ETHUSDT,0.5304448931686804
2022-01-13 00:00:00+00:00,ETHUSDT,0.6277137011575428
2022-01-14 00:00:00+00:00,ETHUSDT,0.6680257461168102
2022-01-15 00:00:00+00:00,ETHUSDT,0.43920671497691366
2022-01-16 00:00:00+00:00,ETHUSDT,0.4278597069690461
2022-01-17 00:00:00+00:00,ETHUSDT,0.5946191052447823
2022-01-18 00:00:00+00:00,ETHUSDT,0.5870299263516727
2022-01-19 00:00:00+00:00,ETHUSDT,0.8154456133484506
2022-01-20 00:00:00+00:00,ETHUSDT,1.0354774976879462
2022-01-21 00:00:00+00:00,ETHUSDT,1.5959469781317002
2022-01-22 00:00:00+00:00,ETHUSDT,1.8315750558529238
2022-01-23 00:00:00+00:00,ETHUSDT,1.334175920447976
2022-01-24 00:00:00+00:00,ETHUSDT,1.9754112516566114
2022-01-25 00:00:00+00:00,ETHUSDT,1.0570508208742933
2022-01-26 00:00:00+00:00,ETHUSDT,1.480647280514297
2022-01-27 00:00:00+00:00,ETHUSDT,1.2694783220789656
2022-01-28 00:00:00+00:00,ETHUSDT,1.1147420253312976
2022-01-29 00:00:00+00:00,ETHUSDT,0.7671801915660468
2022-01-30 00:00:00+00:00,ETHUSDT,0.658978865530782
2022-01-31 00:00:00+00:00,ETHUSDT,0.8648362967439929
2022-02-01 00:00:00+00:00,ETHUSDT,0.6840135435062943
2022-02-02 00:00:00+00:00,ETHUSDT,1.0245995701406998
2022-02-03 00:00:00+00:00,ETHUSDT,0.9706436702864781
2022-02-04 00:00:00+00:00,ETHUSDT,1.0566018441961365
2022-02-05 00:00:00+00:00,ETHUSDT,0.5252135484363291
2022-02-06 00:00:00+00:00,ETHUSDT,0.6008929715996367
2022-02-07 00:00:00+00:00,ETHUSDT,0.5220608088564854
2022-02-08 00:00:00+00:00,ETHUSDT,0.8072997039327126
2022-02-09 00:00:00+00:00,ETHUSDT,0.5382037238683782
2022-02-10 00:00:00+00:00,ETHUSDT,1.0664324864582415
2022-02-11 00:00:00+00:00,ETHUSDT,0.9643153576109509
2022-02-12 00:00:00+00:00,ETHUSDT,0.9497185598358595
2022-02-13 00:00:00+00:00,ETHUSDT,0.6448289725294927
2022-02-14 00:00:00+00:00,ETHUSDT,0.6994523375207877
2022-02-15 00:00:00+00:00,ETHUSDT,0.8375540599437539
2022-02-16 00:00:00+00:00,ETHUSDT,0.711190795121269
2022-02-17 00:00:00+00:00,ETHUSDT,0.7486576192992911
2022-02-18 00:00:00+00:00,ETHUSDT,0.7106004969710047
2022-02-19 00:00:00+00:00,ETHUSDT,0.6761212709208089
2022-02-20 00:00:00+00:00,ETHUSDT,0.8954708006937971
2022-02-21 00:00:00+00:00,ETHUSDT,1.3814152450981412
2022-02-22 00:00:00+00:00,ETHUSDT,0.9793218679784366
2022-02-23 00:00:00+00:00,ETHUSDT,0.7911671512766798
2022-02-24 00:00:00+00:00,ETHUSDT,1.8413909122360919
2022-02-25 00:00:00+00:00,ETHUSDT,1.1451539692166874
2022-02-26 00:00:00+00:00,ETHUSDT,0.7293050432979099
2022-02-27 00:00:00+00:00,ETHUSDT,1.4039740700325762
2022-02-28 00:00:00+00:00,ETHUSDT,1.3359969733614876
2022-03-01 00:00:00+00:00,ETHUSDT,0.9299753634286111
2022-03-02 00:00:00+00:00,ETHUSDT,0.9841642525371489
2022-03-03 00:00:00+00:00,ETHUSDT,0.7044679193095591
2022-03-04 00:00:00+00:00,ETHUSDT,0.8819436714114474
2022-03-05 00:00:00+00:00,ETHUSDT,0.4139406163696089
2022-03-06 00:00:00+00:00,ETHUSDT,0.7557942871816518
2022-03-07 00:00:00+00:00,ETHUSDT,0.9452270521271613
2022-03-08 00:00:00+00:00,ETHUSDT,0.7424226040432033
2022-03-09 00:00:00+00:00,ETHUSDT,0.7932527107211627
2022-03-10 00:00:00+00:00,ETHUSDT,0.647640840850362
2022-03-11 00:00:00+00:00,ETHUSDT,0.8892608072086836
2022-03-12 00:00:00+00:00,ETHUSDT,0.35420069867529097
2022-03-13 00:00:00+00:00,ETHUSDT,0.6428926749610825
2022-03-14 00:00:00+00:00,ETHUSDT,0.5318299070687076
2022-03-15 00:00:00+00:00,ETHUSDT,0.7235928115561177
2022-03-16 00:00:00+00:00,ETHUSDT,1.0426362515547174
2022-03-17 00:00:00+00:00,ETHUSDT,0.41348541628062063
2022-03-18 00:00:00+00:00,ETHUSDT,0.6463792235789481
2022-03-19 00:00:00+00:00,ETHUSDT,0.41822789459372395
2022-03-20 00:00:00+00:00,ETHUSDT,0.45396366973838603
2022-03-21 00:00:00+00:00,ETHUSDT,0.6221730795839188
2022-03-22 00:00:00+00:00,ETHUSDT,0.7050476403609969
2022-03-23 00:00:00+00:00,ETHUSDT,0.6810557292078768
2022-03-24 00:00:00+00:00,ETHUSDT,0.5791909606185469
2022-03-25 00:00:00+00:00,ETHUSDT,0.5467856688609355
2022-03-26 00:00:00+00:00,ETHUSDT,0.2678899955517838
2022-03-27 00:00:00+00:00,ETHUSDT,0.5385873032475106
2022-03-28 00:00:00+00:00,ETHUSDT,0.5404236720719338
2022-03-29 00:00:00+00:00,ETHUSDT,0.6137815566590764
2022-03-30 00:00:00+00:00,ETHUSDT,0.5851093419122712
2022-03-31 00:00:00+00:00,ETHUSDT,0.682928906033345
2022-04-01 00:00:00+00:00,ETHUSDT,0.7686859786211616
2022-04-02 00:00:00+00:00,ETHUSDT,0.5264882964597446
2022-04-03 00:00:00+00:00,ETHUSDT,0.4981984192864002
2022-04-04 00:00:00+00:00,ETHUSDT,0.5578350037990886
2022-04-05 00:00:00+00:00,ETHUSDT,0.41606005859249806
2022-04-06 00:00:00+00:00,ETHUSDT,0.734543955647121
2022-04-07 00:00:00+00:00,ETHUSDT,0.5607652835860246
2022-04-08 00:00:00+00:00,ETHUSDT,0.6441218992614645
2022-04-09 00:00:00+00:00,ETHUSDT,0.43139425284122856
2022-04-10 00:00:00+00:00,ETHUSDT,0.4144166713621067
2022-04-11 00:00:00+00:00,ETHUSDT,0.7187883126228698
2022-04-12 00:00:00+00:00,ETHUSDT,0.6084356502793727
2022-04-13 00:00:00+00:00,ETHUSDT,0.6206617088244611
2022-04-14 00:00:00+00:00,ETHUSDT,0.5020083371510622
2022-04-15 00:00:00+00:00,ETHUSDT,0.3379855858362029
2022-04-16 00:00:00+00:00,ETHUSDT,0.2727836915242846
2022-04-17 00:00:00+00:00,ETHUSDT,0.4961159394500775
2022-04-18 00:00:00+00:00,ETHUSDT,0.8535021604441643
2022-04-19 00:00:00+00:00,ETHUSDT,0.3804002756169493
2022-04-20 00:00:00+00:00,ETHUSDT,0.5918198076061782
2022-04-21 00:00:00+00:00,ETHUSDT,0.5999760880441675
2022-04-22 00:00:00+00:00,ETHUSDT,0.4152685925883088
2022-04-23 00:00:00+00:00,ETHUSDT,0.25838814712629427
2022-04-24 00:00:00+00:00,ETHUSDT,0.3724273209910832
2022-04-25 00:00:00+00:00,ETHUSDT,0.8431369645253773
2022-04-26 00:00:00+00:00,ETHUSDT,0.5512103624641373
2022-04-27 00:00:00+00:00,ETHUSDT,0.7069964749901654
2022-04-28 00:00:00+00:00,ETHUSDT,0.6497563287618923
2022-04-29 00:00:00+00:00,ETHUSDT,0.5409971729601389
2022-04-30 00:00:00+00:00,ETHUSDT,0.6070386666203732
2022-05-01 00:00:00+00:00,ETHUSDT,0.6559689220117048
2022-05-02 00:00:00+00:00,ETHUSDT,0.5968539523468458
2022-05-03 00:00:00+00:00,ETHUSDT,0.32671260473551444
2022-05-04 00:00:00+00:00,ETHUSDT,0.7063198860435338
2022-05-05 00:00:00+00:00,ETHUSDT,0.8558716605847236
2022-05-06 00:00:00+00:00,ETHUSDT,0.5842795124582694
2022-05-07 00:00:00+00:00,ETHUSDT,0.6000342099158146
2022-05-08 00:00:00+00:00,ETHUSDT,0.6785094982267239
2022-05-09 00:00:00+00:00,ETHUSDT,1.1616870322803814
2022-05-10 00:00:00+00:00,ETHUSDT,1.5179875684679738
2022-05-11 00:00:00+00:00,ETHUSDT,3.146944659289837
2022-05-12 00:00:00+00:00,ETHUSDT,2.723933189458493
2022-05-13 00:00:00+00:00,ETHUSDT,1.2835004270864878
2022-05-14 00:00:00+00:00,ETHUSDT,0.9489198177019745
2022-05-15 00:00:00+00:00,ETHUSDT,0.6710646883132467
2022-05-16 00:00:00+00:00,ETHUSDT,1.1181620899678282
2022-05-17 00:00:00+00:00,ETHUSDT,0.8129140301525546
2022-05-18 00:00:00+00:00,ETHUSDT,0.8079030416814292
2022-05-19 00:00:00+00:00,ETHUSDT,0.8832457061679794
2022-05-20 00:00:00+00:00,ETHUSDT,0.8502636103779734
2022-05-21 00:00:00+00:00,ETHUSDT,0.27426816947798177
2022-05-22 00:00:00+00:00,ETHUSDT,0.5509594202725346
2022-05-23 00:00:00+00:00,ETHUSDT,0.6883287216058097
2022-05-24 00:00:00+00:00,ETHUSDT,0.619564145869258
2022-05-25 00:00:00+00:00,ETHUSDT,0.6523220192704712
2022-05-26 00:00:00+00:00,ETHUSDT,1.279250285667159
2022-05-27 00:00:00+00:00,ETHUSDT,1.1507120580751133
2022-05-28 00:00:00+00:00,ETHUSDT,0.6806535610097181
2022-05-29 00:00:00+00:00,ETHUSDT,0.40798865655200045
2022-05-30 00:00:00+00:00,ETHUSDT,0.7991613476967075
2022-05-31 00:00:00+00:00,ETHUSDT,0.6681359896293995
2022-06-01 00:00:00+00:00,ETHUSDT,0.8858671468155012
2022-06-02 00:00:00+00:00,ETHUSDT,0.5391265478622186
2022-06-03 00:00:00+00:00,ETHUSDT,0.7184196280854576
2022-06-04 00:00:00+00:00,ETHUSDT,0.3884122446007526
2022-06-05 00:00:00+00:00,ETHUSDT,0.4935511030808511
2022-06-06 00:00:00+00:00,ETHUSDT,0.6730982559740208
2022-06-07 00:00:00+00:00,ETHUSDT,1.3792850475055891
2022-06-08 00:00:00+00:00,ETHUSDT,0.8507218661739615
2022-06-09 00:00:00+00:00,ETHUSDT,0.4244128614740354
2022-06-10 00:00:00+00:00,ETHUSDT,0.7897625225973962
2022-06-11 00:00:00+00:00,ETHUSDT,1.4645822225727345
2022-06-12 00:00:00+00:00,ETHUSDT,1.5573834053080604
2022-06-13 00:00:00+00:00,ETHUSDT,2.1097009393529436
2022-06-14 00:00:00+00:00,ETHUSDT,2.497594878453006
2022-06-15 00:00:00+00:00,ETHUSDT,2.895115183471756
2022-06-16 00:00:00+00:00,ETHUSDT,1.2407206202119003
2022-06-17 00:00:00+00:00,ETHUSDT,1.2984439295033006
2022-06-18 00:00:00+00:00,ETHUSDT,2.014279559883313
2022-06-19 00:00:00+00:00,ETHUSDT,2.4242178294325143
2022-06-20 00:00:00+00:00,ETHUSDT,1.7220721412132627
2022-06-21 00:00:00+00:00,ETHUSDT,1.1597189301598163
2022-06-22 00:00:00+00:00,ETHUSDT,1.184923986233871
2022-06-23 00:00:00+00:00,ETHUSDT,1.0339045200238228
2022-06-24 00:00:00+00:00,ETHUSDT,0.8590044632106433
2022-06-25 00:00:00+00:00,ETHUSDT,0.9965037767576161
2022-06-26 00:00:00+00:00,ETHUSDT,0.9529393111022004
2022-06-27 00:00:00+00:00,ETHUSDT,0.7644562170537462
2022-06-28 00:00:00+00:00,ETHUSDT,0.8947377757399924
2022-06-29 00:00:00+00:00,ETHUSDT,0.7380709050104963
2022-06-30 00:00:00+00:00,ETHUSDT,1.418788807678029
2022-07-01 00:00:00+00:00,ETHUSDT,1.1078413677713426
2022-07-02 00:00:00+00:00,ETHUSDT,0.6297512179292146
2022-07-03 00:00:00+00:00,ETHUSDT,0.6815659032259498
2022-07-04 00:00:00+00:00,ETHUSDT,1.0257348503877741
2022-07-05 00:00:00+00:00,ETHUSDT,0.9727659265488433
2022-07-06 00:00:00+00:00,ETHUSDT,0.9376478228598109
2022-07-07 00:00:00+00:00,ETHUSDT,0.7569916399882713
2022-07-08 00:00:00+00:00,ETHUSDT,0.94172167188158
2022-07-09 00:00:00+00:00,ETHUSDT,0.39630466224396127
2022-07-10 00:00:00+00:00,ETHUSDT,0.5411722651126927
2022-07-11 00:00:00+00:00,ETHUSDT,0.7461671832297093
2022-07-12 00:00:00+00:00,ETHUSDT,0.7180062757207122
2022-07-13 00:00:00+00:00,ETHUSDT,1.4359494390210095
2022-07-14 00:00:00+00:00,ETHUSDT,1.3118179820342155
2022-07-15 00:00:00+00:00,ETHUSDT,1.077653640419459
2022-07-16 00:00:00+00:00,ETHUSDT,1.583524750733509
2022-07-17 00:00:00+00:00,ETHUSDT,0.9161841651301963
2022-07-18 00:00:00+00:00,ETHUSDT,1.3949634660157713
2022-07-19 00:00:00+00:00,ETHUSDT,0.9081153303295252
2022-07-20 00:00:00+00:00,ETHUSDT,1.2486007093380491
2022-07-21 00:00:00+00:00,ETHUSDT,1.164508681852465
2022-07-22 00:00:00+00:00,ETHUSDT,1.0650867791237721
2022-07-23 00:00:00+00:00,ETHUSDT,0.8438252616756894
2022-07-24 00:00:00+00:00,ETHUSDT,1.0576907747377804
2022-07-25 00:00:00+00:00,ETHUSDT,1.0703294637970842
2022-07-26 00:00:00+00:00,ETHUSDT,1.0111172568270002
2022-07-27 00:00:00+00:00,ETHUSDT,1.1879035846959243
2022-07-28 00:00:00+00:00,ETHUSDT,1.435615065900883
2022-07-29 00:00:00+00:00,ETHUSDT,1.045563476098186
2022-07-30 00:00:00+00:00,ETHUSDT,0.701295870752888
2022-07-31 00:00:00+00:00,ETHUSDT,0.5271120751339222
2022-08-01 00:00:00+00:00,ETHUSDT,0.6714004857505335
2022-08-02 00:00:00+00:00,ETHUSDT,1.0323899889954071
2022-08-03 00:00:00+00:00,ETHUSDT,0.6826490972264395
2022-08-04 00:00:00+00:00,ETHUSDT,0.7131379011310441
2022-08-05 00:00:00+00:00,ETHUSDT,0.9769033811068176
2022-08-06 00:00:00+00:00,ETHUSDT,0.3757639723313027
2022-08-07 00:00:00+00:00,ETHUSDT,0.460281377377891
2022-08-08 00:00:00+00:00,ETHUSDT,0.7526331055851628
2022-08-09 00:00:00+00:00,ETHUSDT,0.6026114140401522
2022-08-10 00:00:00+00:00,ETHUSDT,1.4692977423009155
2022-08-11 00:00:00+00:00,ETHUSDT,0.7769942900866742
2022-08-12 00:00:00+00:00,ETHUSDT,0.5581794199533071
2022-08-13 00:00:00+00:00,ETHUSDT,0.473983679658163
2022-08-14 00:00:00+00:00,ETHUSDT,0.6428068297822539
2022-08-15 00:00:00+00:00,ETHUSDT,1.025850748390214
2022-08-16 00:00:00+00:00,ETHUSDT,0.47163768176235543
2022-08-17 00:00:00+00:00,ETHUSDT,0.9658199712038253
2022-08-18 00:00:00+00:00,ETHUSDT,0.5450475511511407
2022-08-19 00:00:00+00:00,ETHUSDT,0.9784924471625893
2022-08-20 00:00:00+00:00,ETHUSDT,0.9639599640519285
2022-08-21 00:00:00+00:00,ETHUSDT,0.5155080448438687
2022-08-22 00:00:00+00:00,ETHUSDT,0.8958178257327611
2022-08-23 00:00:00+00:00,ETHUSDT,0.8415929075832308
2022-08-24 00:00:00+00:00,ETHUSDT,0.7941912342719879
2022-08-25 00:00:00+00:00,ETHUSDT,0.47394104753707156
2022-08-26 00:00:00+00:00,ETHUSDT,1.2364231606104301
2022-08-27 00:00:00+00:00,ETHUSDT,0.6223430988738107
2022-08-28 00:00:00+00:00,ETHUSDT,0.6605204392516308
2022-08-29 00:00:00+00:00,ETHUSDT,0.6565291711441329
2022-08-30 00:00:00+00:00,ETHUSDT,1.2038152758260094
2022-08-31 00:00:00+00:00,ETHUSDT,0.9315313856251972
2022-09-01 00:00:00+00:00,ETHUSDT,0.8368220481141864
2022-09-02 00:00:00+00:00,ETHUSDT,0.7434882194561161
2022-09-03 00:00:00+00:00,ETHUSDT,0.4131361054447884
2022-09-04 00:00:00+00:00,ETHUSDT,0.42569244541416806
2022-09-05 00:00:00+00:00,ETHUSDT,0.43160065781232104
2022-09-06 00:00:00+00:00,ETHUSDT,1.2415651319224472
2022-09-07 00:00:00+00:00,ETHUSDT,1.098610980060209
2022-09-08 00:00:00+00:00,ETHUSDT,0.6345973509556634
2022-09-09 00:00:00+00:00,ETHUSDT,0.6917444585832597
2022-09-10 00:00:00+00:00,ETHUSDT,0.605690180902178
2022-09-11 00:00:00+00:00,ETHUSDT,0.5214860169912249
2022-09-12 00:00:00+00:00,ETHUSDT,0.7925562798393571
2022-09-13 00:00:00+00:00,ETHUSDT,1.5659964579567507
2022-09-14 00:00:00+00:00,ETHUSDT,0.6132527954936735
2022-09-15 00:00:00+00:00,ETHUSDT,1.4712319506455351
2022-09-16 00:00:00+00:00,ETHUSDT,0.7981393714413492
2022-09-17 00:00:00+00:00,ETHUSDT,0.5593345391173217
2022-09-18 00:00:00+00:00,ETHUSDT,0.8510110793685146
2022-09-19 00:00:00+00:00,ETHUSDT,1.1092608959282264
2022-09-20 00:00:00+00:00,ETHUSDT,0.8323917635497453
2022-09-21 00:00:00+00:00,ETHUSDT,1.5935491852736867
2022-09-22 00:00:00+00:00,ETHUSDT,0.8911623338269533
2022-09-23 00:00:00+00:00,ETHUSDT,0.9212592938227295
2022-09-24 00:00:00+00:00,ETHUSDT,0.47540468934923413
2022-09-25 00:00:00+00:00,ETHUSDT,0.45045122726736714
2022-09-26 00:00:00+00:00,ETHUSDT,0.7383970798332754
2022-09-27 00:00:00+00:00,ETHUSDT,0.8371906380635696
2022-09-28 00:00:00+00:00,ETHUSDT,0.9766414300466663
2022-09-29 00:00:00+00:00,ETHUSDT,0.6759018373860934
2022-09-30 00:00:00+00:00,ETHUSDT,0.5687775679966494
2022-10-01 00:00:00+00:00,ETHUSDT,0.242807970890392
2022-10-02 00:00:00+00:00,ETHUSDT,0.45156036313326864
2022-10-03 00:00:00+00:00,ETHUSDT,0.5302306594060793
2022-10-04 00:00:00+00:00,ETHUSDT,0.3380528575326902
2022-10-05 00:00:00+00:00,ETHUSDT,0.5000489931812699
2022-10-06 00:00:00+00:00,ETHUSDT,0.49454156349359657
2022-10-07 00:00:00+00:00,ETHUSDT,0.43883583962494666
2022-10-08 00:00:00+00:00,ETHUSDT,0.333654967828467
2022-10-09 00:00:00+00:00,ETHUSDT,0.22811151256095347
2022-10-10 00:00:00+00:00,ETHUSDT,0.4524961710004028
2022-10-11 00:00:00+00:00,ETHUSDT,0.45056162651884923
2022-10-12 00:00:00+00:00,ETHUSDT,0.2808399367737838
2022-10-13 00:00:00+00:00,ETHUSDT,0.9401169352896566
2022-10-14 00:00:00+00:00,ETHUSDT,0.7414059330953561
2022-10-15 00:00:00+00:00,ETHUSDT,0.29437105440128497
2022-10-16 00:00:00+00:00,ETHUSDT,0.560106281721736
2022-10-17 00:00:00+00:00,ETHUSDT,0.3377603652792063
2022-10-18 00:00:00+00:00,ETHUSDT,0.5244160034357722
2022-10-19 00:00:00+00:00,ETHUSDT,0.35257489446688384
2022-10-20 00:00:00+00:00,ETHUSDT,0.3892014008742511
2022-10-21 00:00:00+00:00,ETHUSDT,0.46146899511508854
2022-10-22 00:00:00+00:00,ETHUSDT,0.1813598138716926
2022-10-23 00:00:00+00:00,ETHUSDT,0.5152556201200162
2022-10-24 00:00:00+00:00,ETHUSDT,0.3779528041281893
2022-10-25 00:00:00+00:00,ETHUSDT,1.0524519447217886
2022-10-26 00:00:00+00:00,ETHUSDT,0.8752654027483493
2022-10-27 00:00:00+00:00,ETHUSDT,0.7214513493569387
2022-10-28 00:00:00+00:00,ETHUSDT,0.7719660827485336
2022-10-29 00:00:00+00:00,ETHUSDT,0.661594899221965
2022-10-30 00:00:00+00:00,ETHUSDT,0.5154040364862037
2022-10-31 00:00:00+00:00,ETHUSDT,0.9697772181995662
2022-11-01 00:00:00+00:00,ETHUSDT,0.535241639013235
2022-11-02 00:00:00+00:00,ETHUSDT,0.686434393703813
2022-11-03 00:00:00+00:00,ETHUSDT,0.5478097381915196
2022-11-04 00:00:00+00:00,ETHUSDT,0.9283417083112221
2022-11-05 00:00:00+00:00,ETHUSDT,0.329192671419773
2022-11-06 00:00:00+00:00,ETHUSDT,0.517221165079576
2022-11-07 00:00:00+00:00,ETHUSDT,0.7670105821736904
2022-11-08 00:00:00+00:00,ETHUSDT,2.5191445680987896
2022-11-09 00:00:00+00:00,ETHUSDT,1.9517109651477242
2022-11-10 00:00:00+00:00,ETHUSDT,2.214929130438599
2022-11-11 00:00:00+00:00,ETHUSDT,1.2303586626458323
2022-11-12 00:00:00+00:00,ETHUSDT,0.532671915819749
2022-11-13 00:00:00+00:00,ETHUSDT,0.5774103598708571
2022-11-14 00:00:00+00:00,ETHUSDT,1.3238791342353364
2022-11-15 00:00:00+00:00,ETHUSDT,0.7355115364737594
2022-11-16 00:00:00+00:00,ETHUSDT,0.5682775827728191
2022-11-17 00:00:00+00:00,ETHUSDT,0.6225629290727908
2022-11-18 00:00:00+00:00,ETHUSDT,0.4058825959199159
2022-11-19 00:00:00+00:00,ETHUSDT,0.2806620203053057
2022-11-20 00:00:00+00:00,ETHUSDT,0.8478396988861011
2022-11-21 00:00:00+00:00,ETHUSDT,0.6550671314198879
2022-11-22 00:00:00+00:00,ETHUSDT,0.9325048771608363
2022-11-23 00:00:00+00:00,ETHUSDT,0.7851357585869021
2022-11-24 00:00:00+00:00,ETHUSDT,0.5193161955324042
2022-11-25 00:00:00+00:00,ETHUSDT,0.40250961543925534
2022-11-26 00:00:00+00:00,ETHUSDT,0.38083826866660186
2022-11-27 00:00:00+00:00,ETHUSDT,0.43694840759043024
2022-11-28 00:00:00+00:00,ETHUSDT,0.6529592414500845
2022-11-29 00:00:00+00:00,ETHUSDT,0.43377074744086347
2022-11-30 00:00:00+00:00,ETHUSDT,1.0020653829139081
2022-12-01 00:00:00+00:00,ETHUSDT,0.30119305314466166
2022-12-02 00:00:00+00:00,ETHUSDT,0.3570435326429041
2022-12-03 00:00:00+00:00,ETHUSDT,0.3644085969324476
2022-12-04 00:00:00+00:00,ETHUSDT,0.3005692871979324
2022-12-05 00:00:00+00:00,ETHUSDT,0.45832652477457386
2022-12-06 00:00:00+00:00,ETHUSDT,0.3986004586833987
2022-12-07 00:00:00+00:00,ETHUSDT,0.4923005560971645
2022-12-08 00:00:00+00:00,ETHUSDT,0.5761638547083784
2022-12-09 00:00:00+00:00,ETHUSDT,0.29160019382207697
2022-12-10 00:00:00+00:00,ETHUSDT,0.22838090202795253
2022-12-11 00:00:00+00:00,ETHUSDT,0.22277611880885123
2022-12-12 00:00:00+00:00,ETHUSDT,0.39117475507919514
2022-12-13 00:00:00+00:00,ETHUSDT,0.8360896353799999
2022-12-14 00:00:00+00:00,ETHUSDT,0.4793370315858696
2022-12-15 00:00:00+00:00,ETHUSDT,0.4025071291001714
2022-12-16 00:00:00+00:00,ETHUSDT,0.8843160258522812
2022-12-17 00:00:00+00:00,ETHUSDT,0.2982636024673647
2022-12-18 00:00:00+00:00,ETHUSDT,0.28981586998439557
2022-12-19 00:00:00+00:00,ETHUSDT,0.3984445965760348
2022-12-20 00:00:00+00:00,ETHUSDT,0.4203540104240642
2022-12-21 00:00:00+00:00,ETHUSDT,0.2770831124107247
2022-12-22 00:00:00+00:00,ETHUSDT,0.5421684295820922
2022-12-23 00:00:00+00:00,ETHUSDT,0.23406359481300062
2022-12-24 00:00:00+00:00,ETHUSDT,0.13460336224071157
2022-12-25 00:00:00+00:00,ETHUSDT,0.24931697074597292
2022-12-26 00:00:00+00:00,ETHUSDT,0.2020376291704293
2022-12-27 00:00:00+00:00,ETHUSDT,0.22258921025536432
2022-12-28 00:00:00+00:00,ETHUSDT,0.40639411639845835
2022-12-29 00:00:00+00:00,ETHUSDT,0.19825161557454463
2022-12-30 00:00:00+00:00,ETHUSDT,0.20365457749724367
2022-12-31 00:00:00+00:00,ETHUSDT,0.1532844381515673
2023-01-01 00:00:00+00:00,ETHUSDT,0.11868666216625862
2023-01-02 00:00:00+00:00,ETHUSDT,0.2527172141346273
2023-01-03 00:00:00+00:00,ETHUSDT,0.17377507161889919
2023-01-04 00:00:00+00:00,ETHUSDT,0.4190197924282749
2023-01-05 00:00:00+00:00,ETHUSDT,0.17438644890852548
2023-01-06 00:00:00+00:00,ETHUSDT,0.33582744791023167
2023-01-07 00:00:00+00:00,ETHUSDT,0.11124939694942591
2023-01-08 00:00:00+00:00,ETHUSDT,0.4007953870890928
2023-01-09 00:00:00+00:00,ETHUSDT,0.37382147271283095
2023-01-10 00:00:00+00:00,ETHUSDT,0.27991624676904664
2023-01-11 00:00:00+00:00,ETHUSDT,0.6459120253330743
2023-01-12 00:00:00+00:00,ETHUSDT,0.8681331118394269
2023-01-13 00:00:00+00:00,ETHUSDT,0.5416584954839782
2023-01-14 00:00:00+00:00,ETHUSDT,1.3648256164133181
2023-01-15 00:00:00+00:00,ETHUSDT,0.47223118571515066
2023-01-16 00:00:00+00:00,ETHUSDT,0.565973180089121
2023-01-17 00:00:00+00:00,ETHUSDT,0.454344963300804
2023-01-18 00:00:00+00:00,ETHUSDT,0.7526331489969
2023-01-19 00:00:00+00:00,ETHUSDT,0.34889507217074317
2023-01-20 00:00:00+00:00,ETHUSDT,0.6209446571315081
2023-01-21 00:00:00+00:00,ETHUSDT,0.6169250381190855
2023-01-22 00:00:00+00:00,ETHUSDT,0.5303610464978525
2023-01-23 00:00:00+00:00,ETHUSDT,0.5514482010504084
2023-01-24 00:00:00+00:00,ETHUSDT,0.5942002990358988
2023-01-25 00:00:00+00:00,ETHUSDT,0.8639663088500144
2023-01-26 00:00:00+00:00,ETHUSDT,0.4590713535866227
2023-01-27 00:00:00+00:00,ETHUSDT,0.5893793319981658
2023-01-28 00:00:00+00:00,ETHUSDT,0.36723751708005126
2023-01-29 00:00:00+00:00,ETHUSDT,0.5389667808990337
2023-01-30 00:00:00+00:00,ETHUSDT,0.5951092431833018
2023-01-31 00:00:00+00:00,ETHUSDT,0.4357985009688415
2023-02-01 00:00:00+00:00,ETHUSDT,0.5515914027332272
2023-02-02 00:00:00+00:00,ETHUSDT,1.0532083943073787
2023-02-03 00:00:00+00:00,ETHUSDT,0.42778978325156114
2023-02-04 00:00:00+00:00,ETHUSDT,0.32594578550262
2023-02-05 00:00:00+00:00,ETHUSDT,0.39715391737824907
2023-02-06 00:00:00+00:00,ETHUSDT,0.44792329954757304
2023-02-07 00:00:00+00:00,ETHUSDT,0.6633446242039939
2023-02-08 00:00:00+00:00,ETHUSDT,0.39318976888715
2023-02-09 00:00:00+00:00,ETHUSDT,0.7641621235668287
2023-02-10 00:00:00+00:00,ETHUSDT,0.5053926957285965
2023-02-11 00:00:00+00:00,ETHUSDT,0.24583762194207015
2023-02-12 00:00:00+00:00,ETHUSDT,0.41481790082113484
2023-02-13 00:00:00+00:00,ETHUSDT,0.6009707921875018
2023-02-14 00:00:00+00:00,ETHUSDT,0.6141073474171853
2023-02-15 00:00:00+00:00,ETHUSDT,0.7061994336925692
2023-02-16 00:00:00+00:00,ETHUSDT,0.8276717108410492
2023-02-17 00:00:00+00:00,ETHUSDT,0.46170430053755346
2023-02-18 00:00:00+00:00,ETHUSDT,0.2404644219341752
2023-02-19 00:00:00+00:00,ETHUSDT,0.33149101693868327
2023-02-20 00:00:00+00:00,ETHUSDT,0.40571793412920754
2023-02-21 00:00:00+00:00,ETHUSDT,0.6157909969348767
2023-02-22 00:00:00+00:00,ETHUSDT,0.5228309834647908
2023-02-23 00:00:00+00:00,ETHUSDT,0.5864637587414981
2023-02-24 00:00:00+00:00,ETHUSDT,0.518395130477284
2023-02-25 00:00:00+00:00,ETHUSDT,0.36508582688280666
2023-02-26 00:00:00+00:00,ETHUSDT,0.3850619516475163
2023-02-27 00:00:00+00:00,ETHUSDT,0.3807513058927755
2023-02-28 00:00:00+00:00,ETHUSDT,0.43409537914044904
2023-03-01 00:00:00+00:00,ETHUSDT,0.5235367238653111
2023-03-02 00:00:00+00:00,ETHUSDT,0.3380513656675386
2023-03-03 00:00:00+00:00,ETHUSDT,1.1831454320062396
2023-03-04 00:00:00+00:00,ETHUSDT,0.1823999982496375
2023-03-05 00:00:00+00:00,ETHUSDT,0.3054339641552914
2023-03-06 00:00:00+00:00,ETHUSDT,0.23732103736739124
2023-03-07 00:00:00+00:00,ETHUSDT,0.2671877972761058
2023-03-08 00:00:00+00:00,ETHUSDT,0.3601262035733575
2023-03-09 00:00:00+00:00,ETHUSDT,1.1275242020400447
2023-03-10 00:00:00+00:00,ETHUSDT,0.8262927164802354
2023-03-11 00:00:00+00:00,ETHUSDT,0.8810742334638197
2023-03-12 00:00:00+00:00,ETHUSDT,0.9380598572886139
2023-03-13 00:00:00+00:00,ETHUSDT,0.8955920429400424
2023-03-14 00:00:00+00:00,ETHUSDT,0.8675469746282333
2023-03-15 00:00:00+00:00,ETHUSDT,0.5385319544188484
2023-03-16 00:00:00+00:00,ETHUSDT,0.5123300423002786
2023-03-17 00:00:00+00:00,ETHUSDT,0.7921207123393741
2023-03-18 00:00:00+00:00,ETHUSDT,0.5949456945305618
2023-03-19 00:00:00+00:00,ETHUSDT,0.6184901499937884
2023-03-20 00:00:00+00:00,ETHUSDT,0.6519067674565181
2023-03-21 00:00:00+00:00,ETHUSDT,0.6812078776283207
2023-03-22 00:00:00+00:00,ETHUSDT,0.7759317491949423
2023-03-23 00:00:00+00:00,ETHUSDT,0.8584964588392094
2023-03-24 00:00:00+00:00,ETHUSDT,
2023-03-25 00:00:00+00:00,ETHUSDT,0.41055911992265176
2023-03-26 00:00:00+00:00,ETHUSDT,0.5707951694933201
2023-03-27 00:00:00+00:00,ETHUSDT,0.544552949106766
2023-03-28 00:00:00+00:00,ETHUSDT,0.6571513960257378
2023-03-29 00:00:00+00:00,ETHUSDT,0.4335572502125123
2023-03-30 00:00:00+00:00,ETHUSDT,0.5798545450580455
2023-03-31 00:00:00+00:00,ETHUSDT,0.39288110361628936
2023-04-01 00:00:00+00:00,ETHUSDT,0.20152850382951143
2023-04-02 00:00:00+00:00,ETHUSDT,0.32519861577721637
2023-04-03 00:00:00+00:00,ETHUSDT,0.7382932291541527
2023-04-04 00:00:00+00:00,ETHUSDT,0.43233265738966375
2023-04-05 00:00:00+00:00,ETHUSDT,0.5305311991884123
2023-04-06 00:00:00+00:00,ETHUSDT,0.3225101209993653
2023-04-07 00:00:00+00:00,ETHUSDT,0.31939787406988424
2023-04-08 00:00:00+00:00,ETHUSDT,0.24590893130511166
2023-04-09 00:00:00+00:00,ETHUSDT,0.3107559057220236
2023-04-10 00:00:00+00:00,ETHUSDT,0.3645770015413161
2023-04-11 00:00:00+00:00,ETHUSDT,0.28693097290948816
2023-04-12 00:00:00+00:00,ETHUSDT,0.4606659413928298
2023-04-13 00:00:00+00:00,ETHUSDT,0.5510383814402214
2023-04-14 00:00:00+00:00,ETHUSDT,1.026686307992645
2023-04-15 00:00:00+00:00,ETHUSDT,0.350483566868436
2023-04-16 00:00:00+00:00,ETHUSDT,0.38627654348022045
2023-04-17 00:00:00+00:00,ETHUSDT,0.472034412203046
2023-04-18 00:00:00+00:00,ETHUSDT,0.39282067355156136
2023-04-19 00:00:00+00:00,ETHUSDT,0.9211688855795184
2023-04-20 00:00:00+00:00,ETHUSDT,0.5216698339115223
2023-04-21 00:00:00+00:00,ETHUSDT,0.5694254853427796
2023-04-22 00:00:00+00:00,ETHUSDT,0.294409707422413
2023-04-23 00:00:00+00:00,ETHUSDT,0.3195516135028275
2023-04-24 00:00:00+00:00,ETHUSDT,0.5571003135842881
2023-04-25 00:00:00+00:00,ETHUSDT,0.43453727470496195
2023-04-26 00:00:00+00:00,ETHUSDT,1.4894561875049042
2023-04-27 00:00:00+00:00,ETHUSDT,0.8326834186770832
2023-04-28 00:00:00+00:00,ETHUSDT,0.2411617176219294
2023-04-29 00:00:00+00:00,ETHUSDT,0.2577564869228704
2023-04-30 00:00:00+00:00,ETHUSDT,0.3676612765092066
2023-05-01 00:00:00+00:00,ETHUSDT,0.6689105015385126
2023-05-02 00:00:00+00:00,ETHUSDT,0.33319505167906993
2023-05-03 00:00:00+00:00,ETHUSDT,0.4373556218671761
2023-05-04 00:00:00+00:00,ETHUSDT,0.2463542710505196
2023-05-05 00:00:00+00:00,ETHUSDT,0.5419261413255583
2023-05-06 00:00:00+00:00,ETHUSDT,0.5030074739783416
2023-05-07 00:00:00+00:00,ETHUSDT,0.4996075667068815
2023-05-08 00:00:00+00:00,ETHUSDT,0.6087646543999978
2023-05-09 00:00:00+00:00,ETHUSDT,0.2989669644697394
2023-05-10 00:00:00+00:00,ETHUSDT,0.6397816026168869
2023-05-11 00:00:00+00:00,ETHUSDT,0.39044957930838636
2023-05-12 00:00:00+00:00,ETHUSDT,0.5044673113874094
2023-05-13 00:00:00+00:00,ETHUSDT,0.21399477166465186
2023-05-14 00:00:00+00:00,ETHUSDT,0.23953762128457065
2023-05-15 00:00:00+00:00,ETHUSDT,0.4226569782961818
2023-05-16 00:00:00+00:00,ETHUSDT,0.23814217742283394
2023-05-17 00:00:00+00:00,ETHUSDT,0.3390875010242423
2023-05-18 00:00:00+00:00,ETHUSDT,0.4829840592540978
2023-05-19 00:00:00+00:00,ETHUSDT,0.17595167559799924
2023-05-20 00:00:00+00:00,ETHUSDT,0.192307981154598
2023-05-21 00:00:00+00:00,ETHUSDT,0.18455954343289388
2023-05-22 00:00:00+00:00,ETHUSDT,0.22432812655352516
2023-05-23 00:00:00+00:00,ETHUSDT,0.395454490652057
2023-05-24 00:00:00+00:00,ETHUSDT,0.4087785269394539
2023-05-25 00:00:00+00:00,ETHUSDT,0.3083216116678877
2023-05-26 00:00:00+00:00,ETHUSDT,0.22677702786149606
2023-05-27 00:00:00+00:00,ETHUSDT,0.1473601727181941
2023-05-28 00:00:00+00:00,ETHUSDT,0.484983753378742
2023-05-29 00:00:00+00:00,ETHUSDT,0.22504406836592983
2023-05-30 00:00:00+00:00,ETHUSDT,0.20847599442721743
2023-05-31 00:00:00+00:00,ETHUSDT,0.32678124392141766
2023-06-01 00:00:00+00:00,ETHUSDT,0.3163452519227956
2023-06-02 00:00:00+00:00,ETHUSDT,0.2957518084519342
2023-06-03 00:00:00+00:00,ETHUSDT,0.14265731572322124
2023-06-04 00:00:00+00:00,ETHUSDT,0.20125325654377063
2023-06-05 00:00:00+00:00,ETHUSDT,0.547861369097373
2023-06-06 00:00:00+00:00,ETHUSDT,0.46331176410365155
2023-06-07 00:00:00+00:00,ETHUSDT,0.45628962838430165
2023-06-08 00:00:00+00:00,ETHUSDT,0.2111914791861502
2023-06-09 00:00:00+00:00,ETHUSDT,0.19760389244106863
2023-06-10 00:00:00+00:00,ETHUSDT,0.7950149813601981
2023-06-11 00:00:00+00:00,ETHUSDT,0.2786312887607131
2023-06-12 00:00:00+00:00,ETHUSDT,0.29042699236417624
2023-06-13 00:00:00+00:00,ETHUSDT,0.3307378267643309
2023-06-14 00:00:00+00:00,ETHUSDT,1.1041609222369548
2023-06-15 00:00:00+00:00,ETHUSDT,0.34366039333731163
2023-06-16 00:00:00+00:00,ETHUSDT,0.3625059079400447
2023-06-17 00:00:00+00:00,ETHUSDT,0.4546982444490639
2023-06-18 00:00:00+00:00,ETHUSDT,0.23583652536536734
2023-06-19 00:00:00+00:00,ETHUSDT,0.3407065860864679
2023-06-20 00:00:00+00:00,ETHUSDT,0.43337496395697067
2023-06-21 00:00:00+00:00,ETHUSDT,0.45435392218193354
2023-06-22 00:00:00+00:00,ETHUSDT,0.5682976471215513
2023-06-23 00:00:00+00:00,ETHUSDT,0.5166476773676386
2023-06-24 00:00:00+00:00,ETHUSDT,0.329263913131988
2023-06-25 00:00:00+00:00,ETHUSDT,0.3230691954037796
2023-06-26 00:00:00+00:00,ETHUSDT,0.603889028984951
2023-06-27 00:00:00+00:00,ETHUSDT,0.4884948464112283
2023-06-28 00:00:00+00:00,ETHUSDT,0.3081766045629881
2023-06-29 00:00:00+00:00,ETHUSDT,0.27036581528186426
2023-06-30 00:00:00+00:00,ETHUSDT,0.9087669486034677
2023-07-01 00:00:00+00:00,ETHUSDT,0.16745923115093433
2023-07-02 00:00:00+00:00,ETHUSDT,0.3131826505035672
2023-07-03 00:00:00+00:00,ETHUSDT,0.303357602846738
2023-07-04 00:00:00+00:00,ETHUSDT,0.25345114651664186
2023-07-05 00:00:00+00:00,ETHUSDT,0.25084905392945933
2023-07-06 00:00:00+00:00,ETHUSDT,0.5514434048364025
2023-07-07 00:00:00+00:00,ETHUSDT,0.20868519865846397
2023-07-08 00:00:00+00:00,ETHUSDT,0.22971960608911646
2023-07-09 00:00:00+00:00,ETHUSDT,0.16366737540354914
2023-07-10 00:00:00+00:00,ETHUSDT,0.3813349527676675
2023-07-11 00:00:00+00:00,ETHUSDT,0.18868667871702546
2023-07-12 00:00:00+00:00,ETHUSDT,0.25748692553952596
2023-07-13 00:00:00+00:00,ETHUSDT,0.6936634482133774
2023-07-14 00:00:00+00:00,ETHUSDT,0.6634735405996343
2023-07-15 00:00:00+00:00,ETHUSDT,0.159347005527907
2023-07-16 00:00:00+00:00,ETHUSDT,0.21530196475161523
2023-07-17 00:00:00+00:00,ETHUSDT,0.3838579582083965
2023-07-18 00:00:00+00:00,ETHUSDT,0.2949384762310334
2023-07-19 00:00:00+00:00,ETHUSDT,0.29086165374855777
2023-07-20 00:00:00+00:00,ETHUSDT,0.373597873470057
2023-07-21 00:00:00+00:00,ETHUSDT,0.1966500304715769
2023-07-22 00:00:00+00:00,ETHUSDT,0.21971424087693214
2023-07-23 00:00:00+00:00,ETHUSDT,0.30116372325367485
2023-07-24 00:00:00+00:00,ETHUSDT,0.3617305582686064
2023-07-25 00:00:00+00:00,ETHUSDT,0.21241225025715638
2023-07-26 00:00:00+00:00,ETHUSDT,0.2426893556854137
2023-07-27 00:00:00+00:00,ETHUSDT,0.19354228019067712
2023-07-28 00:00:00+00:00,ETHUSDT,0.17364866446446842
2023-07-29 00:00:00+00:00,ETHUSDT,0.10346928531811364
2023-07-30 00:00:00+00:00,ETHUSDT,0.22186335310167238
2023-07-31 00:00:00+00:00,ETHUSDT,0.20670104436059283
2023-08-01 00:00:00+00:00,ETHUSDT,0.43888468984627443
2023-08-02 00:00:00+00:00,ETHUSDT,0.23437688112526792
2023-08-03 00:00:00+00:00,ETHUSDT,0.20022203652399628
2023-08-04 00:00:00+00:00,ETHUSDT,0.21520322466431524
2023-08-05 00:00:00+00:00,ETHUSDT,0.12741996921374962
2023-08-06 00:00:00+00:00,ETHUSDT,0.11493678998147441
2023-08-07 00:00:00+00:00,ETHUSDT,0.2546938544760575
2023-08-08 00:00:00+00:00,ETHUSDT,0.2481914887363544
2023-08-09 00:00:00+00:00,ETHUSDT,0.2058086537285644
2023-08-10 00:00:00+00:00,ETHUSDT,0.1812739410920892
2023-08-11 00:00:00+00:00,ETHUSDT,0.14956158046099766
2023-08-12 00:00:00+00:00,ETHUSDT,0.0936894895814625
2023-08-13 00:00:00+00:00,ETHUSDT,0.15398860637170245
2023-08-14 00:00:00+00:00,ETHUSDT,0.12585238320968
2023-08-15 00:00:00+00:00,ETHUSDT,0.16289636711162694
2023-08-16 00:00:00+00:00,ETHUSDT,0.18040461120732676
2023-08-17 00:00:00+00:00,ETHUSDT,1.5964047084727904
2023-08-18 00:00:00+00:00,ETHUSDT,0.4143436846303645
2023-08-19 00:00:00+00:00,ETHUSDT,0.3637381026413153
2023-08-20 00:00:00+00:00,ETHUSDT,0.23776167843706972
2023-08-21 00:00:00+00:00,ETHUSDT,0.297754808333413
2023-08-22 00:00:00+00:00,ETHUSDT,0.570008268898554
2023-08-23 00:00:00+00:00,ETHUSDT,0.45455654283546404
2023-08-24 00:00:00+00:00,ETHUSDT,0.3223502643561166
2023-08-25 00:00:00+00:00,ETHUSDT,0.3001586205577782
2023-08-26 00:00:00+00:00,ETHUSDT,0.08463336293517021
2023-08-27 00:00:00+00:00,ETHUSDT,0.17414826161709943
2023-08-28 00:00:00+00:00,ETHUSDT,0.2803136687088145
2023-08-29 00:00:00+00:00,ETHUSDT,0.9494002865989309
2023-08-30 00:00:00+00:00,ETHUSDT,0.2401582144804054
2023-08-31 00:00:00+00:00,ETHUSDT,0.5297679408441165
2023-09-01 00:00:00+00:00,ETHUSDT,0.41145534949806417
2023-09-02 00:00:00+00:00,ETHUSDT,0.09554610706515833
2023-09-03 00:00:00+00:00,ETHUSDT,0.1649783414852043
2023-09-04 00:00:00+00:00,ETHUSDT,0.18716818567867752
2023-09-05 00:00:00+00:00,ETHUSDT,0.21259622301512318
2023-09-06 00:00:00+00:00,ETHUSDT,0.40235964932335444
2023-09-07 00:00:00+00:00,ETHUSDT,0.1878855202669546
2023-09-08 00:00:00+00:00,ETHUSDT,0.26017214915465997
2023-09-09 00:00:00+00:00,ETHUSDT,0.0848396160187154
2023-09-10 00:00:00+00:00,ETHUSDT,0.1910897572069115
2023-09-11 00:00:00+00:00,ETHUSDT,0.5133517959653363
2023-09-12 00:00:00+00:00,ETHUSDT,0.5764588186406526
2023-09-13 00:00:00+00:00,ETHUSDT,0.3065142890276861
2023-09-14 00:00:00+00:00,ETHUSDT,0.4679056279876937
2023-09-15 00:00:00+00:00,ETHUSDT,0.33030871381968335
2023-09-16 00:00:00+00:00,ETHUSDT,0.11102508449589717
2023-09-17 00:00:00+00:00,ETHUSDT,0.2179743672757859
2023-09-18 00:00:00+00:00,ETHUSDT,0.3969482904100635
2023-09-19 00:00:00+00:00,ETHUSDT,0.3107701332007271
2023-09-20 00:00:00+00:00,ETHUSDT,0.31148008090062784
2023-09-21 00:00:00+00:00,ETHUSDT,0.3390928748768694
2023-09-22 00:00:00+00:00,ETHUSDT,0.1838843875254686
2023-09-23 00:00:00+00:00,ETHUSDT,0.11124417524920852
2023-09-24 00:00:00+00:00,ETHUSDT,0.20464384883131606
2023-09-25 00:00:00+00:00,ETHUSDT,0.22626333872600968
2023-09-26 00:00:00+00:00,ETHUSDT,0.19394437738195042
2023-09-27 00:00:00+00:00,ETHUSDT,0.4685193128615154
2023-09-28 00:00:00+00:00,ETHUSDT,0.3462254300122313
2023-09-29 00:00:00+00:00,ETHUSDT,0.4147153134886338
2023-09-30 00:00:00+00:00,ETHUSDT,0.1636742485012863
2023-10-01 00:00:00+00:00,ETHUSDT,0.6798707838722408
2023-10-02 00:00:00+00:00,ETHUSDT,0.5819042509792376
2023-10-03 00:00:00+00:00,ETHUSDT,0.2570083728667034
2023-10-04 00:00:00+00:00,ETHUSDT,0.31175183654451727
2023-10-05 00:00:00+00:00,ETHUSDT,0.3417402186929826
2023-10-06 00:00:00+00:00,ETHUSDT,0.37757883861424457
2023-10-07 00:00:00+00:00,ETHUSDT,0.12842363618382985
2023-10-08 00:00:00+00:00,ETHUSDT,0.2041287769269576
2023-10-09 00:00:00+00:00,ETHUSDT,0.43625632779951995
2023-10-10 00:00:00+00:00,ETHUSDT,0.24691322899129844
2023-10-11 00:00:00+00:00,ETHUSDT,0.34874375711214195
2023-10-12 00:00:00+00:00,ETHUSDT,0.32685950654406987
2023-10-13 00:00:00+00:00,ETHUSDT,0.33945473910930296
2023-10-14 00:00:00+00:00,ETHUSDT,0.13477376617534467
2023-10-15 00:00:00+00:00,ETHUSDT,0.17801985748493596
2023-10-16 00:00:00+00:00,ETHUSDT,0.425483842237182
2023-10-17 00:00:00+00:00,ETHUSDT,0.32844161421445095
2023-10-18 00:00:00+00:00,ETHUSDT,0.2548207596008421
2023-10-19 00:00:00+00:00,ETHUSDT,0.2820791899434202
2023-10-20 00:00:00+00:00,ETHUSDT,0.47051590578275304
2023-10-21 00:00:00+00:00,ETHUSDT,0.3256658863650314
2023-10-22 00:00:00+00:00,ETHUSDT,0.47927293366491286
2023-10-23 00:00:00+00:00,ETHUSDT,0.9103058502784147
2023-10-24 00:00:00+00:00,ETHUSDT,0.9144797503569615
2023-10-25 00:00:00+00:00,ETHUSDT,0.4743367322013453
2023-10-26 00:00:00+00:00,ETHUSDT,0.7244360934344382
2023-10-27 00:00:00+00:00,ETHUSDT,0.502083539752854
2023-10-28 00:00:00+00:00,ETHUSDT,0.2170844374701448
2023-10-29 00:00:00+00:00,ETHUSDT,0.28507828771740745
2023-10-30 00:00:00+00:00,ETHUSDT,0.4638746566176342
2023-10-31 00:00:00+00:00,ETHUSDT,0.3470150780640396
2023-11-01 00:00:00+00:00,ETHUSDT,0.49137133707576935
2023-11-02 00:00:00+00:00,ETHUSDT,0.3503648894389381
2023-11-03 00:00:00+00:00,ETHUSDT,0.3522993992272559
2023-11-04 00:00:00+00:00,ETHUSDT,0.24443095326333272
2023-11-05 00:00:00+00:00,ETHUSDT,0.5966093338061448
2023-11-06 00:00:00+00:00,ETHUSDT,0.3695897161336695
2023-11-07 00:00:00+00:00,ETHUSDT,0.46191129247134394
2023-11-08 00:00:00+00:00,ETHUSDT,0.25658877308529354
2023-11-09 00:00:00+00:00,ETHUSDT,0.9871846872219989
2023-11-10 00:00:00+00:00,ETHUSDT,0.43916901268040937
2023-11-11 00:00:00+00:00,ETHUSDT,0.5138986702160495
2023-11-12 00:00:00+00:00,ETHUSDT,0.32467704765688954
2023-11-13 00:00:00+00:00,ETHUSDT,0.6322874139918457
2023-11-14 00:00:00+00:00,ETHUSDT,0.7482068725826405
2023-11-15 00:00:00+00:00,ETHUSDT,0.4337056784771024
2023-11-16 00:00:00+00:00,ETHUSDT,0.6426467584362524
2023-11-17 00:00:00+00:00,ETHUSDT,0.5404368371101453
2023-11-18 00:00:00+00:00,ETHUSDT,0.30347244283486935
2023-11-19 00:00:00+00:00,ETHUSDT,0.3833834397730955
2023-11-20 00:00:00+00:00,ETHUSDT,0.6054381354715976
2023-11-21 00:00:00+00:00,ETHUSDT,0.6661464763299161
2023-11-22 00:00:00+00:00,ETHUSDT,0.4743472472528951
2023-11-23 00:00:00+00:00,ETHUSDT,0.38676035709418766
2023-11-24 00:00:00+00:00,ETHUSDT,0.4570513056705281
2023-11-25 00:00:00+00:00,ETHUSDT,0.19885235152064762
2023-11-26 00:00:00+00:00,ETHUSDT,0.40030613024017475
2023-11-27 00:00:00+00:00,ETHUSDT,0.4501807948335132
2023-11-28 00:00:00+00:00,ETHUSDT,0.4845720417383275
2023-11-29 00:00:00+00:00,ETHUSDT,0.35325727260559947
2023-11-30 00:00:00+00:00,ETHUSDT,0.27277458926377507
2023-12-01 00:00:00+00:00,ETHUSDT,0.5107697471439464
2023-12-02 00:00:00+00:00,ETHUSDT,0.4530755844338248
2023-12-03 00:00:00+00:00,ETHUSDT,0.3638389299583843
2023-12-04 00:00:00+00:00,ETHUSDT,0.5212266638263193
2023-12-05 00:00:00+00:00,ETHUSDT,0.6843588715935516
2023-12-06 00:00:00+00:00,ETHUSDT,0.421929712880449
2023-12-07 00:00:00+00:00,ETHUSDT,0.6751805831471996
2023-12-08 00:00:00+00:00,ETHUSDT,0.437654307170063
2023-12-09 00:00:00+00:00,ETHUSDT,0.3269297961202107
2023-12-10 00:00:00+00:00,ETHUSDT,0.4013697787792673
2023-12-11 00:00:00+00:00,ETHUSDT,0.985271188953087
2023-12-12 00:00:00+00:00,ETHUSDT,0.5208174784575008
2023-12-13 00:00:00+00:00,ETHUSDT,0.6172632771715122
2023-12-14 00:00:00+00:00,ETHUSDT,0.5010219720183706
2023-12-15 00:00:00+00:00,ETHUSDT,0.38013872860883485
2023-12-16 00:00:00+00:00,ETHUSDT,0.25990410391888263
2023-12-17 00:00:00+00:00,ETHUSDT,0.394730479185444
2023-12-18 00:00:00+00:00,ETHUSDT,0.6171075536987422
2023-12-19 00:00:00+00:00,ETHUSDT,0.7052074323300792
2023-12-20 00:00:00+00:00,ETHUSDT,0.6155042138561188
2023-12-21 00:00:00+00:00,ETHUSDT,0.5337271074518898
2023-12-22 00:00:00+00:00,ETHUSDT,0.5774888626503174
2023-12-23 00:00:00+00:00,ETHUSDT,0.36759920890395253
2023-12-24 00:00:00+00:00,ETHUSDT,0.3281622022051105
2023-12-25 00:00:00+00:00,ETHUSDT,0.32247482991631893
2023-12-26 00:00:00+00:00,ETHUSDT,0.5062777927934152
2023-12-27 00:00:00+00:00,ETHUSDT,0.5080343905105769
2023-12-28 00:00:00+00:00,ETHUSDT,0.6908418697400249
2023-12-29 00:00:00+00:00,ETHUSDT,0.7118287936158372
2023-12-30 00:00:00+00:00,ETHUSDT,0.3368266316924608
2023-12-31 00:00:00+00:00,ETHUSDT,0.29031148742162405
2024-01-01 00:00:00+00:00,ETHUSDT,0.3673401950154059
2024-01-02 00:00:00+00:00,ETHUSDT,0.630471442815424
2024-01-03 00:00:00+00:00,ETHUSDT,0.9723803922111504
2024-01-04 00:00:00+00:00,ETHUSDT,0.4478723412189234
2024-01-05 00:00:00+00:00,ETHUSDT,0.531931763649628
2024-01-06 00:00:00+00:00,ETHUSDT,0.270947818740873
2024-01-07 00:00:00+00:00,ETHUSDT,0.3920176077188704
2024-01-08 00:00:00+00:00,ETHUSDT,0.6941673108294101
2024-01-09 00:00:00+00:00,ETHUSDT,0.8396417693006534
2024-01-10 00:00:00+00:00,ETHUSDT,1.2350747233192736
2024-01-11 00:00:00+00:00,ETHUSDT,0.9553014306982294
2024-01-12 00:00:00+00:00,ETHUSDT,0.8513783492267666
2024-01-13 00:00:00+00:00,ETHUSDT,0.3360903975682783
2024-01-14 00:00:00+00:00,ETHUSDT,0.47155827118374305
2024-01-15 00:00:00+00:00,ETHUSDT,0.39860074708508103
2024-01-16 00:00:00+00:00,ETHUSDT,0.4753137626505367
2024-01-17 00:00:00+00:00,ETHUSDT,0.2511100760678564
2024-01-18 00:00:00+00:00,ETHUSDT,0.5008558287622695
2024-01-19 00:00:00+00:00,ETHUSDT,0.5883031564459392
2024-01-20 00:00:00+00:00,ETHUSDT,0.23923160473118318
2024-01-21 00:00:00+00:00,ETHUSDT,0.20898659421829308
2024-01-22 00:00:00+00:00,ETHUSDT,0.5774041937462034
2024-01-23 00:00:00+00:00,ETHUSDT,0.9188505671825586
2024-01-24 00:00:00+00:00,ETHUSDT,0.4588762317041874
2024-01-25 00:00:00+00:00,ETHUSDT,0.46899133302506085
2024-01-26 00:00:00+00:00,ETHUSDT,0.48639088842074035
2024-01-27 00:00:00+00:00,ETHUSDT,0.24513570265303689
2024-01-28 00:00:00+00:00,ETHUSDT,0.3517627822877637
2024-01-29 00:00:00+00:00,ETHUSDT,0.4288492999729156
2024-01-30 00:00:00+00:00,ETHUSDT,0.4737351293419477
2024-01-31 00:00:00+00:00,ETHUSDT,0.5884110201123784
2024-02-01 00:00:00+00:00,ETHUSDT,0.493918771162794
2024-02-02 00:00:00+00:00,ETHUSDT,0.3629234236671154
2024-02-03 00:00:00+00:00,ETHUSDT,0.2196897454576036
2024-02-04 00:00:00+00:00,ETHUSDT,0.35730543700606804
2024-02-05 00:00:00+00:00,ETHUSDT,0.33665389849879396
2024-02-06 00:00:00+00:00,ETHUSDT,0.28466370363813065
2024-02-07 00:00:00+00:00,ETHUSDT,0.4002295382437654
2024-02-08 00:00:00+00:00,ETHUSDT,0.3523402544660273
2024-02-09 00:00:00+00:00,ETHUSDT,0.506472017755311
2024-02-10 00:00:00+00:00,ETHUSDT,0.2883996193851116
2024-02-11 00:00:00+00:00,ETHUSDT,0.30179534978405403
2024-02-12 00:00:00+00:00,ETHUSDT,0.6847580716079068
2024-02-13 00:00:00+00:00,ETHUSDT,0.5254299765311861
2024-02-14 00:00:00+00:00,ETHUSDT,0.5893745468322539
2024-02-15 00:00:00+00:00,ETHUSDT,0.7051876043078359
2024-02-16 00:00:00+00:00,ETHUSDT,0.5118310937340531
2024-02-17 00:00:00+00:00,ETHUSDT,0.3880577272354511
2024-02-18 00:00:00+00:00,ETHUSDT,0.4367338513597694
2024-02-19 00:00:00+00:00,ETHUSDT,0.4972121021443997
2024-02-20 00:00:00+00:00,ETHUSDT,0.8454880590725358
2024-02-21 00:00:00+00:00,ETHUSDT,0.6364477295952098
2024-02-22 00:00:00+00:00,ETHUSDT,0.6905524134485321
2024-02-23 00:00:00+00:00,ETHUSDT,0.5156627469591298
2024-02-24 00:00:00+00:00,ETHUSDT,0.37271104479260964
2024-02-25 00:00:00+00:00,ETHUSDT,0.39531106874311617
2024-02-26 00:00:00+00:00,ETHUSDT,0.6528857762090972
2024-02-27 00:00:00+00:00,ETHUSDT,0.5323858988629755
2024-02-28 00:00:00+00:00,ETHUSDT,0.9538603967018909
2024-02-29 00:00:00+00:00,ETHUSDT,0.8664694955542457
2024-03-01 00:00:00+00:00,ETHUSDT,0.5767874121333249
2024-03-02 00:00:00+00:00,ETHUSDT,0.3501412818221745
2024-03-03 00:00:00+00:00,ETHUSDT,0.4588788828907094
2024-03-04 00:00:00+00:00,ETHUSDT,0.6122470203841541
2024-03-05 00:00:00+00:00,ETHUSDT,1.833628088076527
2024-03-06 00:00:00+00:00,ETHUSDT,1.1739632132218216
2024-03-07 00:00:00+00:00,ETHUSDT,0.632326836584406
2024-03-08 00:00:00+00:00,ETHUSDT,0.6350983409007075
2024-03-09 00:00:00+00:00,ETHUSDT,0.2967400048569483
2024-03-10 00:00:00+00:00,ETHUSDT,0.5194389025689918
2024-03-11 00:00:00+00:00,ETHUSDT,0.7797553382909554
2024-03-12 00:00:00+00:00,ETHUSDT,0.5840503512037354
2024-03-13 00:00:00+00:00,ETHUSDT,0.4669599085058777
2024-03-14 00:00:00+00:00,ETHUSDT,0.7526203372586772
2024-03-15 00:00:00+00:00,ETHUSDT,1.4022107847751704
2024-03-16 00:00:00+00:00,ETHUSDT,0.5632177507669794
2024-03-17 00:00:00+00:00,ETHUSDT,0.9870174501136213
2024-03-18 00:00:00+00:00,ETHUSDT,0.6932712354250037
2024-03-19 00:00:00+00:00,ETHUSDT,1.2753402798764049
2024-03-20 00:00:00+00:00,ETHUSDT,1.5536072662469504
2024-03-21 00:00:00+00:00,ETHUSDT,0.766840766692794
2024-03-22 00:00:00+00:00,ETHUSDT,0.9234308377409656
2024-03-23 00:00:00+00:00,ETHUSDT,0.6004577989514043
2024-03-24 00:00:00+00:00,ETHUSDT,0.5060269949209141
2024-03-25 00:00:00+00:00,ETHUSDT,0.7065194878492799
2024-03-26 00:00:00+00:00,ETHUSDT,0.4684852285467011
2024-03-27 00:00:00+00:00,ETHUSDT,0.5828457091373588
2024-03-28 00:00:00+00:00,ETHUSDT,0.42533160200878967
2024-03-29 00:00:00+00:00,ETHUSDT,0.5518432988103921
2024-03-30 00:00:00+00:00,ETHUSDT,0.313186635864708
2024-03-31 00:00:00+00:00,ETHUSDT,0.3800291781834132
2024-04-01 00:00:00+00:00,ETHUSDT,0.777425771785323
2024-04-02 00:00:00+00:00,ETHUSDT,0.9087808026880455
2024-04-03 00:00:00+00:00,ETHUSDT,0.5587463125389388
2024-04-04 00:00:00+00:00,ETHUSDT,0.5767514321331836
2024-04-05 00:00:00+00:00,ETHUSDT,0.5701912538068342
2024-04-06 00:00:00+00:00,ETHUSDT,0.3253665360670336
2024-04-07 00:00:00+00:00,ETHUSDT,0.37686354274481565
2024-04-08 00:00:00+00:00,ETHUSDT,0.823620766339254
2024-04-09 00:00:00+00:00,ETHUSDT,0.5749729640454486
2024-04-10 00:00:00+00:00,ETHUSDT,0.735028807422399
2024-04-11 00:00:00+00:00,ETHUSDT,0.5606618903556839
2024-04-12 00:00:00+00:00,ETHUSDT,0.9789697481300831
2024-04-13 00:00:00+00:00,ETHUSDT,1.772266265697011
2024-04-14 00:00:00+00:00,ETHUSDT,1.0120801093603102
2024-04-15 00:00:00+00:00,ETHUSDT,1.044920778350976
2024-04-16 00:00:00+00:00,ETHUSDT,0.8426018446406449
2024-04-17 00:00:00+00:00,ETHUSDT,0.7717559735117838
2024-04-18 00:00:00+00:00,ETHUSDT,0.5396500718201902
2024-04-19 00:00:00+00:00,ETHUSDT,1.1278873467264836
2024-04-20 00:00:00+00:00,ETHUSDT,0.5547014372674643
2024-04-21 00:00:00+00:00,ETHUSDT,0.37930090082062484
2024-04-22 00:00:00+00:00,ETHUSDT,0.45902524752610524
2024-04-23 00:00:00+00:00,ETHUSDT,0.42032216611583095
2024-04-24 00:00:00+00:00,ETHUSDT,0.5840688680434007
2024-04-25 00:00:00+00:00,ETHUSDT,0.5580919077749348
2024-04-26 00:00:00+00:00,ETHUSDT,0.412041165546418
2024-04-27 00:00:00+00:00,ETHUSDT,0.731219139801933
2024-04-28 00:00:00+00:00,ETHUSDT,0.4615509048197809
2024-04-29 00:00:00+00:00,ETHUSDT,0.7349887890230633
2024-04-30 00:00:00+00:00,ETHUSDT,0.9679135812531479
2024-05-01 00:00:00+00:00,ETHUSDT,1.0432664962900362
2024-05-02 00:00:00+00:00,ETHUSDT,0.5495811993441158
2024-05-03 00:00:00+00:00,ETHUSDT,0.5662126122951117
2024-05-04 00:00:00+00:00,ETHUSDT,0.5507582600724344
2024-05-05 00:00:00+00:00,ETHUSDT,0.41165906898064203
2024-05-06 00:00:00+00:00,ETHUSDT,0.6365263838544009
2024-05-07 00:00:00+00:00,ETHUSDT,0.6233236373253211
2024-05-08 00:00:00+00:00,ETHUSDT,0.508505266300704
2024-05-09 00:00:00+00:00,ETHUSDT,0.459838435238346
2024-05-10 00:00:00+00:00,ETHUSDT,0.653903787808775
2024-05-11 00:00:00+00:00,ETHUSDT,0.2551296854653283
2024-05-12 00:00:00+00:00,ETHUSDT,0.25521826183475804
2024-05-13 00:00:00+00:00,ETHUSDT,0.6137971389234876
2024-05-14 00:00:00+00:00,ETHUSDT,0.28186708258945814
2024-05-15 00:00:00+00:00,ETHUSDT,0.4812044623110975
2024-05-16 00:00:00+00:00,ETHUSDT,0.3963925075835235
2024-05-17 00:00:00+00:00,ETHUSDT,0.617549895138724
2024-05-18 00:00:00+00:00,ETHUSDT,0.26079244674155533
2024-05-19 00:00:00+00:00,ETHUSDT,0.2846840027053772
2024-05-20 00:00:00+00:00,ETHUSDT,1.975746978303179
2024-05-21 00:00:00+00:00,ETHUSDT,0.7025410554318166
2024-05-22 00:00:00+00:00,ETHUSDT,0.623180268438161
2024-05-23 00:00:00+00:00,ETHUSDT,0.9955399921201816
2024-05-24 00:00:00+00:00,ETHUSDT,0.6970417001073186
2024-05-25 00:00:00+00:00,ETHUSDT,0.32961827391552656
2024-05-26 00:00:00+00:00,ETHUSDT,0.5342818154200455
2024-05-27 00:00:00+00:00,ETHUSDT,0.47774585799462743
2024-05-28 00:00:00+00:00,ETHUSDT,0.5073793044081163
2024-05-29 00:00:00+00:00,ETHUSDT,0.36735049488019245
2024-05-30 00:00:00+00:00,ETHUSDT,0.5288783632805587
2024-05-31 00:00:00+00:00,ETHUSDT,0.43507048949630467
2024-06-01 00:00:00+00:00,ETHUSDT,0.21722122464575686
2024-06-02 00:00:00+00:00,ETHUSDT,0.32215438873475843
2024-06-03 00:00:00+00:00,ETHUSDT,0.47379294339776207
2024-06-04 00:00:00+00:00,ETHUSDT,0.27424293818833084
2024-06-05 00:00:00+00:00,ETHUSDT,0.4127769009434278
2024-06-06 00:00:00+00:00,ETHUSDT,0.28103655510354625
2024-06-07 00:00:00+00:00,ETHUSDT,0.47249467965291686
2024-06-08 00:00:00+00:00,ETHUSDT,0.20927813322107763
2024-06-09 00:00:00+00:00,ETHUSDT,0.18464673969694767
2024-06-10 00:00:00+00:00,ETHUSDT,0.28568953779517864
2024-06-11 00:00:00+00:00,ETHUSDT,0.5304044273360868
2024-06-12 00:00:00+00:00,ETHUSDT,0.7992961356595694
2024-06-13 00:00:00+00:00,ETHUSDT,0.5123211359549599
2024-06-14 00:00:00+00:00,ETHUSDT,0.7326583531109311
2024-06-15 00:00:00+00:00,ETHUSDT,0.29079714841750554
2024-06-16 00:00:00+00:00,ETHUSDT,0.3284163793795395
2024-06-17 00:00:00+00:00,ETHUSDT,0.5185739887313295
2024-06-18 00:00:00+00:00,ETHUSDT,0.595502102107878
2024-06-19 00:00:00+00:00,ETHUSDT,0.42083481223769564
2024-06-20 00:00:00+00:00,ETHUSDT,0.4616311816856887
2024-06-21 00:00:00+00:00,ETHUSDT,0.6301815909581631
2024-06-22 00:00:00+00:00,ETHUSDT,0.188125568586359
2024-06-23 00:00:00+00:00,ETHUSDT,0.3125408902391716
2024-06-24 00:00:00+00:00,ETHUSDT,0.7051123379621118
2024-06-25 00:00:00+00:00,ETHUSDT,0.47959403693475616
2024-06-26 00:00:00+00:00,ETHUSDT,0.4357638711771168
2024-06-27 00:00:00+00:00,ETHUSDT,0.3204165195332562
2024-06-28 00:00:00+00:00,ETHUSDT,0.45818482356914986
2024-06-29 00:00:00+00:00,ETHUSDT,0.17362599186878122
2024-06-30 00:00:00+00:00,ETHUSDT,0.3392865444767039
2024-07-01 00:00:00+00:00,ETHUSDT,0.5306735586912522
2024-07-02 00:00:00+00:00,ETHUSDT,0.24278131685267207
2024-07-03 00:00:00+00:00,ETHUSDT,0.5232525823039785
2024-07-04 00:00:00+00:00,ETHUSDT,0.8263350182021801
2024-07-05 00:00:00+00:00,ETHUSDT,1.4338552476895607
2024-07-06 00:00:00+00:00,ETHUSDT,0.36763209419350623
2024-07-07 00:00:00+00:00,ETHUSDT,0.5020983602262912
2024-07-08 00:00:00+00:00,ETHUSDT,1.181531545814316
2024-07-09 00:00:00+00:00,ETHUSDT,0.47605369204737114
2024-07-10 00:00:00+00:00,ETHUSDT,0.4843785495778855
2024-07-11 00:00:00+00:00,ETHUSDT,0.5751735470687104
2024-07-12 00:00:00+00:00,ETHUSDT,0.4745008144112797
2024-07-13 00:00:00+00:00,ETHUSDT,0.3547128214627817
2024-07-14 00:00:00+00:00,ETHUSDT,0.436345403861771
2024-07-15 00:00:00+00:00,ETHUSDT,0.529852958599336
2024-07-16 00:00:00+00:00,ETHUSDT,0.6054184795661692
2024-07-17 00:00:00+00:00,ETHUSDT,0.4035465929254672
2024-07-18 00:00:00+00:00,ETHUSDT,0.5240765334485296
2024-07-19 00:00:00+00:00,ETHUSDT,0.49655813214052696
2024-07-20 00:00:00+00:00,ETHUSDT,0.27904490042194197
2024-07-21 00:00:00+00:00,ETHUSDT,0.42934260352963133
2024-07-22 00:00:00+00:00,ETHUSDT,0.4087968716683788
2024-07-23 00:00:00+00:00,ETHUSDT,0.8165700769303579
2024-07-24 00:00:00+00:00,ETHUSDT,0.40369511508565475
2024-07-25 00:00:00+00:00,ETHUSDT,0.8738639504859126
2024-07-26 00:00:00+00:00,ETHUSDT,0.48667453017209594
2024-07-27 00:00:00+00:00,ETHUSDT,0.49783445186278297
2024-07-28 00:00:00+00:00,ETHUSDT,0.25299034242031504
2024-07-29 00:00:00+00:00,ETHUSDT,0.6348996685726171
2024-07-30 00:00:00+00:00,ETHUSDT,0.4109489000725471
2024-07-31 00:00:00+00:00,ETHUSDT,0.5600246370341432
2024-08-01 00:00:00+00:00,ETHUSDT,0.7101194581467496
2024-08-02 00:00:00+00:00,ETHUSDT,0.8335818806079538
2024-08-03 00:00:00+00:00,ETHUSDT,0.5690105307675674
2024-08-04 00:00:00+00:00,ETHUSDT,1.0197409241884863
2024-08-05 00:00:00+00:00,ETHUSDT,2.8895776628117233
2024-08-06 00:00:00+00:00,ETHUSDT,1.4029671654486509
2024-08-07 00:00:00+00:00,ETHUSDT,0.8162754117834351
2024-08-08 00:00:00+00:00,ETHUSDT,1.382506853593151
2024-08-09 00:00:00+00:00,ETHUSDT,0.6327172171916328
2024-08-10 00:00:00+00:00,ETHUSDT,0.34109733458448127
2024-08-11 00:00:00+00:00,ETHUSDT,0.659441769779744
2024-08-12 00:00:00+00:00,ETHUSDT,1.0959687565170204
2024-08-13 00:00:00+00:00,ETHUSDT,0.7923268659823217
2024-08-14 00:00:00+00:00,ETHUSDT,0.6916832909627626
2024-08-15 00:00:00+00:00,ETHUSDT,0.7020470065416439
2024-08-16 00:00:00+00:00,ETHUSDT,0.5721835722039282
2024-08-17 00:00:00+00:00,ETHUSDT,0.20286344237758552
2024-08-18 00:00:00+00:00,ETHUSDT,0.5296863455384413
2024-08-19 00:00:00+00:00,ETHUSDT,0.457119218740988
2024-08-20 00:00:00+00:00,ETHUSDT,0.5948250972819282
2024-08-21 00:00:00+00:00,ETHUSDT,0.3329643743178483
2024-08-22 00:00:00+00:00,ETHUSDT,0.39183220820576453
2024-08-23 00:00:00+00:00,ETHUSDT,0.5652953677705117
2024-08-24 00:00:00+00:00,ETHUSDT,0.6422425984374973
2024-08-25 00:00:00+00:00,ETHUSDT,0.2814293278634265
2024-08-26 00:00:00+00:00,ETHUSDT,0.3117222423658979
2024-08-27 00:00:00+00:00,ETHUSDT,0.8246689120537739
2024-08-28 00:00:00+00:00,ETHUSDT,0.9736801848441186
2024-08-29 00:00:00+00:00,ETHUSDT,0.5490504877053296
2024-08-30 00:00:00+00:00,ETHUSDT,0.8543216848663548
2024-08-31 00:00:00+00:00,ETHUSDT,0.22869230394672677
2024-09-01 00:00:00+00:00,ETHUSDT,0.826365346603882
2024-09-02 00:00:00+00:00,ETHUSDT,0.6018043572161218
2024-09-03 00:00:00+00:00,ETHUSDT,0.5228912482660258
2024-09-04 00:00:00+00:00,ETHUSDT,0.6600635090497158
2024-09-05 00:00:00+00:00,ETHUSDT,0.5404138874675138
2024-09-06 00:00:00+00:00,ETHUSDT,1.0522793759228832
2024-09-07 00:00:00+00:00,ETHUSDT,0.4121793585594047
2024-09-08 00:00:00+00:00,ETHUSDT,0.4963143039478405
2024-09-09 00:00:00+00:00,ETHUSDT,0.7139317699001436
2024-09-10 00:00:00+00:00,ETHUSDT,0.42376176748707367
2024-09-11 00:00:00+00:00,ETHUSDT,0.6728455211073299
2024-09-12 00:00:00+00:00,ETHUSDT,0.3773164183192914
2024-09-13 00:00:00+00:00,ETHUSDT,0.5054722885973737
2024-09-14 00:00:00+00:00,ETHUSDT,0.21343115540333443
2024-09-15 00:00:00+00:00,ETHUSDT,0.3286989890645711
2024-09-16 00:00:00+00:00,ETHUSDT,0.6047769979794078
2024-09-17 00:00:00+00:00,ETHUSDT,0.6182798651730304
2024-09-18 00:00:00+00:00,ETHUSDT,0.5809084127267494
2024-09-19 00:00:00+00:00,ETHUSDT,0.4521231052233201
2024-09-20 00:00:00+00:00,ETHUSDT,0.6867460676426883
2024-09-21 00:00:00+00:00,ETHUSDT,0.4161869870625748
2024-09-22 00:00:00+00:00,ETHUSDT,0.5088647664913297
2024-09-23 00:00:00+00:00,ETHUSDT,0.4938680004647993
2024-09-24 00:00:00+00:00,ETHUSDT,0.42950510293531635
2024-09-25 00:00:00+00:00,ETHUSDT,0.4007340605095287
2024-09-26 00:00:00+00:00,ETHUSDT,0.5208738176413015
2024-09-27 00:00:00+00:00,ETHUSDT,0.45627421881088276
2024-09-28 00:00:00+00:00,ETHUSDT,0.25000891763988686
2024-09-29 00:00:00+00:00,ETHUSDT,0.2532788745114025
2024-09-30 00:00:00+00:00,ETHUSDT,0.538281626432351
2024-10-01 00:00:00+00:00,ETHUSDT,0.6224355438662703
2024-10-02 00:00:00+00:00,ETHUSDT,0.7110917305307903
2024-10-03 00:00:00+00:00,ETHUSDT,0.6123970145458387
2024-10-04 00:00:00+00:00,ETHUSDT,0.6535069679456452
2024-10-05 00:00:00+00:00,ETHUSDT,0.34383403743922664
2024-10-06 00:00:00+00:00,ETHUSDT,0.33436196758230197
2024-10-07 00:00:00+00:00,ETHUSDT,0.8394208231891243
2024-10-08 00:00:00+00:00,ETHUSDT,0.44270652417465045
2024-10-09 00:00:00+00:00,ETHUSDT,0.7148851914459868
2024-10-10 00:00:00+00:00,ETHUSDT,0.48355974881310804
2024-10-11 00:00:00+00:00,ETHUSDT,0.3209493002454409
2024-10-12 00:00:00+00:00,ETHUSDT,0.2187042440928234
2024-10-13 00:00:00+00:00,ETHUSDT,0.29345137532116466
2024-10-14 00:00:00+00:00,ETHUSDT,0.8104315997283544
2024-10-15 00:00:00+00:00,ETHUSDT,1.0708444685287168
2024-10-16 00:00:00+00:00,ETHUSDT,0.3481488976036109
2024-10-17 00:00:00+00:00,ETHUSDT,0.48441630440289407
2024-10-18 00:00:00+00:00,ETHUSDT,0.5292783229610821
2024-10-19 00:00:00+00:00,ETHUSDT,0.22456744660070738
2024-10-20 00:00:00+00:00,ETHUSDT,0.48207182148193845
2024-10-21 00:00:00+00:00,ETHUSDT,0.2790765166261045
2024-10-22 00:00:00+00:00,ETHUSDT,0.42755735683945784
2024-10-23 00:00:00+00:00,ETHUSDT,0.5651000712713854
2024-10-24 00:00:00+00:00,ETHUSDT,0.37734625821836887
2024-10-25 00:00:00+00:00,ETHUSDT,0.6753666368926621
2024-10-26 00:00:00+00:00,ETHUSDT,0.2863357433136266
2024-10-27 00:00:00+00:00,ETHUSDT,0.27584758700509066
2024-10-28 00:00:00+00:00,ETHUSDT,0.5167384535154365
2024-10-29 00:00:00+00:00,ETHUSDT,0.5444015694235596
2024-10-30 00:00:00+00:00,ETHUSDT,0.5642074178503472
2024-10-31 00:00:00+00:00,ETHUSDT,0.505549108461902
2024-11-01 00:00:00+00:00,ETHUSDT,0.7045333465041856
2024-11-02 00:00:00+00:00,ETHUSDT,0.23271982103785135
2024-11-03 00:00:00+00:00,ETHUSDT,0.5834183923468322
2024-11-04 00:00:00+00:00,ETHUSDT,0.6923692853500353
2024-11-05 00:00:00+00:00,ETHUSDT,0.6377658913387044
2024-11-06 00:00:00+00:00,ETHUSDT,0.9153323425831414
2024-11-07 00:00:00+00:00,ETHUSDT,0.9733716781107833
2024-11-08 00:00:00+00:00,ETHUSDT,0.6343257554736943
2024-11-09 00:00:00+00:00,ETHUSDT,0.665218197408886
2024-11-10 00:00:00+00:00,ETHUSDT,0.7009762441861999
2024-11-11 00:00:00+00:00,ETHUSDT,0.7930998706347598
2024-11-12 00:00:00+00:00,ETHUSDT,0.9778370855222512
2024-11-13 00:00:00+00:00,ETHUSDT,1.182670259744722
2024-11-14 00:00:00+00:00,ETHUSDT,1.0093141170666442
2024-11-15 00:00:00+00:00,ETHUSDT,0.7738745033077966
2024-11-16 00:00:00+00:00,ETHUSDT,0.672514582424359
2024-11-17 00:00:00+00:00,ETHUSDT,0.7332437038214494
2024-11-18 00:00:00+00:00,ETHUSDT,0.8447161606792977
2024-11-19 00:00:00+00:00,ETHUSDT,0.5811193767967521
2024-11-20 00:00:00+00:00,ETHUSDT,0.447071205006883
2024-11-21 00:00:00+00:00,ETHUSDT,1.1854470802631398
2024-11-22 00:00:00+00:00,ETHUSDT,0.6578276413164633
2024-11-23 00:00:00+00:00,ETHUSDT,0.59168347039732
2024-11-24 00:00:00+00:00,ETHUSDT,0.5093085817175732
2024-11-25 00:00:00+00:00,ETHUSDT,1.0819983534909934
2024-11-26 00:00:00+00:00,ETHUSDT,0.6753977361051472
2024-11-27 00:00:00+00:00,ETHUSDT,0.498472920605327
2024-11-28 00:00:00+00:00,ETHUSDT,0.5043442796498562
2024-11-29 00:00:00+00:00,ETHUSDT,0.43574617363140244
2024-11-30 00:00:00+00:00,ETHUSDT,0.5106640707313247
2024-12-01 00:00:00+00:00,ETHUSDT,0.4907410216723776
2024-12-02 00:00:00+00:00,ETHUSDT,0.8472129280618965
2024-12-03 00:00:00+00:00,ETHUSDT,0.5756733598339201
2024-12-04 00:00:00+00:00,ETHUSDT,0.8610264699218763
2024-12-05 00:00:00+00:00,ETHUSDT,0.7382125656167426
2024-12-06 00:00:00+00:00,ETHUSDT,0.7803754505474739
2024-12-07 00:00:00+00:00,ETHUSDT,0.2738468657196338
2024-12-08 00:00:00+00:00,ETHUSDT,0.37622785686029847
2024-12-09 00:00:00+00:00,ETHUSDT,0.8355152649352601
2024-12-10 00:00:00+00:00,ETHUSDT,1.1535299350101735
2024-12-11 00:00:00+00:00,ETHUSDT,0.6933044139889522
2024-12-12 00:00:00+00:00,ETHUSDT,0.7757607290943718
2024-12-13 00:00:00+00:00,ETHUSDT,0.5421550502723342
2024-12-14 00:00:00+00:00,ETHUSDT,0.40652518713751645
2024-12-15 00:00:00+00:00,ETHUSDT,0.5626455748005347
2024-12-16 00:00:00+00:00,ETHUSDT,0.7239738393692842
2024-12-17 00:00:00+00:00,ETHUSDT,0.6705281839596354
2024-12-18 00:00:00+00:00,ETHUSDT,0.9060561811878284
2024-12-19 00:00:00+00:00,ETHUSDT,1.214148529535883
2024-12-20 00:00:00+00:00,ETHUSDT,1.6104340719504344
2024-12-21 00:00:00+00:00,ETHUSDT,0.5861332445897838
2024-12-22 00:00:00+00:00,ETHUSDT,0.9118710488420981
2024-12-23 00:00:00+00:00,ETHUSDT,1.0929113940196928
2024-12-24 00:00:00+00:00,ETHUSDT,0.6194950754515705
2024-12-25 00:00:00+00:00,ETHUSDT,0.40055867265321915
2024-12-26 00:00:00+00:00,ETHUSDT,0.42205428248114024
2024-12-27 00:00:00+00:00,ETHUSDT,0.7861335347002899
2024-12-28 00:00:00+00:00,ETHUSDT,0.2747462359179046
2024-12-29 00:00:00+00:00,ETHUSDT,0.30745145581378613
2024-12-30 00:00:00+00:00,ETHUSDT,0.8663628889377587
2024-12-31 00:00:00+00:00,ETHUSDT,0.47307441723455157
2025-01-01 00:00:00+00:00,ETHUSDT,0.29906512293490595
2025-01-02 00:00:00+00:00,ETHUSDT,0.47255967774917024
2025-01-03 00:00:00+00:00,ETHUSDT,0.47375630522007317
2025-01-04 00:00:00+00:00,ETHUSDT,0.3464750413955283
2025-01-05 00:00:00+00:00,ETHUSDT,0.19193965270409952
2025-01-06 00:00:00+00:00,ETHUSDT,0.43555629699074266
2025-01-07 00:00:00+00:00,ETHUSDT,0.7798195735977715
2025-01-08 00:00:00+00:00,ETHUSDT,0.7065168790352487
2025-01-09 00:00:00+00:00,ETHUSDT,0.9088551023335407
2025-01-10 00:00:00+00:00,ETHUSDT,0.7072263589242356
2025-01-11 00:00:00+00:00,ETHUSDT,0.3271128347814617
2025-01-12 00:00:00+00:00,ETHUSDT,0.35737830575377055
2025-01-13 00:00:00+00:00,ETHUSDT,0.9198593843414223
2025-01-14 00:00:00+00:00,ETHUSDT,0.5938336275980051
2025-01-15 00:00:00+00:00,ETHUSDT,0.82185377334844
2025-01-16 00:00:00+00:00,ETHUSDT,0.7911351483439842
2025-01-17 00:00:00+00:00,ETHUSDT,0.7822912955421802
2025-01-18 00:00:00+00:00,ETHUSDT,0.8805603333021578
2025-01-19 00:00:00+00:00,ETHUSDT,1.4987917396691361
2025-01-20 00:00:00+00:00,ETHUSDT,1.324464081461089
2025-01-21 00:00:00+00:00,ETHUSDT,0.5996268628362361
2025-01-22 00:00:00+00:00,ETHUSDT,0.5174839188533924
2025-01-23 00:00:00+00:00,ETHUSDT,0.7817013847569413
2025-01-24 00:00:00+00:00,ETHUSDT,0.7334838392498808
2025-01-25 00:00:00+00:00,ETHUSDT,0.38243528825832535
2025-01-26 00:00:00+00:00,ETHUSDT,0.49438800578143455
2025-01-27 00:00:00+00:00,ETHUSDT,0.9336787469863754
2025-01-28 00:00:00+00:00,ETHUSDT,0.6015092755465327
2025-01-29 00:00:00+00:00,ETHUSDT,0.43578264210733275
2025-01-30 00:00:00+00:00,ETHUSDT,0.5520278559567589
2025-01-31 00:00:00+00:00,ETHUSDT,0.889843669756445
2025-02-01 00:00:00+00:00,ETHUSDT,0.5094635620344427
2025-02-02 00:00:00+00:00,ETHUSDT,0.8920351651082841
2025-02-03 00:00:00+00:00,ETHUSDT,3.145379967401173
2025-02-04 00:00:00+00:00,ETHUSDT,1.561583911380497
2025-02-05 00:00:00+00:00,ETHUSDT,0.9151013822583697
2025-02-06 00:00:00+00:00,ETHUSDT,0.7575306201113547
2025-02-07 00:00:00+00:00,ETHUSDT,0.9139915776233213
2025-02-08 00:00:00+00:00,ETHUSDT,0.4473864245692372
2025-02-09 00:00:00+00:00,ETHUSDT,0.9974148995859287
2025-02-10 00:00:00+00:00,ETHUSDT,0.7776127042508462
2025-02-11 00:00:00+00:00,ETHUSDT,0.8152264708122041
2025-02-12 00:00:00+00:00,ETHUSDT,0.714571116010583
2025-02-13 00:00:00+00:00,ETHUSDT,0.5233609162177213
2025-02-14 00:00:00+00:00,ETHUSDT,0.5307547352339592
2025-02-15 00:00:00+00:00,ETHUSDT,0.3161994626183272
2025-02-16 00:00:00+00:00,ETHUSDT,0.34020314079478875
2025-02-17 00:00:00+00:00,ETHUSDT,0.931171831403592
2025-02-18 00:00:00+00:00,ETHUSDT,0.6302827614622382
2025-02-19 00:00:00+00:00,ETHUSDT,0.5046067550431987
2025-02-20 00:00:00+00:00,ETHUSDT,0.41603238646982144
2025-02-21 00:00:00+00:00,ETHUSDT,0.9687052471208274
2025-02-22 00:00:00+00:00,ETHUSDT,0.4550141523523979
2025-02-23 00:00:00+00:00,ETHUSDT,0.47331589093746984
2025-02-24 00:00:00+00:00,ETHUSDT,1.1316104135584937
2025-02-25 00:00:00+00:00,ETHUSDT,1.2808724818705874
2025-02-26 00:00:00+00:00,ETHUSDT,1.009089624462914
2025-02-27 00:00:00+00:00,ETHUSDT,0.8240286238624326
2025-02-28 00:00:00+00:00,ETHUSDT,1.2810244785244937
2025-03-01 00:00:00+00:00,ETHUSDT,0.7713154781461719
2025-03-02 00:00:00+00:00,ETHUSDT,1.9138626201866165
2025-03-03 00:00:00+00:00,ETHUSDT,1.6635879572523142
2025-03-04 00:00:00+00:00,ETHUSDT,1.2466033125053366
2025-03-05 00:00:00+00:00,ETHUSDT,0.6278908585527772
2025-03-06 00:00:00+00:00,ETHUSDT,0.7885638697692771
2025-03-07 00:00:00+00:00,ETHUSDT,1.2602220890225704
2025-03-08 00:00:00+00:00,ETHUSDT,0.5124922307583077
2025-03-09 00:00:00+00:00,ETHUSDT,0.7903139404110578
2025-03-10 00:00:00+00:00,ETHUSDT,1.7235550590547173
2025-03-11 00:00:00+00:00,ETHUSDT,1.2569275698689637
2025-03-12 00:00:00+00:00,ETHUSDT,0.975225773182907
2025-03-13 00:00:00+00:00,ETHUSDT,0.7470541334996041
2025-03-14 00:00:00+00:00,ETHUSDT,0.3421024406061248
2025-03-15 00:00:00+00:00,ETHUSDT,0.3117093435640786
2025-03-16 00:00:00+00:00,ETHUSDT,0.5641700491612567
2025-03-17 00:00:00+00:00,ETHUSDT,0.44939013124113986
2025-03-18 00:00:00+00:00,ETHUSDT,0.5137910951107421
2025-03-19 00:00:00+00:00,ETHUSDT,0.8055254594767134
2025-03-20 00:00:00+00:00,ETHUSDT,0.5984911242469655
2025-03-21 00:00:00+00:00,ETHUSDT,0.3549672373169692
2025-03-22 00:00:00+00:00,ETHUSDT,0.26499031783777577
2025-03-23 00:00:00+00:00,ETHUSDT,0.35665451389919967
2025-03-24 00:00:00+00:00,ETHUSDT,0.5385805486968555
2025-03-25 00:00:00+00:00,ETHUSDT,0.4401474737212795
2025-03-26 00:00:00+00:00,ETHUSDT,0.5298228195344235
2025-03-27 00:00:00+00:00,ETHUSDT,0.43718336994674867
2025-03-28 00:00:00+00:00,ETHUSDT,0.7562782852072507
2025-03-29 00:00:00+00:00,ETHUSDT,0.4828435236983655
2025-03-30 00:00:00+00:00,ETHUSDT,0.5364363226905777
2025-03-31 00:00:00+00:00,ETHUSDT,0.6937780888814793
2025-04-01 00:00:00+00:00,ETHUSDT,0.6032566638775074
2025-04-02 00:00:00+00:00,ETHUSDT,0.9662726510576647
2025-04-03 00:00:00+00:00,ETHUSDT,0.8264830045998272
2025-04-04 00:00:00+00:00,ETHUSDT,0.8020706567978184
2025-04-05 00:00:00+00:00,ETHUSDT,0.34840643983471686
2025-04-06 00:00:00+00:00,ETHUSDT,1.2338612936537934
2025-04-07 00:00:00+00:00,ETHUSDT,2.070075202550735
2025-04-08 00:00:00+00:00,ETHUSDT,1.1291514083705871
2025-04-09 00:00:00+00:00,ETHUSDT,1.9550787971915586
2025-04-10 00:00:00+00:00,ETHUSDT,1.0799729330566628
2025-04-11 00:00:00+00:00,ETHUSDT,0.7033756271583214
2025-04-12 00:00:00+00:00,ETHUSDT,0.6221857551807624
2025-04-13 00:00:00+00:00,ETHUSDT,0.9697468536176908
2025-04-14 00:00:00+00:00,ETHUSDT,0.9280119156903619
2025-04-15 00:00:00+00:00,ETHUSDT,0.4449227566726174
2025-04-16 00:00:00+00:00,ETHUSDT,0.9848474539492202
2025-04-17 00:00:00+00:00,ETHUSDT,0.6098113707938416
2025-04-18 00:00:00+00:00,ETHUSDT,0.23074587267711677
2025-04-19 00:00:00+00:00,ETHUSDT,0.3413842757816398
2025-04-20 00:00:00+00:00,ETHUSDT,0.35952323273542014
2025-04-21 00:00:00+00:00,ETHUSDT,0.7346687406974828
2025-04-22 00:00:00+00:00,ETHUSDT,0.9779227402978388
2025-04-23 00:00:00+00:00,ETHUSDT,0.722051933127792
2025-04-24 00:00:00+00:00,ETHUSDT,0.47879664261825894
2025-04-25 00:00:00+00:00,ETHUSDT,0.7470076207186953
2025-04-26 00:00:00+00:00,ETHUSDT,0.38596755868922245
2025-04-27 00:00:00+00:00,ETHUSDT,0.5468463480435717
2025-04-28 00:00:00+00:00,ETHUSDT,0.5961160889278907
2025-04-29 00:00:00+00:00,ETHUSDT,0.4701987119513762
2025-04-30 00:00:00+00:00,ETHUSDT,0.7135581969797509
2025-05-01 00:00:00+00:00,ETHUSDT,0.5496248188718477
2025-05-02 00:00:00+00:00,ETHUSDT,0.4293595093844104
2025-05-03 00:00:00+00:00,ETHUSDT,0.2873148905667269
2025-05-04 00:00:00+00:00,ETHUSDT,0.3341585788654092
2025-05-05 00:00:00+00:00,ETHUSDT,0.48677017173921033
2025-05-06 00:00:00+00:00,ETHUSDT,0.6287073573375007
2025-05-07 00:00:00+00:00,ETHUSDT,0.4821448928355639
2025-05-08 00:00:00+00:00,ETHUSDT,1.0671616735712384
2025-05-09 00:00:00+00:00,ETHUSDT,1.481606325783096
2025-05-10 00:00:00+00:00,ETHUSDT,0.7286590917084231
2025-05-11 00:00:00+00:00,ETHUSDT,0.8561260308668331
2025-05-12 00:00:00+00:00,ETHUSDT,0.9321723867839992
2025-05-13 00:00:00+00:00,ETHUSDT,0.7768006567739155
2025-05-14 00:00:00+00:00,ETHUSDT,0.7210808627341199
2025-05-15 00:00:00+00:00,ETHUSDT,1.0801362035061142
2025-05-16 00:00:00+00:00,ETHUSDT,0.6096714721929889
2025-05-17 00:00:00+00:00,ETHUSDT,0.594676060974195
2025-05-18 00:00:00+00:00,ETHUSDT,1.1178353837863952
2025-05-19 00:00:00+00:00,ETHUSDT,0.975067252765221
2025-05-20 00:00:00+00:00,ETHUSDT,0.7767981124307844
2025-05-21 00:00:00+00:00,ETHUSDT,1.187928508233122
2025-05-22 00:00:00+00:00,ETHUSDT,0.6556469774459572
2025-05-23 00:00:00+00:00,ETHUSDT,1.0052450551475691
2025-05-24 00:00:00+00:00,ETHUSDT,0.35915083671515957
2025-05-25 00:00:00+00:00,ETHUSDT,0.5648141145612726
2025-05-26 00:00:00+00:00,ETHUSDT,0.44330635791941164
2025-05-27 00:00:00+00:00,ETHUSDT,0.5289331003338738
2025-05-28 00:00:00+00:00,ETHUSDT,0.5634764320443064
2025-05-29 00:00:00+00:00,ETHUSDT,0.778577103572359
2025-05-30 00:00:00+00:00,ETHUSDT,0.8999035212059578
2025-05-31 00:00:00+00:00,ETHUSDT,0.42296220716842564
2025-06-01 00:00:00+00:00,ETHUSDT,0.3880314114462444
2025-06-02 00:00:00+00:00,ETHUSDT,0.49875192576851873
2025-06-03 00:00:00+00:00,ETHUSDT,0.5979752633417502
2025-06-04 00:00:00+00:00,ETHUSDT,0.49146264647475235
2025-06-05 00:00:00+00:00,ETHUSDT,1.261569840238803
2025-06-06 00:00:00+00:00,ETHUSDT,0.43218849545965726
2025-06-07 00:00:00+00:00,ETHUSDT,0.2774065720280815
2025-06-08 00:00:00+00:00,ETHUSDT,0.3590814622598014
2025-06-09 00:00:00+00:00,ETHUSDT,0.6031100296594315
2025-06-10 00:00:00+00:00,ETHUSDT,0.7169557346374478
2025-06-11 00:00:00+00:00,ETHUSDT,0.6690469292319667
2025-06-12 00:00:00+00:00,ETHUSDT,0.7529465262770065
2025-06-13 00:00:00+00:00,ETHUSDT,1.0764948581829252
2025-06-14 00:00:00+00:00,ETHUSDT,0.3465670765114167
2025-06-15 00:00:00+00:00,ETHUSDT,0.4927866854392188
2025-06-16 00:00:00+00:00,ETHUSDT,0.8076408674407575
2025-06-17 00:00:00+00:00,ETHUSDT,0.7879276158171094
2025-06-18 00:00:00+00:00,ETHUSDT,0.5704943756522436
2025-06-19 00:00:00+00:00,ETHUSDT,0.3424592909734123
2025-06-20 00:00:00+00:00,ETHUSDT,0.7565095546226185
2025-06-21 00:00:00+00:00,ETHUSDT,1.1119492891647942
2025-06-22 00:00:00+00:00,ETHUSDT,1.0689122369254147
2025-06-23 00:00:00+00:00,ETHUSDT,0.9517803374798289
2025-06-24 00:00:00+00:00,ETHUSDT,0.6196319971255183
2025-06-25 00:00:00+00:00,ETHUSDT,0.41436633246915006
2025-06-26 00:00:00+00:00,ETHUSDT,0.5889345173260703
2025-06-27 00:00:00+00:00,ETHUSDT,0.5180729405753596
2025-06-28 00:00:00+00:00,ETHUSDT,0.18932018166124212
2025-06-29 00:00:00+00:00,ETHUSDT,0.6035555949632149
2025-06-30 00:00:00+00:00,ETHUSDT,0.6458172624603473
2025-07-01 00:00:00+00:00,ETHUSDT,
2020-08-12 00:00:00+00:00,SOLUSDT,3.0005299822853977
2020-08-13 00:00:00+00:00,SOLUSDT,2.9327143639042546
2020-08-14 00:00:00+00:00,SOLUSDT,1.865270163974403
2020-08-15 00:00:00+00:00,SOLUSDT,2.3876052555892504
2020-08-16 00:00:00+00:00,SOLUSDT,1.3956901028099522
2020-08-17 00:00:00+00:00,SOLUSDT,1.182788914020213
2020-08-18 00:00:00+00:00,SOLUSDT,3.51440546736681
2020-08-19 00:00:00+00:00,SOLUSDT,2.3572877772462895
2020-08-20 00:00:00+00:00,SOLUSDT,1.9110020455229308
2020-08-21 00:00:00+00:00,SOLUSDT,1.3970854078176136
2020-08-22 00:00:00+00:00,SOLUSDT,1.7583999415686062
2020-08-23 00:00:00+00:00,SOLUSDT,2.4471271767801204
2020-08-24 00:00:00+00:00,SOLUSDT,2.2175864067597346
2020-08-25 00:00:00+00:00,SOLUSDT,1.8214844371682293
2020-08-26 00:00:00+00:00,SOLUSDT,2.3510124956617044
2020-08-27 00:00:00+00:00,SOLUSDT,3.1615201642052093
2020-08-28 00:00:00+00:00,SOLUSDT,2.2221124872793934
2020-08-29 00:00:00+00:00,SOLUSDT,2.04229581929383
2020-08-30 00:00:00+00:00,SOLUSDT,2.3042589851199455
2020-08-31 00:00:00+00:00,SOLUSDT,2.5425817775307333
2020-09-01 00:00:00+00:00,SOLUSDT,1.9902228657495937
2020-09-02 00:00:00+00:00,SOLUSDT,2.216934092024794
2020-09-03 00:00:00+00:00,SOLUSDT,3.4325168533863395
2020-09-04 00:00:00+00:00,SOLUSDT,2.633341433688915
2020-09-05 00:00:00+00:00,SOLUSDT,4.845578996303486
2020-09-06 00:00:00+00:00,SOLUSDT,4.416270619613145
2020-09-07 00:00:00+00:00,SOLUSDT,3.573710030501445
2020-09-08 00:00:00+00:00,SOLUSDT,2.2815143613076394
2020-09-09 00:00:00+00:00,SOLUSDT,5.971607005386966
2020-09-10 00:00:00+00:00,SOLUSDT,3.1378460908605152
2020-09-11 00:00:00+00:00,SOLUSDT,2.0785646277068275
2020-09-12 00:00:00+00:00,SOLUSDT,1.485291218675074
2020-09-13 00:00:00+00:00,SOLUSDT,2.0323920925876235
2020-09-14 00:00:00+00:00,SOLUSDT,1.971465606975563
2020-09-15 00:00:00+00:00,SOLUSDT,1.4015075380448672
2020-09-16 00:00:00+00:00,SOLUSDT,3.590210353009604
2020-09-17 00:00:00+00:00,SOLUSDT,2.139066561830393
2020-09-18 00:00:00+00:00,SOLUSDT,2.2286425170986415
2020-09-19 00:00:00+00:00,SOLUSDT,1.3486341091773952
2020-09-20 00:00:00+00:00,SOLUSDT,1.4240330828433825
2020-09-21 00:00:00+00:00,SOLUSDT,2.486940572070786
2020-09-22 00:00:00+00:00,SOLUSDT,1.9647722835140702
2020-09-23 00:00:00+00:00,SOLUSDT,2.1477160900257664
2020-09-24 00:00:00+00:00,SOLUSDT,1.4089929520599058
2020-09-25 00:00:00+00:00,SOLUSDT,1.3466224881689546
2020-09-26 00:00:00+00:00,SOLUSDT,1.151563791052263
2020-09-27 00:00:00+00:00,SOLUSDT,0.8974266924531105
2020-09-28 00:00:00+00:00,SOLUSDT,0.6824083263653722
2020-09-29 00:00:00+00:00,SOLUSDT,1.0878336262660837
2020-09-30 00:00:00+00:00,SOLUSDT,0.7983461738727212
2020-10-01 00:00:00+00:00,SOLUSDT,1.36947678103651
2020-10-02 00:00:00+00:00,SOLUSDT,1.9500708052367102
2020-10-03 00:00:00+00:00,SOLUSDT,0.6067543295279761
2020-10-04 00:00:00+00:00,SOLUSDT,0.7710907892818036
2020-10-05 00:00:00+00:00,SOLUSDT,0.9585822524812496
2020-10-06 00:00:00+00:00,SOLUSDT,1.27388675196332
2020-10-07 00:00:00+00:00,SOLUSDT,1.6391963198793487
2020-10-08 00:00:00+00:00,SOLUSDT,2.0467459343799876
2020-10-09 00:00:00+00:00,SOLUSDT,1.5505250408405826
2020-10-10 00:00:00+00:00,SOLUSDT,1.107353320931471
2020-10-11 00:00:00+00:00,SOLUSDT,0.9072229030454938
2020-10-12 00:00:00+00:00,SOLUSDT,1.4090326061000198
2020-10-13 00:00:00+00:00,SOLUSDT,1.0901319274778172
2020-10-14 00:00:00+00:00,SOLUSDT,1.0700318636067052
2020-10-15 00:00:00+00:00,SOLUSDT,1.0423000408475476
2020-10-16 00:00:00+00:00,SOLUSDT,1.1823171348865653
2020-10-17 00:00:00+00:00,SOLUSDT,0.6570622057075035
2020-10-18 00:00:00+00:00,SOLUSDT,0.6599751966095286
2020-10-19 00:00:00+00:00,SOLUSDT,1.0699043444208947
2020-10-20 00:00:00+00:00,SOLUSDT,1.7766078178547067
2020-10-21 00:00:00+00:00,SOLUSDT,1.2832046074648504
2020-10-22 00:00:00+00:00,SOLUSDT,1.038565736141098
2020-10-23 00:00:00+00:00,SOLUSDT,1.1391843421036554
2020-10-24 00:00:00+00:00,SOLUSDT,0.8028578801835149
2020-10-25 00:00:00+00:00,SOLUSDT,0.9225413892257115
2020-10-26 00:00:00+00:00,SOLUSDT,1.8891631672111615
2020-10-27 00:00:00+00:00,SOLUSDT,1.3558990070821606
2020-10-28 00:00:00+00:00,SOLUSDT,1.7242145964594273
2020-10-29 00:00:00+00:00,SOLUSDT,1.3354598419513353
2020-10-30 00:00:00+00:00,SOLUSDT,1.4556359045344345
2020-10-31 00:00:00+00:00,SOLUSDT,0.9065042096939993
2020-11-01 00:00:00+00:00,SOLUSDT,0.9152539339169083
2020-11-02 00:00:00+00:00,SOLUSDT,1.2005245105572726
2020-11-03 00:00:00+00:00,SOLUSDT,0.8210477095064355
2020-11-04 00:00:00+00:00,SOLUSDT,1.5778685090927287
2020-11-05 00:00:00+00:00,SOLUSDT,2.0800104270401376
2020-11-06 00:00:00+00:00,SOLUSDT,2.1844471158624748
2020-11-07 00:00:00+00:00,SOLUSDT,4.98220346792609
2020-11-08 00:00:00+00:00,SOLUSDT,2.2228925305104186
2020-11-09 00:00:00+00:00,SOLUSDT,1.6065402868252556
2020-11-10 00:00:00+00:00,SOLUSDT,1.54678206416087
2020-11-11 00:00:00+00:00,SOLUSDT,1.3526926823889653
2020-11-12 00:00:00+00:00,SOLUSDT,1.5627704040381503
2020-11-13 00:00:00+00:00,SOLUSDT,1.1389106328264893
2020-11-14 00:00:00+00:00,SOLUSDT,1.0732132685771587
2020-11-15 00:00:00+00:00,SOLUSDT,1.6197135660170152
2020-11-16 00:00:00+00:00,SOLUSDT,2.0168509261773915
2020-11-17 00:00:00+00:00,SOLUSDT,1.8526358431035783
2020-11-18 00:00:00+00:00,SOLUSDT,1.1709027012459379
2020-11-19 00:00:00+00:00,SOLUSDT,1.3482625206136285
2020-11-20 00:00:00+00:00,SOLUSDT,1.0772770505609492
2020-11-21 00:00:00+00:00,SOLUSDT,2.1240820428300076
2020-11-22 00:00:00+00:00,SOLUSDT,2.4815651452030525
2020-11-23 00:00:00+00:00,SOLUSDT,1.7426499818081531
2020-11-24 00:00:00+00:00,SOLUSDT,2.5376406832563427
2020-11-25 00:00:00+00:00,SOLUSDT,2.237522653588093
2020-11-26 00:00:00+00:00,SOLUSDT,2.9442088903450596
2020-11-27 00:00:00+00:00,SOLUSDT,1.9482719595679665
2020-11-28 00:00:00+00:00,SOLUSDT,1.0507530872509863
2020-11-29 00:00:00+00:00,SOLUSDT,0.9163444808825267
2020-11-30 00:00:00+00:00,SOLUSDT,
2020-12-01 00:00:00+00:00,SOLUSDT,1.8020923383030696
2020-12-02 00:00:00+00:00,SOLUSDT,1.3144318996269844
2020-12-03 00:00:00+00:00,SOLUSDT,0.9488176155234904
2020-12-04 00:00:00+00:00,SOLUSDT,1.3489645335437814
2020-12-05 00:00:00+00:00,SOLUSDT,0.8754565971178522
2020-12-06 00:00:00+00:00,SOLUSDT,0.7782244789108654
2020-12-07 00:00:00+00:00,SOLUSDT,0.8888542680850431
2020-12-08 00:00:00+00:00,SOLUSDT,1.5385201527850174
2020-12-09 00:00:00+00:00,SOLUSDT,1.560166411233176
2020-12-10 00:00:00+00:00,SOLUSDT,1.1714050190047711
2020-12-11 00:00:00+00:00,SOLUSDT,1.174639430506437
2020-12-12 00:00:00+00:00,SOLUSDT,1.2634444032684689
2020-12-13 00:00:00+00:00,SOLUSDT,1.17609574897551
2020-12-14 00:00:00+00:00,SOLUSDT,0.9807464433815589
2020-12-15 00:00:00+00:00,SOLUSDT,1.93041660830289
2020-12-16 00:00:00+00:00,SOLUSDT,1.725149837504902
2020-12-17 00:00:00+00:00,SOLUSDT,1.3944198984941805
2020-12-18 00:00:00+00:00,SOLUSDT,0.9164602403638977
2020-12-19 00:00:00+00:00,SOLUSDT,0.8551744318326748
2020-12-20 00:00:00+00:00,SOLUSDT,1.198651895138976
2020-12-21 00:00:00+00:00,SOLUSDT,
2020-12-22 00:00:00+00:00,SOLUSDT,1.2895006368740618
2020-12-23 00:00:00+00:00,SOLUSDT,1.982177611559097
2020-12-24 00:00:00+00:00,SOLUSDT,2.1209331507297846
2020-12-25 00:00:00+00:00,SOLUSDT,
2020-12-26 00:00:00+00:00,SOLUSDT,1.0334327005027244
2020-12-27 00:00:00+00:00,SOLUSDT,1.6111666417048927
2020-12-28 00:00:00+00:00,SOLUSDT,1.3598815842030378
2020-12-29 00:00:00+00:00,SOLUSDT,2.489351308159174
2020-12-30 00:00:00+00:00,SOLUSDT,1.1822895823642872
2020-12-31 00:00:00+00:00,SOLUSDT,1.4225695454006435
2021-01-01 00:00:00+00:00,SOLUSDT,1.6264959305617288
2021-01-02 00:00:00+00:00,SOLUSDT,2.7204754998523284
2021-01-03 00:00:00+00:00,SOLUSDT,3.2643618590532735
2021-01-04 00:00:00+00:00,SOLUSDT,3.7559055078159154
2021-01-05 00:00:00+00:00,SOLUSDT,3.1700823008947316
2021-01-06 00:00:00+00:00,SOLUSDT,2.0151723276820284
2021-01-07 00:00:00+00:00,SOLUSDT,5.434215975134336
2021-01-08 00:00:00+00:00,SOLUSDT,5.168212776983654
2021-01-09 00:00:00+00:00,SOLUSDT,3.2782006689288163
2021-01-10 00:00:00+00:00,SOLUSDT,2.5765083635147024
2021-01-11 00:00:00+00:00,SOLUSDT,3.236246371086507
2021-01-12 00:00:00+00:00,SOLUSDT,3.0283427365404703
2021-01-13 00:00:00+00:00,SOLUSDT,2.2940623034685057
2021-01-14 00:00:00+00:00,SOLUSDT,1.8849859682818801
2021-01-15 00:00:00+00:00,SOLUSDT,1.865725233979151
2021-01-16 00:00:00+00:00,SOLUSDT,2.0564961664730066
2021-01-17 00:00:00+00:00,SOLUSDT,2.73801897038663
2021-01-18 00:00:00+00:00,SOLUSDT,1.5482671726711144
2021-01-19 00:00:00+00:00,SOLUSDT,1.240109199175318
2021-01-20 00:00:00+00:00,SOLUSDT,1.79312906142756
2021-01-21 00:00:00+00:00,SOLUSDT,1.3413503759534144
2021-01-22 00:00:00+00:00,SOLUSDT,2.9454343079150473
2021-01-23 00:00:00+00:00,SOLUSDT,0.9875432781735786
2021-01-24 00:00:00+00:00,SOLUSDT,1.1963454823669302
2021-01-25 00:00:00+00:00,SOLUSDT,2.055998286797256
2021-01-26 00:00:00+00:00,SOLUSDT,2.2229754357617058
2021-01-27 00:00:00+00:00,SOLUSDT,1.4253595069055576
2021-01-28 00:00:00+00:00,SOLUSDT,0.8115492969129618
2021-01-29 00:00:00+00:00,SOLUSDT,1.1593134661090616
2021-01-30 00:00:00+00:00,SOLUSDT,1.167438277435715
2021-01-31 00:00:00+00:00,SOLUSDT,1.8860849697540623
2021-02-01 00:00:00+00:00,SOLUSDT,1.6623792263497874
2021-02-02 00:00:00+00:00,SOLUSDT,2.4264573242203427
2021-02-03 00:00:00+00:00,SOLUSDT,1.3453124388430187
2021-02-04 00:00:00+00:00,SOLUSDT,1.6030368668465855
2021-02-05 00:00:00+00:00,SOLUSDT,1.249249980332882
2021-02-06 00:00:00+00:00,SOLUSDT,2.50476008938357
2021-02-07 00:00:00+00:00,SOLUSDT,2.2926297138915266
2021-02-08 00:00:00+00:00,SOLUSDT,1.8996830581854751
2021-02-09 00:00:00+00:00,SOLUSDT,2.1291412089925874
2021-02-10 00:00:00+00:00,SOLUSDT,2.1502326291997864
2021-02-11 00:00:00+00:00,SOLUSDT,
2021-02-12 00:00:00+00:00,SOLUSDT,1.4392243101145403
2021-02-13 00:00:00+00:00,SOLUSDT,1.1412237599057984
2021-02-14 00:00:00+00:00,SOLUSDT,1.5243396333258197
2021-02-15 00:00:00+00:00,SOLUSDT,2.129385525337486
2021-02-16 00:00:00+00:00,SOLUSDT,1.2748706505309177
2021-02-17 00:00:00+00:00,SOLUSDT,1.549373972170572
2021-02-18 00:00:00+00:00,SOLUSDT,1.585949277663708
2021-02-19 00:00:00+00:00,SOLUSDT,2.9200534240368525
2021-02-20 00:00:00+00:00,SOLUSDT,1.662747462047395
2021-02-21 00:00:00+00:00,SOLUSDT,1.6865648934523125
2021-02-22 00:00:00+00:00,SOLUSDT,3.582089940814457
2021-02-23 00:00:00+00:00,SOLUSDT,5.189017982902179
2021-02-24 00:00:00+00:00,SOLUSDT,2.00998842702233
2021-02-25 00:00:00+00:00,SOLUSDT,1.9145081142371938
2021-02-26 00:00:00+00:00,SOLUSDT,2.588496713281917
2021-02-27 00:00:00+00:00,SOLUSDT,2.2406001479154942
2021-02-28 00:00:00+00:00,SOLUSDT,2.667239664810554
2021-03-01 00:00:00+00:00,SOLUSDT,2.2371589516589814
2021-03-02 00:00:00+00:00,SOLUSDT,1.544707297597538
2021-03-03 00:00:00+00:00,SOLUSDT,1.3281190362508468
2021-03-04 00:00:00+00:00,SOLUSDT,1.1387346177259043
2021-03-05 00:00:00+00:00,SOLUSDT,1.3261630367084354
2021-03-06 00:00:00+00:00,SOLUSDT,
2021-03-07 00:00:00+00:00,SOLUSDT,1.2544391529935355
2021-03-08 00:00:00+00:00,SOLUSDT,0.8145043447433528
2021-03-09 00:00:00+00:00,SOLUSDT,1.308858331057927
2021-03-10 00:00:00+00:00,SOLUSDT,0.9177009574327245
2021-03-11 00:00:00+00:00,SOLUSDT,2.010186750008986
2021-03-12 00:00:00+00:00,SOLUSDT,1.2529731212348265
2021-03-13 00:00:00+00:00,SOLUSDT,1.0846789584475072
2021-03-14 00:00:00+00:00,SOLUSDT,1.0079127880741185
2021-03-15 00:00:00+00:00,SOLUSDT,0.9814751202249339
2021-03-16 00:00:00+00:00,SOLUSDT,0.9710877681770029
2021-03-17 00:00:00+00:00,SOLUSDT,1.1178163464435664
2021-03-18 00:00:00+00:00,SOLUSDT,0.7645100761834003
2021-03-19 00:00:00+00:00,SOLUSDT,0.5531185618692883
2021-03-20 00:00:00+00:00,SOLUSDT,0.6855559222546296
2021-03-21 00:00:00+00:00,SOLUSDT,0.7479659342238049
2021-03-22 00:00:00+00:00,SOLUSDT,1.5811867353328724
2021-03-23 00:00:00+00:00,SOLUSDT,1.2113916453605367
2021-03-24 00:00:00+00:00,SOLUSDT,1.2271536706186015
2021-03-25 00:00:00+00:00,SOLUSDT,1.4424879489594176
2021-03-26 00:00:00+00:00,SOLUSDT,2.1499121705304427
2021-03-27 00:00:00+00:00,SOLUSDT,1.352225406921278
2021-03-28 00:00:00+00:00,SOLUSDT,1.7765941117492925
2021-03-29 00:00:00+00:00,SOLUSDT,1.2342440293811634
2021-03-30 00:00:00+00:00,SOLUSDT,1.2803840429344948
2021-03-31 00:00:00+00:00,SOLUSDT,1.1717861775592517
2021-04-01 00:00:00+00:00,SOLUSDT,0.8560042714556675
2021-04-02 00:00:00+00:00,SOLUSDT,0.6746817702767681
2021-04-03 00:00:00+00:00,SOLUSDT,2.553745465794862
2021-04-04 00:00:00+00:00,SOLUSDT,1.779083152273414
2021-04-05 00:00:00+00:00,SOLUSDT,1.5495435410134022
2021-04-06 00:00:00+00:00,SOLUSDT,1.5018298506347036
2021-04-07 00:00:00+00:00,SOLUSDT,2.3066301173498
2021-04-08 00:00:00+00:00,SOLUSDT,1.499359052196625
2021-04-09 00:00:00+00:00,SOLUSDT,1.140375935022285
2021-04-10 00:00:00+00:00,SOLUSDT,0.9936628169006801
2021-04-11 00:00:00+00:00,SOLUSDT,1.0504336166278327
2021-04-12 00:00:00+00:00,SOLUSDT,1.819442543697877
2021-04-13 00:00:00+00:00,SOLUSDT,1.055501077942348
2021-04-14 00:00:00+00:00,SOLUSDT,1.3528835945459752
2021-04-15 00:00:00+00:00,SOLUSDT,1.1616697109029255
2021-04-16 00:00:00+00:00,SOLUSDT,1.392427600823077
2021-04-17 00:00:00+00:00,SOLUSDT,1.102388033097509
2021-04-18 00:00:00+00:00,SOLUSDT,3.9328494850150872
2021-04-19 00:00:00+00:00,SOLUSDT,3.98854970887246
2021-04-20 00:00:00+00:00,SOLUSDT,
2021-04-21 00:00:00+00:00,SOLUSDT,2.452125671902993
2021-04-22 00:00:00+00:00,SOLUSDT,3.1598520964043613
2021-04-23 00:00:00+00:00,SOLUSDT,3.832543740338812
2021-04-24 00:00:00+00:00,SOLUSDT,2.2308920677062987
2021-04-25 00:00:00+00:00,SOLUSDT,
2021-04-26 00:00:00+00:00,SOLUSDT,1.6886653391519666
2021-04-27 00:00:00+00:00,SOLUSDT,1.3245063556771302
2021-04-28 00:00:00+00:00,SOLUSDT,1.6901076483258455
2021-04-29 00:00:00+00:00,SOLUSDT,1.4114457646762562
2021-04-30 00:00:00+00:00,SOLUSDT,0.9443537171555865
2021-05-01 00:00:00+00:00,SOLUSDT,1.479394290948406
2021-05-02 00:00:00+00:00,SOLUSDT,1.3402281030729064
2021-05-03 00:00:00+00:00,SOLUSDT,0.9421087569784815
2021-05-04 00:00:00+00:00,SOLUSDT,1.6938092306142534
2021-05-05 00:00:00+00:00,SOLUSDT,1.2038166185381705
2021-05-06 00:00:00+00:00,SOLUSDT,0.8748022267121687
2021-05-07 00:00:00+00:00,SOLUSDT,1.5761871685075326
2021-05-08 00:00:00+00:00,SOLUSDT,1.443026704804571
2021-05-09 00:00:00+00:00,SOLUSDT,1.3880966595116386
2021-05-10 00:00:00+00:00,SOLUSDT,1.2111560469038778
2021-05-11 00:00:00+00:00,SOLUSDT,1.5786744880647556
2021-05-12 00:00:00+00:00,SOLUSDT,3.080891083319266
2021-05-13 00:00:00+00:00,SOLUSDT,2.405769640787176
2021-05-14 00:00:00+00:00,SOLUSDT,1.7821857361224678
2021-05-15 00:00:00+00:00,SOLUSDT,1.890199995657197
2021-05-16 00:00:00+00:00,SOLUSDT,3.217200144237254
2021-05-17 00:00:00+00:00,SOLUSDT,3.681051997339383
2021-05-18 00:00:00+00:00,SOLUSDT,2.955597693507094
2021-05-19 00:00:00+00:00,SOLUSDT,6.6302523091900625
2021-05-20 00:00:00+00:00,SOLUSDT,3.406814710961347
2021-05-21 00:00:00+00:00,SOLUSDT,3.6624967382732776
2021-05-22 00:00:00+00:00,SOLUSDT,2.4483272742822306
2021-05-23 00:00:00+00:00,SOLUSDT,5.347978997570025
2021-05-24 00:00:00+00:00,SOLUSDT,3.2609877007077515
2021-05-25 00:00:00+00:00,SOLUSDT,2.766383374182626
2021-05-26 00:00:00+00:00,SOLUSDT,2.7447934995101533
2021-05-27 00:00:00+00:00,SOLUSDT,2.4253733615490107
2021-05-28 00:00:00+00:00,SOLUSDT,2.6901722531580012
2021-05-29 00:00:00+00:00,SOLUSDT,1.8711511341322977
2021-05-30 00:00:00+00:00,SOLUSDT,1.9539189124390528
2021-05-31 00:00:00+00:00,SOLUSDT,2.058644865982697
2021-06-01 00:00:00+00:00,SOLUSDT,1.7215382520787623
2021-06-02 00:00:00+00:00,SOLUSDT,1.0076435436810478
2021-06-03 00:00:00+00:00,SOLUSDT,1.6175870147592692
2021-06-04 00:00:00+00:00,SOLUSDT,2.0067933553195867
2021-06-05 00:00:00+00:00,SOLUSDT,2.588727885287936
2021-06-06 00:00:00+00:00,SOLUSDT,1.6076763119592763
2021-06-07 00:00:00+00:00,SOLUSDT,1.7505680741767011
2021-06-08 00:00:00+00:00,SOLUSDT,2.8486974053427216
2021-06-09 00:00:00+00:00,SOLUSDT,1.4301612815032876
2021-06-10 00:00:00+00:00,SOLUSDT,1.2879093779750934
2021-06-11 00:00:00+00:00,SOLUSDT,1.33692713393576
2021-06-12 00:00:00+00:00,SOLUSDT,1.1919152041230923
2021-06-13 00:00:00+00:00,SOLUSDT,1.4893840265091733
2021-06-14 00:00:00+00:00,SOLUSDT,1.3863428790132777
2021-06-15 00:00:00+00:00,SOLUSDT,1.2532009284252763
2021-06-16 00:00:00+00:00,SOLUSDT,1.4392441239479814
2021-06-17 00:00:00+00:00,SOLUSDT,1.130159978518495
2021-06-18 00:00:00+00:00,SOLUSDT,1.3002641977293434
2021-06-19 00:00:00+00:00,SOLUSDT,0.8076271770929991
2021-06-20 00:00:00+00:00,SOLUSDT,1.4604775963697014
2021-06-21 00:00:00+00:00,SOLUSDT,2.851341656220248
2021-06-22 00:00:00+00:00,SOLUSDT,4.872230595445315
2021-06-23 00:00:00+00:00,SOLUSDT,3.074735628745422
2021-06-24 00:00:00+00:00,SOLUSDT,1.8124212570799263
2021-06-25 00:00:00+00:00,SOLUSDT,1.6322874222345665
2021-06-26 00:00:00+00:00,SOLUSDT,2.281619268111952
2021-06-27 00:00:00+00:00,SOLUSDT,1.3094835654047308
2021-06-28 00:00:00+00:00,SOLUSDT,1.808070104420321
2021-06-29 00:00:00+00:00,SOLUSDT,1.1531295646564494
2021-06-30 00:00:00+00:00,SOLUSDT,1.6804251820283944
2021-07-01 00:00:00+00:00,SOLUSDT,1.6750770379662063
2021-07-02 00:00:00+00:00,SOLUSDT,1.2980701188439447
2021-07-03 00:00:00+00:00,SOLUSDT,0.9231583675259055
2021-07-04 00:00:00+00:00,SOLUSDT,1.0706179740166484
2021-07-05 00:00:00+00:00,SOLUSDT,1.0153015759963364
2021-07-06 00:00:00+00:00,SOLUSDT,1.1126870549250312
2021-07-07 00:00:00+00:00,SOLUSDT,1.1203970448821152
2021-07-08 00:00:00+00:00,SOLUSDT,1.5069143955292932
2021-07-09 00:00:00+00:00,SOLUSDT,1.2476205572863475
2021-07-10 00:00:00+00:00,SOLUSDT,0.8331879937214002
2021-07-11 00:00:00+00:00,SOLUSDT,0.5882799355206697
2021-07-12 00:00:00+00:00,SOLUSDT,0.6692310827017383
2021-07-13 00:00:00+00:00,SOLUSDT,1.1052076191028917
2021-07-14 00:00:00+00:00,SOLUSDT,1.5936409681969292
2021-07-15 00:00:00+00:00,SOLUSDT,1.2090123289224386
2021-07-16 00:00:00+00:00,SOLUSDT,1.2022557084454553
2021-07-17 00:00:00+00:00,SOLUSDT,1.0043791491286769
2021-07-18 00:00:00+00:00,SOLUSDT,0.9875319830707814
2021-07-19 00:00:00+00:00,SOLUSDT,0.9820670205592799
2021-07-20 00:00:00+00:00,SOLUSDT,1.4421845230362156
2021-07-21 00:00:00+00:00,SOLUSDT,1.6290408506549887
2021-07-22 00:00:00+00:00,SOLUSDT,1.409114071264012
2021-07-23 00:00:00+00:00,SOLUSDT,1.246051034929212
2021-07-24 00:00:00+00:00,SOLUSDT,1.2184433581825516
2021-07-25 00:00:00+00:00,SOLUSDT,1.290230397648111
2021-07-26 00:00:00+00:00,SOLUSDT,1.8581174192250398
2021-07-27 00:00:00+00:00,SOLUSDT,1.2522410272434983
2021-07-28 00:00:00+00:00,SOLUSDT,1.2905437864753588
2021-07-29 00:00:00+00:00,SOLUSDT,1.0932045589171313
2021-07-30 00:00:00+00:00,SOLUSDT,1.5775984166100272
2021-07-31 00:00:00+00:00,SOLUSDT,1.4632911597101288
2021-08-01 00:00:00+00:00,SOLUSDT,0.8557529238070932
2021-08-02 00:00:00+00:00,SOLUSDT,1.1260631619738481
2021-08-03 00:00:00+00:00,SOLUSDT,1.0736332894326346
2021-08-04 00:00:00+00:00,SOLUSDT,0.9858163832816249
2021-08-05 00:00:00+00:00,SOLUSDT,0.9292838065506114
2021-08-06 00:00:00+00:00,SOLUSDT,1.128577679730137
2021-08-07 00:00:00+00:00,SOLUSDT,0.9624530552379301
2021-08-08 00:00:00+00:00,SOLUSDT,1.198981162389358
2021-08-09 00:00:00+00:00,SOLUSDT,1.0429278640225268
2021-08-10 00:00:00+00:00,SOLUSDT,1.3752422109919167
2021-08-11 00:00:00+00:00,SOLUSDT,0.8645851777980363
2021-08-12 00:00:00+00:00,SOLUSDT,1.6159292523648685
2021-08-13 00:00:00+00:00,SOLUSDT,
2021-08-14 00:00:00+00:00,SOLUSDT,0.8570979149891964
2021-08-15 00:00:00+00:00,SOLUSDT,1.6342487801201586
2021-08-16 00:00:00+00:00,SOLUSDT,2.6207135855845407
2021-08-17 00:00:00+00:00,SOLUSDT,3.5400649046472705
2021-08-18 00:00:00+00:00,SOLUSDT,2.596944062933822
2021-08-19 00:00:00+00:00,SOLUSDT,2.0300737415045442
2021-08-20 00:00:00+00:00,SOLUSDT,1.2388359264052957
2021-08-21 00:00:00+00:00,SOLUSDT,1.0403877372380206
2021-08-22 00:00:00+00:00,SOLUSDT,1.0169546575030495
2021-08-23 00:00:00+00:00,SOLUSDT,0.9307245547251467
2021-08-24 00:00:00+00:00,SOLUSDT,1.465622564529465
2021-08-25 00:00:00+00:00,SOLUSDT,1.777849594193404
2021-08-26 00:00:00+00:00,SOLUSDT,2.191639165025485
2021-08-27 00:00:00+00:00,SOLUSDT,1.812715940885969
2021-08-28 00:00:00+00:00,SOLUSDT,0.9988050232742485
2021-08-29 00:00:00+00:00,SOLUSDT,0.8410299533046965
2021-08-30 00:00:00+00:00,SOLUSDT,2.3815499644729585
2021-08-31 00:00:00+00:00,SOLUSDT,2.3649344766748723
2021-09-01 00:00:00+00:00,SOLUSDT,1.4974861815025111
2021-09-02 00:00:00+00:00,SOLUSDT,1.5399442382060824
2021-09-03 00:00:00+00:00,SOLUSDT,1.9151301457119245
2021-09-04 00:00:00+00:00,SOLUSDT,1.1586427999988773
2021-09-05 00:00:00+00:00,SOLUSDT,1.0111273752319545
2021-09-06 00:00:00+00:00,SOLUSDT,1.497835155572384
2021-09-07 00:00:00+00:00,SOLUSDT,4.899757527419969
2021-09-08 00:00:00+00:00,SOLUSDT,3.297401323198272
2021-09-09 00:00:00+00:00,SOLUSDT,2.821177606794088
2021-09-10 00:00:00+00:00,SOLUSDT,2.1458041419131804
2021-09-11 00:00:00+00:00,SOLUSDT,1.569641361517311
2021-09-12 00:00:00+00:00,SOLUSDT,1.1268333761601277
2021-09-13 00:00:00+00:00,SOLUSDT,2.426856589535427
2021-09-14 00:00:00+00:00,SOLUSDT,1.8593044804757781
2021-09-15 00:00:00+00:00,SOLUSDT,1.425919380232741
2021-09-16 00:00:00+00:00,SOLUSDT,1.3729824372504544
2021-09-17 00:00:00+00:00,SOLUSDT,1.7279615565277837
2021-09-18 00:00:00+00:00,SOLUSDT,1.6752931601905052
2021-09-19 00:00:00+00:00,SOLUSDT,1.1273554544508269
2021-09-20 00:00:00+00:00,SOLUSDT,1.8533914028660452
2021-09-21 00:00:00+00:00,SOLUSDT,2.2219333083666313
2021-09-22 00:00:00+00:00,SOLUSDT,1.5857864957082055
2021-09-23 00:00:00+00:00,SOLUSDT,1.257872269622632
2021-09-24 00:00:00+00:00,SOLUSDT,1.885350838787947
2021-09-25 00:00:00+00:00,SOLUSDT,1.0453862062705326
2021-09-26 00:00:00+00:00,SOLUSDT,1.6124364423649045
2021-09-27 00:00:00+00:00,SOLUSDT,1.743344600367316
2021-09-28 00:00:00+00:00,SOLUSDT,0.9795335672961172
2021-09-29 00:00:00+00:00,SOLUSDT,
2021-09-30 00:00:00+00:00,SOLUSDT,1.0860060394853044
2021-10-01 00:00:00+00:00,SOLUSDT,1.5036338382201053
2021-10-02 00:00:00+00:00,SOLUSDT,1.167501614019512
2021-10-03 00:00:00+00:00,SOLUSDT,1.153399672828123
2021-10-04 00:00:00+00:00,SOLUSDT,1.3386986686629359
2021-10-05 00:00:00+00:00,SOLUSDT,1.0235560574480231
2021-10-06 00:00:00+00:00,SOLUSDT,1.1777191191396121
2021-10-07 00:00:00+00:00,SOLUSDT,1.1813433504588986
2021-10-08 00:00:00+00:00,SOLUSDT,1.4296196482167884
2021-10-09 00:00:00+00:00,SOLUSDT,0.6574206081395015
2021-10-10 00:00:00+00:00,SOLUSDT,0.8731815769622677
2021-10-11 00:00:00+00:00,SOLUSDT,0.8913175813466182
2021-10-12 00:00:00+00:00,SOLUSDT,1.6412390672206973
2021-10-13 00:00:00+00:00,SOLUSDT,0.8325785684597684
2021-10-14 00:00:00+00:00,SOLUSDT,0.6971584685856189
2021-10-15 00:00:00+00:00,SOLUSDT,1.3393670619766254
2021-10-16 00:00:00+00:00,SOLUSDT,0.7975700150064275
2021-10-17 00:00:00+00:00,SOLUSDT,1.2101557919924966
2021-10-18 00:00:00+00:00,SOLUSDT,0.6562707799655132
2021-10-19 00:00:00+00:00,SOLUSDT,0.5305159862562416
2021-10-20 00:00:00+00:00,SOLUSDT,0.9078801039803994
2021-10-21 00:00:00+00:00,SOLUSDT,1.6316805012199336
2021-10-22 00:00:00+00:00,SOLUSDT,1.524057291723276
2021-10-23 00:00:00+00:00,SOLUSDT,1.0225415228618489
2021-10-24 00:00:00+00:00,SOLUSDT,1.1801477797067321
2021-10-25 00:00:00+00:00,SOLUSDT,1.1696979978204922
2021-10-26 00:00:00+00:00,SOLUSDT,0.9418517561912557
2021-10-27 00:00:00+00:00,SOLUSDT,1.2006023801814658
2021-10-28 00:00:00+00:00,SOLUSDT,1.553462689024203
2021-10-29 00:00:00+00:00,SOLUSDT,0.8390377626579182
2021-10-30 00:00:00+00:00,SOLUSDT,0.7399789757889319
2021-10-31 00:00:00+00:00,SOLUSDT,1.0734098399515293
2021-11-01 00:00:00+00:00,SOLUSDT,1.2045188437051437
2021-11-02 00:00:00+00:00,SOLUSDT,1.0313904022161058
2021-11-03 00:00:00+00:00,SOLUSDT,1.626909621320092
2021-11-04 00:00:00+00:00,SOLUSDT,1.4527623250495685
2021-11-05 00:00:00+00:00,SOLUSDT,0.9478777838254661
2021-11-06 00:00:00+00:00,SOLUSDT,1.069288792277797
2021-11-07 00:00:00+00:00,SOLUSDT,0.6651501516621379
2021-11-08 00:00:00+00:00,SOLUSDT,0.9203957208872796
2021-11-09 00:00:00+00:00,SOLUSDT,0.5585583839657806
2021-11-10 00:00:00+00:00,SOLUSDT,1.1422502710005267
2021-11-11 00:00:00+00:00,SOLUSDT,0.7076279074379934
2021-11-12 00:00:00+00:00,SOLUSDT,1.0541871739281046
2021-11-13 00:00:00+00:00,SOLUSDT,0.8144656593990293
2021-11-14 00:00:00+00:00,SOLUSDT,0.5710898110857632
2021-11-15 00:00:00+00:00,SOLUSDT,0.6904718462160877
2021-11-16 00:00:00+00:00,SOLUSDT,1.4289490441522068
2021-11-17 00:00:00+00:00,SOLUSDT,1.1852590391747084
2021-11-18 00:00:00+00:00,SOLUSDT,1.2119046604509693
2021-11-19 00:00:00+00:00,SOLUSDT,1.6457327876344359
2021-11-20 00:00:00+00:00,SOLUSDT,1.103975379104538
2021-11-21 00:00:00+00:00,SOLUSDT,1.1731731094089786
2021-11-22 00:00:00+00:00,SOLUSDT,1.4755090756994986
2021-11-23 00:00:00+00:00,SOLUSDT,1.0934496641442268
2021-11-24 00:00:00+00:00,SOLUSDT,1.0274116322649418
2021-11-25 00:00:00+00:00,SOLUSDT,0.9995400084766343
2021-11-26 00:00:00+00:00,SOLUSDT,1.6308887140553125
2021-11-27 00:00:00+00:00,SOLUSDT,0.8730075982934942
2021-11-28 00:00:00+00:00,SOLUSDT,1.1586589486102579
2021-11-29 00:00:00+00:00,SOLUSDT,0.956997557832657
2021-11-30 00:00:00+00:00,SOLUSDT,1.148879879810811
2021-12-01 00:00:00+00:00,SOLUSDT,1.1202283413162677
2021-12-02 00:00:00+00:00,SOLUSDT,1.3824158322973112
2021-12-03 00:00:00+00:00,SOLUSDT,1.212805064317241
2021-12-04 00:00:00+00:00,SOLUSDT,2.140013435124136
2021-12-05 00:00:00+00:00,SOLUSDT,1.3855849995309444
2021-12-06 00:00:00+00:00,SOLUSDT,1.6820516787721598
2021-12-07 00:00:00+00:00,SOLUSDT,0.9157804419434092
2021-12-08 00:00:00+00:00,SOLUSDT,1.0414004494257878
2021-12-09 00:00:00+00:00,SOLUSDT,0.7718793330642855
2021-12-10 00:00:00+00:00,SOLUSDT,1.1205204325779166
2021-12-11 00:00:00+00:00,SOLUSDT,0.8863478531947343
2021-12-12 00:00:00+00:00,SOLUSDT,0.710372469208324
2021-12-13 00:00:00+00:00,SOLUSDT,1.1160708248595406
2021-12-14 00:00:00+00:00,SOLUSDT,1.2822611755309223
2021-12-15 00:00:00+00:00,SOLUSDT,1.5697873296320304
2021-12-16 00:00:00+00:00,SOLUSDT,1.1408062821357783
2021-12-17 00:00:00+00:00,SOLUSDT,1.2969766935732212
2021-12-18 00:00:00+00:00,SOLUSDT,0.7681490025533574
2021-12-19 00:00:00+00:00,SOLUSDT,0.845605652958731
2021-12-20 00:00:00+00:00,SOLUSDT,1.0633561761307724
2021-12-21 00:00:00+00:00,SOLUSDT,0.9080319668905332
2021-12-22 00:00:00+00:00,SOLUSDT,0.9723653524719473
2021-12-23 00:00:00+00:00,SOLUSDT,0.8255040033261721
2021-12-24 00:00:00+00:00,SOLUSDT,0.9624930703121287
2021-12-25 00:00:00+00:00,SOLUSDT,0.7323274364312599
2021-12-26 00:00:00+00:00,SOLUSDT,0.6525759395578602
2021-12-27 00:00:00+00:00,SOLUSDT,0.7106305285317703
2021-12-28 00:00:00+00:00,SOLUSDT,0.8699867154983569
2021-12-29 00:00:00+00:00,SOLUSDT,0.9276157827078345
2021-12-30 00:00:00+00:00,SOLUSDT,0.5044080476836392
2021-12-31 00:00:00+00:00,SOLUSDT,0.8524681506770745
2022-01-01 00:00:00+00:00,SOLUSDT,0.5761851449642528
2022-01-02 00:00:00+00:00,SOLUSDT,0.4700242989254695
2022-01-03 00:00:00+00:00,SOLUSDT,0.5436929893367428
2022-01-04 00:00:00+00:00,SOLUSDT,0.6492698053660063
2022-01-05 00:00:00+00:00,SOLUSDT,1.1138646171330548
2022-01-06 00:00:00+00:00,SOLUSDT,0.9476795640112218
2022-01-07 00:00:00+00:00,SOLUSDT,1.5657794272223382
2022-01-08 00:00:00+00:00,SOLUSDT,1.667594967309636
2022-01-09 00:00:00+00:00,SOLUSDT,1.0726035308048545
2022-01-10 00:00:00+00:00,SOLUSDT,1.2413010325294345
2022-01-11 00:00:00+00:00,SOLUSDT,0.7494419494140598
2022-01-12 00:00:00+00:00,SOLUSDT,0.974606932433816
2022-01-13 00:00:00+00:00,SOLUSDT,0.9466522944528183
2022-01-14 00:00:00+00:00,SOLUSDT,0.941545501170629
2022-01-15 00:00:00+00:00,SOLUSDT,0.505013006049834
2022-01-16 00:00:00+00:00,SOLUSDT,0.5590949957147989
2022-01-17 00:00:00+00:00,SOLUSDT,0.5453364418224252
2022-01-18 00:00:00+00:00,SOLUSDT,0.745063196054718
2022-01-19 00:00:00+00:00,SOLUSDT,0.9441345038013884
2022-01-20 00:00:00+00:00,SOLUSDT,1.367937071911636
2022-01-21 00:00:00+00:00,SOLUSDT,2.251419851139687
2022-01-22 00:00:00+00:00,SOLUSDT,2.537159519382058
2022-01-23 00:00:00+00:00,SOLUSDT,2.220039395388793
2022-01-24 00:00:00+00:00,SOLUSDT,2.738101568083402
2022-01-25 00:00:00+00:00,SOLUSDT,1.835251692427571
2022-01-26 00:00:00+00:00,SOLUSDT,1.856423627750548
2022-01-27 00:00:00+00:00,SOLUSDT,1.5843000858850615
2022-01-28 00:00:00+00:00,SOLUSDT,1.3177302098148924
2022-01-29 00:00:00+00:00,SOLUSDT,1.1601002598958525
2022-01-30 00:00:00+00:00,SOLUSDT,0.965615254436099
2022-01-31 00:00:00+00:00,SOLUSDT,1.0944240450881897
2022-02-01 00:00:00+00:00,SOLUSDT,1.7181471700519642
2022-02-02 00:00:00+00:00,SOLUSDT,1.8112485020205153
2022-02-03 00:00:00+00:00,SOLUSDT,1.6258982242811586
2022-02-04 00:00:00+00:00,SOLUSDT,1.235105997451386
2022-02-05 00:00:00+00:00,SOLUSDT,1.02930409408973
2022-02-06 00:00:00+00:00,SOLUSDT,0.7898037854941494
2022-02-07 00:00:00+00:00,SOLUSDT,1.06298714765725
2022-02-08 00:00:00+00:00,SOLUSDT,1.0135900925127195
2022-02-09 00:00:00+00:00,SOLUSDT,0.8922255853693137
2022-02-10 00:00:00+00:00,SOLUSDT,1.3043879454938347
2022-02-11 00:00:00+00:00,SOLUSDT,1.334608819847978
2022-02-12 00:00:00+00:00,SOLUSDT,1.0928094774557564
2022-02-13 00:00:00+00:00,SOLUSDT,0.7798955235076779
2022-02-14 00:00:00+00:00,SOLUSDT,1.1492244023923885
2022-02-15 00:00:00+00:00,SOLUSDT,1.2676711301166068
2022-02-16 00:00:00+00:00,SOLUSDT,1.0280598921803235
2022-02-17 00:00:00+00:00,SOLUSDT,0.7708625851835735
2022-02-18 00:00:00+00:00,SOLUSDT,0.8123190105725764
2022-02-19 00:00:00+00:00,SOLUSDT,0.7368047338836207
2022-02-20 00:00:00+00:00,SOLUSDT,1.1278330663209688
2022-02-21 00:00:00+00:00,SOLUSDT,1.633960176379768
2022-02-22 00:00:00+00:00,SOLUSDT,1.0441812225785077
2022-02-23 00:00:00+00:00,SOLUSDT,1.0359572697287667
2022-02-24 00:00:00+00:00,SOLUSDT,2.3491102937433195
2022-02-25 00:00:00+00:00,SOLUSDT,1.3273821481722186
2022-02-26 00:00:00+00:00,SOLUSDT,0.6401756916995097
2022-02-27 00:00:00+00:00,SOLUSDT,1.3078313320284374
2022-02-28 00:00:00+00:00,SOLUSDT,1.6063804626536944
2022-03-01 00:00:00+00:00,SOLUSDT,1.1600468032800604
2022-03-02 00:00:00+00:00,SOLUSDT,1.6593102659922734
2022-03-03 00:00:00+00:00,SOLUSDT,0.8478991817098961
2022-03-04 00:00:00+00:00,SOLUSDT,0.9180639892969802
2022-03-05 00:00:00+00:00,SOLUSDT,0.7676824370122759
2022-03-06 00:00:00+00:00,SOLUSDT,0.6197600976973212
2022-03-07 00:00:00+00:00,SOLUSDT,1.105486920380864
2022-03-08 00:00:00+00:00,SOLUSDT,0.7904070242175348
2022-03-09 00:00:00+00:00,SOLUSDT,1.188622133219284
2022-03-10 00:00:00+00:00,SOLUSDT,0.7535154922333963
2022-03-11 00:00:00+00:00,SOLUSDT,0.788388728416071
2022-03-12 00:00:00+00:00,SOLUSDT,0.4576861428576433
2022-03-13 00:00:00+00:00,SOLUSDT,0.6525759104341249
2022-03-14 00:00:00+00:00,SOLUSDT,0.6931419098115744
2022-03-15 00:00:00+00:00,SOLUSDT,0.8168009634999723
2022-03-16 00:00:00+00:00,SOLUSDT,1.0211440281779838
2022-03-17 00:00:00+00:00,SOLUSDT,0.8873593036517398
2022-03-18 00:00:00+00:00,SOLUSDT,1.034338160628827
2022-03-19 00:00:00+00:00,SOLUSDT,0.8538064838689389
2022-03-20 00:00:00+00:00,SOLUSDT,0.5207132429367214
2022-03-21 00:00:00+00:00,SOLUSDT,0.6810130687365882
2022-03-22 00:00:00+00:00,SOLUSDT,0.7607487040458534
2022-03-23 00:00:00+00:00,SOLUSDT,0.8199650597495125
2022-03-24 00:00:00+00:00,SOLUSDT,0.8948663340377829
2022-03-25 00:00:00+00:00,SOLUSDT,0.9895858687142464
2022-03-26 00:00:00+00:00,SOLUSDT,0.6250108025296819
2022-03-27 00:00:00+00:00,SOLUSDT,0.6594271881997995
2022-03-28 00:00:00+00:00,SOLUSDT,1.5420612398378803
2022-03-29 00:00:00+00:00,SOLUSDT,1.1870545584857397
2022-03-30 00:00:00+00:00,SOLUSDT,1.270333143080361
2022-03-31 00:00:00+00:00,SOLUSDT,1.3584050102995424
2022-04-01 00:00:00+00:00,SOLUSDT,1.620708885318899
2022-04-02 00:00:00+00:00,SOLUSDT,1.001735365350569
2022-04-03 00:00:00+00:00,SOLUSDT,0.8076487941270694
2022-04-04 00:00:00+00:00,SOLUSDT,0.902311329798219
2022-04-05 00:00:00+00:00,SOLUSDT,0.997003931303049
2022-04-06 00:00:00+00:00,SOLUSDT,1.0831425754783262
2022-04-07 00:00:00+00:00,SOLUSDT,1.074256074704503
2022-04-08 00:00:00+00:00,SOLUSDT,1.0009486351556094
2022-04-09 00:00:00+00:00,SOLUSDT,0.8526042629007139
2022-04-10 00:00:00+00:00,SOLUSDT,0.7963041475241971
2022-04-11 00:00:00+00:00,SOLUSDT,1.3359769363042702
2022-04-12 00:00:00+00:00,SOLUSDT,1.1976228085076233
2022-04-13 00:00:00+00:00,SOLUSDT,1.0560311514901513
2022-04-14 00:00:00+00:00,SOLUSDT,0.9525495105628772
2022-04-15 00:00:00+00:00,SOLUSDT,0.576441313154276
2022-04-16 00:00:00+00:00,SOLUSDT,0.5417529145847162
2022-04-17 00:00:00+00:00,SOLUSDT,0.652920639096625
2022-04-18 00:00:00+00:00,SOLUSDT,1.4355904936410269
2022-04-19 00:00:00+00:00,SOLUSDT,0.9087711200743168
2022-04-20 00:00:00+00:00,SOLUSDT,0.8194081702759646
2022-04-21 00:00:00+00:00,SOLUSDT,0.8163396451238102
2022-04-22 00:00:00+00:00,SOLUSDT,0.5953407376724775
2022-04-23 00:00:00+00:00,SOLUSDT,0.4399887963086338
2022-04-24 00:00:00+00:00,SOLUSDT,0.4444056871647085
2022-04-25 00:00:00+00:00,SOLUSDT,0.864661216390429
2022-04-26 00:00:00+00:00,SOLUSDT,0.6661646354320274
2022-04-27 00:00:00+00:00,SOLUSDT,0.7654036167095255
2022-04-28 00:00:00+00:00,SOLUSDT,0.6812111496967738
2022-04-29 00:00:00+00:00,SOLUSDT,0.5909157615572581
2022-04-30 00:00:00+00:00,SOLUSDT,1.1626483915706718
2022-05-01 00:00:00+00:00,SOLUSDT,1.1663334706733461
2022-05-02 00:00:00+00:00,SOLUSDT,0.8074843553013036
2022-05-03 00:00:00+00:00,SOLUSDT,0.5879671396544346
2022-05-04 00:00:00+00:00,SOLUSDT,0.9710733347944851
2022-05-05 00:00:00+00:00,SOLUSDT,1.2625831396968334
2022-05-06 00:00:00+00:00,SOLUSDT,0.8107298441596065
2022-05-07 00:00:00+00:00,SOLUSDT,1.0051344389450498
2022-05-08 00:00:00+00:00,SOLUSDT,1.0240101841173437
2022-05-09 00:00:00+00:00,SOLUSDT,1.7489327614736867
2022-05-10 00:00:00+00:00,SOLUSDT,2.643407366442715
2022-05-11 00:00:00+00:00,SOLUSDT,6.289391711211115
2022-05-12 00:00:00+00:00,SOLUSDT,4.582489351610842
2022-05-13 00:00:00+00:00,SOLUSDT,3.1177992024501924
2022-05-14 00:00:00+00:00,SOLUSDT,1.7955847519112726
2022-05-15 00:00:00+00:00,SOLUSDT,1.3456082340311555
2022-05-16 00:00:00+00:00,SOLUSDT,1.8414325772180864
2022-05-17 00:00:00+00:00,SOLUSDT,1.6303682088343197
2022-05-18 00:00:00+00:00,SOLUSDT,1.287130106121585
2022-05-19 00:00:00+00:00,SOLUSDT,1.8802807318706674
2022-05-20 00:00:00+00:00,SOLUSDT,1.3935389696887102
2022-05-21 00:00:00+00:00,SOLUSDT,0.6877183575815581
2022-05-22 00:00:00+00:00,SOLUSDT,0.6821954584060527
2022-05-23 00:00:00+00:00,SOLUSDT,1.1951484983066845
2022-05-24 00:00:00+00:00,SOLUSDT,1.1340192719144875
2022-05-25 00:00:00+00:00,SOLUSDT,0.8417632311738468
2022-05-26 00:00:00+00:00,SOLUSDT,1.4355332873922846
2022-05-27 00:00:00+00:00,SOLUSDT,1.6837431337391966
2022-05-28 00:00:00+00:00,SOLUSDT,1.067282378250721
2022-05-29 00:00:00+00:00,SOLUSDT,1.042766960960072
2022-05-30 00:00:00+00:00,SOLUSDT,1.1840053161804995
2022-05-31 00:00:00+00:00,SOLUSDT,1.0379971745742462
2022-06-01 00:00:00+00:00,SOLUSDT,1.1236849036032064
2022-06-02 00:00:00+00:00,SOLUSDT,0.8680051421341791
2022-06-03 00:00:00+00:00,SOLUSDT,0.964793938204444
2022-06-04 00:00:00+00:00,SOLUSDT,1.2611062900654415
2022-06-05 00:00:00+00:00,SOLUSDT,0.9223701197097863
2022-06-06 00:00:00+00:00,SOLUSDT,1.4950528975138215
2022-06-07 00:00:00+00:00,SOLUSDT,1.569582798143449
2022-06-08 00:00:00+00:00,SOLUSDT,1.0211033987531168
2022-06-09 00:00:00+00:00,SOLUSDT,1.0502032876906378
2022-06-10 00:00:00+00:00,SOLUSDT,1.0706567476598843
2022-06-11 00:00:00+00:00,SOLUSDT,1.4093100279703865
2022-06-12 00:00:00+00:00,SOLUSDT,1.9071500337845733
2022-06-13 00:00:00+00:00,SOLUSDT,2.536169657897895
2022-06-14 00:00:00+00:00,SOLUSDT,3.073911645890468
2022-06-15 00:00:00+00:00,SOLUSDT,2.220803800733474
2022-06-16 00:00:00+00:00,SOLUSDT,1.6964566642129504
2022-06-17 00:00:00+00:00,SOLUSDT,1.5272336545110323
2022-06-18 00:00:00+00:00,SOLUSDT,2.445910733612297
2022-06-19 00:00:00+00:00,SOLUSDT,2.6998217752601033
2022-06-20 00:00:00+00:00,SOLUSDT,1.994494963844663
2022-06-21 00:00:00+00:00,SOLUSDT,1.7916195423463062
2022-06-22 00:00:00+00:00,SOLUSDT,1.4705184228031751
2022-06-23 00:00:00+00:00,SOLUSDT,1.3597734883299932
2022-06-24 00:00:00+00:00,SOLUSDT,1.188546284710994
2022-06-25 00:00:00+00:00,SOLUSDT,1.4121378269953653
2022-06-26 00:00:00+00:00,SOLUSDT,1.2173254824247182
2022-06-27 00:00:00+00:00,SOLUSDT,1.08137878479406
2022-06-28 00:00:00+00:00,SOLUSDT,1.3739982982465226
2022-06-29 00:00:00+00:00,SOLUSDT,1.0978864151012848
2022-06-30 00:00:00+00:00,SOLUSDT,1.608588809529567
2022-07-01 00:00:00+00:00,SOLUSDT,1.4364169871706298
2022-07-02 00:00:00+00:00,SOLUSDT,0.8445038151039909
2022-07-03 00:00:00+00:00,SOLUSDT,0.7667818649240983
2022-07-04 00:00:00+00:00,SOLUSDT,1.0405104792819846
2022-07-05 00:00:00+00:00,SOLUSDT,1.3172393771486355
2022-07-06 00:00:00+00:00,SOLUSDT,0.9674839326331061
2022-07-07 00:00:00+00:00,SOLUSDT,0.8714679687438163
2022-07-08 00:00:00+00:00,SOLUSDT,1.124010406695645
2022-07-09 00:00:00+00:00,SOLUSDT,0.5653932309713791
2022-07-10 00:00:00+00:00,SOLUSDT,0.5190436802309544
2022-07-11 00:00:00+00:00,SOLUSDT,1.1085036166483555
2022-07-12 00:00:00+00:00,SOLUSDT,0.7893118390679678
2022-07-13 00:00:00+00:00,SOLUSDT,1.3322845183417844
2022-07-14 00:00:00+00:00,SOLUSDT,1.1914065288737872
2022-07-15 00:00:00+00:00,SOLUSDT,1.2700770642633166
2022-07-16 00:00:00+00:00,SOLUSDT,1.3583179129584664
2022-07-17 00:00:00+00:00,SOLUSDT,0.9424747904003322
2022-07-18 00:00:00+00:00,SOLUSDT,1.666051973676419
2022-07-19 00:00:00+00:00,SOLUSDT,1.2405019134563984
2022-07-20 00:00:00+00:00,SOLUSDT,1.577140966253145
2022-07-21 00:00:00+00:00,SOLUSDT,1.3462830539825195
2022-07-22 00:00:00+00:00,SOLUSDT,1.2217551527078998
2022-07-23 00:00:00+00:00,SOLUSDT,1.0662750750228762
2022-07-24 00:00:00+00:00,SOLUSDT,0.9318850030943333
2022-07-25 00:00:00+00:00,SOLUSDT,1.2909672707343443
2022-07-26 00:00:00+00:00,SOLUSDT,0.8897921544933438
2022-07-27 00:00:00+00:00,SOLUSDT,1.355092416751537
2022-07-28 00:00:00+00:00,SOLUSDT,1.5594429068562772
2022-07-29 00:00:00+00:00,SOLUSDT,1.1756987966051209
2022-07-30 00:00:00+00:00,SOLUSDT,1.5233869319082773
2022-07-31 00:00:00+00:00,SOLUSDT,0.8852429350515776
2022-08-01 00:00:00+00:00,SOLUSDT,0.9483883133738759
2022-08-02 00:00:00+00:00,SOLUSDT,1.1710891702794406
2022-08-03 00:00:00+00:00,SOLUSDT,1.3552321353099825
2022-08-04 00:00:00+00:00,SOLUSDT,0.8091402811101203
2022-08-05 00:00:00+00:00,SOLUSDT,0.792544163993285
2022-08-06 00:00:00+00:00,SOLUSDT,0.3771737175729992
2022-08-07 00:00:00+00:00,SOLUSDT,0.6421640928860866
2022-08-08 00:00:00+00:00,SOLUSDT,0.7796866216731553
2022-08-09 00:00:00+00:00,SOLUSDT,0.7539544370193839
2022-08-10 00:00:00+00:00,SOLUSDT,1.2950426781829871
2022-08-11 00:00:00+00:00,SOLUSDT,0.932422823516212
2022-08-12 00:00:00+00:00,SOLUSDT,0.8628575314953363
2022-08-13 00:00:00+00:00,SOLUSDT,0.9572029205765938
2022-08-14 00:00:00+00:00,SOLUSDT,0.7231239854999109
2022-08-15 00:00:00+00:00,SOLUSDT,1.321690533639185
2022-08-16 00:00:00+00:00,SOLUSDT,0.6008960119613136
2022-08-17 00:00:00+00:00,SOLUSDT,0.950568719235635
2022-08-18 00:00:00+00:00,SOLUSDT,0.8528387526302981
2022-08-19 00:00:00+00:00,SOLUSDT,1.5871649882834973
2022-08-20 00:00:00+00:00,SOLUSDT,1.0025345141279796
2022-08-21 00:00:00+00:00,SOLUSDT,0.7537796866848536
2022-08-22 00:00:00+00:00,SOLUSDT,0.9163190951897955
2022-08-23 00:00:00+00:00,SOLUSDT,0.8455229389921302
2022-08-24 00:00:00+00:00,SOLUSDT,0.7738005676384867
2022-08-25 00:00:00+00:00,SOLUSDT,0.6792393247605161
2022-08-26 00:00:00+00:00,SOLUSDT,1.124085952327021
2022-08-27 00:00:00+00:00,SOLUSDT,0.5852663255085906
2022-08-28 00:00:00+00:00,SOLUSDT,0.694318490073448
2022-08-29 00:00:00+00:00,SOLUSDT,0.7264662707727821
2022-08-30 00:00:00+00:00,SOLUSDT,0.9467167470272077
2022-08-31 00:00:00+00:00,SOLUSDT,0.7311757384732048
2022-09-01 00:00:00+00:00,SOLUSDT,0.5864879749122465
2022-09-02 00:00:00+00:00,SOLUSDT,0.6596754959510702
2022-09-03 00:00:00+00:00,SOLUSDT,0.288517349256451
2022-09-04 00:00:00+00:00,SOLUSDT,0.44098926843144926
2022-09-05 00:00:00+00:00,SOLUSDT,0.5254428886246688
2022-09-06 00:00:00+00:00,SOLUSDT,1.6620877631227455
2022-09-07 00:00:00+00:00,SOLUSDT,0.6700111386801368
2022-09-08 00:00:00+00:00,SOLUSDT,0.8290177637256856
2022-09-09 00:00:00+00:00,SOLUSDT,0.7601773573393777
2022-09-10 00:00:00+00:00,SOLUSDT,0.6682800821740995
2022-09-11 00:00:00+00:00,SOLUSDT,0.740279669210634
2022-09-12 00:00:00+00:00,SOLUSDT,1.451544204547607
2022-09-13 00:00:00+00:00,SOLUSDT,1.6904530903805515
2022-09-14 00:00:00+00:00,SOLUSDT,0.7283561064031164
2022-09-15 00:00:00+00:00,SOLUSDT,1.01911199313059
2022-09-16 00:00:00+00:00,SOLUSDT,0.7691885271542334
2022-09-17 00:00:00+00:00,SOLUSDT,0.5308258908089027
2022-09-18 00:00:00+00:00,SOLUSDT,0.7829066379461186
2022-09-19 00:00:00+00:00,SOLUSDT,0.9688653461664529
2022-09-20 00:00:00+00:00,SOLUSDT,0.6942859700480084
2022-09-21 00:00:00+00:00,SOLUSDT,1.3384296494149475
2022-09-22 00:00:00+00:00,SOLUSDT,0.6709165772191117
2022-09-23 00:00:00+00:00,SOLUSDT,1.0464995466861418
2022-09-24 00:00:00+00:00,SOLUSDT,0.6219440907186213
2022-09-25 00:00:00+00:00,SOLUSDT,0.5311276823872926
2022-09-26 00:00:00+00:00,SOLUSDT,0.9164361385144426
2022-09-27 00:00:00+00:00,SOLUSDT,1.0592935292583887
2022-09-28 00:00:00+00:00,SOLUSDT,0.6975806277739418
2022-09-29 00:00:00+00:00,SOLUSDT,0.8326771835911498
2022-09-30 00:00:00+00:00,SOLUSDT,0.9313334637896078
2022-10-01 00:00:00+00:00,SOLUSDT,0.3833239513336921
2022-10-02 00:00:00+00:00,SOLUSDT,0.46955844629197874
2022-10-03 00:00:00+00:00,SOLUSDT,0.47453683294494886
2022-10-04 00:00:00+00:00,SOLUSDT,0.47997898507609155
2022-10-05 00:00:00+00:00,SOLUSDT,0.4767879689226433
2022-10-06 00:00:00+00:00,SOLUSDT,0.40625599452321465
2022-10-07 00:00:00+00:00,SOLUSDT,0.47445162860939316
2022-10-08 00:00:00+00:00,SOLUSDT,0.2881034822936624
2022-10-09 00:00:00+00:00,SOLUSDT,0.27770026069144976
2022-10-10 00:00:00+00:00,SOLUSDT,0.5499834627846633
2022-10-11 00:00:00+00:00,SOLUSDT,0.5809133948541507
2022-10-12 00:00:00+00:00,SOLUSDT,0.3363574498764273
2022-10-13 00:00:00+00:00,SOLUSDT,0.9705230094251344
2022-10-14 00:00:00+00:00,SOLUSDT,0.9650781000789974
2022-10-15 00:00:00+00:00,SOLUSDT,0.3249128790180265
2022-10-16 00:00:00+00:00,SOLUSDT,0.5562212459966558
2022-10-17 00:00:00+00:00,SOLUSDT,0.4864074178214157
2022-10-18 00:00:00+00:00,SOLUSDT,0.6029360606329842
2022-10-19 00:00:00+00:00,SOLUSDT,0.5948403412851275
2022-10-20 00:00:00+00:00,SOLUSDT,0.5747507454297504
2022-10-21 00:00:00+00:00,SOLUSDT,0.650025910369967
2022-10-22 00:00:00+00:00,SOLUSDT,0.38713472673787047
2022-10-23 00:00:00+00:00,SOLUSDT,0.6383318457365232
2022-10-24 00:00:00+00:00,SOLUSDT,0.5061395717666457
2022-10-25 00:00:00+00:00,SOLUSDT,1.4429905516285177
2022-10-26 00:00:00+00:00,SOLUSDT,0.6263994416742446
2022-10-27 00:00:00+00:00,SOLUSDT,0.8735728504582475
2022-10-28 00:00:00+00:00,SOLUSDT,0.7161732697843812
2022-10-29 00:00:00+00:00,SOLUSDT,0.7708588984377499
2022-10-30 00:00:00+00:00,SOLUSDT,0.6483156691378028
2022-10-31 00:00:00+00:00,SOLUSDT,0.9726830177660567
2022-11-01 00:00:00+00:00,SOLUSDT,0.6104729751825948
2022-11-02 00:00:00+00:00,SOLUSDT,0.9427736256312897
2022-11-03 00:00:00+00:00,SOLUSDT,0.7445595844792341
2022-11-04 00:00:00+00:00,SOLUSDT,1.015014790702509
2022-11-05 00:00:00+00:00,SOLUSDT,2.0248318398061347
2022-11-06 00:00:00+00:00,SOLUSDT,0.8497249465472747
2022-11-07 00:00:00+00:00,SOLUSDT,1.9857226239026433
2022-11-08 00:00:00+00:00,SOLUSDT,3.8506702976266065
2022-11-09 00:00:00+00:00,SOLUSDT,5.956376187500152
2022-11-10 00:00:00+00:00,SOLUSDT,5.281671552731554
2022-11-11 00:00:00+00:00,SOLUSDT,2.46801563483202
2022-11-12 00:00:00+00:00,SOLUSDT,1.2414223927549242
2022-11-13 00:00:00+00:00,SOLUSDT,1.9522428914740337
2022-11-14 00:00:00+00:00,SOLUSDT,3.5643698007939943
2022-11-15 00:00:00+00:00,SOLUSDT,1.4212844864380152
2022-11-16 00:00:00+00:00,SOLUSDT,0.8385220927409209
2022-11-17 00:00:00+00:00,SOLUSDT,1.3873020878159887
2022-11-18 00:00:00+00:00,SOLUSDT,0.6001683516872169
2022-11-19 00:00:00+00:00,SOLUSDT,0.6841958611625573
2022-11-20 00:00:00+00:00,SOLUSDT,1.2733251157842764
2022-11-21 00:00:00+00:00,SOLUSDT,1.1507335489163122
2022-11-22 00:00:00+00:00,SOLUSDT,1.8428217649352425
2022-11-23 00:00:00+00:00,SOLUSDT,1.7239121864825915
2022-11-24 00:00:00+00:00,SOLUSDT,1.0989202767185458
2022-11-25 00:00:00+00:00,SOLUSDT,0.8766544474174406
2022-11-26 00:00:00+00:00,SOLUSDT,1.035087684991844
2022-11-27 00:00:00+00:00,SOLUSDT,0.6689784656626898
2022-11-28 00:00:00+00:00,SOLUSDT,1.7103975228170258
2022-11-29 00:00:00+00:00,SOLUSDT,0.7258516295133259
2022-11-30 00:00:00+00:00,SOLUSDT,1.08130951905249
2022-12-01 00:00:00+00:00,SOLUSDT,0.4627075225573801
2022-12-02 00:00:00+00:00,SOLUSDT,0.5116963468929873
2022-12-03 00:00:00+00:00,SOLUSDT,0.3413903679900452
2022-12-04 00:00:00+00:00,SOLUSDT,0.4022971365468522
2022-12-05 00:00:00+00:00,SOLUSDT,0.821168907610944
2022-12-06 00:00:00+00:00,SOLUSDT,0.5834956343167795
2022-12-07 00:00:00+00:00,SOLUSDT,0.48054457405727274
2022-12-08 00:00:00+00:00,SOLUSDT,0.4574964724761257
2022-12-09 00:00:00+00:00,SOLUSDT,0.5151095751208485
2022-12-10 00:00:00+00:00,SOLUSDT,0.24452684240927436
2022-12-11 00:00:00+00:00,SOLUSDT,0.32689603655952587
2022-12-12 00:00:00+00:00,SOLUSDT,0.8266681680151597
2022-12-13 00:00:00+00:00,SOLUSDT,1.4851807977863358
2022-12-14 00:00:00+00:00,SOLUSDT,0.8152832962550233
2022-12-15 00:00:00+00:00,SOLUSDT,0.6762029810319413
2022-12-16 00:00:00+00:00,SOLUSDT,1.1203928927695161
2022-12-17 00:00:00+00:00,SOLUSDT,0.6518107911809756
2022-12-18 00:00:00+00:00,SOLUSDT,0.44110876396142645
2022-12-19 00:00:00+00:00,SOLUSDT,0.7788880037878316
2022-12-20 00:00:00+00:00,SOLUSDT,0.559110044628997
2022-12-21 00:00:00+00:00,SOLUSDT,0.5391545590779994
2022-12-22 00:00:00+00:00,SOLUSDT,0.5585708944433354
2022-12-23 00:00:00+00:00,SOLUSDT,0.4156528090196801
2022-12-24 00:00:00+00:00,SOLUSDT,0.8029356796972387
2022-12-25 00:00:00+00:00,SOLUSDT,0.34410389530043684
2022-12-26 00:00:00+00:00,SOLUSDT,0.4996291585388879
2022-12-27 00:00:00+00:00,SOLUSDT,0.6320121284490379
2022-12-28 00:00:00+00:00,SOLUSDT,1.8296236123691296
2022-12-29 00:00:00+00:00,SOLUSDT,2.804392064024596
2022-12-30 00:00:00+00:00,SOLUSDT,1.6187031315850018
2022-12-31 00:00:00+00:00,SOLUSDT,0.7339025625072377
2023-01-01 00:00:00+00:00,SOLUSDT,0.5247066345877073
2023-01-02 00:00:00+00:00,SOLUSDT,2.135093856198006
2023-01-03 00:00:00+00:00,SOLUSDT,1.7449957714953588
2023-01-04 00:00:00+00:00,SOLUSDT,1.4507082972042056
2023-01-05 00:00:00+00:00,SOLUSDT,1.017088738924792
2023-01-06 00:00:00+00:00,SOLUSDT,0.6788323762429208
2023-01-07 00:00:00+00:00,SOLUSDT,0.46592783769343
2023-01-08 00:00:00+00:00,SOLUSDT,1.3923301666434251
2023-01-09 00:00:00+00:00,SOLUSDT,1.655560274227753
2023-01-10 00:00:00+00:00,SOLUSDT,1.2486886450856125
2023-01-11 00:00:00+00:00,SOLUSDT,0.9110237459545213
2023-01-12 00:00:00+00:00,SOLUSDT,1.36866956380765
2023-01-13 00:00:00+00:00,SOLUSDT,1.5385149584374163
2023-01-14 00:00:00+00:00,SOLUSDT,2.995092433156146
2023-01-15 00:00:00+00:00,SOLUSDT,1.343355468063403
2023-01-16 00:00:00+00:00,SOLUSDT,1.5695297383249964
2023-01-17 00:00:00+00:00,SOLUSDT,0.7495368911293696
2023-01-18 00:00:00+00:00,SOLUSDT,1.6154398965851056
2023-01-19 00:00:00+00:00,SOLUSDT,0.8257480500459902
2023-01-20 00:00:00+00:00,SOLUSDT,1.3305323317215043
2023-01-21 00:00:00+00:00,SOLUSDT,1.167017464019393
2023-01-22 00:00:00+00:00,SOLUSDT,1.1149044120079694
2023-01-23 00:00:00+00:00,SOLUSDT,0.8203155603337271
2023-01-24 00:00:00+00:00,SOLUSDT,1.0475061642886963
2023-01-25 00:00:00+00:00,SOLUSDT,1.6536060631256715
2023-01-26 00:00:00+00:00,SOLUSDT,0.7148994584570537
2023-01-27 00:00:00+00:00,SOLUSDT,0.8380672498637551
2023-01-28 00:00:00+00:00,SOLUSDT,0.6340560012815377
2023-01-29 00:00:00+00:00,SOLUSDT,1.168306318488325
2023-01-30 00:00:00+00:00,SOLUSDT,1.3221031202416356
2023-01-31 00:00:00+00:00,SOLUSDT,0.7915140982084502
2023-02-01 00:00:00+00:00,SOLUSDT,1.2584435002548013
2023-02-02 00:00:00+00:00,SOLUSDT,1.3415541401336948
2023-02-03 00:00:00+00:00,SOLUSDT,0.59619976320298
2023-02-04 00:00:00+00:00,SOLUSDT,0.3770213667842618
2023-02-05 00:00:00+00:00,SOLUSDT,0.6503617387246835
2023-02-06 00:00:00+00:00,SOLUSDT,0.6572008357757128
2023-02-07 00:00:00+00:00,SOLUSDT,0.9946298120726966
2023-02-08 00:00:00+00:00,SOLUSDT,0.6203884668632952
2023-02-09 00:00:00+00:00,SOLUSDT,1.279171430248793
2023-02-10 00:00:00+00:00,SOLUSDT,0.9842954703929396
2023-02-11 00:00:00+00:00,SOLUSDT,0.4662286282809352
2023-02-12 00:00:00+00:00,SOLUSDT,1.0077083726316332
2023-02-13 00:00:00+00:00,SOLUSDT,1.2186861621028815
2023-02-14 00:00:00+00:00,SOLUSDT,0.9072134498983462
2023-02-15 00:00:00+00:00,SOLUSDT,0.796979291419673
2023-02-16 00:00:00+00:00,SOLUSDT,0.9835461258799916
2023-02-17 00:00:00+00:00,SOLUSDT,0.5776893232954022
2023-02-18 00:00:00+00:00,SOLUSDT,0.6010616682654611
2023-02-19 00:00:00+00:00,SOLUSDT,1.4224040474164474
2023-02-20 00:00:00+00:00,SOLUSDT,1.211058640491533
2023-02-21 00:00:00+00:00,SOLUSDT,1.1719259978678083
2023-02-22 00:00:00+00:00,SOLUSDT,0.8656138987287448
2023-02-23 00:00:00+00:00,SOLUSDT,0.8700378231130401
2023-02-24 00:00:00+00:00,SOLUSDT,0.787926246107562
2023-02-25 00:00:00+00:00,SOLUSDT,0.8006483563938336
2023-02-26 00:00:00+00:00,SOLUSDT,0.6396633634218749
2023-02-27 00:00:00+00:00,SOLUSDT,0.6076560763794963
2023-02-28 00:00:00+00:00,SOLUSDT,0.6930845596537687
2023-03-01 00:00:00+00:00,SOLUSDT,0.5923232120485493
2023-03-02 00:00:00+00:00,SOLUSDT,0.4847953649858222
2023-03-03 00:00:00+00:00,SOLUSDT,1.365021106085293
2023-03-04 00:00:00+00:00,SOLUSDT,0.551196598154587
2023-03-05 00:00:00+00:00,SOLUSDT,0.5661805400932893
2023-03-06 00:00:00+00:00,SOLUSDT,0.5199897162077607
2023-03-07 00:00:00+00:00,SOLUSDT,0.6587287472413654
2023-03-08 00:00:00+00:00,SOLUSDT,1.001549783476811
2023-03-09 00:00:00+00:00,SOLUSDT,1.3220232885663352
2023-03-10 00:00:00+00:00,SOLUSDT,1.5466230143129969
2023-03-11 00:00:00+00:00,SOLUSDT,1.6006156555906896
2023-03-12 00:00:00+00:00,SOLUSDT,1.2612224152623817
2023-03-13 00:00:00+00:00,SOLUSDT,1.4605237753684366
2023-03-14 00:00:00+00:00,SOLUSDT,1.5161928656342079
2023-03-15 00:00:00+00:00,SOLUSDT,1.1601258158837418
2023-03-16 00:00:00+00:00,SOLUSDT,0.9104778227782964
2023-03-17 00:00:00+00:00,SOLUSDT,1.1858517990451625
2023-03-18 00:00:00+00:00,SOLUSDT,1.0796969556346312
2023-03-19 00:00:00+00:00,SOLUSDT,0.7652095886498034
2023-03-20 00:00:00+00:00,SOLUSDT,1.7018285377439317
2023-03-21 00:00:00+00:00,SOLUSDT,1.1438236803242836
2023-03-22 00:00:00+00:00,SOLUSDT,1.4766851037832525
2023-03-23 00:00:00+00:00,SOLUSDT,0.9462091253389507
2023-03-24 00:00:00+00:00,SOLUSDT,
2023-03-25 00:00:00+00:00,SOLUSDT,0.6564783836019448
2023-03-26 00:00:00+00:00,SOLUSDT,0.5625105989459533
2023-03-27 00:00:00+00:00,SOLUSDT,0.7299694153837492
2023-03-28 00:00:00+00:00,SOLUSDT,0.929674189259415
2023-03-29 00:00:00+00:00,SOLUSDT,0.663359846320285
2023-03-30 00:00:00+00:00,SOLUSDT,0.8134183071712431
2023-03-31 00:00:00+00:00,SOLUSDT,0.6856875146530839
2023-04-01 00:00:00+00:00,SOLUSDT,0.431233062668692
2023-04-02 00:00:00+00:00,SOLUSDT,0.4591429939845697
2023-04-03 00:00:00+00:00,SOLUSDT,0.9509668364733277
2023-04-04 00:00:00+00:00,SOLUSDT,0.5174954599123568
2023-04-05 00:00:00+00:00,SOLUSDT,0.49213044804530526
2023-04-06 00:00:00+00:00,SOLUSDT,0.4238396127525289
2023-04-07 00:00:00+00:00,SOLUSDT,0.3429000979475549
2023-04-08 00:00:00+00:00,SOLUSDT,0.4243995815617705
2023-04-09 00:00:00+00:00,SOLUSDT,0.30724112852506824
2023-04-10 00:00:00+00:00,SOLUSDT,0.4129591324602379
2023-04-11 00:00:00+00:00,SOLUSDT,1.3626405067752165
2023-04-12 00:00:00+00:00,SOLUSDT,1.3388267737901
2023-04-13 00:00:00+00:00,SOLUSDT,0.8022038922966576
2023-04-14 00:00:00+00:00,SOLUSDT,1.0470547493735252
2023-04-15 00:00:00+00:00,SOLUSDT,0.5753332190192687
2023-04-16 00:00:00+00:00,SOLUSDT,0.8196905853637181
2023-04-17 00:00:00+00:00,SOLUSDT,0.9975259418927583
2023-04-18 00:00:00+00:00,SOLUSDT,0.6108104023843
2023-04-19 00:00:00+00:00,SOLUSDT,1.3989106687878454
2023-04-20 00:00:00+00:00,SOLUSDT,1.0067298196759524
2023-04-21 00:00:00+00:00,SOLUSDT,0.7323294272444906
2023-04-22 00:00:00+00:00,SOLUSDT,0.4222779992783253
2023-04-23 00:00:00+00:00,SOLUSDT,0.5774854507150105
2023-04-24 00:00:00+00:00,SOLUSDT,0.7147791696792769
2023-04-25 00:00:00+00:00,SOLUSDT,0.6567785521783351
2023-04-26 00:00:00+00:00,SOLUSDT,1.677006788807207
2023-04-27 00:00:00+00:00,SOLUSDT,0.9693582458919772
2023-04-28 00:00:00+00:00,SOLUSDT,0.7835193888889134
2023-04-29 00:00:00+00:00,SOLUSDT,0.479134558086383
2023-04-30 00:00:00+00:00,SOLUSDT,0.5917086715276924
2023-05-01 00:00:00+00:00,SOLUSDT,0.7035026691088648
2023-05-02 00:00:00+00:00,SOLUSDT,0.38662117331163387
2023-05-03 00:00:00+00:00,SOLUSDT,0.6911357732054577
2023-05-04 00:00:00+00:00,SOLUSDT,0.44641498614419584
2023-05-05 00:00:00+00:00,SOLUSDT,0.5560832866563681
2023-05-06 00:00:00+00:00,SOLUSDT,0.65371765854641
2023-05-07 00:00:00+00:00,SOLUSDT,0.6296458895136507
2023-05-08 00:00:00+00:00,SOLUSDT,0.9415613534003353
2023-05-09 00:00:00+00:00,SOLUSDT,0.6015051807828578
2023-05-10 00:00:00+00:00,SOLUSDT,0.7601231123635752
2023-05-11 00:00:00+00:00,SOLUSDT,0.4749785399976756
2023-05-12 00:00:00+00:00,SOLUSDT,0.5198442311031887
2023-05-13 00:00:00+00:00,SOLUSDT,0.3730347413173577
2023-05-14 00:00:00+00:00,SOLUSDT,0.3397121102782214
2023-05-15 00:00:00+00:00,SOLUSDT,0.5944910950458909
2023-05-16 00:00:00+00:00,SOLUSDT,0.4248202514813348
2023-05-17 00:00:00+00:00,SOLUSDT,0.49681276947703257
2023-05-18 00:00:00+00:00,SOLUSDT,0.5266994866077079
2023-05-19 00:00:00+00:00,SOLUSDT,0.1886409118397143
2023-05-20 00:00:00+00:00,SOLUSDT,0.2571265186385933
2023-05-21 00:00:00+00:00,SOLUSDT,0.36114031770924365
2023-05-22 00:00:00+00:00,SOLUSDT,0.4011056074828749
2023-05-23 00:00:00+00:00,SOLUSDT,0.4989512767429888
2023-05-24 00:00:00+00:00,SOLUSDT,0.624667310971971
2023-05-25 00:00:00+00:00,SOLUSDT,0.4055066477252294
2023-05-26 00:00:00+00:00,SOLUSDT,0.2974510728825425
2023-05-27 00:00:00+00:00,SOLUSDT,0.4855313242704596
2023-05-28 00:00:00+00:00,SOLUSDT,0.42286722110400554
2023-05-29 00:00:00+00:00,SOLUSDT,0.37698921335813657
2023-05-30 00:00:00+00:00,SOLUSDT,0.5715443796523927
2023-05-31 00:00:00+00:00,SOLUSDT,0.5330976049321486
2023-06-01 00:00:00+00:00,SOLUSDT,0.47078340577664507
2023-06-02 00:00:00+00:00,SOLUSDT,0.444098303532932
2023-06-03 00:00:00+00:00,SOLUSDT,0.2762119449282532
2023-06-04 00:00:00+00:00,SOLUSDT,0.5743136529945545
2023-06-05 00:00:00+00:00,SOLUSDT,1.5810930499673959
2023-06-06 00:00:00+00:00,SOLUSDT,0.8684047787892073
2023-06-07 00:00:00+00:00,SOLUSDT,0.6708390284373864
2023-06-08 00:00:00+00:00,SOLUSDT,0.6090887169848873
2023-06-09 00:00:00+00:00,SOLUSDT,1.0450379321922123
2023-06-10 00:00:00+00:00,SOLUSDT,3.077344767771406
2023-06-11 00:00:00+00:00,SOLUSDT,0.996484291202038
2023-06-12 00:00:00+00:00,SOLUSDT,0.9309080040901389
2023-06-13 00:00:00+00:00,SOLUSDT,0.8721212894594066
2023-06-14 00:00:00+00:00,SOLUSDT,1.4547612014660185
2023-06-15 00:00:00+00:00,SOLUSDT,0.8452555374629519
2023-06-16 00:00:00+00:00,SOLUSDT,0.7160659720866903
2023-06-17 00:00:00+00:00,SOLUSDT,0.8997358281046672
2023-06-18 00:00:00+00:00,SOLUSDT,0.5118822088583621
2023-06-19 00:00:00+00:00,SOLUSDT,0.48898744609231504
2023-06-20 00:00:00+00:00,SOLUSDT,0.5531994583500508
2023-06-21 00:00:00+00:00,SOLUSDT,0.721808352928299
2023-06-22 00:00:00+00:00,SOLUSDT,0.9283912631727844
2023-06-23 00:00:00+00:00,SOLUSDT,1.01128746644825
2023-06-24 00:00:00+00:00,SOLUSDT,0.801281685571065
2023-06-25 00:00:00+00:00,SOLUSDT,0.7030884066697463
2023-06-26 00:00:00+00:00,SOLUSDT,0.9112890715157491
2023-06-27 00:00:00+00:00,SOLUSDT,0.7484153525247963
2023-06-28 00:00:00+00:00,SOLUSDT,0.6948974949162551
2023-06-29 00:00:00+00:00,SOLUSDT,1.4312816264152632
2023-06-30 00:00:00+00:00,SOLUSDT,2.0097520654276217
2023-07-01 00:00:00+00:00,SOLUSDT,0.7816982633456152
2023-07-02 00:00:00+00:00,SOLUSDT,0.9662099007023337
2023-07-03 00:00:00+00:00,SOLUSDT,0.6949924179710355
2023-07-04 00:00:00+00:00,SOLUSDT,0.6464596704251371
2023-07-05 00:00:00+00:00,SOLUSDT,0.7351536980200862
2023-07-06 00:00:00+00:00,SOLUSDT,1.648275716821283
2023-07-07 00:00:00+00:00,SOLUSDT,1.4272081265294703
2023-07-08 00:00:00+00:00,SOLUSDT,0.8408384632682918
2023-07-09 00:00:00+00:00,SOLUSDT,0.5573685109738297
2023-07-10 00:00:00+00:00,SOLUSDT,0.8305926313712109
2023-07-11 00:00:00+00:00,SOLUSDT,0.5767009041516341
2023-07-12 00:00:00+00:00,SOLUSDT,0.5999416288627615
2023-07-13 00:00:00+00:00,SOLUSDT,2.0419121403846474
2023-07-14 00:00:00+00:00,SOLUSDT,2.9114176006080617
2023-07-15 00:00:00+00:00,SOLUSDT,1.2594307052581222
2023-07-16 00:00:00+00:00,SOLUSDT,0.8117973358083478
2023-07-17 00:00:00+00:00,SOLUSDT,0.8849016963637019
2023-07-18 00:00:00+00:00,SOLUSDT,0.7845014328481961
2023-07-19 00:00:00+00:00,SOLUSDT,0.9979527461061635
2023-07-20 00:00:00+00:00,SOLUSDT,1.0248573549585356
2023-07-21 00:00:00+00:00,SOLUSDT,0.5897649449505339
2023-07-22 00:00:00+00:00,SOLUSDT,0.6741418942265863
2023-07-23 00:00:00+00:00,SOLUSDT,0.6302393292484354
2023-07-24 00:00:00+00:00,SOLUSDT,1.0747491223816295
2023-07-25 00:00:00+00:00,SOLUSDT,0.4957702051263343
2023-07-26 00:00:00+00:00,SOLUSDT,0.7716056888328238
2023-07-27 00:00:00+00:00,SOLUSDT,0.6522333475787586
2023-07-28 00:00:00+00:00,SOLUSDT,0.6038016456004821
2023-07-29 00:00:00+00:00,SOLUSDT,0.32276239839924303
2023-07-30 00:00:00+00:00,SOLUSDT,0.6199323231002536
2023-07-31 00:00:00+00:00,SOLUSDT,0.6670882273326534
2023-08-01 00:00:00+00:00,SOLUSDT,0.6957087238434778
2023-08-02 00:00:00+00:00,SOLUSDT,0.4442353795915572
2023-08-03 00:00:00+00:00,SOLUSDT,0.5518283653747554
2023-08-04 00:00:00+00:00,SOLUSDT,0.5359290185977367
2023-08-05 00:00:00+00:00,SOLUSDT,0.41551431029514463
2023-08-06 00:00:00+00:00,SOLUSDT,0.503298280779737
2023-08-07 00:00:00+00:00,SOLUSDT,0.5561282285066553
2023-08-08 00:00:00+00:00,SOLUSDT,0.68983959167548
2023-08-09 00:00:00+00:00,SOLUSDT,0.5364275638147539
2023-08-10 00:00:00+00:00,SOLUSDT,0.4026643273749131
2023-08-11 00:00:00+00:00,SOLUSDT,0.4179181658458503
2023-08-12 00:00:00+00:00,SOLUSDT,0.32356969804308117
2023-08-13 00:00:00+00:00,SOLUSDT,0.3050686819219244
2023-08-14 00:00:00+00:00,SOLUSDT,0.5278475436810331
2023-08-15 00:00:00+00:00,SOLUSDT,0.6053764279945486
2023-08-16 00:00:00+00:00,SOLUSDT,0.727863940028432
2023-08-17 00:00:00+00:00,SOLUSDT,1.665095593933636
2023-08-18 00:00:00+00:00,SOLUSDT,0.8376960388014625
2023-08-19 00:00:00+00:00,SOLUSDT,0.6089584552726742
2023-08-20 00:00:00+00:00,SOLUSDT,0.3368360985771973
2023-08-21 00:00:00+00:00,SOLUSDT,0.7987285332351169
2023-08-22 00:00:00+00:00,SOLUSDT,0.8492007766307393
2023-08-23 00:00:00+00:00,SOLUSDT,0.5662758930902936
2023-08-24 00:00:00+00:00,SOLUSDT,0.5618628891928904
2023-08-25 00:00:00+00:00,SOLUSDT,0.6236967409028731
2023-08-26 00:00:00+00:00,SOLUSDT,0.3150609101219055
2023-08-27 00:00:00+00:00,SOLUSDT,0.38036226614463875
2023-08-28 00:00:00+00:00,SOLUSDT,0.47827437399507844
2023-08-29 00:00:00+00:00,SOLUSDT,1.5121260540255324
2023-08-30 00:00:00+00:00,SOLUSDT,0.5804350331452628
2023-08-31 00:00:00+00:00,SOLUSDT,0.8200740952857206
2023-09-01 00:00:00+00:00,SOLUSDT,0.521750538378908
2023-09-02 00:00:00+00:00,SOLUSDT,0.3907231457867505
2023-09-03 00:00:00+00:00,SOLUSDT,0.3110968153269336
2023-09-04 00:00:00+00:00,SOLUSDT,0.5039266659882836
2023-09-05 00:00:00+00:00,SOLUSDT,0.5845152781684463
2023-09-06 00:00:00+00:00,SOLUSDT,0.5739959833464099
2023-09-07 00:00:00+00:00,SOLUSDT,0.30662338591658145
2023-09-08 00:00:00+00:00,SOLUSDT,0.4770198375268893
2023-09-09 00:00:00+00:00,SOLUSDT,0.23864803858997335
2023-09-10 00:00:00+00:00,SOLUSDT,1.029133181652662
2023-09-11 00:00:00+00:00,SOLUSDT,0.815882888754558
2023-09-12 00:00:00+00:00,SOLUSDT,0.9154532433042666
2023-09-13 00:00:00+00:00,SOLUSDT,0.80810352548558
2023-09-14 00:00:00+00:00,SOLUSDT,1.1465663304488445
2023-09-15 00:00:00+00:00,SOLUSDT,0.6372593711389098
2023-09-16 00:00:00+00:00,SOLUSDT,0.4238927241942901
2023-09-17 00:00:00+00:00,SOLUSDT,0.437655370559521
2023-09-18 00:00:00+00:00,SOLUSDT,0.8293184749892683
2023-09-19 00:00:00+00:00,SOLUSDT,0.6218496518206889
2023-09-20 00:00:00+00:00,SOLUSDT,0.5224046063579751
2023-09-21 00:00:00+00:00,SOLUSDT,0.47775508926243954
2023-09-22 00:00:00+00:00,SOLUSDT,0.3605103170107576
2023-09-23 00:00:00+00:00,SOLUSDT,0.3047680131929841
2023-09-24 00:00:00+00:00,SOLUSDT,0.30626911322521405
2023-09-25 00:00:00+00:00,SOLUSDT,0.330020495334306
2023-09-26 00:00:00+00:00,SOLUSDT,0.36571324485828804
2023-09-27 00:00:00+00:00,SOLUSDT,0.6420432575492336
2023-09-28 00:00:00+00:00,SOLUSDT,0.43923114842362737
2023-09-29 00:00:00+00:00,SOLUSDT,0.504447404307533
2023-09-30 00:00:00+00:00,SOLUSDT,0.6768056289812123
2023-10-01 00:00:00+00:00,SOLUSDT,1.7830498115742186
2023-10-02 00:00:00+00:00,SOLUSDT,1.1004824489861942
2023-10-03 00:00:00+00:00,SOLUSDT,0.8341195068420263
2023-10-04 00:00:00+00:00,SOLUSDT,0.8722406910310571
2023-10-05 00:00:00+00:00,SOLUSDT,0.732578202229597
2023-10-06 00:00:00+00:00,SOLUSDT,0.7153790892897709
2023-10-07 00:00:00+00:00,SOLUSDT,0.5240155287770328
2023-10-08 00:00:00+00:00,SOLUSDT,0.3975735730485324
2023-10-09 00:00:00+00:00,SOLUSDT,0.594464779533026
2023-10-10 00:00:00+00:00,SOLUSDT,0.48114825414272744
2023-10-11 00:00:00+00:00,SOLUSDT,0.5676277663137952
2023-10-12 00:00:00+00:00,SOLUSDT,0.5186167455745372
2023-10-13 00:00:00+00:00,SOLUSDT,0.5602326226650917
2023-10-14 00:00:00+00:00,SOLUSDT,0.30808511945537387
2023-10-15 00:00:00+00:00,SOLUSDT,0.3683964654443768
2023-10-16 00:00:00+00:00,SOLUSDT,0.8501164696818081
2023-10-17 00:00:00+00:00,SOLUSDT,0.843647132191549
2023-10-18 00:00:00+00:00,SOLUSDT,0.4655836820188306
2023-10-19 00:00:00+00:00,SOLUSDT,0.6967964861524056
2023-10-20 00:00:00+00:00,SOLUSDT,0.9730758831523082
2023-10-21 00:00:00+00:00,SOLUSDT,1.4368054792817357
2023-10-22 00:00:00+00:00,SOLUSDT,0.8435124537842023
2023-10-23 00:00:00+00:00,SOLUSDT,1.9609122551540983
2023-10-24 00:00:00+00:00,SOLUSDT,1.0107695787002757
2023-10-25 00:00:00+00:00,SOLUSDT,1.4507104877064259
2023-10-26 00:00:00+00:00,SOLUSDT,1.1582160254048786
2023-10-27 00:00:00+00:00,SOLUSDT,0.9304662231733634
2023-10-28 00:00:00+00:00,SOLUSDT,0.5869089625199411
2023-10-29 00:00:00+00:00,SOLUSDT,0.5173658825254654
2023-10-30 00:00:00+00:00,SOLUSDT,1.0214699503104943
2023-10-31 00:00:00+00:00,SOLUSDT,0.9754412706725455
2023-11-01 00:00:00+00:00,SOLUSDT,2.230317987133778
2023-11-02 00:00:00+00:00,SOLUSDT,1.9536111402632987
2023-11-03 00:00:00+00:00,SOLUSDT,1.0463135226304612
2023-11-04 00:00:00+00:00,SOLUSDT,0.8531259281914014
2023-11-05 00:00:00+00:00,SOLUSDT,0.8658306309700091
2023-11-06 00:00:00+00:00,SOLUSDT,0.977451163100907
2023-11-07 00:00:00+00:00,SOLUSDT,1.3117693967818427
2023-11-08 00:00:00+00:00,SOLUSDT,0.6435299466172536
2023-11-09 00:00:00+00:00,SOLUSDT,1.789820551344419
2023-11-10 00:00:00+00:00,SOLUSDT,1.7813115066344518
2023-11-11 00:00:00+00:00,SOLUSDT,2.4442234536526026
2023-11-12 00:00:00+00:00,SOLUSDT,1.5011628106091757
2023-11-13 00:00:00+00:00,SOLUSDT,1.5488724742272264
2023-11-14 00:00:00+00:00,SOLUSDT,1.8776139309064594
2023-11-15 00:00:00+00:00,SOLUSDT,1.7364418336363177
2023-11-16 00:00:00+00:00,SOLUSDT,1.4982047770627567
2023-11-17 00:00:00+00:00,SOLUSDT,1.7311972071341601
2023-11-18 00:00:00+00:00,SOLUSDT,1.0787271927065245
2023-11-19 00:00:00+00:00,SOLUSDT,1.052504997928099
2023-11-20 00:00:00+00:00,SOLUSDT,0.8823519978341385
2023-11-21 00:00:00+00:00,SOLUSDT,1.4355944099520175
2023-11-22 00:00:00+00:00,SOLUSDT,1.0252848415013929
2023-11-23 00:00:00+00:00,SOLUSDT,0.7466077968085875
2023-11-24 00:00:00+00:00,SOLUSDT,0.5633887121232843
2023-11-25 00:00:00+00:00,SOLUSDT,0.8939308294585286
2023-11-26 00:00:00+00:00,SOLUSDT,0.5355164560411072
2023-11-27 00:00:00+00:00,SOLUSDT,0.7643037830126195
2023-11-28 00:00:00+00:00,SOLUSDT,0.8635571464072638
2023-11-29 00:00:00+00:00,SOLUSDT,0.9183977362105538
2023-11-30 00:00:00+00:00,SOLUSDT,0.7435211192795615
2023-12-01 00:00:00+00:00,SOLUSDT,0.7164471642314916
2023-12-02 00:00:00+00:00,SOLUSDT,0.48750768189216015
2023-12-03 00:00:00+00:00,SOLUSDT,0.8400371697305002
2023-12-04 00:00:00+00:00,SOLUSDT,0.9146465096138057
2023-12-05 00:00:00+00:00,SOLUSDT,0.7439127896862477
2023-12-06 00:00:00+00:00,SOLUSDT,1.5098281749394082
2023-12-07 00:00:00+00:00,SOLUSDT,1.2378368599598226
2023-12-08 00:00:00+00:00,SOLUSDT,1.1152071767273497
2023-12-09 00:00:00+00:00,SOLUSDT,1.110170695502792
2023-12-10 00:00:00+00:00,SOLUSDT,0.9559717366031698
2023-12-11 00:00:00+00:00,SOLUSDT,1.2913365908496608
2023-12-12 00:00:00+00:00,SOLUSDT,1.3083166973991394
2023-12-13 00:00:00+00:00,SOLUSDT,1.4280403167009361
2023-12-14 00:00:00+00:00,SOLUSDT,1.0255188695296413
2023-12-15 00:00:00+00:00,SOLUSDT,1.452014115711324
2023-12-16 00:00:00+00:00,SOLUSDT,0.8771844520371308
2023-12-17 00:00:00+00:00,SOLUSDT,0.8867091210183448
2023-12-18 00:00:00+00:00,SOLUSDT,1.3236271725055
2023-12-19 00:00:00+00:00,SOLUSDT,1.0267591671781824
2023-12-20 00:00:00+00:00,SOLUSDT,1.2853940915459126
2023-12-21 00:00:00+00:00,SOLUSDT,1.3888468992143588
2023-12-22 00:00:00+00:00,SOLUSDT,1.5844527057806128
2023-12-23 00:00:00+00:00,SOLUSDT,1.690554385364862
2023-12-24 00:00:00+00:00,SOLUSDT,1.5914867761962048
2023-12-25 00:00:00+00:00,SOLUSDT,1.461677803640529
2023-12-26 00:00:00+00:00,SOLUSDT,1.964110865459663
2023-12-27 00:00:00+00:00,SOLUSDT,1.575421586435622
2023-12-28 00:00:00+00:00,SOLUSDT,1.4167241079225583
2023-12-29 00:00:00+00:00,SOLUSDT,1.5424074371024734
2023-12-30 00:00:00+00:00,SOLUSDT,0.7381427246959482
2023-12-31 00:00:00+00:00,SOLUSDT,1.0130020495389647
2024-01-01 00:00:00+00:00,SOLUSDT,0.7980155684507223
2024-01-02 00:00:00+00:00,SOLUSDT,1.0246088678650316
2024-01-03 00:00:00+00:00,SOLUSDT,1.862071978349019
2024-01-04 00:00:00+00:00,SOLUSDT,1.160090042820926
2024-01-05 00:00:00+00:00,SOLUSDT,1.2931069112508964
2024-01-06 00:00:00+00:00,SOLUSDT,1.2331593029121373
2024-01-07 00:00:00+00:00,SOLUSDT,1.3173104941439262
2024-01-08 00:00:00+00:00,SOLUSDT,1.2713142651131075
2024-01-09 00:00:00+00:00,SOLUSDT,1.6014155597241255
2024-01-10 00:00:00+00:00,SOLUSDT,1.7056282713763753
2024-01-11 00:00:00+00:00,SOLUSDT,1.4776959981982656
2024-01-12 00:00:00+00:00,SOLUSDT,1.1942532315923677
2024-01-13 00:00:00+00:00,SOLUSDT,0.7842407256545093
2024-01-14 00:00:00+00:00,SOLUSDT,1.3140589390926776
2024-01-15 00:00:00+00:00,SOLUSDT,0.7856764010021913
2024-01-16 00:00:00+00:00,SOLUSDT,0.6823288441640537
2024-01-17 00:00:00+00:00,SOLUSDT,1.0392074393501352
2024-01-18 00:00:00+00:00,SOLUSDT,0.9946279477695621
2024-01-19 00:00:00+00:00,SOLUSDT,1.2437136535349624
2024-01-20 00:00:00+00:00,SOLUSDT,0.6865168883302845
2024-01-21 00:00:00+00:00,SOLUSDT,0.5264439558586678
2024-01-22 00:00:00+00:00,SOLUSDT,1.085817030184848
2024-01-23 00:00:00+00:00,SOLUSDT,1.2857989627445696
2024-01-24 00:00:00+00:00,SOLUSDT,0.9261869760313941
2024-01-25 00:00:00+00:00,SOLUSDT,0.9865111753365519
2024-01-26 00:00:00+00:00,SOLUSDT,1.0222935178540544
2024-01-27 00:00:00+00:00,SOLUSDT,0.43876782844130774
2024-01-28 00:00:00+00:00,SOLUSDT,0.9298526450040577
2024-01-29 00:00:00+00:00,SOLUSDT,1.0152028031896525
2024-01-30 00:00:00+00:00,SOLUSDT,0.8559845550351984
2024-01-31 00:00:00+00:00,SOLUSDT,1.0926806200025239
2024-02-01 00:00:00+00:00,SOLUSDT,0.9213117001560659
2024-02-02 00:00:00+00:00,SOLUSDT,0.9197295051816285
2024-02-03 00:00:00+00:00,SOLUSDT,0.44271554983800265
2024-02-04 00:00:00+00:00,SOLUSDT,0.4021972814769582
2024-02-05 00:00:00+00:00,SOLUSDT,0.6857411628303487
2024-02-06 00:00:00+00:00,SOLUSDT,0.727284491936367
2024-02-07 00:00:00+00:00,SOLUSDT,0.6845068238138674
2024-02-08 00:00:00+00:00,SOLUSDT,0.7329314545901312
2024-02-09 00:00:00+00:00,SOLUSDT,0.9851838974178628
2024-02-10 00:00:00+00:00,SOLUSDT,0.6744440121602585
2024-02-11 00:00:00+00:00,SOLUSDT,0.46607204477247005
2024-02-12 00:00:00+00:00,SOLUSDT,0.8898363000489967
2024-02-13 00:00:00+00:00,SOLUSDT,0.9488248742521984
2024-02-14 00:00:00+00:00,SOLUSDT,0.7453543247420078
2024-02-15 00:00:00+00:00,SOLUSDT,0.7859991134113198
2024-02-16 00:00:00+00:00,SOLUSDT,0.666314754602704
2024-02-17 00:00:00+00:00,SOLUSDT,0.5827002092500654
2024-02-18 00:00:00+00:00,SOLUSDT,0.5829066346082308
2024-02-19 00:00:00+00:00,SOLUSDT,0.5466231211107169
2024-02-20 00:00:00+00:00,SOLUSDT,0.9308983731964726
2024-02-21 00:00:00+00:00,SOLUSDT,1.060854176054849
2024-02-22 00:00:00+00:00,SOLUSDT,0.8949106447468433
2024-02-23 00:00:00+00:00,SOLUSDT,0.7302229867780373
2024-02-24 00:00:00+00:00,SOLUSDT,0.6130478760972047
2024-02-25 00:00:00+00:00,SOLUSDT,0.3412598346305795
2024-02-26 00:00:00+00:00,SOLUSDT,0.9889239764604257
2024-02-27 00:00:00+00:00,SOLUSDT,0.7744736180264734
2024-02-28 00:00:00+00:00,SOLUSDT,1.4200929893944647
2024-02-29 00:00:00+00:00,SOLUSDT,1.8461563564181702
2024-03-01 00:00:00+00:00,SOLUSDT,1.7013907969794655
2024-03-02 00:00:00+00:00,SOLUSDT,0.6973109377342162
2024-03-03 00:00:00+00:00,SOLUSDT,0.8025805858469582
2024-03-04 00:00:00+00:00,SOLUSDT,1.1221468355594562
2024-03-05 00:00:00+00:00,SOLUSDT,2.599311192060345
2024-03-06 00:00:00+00:00,SOLUSDT,1.4380252327485346
2024-03-07 00:00:00+00:00,SOLUSDT,1.4010455264332105
2024-03-08 00:00:00+00:00,SOLUSDT,1.3117630590239946
2024-03-09 00:00:00+00:00,SOLUSDT,0.5511475656730415
2024-03-10 00:00:00+00:00,SOLUSDT,0.729209624622278
2024-03-11 00:00:00+00:00,SOLUSDT,1.114225247960137
2024-03-12 00:00:00+00:00,SOLUSDT,1.1165340200441385
2024-03-13 00:00:00+00:00,SOLUSDT,1.135067632362672
2024-03-14 00:00:00+00:00,SOLUSDT,1.5566997028389935
2024-03-15 00:00:00+00:00,SOLUSDT,2.4246752503309787
2024-03-16 00:00:00+00:00,SOLUSDT,1.5237309308442757
2024-03-17 00:00:00+00:00,SOLUSDT,1.5404970317436948
2024-03-18 00:00:00+00:00,SOLUSDT,1.3436095246881063
2024-03-19 00:00:00+00:00,SOLUSDT,1.931457766061964
2024-03-20 00:00:00+00:00,SOLUSDT,2.186108442359064
2024-03-21 00:00:00+00:00,SOLUSDT,0.8989893099312845
2024-03-22 00:00:00+00:00,SOLUSDT,1.2031435116095015
2024-03-23 00:00:00+00:00,SOLUSDT,0.828946984124961
2024-03-24 00:00:00+00:00,SOLUSDT,0.9519857782268418
2024-03-25 00:00:00+00:00,SOLUSDT,0.8111519338215504
2024-03-26 00:00:00+00:00,SOLUSDT,0.700194267084143
2024-03-27 00:00:00+00:00,SOLUSDT,0.9348050544610357
2024-03-28 00:00:00+00:00,SOLUSDT,0.8123539499779345
2024-03-29 00:00:00+00:00,SOLUSDT,0.8613907807977569
2024-03-30 00:00:00+00:00,SOLUSDT,0.8242368988974581
2024-03-31 00:00:00+00:00,SOLUSDT,0.5174980952801042
2024-04-01 00:00:00+00:00,SOLUSDT,1.1364285540606915
2024-04-02 00:00:00+00:00,SOLUSDT,1.027378122879965
2024-04-03 00:00:00+00:00,SOLUSDT,0.868257455089143
2024-04-04 00:00:00+00:00,SOLUSDT,0.7530751677029368
2024-04-05 00:00:00+00:00,SOLUSDT,0.9305820020902734
2024-04-06 00:00:00+00:00,SOLUSDT,0.5443550958309423
2024-04-07 00:00:00+00:00,SOLUSDT,0.7276081741759364
2024-04-08 00:00:00+00:00,SOLUSDT,0.695011490469068
2024-04-09 00:00:00+00:00,SOLUSDT,0.6045882535857736
2024-04-10 00:00:00+00:00,SOLUSDT,1.0628507629939712
2024-04-11 00:00:00+00:00,SOLUSDT,0.519737767571167
2024-04-12 00:00:00+00:00,SOLUSDT,1.763309519425461
2024-04-13 00:00:00+00:00,SOLUSDT,3.1770223735211287
2024-04-14 00:00:00+00:00,SOLUSDT,2.0081951312495794
2024-04-15 00:00:00+00:00,SOLUSDT,1.4643160101274433
2024-04-16 00:00:00+00:00,SOLUSDT,1.5909493029496018
2024-04-17 00:00:00+00:00,SOLUSDT,1.4860376530877164
2024-04-18 00:00:00+00:00,SOLUSDT,1.2395202444195053
2024-04-19 00:00:00+00:00,SOLUSDT,1.679603293868485
2024-04-20 00:00:00+00:00,SOLUSDT,0.9881260704764598
2024-04-21 00:00:00+00:00,SOLUSDT,0.7484270382134574
2024-04-22 00:00:00+00:00,SOLUSDT,0.7709578444244926
2024-04-23 00:00:00+00:00,SOLUSDT,0.6925144107134422
2024-04-24 00:00:00+00:00,SOLUSDT,1.0783482250645287
2024-04-25 00:00:00+00:00,SOLUSDT,0.8329433431436313
2024-04-26 00:00:00+00:00,SOLUSDT,0.7991751871859777
2024-04-27 00:00:00+00:00,SOLUSDT,0.8478119618482929
2024-04-28 00:00:00+00:00,SOLUSDT,0.6146647391329996
2024-04-29 00:00:00+00:00,SOLUSDT,0.9321562572708916
2024-04-30 00:00:00+00:00,SOLUSDT,1.0479882967952703
2024-05-01 00:00:00+00:00,SOLUSDT,1.634475810066333
2024-05-02 00:00:00+00:00,SOLUSDT,1.2107659639263932
2024-05-03 00:00:00+00:00,SOLUSDT,0.9407224684615627
2024-05-04 00:00:00+00:00,SOLUSDT,0.7786850358955961
2024-05-05 00:00:00+00:00,SOLUSDT,0.36900660519604267
2024-05-06 00:00:00+00:00,SOLUSDT,1.2504313133551697
2024-05-07 00:00:00+00:00,SOLUSDT,1.0673233821247234
2024-05-08 00:00:00+00:00,SOLUSDT,0.8893747423725118
2024-05-09 00:00:00+00:00,SOLUSDT,0.8809568228797452
2024-05-10 00:00:00+00:00,SOLUSDT,0.9290537279316381
2024-05-11 00:00:00+00:00,SOLUSDT,0.49343983786987783
2024-05-12 00:00:00+00:00,SOLUSDT,0.4755784059382832
2024-05-13 00:00:00+00:00,SOLUSDT,1.0113391930957374
2024-05-14 00:00:00+00:00,SOLUSDT,0.6230726459462704
2024-05-15 00:00:00+00:00,SOLUSDT,0.8330859672165702
2024-05-16 00:00:00+00:00,SOLUSDT,0.9704144919798808
2024-05-17 00:00:00+00:00,SOLUSDT,0.8791649190318033
2024-05-18 00:00:00+00:00,SOLUSDT,0.4918732461399091
2024-05-19 00:00:00+00:00,SOLUSDT,0.5820709111594627
2024-05-20 00:00:00+00:00,SOLUSDT,1.1355988481891734
2024-05-21 00:00:00+00:00,SOLUSDT,0.650326420426979
2024-05-22 00:00:00+00:00,SOLUSDT,0.9091545625010167
2024-05-23 00:00:00+00:00,SOLUSDT,1.1124960758806746
2024-05-24 00:00:00+00:00,SOLUSDT,0.7065417473381772
2024-05-25 00:00:00+00:00,SOLUSDT,0.5100351174587984
2024-05-26 00:00:00+00:00,SOLUSDT,0.5579628394132291
2024-05-27 00:00:00+00:00,SOLUSDT,0.6313343301432801
2024-05-28 00:00:00+00:00,SOLUSDT,0.6848282088245493
2024-05-29 00:00:00+00:00,SOLUSDT,0.747266697594723
2024-05-30 00:00:00+00:00,SOLUSDT,0.6412520936468923
2024-05-31 00:00:00+00:00,SOLUSDT,0.4865785864011209
2024-06-01 00:00:00+00:00,SOLUSDT,0.22455848181690105
2024-06-02 00:00:00+00:00,SOLUSDT,0.4523427936533713
2024-06-03 00:00:00+00:00,SOLUSDT,0.6273443240084507
2024-06-04 00:00:00+00:00,SOLUSDT,0.39748642790117145
2024-06-05 00:00:00+00:00,SOLUSDT,0.3957187493644182
2024-06-06 00:00:00+00:00,SOLUSDT,0.4155853112422879
2024-06-07 00:00:00+00:00,SOLUSDT,0.754147415615661
2024-06-08 00:00:00+00:00,SOLUSDT,0.3812063791729135
2024-06-09 00:00:00+00:00,SOLUSDT,0.43704502260642286
2024-06-10 00:00:00+00:00,SOLUSDT,0.5853771613007056
2024-06-11 00:00:00+00:00,SOLUSDT,0.8075999393071903
2024-06-12 00:00:00+00:00,SOLUSDT,1.2508446335057206
2024-06-13 00:00:00+00:00,SOLUSDT,0.6049080978213179
2024-06-14 00:00:00+00:00,SOLUSDT,0.6998882885227098
2024-06-15 00:00:00+00:00,SOLUSDT,0.33644791463271057
2024-06-16 00:00:00+00:00,SOLUSDT,0.47706642937973226
2024-06-17 00:00:00+00:00,SOLUSDT,0.8129544292978521
2024-06-18 00:00:00+00:00,SOLUSDT,1.6416148866197515
2024-06-19 00:00:00+00:00,SOLUSDT,0.683829836193616
2024-06-20 00:00:00+00:00,SOLUSDT,0.8229161290674766
2024-06-21 00:00:00+00:00,SOLUSDT,0.9776490954093928
2024-06-22 00:00:00+00:00,SOLUSDT,0.3935857390366562
2024-06-23 00:00:00+00:00,SOLUSDT,0.42438589954521067
2024-06-24 00:00:00+00:00,SOLUSDT,1.0606868310158195
2024-06-25 00:00:00+00:00,SOLUSDT,0.881266655546337
2024-06-26 00:00:00+00:00,SOLUSDT,0.7201870737947179
2024-06-27 00:00:00+00:00,SOLUSDT,1.213885201631914
2024-06-28 00:00:00+00:00,SOLUSDT,0.7225448879107261
2024-06-29 00:00:00+00:00,SOLUSDT,0.37668850000408377
2024-06-30 00:00:00+00:00,SOLUSDT,0.6531603904913734
2024-07-01 00:00:00+00:00,SOLUSDT,0.4285860014436616
2024-07-02 00:00:00+00:00,SOLUSDT,0.6034072436742143
2024-07-03 00:00:00+00:00,SOLUSDT,0.9145272226736558
2024-07-04 00:00:00+00:00,SOLUSDT,1.4382032050761804
2024-07-05 00:00:00+00:00,SOLUSDT,1.6912028946930193
2024-07-06 00:00:00+00:00,SOLUSDT,0.6769041592794347
2024-07-07 00:00:00+00:00,SOLUSDT,0.8129895723959061
2024-07-08 00:00:00+00:00,SOLUSDT,1.4463055906766937
2024-07-09 00:00:00+00:00,SOLUSDT,0.7744686053976599
2024-07-10 00:00:00+00:00,SOLUSDT,0.7512530683357016
2024-07-11 00:00:00+00:00,SOLUSDT,0.6535367129203619
2024-07-12 00:00:00+00:00,SOLUSDT,0.6626604624575745
2024-07-13 00:00:00+00:00,SOLUSDT,0.5077224833477372
2024-07-14 00:00:00+00:00,SOLUSDT,0.7174958675498858
2024-07-15 00:00:00+00:00,SOLUSDT,0.6171063643824591
2024-07-16 00:00:00+00:00,SOLUSDT,0.9539901828817499
2024-07-17 00:00:00+00:00,SOLUSDT,0.6155586290376186
2024-07-18 00:00:00+00:00,SOLUSDT,0.743352967634007
2024-07-19 00:00:00+00:00,SOLUSDT,0.8767797426953556
2024-07-20 00:00:00+00:00,SOLUSDT,0.6719704647951255
2024-07-21 00:00:00+00:00,SOLUSDT,0.8684429763944602
2024-07-22 00:00:00+00:00,SOLUSDT,0.723112853519187
2024-07-23 00:00:00+00:00,SOLUSDT,1.0392259421818073
2024-07-24 00:00:00+00:00,SOLUSDT,0.9788697268100021
2024-07-25 00:00:00+00:00,SOLUSDT,1.025832329549194
2024-07-26 00:00:00+00:00,SOLUSDT,0.6465046376976101
2024-07-27 00:00:00+00:00,SOLUSDT,0.7566684456092257
2024-07-28 00:00:00+00:00,SOLUSDT,0.510185198640055
2024-07-29 00:00:00+00:00,SOLUSDT,0.9011521417264332
2024-07-30 00:00:00+00:00,SOLUSDT,0.6699394840477036
2024-07-31 00:00:00+00:00,SOLUSDT,0.8736675418451282
2024-08-01 00:00:00+00:00,SOLUSDT,1.0308183183372457
2024-08-02 00:00:00+00:00,SOLUSDT,1.3309317277512867
2024-08-03 00:00:00+00:00,SOLUSDT,1.0981016064942526
2024-08-04 00:00:00+00:00,SOLUSDT,1.5212804970161875
2024-08-05 00:00:00+00:00,SOLUSDT,3.2945539452466823
2024-08-06 00:00:00+00:00,SOLUSDT,1.905852941930564
2024-08-07 00:00:00+00:00,SOLUSDT,1.231114471960545
2024-08-08 00:00:00+00:00,SOLUSDT,1.6053273606159169
2024-08-09 00:00:00+00:00,SOLUSDT,0.8402331698627342
2024-08-10 00:00:00+00:00,SOLUSDT,0.4353634004447919
2024-08-11 00:00:00+00:00,SOLUSDT,0.6372300898804915
2024-08-12 00:00:00+00:00,SOLUSDT,1.3405228022768148
2024-08-13 00:00:00+00:00,SOLUSDT,0.7848285920073257
2024-08-14 00:00:00+00:00,SOLUSDT,0.6722915258829358
2024-08-15 00:00:00+00:00,SOLUSDT,1.0386079671946253
2024-08-16 00:00:00+00:00,SOLUSDT,0.7587013300218415
2024-08-17 00:00:00+00:00,SOLUSDT,0.43029011510354864
2024-08-18 00:00:00+00:00,SOLUSDT,0.6950371023439261
2024-08-19 00:00:00+00:00,SOLUSDT,0.4814681522143993
2024-08-20 00:00:00+00:00,SOLUSDT,0.7248002457728757
2024-08-21 00:00:00+00:00,SOLUSDT,0.452236977651727
2024-08-22 00:00:00+00:00,SOLUSDT,0.39863165653402677
2024-08-23 00:00:00+00:00,SOLUSDT,0.6317261106629207
2024-08-24 00:00:00+00:00,SOLUSDT,0.6286933839505442
2024-08-25 00:00:00+00:00,SOLUSDT,0.5753880695221606
2024-08-26 00:00:00+00:00,SOLUSDT,0.6270875510343007
2024-08-27 00:00:00+00:00,SOLUSDT,0.8205813511789339
2024-08-28 00:00:00+00:00,SOLUSDT,0.9093360185249356
2024-08-29 00:00:00+00:00,SOLUSDT,0.7805931459368253
2024-08-30 00:00:00+00:00,SOLUSDT,0.949816518389576
2024-08-31 00:00:00+00:00,SOLUSDT,0.42339960978145946
2024-09-01 00:00:00+00:00,SOLUSDT,1.0825391972362515
2024-09-02 00:00:00+00:00,SOLUSDT,0.8798381851681818
2024-09-03 00:00:00+00:00,SOLUSDT,0.6661281756889893
2024-09-04 00:00:00+00:00,SOLUSDT,0.7788845959138929
2024-09-05 00:00:00+00:00,SOLUSDT,0.7933682473415533
2024-09-06 00:00:00+00:00,SOLUSDT,1.2853651618811053
2024-09-07 00:00:00+00:00,SOLUSDT,0.4902406090007789
2024-09-08 00:00:00+00:00,SOLUSDT,0.5549996587148579
2024-09-09 00:00:00+00:00,SOLUSDT,0.9014864278123348
2024-09-10 00:00:00+00:00,SOLUSDT,0.5550677356156216
2024-09-11 00:00:00+00:00,SOLUSDT,0.7122838775098291
2024-09-12 00:00:00+00:00,SOLUSDT,0.42411306404881505
2024-09-13 00:00:00+00:00,SOLUSDT,0.6150587357020466
2024-09-14 00:00:00+00:00,SOLUSDT,0.31585190499991134
2024-09-15 00:00:00+00:00,SOLUSDT,0.3617766855252209
2024-09-16 00:00:00+00:00,SOLUSDT,0.6478624696429706
2024-09-17 00:00:00+00:00,SOLUSDT,0.6832253179428472
2024-09-18 00:00:00+00:00,SOLUSDT,0.8001828388024937
2024-09-19 00:00:00+00:00,SOLUSDT,0.5892834648962211
2024-09-20 00:00:00+00:00,SOLUSDT,0.9121185854441289
2024-09-21 00:00:00+00:00,SOLUSDT,0.46753424406947436
2024-09-22 00:00:00+00:00,SOLUSDT,0.8133346533733031
2024-09-23 00:00:00+00:00,SOLUSDT,0.5316359793846718
2024-09-24 00:00:00+00:00,SOLUSDT,0.8590816050583009
2024-09-25 00:00:00+00:00,SOLUSDT,0.5817752986756033
2024-09-26 00:00:00+00:00,SOLUSDT,0.7411641490651292
2024-09-27 00:00:00+00:00,SOLUSDT,0.6513007561187166
2024-09-28 00:00:00+00:00,SOLUSDT,0.3839957588814655
2024-09-29 00:00:00+00:00,SOLUSDT,0.4138126730091359
2024-09-30 00:00:00+00:00,SOLUSDT,0.677641114074706
2024-10-01 00:00:00+00:00,SOLUSDT,0.7505981863932815
2024-10-02 00:00:00+00:00,SOLUSDT,0.9760298920647054
2024-10-03 00:00:00+00:00,SOLUSDT,0.8890280105666802
2024-10-04 00:00:00+00:00,SOLUSDT,0.7744711847359683
2024-10-05 00:00:00+00:00,SOLUSDT,0.5119509133212254
2024-10-06 00:00:00+00:00,SOLUSDT,0.4851446755158117
2024-10-07 00:00:00+00:00,SOLUSDT,0.9859539770293989
2024-10-08 00:00:00+00:00,SOLUSDT,0.5314778223735703
2024-10-09 00:00:00+00:00,SOLUSDT,0.6447624919332946
2024-10-10 00:00:00+00:00,SOLUSDT,0.5816695076902526
2024-10-11 00:00:00+00:00,SOLUSDT,0.3076740536635868
2024-10-12 00:00:00+00:00,SOLUSDT,0.34272283040041956
2024-10-13 00:00:00+00:00,SOLUSDT,0.4724827471323417
2024-10-14 00:00:00+00:00,SOLUSDT,0.7295888715192376
2024-10-15 00:00:00+00:00,SOLUSDT,1.2634783185259508
2024-10-16 00:00:00+00:00,SOLUSDT,0.38145638461313935
2024-10-17 00:00:00+00:00,SOLUSDT,0.5874920525012052
2024-10-18 00:00:00+00:00,SOLUSDT,0.5552087058205246
2024-10-19 00:00:00+00:00,SOLUSDT,0.455715782941937
2024-10-20 00:00:00+00:00,SOLUSDT,0.6213758714510411
2024-10-21 00:00:00+00:00,SOLUSDT,0.7681451066050413
2024-10-22 00:00:00+00:00,SOLUSDT,0.8470614488026604
2024-10-23 00:00:00+00:00,SOLUSDT,0.8723438794582825
2024-10-24 00:00:00+00:00,SOLUSDT,0.5403343502045903
2024-10-25 00:00:00+00:00,SOLUSDT,0.9262849595738037
2024-10-26 00:00:00+00:00,SOLUSDT,0.5300586059390462
2024-10-27 00:00:00+00:00,SOLUSDT,0.49941289135025996
2024-10-28 00:00:00+00:00,SOLUSDT,0.5098580781803784
2024-10-29 00:00:00+00:00,SOLUSDT,0.6280501774621691
2024-10-30 00:00:00+00:00,SOLUSDT,0.5853816210721589
2024-10-31 00:00:00+00:00,SOLUSDT,0.538847283829038
2024-11-01 00:00:00+00:00,SOLUSDT,1.1367238258415218
2024-11-02 00:00:00+00:00,SOLUSDT,0.42434723254469037
2024-11-03 00:00:00+00:00,SOLUSDT,0.7658169240914029
2024-11-04 00:00:00+00:00,SOLUSDT,0.8620765889383288
2024-11-05 00:00:00+00:00,SOLUSDT,0.8454457111639274
2024-11-06 00:00:00+00:00,SOLUSDT,1.2201233459000904
2024-11-07 00:00:00+00:00,SOLUSDT,0.825915090865178
2024-11-08 00:00:00+00:00,SOLUSDT,0.9485466748704322
2024-11-09 00:00:00+00:00,SOLUSDT,0.4930366503484958
2024-11-10 00:00:00+00:00,SOLUSDT,1.1897938688974137
2024-11-11 00:00:00+00:00,SOLUSDT,0.7100140658705049
2024-11-12 00:00:00+00:00,SOLUSDT,1.2946838190602965
2024-11-13 00:00:00+00:00,SOLUSDT,1.319779296741417
2024-11-14 00:00:00+00:00,SOLUSDT,1.1791429245191785
2024-11-15 00:00:00+00:00,SOLUSDT,0.8306540755469423
2024-11-16 00:00:00+00:00,SOLUSDT,0.6373653351230328
2024-11-17 00:00:00+00:00,SOLUSDT,1.5402030387386763
2024-11-18 00:00:00+00:00,SOLUSDT,0.966880957092638
2024-11-19 00:00:00+00:00,SOLUSDT,0.767149243538673
2024-11-20 00:00:00+00:00,SOLUSDT,0.6636151588724195
2024-11-21 00:00:00+00:00,SOLUSDT,1.144009172795012
2024-11-22 00:00:00+00:00,SOLUSDT,0.8118587253748119
2024-11-23 00:00:00+00:00,SOLUSDT,0.7537211065834765
2024-11-24 00:00:00+00:00,SOLUSDT,0.8139113387776618
2024-11-25 00:00:00+00:00,SOLUSDT,0.8018824095363679
2024-11-26 00:00:00+00:00,SOLUSDT,1.0915296350887258
2024-11-27 00:00:00+00:00,SOLUSDT,0.7148132750509967
2024-11-28 00:00:00+00:00,SOLUSDT,0.6124837886597113
2024-11-29 00:00:00+00:00,SOLUSDT,0.6874343596741506
2024-11-30 00:00:00+00:00,SOLUSDT,0.5500719088955565
2024-12-01 00:00:00+00:00,SOLUSDT,0.49011336640679876
2024-12-02 00:00:00+00:00,SOLUSDT,1.194482396731939
2024-12-03 00:00:00+00:00,SOLUSDT,1.2843166891060762
2024-12-04 00:00:00+00:00,SOLUSDT,1.043516407466532
2024-12-05 00:00:00+00:00,SOLUSDT,0.9769553792406339
2024-12-06 00:00:00+00:00,SOLUSDT,0.8596650105436976
2024-12-07 00:00:00+00:00,SOLUSDT,0.5224984992838578
2024-12-08 00:00:00+00:00,SOLUSDT,0.536572066413251
2024-12-09 00:00:00+00:00,SOLUSDT,0.8955980122827325
2024-12-10 00:00:00+00:00,SOLUSDT,1.6792685268503729
2024-12-11 00:00:00+00:00,SOLUSDT,0.7347688790346857
2024-12-12 00:00:00+00:00,SOLUSDT,0.7862633226939577
2024-12-13 00:00:00+00:00,SOLUSDT,0.5197222908104048
2024-12-14 00:00:00+00:00,SOLUSDT,0.564331485849553
2024-12-15 00:00:00+00:00,SOLUSDT,0.7480854098648113
2024-12-16 00:00:00+00:00,SOLUSDT,0.8052195361820719
2024-12-17 00:00:00+00:00,SOLUSDT,1.1363988756286199
2024-12-18 00:00:00+00:00,SOLUSDT,0.9866986046981536
2024-12-19 00:00:00+00:00,SOLUSDT,1.355719735378855
2024-12-20 00:00:00+00:00,SOLUSDT,1.8647652837747053
2024-12-21 00:00:00+00:00,SOLUSDT,0.9173728110882309
2024-12-22 00:00:00+00:00,SOLUSDT,1.0299785280762126
2024-12-23 00:00:00+00:00,SOLUSDT,1.265034706177505
2024-12-24 00:00:00+00:00,SOLUSDT,0.8504551526266273
2024-12-25 00:00:00+00:00,SOLUSDT,0.5586309066867214
2024-12-26 00:00:00+00:00,SOLUSDT,0.6205882343279621
2024-12-27 00:00:00+00:00,SOLUSDT,0.9148909294123276
2024-12-28 00:00:00+00:00,SOLUSDT,0.5252977474112059
2024-12-29 00:00:00+00:00,SOLUSDT,0.5620823007684177
2024-12-30 00:00:00+00:00,SOLUSDT,1.0741696261131195
2024-12-31 00:00:00+00:00,SOLUSDT,0.7034153313804681
2025-01-01 00:00:00+00:00,SOLUSDT,0.5672905511093046
2025-01-02 00:00:00+00:00,SOLUSDT,0.7067443730221965
2025-01-03 00:00:00+00:00,SOLUSDT,0.7015942681480676
2025-01-04 00:00:00+00:00,SOLUSDT,0.3340816902518266
2025-01-05 00:00:00+00:00,SOLUSDT,0.40155999214355764
2025-01-06 00:00:00+00:00,SOLUSDT,0.5253652960742196
2025-01-07 00:00:00+00:00,SOLUSDT,0.5441316258632665
2025-01-08 00:00:00+00:00,SOLUSDT,0.7890212186677262
2025-01-09 00:00:00+00:00,SOLUSDT,1.052908761572395
2025-01-10 00:00:00+00:00,SOLUSDT,1.0960223200380967
2025-01-11 00:00:00+00:00,SOLUSDT,0.562072384081503
2025-01-12 00:00:00+00:00,SOLUSDT,0.4352926925786763
2025-01-13 00:00:00+00:00,SOLUSDT,0.9857884436688837
2025-01-14 00:00:00+00:00,SOLUSDT,0.5658644782317694
2025-01-15 00:00:00+00:00,SOLUSDT,1.1248700274933379
2025-01-16 00:00:00+00:00,SOLUSDT,1.5363334667825803
2025-01-17 00:00:00+00:00,SOLUSDT,0.8278703887983652
2025-01-18 00:00:00+00:00,SOLUSDT,2.513369723798431
2025-01-19 00:00:00+00:00,SOLUSDT,2.8946698170090044
2025-01-20 00:00:00+00:00,SOLUSDT,2.7935637983241692
2025-01-21 00:00:00+00:00,SOLUSDT,1.5782504811558147
2025-01-22 00:00:00+00:00,SOLUSDT,1.3071856165876554
2025-01-23 00:00:00+00:00,SOLUSDT,1.1782670564674358
2025-01-24 00:00:00+00:00,SOLUSDT,1.1141512417816082
2025-01-25 00:00:00+00:00,SOLUSDT,0.7664160413472174
2025-01-26 00:00:00+00:00,SOLUSDT,0.8055508958145158
2025-01-27 00:00:00+00:00,SOLUSDT,1.4503117916072306
2025-01-28 00:00:00+00:00,SOLUSDT,0.7802494867171088
2025-01-29 00:00:00+00:00,SOLUSDT,0.773994937848611
2025-01-30 00:00:00+00:00,SOLUSDT,0.7021702324330654
2025-01-31 00:00:00+00:00,SOLUSDT,0.8147879890082832
2025-02-01 00:00:00+00:00,SOLUSDT,0.6894940250453404
2025-02-02 00:00:00+00:00,SOLUSDT,1.5598713955911057
2025-02-03 00:00:00+00:00,SOLUSDT,2.7278338847523345
2025-02-04 00:00:00+00:00,SOLUSDT,1.439086668777122
2025-02-05 00:00:00+00:00,SOLUSDT,0.7339171854505093
2025-02-06 00:00:00+00:00,SOLUSDT,0.9953750564713439
2025-02-07 00:00:00+00:00,SOLUSDT,1.195236523448188
2025-02-08 00:00:00+00:00,SOLUSDT,0.5435003040056439
2025-02-09 00:00:00+00:00,SOLUSDT,1.0619745315968985
2025-02-10 00:00:00+00:00,SOLUSDT,1.111829010859864
2025-02-11 00:00:00+00:00,SOLUSDT,0.7891716056986152
2025-02-12 00:00:00+00:00,SOLUSDT,0.7911382727043164
2025-02-13 00:00:00+00:00,SOLUSDT,0.5969185683053019
2025-02-14 00:00:00+00:00,SOLUSDT,0.6948100510104629
2025-02-15 00:00:00+00:00,SOLUSDT,0.38614003792224133
2025-02-16 00:00:00+00:00,SOLUSDT,0.4331368785961574
2025-02-17 00:00:00+00:00,SOLUSDT,0.9423439975904127
2025-02-18 00:00:00+00:00,SOLUSDT,1.4934046800705756
2025-02-19 00:00:00+00:00,SOLUSDT,0.9730572124336747
2025-02-20 00:00:00+00:00,SOLUSDT,0.6970823978496691
2025-02-21 00:00:00+00:00,SOLUSDT,0.9693201944878007
2025-02-22 00:00:00+00:00,SOLUSDT,0.5145385433137438
2025-02-23 00:00:00+00:00,SOLUSDT,0.4696092121249679
2025-02-24 00:00:00+00:00,SOLUSDT,1.5948018391831809
2025-02-25 00:00:00+00:00,SOLUSDT,1.6649077838389177
2025-02-26 00:00:00+00:00,SOLUSDT,1.2140706719224383
2025-02-27 00:00:00+00:00,SOLUSDT,1.1081631226467021
2025-02-28 00:00:00+00:00,SOLUSDT,1.6097168964798096
2025-03-01 00:00:00+00:00,SOLUSDT,1.0970579054824534
2025-03-02 00:00:00+00:00,SOLUSDT,2.9031577652406173
2025-03-03 00:00:00+00:00,SOLUSDT,2.3693759683232436
2025-03-04 00:00:00+00:00,SOLUSDT,1.5162368924890577
2025-03-05 00:00:00+00:00,SOLUSDT,1.0019093390449565
2025-03-06 00:00:00+00:00,SOLUSDT,1.1717408300314984
2025-03-07 00:00:00+00:00,SOLUSDT,1.7376375115037277
2025-03-08 00:00:00+00:00,SOLUSDT,0.5344142487472231
2025-03-09 00:00:00+00:00,SOLUSDT,0.8977383691872896
2025-03-10 00:00:00+00:00,SOLUSDT,1.4991858227133044
2025-03-11 00:00:00+00:00,SOLUSDT,1.5178564807028823
2025-03-12 00:00:00+00:00,SOLUSDT,1.0738036932071926
2025-03-13 00:00:00+00:00,SOLUSDT,0.8696246464013794
2025-03-14 00:00:00+00:00,SOLUSDT,0.6745852678729826
2025-03-15 00:00:00+00:00,SOLUSDT,0.4865828849026396
2025-03-16 00:00:00+00:00,SOLUSDT,0.7754830893478164
2025-03-17 00:00:00+00:00,SOLUSDT,0.6746319704039629
2025-03-18 00:00:00+00:00,SOLUSDT,0.5847019056711515
2025-03-19 00:00:00+00:00,SOLUSDT,0.8612134993217119
2025-03-20 00:00:00+00:00,SOLUSDT,0.8346428562817082
2025-03-21 00:00:00+00:00,SOLUSDT,0.5215340871700924
2025-03-22 00:00:00+00:00,SOLUSDT,0.41784246594007746
2025-03-23 00:00:00+00:00,SOLUSDT,0.46557501411429536
2025-03-24 00:00:00+00:00,SOLUSDT,0.9377623182650235
2025-03-25 00:00:00+00:00,SOLUSDT,0.7430906515083338
2025-03-26 00:00:00+00:00,SOLUSDT,0.6879928226188957
2025-03-27 00:00:00+00:00,SOLUSDT,0.6287958078280877
2025-03-28 00:00:00+00:00,SOLUSDT,0.5967409186958308
2025-03-29 00:00:00+00:00,SOLUSDT,0.7147603296060759
2025-03-30 00:00:00+00:00,SOLUSDT,0.6098611914498396
2025-03-31 00:00:00+00:00,SOLUSDT,0.8612272195326435
2025-04-01 00:00:00+00:00,SOLUSDT,0.7353317576620894
2025-04-02 00:00:00+00:00,SOLUSDT,1.4780216205217813
2025-04-03 00:00:00+00:00,SOLUSDT,1.075459683763837
2025-04-04 00:00:00+00:00,SOLUSDT,1.2321510290287605
2025-04-05 00:00:00+00:00,SOLUSDT,0.5165277230627352
2025-04-06 00:00:00+00:00,SOLUSDT,0.963158928990274
2025-04-07 00:00:00+00:00,SOLUSDT,2.0279342261563174
2025-04-08 00:00:00+00:00,SOLUSDT,1.3797756702620456
2025-04-09 00:00:00+00:00,SOLUSDT,2.219301763946912
2025-04-10 00:00:00+00:00,SOLUSDT,0.8428471344400567
2025-04-11 00:00:00+00:00,SOLUSDT,0.7625810482283998
2025-04-12 00:00:00+00:00,SOLUSDT,0.8567383915775414
2025-04-13 00:00:00+00:00,SOLUSDT,1.000937775653963
2025-04-14 00:00:00+00:00,SOLUSDT,1.173763124138253
2025-04-15 00:00:00+00:00,SOLUSDT,0.6392587840233221
2025-04-16 00:00:00+00:00,SOLUSDT,1.2747844610993995
2025-04-17 00:00:00+00:00,SOLUSDT,0.8721154661223305
2025-04-18 00:00:00+00:00,SOLUSDT,0.38675998600247025
2025-04-19 00:00:00+00:00,SOLUSDT,0.5123658068094519
2025-04-20 00:00:00+00:00,SOLUSDT,0.5835282641025284
2025-04-21 00:00:00+00:00,SOLUSDT,0.9494703639537432
2025-04-22 00:00:00+00:00,SOLUSDT,0.6348603325121103
2025-04-23 00:00:00+00:00,SOLUSDT,0.62280655753019
2025-04-24 00:00:00+00:00,SOLUSDT,0.5508419632514545
2025-04-25 00:00:00+00:00,SOLUSDT,0.7011668627907374
2025-04-26 00:00:00+00:00,SOLUSDT,0.4193262221590417
2025-04-27 00:00:00+00:00,SOLUSDT,0.6265615043794559
2025-04-28 00:00:00+00:00,SOLUSDT,0.7719788618397332
2025-04-29 00:00:00+00:00,SOLUSDT,0.5087012585592439
2025-04-30 00:00:00+00:00,SOLUSDT,0.890541152839227
2025-05-01 00:00:00+00:00,SOLUSDT,0.5262849321255757
2025-05-02 00:00:00+00:00,SOLUSDT,0.4446271993172532
2025-05-03 00:00:00+00:00,SOLUSDT,0.31804831745215945
2025-05-04 00:00:00+00:00,SOLUSDT,0.4453237106196828
2025-05-05 00:00:00+00:00,SOLUSDT,0.641668802832571
2025-05-06 00:00:00+00:00,SOLUSDT,0.5564888929688128
2025-05-07 00:00:00+00:00,SOLUSDT,0.5395633168970666
2025-05-08 00:00:00+00:00,SOLUSDT,0.7914282115395679
2025-05-09 00:00:00+00:00,SOLUSDT,1.1876217871090144
2025-05-10 00:00:00+00:00,SOLUSDT,0.590933959636802
2025-05-11 00:00:00+00:00,SOLUSDT,0.7268463474623352
2025-05-12 00:00:00+00:00,SOLUSDT,0.9242939556339594
2025-05-13 00:00:00+00:00,SOLUSDT,0.8200670717011616
2025-05-14 00:00:00+00:00,SOLUSDT,0.7376271640057357
2025-05-15 00:00:00+00:00,SOLUSDT,0.9435137378831303
2025-05-16 00:00:00+00:00,SOLUSDT,0.7051527989572484
2025-05-17 00:00:00+00:00,SOLUSDT,0.6770953121072879
2025-05-18 00:00:00+00:00,SOLUSDT,0.9434066419006957
2025-05-19 00:00:00+00:00,SOLUSDT,0.9746241642578387
2025-05-20 00:00:00+00:00,SOLUSDT,0.8066414410259235
2025-05-21 00:00:00+00:00,SOLUSDT,1.0480872063438555
2025-05-22 00:00:00+00:00,SOLUSDT,0.6625686103175753
2025-05-23 00:00:00+00:00,SOLUSDT,1.282842597299008
2025-05-24 00:00:00+00:00,SOLUSDT,0.4967626251383323
2025-05-25 00:00:00+00:00,SOLUSDT,0.746072441005986
2025-05-26 00:00:00+00:00,SOLUSDT,0.5214084088682136
2025-05-27 00:00:00+00:00,SOLUSDT,0.47981158889125275
2025-05-28 00:00:00+00:00,SOLUSDT,0.5483412272248726
2025-05-29 00:00:00+00:00,SOLUSDT,0.5595006554629769
2025-05-30 00:00:00+00:00,SOLUSDT,0.990075116329952
2025-05-31 00:00:00+00:00,SOLUSDT,0.6905300150214713
2025-06-01 00:00:00+00:00,SOLUSDT,0.5955383680047827
2025-06-02 00:00:00+00:00,SOLUSDT,0.532923202739188
2025-06-03 00:00:00+00:00,SOLUSDT,0.923135991362282
2025-06-04 00:00:00+00:00,SOLUSDT,0.44180509466733575
2025-06-05 00:00:00+00:00,SOLUSDT,1.0697518744588546
2025-06-06 00:00:00+00:00,SOLUSDT,0.4485179619192831
2025-06-07 00:00:00+00:00,SOLUSDT,0.4116716658804525
2025-06-08 00:00:00+00:00,SOLUSDT,0.4221017811880857
2025-06-09 00:00:00+00:00,SOLUSDT,0.6557626556747368
2025-06-10 00:00:00+00:00,SOLUSDT,1.0200779704104361
2025-06-11 00:00:00+00:00,SOLUSDT,0.7804543553788724
2025-06-12 00:00:00+00:00,SOLUSDT,0.740323969752045
2025-06-13 00:00:00+00:00,SOLUSDT,1.1276856100192982
2025-06-14 00:00:00+00:00,SOLUSDT,0.42920181691706
2025-06-15 00:00:00+00:00,SOLUSDT,0.8711417023222312
2025-06-16 00:00:00+00:00,SOLUSDT,0.9273152492729433
2025-06-17 00:00:00+00:00,SOLUSDT,0.6125343386984871
2025-06-18 00:00:00+00:00,SOLUSDT,0.66368820523613
2025-06-19 00:00:00+00:00,SOLUSDT,0.48863486547280494
2025-06-20 00:00:00+00:00,SOLUSDT,0.8698327581335757
2025-06-21 00:00:00+00:00,SOLUSDT,0.9882278424639637
2025-06-22 00:00:00+00:00,SOLUSDT,1.1240705842609717
2025-06-23 00:00:00+00:00,SOLUSDT,0.9973735592586623
2025-06-24 00:00:00+00:00,SOLUSDT,0.7358399505885944
2025-06-25 00:00:00+00:00,SOLUSDT,0.5570064370137278
2025-06-26 00:00:00+00:00,SOLUSDT,0.609510999464192
2025-06-27 00:00:00+00:00,SOLUSDT,0.73483287131963
2025-06-28 00:00:00+00:00,SOLUSDT,0.592231289773995
2025-06-29 00:00:00+00:00,SOLUSDT,0.3249399430257644
2025-06-30 00:00:00+00:00,SOLUSDT,0.978002033812749
2025-07-01 00:00:00+00:00,SOLUSDT,
2020-08-12 00:00:00+00:00,XRPUSDT,0.8045114581970061
2020-08-13 00:00:00+00:00,XRPUSDT,0.8093145279708674
2020-08-14 00:00:00+00:00,XRPUSDT,0.6707568729958769
2020-08-15 00:00:00+00:00,XRPUSDT,0.592621213852948
2020-08-16 00:00:00+00:00,XRPUSDT,0.6639205124416361
2020-08-17 00:00:00+00:00,XRPUSDT,1.0949650388859842
2020-08-18 00:00:00+00:00,XRPUSDT,0.928312581937206
2020-08-19 00:00:00+00:00,XRPUSDT,0.7635941847794733
2020-08-20 00:00:00+00:00,XRPUSDT,0.5048763166055328
2020-08-21 00:00:00+00:00,XRPUSDT,0.7673813493981698
2020-08-22 00:00:00+00:00,XRPUSDT,0.5711038227392501
2020-08-23 00:00:00+00:00,XRPUSDT,0.4681410095436777
2020-08-24 00:00:00+00:00,XRPUSDT,0.4121792988031575
2020-08-25 00:00:00+00:00,XRPUSDT,0.5987930647415823
2020-08-26 00:00:00+00:00,XRPUSDT,0.3827034591915878
2020-08-27 00:00:00+00:00,XRPUSDT,0.8837127014187821
2020-08-28 00:00:00+00:00,XRPUSDT,0.4901690796091005
2020-08-29 00:00:00+00:00,XRPUSDT,0.4231762818021402
2020-08-30 00:00:00+00:00,XRPUSDT,0.3938551003274002
2020-08-31 00:00:00+00:00,XRPUSDT,0.4274592112838269
2020-09-01 00:00:00+00:00,XRPUSDT,0.8509407947669613
2020-09-02 00:00:00+00:00,XRPUSDT,1.007201662700072
2020-09-03 00:00:00+00:00,XRPUSDT,1.484648534388959
2020-09-04 00:00:00+00:00,XRPUSDT,0.8669904389856837
2020-09-05 00:00:00+00:00,XRPUSDT,1.4551387875446757
2020-09-06 00:00:00+00:00,XRPUSDT,0.663055649993587
2020-09-07 00:00:00+00:00,XRPUSDT,0.803246321891556
2020-09-08 00:00:00+00:00,XRPUSDT,0.7506009376213788
2020-09-09 00:00:00+00:00,XRPUSDT,0.4885427201184249
2020-09-10 00:00:00+00:00,XRPUSDT,0.5993461674218028
2020-09-11 00:00:00+00:00,XRPUSDT,0.3504107085760165
2020-09-12 00:00:00+00:00,XRPUSDT,0.4420866427678736
2020-09-13 00:00:00+00:00,XRPUSDT,0.7200502674290088
2020-09-14 00:00:00+00:00,XRPUSDT,0.5987472746034056
2020-09-15 00:00:00+00:00,XRPUSDT,0.5103613626508615
2020-09-16 00:00:00+00:00,XRPUSDT,0.6498000100517377
2020-09-17 00:00:00+00:00,XRPUSDT,0.9813703964646444
2020-09-18 00:00:00+00:00,XRPUSDT,0.4907528331745764
2020-09-19 00:00:00+00:00,XRPUSDT,0.5023017040288301
2020-09-20 00:00:00+00:00,XRPUSDT,0.39463700557542114
2020-09-21 00:00:00+00:00,XRPUSDT,0.6554783460685223
2020-09-22 00:00:00+00:00,XRPUSDT,0.4874816634679236
2020-09-23 00:00:00+00:00,XRPUSDT,0.5395823546720878
2020-09-24 00:00:00+00:00,XRPUSDT,0.574728863491941
2020-09-25 00:00:00+00:00,XRPUSDT,0.845364612271086
2020-09-26 00:00:00+00:00,XRPUSDT,0.3820071157224335
2020-09-27 00:00:00+00:00,XRPUSDT,0.5372018219481736
2020-09-28 00:00:00+00:00,XRPUSDT,0.5420357104425572
2020-09-29 00:00:00+00:00,XRPUSDT,0.39789264649077416
2020-09-30 00:00:00+00:00,XRPUSDT,0.33865117674581624
2020-10-01 00:00:00+00:00,XRPUSDT,0.5061610639376815
2020-10-02 00:00:00+00:00,XRPUSDT,0.6114385129201794
2020-10-03 00:00:00+00:00,XRPUSDT,0.21832754348510924
2020-10-04 00:00:00+00:00,XRPUSDT,0.597068652243491
2020-10-05 00:00:00+00:00,XRPUSDT,0.7932753819968855
2020-10-06 00:00:00+00:00,XRPUSDT,0.9304417703716271
2020-10-07 00:00:00+00:00,XRPUSDT,0.3678547229203819
2020-10-08 00:00:00+00:00,XRPUSDT,0.46957517107886587
2020-10-09 00:00:00+00:00,XRPUSDT,0.44795289765756985
2020-10-10 00:00:00+00:00,XRPUSDT,0.46949185322868153
2020-10-11 00:00:00+00:00,XRPUSDT,0.2928915319410969
2020-10-12 00:00:00+00:00,XRPUSDT,0.4068583520291846
2020-10-13 00:00:00+00:00,XRPUSDT,0.4741829638420721
2020-10-14 00:00:00+00:00,XRPUSDT,0.5686627904725048
2020-10-15 00:00:00+00:00,XRPUSDT,0.4674498564147071
2020-10-16 00:00:00+00:00,XRPUSDT,0.5654278479876723
2020-10-17 00:00:00+00:00,XRPUSDT,0.35602331242024593
2020-10-18 00:00:00+00:00,XRPUSDT,0.17261478510727812
2020-10-19 00:00:00+00:00,XRPUSDT,0.4626558879856306
2020-10-20 00:00:00+00:00,XRPUSDT,0.5684690064783335
2020-10-21 00:00:00+00:00,XRPUSDT,0.6138163917993342
2020-10-22 00:00:00+00:00,XRPUSDT,0.5915633213138736
2020-10-23 00:00:00+00:00,XRPUSDT,0.4482703544654388
2020-10-24 00:00:00+00:00,XRPUSDT,0.2548649540612973
2020-10-25 00:00:00+00:00,XRPUSDT,0.38404856439310625
2020-10-26 00:00:00+00:00,XRPUSDT,0.5629152355205604
2020-10-27 00:00:00+00:00,XRPUSDT,0.3740304194310535
2020-10-28 00:00:00+00:00,XRPUSDT,0.4280119399004401
2020-10-29 00:00:00+00:00,XRPUSDT,0.528660798924484
2020-10-30 00:00:00+00:00,XRPUSDT,0.5354153321880745
2020-10-31 00:00:00+00:00,XRPUSDT,0.3626864054430758
2020-11-01 00:00:00+00:00,XRPUSDT,0.2639044981778533
2020-11-02 00:00:00+00:00,XRPUSDT,0.6476132437452675
2020-11-03 00:00:00+00:00,XRPUSDT,1.042856517325751
2020-11-04 00:00:00+00:00,XRPUSDT,0.5478401049240724
2020-11-05 00:00:00+00:00,XRPUSDT,0.4894120887095177
2020-11-06 00:00:00+00:00,XRPUSDT,0.9133325004847579
2020-11-07 00:00:00+00:00,XRPUSDT,0.9864384462685419
2020-11-08 00:00:00+00:00,XRPUSDT,0.43568848723249276
2020-11-09 00:00:00+00:00,XRPUSDT,0.6184104900498483
2020-11-10 00:00:00+00:00,XRPUSDT,0.9778951177521703
2020-11-11 00:00:00+00:00,XRPUSDT,0.40415210462819895
2020-11-12 00:00:00+00:00,XRPUSDT,0.42217960134591237
2020-11-13 00:00:00+00:00,XRPUSDT,0.572239319180168
2020-11-14 00:00:00+00:00,XRPUSDT,0.9969466060991808
2020-11-15 00:00:00+00:00,XRPUSDT,0.749836218222377
2020-11-16 00:00:00+00:00,XRPUSDT,0.7328276704305856
2020-11-17 00:00:00+00:00,XRPUSDT,0.9059449726819633
2020-11-18 00:00:00+00:00,XRPUSDT,1.0058417661881007
2020-11-19 00:00:00+00:00,XRPUSDT,0.757222694654074
2020-11-20 00:00:00+00:00,XRPUSDT,1.0489011780280395
2020-11-21 00:00:00+00:00,XRPUSDT,2.670566366239415
2020-11-22 00:00:00+00:00,XRPUSDT,3.258158645432653
2020-11-23 00:00:00+00:00,XRPUSDT,2.3848276084962055
2020-11-24 00:00:00+00:00,XRPUSDT,4.779583643367691
2020-11-25 00:00:00+00:00,XRPUSDT,2.3721820656284587
2020-11-26 00:00:00+00:00,XRPUSDT,4.586908292372723
2020-11-27 00:00:00+00:00,XRPUSDT,2.8032042311322525
2020-11-28 00:00:00+00:00,XRPUSDT,1.9628311297778724
2020-11-29 00:00:00+00:00,XRPUSDT,1.569617245417184
2020-11-30 00:00:00+00:00,XRPUSDT,
2020-12-01 00:00:00+00:00,XRPUSDT,2.1884090632512674
2020-12-02 00:00:00+00:00,XRPUSDT,0.9486325153401096
2020-12-03 00:00:00+00:00,XRPUSDT,0.4842938320295491
2020-12-04 00:00:00+00:00,XRPUSDT,1.2210259635525964
2020-12-05 00:00:00+00:00,XRPUSDT,1.1656129916609475
2020-12-06 00:00:00+00:00,XRPUSDT,1.6179681301074074
2020-12-07 00:00:00+00:00,XRPUSDT,0.7163027927519886
2020-12-08 00:00:00+00:00,XRPUSDT,0.9254374028742712
2020-12-09 00:00:00+00:00,XRPUSDT,1.8704178438277874
2020-12-10 00:00:00+00:00,XRPUSDT,0.981916292971839
2020-12-11 00:00:00+00:00,XRPUSDT,1.7364810924887581
2020-12-12 00:00:00+00:00,XRPUSDT,1.6547266444787934
2020-12-13 00:00:00+00:00,XRPUSDT,1.1058929821367804
2020-12-14 00:00:00+00:00,XRPUSDT,0.8665854471446516
2020-12-15 00:00:00+00:00,XRPUSDT,0.7660986556499628
2020-12-16 00:00:00+00:00,XRPUSDT,2.6694412463623527
2020-12-17 00:00:00+00:00,XRPUSDT,2.556622627819177
2020-12-18 00:00:00+00:00,XRPUSDT,1.3512855366953427
2020-12-19 00:00:00+00:00,XRPUSDT,0.9465781652217061
2020-12-20 00:00:00+00:00,XRPUSDT,1.0687090650901014
2020-12-21 00:00:00+00:00,XRPUSDT,
2020-12-22 00:00:00+00:00,XRPUSDT,2.4084374840909395
2020-12-23 00:00:00+00:00,XRPUSDT,5.148339103429934
2020-12-24 00:00:00+00:00,XRPUSDT,5.466894149105227
2020-12-25 00:00:00+00:00,XRPUSDT,
2020-12-26 00:00:00+00:00,XRPUSDT,1.9693217830089667
2020-12-27 00:00:00+00:00,XRPUSDT,1.7678567992987144
2020-12-28 00:00:00+00:00,XRPUSDT,2.454613561377026
2020-12-29 00:00:00+00:00,XRPUSDT,6.288620050629952
2020-12-30 00:00:00+00:00,XRPUSDT,2.6011335503901947
2020-12-31 00:00:00+00:00,XRPUSDT,1.3792540446834372
2021-01-01 00:00:00+00:00,XRPUSDT,1.7423571838420335
2021-01-02 00:00:00+00:00,XRPUSDT,1.4518579390553858
2021-01-03 00:00:00+00:00,XRPUSDT,1.159941551819353
2021-01-04 00:00:00+00:00,XRPUSDT,2.6692094319258475
2021-01-05 00:00:00+00:00,XRPUSDT,1.0144878433975735
2021-01-06 00:00:00+00:00,XRPUSDT,1.8332747073858753
2021-01-07 00:00:00+00:00,XRPUSDT,3.9735678463757527
2021-01-08 00:00:00+00:00,XRPUSDT,2.8125004015054063
2021-01-09 00:00:00+00:00,XRPUSDT,1.3779386286385147
2021-01-10 00:00:00+00:00,XRPUSDT,2.3357903719773923
2021-01-11 00:00:00+00:00,XRPUSDT,2.6954299276174805
2021-01-12 00:00:00+00:00,XRPUSDT,2.1007352062112794
2021-01-13 00:00:00+00:00,XRPUSDT,0.9707959665230372
2021-01-14 00:00:00+00:00,XRPUSDT,1.0026867051920156
2021-01-15 00:00:00+00:00,XRPUSDT,1.080094613237472
2021-01-16 00:00:00+00:00,XRPUSDT,0.8376783490201551
2021-01-17 00:00:00+00:00,XRPUSDT,0.8406759170056326
2021-01-18 00:00:00+00:00,XRPUSDT,0.8496864060745294
2021-01-19 00:00:00+00:00,XRPUSDT,2.4326560325754065
2021-01-20 00:00:00+00:00,XRPUSDT,1.294569540598686
2021-01-21 00:00:00+00:00,XRPUSDT,1.355147322183065
2021-01-22 00:00:00+00:00,XRPUSDT,1.6499522622448741
2021-01-23 00:00:00+00:00,XRPUSDT,1.1004229682831035
2021-01-24 00:00:00+00:00,XRPUSDT,0.507330851464662
2021-01-25 00:00:00+00:00,XRPUSDT,0.638191780693565
2021-01-26 00:00:00+00:00,XRPUSDT,0.7507292606288644
2021-01-27 00:00:00+00:00,XRPUSDT,1.0809028170036192
2021-01-28 00:00:00+00:00,XRPUSDT,0.6017430167583248
2021-01-29 00:00:00+00:00,XRPUSDT,2.7084830689854384
2021-01-30 00:00:00+00:00,XRPUSDT,4.67051535420459
2021-01-31 00:00:00+00:00,XRPUSDT,3.4137212703579287
2021-02-01 00:00:00+00:00,XRPUSDT,7.573515109934399
2021-02-02 00:00:00+00:00,XRPUSDT,3.110197906838144
2021-02-03 00:00:00+00:00,XRPUSDT,1.452980572179185
2021-02-04 00:00:00+00:00,XRPUSDT,2.6280167771503304
2021-02-05 00:00:00+00:00,XRPUSDT,1.7216525801330942
2021-02-06 00:00:00+00:00,XRPUSDT,1.0099078343395596
2021-02-07 00:00:00+00:00,XRPUSDT,1.2591932805965973
2021-02-08 00:00:00+00:00,XRPUSDT,1.0859488387044933
2021-02-09 00:00:00+00:00,XRPUSDT,1.3183774898102245
2021-02-10 00:00:00+00:00,XRPUSDT,3.0103157869670287
2021-02-11 00:00:00+00:00,XRPUSDT,
2021-02-12 00:00:00+00:00,XRPUSDT,1.9421220932696204
2021-02-13 00:00:00+00:00,XRPUSDT,2.039348339401648
2021-02-14 00:00:00+00:00,XRPUSDT,1.3632820866491742
2021-02-15 00:00:00+00:00,XRPUSDT,1.954885891967765
2021-02-16 00:00:00+00:00,XRPUSDT,1.6593467208612291
2021-02-17 00:00:00+00:00,XRPUSDT,1.582648151460831
2021-02-18 00:00:00+00:00,XRPUSDT,0.8648250113347313
2021-02-19 00:00:00+00:00,XRPUSDT,1.146288678530683
2021-02-20 00:00:00+00:00,XRPUSDT,1.846202917602925
2021-02-21 00:00:00+00:00,XRPUSDT,1.0997695034527775
2021-02-22 00:00:00+00:00,XRPUSDT,5.434868095609244
2021-02-23 00:00:00+00:00,XRPUSDT,5.4449764814660355
2021-02-24 00:00:00+00:00,XRPUSDT,1.3350429564798834
2021-02-25 00:00:00+00:00,XRPUSDT,1.270566386787402
2021-02-26 00:00:00+00:00,XRPUSDT,1.5064516167031972
2021-02-27 00:00:00+00:00,XRPUSDT,1.1197982939590385
2021-02-28 00:00:00+00:00,XRPUSDT,1.2876397650205738
2021-03-01 00:00:00+00:00,XRPUSDT,0.8693334873798926
2021-03-02 00:00:00+00:00,XRPUSDT,0.9344781657209488
2021-03-03 00:00:00+00:00,XRPUSDT,0.9673616654948712
2021-03-04 00:00:00+00:00,XRPUSDT,1.9923472218137603
2021-03-05 00:00:00+00:00,XRPUSDT,1.439887848292435
2021-03-06 00:00:00+00:00,XRPUSDT,
2021-03-07 00:00:00+00:00,XRPUSDT,0.34319305030642305
2021-03-08 00:00:00+00:00,XRPUSDT,0.9699487300464142
2021-03-09 00:00:00+00:00,XRPUSDT,0.5489344201578723
2021-03-10 00:00:00+00:00,XRPUSDT,0.7509938105491615
2021-03-11 00:00:00+00:00,XRPUSDT,0.7049587965555107
2021-03-12 00:00:00+00:00,XRPUSDT,0.9079743343388437
2021-03-13 00:00:00+00:00,XRPUSDT,0.7907917277313973
2021-03-14 00:00:00+00:00,XRPUSDT,0.6581958163942859
2021-03-15 00:00:00+00:00,XRPUSDT,0.6870075254256932
2021-03-16 00:00:00+00:00,XRPUSDT,2.0048375024249974
2021-03-17 00:00:00+00:00,XRPUSDT,0.9339248445752467
2021-03-18 00:00:00+00:00,XRPUSDT,0.6952695507883476
2021-03-19 00:00:00+00:00,XRPUSDT,0.32927138412017387
2021-03-20 00:00:00+00:00,XRPUSDT,1.4129550513709137
2021-03-21 00:00:00+00:00,XRPUSDT,1.1782646637267302
2021-03-22 00:00:00+00:00,XRPUSDT,2.4009088307596316
2021-03-23 00:00:00+00:00,XRPUSDT,1.76545835359373
2021-03-24 00:00:00+00:00,XRPUSDT,1.9511783388526782
2021-03-25 00:00:00+00:00,XRPUSDT,1.6892052580475638
2021-03-26 00:00:00+00:00,XRPUSDT,1.4783710588024626
2021-03-27 00:00:00+00:00,XRPUSDT,0.7829681424145717
2021-03-28 00:00:00+00:00,XRPUSDT,0.5180157349334205
2021-03-29 00:00:00+00:00,XRPUSDT,0.6367697016966386
2021-03-30 00:00:00+00:00,XRPUSDT,0.8536496541005405
2021-03-31 00:00:00+00:00,XRPUSDT,1.0098066147845315
2021-04-01 00:00:00+00:00,XRPUSDT,0.7702727188172012
2021-04-02 00:00:00+00:00,XRPUSDT,0.8418083445838389
2021-04-03 00:00:00+00:00,XRPUSDT,1.2880235801493387
2021-04-04 00:00:00+00:00,XRPUSDT,0.8827834177402847
2021-04-05 00:00:00+00:00,XRPUSDT,3.0995690216446063
2021-04-06 00:00:00+00:00,XRPUSDT,3.438626470759186
2021-04-07 00:00:00+00:00,XRPUSDT,2.718990332411968
2021-04-08 00:00:00+00:00,XRPUSDT,1.819918519529214
2021-04-09 00:00:00+00:00,XRPUSDT,1.5674020454041897
2021-04-10 00:00:00+00:00,XRPUSDT,2.2986992246046043
2021-04-11 00:00:00+00:00,XRPUSDT,2.1022600026125478
2021-04-12 00:00:00+00:00,XRPUSDT,1.9029933873775016
2021-04-13 00:00:00+00:00,XRPUSDT,2.784980766003113
2021-04-14 00:00:00+00:00,XRPUSDT,2.903919435305448
2021-04-15 00:00:00+00:00,XRPUSDT,1.585057248332947
2021-04-16 00:00:00+00:00,XRPUSDT,2.897848007687499
2021-04-17 00:00:00+00:00,XRPUSDT,1.8012088338735128
2021-04-18 00:00:00+00:00,XRPUSDT,4.074802035473511
2021-04-19 00:00:00+00:00,XRPUSDT,2.7631201533529364
2021-04-20 00:00:00+00:00,XRPUSDT,
2021-04-21 00:00:00+00:00,XRPUSDT,2.0908944631481714
2021-04-22 00:00:00+00:00,XRPUSDT,2.4301124594458052
2021-04-23 00:00:00+00:00,XRPUSDT,3.4412356884478212
2021-04-24 00:00:00+00:00,XRPUSDT,1.9969022659285782
2021-04-25 00:00:00+00:00,XRPUSDT,
2021-04-26 00:00:00+00:00,XRPUSDT,2.639558926037214
2021-04-27 00:00:00+00:00,XRPUSDT,1.7204751885906089
2021-04-28 00:00:00+00:00,XRPUSDT,1.3182396486415968
2021-04-29 00:00:00+00:00,XRPUSDT,1.2473045300305956
2021-04-30 00:00:00+00:00,XRPUSDT,2.116320024819189
2021-05-01 00:00:00+00:00,XRPUSDT,0.8248236494603935
2021-05-02 00:00:00+00:00,XRPUSDT,1.23508403982084
2021-05-03 00:00:00+00:00,XRPUSDT,1.0560062241536101
2021-05-04 00:00:00+00:00,XRPUSDT,2.1968190502226492
2021-05-05 00:00:00+00:00,XRPUSDT,1.9035907777523176
2021-05-06 00:00:00+00:00,XRPUSDT,2.3231573577450164
2021-05-07 00:00:00+00:00,XRPUSDT,1.3314697776619262
2021-05-08 00:00:00+00:00,XRPUSDT,0.8756194975303062
2021-05-09 00:00:00+00:00,XRPUSDT,1.174590928589409
2021-05-10 00:00:00+00:00,XRPUSDT,1.986606082097564
2021-05-11 00:00:00+00:00,XRPUSDT,1.1684068738682192
2021-05-12 00:00:00+00:00,XRPUSDT,2.3968109446371915
2021-05-13 00:00:00+00:00,XRPUSDT,2.27915403049005
2021-05-14 00:00:00+00:00,XRPUSDT,1.2295680605714228
2021-05-15 00:00:00+00:00,XRPUSDT,2.515075348382423
2021-05-16 00:00:00+00:00,XRPUSDT,1.886049384002645
2021-05-17 00:00:00+00:00,XRPUSDT,2.099116825570574
2021-05-18 00:00:00+00:00,XRPUSDT,1.63333247968459
2021-05-19 00:00:00+00:00,XRPUSDT,5.25592513777359
2021-05-20 00:00:00+00:00,XRPUSDT,3.3789757059046828
2021-05-21 00:00:00+00:00,XRPUSDT,2.6492795423669153
2021-05-22 00:00:00+00:00,XRPUSDT,2.138915713496973
2021-05-23 00:00:00+00:00,XRPUSDT,3.7847400852154567
2021-05-24 00:00:00+00:00,XRPUSDT,2.5485726395903896
2021-05-25 00:00:00+00:00,XRPUSDT,2.274973649862661
2021-05-26 00:00:00+00:00,XRPUSDT,1.6820468089452378
2021-05-27 00:00:00+00:00,XRPUSDT,1.501237884561003
2021-05-28 00:00:00+00:00,XRPUSDT,2.055010099167246
2021-05-29 00:00:00+00:00,XRPUSDT,1.4928130518219387
2021-05-30 00:00:00+00:00,XRPUSDT,1.6054565067853848
2021-05-31 00:00:00+00:00,XRPUSDT,1.9416812668581085
2021-06-01 00:00:00+00:00,XRPUSDT,1.884099531676051
2021-06-02 00:00:00+00:00,XRPUSDT,0.8413996841630366
2021-06-03 00:00:00+00:00,XRPUSDT,0.9037565174739172
2021-06-04 00:00:00+00:00,XRPUSDT,1.3018716630746376
2021-06-05 00:00:00+00:00,XRPUSDT,1.239051069038143
2021-06-06 00:00:00+00:00,XRPUSDT,0.5900362282576787
2021-06-07 00:00:00+00:00,XRPUSDT,1.1559101728685117
2021-06-08 00:00:00+00:00,XRPUSDT,1.4130061742986244
2021-06-09 00:00:00+00:00,XRPUSDT,1.4271082302306977
2021-06-10 00:00:00+00:00,XRPUSDT,0.7910341519837916
2021-06-11 00:00:00+00:00,XRPUSDT,0.9375707138331564
2021-06-12 00:00:00+00:00,XRPUSDT,0.8018523170364293
2021-06-13 00:00:00+00:00,XRPUSDT,0.7668359441056736
2021-06-14 00:00:00+00:00,XRPUSDT,0.7202760215973109
2021-06-15 00:00:00+00:00,XRPUSDT,0.7138634863937352
2021-06-16 00:00:00+00:00,XRPUSDT,0.5794215320976194
2021-06-17 00:00:00+00:00,XRPUSDT,0.6646722124619788
2021-06-18 00:00:00+00:00,XRPUSDT,0.8738236163092227
2021-06-19 00:00:00+00:00,XRPUSDT,0.7898051488417863
2021-06-20 00:00:00+00:00,XRPUSDT,1.1993350828353293
2021-06-21 00:00:00+00:00,XRPUSDT,2.3658340078038127
2021-06-22 00:00:00+00:00,XRPUSDT,3.0800054372643024
2021-06-23 00:00:00+00:00,XRPUSDT,2.094818252842249
2021-06-24 00:00:00+00:00,XRPUSDT,1.0662459096552712
2021-06-25 00:00:00+00:00,XRPUSDT,1.3075311711188256
2021-06-26 00:00:00+00:00,XRPUSDT,1.2766333351683863
2021-06-27 00:00:00+00:00,XRPUSDT,1.269159201461941
2021-06-28 00:00:00+00:00,XRPUSDT,0.8131089014030991
2021-06-29 00:00:00+00:00,XRPUSDT,1.4644302582398372
2021-06-30 00:00:00+00:00,XRPUSDT,1.3155443544774865
2021-07-01 00:00:00+00:00,XRPUSDT,1.202486402922185
2021-07-02 00:00:00+00:00,XRPUSDT,0.850332233000382
2021-07-03 00:00:00+00:00,XRPUSDT,0.7715458612571768
2021-07-04 00:00:00+00:00,XRPUSDT,0.682904839563839
2021-07-05 00:00:00+00:00,XRPUSDT,1.1484282893173259
2021-07-06 00:00:00+00:00,XRPUSDT,0.7352588024949408
2021-07-07 00:00:00+00:00,XRPUSDT,0.4145667002423226
2021-07-08 00:00:00+00:00,XRPUSDT,0.8763933457559633
2021-07-09 00:00:00+00:00,XRPUSDT,1.1070029097789615
2021-07-10 00:00:00+00:00,XRPUSDT,0.5951973312060237
2021-07-11 00:00:00+00:00,XRPUSDT,0.5319204651373665
2021-07-12 00:00:00+00:00,XRPUSDT,0.46745869783806454
2021-07-13 00:00:00+00:00,XRPUSDT,0.7682551561995399
2021-07-14 00:00:00+00:00,XRPUSDT,1.0706894449739415
2021-07-15 00:00:00+00:00,XRPUSDT,0.58958982639109
2021-07-16 00:00:00+00:00,XRPUSDT,0.6759636846875802
2021-07-17 00:00:00+00:00,XRPUSDT,0.9117011169866357
2021-07-18 00:00:00+00:00,XRPUSDT,0.6565936710441491
2021-07-19 00:00:00+00:00,XRPUSDT,0.6527592504516406
2021-07-20 00:00:00+00:00,XRPUSDT,0.9982246504936797
2021-07-21 00:00:00+00:00,XRPUSDT,0.9313565134508441
2021-07-22 00:00:00+00:00,XRPUSDT,1.0469032003097274
2021-07-23 00:00:00+00:00,XRPUSDT,0.8243083381293638
2021-07-24 00:00:00+00:00,XRPUSDT,0.7125641752026808
2021-07-25 00:00:00+00:00,XRPUSDT,0.5349619092201606
2021-07-26 00:00:00+00:00,XRPUSDT,1.6013054194149752
2021-07-27 00:00:00+00:00,XRPUSDT,0.8958537361437157
2021-07-28 00:00:00+00:00,XRPUSDT,3.122145038159627
2021-07-29 00:00:00+00:00,XRPUSDT,1.2421763490927864
2021-07-30 00:00:00+00:00,XRPUSDT,0.9629478227263533
2021-07-31 00:00:00+00:00,XRPUSDT,0.5411013071772844
2021-08-01 00:00:00+00:00,XRPUSDT,0.9967971120749082
2021-08-02 00:00:00+00:00,XRPUSDT,1.1554601892977858
2021-08-03 00:00:00+00:00,XRPUSDT,0.6355551712947697
2021-08-04 00:00:00+00:00,XRPUSDT,0.6456798829034975
2021-08-05 00:00:00+00:00,XRPUSDT,0.5504214812224042
2021-08-06 00:00:00+00:00,XRPUSDT,0.6128492665940348
2021-08-07 00:00:00+00:00,XRPUSDT,1.1708367832110247
2021-08-08 00:00:00+00:00,XRPUSDT,1.1965380652433002
2021-08-09 00:00:00+00:00,XRPUSDT,0.8835698045366522
2021-08-10 00:00:00+00:00,XRPUSDT,1.1251091491980771
2021-08-11 00:00:00+00:00,XRPUSDT,2.1117831190855094
2021-08-12 00:00:00+00:00,XRPUSDT,1.6387890310817266
2021-08-13 00:00:00+00:00,XRPUSDT,
2021-08-14 00:00:00+00:00,XRPUSDT,2.1684921170368767
2021-08-15 00:00:00+00:00,XRPUSDT,1.5041352026731176
2021-08-16 00:00:00+00:00,XRPUSDT,1.3834777232361233
2021-08-17 00:00:00+00:00,XRPUSDT,1.40261916387967
2021-08-18 00:00:00+00:00,XRPUSDT,1.6291196484151929
2021-08-19 00:00:00+00:00,XRPUSDT,1.2662133442231578
2021-08-20 00:00:00+00:00,XRPUSDT,0.95291905960335
2021-08-21 00:00:00+00:00,XRPUSDT,1.0498149350318586
2021-08-22 00:00:00+00:00,XRPUSDT,0.9116400897103243
2021-08-23 00:00:00+00:00,XRPUSDT,1.1494568412034722
2021-08-24 00:00:00+00:00,XRPUSDT,1.1998416613968927
2021-08-25 00:00:00+00:00,XRPUSDT,1.3040329727450026
2021-08-26 00:00:00+00:00,XRPUSDT,1.0045698625201747
2021-08-27 00:00:00+00:00,XRPUSDT,0.9541948927841045
2021-08-28 00:00:00+00:00,XRPUSDT,0.4724793706718212
2021-08-29 00:00:00+00:00,XRPUSDT,0.8123852077416376
2021-08-30 00:00:00+00:00,XRPUSDT,0.7224663001550603
2021-08-31 00:00:00+00:00,XRPUSDT,1.3806383594847256
2021-09-01 00:00:00+00:00,XRPUSDT,1.0227701020045559
2021-09-02 00:00:00+00:00,XRPUSDT,0.9095493996742312
2021-09-03 00:00:00+00:00,XRPUSDT,1.0577592815953674
2021-09-04 00:00:00+00:00,XRPUSDT,0.5400029572985942
2021-09-05 00:00:00+00:00,XRPUSDT,0.6028979498293929
2021-09-06 00:00:00+00:00,XRPUSDT,1.3474027451963266
2021-09-07 00:00:00+00:00,XRPUSDT,3.5828330047421204
2021-09-08 00:00:00+00:00,XRPUSDT,1.5468748241487214
2021-09-09 00:00:00+00:00,XRPUSDT,0.927494931351622
2021-09-10 00:00:00+00:00,XRPUSDT,2.5869456203203267
2021-09-11 00:00:00+00:00,XRPUSDT,0.5918605040605593
2021-09-12 00:00:00+00:00,XRPUSDT,0.8924261640747441
2021-09-13 00:00:00+00:00,XRPUSDT,1.3322860973078419
2021-09-14 00:00:00+00:00,XRPUSDT,0.5878064255584654
2021-09-15 00:00:00+00:00,XRPUSDT,0.5385990171637229
2021-09-16 00:00:00+00:00,XRPUSDT,0.7398054478766873
2021-09-17 00:00:00+00:00,XRPUSDT,0.7120930195944943
2021-09-18 00:00:00+00:00,XRPUSDT,0.380150805804373
2021-09-19 00:00:00+00:00,XRPUSDT,0.6778844912039057
2021-09-20 00:00:00+00:00,XRPUSDT,1.5102618268957275
2021-09-21 00:00:00+00:00,XRPUSDT,1.8493210754341936
2021-09-22 00:00:00+00:00,XRPUSDT,1.2586116367727134
2021-09-23 00:00:00+00:00,XRPUSDT,0.9464575062584268
2021-09-24 00:00:00+00:00,XRPUSDT,1.4523135078679252
2021-09-25 00:00:00+00:00,XRPUSDT,0.5375173922708822
2021-09-26 00:00:00+00:00,XRPUSDT,1.0085102912628752
2021-09-27 00:00:00+00:00,XRPUSDT,0.8116930243574032
2021-09-28 00:00:00+00:00,XRPUSDT,0.6801308234749435
2021-09-29 00:00:00+00:00,XRPUSDT,
2021-09-30 00:00:00+00:00,XRPUSDT,0.6825450905169974
2021-10-01 00:00:00+00:00,XRPUSDT,1.0598248716937986
2021-10-02 00:00:00+00:00,XRPUSDT,0.7526766224955802
2021-10-03 00:00:00+00:00,XRPUSDT,0.96846182090672
2021-10-04 00:00:00+00:00,XRPUSDT,0.8416496695411079
2021-10-05 00:00:00+00:00,XRPUSDT,0.7303991922310502
2021-10-06 00:00:00+00:00,XRPUSDT,1.022061215290671
2021-10-07 00:00:00+00:00,XRPUSDT,0.7620611316526301
2021-10-08 00:00:00+00:00,XRPUSDT,0.6389678142608651
2021-10-09 00:00:00+00:00,XRPUSDT,1.1595569185529722
2021-10-10 00:00:00+00:00,XRPUSDT,1.3327059637864498
2021-10-11 00:00:00+00:00,XRPUSDT,0.7502195364156788
2021-10-12 00:00:00+00:00,XRPUSDT,1.0781307907079096
2021-10-13 00:00:00+00:00,XRPUSDT,0.9030309606094699
2021-10-14 00:00:00+00:00,XRPUSDT,0.48690859715740775
2021-10-15 00:00:00+00:00,XRPUSDT,0.8840712729569605
2021-10-16 00:00:00+00:00,XRPUSDT,0.6780838488005526
2021-10-17 00:00:00+00:00,XRPUSDT,1.1441569419399784
2021-10-18 00:00:00+00:00,XRPUSDT,0.3750038816108576
2021-10-19 00:00:00+00:00,XRPUSDT,0.46091632528692894
2021-10-20 00:00:00+00:00,XRPUSDT,0.5596393862600604
2021-10-21 00:00:00+00:00,XRPUSDT,0.7057825658908082
2021-10-22 00:00:00+00:00,XRPUSDT,0.8737397223349458
2021-10-23 00:00:00+00:00,XRPUSDT,0.39825009948375606
2021-10-24 00:00:00+00:00,XRPUSDT,0.42133422711784185
2021-10-25 00:00:00+00:00,XRPUSDT,0.40242332035027645
2021-10-26 00:00:00+00:00,XRPUSDT,1.1630468325859384
2021-10-27 00:00:00+00:00,XRPUSDT,1.167834490572464
2021-10-28 00:00:00+00:00,XRPUSDT,0.9940138090543813
2021-10-29 00:00:00+00:00,XRPUSDT,0.5622164016483562
2021-10-30 00:00:00+00:00,XRPUSDT,0.745334274685102
2021-10-31 00:00:00+00:00,XRPUSDT,1.0290149164897813
2021-11-01 00:00:00+00:00,XRPUSDT,0.8388951351726357
2021-11-02 00:00:00+00:00,XRPUSDT,0.5222662404773432
2021-11-03 00:00:00+00:00,XRPUSDT,1.4380039086431102
2021-11-04 00:00:00+00:00,XRPUSDT,1.1570347559167082
2021-11-05 00:00:00+00:00,XRPUSDT,0.756782669392766
2021-11-06 00:00:00+00:00,XRPUSDT,0.5854296278654102
2021-11-07 00:00:00+00:00,XRPUSDT,0.6516490740919235
2021-11-08 00:00:00+00:00,XRPUSDT,0.8916726899031144
2021-11-09 00:00:00+00:00,XRPUSDT,0.7059909583390737
2021-11-10 00:00:00+00:00,XRPUSDT,1.6587670222388238
2021-11-11 00:00:00+00:00,XRPUSDT,0.7813507724941977
2021-11-12 00:00:00+00:00,XRPUSDT,0.801407338280511
2021-11-13 00:00:00+00:00,XRPUSDT,0.6125773117064187
2021-11-14 00:00:00+00:00,XRPUSDT,0.4458483081399296
2021-11-15 00:00:00+00:00,XRPUSDT,0.5284889853563691
2021-11-16 00:00:00+00:00,XRPUSDT,1.0210534619712017
2021-11-17 00:00:00+00:00,XRPUSDT,0.8388567905843285
2021-11-18 00:00:00+00:00,XRPUSDT,0.9276225898299468
2021-11-19 00:00:00+00:00,XRPUSDT,0.9121184379556098
2021-11-20 00:00:00+00:00,XRPUSDT,0.6921080085467544
2021-11-21 00:00:00+00:00,XRPUSDT,0.5500626312367499
2021-11-22 00:00:00+00:00,XRPUSDT,0.6001678041492438
2021-11-23 00:00:00+00:00,XRPUSDT,0.6163225040933564
2021-11-24 00:00:00+00:00,XRPUSDT,0.5428966213175405
2021-11-25 00:00:00+00:00,XRPUSDT,0.510287658146479
2021-11-26 00:00:00+00:00,XRPUSDT,1.5143910459773609
2021-11-27 00:00:00+00:00,XRPUSDT,0.5657110379401926
2021-11-28 00:00:00+00:00,XRPUSDT,0.9911974260291087
2021-11-29 00:00:00+00:00,XRPUSDT,0.7372502845420029
2021-11-30 00:00:00+00:00,XRPUSDT,0.9853755308105783
2021-12-01 00:00:00+00:00,XRPUSDT,0.6005158996870587
2021-12-02 00:00:00+00:00,XRPUSDT,0.4795844820326896
2021-12-03 00:00:00+00:00,XRPUSDT,0.6205566109544108
2021-12-04 00:00:00+00:00,XRPUSDT,3.0540230273464775
2021-12-05 00:00:00+00:00,XRPUSDT,1.1207610197797058
2021-12-06 00:00:00+00:00,XRPUSDT,1.3458169277977234
2021-12-07 00:00:00+00:00,XRPUSDT,0.8232476903175039
2021-12-08 00:00:00+00:00,XRPUSDT,1.195692688479952
2021-12-09 00:00:00+00:00,XRPUSDT,2.2581241945643975
2021-12-10 00:00:00+00:00,XRPUSDT,1.1374240359776875
2021-12-11 00:00:00+00:00,XRPUSDT,0.5393221207470428
2021-12-12 00:00:00+00:00,XRPUSDT,0.6136695154959796
2021-12-13 00:00:00+00:00,XRPUSDT,0.8486101661199328
2021-12-14 00:00:00+00:00,XRPUSDT,0.8990765249359297
2021-12-15 00:00:00+00:00,XRPUSDT,0.9280193958853622
2021-12-16 00:00:00+00:00,XRPUSDT,0.5674318860556629
2021-12-17 00:00:00+00:00,XRPUSDT,0.7905019482751321
2021-12-18 00:00:00+00:00,XRPUSDT,0.5706753148874626
2021-12-19 00:00:00+00:00,XRPUSDT,0.4313781438003428
2021-12-20 00:00:00+00:00,XRPUSDT,1.5239456737283819
2021-12-21 00:00:00+00:00,XRPUSDT,0.9314383291128674
2021-12-22 00:00:00+00:00,XRPUSDT,0.9916295374822536
2021-12-23 00:00:00+00:00,XRPUSDT,1.095927201160435
2021-12-24 00:00:00+00:00,XRPUSDT,0.9937552655456908
2021-12-25 00:00:00+00:00,XRPUSDT,0.46001354166474734
2021-12-26 00:00:00+00:00,XRPUSDT,0.4512748085471514
2021-12-27 00:00:00+00:00,XRPUSDT,0.5610844461924591
2021-12-28 00:00:00+00:00,XRPUSDT,0.6408397511849792
2021-12-29 00:00:00+00:00,XRPUSDT,0.8893813699649878
2021-12-30 00:00:00+00:00,XRPUSDT,0.5631276179588172
2021-12-31 00:00:00+00:00,XRPUSDT,0.878038767084648
2022-01-01 00:00:00+00:00,XRPUSDT,0.46689756820448836
2022-01-02 00:00:00+00:00,XRPUSDT,0.4158158959459411
2022-01-03 00:00:00+00:00,XRPUSDT,0.42695655020304824
2022-01-04 00:00:00+00:00,XRPUSDT,0.44946508942647284
2022-01-05 00:00:00+00:00,XRPUSDT,1.03753379833688
2022-01-06 00:00:00+00:00,XRPUSDT,0.9020470249922965
2022-01-07 00:00:00+00:00,XRPUSDT,1.134018966523943
2022-01-08 00:00:00+00:00,XRPUSDT,0.9135663443244393
2022-01-09 00:00:00+00:00,XRPUSDT,0.6429687448289237
2022-01-10 00:00:00+00:00,XRPUSDT,0.8711132907081518
2022-01-11 00:00:00+00:00,XRPUSDT,0.6496603290715262
2022-01-12 00:00:00+00:00,XRPUSDT,0.5882190460733151
2022-01-13 00:00:00+00:00,XRPUSDT,0.6796449763171423
2022-01-14 00:00:00+00:00,XRPUSDT,0.7145942395840003
2022-01-15 00:00:00+00:00,XRPUSDT,0.37581493371561375
2022-01-16 00:00:00+00:00,XRPUSDT,0.35361795920219535
2022-01-17 00:00:00+00:00,XRPUSDT,0.5002856223846586
2022-01-18 00:00:00+00:00,XRPUSDT,0.5960146670645208
2022-01-19 00:00:00+00:00,XRPUSDT,0.5850965546996981
2022-01-20 00:00:00+00:00,XRPUSDT,0.7918926608943007
2022-01-21 00:00:00+00:00,XRPUSDT,1.5384994193666106
2022-01-22 00:00:00+00:00,XRPUSDT,2.081651801703989
2022-01-23 00:00:00+00:00,XRPUSDT,1.3203474455939592
2022-01-24 00:00:00+00:00,XRPUSDT,1.5385182647668676
2022-01-25 00:00:00+00:00,XRPUSDT,1.0236493974114769
2022-01-26 00:00:00+00:00,XRPUSDT,1.1479084526010013
2022-01-27 00:00:00+00:00,XRPUSDT,1.02413384470502
2022-01-28 00:00:00+00:00,XRPUSDT,0.5169377820582806
2022-01-29 00:00:00+00:00,XRPUSDT,0.4438821069659701
2022-01-30 00:00:00+00:00,XRPUSDT,0.5150469193331372
2022-01-31 00:00:00+00:00,XRPUSDT,0.7524841670342888
2022-02-01 00:00:00+00:00,XRPUSDT,0.5321886743331868
2022-02-02 00:00:00+00:00,XRPUSDT,0.6143605187248382
2022-02-03 00:00:00+00:00,XRPUSDT,0.5650078953211469
2022-02-04 00:00:00+00:00,XRPUSDT,0.8119944367383157
2022-02-05 00:00:00+00:00,XRPUSDT,0.7304609572644134
2022-02-06 00:00:00+00:00,XRPUSDT,0.5596144374462613
2022-02-07 00:00:00+00:00,XRPUSDT,1.2068808564036753
2022-02-08 00:00:00+00:00,XRPUSDT,2.0955563571429106
2022-02-09 00:00:00+00:00,XRPUSDT,1.4041066552565409
2022-02-10 00:00:00+00:00,XRPUSDT,1.1267322616767839
2022-02-11 00:00:00+00:00,XRPUSDT,1.2847394272465753
2022-02-12 00:00:00+00:00,XRPUSDT,1.4401293019994106
2022-02-13 00:00:00+00:00,XRPUSDT,0.857797375218226
2022-02-14 00:00:00+00:00,XRPUSDT,0.8661092434625693
2022-02-15 00:00:00+00:00,XRPUSDT,0.9001749428592571
2022-02-16 00:00:00+00:00,XRPUSDT,0.6232900068224695
2022-02-17 00:00:00+00:00,XRPUSDT,0.778800727512957
2022-02-18 00:00:00+00:00,XRPUSDT,0.8619057296476985
2022-02-19 00:00:00+00:00,XRPUSDT,1.3760550291245348
2022-02-20 00:00:00+00:00,XRPUSDT,0.9519198795283055
2022-02-21 00:00:00+00:00,XRPUSDT,1.5271679082390288
2022-02-22 00:00:00+00:00,XRPUSDT,1.2301785028894487
2022-02-23 00:00:00+00:00,XRPUSDT,0.8129172733734122
2022-02-24 00:00:00+00:00,XRPUSDT,1.988230638612128
2022-02-25 00:00:00+00:00,XRPUSDT,1.1189368162937534
2022-02-26 00:00:00+00:00,XRPUSDT,0.8077573251937651
2022-02-27 00:00:00+00:00,XRPUSDT,1.1916496611393994
2022-02-28 00:00:00+00:00,XRPUSDT,1.0468547830631076
2022-03-01 00:00:00+00:00,XRPUSDT,0.8482043013809695
2022-03-02 00:00:00+00:00,XRPUSDT,0.7857582938164215
2022-03-03 00:00:00+00:00,XRPUSDT,0.5874472045422279
2022-03-04 00:00:00+00:00,XRPUSDT,0.8272943432862543
2022-03-05 00:00:00+00:00,XRPUSDT,0.6753415741640556
2022-03-06 00:00:00+00:00,XRPUSDT,0.6729113504799118
2022-03-07 00:00:00+00:00,XRPUSDT,0.9687549811861087
2022-03-08 00:00:00+00:00,XRPUSDT,0.49048670732506644
2022-03-09 00:00:00+00:00,XRPUSDT,0.6893569987578813
2022-03-10 00:00:00+00:00,XRPUSDT,0.7542379208509788
2022-03-11 00:00:00+00:00,XRPUSDT,1.4431315575763655
2022-03-12 00:00:00+00:00,XRPUSDT,1.0458451077425535
2022-03-13 00:00:00+00:00,XRPUSDT,0.8614232361325469
2022-03-14 00:00:00+00:00,XRPUSDT,0.5236907498485929
2022-03-15 00:00:00+00:00,XRPUSDT,0.5008654904024344
2022-03-16 00:00:00+00:00,XRPUSDT,0.7024528460678638
2022-03-17 00:00:00+00:00,XRPUSDT,0.4615192917721548
2022-03-18 00:00:00+00:00,XRPUSDT,0.418638379165593
2022-03-19 00:00:00+00:00,XRPUSDT,0.6778830939616726
2022-03-20 00:00:00+00:00,XRPUSDT,0.4001137101870156
2022-03-21 00:00:00+00:00,XRPUSDT,0.8351449083818829
2022-03-22 00:00:00+00:00,XRPUSDT,0.5089676815785881
2022-03-23 00:00:00+00:00,XRPUSDT,0.5192614889834986
2022-03-24 00:00:00+00:00,XRPUSDT,0.3798840870962781
2022-03-25 00:00:00+00:00,XRPUSDT,0.34527328766198145
2022-03-26 00:00:00+00:00,XRPUSDT,0.22201010794169473
2022-03-27 00:00:00+00:00,XRPUSDT,0.41189161232455035
2022-03-28 00:00:00+00:00,XRPUSDT,1.0573341064540653
2022-03-29 00:00:00+00:00,XRPUSDT,0.653137754397447
2022-03-30 00:00:00+00:00,XRPUSDT,0.5347983029074065
2022-03-31 00:00:00+00:00,XRPUSDT,0.9155432737806541
2022-04-01 00:00:00+00:00,XRPUSDT,0.6135699267676586
2022-04-02 00:00:00+00:00,XRPUSDT,0.46488035350095186
2022-04-03 00:00:00+00:00,XRPUSDT,0.29985104815966906
2022-04-04 00:00:00+00:00,XRPUSDT,0.604359029123468
2022-04-05 00:00:00+00:00,XRPUSDT,0.3060791842879905
2022-04-06 00:00:00+00:00,XRPUSDT,0.7215884120759504
2022-04-07 00:00:00+00:00,XRPUSDT,0.6112228591428779
2022-04-08 00:00:00+00:00,XRPUSDT,0.44489905048017153
2022-04-09 00:00:00+00:00,XRPUSDT,0.4411203421914171
2022-04-10 00:00:00+00:00,XRPUSDT,0.36085619545658953
2022-04-11 00:00:00+00:00,XRPUSDT,1.1011716935518472
2022-04-12 00:00:00+00:00,XRPUSDT,0.7179440507073988
2022-04-13 00:00:00+00:00,XRPUSDT,0.5989284345644473
2022-04-14 00:00:00+00:00,XRPUSDT,0.5892741290360338
2022-04-15 00:00:00+00:00,XRPUSDT,1.054153180916438
2022-04-16 00:00:00+00:00,XRPUSDT,0.5866247184069685
2022-04-17 00:00:00+00:00,XRPUSDT,0.5748488383386843
2022-04-18 00:00:00+00:00,XRPUSDT,0.900721530829603
2022-04-19 00:00:00+00:00,XRPUSDT,0.44921347935976164
2022-04-20 00:00:00+00:00,XRPUSDT,0.4998127770217663
2022-04-21 00:00:00+00:00,XRPUSDT,0.6011254307177564
2022-04-22 00:00:00+00:00,XRPUSDT,0.46946152727455565
2022-04-23 00:00:00+00:00,XRPUSDT,0.28437992915676236
2022-04-24 00:00:00+00:00,XRPUSDT,0.2969281412176012
2022-04-25 00:00:00+00:00,XRPUSDT,1.134535962633559
2022-04-26 00:00:00+00:00,XRPUSDT,0.6082920170199848
2022-04-27 00:00:00+00:00,XRPUSDT,0.6565305656618344
2022-04-28 00:00:00+00:00,XRPUSDT,0.4253822645903784
2022-04-29 00:00:00+00:00,XRPUSDT,0.648084138624142
2022-04-30 00:00:00+00:00,XRPUSDT,0.9248419361395973
2022-05-01 00:00:00+00:00,XRPUSDT,0.7679869245854738
2022-05-02 00:00:00+00:00,XRPUSDT,0.8230735771122697
2022-05-03 00:00:00+00:00,XRPUSDT,0.6089510545402292
2022-05-04 00:00:00+00:00,XRPUSDT,0.9687876297682585
2022-05-05 00:00:00+00:00,XRPUSDT,0.818640405711025
2022-05-06 00:00:00+00:00,XRPUSDT,0.7083374101316802
2022-05-07 00:00:00+00:00,XRPUSDT,0.5871154232630911
2022-05-08 00:00:00+00:00,XRPUSDT,0.44049566018126557
2022-05-09 00:00:00+00:00,XRPUSDT,1.7011018076460211
2022-05-10 00:00:00+00:00,XRPUSDT,1.5724112019267988
2022-05-11 00:00:00+00:00,XRPUSDT,5.171087599313959
2022-05-12 00:00:00+00:00,XRPUSDT,2.5898083813571344
2022-05-13 00:00:00+00:00,XRPUSDT,2.2514837546895627
2022-05-14 00:00:00+00:00,XRPUSDT,1.4056152613341233
2022-05-15 00:00:00+00:00,XRPUSDT,0.8630116190115836
2022-05-16 00:00:00+00:00,XRPUSDT,0.9483593858602326
2022-05-17 00:00:00+00:00,XRPUSDT,0.8323373816429219
2022-05-18 00:00:00+00:00,XRPUSDT,0.9072466387017104
2022-05-19 00:00:00+00:00,XRPUSDT,1.0067810091184373
2022-05-20 00:00:00+00:00,XRPUSDT,0.845065108874409
2022-05-21 00:00:00+00:00,XRPUSDT,0.39993343968357165
2022-05-22 00:00:00+00:00,XRPUSDT,0.4047892569584687
2022-05-23 00:00:00+00:00,XRPUSDT,0.772929046976833
2022-05-24 00:00:00+00:00,XRPUSDT,0.8466823427485677
2022-05-25 00:00:00+00:00,XRPUSDT,0.5098901154811887
2022-05-26 00:00:00+00:00,XRPUSDT,0.7767346600878129
2022-05-27 00:00:00+00:00,XRPUSDT,0.9431120163917962
2022-05-28 00:00:00+00:00,XRPUSDT,0.390108660929866
2022-05-29 00:00:00+00:00,XRPUSDT,0.35250400109822627
2022-05-30 00:00:00+00:00,XRPUSDT,0.7172717214852274
2022-05-31 00:00:00+00:00,XRPUSDT,0.89925399086461
2022-06-01 00:00:00+00:00,XRPUSDT,0.7745068082534521
2022-06-02 00:00:00+00:00,XRPUSDT,0.47487809100175216
2022-06-03 00:00:00+00:00,XRPUSDT,0.5878408934146732
2022-06-04 00:00:00+00:00,XRPUSDT,0.3532031280360433
2022-06-05 00:00:00+00:00,XRPUSDT,0.3694828236711832
2022-06-06 00:00:00+00:00,XRPUSDT,0.5224637309464588
2022-06-07 00:00:00+00:00,XRPUSDT,0.9758948507227909
2022-06-08 00:00:00+00:00,XRPUSDT,0.5951555463672354
2022-06-09 00:00:00+00:00,XRPUSDT,0.2780146110044133
2022-06-10 00:00:00+00:00,XRPUSDT,0.732325908958773
2022-06-11 00:00:00+00:00,XRPUSDT,0.9270780928499426
2022-06-12 00:00:00+00:00,XRPUSDT,1.2516337110757967
2022-06-13 00:00:00+00:00,XRPUSDT,1.6770446500684741
2022-06-14 00:00:00+00:00,XRPUSDT,1.671459743824952
2022-06-15 00:00:00+00:00,XRPUSDT,1.4114759855533425
2022-06-16 00:00:00+00:00,XRPUSDT,0.9815265070928348
2022-06-17 00:00:00+00:00,XRPUSDT,1.0866141150761757
2022-06-18 00:00:00+00:00,XRPUSDT,1.2544909040997922
2022-06-19 00:00:00+00:00,XRPUSDT,1.0461939400337377
2022-06-20 00:00:00+00:00,XRPUSDT,0.8798624845849392
2022-06-21 00:00:00+00:00,XRPUSDT,0.8231554246935965
2022-06-22 00:00:00+00:00,XRPUSDT,0.690362272180673
2022-06-23 00:00:00+00:00,XRPUSDT,0.6017259197820727
2022-06-24 00:00:00+00:00,XRPUSDT,1.538086723091682
2022-06-25 00:00:00+00:00,XRPUSDT,0.8139961050229118
2022-06-26 00:00:00+00:00,XRPUSDT,0.6884388020253356
2022-06-27 00:00:00+00:00,XRPUSDT,0.7556838375324468
2022-06-28 00:00:00+00:00,XRPUSDT,0.8848109094279549
2022-06-29 00:00:00+00:00,XRPUSDT,0.695199493613498
2022-06-30 00:00:00+00:00,XRPUSDT,1.2540347689320692
2022-07-01 00:00:00+00:00,XRPUSDT,0.8210187087717034
2022-07-02 00:00:00+00:00,XRPUSDT,0.3587284216557466
2022-07-03 00:00:00+00:00,XRPUSDT,0.5637821743043077
2022-07-04 00:00:00+00:00,XRPUSDT,0.7115662684930338
2022-07-05 00:00:00+00:00,XRPUSDT,0.5820361145986606
2022-07-06 00:00:00+00:00,XRPUSDT,0.42492904372816753
2022-07-07 00:00:00+00:00,XRPUSDT,0.5113349226140893
2022-07-08 00:00:00+00:00,XRPUSDT,0.9781908566696017
2022-07-09 00:00:00+00:00,XRPUSDT,0.33966795951431916
2022-07-10 00:00:00+00:00,XRPUSDT,0.6184787567815454
2022-07-11 00:00:00+00:00,XRPUSDT,0.9376775858697198
2022-07-12 00:00:00+00:00,XRPUSDT,0.5670104388870456
2022-07-13 00:00:00+00:00,XRPUSDT,1.008117153522076
2022-07-14 00:00:00+00:00,XRPUSDT,0.8156434819194696
2022-07-15 00:00:00+00:00,XRPUSDT,1.0973923790743074
2022-07-16 00:00:00+00:00,XRPUSDT,0.758648650514088
2022-07-17 00:00:00+00:00,XRPUSDT,0.786107316491228
2022-07-18 00:00:00+00:00,XRPUSDT,0.8563971542167629
2022-07-19 00:00:00+00:00,XRPUSDT,0.6517731463611728
2022-07-20 00:00:00+00:00,XRPUSDT,1.1503583923134055
2022-07-21 00:00:00+00:00,XRPUSDT,0.8498363701102329
2022-07-22 00:00:00+00:00,XRPUSDT,0.6595594682757255
2022-07-23 00:00:00+00:00,XRPUSDT,0.5762518757480961
2022-07-24 00:00:00+00:00,XRPUSDT,0.620257972282442
2022-07-25 00:00:00+00:00,XRPUSDT,0.7100569948902316
2022-07-26 00:00:00+00:00,XRPUSDT,0.5412849931923821
2022-07-27 00:00:00+00:00,XRPUSDT,0.9355167791450628
2022-07-28 00:00:00+00:00,XRPUSDT,0.8625670824794606
2022-07-29 00:00:00+00:00,XRPUSDT,0.7618591553839886
2022-07-30 00:00:00+00:00,XRPUSDT,1.4212073992521888
2022-07-31 00:00:00+00:00,XRPUSDT,0.7333961094338936
2022-08-01 00:00:00+00:00,XRPUSDT,0.711583542222873
2022-08-02 00:00:00+00:00,XRPUSDT,0.6657607355736987
2022-08-03 00:00:00+00:00,XRPUSDT,0.5282358251512451
2022-08-04 00:00:00+00:00,XRPUSDT,0.4674278282093619
2022-08-05 00:00:00+00:00,XRPUSDT,0.4751108066288482
2022-08-06 00:00:00+00:00,XRPUSDT,0.2337055027684506
2022-08-07 00:00:00+00:00,XRPUSDT,0.29362212925280995
2022-08-08 00:00:00+00:00,XRPUSDT,0.49216247279445285
2022-08-09 00:00:00+00:00,XRPUSDT,0.4085108245851548
2022-08-10 00:00:00+00:00,XRPUSDT,0.734180722466325
2022-08-11 00:00:00+00:00,XRPUSDT,0.4528725863893462
2022-08-12 00:00:00+00:00,XRPUSDT,0.39664596725707335
2022-08-13 00:00:00+00:00,XRPUSDT,0.30334319283136546
2022-08-14 00:00:00+00:00,XRPUSDT,0.5431067813249336
2022-08-15 00:00:00+00:00,XRPUSDT,0.7171977638283236
2022-08-16 00:00:00+00:00,XRPUSDT,0.40914601205188744
2022-08-17 00:00:00+00:00,XRPUSDT,0.8787534769882317
2022-08-18 00:00:00+00:00,XRPUSDT,0.5802833632702203
2022-08-19 00:00:00+00:00,XRPUSDT,1.251747681057458
2022-08-20 00:00:00+00:00,XRPUSDT,0.5411775404201683
2022-08-21 00:00:00+00:00,XRPUSDT,0.479557319450194
2022-08-22 00:00:00+00:00,XRPUSDT,0.6221948589166661
2022-08-23 00:00:00+00:00,XRPUSDT,0.6096559203327765
2022-08-24 00:00:00+00:00,XRPUSDT,0.5820916553043591
2022-08-25 00:00:00+00:00,XRPUSDT,0.5192426214832369
2022-08-26 00:00:00+00:00,XRPUSDT,1.5679413821584702
2022-08-27 00:00:00+00:00,XRPUSDT,0.44906484249364453
2022-08-28 00:00:00+00:00,XRPUSDT,0.5915946979885565
2022-08-29 00:00:00+00:00,XRPUSDT,0.49848672151854995
2022-08-30 00:00:00+00:00,XRPUSDT,0.600068542874293
2022-08-31 00:00:00+00:00,XRPUSDT,0.4699450328130171
2022-09-01 00:00:00+00:00,XRPUSDT,0.43402853783781087
2022-09-02 00:00:00+00:00,XRPUSDT,0.4685964136610721
2022-09-03 00:00:00+00:00,XRPUSDT,0.2602453647414118
2022-09-04 00:00:00+00:00,XRPUSDT,0.3207365625467092
2022-09-05 00:00:00+00:00,XRPUSDT,0.3844546346986472
2022-09-06 00:00:00+00:00,XRPUSDT,0.8927710640070878
2022-09-07 00:00:00+00:00,XRPUSDT,0.5319274493761027
2022-09-08 00:00:00+00:00,XRPUSDT,0.6591646157908182
2022-09-09 00:00:00+00:00,XRPUSDT,0.6191750348545868
2022-09-10 00:00:00+00:00,XRPUSDT,0.6705978148889143
2022-09-11 00:00:00+00:00,XRPUSDT,0.5873547915102357
2022-09-12 00:00:00+00:00,XRPUSDT,0.6493043336242889
2022-09-13 00:00:00+00:00,XRPUSDT,0.9402227224973972
2022-09-14 00:00:00+00:00,XRPUSDT,0.3875751751293532
2022-09-15 00:00:00+00:00,XRPUSDT,0.5766920900079997
2022-09-16 00:00:00+00:00,XRPUSDT,0.8980215533299876
2022-09-17 00:00:00+00:00,XRPUSDT,1.0494610343389534
2022-09-18 00:00:00+00:00,XRPUSDT,1.6242598828906434
2022-09-19 00:00:00+00:00,XRPUSDT,1.8405324836340413
2022-09-20 00:00:00+00:00,XRPUSDT,1.7742601164785388
2022-09-21 00:00:00+00:00,XRPUSDT,1.9445310252701888
2022-09-22 00:00:00+00:00,XRPUSDT,1.4795922990464385
2022-09-23 00:00:00+00:00,XRPUSDT,2.8906468588434713
2022-09-24 00:00:00+00:00,XRPUSDT,1.295958589029275
2022-09-25 00:00:00+00:00,XRPUSDT,1.430045620173284
2022-09-26 00:00:00+00:00,XRPUSDT,1.170754506667506
2022-09-27 00:00:00+00:00,XRPUSDT,1.2544703965708126
2022-09-28 00:00:00+00:00,XRPUSDT,1.0524043173993347
2022-09-29 00:00:00+00:00,XRPUSDT,2.131381800720732
2022-09-30 00:00:00+00:00,XRPUSDT,1.0878241986759902
2022-10-01 00:00:00+00:00,XRPUSDT,0.6522210106899475
2022-10-02 00:00:00+00:00,XRPUSDT,0.8116362596707896
2022-10-03 00:00:00+00:00,XRPUSDT,0.8414577586265402
2022-10-04 00:00:00+00:00,XRPUSDT,0.6924095786284423
2022-10-05 00:00:00+00:00,XRPUSDT,0.8259946023219503
2022-10-06 00:00:00+00:00,XRPUSDT,0.5928376332239798
2022-10-07 00:00:00+00:00,XRPUSDT,0.8053846910471714
2022-10-08 00:00:00+00:00,XRPUSDT,0.4886681481064874
2022-10-09 00:00:00+00:00,XRPUSDT,0.6855592128545218
2022-10-10 00:00:00+00:00,XRPUSDT,0.9758975223997426
2022-10-11 00:00:00+00:00,XRPUSDT,0.7478493124925683
2022-10-12 00:00:00+00:00,XRPUSDT,0.48990423080748247
2022-10-13 00:00:00+00:00,XRPUSDT,1.132762203790501
2022-10-14 00:00:00+00:00,XRPUSDT,1.0056829939358929
2022-10-15 00:00:00+00:00,XRPUSDT,0.40659695951672603
2022-10-16 00:00:00+00:00,XRPUSDT,0.6916256515769709
2022-10-17 00:00:00+00:00,XRPUSDT,0.7031915835387078
2022-10-18 00:00:00+00:00,XRPUSDT,0.759399588992658
2022-10-19 00:00:00+00:00,XRPUSDT,0.589551244157038
2022-10-20 00:00:00+00:00,XRPUSDT,0.9061228364705661
2022-10-21 00:00:00+00:00,XRPUSDT,0.6474747607849078
2022-10-22 00:00:00+00:00,XRPUSDT,0.4692125742521488
2022-10-23 00:00:00+00:00,XRPUSDT,0.607712414176301
2022-10-24 00:00:00+00:00,XRPUSDT,0.4405622055915349
2022-10-25 00:00:00+00:00,XRPUSDT,0.6218454469115735
2022-10-26 00:00:00+00:00,XRPUSDT,0.42487000184671553
2022-10-27 00:00:00+00:00,XRPUSDT,0.6667934940558117
2022-10-28 00:00:00+00:00,XRPUSDT,0.4649664088941229
2022-10-29 00:00:00+00:00,XRPUSDT,0.6339180145253827
2022-10-30 00:00:00+00:00,XRPUSDT,0.45487805349515126
2022-10-31 00:00:00+00:00,XRPUSDT,0.7507589222175169
2022-11-01 00:00:00+00:00,XRPUSDT,0.3777608524820641
2022-11-02 00:00:00+00:00,XRPUSDT,0.5085268378615416
2022-11-03 00:00:00+00:00,XRPUSDT,0.5126882062442751
2022-11-04 00:00:00+00:00,XRPUSDT,1.2135772215075686
2022-11-05 00:00:00+00:00,XRPUSDT,0.4769741142906152
2022-11-06 00:00:00+00:00,XRPUSDT,0.46242715603090473
2022-11-07 00:00:00+00:00,XRPUSDT,0.7478743193303616
2022-11-08 00:00:00+00:00,XRPUSDT,1.8991358988106226
2022-11-09 00:00:00+00:00,XRPUSDT,1.8668755623549127
2022-11-10 00:00:00+00:00,XRPUSDT,1.978292509612411
2022-11-11 00:00:00+00:00,XRPUSDT,1.2302795552095895
2022-11-12 00:00:00+00:00,XRPUSDT,0.7621033786060853
2022-11-13 00:00:00+00:00,XRPUSDT,0.7551415766367723
2022-11-14 00:00:00+00:00,XRPUSDT,1.8007511003408134
2022-11-15 00:00:00+00:00,XRPUSDT,0.9403952408590673
2022-11-16 00:00:00+00:00,XRPUSDT,0.6709418866299657
2022-11-17 00:00:00+00:00,XRPUSDT,0.8091761978580444
2022-11-18 00:00:00+00:00,XRPUSDT,0.5061275397925254
2022-11-19 00:00:00+00:00,XRPUSDT,0.36204521625975145
2022-11-20 00:00:00+00:00,XRPUSDT,0.868739557407076
2022-11-21 00:00:00+00:00,XRPUSDT,0.8403353692519716
2022-11-22 00:00:00+00:00,XRPUSDT,0.8408632604719699
2022-11-23 00:00:00+00:00,XRPUSDT,0.7962619352061017
2022-11-24 00:00:00+00:00,XRPUSDT,0.7681218998929091
2022-11-25 00:00:00+00:00,XRPUSDT,1.1175841313228079
2022-11-26 00:00:00+00:00,XRPUSDT,0.48121829071480615
2022-11-27 00:00:00+00:00,XRPUSDT,0.5857684269260245
2022-11-28 00:00:00+00:00,XRPUSDT,1.3234254718736158
2022-11-29 00:00:00+00:00,XRPUSDT,0.6304458012527795
2022-11-30 00:00:00+00:00,XRPUSDT,0.7947090268994407
2022-12-01 00:00:00+00:00,XRPUSDT,0.43202132042195107
2022-12-02 00:00:00+00:00,XRPUSDT,0.5592662742011282
2022-12-03 00:00:00+00:00,XRPUSDT,0.4003252129889819
2022-12-04 00:00:00+00:00,XRPUSDT,0.22026709459087904
2022-12-05 00:00:00+00:00,XRPUSDT,0.49981121225636355
2022-12-06 00:00:00+00:00,XRPUSDT,0.4394687128945907
2022-12-07 00:00:00+00:00,XRPUSDT,0.5453942853250446
2022-12-08 00:00:00+00:00,XRPUSDT,0.34434718448815166
2022-12-09 00:00:00+00:00,XRPUSDT,0.29860193203967156
2022-12-10 00:00:00+00:00,XRPUSDT,0.2029871338365236
2022-12-11 00:00:00+00:00,XRPUSDT,0.2514849682493743
2022-12-12 00:00:00+00:00,XRPUSDT,0.6318047937055726
2022-12-13 00:00:00+00:00,XRPUSDT,0.661203487304799
2022-12-14 00:00:00+00:00,XRPUSDT,0.45562170216045816
2022-12-15 00:00:00+00:00,XRPUSDT,0.43539155636719684
2022-12-16 00:00:00+00:00,XRPUSDT,0.9384223526086031
2022-12-17 00:00:00+00:00,XRPUSDT,0.4722422975319442
2022-12-18 00:00:00+00:00,XRPUSDT,0.26668273687587185
2022-12-19 00:00:00+00:00,XRPUSDT,0.7457028389673258
2022-12-20 00:00:00+00:00,XRPUSDT,0.5326127215847346
2022-12-21 00:00:00+00:00,XRPUSDT,0.5168015018654364
2022-12-22 00:00:00+00:00,XRPUSDT,0.4679839963206552
2022-12-23 00:00:00+00:00,XRPUSDT,0.3124585135717046
2022-12-24 00:00:00+00:00,XRPUSDT,0.17384727355262475
2022-12-25 00:00:00+00:00,XRPUSDT,0.20154032828241125
2022-12-26 00:00:00+00:00,XRPUSDT,0.4694253637662661
2022-12-27 00:00:00+00:00,XRPUSDT,0.6102938475694614
2022-12-28 00:00:00+00:00,XRPUSDT,0.5883377160175058
2022-12-29 00:00:00+00:00,XRPUSDT,0.5217576500503661
2022-12-30 00:00:00+00:00,XRPUSDT,0.5892254662522761
2022-12-31 00:00:00+00:00,XRPUSDT,0.3277586319324712
2023-01-01 00:00:00+00:00,XRPUSDT,0.20564575570320454
2023-01-02 00:00:00+00:00,XRPUSDT,1.0369567663773096
2023-01-03 00:00:00+00:00,XRPUSDT,0.456204889454212
2023-01-04 00:00:00+00:00,XRPUSDT,0.4661588881342777
2023-01-05 00:00:00+00:00,XRPUSDT,0.5034596449504073
2023-01-06 00:00:00+00:00,XRPUSDT,0.5393067922452792
2023-01-07 00:00:00+00:00,XRPUSDT,0.23601468798008451
2023-01-08 00:00:00+00:00,XRPUSDT,0.40615912137032417
2023-01-09 00:00:00+00:00,XRPUSDT,0.6352170439171201
2023-01-10 00:00:00+00:00,XRPUSDT,0.4918587062946277
2023-01-11 00:00:00+00:00,XRPUSDT,1.1163490417448951
2023-01-12 00:00:00+00:00,XRPUSDT,0.6959005658396595
2023-01-13 00:00:00+00:00,XRPUSDT,0.5579746455109028
2023-01-14 00:00:00+00:00,XRPUSDT,1.1898997886690905
2023-01-15 00:00:00+00:00,XRPUSDT,0.6453083684185498
2023-01-16 00:00:00+00:00,XRPUSDT,0.9513986108424679
2023-01-17 00:00:00+00:00,XRPUSDT,0.5138681096095852
2023-01-18 00:00:00+00:00,XRPUSDT,0.9487467915166272
2023-01-19 00:00:00+00:00,XRPUSDT,0.6296146028499389
2023-01-20 00:00:00+00:00,XRPUSDT,0.527969036646021
2023-01-21 00:00:00+00:00,XRPUSDT,0.6657906877203085
2023-01-22 00:00:00+00:00,XRPUSDT,0.5265844991871768
2023-01-23 00:00:00+00:00,XRPUSDT,0.8172261519775927
2023-01-24 00:00:00+00:00,XRPUSDT,0.6308609326867439
2023-01-25 00:00:00+00:00,XRPUSDT,0.7154206451686584
2023-01-26 00:00:00+00:00,XRPUSDT,0.42820818919766773
2023-01-27 00:00:00+00:00,XRPUSDT,0.5763729451137153
2023-01-28 00:00:00+00:00,XRPUSDT,0.33573044929539203
2023-01-29 00:00:00+00:00,XRPUSDT,0.24979232536052978
2023-01-30 00:00:00+00:00,XRPUSDT,0.8333341325408319
2023-01-31 00:00:00+00:00,XRPUSDT,0.44199411112215103
2023-02-01 00:00:00+00:00,XRPUSDT,0.5616205232795498
2023-02-02 00:00:00+00:00,XRPUSDT,0.5970719933106524
2023-02-03 00:00:00+00:00,XRPUSDT,0.38758819977544695
2023-02-04 00:00:00+00:00,XRPUSDT,0.3289236400076556
2023-02-05 00:00:00+00:00,XRPUSDT,0.4521548983088603
2023-02-06 00:00:00+00:00,XRPUSDT,0.5407204840299178
2023-02-07 00:00:00+00:00,XRPUSDT,0.48780438975958434
2023-02-08 00:00:00+00:00,XRPUSDT,0.34589892948041256
2023-02-09 00:00:00+00:00,XRPUSDT,1.1900537620081861
2023-02-10 00:00:00+00:00,XRPUSDT,0.5322106104913766
2023-02-11 00:00:00+00:00,XRPUSDT,0.18022935522234698
2023-02-12 00:00:00+00:00,XRPUSDT,0.3298529877191565
2023-02-13 00:00:00+00:00,XRPUSDT,0.7082800969249123
2023-02-14 00:00:00+00:00,XRPUSDT,0.529394516021581
2023-02-15 00:00:00+00:00,XRPUSDT,0.5618499020211917
2023-02-16 00:00:00+00:00,XRPUSDT,0.5753479123694923
2023-02-17 00:00:00+00:00,XRPUSDT,0.47787701737817057
2023-02-18 00:00:00+00:00,XRPUSDT,0.2804021684761527
2023-02-19 00:00:00+00:00,XRPUSDT,0.3921474419070888
2023-02-20 00:00:00+00:00,XRPUSDT,0.8615964842234978
2023-02-21 00:00:00+00:00,XRPUSDT,0.5894478113821258
2023-02-22 00:00:00+00:00,XRPUSDT,0.6270843925849316
2023-02-23 00:00:00+00:00,XRPUSDT,0.5428849827144289
2023-02-24 00:00:00+00:00,XRPUSDT,0.4955287818332472
2023-02-25 00:00:00+00:00,XRPUSDT,0.2800609603658582
2023-02-26 00:00:00+00:00,XRPUSDT,0.22713187410143995
2023-02-27 00:00:00+00:00,XRPUSDT,0.38171377706337145
2023-02-28 00:00:00+00:00,XRPUSDT,0.5535207521208609
2023-03-01 00:00:00+00:00,XRPUSDT,0.37787727067915766
2023-03-02 00:00:00+00:00,XRPUSDT,0.39910357528188284
2023-03-03 00:00:00+00:00,XRPUSDT,1.0393997738812812
2023-03-04 00:00:00+00:00,XRPUSDT,0.3241418608720465
2023-03-05 00:00:00+00:00,XRPUSDT,0.275472410474295
2023-03-06 00:00:00+00:00,XRPUSDT,0.5941957177870767
2023-03-07 00:00:00+00:00,XRPUSDT,0.4282000121280132
2023-03-08 00:00:00+00:00,XRPUSDT,0.8987811377447258
2023-03-09 00:00:00+00:00,XRPUSDT,1.0819186935776637
2023-03-10 00:00:00+00:00,XRPUSDT,0.7549862300127154
2023-03-11 00:00:00+00:00,XRPUSDT,0.48736107100852255
2023-03-12 00:00:00+00:00,XRPUSDT,0.7459389602959346
2023-03-13 00:00:00+00:00,XRPUSDT,0.7987488595740009
2023-03-14 00:00:00+00:00,XRPUSDT,0.7920533440952584
2023-03-15 00:00:00+00:00,XRPUSDT,0.4461134233560503
2023-03-16 00:00:00+00:00,XRPUSDT,0.41213052466756145
2023-03-17 00:00:00+00:00,XRPUSDT,0.6265710014941931
2023-03-18 00:00:00+00:00,XRPUSDT,0.4885662962257353
2023-03-19 00:00:00+00:00,XRPUSDT,0.9531373213266204
2023-03-20 00:00:00+00:00,XRPUSDT,0.618419168448941
2023-03-21 00:00:00+00:00,XRPUSDT,1.9827277362405324
2023-03-22 00:00:00+00:00,XRPUSDT,1.652187807204433
2023-03-23 00:00:00+00:00,XRPUSDT,1.3035504835057645
2023-03-24 00:00:00+00:00,XRPUSDT,
2023-03-25 00:00:00+00:00,XRPUSDT,1.19804862577742
2023-03-26 00:00:00+00:00,XRPUSDT,0.7663082632121897
2023-03-27 00:00:00+00:00,XRPUSDT,1.2707192671015763
2023-03-28 00:00:00+00:00,XRPUSDT,1.3291275797642377
2023-03-29 00:00:00+00:00,XRPUSDT,1.2291236429474586
2023-03-30 00:00:00+00:00,XRPUSDT,1.1557952670466192
2023-03-31 00:00:00+00:00,XRPUSDT,0.6611552432770517
2023-04-01 00:00:00+00:00,XRPUSDT,0.8470035405823272
2023-04-02 00:00:00+00:00,XRPUSDT,0.928322501912634
2023-04-03 00:00:00+00:00,XRPUSDT,1.0266203539802554
2023-04-04 00:00:00+00:00,XRPUSDT,0.46338221445248645
2023-04-05 00:00:00+00:00,XRPUSDT,0.71499588055279
2023-04-06 00:00:00+00:00,XRPUSDT,0.553985654758947
2023-04-07 00:00:00+00:00,XRPUSDT,0.3893699261420119
2023-04-08 00:00:00+00:00,XRPUSDT,0.2926266740743645
2023-04-09 00:00:00+00:00,XRPUSDT,0.2678742008604346
2023-04-10 00:00:00+00:00,XRPUSDT,0.33494935965624234
2023-04-11 00:00:00+00:00,XRPUSDT,0.47383222509861467
2023-04-12 00:00:00+00:00,XRPUSDT,0.40406827659219885
2023-04-13 00:00:00+00:00,XRPUSDT,0.28661688915994216
2023-04-14 00:00:00+00:00,XRPUSDT,0.8269135102731728
2023-04-15 00:00:00+00:00,XRPUSDT,0.34334317497432176
2023-04-16 00:00:00+00:00,XRPUSDT,0.3249226128133905
2023-04-17 00:00:00+00:00,XRPUSDT,0.5176205155315055
2023-04-18 00:00:00+00:00,XRPUSDT,0.3765883088793454
2023-04-19 00:00:00+00:00,XRPUSDT,1.450049457353942
2023-04-20 00:00:00+00:00,XRPUSDT,0.7414342797012962
2023-04-21 00:00:00+00:00,XRPUSDT,0.7649560950833112
2023-04-22 00:00:00+00:00,XRPUSDT,0.7566896687617237
2023-04-23 00:00:00+00:00,XRPUSDT,0.5669604412295206
2023-04-24 00:00:00+00:00,XRPUSDT,1.0921412020578178
2023-04-25 00:00:00+00:00,XRPUSDT,0.48745972454663483
2023-04-26 00:00:00+00:00,XRPUSDT,1.4441224794285734
2023-04-27 00:00:00+00:00,XRPUSDT,0.4997288334014311
2023-04-28 00:00:00+00:00,XRPUSDT,0.4616989779563218
2023-04-29 00:00:00+00:00,XRPUSDT,0.31153769302038464
2023-04-30 00:00:00+00:00,XRPUSDT,0.3171636333433659
2023-05-01 00:00:00+00:00,XRPUSDT,0.48492198257734564
2023-05-02 00:00:00+00:00,XRPUSDT,0.3280804775952337
2023-05-03 00:00:00+00:00,XRPUSDT,0.5140635050127432
2023-05-04 00:00:00+00:00,XRPUSDT,0.2486729932767304
2023-05-05 00:00:00+00:00,XRPUSDT,0.2650402336228671
2023-05-06 00:00:00+00:00,XRPUSDT,0.27985654786604314
2023-05-07 00:00:00+00:00,XRPUSDT,0.27291427494826137
2023-05-08 00:00:00+00:00,XRPUSDT,0.925350910964972
2023-05-09 00:00:00+00:00,XRPUSDT,0.534235173824426
2023-05-10 00:00:00+00:00,XRPUSDT,0.6476826855398609
2023-05-11 00:00:00+00:00,XRPUSDT,0.4322436746349475
2023-05-12 00:00:00+00:00,XRPUSDT,1.159444612286023
2023-05-13 00:00:00+00:00,XRPUSDT,0.20931199702542733
2023-05-14 00:00:00+00:00,XRPUSDT,0.24699157506218417
2023-05-15 00:00:00+00:00,XRPUSDT,0.39145893201058973
2023-05-16 00:00:00+00:00,XRPUSDT,0.6589178523047264
2023-05-17 00:00:00+00:00,XRPUSDT,0.8551393625633104
2023-05-18 00:00:00+00:00,XRPUSDT,1.1944931594322032
2023-05-19 00:00:00+00:00,XRPUSDT,0.5889227473301414
2023-05-20 00:00:00+00:00,XRPUSDT,0.2728905005520792
2023-05-21 00:00:00+00:00,XRPUSDT,0.29948595662579375
2023-05-22 00:00:00+00:00,XRPUSDT,0.48994213229642664
2023-05-23 00:00:00+00:00,XRPUSDT,0.3094107816532384
2023-05-24 00:00:00+00:00,XRPUSDT,0.37598734231750963
2023-05-25 00:00:00+00:00,XRPUSDT,0.37188429526820943
2023-05-26 00:00:00+00:00,XRPUSDT,0.43374917075761077
2023-05-27 00:00:00+00:00,XRPUSDT,0.34705733695334134
2023-05-28 00:00:00+00:00,XRPUSDT,0.3024466201587261
2023-05-29 00:00:00+00:00,XRPUSDT,0.3661590565286365
2023-05-30 00:00:00+00:00,XRPUSDT,0.8284215586264246
2023-05-31 00:00:00+00:00,XRPUSDT,0.8858449128523065
2023-06-01 00:00:00+00:00,XRPUSDT,0.48722925867924194
2023-06-02 00:00:00+00:00,XRPUSDT,0.4465483052532762
2023-06-03 00:00:00+00:00,XRPUSDT,0.23178237108750482
2023-06-04 00:00:00+00:00,XRPUSDT,0.5496963537702113
2023-06-05 00:00:00+00:00,XRPUSDT,1.3363144509851488
2023-06-06 00:00:00+00:00,XRPUSDT,0.8849408656463464
2023-06-07 00:00:00+00:00,XRPUSDT,0.8254048274984925
2023-06-08 00:00:00+00:00,XRPUSDT,0.4235188546539464
2023-06-09 00:00:00+00:00,XRPUSDT,0.4845455437244967
2023-06-10 00:00:00+00:00,XRPUSDT,1.5775678020067418
2023-06-11 00:00:00+00:00,XRPUSDT,0.4887621549519804
2023-06-12 00:00:00+00:00,XRPUSDT,0.505558878637769
2023-06-13 00:00:00+00:00,XRPUSDT,1.7065772897811102
2023-06-14 00:00:00+00:00,XRPUSDT,1.6175850856403673
2023-06-15 00:00:00+00:00,XRPUSDT,0.6535839648531553
2023-06-16 00:00:00+00:00,XRPUSDT,0.6881591664091279
2023-06-17 00:00:00+00:00,XRPUSDT,0.4234684304343235
2023-06-18 00:00:00+00:00,XRPUSDT,0.43918257273212236
2023-06-19 00:00:00+00:00,XRPUSDT,0.46183058763619506
2023-06-20 00:00:00+00:00,XRPUSDT,0.5843849376219875
2023-06-21 00:00:00+00:00,XRPUSDT,0.4985600919773113
2023-06-22 00:00:00+00:00,XRPUSDT,0.9748239502495747
2023-06-23 00:00:00+00:00,XRPUSDT,0.6198529620213459
2023-06-24 00:00:00+00:00,XRPUSDT,0.4117139467579827
2023-06-25 00:00:00+00:00,XRPUSDT,0.2670373144642723
2023-06-26 00:00:00+00:00,XRPUSDT,0.620163044085582
2023-06-27 00:00:00+00:00,XRPUSDT,0.29987905426612277
2023-06-28 00:00:00+00:00,XRPUSDT,0.6221102727938403
2023-06-29 00:00:00+00:00,XRPUSDT,0.3577447169287342
2023-06-30 00:00:00+00:00,XRPUSDT,0.9997212440279641
2023-07-01 00:00:00+00:00,XRPUSDT,0.3696604912771341
2023-07-02 00:00:00+00:00,XRPUSDT,0.8330064594958151
2023-07-03 00:00:00+00:00,XRPUSDT,0.36433021464142956
2023-07-04 00:00:00+00:00,XRPUSDT,0.36616495135192606
2023-07-05 00:00:00+00:00,XRPUSDT,0.5216808919602889
2023-07-06 00:00:00+00:00,XRPUSDT,0.56236616209011
2023-07-07 00:00:00+00:00,XRPUSDT,0.3350042119687537
2023-07-08 00:00:00+00:00,XRPUSDT,0.19799525478336213
2023-07-09 00:00:00+00:00,XRPUSDT,0.17304511369626263
2023-07-10 00:00:00+00:00,XRPUSDT,0.4225319731836276
2023-07-11 00:00:00+00:00,XRPUSDT,0.21427326164015587
2023-07-12 00:00:00+00:00,XRPUSDT,0.2873289419693297
2023-07-13 00:00:00+00:00,XRPUSDT,5.856145854830321
2023-07-14 00:00:00+00:00,XRPUSDT,2.2578749328383196
2023-07-15 00:00:00+00:00,XRPUSDT,0.9549518221399254
2023-07-16 00:00:00+00:00,XRPUSDT,1.2735680301765562
2023-07-17 00:00:00+00:00,XRPUSDT,0.7375003497526259
2023-07-18 00:00:00+00:00,XRPUSDT,0.6802946165883448
2023-07-19 00:00:00+00:00,XRPUSDT,1.0575629940241482
2023-07-20 00:00:00+00:00,XRPUSDT,1.1811430035092019
2023-07-21 00:00:00+00:00,XRPUSDT,0.666740041085176
2023-07-22 00:00:00+00:00,XRPUSDT,0.7524500732665463
2023-07-23 00:00:00+00:00,XRPUSDT,0.6613706710368706
2023-07-24 00:00:00+00:00,XRPUSDT,0.8844164473822892
2023-07-25 00:00:00+00:00,XRPUSDT,0.7316084343695194
2023-07-26 00:00:00+00:00,XRPUSDT,0.7491355704726367
2023-07-27 00:00:00+00:00,XRPUSDT,0.5221235313934848
2023-07-28 00:00:00+00:00,XRPUSDT,0.3212637214754897
2023-07-29 00:00:00+00:00,XRPUSDT,0.2253882495709817
2023-07-30 00:00:00+00:00,XRPUSDT,0.4970702397967566
2023-07-31 00:00:00+00:00,XRPUSDT,0.6731581587644795
2023-08-01 00:00:00+00:00,XRPUSDT,0.432441156724928
2023-08-02 00:00:00+00:00,XRPUSDT,0.37339675884056406
2023-08-03 00:00:00+00:00,XRPUSDT,0.5814209394847212
2023-08-04 00:00:00+00:00,XRPUSDT,0.7656790089600355
2023-08-05 00:00:00+00:00,XRPUSDT,0.7105752391908807
2023-08-06 00:00:00+00:00,XRPUSDT,0.38527823186632826
2023-08-07 00:00:00+00:00,XRPUSDT,0.6000436468109843
2023-08-08 00:00:00+00:00,XRPUSDT,0.5793612946265968
2023-08-09 00:00:00+00:00,XRPUSDT,0.9808720009336127
2023-08-10 00:00:00+00:00,XRPUSDT,0.4121671343028827
2023-08-11 00:00:00+00:00,XRPUSDT,0.3014317479820677
2023-08-12 00:00:00+00:00,XRPUSDT,0.17746904003325595
2023-08-13 00:00:00+00:00,XRPUSDT,0.270669743044648
2023-08-14 00:00:00+00:00,XRPUSDT,0.26269680374981896
2023-08-15 00:00:00+00:00,XRPUSDT,0.7002237913146427
2023-08-16 00:00:00+00:00,XRPUSDT,0.5185907599310845
2023-08-17 00:00:00+00:00,XRPUSDT,3.4300717177411038
2023-08-18 00:00:00+00:00,XRPUSDT,1.2754722140860113
2023-08-19 00:00:00+00:00,XRPUSDT,0.7217633427499235
2023-08-20 00:00:00+00:00,XRPUSDT,0.8388506784438273
2023-08-21 00:00:00+00:00,XRPUSDT,0.8025441780791611
2023-08-22 00:00:00+00:00,XRPUSDT,0.5664052357421399
2023-08-23 00:00:00+00:00,XRPUSDT,0.4816970359232865
2023-08-24 00:00:00+00:00,XRPUSDT,0.3748561866049548
2023-08-25 00:00:00+00:00,XRPUSDT,0.47694943843998816
2023-08-26 00:00:00+00:00,XRPUSDT,0.21880238509002573
2023-08-27 00:00:00+00:00,XRPUSDT,0.26128560422131625
2023-08-28 00:00:00+00:00,XRPUSDT,0.3248286181912194
2023-08-29 00:00:00+00:00,XRPUSDT,0.9747905694219081
2023-08-30 00:00:00+00:00,XRPUSDT,0.40207271514095055
2023-08-31 00:00:00+00:00,XRPUSDT,0.5203429776181245
2023-09-01 00:00:00+00:00,XRPUSDT,0.48212441591005617
2023-09-02 00:00:00+00:00,XRPUSDT,0.24884923174982895
2023-09-03 00:00:00+00:00,XRPUSDT,0.3477832501868238
2023-09-04 00:00:00+00:00,XRPUSDT,0.3736243611431864
2023-09-05 00:00:00+00:00,XRPUSDT,0.2917914178678854
2023-09-06 00:00:00+00:00,XRPUSDT,0.3742202958082594
2023-09-07 00:00:00+00:00,XRPUSDT,0.22935685708283804
2023-09-08 00:00:00+00:00,XRPUSDT,0.30033867200764985
2023-09-09 00:00:00+00:00,XRPUSDT,0.13709764262755644
2023-09-10 00:00:00+00:00,XRPUSDT,0.23136066827425789
2023-09-11 00:00:00+00:00,XRPUSDT,0.5914942415945915
2023-09-12 00:00:00+00:00,XRPUSDT,0.5838875972834443
2023-09-13 00:00:00+00:00,XRPUSDT,0.32132742549395965
2023-09-14 00:00:00+00:00,XRPUSDT,0.3711928321731122
2023-09-15 00:00:00+00:00,XRPUSDT,0.5162730179907976
2023-09-16 00:00:00+00:00,XRPUSDT,0.2334705610280856
2023-09-17 00:00:00+00:00,XRPUSDT,0.36197181943472734
2023-09-18 00:00:00+00:00,XRPUSDT,0.4740472156639393
2023-09-19 00:00:00+00:00,XRPUSDT,0.45742199173265174
2023-09-20 00:00:00+00:00,XRPUSDT,0.5417681960044854
2023-09-21 00:00:00+00:00,XRPUSDT,0.48233094295844203
2023-09-22 00:00:00+00:00,XRPUSDT,0.4044361276640187
2023-09-23 00:00:00+00:00,XRPUSDT,0.18793301563682727
2023-09-24 00:00:00+00:00,XRPUSDT,0.2681768932233653
2023-09-25 00:00:00+00:00,XRPUSDT,0.40345567635405916
2023-09-26 00:00:00+00:00,XRPUSDT,0.365441358029147
2023-09-27 00:00:00+00:00,XRPUSDT,0.4363535726329141
2023-09-28 00:00:00+00:00,XRPUSDT,0.278992636499452
2023-09-29 00:00:00+00:00,XRPUSDT,1.193833733842789
2023-09-30 00:00:00+00:00,XRPUSDT,0.28629352580842166
2023-10-01 00:00:00+00:00,XRPUSDT,0.332027946983204
2023-10-02 00:00:00+00:00,XRPUSDT,0.5842898109971657
2023-10-03 00:00:00+00:00,XRPUSDT,0.7373235025499709
2023-10-04 00:00:00+00:00,XRPUSDT,0.7508502925417151
2023-10-05 00:00:00+00:00,XRPUSDT,0.43304786844739795
2023-10-06 00:00:00+00:00,XRPUSDT,0.27586651635222004
2023-10-07 00:00:00+00:00,XRPUSDT,0.1570228339860309
2023-10-08 00:00:00+00:00,XRPUSDT,0.16464345088346113
2023-10-09 00:00:00+00:00,XRPUSDT,0.48057714276186264
2023-10-10 00:00:00+00:00,XRPUSDT,0.29088625030321585
2023-10-11 00:00:00+00:00,XRPUSDT,0.48177225339098384
2023-10-12 00:00:00+00:00,XRPUSDT,0.3782866475833226
2023-10-13 00:00:00+00:00,XRPUSDT,0.3531322237737519
2023-10-14 00:00:00+00:00,XRPUSDT,0.16918334077916994
2023-10-15 00:00:00+00:00,XRPUSDT,0.19220345366560185
2023-10-16 00:00:00+00:00,XRPUSDT,0.47764562726724863
2023-10-17 00:00:00+00:00,XRPUSDT,0.30847474152926047
2023-10-18 00:00:00+00:00,XRPUSDT,0.2743613659419177
2023-10-19 00:00:00+00:00,XRPUSDT,0.7777449570675591
2023-10-20 00:00:00+00:00,XRPUSDT,0.6062246247794871
2023-10-21 00:00:00+00:00,XRPUSDT,0.36557871700556505
2023-10-22 00:00:00+00:00,XRPUSDT,0.3939489046059065
2023-10-23 00:00:00+00:00,XRPUSDT,0.6324307272637186
2023-10-24 00:00:00+00:00,XRPUSDT,1.2715188970816922
2023-10-25 00:00:00+00:00,XRPUSDT,0.7149804936243717
2023-10-26 00:00:00+00:00,XRPUSDT,0.4960825416731343
2023-10-27 00:00:00+00:00,XRPUSDT,0.5774381011192413
2023-10-28 00:00:00+00:00,XRPUSDT,0.2108473776793172
2023-10-29 00:00:00+00:00,XRPUSDT,0.27543369744247337
2023-10-30 00:00:00+00:00,XRPUSDT,0.5837857016527137
2023-10-31 00:00:00+00:00,XRPUSDT,1.0053030825239697
2023-11-01 00:00:00+00:00,XRPUSDT,0.723112084081646
2023-11-02 00:00:00+00:00,XRPUSDT,0.5922617594378102
2023-11-03 00:00:00+00:00,XRPUSDT,0.5820528603152366
2023-11-04 00:00:00+00:00,XRPUSDT,0.22628822852370623
2023-11-05 00:00:00+00:00,XRPUSDT,0.8183043632652799
2023-11-06 00:00:00+00:00,XRPUSDT,1.0196368788762908
2023-11-07 00:00:00+00:00,XRPUSDT,1.206909929894986
2023-11-08 00:00:00+00:00,XRPUSDT,0.6215838411262928
2023-11-09 00:00:00+00:00,XRPUSDT,1.2926677723116025
2023-11-10 00:00:00+00:00,XRPUSDT,0.6693784144416932
2023-11-11 00:00:00+00:00,XRPUSDT,0.6493837420727733
2023-11-12 00:00:00+00:00,XRPUSDT,0.42362627624985244
2023-11-13 00:00:00+00:00,XRPUSDT,2.545931555275195
2023-11-14 00:00:00+00:00,XRPUSDT,1.376928654716251
2023-11-15 00:00:00+00:00,XRPUSDT,0.5375011129840085
2023-11-16 00:00:00+00:00,XRPUSDT,0.5476895877916844
2023-11-17 00:00:00+00:00,XRPUSDT,0.7883480628622423
2023-11-18 00:00:00+00:00,XRPUSDT,0.5075214201289573
2023-11-19 00:00:00+00:00,XRPUSDT,0.4601143754520123
2023-11-20 00:00:00+00:00,XRPUSDT,0.5120686897699818
2023-11-21 00:00:00+00:00,XRPUSDT,0.7875751071128999
2023-11-22 00:00:00+00:00,XRPUSDT,0.4973101722941165
2023-11-23 00:00:00+00:00,XRPUSDT,0.46663019970284386
2023-11-24 00:00:00+00:00,XRPUSDT,0.32575544445910753
2023-11-25 00:00:00+00:00,XRPUSDT,0.20687920963226072
2023-11-26 00:00:00+00:00,XRPUSDT,0.6269622118748726
2023-11-27 00:00:00+00:00,XRPUSDT,0.4079458405909439
2023-11-28 00:00:00+00:00,XRPUSDT,0.4039508259468003
2023-11-29 00:00:00+00:00,XRPUSDT,0.294707495268618
2023-11-30 00:00:00+00:00,XRPUSDT,0.2900608218419534
2023-12-01 00:00:00+00:00,XRPUSDT,0.30422242416294937
2023-12-02 00:00:00+00:00,XRPUSDT,0.2681074095231226
2023-12-03 00:00:00+00:00,XRPUSDT,0.3776992635559267
2023-12-04 00:00:00+00:00,XRPUSDT,0.7433706758889675
2023-12-05 00:00:00+00:00,XRPUSDT,0.5072164368583673
2023-12-06 00:00:00+00:00,XRPUSDT,0.5880430863032532
2023-12-07 00:00:00+00:00,XRPUSDT,0.7642510497936206
2023-12-08 00:00:00+00:00,XRPUSDT,0.5274042133244456
2023-12-09 00:00:00+00:00,XRPUSDT,0.8658562821065585
2023-12-10 00:00:00+00:00,XRPUSDT,0.7344131349642598
2023-12-11 00:00:00+00:00,XRPUSDT,1.090312917698179
2023-12-12 00:00:00+00:00,XRPUSDT,0.5620234479952839
2023-12-13 00:00:00+00:00,XRPUSDT,0.6982926839256448
2023-12-14 00:00:00+00:00,XRPUSDT,0.4368765242781787
2023-12-15 00:00:00+00:00,XRPUSDT,0.4661165371969729
2023-12-16 00:00:00+00:00,XRPUSDT,0.18462212242805867
2023-12-17 00:00:00+00:00,XRPUSDT,0.31479677585358895
2023-12-18 00:00:00+00:00,XRPUSDT,0.5914303064522058
2023-12-19 00:00:00+00:00,XRPUSDT,0.5040751370840989
2023-12-20 00:00:00+00:00,XRPUSDT,0.45290650590387543
2023-12-21 00:00:00+00:00,XRPUSDT,0.3753932525257705
2023-12-22 00:00:00+00:00,XRPUSDT,0.4309185871693959
2023-12-23 00:00:00+00:00,XRPUSDT,0.2621625516790677
2023-12-24 00:00:00+00:00,XRPUSDT,0.4512270402764558
2023-12-25 00:00:00+00:00,XRPUSDT,0.682640752738035
2023-12-26 00:00:00+00:00,XRPUSDT,0.7254823491064312
2023-12-27 00:00:00+00:00,XRPUSDT,0.444638133453528
2023-12-28 00:00:00+00:00,XRPUSDT,0.7764524855543675
2023-12-29 00:00:00+00:00,XRPUSDT,0.590881870867514
2023-12-30 00:00:00+00:00,XRPUSDT,0.30137778089679484
2023-12-31 00:00:00+00:00,XRPUSDT,0.3668965782139275
2024-01-01 00:00:00+00:00,XRPUSDT,0.30300779038510545
2024-01-02 00:00:00+00:00,XRPUSDT,0.42473694614406515
2024-01-03 00:00:00+00:00,XRPUSDT,2.1866218771397903
2024-01-04 00:00:00+00:00,XRPUSDT,0.5682150973688046
2024-01-05 00:00:00+00:00,XRPUSDT,0.7676821580936951
2024-01-06 00:00:00+00:00,XRPUSDT,0.43125678343775076
2024-01-07 00:00:00+00:00,XRPUSDT,0.5917592887602207
2024-01-08 00:00:00+00:00,XRPUSDT,1.184975656390344
2024-01-09 00:00:00+00:00,XRPUSDT,0.7739430412624666
2024-01-10 00:00:00+00:00,XRPUSDT,1.1750953183418673
2024-01-11 00:00:00+00:00,XRPUSDT,0.8708607834928742
2024-01-12 00:00:00+00:00,XRPUSDT,0.6401476750750302
2024-01-13 00:00:00+00:00,XRPUSDT,0.2607800796881528
2024-01-14 00:00:00+00:00,XRPUSDT,0.7267318228322502
2024-01-15 00:00:00+00:00,XRPUSDT,0.5556157076881046
2024-01-16 00:00:00+00:00,XRPUSDT,0.3389395929953691
2024-01-17 00:00:00+00:00,XRPUSDT,0.28542438775186824
2024-01-18 00:00:00+00:00,XRPUSDT,0.4206103514498417
2024-01-19 00:00:00+00:00,XRPUSDT,0.7718696417814194
2024-01-20 00:00:00+00:00,XRPUSDT,0.40555510825535207
2024-01-21 00:00:00+00:00,XRPUSDT,0.26274858121355477
2024-01-22 00:00:00+00:00,XRPUSDT,0.5697437662860627
2024-01-23 00:00:00+00:00,XRPUSDT,0.659384411890603
2024-01-24 00:00:00+00:00,XRPUSDT,0.31146293858671237
2024-01-25 00:00:00+00:00,XRPUSDT,0.3707030341562341
2024-01-26 00:00:00+00:00,XRPUSDT,0.4472800163786898
2024-01-27 00:00:00+00:00,XRPUSDT,0.23498048982448708
2024-01-28 00:00:00+00:00,XRPUSDT,0.29793956058919646
2024-01-29 00:00:00+00:00,XRPUSDT,0.4478464590840972
2024-01-30 00:00:00+00:00,XRPUSDT,0.441036563635508
2024-01-31 00:00:00+00:00,XRPUSDT,0.4609133293862348
2024-02-01 00:00:00+00:00,XRPUSDT,0.5493706628406856
2024-02-02 00:00:00+00:00,XRPUSDT,0.31129642442165206
2024-02-03 00:00:00+00:00,XRPUSDT,0.5179822621235446
2024-02-04 00:00:00+00:00,XRPUSDT,0.2849083444901865
2024-02-05 00:00:00+00:00,XRPUSDT,0.3730736789650739
2024-02-06 00:00:00+00:00,XRPUSDT,0.2930130909697839
2024-02-07 00:00:00+00:00,XRPUSDT,0.3132887120896182
2024-02-08 00:00:00+00:00,XRPUSDT,0.3869871909449135
2024-02-09 00:00:00+00:00,XRPUSDT,0.34449709601090295
2024-02-10 00:00:00+00:00,XRPUSDT,0.23617735710184948
2024-02-11 00:00:00+00:00,XRPUSDT,0.35545712312082045
2024-02-12 00:00:00+00:00,XRPUSDT,0.5216856115792683
2024-02-13 00:00:00+00:00,XRPUSDT,0.4267659303351966
2024-02-14 00:00:00+00:00,XRPUSDT,0.4172764077411721
2024-02-15 00:00:00+00:00,XRPUSDT,0.7515597319848761
2024-02-16 00:00:00+00:00,XRPUSDT,0.6725323091656195
2024-02-17 00:00:00+00:00,XRPUSDT,0.4738588325959272
2024-02-18 00:00:00+00:00,XRPUSDT,0.36030439735449243
2024-02-19 00:00:00+00:00,XRPUSDT,0.4209457230258098
2024-02-20 00:00:00+00:00,XRPUSDT,0.7460267102474074
2024-02-21 00:00:00+00:00,XRPUSDT,0.614297885943961
2024-02-22 00:00:00+00:00,XRPUSDT,0.5555091074513314
2024-02-23 00:00:00+00:00,XRPUSDT,0.45429194681032103
2024-02-24 00:00:00+00:00,XRPUSDT,0.3753914661096801
2024-02-25 00:00:00+00:00,XRPUSDT,0.2186978355698342
2024-02-26 00:00:00+00:00,XRPUSDT,0.49165166020588635
2024-02-27 00:00:00+00:00,XRPUSDT,0.9031140356688709
2024-02-28 00:00:00+00:00,XRPUSDT,1.2534230851619297
2024-02-29 00:00:00+00:00,XRPUSDT,1.0449899439145898
2024-03-01 00:00:00+00:00,XRPUSDT,0.5725039708092262
2024-03-02 00:00:00+00:00,XRPUSDT,0.8749839107867736
2024-03-03 00:00:00+00:00,XRPUSDT,0.8641795101916057
2024-03-04 00:00:00+00:00,XRPUSDT,1.1099237114679257
2024-03-05 00:00:00+00:00,XRPUSDT,1.9442844159259356
2024-03-06 00:00:00+00:00,XRPUSDT,0.9828721877151737
2024-03-07 00:00:00+00:00,XRPUSDT,0.7191097810965065
2024-03-08 00:00:00+00:00,XRPUSDT,0.5761280205008621
2024-03-09 00:00:00+00:00,XRPUSDT,0.39744431065405267
2024-03-10 00:00:00+00:00,XRPUSDT,0.5702696385594094
2024-03-11 00:00:00+00:00,XRPUSDT,2.4235893664859036
2024-03-12 00:00:00+00:00,XRPUSDT,1.223030586401459
2024-03-13 00:00:00+00:00,XRPUSDT,0.579919404455691
2024-03-14 00:00:00+00:00,XRPUSDT,1.2799952457388908
2024-03-15 00:00:00+00:00,XRPUSDT,1.445348628557519
2024-03-16 00:00:00+00:00,XRPUSDT,0.7244985521554737
2024-03-17 00:00:00+00:00,XRPUSDT,0.8406351268102921
2024-03-18 00:00:00+00:00,XRPUSDT,1.0699787587866993
2024-03-19 00:00:00+00:00,XRPUSDT,1.190218132899507
2024-03-20 00:00:00+00:00,XRPUSDT,1.0792319799059096
2024-03-21 00:00:00+00:00,XRPUSDT,0.6346901234212542
2024-03-22 00:00:00+00:00,XRPUSDT,0.8640089973244762
2024-03-23 00:00:00+00:00,XRPUSDT,0.4436816368634463
2024-03-24 00:00:00+00:00,XRPUSDT,0.4396688153882897
2024-03-25 00:00:00+00:00,XRPUSDT,0.6741700119680725
2024-03-26 00:00:00+00:00,XRPUSDT,0.4594491468741951
2024-03-27 00:00:00+00:00,XRPUSDT,0.5325377954659591
2024-03-28 00:00:00+00:00,XRPUSDT,0.5799586764166912
2024-03-29 00:00:00+00:00,XRPUSDT,0.716216435375881
2024-03-30 00:00:00+00:00,XRPUSDT,0.4076473664802545
2024-03-31 00:00:00+00:00,XRPUSDT,0.19770021788765307
2024-04-01 00:00:00+00:00,XRPUSDT,0.8807733730029297
2024-04-02 00:00:00+00:00,XRPUSDT,0.8179439251258858
2024-04-03 00:00:00+00:00,XRPUSDT,0.5858674525861277
2024-04-04 00:00:00+00:00,XRPUSDT,0.7618646874592326
2024-04-05 00:00:00+00:00,XRPUSDT,0.5455479697058172
2024-04-06 00:00:00+00:00,XRPUSDT,0.3001358611301787
2024-04-07 00:00:00+00:00,XRPUSDT,0.3144851205047912
2024-04-08 00:00:00+00:00,XRPUSDT,0.5028314320755937
2024-04-09 00:00:00+00:00,XRPUSDT,0.8275258139301224
2024-04-10 00:00:00+00:00,XRPUSDT,0.6070708451269458
2024-04-11 00:00:00+00:00,XRPUSDT,0.403651681121414
2024-04-12 00:00:00+00:00,XRPUSDT,1.8703339535696708
2024-04-13 00:00:00+00:00,XRPUSDT,3.549992774372808
2024-04-14 00:00:00+00:00,XRPUSDT,1.2777718602350634
2024-04-15 00:00:00+00:00,XRPUSDT,1.0397202100021652
2024-04-16 00:00:00+00:00,XRPUSDT,0.7237732520796062
2024-04-17 00:00:00+00:00,XRPUSDT,0.9299070113467747
2024-04-18 00:00:00+00:00,XRPUSDT,0.4885270700922993
2024-04-19 00:00:00+00:00,XRPUSDT,1.0911191163925686
2024-04-20 00:00:00+00:00,XRPUSDT,0.5255992249685344
2024-04-21 00:00:00+00:00,XRPUSDT,0.4847920799583876
2024-04-22 00:00:00+00:00,XRPUSDT,0.717192187870628
2024-04-23 00:00:00+00:00,XRPUSDT,0.41641176298853133
2024-04-24 00:00:00+00:00,XRPUSDT,0.5858572276176094
2024-04-25 00:00:00+00:00,XRPUSDT,0.5416827925544427
2024-04-26 00:00:00+00:00,XRPUSDT,0.49066164366296683
2024-04-27 00:00:00+00:00,XRPUSDT,0.46067815725324257
2024-04-28 00:00:00+00:00,XRPUSDT,0.329488083323515
2024-04-29 00:00:00+00:00,XRPUSDT,0.5452847938300258
2024-04-30 00:00:00+00:00,XRPUSDT,0.6483613295077205
2024-05-01 00:00:00+00:00,XRPUSDT,0.7618069358365761
2024-05-02 00:00:00+00:00,XRPUSDT,0.4483037511296914
2024-05-03 00:00:00+00:00,XRPUSDT,0.42776497174605727
2024-05-04 00:00:00+00:00,XRPUSDT,0.36762654435304204
2024-05-05 00:00:00+00:00,XRPUSDT,0.22323987541019216
2024-05-06 00:00:00+00:00,XRPUSDT,1.2586221324129783
2024-05-07 00:00:00+00:00,XRPUSDT,0.4532399207373353
2024-05-08 00:00:00+00:00,XRPUSDT,0.39611945261103154
2024-05-09 00:00:00+00:00,XRPUSDT,0.4743756136232817
2024-05-10 00:00:00+00:00,XRPUSDT,0.5610621745095414
2024-05-11 00:00:00+00:00,XRPUSDT,0.2188724127592192
2024-05-12 00:00:00+00:00,XRPUSDT,0.1632245873658992
2024-05-13 00:00:00+00:00,XRPUSDT,0.5440589252577108
2024-05-14 00:00:00+00:00,XRPUSDT,0.37419836621599395
2024-05-15 00:00:00+00:00,XRPUSDT,0.3291529982309373
2024-05-16 00:00:00+00:00,XRPUSDT,0.3634381986393181
2024-05-17 00:00:00+00:00,XRPUSDT,0.29503841553535226
2024-05-18 00:00:00+00:00,XRPUSDT,0.18447626893809382
2024-05-19 00:00:00+00:00,XRPUSDT,0.2547097182828572
2024-05-20 00:00:00+00:00,XRPUSDT,0.5939068668535998
2024-05-21 00:00:00+00:00,XRPUSDT,0.5705709574257747
2024-05-22 00:00:00+00:00,XRPUSDT,0.4377568300868922
2024-05-23 00:00:00+00:00,XRPUSDT,0.7376524539677317
2024-05-24 00:00:00+00:00,XRPUSDT,0.4833716370562752
2024-05-25 00:00:00+00:00,XRPUSDT,0.3040536173331219
2024-05-26 00:00:00+00:00,XRPUSDT,0.23424091875655098
2024-05-27 00:00:00+00:00,XRPUSDT,0.4248154054934402
2024-05-28 00:00:00+00:00,XRPUSDT,0.33939367144358024
2024-05-29 00:00:00+00:00,XRPUSDT,0.26675760673459614
2024-05-30 00:00:00+00:00,XRPUSDT,0.4331768915561308
2024-05-31 00:00:00+00:00,XRPUSDT,0.38115945968241144
2024-06-01 00:00:00+00:00,XRPUSDT,0.1266234721979862
2024-06-02 00:00:00+00:00,XRPUSDT,0.2564150689051653
2024-06-03 00:00:00+00:00,XRPUSDT,0.3369329592189246
2024-06-04 00:00:00+00:00,XRPUSDT,0.30956703302650757
2024-06-05 00:00:00+00:00,XRPUSDT,0.18292888658814754
2024-06-06 00:00:00+00:00,XRPUSDT,0.26183246920594033
2024-06-07 00:00:00+00:00,XRPUSDT,1.0623484274949258
2024-06-08 00:00:00+00:00,XRPUSDT,0.24530154119871322
2024-06-09 00:00:00+00:00,XRPUSDT,0.17679533123579025
2024-06-10 00:00:00+00:00,XRPUSDT,0.36660686086936417
2024-06-11 00:00:00+00:00,XRPUSDT,0.5203702148286449
2024-06-12 00:00:00+00:00,XRPUSDT,0.7041060758665305
2024-06-13 00:00:00+00:00,XRPUSDT,0.4686364713340052
2024-06-14 00:00:00+00:00,XRPUSDT,0.47748868528747956
2024-06-15 00:00:00+00:00,XRPUSDT,0.34187598466365543
2024-06-16 00:00:00+00:00,XRPUSDT,0.3826375221632388
2024-06-17 00:00:00+00:00,XRPUSDT,0.949500951258005
2024-06-18 00:00:00+00:00,XRPUSDT,1.2325393882168139
2024-06-19 00:00:00+00:00,XRPUSDT,0.34133913688771983
2024-06-20 00:00:00+00:00,XRPUSDT,0.41964191672083095
2024-06-21 00:00:00+00:00,XRPUSDT,0.6401528594576646
2024-06-22 00:00:00+00:00,XRPUSDT,0.16114271201203098
2024-06-23 00:00:00+00:00,XRPUSDT,0.22168992357657807
2024-06-24 00:00:00+00:00,XRPUSDT,0.5947407787115947
2024-06-25 00:00:00+00:00,XRPUSDT,0.26218274598002805
2024-06-26 00:00:00+00:00,XRPUSDT,0.34961447629614706
2024-06-27 00:00:00+00:00,XRPUSDT,0.27649422393019707
2024-06-28 00:00:00+00:00,XRPUSDT,0.34425560331302213
2024-06-29 00:00:00+00:00,XRPUSDT,0.15079912197122725
2024-06-30 00:00:00+00:00,XRPUSDT,0.23550544448700683
2024-07-01 00:00:00+00:00,XRPUSDT,0.2605544281778258
2024-07-02 00:00:00+00:00,XRPUSDT,0.29557858640006207
2024-07-03 00:00:00+00:00,XRPUSDT,0.5395688479704666
2024-07-04 00:00:00+00:00,XRPUSDT,0.8935020051066379
2024-07-05 00:00:00+00:00,XRPUSDT,1.7010347717991203
2024-07-06 00:00:00+00:00,XRPUSDT,0.4270072501449192
2024-07-07 00:00:00+00:00,XRPUSDT,0.6091247066698056
2024-07-08 00:00:00+00:00,XRPUSDT,1.0238638789171484
2024-07-09 00:00:00+00:00,XRPUSDT,0.40098480492001154
2024-07-10 00:00:00+00:00,XRPUSDT,0.4250799932371064
2024-07-11 00:00:00+00:00,XRPUSDT,0.5661567104139283
2024-07-12 00:00:00+00:00,XRPUSDT,0.6831119273030913
2024-07-13 00:00:00+00:00,XRPUSDT,1.5154621851475572
2024-07-14 00:00:00+00:00,XRPUSDT,0.7154097584045606
2024-07-15 00:00:00+00:00,XRPUSDT,0.6040508077792885
2024-07-16 00:00:00+00:00,XRPUSDT,1.3739914484930655
2024-07-17 00:00:00+00:00,XRPUSDT,1.1898493334991516
2024-07-18 00:00:00+00:00,XRPUSDT,1.2342867169748206
2024-07-19 00:00:00+00:00,XRPUSDT,1.1621476632036658
2024-07-20 00:00:00+00:00,XRPUSDT,0.7286246113266137
2024-07-21 00:00:00+00:00,XRPUSDT,0.7179491506635075
2024-07-22 00:00:00+00:00,XRPUSDT,0.8857659919753452
2024-07-23 00:00:00+00:00,XRPUSDT,0.8795296065169047
2024-07-24 00:00:00+00:00,XRPUSDT,0.8474490498343096
2024-07-25 00:00:00+00:00,XRPUSDT,1.1450442775933318
2024-07-26 00:00:00+00:00,XRPUSDT,0.5824305954580232
2024-07-27 00:00:00+00:00,XRPUSDT,0.45329504023100275
2024-07-28 00:00:00+00:00,XRPUSDT,0.3945939361624442
2024-07-29 00:00:00+00:00,XRPUSDT,0.461577074565641
2024-07-30 00:00:00+00:00,XRPUSDT,0.8972704192031297
2024-07-31 00:00:00+00:00,XRPUSDT,1.0472899425302409
2024-08-01 00:00:00+00:00,XRPUSDT,0.9742637782135466
2024-08-02 00:00:00+00:00,XRPUSDT,0.9433094735497941
2024-08-03 00:00:00+00:00,XRPUSDT,0.9491424520554178
2024-08-04 00:00:00+00:00,XRPUSDT,0.8066778177406869
2024-08-05 00:00:00+00:00,XRPUSDT,2.490740439680456
2024-08-06 00:00:00+00:00,XRPUSDT,1.2734029729632663
2024-08-07 00:00:00+00:00,XRPUSDT,2.9646411519796256
2024-08-08 00:00:00+00:00,XRPUSDT,1.4523153525837722
2024-08-09 00:00:00+00:00,XRPUSDT,0.9088562621510936
2024-08-10 00:00:00+00:00,XRPUSDT,0.6387797577569213
2024-08-11 00:00:00+00:00,XRPUSDT,0.6553978209222578
2024-08-12 00:00:00+00:00,XRPUSDT,0.9839876256883897
2024-08-13 00:00:00+00:00,XRPUSDT,0.5444295208552477
2024-08-14 00:00:00+00:00,XRPUSDT,0.5254132100203417
2024-08-15 00:00:00+00:00,XRPUSDT,0.4294993427864082
2024-08-16 00:00:00+00:00,XRPUSDT,0.5464777570228435
2024-08-17 00:00:00+00:00,XRPUSDT,0.2386896161772934
2024-08-18 00:00:00+00:00,XRPUSDT,0.464754545211236
2024-08-19 00:00:00+00:00,XRPUSDT,0.7057321121625248
2024-08-20 00:00:00+00:00,XRPUSDT,0.5567410272585491
2024-08-21 00:00:00+00:00,XRPUSDT,0.36202990589880907
2024-08-22 00:00:00+00:00,XRPUSDT,0.40308953645570983
2024-08-23 00:00:00+00:00,XRPUSDT,0.31984931435247377
2024-08-24 00:00:00+00:00,XRPUSDT,0.6985373183438568
2024-08-25 00:00:00+00:00,XRPUSDT,0.31944477899241597
2024-08-26 00:00:00+00:00,XRPUSDT,0.4689305822297327
2024-08-27 00:00:00+00:00,XRPUSDT,0.7077479476834942
2024-08-28 00:00:00+00:00,XRPUSDT,0.5543815856834391
2024-08-29 00:00:00+00:00,XRPUSDT,0.44969517150043775
2024-08-30 00:00:00+00:00,XRPUSDT,0.6035703719262088
2024-08-31 00:00:00+00:00,XRPUSDT,0.23806365570428778
2024-09-01 00:00:00+00:00,XRPUSDT,0.5883373855159244
2024-09-02 00:00:00+00:00,XRPUSDT,0.5076128771722447
2024-09-03 00:00:00+00:00,XRPUSDT,0.4685957828285325
2024-09-04 00:00:00+00:00,XRPUSDT,0.46749455011772495
2024-09-05 00:00:00+00:00,XRPUSDT,0.4014694859909549
2024-09-06 00:00:00+00:00,XRPUSDT,0.9415931700817488
2024-09-07 00:00:00+00:00,XRPUSDT,0.33068409397361503
2024-09-08 00:00:00+00:00,XRPUSDT,0.3254342447681123
2024-09-09 00:00:00+00:00,XRPUSDT,0.4011948664579294
2024-09-10 00:00:00+00:00,XRPUSDT,0.28933294212173327
2024-09-11 00:00:00+00:00,XRPUSDT,0.4588687136512144
2024-09-12 00:00:00+00:00,XRPUSDT,1.5372140330086805
2024-09-13 00:00:00+00:00,XRPUSDT,0.5934129720105538
2024-09-14 00:00:00+00:00,XRPUSDT,0.380620701848724
2024-09-15 00:00:00+00:00,XRPUSDT,0.35083625031155696
2024-09-16 00:00:00+00:00,XRPUSDT,0.7079108320271875
2024-09-17 00:00:00+00:00,XRPUSDT,0.4957701500901517
2024-09-18 00:00:00+00:00,XRPUSDT,0.5067898237292153
2024-09-19 00:00:00+00:00,XRPUSDT,0.44574770430437133
2024-09-20 00:00:00+00:00,XRPUSDT,0.38848063141595135
2024-09-21 00:00:00+00:00,XRPUSDT,0.6751720388888118
2024-09-22 00:00:00+00:00,XRPUSDT,0.4616827897176776
2024-09-23 00:00:00+00:00,XRPUSDT,0.27770027089596416
2024-09-24 00:00:00+00:00,XRPUSDT,0.32621884142426916
2024-09-25 00:00:00+00:00,XRPUSDT,0.35070630975574973
2024-09-26 00:00:00+00:00,XRPUSDT,0.37940675332242574
2024-09-27 00:00:00+00:00,XRPUSDT,0.3935168657564803
2024-09-28 00:00:00+00:00,XRPUSDT,0.9407641752632766
2024-09-29 00:00:00+00:00,XRPUSDT,0.9024113894948801
2024-09-30 00:00:00+00:00,XRPUSDT,0.8702934674526255
2024-10-01 00:00:00+00:00,XRPUSDT,1.143961019258964
2024-10-02 00:00:00+00:00,XRPUSDT,1.302257019503962
2024-10-03 00:00:00+00:00,XRPUSDT,0.962985748076496
2024-10-04 00:00:00+00:00,XRPUSDT,0.754991217727956
2024-10-05 00:00:00+00:00,XRPUSDT,0.42480348869685997
2024-10-06 00:00:00+00:00,XRPUSDT,0.2817024407791381
2024-10-07 00:00:00+00:00,XRPUSDT,0.6360290262667264
2024-10-08 00:00:00+00:00,XRPUSDT,0.4464455369535953
2024-10-09 00:00:00+00:00,XRPUSDT,0.4188045946361956
2024-10-10 00:00:00+00:00,XRPUSDT,0.533665530429878
2024-10-11 00:00:00+00:00,XRPUSDT,0.2845907776668642
2024-10-12 00:00:00+00:00,XRPUSDT,0.20769815787167897
2024-10-13 00:00:00+00:00,XRPUSDT,0.28644905372534896
2024-10-14 00:00:00+00:00,XRPUSDT,0.4926901333352187
2024-10-15 00:00:00+00:00,XRPUSDT,0.7189406026550793
2024-10-16 00:00:00+00:00,XRPUSDT,0.36674117159111935
2024-10-17 00:00:00+00:00,XRPUSDT,0.6263855958698875
2024-10-18 00:00:00+00:00,XRPUSDT,0.3816436778396014
2024-10-19 00:00:00+00:00,XRPUSDT,0.22106430756094272
2024-10-20 00:00:00+00:00,XRPUSDT,0.3011141165095144
2024-10-21 00:00:00+00:00,XRPUSDT,0.4720204437009089
2024-10-22 00:00:00+00:00,XRPUSDT,0.45547227103117693
2024-10-23 00:00:00+00:00,XRPUSDT,0.43342152420578334
2024-10-24 00:00:00+00:00,XRPUSDT,0.2751589722794679
2024-10-25 00:00:00+00:00,XRPUSDT,0.5506712744755035
2024-10-26 00:00:00+00:00,XRPUSDT,0.3637669383040472
2024-10-27 00:00:00+00:00,XRPUSDT,0.21829410810372635
2024-10-28 00:00:00+00:00,XRPUSDT,0.2765831239969157
2024-10-29 00:00:00+00:00,XRPUSDT,0.322651508990161
2024-10-30 00:00:00+00:00,XRPUSDT,0.29618402424330337
2024-10-31 00:00:00+00:00,XRPUSDT,0.32373193648575915
2024-11-01 00:00:00+00:00,XRPUSDT,0.6247856056817438
2024-11-02 00:00:00+00:00,XRPUSDT,0.18344851577379018
2024-11-03 00:00:00+00:00,XRPUSDT,0.5595015933645364
2024-11-04 00:00:00+00:00,XRPUSDT,0.5104249793539143
2024-11-05 00:00:00+00:00,XRPUSDT,0.525473434744281
2024-11-06 00:00:00+00:00,XRPUSDT,0.612948016403501
2024-11-07 00:00:00+00:00,XRPUSDT,0.6224494915667279
2024-11-08 00:00:00+00:00,XRPUSDT,0.39078233861286626
2024-11-09 00:00:00+00:00,XRPUSDT,0.37109541994940176
2024-11-10 00:00:00+00:00,XRPUSDT,1.2591717360699632
2024-11-11 00:00:00+00:00,XRPUSDT,1.0268731396602175
2024-11-12 00:00:00+00:00,XRPUSDT,2.9062476585468455
2024-11-13 00:00:00+00:00,XRPUSDT,1.8065007705191025
2024-11-14 00:00:00+00:00,XRPUSDT,2.112632475127394
2024-11-15 00:00:00+00:00,XRPUSDT,2.38359024561502
2024-11-16 00:00:00+00:00,XRPUSDT,3.1473778232668845
2024-11-17 00:00:00+00:00,XRPUSDT,2.3478545579388026
2024-11-18 00:00:00+00:00,XRPUSDT,1.8252667944360708
2024-11-19 00:00:00+00:00,XRPUSDT,1.1288547360273407
2024-11-20 00:00:00+00:00,XRPUSDT,0.9477392390171177
2024-11-21 00:00:00+00:00,XRPUSDT,1.7950175783261277
2024-11-22 00:00:00+00:00,XRPUSDT,1.9501010679473982
2024-11-23 00:00:00+00:00,XRPUSDT,2.2852542783785954
2024-11-24 00:00:00+00:00,XRPUSDT,2.033481306541973
2024-11-25 00:00:00+00:00,XRPUSDT,1.7676050957875926
2024-11-26 00:00:00+00:00,XRPUSDT,1.5473349137742152
2024-11-27 00:00:00+00:00,XRPUSDT,1.2954772907096883
2024-11-28 00:00:00+00:00,XRPUSDT,0.966455096557632
2024-11-29 00:00:00+00:00,XRPUSDT,1.3249764313085415
2024-11-30 00:00:00+00:00,XRPUSDT,1.3536088735950653
2024-12-01 00:00:00+00:00,XRPUSDT,2.2212760259170237
2024-12-02 00:00:00+00:00,XRPUSDT,3.091215379259797
2024-12-03 00:00:00+00:00,XRPUSDT,3.6787543061348646
2024-12-04 00:00:00+00:00,XRPUSDT,1.4916334218573732
2024-12-05 00:00:00+00:00,XRPUSDT,2.2538586799215965
2024-12-06 00:00:00+00:00,XRPUSDT,1.2196795472737956
2024-12-07 00:00:00+00:00,XRPUSDT,1.0287188675056502
2024-12-08 00:00:00+00:00,XRPUSDT,0.7849005100818744
2024-12-09 00:00:00+00:00,XRPUSDT,1.7941276866309044
2024-12-10 00:00:00+00:00,XRPUSDT,3.475396818702338
2024-12-11 00:00:00+00:00,XRPUSDT,1.5075893746833835
2024-12-12 00:00:00+00:00,XRPUSDT,1.0720411404078338
2024-12-13 00:00:00+00:00,XRPUSDT,0.9234605024166697
2024-12-14 00:00:00+00:00,XRPUSDT,0.8496746523342523
2024-12-15 00:00:00+00:00,XRPUSDT,0.7886575992542366
2024-12-16 00:00:00+00:00,XRPUSDT,1.3401149037089897
2024-12-17 00:00:00+00:00,XRPUSDT,1.128422858528531
2024-12-18 00:00:00+00:00,XRPUSDT,1.464434642403768
2024-12-19 00:00:00+00:00,XRPUSDT,1.6630287253057552
2024-12-20 00:00:00+00:00,XRPUSDT,2.767666131269203
2024-12-21 00:00:00+00:00,XRPUSDT,0.9523956543647839
2024-12-22 00:00:00+00:00,XRPUSDT,0.9346071602635166
2024-12-23 00:00:00+00:00,XRPUSDT,1.235592779574669
2024-12-24 00:00:00+00:00,XRPUSDT,1.015661007591746
2024-12-25 00:00:00+00:00,XRPUSDT,0.4545280147378816
2024-12-26 00:00:00+00:00,XRPUSDT,0.6729022112508682
2024-12-27 00:00:00+00:00,XRPUSDT,0.8669756441658895
2024-12-28 00:00:00+00:00,XRPUSDT,0.38604318768383705
2024-12-29 00:00:00+00:00,XRPUSDT,0.41027571940155444
2024-12-30 00:00:00+00:00,XRPUSDT,1.1930988455897493
2024-12-31 00:00:00+00:00,XRPUSDT,0.7453170772983095
2025-01-01 00:00:00+00:00,XRPUSDT,0.9963416414450933
2025-01-02 00:00:00+00:00,XRPUSDT,0.776832313108355
2025-01-03 00:00:00+00:00,XRPUSDT,0.6319529751136922
2025-01-04 00:00:00+00:00,XRPUSDT,0.58781623039823
2025-01-05 00:00:00+00:00,XRPUSDT,0.5528875044768076
2025-01-06 00:00:00+00:00,XRPUSDT,0.5462605613478222
2025-01-07 00:00:00+00:00,XRPUSDT,0.9401136861851159
2025-01-08 00:00:00+00:00,XRPUSDT,1.019681245395663
2025-01-09 00:00:00+00:00,XRPUSDT,0.9873275578891907
2025-01-10 00:00:00+00:00,XRPUSDT,0.8130239250389214
2025-01-11 00:00:00+00:00,XRPUSDT,0.9442819452821519
2025-01-12 00:00:00+00:00,XRPUSDT,0.698914743173247
2025-01-13 00:00:00+00:00,XRPUSDT,1.2599816345574377
2025-01-14 00:00:00+00:00,XRPUSDT,0.7029852026109713
2025-01-15 00:00:00+00:00,XRPUSDT,1.6731624612737903
2025-01-16 00:00:00+00:00,XRPUSDT,1.9471933644252937
2025-01-17 00:00:00+00:00,XRPUSDT,0.9883021076461169
2025-01-18 00:00:00+00:00,XRPUSDT,1.279693728691466
2025-01-19 00:00:00+00:00,XRPUSDT,1.3276368159085106
2025-01-20 00:00:00+00:00,XRPUSDT,1.9841445838164111
2025-01-21 00:00:00+00:00,XRPUSDT,0.8027558066651336
2025-01-22 00:00:00+00:00,XRPUSDT,0.9102677568261315
2025-01-23 00:00:00+00:00,XRPUSDT,0.7873353766488591
2025-01-24 00:00:00+00:00,XRPUSDT,0.7027873833752178
2025-01-25 00:00:00+00:00,XRPUSDT,0.3736853683893349
2025-01-26 00:00:00+00:00,XRPUSDT,0.5039671334793444
2025-01-27 00:00:00+00:00,XRPUSDT,1.4999956522996656
2025-01-28 00:00:00+00:00,XRPUSDT,0.9214496295172933
2025-01-29 00:00:00+00:00,XRPUSDT,0.4661898552988276
2025-01-30 00:00:00+00:00,XRPUSDT,0.3156218569585068
2025-01-31 00:00:00+00:00,XRPUSDT,0.45416744247104246
2025-02-01 00:00:00+00:00,XRPUSDT,0.6041573942314146
2025-02-02 00:00:00+00:00,XRPUSDT,2.069572966661018
2025-02-03 00:00:00+00:00,XRPUSDT,4.397495213034508
2025-02-04 00:00:00+00:00,XRPUSDT,2.09970944561932
2025-02-05 00:00:00+00:00,XRPUSDT,1.1460148543444397
2025-02-06 00:00:00+00:00,XRPUSDT,1.1104187598447093
2025-02-07 00:00:00+00:00,XRPUSDT,1.5369290259146453
2025-02-08 00:00:00+00:00,XRPUSDT,0.5764260134226108
2025-02-09 00:00:00+00:00,XRPUSDT,1.1598545517947378
2025-02-10 00:00:00+00:00,XRPUSDT,0.9283801773648268
2025-02-11 00:00:00+00:00,XRPUSDT,0.8634128779264518
2025-02-12 00:00:00+00:00,XRPUSDT,0.5698536991249084
2025-02-13 00:00:00+00:00,XRPUSDT,0.6809803622961796
2025-02-14 00:00:00+00:00,XRPUSDT,1.2015632836517811
2025-02-15 00:00:00+00:00,XRPUSDT,0.7249061358743641
2025-02-16 00:00:00+00:00,XRPUSDT,0.5176456075132252
2025-02-17 00:00:00+00:00,XRPUSDT,0.9122771016176576
2025-02-18 00:00:00+00:00,XRPUSDT,1.0107765538738374
2025-02-19 00:00:00+00:00,XRPUSDT,0.8913960288378294
2025-02-20 00:00:00+00:00,XRPUSDT,0.5693140505847458
2025-02-21 00:00:00+00:00,XRPUSDT,0.9209022978267635
2025-02-22 00:00:00+00:00,XRPUSDT,0.3299758963245194
2025-02-23 00:00:00+00:00,XRPUSDT,0.5077132026732032
2025-02-24 00:00:00+00:00,XRPUSDT,1.2668192007495211
2025-02-25 00:00:00+00:00,XRPUSDT,1.9370656992650641
2025-02-26 00:00:00+00:00,XRPUSDT,1.1028089094062716
2025-02-27 00:00:00+00:00,XRPUSDT,0.9227078992670316
2025-02-28 00:00:00+00:00,XRPUSDT,1.3548417749823596
2025-03-01 00:00:00+00:00,XRPUSDT,0.8271952740888819
2025-03-02 00:00:00+00:00,XRPUSDT,3.6336456694551913
2025-03-03 00:00:00+00:00,XRPUSDT,2.5845503275227375
2025-03-04 00:00:00+00:00,XRPUSDT,1.625183099836687
2025-03-05 00:00:00+00:00,XRPUSDT,0.9412950945144234
2025-03-06 00:00:00+00:00,XRPUSDT,1.0125219571060013
2025-03-07 00:00:00+00:00,XRPUSDT,2.002153131143395
2025-03-08 00:00:00+00:00,XRPUSDT,0.672737200155973
2025-03-09 00:00:00+00:00,XRPUSDT,1.2838202420548102
2025-03-10 00:00:00+00:00,XRPUSDT,1.5556599607395927
2025-03-11 00:00:00+00:00,XRPUSDT,1.6414505615221626
2025-03-12 00:00:00+00:00,XRPUSDT,1.2358847995300914
2025-03-13 00:00:00+00:00,XRPUSDT,1.0156662746250145
2025-03-14 00:00:00+00:00,XRPUSDT,0.5478362634709834
2025-03-15 00:00:00+00:00,XRPUSDT,0.7206294605876168
2025-03-16 00:00:00+00:00,XRPUSDT,0.7450332040047662
2025-03-17 00:00:00+00:00,XRPUSDT,0.5607024818357297
2025-03-18 00:00:00+00:00,XRPUSDT,0.7716447029668445
2025-03-19 00:00:00+00:00,XRPUSDT,1.7307908349163337
2025-03-20 00:00:00+00:00,XRPUSDT,0.8957203256028267
2025-03-21 00:00:00+00:00,XRPUSDT,0.491362835291875
2025-03-22 00:00:00+00:00,XRPUSDT,0.32129173375345993
2025-03-23 00:00:00+00:00,XRPUSDT,0.3458105759409737
2025-03-24 00:00:00+00:00,XRPUSDT,0.4098782796684188
2025-03-25 00:00:00+00:00,XRPUSDT,0.4629352461395902
2025-03-26 00:00:00+00:00,XRPUSDT,0.51098891772665
2025-03-27 00:00:00+00:00,XRPUSDT,0.608178319045831
2025-03-28 00:00:00+00:00,XRPUSDT,0.6264760795687483
2025-03-29 00:00:00+00:00,XRPUSDT,0.8977924460851596
2025-03-30 00:00:00+00:00,XRPUSDT,0.6956222303384099
2025-03-31 00:00:00+00:00,XRPUSDT,0.9433162532056051
2025-04-01 00:00:00+00:00,XRPUSDT,0.9279534336074791
2025-04-02 00:00:00+00:00,XRPUSDT,1.2039850410069077
2025-04-03 00:00:00+00:00,XRPUSDT,1.1459513062796893
2025-04-04 00:00:00+00:00,XRPUSDT,0.9740394683405174
2025-04-05 00:00:00+00:00,XRPUSDT,0.396169906711409
2025-04-06 00:00:00+00:00,XRPUSDT,0.8770570879364612
2025-04-07 00:00:00+00:00,XRPUSDT,2.5238947304063806
2025-04-08 00:00:00+00:00,XRPUSDT,1.3723474397213258
2025-04-09 00:00:00+00:00,XRPUSDT,2.475195905390559
2025-04-10 00:00:00+00:00,XRPUSDT,0.9258714060335432
2025-04-11 00:00:00+00:00,XRPUSDT,0.6681095305382946
2025-04-12 00:00:00+00:00,XRPUSDT,0.9224897477437762
2025-04-13 00:00:00+00:00,XRPUSDT,0.961395141992661
2025-04-14 00:00:00+00:00,XRPUSDT,0.7977611058278224
2025-04-15 00:00:00+00:00,XRPUSDT,0.5049283278616917
2025-04-16 00:00:00+00:00,XRPUSDT,0.9088823476266124
2025-04-17 00:00:00+00:00,XRPUSDT,0.5369719100816186
2025-04-18 00:00:00+00:00,XRPUSDT,0.3766945714708803
2025-04-19 00:00:00+00:00,XRPUSDT,0.2984590801355448
2025-04-20 00:00:00+00:00,XRPUSDT,0.39135713184390486
2025-04-21 00:00:00+00:00,XRPUSDT,0.5851860272819208
2025-04-22 00:00:00+00:00,XRPUSDT,0.9230937336761585
2025-04-23 00:00:00+00:00,XRPUSDT,0.7292364446595091
2025-04-24 00:00:00+00:00,XRPUSDT,0.5512276701147653
2025-04-25 00:00:00+00:00,XRPUSDT,0.5424654194296062
2025-04-26 00:00:00+00:00,XRPUSDT,0.4099483011201729
2025-04-27 00:00:00+00:00,XRPUSDT,0.6760651272583603
2025-04-28 00:00:00+00:00,XRPUSDT,0.6640801312549311
2025-04-29 00:00:00+00:00,XRPUSDT,0.5277995384647255
2025-04-30 00:00:00+00:00,XRPUSDT,0.8671524011302122
2025-05-01 00:00:00+00:00,XRPUSDT,0.46770808194925373
2025-05-02 00:00:00+00:00,XRPUSDT,0.4282469406940428
2025-05-03 00:00:00+00:00,XRPUSDT,0.3318781165483623
2025-05-04 00:00:00+00:00,XRPUSDT,0.42082256181437916
2025-05-05 00:00:00+00:00,XRPUSDT,0.6203378563891513
2025-05-06 00:00:00+00:00,XRPUSDT,0.5593366259470985
2025-05-07 00:00:00+00:00,XRPUSDT,0.3337643086425725
2025-05-08 00:00:00+00:00,XRPUSDT,0.6494222061347057
2025-05-09 00:00:00+00:00,XRPUSDT,0.7866682188842323
2025-05-10 00:00:00+00:00,XRPUSDT,0.46554137799958367
2025-05-11 00:00:00+00:00,XRPUSDT,0.6620200205805671
2025-05-12 00:00:00+00:00,XRPUSDT,1.5453318383555568
2025-05-13 00:00:00+00:00,XRPUSDT,0.8543982981610483
2025-05-14 00:00:00+00:00,XRPUSDT,0.7681069418607861
2025-05-15 00:00:00+00:00,XRPUSDT,0.9829437438213737
2025-05-16 00:00:00+00:00,XRPUSDT,0.5698267327576649
2025-05-17 00:00:00+00:00,XRPUSDT,0.6287303146510134
2025-05-18 00:00:00+00:00,XRPUSDT,0.6154910226194455
2025-05-19 00:00:00+00:00,XRPUSDT,0.8309850659357422
2025-05-20 00:00:00+00:00,XRPUSDT,0.5845076070930054
2025-05-21 00:00:00+00:00,XRPUSDT,0.8232855589786578
2025-05-22 00:00:00+00:00,XRPUSDT,0.44492573982614264
2025-05-23 00:00:00+00:00,XRPUSDT,0.8449843565906919
2025-05-24 00:00:00+00:00,XRPUSDT,0.2754430420350947
2025-05-25 00:00:00+00:00,XRPUSDT,0.48086996826771966
2025-05-26 00:00:00+00:00,XRPUSDT,0.33999532619855566
2025-05-27 00:00:00+00:00,XRPUSDT,0.31375669577937987
2025-05-28 00:00:00+00:00,XRPUSDT,0.48374660902949934
2025-05-29 00:00:00+00:00,XRPUSDT,0.5148636094405221
2025-05-30 00:00:00+00:00,XRPUSDT,1.1563063298855631
2025-05-31 00:00:00+00:00,XRPUSDT,0.5022202376537016
2025-06-01 00:00:00+00:00,XRPUSDT,0.43223130095507145
2025-06-02 00:00:00+00:00,XRPUSDT,0.31063132735967935
2025-06-03 00:00:00+00:00,XRPUSDT,0.6161795839414163
2025-06-04 00:00:00+00:00,XRPUSDT,0.3723913132191405
2025-06-05 00:00:00+00:00,XRPUSDT,0.9486179358819369
2025-06-06 00:00:00+00:00,XRPUSDT,0.3736909728791619
2025-06-07 00:00:00+00:00,XRPUSDT,0.2731263931339396
2025-06-08 00:00:00+00:00,XRPUSDT,0.38733452577509236
2025-06-09 00:00:00+00:00,XRPUSDT,0.42161424763515587
2025-06-10 00:00:00+00:00,XRPUSDT,0.4427535635817097
2025-06-11 00:00:00+00:00,XRPUSDT,0.5324884027835265
2025-06-12 00:00:00+00:00,XRPUSDT,0.513260029027435
2025-06-13 00:00:00+00:00,XRPUSDT,0.7693455706323826
2025-06-14 00:00:00+00:00,XRPUSDT,0.40106079759949137
2025-06-15 00:00:00+00:00,XRPUSDT,0.288893293544218
2025-06-16 00:00:00+00:00,XRPUSDT,0.6927234972500328
2025-06-17 00:00:00+00:00,XRPUSDT,0.6113021252650612
2025-06-18 00:00:00+00:00,XRPUSDT,0.5131472450661305
2025-06-19 00:00:00+00:00,XRPUSDT,0.2884452119674184
2025-06-20 00:00:00+00:00,XRPUSDT,0.443346105222874
2025-06-21 00:00:00+00:00,XRPUSDT,0.6319101198328736
2025-06-22 00:00:00+00:00,XRPUSDT,1.0785397665047087
2025-06-23 00:00:00+00:00,XRPUSDT,1.0062603841831723
2025-06-24 00:00:00+00:00,XRPUSDT,0.6854812609741733
2025-06-25 00:00:00+00:00,XRPUSDT,0.5303528002309678
2025-06-26 00:00:00+00:00,XRPUSDT,0.4815771094371889
2025-06-27 00:00:00+00:00,XRPUSDT,0.679189440322086
2025-06-28 00:00:00+00:00,XRPUSDT,0.4017054548941976
2025-06-29 00:00:00+00:00,XRPUSDT,0.2928327298489565
2025-06-30 00:00:00+00:00,XRPUSDT,0.9105141768745362
2025-07-01 00:00:00+00:00,XRPUSDT,
