symbol,fold,component,variance_ratio,cumulative_ratio,singular_value
BNBUSDT,1,1,0.985046356933177,0.985046356933177,978.1027053558113
BNBUSDT,1,2,0.010327434631835193,0.9953737915650122,100.1503226850288
BNBUSDT,1,3,0.0018075532777474972,0.9971813448427597,41.89880909733105
BNBUSDT,1,4,0.0005910447357343476,0.997772389578494,23.958868414494958
BNBUSDT,1,5,0.00040595481768641997,0.9981783443961805,19.85614682096183
BNBUSDT,1,6,0.00035298348434318277,0.9985313278805237,18.515409362527578
BNBUSDT,1,7,0.0003262085935431818,0.9988575364740668,17.799336946018144
BNBUSDT,1,8,0.0002740661316156675,0.9991316026056825,16.314877246065603
BNBUSDT,1,9,0.0001240402277255673,0.9992556428334081,10.97583078809494
BNBUSDT,1,10,8.105487424433293e-05,0.9993366977076524,8.872493578757332
BNBUSDT,1,11,5.505019808842693e-05,0.9993917479057408,7.311989659802928
BNBUSDT,1,12,4.2343310117659435e-05,0.9994340912158585,6.412812295144135
BNBUSDT,1,13,3.0176999131887892e-05,0.9994642682149903,5.413699564335149
BNBUSDT,1,14,1.9958262458837894e-05,0.9994842264774492,4.402683745867177
BNBUSDT,1,15,1.893262927500259e-05,0.9995031591067242,4.2880672817618795
BNBUSDT,1,16,1.8001770754210963e-05,0.9995211608774784,4.18132320810718
BNBUSDT,1,17,1.684949966389226e-05,0.9995380103771423,4.0452897139227835
BNBUSDT,1,18,1.6056632900614438e-05,0.9995540670100429,3.948965728661107
BNBUSDT,1,19,1.5812342025909172e-05,0.9995698793520688,3.9188101605333214
BNBUSDT,1,20,1.4751577342172246e-05,0.999584630929411,3.7850825522485536
BNBUSDT,1,21,1.3852961003489367e-05,0.9995984838904145,3.667983989915564
BNBUSDT,1,22,1.3801828708122787e-05,0.9996122857191226,3.6612083327719165
BNBUSDT,1,23,1.3147963903531689e-05,0.9996254336830261,3.5734308062170737
BNBUSDT,1,24,1.3011105843281964e-05,0.9996384447888694,3.554784112128638
BNBUSDT,1,25,1.2824243627676548e-05,0.9996512690324971,3.529165341146329
BNBUSDT,1,26,1.2685513574555345e-05,0.9996639545460717,3.5100245394750087
BNBUSDT,1,27,1.1915908355784488e-05,0.9996758704544275,3.401885583379421
BNBUSDT,1,28,1.131272532197038e-05,0.9996871831797495,3.3146657952952374
BNBUSDT,1,29,1.111225446181002e-05,0.9996982954342113,3.2851652060962757
BNBUSDT,1,30,1.043365598110021e-05,0.9997087290901924,3.1832766386370466
BNBUSDT,1,31,9.738502703672086e-06,0.9997184675928961,3.0754043203826
BNBUSDT,1,32,9.64177645849368e-06,0.9997281093693545,3.0600932062113286
BNBUSDT,1,33,9.57459704181154e-06,0.9997376839663963,3.0494139180806044
BNBUSDT,1,34,9.416705798524849e-06,0.9997471006721949,3.0241660015901446
BNBUSDT,1,35,9.231503703006754e-06,0.9997563321758979,2.994279587545188
BNBUSDT,1,36,8.237074639137143e-06,0.999764569250537,2.8284117073239368
BNBUSDT,1,37,7.104526667548501e-06,0.9997716737772046,2.6267799937825864
BNBUSDT,1,38,6.896651760959824e-06,0.9997785704289656,2.5880655639798364
BNBUSDT,1,39,6.772963362837159e-06,0.9997853433923284,2.56475265897013
BNBUSDT,1,40,6.354924757470487e-06,0.9997916983170857,2.4843417164016297
BNBUSDT,1,41,6.193923566325672e-06,0.9997978922406521,2.452669590263642
BNBUSDT,1,42,6.185743089778476e-06,0.9998040779837418,2.451049402753354
BNBUSDT,1,43,5.985405662900461e-06,0.9998100633894047,2.411031700964181
BNBUSDT,1,44,5.6860996174412155e-06,0.9998157494890222,2.349975624821638
BNBUSDT,1,45,5.44333230264253e-06,0.9998211928213249,2.299262464136021
BNBUSDT,1,46,5.296330581519606e-06,0.9998264891519064,2.268003225618626
BNBUSDT,1,47,5.174280482046819e-06,0.9998316634323885,2.241718670664927
BNBUSDT,1,48,4.953704634328155e-06,0.9998366171370229,2.193416871116063
BNBUSDT,1,49,4.885744821396414e-06,0.9998415028818443,2.178319181501822
BNBUSDT,1,50,4.789553870176573e-06,0.9998462924357144,2.1567691195736387
BNBUSDT,1,51,4.533008055005858e-06,0.9998508254437695,2.098212021480701
BNBUSDT,1,52,3.8623255980801845e-06,0.9998546877693676,1.9367812265354751
BNBUSDT,1,53,3.3952071550833048e-06,0.9998580829765227,1.8158888596701468
BNBUSDT,1,54,3.3824745703583577e-06,0.999861465451093,1.8124807205950082
BNBUSDT,1,55,3.336720489425346e-06,0.9998648021715825,1.8001804445926557
BNBUSDT,1,56,3.3258028489784816e-06,0.9998681279744313,1.7972329657978938
BNBUSDT,1,57,3.175755637314877e-06,0.9998713037300686,1.7562230157372687
BNBUSDT,1,58,3.1523405537306772e-06,0.9998744560706223,1.7497366557592784
BNBUSDT,1,59,3.0559799048012995e-06,0.9998775120505271,1.7227861537005285
BNBUSDT,1,60,2.987019417958857e-06,0.999880499069945,1.7032372573652168
BNBUSDT,1,61,2.9249127252185125e-06,0.9998834239826703,1.6854372245901124
BNBUSDT,1,62,2.6505315740988435e-06,0.9998860745142444,1.604436807424147
BNBUSDT,1,63,2.5803724578227335e-06,0.9998886548867022,1.583059813783769
BNBUSDT,1,64,2.4345860867335645e-06,0.999891089472789,1.5376896579363248
BNBUSDT,1,65,2.356634215439291e-06,0.9998934461070045,1.5128721040155255
BNBUSDT,1,66,2.288999950234436e-06,0.9998957351069547,1.4910047161787539
BNBUSDT,1,67,2.274985390160097e-06,0.9998980100923449,1.4864333186546268
BNBUSDT,1,68,2.240144902330756e-06,0.9999002502372473,1.4750073390674534
BNBUSDT,1,69,2.1804476036811093e-06,0.999902430684851,1.455220999118664
BNBUSDT,1,70,2.1686083699967744e-06,0.999904599293221,1.4512648958091101
BNBUSDT,1,71,1.9919334560758647e-06,0.999906591226677,1.3908924142465255
BNBUSDT,1,72,1.971674844429483e-06,0.9999085629015213,1.3838014244495738
BNBUSDT,1,73,1.908977382076939e-06,0.9999104718789034,1.3616218657513472
BNBUSDT,1,74,1.880265646760216e-06,0.9999123521445501,1.3513434198081167
BNBUSDT,1,75,1.8099614857710134e-06,0.9999141621060359,1.3258390078258726
BNBUSDT,1,76,1.8055839094238852e-06,0.9999159676899453,1.324234698799179
BNBUSDT,1,77,1.7853989295185257e-06,0.9999177530888748,1.3168119545097654
BNBUSDT,1,78,1.7805760998336513e-06,0.9999195336649745,1.3150322249919357
BNBUSDT,1,79,1.7164659518129209e-06,0.9999212501309264,1.2911411480269395
BNBUSDT,1,80,1.674730845583982e-06,0.999922924861772,1.2753477937715374
BNBUSDT,1,81,1.6709509457210664e-06,0.9999245958127178,1.2739077384535606
BNBUSDT,1,82,1.5983014939169795e-06,0.9999261941142117,1.2459065764751873
BNBUSDT,1,83,1.5940618374826598e-06,0.9999277881760492,1.2442530325692838
BNBUSDT,1,84,1.5014203164770072e-06,0.9999292895963657,1.2075559708456587
BNBUSDT,1,85,1.4955281620210704e-06,0.9999307851245277,1.2051841830940861
BNBUSDT,1,86,1.4766024708110455e-06,0.9999322617269986,1.1975341884353257
BNBUSDT,1,87,1.4723711142432176e-06,0.9999337340981128,1.1958171286287578
BNBUSDT,1,88,1.4386117561704857e-06,0.999935172709869,1.182028445718133
BNBUSDT,1,89,1.4353723413776016e-06,0.9999366080822104,1.180696870887976
BNBUSDT,1,90,1.3712943440275857e-06,0.9999379793765545,1.1540416098539703
BNBUSDT,1,91,1.3518485917870604e-06,0.9999393312251462,1.1458299032283663
BNBUSDT,1,92,1.2926390748971472e-06,0.9999406238642211,1.1204558941130653
BNBUSDT,1,93,1.2841638137014346e-06,0.9999419080280348,1.1167766872465341
BNBUSDT,1,94,1.2641119788437883e-06,0.9999431721400137,1.1080233150746053
BNBUSDT,1,95,1.2472353546816729e-06,0.9999444193753684,1.1006020872003097
BNBUSDT,1,96,1.2382773310009774e-06,0.9999456576526993,1.096642535235068
BNBUSDT,1,97,1.2074833405352928e-06,0.9999468651360398,1.0829208097523109
BNBUSDT,1,98,1.1597544133445806e-06,0.9999480248904532,1.0613023905916559
BNBUSDT,1,99,1.1398982245276871e-06,0.9999491647886777,1.0521778722474096
BNBUSDT,1,100,1.13843695657893e-06,0.9999503032256343,1.0515032476055932
BNBUSDT,1,101,1.1320261613842652e-06,0.9999514352517956,1.0485384419017214
BNBUSDT,1,102,1.1254420494099557e-06,0.9999525606938451,1.0454847306026733
BNBUSDT,1,103,1.1152080052325206e-06,0.9999536759018504,1.0407203929710735
BNBUSDT,1,104,1.1075718509108073e-06,0.9999547834737011,1.0371512147123887
BNBUSDT,1,105,1.077305247926322e-06,0.999955860778949,1.0228819458901537
BNBUSDT,1,106,1.0758674944362726e-06,0.9999569366464435,1.0221991574719984
BNBUSDT,1,107,1.0644204155796308e-06,0.9999580010668591,1.016746587392484
BNBUSDT,1,108,1.0597092664558136e-06,0.9999590607761255,1.014494020315555
BNBUSDT,1,109,1.0443421844132248e-06,0.9999601051183099,1.007111455718581
BNBUSDT,1,110,1.0215303708582376e-06,0.9999611266486808,0.9960514386418441
BNBUSDT,1,111,1.0048844689324116e-06,0.9999621315331497,0.9879027458727451
BNBUSDT,1,112,1.0022650175388213e-06,0.9999631337981673,0.9866143132723363
BNBUSDT,1,113,9.86628440852573e-07,0.9999641204266081,0.978887856081352
BNBUSDT,1,114,9.805947388814343e-07,0.999965101021347,0.975890083544023
BNBUSDT,1,115,9.563837540547306e-07,0.999966057405101,0.9637673749447979
BNBUSDT,1,116,9.039363396938983e-07,0.9999669613414407,0.9369686251958662
BNBUSDT,1,117,8.83490680212645e-07,0.9999678448321209,0.9263116195686862
BNBUSDT,1,118,8.549728394126912e-07,0.9999686998049603,0.9112389705342507
BNBUSDT,1,119,8.492110681715294e-07,0.9999695490160284,0.9081633019984537
BNBUSDT,1,120,8.47466749169878e-07,0.9999703964827777,0.9072301177362769
BNBUSDT,1,121,8.467544269628087e-07,0.9999712432372047,0.9068487599934708
BNBUSDT,1,122,8.451354379986947e-07,0.9999720883726426,0.9059814007295273
BNBUSDT,1,123,8.288938030028792e-07,0.9999729172664457,0.8972336889722878
BNBUSDT,1,124,8.191863899802442e-07,0.9999737364528356,0.8919643352959428
BNBUSDT,1,125,8.11510111855268e-07,0.9999745479629475,0.8877753728926767
BNBUSDT,1,126,8.06658574784599e-07,0.9999753546215223,0.8851176538175028
BNBUSDT,1,127,8.057337656692336e-07,0.999976160355288,0.8846101282983849
BNBUSDT,1,128,7.922857554529819e-07,0.9999769526410435,0.8771968216893969
BNBUSDT,1,129,7.88419372425866e-07,0.9999777410604159,0.8750538279757312
BNBUSDT,1,130,7.675692939761599e-07,0.9999785086297099,0.8634057208890837
BNBUSDT,1,131,7.467061814762904e-07,0.9999792553358914,0.851590874246093
BNBUSDT,1,132,7.38678902245399e-07,0.9999799940147936,0.8470010975742296
BNBUSDT,1,133,7.270921204559525e-07,0.9999807211069142,0.8403318892698198
BNBUSDT,1,134,7.253802212371744e-07,0.9999814464871354,0.8393420482183135
BNBUSDT,1,135,7.046063827719574e-07,0.9999821510935182,0.827235973467781
BNBUSDT,1,136,6.994827133595442e-07,0.9999828505762315,0.8242227897094913
BNBUSDT,1,137,6.988801620473125e-07,0.9999835494563936,0.8238677105103989
BNBUSDT,1,138,6.89164573701039e-07,0.9999842386209673,0.818121107963264
BNBUSDT,1,139,6.88866207045858e-07,0.9999849274871743,0.8179439902662001
BNBUSDT,1,140,6.885067757824061e-07,0.9999856159939501,0.8177305721899354
BNBUSDT,1,141,6.840306175673669e-07,0.9999863000245677,0.8150681002384815
BNBUSDT,1,142,6.554657591740293e-07,0.9999869554903268,0.7978681526642674
BNBUSDT,1,143,6.530721024469022e-07,0.9999876085624293,0.7964099763772745
BNBUSDT,1,144,6.477595934381025e-07,0.9999882563220226,0.7931641061116121
BNBUSDT,1,145,6.451690674302355e-07,0.9999889014910901,0.7915765027088564
BNBUSDT,1,146,6.382228384043542e-07,0.9999895397139285,0.7873037066094736
BNBUSDT,1,147,6.341985559359518e-07,0.9999901739124843,0.7848176292065845
BNBUSDT,1,148,6.241697026463008e-07,0.999990798082187,0.77858757283154
BNBUSDT,1,149,6.124800296010656e-07,0.9999914105622166,0.7712622800246307
BNBUSDT,1,150,6.080289693029353e-07,0.9999920185911859,0.7684546826057899
BNBUSDT,1,151,5.703053248789181e-07,0.9999925888965108,0.7442345691816554
BNBUSDT,1,152,5.662808367357673e-07,0.9999931551773475,0.7416039906071643
BNBUSDT,1,153,5.424517630480203e-07,0.9999936976291106,0.725832964177256
BNBUSDT,1,154,5.382754992748195e-07,0.9999942359046099,0.7230335200388007
BNBUSDT,1,155,5.232615262920895e-07,0.9999947591661361,0.7128785172994678
BNBUSDT,1,156,4.942917375014263e-07,0.9999952534578737,0.6928636877447722
BNBUSDT,1,157,4.6077618654562936e-07,0.9999957142340602,0.6689615224978247
BNBUSDT,1,158,4.414098138996218e-07,0.9999961556438741,0.6547524284321701
BNBUSDT,1,159,4.2894707491092794e-07,0.999996584590949,0.6454431274171973
BNBUSDT,1,160,4.2189562719733804e-07,0.9999970064865762,0.640115933483203
BNBUSDT,1,161,4.092051238280901e-07,0.9999974156917,0.6304151726464329
BNBUSDT,1,162,4.0560495319248114e-07,0.9999978212966532,0.6276358620889689
BNBUSDT,1,163,4.0386055428253347e-07,0.9999982251572075,0.6262847604753214
BNBUSDT,1,164,3.816246620606943e-07,0.9999986067818696,0.6087995768647041
BNBUSDT,1,165,3.5926788661566084e-07,0.9999989660497561,0.5906977616549962
BNBUSDT,1,166,3.5747106334114927e-07,0.9999993235208194,0.5892187679338048
BNBUSDT,1,167,3.3868789858327067e-07,0.999999662208718,0.5735297695911357
BNBUSDT,1,168,3.3779128220402636e-07,1.0000000000000002,0.5727701071169898
BNBUSDT,2,1,0.9888922461414544,0.9888922461414544,1431.9303618247216
BNBUSDT,2,2,0.007049397276880364,0.9959416434183348,120.89919387709443
BNBUSDT,2,3,0.0015016913319308052,0.9974433347502656,55.80045611229288
BNBUSDT,2,4,0.0006107139136875593,0.9980540486639532,35.584946657525755
BNBUSDT,2,5,0.0003979769230967403,0.9984520255870499,28.726079423695737
BNBUSDT,2,6,0.0002747622225281259,0.998726787809578,23.86854371079808
BNBUSDT,2,7,0.00023322404106647303,0.9989600118506445,21.99044763740669
BNBUSDT,2,8,0.000211969471370187,0.9991719813220147,20.964478820837474
BNBUSDT,2,9,0.00011952010713991788,0.9992915014291546,15.742289645089937
BNBUSDT,2,10,8.057933650112951e-05,0.9993720807656556,12.925854275222438
BNBUSDT,2,11,6.148835755975014e-05,0.9994335691232153,11.291297707190676
BNBUSDT,2,12,4.982969835175532e-05,0.9994833988215671,10.164629212403042
BNBUSDT,2,13,3.663924903164106e-05,0.9995200380705987,8.716069684218365
BNBUSDT,2,14,2.3693375227264978e-05,0.999543731445826,7.0090777585374235
BNBUSDT,2,15,2.0920582742944956e-05,0.9995646520285689,6.586190690517222
BNBUSDT,2,16,2.03514731366867e-05,0.9995850035017056,6.4959898463669035
BNBUSDT,2,17,1.8514791543548987e-05,0.9996035182932492,6.195934603812483
BNBUSDT,2,18,1.7370957580805507e-05,0.99962088925083,6.001492832759754
BNBUSDT,2,19,1.6511406993813185e-05,0.9996374006578238,5.851126036906396
BNBUSDT,2,20,1.6236809717686467e-05,0.9996536374675415,5.802267705819454
BNBUSDT,2,21,1.4552330278976129e-05,0.9996681897978206,5.493051659225932
BNBUSDT,2,22,1.3185184815375572e-05,0.999681374982636,5.228661450749073
BNBUSDT,2,23,1.2516781378684814e-05,0.9996938917640147,5.094408253204913
BNBUSDT,2,24,1.1978718543713614e-05,0.9997058704825583,4.983708040884245
BNBUSDT,2,25,1.1807917149869018e-05,0.9997176783997082,4.948049783692444
BNBUSDT,2,26,1.0553708758825422e-05,0.999728232108467,4.677889561355542
BNBUSDT,2,27,9.299407971080316e-06,0.9997375315164381,4.391117540454176
BNBUSDT,2,28,9.211526325262184e-06,0.9997467430427633,4.370319728380619
BNBUSDT,2,29,8.584456606234333e-06,0.9997553274993696,4.218944543003171
BNBUSDT,2,30,7.910619310461735e-06,0.9997632381186801,4.0499779101857785
BNBUSDT,2,31,7.65964553199586e-06,0.999770897764212,3.9852149234627268
BNBUSDT,2,32,7.305202129661578e-06,0.9997782029663418,3.891916646969664
BNBUSDT,2,33,7.16544719020251e-06,0.9997853684135319,3.8545089790021962
BNBUSDT,2,34,6.991079808673411e-06,0.9997923594933407,3.807321417449905
BNBUSDT,2,35,6.7417540629103165e-06,0.9997991012474036,3.738814038203263
BNBUSDT,2,36,6.258497975596683e-06,0.9998053597453792,3.6023214984907734
BNBUSDT,2,37,6.064170874678121e-06,0.9998114239162539,3.5459542418263963
BNBUSDT,2,38,5.864160510577751e-06,0.9998172880767645,3.4869870655940947
BNBUSDT,2,39,5.78835780372576e-06,0.9998230764345682,3.4643765987955195
BNBUSDT,2,40,5.705277764606144e-06,0.9998287817123326,3.4394247211836473
BNBUSDT,2,41,5.422028191865065e-06,0.9998342037405245,3.3529594221510917
BNBUSDT,2,42,4.841065310169518e-06,0.9998390448058346,3.168238613766782
BNBUSDT,2,43,4.505887084323462e-06,0.999843550692919,3.05659264710118
BNBUSDT,2,44,4.342855130557495e-06,0.9998478935480495,3.000786401526312
BNBUSDT,2,45,4.09312693277328e-06,0.9998519866749822,2.913231641582997
BNBUSDT,2,46,3.863893635236778e-06,0.9998558505686175,2.830479365998544
BNBUSDT,2,47,3.6410722916418444e-06,0.9998594916409091,2.7476541248014716
BNBUSDT,2,48,3.6041343867725465e-06,0.999863095775296,2.733681413233785
BNBUSDT,2,49,3.4302141736019425e-06,0.9998665259894696,2.666907977328801
BNBUSDT,2,50,3.426773260500555e-06,0.99986995276273,2.665570028647615
BNBUSDT,2,51,3.3749883940386814e-06,0.9998733277511241,2.645352516310421
BNBUSDT,2,52,3.151893585875345e-06,0.99987647964471,2.5564257601179734
BNBUSDT,2,53,2.9532702032472385e-06,0.9998794329149133,2.4745657846467153
BNBUSDT,2,54,2.919515615181877e-06,0.9998823524305285,2.4603835411156045
BNBUSDT,2,55,2.744662678086116e-06,0.9998850970932066,2.385568548135587
BNBUSDT,2,56,2.61338224778479e-06,0.9998877104754543,2.3278172398113357
BNBUSDT,2,57,2.551042475894154e-06,0.9998902615179303,2.299885720616917
BNBUSDT,2,58,2.464760535647834e-06,0.9998927262784659,2.260657541778989
BNBUSDT,2,59,2.3560596359597247e-06,0.9998950823381019,2.2102456851079957
BNBUSDT,2,60,2.2146950037357734e-06,0.9998972970331056,2.1429121875769823
BNBUSDT,2,61,2.205302434922206e-06,0.9998995023355405,2.1383632912823916
BNBUSDT,2,62,2.1756796718258582e-06,0.9999016780152123,2.1239529348894157
BNBUSDT,2,63,2.167517652320567e-06,0.9999038455328647,2.1199652075706332
BNBUSDT,2,64,2.1253705056778746e-06,0.9999059709033703,2.099252778304897
BNBUSDT,2,65,2.0990812790494704e-06,0.9999080699846493,2.0862292952915804
BNBUSDT,2,66,2.04929333360655e-06,0.9999101192779829,2.061339263276792
BNBUSDT,2,67,2.0362313915151787e-06,0.9999121555093744,2.0547594010310553
BNBUSDT,2,68,1.966235263890711e-06,0.9999141217446383,2.0191340483795974
BNBUSDT,2,69,1.900321685734171e-06,0.9999160220663241,1.9850021161740952
BNBUSDT,2,70,1.8713615020856322e-06,0.9999178934278262,1.9698187060408556
BNBUSDT,2,71,1.7115771505154178e-06,0.9999196050049768,1.8838471042521208
BNBUSDT,2,72,1.7027029237776467e-06,0.9999213077079004,1.8789570494091419
BNBUSDT,2,73,1.6258633564663298e-06,0.9999229335712569,1.8360708405846584
BNBUSDT,2,74,1.5579427385864792e-06,0.9999244915139955,1.797310690720603
BNBUSDT,2,75,1.5145740085635768e-06,0.9999260060880041,1.772118101453795
BNBUSDT,2,76,1.4502033270695698e-06,0.9999274562913312,1.7340509766821637
BNBUSDT,2,77,1.4186578079837502e-06,0.9999288749491392,1.7150873283628325
BNBUSDT,2,78,1.4045266362458336e-06,0.9999302794757754,1.706524005422644
BNBUSDT,2,79,1.4034567236192292e-06,0.999931682932499,1.7058739004770065
BNBUSDT,2,80,1.3558356317310335e-06,0.9999330387681308,1.6766828935808062
BNBUSDT,2,81,1.350898818067333e-06,0.9999343896669488,1.6736275749743799
BNBUSDT,2,82,1.3094329220062635e-06,0.9999356990998708,1.6477413476427125
BNBUSDT,2,83,1.298555416037559e-06,0.9999369976552869,1.6408831520603702
BNBUSDT,2,84,1.298033980156384e-06,0.9999382956892671,1.6405536700635972
BNBUSDT,2,85,1.2721348343831401e-06,0.9999395678241014,1.6241045548734636
BNBUSDT,2,86,1.2246136311539687e-06,0.9999407924377326,1.5934812459511365
BNBUSDT,2,87,1.2084176631698974e-06,0.9999420008553958,1.5829089848142266
BNBUSDT,2,88,1.1827208147933014e-06,0.9999431835762105,1.5659883683342168
BNBUSDT,2,89,1.1459338051850674e-06,0.9999443295100157,1.5414419625674565
BNBUSDT,2,90,1.139762184335312e-06,0.9999454692722,1.5372855101389467
BNBUSDT,2,91,1.1223794271983294e-06,0.9999465916516271,1.5255177342793962
BNBUSDT,2,92,1.1018315445055519e-06,0.9999476934831717,1.5114890760254625
BNBUSDT,2,93,1.0891252103615294e-06,0.999948782608382,1.5027485492175257
BNBUSDT,2,94,1.032875475740182e-06,0.9999498154838578,1.4634281165900624
BNBUSDT,2,95,1.0304005253020685e-06,0.9999508458843831,1.4616737500518808
BNBUSDT,2,96,1.0045810106041423e-06,0.9999518504653938,1.443244443579543
BNBUSDT,2,97,9.994701049519957e-07,0.9999528499354987,1.439568437391341
BNBUSDT,2,98,9.623184885911138e-07,0.9999538122539873,1.4125597488531871
BNBUSDT,2,99,9.301262614408537e-07,0.9999547423802487,1.3887317514704232
BNBUSDT,2,100,9.170138399946248e-07,0.9999556593940887,1.378908208917438
BNBUSDT,2,101,9.023898653219575e-07,0.999956561783954,1.3678690290342153
BNBUSDT,2,102,8.986861249991777e-07,0.9999574604700789,1.3650590236309554
BNBUSDT,2,103,8.877292882431313e-07,0.9999583481993671,1.356712061965785
BNBUSDT,2,104,8.822420793230576e-07,0.9999592304414465,1.3525125259401007
BNBUSDT,2,105,8.678915647604075e-07,0.9999600983330112,1.3414674697143638
BNBUSDT,2,106,8.617550601522169e-07,0.9999609600880714,1.3367165742979987
BNBUSDT,2,107,8.589354430086932e-07,0.9999618190235144,1.3345279494709112
BNBUSDT,2,108,8.52004264614027e-07,0.999962671027779,1.329132557155058
BNBUSDT,2,109,8.237363263268984e-07,0.9999634947641054,1.306897481916798
BNBUSDT,2,110,8.161618050035623e-07,0.9999643109259104,1.3008749330952103
BNBUSDT,2,111,8.053547572421944e-07,0.9999651162806676,1.292233590931753
BNBUSDT,2,112,8.047381861199236e-07,0.9999659210188537,1.2917388360034214
BNBUSDT,2,113,8.015226750651726e-07,0.9999667225415289,1.2891555374546295
BNBUSDT,2,114,7.94759133808784e-07,0.9999675173006627,1.2837048315522646
BNBUSDT,2,115,7.625846729072698e-07,0.9999682798853355,1.2574520927445378
BNBUSDT,2,116,7.579630331904611e-07,0.9999690378483688,1.253635911637411
BNBUSDT,2,117,7.478107293628271e-07,0.9999697856590981,1.245211887054461
BNBUSDT,2,118,7.435824432891725e-07,0.9999705292415414,1.241686546006115
BNBUSDT,2,119,7.37881188443463e-07,0.9999712671227299,1.236917207199104
BNBUSDT,2,120,7.333574422211002e-07,0.999972000480172,1.2331197787392736
BNBUSDT,2,121,7.332369994082141e-07,0.9999727337171714,1.2330185139911565
BNBUSDT,2,122,7.226808050999812e-07,0.9999734563979765,1.2241106369194692
BNBUSDT,2,123,7.072707983429723e-07,0.9999741636687749,1.2109892156617363
BNBUSDT,2,124,7.036144798043418e-07,0.9999748672832547,1.2078549850198048
BNBUSDT,2,125,7.016416209247651e-07,0.9999755689248756,1.2061604490100732
BNBUSDT,2,126,7.009705513691956e-07,0.999976269895427,1.2055835083310358
BNBUSDT,2,127,6.909236829294944e-07,0.9999769608191099,1.1969126350374364
BNBUSDT,2,128,6.792879619940125e-07,0.9999776401070719,1.1867913466672475
BNBUSDT,2,129,6.753811851548747e-07,0.9999783154882571,1.183373639492822
BNBUSDT,2,130,6.725970641482693e-07,0.9999789880853213,1.180932012539509
BNBUSDT,2,131,6.678302721069376e-07,0.9999796559155935,1.1767398542931076
BNBUSDT,2,132,6.65921020012771e-07,0.9999803218366135,1.1750565664986523
BNBUSDT,2,133,6.632677152265026e-07,0.9999809851043286,1.1727132743099162
BNBUSDT,2,134,6.610165671911144e-07,0.9999816461208958,1.1707214729993727
BNBUSDT,2,135,6.548278655502749e-07,0.9999823009487614,1.165228203740543
BNBUSDT,2,136,6.535927739710387e-07,0.9999829545415354,1.1641287981778028
BNBUSDT,2,137,6.410293852495063e-07,0.9999835955709206,1.1528860416458784
BNBUSDT,2,138,6.16743725812896e-07,0.9999842123146464,1.1308364067136791
BNBUSDT,2,139,6.100123508138479e-07,0.9999848223269973,1.1246482867408278
BNBUSDT,2,140,6.05182980373525e-07,0.9999854275099777,1.1201876100695674
BNBUSDT,2,141,5.953258868773012e-07,0.9999860228358645,1.111027466852671
BNBUSDT,2,142,5.93934274419285e-07,0.9999866167701389,1.1097281581091445
BNBUSDT,2,143,5.885770874146095e-07,0.9999872053472263,1.104712040923945
BNBUSDT,2,144,5.878299317658196e-07,0.999987793177158,1.104010642611488
BNBUSDT,2,145,5.819750184940572e-07,0.9999883751521765,1.0984987910537796
BNBUSDT,2,146,5.806015282613242e-07,0.9999889557537048,1.0972017692214198
BNBUSDT,2,147,5.743948000149505e-07,0.9999895301485048,1.0913213754251314
BNBUSDT,2,148,5.664676210802552e-07,0.9999900966161259,1.08376459055211
BNBUSDT,2,149,5.641311866981348e-07,0.9999906607473126,1.0815272506258773
BNBUSDT,2,150,5.622299636808031e-07,0.9999912229772763,1.079703242365116
BNBUSDT,2,151,5.484142824619529e-07,0.9999917713915587,1.0663549523758176
BNBUSDT,2,152,5.332183004962413e-07,0.9999923046098592,1.0514773818174767
BNBUSDT,2,153,5.298318935485176e-07,0.9999928344417528,1.048133158844589
BNBUSDT,2,154,5.26597699233892e-07,0.999993361039452,1.044929260315123
BNBUSDT,2,155,5.204231777188107e-07,0.9999938814626297,1.0387851367728245
BNBUSDT,2,156,5.130281116389504e-07,0.9999943944907413,1.0313783089858215
BNBUSDT,2,157,5.002308259727478e-07,0.9999948947215673,1.018433408475071
BNBUSDT,2,158,4.960243334440795e-07,0.9999953907459008,1.0141423126591398
BNBUSDT,2,159,4.900688695658505e-07,0.9999958808147703,1.008035831711617
BNBUSDT,2,160,4.880833468106467e-07,0.9999963688981173,1.0059917216083925
BNBUSDT,2,161,4.795398420814248e-07,0.9999968484379593,0.9971483153487167
BNBUSDT,2,162,4.7420225778750435e-07,0.9999973226402171,0.991583338213712
BNBUSDT,2,163,4.724703483441078e-07,0.9999977951105654,0.9897709222826166
BNBUSDT,2,164,4.69199381138228e-07,0.9999982643099465,0.9863388221181131
BNBUSDT,2,165,4.6138352502013365e-07,0.9999987256934716,0.9780891770458088
BNBUSDT,2,166,4.578458921581067e-07,0.9999991835393638,0.9743322391107565
BNBUSDT,2,167,4.0876838413173653e-07,0.9999995923077479,0.9206319887383095
BNBUSDT,2,168,4.076922521582367e-07,1.0,0.9194193528477687
BNBUSDT,3,1,0.9876624067839321,0.9876624067839321,1798.0342622082385
BNBUSDT,3,2,0.007821975606856666,0.9954843823907888,160.01177024716398
BNBUSDT,3,3,0.0016563401995978559,0.9971407225903867,73.63231798216088
BNBUSDT,3,4,0.0006683064946966279,0.9978090290850833,46.771526260839586
BNBUSDT,3,5,0.0004356390576532407,0.9982446681427365,37.762184193781
BNBUSDT,3,6,0.00031417804777048757,0.9985588461905069,32.06871955510088
BNBUSDT,3,7,0.0002654925183618686,0.9988243387088688,29.47948178418549
BNBUSDT,3,8,0.00023452631835391578,0.9990588650272229,27.706999335613595
BNBUSDT,3,9,0.00013571552968721833,0.99919458055691,21.076984412185908
BNBUSDT,3,10,9.213391779105704e-05,0.9992867144747011,17.366146916126223
BNBUSDT,3,11,6.916293658406833e-05,0.9993558774112852,15.046324144982046
BNBUSDT,3,12,5.503139526033216e-05,0.9994109088065455,13.421435336147482
BNBUSDT,3,13,4.075751344800474e-05,0.9994516663199935,11.550413752741292
BNBUSDT,3,14,2.669852173699246e-05,0.9994783648417305,9.34840048264719
BNBUSDT,3,15,2.3447758447297965e-05,0.9995018126001778,8.760812125519058
BNBUSDT,3,16,2.3115410329628736e-05,0.9995249280105074,8.698502745696965
BNBUSDT,3,17,2.1361810786672736e-05,0.9995462898212941,8.362049485009358
BNBUSDT,3,18,2.0198432936432867e-05,0.9995664882542306,8.131160612853549
BNBUSDT,3,19,1.9188945766861413e-05,0.9995856771999975,7.925364751607122
BNBUSDT,3,20,1.8994741891641224e-05,0.9996046719418891,7.885157992761584
BNBUSDT,3,21,1.6916762993058798e-05,0.9996215887048822,7.441360312895434
BNBUSDT,3,22,1.5139351615507145e-05,0.9996367280564976,7.039589570085666
BNBUSDT,3,23,1.437245858926303e-05,0.9996511005150869,6.858975227374547
BNBUSDT,3,24,1.3657265231306193e-05,0.9996647577803182,6.686141650370362
BNBUSDT,3,25,1.331929051696328e-05,0.9996780770708351,6.602892811538143
BNBUSDT,3,26,1.1821239397438457e-05,0.9996898983102326,6.2204987560892615
BNBUSDT,3,27,1.0451680434900294e-05,0.9997003499906675,5.849069241146349
BNBUSDT,3,28,1.0427553624335037e-05,0.9997107775442918,5.842314302498569
BNBUSDT,3,29,9.858062431284832e-06,0.9997206356067231,5.680538183400741
BNBUSDT,3,30,8.811102853291799e-06,0.9997294467095764,5.370427236534749
BNBUSDT,3,31,8.397708866769182e-06,0.9997378444184432,5.24293059329436
BNBUSDT,3,32,8.203204274322478e-06,0.9997460476227173,5.18185748449251
BNBUSDT,3,33,8.041422207527625e-06,0.9997540890449249,5.130505219660794
BNBUSDT,3,34,7.793470606973851e-06,0.9997618825155319,5.050788142404587
BNBUSDT,3,35,7.670399293530316e-06,0.9997695529148254,5.01074945016255
BNBUSDT,3,36,7.108626846532868e-06,0.9997766615416719,4.823769642124112
BNBUSDT,3,37,6.886504623127421e-06,0.999783548046295,4.747807727882254
BNBUSDT,3,38,6.75005638374395e-06,0.9997902981026787,4.700536199369776
BNBUSDT,3,39,6.561506635594407e-06,0.9997968596093143,4.634421043493004
BNBUSDT,3,40,6.457848898653416e-06,0.9998033174582132,4.597668354084383
BNBUSDT,3,41,6.21852417404761e-06,0.9998095359823872,4.511670400328477
BNBUSDT,3,42,5.55047808695419e-06,0.9998150864604741,4.2624460732969025
BNBUSDT,3,43,5.180808581299633e-06,0.9998202672690554,4.118058146611222
BNBUSDT,3,44,5.045619127832917e-06,0.9998253128881832,4.063974118835529
BNBUSDT,3,45,4.633423175148487e-06,0.9998299463113584,3.8944370171170615
BNBUSDT,3,46,4.3317597294019736e-06,0.9998342780710877,3.7655279979530394
BNBUSDT,3,47,4.2874521369705744e-06,0.9998385655232247,3.7462205660333745
BNBUSDT,3,48,4.19763687271912e-06,0.9998427631600976,3.706774223919493
BNBUSDT,3,49,3.839801912449995e-06,0.99984660296201,3.5452601706568037
BNBUSDT,3,50,3.7711400021054635e-06,0.999850374102012,3.5134196764081334
BNBUSDT,3,51,3.7203120809461608e-06,0.999854094414093,3.489662186846462
BNBUSDT,3,52,3.676590649496343e-06,0.9998577710047425,3.4690961779812572
BNBUSDT,3,53,3.619100078153001e-06,0.9998613901048207,3.4418663127755487
BNBUSDT,3,54,3.561734359344695e-06,0.99986495183918,3.414479143186453
BNBUSDT,3,55,3.293276184722858e-06,0.9998682451153648,3.283278918210809
BNBUSDT,3,56,3.0247269538212788e-06,0.9998712698423186,3.146565593574466
BNBUSDT,3,57,2.9222906704165846e-06,0.999874192132989,3.0928254265255006
BNBUSDT,3,58,2.8175329355745516e-06,0.9998770096659246,3.036883989949468
BNBUSDT,3,59,2.6639261552368653e-06,0.9998796735920799,2.9529411526562273
BNBUSDT,3,60,2.5179980232798796e-06,0.9998821915901032,2.870922002698489
BNBUSDT,3,61,2.508544338419929e-06,0.9998847001344416,2.865527575418183
BNBUSDT,3,62,2.469889239043397e-06,0.9998871700236807,2.8433638678212847
BNBUSDT,3,63,2.464286186546854e-06,0.9998896343098672,2.8401368885773888
BNBUSDT,3,64,2.419171121644197e-06,0.9998920534809886,2.814018809910731
BNBUSDT,3,65,2.413773822758051e-06,0.9998944672548113,2.810877944578846
BNBUSDT,3,66,2.3356836978873813e-06,0.9998968029385092,2.7650355289759183
BNBUSDT,3,67,2.304714394144383e-06,0.9998991076529034,2.7466432755138652
BNBUSDT,3,68,2.2484976671274694e-06,0.9999013561505705,2.712938332469123
BNBUSDT,3,69,2.1851335158228893e-06,0.9999035412840863,2.6744389615291744
BNBUSDT,3,70,2.1717016136420206e-06,0.9999057129857,2.666206472191114
BNBUSDT,3,71,1.9543738878690703e-06,0.9999076673595878,2.5292835941523992
BNBUSDT,3,72,1.951557409925789e-06,0.9999096189169978,2.5274604425389136
BNBUSDT,3,73,1.8682986239967642e-06,0.9999114872156218,2.4729586137887734
BNBUSDT,3,74,1.7588949814467566e-06,0.9999132461106033,2.3994607830738643
BNBUSDT,3,75,1.7227867235821408e-06,0.9999149688973269,2.374703866957331
BNBUSDT,3,76,1.6518017515340508e-06,0.9999166206990784,2.325266112709989
BNBUSDT,3,77,1.60690669622001e-06,0.9999182276057746,2.2934487069950595
BNBUSDT,3,78,1.5607278790703715e-06,0.9999197883336537,2.26025425456863
BNBUSDT,3,79,1.5548948548355924e-06,0.9999213432285086,2.256026592722612
BNBUSDT,3,80,1.5339431720220802e-06,0.9999228771716805,2.2407754444160477
BNBUSDT,3,81,1.523056901190456e-06,0.9999244002285816,2.2328099855002286
BNBUSDT,3,82,1.5023166989716137e-06,0.9999259025452806,2.2175552481379506
BNBUSDT,3,83,1.492115744320154e-06,0.9999273946610249,2.210013658616636
BNBUSDT,3,84,1.4614511230875497e-06,0.999928856112148,2.187186662956765
BNBUSDT,3,85,1.4567746387266447e-06,0.9999303128867867,2.1836844795527552
BNBUSDT,3,86,1.3969062111316847e-06,0.9999317097929978,2.1383427844412304
BNBUSDT,3,87,1.343383271678283e-06,0.9999330531762695,2.096977010790481
BNBUSDT,3,88,1.3370078236595051e-06,0.9999343901840934,2.091995160911836
BNBUSDT,3,89,1.327412854921464e-06,0.9999357175969483,2.0844750962697263
BNBUSDT,3,90,1.32088152957069e-06,0.9999370384784779,2.079340607337358
BNBUSDT,3,91,1.3074487537100375e-06,0.9999383459272316,2.068740605997791
BNBUSDT,3,92,1.2836022485399746e-06,0.9999396295294801,2.0497879508312264
BNBUSDT,3,93,1.2616150711883141e-06,0.9999408911445513,2.032156428993979
BNBUSDT,3,94,1.1456957426880708e-06,0.999942036840294,1.9365483786597668
BNBUSDT,3,95,1.1303082318741936e-06,0.9999431671485259,1.9234998048070029
BNBUSDT,3,96,1.1203404870009107e-06,0.9999442874890129,1.9149997285080544
BNBUSDT,3,97,1.0966980291519094e-06,0.999945384187042,1.8946859421020923
BNBUSDT,3,98,1.08670413903289e-06,0.999946470891181,1.8860333238694447
BNBUSDT,3,99,1.0565267578872525e-06,0.9999475274179389,1.8596617205592625
BNBUSDT,3,100,1.0468081785361948e-06,0.9999485742261175,1.8510888072971179
BNBUSDT,3,101,1.0214016730872902e-06,0.9999495956277906,1.8284874495978096
BNBUSDT,3,102,1.019827038754526e-06,0.9999506154548293,1.8270774706836195
BNBUSDT,3,103,1.011756515813391e-06,0.9999516272113451,1.8198337133623392
BNBUSDT,3,104,1.0059954023297855e-06,0.9999526332067474,1.814645095436271
BNBUSDT,3,105,9.956439559544792e-07,0.9999536288507034,1.80528482759737
BNBUSDT,3,106,9.810100849402963e-07,0.9999546098607883,1.7919687729299552
BNBUSDT,3,107,9.67633568372661e-07,0.9999555774943567,1.7797096872684177
BNBUSDT,3,108,9.673040646476606e-07,0.9999565447984213,1.7794066433673785
BNBUSDT,3,109,9.469119169547225e-07,0.9999574917103383,1.7605505220557842
BNBUSDT,3,110,9.273983016396599e-07,0.9999584191086399,1.7423156974373835
BNBUSDT,3,111,9.164182079921467e-07,0.9999593355268479,1.7319707610809105
BNBUSDT,3,112,9.146802483603379e-07,0.9999602502070963,1.7303276664033527
BNBUSDT,3,113,9.03988708539204e-07,0.9999611541958049,1.7201851898926106
BNBUSDT,3,114,8.914816303565397e-07,0.9999620456774353,1.7082439867962727
BNBUSDT,3,115,8.900847777914279e-07,0.9999629357622131,1.7069051479686892
BNBUSDT,3,116,8.847156992698868e-07,0.9999638204779123,1.7017492515081385
BNBUSDT,3,117,8.699495550645045e-07,0.9999646904274674,1.6874881682510552
BNBUSDT,3,118,8.535574921489081e-07,0.9999655439849595,1.6715142780547598
BNBUSDT,3,119,8.525773441911863e-07,0.9999663965623037,1.6705542947384675
BNBUSDT,3,120,8.516191531729297e-07,0.9999672481814569,1.669615283084935
BNBUSDT,3,121,8.48091361583772e-07,0.9999680962728185,1.6661535436353092
BNBUSDT,3,122,8.474871305119478e-07,0.9999689437599489,1.6655599041014175
BNBUSDT,3,123,8.285320643194133e-07,0.9999697722920132,1.6468284514549492
BNBUSDT,3,124,8.268174135017826e-07,0.9999705991094268,1.6451235094740897
BNBUSDT,3,125,8.23642728873182e-07,0.9999714227521557,1.641962127496652
BNBUSDT,3,126,8.22476630142674e-07,0.9999722452287858,1.64079938541114
BNBUSDT,3,127,8.115028677173954e-07,0.9999730567316535,1.629816577082759
BNBUSDT,3,128,8.085452318286352e-07,0.9999738652768854,1.6268438185294407
BNBUSDT,3,129,7.914111454665887e-07,0.9999746566880308,1.6095140879748548
BNBUSDT,3,130,7.867626848014759e-07,0.9999754434507155,1.6047802769578416
BNBUSDT,3,131,7.773442718471449e-07,0.9999762207949874,1.5951458657967679
BNBUSDT,3,132,7.643809142112072e-07,0.9999769851759016,1.5817892460939649
BNBUSDT,3,133,7.578035085402738e-07,0.9999777429794101,1.5749689895826455
BNBUSDT,3,134,7.567107314126934e-07,0.9999784996901415,1.5738330018340398
BNBUSDT,3,135,7.479326810261091e-07,0.9999792476228225,1.5646779285191357
BNBUSDT,3,136,7.30250534061367e-07,0.9999799778733566,1.5460717435324531
BNBUSDT,3,137,7.226191589585048e-07,0.9999807004925155,1.5379720298005357
BNBUSDT,3,138,7.138082539853543e-07,0.9999814143007696,1.5285670163487457
BNBUSDT,3,139,7.117252141979594e-07,0.9999821260259838,1.526335049829083
BNBUSDT,3,140,7.067416925226263e-07,0.9999828327676763,1.5209819404038372
BNBUSDT,3,141,6.991501230461181e-07,0.9999835319177993,1.512790959639941
BNBUSDT,3,142,6.895641728554521e-07,0.9999842214819722,1.5023843322458552
BNBUSDT,3,143,6.867944266366652e-07,0.9999849082763989,1.499364011253743
BNBUSDT,3,144,6.808283101439752e-07,0.9999855891047089,1.4928373915246076
BNBUSDT,3,145,6.739402299939876e-07,0.999986263044939,1.4852665222518409
BNBUSDT,3,146,6.70618757646859e-07,0.9999869336636966,1.4816019798955973
BNBUSDT,3,147,6.6105536651345e-07,0.9999875947190631,1.4709998177677903
BNBUSDT,3,148,6.598601706407968e-07,0.9999882545792338,1.4696694236734213
BNBUSDT,3,149,6.571471016748615e-07,0.9999889117263354,1.466644978744871
BNBUSDT,3,150,6.527205998080284e-07,0.9999895644469352,1.4616970178524742
BNBUSDT,3,151,6.475510619587805e-07,0.9999902119979972,1.4558972016328688
BNBUSDT,3,152,6.408320647291232e-07,0.999990852830062,1.4483243032769333
BNBUSDT,3,153,6.386573725597402e-07,0.9999914914874345,1.4458647383100076
BNBUSDT,3,154,6.336712571321874e-07,0.9999921251586916,1.4402096132250588
BNBUSDT,3,155,6.099756467802134e-07,0.9999927351343384,1.4130253374633566
BNBUSDT,3,156,5.969664088962807e-07,0.9999933321007473,1.3978759994495582
BNBUSDT,3,157,5.885334930182185e-07,0.9999939206342403,1.3879674870465986
BNBUSDT,3,158,5.847262287420165e-07,0.9999945053604691,1.3834707735460068
BNBUSDT,3,159,5.838554438981011e-07,0.999995089215913,1.382440244920908
BNBUSDT,3,160,5.773517426354827e-07,0.9999956665676556,1.3747190212511196
BNBUSDT,3,161,5.647611518531922e-07,0.9999962313288074,1.359646812777081
BNBUSDT,3,162,5.618959589113356e-07,0.9999967932247663,1.3561934910092956
BNBUSDT,3,163,5.567409655937654e-07,0.999997349965732,1.3499581043757092
BNBUSDT,3,164,5.56343236157262e-07,0.9999979063089681,1.3494758208402249
BNBUSDT,3,165,5.35623493859215e-07,0.9999984419324619,1.3241083074776374
BNBUSDT,3,166,5.22603684346171e-07,0.9999989645361462,1.3079162477829125
BNBUSDT,3,167,5.187783208132609e-07,0.9999994833144671,1.303120601808557
BNBUSDT,3,168,5.166855328327434e-07,0.9999999999999999,1.3004895058583947
BNBUSDT,4,1,0.9875676081031146,0.9875676081031146,2094.1668821462763
BNBUSDT,4,2,0.007863908250850163,0.9954315163539648,186.87322810267216
BNBUSDT,4,3,0.0016639394097645577,0.9970954557637293,85.96004275403484
BNBUSDT,4,4,0.0006812724268336444,0.997776728190563,55.00324028479544
BNBUSDT,4,5,0.0004432063013797442,0.9982199344919427,44.36401383570123
BNBUSDT,4,6,0.0003167560175881726,0.9985366905095309,37.50509811437068
BNBUSDT,4,7,0.0002661676598615468,0.9988028581693924,34.37997147358043
BNBUSDT,4,8,0.00023469536482072546,0.9990375535342132,32.28346377257941
BNBUSDT,4,9,0.00013992909794084904,0.999177482632154,24.927681442650005
BNBUSDT,4,10,9.579252141900806e-05,0.999273275153573,20.624986417845985
BNBUSDT,4,11,7.128499032890775e-05,0.9993445601439019,17.79208793517936
BNBUSDT,4,12,5.632391111654567e-05,0.9994008840550185,15.815184802819516
BNBUSDT,4,13,4.1926583071118946e-05,0.9994428106380896,13.64497058309665
BNBUSDT,4,14,2.7557643807280664e-05,0.9994703682818968,11.062388593396939
BNBUSDT,4,15,2.3906487542970325e-05,0.9994942747694399,10.303523238073478
BNBUSDT,4,16,2.339318759161101e-05,0.9995176679570315,10.192308739354445
BNBUSDT,4,17,2.1589895691157426e-05,0.9995392578527226,9.791588213927971
BNBUSDT,4,18,2.046166157327396e-05,0.9995597195142959,9.53231351045206
BNBUSDT,4,19,1.9452618280766512e-05,0.9995791721325766,9.294304595536138
BNBUSDT,4,20,1.9285018718259113e-05,0.9995984571512949,9.2541791188088
BNBUSDT,4,21,1.7222426941873682e-05,0.9996156795782368,8.745306690309029
BNBUSDT,4,22,1.539968228219857e-05,0.999631079260519,8.269585642375292
BNBUSDT,4,23,1.4541979706166501e-05,0.9996456212402252,8.035994594838938
BNBUSDT,4,24,1.3993276651931649e-05,0.999659614516877,7.882928347537197
BNBUSDT,4,25,1.3800552106307344e-05,0.9996734150689833,7.828455720176979
BNBUSDT,4,26,1.2107157142079552e-05,0.9996855222261254,7.332447438321457
BNBUSDT,4,27,1.050268166882632e-05,0.9996960249077942,6.829327976071324
BNBUSDT,4,28,1.047267042601629e-05,0.9997064975782202,6.819563648673518
BNBUSDT,4,29,1.0092765937585188e-05,0.9997165903441577,6.694728506872835
BNBUSDT,4,30,8.932009867705174e-06,0.9997255223540255,6.297997239436719
BNBUSDT,4,31,8.480365330989278e-06,0.9997340027193564,6.1367036315434556
BNBUSDT,4,32,8.274678560587587e-06,0.9997422773979172,6.061825564123233
BNBUSDT,4,33,8.115324028561921e-06,0.9997503927219458,6.003172202085508
BNBUSDT,4,34,7.924616226502543e-06,0.9997583173381722,5.932216445827293
BNBUSDT,4,35,7.848050479776868e-06,0.999766165388652,5.903489059849797
BNBUSDT,4,36,7.253724808667615e-06,0.9997734191134607,5.675555913013442
BNBUSDT,4,37,7.095371986328221e-06,0.999780514485447,5.613263807808708
BNBUSDT,4,38,7.0753056609180326e-06,0.9997875897911079,5.605320790274877
BNBUSDT,4,39,6.6525501323389025e-06,0.9997942423412403,5.435280313367763
BNBUSDT,4,40,6.427372479994498e-06,0.9998006697137202,5.342500891558248
BNBUSDT,4,41,6.260947886311295e-06,0.9998069306616065,5.272880309702616
BNBUSDT,4,42,5.582092845604724e-06,0.9998125127544522,4.978819670520523
BNBUSDT,4,43,5.186172726128898e-06,0.9998176989271783,4.799006711447749
BNBUSDT,4,44,5.08824634202161e-06,0.9998227871735204,4.753482871942888
BNBUSDT,4,45,4.716792379904199e-06,0.9998275039659003,4.576687389401344
BNBUSDT,4,46,4.379104379733889e-06,0.99983188307028,4.409816492743999
BNBUSDT,4,47,4.367247995270195e-06,0.9998362503182753,4.403842677878961
BNBUSDT,4,48,4.270385496860693e-06,0.999840520703772,4.354731768188614
BNBUSDT,4,49,3.885452197618782e-06,0.9998444061559697,4.153829381891174
BNBUSDT,4,50,3.817138675226292e-06,0.999848223294645,4.117151402265782
BNBUSDT,4,51,3.7206288957812455e-06,0.9998519439235407,4.064770650992155
BNBUSDT,4,52,3.719387878529958e-06,0.9998556633114193,4.064092691518567
BNBUSDT,4,53,3.6866244367861077e-06,0.9998593499358561,4.046153154282631
BNBUSDT,4,54,3.604260615804559e-06,0.999862954196472,4.000699776797854
BNBUSDT,4,55,3.366352362786711e-06,0.9998663205488347,3.866407771683026
BNBUSDT,4,56,3.0909275752554424e-06,0.9998694114764098,3.704864111441896
BNBUSDT,4,57,2.9223345767866925e-06,0.9998723338109866,3.602407491922317
BNBUSDT,4,58,2.8868794633806917e-06,0.99987522069045,3.5804877678510536
BNBUSDT,4,59,2.7638672353492242e-06,0.9998779845576853,3.503373637249337
BNBUSDT,4,60,2.524072664406497e-06,0.9998805086303497,3.34794870630169
BNBUSDT,4,61,2.5130845257868023e-06,0.9998830217148755,3.3406533836033607
BNBUSDT,4,62,2.4720648909089493e-06,0.9998854937797664,3.313277430568495
BNBUSDT,4,63,2.467381266650916e-06,0.9998879611610331,3.3101372412020096
BNBUSDT,4,64,2.410957559273482e-06,0.9998903721185923,3.2720704936780254
BNBUSDT,4,65,2.406802793019327e-06,0.9998927789213854,3.269249923496797
BNBUSDT,4,66,2.3734139849273096e-06,0.9998951523353703,3.2464940956487256
BNBUSDT,4,67,2.3447666863838263e-06,0.9998974971020567,3.2268418916889705
BNBUSDT,4,68,2.2745359911969693e-06,0.9998997716380479,3.178149155670953
BNBUSDT,4,69,2.2193939136022215e-06,0.9999019910319615,3.1393885082075426
BNBUSDT,4,70,2.199701737283352e-06,0.9999041907336988,3.1254299370855554
BNBUSDT,4,71,1.97260112520415e-06,0.9999061633348241,2.959698736551336
BNBUSDT,4,72,1.969938408344541e-06,0.9999081332732324,2.957700486395735
BNBUSDT,4,73,1.8751387218544185e-06,0.9999100084119542,2.8856560828072833
BNBUSDT,4,74,1.7662808628549508e-06,0.9999117746928171,2.800642987608014
BNBUSDT,4,75,1.7309008953343012e-06,0.9999135055937124,2.772451580379795
BNBUSDT,4,76,1.6585050817773698e-06,0.9999151640987942,2.71385270250107
BNBUSDT,4,77,1.6198150677993211e-06,0.9999167839138621,2.682011193757294
BNBUSDT,4,78,1.5705420537494554e-06,0.9999183544559158,2.6409042394482176
BNBUSDT,4,79,1.5669229722118365e-06,0.9999199213788881,2.63785969818561
BNBUSDT,4,80,1.5411838869887925e-06,0.9999214625627749,2.6161045657699074
BNBUSDT,4,81,1.5312619926668843e-06,0.9999229938247676,2.60766993815619
BNBUSDT,4,82,1.5138648846958506e-06,0.9999245076896522,2.592814378917972
BNBUSDT,4,83,1.5073368533954364e-06,0.9999260150265057,2.5872180209048214
BNBUSDT,4,84,1.492511877047293e-06,0.9999275075383828,2.5744636651012383
BNBUSDT,4,85,1.4909280484627204e-06,0.9999289984664312,2.5730973136752002
BNBUSDT,4,86,1.4219453484685262e-06,0.9999304204117797,2.5128659483823474
BNBUSDT,4,87,1.3490325258252465e-06,0.9999317694443055,2.447592305688042
BNBUSDT,4,88,1.344059814200294e-06,0.9999331135041197,2.443077067051113
BNBUSDT,4,89,1.339307643994285e-06,0.9999344528117637,2.4387542689294786
BNBUSDT,4,90,1.3370082852725408e-06,0.999935789820049,2.436659910774239
BNBUSDT,4,91,1.3286936975228772e-06,0.9999371185137466,2.4290715438439703
BNBUSDT,4,92,1.3140458037361875e-06,0.9999384325595503,2.415645052292793
BNBUSDT,4,93,1.2931905461498335e-06,0.9999397257500965,2.3963989982203704
BNBUSDT,4,94,1.160429570110068e-06,0.9999408861796666,2.270059613950449
BNBUSDT,4,95,1.1383458380875646e-06,0.9999420245255046,2.248355499117593
BNBUSDT,4,96,1.1299697512804529e-06,0.999943154495256,2.2400683902908325
BNBUSDT,4,97,1.1025474417754632e-06,0.9999442570426977,2.212720257235364
BNBUSDT,4,98,1.0957956517224106e-06,0.9999453528383495,2.2059347147212636
BNBUSDT,4,99,1.0706943562321165e-06,0.9999464235327058,2.180522767198644
BNBUSDT,4,100,1.0610046909186248e-06,0.9999474845373967,2.170633597631976
BNBUSDT,4,101,1.0365905665059254e-06,0.9999485211279632,2.145514702505622
BNBUSDT,4,102,1.034962109769173e-06,0.999949556090073,2.1438287662928666
BNBUSDT,4,103,1.030648121544798e-06,0.9999505867381945,2.1393560858027656
BNBUSDT,4,104,1.0241425256195244e-06,0.99995161088072,2.1325934389352668
BNBUSDT,4,105,1.0145483523098286e-06,0.9999526254290724,2.12258086023354
BNBUSDT,4,106,1.0002198028870966e-06,0.9999536256488752,2.1075388699504582
BNBUSDT,4,107,9.775673120064897e-07,0.9999546032161872,2.083536938810768
BNBUSDT,4,108,9.773030207841254e-07,0.999955580519208,2.083255271379141
BNBUSDT,4,109,9.610936189807315e-07,0.999956541612827,2.0659067553805444
BNBUSDT,4,110,9.404022881662628e-07,0.9999574820151151,2.0435473615163904
BNBUSDT,4,111,9.335639324648981e-07,0.9999584155790476,2.0361037379539138
BNBUSDT,4,112,9.317704315195905e-07,0.9999593473494791,2.0341469841552824
BNBUSDT,4,113,9.169291120166313e-07,0.9999602642785911,2.0178819223664157
BNBUSDT,4,114,9.059492657696176e-07,0.9999611702278568,2.005763885972333
BNBUSDT,4,115,9.008881212287923e-07,0.999962071115978,2.0001533738736215
BNBUSDT,4,116,8.911148015721886e-07,0.9999629622307796,1.9892744175685981
BNBUSDT,4,117,8.818975313676162e-07,0.999963844128311,1.9789596183438287
BNBUSDT,4,118,8.729748396156958e-07,0.9999647171031506,1.9689230003162546
BNBUSDT,4,119,8.719164307615406e-07,0.9999655890195813,1.9677290612291432
BNBUSDT,4,120,8.664762454138976e-07,0.9999664554958269,1.961580788028954
BNBUSDT,4,121,8.580424828651112e-07,0.9999673135383097,1.9520110162415436
BNBUSDT,4,122,8.571742210901853e-07,0.9999681707125307,1.9510231365262976
BNBUSDT,4,123,8.42636567136616e-07,0.9999690133490979,1.9344077335692502
BNBUSDT,4,124,8.398866021768353e-07,0.9999698532357001,1.9312486606589963
BNBUSDT,4,125,8.383909206026346e-07,0.9999706916266207,1.9295282973619807
BNBUSDT,4,126,8.343669737895683e-07,0.9999715259935944,1.9248922392316357
BNBUSDT,4,127,8.269040147330376e-07,0.9999723528976091,1.9162643455436015
BNBUSDT,4,128,8.243507137563669e-07,0.999973177248323,1.9133035530227038
BNBUSDT,4,129,8.042271854779328e-07,0.9999739814755083,1.889806087551846
BNBUSDT,4,130,8.014787388504192e-07,0.9999747829542472,1.8865741174620108
BNBUSDT,4,131,7.908766825422414e-07,0.9999755738309297,1.8740546637543318
BNBUSDT,4,132,7.760677142867201e-07,0.999976349898644,1.856426148763388
BNBUSDT,4,133,7.682387378953586e-07,0.9999771181373819,1.8470385934994387
BNBUSDT,4,134,7.62557272555982e-07,0.9999778806946545,1.840196085410286
BNBUSDT,4,135,7.594102355994049e-07,0.9999786401048901,1.8363949594999007
BNBUSDT,4,136,7.498482119903746e-07,0.9999793899531021,1.8247969608444068
BNBUSDT,4,137,7.415566280710372e-07,0.9999801315097302,1.814679902012112
BNBUSDT,4,138,7.286326152923823e-07,0.9999808601423454,1.7987970743149304
BNBUSDT,4,139,7.259195872753406e-07,0.9999815860619328,1.7954450845613306
BNBUSDT,4,140,7.227484788383487e-07,0.9999823088104115,1.7915191796100098
BNBUSDT,4,141,7.167651379795244e-07,0.9999830255755495,1.7840881384874863
BNBUSDT,4,142,7.106129384421727e-07,0.999983736188488,1.7764149691751212
BNBUSDT,4,143,7.081027957129333e-07,0.9999844442912836,1.773274722496611
BNBUSDT,4,144,7.006081295585689e-07,0.9999851448994134,1.7638654562319758
BNBUSDT,4,145,6.935367149412899e-07,0.9999858384361282,1.7549413111711862
BNBUSDT,4,146,6.888696138785612e-07,0.9999865273057421,1.7490264733884207
BNBUSDT,4,147,6.771332301094572e-07,0.9999872044389723,1.7340632424479767
BNBUSDT,4,148,6.761800744998954e-07,0.9999878806190468,1.7328423496541634
BNBUSDT,4,149,6.752877989445638e-07,0.9999885559068457,1.7316986578028746
BNBUSDT,4,150,6.706822707821421e-07,0.9999892265891165,1.7257833786087324
BNBUSDT,4,151,6.641527701717333e-07,0.9999898907418866,1.7173620553696598
BNBUSDT,4,152,6.572277482641514e-07,0.9999905479696349,1.7083852550691074
BNBUSDT,4,153,6.561785044906422e-07,0.9999912041481394,1.7070210182495678
BNBUSDT,4,154,6.510125219443203e-07,0.9999918551606614,1.7002881963799865
BNBUSDT,4,155,6.251380057280931e-07,0.999992480298667,1.6661566097186045
BNBUSDT,4,156,6.137729332383514e-07,0.9999930940716003,1.6509416920777693
BNBUSDT,4,157,6.058015302815907e-07,0.9999936998731306,1.6401858159333018
BNBUSDT,4,158,6.032342669399115e-07,0.9999943031073976,1.6367067396170303
BNBUSDT,4,159,6.022404180313931e-07,0.9999949053478155,1.6353579189065615
BNBUSDT,4,160,5.955601227662654e-07,0.9999955009079383,1.6262625992789588
BNBUSDT,4,161,5.834642223576972e-07,0.9999960843721607,1.6096630842041475
BNBUSDT,4,162,5.814236855775957e-07,0.9999966657958462,1.6068458990166399
BNBUSDT,4,163,5.787692718356183e-07,0.9999972445651181,1.6031737807512914
BNBUSDT,4,164,5.781575876422662e-07,0.9999978227227058,1.6023263832243626
BNBUSDT,4,165,5.554355961351382e-07,0.9999983781583018,1.570524527323129
BNBUSDT,4,166,5.434063045279111e-07,0.9999989215646063,1.553424696081047
BNBUSDT,4,167,5.400841911908561e-07,0.9999994616487976,1.5486689870742703
BNBUSDT,4,168,5.383512024623858e-07,1.0,1.546182354131499
BNBUSDT,5,1,0.9896256896516828,0.9896256896516828,2362.6431522871253
BNBUSDT,5,2,0.0065711589840036205,0.9961968486356865,192.52345146804993
BNBUSDT,5,3,0.0014176282374851693,0.9976144768731716,89.4218867859474
BNBUSDT,5,4,0.0005670324379023038,0.998181509311074,56.55442661040525
BNBUSDT,5,5,0.00036439092168402167,0.998545900232758,45.336336782440625
BNBUSDT,5,6,0.00025712135601794854,0.998803021588776,38.083050307910355
BNBUSDT,5,7,0.0002147955740472106,0.9990178171628232,34.807699076076375
BNBUSDT,5,8,0.00018269238592277792,0.999200509548746,32.10131885197264
BNBUSDT,5,9,0.00010961921411467889,0.9993101287628606,24.866003682442695
BNBUSDT,5,10,7.51181942020927e-05,0.9993852469570628,20.584258213895424
BNBUSDT,5,11,5.948379734053187e-05,0.9994447307544033,18.31732260127014
BNBUSDT,5,12,4.903640312681273e-05,0.9994937671575301,16.63113752805556
BNBUSDT,5,13,3.6098581902157236e-05,0.9995298657394323,14.269466040371194
BNBUSDT,5,14,2.377403201630471e-05,0.9995536397714485,11.58014701941074
BNBUSDT,5,15,2.1174771547524028e-05,0.999574814542996,10.928788422829093
BNBUSDT,5,16,2.0195188770287374e-05,0.9995950097317664,10.673002472485528
BNBUSDT,5,17,1.8955681208542785e-05,0.999613965412975,10.340281206277986
BNBUSDT,5,18,1.887960908465191e-05,0.9996328450220596,10.319511761846432
BNBUSDT,5,19,1.684582797776474e-05,0.9996496908500374,9.747849880428973
BNBUSDT,5,20,1.6715131606853184e-05,0.9996664059816442,9.709962478898435
BNBUSDT,5,21,1.5683149802115193e-05,0.9996820891314464,9.405443890312162
BNBUSDT,5,22,1.3918338593739268e-05,0.9996960074700402,8.86046165116949
BNBUSDT,5,23,1.2542018759383386e-05,0.9997085494887995,8.410975627962397
BNBUSDT,5,24,1.1811676521675109e-05,0.9997203611653211,8.162410341814493
BNBUSDT,5,25,1.1310055440114576e-05,0.9997316712207612,7.987208443224069
BNBUSDT,5,26,9.804626407798963e-06,0.999741475847169,7.436664286884978
BNBUSDT,5,27,8.629692144237418e-06,0.9997501055393132,6.976864733444763
BNBUSDT,5,28,8.420098789266353e-06,0.9997585256381025,6.891618767077548
BNBUSDT,5,29,8.203536224460475e-06,0.999766729174327,6.802416219821561
BNBUSDT,5,30,7.10812488970214e-06,0.9997738372992167,6.331989359818415
BNBUSDT,5,31,6.693053643675039e-06,0.9997805303528603,6.14433384367363
BNBUSDT,5,32,6.563457555227731e-06,0.9997870938104154,6.084557394422152
BNBUSDT,5,33,6.523246840498213e-06,0.9997936170572559,6.065890382170945
BNBUSDT,5,34,6.362051485619702e-06,0.9997999791087415,5.99047473993391
BNBUSDT,5,35,6.3000731222898595e-06,0.9998062791818638,5.9612240734255195
BNBUSDT,5,36,6.240011142586379e-06,0.9998125191930064,5.932740248053381
BNBUSDT,5,37,6.012318297939294e-06,0.9998185315113043,5.82349401917407
BNBUSDT,5,38,5.872117310891352e-06,0.9998244036286151,5.755194601732728
BNBUSDT,5,39,5.4210326316239776e-06,0.9998298246612467,5.52972663537159
BNBUSDT,5,40,4.690631786614888e-06,0.9998345152930335,5.143731880218851
BNBUSDT,5,41,4.686149059753595e-06,0.9998392014420933,5.141273420704831
BNBUSDT,5,42,4.613351492247615e-06,0.9998438147935855,5.101183237952909
BNBUSDT,5,43,4.15005992442687e-06,0.9998479648535099,4.838267046135635
BNBUSDT,5,44,4.010379416387609e-06,0.9998519752329263,4.756148245805191
BNBUSDT,5,45,3.864119833912615e-06,0.9998558393527602,4.668613748766045
BNBUSDT,5,46,3.6383351957886197e-06,0.999859477687956,4.53016484306754
BNBUSDT,5,47,3.5263610621648866e-06,0.9998630040490182,4.459909439354921
BNBUSDT,5,48,3.431172935527369e-06,0.9998664352219538,4.399303815393471
BNBUSDT,5,49,3.2219313061400834e-06,0.9998696571532599,4.2630535682083135
BNBUSDT,5,50,3.1802037297822522e-06,0.9998728373569897,4.235357972853021
BNBUSDT,5,51,3.124670093561284e-06,0.9998759620270833,4.1982155887640715
BNBUSDT,5,52,3.0160459303712867e-06,0.9998789780730136,4.124598001605995
BNBUSDT,5,53,2.8245752966094086e-06,0.9998818026483103,3.9915284563754425
BNBUSDT,5,54,2.8240746341814432e-06,0.9998846267229444,3.9911746869266125
BNBUSDT,5,55,2.7983972501513133e-06,0.9998874251201946,3.9729887401304564
BNBUSDT,5,56,2.6486126581690355e-06,0.9998900737328528,3.8651991617079915
BNBUSDT,5,57,2.503185790408813e-06,0.9998925769186432,3.7575882916280032
BNBUSDT,5,58,2.489520248296212e-06,0.9998950664388915,3.7473174288468702
BNBUSDT,5,59,2.4063154813568494e-06,0.9998974727543728,3.6841638269953947
BNBUSDT,5,60,2.2003414298536455e-06,0.9998996730958026,3.5229598165792906
BNBUSDT,5,61,2.1789976411181294e-06,0.9999018520934437,3.5058314412548186
BNBUSDT,5,62,2.1730548089582225e-06,0.9999040251482527,3.501047408335064
BNBUSDT,5,63,2.151449600621684e-06,0.9999061765978533,3.4835996637482025
BNBUSDT,5,64,2.061591488938135e-06,0.9999082381893423,3.410075212147727
BNBUSDT,5,65,2.0574167189525253e-06,0.9999102956060613,3.4066207222001594
BNBUSDT,5,66,2.004705416668048e-06,0.9999123003114779,3.362698525478862
BNBUSDT,5,67,1.965112370720144e-06,0.9999142654238486,3.3293261838221815
BNBUSDT,5,68,1.8934029922405387e-06,0.9999161588268409,3.2680160522910398
BNBUSDT,5,69,1.8650340261592453e-06,0.999918023860867,3.243441216972148
BNBUSDT,5,70,1.854701057512382e-06,0.9999198785619245,3.234443813857998
BNBUSDT,5,71,1.6029107269886519e-06,0.9999214814726516,3.0068884659481685
BNBUSDT,5,72,1.5683240584145014e-06,0.99992304979671,2.9742711180880566
BNBUSDT,5,73,1.5647977319208086e-06,0.9999246145944419,2.970925459629113
BNBUSDT,5,74,1.5086148533142097e-06,0.9999261232092952,2.9171035191785832
BNBUSDT,5,75,1.4576851126041414e-06,0.9999275808944078,2.8674411321167286
BNBUSDT,5,76,1.374400223005291e-06,0.9999289552946308,2.7843207246801853
BNBUSDT,5,77,1.3633166269878463e-06,0.9999303186112578,2.7730711794304153
BNBUSDT,5,78,1.3532282552309678e-06,0.999931671839513,2.7627919386837196
BNBUSDT,5,79,1.32567921930252e-06,0.9999329975187323,2.7345248589833195
BNBUSDT,5,80,1.2821861206153525e-06,0.9999342797048529,2.6892934075594854
BNBUSDT,5,81,1.2803639650489971e-06,0.999935560068818,2.6873818078671525
BNBUSDT,5,82,1.268548535224002e-06,0.9999368286173532,2.674953245906264
BNBUSDT,5,83,1.2677290346179931e-06,0.9999380963463879,2.674089077174918
BNBUSDT,5,84,1.2332556255786283e-06,0.9999393296020135,2.637480176539487
BNBUSDT,5,85,1.204912535730471e-06,0.9999405345145492,2.6069962886512226
BNBUSDT,5,86,1.194458748853105e-06,0.999941728973298,2.595662539464785
BNBUSDT,5,87,1.1527488796245904e-06,0.9999428817221776,2.5499402601650143
BNBUSDT,5,88,1.1367117564552615e-06,0.9999440184339341,2.5321406622582217
BNBUSDT,5,89,1.12918651007172e-06,0.9999451476204442,2.523745119601126
BNBUSDT,5,90,1.079278167118701e-06,0.9999462268986113,2.467341976591349
BNBUSDT,5,91,1.0627762804383958e-06,0.9999472896748918,2.448406805953777
BNBUSDT,5,92,1.0555247815505914e-06,0.9999483451996733,2.4400395658296663
BNBUSDT,5,93,1.0483734387309483e-06,0.9999493935731121,2.431759695879868
BNBUSDT,5,94,9.944881231399224e-07,0.9999503880612353,2.3684403533513376
BNBUSDT,5,95,9.869327704008178e-07,0.9999513749940057,2.35942641010963
BNBUSDT,5,96,9.747492625601297e-07,0.9999523497432682,2.3448178373589346
BNBUSDT,5,97,9.375257932998346e-07,0.9999532872690615,2.2996103995431514
BNBUSDT,5,98,9.354651272920767e-07,0.9999542227341888,2.29708175670864
BNBUSDT,5,99,9.177106907398282e-07,0.9999551404448795,2.275178876964851
BNBUSDT,5,100,9.133102583420612e-07,0.9999560537551379,2.2697175690389755
BNBUSDT,5,101,8.897302171624021e-07,0.999956943485355,2.240225940151174
BNBUSDT,5,102,8.842185632514789e-07,0.9999578277039183,2.2332763438222907
BNBUSDT,5,103,8.539844317210986e-07,0.99995868168835,2.1947629907500255
BNBUSDT,5,104,8.49458522093099e-07,0.9999595311468721,2.188939409786918
BNBUSDT,5,105,8.487514159411015e-07,0.999960379898288,2.188028161783423
BNBUSDT,5,106,8.424252830144939e-07,0.999961222323571,2.1798587228009807
BNBUSDT,5,107,8.296194542817082e-07,0.9999620519430252,2.1632271017674896
BNBUSDT,5,108,8.135597660455819e-07,0.9999628655027912,2.1421870171291486
BNBUSDT,5,109,8.123760689267994e-07,0.9999636778788602,2.1406280513878335
BNBUSDT,5,110,8.052758127065973e-07,0.9999644831546729,2.131252859036863
BNBUSDT,5,111,7.975398369485694e-07,0.9999652806945099,2.120991090102
BNBUSDT,5,112,7.783251051563109e-07,0.999966059019615,2.095285323803099
BNBUSDT,5,113,7.779066715239377e-07,0.9999668369262865,2.0947220272384337
BNBUSDT,5,114,7.697808941019823e-07,0.9999676067071807,2.083752891124956
BNBUSDT,5,115,7.652176997082317e-07,0.9999683719248804,2.0775675577401143
BNBUSDT,5,116,7.53310457683347e-07,0.9999691252353381,2.0613400902346655
BNBUSDT,5,117,7.34326584537168e-07,0.9999698595619226,2.035200858082642
BNBUSDT,5,118,7.278321822984566e-07,0.9999705873941049,2.0261811882140863
BNBUSDT,5,119,7.235624189971487e-07,0.9999713109565239,2.0202292396149724
BNBUSDT,5,120,7.114340110286131e-07,0.999972022390535,2.0032260687720616
BNBUSDT,5,121,7.050447461832693e-07,0.9999727274352811,1.9942104691635039
BNBUSDT,5,122,6.974646212337822e-07,0.9999734248999024,1.9834613539293489
BNBUSDT,5,123,6.966723225918154e-07,0.999974121572225,1.9823344578580497
BNBUSDT,5,124,6.94034751265657e-07,0.9999748156069762,1.9785783830793862
BNBUSDT,5,125,6.932723968422761e-07,0.999975508879373,1.9774914112654236
BNBUSDT,5,126,6.844888999176838e-07,0.9999761933682729,1.964924448643169
BNBUSDT,5,127,6.62179583030627e-07,0.999976855547856,1.932638133754617
BNBUSDT,5,128,6.61568870091049e-07,0.9999775171167261,1.931746714410444
BNBUSDT,5,129,6.57719767157115e-07,0.9999781748364932,1.9261189263974325
BNBUSDT,5,130,6.567130670356022e-07,0.9999788315495602,1.92464431153421
BNBUSDT,5,131,6.471756476675562e-07,0.9999794787252079,1.9106174285381134
BNBUSDT,5,132,6.453401343163424e-07,0.9999801240653422,1.9079060672959602
BNBUSDT,5,133,6.374609310172673e-07,0.9999807615262732,1.8962231217596661
BNBUSDT,5,134,6.297055479499504e-07,0.9999813912318212,1.884653048644887
BNBUSDT,5,135,6.278468647469235e-07,0.9999820190786859,1.8818695558649843
BNBUSDT,5,136,6.229612231483815e-07,0.999982642039909,1.8745332953273295
BNBUSDT,5,137,6.097101375889876e-07,0.9999832517500467,1.8544894181645848
BNBUSDT,5,138,6.069572428254504e-07,0.9999838587072895,1.8502980905468212
BNBUSDT,5,139,6.065288046287315e-07,0.9999844652360941,1.8496449322474842
BNBUSDT,5,140,5.947942384176592e-07,0.9999850600303325,1.8316649205623352
BNBUSDT,5,141,5.891165752880765e-07,0.9999856491469078,1.8229017950975588
BNBUSDT,5,142,5.876717386366663e-07,0.9999862368186464,1.8206650457879279
BNBUSDT,5,143,5.831860567562974e-07,0.9999868200047032,1.813703192845938
BNBUSDT,5,144,5.779912111112105e-07,0.9999873979959144,1.8056071625339416
BNBUSDT,5,145,5.756205447615873e-07,0.9999879736164591,1.8019004536272771
BNBUSDT,5,146,5.701101036495185e-07,0.9999885437265628,1.7932548760969402
BNBUSDT,5,147,5.693022410952287e-07,0.9999891130288039,1.791983878588679
BNBUSDT,5,148,5.650486973203488e-07,0.9999896780775012,1.7852769202857965
BNBUSDT,5,149,5.639596457259936e-07,0.9999902420371469,1.7835556558969552
BNBUSDT,5,150,5.613171239783294e-07,0.9999908033542709,1.7793721840896985
BNBUSDT,5,151,5.601619606359836e-07,0.9999913635162315,1.7775403104186718
BNBUSDT,5,152,5.539114833473349e-07,0.9999919174277149,1.7675952910575872
BNBUSDT,5,153,5.348225999822327e-07,0.9999924522503149,1.7368708522684586
BNBUSDT,5,154,5.345918209347409e-07,0.9999929868421358,1.7364960769217073
BNBUSDT,5,155,5.327818146725814e-07,0.9999935196239504,1.7335538941267856
BNBUSDT,5,156,5.313337703153296e-07,0.9999940509577208,1.7311964836033569
BNBUSDT,5,157,5.2135673093018e-07,0.9999945723144517,1.7148658187988801
BNBUSDT,5,158,5.192638333410484e-07,0.999995091578285,1.7114203394676302
BNBUSDT,5,159,5.124014775437212e-07,0.9999956039797626,1.7000740496322784
BNBUSDT,5,160,5.086711083069281e-07,0.9999961126508708,1.6938743322679044
BNBUSDT,5,161,5.062633233312932e-07,0.9999966189141942,1.689860616022065
BNBUSDT,5,162,5.053398092464144e-07,0.9999971242540034,1.6883186097521126
BNBUSDT,5,163,5.00274283680003e-07,0.9999976245282871,1.679835445668833
BNBUSDT,5,164,4.856603005442475e-07,0.9999981101885876,1.6551179689828348
BNBUSDT,5,165,4.826449725143608e-07,0.9999985928335602,1.6499718882346104
BNBUSDT,5,166,4.819009448546137e-07,0.999999074734505,1.6486996298740761
BNBUSDT,5,167,4.669117859415401e-07,0.999999541646291,1.6228563151991717
BNBUSDT,5,168,4.583537091602749e-07,1.0000000000000002,1.6079147775580114
BTCUSDT,1,1,0.9918877175374538,0.9918877175374538,981.4933959910862
BTCUSDT,1,2,0.004739599316818089,0.9966273168542719,67.84642048987007
BTCUSDT,1,3,0.0011567387283651642,0.997784055582637,33.517665594400725
BTCUSDT,1,4,0.0005885124815069404,0.998372568064144,23.90748899695224
BTCUSDT,1,5,0.000326752189488017,0.998699320253632,17.814161233363695
BTCUSDT,1,6,0.0002155789897853135,0.9989148992434173,14.469693829221637
BTCUSDT,1,7,0.00020968784615714572,0.9991245870895744,14.270617144699424
BTCUSDT,1,8,0.00016312116388364335,0.9992877082534581,12.5866826182718
BTCUSDT,1,9,6.99617206709214e-05,0.9993576699741291,8.243020248025854
BTCUSDT,1,10,6.20891299021934e-05,0.9994197591040314,7.76540144963861
BTCUSDT,1,11,6.104821434211136e-05,0.9994808073183735,7.700033386601208
BTCUSDT,1,12,4.521796820424898e-05,0.9995260252865777,6.626918776000822
BTCUSDT,1,13,3.33894464737334e-05,0.9995594147330514,5.694567369946698
BTCUSDT,1,14,2.124554064500699e-05,0.9995806602736964,4.542448573044712
BTCUSDT,1,15,2.0499342101617174e-05,0.999601159615798,4.461964258465929
BTCUSDT,1,16,2.0260160211971584e-05,0.9996214197760099,4.435857265416516
BTCUSDT,1,17,1.809461975134769e-05,0.9996395143957613,4.192092491759561
BTCUSDT,1,18,1.7164812956426156e-05,0.9996566792087177,4.082965057624756
BTCUSDT,1,19,1.4151361044684598e-05,0.9996708305697624,3.70727865927098
BTCUSDT,1,20,1.3886940731274167e-05,0.9996847175104936,3.6724798071247875
BTCUSDT,1,21,1.3397848222452553e-05,0.999698115358716,3.607228489634625
BTCUSDT,1,22,1.213864452524956e-05,0.9997102540032412,3.4335329723301875
BTCUSDT,1,23,1.0820018611593588e-05,0.9997210740218528,3.241679909511206
BTCUSDT,1,24,1.0198229877864926e-05,0.9997312722517308,3.1471578357656984
BTCUSDT,1,25,1.0054758558713338e-05,0.9997413270102895,3.124941911506654
BTCUSDT,1,26,9.695699789438188e-06,0.999751022710079,3.068638330123099
BTCUSDT,1,27,9.300367540864497e-06,0.9997603230776199,3.0054269844113537
BTCUSDT,1,28,8.536595045862013e-06,0.9997688596726657,2.879376564692703
BTCUSDT,1,29,8.399167269681808e-06,0.9997772588399354,2.8561054682299685
BTCUSDT,1,30,8.086311185568516e-06,0.9997853451511209,2.802407913547495
BTCUSDT,1,31,7.962038887335635e-06,0.9997933071900083,2.7807905105727517
BTCUSDT,1,32,7.837001602918395e-06,0.9998011441916113,2.758869089458064
BTCUSDT,1,33,7.622442353330913e-06,0.9998087666339646,2.7208412289389114
BTCUSDT,1,34,7.376010280479612e-06,0.999816142644245,2.6764977475208234
BTCUSDT,1,35,7.255273079816965e-06,0.9998233979173248,2.65450169660953
BTCUSDT,1,36,6.80641957942279e-06,0.9998302043369042,2.571079373899617
BTCUSDT,1,37,6.466091716481913e-06,0.9998366704286207,2.5059768561941995
BTCUSDT,1,38,5.559839444110407e-06,0.9998422302680647,2.3237384850356073
BTCUSDT,1,39,5.0009759847969015e-06,0.9998472312440495,2.2038575008930654
BTCUSDT,1,40,4.888712918090796e-06,0.9998521199569678,2.178980746990006
BTCUSDT,1,41,4.01772614668411e-06,0.9998561376831144,1.9753601634812776
BTCUSDT,1,42,3.926755593111645e-06,0.9998600644387076,1.9528687733882106
BTCUSDT,1,43,3.8102768832892447e-06,0.9998638747155909,1.92368692652042
BTCUSDT,1,44,3.346998881657877e-06,0.9998672217144725,1.8029509393927452
BTCUSDT,1,45,3.3046034015387363e-06,0.9998705263178741,1.7914958164622188
BTCUSDT,1,46,3.223557244207384e-06,0.9998737498751183,1.7693910206712828
BTCUSDT,1,47,3.0418484931405116e-06,0.9998767917236114,1.718798298616219
BTCUSDT,1,48,2.9959700958154135e-06,0.9998797876937071,1.705787244886271
BTCUSDT,1,49,2.8977815928386983e-06,0.9998826854752999,1.6776020580631408
BTCUSDT,1,50,2.8876152823956714e-06,0.9998855730905823,1.6746567000985408
BTCUSDT,1,51,2.792124595115581e-06,0.9998883652151774,1.646734266289802
BTCUSDT,1,52,2.753821355541032e-06,0.9998911190365329,1.6354000523028895
BTCUSDT,1,53,2.4889365503594167e-06,0.9998936079730832,1.5547588524274327
BTCUSDT,1,54,2.3852932476129685e-06,0.9998959932663308,1.5220433254108423
BTCUSDT,1,55,2.342318479204106e-06,0.99989833558481,1.5082700174540569
BTCUSDT,1,56,2.312306189656033e-06,0.999900647891,1.4985760807658235
BTCUSDT,1,57,2.219682671880452e-06,0.9999028675736719,1.4682552803895068
BTCUSDT,1,58,2.2040044200140247e-06,0.9999050715780918,1.4630607385727294
BTCUSDT,1,59,2.174748792313543e-06,0.9999072463268841,1.4533180742993774
BTCUSDT,1,60,1.9622594805405195e-06,0.9999092085863647,1.3804934282990253
BTCUSDT,1,61,1.928826626046182e-06,0.9999111374129908,1.368682523388481
BTCUSDT,1,62,1.7992175784854559e-06,0.9999129366305692,1.3218980694311124
BTCUSDT,1,63,1.7798593737400902e-06,0.999914716489943,1.3147675317908352
BTCUSDT,1,64,1.5770622245567515e-06,0.9999162935521675,1.2376006823637877
BTCUSDT,1,65,1.5623555681639464e-06,0.9999178559077356,1.2318166367789363
BTCUSDT,1,66,1.54527834817285e-06,0.9999194011860838,1.2250659957619658
BTCUSDT,1,67,1.4777546044979852e-06,0.9999208789406883,1.198001291286983
BTCUSDT,1,68,1.4766955954735238e-06,0.9999223556362837,1.1975719501928266
BTCUSDT,1,69,1.433078810412076e-06,0.9999237887150941,1.179753196775788
BTCUSDT,1,70,1.40105899713415e-06,0.9999251897740913,1.1664989097674558
BTCUSDT,1,71,1.3887074562348264e-06,0.9999265784815475,1.1613456811625524
BTCUSDT,1,72,1.3651344270082782e-06,0.9999279436159745,1.1514466885556862
BTCUSDT,1,73,1.3501921278284115e-06,0.9999292938081024,1.1451276767609695
BTCUSDT,1,74,1.3483929667356508e-06,0.9999306422010691,1.144364468356737
BTCUSDT,1,75,1.2885613807787442e-06,0.9999319307624499,1.1186872313132756
BTCUSDT,1,76,1.2813590706813767e-06,0.9999332121215205,1.1155564442547576
BTCUSDT,1,77,1.2556935100192874e-06,0.9999344678150306,1.1043276608320611
BTCUSDT,1,78,1.2170160585369551e-06,0.9999356848310891,1.0871870732213287
BTCUSDT,1,79,1.2120911177770105e-06,0.9999368969222069,1.0849850645580217
BTCUSDT,1,80,1.1970015389634314e-06,0.9999380939237459,1.0782103091018913
BTCUSDT,1,81,1.1517910466307743e-06,0.9999392457147925,1.0576524376259815
BTCUSDT,1,82,1.1350977485240303e-06,0.9999403808125411,1.0499600059757161
BTCUSDT,1,83,1.1198962880710239e-06,0.9999415007088291,1.0429056688621856
BTCUSDT,1,84,1.1124588876866938e-06,0.9999426131677168,1.0394368530085982
BTCUSDT,1,85,1.0733299235555481e-06,0.9999436864976404,1.0209929521777006
BTCUSDT,1,86,1.049238850449645e-06,0.9999447357364909,1.0094697447013945
BTCUSDT,1,87,1.044860340700112e-06,0.9999457805968316,1.0073612667611724
BTCUSDT,1,88,1.0199410293544448e-06,0.9999468005378609,0.9952762868858431
BTCUSDT,1,89,1.0161492257425373e-06,0.9999478166870867,0.993424510083659
BTCUSDT,1,90,9.96694160228134e-07,0.9999488133812469,0.9838685592937938
BTCUSDT,1,91,9.792150012369746e-07,0.999949792596248,0.975203282870479
BTCUSDT,1,92,9.780779780395301e-07,0.9999507706742261,0.974636935938617
BTCUSDT,1,93,9.698575037773163e-07,0.9999517405317299,0.9705325169867105
BTCUSDT,1,94,9.439745792517216e-07,0.9999526845063091,0.957494471611145
BTCUSDT,1,95,9.390289126019996e-07,0.9999536235352218,0.9549829276748159
BTCUSDT,1,96,9.314417510261764e-07,0.9999545549769728,0.9511170696242554
BTCUSDT,1,97,9.083599295434339e-07,0.9999554633369023,0.939258447101765
BTCUSDT,1,98,9.060149328987481e-07,0.9999563693518352,0.9380452819297835
BTCUSDT,1,99,9.012025622541781e-07,0.9999572705543974,0.9355507137946908
BTCUSDT,1,100,8.976418431995919e-07,0.9999581681962406,0.9337006689781201
BTCUSDT,1,101,8.952659742320845e-07,0.9999590634622149,0.9324641957212052
BTCUSDT,1,102,8.770576271048931e-07,0.9999599405198419,0.9229330332723436
BTCUSDT,1,103,8.665934270544575e-07,0.999960807113269,0.9174107417633093
BTCUSDT,1,104,8.584400086105554e-07,0.9999616655532776,0.9130847736561157
BTCUSDT,1,105,8.564943027101806e-07,0.9999625220475803,0.9120494058693032
BTCUSDT,1,106,8.506473248865827e-07,0.9999633726949052,0.9089309583837751
BTCUSDT,1,107,8.390989897407831e-07,0.9999642117938949,0.9027400797727806
BTCUSDT,1,108,8.341918448481772e-07,0.9999650459857398,0.9000965466278095
BTCUSDT,1,109,8.229956564766428e-07,0.9999658689813963,0.8940357741921556
BTCUSDT,1,110,8.177249593301986e-07,0.9999666867063556,0.8911683467791948
BTCUSDT,1,111,8.097447533126337e-07,0.9999674964511089,0.886809214191675
BTCUSDT,1,112,7.979414989662446e-07,0.9999682943926078,0.8803221951808373
BTCUSDT,1,113,7.852493202095905e-07,0.999969079641928,0.8732928614056774
BTCUSDT,1,114,7.773355189596745e-07,0.999969856977447,0.8688811625865688
BTCUSDT,1,115,7.722677368025656e-07,0.9999706292451838,0.8660442275799464
BTCUSDT,1,116,7.678053202440357e-07,0.999971397050504,0.8635384585897545
BTCUSDT,1,117,7.562804600500118e-07,0.999972153330964,0.8570330408124599
BTCUSDT,1,118,7.40567745907632e-07,0.9999728938987099,0.8480833210053474
BTCUSDT,1,119,7.397107618250416e-07,0.9999736336094718,0.8475924784768768
BTCUSDT,1,120,7.318962082684972e-07,0.9999743655056802,0.8431034649673967
BTCUSDT,1,121,7.287779532538205e-07,0.9999750942836334,0.8413055202622507
BTCUSDT,1,122,6.949973046946548e-07,0.9999757892809381,0.8215758895548761
BTCUSDT,1,123,6.832898600089845e-07,0.9999764725707981,0.814626649674319
BTCUSDT,1,124,6.816198611744926e-07,0.9999771541906594,0.8136305440011188
BTCUSDT,1,125,6.730578558373002e-07,0.9999778272485151,0.8085042820245496
BTCUSDT,1,126,6.705030749199094e-07,0.9999784977515901,0.8069683701278602
BTCUSDT,1,127,6.573139268341404e-07,0.9999791550655169,0.7989922053767056
BTCUSDT,1,128,6.44947859032433e-07,0.9999798000133758,0.7914407875989025
BTCUSDT,1,129,6.157245388232081e-07,0.9999804157379149,0.7733023974496718
BTCUSDT,1,130,6.146364165725417e-07,0.9999810303743314,0.7726187966044995
BTCUSDT,1,131,5.965092792124034e-07,0.9999816268836106,0.7611403182366046
BTCUSDT,1,132,5.925977157184167e-07,0.9999822194813263,0.7586406542543392
BTCUSDT,1,133,5.889162246169813e-07,0.9999828083975509,0.756280469586389
BTCUSDT,1,134,5.875518607973634e-07,0.9999833959494118,0.7554039102501956
BTCUSDT,1,135,5.834741891718678e-07,0.9999839794236008,0.7527780551512054
BTCUSDT,1,136,5.807880773624082e-07,0.9999845602116783,0.751043292386657
BTCUSDT,1,137,5.685052922617801e-07,0.9999851287169705,0.7430591415809233
BTCUSDT,1,138,5.641589574342506e-07,0.999985692875928,0.7402132751658832
BTCUSDT,1,139,5.63514546410616e-07,0.9999862563904743,0.7397903997689895
BTCUSDT,1,140,5.566119486267749e-07,0.999986813002423,0.735245521850975
BTCUSDT,1,141,5.561207759498386e-07,0.999987369123199,0.7349210478471077
BTCUSDT,1,142,5.541624876088005e-07,0.9999879232856865,0.7336259546019127
BTCUSDT,1,143,5.518256793827475e-07,0.9999884751113659,0.7320775330673379
BTCUSDT,1,144,5.515641174138428e-07,0.9999890266754833,0.7319040123850007
BTCUSDT,1,145,5.495657953167562e-07,0.9999895762412786,0.7305769616802846
BTCUSDT,1,146,5.411996881461226e-07,0.9999901174409667,0.7249948046193292
BTCUSDT,1,147,5.372264765867004e-07,0.9999906546674433,0.7223286314917995
BTCUSDT,1,148,5.326294990735633e-07,0.9999911872969424,0.7192315555759752
BTCUSDT,1,149,5.191003254800948e-07,0.9999917063972679,0.7100383010154253
BTCUSDT,1,150,5.112001508159496e-07,0.9999922175974186,0.7046145585166805
BTCUSDT,1,151,5.048945171227578e-07,0.9999927224919358,0.7002553778342293
BTCUSDT,1,152,5.018964545538955e-07,0.9999932243883903,0.6981732248048328
BTCUSDT,1,153,4.907394469896e-07,0.9999937151278373,0.6903695219459469
BTCUSDT,1,154,4.834027212793006e-07,0.9999941985305586,0.6851894556458286
BTCUSDT,1,155,4.790069450933356e-07,0.9999946775375037,0.6820669887409947
BTCUSDT,1,156,4.736388675252792e-07,0.9999951511763712,0.6782343674951095
BTCUSDT,1,157,4.523086743840631e-07,0.9999956034850456,0.6627863932151874
BTCUSDT,1,158,4.433311243966991e-07,0.99999604681617,0.6561758412674679
BTCUSDT,1,159,4.368144754154852e-07,0.9999964836306454,0.6513353307163081
BTCUSDT,1,160,4.358330240045542e-07,0.9999969194636695,0.6506031967162588
BTCUSDT,1,161,4.3533426391403836e-07,0.9999973547979334,0.6502308203918246
BTCUSDT,1,162,4.3200087505929273e-07,0.9999977867988085,0.6477366022270051
BTCUSDT,1,163,4.034897209394234e-07,0.9999981902885294,0.6259971604521345
BTCUSDT,1,164,3.970644229848935e-07,0.9999985873529524,0.620992869619541
BTCUSDT,1,165,3.7061979149389094e-07,0.9999989579727439,0.5999574205368233
BTCUSDT,1,166,3.6909856118461365e-07,0.9999993270713051,0.5987248745550715
BTCUSDT,1,167,3.389551734515121e-07,0.9999996660264785,0.5737560248899318
BTCUSDT,1,168,3.3397352128345696e-07,0.9999999999999998,0.5695241484420688
BTCUSDT,2,1,0.9891068446081672,0.9891068446081672,1432.0857242476352
BTCUSDT,2,2,0.00623561260808356,0.9953424572162508,113.7069407551998
BTCUSDT,2,3,0.0016599648894013396,0.9970024221056522,58.66740287176983
BTCUSDT,2,4,0.0008842874248415995,0.9978867095304937,42.819750895613176
BTCUSDT,2,5,0.00047397454202388075,0.9983606840725177,31.34908863119738
BTCUSDT,2,6,0.0002773257609006312,0.9986380098334183,23.979632251016273
BTCUSDT,2,7,0.00023060238074352574,0.9988686122141619,21.866501548417578
BTCUSDT,2,8,0.00018664685792577787,0.9990552590720876,19.672418444292813
BTCUSDT,2,9,0.00010543529636733812,0.9991606943684549,14.785650065676371
BTCUSDT,2,10,7.993492817089095e-05,0.9992406292966258,12.874065264146482
BTCUSDT,2,11,7.467950827794497e-05,0.9993153088049038,12.44366001287221
BTCUSDT,2,12,6.402235052243338e-05,0.9993793311554262,11.521611294642895
BTCUSDT,2,13,4.98169648752433e-05,0.9994291481203015,10.163330395218026
BTCUSDT,2,14,3.337224915038975e-05,0.9994625203694518,8.318406712488311
BTCUSDT,2,15,2.910332791212995e-05,0.999491623697364,7.768170304477971
BTCUSDT,2,16,2.7492301327004585e-05,0.9995191159986908,7.550104445654091
BTCUSDT,2,17,2.6815438542180736e-05,0.999545931437233,7.456583127540117
BTCUSDT,2,18,2.6277853433247892e-05,0.9995722092906663,7.381461431741583
BTCUSDT,2,19,2.0349584284501384e-05,0.9995925588749508,6.4956883878619935
BTCUSDT,2,20,1.998234575339054e-05,0.9996125412207042,6.436809356850813
BTCUSDT,2,21,1.798152711875254e-05,0.9996305227478229,6.106054805972527
BTCUSDT,2,22,1.5327275373520032e-05,0.9996458500231965,5.637413510367798
BTCUSDT,2,23,1.5024784350955017e-05,0.9996608748075475,5.581507794601188
BTCUSDT,2,24,1.4195183915730414e-05,0.9996750699914633,5.4252271160915235
BTCUSDT,2,25,1.3787157986288982e-05,0.9996888571494496,5.3466873341929055
BTCUSDT,2,26,1.2742707400519058e-05,0.99970159985685,5.1401792882982855
BTCUSDT,2,27,1.1266264044930684e-05,0.9997128661208949,4.833229022252703
BTCUSDT,2,28,1.0538799264022728e-05,0.999723404920159,4.674584106290476
BTCUSDT,2,29,9.960922428049052e-06,0.999733365842587,4.544615976512525
BTCUSDT,2,30,8.829096134761752e-06,0.9997421949387217,4.2786379088675615
BTCUSDT,2,31,8.623858656477033e-06,0.9997508187973783,4.228615787042405
BTCUSDT,2,32,8.371457839825422e-06,0.9997591902552181,4.166275253356777
BTCUSDT,2,33,8.146470754215892e-06,0.9997673367259723,4.109908595595951
BTCUSDT,2,34,8.123269438325368e-06,0.9997754599954106,4.104051870592327
BTCUSDT,2,35,7.82224045242813e-06,0.9997832822358631,4.027290826291272
BTCUSDT,2,36,7.68529726471328e-06,0.9997909675331278,3.991882478894307
BTCUSDT,2,37,7.4602412632098325e-06,0.999798427774391,3.9329991111936478
BTCUSDT,2,38,6.549248247217884e-06,0.9998049770226382,3.6850479065655874
BTCUSDT,2,39,5.481934118289315e-06,0.9998104589567565,3.37143132648015
BTCUSDT,2,40,5.474437607163258e-06,0.9998159333943636,3.3691253320703747
BTCUSDT,2,41,5.366811400242718e-06,0.9998213002057639,3.335842816845793
BTCUSDT,2,42,5.106228471822777e-06,0.9998264064342357,3.2538500368443195
BTCUSDT,2,43,4.6268539293427914e-06,0.999831033288165,3.0973501644017256
BTCUSDT,2,44,4.358028583360648e-06,0.9998353913167484,3.0060240375520357
BTCUSDT,2,45,4.298303705217356e-06,0.9998396896204536,2.9853548545198385
BTCUSDT,2,46,4.034970821321357e-06,0.9998437245912749,2.892461660816562
BTCUSDT,2,47,3.914231013593813e-06,0.9998476388222886,2.8488569252460154
BTCUSDT,2,48,3.6938878715134647e-06,0.9998513327101601,2.767510428258009
BTCUSDT,2,49,3.5948310806101407e-06,0.9998549275412407,2.7301509249632314
BTCUSDT,2,50,3.4726352422162002e-06,0.999858400176483,2.68334797944371
BTCUSDT,2,51,3.3356140198629987e-06,0.9998617357905029,2.629876214419428
BTCUSDT,2,52,3.289926684424888e-06,0.9998650257171873,2.611803634154164
BTCUSDT,2,53,3.0431841978727037e-06,0.9998680689013851,2.5119531313669747
BTCUSDT,2,54,3.0352804482062e-06,0.9998711041818333,2.508688991687858
BTCUSDT,2,55,2.963916017352975e-06,0.9998740680978507,2.479021873577689
BTCUSDT,2,56,2.924806833442968e-06,0.999876992904684,2.462612084280293
BTCUSDT,2,57,2.768278193121366e-06,0.9998797611828771,2.3958094726410657
BTCUSDT,2,58,2.5216724947357793e-06,0.9998822828553718,2.2866081789945727
BTCUSDT,2,59,2.449073817450144e-06,0.9998847319291893,2.2534521963500604
BTCUSDT,2,60,2.3516366262769177e-06,0.9998870835658156,2.2081700732900167
BTCUSDT,2,61,2.321286137208267e-06,0.9998894048519528,2.1938743512132386
BTCUSDT,2,62,2.258294141136308e-06,0.9998916631460939,2.163902386131114
BTCUSDT,2,63,2.24392449870724e-06,0.9998939070705926,2.1570068881187012
BTCUSDT,2,64,2.1157625130571895e-06,0.9998960228331059,2.0945024414579976
BTCUSDT,2,65,2.049892106916624e-06,0.9998980727252128,2.061640387758961
BTCUSDT,2,66,2.047175340727659e-06,0.9999001199005535,2.0602737665863273
BTCUSDT,2,67,2.0028093010252766e-06,0.9999021227098546,2.0378265289436857
BTCUSDT,2,68,1.8482358990991239e-06,0.9999039709457537,1.9576097196332258
BTCUSDT,2,69,1.8441729506102277e-06,0.9999058151187042,1.9554568441876912
BTCUSDT,2,70,1.7978053383124152e-06,0.9999076129240425,1.9307175519883562
BTCUSDT,2,71,1.7616668208820194e-06,0.9999093745908634,1.9112139178435135
BTCUSDT,2,72,1.7483909825771271e-06,0.9999111229818459,1.903998890012923
BTCUSDT,2,73,1.6822105730409764e-06,0.999912805192419,1.8676160220814273
BTCUSDT,2,74,1.6252824962059946e-06,0.9999144304749152,1.8357428315135265
BTCUSDT,2,75,1.6106385769533875e-06,0.9999160411134922,1.8274540271140793
BTCUSDT,2,76,1.549270275617029e-06,0.9999175903837678,1.7923012438202974
BTCUSDT,2,77,1.5140661170367613e-06,0.9999191044498849,1.7718209488451642
BTCUSDT,2,78,1.500659391287203e-06,0.9999206051092762,1.7639589617734315
BTCUSDT,2,79,1.4950634622785717e-06,0.9999221001727384,1.7606670060639749
BTCUSDT,2,80,1.4894133902228279e-06,0.9999235895861286,1.7573369427738856
BTCUSDT,2,81,1.4118604984820181e-06,0.9999250014466271,1.710973588849499
BTCUSDT,2,82,1.3792885151666283e-06,0.9999263807351423,1.6911221267263163
BTCUSDT,2,83,1.3327749577272372e-06,0.9999277135101,1.6623628462971882
BTCUSDT,2,84,1.3238816090243059e-06,0.999929037391709,1.6568072505638982
BTCUSDT,2,85,1.3061368172638083e-06,0.9999303435285263,1.6456661935448968
BTCUSDT,2,86,1.3031159478908773e-06,0.9999316466444742,1.6437620207469297
BTCUSDT,2,87,1.2954160229537799e-06,0.9999329420604972,1.63889844874222
BTCUSDT,2,88,1.2779485297288977e-06,0.9999342200090269,1.6278114284700067
BTCUSDT,2,89,1.2710087108828407e-06,0.9999354910177377,1.623385548054526
BTCUSDT,2,90,1.2395078169378066e-06,0.9999367305255547,1.6031422020758481
BTCUSDT,2,91,1.1783679431702397e-06,0.9999379088934979,1.5631039894946193
BTCUSDT,2,92,1.1748375044893287e-06,0.9999390837310024,1.560760671181981
BTCUSDT,2,93,1.1721609983054902e-06,0.9999402558920006,1.5589818006963747
BTCUSDT,2,94,1.1360933399814872e-06,0.9999413919853406,1.5348092885908193
BTCUSDT,2,95,1.130942152413143e-06,0.999942522927493,1.5313258280241824
BTCUSDT,2,96,1.1281605983641126e-06,0.9999436510880914,1.529441519523274
BTCUSDT,2,97,1.1103272170973657e-06,0.9999447614153084,1.5173050551071916
BTCUSDT,2,98,1.093874457900735e-06,0.9999458552897663,1.5060214334401183
BTCUSDT,2,99,1.070706002328569e-06,0.9999469259957686,1.489987176040179
BTCUSDT,2,100,1.0479644065578091e-06,0.9999479739601752,1.4740787246832276
BTCUSDT,2,101,1.0441435809737758e-06,0.9999490181037561,1.4713890623596342
BTCUSDT,2,102,1.0432795971014922e-06,0.9999500613833532,1.4707801808182193
BTCUSDT,2,103,1.0300516491964764e-06,0.9999510914350024,1.4614262801579596
BTCUSDT,2,104,1.0212622961932494e-06,0.9999521126972986,1.455177802062577
BTCUSDT,2,105,1.0197649722018826e-06,0.9999531324622708,1.4541106561062775
BTCUSDT,2,106,1.0133346602267686e-06,0.999954145796931,1.449518827492474
BTCUSDT,2,107,1.004530672119679e-06,0.9999551503276031,1.4432082834056155
BTCUSDT,2,108,9.86053406305705e-07,0.9999561363810093,1.429873543927925
BTCUSDT,2,109,9.826857444005503e-07,0.9999571190667538,1.4274297365691209
BTCUSDT,2,110,9.73591319469828e-07,0.9999580926580732,1.4208091929962425
BTCUSDT,2,111,9.720526447561827e-07,0.9999590647107179,1.419686017605857
BTCUSDT,2,112,9.644798479169425e-07,0.999960029190566,1.414145157875412
BTCUSDT,2,113,9.602939661050917e-07,0.9999609894845322,1.4110730972505998
BTCUSDT,2,114,9.580857394632224e-07,0.9999619475702716,1.4094497596595834
BTCUSDT,2,115,9.331958464923043e-07,0.9999628807661181,1.391021397062083
BTCUSDT,2,116,9.25648086647728e-07,0.9999638064142047,1.3853846322044479
BTCUSDT,2,117,9.149328928042356e-07,0.9999647213470975,1.3773427664101268
BTCUSDT,2,118,8.949519353406697e-07,0.9999656162990328,1.362220048319553
BTCUSDT,2,119,8.813254201429231e-07,0.9999664976244529,1.3518097056715737
BTCUSDT,2,120,8.676001877613856e-07,0.9999673652246408,1.3412422655564407
BTCUSDT,2,121,8.55890240631674e-07,0.9999682211148815,1.3321601836037549
BTCUSDT,2,122,8.485401473143161e-07,0.9999690696550289,1.3264277815583305
BTCUSDT,2,123,8.363216407775956e-07,0.9999699059766697,1.3168432419996512
BTCUSDT,2,124,8.286142244738457e-07,0.9999707345908941,1.310761280867208
BTCUSDT,2,125,8.228542099697127e-07,0.9999715574451041,1.3061975343672036
BTCUSDT,2,126,8.174777239176621e-07,0.9999723749228281,1.301923227968309
BTCUSDT,2,127,7.922042655034371e-07,0.9999731671270936,1.2816398431438125
BTCUSDT,2,128,7.891742695162541e-07,0.999973956301363,1.2791865087523773
BTCUSDT,2,129,7.854787057803585e-07,0.9999747417800688,1.2761878918766314
BTCUSDT,2,130,7.554413047240579e-07,0.9999754972213736,1.2515487629045572
BTCUSDT,2,131,7.544288090791321e-07,0.9999762516501827,1.2507097747910914
BTCUSDT,2,132,7.482926586076279e-07,0.9999769999428413,1.2456130630119209
BTCUSDT,2,133,7.368811249395255e-07,0.9999777368239662,1.2360787150471486
BTCUSDT,2,134,7.310385740537522e-07,0.9999784678625402,1.2311686795899246
BTCUSDT,2,135,7.272042177121355e-07,0.9999791950667579,1.227935645072874
BTCUSDT,2,136,7.214509099828039e-07,0.9999799165176679,1.2230685663564844
BTCUSDT,2,137,7.171221332464377e-07,0.9999806336398012,1.2193937796760435
BTCUSDT,2,138,7.143525268759254e-07,0.9999813479923281,1.2170367837358287
BTCUSDT,2,139,7.103574935354702e-07,0.9999820583498216,1.2136288588840014
BTCUSDT,2,140,7.09218948070386e-07,0.9999827675687697,1.2126558799553284
BTCUSDT,2,141,6.96947285195521e-07,0.9999834645160548,1.202118767082673
BTCUSDT,2,142,6.961704133489201e-07,0.9999841606864682,1.201448592566823
BTCUSDT,2,143,6.922427446057483e-07,0.9999848529292128,1.1980546198981321
BTCUSDT,2,144,6.89586478108291e-07,0.9999855425156908,1.1957538294116001
BTCUSDT,2,145,6.682636113327231e-07,0.9999862107793022,1.1771215716736756
BTCUSDT,2,146,6.672792067091589e-07,0.9999868780585088,1.1762542560290046
BTCUSDT,2,147,6.570696499089416e-07,0.9999875351281587,1.1672210621907042
BTCUSDT,2,148,6.555154283958436e-07,0.9999881906435871,1.1658397823457276
BTCUSDT,2,149,6.445061547496508e-07,0.9999888351497419,1.1560082844005026
BTCUSDT,2,150,6.368108013865969e-07,0.9999894719605433,1.1490862356672145
BTCUSDT,2,151,6.284742561606878e-07,0.9999901004347994,1.141540063809377
BTCUSDT,2,152,6.254161241609591e-07,0.9999907258509236,1.138759331526327
BTCUSDT,2,153,6.217552405416824e-07,0.9999913476061641,1.1354215666582153
BTCUSDT,2,154,6.178884555675041e-07,0.9999919654946198,1.131885385331561
BTCUSDT,2,155,6.069194724710144e-07,0.9999925724140922,1.1217935735739712
BTCUSDT,2,156,6.053987281884833e-07,0.9999931778128204,1.1203872657946363
BTCUSDT,2,157,6.046249556136055e-07,0.999993782437776,1.1196710418541533
BTCUSDT,2,158,5.984635991920105e-07,0.9999943809013752,1.1139514982826992
BTCUSDT,2,159,5.954486337727245e-07,0.999994976350009,1.111141999200759
BTCUSDT,2,160,5.915595943195929e-07,0.9999955679096033,1.1075074673335286
BTCUSDT,2,161,5.762291193008878e-07,0.9999961441387226,1.0930625438597477
BTCUSDT,2,162,5.753674088012775e-07,0.9999967195061314,1.0922449386394348
BTCUSDT,2,163,5.65474436048357e-07,0.9999972849805675,1.0828140940489661
BTCUSDT,2,164,5.585329194177692e-07,0.9999978435134869,1.0761474959150772
BTCUSDT,2,165,5.470521249730781e-07,0.9999983905656119,1.0650298168775276
BTCUSDT,2,166,5.453607114178019e-07,0.9999989359263233,1.0633820758567971
BTCUSDT,2,167,5.327170226726941e-07,0.999999468643346,1.0509830193503769
BTCUSDT,2,168,5.313566542400518e-07,1.0000000000000002,1.0496402444999724
BTCUSDT,3,1,0.9911157281357666,0.9911157281357666,1801.1748960874231
BTCUSDT,3,2,0.005215991229134646,0.9963317193649013,130.66585890056044
BTCUSDT,3,3,0.0013157373722013286,0.9976474567371026,65.62635849470144
BTCUSDT,3,4,0.0006776391141279582,0.9983250958512306,47.096966398531585
BTCUSDT,3,5,0.000367342249916552,0.9986924381011472,34.676011805841334
BTCUSDT,3,6,0.00022460448209843677,0.9989170425832457,27.114581805858588
BTCUSDT,3,7,0.00018459656966358,0.9991016391529093,24.581337771541886
BTCUSDT,3,8,0.0001470485780942412,0.9992486877310033,21.939368159972528
BTCUSDT,3,9,8.690348737658826e-05,0.9993355912183799,16.866008065681534
BTCUSDT,3,10,6.641619835165019e-05,0.9994020074167316,14.74452234081649
BTCUSDT,3,11,5.91539519273322e-05,0.9994611613686589,13.915076021752789
BTCUSDT,3,12,4.9596780901527704e-05,0.9995107581495605,12.74149669726211
BTCUSDT,3,13,3.8971713087243716e-05,0.9995497298626477,11.294537445554456
BTCUSDT,3,14,2.6209963322455435e-05,0.9995759398259702,9.26247199525878
BTCUSDT,3,15,2.310853802428256e-05,0.9995990483639944,8.697209599483061
BTCUSDT,3,16,2.1990086265851895e-05,0.9996210384502604,8.484127135719273
BTCUSDT,3,17,2.132276664135324e-05,0.9996423612169018,8.354404103246454
BTCUSDT,3,18,2.0997336314137572e-05,0.9996633585532159,8.290406077213722
BTCUSDT,3,19,1.6151554452447067e-05,0.9996795101076683,7.271112501388516
BTCUSDT,3,20,1.5651864383480465e-05,0.9996951619720518,7.1577535238941525
BTCUSDT,3,21,1.4038948114828374e-05,0.9997092009201666,6.778927446996689
BTCUSDT,3,22,1.184438967881427e-05,0.9997210453098454,6.226586775139238
BTCUSDT,3,23,1.1757926338887673e-05,0.9997328032361843,6.203818290391576
BTCUSDT,3,24,1.1329949444988656e-05,0.9997441331856293,6.089865308664443
BTCUSDT,3,25,1.0888174552448479e-05,0.9997550213601817,5.969957489013151
BTCUSDT,3,26,9.79891469295225e-06,0.9997648202748747,5.6634711133206
BTCUSDT,3,27,8.797882974206945e-06,0.9997736181578489,5.366396921032515
BTCUSDT,3,28,8.396172409846308e-06,0.9997820143302588,5.242450944283486
BTCUSDT,3,29,7.801807610243467e-06,0.9997898161378691,5.053488940553965
BTCUSDT,3,30,6.887555958574394e-06,0.9997967036938277,4.748170128573011
BTCUSDT,3,31,6.74301181954672e-06,0.9998034467056472,4.69808274778809
BTCUSDT,3,32,6.565121490988042e-06,0.999810011827138,4.635697461861486
BTCUSDT,3,33,6.340734182870408e-06,0.9998163525613208,4.555787669503473
BTCUSDT,3,34,6.334866606202689e-06,0.999822687427927,4.553679268512718
BTCUSDT,3,35,6.162932096168457e-06,0.9998288503600232,4.491458514288354
BTCUSDT,3,36,6.1405919857786115e-06,0.999834990952009,4.483310544023572
BTCUSDT,3,37,5.913697410120551e-06,0.9998409046494191,4.3997018872778755
BTCUSDT,3,38,5.0774998223254975e-06,0.9998459821492415,4.076792991852285
BTCUSDT,3,39,4.276441297383531e-06,0.9998502585905389,3.7414070369342425
BTCUSDT,3,40,4.244615703853126e-06,0.9998545032062427,3.7274591236941648
BTCUSDT,3,41,4.173627607077822e-06,0.9998586768338498,3.6961581851672833
BTCUSDT,3,42,4.007892304113359e-06,0.9998626847261539,3.622027329240062
BTCUSDT,3,43,3.5865542588441356e-06,0.9998662712804127,3.4263553660012565
BTCUSDT,3,44,3.4085972935970575e-06,0.9998696798777064,3.3402698130987503
BTCUSDT,3,45,3.365166313572505e-06,0.99987304504402,3.318921402536166
BTCUSDT,3,46,3.0885200343541417e-06,0.9998761335640544,3.1795738221799184
BTCUSDT,3,47,2.9779187378508874e-06,0.9998791114827922,3.1221238187541753
BTCUSDT,3,48,2.940677146896277e-06,0.9998820521599391,3.102539893871042
BTCUSDT,3,49,2.921972942448819e-06,0.9998849741328816,3.092657287219685
BTCUSDT,3,50,2.7737457123886886e-06,0.9998877478785939,3.0131935094365305
BTCUSDT,3,51,2.716525299830227e-06,0.9998904644038937,2.9819515190958206
BTCUSDT,3,52,2.648620070219795e-06,0.999893113023964,2.9444455945544807
BTCUSDT,3,53,2.396687370488713e-06,0.9998955097113345,2.8009115534177695
BTCUSDT,3,54,2.3817326116654835e-06,0.9998978914439461,2.792159368402162
BTCUSDT,3,55,2.325956889364038e-06,0.9999002174008355,2.7592721136991853
BTCUSDT,3,56,2.2931236317327813e-06,0.9999025105244672,2.739727924673267
BTCUSDT,3,57,2.1843629917534476e-06,0.9999046948874589,2.6739673882196944
BTCUSDT,3,58,2.043936105409515e-06,0.9999067388235643,2.586588599114715
BTCUSDT,3,59,1.986160482216966e-06,0.9999087249840465,2.549769193548031
BTCUSDT,3,60,1.8822254490548389e-06,0.9999106072094955,2.4821585664692307
BTCUSDT,3,61,1.8647720427743513e-06,0.9999124719815383,2.470623545762849
BTCUSDT,3,62,1.853339118371765e-06,0.9999143253206567,2.463038200320026
BTCUSDT,3,63,1.8490045727874703e-06,0.9999161743252295,2.460156266613992
BTCUSDT,3,64,1.6627484443428018e-06,0.9999178370736739,2.3329583013523023
BTCUSDT,3,65,1.6063360835867627e-06,0.9999194434097575,2.293041468974678
BTCUSDT,3,66,1.6052249005876403e-06,0.999921048634658,2.2922482260419192
BTCUSDT,3,67,1.5816565376613833e-06,0.9999226302911957,2.275358284887339
BTCUSDT,3,68,1.5092219440952428e-06,0.9999241395131397,2.2226457883050736
BTCUSDT,3,69,1.4494700524024184e-06,0.9999255889831922,2.1782028638695388
BTCUSDT,3,70,1.4390176245653408e-06,0.9999270280008168,2.1703349185554797
BTCUSDT,3,71,1.411586795831928e-06,0.9999284395876126,2.1495497197874247
BTCUSDT,3,72,1.3873786641791048e-06,0.9999298269662767,2.131038063949452
BTCUSDT,3,73,1.3541479313953293e-06,0.9999311811142081,2.1053618866151025
BTCUSDT,3,74,1.284495367273125e-06,0.9999324656095754,2.050500938707301
BTCUSDT,3,75,1.2621013496829064e-06,0.999933727710925,2.0325480297235905
BTCUSDT,3,76,1.2207859939971604e-06,0.999934948496919,1.9990031124495102
BTCUSDT,3,77,1.1867566498077757e-06,0.9999361352535688,1.9709451496415586
BTCUSDT,3,78,1.1716454621530268e-06,0.999937306899031,1.958356747635896
BTCUSDT,3,79,1.140153200773351e-06,0.9999384470522318,1.931858471506082
BTCUSDT,3,80,1.1192691604587827e-06,0.9999395663213924,1.9140838994567755
BTCUSDT,3,81,1.1182046226937562e-06,0.999940684526015,1.9131734395811952
BTCUSDT,3,82,1.1043858398734222e-06,0.9999417889118549,1.9013151822587828
BTCUSDT,3,83,1.0788201756867332e-06,0.9999428677320306,1.879179349321796
BTCUSDT,3,84,1.060732694527979e-06,0.9999439284647251,1.863359615799045
BTCUSDT,3,85,1.0409261991481701e-06,0.9999449693909243,1.8458808788180487
BTCUSDT,3,86,1.0339713419425758e-06,0.9999460033622662,1.8397039982662247
BTCUSDT,3,87,1.0020292618933752e-06,0.9999470053915281,1.8110644404070013
BTCUSDT,3,88,9.92778554060774e-07,0.9999479981700821,1.8026852066708088
BTCUSDT,3,89,9.904956995727872e-07,0.9999489886657816,1.8006114126484916
BTCUSDT,3,90,9.669526173642322e-07,0.999949955618399,1.779083361130036
BTCUSDT,3,91,9.43343703778323e-07,0.9999508989621028,1.7572302824906094
BTCUSDT,3,92,9.417039410426397e-07,0.9999518406660438,1.7557023696122762
BTCUSDT,3,93,9.27019978893374e-07,0.9999527676860227,1.7419602811635588
BTCUSDT,3,94,9.003556949670837e-07,0.9999536680417177,1.7167251092134965
BTCUSDT,3,95,8.909190509001077e-07,0.9999545589607686,1.7077048984938616
BTCUSDT,3,96,8.812515809854868e-07,0.9999554402123495,1.6984143708349746
BTCUSDT,3,97,8.761292654012615e-07,0.9999563163416149,1.6934711210968822
BTCUSDT,3,98,8.747797847400831e-07,0.9999571911213996,1.6921664122500268
BTCUSDT,3,99,8.450688732555579e-07,0.9999580361902728,1.6631819153820468
BTCUSDT,3,100,8.333323628776134e-07,0.9999588695226357,1.6515922085659172
BTCUSDT,3,101,8.24166758812234e-07,0.9999596936893945,1.6424843809367529
BTCUSDT,3,102,8.121148488643479e-07,0.9999605058042433,1.6304310105508464
BTCUSDT,3,103,7.980955383103154e-07,0.9999613038997817,1.6162969104399145
BTCUSDT,3,104,7.94950687406065e-07,0.9999620988504692,1.6131093033314632
BTCUSDT,3,105,7.942534132348209e-07,0.9999628931038824,1.6124016957887681
BTCUSDT,3,106,7.837256071753742e-07,0.9999636768294896,1.6016798789628457
BTCUSDT,3,107,7.827719684314381e-07,0.9999644596014581,1.600705118855514
BTCUSDT,3,108,7.796271939080578e-07,0.999965239228652,1.5974864786111869
BTCUSDT,3,109,7.770299212780882e-07,0.9999660162585733,1.594823302337478
BTCUSDT,3,110,7.681355497585638e-07,0.999966784394123,1.5856693579215377
BTCUSDT,3,111,7.61309251525675e-07,0.9999675457033745,1.5786078388029143
BTCUSDT,3,112,7.547020427257586e-07,0.9999683004054172,1.571742743860692
BTCUSDT,3,113,7.498077637618677e-07,0.9999690502131809,1.5666380407786875
BTCUSDT,3,114,7.482951690557072e-07,0.99996979850835,1.5650570457373343
BTCUSDT,3,115,7.441244871620974e-07,0.9999705426328371,1.5606894672937142
BTCUSDT,3,116,7.368271548136675e-07,0.999971279459992,1.5530180835320087
BTCUSDT,3,117,7.143711381236567e-07,0.9999719938311301,1.5291695847334332
BTCUSDT,3,118,7.102529673728569e-07,0.9999727040840974,1.5247555742272854
BTCUSDT,3,119,7.021989876128592e-07,0.9999734062830851,1.51608587241654
BTCUSDT,3,120,6.914897097645689e-07,0.9999740977727949,1.5044804966661676
BTCUSDT,3,121,6.885474732783746e-07,0.9999747863202681,1.5012763592529461
BTCUSDT,3,122,6.779685386829136e-07,0.9999754642888068,1.489698812946175
BTCUSDT,3,123,6.638650586933628e-07,0.9999761281538655,1.4741226078592264
BTCUSDT,3,124,6.616883001025912e-07,0.9999767898421656,1.471703860491441
BTCUSDT,3,125,6.481926832080033e-07,0.9999774380348488,1.4566183056164554
BTCUSDT,3,126,6.352782072266593e-07,0.9999780733130561,1.4420345970376398
BTCUSDT,3,127,6.269421460090783e-07,0.9999787002552021,1.4325422331775304
BTCUSDT,3,128,6.193632693720071e-07,0.9999793196184714,1.42385716348046
BTCUSDT,3,129,6.135551764561849e-07,0.9999799331736481,1.4171653120776508
BTCUSDT,3,130,5.984367391880335e-07,0.9999805316103872,1.3995964274122232
BTCUSDT,3,131,5.975390870060221e-07,0.9999811291494742,1.3985463395847326
BTCUSDT,3,132,5.880301849714514e-07,0.9999817171796592,1.3873738720436066
BTCUSDT,3,133,5.869651941393398e-07,0.9999823041448533,1.386116955223703
BTCUSDT,3,134,5.86813878675404e-07,0.999982890958732,1.3859382781476028
BTCUSDT,3,135,5.860768030046595e-07,0.999983477035535,1.385067591201522
BTCUSDT,3,136,5.770769535717162e-07,0.9999840541124886,1.3743918353401767
BTCUSDT,3,137,5.610566901582295e-07,0.9999846151691788,1.35518028194599
BTCUSDT,3,138,5.59436139853026e-07,0.9999851746053187,1.3532217223406469
BTCUSDT,3,139,5.522249518202689e-07,0.9999857268302704,1.3444718522500596
BTCUSDT,3,140,5.482450627721912e-07,0.9999862750753332,1.339618282539084
BTCUSDT,3,141,5.46899895748958e-07,0.9999868219752289,1.3379738381425144
BTCUSDT,3,142,5.464164599717522e-07,0.9999873683916889,1.3373823519932713
BTCUSDT,3,143,5.423119998488207e-07,0.9999879107036888,1.3323499453406156
BTCUSDT,3,144,5.410785001612229e-07,0.9999884517821889,1.3308338542131137
BTCUSDT,3,145,5.375368611389776e-07,0.99998898931905,1.3264712051185081
BTCUSDT,3,146,5.3401202987805e-07,0.9999895233310799,1.3221149668406973
BTCUSDT,3,147,5.273275770989787e-07,0.999990050658657,1.3138141748546521
BTCUSDT,3,148,5.225825948333297e-07,0.9999905732412518,1.3078898572353386
BTCUSDT,3,149,5.130299947279512e-07,0.9999910862712466,1.295880873422761
BTCUSDT,3,150,5.122285641267276e-07,0.9999915984998107,1.294868296661396
BTCUSDT,3,151,5.044004557775551e-07,0.9999921029002665,1.284935821238609
BTCUSDT,3,152,4.960053674256225e-07,0.999992598905634,1.274197912907841
BTCUSDT,3,153,4.868661251111725e-07,0.999993085771759,1.26240434478019
BTCUSDT,3,154,4.848208814183625e-07,0.9999935705926405,1.259749978764557
BTCUSDT,3,155,4.828954255550359e-07,0.999994053488066,1.2572459549405615
BTCUSDT,3,156,4.796564617714706e-07,0.9999945331445278,1.2530224468037652
BTCUSDT,3,157,4.7509930233406246e-07,0.9999950082438301,1.2470558317580305
BTCUSDT,3,158,4.7332801908490116e-07,0.9999954815718491,1.2447290005486473
BTCUSDT,3,159,4.706047145588462e-07,0.9999959521765638,1.2411430455116945
BTCUSDT,3,160,4.667100859394051e-07,0.9999964188866498,1.235996652433365
BTCUSDT,3,161,4.649159342906138e-07,0.999996883802584,1.2336186228752695
BTCUSDT,3,162,4.6417622160401085e-07,0.9999973479788057,1.2326368468819462
BTCUSDT,3,163,4.579735993530797e-07,0.9999978059524051,1.2243735044689699
BTCUSDT,3,164,4.5395933523754456e-07,0.9999982599117403,1.218995709403883
BTCUSDT,3,165,4.4037911548875526e-07,0.9999987002908557,1.2006241057378146
BTCUSDT,3,166,4.386658088033619e-07,0.9999991389566646,1.1982862996570347
BTCUSDT,3,167,4.3161259566912366e-07,0.9999995705692603,1.1886137676953306
BTCUSDT,3,168,4.2943073988979316e-07,1.0,1.1856056654934377
BTCUSDT,4,1,0.9908446024349022,0.9908446024349022,2097.638487250647
BTCUSDT,4,2,0.005427347129095291,0.9962719495639976,155.24644665642805
BTCUSDT,4,3,0.0013459534707169227,0.9976179030347145,77.31128507123236
BTCUSDT,4,4,0.0006882197530782842,0.9983061227877928,55.282978747204595
BTCUSDT,4,5,0.000374834894403411,0.9986809576821962,40.7988456737759
BTCUSDT,4,6,0.00022839001779224118,0.9989093476999885,31.846846016062397
BTCUSDT,4,7,0.00018534627102410292,0.9990946939710126,28.689289656118355
BTCUSDT,4,8,0.00014661421837947565,0.9992413081893919,25.516195064769096
BTCUSDT,4,9,8.778185532066545e-05,0.9993290900447126,19.743777433006926
BTCUSDT,4,10,6.723880774742453e-05,0.99939632885246,17.27976655141872
BTCUSDT,4,11,5.9671666966737324e-05,0.9994560005194267,16.278408922635442
BTCUSDT,4,12,4.9931915314363136e-05,0.9995059324347411,14.890764028107034
BTCUSDT,4,13,3.903645326629942e-05,0.9995449688880074,13.166278731046207
BTCUSDT,4,14,2.6315410714092162e-05,0.9995712842987214,10.810180490451609
BTCUSDT,4,15,2.31559839067468e-05,0.9995944402826282,10.140502778362743
BTCUSDT,4,16,2.216161987340232e-05,0.9996166019025018,9.920387113570326
BTCUSDT,4,17,2.1851094085705696e-05,0.9996384529965875,9.850640332208519
BTCUSDT,4,18,2.139395660928429e-05,0.9996598469531968,9.74705516804638
BTCUSDT,4,19,1.6313860699869044e-05,0.9996761608138967,8.511502747445913
BTCUSDT,4,20,1.590508449865494e-05,0.9996920658983953,8.404189940553165
BTCUSDT,4,21,1.4391669820733235e-05,0.9997064575682161,7.994355596694598
BTCUSDT,4,22,1.2118991534788894e-05,0.9997185765597508,7.336030189698283
BTCUSDT,4,23,1.2052771791289904e-05,0.9997306293315421,7.315960225120141
BTCUSDT,4,24,1.159619385325934e-05,0.9997422255253953,7.176052415966479
BTCUSDT,4,25,1.1004626063035429e-05,0.9997532301514583,6.990617080177418
BTCUSDT,4,26,9.921703073206401e-06,0.9997631518545316,6.637751380710408
BTCUSDT,4,27,8.929213347165508e-06,0.9997720810678787,6.297011243133141
BTCUSDT,4,28,8.475373534781012e-06,0.9997805564414135,6.134897242198732
BTCUSDT,4,29,7.883355533599413e-06,0.9997884397969471,5.916752807554024
BTCUSDT,4,30,6.961350602426576e-06,0.9997954011475495,5.55999783449798
BTCUSDT,4,31,6.822345514797822e-06,0.9998022234930642,5.504206565052348
BTCUSDT,4,32,6.6531515304821085e-06,0.9998088766445947,5.435525985595071
BTCUSDT,4,33,6.388625689808509e-06,0.9998152652702845,5.326373175084808
BTCUSDT,4,34,6.377522281357926e-06,0.9998216427925659,5.3217425535069385
BTCUSDT,4,35,6.165031715714042e-06,0.9998278078242816,5.232334813576713
BTCUSDT,4,36,6.160225840796645e-06,0.9998339680501224,5.230295014735085
BTCUSDT,4,37,5.957154153531475e-06,0.9998399252042759,5.1433643235114115
BTCUSDT,4,38,5.092907807500093e-06,0.9998450181120834,4.7556597637666655
BTCUSDT,4,39,4.274497039825026e-06,0.9998492926091233,4.356827639765058
BTCUSDT,4,40,4.1981360433220005e-06,0.9998534907451667,4.317736379813609
BTCUSDT,4,41,4.13401269833561e-06,0.9998576247578651,4.284634416850251
BTCUSDT,4,42,3.992241202557665e-06,0.9998616169990676,4.210525046453323
BTCUSDT,4,43,3.582947690468078e-06,0.999865199946758,3.9888536522113704
BTCUSDT,4,44,3.386077717176672e-06,0.9998685860244753,3.877718956562739
BTCUSDT,4,45,3.3654485335805426e-06,0.9998719514730089,3.8658886925009375
BTCUSDT,4,46,3.0856983465691084e-06,0.9998750371713555,3.7017288418165775
BTCUSDT,4,47,2.9598411176437137e-06,0.9998779970124732,3.6254512386914857
BTCUSDT,4,48,2.943329858931801e-06,0.999880940342332,3.615324938518287
BTCUSDT,4,49,2.926003169312127e-06,0.9998838663455013,3.6046679483835713
BTCUSDT,4,50,2.791773294398097e-06,0.9998866581187957,3.5210155504425984
BTCUSDT,4,51,2.7371900924763636e-06,0.9998893953088882,3.486425172009844
BTCUSDT,4,52,2.6511862408621883e-06,0.9998920464951291,3.4312154394603858
BTCUSDT,4,53,2.413139250575097e-06,0.9998944596343796,3.2735506179309137
BTCUSDT,4,54,2.394937469876928e-06,0.9998968545718495,3.2611814116560827
BTCUSDT,4,55,2.290098252128855e-06,0.9998991446701017,3.189002990364184
BTCUSDT,4,56,2.270302155630207e-06,0.9999014149722573,3.175189864528091
BTCUSDT,4,57,2.197687964277983e-06,0.9999036126602215,3.12399898227251
BTCUSDT,4,58,2.030613793363945e-06,0.9999056432740149,3.0029045970856596
BTCUSDT,4,59,1.9774396870334853e-06,0.9999076207137019,2.9633264122529326
BTCUSDT,4,60,1.8778209198844335e-06,0.9999094985346217,2.8877191662367876
BTCUSDT,4,61,1.8583378817215532e-06,0.9999113568725034,2.872699566301305
BTCUSDT,4,62,1.8460181784591624e-06,0.9999132028906819,2.8631615654523346
BTCUSDT,4,63,1.8390429837371216e-06,0.9999150419336656,2.8577472064149982
BTCUSDT,4,64,1.6758460523561768e-06,0.999916717779718,2.7280035377404452
BTCUSDT,4,65,1.6300589580072125e-06,0.9999183478386761,2.6904784959959795
BTCUSDT,4,66,1.628059055867292e-06,0.999919975897732,2.6888275296099504
BTCUSDT,4,67,1.5976978526705551e-06,0.9999215735955846,2.6636379545763456
BTCUSDT,4,68,1.5274458420977775e-06,0.9999231010414268,2.6044185452074826
BTCUSDT,4,69,1.4522607684859179e-06,0.9999245533021953,2.539511428225759
BTCUSDT,4,70,1.4408518641807076e-06,0.9999259941540595,2.529516608118891
BTCUSDT,4,71,1.4170875883802208e-06,0.9999274112416479,2.508569952298309
BTCUSDT,4,72,1.391768921228191e-06,0.9999288030105691,2.486059027121152
BTCUSDT,4,73,1.3563372856352547e-06,0.9999301593478547,2.454209987584813
BTCUSDT,4,74,1.2930046193583376e-06,0.999931452352474,2.3962267224509093
BTCUSDT,4,75,1.2727920870943312e-06,0.9999327251445611,2.3774237788016745
BTCUSDT,4,76,1.2307767187862854e-06,0.9999339559212799,2.337854642463874
BTCUSDT,4,77,1.1982299340329273e-06,0.9999351541512139,2.3067363070314566
BTCUSDT,4,78,1.1814427602844679e-06,0.9999363355939742,2.29052065021835
BTCUSDT,4,79,1.1491394702375368e-06,0.9999374847334445,2.2589896430972245
BTCUSDT,4,80,1.1232232632385271e-06,0.9999386079567076,2.233371211170887
BTCUSDT,4,81,1.1147048342738367e-06,0.999939722661542,2.224886245310654
BTCUSDT,4,82,1.1052752578349068e-06,0.9999408279367998,2.2154558153072745
BTCUSDT,4,83,1.0885604477631092e-06,0.9999419164972476,2.198640097205849
BTCUSDT,4,84,1.0661918194916517e-06,0.9999429826890671,2.1759331159887796
BTCUSDT,4,85,1.060063505873391e-06,0.999944042752573,2.1696706324523616
BTCUSDT,4,86,1.0519197389464639e-06,0.999945094672312,2.1613204920159528
BTCUSDT,4,87,1.0172111537651834e-06,0.9999461118834657,2.125364516457311
BTCUSDT,4,88,1.0113278361294776e-06,0.9999471232113017,2.1192092912982816
BTCUSDT,4,89,1.0092044939350144e-06,0.9999481324157957,2.116983420155896
BTCUSDT,4,90,9.886650040659452e-07,0.9999491210807998,2.095330089703249
BTCUSDT,4,91,9.440446384401275e-07,0.9999500651254383,2.047501053451541
BTCUSDT,4,92,9.396817170843862e-07,0.9999510048071554,2.042764290624885
BTCUSDT,4,93,9.367942483980967e-07,0.9999519416014038,2.0396233568500732
BTCUSDT,4,94,9.123059302013153e-07,0.999952853907334,2.012788385724121
BTCUSDT,4,95,9.033112590203238e-07,0.999953757218593,2.002841494883445
BTCUSDT,4,96,8.944285583397318e-07,0.9999546516471514,1.992969707214793
BTCUSDT,4,97,8.883663965196832e-07,0.9999555400135479,1.9862043563406078
BTCUSDT,4,98,8.872553770739749e-07,0.999956427268925,1.9849619624085988
BTCUSDT,4,99,8.58686057525041e-07,0.9999572859549825,1.9527429318366472
BTCUSDT,4,100,8.467197123444013e-07,0.9999581326746948,1.9390888278454728
BTCUSDT,4,101,8.369686898892144e-07,0.9999589696433847,1.9278909947954508
BTCUSDT,4,102,8.207336699075491e-07,0.9999597903770546,1.9091013907699959
BTCUSDT,4,103,8.092615611480029e-07,0.9999605996386157,1.8957118510202522
BTCUSDT,4,104,8.036007646996285e-07,0.9999614032393804,1.8890699495347678
BTCUSDT,4,105,8.019775101307822e-07,0.9999622052168906,1.8871610467175857
BTCUSDT,4,106,8.014101193537108e-07,0.99996300662701,1.8864933551590577
BTCUSDT,4,107,7.969014058059368e-07,0.9999638035284157,1.8811791877501414
BTCUSDT,4,108,7.86693760519185e-07,0.9999645902221762,1.8690921852233535
BTCUSDT,4,109,7.851127652485395e-07,0.9999653753349415,1.8672131109224954
BTCUSDT,4,110,7.769583517287847e-07,0.9999661522932932,1.857491087109032
BTCUSDT,4,111,7.723301725240261e-07,0.9999669246234657,1.8519504798063682
BTCUSDT,4,112,7.625617787989573e-07,0.9999676871852446,1.8402015226139772
BTCUSDT,4,113,7.608491778358432e-07,0.9999684480344225,1.8381339508804728
BTCUSDT,4,114,7.593525613552219e-07,0.9999692073869839,1.8363252246600645
BTCUSDT,4,115,7.509286136269995e-07,0.9999699583155975,1.82611109612543
BTCUSDT,4,116,7.43379852363283e-07,0.9999707016954499,1.8169093590774246
BTCUSDT,4,117,7.219804748065471e-07,0.9999714236759247,1.790567078222519
BTCUSDT,4,118,7.172438120850875e-07,0.9999721409197369,1.7846837689220976
BTCUSDT,4,119,7.072001476028558e-07,0.9999728481198844,1.7721441285252448
BTCUSDT,4,120,6.987480312081727e-07,0.9999735468679155,1.761522389042929
BTCUSDT,4,121,6.966487098028598e-07,0.9999742435166253,1.758874236028487
BTCUSDT,4,122,6.920575457170529e-07,0.999974935574171,1.7530688502730665
BTCUSDT,4,123,6.79399750540096e-07,0.9999756149739216,1.7369629719174877
BTCUSDT,4,124,6.784296933134009e-07,0.9999762934036149,1.7357224979827068
BTCUSDT,4,125,6.535414817994772e-07,0.9999769469450968,1.7035875128833684
BTCUSDT,4,126,6.41534420552514e-07,0.9999775884795173,1.6878655541428813
BTCUSDT,4,127,6.390232459052657e-07,0.9999782275027632,1.6845588873988158
BTCUSDT,4,128,6.311292726868298e-07,0.999978858632036,1.6741217192630904
BTCUSDT,4,129,6.238610850617383e-07,0.9999794824931206,1.6644540757622022
BTCUSDT,4,130,6.113665067830458e-07,0.9999800938596274,1.6477020807165876
BTCUSDT,4,131,6.093379727627184e-07,0.9999807031976002,1.6449662447959859
BTCUSDT,4,132,6.008415779149749e-07,0.9999813040391781,1.6334575697202727
BTCUSDT,4,133,6.003938554569263e-07,0.9999819044330336,1.6328488635685836
BTCUSDT,4,134,5.926405394061466e-07,0.999982497073573,1.6222715307631494
BTCUSDT,4,135,5.898097732798879e-07,0.9999830868833463,1.6183924776870489
BTCUSDT,4,136,5.852363534136498e-07,0.9999836721196996,1.6121057114853068
BTCUSDT,4,137,5.711905281632046e-07,0.9999842433102278,1.5926427442454205
BTCUSDT,4,138,5.701935801823514e-07,0.999984813503808,1.5912522490269412
BTCUSDT,4,139,5.634131966845081e-07,0.9999853769170047,1.581762868668231
BTCUSDT,4,140,5.585682932097174e-07,0.9999859354852979,1.5749472361515149
BTCUSDT,4,141,5.575103088306406e-07,0.9999864929956067,1.5734549751670102
BTCUSDT,4,142,5.57006056037009e-07,0.9999870500016628,1.5727432407452953
BTCUSDT,4,143,5.534066821132599e-07,0.9999876034083449,1.5676534703672136
BTCUSDT,4,144,5.526230736535913e-07,0.9999881560314187,1.5665432003582749
BTCUSDT,4,145,5.503230439732924e-07,0.9999887063544627,1.5632798071957996
BTCUSDT,4,146,5.466312886338559e-07,0.9999892529857513,1.5580274757567871
BTCUSDT,4,147,5.390764483325795e-07,0.9999897920621996,1.5472234820717448
BTCUSDT,4,148,5.337391284301089e-07,0.9999903258013281,1.5395450081570325
BTCUSDT,4,149,5.22274035799889e-07,0.9999908480753639,1.5229199883231372
BTCUSDT,4,150,5.21323468790733e-07,0.9999913693988326,1.5215334587486522
BTCUSDT,4,151,5.131833338190652e-07,0.9999918825821664,1.5096078333650145
BTCUSDT,4,152,5.06870876794827e-07,0.9999923894530433,1.5002945727094295
BTCUSDT,4,153,5.021121991119623e-07,0.9999928915652424,1.4932353249013546
BTCUSDT,4,154,4.97805175714622e-07,0.999993389370418,1.4868171868873643
BTCUSDT,4,155,4.966275204771574e-07,0.9999938859979386,1.4850574675054888
BTCUSDT,4,156,4.936234703436928e-07,0.9999943796214089,1.4805591728086835
BTCUSDT,4,157,4.919756454439624e-07,0.9999948715970544,1.4780858891320916
BTCUSDT,4,158,4.880223781834705e-07,0.9999953596194325,1.4721353360965084
BTCUSDT,4,159,4.819164436578503e-07,0.9999958415358762,1.4628969737048945
BTCUSDT,4,160,4.791123974307356e-07,0.9999963206482735,1.4586348083794505
BTCUSDT,4,161,4.7658774272236587e-07,0.9999967972360162,1.4547866369223674
BTCUSDT,4,162,4.7578369354320005e-07,0.9999972730197098,1.4535589366791448
BTCUSDT,4,163,4.7290662308319536e-07,0.9999977459263328,1.4491574272717795
BTCUSDT,4,164,4.6897538249532447e-07,0.9999982149017154,1.4431214834392214
BTCUSDT,4,165,4.529163044514048e-07,0.9999986678180198,1.4181979274751289
BTCUSDT,4,166,4.527967969510915e-07,0.9999991206148168,1.4180108107062441
BTCUSDT,4,167,4.406712734506592e-07,0.9999995612860902,1.3988953904950778
BTCUSDT,4,168,4.387139097977319e-07,1.0,1.3957851420081893
BTCUSDT,5,1,0.993042251272979,0.993042251272979,2366.7180065504986
BTCUSDT,5,2,0.004172870446453647,0.9972151217194326,153.41933724360317
BTCUSDT,5,3,0.0010112111612389162,0.9982263328806715,75.52375570695774
BTCUSDT,5,4,0.0004902372969592187,0.9987165701776307,52.585478007033174
BTCUSDT,5,5,0.00027153812864887366,0.9989881083062796,39.13614657138381
BTCUSDT,5,6,0.00017335478140707286,0.9991614630876867,31.270193155859065
BTCUSDT,5,7,0.00014610874222815631,0.9993075718299149,28.707855569724092
BTCUSDT,5,8,0.00011127977035545398,0.9994188516002702,25.053635917107396
BTCUSDT,5,9,6.947795471093616e-05,0.9994883295549811,19.796397433434866
BTCUSDT,5,10,5.2367043806739224e-05,0.9995406965987879,17.18666771937752
BTCUSDT,5,11,4.606824387973612e-05,0.9995867648426676,16.119942196795854
BTCUSDT,5,12,3.978364422559366e-05,0.9996265484868933,14.980107597039602
BTCUSDT,5,13,2.9634427903493222e-05,0.9996561829147967,12.928880617920635
BTCUSDT,5,14,1.969682672797933e-05,0.9996758797415247,10.540489592131868
BTCUSDT,5,15,1.7715156373632195e-05,0.9996935948978983,9.99620483189044
BTCUSDT,5,16,1.7642891433518715e-05,0.9997112377893319,9.975795377808511
BTCUSDT,5,17,1.6899132331647304e-05,0.9997281369216635,9.763260000117265
BTCUSDT,5,18,1.5957569472409184e-05,0.9997440944911359,9.48737405007683
BTCUSDT,5,19,1.238594746342008e-05,0.9997564804385993,8.358479243389153
BTCUSDT,5,20,1.201830156919625e-05,0.9997684987401685,8.233494509089587
BTCUSDT,5,21,1.1039344091114609e-05,0.9997795380842596,7.891040760276243
BTCUSDT,5,22,9.870065567557462e-06,0.9997894081498271,7.461440332828818
BTCUSDT,5,23,9.850289338082941e-06,0.9997992584391652,7.45396149979262
BTCUSDT,5,24,9.368859559454749e-06,0.9998086272987247,7.269524690862564
BTCUSDT,5,25,8.296708545095893e-06,0.9998169240072697,6.840936647818623
BTCUSDT,5,26,6.796725359655225e-06,0.9998237207326294,6.191737160415586
BTCUSDT,5,27,6.1630086702338e-06,0.9998298837412996,5.8960212605892774
BTCUSDT,5,28,6.020961097013895e-06,0.9998359047023966,5.8276781966591615
BTCUSDT,5,29,5.696539698925921e-06,0.9998416012420955,5.668500844646806
BTCUSDT,5,30,5.01761303613336e-06,0.9998466188551317,5.319995121390041
BTCUSDT,5,31,4.933982502780386e-06,0.9998515528376345,5.2754736000839815
BTCUSDT,5,32,4.909974033422772e-06,0.999856462811668,5.262622875802948
BTCUSDT,5,33,4.7225306671220605e-06,0.999861185342335,5.161192350704312
BTCUSDT,5,34,4.6438498360647305e-06,0.9998658291921712,5.1180171341357115
BTCUSDT,5,35,4.412048200433349e-06,0.9998702412403716,4.988647018918491
BTCUSDT,5,36,4.388472468782106e-06,0.9998746297128404,4.975300775572503
BTCUSDT,5,37,4.275164527640102e-06,0.999878904877368,4.910650978699948
BTCUSDT,5,38,3.934139546300985e-06,0.9998828390169142,4.710722611751337
BTCUSDT,5,39,3.4580283707814196e-06,0.999886297045285,4.416486706447748
BTCUSDT,5,40,3.1822202215238456e-06,0.9998894792655065,4.236700530073775
BTCUSDT,5,41,2.9114191175173186e-06,0.9998923906846241,4.052425282996367
BTCUSDT,5,42,2.882130251043358e-06,0.9998952728148751,4.031990066212362
BTCUSDT,5,43,2.774113727579309e-06,0.9998980469286027,3.9557130699513396
BTCUSDT,5,44,2.5289167620473204e-06,0.9999005758453647,3.7768515840583565
BTCUSDT,5,45,2.4714414482138976e-06,0.9999030472868129,3.733686199025745
BTCUSDT,5,46,2.3511535840968834e-06,0.9999053984403969,3.641691489741667
BTCUSDT,5,47,2.274909983855739e-06,0.9999076733503808,3.5821581839635006
BTCUSDT,5,48,2.2696591269899086e-06,0.9999099430095079,3.578021698047579
BTCUSDT,5,49,2.2559977314049737e-06,0.9999121990072393,3.5672371387059334
BTCUSDT,5,50,2.1264743565792194e-06,0.9999143254815959,3.4633208421572417
BTCUSDT,5,51,2.1001322205151184e-06,0.9999164256138163,3.441802696703804
BTCUSDT,5,52,1.9970319937736613e-06,0.9999184226458101,3.3562566445490596
BTCUSDT,5,53,1.795005460919349e-06,0.999920217651271,3.181966027923881
BTCUSDT,5,54,1.7888043178767757e-06,0.9999220064555889,3.1764649589466183
BTCUSDT,5,55,1.7012019900067408e-06,0.999923707657579,3.0977088218281628
BTCUSDT,5,56,1.6051849901482901e-06,0.9999253128425692,3.009020846626099
BTCUSDT,5,57,1.6036146188748765e-06,0.9999269164571881,3.0075486062947725
BTCUSDT,5,58,1.5512527366610886e-06,0.9999284677099248,2.9580392469354657
BTCUSDT,5,59,1.4373652035678973e-06,0.9999299050751284,2.847385145575688
BTCUSDT,5,60,1.4069395650882073e-06,0.9999313120146934,2.817087735736419
BTCUSDT,5,61,1.4032346231999134e-06,0.9999327152493166,2.8133761240938675
BTCUSDT,5,62,1.3676814840034934e-06,0.9999340829308005,2.777506827835011
BTCUSDT,5,63,1.3601340556325569e-06,0.9999354430648562,2.769832513745371
BTCUSDT,5,64,1.3516291651886951e-06,0.9999367946940214,2.7611590807418818
BTCUSDT,5,65,1.3383789451968258e-06,0.9999381330729666,2.747591723360153
BTCUSDT,5,66,1.3112028493750258e-06,0.999939444275816,2.7195534177847605
BTCUSDT,5,67,1.2622190253014966e-06,0.9999407064948413,2.668271469344081
BTCUSDT,5,68,1.1584882470421168e-06,0.9999418649830883,2.556280267550052
BTCUSDT,5,69,1.1013402554967213e-06,0.9999429663233439,2.4924325156671356
BTCUSDT,5,70,1.0711345192010549e-06,0.9999440374578631,2.4580157381525187
BTCUSDT,5,71,1.0698069239286955e-06,0.999945107264787,2.4564919977708457
BTCUSDT,5,72,1.003638221038827e-06,0.999946110903008,2.379311192255357
BTCUSDT,5,73,9.804895808396365e-07,0.9999470913925889,2.3517120422543347
BTCUSDT,5,74,9.80247378584195e-07,0.9999480716399675,2.3514215622984347
BTCUSDT,5,75,9.592513591679591e-07,0.9999490308913266,2.326102580825444
BTCUSDT,5,76,9.296526100213344e-07,0.9999499605439366,2.2899341719984747
BTCUSDT,5,77,9.273341124632736e-07,0.9999508878780491,2.2870769105476847
BTCUSDT,5,78,9.251075825214792e-07,0.9999518129856316,2.2843296237563124
BTCUSDT,5,79,8.989442171796819e-07,0.9999527119298488,2.2517958947079806
BTCUSDT,5,80,8.722198061049239e-07,0.9999535841496549,2.218071919103489
BTCUSDT,5,81,8.601996122349426e-07,0.9999544443492671,2.2027351027239788
BTCUSDT,5,82,8.436963189408903e-07,0.999955288045586,2.1815025685563576
BTCUSDT,5,83,7.880501292457932e-07,0.9999560760957152,2.1083347834307107
BTCUSDT,5,84,7.75890851533323e-07,0.9999568519865668,2.0920061991205623
BTCUSDT,5,85,7.706785567860977e-07,0.9999576226651236,2.084967497925966
BTCUSDT,5,86,7.411077066728461e-07,0.9999583637728302,2.0445762715679883
BTCUSDT,5,87,7.401581875765892e-07,0.9999591039310178,2.043266079795901
BTCUSDT,5,88,7.382997322354104e-07,0.9999598422307501,2.040699259971213
BTCUSDT,5,89,7.377727793852027e-07,0.9999605800035295,2.0399708672920247
BTCUSDT,5,90,7.270726929784233e-07,0.9999613070762224,2.025123757209444
BTCUSDT,5,91,7.214297106240097e-07,0.9999620285059331,2.017249718241594
BTCUSDT,5,92,7.212005710728394e-07,0.9999627497065041,2.0169293347049764
BTCUSDT,5,93,7.101402768595017e-07,0.9999634598467809,2.001403818736665
BTCUSDT,5,94,7.059026229204333e-07,0.9999641657494038,1.9954233472737049
BTCUSDT,5,95,6.926300881826794e-07,0.999964858379492,1.9765751378086345
BTCUSDT,5,96,6.892416868095294e-07,0.9999655476211791,1.9717344290288772
BTCUSDT,5,97,6.847167543471823e-07,0.9999662323379334,1.9652514659886955
BTCUSDT,5,98,6.794096579446138e-07,0.9999669117475913,1.9576205241574243
BTCUSDT,5,99,6.741333332067497e-07,0.9999675858809245,1.9500042254533687
BTCUSDT,5,100,6.660151477260321e-07,0.9999682518960722,1.9382272937567093
BTCUSDT,5,101,6.448355154383569e-07,0.9999688967315876,1.9071599849990553
BTCUSDT,5,102,6.377186525057521e-07,0.9999695344502402,1.8966063986299175
BTCUSDT,5,103,6.335451862065363e-07,0.9999701679954264,1.8903901653670834
BTCUSDT,5,104,6.23817037098014e-07,0.9999707918124635,1.8758204550156334
BTCUSDT,5,105,6.234622615607658e-07,0.9999714152747251,1.8752869733882482
BTCUSDT,5,106,6.179240089207938e-07,0.9999720331987341,1.8669392504092441
BTCUSDT,5,107,6.136123842251365e-07,0.9999726468111183,1.8604144738364903
BTCUSDT,5,108,6.073903906212118e-07,0.999973254201509,1.8509581943787945
BTCUSDT,5,109,5.992716733089443e-07,0.9999738534731822,1.8385461105086354
BTCUSDT,5,110,5.938302591630459e-07,0.9999744473034414,1.8301800348149022
BTCUSDT,5,111,5.706207433949101e-07,0.9999750179241849,1.7940577931586625
BTCUSDT,5,112,5.592564174334867e-07,0.999975577180602,1.7761029666591195
BTCUSDT,5,113,5.581704216789896e-07,0.9999761353510237,1.7743776600607069
BTCUSDT,5,114,5.550691228566294e-07,0.9999766904201466,1.769441407446176
BTCUSDT,5,115,5.548519138480804e-07,0.9999772452720604,1.7690951656854084
BTCUSDT,5,116,5.466834951363231e-07,0.9999777919555556,1.7560247500151998
BTCUSDT,5,117,5.385594476601389e-07,0.9999783305150033,1.7429281168401007
BTCUSDT,5,118,5.342367179798899e-07,0.9999788647517213,1.735919246807687
BTCUSDT,5,119,5.297572933431418e-07,0.9999793945090146,1.7286263300179499
BTCUSDT,5,120,5.203366003360431e-07,0.9999799148456149,1.7131872716826626
BTCUSDT,5,121,5.129516334770279e-07,0.9999804277972484,1.7009864737235636
BTCUSDT,5,122,5.054642845349874e-07,0.9999809332615329,1.688526530247023
BTCUSDT,5,123,5.032349133603182e-07,0.9999814364964463,1.6847987572111427
BTCUSDT,5,124,5.031189226087443e-07,0.999981939615369,1.6846045811604822
BTCUSDT,5,125,4.972480156004973e-07,0.9999824368633846,1.6747468933531913
BTCUSDT,5,126,4.874267349714139e-07,0.9999829242901196,1.6581252188178544
BTCUSDT,5,127,4.825233468431187e-07,0.9999834068134664,1.6497639801508868
BTCUSDT,5,128,4.780857504710532e-07,0.9999838848992167,1.6421603101119644
BTCUSDT,5,129,4.6535706373737095e-07,0.9999843502562805,1.620152169926336
BTCUSDT,5,130,4.5516183186833295e-07,0.9999848054181123,1.6023064091604073
BTCUSDT,5,131,4.549409352227098e-07,0.9999852603590476,1.6019175506926744
BTCUSDT,5,132,4.515760627569413e-07,0.9999857119351103,1.595982437117277
BTCUSDT,5,133,4.5145628468832646e-07,0.999986163391395,1.5957707602951543
BTCUSDT,5,134,4.490416693164988e-07,0.9999866124330643,1.5914975463212764
BTCUSDT,5,135,4.4879537330181726e-07,0.9999870612284376,1.5910610241741925
BTCUSDT,5,136,4.385977879833213e-07,0.9999874998262256,1.5728810135858091
BTCUSDT,5,137,4.237580468913944e-07,0.9999879235842725,1.5460432203840873
BTCUSDT,5,138,4.233601590107505e-07,0.9999883469444315,1.5453172208048545
BTCUSDT,5,139,4.205945572726575e-07,0.9999887675389888,1.5402615556301313
BTCUSDT,5,140,4.2021819757391565e-07,0.9999891877571864,1.5395722669739893
BTCUSDT,5,141,4.1924916331759313e-07,0.9999896070063496,1.5377960952640035
BTCUSDT,5,142,4.182062859126601e-07,0.9999900252126356,1.5358822794468823
BTCUSDT,5,143,4.141683958609828e-07,0.9999904393810315,1.5284496241922596
BTCUSDT,5,144,4.091043838810462e-07,0.9999908484854153,1.519076755045455
BTCUSDT,5,145,4.077559086812401e-07,0.999991256241324,1.5165711254363914
BTCUSDT,5,146,4.068937971996434e-07,0.9999916631351212,1.5149670466661342
BTCUSDT,5,147,4.025204299384382e-07,0.9999920656555512,1.506803483242176
BTCUSDT,5,148,4.0189873356240825e-07,0.9999924675542847,1.505639397907786
BTCUSDT,5,149,4.001484034857771e-07,0.9999928677026882,1.5023571761408385
BTCUSDT,5,150,3.992924039571267e-07,0.9999932669950922,1.5007493907247036
BTCUSDT,5,151,3.95270779740274e-07,0.9999936622658719,1.4931725821896777
BTCUSDT,5,152,3.951256517492811e-07,0.9999940573915237,1.492898439699431
BTCUSDT,5,153,3.911768858096111e-07,0.9999944485684095,1.485419921132638
BTCUSDT,5,154,3.8893169879627047e-07,0.9999948375001083,1.481150951196482
BTCUSDT,5,155,3.8282019947080576e-07,0.9999952203203077,1.4694678006458757
BTCUSDT,5,156,3.8195801100306467e-07,0.9999956022783187,1.4678120986229426
BTCUSDT,5,157,3.7839512762453217e-07,0.9999959806734464,1.4609502239566332
BTCUSDT,5,158,3.749919627162421e-07,0.9999963556654091,1.4543657259772163
BTCUSDT,5,159,3.726100674090316e-07,0.9999967282754765,1.4497394063166607
BTCUSDT,5,160,3.7194320922686594e-07,0.9999971002186857,1.4484415300470572
BTCUSDT,5,161,3.7106735566528793e-07,0.9999974712860413,1.4467351265403159
BTCUSDT,5,162,3.7049313451087264e-07,0.9999978417791758,1.4456152927117327
BTCUSDT,5,163,3.675999120054527e-07,0.9999982093790879,1.4399597437629834
BTCUSDT,5,164,3.6540423999829673e-07,0.9999985747833279,1.4356528675603977
BTCUSDT,5,165,3.6141977379704433e-07,0.9999989362031017,1.427804039803645
BTCUSDT,5,166,3.6089654643137967e-07,0.9999992970996481,1.4267701496039369
BTCUSDT,5,167,3.5899038339336244e-07,0.9999996560900315,1.4229972440481395
BTCUSDT,5,168,3.439099684623166e-07,1.0,1.3927880557028565
ETHUSDT,1,1,0.9845282386224233,0.9845282386224233,977.8454384901565
ETHUSDT,1,2,0.010252500967710665,0.994780739590134,99.78632651745598
ETHUSDT,1,3,0.0018538823042105346,0.9966346218943446,42.43236176443287
ETHUSDT,1,4,0.0006921555203715452,0.9973267774147161,25.927340369367
ETHUSDT,1,5,0.0005143362243904526,0.9978411136391065,22.350110868132234
ETHUSDT,1,6,0.0004136457102172037,0.9982547593493237,20.043353584882695
ETHUSDT,1,7,0.0003637231959783898,0.9986184825453022,18.794969479086152
ETHUSDT,1,8,0.00034512826583334616,0.9989636108111355,18.308231285503044
ETHUSDT,1,9,0.0001145659763073641,0.9990781767874428,10.548336016525187
ETHUSDT,1,10,9.590908074340485e-05,0.9991740858681862,9.651303875158046
ETHUSDT,1,11,8.898485896929213e-05,0.9992630707271555,9.296386766365105
ETHUSDT,1,12,4.267544830588433e-05,0.9993057461754613,6.437914009852983
ETHUSDT,1,13,2.9647450218603663e-05,0.9993353936256799,5.365989268709883
ETHUSDT,1,14,2.540422409906339e-05,0.9993607978497789,4.967170792191784
ETHUSDT,1,15,2.3671749059226536e-05,0.9993844695988382,4.794808865879148
ETHUSDT,1,16,2.321413904619016e-05,0.9994076837378845,4.748237310283917
ETHUSDT,1,17,2.0859432989629175e-05,0.9994285431708742,4.500983025405869
ETHUSDT,1,18,2.0413616548980316e-05,0.9994489567874232,4.452624810300333
ETHUSDT,1,19,1.9691112712458444e-05,0.9994686479001357,4.373118589203972
ETHUSDT,1,20,1.9535289940610222e-05,0.9994881831900763,4.355781201189997
ETHUSDT,1,21,1.903785696380972e-05,0.99950722104704,4.299967323841858
ETHUSDT,1,22,1.8331356018721774e-05,0.9995255524030587,4.219426455838605
ETHUSDT,1,23,1.6766555043614997e-05,0.9995423189581023,4.035320605701513
ETHUSDT,1,24,1.6506315638580896e-05,0.999558825273741,4.003881341737649
ETHUSDT,1,25,1.526409442127559e-05,0.9995740893681623,3.850274096047997
ETHUSDT,1,26,1.498366942552309e-05,0.9995890730375878,3.814742404858214
ETHUSDT,1,27,1.4584937079540874e-05,0.9996036579746673,3.7636428591388333
ETHUSDT,1,28,1.208433559595203e-05,0.9996157423102633,3.425843458985448
ETHUSDT,1,29,1.1807943287939555e-05,0.9996275502535512,3.386438982883524
ETHUSDT,1,30,1.1216521716651675e-05,0.9996387667752679,3.3005417166558946
ETHUSDT,1,31,1.1143540902053897e-05,0.9996499103161699,3.2897866302242096
ETHUSDT,1,32,1.0647720634338855e-05,0.9996605580368042,3.215766076976833
ETHUSDT,1,33,9.908951165312385e-06,0.9996704669879695,3.1022012577137397
ETHUSDT,1,34,9.681622515122652e-06,0.9996801486104846,3.066409829045563
ETHUSDT,1,35,9.404530551036191e-06,0.9996895531410356,3.022210334740247
ETHUSDT,1,36,9.388801317573972e-06,0.9996989419423532,3.0196819286206917
ETHUSDT,1,37,8.919137488293639e-06,0.9997078610798414,2.9431849554064193
ETHUSDT,1,38,8.901088790794841e-06,0.9997167621686323,2.9402055442316057
ETHUSDT,1,39,8.72161849698624e-06,0.9997254837871292,2.910413313813179
ETHUSDT,1,40,8.646227103244008e-06,0.9997341300142325,2.8978069177375163
ETHUSDT,1,41,8.607313274457134e-06,0.999742737327507,2.891278525265071
ETHUSDT,1,42,8.39740260937573e-06,0.9997511347301163,2.855805419395128
ETHUSDT,1,43,7.843157662791593e-06,0.9997589778877791,2.759952439330159
ETHUSDT,1,44,7.792563414863235e-06,0.999766770451194,2.751036155528039
ETHUSDT,1,45,7.146371832467757e-06,0.9997739168230265,2.634504411586237
ETHUSDT,1,46,7.058741482202937e-06,0.9997809755645087,2.6183021593099887
ETHUSDT,1,47,6.620343138175935e-06,0.9997875959076469,2.5356912703524404
ETHUSDT,1,48,5.5458853325182565e-06,0.9997931417929794,2.3208205880731905
ETHUSDT,1,49,5.458039289407152e-06,0.9997985998322688,2.3023664830314354
ETHUSDT,1,50,5.352985649082629e-06,0.9998039528179179,2.2801014201728487
ETHUSDT,1,51,5.234508436654241e-06,0.9998091873263546,2.2547275821584503
ETHUSDT,1,52,5.216727943312248e-06,0.9998144040542979,2.250894913666207
ETHUSDT,1,53,5.152615347132055e-06,0.9998195566696451,2.237020618156531
ETHUSDT,1,54,5.134191220407359e-06,0.9998246908608655,2.233017596614364
ETHUSDT,1,55,5.059464229078064e-06,0.9998297503250946,2.2167074987454813
ETHUSDT,1,56,4.8122050867130996e-06,0.9998345625301812,2.1618631034032787
ETHUSDT,1,57,4.5012281439968895e-06,0.9998390637583252,2.0908440360952154
ETHUSDT,1,58,4.3770816118798185e-06,0.999843440839937,2.0618090789669576
ETHUSDT,1,59,4.339199044540654e-06,0.9998477800389816,2.0528674642193145
ETHUSDT,1,60,4.329538565127264e-06,0.9998521095775467,2.0505810129717186
ETHUSDT,1,61,3.924762110016159e-06,0.9998560343396566,1.952373007225969
ETHUSDT,1,62,3.769633239445313e-06,0.9998598039728961,1.9133995816909763
ETHUSDT,1,63,3.4184706056213274e-06,0.9998632224435017,1.8220993386597444
ETHUSDT,1,64,3.251108140888259e-06,0.9998664735516426,1.7769361933664933
ETHUSDT,1,65,3.2487723114523247e-06,0.9998697223239541,1.776297739417857
ETHUSDT,1,66,3.1545582809707426e-06,0.999872876882235,1.7503520328622562
ETHUSDT,1,67,3.1499613385776054e-06,0.9998760268435736,1.7490762281036463
ETHUSDT,1,68,2.844732263635105e-06,0.9998788715758372,1.6621753013146727
ETHUSDT,1,69,2.811594194178647e-06,0.9998816831700313,1.6524656650411393
ETHUSDT,1,70,2.738878403352905e-06,0.9998844220484348,1.6309569633695329
ETHUSDT,1,71,2.5963644557060076e-06,0.9998870184128904,1.5879577860564555
ETHUSDT,1,72,2.5092087479849783e-06,0.9998895276216386,1.561077707775303
ETHUSDT,1,73,2.311734646089259e-06,0.9998918393562847,1.498390864280431
ETHUSDT,1,74,2.259377807803831e-06,0.9998940987340925,1.4813256907113785
ETHUSDT,1,75,2.2122137376002375e-06,0.9998963109478302,1.4657829578990373
ETHUSDT,1,76,2.208346366690614e-06,0.9998985192941968,1.4645011635710152
ETHUSDT,1,77,2.1751331106708045e-06,0.9999006944273074,1.4534464827259277
ETHUSDT,1,78,2.0171620038014065e-06,0.9999027115893112,1.3996727743969146
ETHUSDT,1,79,1.9933862764816446e-06,0.9999047049755877,1.391399546790635
ETHUSDT,1,80,1.9910940608244806e-06,0.9999066960696484,1.3905993242574304
ETHUSDT,1,81,1.97381522009018e-06,0.9999086698848685,1.3845523219702978
ETHUSDT,1,82,1.9692248905035255e-06,0.999910639109759,1.38294141866391
ETHUSDT,1,83,1.8576365562522115e-06,0.9999124967463152,1.3431870623724
ETHUSDT,1,84,1.83468426896513e-06,0.9999143314305842,1.3348633036731086
ETHUSDT,1,85,1.833477044807131e-06,0.999916164907629,1.3344240606842503
ETHUSDT,1,86,1.7240418738331292e-06,0.9999178889495028,1.2939873493205896
ETHUSDT,1,87,1.7010785329944736e-06,0.9999195900280359,1.285340841906339
ETHUSDT,1,88,1.6822332820761398e-06,0.9999212722613181,1.2782012444911026
ETHUSDT,1,89,1.6751789632969364e-06,0.9999229474402814,1.27551840856402
ETHUSDT,1,90,1.6137389164485213e-06,0.9999245611791979,1.2519090005132703
ETHUSDT,1,91,1.567956767465898e-06,0.9999261291359653,1.2340227535248367
ETHUSDT,1,92,1.5266756477806713e-06,0.9999276558116131,1.2176697427996517
ETHUSDT,1,93,1.5224601434385729e-06,0.9999291782717565,1.2159874468877914
ETHUSDT,1,94,1.4060073696384449e-06,0.9999305842791262,1.168557061273353
ETHUSDT,1,95,1.405007229836205e-06,0.999931989286356,1.1681413705860952
ETHUSDT,1,96,1.3720375749050923e-06,0.9999333613239308,1.1543543082816579
ETHUSDT,1,97,1.3690743826459323e-06,0.9999347303983135,1.153107103880984
ETHUSDT,1,98,1.3675901918234316e-06,0.9999360979885054,1.152481902252895
ETHUSDT,1,99,1.3624625615518874e-06,0.9999374604510669,1.150319320658262
ETHUSDT,1,100,1.3420496571376645e-06,0.9999388025007241,1.1416695508812331
ETHUSDT,1,101,1.3404514392143015e-06,0.9999401429521633,1.1409895535790164
ETHUSDT,1,102,1.2961550831798568e-06,0.9999414391072464,1.121978692322159
ETHUSDT,1,103,1.2914571298861714e-06,0.9999427305643763,1.1199435236664788
ETHUSDT,1,104,1.2902725212597644e-06,0.9999440208368975,1.1194297632400405
ETHUSDT,1,105,1.267010909928537e-06,0.9999452878478075,1.1092930775092191
ETHUSDT,1,106,1.2532865404558344e-06,0.9999465411343479,1.1032687407803368
ETHUSDT,1,107,1.2427495950524347e-06,0.9999477838839429,1.0986211124458172
ETHUSDT,1,108,1.2289612857702819e-06,0.9999490128452286,1.0925095113683834
ETHUSDT,1,109,1.2072782920843167e-06,0.9999502201235207,1.0828288578988947
ETHUSDT,1,110,1.2027164253894578e-06,0.9999514228399461,1.0807811129315892
ETHUSDT,1,111,1.1814374638058552e-06,0.99995260427741,1.071177630623398
ETHUSDT,1,112,1.1671208795185653e-06,0.9999537713982896,1.064667617219321
ETHUSDT,1,113,1.157783591519138e-06,0.9999549291818811,1.0604002481856174
ETHUSDT,1,114,1.147857143860381e-06,0.999956077039025,1.0558447049516102
ETHUSDT,1,115,1.1429274947358958e-06,0.9999572199665198,1.0535750216797377
ETHUSDT,1,116,1.1419729817761142e-06,0.9999583619395015,1.0531349845508011
ETHUSDT,1,117,1.1342150724575605e-06,0.9999594961545739,1.0495516910049558
ETHUSDT,1,118,1.133256347317008e-06,0.9999606294109212,1.0491080166336813
ETHUSDT,1,119,1.1030935723350996e-06,0.9999617325044936,1.0350523185812528
ETHUSDT,1,120,1.1019853307610453e-06,0.9999628344898244,1.0345322465335594
ETHUSDT,1,121,1.093165390514539e-06,0.9999639276552149,1.0303838957353926
ETHUSDT,1,122,1.0839711772348836e-06,0.9999650116263922,1.0260416556358405
ETHUSDT,1,123,1.0825957784425465e-06,0.9999660942221706,1.02539050160884
ETHUSDT,1,124,1.0766023770212733e-06,0.9999671708245477,1.0225482098082597
ETHUSDT,1,125,1.0647230889493218e-06,0.9999682355476366,1.0168911356543004
ETHUSDT,1,126,1.0556458692905774e-06,0.9999692911935059,1.0125471413331641
ETHUSDT,1,127,1.0431997054619473e-06,0.9999703343932114,1.0065604301492717
ETHUSDT,1,128,1.04063486359579e-06,0.9999713750280749,1.005322288921886
ETHUSDT,1,129,1.0381261926711514e-06,0.9999724131542674,1.0041097864933712
ETHUSDT,1,130,1.0193692980114836e-06,0.9999734325235654,0.9949972950632262
ETHUSDT,1,131,1.0032388725801049e-06,0.9999744357624379,0.9870935208787354
ETHUSDT,1,132,9.920752130510803e-07,0.999975427837651,0.9815861569505315
ETHUSDT,1,133,9.833542951427897e-07,0.9999764111919461,0.9772622771175803
ETHUSDT,1,134,9.765851670400572e-07,0.9999773877771132,0.9738928723995467
ETHUSDT,1,135,9.437654053007161e-07,0.9999783315425185,0.9573883808315713
ETHUSDT,1,136,9.147301943025298e-07,0.9999792462727128,0.9425461699822302
ETHUSDT,1,137,8.8868806725043e-07,0.9999801349607801,0.9290322709239736
ETHUSDT,1,138,8.643099873887905e-07,0.9999809992707674,0.9162012738650238
ETHUSDT,1,139,8.601729249434778e-07,0.9999818594436924,0.9140059223487039
ETHUSDT,1,140,8.591917285784552e-07,0.999982718635421,0.9134844718599349
ETHUSDT,1,141,8.508587641364459e-07,0.9999835694941851,0.9090439145604734
ETHUSDT,1,142,8.479560383063796e-07,0.9999844174502235,0.9074919768523919
ETHUSDT,1,143,8.165687249024889e-07,0.9999852340189483,0.8905380835063127
ETHUSDT,1,144,8.046330925667904e-07,0.999986038652041,0.8840057107087076
ETHUSDT,1,145,8.028069616579707e-07,0.9999868414590027,0.8830020065763805
ETHUSDT,1,146,7.824570801896162e-07,0.9999876239160829,0.8717388232359488
ETHUSDT,1,147,7.456874404803068e-07,0.9999883696035234,0.8510097576961134
ETHUSDT,1,148,7.359926308210053e-07,0.9999891055961542,0.8454595974938168
ETHUSDT,1,149,7.3420081005604e-07,0.9999898397969643,0.8444298078188064
ETHUSDT,1,150,7.071716791014628e-07,0.9999905469686434,0.8287404853853668
ETHUSDT,1,151,6.947348088256124e-07,0.9999912417034522,0.8214207230219513
ETHUSDT,1,152,6.932928995159207e-07,0.9999919349963518,0.8205678584694006
ETHUSDT,1,153,6.85638659443542e-07,0.9999926206350112,0.8160255824181271
ETHUSDT,1,154,6.836824420806682e-07,0.9999933043174533,0.8148606366786173
ETHUSDT,1,155,6.100780676469997e-07,0.9999939143955209,0.7697484653595011
ETHUSDT,1,156,6.072027315114818e-07,0.9999945215982524,0.7679323866498946
ETHUSDT,1,157,5.669912692818114e-07,0.9999950885895217,0.7420690376620287
ETHUSDT,1,158,5.519432709359099e-07,0.9999956405327927,0.7321555301157829
ETHUSDT,1,159,5.353279759583924e-07,0.9999961758607686,0.7210511860295344
ETHUSDT,1,160,5.185179096200611e-07,0.999996694378678,0.7096398677965325
ETHUSDT,1,161,4.977458047912568e-07,0.9999971921244828,0.6952803086379672
ETHUSDT,1,162,4.840203520011993e-07,0.9999976761448348,0.685627040034435
ETHUSDT,1,163,4.3511172378664467e-07,0.9999981112565586,0.6500646022014885
ETHUSDT,1,164,4.112604249926951e-07,0.9999985225169836,0.6319963724866665
ETHUSDT,1,165,4.0360126394162113e-07,0.9999989261182476,0.6260836815875446
ETHUSDT,1,166,3.6926807966769277e-07,0.9999992953863273,0.5988623490568601
ETHUSDT,1,167,3.643210029224008e-07,0.9999996597073302,0.5948373497068412
ETHUSDT,1,168,3.4029266992362615e-07,1.0,0.5748869135501217
ETHUSDT,2,1,0.9894352429093491,0.9894352429093491,1432.3234414830497
ETHUSDT,2,2,0.006451706679659472,0.9958869495890086,115.66040776851865
ETHUSDT,2,3,0.0015115178609362897,0.9973984674499449,55.98272749576886
ETHUSDT,2,4,0.0006701296358527156,0.9980685970857975,37.27578723832172
ETHUSDT,2,5,0.000417927283229229,0.9984865243690267,29.437286440420152
ETHUSDT,2,6,0.00028457336049982383,0.9987710977295265,24.29095184978396
ETHUSDT,2,7,0.0002047122627250724,0.9989758099922517,20.602472410389918
ETHUSDT,2,8,0.00018698062797075586,0.9991627906202224,19.69000012569151
ETHUSDT,2,9,0.00010385820467674916,0.9992666488248991,14.674652215171356
ETHUSDT,2,10,7.126022856920824e-05,0.9993379090534683,12.155449333043853
ETHUSDT,2,11,6.463362294642456e-05,0.9994025426764147,11.57648363277907
ETHUSDT,2,12,4.910687394674376e-05,0.9994516495503615,10.090636373694155
ETHUSDT,2,13,3.882639303892056e-05,0.9994904759434003,8.972447693071722
ETHUSDT,2,14,2.667025502581726e-05,0.9995171461984261,7.436370102732311
ETHUSDT,2,15,2.4440753546999593e-05,0.9995415869519731,7.118765840126193
ETHUSDT,2,16,2.434045746942561e-05,0.9995659274094427,7.104144394839209
ETHUSDT,2,17,2.3178355441497877e-05,0.9995891057648842,6.932481529748667
ETHUSDT,2,18,2.2986535149691765e-05,0.9996120923000339,6.903735889019748
ETHUSDT,2,19,1.886803559709982e-05,0.999630960335631,6.254761515599152
ETHUSDT,2,20,1.8839794543025754e-05,0.999649800130174,6.250078802223538
ETHUSDT,2,21,1.6492166358205054e-05,0.9996662922965323,5.847715903531773
ETHUSDT,2,22,1.3260370817768773e-05,0.99967955266735,5.243547981503323
ETHUSDT,2,23,1.1638444875495029e-05,0.9996911911122255,4.912413190862961
ETHUSDT,2,24,1.1180486874986452e-05,0.9997023715991006,4.814794657497027
ETHUSDT,2,25,1.106042636594396e-05,0.9997134320254665,4.788873292437867
ETHUSDT,2,26,1.0581146588199259e-05,0.9997240131720547,4.683966468729391
ETHUSDT,2,27,1.0046914173885642e-05,0.9997340600862286,4.564190451255099
ETHUSDT,2,28,9.907619776959543e-06,0.9997439677060055,4.5324401454686
ETHUSDT,2,29,9.357781272903692e-06,0.9997533254872784,4.404877719868033
ETHUSDT,2,30,7.73904449699126e-06,0.9997610645317754,4.005816801421841
ETHUSDT,2,31,7.319137652479219e-06,0.9997683836694279,3.895627020180314
ETHUSDT,2,32,7.063150799379392e-06,0.9997754468202272,3.8268959227914725
ETHUSDT,2,33,6.8610961725098735e-06,0.9997823079163998,3.771760997924926
ETHUSDT,2,34,6.735950892273609e-06,0.9997890438672921,3.7372045426080267
ETHUSDT,2,35,6.670918659794577e-06,0.9997957147859519,3.7191203692086954
ETHUSDT,2,36,6.5556424741799895e-06,0.9998022704284261,3.686846378945473
ETHUSDT,2,37,6.268496856010349e-06,0.9998085389252821,3.6051979719671143
ETHUSDT,2,38,6.197553576823697e-06,0.9998147364788589,3.5847391326547817
ETHUSDT,2,39,5.824174643894123e-06,0.9998205606535028,3.475078396299878
ETHUSDT,2,40,5.742237214994504e-06,0.9998263028907177,3.4505472329550346
ETHUSDT,2,41,5.127920884332496e-06,0.9998314308116021,3.260754257092141
ETHUSDT,2,42,4.876947000380801e-06,0.9998363077586024,3.1799583361455497
ETHUSDT,2,43,4.758807138996458e-06,0.9998410665657415,3.1412063312038323
ETHUSDT,2,44,4.493982807059199e-06,0.9998455605485486,3.052552311622806
ETHUSDT,2,45,4.134086699451179e-06,0.999849694635248,2.927771656310861
ETHUSDT,2,46,3.777119919487349e-06,0.9998534717551675,2.7985160281443022
ETHUSDT,2,47,3.5554099985829106e-06,0.9998570271651661,2.715140179442256
ETHUSDT,2,48,3.5440021278768113e-06,0.999860571167294,2.7107807871642704
ETHUSDT,2,49,3.4999826731569214e-06,0.9998640711499671,2.6938931072990364
ETHUSDT,2,50,3.4885003702423484e-06,0.9998675596503374,2.689470584275132
ETHUSDT,2,51,3.4515501152946935e-06,0.9998710112004526,2.6751892074876635
ETHUSDT,2,52,3.3493920874916614e-06,0.9998743605925401,2.635302092770791
ETHUSDT,2,53,3.330767830159975e-06,0.9998776913603703,2.6279650952880216
ETHUSDT,2,54,3.1692503183254198e-06,0.9998808606106886,2.563454912424588
ETHUSDT,2,55,2.9883486059650054e-06,0.9998838489592946,2.489218621802789
ETHUSDT,2,56,2.7742946121399597e-06,0.9998866232539068,2.398411517923743
ETHUSDT,2,57,2.48685267305727e-06,0.9998891101065798,2.2707663015085093
ETHUSDT,2,58,2.3817935459069787e-06,0.9998914919001257,2.2222835369326974
ETHUSDT,2,59,2.334347546925887e-06,0.9998938262476726,2.2000379376862487
ETHUSDT,2,60,2.308448148141757e-06,0.9998961346958208,2.18779927403165
ETHUSDT,2,61,2.2192724776234426e-06,0.9998983539682985,2.1451255987384963
ETHUSDT,2,62,2.134234365168902e-06,0.9999004882026636,2.103625691482601
ETHUSDT,2,63,2.1256582283759013e-06,0.999902613860892,2.099394866997484
ETHUSDT,2,64,2.038057957334592e-06,0.9999046519188491,2.0556807874724017
ETHUSDT,2,65,2.0303643205958507e-06,0.9999066822831697,2.0517970374102283
ETHUSDT,2,66,2.0140530077185912e-06,0.9999086963361774,2.0435386693606166
ETHUSDT,2,67,1.9971321910244266e-06,0.9999106934683685,2.0349362948929737
ETHUSDT,2,68,1.9843065470930825e-06,0.9999126777749155,2.028391558824241
ETHUSDT,2,69,1.9608858162915178e-06,0.9999146386607318,2.0163854941713266
ETHUSDT,2,70,1.921376675191247e-06,0.999916560037407,1.9959684354807172
ETHUSDT,2,71,1.8202896919945272e-06,0.999918380327099,1.942753351201383
ETHUSDT,2,72,1.5743952198225243e-06,0.9999199547223189,1.8067759171829616
ETHUSDT,2,73,1.4996908650179556e-06,0.9999214544131839,1.7633896399311952
ETHUSDT,2,74,1.4970093293185093e-06,0.9999229514225132,1.7618124122424155
ETHUSDT,2,75,1.449115230661823e-06,0.9999244005377439,1.7334003200954882
ETHUSDT,2,76,1.4203001845081209e-06,0.9999258208379284,1.7160798173073042
ETHUSDT,2,77,1.4159455103755278e-06,0.9999272367834388,1.7134470269492432
ETHUSDT,2,78,1.4030953993321378e-06,0.9999286398788381,1.7056542950778792
ETHUSDT,2,79,1.3763715153821556e-06,0.9999300162503535,1.6893329384103724
ETHUSDT,2,80,1.3606900798417693e-06,0.9999313769404333,1.679681818139494
ETHUSDT,2,81,1.3286669115943652e-06,0.9999327056073449,1.6597988974110105
ETHUSDT,2,82,1.3067864627081455e-06,0.9999340123938076,1.6460754028357816
ETHUSDT,2,83,1.3051134569684614e-06,0.9999353175072646,1.6450213761626316
ETHUSDT,2,84,1.2784076911029615e-06,0.9999365959149558,1.6281038350067178
ETHUSDT,2,85,1.2409033959394953e-06,0.9999378368183517,1.6040444481781426
ETHUSDT,2,86,1.224815946616314e-06,0.9999390616342984,1.5936128681104693
ETHUSDT,2,87,1.2221720397743e-06,0.9999402838063381,1.5918919400833276
ETHUSDT,2,88,1.221061383291775e-06,0.9999415048677215,1.5911684548012603
ETHUSDT,2,89,1.216998010301548e-06,0.9999427218657317,1.5885187523122937
ETHUSDT,2,90,1.1863584350451635e-06,0.9999439082241668,1.5683947256016275
ETHUSDT,2,91,1.185709610095611e-06,0.9999450939337768,1.5679657857588618
ETHUSDT,2,92,1.1578470223237475e-06,0.9999462517807992,1.549433720918487
ETHUSDT,2,93,1.1283967955425009e-06,0.9999473801775948,1.5296016167938538
ETHUSDT,2,94,1.1109185210381681e-06,0.9999484910961158,1.517709021175573
ETHUSDT,2,95,1.0978041707268612e-06,0.9999495889002865,1.5087241777802312
ETHUSDT,2,96,1.033791389597199e-06,0.9999506226916761,1.4640768284173649
ETHUSDT,2,97,1.0059244734733842e-06,0.9999516286161496,1.4442091728936737
ETHUSDT,2,98,9.670676964390565e-07,0.9999525956838461,1.4160410719988812
ETHUSDT,2,99,9.637503275465638e-07,0.9999535594341736,1.4136102359396625
ETHUSDT,2,100,9.57858332895211e-07,0.9999545172925065,1.4092824796652985
ETHUSDT,2,101,9.566798202594137e-07,0.9999554739723268,1.4084152489219233
ETHUSDT,2,102,9.399858808228631e-07,0.9999564139582076,1.3960728363905124
ETHUSDT,2,103,9.122429788177788e-07,0.9999573262011864,1.3753165736977055
ETHUSDT,2,104,9.01727571344928e-07,0.9999582279287575,1.3673669745794539
ETHUSDT,2,105,8.880501829102693e-07,0.9999591159789405,1.3569572506370255
ETHUSDT,2,106,8.822631662172895e-07,0.9999599982421067,1.3525286893712223
ETHUSDT,2,107,8.742005980668048e-07,0.9999608724427047,1.3463344589162103
ETHUSDT,2,108,8.596894009142785e-07,0.9999617321321056,1.335113533173159
ETHUSDT,2,109,8.537188464417332e-07,0.999962585850952,1.3304692647587506
ETHUSDT,2,110,8.505399526943135e-07,0.9999634363909047,1.3279898976098201
ETHUSDT,2,111,8.211033792788559e-07,0.999964257494284,1.3048071613790366
ETHUSDT,2,112,8.139339290902834e-07,0.9999650714282133,1.2990982214120004
ETHUSDT,2,113,8.074374214817265e-07,0.9999658788656348,1.2939033836402989
ETHUSDT,2,114,8.00901508223505e-07,0.999966679767143,1.2886559035037537
ETHUSDT,2,115,8.004146239267814e-07,0.999967480181767,1.2882641439040088
ETHUSDT,2,116,7.809765037581245e-07,0.9999682611582708,1.2725252129432665
ETHUSDT,2,117,7.707070990002876e-07,0.9999690318653698,1.2641310290728331
ETHUSDT,2,118,7.63356406206827e-07,0.999969795221776,1.25808820063936
ETHUSDT,2,119,7.630162603101137e-07,0.9999705582380363,1.2578078720685315
ETHUSDT,2,120,7.614007207762826e-07,0.999971319638757,1.256475583884505
ETHUSDT,2,121,7.4877478963565e-07,0.9999720684135466,1.2460142776945922
ETHUSDT,2,122,7.446950696775887e-07,0.9999728131086163,1.2426151698709518
ETHUSDT,2,123,7.419568687129449e-07,0.999973555065485,1.2403285537203712
ETHUSDT,2,124,7.344325924434939e-07,0.9999742894980774,1.2340233650128012
ETHUSDT,2,125,7.193141625971443e-07,0.99997500881224,1.221256019973709
ETHUSDT,2,126,7.187586865928308e-07,0.9999757275709266,1.2207843836108097
ETHUSDT,2,127,7.094999449406673e-07,0.9999764370708715,1.2128960869905123
ETHUSDT,2,128,7.044158456447992e-07,0.9999771414867172,1.2085426188791535
ETHUSDT,2,129,6.990752951907218e-07,0.9999778405620123,1.2039526009212211
ETHUSDT,2,130,6.987466759353314e-07,0.9999785393086883,1.203669592412373
ETHUSDT,2,131,6.976766309896323e-07,0.9999792369853192,1.2027476030261872
ETHUSDT,2,132,6.944970428392371e-07,0.9999799314823621,1.2000037751845922
ETHUSDT,2,133,6.931570075256915e-07,0.9999806246393697,1.1988455097285013
ETHUSDT,2,134,6.926026301890329e-07,0.9999813172419998,1.1983660038490875
ETHUSDT,2,135,6.871601504136222e-07,0.9999820044021502,1.1936483304709253
ETHUSDT,2,136,6.747475001552136e-07,0.9999826791496503,1.182818351515493
ETHUSDT,2,137,6.743057053622824e-07,0.9999833534553557,1.182431059562314
ETHUSDT,2,138,6.69892495136202e-07,0.9999840233478509,1.1785553077370314
ETHUSDT,2,139,6.557754764655403e-07,0.9999846791233273,1.1660710082710801
ETHUSDT,2,140,6.539190954048495e-07,0.9999853330424228,1.164419371138147
ETHUSDT,2,141,6.235675327658058e-07,0.9999859566099555,1.137075126022224
ETHUSDT,2,142,6.132416967562371e-07,0.9999865698516522,1.1276212465138284
ETHUSDT,2,143,6.122677487272158e-07,0.999987182119401,1.1267254489026766
ETHUSDT,2,144,5.964318559625421e-07,0.999987778551257,1.1120589958885585
ETHUSDT,2,145,5.902295014843972e-07,0.9999883687807585,1.1062616784603145
ETHUSDT,2,146,5.898042817673132e-07,0.9999889585850402,1.105863113977551
ETHUSDT,2,147,5.857628929949674e-07,0.9999895443479332,1.102067867718578
ETHUSDT,2,148,5.85210432228783e-07,0.9999901295583654,1.1015480388831727
ETHUSDT,2,149,5.727764628964744e-07,0.9999907023348283,1.0897829112495168
ETHUSDT,2,150,5.717649116504752e-07,0.99999127409974,1.088820181045129
ETHUSDT,2,151,5.676380179826073e-07,0.9999918417377579,1.0848836132111799
ETHUSDT,2,152,5.668631212843984e-07,0.9999924086008792,1.0841428595927123
ETHUSDT,2,153,5.56531465247136e-07,0.9999929651323445,1.0742176249743185
ETHUSDT,2,154,5.502842310818707e-07,0.9999935154165756,1.0681714004044909
ETHUSDT,2,155,5.252713966177974e-07,0.9999940406879722,1.0436125377483503
ETHUSDT,2,156,5.109486404653243e-07,0.9999945516366127,1.0292859293047143
ETHUSDT,2,157,5.046975538545804e-07,0.9999950563341665,1.0229702689839537
ETHUSDT,2,158,4.950475730529795e-07,0.9999955513817396,1.0131433070558866
ETHUSDT,2,159,4.819236923742508e-07,0.999996033305432,0.9996237149525538
ETHUSDT,2,160,4.704154611515511e-07,0.9999965037208931,0.9876162009695114
ETHUSDT,2,161,4.6790035998814115e-07,0.9999969716212531,0.984972491402461
ETHUSDT,2,162,4.4602173200785364e-07,0.9999974176429851,0.9616685688749925
ETHUSDT,2,163,4.406395986460851e-07,0.9999978582825837,0.955848743081413
ETHUSDT,2,164,4.392983505094696e-07,0.9999982975809343,0.9543928963765199
ETHUSDT,2,165,4.3074754840976994e-07,0.9999987283284827,0.9450587752809494
ETHUSDT,2,166,4.2652551696074154e-07,0.9999991548539996,0.9404158081909041
ETHUSDT,2,167,4.2593037479526323e-07,0.9999995807843745,0.939759485826819
ETHUSDT,2,168,4.1921562534765544e-07,0.9999999999999998,0.9323224515535643
ETHUSDT,3,1,0.9893267166336102,0.9893267166336102,1799.548558243816
ETHUSDT,3,2,0.006607076353665966,0.9959337929872761,147.06128760952373
ETHUSDT,3,3,0.0015028823659063398,0.9974366753531825,70.13845509354775
ETHUSDT,3,4,0.0006548722867370366,0.9980915476399195,46.2990422648653
ETHUSDT,3,5,0.00040808870830484406,0.9984996363482244,36.54862057532057
ETHUSDT,3,6,0.0002891814182615871,0.998788817766486,30.76655662521681
ETHUSDT,3,7,0.000203864865545916,0.9989926826320319,25.83240814887055
ETHUSDT,3,8,0.00017971877746856922,0.9991724014095004,24.254394053721427
ETHUSDT,3,9,0.00010529367408025694,0.9992776950835807,18.564995203096448
ETHUSDT,3,10,7.286235309392016e-05,0.9993505574366746,15.443484539784603
ETHUSDT,3,11,6.295308439940561e-05,0.999413510521074,14.35496731454263
ETHUSDT,3,12,4.751776570747572e-05,0.9994610282867814,12.471586615321597
ETHUSDT,3,13,3.80050796465959e-05,0.999499033366428,11.153586116947237
ETHUSDT,3,14,2.657220229911727e-05,0.999525605568727,9.326259092054443
ETHUSDT,3,15,2.416307489196445e-05,0.999549768643619,8.893440447923737
ETHUSDT,3,16,2.412326770676302e-05,0.999573891911326,8.88611172919629
ETHUSDT,3,17,2.291724641120808e-05,0.9995968091577372,8.661137205053638
ETHUSDT,3,18,2.2781877574309053e-05,0.9996195910353115,8.635519280652248
ETHUSDT,3,19,1.8432627991399875e-05,0.9996380236633029,7.767608537753761
ETHUSDT,3,20,1.829579477302877e-05,0.999656319458076,7.738723704855495
ETHUSDT,3,21,1.631312379870233e-05,0.9996726325818747,7.307389676743531
ETHUSDT,3,22,1.3135916102230698e-05,0.9996857684979769,6.557282349298753
ETHUSDT,3,23,1.1491157528178036e-05,0.999697259655505,6.133037080507138
ETHUSDT,3,24,1.0976657821218802e-05,0.9997082363133263,5.9941659775225915
ETHUSDT,3,25,1.0935516471996937e-05,0.9997191718297983,5.982922136714237
ETHUSDT,3,26,1.0158871183199375e-05,0.9997293307009815,5.766554859742576
ETHUSDT,3,27,9.605749288173901e-06,0.9997389364502697,5.607371435349284
ETHUSDT,3,28,9.574219268056091e-06,0.9997485106695377,5.598161021331847
ETHUSDT,3,29,9.071235127595716e-06,0.9997575819046653,5.44912679224668
ETHUSDT,3,30,7.5811873885434774e-06,0.9997651630920539,4.981525032875779
ETHUSDT,3,31,7.07557527101535e-06,0.9997722386673249,4.812542513216668
ETHUSDT,3,32,6.860139050734405e-06,0.9997790988063756,4.738710317843616
ETHUSDT,3,33,6.842217994573775e-06,0.9997859410243702,4.732516694978928
ETHUSDT,3,34,6.6028734958482705e-06,0.9997925438978661,4.649006888405533
ETHUSDT,3,35,6.3096060509035455e-06,0.999798853503917,4.544591202924108
ETHUSDT,3,36,6.304977055947596e-06,0.9998051584809728,4.542923844503443
ETHUSDT,3,37,6.173897399219992e-06,0.999811332378372,4.495452418126077
ETHUSDT,3,38,6.067751696605733e-06,0.9998174001300687,4.456640488251201
ETHUSDT,3,39,5.919720703193738e-06,0.9998233198507719,4.401941936737979
ETHUSDT,3,40,5.7981089542613254e-06,0.9998291179597262,4.3564916638610764
ETHUSDT,3,41,5.043718265906362e-06,0.9998341616779921,4.063208525834047
ETHUSDT,3,42,4.757555725653046e-06,0.9998389192337177,3.946259526114422
ETHUSDT,3,43,4.594614700414213e-06,0.9998435138484181,3.8780932730199065
ETHUSDT,3,44,4.372149263931731e-06,0.999847885997682,3.783042248167327
ETHUSDT,3,45,4.069333495238847e-06,0.9998519553311773,3.649684666100246
ETHUSDT,3,46,3.7420285560283317e-06,0.9998556973597333,3.4998324212439393
ETHUSDT,3,47,3.7173935002739215e-06,0.9998594147532336,3.4882931002380855
ETHUSDT,3,48,3.657663274104774e-06,0.9998630724165078,3.460155066913396
ETHUSDT,3,49,3.373431570328423e-06,0.9998664458480782,3.322994739739272
ETHUSDT,3,50,3.311678255052442e-06,0.9998697575263332,3.292439243539996
ETHUSDT,3,51,3.2867115512876578e-06,0.9998730442378845,3.2800049331317336
ETHUSDT,3,52,3.2551898375258707e-06,0.999876299427722,3.2642383426232047
ETHUSDT,3,53,3.1996747974118253e-06,0.9998794991025195,3.2362839662899945
ETHUSDT,3,54,3.087249598339228e-06,0.9998825863521178,3.178919809815746
ETHUSDT,3,55,2.9404180804823533e-06,0.9998855267701983,3.1024032277993547
ETHUSDT,3,56,2.6769571235385333e-06,0.9998882037273218,2.9601547047349004
ETHUSDT,3,57,2.422754626361025e-06,0.9998906264819482,2.8161022338549895
ETHUSDT,3,58,2.3977998445839026e-06,0.9998930242817927,2.8015615297320573
ETHUSDT,3,59,2.3071834894237586e-06,0.9998953314652821,2.748114153766663
ETHUSDT,3,60,2.2327320129985624e-06,0.9998975641972951,2.703410529485367
ETHUSDT,3,61,2.1981347755809145e-06,0.9998997623320707,2.6823834436050182
ETHUSDT,3,62,2.1287369041229147e-06,0.9999018910689748,2.639700750673907
ETHUSDT,3,63,2.126222997007245e-06,0.9999040172919718,2.6381416282640666
ETHUSDT,3,64,2.063209313092215e-06,0.9999060805012849,2.5987550486832163
ETHUSDT,3,65,2.0563019932828586e-06,0.9999081368032782,2.5944012777973846
ETHUSDT,3,66,1.9697263972123303e-06,0.9999101065296754,2.5391985059683475
ETHUSDT,3,67,1.934826770198396e-06,0.9999120413564456,2.516603203687791
ETHUSDT,3,68,1.9218771551440075e-06,0.9999139632336008,2.508167369706165
ETHUSDT,3,69,1.904891290623086e-06,0.9999158681248914,2.4970589741317757
ETHUSDT,3,70,1.8774016940129156e-06,0.9999177455265854,2.4789758961782598
ETHUSDT,3,71,1.7704849313003923e-06,0.9999195160115167,2.407353229471062
ETHUSDT,3,72,1.5659565545697259e-06,0.9999210819680713,2.264037186433063
ETHUSDT,3,73,1.4938018233260568e-06,0.9999225757698946,2.2112619550643617
ETHUSDT,3,74,1.4811638482378323e-06,0.9999240569337429,2.2018881439353537
ETHUSDT,3,75,1.432587625166672e-06,0.9999254895213681,2.165480608204463
ETHUSDT,3,76,1.3853314358891742e-06,0.999926874852804,2.129465194144592
ETHUSDT,3,77,1.3439299390062558e-06,0.999928218782743,2.0974036322340166
ETHUSDT,3,78,1.3394912596612104e-06,0.9999295582740027,2.0939371562069757
ETHUSDT,3,79,1.33255561248437e-06,0.9999308908296152,2.088509103885458
ETHUSDT,3,80,1.2965938123344078e-06,0.9999321874234274,2.0601349676756535
ETHUSDT,3,81,1.284081683417037e-06,0.9999334715051108,2.0501707205277295
ETHUSDT,3,82,1.2748716501152718e-06,0.9999347463767609,2.0428050985794317
ETHUSDT,3,83,1.2727871657773368e-06,0.9999360191639267,2.0411343667639685
ETHUSDT,3,84,1.2609192394969327e-06,0.9999372800831662,2.0315959435075137
ETHUSDT,3,85,1.2386277249960992e-06,0.9999385187108911,2.013557795485998
ETHUSDT,3,86,1.2171060396784844e-06,0.9999397358169309,1.9959879270556873
ETHUSDT,3,87,1.2025779064896865e-06,0.9999409383948373,1.984039488580701
ETHUSDT,3,88,1.1938576759750372e-06,0.9999421322525134,1.9768329866382748
ETHUSDT,3,89,1.1915742914511157e-06,0.9999433238268048,1.974941626250871
ETHUSDT,3,90,1.1781263665906148e-06,0.9999445019531714,1.9637655596525416
ETHUSDT,3,91,1.1702056084501733e-06,0.9999456721587798,1.9571530498679082
ETHUSDT,3,92,1.1228690225590002e-06,0.9999467950278024,1.9171595254361715
ETHUSDT,3,93,1.1119280911593549e-06,0.9999479069558935,1.9077965205778658
ETHUSDT,3,94,1.0676136728276984e-06,0.9999489745695663,1.8693936574812111
ETHUSDT,3,95,1.0454387803126499e-06,0.9999500200083467,1.8498776459168216
ETHUSDT,3,96,1.042804986583851e-06,0.9999510628133332,1.847545960522974
ETHUSDT,3,97,1.0230910088982617e-06,0.9999520859043421,1.8299989280102837
ETHUSDT,3,98,9.87292557238759e-07,0.9999530731968994,1.7976975761012521
ETHUSDT,3,99,9.558837967121717e-07,0.9999540290806961,1.7688713640012133
ETHUSDT,3,100,9.289980939857643e-07,0.9999549580787901,1.7438178256402619
ETHUSDT,3,101,9.269189879542576e-07,0.9999558849977781,1.7418653927036174
ETHUSDT,3,102,9.146030636599715e-07,0.9999567996008417,1.730254658573399
ETHUSDT,3,103,9.125143508467777e-07,0.9999577121151926,1.72827780602511
ETHUSDT,3,104,8.987041607075135e-07,0.9999586108193532,1.715149880824948
ETHUSDT,3,105,8.6752310014337e-07,0.9999594783424534,1.6851331620903125
ETHUSDT,3,106,8.666007895274144e-07,0.9999603449432429,1.684237145882242
ETHUSDT,3,107,8.479702786705823e-07,0.9999611929135216,1.666034600125628
ETHUSDT,3,108,8.343188313524706e-07,0.999962027232353,1.6525694667674393
ETHUSDT,3,109,8.228203931198067e-07,0.9999628500527461,1.6411422444882044
ETHUSDT,3,110,8.101025668849186e-07,0.999963660155313,1.6284097928393846
ETHUSDT,3,111,8.059897182732691e-07,0.9999644661450313,1.624270856938741
ETHUSDT,3,112,8.056565543109083e-07,0.9999652718015856,1.6239351178863486
ETHUSDT,3,113,8.032240670775793e-07,0.9999660750256526,1.6214817228244807
ETHUSDT,3,114,7.961452316668502e-07,0.9999668711708842,1.614320829500097
ETHUSDT,3,115,7.870935925944405e-07,0.9999676582644769,1.6051177220884747
ETHUSDT,3,116,7.795378603864127e-07,0.9999684378023372,1.5973949520569952
ETHUSDT,3,117,7.794192875522621e-07,0.9999692172216248,1.5972734602992282
ETHUSDT,3,118,7.608449390679731e-07,0.9999699780665638,1.5781263793468714
ETHUSDT,3,119,7.603860787745402e-07,0.9999707384526426,1.5776504290512674
ETHUSDT,3,120,7.601899029080091e-07,0.9999714986425455,1.5774469028996259
ETHUSDT,3,121,7.48620693421526e-07,0.999972247263239,1.56539742532847
ETHUSDT,3,122,7.425257014389381e-07,0.9999729897889404,1.5590119591678873
ETHUSDT,3,123,7.153877565684002e-07,0.999973705176697,1.5302572751757868
ETHUSDT,3,124,7.13594949294016e-07,0.9999744187716463,1.5283386112584785
ETHUSDT,3,125,7.063027317482597e-07,0.999975125074378,1.5205095223195282
ETHUSDT,3,126,7.043357475569899e-07,0.9999758294101255,1.5183908108610464
ETHUSDT,3,127,6.992118228935953e-07,0.9999765286219484,1.5128577099051586
ETHUSDT,3,128,6.952067770465055e-07,0.9999772238287256,1.5085187058129745
ETHUSDT,3,129,6.861764971904318e-07,0.9999779100052227,1.4986893481877448
ETHUSDT,3,130,6.825148555461742e-07,0.9999785925200783,1.4946852735066198
ETHUSDT,3,131,6.801804404314583e-07,0.9999792727005187,1.4921269375725306
ETHUSDT,3,132,6.772068627887708e-07,0.9999799499073815,1.4888617633779293
ETHUSDT,3,133,6.637441598815312e-07,0.9999806136515413,1.4739883729087333
ETHUSDT,3,134,6.587506675415253e-07,0.9999812724022089,1.4684333369518978
ETHUSDT,3,135,6.545379760794428e-07,0.999981926940185,1.4637305119305786
ETHUSDT,3,136,6.529990127165124e-07,0.9999825799391977,1.4620087223792864
ETHUSDT,3,137,6.481789675723019e-07,0.9999832281181653,1.4566028946497487
ETHUSDT,3,138,6.476935626778741e-07,0.999983875811728,1.4560573859007886
ETHUSDT,3,139,6.439398134549756e-07,0.9999845197515415,1.4518319181847235
ETHUSDT,3,140,6.400320996006567e-07,0.999985159783641,1.4474200330270495
ETHUSDT,3,141,6.208344532929807e-07,0.9999857806180943,1.4255472163268932
ETHUSDT,3,142,5.996525501282653e-07,0.9999863802706445,1.4010174474878794
ETHUSDT,3,143,5.99122243453149e-07,0.9999869793928879,1.4003978109673387
ETHUSDT,3,144,5.896869623748428e-07,0.9999875690798503,1.3893269630238672
ETHUSDT,3,145,5.866950728493663e-07,0.9999881557749232,1.38579797311827
ETHUSDT,3,146,5.839417500192651e-07,0.9999887397166731,1.3825424180252341
ETHUSDT,3,147,5.833553855007153e-07,0.9999893230720587,1.38184810439647
ETHUSDT,3,148,5.829840505642766e-07,0.9999899060561093,1.3814082266009038
ETHUSDT,3,149,5.699925124672114e-07,0.9999904760486217,1.365929475108094
ETHUSDT,3,150,5.696005897536735e-07,0.9999910456492115,1.3654597927613163
ETHUSDT,3,151,5.652022062906407e-07,0.9999916108514177,1.3601776223264483
ETHUSDT,3,152,5.644160446361012e-07,0.9999921752674623,1.3592313312677449
ETHUSDT,3,153,5.578609810389126e-07,0.9999927331284434,1.3513153013144066
ETHUSDT,3,154,5.483035162801804e-07,0.9999932814319596,1.3396896952212891
ETHUSDT,3,155,5.2455079726758e-07,0.999993805982757,1.3103504948316451
ETHUSDT,3,156,5.193634860832601e-07,0.999994325346243,1.3038553337537753
ETHUSDT,3,157,5.066459942847623e-07,0.9999948319922373,1.287792845470204
ETHUSDT,3,158,4.990298107419756e-07,0.9999953310220481,1.2780767848057635
ETHUSDT,3,159,4.971623046981516e-07,0.9999958281843527,1.2756830867876694
ETHUSDT,3,160,4.911887209220455e-07,0.9999963193730736,1.267996030931794
ETHUSDT,3,161,4.830110117025884e-07,0.9999968023840854,1.2573964135220934
ETHUSDT,3,162,4.689545331910598e-07,0.9999972713386186,1.2389650927078997
ETHUSDT,3,163,4.681829123826622e-07,0.9999977395215309,1.2379453725011929
ETHUSDT,3,164,4.667871231347895e-07,0.9999982063086541,1.2360986577140938
ETHUSDT,3,165,4.5870792623671834e-07,0.9999986650165803,1.2253547076033802
ETHUSDT,3,166,4.488593466583871e-07,0.999999113875927,1.2121289888988955
ETHUSDT,3,167,4.4483135079410257e-07,0.9999995587072777,1.2066780011794969
ETHUSDT,3,168,4.4129272227991636e-07,1.0,1.2018688627930745
ETHUSDT,4,1,0.9890840327366279,0.9890840327366279,2095.7740774880704
ETHUSDT,4,2,0.00674381213952521,0.9958278448761532,173.05358504152306
ETHUSDT,4,3,0.001543399345985484,0.9973712442221386,82.7879301908735
ETHUSDT,4,4,0.0006757805327947307,0.9980470247549333,54.781094789397876
ETHUSDT,4,5,0.00041931279276050093,0.9984663375476939,43.15160215535957
ETHUSDT,4,6,0.00029528988458747587,0.9987616274322814,36.21197016516116
ETHUSDT,4,7,0.00020716289633003113,0.9989687903286114,30.33079934489372
ETHUSDT,4,8,0.00018167848863247834,0.9991504688172438,28.404007786292134
ETHUSDT,4,9,0.00010888008406505292,0.9992593489013089,21.98882852794523
ETHUSDT,4,10,7.560409049029367e-05,0.9993349529917992,18.323165971529804
ETHUSDT,4,11,6.465393084178785e-05,0.999399606922641,16.944366481579756
ETHUSDT,4,12,4.859542639994242e-05,0.9994482023490409,14.690127576470712
ETHUSDT,4,13,3.878103865227958e-05,0.9994869833876932,13.123134713507978
ETHUSDT,4,14,2.7304286797028795e-05,0.9995142876744901,11.011418971603273
ETHUSDT,4,15,2.484149641390171e-05,0.999539129170904,10.503081745423827
ETHUSDT,4,16,2.4759468128279093e-05,0.9995638886390323,10.485726466671077
ETHUSDT,4,17,2.3362585177717038e-05,0.9995872512242101,10.185639889198693
ETHUSDT,4,18,2.3194263810669235e-05,0.9996104454880208,10.148881113287624
ETHUSDT,4,19,1.8922019049549735e-05,0.9996293675070703,9.166670200360295
ETHUSDT,4,20,1.8804169026827902e-05,0.9996481716760971,9.13807970970223
ETHUSDT,4,21,1.685457000563108e-05,0.9996650262461028,8.651406280200113
ETHUSDT,4,22,1.3557922462679833e-05,0.9996785841685655,7.759333916555629
ETHUSDT,4,23,1.1936590605349847e-05,0.9996905207591709,7.280614198758478
ETHUSDT,4,24,1.1490963458739144e-05,0.9997020117226296,7.143418441727669
ETHUSDT,4,25,1.143860078390215e-05,0.9997134503234135,7.127124090368332
ETHUSDT,4,26,1.0533343128083754e-05,0.9997239836665416,6.83928945841445
ETHUSDT,4,27,9.745076334147959e-06,0.9997337287428757,6.578403245500342
ETHUSDT,4,28,9.729299935608849e-06,0.9997434580428113,6.573076168222552
ETHUSDT,4,29,9.308295666539765e-06,0.9997527663384779,6.429289084448789
ETHUSDT,4,30,7.717369076933196e-06,0.9997604837075548,5.854131910384027
ETHUSDT,4,31,7.186729617070848e-06,0.9997676704371719,5.649285479299977
ETHUSDT,4,32,6.972595962106107e-06,0.999774643033134,5.56448683017103
ETHUSDT,4,33,6.969621247284692e-06,0.9997816126543813,5.563299716548797
ETHUSDT,4,34,6.757089977761235e-06,0.999788369744359,5.4778195275313015
ETHUSDT,4,35,6.415945122621577e-06,0.9997947856894817,5.337749507761764
ETHUSDT,4,36,6.3250982253579185e-06,0.9998011107877071,5.299824713485225
ETHUSDT,4,37,6.257420015267384e-06,0.9998073682077223,5.271394539235179
ETHUSDT,4,38,6.233948896914149e-06,0.9998136021566192,5.261498946144345
ETHUSDT,4,39,6.065834085277965e-06,0.9998196679907044,5.190069009097426
ETHUSDT,4,40,5.917794966296934e-06,0.9998255857856708,5.1263449444817155
ETHUSDT,4,41,5.133012829892411e-06,0.9998307187985007,4.774347696415467
ETHUSDT,4,42,4.829096660171555e-06,0.9998355478951609,4.630851111737108
ETHUSDT,4,43,4.625682945768755e-06,0.9998401735781067,4.532270268565729
ETHUSDT,4,44,4.426699081895461e-06,0.9998446002771886,4.43371597959688
ETHUSDT,4,45,4.1437477961308335e-06,0.9998487440249847,4.289676347136363
ETHUSDT,4,46,3.8025677789328374e-06,0.9998525465927637,4.109285831977289
ETHUSDT,4,47,3.7843361958914272e-06,0.9998563309289595,4.099422917422357
ETHUSDT,4,48,3.6986613530353278e-06,0.9998600295903125,4.052753164396207
ETHUSDT,4,49,3.4714998918253356e-06,0.9998635010902043,3.926326822314205
ETHUSDT,4,50,3.3909559553180166e-06,0.9998668920461596,3.880511217976661
ETHUSDT,4,51,3.3021334033073263e-06,0.9998701941795629,3.8293510021851676
ETHUSDT,4,52,3.2935827194702793e-06,0.9998734877622824,3.824389846758733
ETHUSDT,4,53,3.2559105644077793e-06,0.9998767436728467,3.8024551678396445
ETHUSDT,4,54,3.150111102617071e-06,0.9998798937839494,3.7401653677718723
ETHUSDT,4,55,3.011159312217732e-06,0.9998829049432616,3.6567454995904463
ETHUSDT,4,56,2.7685386848507925e-06,0.9998856734819465,3.506333063689046
ETHUSDT,4,57,2.495980702863465e-06,0.9998881694626494,3.329265884599289
ETHUSDT,4,58,2.4292607352931168e-06,0.9998905987233847,3.2844672375727035
ETHUSDT,4,59,2.3451577578971464e-06,0.9998929438811426,3.227110974607966
ETHUSDT,4,60,2.2693037991072864e-06,0.9998952131849417,3.1744916490775115
ETHUSDT,4,61,2.22501888621175e-06,0.9998974382038279,3.143364323273948
ETHUSDT,4,62,2.1539676700297193e-06,0.9998995921714979,3.0927688253211603
ETHUSDT,4,63,2.150261638997257e-06,0.9999017424331369,3.0901070324192994
ETHUSDT,4,64,2.0839132508671907e-06,0.9999038263463877,3.042059378991302
ETHUSDT,4,65,2.076783600442873e-06,0.9999059031299882,3.036851052153375
ETHUSDT,4,66,2.0134863507007903e-06,0.9999079166163388,2.9902136095865135
ETHUSDT,4,67,1.9684483024209163e-06,0.9999098850646413,2.9565816390361768
ETHUSDT,4,68,1.9600289942021484e-06,0.9999118450936355,2.9502520224260844
ETHUSDT,4,69,1.9509232318912548e-06,0.9999137960168674,2.9433910097847473
ETHUSDT,4,70,1.9044513379074168e-06,0.9999157004682052,2.9081232525641534
ETHUSDT,4,71,1.7926759884759073e-06,0.9999174931441936,2.8214916515503696
ETHUSDT,4,72,1.596609239101648e-06,0.9999190897534328,2.6627303466339187
ETHUSDT,4,73,1.5240704025318744e-06,0.9999206138238353,2.601539255060547
ETHUSDT,4,74,1.5096456723132872e-06,0.9999221234695077,2.5891987103061784
ETHUSDT,4,75,1.4677877369803777e-06,0.9999235912572447,2.553051034795265
ETHUSDT,4,76,1.4219572805793031e-06,0.9999250132145253,2.512876491590631
ETHUSDT,4,77,1.3690258810871384e-06,0.9999263822404064,2.46566288597659
ETHUSDT,4,78,1.3553533946472159e-06,0.999927737593801,2.453319680587762
ETHUSDT,4,79,1.3549516101719525e-06,0.9999290925454112,2.45295601941034
ETHUSDT,4,80,1.3262994334566842e-06,0.9999304188448447,2.426882001937085
ETHUSDT,4,81,1.3121992217607814e-06,0.9999317310440664,2.4139471454111923
ETHUSDT,4,82,1.301064941883743e-06,0.9999330321090083,2.403683908978168
ETHUSDT,4,83,1.2997856418569241e-06,0.9999343318946502,2.4025018814482264
ETHUSDT,4,84,1.285890485342856e-06,0.9999356177851355,2.389625589384948
ETHUSDT,4,85,1.2655049848991901e-06,0.9999368832901204,2.370608290853036
ETHUSDT,4,86,1.244804312319055e-06,0.9999381280944327,2.3511395707411658
ETHUSDT,4,87,1.2238513377245817e-06,0.9999393519457704,2.331267999371242
ETHUSDT,4,88,1.2152506080355047e-06,0.9999405671963785,2.3230619548625913
ETHUSDT,4,89,1.2148854127338573e-06,0.9999417820817912,2.32271287663486
ETHUSDT,4,90,1.1967112302750343e-06,0.9999429787930214,2.305274000108547
ETHUSDT,4,91,1.1881068251639222e-06,0.9999441668998466,2.296971539920711
ETHUSDT,4,92,1.1560744333337805e-06,0.9999453229742798,2.2657957991355646
ETHUSDT,4,93,1.1477230090049225e-06,0.9999464706972888,2.257596967109174
ETHUSDT,4,94,1.0869162503898901e-06,0.9999475576135392,2.1969790207057938
ETHUSDT,4,95,1.061412831083045e-06,0.9999486190263702,2.171051049873087
ETHUSDT,4,96,1.0598850996816024e-06,0.99994967891147,2.1694880495408277
ETHUSDT,4,97,1.0427892618422418e-06,0.9999507217007318,2.1519201095278495
ETHUSDT,4,98,1.0119721810245447e-06,0.9999517336729129,2.119884287184479
ETHUSDT,4,99,9.765199643501203e-07,0.9999527101928772,2.0824205081030103
ETHUSDT,4,100,9.504382525850923e-07,0.9999536606311298,2.054422782082043
ETHUSDT,4,101,9.493628832458832e-07,0.999954609994013,2.0532602191628913
ETHUSDT,4,102,9.297946274775124e-07,0.9999555397886405,2.0319891518418562
ETHUSDT,4,103,9.263920441407152e-07,0.9999564661806847,2.028267712030541
ETHUSDT,4,104,9.184742111442003e-07,0.9999573846548959,2.0195813532248037
ETHUSDT,4,105,8.825174407344598e-07,0.9999582671723366,1.9796550279876788
ETHUSDT,4,106,8.82298973170097e-07,0.9999591494713098,1.9794099806031238
ETHUSDT,4,107,8.662797326744635e-07,0.9999600157510425,1.9613583367645282
ETHUSDT,4,108,8.543442353271615e-07,0.9999608700952779,1.9477997938606704
ETHUSDT,4,109,8.419456070354555e-07,0.9999617120408849,1.9336144659080947
ETHUSDT,4,110,8.296488910690539e-07,0.9999625416897759,1.9194421937431574
ETHUSDT,4,111,8.266724860662329e-07,0.999963368362262,1.9159960549186152
ETHUSDT,4,112,8.2501900830986e-07,0.9999641933812703,1.9140789458739549
ETHUSDT,4,113,8.233087663062424e-07,0.9999650166900366,1.9120939998132513
ETHUSDT,4,114,8.147745752796908e-07,0.9999658314646118,1.9021580655996562
ETHUSDT,4,115,8.091414254706266e-07,0.9999666406060372,1.8955711356501823
ETHUSDT,4,116,7.995705132574844e-07,0.9999674401765505,1.8843269247466279
ETHUSDT,4,117,7.991419281283077e-07,0.9999682393184786,1.8838218393691597
ETHUSDT,4,118,7.834535080165226e-07,0.9999690227719866,1.865238983348599
ETHUSDT,4,119,7.807903016337623e-07,0.9999698035622883,1.8620660158110158
ETHUSDT,4,120,7.80095967808383e-07,0.9999705836582562,1.861237891423141
ETHUSDT,4,121,7.696153472777168e-07,0.9999713532736034,1.8486927099254293
ETHUSDT,4,122,7.644848853420695e-07,0.9999721177584888,1.8425204660121075
ETHUSDT,4,123,7.36550076419805e-07,0.9999728543085652,1.808543704907565
ETHUSDT,4,124,7.332988817698806e-07,0.9999735876074469,1.8045477575908868
ETHUSDT,4,125,7.279370784424405e-07,0.9999743155445253,1.797938323044144
ETHUSDT,4,126,7.263686480548552e-07,0.9999750419131733,1.796000338429172
ETHUSDT,4,127,7.202224457208841e-07,0.999975762135619,1.7883857258713325
ETHUSDT,4,128,7.15840350320316e-07,0.9999764779759693,1.782936830244648
ETHUSDT,4,129,7.080865714957019e-07,0.999977186062541,1.7732544075371983
ETHUSDT,4,130,7.03929534252958e-07,0.9999778899920754,1.7680415310893036
ETHUSDT,4,131,6.988720880687635e-07,0.9999785888641635,1.7616787538762066
ETHUSDT,4,132,6.96132938932896e-07,0.9999792849971023,1.7582230153676797
ETHUSDT,4,133,6.818324546660304e-07,0.999979966829557,1.74006993596908
ETHUSDT,4,134,6.772939677537306e-07,0.9999806441235247,1.7342690458918317
ETHUSDT,4,135,6.73869841121006e-07,0.9999813179933659,1.7298796067180664
ETHUSDT,4,136,6.703630212187428e-07,0.9999819883563871,1.72537258709503
ETHUSDT,4,137,6.653691904582795e-07,0.9999826537255776,1.7189340418737578
ETHUSDT,4,138,6.643340070525651e-07,0.9999833180595846,1.7175963599794417
ETHUSDT,4,139,6.570943384951624e-07,0.9999839751539231,1.7082118548664722
ETHUSDT,4,140,6.524983566995812e-07,0.9999846276522798,1.7022274121055379
ETHUSDT,4,141,6.372364279340009e-07,0.9999852648887078,1.6822020817753554
ETHUSDT,4,142,6.167152701993161e-07,0.9999858816039779,1.6548941464172215
ETHUSDT,4,143,6.16050118745696e-07,0.9999864976540966,1.6540014717403455
ETHUSDT,4,144,6.086967516277571e-07,0.9999871063508482,1.6441004980263358
ETHUSDT,4,145,6.058410784945466e-07,0.9999877121919267,1.6402393527403796
ETHUSDT,4,146,6.025981118785973e-07,0.9999883147900386,1.6358434979349956
ETHUSDT,4,147,6.006485226360198e-07,0.9999889154385613,1.633195127045376
ETHUSDT,4,148,6.004813846636636e-07,0.9999895159199459,1.6329678827389253
ETHUSDT,4,149,5.868714147089703e-07,0.9999901027913606,1.6143561297434852
ETHUSDT,4,150,5.861050419236958e-07,0.9999906888964025,1.6133017226459512
ETHUSDT,4,151,5.82383369880899e-07,0.9999912712797724,1.6081714633391477
ETHUSDT,4,152,5.812917807097599e-07,0.9999918525715531,1.606663619876972
ETHUSDT,4,153,5.756102253521824e-07,0.9999924281817785,1.598792561457347
ETHUSDT,4,154,5.662237818367492e-07,0.9999929944055603,1.58570327042888
ETHUSDT,4,155,5.462727649998517e-07,0.9999935406783254,1.5575164536968766
ETHUSDT,4,156,5.391724495551655e-07,0.9999940798507748,1.5473612442889337
ETHUSDT,4,157,5.278247056859309e-07,0.9999946076754805,1.5309913111531877
ETHUSDT,4,158,5.17976581679906e-07,0.9999951256520623,1.5166414860590969
ETHUSDT,4,159,5.159754944934298e-07,0.9999956416275567,1.513709047775934
ETHUSDT,4,160,5.091999563844283e-07,0.9999961508275133,1.5037375605850927
ETHUSDT,4,161,5.004607978658462e-07,0.9999966512883111,1.4907777451243238
ETHUSDT,4,162,4.916890663291656e-07,0.9999971429773774,1.477655328947464
ETHUSDT,4,163,4.90674638100427e-07,0.9999976336520155,1.4761302297211571
ETHUSDT,4,164,4.875355951671137e-07,0.9999981211876107,1.4714009545412097
ETHUSDT,4,165,4.80287149416321e-07,0.99999860147476,1.4604219517138275
ETHUSDT,4,166,4.7232946552808747e-07,0.9999990738042256,1.448272847244971
ETHUSDT,4,167,4.6455611583924603e-07,0.9999995383603415,1.4363059507209566
ETHUSDT,4,168,4.616396586322843e-07,1.0,1.4317903283069624
ETHUSDT,5,1,0.9890649935899123,0.9890649935899123,2361.9737515144493
ETHUSDT,5,2,0.006785607520533886,0.9958506011104462,195.63971422061348
ETHUSDT,5,3,0.0015302316883632138,0.9973808327988094,92.90546195666602
ETHUSDT,5,4,0.0006752441216060785,0.9980560769204155,61.71533028617147
ETHUSDT,5,5,0.0004133731581114922,0.998469450078527,48.28739624005083
ETHUSDT,5,6,0.0002921943272872985,0.9987616444058144,40.59742999866778
ETHUSDT,5,7,0.00020671424245891974,0.9989683586482733,34.1466302292595
ETHUSDT,5,8,0.00017296286817331853,0.9991413215164465,31.23482598348224
ETHUSDT,5,9,0.00010885207751332237,0.9992501735939598,24.778842354348278
ETHUSDT,5,10,7.748422579172962e-05,0.9993276578197515,20.9059207881602
ETHUSDT,5,11,6.666939102003506e-05,0.9993943272107716,19.39214704429627
ETHUSDT,5,12,5.327641004831301e-05,0.9994476036208199,17.335250748648356
ETHUSDT,5,13,4.166880706948669e-05,0.9994892724278893,15.330918862095182
ETHUSDT,5,14,2.8386089742012387e-05,0.9995176585176313,12.6536389153
ETHUSDT,5,15,2.5192215043263218e-05,0.9995428507326746,11.920537243473133
ETHUSDT,5,16,2.4689257401927654e-05,0.9995675399900766,11.800941712478402
ETHUSDT,5,17,2.4589776731346208e-05,0.999592129766808,11.777142889123446
ETHUSDT,5,18,2.4099894473109365e-05,0.9996162296612812,11.659239459116543
ETHUSDT,5,19,1.8638863183756992e-05,0.9996348685244649,10.25350533594728
ETHUSDT,5,20,1.835336282769097e-05,0.9996532218872927,10.174673378830072
ETHUSDT,5,21,1.6734976057973868e-05,0.9996699568633506,9.715724674598755
ETHUSDT,5,22,1.378629798921169e-05,0.9996837431613398,8.818332747064334
ETHUSDT,5,23,1.2680414609738244e-05,0.9996964235759496,8.457254084375691
ETHUSDT,5,24,1.2448448297788248e-05,0.9997088720242472,8.379541602528397
ETHUSDT,5,25,1.1827841191773622e-05,0.999720699865439,8.16799369651557
ETHUSDT,5,26,1.0229921782300146e-05,0.9997309297872213,7.596242281894517
ETHUSDT,5,27,9.184936655732807e-06,0.999740114723877,7.19781589791836
ETHUSDT,5,28,9.151608004881353e-06,0.9997492663318819,7.184744958057564
ETHUSDT,5,29,8.879761526559694e-06,0.9997581460934084,7.077229886524278
ETHUSDT,5,30,7.269226019839706e-06,0.9997654153194282,6.403342587079635
ETHUSDT,5,31,7.019360418145573e-06,0.9997724346798463,6.292329010357912
ETHUSDT,5,32,6.965680780220023e-06,0.9997794003606266,6.2682229546266885
ETHUSDT,5,33,6.619951684346172e-06,0.999786020312311,6.110687315738131
ETHUSDT,5,34,6.536311102766421e-06,0.9997925566234138,6.071961495782409
ETHUSDT,5,35,6.4060396072543195e-06,0.999798962663021,6.0111485598576415
ETHUSDT,5,36,6.319819546287156e-06,0.9998052824825673,5.970558946429322
ETHUSDT,5,37,6.018478861664385e-06,0.9998113009614289,5.826476797096511
ETHUSDT,5,38,5.819253876279628e-06,0.9998171202153052,5.729230612791107
ETHUSDT,5,39,5.529614742162742e-06,0.9998226498300474,5.584831681854258
ETHUSDT,5,40,5.50988372490768e-06,0.9998281597137725,5.5748587550461
ETHUSDT,5,41,5.176029542197112e-06,0.9998333357433147,5.403324183844324
ETHUSDT,5,42,4.918604516749873e-06,0.9998382543478315,5.2672460201873275
ETHUSDT,5,43,4.314979891216272e-06,0.9998425693277226,4.933464865020772
ETHUSDT,5,44,4.133878702753914e-06,0.9998467032064254,4.828825551907384
ETHUSDT,5,45,4.121225730342624e-06,0.9998508244321558,4.821429855817725
ETHUSDT,5,46,3.6589465142370915e-06,0.99985448337867,4.542978506245178
ETHUSDT,5,47,3.654505035447796e-06,0.9998581378837055,4.5402203804382415
ETHUSDT,5,48,3.5952479923201085e-06,0.9998617331316977,4.5032605771241725
ETHUSDT,5,49,3.5841315120085433e-06,0.9998653172632097,4.496293162888216
ETHUSDT,5,50,3.5095552310005266e-06,0.9998688268184407,4.449269292364928
ETHUSDT,5,51,3.338898643228006e-06,0.9998721657170839,4.339745578601565
ETHUSDT,5,52,3.215971674377416e-06,0.9998753816887583,4.259109041395066
ETHUSDT,5,53,2.9878653000503846e-06,0.9998783695540584,4.105283548241722
ETHUSDT,5,54,2.9709423417246972e-06,0.9998813404964001,4.093641089877357
ETHUSDT,5,55,2.9324610666627638e-06,0.9998842729574667,4.067043138770221
ETHUSDT,5,56,2.7990403886374217e-06,0.9998870719978554,3.9734452577263712
ETHUSDT,5,57,2.546812572282917e-06,0.9998896188104277,3.7901914193374155
ETHUSDT,5,58,2.36388920167004e-06,0.9998919826996294,3.651541240481885
ETHUSDT,5,59,2.2550450644715623e-06,0.9998942377446939,3.5664838693954937
ETHUSDT,5,60,2.2404388741820536e-06,0.9998964781835681,3.5549148391644
ETHUSDT,5,61,2.188631603909087e-06,0.999898666815172,3.5135730282732927
ETHUSDT,5,62,2.1010400975240842e-06,0.9999007678552696,3.4425465536568
ETHUSDT,5,63,2.0837362830943786e-06,0.9999028515915527,3.428341126320733
ETHUSDT,5,64,2.075810155581516e-06,0.999904927401708,3.4218145425450897
ETHUSDT,5,65,2.0593541493407285e-06,0.9999069867558573,3.408224319901974
ETHUSDT,5,66,2.0560612254036298e-06,0.9999090428170827,3.4054983406267687
ETHUSDT,5,67,2.037222129212665e-06,0.9999110800392119,3.3898606375538387
ETHUSDT,5,68,1.9417384867634236e-06,0.9999130217776987,3.309466740796428
ETHUSDT,5,69,1.899109297116087e-06,0.9999149208869959,3.2729368923511135
ETHUSDT,5,70,1.8519223165830137e-06,0.9999167728093125,3.2320199595482255
ETHUSDT,5,71,1.782384353009534e-06,0.9999185551936655,3.1707597167848505
ETHUSDT,5,72,1.5691444796366435e-06,0.999920124338145,2.975048966292559
ETHUSDT,5,73,1.4956161273240006e-06,0.9999216199542723,2.9045089650031604
ETHUSDT,5,74,1.4662761458477684e-06,0.9999230862304181,2.8758785141707386
ETHUSDT,5,75,1.447245720423316e-06,0.9999245334761385,2.8571549154044362
ETHUSDT,5,76,1.415044558592199e-06,0.9999259485206972,2.8251903187564427
ETHUSDT,5,77,1.3757541171195707e-06,0.9999273242748142,2.7856917763860065
ETHUSDT,5,78,1.369131615545638e-06,0.9999286934064298,2.778978911515289
ETHUSDT,5,79,1.2970323349491966e-06,0.9999299904387647,2.704818032421851
ETHUSDT,5,80,1.2470361536001375e-06,0.9999312374749184,2.65217498065209
ETHUSDT,5,81,1.2284826194228936e-06,0.9999324659575378,2.632371376367087
ETHUSDT,5,82,1.2260036379508105e-06,0.9999336919611758,2.6297140757552557
ETHUSDT,5,83,1.2240015047343363e-06,0.9999349159626805,2.627565962560117
ETHUSDT,5,84,1.2189554301419195e-06,0.9999361349181106,2.622144160655262
ETHUSDT,5,85,1.2151996076286793e-06,0.9999373501177182,2.6181013935274366
ETHUSDT,5,86,1.2045593073220055e-06,0.9999385546770255,2.606614131182535
ETHUSDT,5,87,1.1952959297272483e-06,0.9999397499729552,2.596572013486145
ETHUSDT,5,88,1.1848583039295387e-06,0.9999409348312593,2.5852101943836083
ETHUSDT,5,89,1.1845673783952316e-06,0.9999421193986378,2.5848927936330592
ETHUSDT,5,90,1.1499421703970946e-06,0.9999432693408081,2.5468340751493472
ETHUSDT,5,91,1.1484870582218887e-06,0.9999444178278664,2.5452222104575397
ETHUSDT,5,92,1.1116529669264723e-06,0.9999455294808333,2.5040746245360657
ETHUSDT,5,93,1.1007450926908324e-06,0.999946630225926,2.4917589710547627
ETHUSDT,5,94,1.0979640424288239e-06,0.9999477281899685,2.4886092456880418
ETHUSDT,5,95,1.0828900113931157e-06,0.9999488110799799,2.4714670538495933
ETHUSDT,5,96,1.0509000002795158e-06,0.99994986197998,2.4346881815905332
ETHUSDT,5,97,1.0421547983699631e-06,0.9999509041347784,2.424536730116827
ETHUSDT,5,98,1.018681781452616e-06,0.9999519228165599,2.3970766480155796
ETHUSDT,5,99,9.998133667202248e-07,0.9999529226299266,2.374773099965991
ETHUSDT,5,100,9.99514595486739e-07,0.9999539221445222,2.3744182502883695
ETHUSDT,5,101,9.61572819383686e-07,0.9999548837173415,2.328915551284675
ETHUSDT,5,102,9.154047749697762e-07,0.9999557991221165,2.272318677847476
ETHUSDT,5,103,9.094148276429339e-07,0.9999567085369442,2.2648720221687397
ETHUSDT,5,104,9.078929204545856e-07,0.9999576164298646,2.262976095126972
ETHUSDT,5,105,8.849190812434762e-07,0.9999585013489458,2.2341608200086975
ETHUSDT,5,106,8.774775668395517e-07,0.9999593788265126,2.224747168447498
ETHUSDT,5,107,8.623159097798229e-07,0.9999602411424224,2.2054430667564406
ETHUSDT,5,108,8.602949854387235e-07,0.9999611014374079,2.2028572116380234
ETHUSDT,5,109,8.448728871987703e-07,0.9999619463102951,2.1830231349056675
ETHUSDT,5,110,8.315759048419111e-07,0.9999627778861999,2.165776315516279
ETHUSDT,5,111,8.285644851182638e-07,0.999963606450685,2.1618512517650386
ETHUSDT,5,112,8.070500460507376e-07,0.9999644135007311,2.133599421108324
ETHUSDT,5,113,8.068730792393551e-07,0.9999652203738103,2.13336548457068
ETHUSDT,5,114,8.0035621299464e-07,0.9999660207300233,2.1247327490810584
ETHUSDT,5,115,7.935838541784126e-07,0.9999668143138775,2.115724246653788
ETHUSDT,5,116,7.920794608370334e-07,0.9999676063933383,2.1137179108853092
ETHUSDT,5,117,7.847548521326378e-07,0.9999683911481904,2.1039221038192792
ETHUSDT,5,118,7.759084355418011e-07,0.9999691670566259,2.092029904546555
ETHUSDT,5,119,7.72930685979139e-07,0.9999699399873119,2.088011692336496
ETHUSDT,5,120,7.69061250281056e-07,0.9999707090485623,2.0827786460244186
ETHUSDT,5,121,7.346589357193003e-07,0.999971443707498,2.035661364966745
ETHUSDT,5,122,7.337692711412062e-07,0.9999721774767691,2.034428408865516
ETHUSDT,5,123,7.218485119995622e-07,0.9999728993252811,2.017835155998804
ETHUSDT,5,124,7.103762383353066e-07,0.9999736097015195,2.001736298805144
ETHUSDT,5,125,7.088153172451603e-07,0.9999743185168367,1.9995358657581108
ETHUSDT,5,126,7.079886850858811e-07,0.9999750265055218,1.9983695797062684
ETHUSDT,5,127,6.989698392945114e-07,0.9999757254753612,1.985600482354043
ETHUSDT,5,128,6.984273720352757e-07,0.999976423902733,1.9848298251240994
ETHUSDT,5,129,6.899419818466666e-07,0.9999771138447149,1.972735852263119
ETHUSDT,5,130,6.883156717628915e-07,0.9999778021603867,1.970409444289626
ETHUSDT,5,131,6.811987367038576e-07,0.9999784833591234,1.9601963152326776
ETHUSDT,5,132,6.802722122905846e-07,0.9999791636313357,1.9588627927055684
ETHUSDT,5,133,6.701743952447498e-07,0.999979833805731,1.9442699642327252
ETHUSDT,5,134,6.668224799510164e-07,0.9999805006282109,1.9394016810376573
ETHUSDT,5,135,6.635779519919368e-07,0.9999811642061629,1.9346776982241012
ETHUSDT,5,136,6.622108936092801e-07,0.9999818264170565,1.9326838247609186
ETHUSDT,5,137,6.46338610931519e-07,0.9999824727556674,1.9093814623642689
ETHUSDT,5,138,6.387459507790398e-07,0.9999831115016182,1.8981334015195666
ETHUSDT,5,139,6.358405305075581e-07,0.9999837473421487,1.8938115260978112
ETHUSDT,5,140,6.316258702958334e-07,0.999984378968019,1.8875245386459658
ETHUSDT,5,141,6.311311123893327e-07,0.9999850100991314,1.886785136824874
ETHUSDT,5,142,6.25460175724949e-07,0.9999856355593071,1.8782892927326544
ETHUSDT,5,143,6.224074319027483e-07,0.999986257966739,1.8736999120431825
ETHUSDT,5,144,6.212502295866429e-07,0.9999868792169686,1.8719572764906807
ETHUSDT,5,145,6.113490270604264e-07,0.9999874905659957,1.856980161993399
ETHUSDT,5,146,6.068212612574772e-07,0.9999880973872569,1.8500908102709213
ETHUSDT,5,147,5.948339608915155e-07,0.9999886922212178,1.831726082088878
ETHUSDT,5,148,5.943523883679352e-07,0.9999892865736062,1.8309844570143583
ETHUSDT,5,149,5.888019005586737e-07,0.9999898753755068,1.8224148814941246
ETHUSDT,5,150,5.839401255558737e-07,0.9999904593156322,1.8148753875157517
ETHUSDT,5,151,5.829623434109598e-07,0.9999910422779756,1.8133552862701365
ETHUSDT,5,152,5.772253913445216e-07,0.999991619503367,1.804410580333062
ETHUSDT,5,153,5.721865773552224e-07,0.9999921916899444,1.7965176337096882
ETHUSDT,5,154,5.689333122325086e-07,0.9999927606232566,1.791403148645965
ETHUSDT,5,155,5.597361246715237e-07,0.9999933203593813,1.7768645375554621
ETHUSDT,5,156,5.545724684117517e-07,0.9999938749318497,1.7686496163240804
ETHUSDT,5,157,5.42672453997861e-07,0.9999944176043037,1.7495708742489755
ETHUSDT,5,158,5.399362748752144e-07,0.9999949575405785,1.7451545925966343
ETHUSDT,5,159,5.336821059607616e-07,0.9999954912226845,1.735017950017308
ETHUSDT,5,160,5.207835670459374e-07,0.9999960120062515,1.7139229236693536
ETHUSDT,5,161,5.155797820228873e-07,0.9999965275860335,1.705338476220568
ETHUSDT,5,162,5.155426251329011e-07,0.9999970431286587,1.7052770248040734
ETHUSDT,5,163,5.102416549655632e-07,0.9999975533703137,1.6964872764034353
ETHUSDT,5,164,5.015494047652566e-07,0.9999980549197184,1.6819749024640342
ETHUSDT,5,165,4.941236067344999e-07,0.9999985490433252,1.6694770487031594
ETHUSDT,5,166,4.862767782008843e-07,0.9999990353201034,1.6561681059360789
ETHUSDT,5,167,4.841738551915166e-07,0.9999995194939586,1.6525831439274876
ETHUSDT,5,168,4.805060409036987e-07,0.9999999999999994,1.6463117488256573
SOLUSDT,1,1,0.9849918588969089,0.9849918588969089,978.075648043417
SOLUSDT,1,2,0.007225912901948855,0.9922177717988577,83.77269494098869
SOLUSDT,1,3,0.002682889309043879,0.9949006611079017,51.045504797757566
SOLUSDT,1,4,0.0010833303582832433,0.9959839914661849,32.43669389144882
SOLUSDT,1,5,0.0007733460063002937,0.9967573374724852,27.405835657518207
SOLUSDT,1,6,0.0006119202758346366,0.9973692577483199,24.37830730901566
SOLUSDT,1,7,0.0005387660454294253,0.9979080237937493,22.874743571227675
SOLUSDT,1,8,0.0004704335594478401,0.9983784573531971,21.374958161461237
SOLUSDT,1,9,0.0002464277371205387,0.9986248850903177,15.470377814176498
SOLUSDT,1,10,0.00016144479693684403,0.9987863298872545,12.521840054218812
SOLUSDT,1,11,0.00012045296791259535,0.9989067828551671,10.815955161725478
SOLUSDT,1,12,7.2903914335989e-05,0.9989796867695031,8.41456266447801
SOLUSDT,1,13,6.431724090596351e-05,0.999044004010409,7.903506747374806
SOLUSDT,1,14,5.222740751691166e-05,0.9990962314179259,7.122055602119714
SOLUSDT,1,15,3.343172943526763e-05,0.9991296631473612,5.698171906968711
SOLUSDT,1,16,2.9646700331721763e-05,0.9991593098476929,5.365921406037444
SOLUSDT,1,17,2.5033023537602866e-05,0.9991843428712305,4.930747684064581
SOLUSDT,1,18,2.4848253174704684e-05,0.9992091911244052,4.912516897609474
SOLUSDT,1,19,2.4113449296187075e-05,0.9992333045737014,4.839336200766721
SOLUSDT,1,20,2.3540951921868077e-05,0.9992568455256233,4.781543771015139
SOLUSDT,1,21,2.314024512428564e-05,0.9992799857707476,4.740674127871186
SOLUSDT,1,22,2.2678400293614664e-05,0.9993026641710412,4.693127293432486
SOLUSDT,1,23,2.2599204546634637e-05,0.9993252633755878,4.684925639679669
SOLUSDT,1,24,2.2142610150119213e-05,0.999347405985738,4.6373570186774495
SOLUSDT,1,25,2.2072796005306057e-05,0.9993694787817433,4.630040611346871
SOLUSDT,1,26,2.1390703279101276e-05,0.9993908694850224,4.557940560197052
SOLUSDT,1,27,1.905902888775678e-05,0.9994099285139102,4.302357647618397
SOLUSDT,1,28,1.8647829008601746e-05,0.9994285763429188,4.255692742173253
SOLUSDT,1,29,1.853588378826965e-05,0.9994471122267071,4.242899789323077
SOLUSDT,1,30,1.8103284884427635e-05,0.9994652155115915,4.1930961241110625
SOLUSDT,1,31,1.7251319175504313e-05,0.999482466830767,4.09324067137558
SOLUSDT,1,32,1.6206536131273115e-05,0.9994986733668981,3.967356493054477
SOLUSDT,1,33,1.5786017579484395e-05,0.9995144593844776,3.9155467768034513
SOLUSDT,1,34,1.5680965331167292e-05,0.9995301403498088,3.902496505745052
SOLUSDT,1,35,1.542045855552182e-05,0.9995455608083643,3.869944794540518
SOLUSDT,1,36,1.4951615192474262e-05,0.9995605124235568,3.8106598231608864
SOLUSDT,1,37,1.432190071025501e-05,0.9995748343242671,3.7295501799822133
SOLUSDT,1,38,1.2477822674075187e-05,0.9995873121469412,3.4811723892452133
SOLUSDT,1,39,1.1008962993424972e-05,0.9995983211099346,3.269861301480277
SOLUSDT,1,40,1.0978932262138969e-05,0.9996093000421967,3.265398420476049
SOLUSDT,1,41,1.0870965405787944e-05,0.9996201710076025,3.2493027821094955
SOLUSDT,1,42,9.839248771311255e-06,0.9996300102563738,3.091271117305577
SOLUSDT,1,43,8.922977365015692e-06,0.9996389332337388,2.9438184388175452
SOLUSDT,1,44,8.706649514477285e-06,0.9996476398832532,2.9079146585923845
SOLUSDT,1,45,8.691090405608428e-06,0.9996563309736588,2.9053152205311834
SOLUSDT,1,46,8.635623024025904e-06,0.9996649665966828,2.8960293793257965
SOLUSDT,1,47,8.623301789158209e-06,0.999673589898472,2.8939626265805116
SOLUSDT,1,48,8.555376904647021e-06,0.9996821452753768,2.882542366177544
SOLUSDT,1,49,8.464572432392215e-06,0.9996906098478092,2.8672042938930575
SOLUSDT,1,50,7.957823541437734e-06,0.9996985676713507,2.7800542955188243
SOLUSDT,1,51,7.281108452991964e-06,0.9997058487798036,2.659223717255362
SOLUSDT,1,52,7.060053907319357e-06,0.9997129088337109,2.618545557216797
SOLUSDT,1,53,6.389955772372577e-06,0.9997192987894833,2.4911796735230545
SOLUSDT,1,54,6.374826843764984e-06,0.999725673616327,2.4882288538796646
SOLUSDT,1,55,6.293922048460169e-06,0.9997319675383755,2.4723890156771264
SOLUSDT,1,56,5.904570329949353e-06,0.9997378721087055,2.3946953754098783
SOLUSDT,1,57,5.776492600615445e-06,0.999743648601306,2.3685809730001908
SOLUSDT,1,58,5.261693574125612e-06,0.9997489102948802,2.260574903147293
SOLUSDT,1,59,5.1170951791393734e-06,0.9997540273900594,2.2292966995762584
SOLUSDT,1,60,5.077453452171702e-06,0.9997591048435115,2.2206448190507144
SOLUSDT,1,61,4.939644984879236e-06,0.9997640444884963,2.190301971526894
SOLUSDT,1,62,4.865217986808468e-06,0.9997689097064831,2.173738399746456
SOLUSDT,1,63,4.860528038436927e-06,0.9997737702345215,2.1726904324257186
SOLUSDT,1,64,4.806915094767757e-06,0.9997785771496164,2.1606745232355586
SOLUSDT,1,65,4.657440702183986e-06,0.9997832345903186,2.1268153820881373
SOLUSDT,1,66,4.583309485204827e-06,0.9997878178998038,2.1098215181637556
SOLUSDT,1,67,4.49437627194463e-06,0.9997923122760757,2.0892520648123827
SOLUSDT,1,68,4.4695229726811035e-06,0.9997967817990484,2.083467414492407
SOLUSDT,1,69,4.4180057551971856e-06,0.9998011998048036,2.071425242072123
SOLUSDT,1,70,4.33887273933844e-06,0.999805538677543,2.0527902755584684
SOLUSDT,1,71,4.066676878879273e-06,0.9998096053544219,1.9873573202075627
SOLUSDT,1,72,4.012870135656946e-06,0.9998136182245576,1.9741660463879718
SOLUSDT,1,73,4.006110218400119e-06,0.9998176243347761,1.9725025457504348
SOLUSDT,1,74,3.96554730167413e-06,0.9998215898820777,1.962491086289141
SOLUSDT,1,75,3.808982653273988e-06,0.999825398864731,1.9233601911033011
SOLUSDT,1,76,3.711840728957301e-06,0.99982911070546,1.8986756991885598
SOLUSDT,1,77,3.652165199040572e-06,0.999832762870659,1.8833512839164657
SOLUSDT,1,78,3.5127613750978067e-06,0.9998362756320341,1.8470576465248707
SOLUSDT,1,79,3.380338699631104e-06,0.9998396559707338,1.811908382835989
SOLUSDT,1,80,3.341309377695006e-06,0.9998429972801113,1.8014178854703355
SOLUSDT,1,81,3.3009685540397634e-06,0.9998462982486653,1.7905102812974445
SOLUSDT,1,82,3.189308366924445e-06,0.9998494875570323,1.759966420254648
SOLUSDT,1,83,3.1861049293993687e-06,0.9998526736619617,1.759082316513956
SOLUSDT,1,84,3.138265176660318e-06,0.9998558119271383,1.7458259494273527
SOLUSDT,1,85,3.0853254748597204e-06,0.9998588972526132,1.7310380653779867
SOLUSDT,1,86,3.079412718257456e-06,0.9998619766653315,1.7293785783550664
SOLUSDT,1,87,3.0311582239947814e-06,0.9998650078235555,1.715775368866661
SOLUSDT,1,88,2.9021479691266737e-06,0.9998679099715245,1.678865487404986
SOLUSDT,1,89,2.8903806596355103e-06,0.9998708003521841,1.6754583909137486
SOLUSDT,1,90,2.800667319125868e-06,0.9998736010195033,1.6492514986119002
SOLUSDT,1,91,2.795387026961443e-06,0.9998763964065303,1.6476960410467618
SOLUSDT,1,92,2.7153944979127688e-06,0.9998791118010282,1.623949771245671
SOLUSDT,1,93,2.650944875502769e-06,0.9998817627459037,1.6045618936791737
SOLUSDT,1,94,2.595579929670229e-06,0.9998843583258333,1.5877178566531165
SOLUSDT,1,95,2.5818962817017598e-06,0.999886940222115,1.5835271781560951
SOLUSDT,1,96,2.5671292912722012e-06,0.9998895073514062,1.5789922434001677
SOLUSDT,1,97,2.5176489193933544e-06,0.9998920250003256,1.5637009853888892
SOLUSDT,1,98,2.5131521202595803e-06,0.9998945381524459,1.562303889905248
SOLUSDT,1,99,2.445447777486309e-06,0.9998969836002234,1.541115973921796
SOLUSDT,1,100,2.4271604353356016e-06,0.9998994107606587,1.5353428386133898
SOLUSDT,1,101,2.39065416467182e-06,0.9999018014148233,1.5237527522411867
SOLUSDT,1,102,2.3858434420048183e-06,0.9999041872582654,1.5222188533921848
SOLUSDT,1,103,2.3386669443008844e-06,0.9999065259252097,1.5070939073729201
SOLUSDT,1,104,2.3071806956743357e-06,0.9999088331059054,1.496914275796875
SOLUSDT,1,105,2.2531470126368345e-06,0.999911086252918,1.4792817188923133
SOLUSDT,1,106,2.245382679942261e-06,0.9999133316355979,1.4767307208226441
SOLUSDT,1,107,2.178020947203747e-06,0.9999155096565451,1.4544110038403377
SOLUSDT,1,108,2.1596732154110212e-06,0.9999176693297605,1.448272040810327
SOLUSDT,1,109,2.150774974097118e-06,0.9999198201047346,1.4452853908633119
SOLUSDT,1,110,2.142140791313307e-06,0.9999219622455259,1.4423814591327138
SOLUSDT,1,111,2.1238037451354345e-06,0.999924086049271,1.43619469004223
SOLUSDT,1,112,2.1206427460938092e-06,0.9999262066920171,1.4351254997902723
SOLUSDT,1,113,2.0991994492750902e-06,0.9999283058914664,1.4278512873305693
SOLUSDT,1,114,2.0914840013097363e-06,0.9999303973754677,1.4252248924096256
SOLUSDT,1,115,2.049815040424874e-06,0.9999324471905081,1.4109559758479224
SOLUSDT,1,116,2.0415630984709468e-06,0.9999344887536066,1.4081130685210521
SOLUSDT,1,117,2.0377784737422926e-06,0.9999365265320803,1.4068072916808139
SOLUSDT,1,118,2.0152800297254705e-06,0.9999385418121101,1.399019687892067
SOLUSDT,1,119,1.8860589995206176e-06,0.9999404278711096,1.3534236545909866
SOLUSDT,1,120,1.8707174559199807e-06,0.9999422985885655,1.3479079193064838
SOLUSDT,1,121,1.8307667562812433e-06,0.9999441293553218,1.3334374075427746
SOLUSDT,1,122,1.8276801999528053e-06,0.9999459570355218,1.3323128880393547
SOLUSDT,1,123,1.7811737745168438e-06,0.9999477382092963,1.315252910736546
SOLUSDT,1,124,1.7456483122246003e-06,0.9999494838576085,1.302070507314804
SOLUSDT,1,125,1.7369340685919428e-06,0.9999512207916771,1.2988164854547564
SOLUSDT,1,126,1.7227680417605797e-06,0.9999529435597189,1.293509220802933
SOLUSDT,1,127,1.6927420710750826e-06,0.9999546363017899,1.2821874439272483
SOLUSDT,1,128,1.6838245764184632e-06,0.9999563201263665,1.2788056534181511
SOLUSDT,1,129,1.6493746691507316e-06,0.9999579695010355,1.265656301559213
SOLUSDT,1,130,1.5605981248649654e-06,0.9999595300991605,1.2311236264704917
SOLUSDT,1,131,1.5441881698098126e-06,0.9999610742873303,1.2246337836368266
SOLUSDT,1,132,1.5302050907915767e-06,0.999962604492421,1.2190764643030014
SOLUSDT,1,133,1.5269380056591744e-06,0.9999641314304267,1.2177743660466158
SOLUSDT,1,134,1.474514194772648e-06,0.9999656059446215,1.1966870861159802
SOLUSDT,1,135,1.4663502882960346e-06,0.9999670722949098,1.1933696538773795
SOLUSDT,1,136,1.4597893062025334e-06,0.999968532084216,1.1906968768323665
SOLUSDT,1,137,1.4265021691014281e-06,0.999969958586385,1.1770430402702619
SOLUSDT,1,138,1.4176517560157384e-06,0.9999713762381411,1.173386009229927
SOLUSDT,1,139,1.3789045902083275e-06,0.9999727551427313,1.1572394606333862
SOLUSDT,1,140,1.3356066917729476e-06,0.9999740907494231,1.138925767512274
SOLUSDT,1,141,1.281740981826438e-06,0.9999753724904049,1.1157226785710204
SOLUSDT,1,142,1.2787567531263814e-06,0.9999766512471581,1.1144230743709356
SOLUSDT,1,143,1.2710550610442803e-06,0.999977922302219,1.1110620341487214
SOLUSDT,1,144,1.2317234654733873e-06,0.9999791540256847,1.0937365694971888
SOLUSDT,1,145,1.1427254891274227e-06,0.9999802967511738,1.0534819110191058
SOLUSDT,1,146,1.13932906133658e-06,0.9999814360802352,1.0519151577016934
SOLUSDT,1,147,1.1178899475770223e-06,0.9999825539701828,1.0419710457620144
SOLUSDT,1,148,1.110106553975225e-06,0.9999836640767368,1.03833730842784
SOLUSDT,1,149,1.0312488748715188e-06,0.9999846953256116,1.0007782757765173
SOLUSDT,1,150,1.0292005726490383e-06,0.9999857245261843,0.9997838915292285
SOLUSDT,1,151,1.0005707737124063e-06,0.999986725096958,0.9857800667469797
SOLUSDT,1,152,9.859850912570575e-07,0.9999877110820492,0.9785686529363105
SOLUSDT,1,153,9.651016847473508e-07,0.999988676183734,0.9681500281671772
SOLUSDT,1,154,9.515004114326495e-07,0.9999896276841453,0.9613037041365656
SOLUSDT,1,155,9.15801221883365e-07,0.9999905434853673,0.9430978067533081
SOLUSDT,1,156,9.112646766993274e-07,0.999991454750044,0.9407590255361897
SOLUSDT,1,157,8.729442720822795e-07,0.9999923276943161,0.9207662355888641
SOLUSDT,1,158,8.597183304845319e-07,0.9999931874126465,0.9137643680474863
SOLUSDT,1,159,8.437208709389735e-07,0.9999940311335175,0.9052228784243687
SOLUSDT,1,160,7.947822717456752e-07,0.9999948259157891,0.8785777715020877
SOLUSDT,1,161,7.456901095128574e-07,0.9999955716058987,0.851011280700652
SOLUSDT,1,162,7.39479965699187e-07,0.9999963110858644,0.847460240086092
SOLUSDT,1,163,6.814345083714343e-07,0.9999969925203727,0.8135199112538086
SOLUSDT,1,164,6.749810591881917e-07,0.9999976675014319,0.8096585728145204
SOLUSDT,1,165,6.585414946357243e-07,0.9999983260429265,0.7997379370282325
SOLUSDT,1,166,6.565421168946001e-07,0.9999989825850434,0.7985229841807757
SOLUSDT,1,167,5.133007838692742e-07,0.9999994958858273,0.7060607818737071
SOLUSDT,1,168,5.041141727675332e-07,1.0,0.6997140255170042
SOLUSDT,2,1,0.9916432500197915,0.9916432500197915,1433.9207253586358
SOLUSDT,2,2,0.005066855726374995,0.9967101057461665,102.4983044103003
SOLUSDT,2,3,0.0011624573323656578,0.9978725630785321,49.09484830954839
SOLUSDT,2,4,0.0005164923549255143,0.9983890554334577,32.72497780403276
SOLUSDT,2,5,0.0003428605447193126,0.998731915978177,26.662825311874336
SOLUSDT,2,6,0.00021980943360495599,0.998951725411782,21.3486577789986
SOLUSDT,2,7,0.0001811158229764088,0.9991328412347584,19.37874324731541
SOLUSDT,2,8,0.00016126259555357668,0.9992941038303119,18.285811339017386
SOLUSDT,2,9,9.757074990648672e-05,0.9993916745802184,14.223524767725625
SOLUSDT,2,10,6.398897154999082e-05,0.9994556635517684,11.5186074242574
SOLUSDT,2,11,5.341116972575063e-05,0.9995090747214942,10.52357877981041
SOLUSDT,2,12,4.244749901016288e-05,0.9995515222205044,9.381525542661825
SOLUSDT,2,13,3.116318126228922e-05,0.9995826854017666,8.03837577918457
SOLUSDT,2,14,2.5988194905202166e-05,0.9996086735966718,7.340666090714169
SOLUSDT,2,15,2.5482857884726346e-05,0.9996341564545566,7.268946593436571
SOLUSDT,2,16,2.0779101297608914e-05,0.999654935555854,6.563882407549283
SOLUSDT,2,17,1.71360962759205e-05,0.99967207165213,5.960783643103062
SOLUSDT,2,18,1.7019307777456554e-05,0.9996890909599074,5.9404365013872455
SOLUSDT,2,19,1.6819198730439033e-05,0.9997059101586379,5.90541010623489
SOLUSDT,2,20,1.5781735037234624e-05,0.9997216918936751,5.720378763977465
SOLUSDT,2,21,1.4283313411297659e-05,0.9997359752070863,5.442042070081376
SOLUSDT,2,22,1.412899120036745e-05,0.9997501041982867,5.412563309407944
SOLUSDT,2,23,1.2945550722857138e-05,0.9997630497490095,5.1809294358843045
SOLUSDT,2,24,1.0891144870126798e-05,0.9997739408938798,4.7520847717432
SOLUSDT,2,25,9.785715432309456e-06,0.9997837266093121,4.504470044013461
SOLUSDT,2,26,8.330326350107101e-06,0.9997920569356622,4.156027568795431
SOLUSDT,2,27,6.366902206454795e-06,0.9997984238378687,3.63338569125092
SOLUSDT,2,28,6.303176980177123e-06,0.9998047270148488,3.615156999164785
SOLUSDT,2,29,6.08369081129636e-06,0.9998108107056601,3.5516566859463348
SOLUSDT,2,30,5.160368602795588e-06,0.9998159710742629,3.2710544540985746
SOLUSDT,2,31,4.751890392529672e-06,0.9998207229646554,3.138922688715509
SOLUSDT,2,32,4.4573447607190355e-06,0.9998251803094163,3.040083590656916
SOLUSDT,2,33,4.382286356369937e-06,0.9998295625957726,3.0143785328543893
SOLUSDT,2,34,4.240428758479829e-06,0.9998338030245311,2.965188434457842
SOLUSDT,2,35,4.238197442722684e-06,0.9998380412219738,2.964408189976205
SOLUSDT,2,36,4.111238693048915e-06,0.9998421524606669,2.919669936060312
SOLUSDT,2,37,4.0795828336943304e-06,0.9998462320435005,2.9084077265783264
SOLUSDT,2,38,4.059508468115967e-06,0.9998502915519687,2.9012432146005716
SOLUSDT,2,39,3.9668838899803225e-06,0.9998542584358586,2.8679538355738985
SOLUSDT,2,40,3.864009606537103e-06,0.9998581224454651,2.830521842828985
SOLUSDT,2,41,3.727290961649851e-06,0.9998618497364268,2.779995289236773
SOLUSDT,2,42,3.64168669014112e-06,0.9998654914231169,2.7478859360958277
SOLUSDT,2,43,3.628661386197647e-06,0.999869120084503,2.742967320837021
SOLUSDT,2,44,3.5669729929694413e-06,0.999872687057496,2.719551719329942
SOLUSDT,2,45,3.480849328311336e-06,0.9998761679068243,2.6865196676896126
SOLUSDT,2,46,3.2627719983618467e-06,0.9998794306788227,2.6010025329928763
SOLUSDT,2,47,2.975252601324347e-06,0.999882405931424,2.4837583130674314
SOLUSDT,2,48,2.798477264521877e-06,0.9998852044086887,2.408841936488667
SOLUSDT,2,49,2.755160961062183e-06,0.9998879595696497,2.3901265710585595
SOLUSDT,2,50,2.6898186613955202e-06,0.9998906493883111,2.361613990977888
SOLUSDT,2,51,2.6821746118293315e-06,0.9998933315629229,2.3582559322400094
SOLUSDT,2,52,2.6090873395696365e-06,0.9998959406502625,2.3259036520790577
SOLUSDT,2,53,2.2246108925334685e-06,0.999898165261155,2.147704077099281
SOLUSDT,2,54,2.2228469885413404e-06,0.9999003881081436,2.1468524461343335
SOLUSDT,2,55,2.0864520974162604e-06,0.9999024745602411,2.0799438983059924
SOLUSDT,2,56,1.943376112641462e-06,0.9999044179363535,2.007362663051476
SOLUSDT,2,57,1.9348532348645033e-06,0.9999063527895884,2.0029560776385518
SOLUSDT,2,58,1.8151557648123474e-06,0.9999081679453532,1.94001175550169
SOLUSDT,2,59,1.7035577046496753e-06,0.9999098715030579,1.879428621696524
SOLUSDT,2,60,1.6472833565714763e-06,0.9999115187864145,1.8481259587439558
SOLUSDT,2,61,1.6246537823265682e-06,0.9999131434401968,1.8353877336649376
SOLUSDT,2,62,1.5241536305603126e-06,0.9999146675938273,1.777713556849658
SOLUSDT,2,63,1.44420592923433e-06,0.9999161117997565,1.730461628932146
SOLUSDT,2,64,1.442466098975697e-06,0.9999175542658555,1.7294189740250199
SOLUSDT,2,65,1.409030048767684e-06,0.9999189632959042,1.7092576777062158
SOLUSDT,2,66,1.4085882647190784e-06,0.9999203718841689,1.70898969833389
SOLUSDT,2,67,1.3876468366397205e-06,0.9999217595310056,1.6962383851663208
SOLUSDT,2,68,1.3563281787366702e-06,0.9999231158591844,1.6769874180120197
SOLUSDT,2,69,1.3230492511284095e-06,0.9999244389084355,1.6562863303329247
SOLUSDT,2,70,1.2817616749994487e-06,0.9999257206701105,1.6302381530309171
SOLUSDT,2,71,1.2681484198833118e-06,0.9999269888185304,1.6215578775047073
SOLUSDT,2,72,1.2458116089897692e-06,0.9999282346301395,1.6072135998458605
SOLUSDT,2,73,1.2447065851885946e-06,0.9999294793367246,1.6065006496415748
SOLUSDT,2,74,1.2217964480515527e-06,0.9999307011331726,1.5916473152024537
SOLUSDT,2,75,1.2085857056979135e-06,0.9999319097188784,1.5830190406288775
SOLUSDT,2,76,1.20116587738192e-06,0.9999331108847558,1.578152272581073
SOLUSDT,2,77,1.2008146341187531e-06,0.99993431169939,1.5779215151588917
SOLUSDT,2,78,1.1958387323972997e-06,0.9999355075381223,1.5746488480679033
SOLUSDT,2,79,1.1860535425332693e-06,0.9999366935916648,1.5681931749905245
SOLUSDT,2,80,1.1524212498730698e-06,0.9999378460129146,1.5457990668508035
SOLUSDT,2,81,1.1463651756551515e-06,0.9999389923780903,1.5417320622122468
SOLUSDT,2,82,1.1391069286970625e-06,0.9999401314850189,1.5368435496004451
SOLUSDT,2,83,1.1356557784831833e-06,0.9999412671407975,1.534513697505052
SOLUSDT,2,84,1.0976442960007895e-06,0.9999423647850935,1.5086143149952582
SOLUSDT,2,85,1.096122173002755e-06,0.9999434609072665,1.507567940872185
SOLUSDT,2,86,1.081414121367512e-06,0.9999445423213879,1.4974193128293074
SOLUSDT,2,87,1.0358888520820422e-06,0.9999455782102399,1.4655613107893584
SOLUSDT,2,88,1.0101901124332787e-06,0.9999465884003523,1.4472680296909262
SOLUSDT,2,89,9.963177841443145e-07,0.9999475847181365,1.437296450785548
SOLUSDT,2,90,9.910003406602782e-07,0.9999485757184772,1.4334558250410427
SOLUSDT,2,91,9.75341482069152e-07,0.9999495510599592,1.4220856683214183
SOLUSDT,2,92,9.693471485497467e-07,0.9999505204071077,1.4177089480014446
SOLUSDT,2,93,9.502784991461193e-07,0.9999514706856069,1.4036953571646218
SOLUSDT,2,94,9.500279430211604e-07,0.9999524207135498,1.403510291599204
SOLUSDT,2,95,9.441700421757888e-07,0.999953364883592,1.3991765574685855
SOLUSDT,2,96,9.405235480630523e-07,0.9999543054071403,1.3964720526643644
SOLUSDT,2,97,9.250590239033526e-07,0.9999552304661642,1.3849437474015143
SOLUSDT,2,98,9.065122016343216e-07,0.9999561369783658,1.3709898480849132
SOLUSDT,2,99,8.922252625895781e-07,0.9999570292036284,1.3601433101213767
SOLUSDT,2,100,8.914320778411395e-07,0.9999579206357062,1.3595385946681238
SOLUSDT,2,101,8.692381159268715e-07,0.9999587898738221,1.3425077232169902
SOLUSDT,2,102,8.655274632760556e-07,0.9999596554012854,1.3396391722753245
SOLUSDT,2,103,8.537459232824284e-07,0.9999605091472087,1.330490363401964
SOLUSDT,2,104,8.443887544962616e-07,0.9999613535359632,1.3231790994959072
SOLUSDT,2,105,8.267113912304131e-07,0.9999621802473544,1.3092553969394385
SOLUSDT,2,106,8.183344393056667e-07,0.9999629985817937,1.3026052560868047
SOLUSDT,2,107,8.149222970039433e-07,0.9999638135040907,1.2998867359337918
SOLUSDT,2,108,7.983954446397018e-07,0.9999646118995353,1.2866381873164099
SOLUSDT,2,109,7.941955873307696e-07,0.9999654060951226,1.283249627206066
SOLUSDT,2,110,7.875571471839358e-07,0.9999661936522698,1.2778752255879344
SOLUSDT,2,111,7.867386949092628e-07,0.9999669803909647,1.2772110504500733
SOLUSDT,2,112,7.738888342662355e-07,0.9999677542797991,1.2667377182125474
SOLUSDT,2,113,7.649351440432994e-07,0.9999685192149431,1.259388488127251
SOLUSDT,2,114,7.600381553143684e-07,0.9999692792530984,1.2553508168498193
SOLUSDT,2,115,7.552168952894773e-07,0.9999700344699937,1.2513628581827647
SOLUSDT,2,116,7.466453550470286e-07,0.9999707811153488,1.2442412512428573
SOLUSDT,2,117,7.382841533289438e-07,0.9999715193995021,1.2372549080221174
SOLUSDT,2,118,7.312651480703574e-07,0.9999722506646502,1.2313594555845058
SOLUSDT,2,119,7.309709332193625e-07,0.9999729816355835,1.2311117200763242
SOLUSDT,2,120,7.251998171514466e-07,0.9999737068354005,1.2262421914416293
SOLUSDT,2,121,7.145544050680903e-07,0.9999744213898056,1.2172087407321974
SOLUSDT,2,122,7.089548051811518e-07,0.9999751303446108,1.212430036963655
SOLUSDT,2,123,6.941458439416565e-07,0.9999758244904547,1.19970032299566
SOLUSDT,2,124,6.892392633401027e-07,0.9999765137297181,1.195452753565826
SOLUSDT,2,125,6.776106937441445e-07,0.9999771913404119,1.1853252543534025
SOLUSDT,2,126,6.737518131559438e-07,0.999977865092225,1.1819453200123389
SOLUSDT,2,127,6.645011422160229e-07,0.9999785295933672,1.1738031693323483
SOLUSDT,2,128,6.621701838611469e-07,0.999979191763551,1.1717426085740834
SOLUSDT,2,129,6.510636878481508e-07,0.9999798428272388,1.1618743090157708
SOLUSDT,2,130,6.468770235996127e-07,0.9999804897042623,1.1581325683378212
SOLUSDT,2,131,6.299456335167165e-07,0.9999811196498959,1.1428755634315735
SOLUSDT,2,132,6.207412812516444e-07,0.9999817403911772,1.134495365375685
SOLUSDT,2,133,6.173284441819903e-07,0.9999823577196213,1.1313723377207932
SOLUSDT,2,134,6.166776672999773e-07,0.9999829743972887,1.1307758439802034
SOLUSDT,2,135,6.11125377843382e-07,0.9999835855226665,1.1256738343950379
SOLUSDT,2,136,6.084085687214462e-07,0.9999841939312352,1.1231689086094283
SOLUSDT,2,137,6.067372969285785e-07,0.9999848006685321,1.1216251997616415
SOLUSDT,2,138,6.048476328085006e-07,0.999985405516165,1.1198772045776189
SOLUSDT,2,139,5.916973255024209e-07,0.9999859972134905,1.1076363887788028
SOLUSDT,2,140,5.887491944749455e-07,0.999986585962685,1.104873544700588
SOLUSDT,2,141,5.807750028891274e-07,0.9999871667376878,1.0973656703170909
SOLUSDT,2,142,5.764703440136869e-07,0.9999877432080319,1.0932913123304524
SOLUSDT,2,143,5.686901785226451e-07,0.9999883118982104,1.0858886051519507
SOLUSDT,2,144,5.68341878793619e-07,0.9999888802400893,1.085556022799331
SOLUSDT,2,145,5.565551020472445e-07,0.9999894367951913,1.0742404366204388
SOLUSDT,2,146,5.545544096455415e-07,0.999989991349601,1.0723078699729875
SOLUSDT,2,147,5.511863636641549e-07,0.9999905425359646,1.0690466186549694
SOLUSDT,2,148,5.451019811782841e-07,0.9999910876379458,1.06312980086441
SOLUSDT,2,149,5.335036378664476e-07,0.9999916211415837,1.0517586790495301
SOLUSDT,2,150,5.295743277095701e-07,0.9999921507159114,1.0478783647138508
SOLUSDT,2,151,5.284120694134614e-07,0.9999926791279807,1.046727842276949
SOLUSDT,2,152,5.17826820567067e-07,0.9999931969548014,1.0361906813254538
SOLUSDT,2,153,5.1324448380015e-07,0.9999937101992852,1.031595780527588
SOLUSDT,2,154,4.987053169695804e-07,0.9999942089046021,1.016879310293251
SOLUSDT,2,155,4.797971946755756e-07,0.9999946887017968,0.9974158471185627
SOLUSDT,2,156,4.721845428210471e-07,0.9999951608863397,0.9894715121819105
SOLUSDT,2,157,4.7103155993037034e-07,0.9999956319178995,0.9882627252542644
SOLUSDT,2,158,4.642922319591101e-07,0.9999960962101315,0.9811674240969317
SOLUSDT,2,159,4.63034579180722e-07,0.9999965592447106,0.9798376530883791
SOLUSDT,2,160,4.5739273031883336e-07,0.9999970166374409,0.973849937637194
SOLUSDT,2,161,4.259549250508924e-07,0.9999974425923659,0.9397865688954715
SOLUSDT,2,162,4.2382882850078736e-07,0.9999978664211944,0.9374382259263424
SOLUSDT,2,163,4.003778852758627e-07,0.9999982667990797,0.9111344184545708
SOLUSDT,2,164,3.995090261678403e-07,0.9999986663081059,0.9101452561881895
SOLUSDT,2,165,3.6267634885726013e-07,0.9999990289844547,0.8671755598471274
SOLUSDT,2,166,3.6142443090743624e-07,0.9999993904088856,0.865677569775034
SOLUSDT,2,167,3.0655805831079117e-07,0.9999996969669439,0.7972669849886295
SOLUSDT,2,168,3.030330561758461e-07,1.0000000000000002,0.7926699871485895
SOLUSDT,3,1,0.9915081640843826,0.9915081640843826,1801.5314517363781
SOLUSDT,3,2,0.005249392734182378,0.9967575568185649,131.08356201107753
SOLUSDT,3,3,0.0011613951536679327,0.9979189519722329,61.657186874224905
SOLUSDT,3,4,0.0004964044688113517,0.9984153564410443,40.309883460682755
SOLUSDT,3,5,0.0003293801969503625,0.9987447366379947,32.83541002089034
SOLUSDT,3,6,0.00022300204637737574,0.998967738684372,27.01768447575812
SOLUSDT,3,7,0.00017988046533302634,0.9991476191497051,24.26530209455839
SOLUSDT,3,8,0.000155730656156662,0.9993033498058616,22.577755104648382
SOLUSDT,3,9,9.513110540254777e-05,0.9993984809112642,17.646353416143086
SOLUSDT,3,10,6.351540430537654e-05,0.9994619963155695,14.418936684015257
SOLUSDT,3,11,5.202414477672314e-05,0.9995140204603462,13.049569241449518
SOLUSDT,3,12,4.0664668975928115e-05,0.9995546851293221,11.537250492857185
SOLUSDT,3,13,3.0955587456122245e-05,0.9995856407167782,10.06614602949781
SOLUSDT,3,14,2.6078971778305114e-05,0.9996117196885566,9.239297119888914
SOLUSDT,3,15,2.5495539296719995e-05,0.9996372152278533,9.135362867802527
SOLUSDT,3,16,2.121840327303287e-05,0.9996584336311265,8.333933888294162
SOLUSDT,3,17,1.7079123532420086e-05,0.9996755127546589,7.476984686901072
SOLUSDT,3,18,1.6376163847291512e-05,0.9996918889185062,7.321495314162643
SOLUSDT,3,19,1.6236046646879957e-05,0.9997081249651532,7.290106056964603
SOLUSDT,3,20,1.5317956351643422e-05,0.9997234429215048,7.080992186220141
SOLUSDT,3,21,1.4331690415847818e-05,0.9997377746119207,6.84924041178872
SOLUSDT,3,22,1.432202461254459e-05,0.9997520966365332,6.846930336182602
SOLUSDT,3,23,1.2870339894476192e-05,0.9997649669764277,6.490657749463278
SOLUSDT,3,24,1.0748145403720632e-05,0.9997757151218313,5.931444455420924
SOLUSDT,3,25,9.570153232813702e-06,0.999785285275064,5.596972165270069
SOLUSDT,3,26,8.033672178467527e-06,0.9997933189472425,5.128032326910969
SOLUSDT,3,27,6.371450420449219e-06,0.999799690397663,4.566809074032053
SOLUSDT,3,28,6.3571447105947555e-06,0.9998060475423737,4.561679303384485
SOLUSDT,3,29,5.985946930993452e-06,0.9998120334893047,4.426496574107345
SOLUSDT,3,30,5.088575830840126e-06,0.9998171220651355,4.081237107789619
SOLUSDT,3,31,4.694721201889707e-06,0.9998218167863374,3.920113167601162
SOLUSDT,3,32,4.309346346482862e-06,0.9998261261326838,3.7557735698652714
SOLUSDT,3,33,4.291660506567615e-06,0.9998304177931904,3.748058675644482
SOLUSDT,3,34,4.218844978216324e-06,0.9998346366381686,3.716126463582106
SOLUSDT,3,35,4.216342122174078e-06,0.9998388529802908,3.7150239924686743
SOLUSDT,3,36,4.166468585512357e-06,0.9998430194488763,3.692986815381371
SOLUSDT,3,37,4.160168600666478e-06,0.999847179617477,3.6901937351018312
SOLUSDT,3,38,4.031423915583108e-06,0.9998512110413926,3.632644805092453
SOLUSDT,3,39,3.977208509088232e-06,0.9998551882499017,3.6081358537755523
SOLUSDT,3,40,3.95855357138573e-06,0.999859146803473,3.5996639993004598
SOLUSDT,3,41,3.908164177883108e-06,0.9998630549676508,3.5766801228841985
SOLUSDT,3,42,3.902254360543194e-06,0.9998669572220114,3.5739748215982687
SOLUSDT,3,43,3.777745458743923e-06,0.9998707349674701,3.5164953494995554
SOLUSDT,3,44,3.600441959590633e-06,0.9998743354094297,3.4329826494801203
SOLUSDT,3,45,3.4452650793331604e-06,0.999877780674509,3.358188131621306
SOLUSDT,3,46,3.3053007054438934e-06,0.9998810859752145,3.289267465977489
SOLUSDT,3,47,2.9610074332313813e-06,0.9998840469826478,3.113246081389245
SOLUSDT,3,48,2.853838303572815e-06,0.9998869008209512,3.056387273423404
SOLUSDT,3,49,2.8371961260631224e-06,0.9998897380170773,3.0474625716808963
SOLUSDT,3,50,2.570578936959847e-06,0.9998923085960142,2.9007424706957217
SOLUSDT,3,51,2.5669542203128975e-06,0.9998948755502345,2.898696612755612
SOLUSDT,3,52,2.5607549795299326e-06,0.999897436305214,2.89519429461221
SOLUSDT,3,53,2.154935775419509e-06,0.9998995912409894,2.6558947895031517
SOLUSDT,3,54,2.1538794897257165e-06,0.9999017451204791,2.6552437892353824
SOLUSDT,3,55,2.026028952656538e-06,0.9999037711494317,2.575232976466029
SOLUSDT,3,56,1.8672725320119933e-06,0.999905638421964,2.472279431274962
SOLUSDT,3,57,1.8554722791134389e-06,0.9999074938942432,2.4644552495205456
SOLUSDT,3,58,1.7508474898485507e-06,0.999909244741733,2.39396535035308
SOLUSDT,3,59,1.6777823076366197e-06,0.9999109225240407,2.3434813762807343
SOLUSDT,3,60,1.6120298660678424e-06,0.9999125345539067,2.2971018055276233
SOLUSDT,3,61,1.5725207318469943e-06,0.9999141070746386,2.268777420066489
SOLUSDT,3,62,1.5139931405606182e-06,0.9999156210677791,2.2261563096320893
SOLUSDT,3,63,1.5078971563932048e-06,0.9999171289649355,2.221670060289727
SOLUSDT,3,64,1.4850241696521045e-06,0.9999186139891051,2.2047556406124182
SOLUSDT,3,65,1.3822048931310122e-06,0.9999199961939982,2.1270608508325437
SOLUSDT,3,66,1.3760729019232252e-06,0.9999213722669001,2.1223373772188343
SOLUSDT,3,67,1.3643915335192707e-06,0.9999227366584337,2.11331000550488
SOLUSDT,3,68,1.3326921455542426e-06,0.9999240693505792,2.0886160950132635
SOLUSDT,3,69,1.3169264104261793e-06,0.9999253862769897,2.076225185851704
SOLUSDT,3,70,1.2929092860507008e-06,0.9999266791862758,2.0572057458944637
SOLUSDT,3,71,1.2609757976689278e-06,0.9999279401620734,2.0316415063242035
SOLUSDT,3,72,1.2076563932403045e-06,0.9999291478184665,1.9882243746293353
SOLUSDT,3,73,1.207469804799302e-06,0.9999303552882713,1.9880707738124457
SOLUSDT,3,74,1.2010554954532152e-06,0.9999315563437668,1.9827832372533714
SOLUSDT,3,75,1.1899574425890663e-06,0.9999327463012094,1.9736012708538941
SOLUSDT,3,76,1.1884921829502242e-06,0.9999339347933924,1.9723857950099843
SOLUSDT,3,77,1.18571607370248e-06,0.9999351205094661,1.9700808746453067
SOLUSDT,3,78,1.170731856281576e-06,0.9999362912413223,1.9575930715929606
SOLUSDT,3,79,1.1695508570328119e-06,0.9999374607921794,1.9566054418139063
SOLUSDT,3,80,1.1512180226069478e-06,0.9999386120102021,1.9412098722228872
SOLUSDT,3,81,1.150667562885375e-06,0.999939762677765,1.9407457179144971
SOLUSDT,3,82,1.1144735363759721e-06,0.9999408771513013,1.909978952842651
SOLUSDT,3,83,1.108534725374524e-06,0.9999419856860267,1.9048832035022876
SOLUSDT,3,84,1.0764148404103257e-06,0.999943062100867,1.8770832730843903
SOLUSDT,3,85,1.0335152941752131e-06,0.9999440956161612,1.8392982397118904
SOLUSDT,3,86,1.028715299572632e-06,0.9999451243314608,1.8350221074076178
SOLUSDT,3,87,1.0124717071831607e-06,0.9999461368031679,1.8204768025940703
SOLUSDT,3,88,9.966770348544293e-07,0.9999471334802028,1.8062211653929385
SOLUSDT,3,89,9.832022329707396e-07,0.9999481166824358,1.7939698067720988
SOLUSDT,3,90,9.808857274888187e-07,0.9999490975681633,1.791855190136157
SOLUSDT,3,91,9.7649939562644e-07,0.999950074067559,1.7878442856403287
SOLUSDT,3,92,9.6693957897268e-07,0.9999510410071379,1.7790713665073203
SOLUSDT,3,93,9.39512290649344e-07,0.9999519805194286,1.7536581351933989
SOLUSDT,3,94,9.312871487135054e-07,0.9999529118065773,1.7459648906348906
SOLUSDT,3,95,9.248504587689696e-07,0.9999538366570361,1.7399207179909022
SOLUSDT,3,96,9.168797931466664e-07,0.9999547535368292,1.732406889118288
SOLUSDT,3,97,9.062929888723072e-07,0.999955659829818,1.7223761830655906
SOLUSDT,3,98,9.00109385404724e-07,0.9999565599392034,1.7164902716176142
SOLUSDT,3,99,8.874653482305212e-07,0.9999574474045516,1.7043916726935586
SOLUSDT,3,100,8.868066494435767e-07,0.9999583342112011,1.7037590344011255
SOLUSDT,3,101,8.857337401513464e-07,0.9999592199449412,1.7027280700224234
SOLUSDT,3,102,8.610661535272319e-07,0.9999600810110947,1.6788502533384368
SOLUSDT,3,103,8.240563836949328e-07,0.9999609050674784,1.6423743938046618
SOLUSDT,3,104,8.227860203480087e-07,0.9999617278534988,1.641107965320193
SOLUSDT,3,105,8.206812558256774e-07,0.9999625485347546,1.6390075664466173
SOLUSDT,3,106,8.147937315637376e-07,0.9999633633284862,1.6331179072719655
SOLUSDT,3,107,8.095364632858418e-07,0.9999641728649495,1.6278407230780008
SOLUSDT,3,108,8.014027319732201e-07,0.9999649742676815,1.6196422998306532
SOLUSDT,3,109,7.90604422864357e-07,0.9999657648721043,1.608693552114565
SOLUSDT,3,110,7.708588157925491e-07,0.9999665357309201,1.588477702720294
SOLUSDT,3,111,7.686845041560641e-07,0.9999673044154243,1.5862358625589377
SOLUSDT,3,112,7.453028906178208e-07,0.999968049718315,1.5619247406626233
SOLUSDT,3,113,7.439125846886169e-07,0.9999687936308996,1.5604672346487345
SOLUSDT,3,114,7.377554991168177e-07,0.9999695313863988,1.5539961159298536
SOLUSDT,3,115,7.310676505872896e-07,0.9999702624540494,1.5469364930336296
SOLUSDT,3,116,7.30706857535082e-07,0.999970993160907,1.5465547275320963
SOLUSDT,3,117,7.266529177614463e-07,0.9999717198138247,1.5422586409365835
SOLUSDT,3,118,7.241669868791117e-07,0.9999724439808116,1.5396182930048736
SOLUSDT,3,119,7.157194151302498e-07,0.9999731597002268,1.5306119528407032
SOLUSDT,3,120,7.114029229173675e-07,0.9999738711031495,1.5259894247407144
SOLUSDT,3,121,7.008306052696929e-07,0.9999745719337547,1.5146079460363833
SOLUSDT,3,122,7.004950973295081e-07,0.9999752724288521,1.5142453592565008
SOLUSDT,3,123,6.883284266622606e-07,0.9999759607572788,1.501037540814586
SOLUSDT,3,124,6.852271675182688e-07,0.9999766459844464,1.497652266103037
SOLUSDT,3,125,6.771979911531668e-07,0.9999773231824375,1.488852011053334
SOLUSDT,3,126,6.68752642757347e-07,0.9999779919350802,1.4795391345176847
SOLUSDT,3,127,6.591760922531269e-07,0.9999786511111725,1.4689074214821265
SOLUSDT,3,128,6.455831280767266e-07,0.9999792966943004,1.453683253026975
SOLUSDT,3,129,6.321540126150888e-07,0.9999799288483132,1.4384843813337438
SOLUSDT,3,130,6.296833639105198e-07,0.9999805585316771,1.4356706137860014
SOLUSDT,3,131,6.240878648057268e-07,0.9999811826195419,1.4292775436992513
SOLUSDT,3,132,6.206990153305187e-07,0.9999818033185572,1.4253917129230032
SOLUSDT,3,133,6.147738948025889e-07,0.999982418092452,1.4185720873977656
SOLUSDT,3,134,6.097759402608082e-07,0.9999830278683923,1.4127940057088961
SOLUSDT,3,135,5.965554451176829e-07,0.9999836244238374,1.3973947535213718
SOLUSDT,3,136,5.924013674809488e-07,0.9999842168252049,1.392520917254675
SOLUSDT,3,137,5.913691222042566e-07,0.9999848081943271,1.3913071710232294
SOLUSDT,3,138,5.91100022567957e-07,0.9999853992943497,1.3909905812305008
SOLUSDT,3,139,5.879903934425901e-07,0.9999859872847431,1.3873269300133813
SOLUSDT,3,140,5.81824195498664e-07,0.9999865691089386,1.380033376776129
SOLUSDT,3,141,5.73227564909769e-07,0.9999871423365035,1.3698002288472315
SOLUSDT,3,142,5.720536865490492e-07,0.9999877143901901,1.3683969441741834
SOLUSDT,3,143,5.533700996256563e-07,0.9999882677602897,1.345865144635917
SOLUSDT,3,144,5.520805063649898e-07,0.999988819840796,1.3442960040298413
SOLUSDT,3,145,5.491361210572221e-07,0.999989368976917,1.340706475963348
SOLUSDT,3,146,5.479478553998299e-07,0.9999899169247725,1.3392551252298905
SOLUSDT,3,147,5.395378054976584e-07,0.999990456462578,1.3289377612172637
SOLUSDT,3,148,5.367910004659186e-07,0.9999909932535784,1.3255506113751745
SOLUSDT,3,149,5.28804107431386e-07,0.9999915220576858,1.3156522452777735
SOLUSDT,3,150,5.247252524540486e-07,0.9999920467829383,1.3105683750040928
SOLUSDT,3,151,5.163587698461638e-07,0.9999925631417081,1.3000782121252121
SOLUSDT,3,152,5.068557601045106e-07,0.9999930699974683,1.2880594092739734
SOLUSDT,3,153,5.053522322921206e-07,0.9999935753497006,1.2861475522616321
SOLUSDT,3,154,4.980146646988321e-07,0.9999940733643652,1.2767761660270234
SOLUSDT,3,155,4.89302725213558e-07,0.9999945626670904,1.265559355413346
SOLUSDT,3,156,4.861624316411339e-07,0.9999950488295221,1.2614917048637717
SOLUSDT,3,157,4.81144233118705e-07,0.9999955299737552,1.254964219409564
SOLUSDT,3,158,4.7037694440503844e-07,0.9999960003506996,1.2408426558771852
SOLUSDT,3,159,4.6619727848407113e-07,0.9999964665479781,1.2353174272344956
SOLUSDT,3,160,4.573241540777442e-07,0.9999969238721323,1.2235050639178124
SOLUSDT,3,161,4.403836281597561e-07,0.9999973642557605,1.2006302572644374
SOLUSDT,3,162,4.391042458192257e-07,0.9999978033600063,1.1988849807596318
SOLUSDT,3,163,4.0243825910321714e-07,0.9999982057982654,1.1477395099854633
SOLUSDT,3,164,4.016172843866986e-07,0.9999986074155498,1.1465682170679574
SOLUSDT,3,165,3.708790970266927e-07,0.9999989782946468,1.1018180425309068
SOLUSDT,3,166,3.7027226350279934e-07,0.9999993485669103,1.100916274469079
SOLUSDT,3,167,3.271991011001219e-07,0.9999996757660113,1.0349032534591063
SOLUSDT,3,168,3.242339885694877e-07,1.0,1.0302033806935251
SOLUSDT,4,1,0.9920757162554251,0.9920757162554251,2098.9412294075696
SOLUSDT,4,2,0.004906014451322618,0.9969817307067478,147.60201298974246
SOLUSDT,4,3,0.0010830197424658505,0.9980647504492136,69.34993455827299
SOLUSDT,4,4,0.0004620063079930066,0.9985267567572066,45.2951624368661
SOLUSDT,4,5,0.0003063456561755618,0.9988331024133822,36.88363640678183
SOLUSDT,4,6,0.00020770644163117802,0.9990408088550133,30.370563617341702
SOLUSDT,4,7,0.00016665242978432157,0.9992074612847976,27.20405810996116
SOLUSDT,4,8,0.000144175245228801,0.9993516365300265,25.303070074564538
SOLUSDT,4,9,8.84193788359594e-05,0.9994400559088624,19.815343197873503
SOLUSDT,4,10,5.908044660298674e-05,0.9994991363554654,16.197565828529065
SOLUSDT,4,11,4.841573951684266e-05,0.9995475520949823,14.662943250418072
SOLUSDT,4,12,3.787665095877045e-05,0.999585428745941,12.96921395016881
SOLUSDT,4,13,2.8734668892406026e-05,0.9996141634148334,11.296163440564149
SOLUSDT,4,14,2.412537406387361e-05,0.9996382887888973,10.350585013510193
SOLUSDT,4,15,2.3655855046359782e-05,0.9996619446439436,10.249370534915371
SOLUSDT,4,16,1.97732454352406e-05,0.9996817178893789,9.370588083310015
SOLUSDT,4,17,1.5939823159517953e-05,0.9996976577125384,8.413362826877849
SOLUSDT,4,18,1.5280347624582158e-05,0.9997129380601629,8.237482141514914
SOLUSDT,4,19,1.5097362832392044e-05,0.9997280354229953,8.18801095588957
SOLUSDT,4,20,1.4260089237550574e-05,0.9997422955122328,7.957726165250786
SOLUSDT,4,21,1.3421073205966036e-05,0.9997557165854388,7.720074501774846
SOLUSDT,4,22,1.3410593967479837e-05,0.9997691271794064,7.717059977577081
SOLUSDT,4,23,1.2001848608317638e-05,0.9997811290280146,7.300488832694331
SOLUSDT,4,24,1.0046726777367617e-05,0.999791175754792,6.679441717406805
SOLUSDT,4,25,8.939835045586213e-06,0.9998001155898376,6.300755418176181
SOLUSDT,4,26,7.488381948281572e-06,0.9998076039717859,5.7666270216253395
SOLUSDT,4,27,5.911520678632548e-06,0.9998135154924646,5.123626643746916
SOLUSDT,4,28,5.8997070519945995e-06,0.9998194151995166,5.118504536766825
SOLUSDT,4,29,5.584806933334615e-06,0.9998250000064499,4.98002990757726
SOLUSDT,4,30,4.74517934822795e-06,0.9998297451857981,4.590438619518518
SOLUSDT,4,31,4.381105090658575e-06,0.9998341262908889,4.410823748996487
SOLUSDT,4,32,4.0163915082432716e-06,0.9998381426823971,4.223241230605016
SOLUSDT,4,33,4.002167404512533e-06,0.9998421448498016,4.215756265319962
SOLUSDT,4,34,3.933758134432299e-06,0.9998460786079361,4.179570891004403
SOLUSDT,4,35,3.928566027744733e-06,0.9998500071739638,4.1768117046751305
SOLUSDT,4,36,3.8761784059386054e-06,0.9998538833523697,4.1488692434326415
SOLUSDT,4,37,3.872890335083511e-06,0.9998577562427048,4.147109176062285
SOLUSDT,4,38,3.7486889292754112e-06,0.9998615049316341,4.080069591385191
SOLUSDT,4,39,3.7003945033634176e-06,0.9998652053261374,4.053702590033462
SOLUSDT,4,40,3.6925897901847705e-06,0.9998688979159276,4.049425385807744
SOLUSDT,4,41,3.6556374973121695e-06,0.9998725535534249,4.02911284060945
SOLUSDT,4,42,3.650951775628488e-06,0.9998762045052005,4.026529795234536
SOLUSDT,4,43,3.517538884899572e-06,0.9998797220440855,3.9522765209287147
SOLUSDT,4,44,3.3589773516532696e-06,0.9998830810214372,3.8621701827457153
SOLUSDT,4,45,3.2208061877849503e-06,0.999886301827625,3.7819010766503163
SOLUSDT,4,46,3.080676023980847e-06,0.9998893825036489,3.6987151241257736
SOLUSDT,4,47,2.761471792813841e-06,0.9998921439754417,3.5018551219471155
SOLUSDT,4,48,2.6646589329676743e-06,0.9998948086343745,3.43992269805915
SOLUSDT,4,49,2.6491837386020406e-06,0.9998974578181131,3.429919356500167
SOLUSDT,4,50,2.3896826140759124e-06,0.9998998475007272,3.257601683810019
SOLUSDT,4,51,2.377485100573254e-06,0.9999022249858278,3.2492772574004856
SOLUSDT,4,52,2.375813359720254e-06,0.9999046007991875,3.2481346835218377
SOLUSDT,4,53,1.999531586382694e-06,0.9999066003307739,2.9798335347866978
SOLUSDT,4,54,1.9985580761366563e-06,0.9999085988888501,2.979108051960411
SOLUSDT,4,55,1.8857630419827131e-06,0.999910484651892,2.893819433569835
SOLUSDT,4,56,1.7514592970557963e-06,0.9999122361111891,2.788867577466651
SOLUSDT,4,57,1.7357914105923218e-06,0.9999139719025997,2.776365482395888
SOLUSDT,4,58,1.6264021338174205e-06,0.9999155983047335,2.6874589331442573
SOLUSDT,4,59,1.555981488933545e-06,0.9999171542862225,2.628633763210971
SOLUSDT,4,60,1.4938311733921232e-06,0.999918648117396,2.575601254125723
SOLUSDT,4,61,1.4586462514568636e-06,0.9999201067636474,2.5450883264200335
SOLUSDT,4,62,1.4071376067754532e-06,0.9999215139012542,2.4997475641477127
SOLUSDT,4,63,1.4007274390312825e-06,0.9999229146286932,2.494047307192368
SOLUSDT,4,64,1.379158278597225e-06,0.9999242937869716,2.4747704642513666
SOLUSDT,4,65,1.2844301814663605e-06,0.999925578217153,2.3882683311901163
SOLUSDT,4,66,1.2780367213854406e-06,0.9999268562538743,2.382316918940895
SOLUSDT,4,67,1.2677243785599714e-06,0.9999281239782529,2.3726861207803895
SOLUSDT,4,68,1.2374429031920091e-06,0.9999293614211561,2.3441772858921035
SOLUSDT,4,69,1.2233036845429484e-06,0.9999305847248406,2.3307463391180008
SOLUSDT,4,70,1.2015679765956322e-06,0.9999317862928172,2.309947138498881
SOLUSDT,4,71,1.1729320966311441e-06,0.9999329592249139,2.2822557197917477
SOLUSDT,4,72,1.1245246774038556e-06,0.9999340837495915,2.2346646759711137
SOLUSDT,4,73,1.1243907622434321e-06,0.9999352081403537,2.234531613356124
SOLUSDT,4,74,1.1189414266495473e-06,0.9999363270817804,2.229110232075882
SOLUSDT,4,75,1.1105894401633558e-06,0.9999374376712206,2.2207754035175995
SOLUSDT,4,76,1.1070464703404716e-06,0.999938544717691,2.217230247602987
SOLUSDT,4,77,1.1036987776943909e-06,0.9999396484164687,2.2138752731022757
SOLUSDT,4,78,1.0847635023717064e-06,0.999940733179971,2.1948022723188796
SOLUSDT,4,79,1.083450552297809e-06,0.9999418166305233,2.1934736240523063
SOLUSDT,4,80,1.070358698570889e-06,0.9999428869892217,2.180180948574329
SOLUSDT,4,81,1.068755574098586e-06,0.9999439557447959,2.1785476591401043
SOLUSDT,4,82,1.035800773082432e-06,0.9999449915455689,2.1446971973360593
SOLUSDT,4,83,1.03010623988242e-06,0.9999460216518088,2.138793609519253
SOLUSDT,4,84,1.0023001570466871e-06,0.9999470239519659,2.1097294633682564
SOLUSDT,4,85,9.558907602599237e-07,0.9999479798427261,2.060307297050533
SOLUSDT,4,86,9.513711255426417e-07,0.9999489312138516,2.055430762036686
SOLUSDT,4,87,9.426700863467046e-07,0.999949873883938,2.0460099046494347
SOLUSDT,4,88,9.289556419002578e-07,0.9999508028395799,2.0310721781942407
SOLUSDT,4,89,9.142503612724433e-07,0.9999517170899412,2.0149322088642125
SOLUSDT,4,90,9.126738776655688e-07,0.9999526297638189,2.0131942395606264
SOLUSDT,4,91,9.10522690662195e-07,0.9999535402865096,2.010820274271666
SOLUSDT,4,92,9.013880232899886e-07,0.999954441674533,2.0007082386237274
SOLUSDT,4,93,8.736695512323628e-07,0.9999553153440842,1.9697062769910108
SOLUSDT,4,94,8.677400485964836e-07,0.9999561830841328,1.963010803425321
SOLUSDT,4,95,8.648326485684566e-07,0.9999570479167814,1.9597194684787065
SOLUSDT,4,96,8.534947686475417e-07,0.9999579014115499,1.9468312132547443
SOLUSDT,4,97,8.411962574582118e-07,0.9999587426078074,1.9327537952698453
SOLUSDT,4,98,8.354435831922387e-07,0.9999595780513906,1.9261337127518994
SOLUSDT,4,99,8.248042841774022e-07,0.9999604028556748,1.9138298451364675
SOLUSDT,4,100,8.242413311573522e-07,0.999961227097006,1.9131766112643669
SOLUSDT,4,101,8.231362021252884e-07,0.999962050233208,1.911893603412764
SOLUSDT,4,102,8.024224795631612e-07,0.9999628526556876,1.8876845106069005
SOLUSDT,4,103,7.706718797167691e-07,0.9999636233275674,1.8499612227884528
SOLUSDT,4,104,7.703167483303666e-07,0.9999643936443157,1.8495349356656037
SOLUSDT,4,105,7.648846667044449e-07,0.9999651585289824,1.8430021688429308
SOLUSDT,4,106,7.580384747219201e-07,0.9999659165674571,1.8347356235682846
SOLUSDT,4,107,7.546334532157586e-07,0.9999666712009103,1.8306102751725022
SOLUSDT,4,108,7.449313916478977e-07,0.999967416132302,1.8188044446481966
SOLUSDT,4,109,7.341254820025923e-07,0.999968150257784,1.8055645459108083
SOLUSDT,4,110,7.154952118963856e-07,0.9999688657529958,1.7825069619099914
SOLUSDT,4,111,7.134454470321951e-07,0.9999695791984429,1.7799518499767129
SOLUSDT,4,112,6.934421079942415e-07,0.9999702726405509,1.754821609287612
SOLUSDT,4,113,6.929953616163915e-07,0.9999709656359126,1.7542562509866697
SOLUSDT,4,114,6.868121049567438e-07,0.9999716524480176,1.7464125326548752
SOLUSDT,4,115,6.828941657110422e-07,0.9999723353421832,1.7414241783713413
SOLUSDT,4,116,6.823394497968891e-07,0.999973017681633,1.7407167539978528
SOLUSDT,4,117,6.746961991278229e-07,0.9999736923778322,1.730939946416302
SOLUSDT,4,118,6.715352678858244e-07,0.9999743639131,1.7268804856307667
SOLUSDT,4,119,6.652045161161694e-07,0.9999750291176162,1.7187213164779704
SOLUSDT,4,120,6.612909815425733e-07,0.9999756904085977,1.7136580634827003
SOLUSDT,4,121,6.503147697149992e-07,0.9999763407233674,1.6993767715616364
SOLUSDT,4,122,6.498543612130134e-07,0.9999769905777286,1.6987751044298087
SOLUSDT,4,123,6.386517154396158e-07,0.999977629229444,1.6840691118324589
SOLUSDT,4,124,6.362058148688025e-07,0.9999782654352589,1.6808412046186074
SOLUSDT,4,125,6.295818468533404e-07,0.9999788950171058,1.6720681232900998
SOLUSDT,4,126,6.203079173345525e-07,0.9999795153250232,1.6597074025429592
SOLUSDT,4,127,6.121776916214204e-07,0.9999801275027148,1.6487948359337068
SOLUSDT,4,128,5.998140427284886e-07,0.9999807273167575,1.6320602352126181
SOLUSDT,4,129,5.89146164411735e-07,0.9999813164629217,1.617481775703953
SOLUSDT,4,130,5.854153914946074e-07,0.9999819018783132,1.6123522838658169
SOLUSDT,4,131,5.819256767559144e-07,0.9999824838039899,1.6075394108698404
SOLUSDT,4,132,5.773794543334836e-07,0.9999830611834443,1.6012477470880884
SOLUSDT,4,133,5.718230413089916e-07,0.9999836330064855,1.5935243141397761
SOLUSDT,4,134,5.658959957152565e-07,0.9999841989024812,1.5852442233285502
SOLUSDT,4,135,5.544847029694375e-07,0.9999847533871842,1.569179600238067
SOLUSDT,4,136,5.513440020463375e-07,0.9999853047311863,1.5647292318555466
SOLUSDT,4,137,5.50363023397892e-07,0.9999858550942097,1.5633365901097678
SOLUSDT,4,138,5.484176744349691e-07,0.9999864035118841,1.5605712086415762
SOLUSDT,4,139,5.44903555405669e-07,0.9999869484154396,1.5555633044805282
SOLUSDT,4,140,5.408353432408339e-07,0.9999874892507827,1.5497455615308797
SOLUSDT,4,141,5.324346984919287e-07,0.9999880216854813,1.5376625744030548
SOLUSDT,4,142,5.312788059605412e-07,0.9999885529642872,1.535992568307681
SOLUSDT,4,143,5.16364002326199e-07,0.9999890693282896,1.5142788201470834
SOLUSDT,4,144,5.15194936658763e-07,0.9999895845232263,1.512563659419917
SOLUSDT,4,145,5.101675964756829e-07,0.9999900946908228,1.505165669633678
SOLUSDT,4,146,5.09203198404057e-07,0.9999906038940212,1.5037423476425789
SOLUSDT,4,147,5.022964390448082e-07,0.9999911061904603,1.4935092560508578
SOLUSDT,4,148,4.999556654269231e-07,0.9999916061461257,1.4900252083473637
SOLUSDT,4,149,4.928265923847525e-07,0.999992098972718,1.479363624391591
SOLUSDT,4,150,4.886165525596627e-07,0.9999925875892706,1.4730312366273826
SOLUSDT,4,151,4.794238006077782e-07,0.9999930670130712,1.4591087574290604
SOLUSDT,4,152,4.703150001782783e-07,0.9999935373280714,1.4451811357583098
SOLUSDT,4,153,4.6886035935803755e-07,0.9999940061884307,1.4429444991603242
SOLUSDT,4,154,4.6240485986130604e-07,0.9999944685932907,1.4329764851524693
SOLUSDT,4,155,4.5460281058270963e-07,0.9999949231961012,1.4208359171552127
SOLUSDT,4,156,4.5396120005448707e-07,0.9999953771573012,1.4198329040329898
SOLUSDT,4,157,4.506489091271554e-07,0.9999958278062104,1.4146435732413132
SOLUSDT,4,158,4.385448399020039e-07,0.9999962663510503,1.3955161649102366
SOLUSDT,4,159,4.346655335465488e-07,0.9999967010165838,1.3893301839748626
SOLUSDT,4,160,4.2726223776170787e-07,0.9999971282788215,1.3774477190684473
SOLUSDT,4,161,4.102101164833556e-07,0.999997538488938,1.3496807450329702
SOLUSDT,4,162,4.0910365933168525e-07,0.9999979475925973,1.3478592732756696
SOLUSDT,4,163,3.7638580511534453e-07,0.9999983239784025,1.2928391260134136
SOLUSDT,4,164,3.755589001479347e-07,0.9999986995373026,1.2914181865215202
SOLUSDT,4,165,3.455564220530989e-07,0.9999990450937246,1.2387605127278472
SOLUSDT,4,166,3.4502387876303956e-07,0.9999993901176034,1.2378056064963059
SOLUSDT,4,167,3.062758925998738e-07,0.9999996963934961,1.166230179856244
SOLUSDT,4,168,3.0360650406528043e-07,1.0,1.1611368400360325
SOLUSDT,5,1,0.9923689150193165,0.9923689150193165,2365.915489204541
SOLUSDT,5,2,0.00472170672457003,0.9970906217438865,163.1969943062976
SOLUSDT,5,3,0.00105234703698731,0.9981429687808738,77.0445890172089
SOLUSDT,5,4,0.0004437222954030319,0.9985866910762768,50.02859161969627
SOLUSDT,5,5,0.000296865445850811,0.9988835565221277,40.92064557000642
SOLUSDT,5,6,0.0002001258594436321,0.9990836823815713,33.598064271290276
SOLUSDT,5,7,0.00016156683053195696,0.9992452492121032,30.188306747788243
SOLUSDT,5,8,0.0001281693982920981,0.9993734186103953,26.88777246270894
SOLUSDT,5,9,8.007413057829683e-05,0.9994534927409736,21.25243847044243
SOLUSDT,5,10,5.2848456119793674e-05,0.9995063411970934,17.2654858486319
SOLUSDT,5,11,4.4070506476468604e-05,0.9995504117035698,15.766549997737902
SOLUSDT,5,12,3.721343157663817e-05,0.9995876251351464,14.48813591015716
SOLUSDT,5,13,2.775019166273709e-05,0.9996153753268092,12.511104311484058
SOLUSDT,5,14,2.287667321756567e-05,0.9996382520000268,11.359496597605066
SOLUSDT,5,15,2.2359108373512855e-05,0.9996606111084003,11.230262093630618
SOLUSDT,5,16,2.0043688960538296e-05,0.9996806547973608,10.63289386530367
SOLUSDT,5,17,1.7334715358074247e-05,0.9996979895127188,9.888285768966918
SOLUSDT,5,18,1.5294227797525044e-05,0.9997132837405164,9.288090294281158
SOLUSDT,5,19,1.4042242693986232e-05,0.9997273259832103,8.899813151954305
SOLUSDT,5,20,1.3934930955086851e-05,0.9997412609141655,8.865741454907365
SOLUSDT,5,21,1.3420266144569848e-05,0.9997546811803101,8.700480056586576
SOLUSDT,5,22,1.3409437280469057e-05,0.9997680906175905,8.69696912287343
SOLUSDT,5,23,1.1882302229217087e-05,0.9997799729198198,8.186776774416288
SOLUSDT,5,24,9.862472031469764e-06,0.9997898353918513,7.4585695505712355
SOLUSDT,5,25,8.371126883738163e-06,0.9997982065187351,6.871548464532105
SOLUSDT,5,26,6.906657573963967e-06,0.999805113176309,6.241609785279851
SOLUSDT,5,27,6.177707492649818e-06,0.9998112908838017,5.9030481010271805
SOLUSDT,5,28,6.064830427088682e-06,0.9998173557142288,5.848870190646776
SOLUSDT,5,29,5.643049810869302e-06,0.9998229987640397,5.641824772464084
SOLUSDT,5,30,4.968688619993911e-06,0.9998279674526597,5.293995186051616
SOLUSDT,5,31,4.671213579074369e-06,0.9998326386662387,5.1330738660306565
SOLUSDT,5,32,4.549869484347392e-06,0.999837188535723,5.065964253072649
SOLUSDT,5,33,4.501365752201677e-06,0.9998416899014753,5.038889129745643
SOLUSDT,5,34,4.462419693956706e-06,0.9998461523211692,5.017043404808475
SOLUSDT,5,35,4.370474679293639e-06,0.9998505227958485,4.9650880632697465
SOLUSDT,5,36,4.336087821350032e-06,0.9998548588836699,4.945516855204015
SOLUSDT,5,37,4.032695666806348e-06,0.9998588915793367,4.769362974044637
SOLUSDT,5,38,3.861193809637538e-06,0.9998627527731464,4.666845808749366
SOLUSDT,5,39,3.6697794262210503e-06,0.9998664225525726,4.549698652827732
SOLUSDT,5,40,3.4615122905014754e-06,0.9998698840648631,4.418710923538972
SOLUSDT,5,41,3.4274375333032417e-06,0.9998733115023964,4.396908476458235
SOLUSDT,5,42,3.290448266430543e-06,0.9998766019506629,4.308143740827148
SOLUSDT,5,43,3.2851840556335482e-06,0.9998798871347185,4.304696177920877
SOLUSDT,5,44,3.1965497782030717e-06,0.9998830836844967,4.246228759609197
SOLUSDT,5,45,3.1662680558132765e-06,0.9998862499525526,4.226068101157432
SOLUSDT,5,46,2.9479405201702877e-06,0.9998891978930727,4.077763271460537
SOLUSDT,5,47,2.6013400395821366e-06,0.9998917992331123,3.830550695039424
SOLUSDT,5,48,2.537774095350695e-06,0.9998943370072076,3.783459866608227
SOLUSDT,5,49,2.526486787181924e-06,0.9998968634939949,3.775036605356082
SOLUSDT,5,50,2.429046809457619e-06,0.9998992925408043,3.7015242040849414
SOLUSDT,5,51,2.4067471045746377e-06,0.999901699287909,3.68449422825762
SOLUSDT,5,52,2.364400160871874e-06,0.9999040636880698,3.651935862992928
SOLUSDT,5,53,2.154674093026306e-06,0.9999062183621629,3.4862092147666917
SOLUSDT,5,54,2.1121646741079377e-06,0.999908330526837,3.4516483107021845
SOLUSDT,5,55,2.050812808403677e-06,0.9999103813396454,3.4011490304133676
SOLUSDT,5,56,1.9464283730123493e-06,0.9999123277680183,3.313461012417902
SOLUSDT,5,57,1.7807603829638774e-06,0.9999141085284012,3.1693149127447175
SOLUSDT,5,58,1.779903060416335e-06,0.9999158884314616,3.1685519094034724
SOLUSDT,5,59,1.677203208281442e-06,0.9999175656346699,3.075781594429668
SOLUSDT,5,60,1.568904833988317e-06,0.9999191345395039,2.97482177728255
SOLUSDT,5,61,1.56601606346325e-06,0.9999207005555674,2.972081796917914
SOLUSDT,5,62,1.5390447683840492e-06,0.9999222396003358,2.946376744502827
SOLUSDT,5,63,1.5024938128209073e-06,0.9999237420941486,2.9111795892039396
SOLUSDT,5,64,1.4027997902408058e-06,0.9999251448939387,2.8129401872120026
SOLUSDT,5,65,1.4021164197150443e-06,0.9999265470103584,2.8122549452431738
SOLUSDT,5,66,1.3767678425050812e-06,0.9999279237782009,2.7867179068635863
SOLUSDT,5,67,1.3384035746744055e-06,0.9999292621817756,2.7476170044801473
SOLUSDT,5,68,1.2601857650644916e-06,0.9999305223675407,2.666121495060339
SOLUSDT,5,69,1.185296020275056e-06,0.9999317076635609,2.585687671000403
SOLUSDT,5,70,1.1731798792215876e-06,0.9999328808434401,2.5724382260294014
SOLUSDT,5,71,1.1722057356366451e-06,0.9999340530491757,2.5713699991312153
SOLUSDT,5,72,1.1124508070862107e-06,0.9999351654999831,2.5049730582284684
SOLUSDT,5,73,1.101704129378732e-06,0.9999362672041124,2.4928442214012656
SOLUSDT,5,74,1.0977306759203014e-06,0.9999373649347884,2.488344761200919
SOLUSDT,5,75,1.0923325609671478e-06,0.9999384572673493,2.4822189757133235
SOLUSDT,5,76,1.0732853366325804e-06,0.9999395305526859,2.460482324628596
SOLUSDT,5,77,1.0489442127334512e-06,0.9999405794968986,2.432421576607211
SOLUSDT,5,78,1.0326359703355505e-06,0.9999416121328689,2.4134387198092915
SOLUSDT,5,79,1.0142886780637646e-06,0.999942626421547,2.3919023218949547
SOLUSDT,5,80,1.0141455300266146e-06,0.9999436405670771,2.391733529611551
SOLUSDT,5,81,9.918859724587602e-07,0.9999446324530495,2.3653397253356414
SOLUSDT,5,82,9.841511633936152e-07,0.9999456166042129,2.3560991176599577
SOLUSDT,5,83,9.838321822861644e-07,0.9999466004363952,2.3557172596479705
SOLUSDT,5,84,9.810554012715756e-07,0.9999475814917964,2.3523905067850563
SOLUSDT,5,85,9.73876737301242e-07,0.9999485553685337,2.3437681464729807
SOLUSDT,5,86,9.697017445141293e-07,0.9999495250702782,2.338738903791187
SOLUSDT,5,87,9.556548752410833e-07,0.9999504807251535,2.3217379027971394
SOLUSDT,5,88,9.401237446044971e-07,0.999951420848898,2.302794388089421
SOLUSDT,5,89,9.31870834272952e-07,0.9999523527197323,2.2926645257865395
SOLUSDT,5,90,9.045570310052526e-07,0.9999532572767633,2.2588148195653917
SOLUSDT,5,91,9.010671263512511e-07,0.9999541583438897,2.254453200422859
SOLUSDT,5,92,9.008963934432293e-07,0.9999550592402832,2.254239605023362
SOLUSDT,5,93,8.847655800174759e-07,0.9999559440058632,2.2339670388451527
SOLUSDT,5,94,8.811479493709079e-07,0.9999568251538126,2.2293952371038985
SOLUSDT,5,95,8.810834846758461e-07,0.9999577062372973,2.229313684446983
SOLUSDT,5,96,8.709222951340208e-07,0.9999585771595924,2.216421507279913
SOLUSDT,5,97,8.563462358165963e-07,0.9999594335058282,2.197795845329383
SOLUSDT,5,98,8.490603811119188e-07,0.9999602825662093,2.1884263720079535
SOLUSDT,5,99,8.433136717342888e-07,0.9999611258798811,2.181007816763717
SOLUSDT,5,100,8.390371714248018e-07,0.9999619649170525,2.1754707695436273
SOLUSDT,5,101,8.305038796807582e-07,0.9999627954209321,2.1643798612367675
SOLUSDT,5,102,7.997602348219807e-07,0.999963595181167,2.12394152003695
SOLUSDT,5,103,7.991184421647972e-07,0.9999643942996091,2.1230891372890492
SOLUSDT,5,104,7.793856926731861e-07,0.9999651736853019,2.0967124118706355
SOLUSDT,5,105,7.465358190240615e-07,0.999965920221121,2.0520501798901325
SOLUSDT,5,106,7.46358511133515e-07,0.9999666665796321,2.051806476717458
SOLUSDT,5,107,7.086541868929277e-07,0.999967375233819,1.999308582132396
SOLUSDT,5,108,7.08370339645133e-07,0.9999680836041586,1.9989081364090597
SOLUSDT,5,109,6.982428504328359e-07,0.999968781847009,1.9845676159182528
SOLUSDT,5,110,6.937106660846191e-07,0.9999694755576751,1.9781163724909883
SOLUSDT,5,111,6.932841892984817e-07,0.9999701688418644,1.9775082296053839
SOLUSDT,5,112,6.84202129551135e-07,0.9999708530439939,1.9645127976030432
SOLUSDT,5,113,6.804985090466032e-07,0.999971533542503,1.9591885795217043
SOLUSDT,5,114,6.804471900422904e-07,0.999972213989693,1.9591147031637905
SOLUSDT,5,115,6.67755068893241e-07,0.999972881744762,1.94075738864991
SOLUSDT,5,116,6.596869246111672e-07,0.9999735414316866,1.9289971661362681
SOLUSDT,5,117,6.581605825439875e-07,0.9999741995922692,1.926764277719934
SOLUSDT,5,118,6.17947499537147e-07,0.9999748175397687,1.8669747362750344
SOLUSDT,5,119,6.146506139683073e-07,0.9999754321903827,1.861987715628016
SOLUSDT,5,120,6.087873597018442e-07,0.9999760409777423,1.853085529902553
SOLUSDT,5,121,6.04356065629186e-07,0.9999766453338079,1.846329012876088
SOLUSDT,5,122,6.019402242947439e-07,0.9999772472740323,1.842635077587783
SOLUSDT,5,123,5.955572523126095e-07,0.9999778428312845,1.8328393921439237
SOLUSDT,5,124,5.829692203968801e-07,0.9999784258005049,1.8133659819712744
SOLUSDT,5,125,5.801601875322299e-07,0.9999790059606924,1.8089918611741456
SOLUSDT,5,126,5.74761578900867e-07,0.9999795807222713,1.8005555148198662
SOLUSDT,5,127,5.702206828992903e-07,0.9999801509429542,1.793428778614233
SOLUSDT,5,128,5.678423665902256e-07,0.9999807187853208,1.7896847915174419
SOLUSDT,5,129,5.663418876028358e-07,0.9999812851272083,1.7873186764571556
SOLUSDT,5,130,5.642295648491241e-07,0.9999818493567731,1.7839824224156393
SOLUSDT,5,131,5.583087785543495e-07,0.9999824076655517,1.7745975589732075
SOLUSDT,5,132,5.578354512788175e-07,0.999982965501003,1.7738451585421149
SOLUSDT,5,133,5.505133062233251e-07,0.9999835160143091,1.7621649625058633
SOLUSDT,5,134,5.504255488171855e-07,0.9999840664398579,1.7620245034216238
SOLUSDT,5,135,5.488339405521964e-07,0.9999846152737986,1.7594751277238112
SOLUSDT,5,136,5.415585293093333e-07,0.9999851568323278,1.747774310493843
SOLUSDT,5,137,5.306672236961942e-07,0.9999856874995515,1.7301102687345555
SOLUSDT,5,138,5.297227377593867e-07,0.9999862172222893,1.7285699507412478
SOLUSDT,5,139,5.282963910291093e-07,0.9999867455186803,1.7262411833920532
SOLUSDT,5,140,5.247400310406459e-07,0.9999872702587114,1.720421058662056
SOLUSDT,5,141,5.177286808685272e-07,0.9999877879873922,1.7088886439165711
SOLUSDT,5,142,5.116586700765278e-07,0.9999882996460623,1.6988413388052652
SOLUSDT,5,143,5.11194147011099e-07,0.9999888108402093,1.698069994326149
SOLUSDT,5,144,5.085996808800776e-07,0.9999893194398904,1.693755401459186
SOLUSDT,5,145,5.051334610709981e-07,0.9999898245733515,1.687973874358568
SOLUSDT,5,146,5.035144167539735e-07,0.9999903280877682,1.6852665721310873
SOLUSDT,5,147,4.978092179903019e-07,0.9999908258969862,1.675691700461663
SOLUSDT,5,148,4.961081015953768e-07,0.9999913220050878,1.6728261588876725
SOLUSDT,5,149,4.927230452203021e-07,0.999991814728133,1.667109357201752
SOLUSDT,5,150,4.920933878178381e-07,0.9999923068215208,1.6660438059442795
SOLUSDT,5,151,4.83873515781888e-07,0.9999927906950367,1.6520705048875244
SOLUSDT,5,152,4.815952486121559e-07,0.9999932722902852,1.648176616543788
SOLUSDT,5,153,4.746256357169046e-07,0.999993746915921,1.6362070042707844
SOLUSDT,5,154,4.731436310814473e-07,0.9999942200595521,1.6336505028548836
SOLUSDT,5,155,4.6826006355388173e-07,0.9999946883196156,1.6251977462702893
SOLUSDT,5,156,4.625009383526508e-07,0.999995150820554,1.6151726820597123
SOLUSDT,5,157,4.529108239375942e-07,0.9999956037313779,1.5983393862075714
SOLUSDT,5,158,4.425228959753048e-07,0.9999960462542739,1.5799033663608375
SOLUSDT,5,159,4.418179234402846e-07,0.9999964880721973,1.5786444118158058
SOLUSDT,5,160,4.353786672335522e-07,0.9999969234508644,1.5670982452920994
SOLUSDT,5,161,4.3475649415652634e-07,0.9999973582073587,1.5659781227524554
SOLUSDT,5,162,4.2854903461356007e-07,0.9999977867563933,1.5547584007302386
SOLUSDT,5,163,4.269249302194102e-07,0.9999982136813235,1.5518095119555129
SOLUSDT,5,164,4.175610954143944e-07,0.999998631242419,1.5346970759060028
SOLUSDT,5,165,3.5012523229431043e-07,0.9999989813676512,1.4053171831580547
SOLUSDT,5,166,3.4891567330458633e-07,0.9999993302833244,1.4028876458369186
SOLUSDT,5,167,3.3616003188297205e-07,0.9999996664433564,1.3770055467713607
SOLUSDT,5,168,3.3355664378355416e-07,1.0000000000000002,1.3716630799600598
XRPUSDT,1,1,0.9675531815114825,0.9675531815114825,969.3788683014515
XRPUSDT,1,2,0.020591005974123163,0.9881441874856056,141.41481439409446
XRPUSDT,1,3,0.004415626519262599,0.9925598140048683,65.48657725457932
XRPUSDT,1,4,0.0017666610624443191,0.9943264750673125,41.422160218105724
XRPUSDT,1,5,0.0012977734448226187,0.9956242485121352,35.50222460352709
XRPUSDT,1,6,0.000932410536617952,0.9965566590487531,30.092599961579374
XRPUSDT,1,7,0.0007480110807437305,0.9973046701294969,26.953188043475603
XRPUSDT,1,8,0.0005307186959025456,0.9978353888253993,22.70326503413372
XRPUSDT,1,9,0.00023300487282889397,0.9980683936982282,15.043144502742908
XRPUSDT,1,10,0.0001936412381555882,0.9982620349363838,13.713712831564335
XRPUSDT,1,11,0.0001873521388182836,0.998449387075202,13.48917699629697
XRPUSDT,1,12,0.00011897135266584933,0.9985683584278678,10.749229250504152
XRPUSDT,1,13,7.522210466288577e-05,0.9986435805325308,8.5472983933774
XRPUSDT,1,14,6.018163312392472e-05,0.9987037621656547,7.645186952784124
XRPUSDT,1,15,5.4809517776348974e-05,0.9987585716834311,7.295988085278942
XRPUSDT,1,16,5.059606106441142e-05,0.9988091677444957,7.009942886660691
XRPUSDT,1,17,4.9957522605423044e-05,0.9988591252671011,6.965568577981818
XRPUSDT,1,18,4.918036932210608e-05,0.9989083056364232,6.9111770436434306
XRPUSDT,1,19,4.53650109186924e-05,0.9989536706473419,6.637684952174316
XRPUSDT,1,20,4.353715882064778e-05,0.9989972078061625,6.502586942431731
XRPUSDT,1,21,4.246342361485495e-05,0.9990396712297773,6.421901332326431
XRPUSDT,1,22,3.5984563959564174e-05,0.9990756557937369,5.911725331410481
XRPUSDT,1,23,3.527429238229534e-05,0.9991109300861192,5.853091059946381
XRPUSDT,1,24,3.1964034645550407e-05,0.9991428941207647,5.571689704213227
XRPUSDT,1,25,2.8264436452327512e-05,0.999171158557217,5.239336484517106
XRPUSDT,1,26,2.7965515960570886e-05,0.9991991240731777,5.211557619851679
XRPUSDT,1,27,2.679942544843358e-05,0.9992259234986262,5.101746405979255
XRPUSDT,1,28,2.5822784496244656e-05,0.9992517462831224,5.007923210775975
XRPUSDT,1,29,2.5637751728955927e-05,0.9992773840348513,4.989948855567139
XRPUSDT,1,30,2.4936447812337975e-05,0.9993023204826637,4.921227246015481
XRPUSDT,1,31,2.2978117869543064e-05,0.9993252986005332,4.7240376691812225
XRPUSDT,1,32,2.246174379290826e-05,0.9993477603443259,4.670655763982486
XRPUSDT,1,33,2.1523563256717808e-05,0.9993692839075826,4.572073580273
XRPUSDT,1,34,2.1155359711416364e-05,0.999390439267294,4.532797656481617
XRPUSDT,1,35,1.9766569949681197e-05,0.9994102058372437,4.381489571788338
XRPUSDT,1,36,1.9641661782984536e-05,0.9994298474990267,4.367623960110214
XRPUSDT,1,37,1.9086533377942247e-05,0.9994489340324046,4.305460940355227
XRPUSDT,1,38,1.7113729765623047e-05,0.9994660477621703,4.076884994479389
XRPUSDT,1,39,1.6428679490444748e-05,0.9994824764416608,3.994454274435476
XRPUSDT,1,40,1.5867709447222526e-05,0.9994983441511079,3.9256650846471963
XRPUSDT,1,41,1.485268999207041e-05,0.9995131968411,3.7980325619745154
XRPUSDT,1,42,1.4838565253192056e-05,0.9995280354063532,3.7962261895759233
XRPUSDT,1,43,1.3649183316495409e-05,0.9995416845896696,3.6409059354021847
XRPUSDT,1,44,1.2475590291823083e-05,0.9995541601799615,3.480860970527392
XRPUSDT,1,45,1.1370727901048506e-05,0.9995655309078625,3.3231524044680083
XRPUSDT,1,46,1.1135149047980696e-05,0.9995766660569104,3.2885476789292905
XRPUSDT,1,47,1.1098473803515678e-05,0.999587764530714,3.283127555512402
XRPUSDT,1,48,1.0043577587094757e-05,0.999597808108301,3.1232039480647296
XRPUSDT,1,49,9.743030895912647e-06,0.999607551139197,3.0761192353934397
XRPUSDT,1,50,9.589487189326817e-06,0.9996171406263863,3.051784178832394
XRPUSDT,1,51,9.27743425186751e-06,0.9996264180606381,3.0017192348532085
XRPUSDT,1,52,9.249552963934704e-06,0.999635667613602,2.997205337476411
XRPUSDT,1,53,8.93336831427452e-06,0.9996446009819163,2.9455320018241045
XRPUSDT,1,54,8.261480443529144e-06,0.9996528624623598,2.832598788850804
XRPUSDT,1,55,8.063556110783608e-06,0.9996609260184707,2.7984621139550767
XRPUSDT,1,56,8.017754138936325e-06,0.9996689437726098,2.790502994402275
XRPUSDT,1,57,7.738007497743912e-06,0.9996766817801076,2.7413892072941524
XRPUSDT,1,58,7.505038765463983e-06,0.999684186818873,2.699806231811597
XRPUSDT,1,59,7.047820512894885e-06,0.9996912346393859,2.61627591524434
XRPUSDT,1,60,7.006189649679119e-06,0.9996982408290356,2.6085374134341164
XRPUSDT,1,61,6.700806449470724e-06,0.9997049416354851,2.55105406257444
XRPUSDT,1,62,5.903892084423347e-06,0.9997108455275695,2.394557834659381
XRPUSDT,1,63,5.840140412649019e-06,0.9997166856679821,2.381594232838168
XRPUSDT,1,64,5.773637901676163e-06,0.9997224593058839,2.367995633275344
XRPUSDT,1,65,5.706242415925012e-06,0.9997281655482998,2.3541342961449105
XRPUSDT,1,66,5.635549966007918e-06,0.9997338010982658,2.3395066170854513
XRPUSDT,1,67,5.6135938893163965e-06,0.9997394146921551,2.3349448160620825
XRPUSDT,1,68,5.582887999992022e-06,0.9997449975801551,2.328550082926336
XRPUSDT,1,69,5.3562654170041506e-06,0.9997503538455721,2.2807998209219855
XRPUSDT,1,70,5.262976177644423e-06,0.9997556168217497,2.2608504080406733
XRPUSDT,1,71,4.9916136822051235e-06,0.9997606084354319,2.2017936190903695
XRPUSDT,1,72,4.957007173464487e-06,0.9997655654426054,2.1941479036122638
XRPUSDT,1,73,4.931419139318976e-06,0.9997704968617447,2.1884774889086014
XRPUSDT,1,74,4.864900817748409e-06,0.9997753617625624,2.1736675443599447
XRPUSDT,1,75,4.736999722672651e-06,0.9997800987622851,2.1449037336574
XRPUSDT,1,76,4.723194412050636e-06,0.9997848219566972,2.141775944990248
XRPUSDT,1,77,4.500752705725165e-06,0.9997893227094029,2.09073361139623
XRPUSDT,1,78,4.210353950522485e-06,0.9997935330633534,2.022159597949439
XRPUSDT,1,79,4.181843536491155e-06,0.9997977149068898,2.0153014408242993
XRPUSDT,1,80,4.140515393120822e-06,0.9998018554222831,2.0053183472760834
XRPUSDT,1,81,4.128777666418033e-06,0.9998059841999495,2.0024739448608364
XRPUSDT,1,82,4.016477011986405e-06,0.9998100006769615,1.9750530640611375
XRPUSDT,1,83,3.8797183749078485e-06,0.9998138803953364,1.941137172756603
XRPUSDT,1,84,3.825895015144573e-06,0.9998177062903515,1.9276254423171857
XRPUSDT,1,85,3.6181903047089534e-06,0.9998213244806562,1.8745707160456149
XRPUSDT,1,86,3.6062274377295514e-06,0.999824930708094,1.8714691921969857
XRPUSDT,1,87,3.573561598605201e-06,0.9998285042696926,1.8629738626878682
XRPUSDT,1,88,3.543146382140621e-06,0.9998320474160747,1.8550288708012133
XRPUSDT,1,89,3.3713898727123692e-06,0.9998354188059474,1.8095084458209172
XRPUSDT,1,90,3.3227162456181696e-06,0.999838741522193,1.7963987863150899
XRPUSDT,1,91,3.2945522149352064e-06,0.9998420360744079,1.7887692605707388
XRPUSDT,1,92,3.1804626093662266e-06,0.9998452165370173,1.757524033951556
XRPUSDT,1,93,3.0864004347027484e-06,0.999848302937452,1.7313395950496782
XRPUSDT,1,94,3.060568413543348e-06,0.9998513635058656,1.724079037567769
XRPUSDT,1,95,3.042130521809958e-06,0.9998544056363874,1.7188779770030223
XRPUSDT,1,96,3.0396739750825133e-06,0.9998574453103624,1.7181838324207146
XRPUSDT,1,97,3.0050852908090685e-06,0.9998604503956532,1.7083801904482767
XRPUSDT,1,98,2.8906173271963937e-06,0.9998633410129804,1.6755269837014717
XRPUSDT,1,99,2.8191937395116645e-06,0.9998661602067198,1.654697408399385
XRPUSDT,1,100,2.7992308326113963e-06,0.9998689594375524,1.6488284866773881
XRPUSDT,1,101,2.7504645957856258e-06,0.9998717099021481,1.6344030161327294
XRPUSDT,1,102,2.724042947661363e-06,0.9998744339450958,1.6265338309153898
XRPUSDT,1,103,2.703678860112467e-06,0.9998771376239559,1.6204426982686262
XRPUSDT,1,104,2.669253871262219e-06,0.9998798068778274,1.610093386670734
XRPUSDT,1,105,2.66683286913316e-06,0.9998824737106965,1.6093630470360238
XRPUSDT,1,106,2.618303501507322e-06,0.999885092014198,1.5946527230378156
XRPUSDT,1,107,2.591922418219327e-06,0.9998876839366162,1.5865988112796356
XRPUSDT,1,108,2.5807159351828723e-06,0.9998902646525514,1.5831651720452558
XRPUSDT,1,109,2.5752596926181084e-06,0.999892839912244,1.5814906941073807
XRPUSDT,1,110,2.5458335258602274e-06,0.9998953857457699,1.5724292947486247
XRPUSDT,1,111,2.5269076175650962e-06,0.9998979126533875,1.5665736157104648
XRPUSDT,1,112,2.5016783577150282e-06,0.999900414331745,1.5587334712643128
XRPUSDT,1,113,2.4977085312974216e-06,0.9999029120402764,1.5574962302568516
XRPUSDT,1,114,2.4715836631906065e-06,0.9999053836239395,1.549329476373576
XRPUSDT,1,115,2.47124384442996e-06,0.999907854867784,1.5492229638309425
XRPUSDT,1,116,2.438050456634724e-06,0.9999102929182406,1.538783320642414
XRPUSDT,1,117,2.413129598861494e-06,0.9999127060478394,1.5308986809880891
XRPUSDT,1,118,2.4111776691145228e-06,0.9999151172255085,1.5302793998696365
XRPUSDT,1,119,2.3405119649796335e-06,0.9999174577374735,1.5076882782869732
XRPUSDT,1,120,2.316324821673356e-06,0.9999197740622953,1.499877727485722
XRPUSDT,1,121,2.2853325871256397e-06,0.9999220593948824,1.489809817150201
XRPUSDT,1,122,2.2242683977363097e-06,0.9999242836632801,1.4697711597485792
XRPUSDT,1,123,2.179554091548555e-06,0.9999264632173717,1.454922805562098
XRPUSDT,1,124,2.1644346187406854e-06,0.9999286276519904,1.4498676550630065
XRPUSDT,1,125,2.163379578756913e-06,0.9999307910315692,1.4495142475758358
XRPUSDT,1,126,2.146811924242861e-06,0.9999329378434935,1.443953224768745
XRPUSDT,1,127,2.114058323014776e-06,0.9999350519018165,1.4328957937611975
XRPUSDT,1,128,2.111156384562428e-06,0.999937163058201,1.431911997972677
XRPUSDT,1,129,2.0695522987991354e-06,0.9999392326105,1.4177326084322488
XRPUSDT,1,130,2.0565794478788374e-06,0.9999412891899478,1.41328214182997
XRPUSDT,1,131,2.0442936107193554e-06,0.9999433334835586,1.4090544024556049
XRPUSDT,1,132,2.0262963669962888e-06,0.9999453597799256,1.4028382807714257
XRPUSDT,1,133,1.9825009702402338e-06,0.9999473422808958,1.3875953308890436
XRPUSDT,1,134,1.9441517545288536e-06,0.9999492864326504,1.3741090703479315
XRPUSDT,1,135,1.9244861067129177e-06,0.999951210918757,1.3671416542291575
XRPUSDT,1,136,1.923869490449297e-06,0.9999531347882475,1.3669226167125477
XRPUSDT,1,137,1.8914136694677739e-06,0.999955026201917,1.3553435310268964
XRPUSDT,1,138,1.8762256286760082e-06,0.9999569024275456,1.3498908623941295
XRPUSDT,1,139,1.8699339610126667e-06,0.9999587723615067,1.34762562397989
XRPUSDT,1,140,1.7771227405622999e-06,0.9999605494842472,1.3137563787156386
XRPUSDT,1,141,1.7411366297980754e-06,0.999962290620877,1.3003867978232198
XRPUSDT,1,142,1.722982545933915e-06,0.9999640136034229,1.293589746585595
XRPUSDT,1,143,1.7154533152913752e-06,0.9999657290567382,1.290760234682454
XRPUSDT,1,144,1.7015975791626046e-06,0.9999674306543174,1.2855369234928078
XRPUSDT,1,145,1.6842445197252562e-06,0.9999691148988371,1.278965109576225
XRPUSDT,1,146,1.6711116550399162e-06,0.9999707860104922,1.2739689981581204
XRPUSDT,1,147,1.6579762448325991e-06,0.999972443986737,1.268952242123941
XRPUSDT,1,148,1.6177892316445057e-06,0.9999740617759686,1.2534790959912316
XRPUSDT,1,149,1.599495448132332e-06,0.9999756612714168,1.2463718446714465
XRPUSDT,1,150,1.5414836079532552e-06,0.9999772027550247,1.2235608738077004
XRPUSDT,1,151,1.5207326168395228e-06,0.9999787234876415,1.2152973641605076
XRPUSDT,1,152,1.4668567605865108e-06,0.9999801903444021,1.193575728948818
XRPUSDT,1,153,1.430945774174056e-06,0.9999816212901763,1.1788748803176845
XRPUSDT,1,154,1.412431079102857e-06,0.9999830337212554,1.1712234472863519
XRPUSDT,1,155,1.4101811314279864e-06,0.9999844439023868,1.170290218831171
XRPUSDT,1,156,1.3800367792882623e-06,0.9999858239391661,1.1577144554418386
XRPUSDT,1,157,1.3452415980757783e-06,0.9999871691807642,1.143026422259774
XRPUSDT,1,158,1.3158705024663644e-06,0.9999884850512667,1.1304795261124154
XRPUSDT,1,159,1.3107854049517078e-06,0.9999897958366716,1.1282930787576146
XRPUSDT,1,160,1.281437186217063e-06,0.9999910772738578,1.115590447588854
XRPUSDT,1,161,1.2527258636233694e-06,0.9999923299997214,1.10302193113189
XRPUSDT,1,162,1.246923928486004e-06,0.9999935769236499,1.10046467218945
XRPUSDT,1,163,1.241149931449477e-06,0.9999948180735814,1.097913813841133
XRPUSDT,1,164,1.2268436363116437e-06,0.9999960449172177,1.0915678422960973
XRPUSDT,1,165,1.074447201081319e-06,0.9999971193644188,1.021524212766288
XRPUSDT,1,166,1.0472810750998114e-06,0.9999981666454939,1.0085275198949886
XRPUSDT,1,167,9.248118034693292e-07,0.9999990914572974,0.9477260268789917
XRPUSDT,1,168,9.085427026354009e-07,1.0,0.9393529374740472
XRPUSDT,2,1,0.9734193221739887,0.9734193221739887,1420.6836854407795
XRPUSDT,2,2,0.016187944898252232,0.989607267072241,183.20750933559077
XRPUSDT,2,3,0.003749978124224974,0.993357245196466,88.17831162787729
XRPUSDT,2,4,0.0016845688267440812,0.99504181402321,59.10058664028205
XRPUSDT,2,5,0.0011503309341244245,0.9961921449573344,48.83810579195204
XRPUSDT,2,6,0.0007869682343754674,0.99697911319171,40.39485124833639
XRPUSDT,2,7,0.0005851673490359697,0.997564280540746,34.832725286183525
XRPUSDT,2,8,0.0004294079978200431,0.997993688538566,29.838877149248727
XRPUSDT,2,9,0.00021628125310603241,0.998209969791672,21.176630089327784
XRPUSDT,2,10,0.0001708024109704326,0.9983807722026424,18.818907615510266
XRPUSDT,2,11,0.00016259803761077112,0.9985433702402532,18.361369139371934
XRPUSDT,2,12,0.00011720682906397593,0.9986605770693172,15.589201485761738
XRPUSDT,2,13,8.59641830756652e-05,0.9987465412523929,13.350765939950298
XRPUSDT,2,14,6.127002770579502e-05,0.9988078112800988,11.271233586735184
XRPUSDT,2,15,5.39181140030134e-05,0.9988617293941018,10.573402337385657
XRPUSDT,2,16,5.351804336050687e-05,0.9989152474374622,10.534102150354506
XRPUSDT,2,17,4.887939898827137e-05,0.9989641268364504,10.06723810727776
XRPUSDT,2,18,4.722508674760383e-05,0.999011351923198,9.895410020172985
XRPUSDT,2,19,4.440739402554835e-05,0.9990557593172236,9.59566452032571
XRPUSDT,2,20,4.151219731527323e-05,0.9990972715145389,9.277592068879587
XRPUSDT,2,21,3.964576942668245e-05,0.9991369172839656,9.066628838348436
XRPUSDT,2,22,3.737053109707167e-05,0.9991742878150627,8.802621877963977
XRPUSDT,2,23,3.555080522695895e-05,0.9992098386202897,8.585629295670154
XRPUSDT,2,24,3.386011606235385e-05,0.9992436987363519,8.378989247527661
XRPUSDT,2,25,3.179342748092263e-05,0.9992754921638328,8.119253227414704
XRPUSDT,2,26,2.741291150997957e-05,0.9993029050753428,7.539195305059842
XRPUSDT,2,27,2.1931362230146374e-05,0.999324836437573,6.743420096973828
XRPUSDT,2,28,2.073453750974554e-05,0.9993455709750827,6.55684003211967
XRPUSDT,2,29,2.06675469657438e-05,0.9993662385220484,6.546239322038524
XRPUSDT,2,30,1.9823323890590993e-05,0.999386061845939,6.411145752585052
XRPUSDT,2,31,1.973850677834122e-05,0.9994058003527174,6.397415518050425
XRPUSDT,2,32,1.9268322515438617e-05,0.9994250686752328,6.320760945453594
XRPUSDT,2,33,1.902396413909053e-05,0.999444092639372,6.280553525604427
XRPUSDT,2,34,1.815144175162744e-05,0.9994622440811236,6.134836249531241
XRPUSDT,2,35,1.7951810956728956e-05,0.9994801958920804,6.101007305281277
XRPUSDT,2,36,1.7423899824519033e-05,0.9994976197919049,6.010631384018491
XRPUSDT,2,37,1.6465810335741033e-05,0.9995140856022406,5.843041437086028
XRPUSDT,2,38,1.5325440795867404e-05,0.9995294110430365,5.6370761189499765
XRPUSDT,2,39,1.263931216968396e-05,0.9995420503552062,5.11928292381895
XRPUSDT,2,40,1.2195047192425826e-05,0.9995542454023985,5.028508105931476
XRPUSDT,2,41,1.1974240608719668e-05,0.9995662196430072,4.982776438452112
XRPUSDT,2,42,1.105013620195172e-05,0.9995772697792091,4.786645089073773
XRPUSDT,2,43,1.0990878590783902e-05,0.9995882606577999,4.773793372081839
XRPUSDT,2,44,1.0582703863316757e-05,0.9995988433616633,4.684311136295002
XRPUSDT,2,45,1.0448392033895483e-05,0.9996092917536972,4.654490428933425
XRPUSDT,2,46,1.0436579164167882e-05,0.9996197283328614,4.651858519712196
XRPUSDT,2,47,9.793379234332067e-06,0.9996295217120957,4.506233564042291
XRPUSDT,2,48,8.769155806340184e-06,0.9996382908679019,4.264089436396819
XRPUSDT,2,49,8.411739834393536e-06,0.9996467026077362,4.176286919030149
XRPUSDT,2,50,8.276518245541486e-06,0.9996549791259818,4.142583302159115
XRPUSDT,2,51,7.80048247491115e-06,0.9996627796084567,4.021685864224034
XRPUSDT,2,52,7.5700876963040975e-06,0.999670349696153,3.9618485274462416
XRPUSDT,2,53,7.419873444011369e-06,0.999677769569597,3.9223438288510715
XRPUSDT,2,54,7.38482957312748e-06,0.99968515439917,3.913070301870215
XRPUSDT,2,55,7.1595981367452e-06,0.9996923139973068,3.852935467176059
XRPUSDT,2,56,6.839856910031078e-06,0.9996991538542169,3.765918526634032
XRPUSDT,2,57,6.536431084808484e-06,0.9997056902853018,3.681440241452073
XRPUSDT,2,58,6.531775785323011e-06,0.9997122220610871,3.6801290320765587
XRPUSDT,2,59,6.352955726093382e-06,0.9997185750168132,3.6294041064619296
XRPUSDT,2,60,6.135934725508801e-06,0.9997247109515387,3.566874075744
XRPUSDT,2,61,5.908168902281797e-06,0.999730619120441,3.5000468938929434
XRPUSDT,2,62,5.491600780418218e-06,0.9997361107212215,3.3744025527140162
XRPUSDT,2,63,5.404975987374514e-06,0.9997415156972088,3.34768276437264
XRPUSDT,2,64,5.3871247874057735e-06,0.9997469028219963,3.3421499387662514
XRPUSDT,2,65,5.350643168805144e-06,0.999752253465165,3.3308141920884857
XRPUSDT,2,66,5.004286710127665e-06,0.9997572577518752,3.2212060326583423
XRPUSDT,2,67,4.802466006017156e-06,0.9997620602178812,3.155582664892862
XRPUSDT,2,68,4.794953538145516e-06,0.9997668551714193,3.153113569694101
XRPUSDT,2,69,4.548400426926945e-06,0.9997714035718462,3.070978371075619
XRPUSDT,2,70,4.401633219507378e-06,0.9997758052050657,3.0210251254809046
XRPUSDT,2,71,4.377244042197516e-06,0.9997801824491079,3.012643842666889
XRPUSDT,2,72,4.13817231060306e-06,0.9997843206214185,2.92921801961783
XRPUSDT,2,73,3.832233832151029e-06,0.9997881528552507,2.818859385048599
XRPUSDT,2,74,3.803259407597421e-06,0.9997919561146583,2.808182871224618
XRPUSDT,2,75,3.7877182513081375e-06,0.9997957438329096,2.8024394970247597
XRPUSDT,2,76,3.7682303072584278e-06,0.9997995120632168,2.795220874987673
XRPUSDT,2,77,3.753266563032072e-06,0.9998032653297798,2.7896654055134014
XRPUSDT,2,78,3.6672041311230257e-06,0.999806932533911,2.757496402337063
XRPUSDT,2,79,3.615574738414168e-06,0.9998105481086493,2.73801664253768
XRPUSDT,2,80,3.595453881008807e-06,0.9998141435625305,2.730387412493146
XRPUSDT,2,81,3.546768037873735e-06,0.9998176903305683,2.7118383928135437
XRPUSDT,2,82,3.4933935062181362e-06,0.9998211837240746,2.6913561127857184
XRPUSDT,2,83,3.4201633853062917e-06,0.9998246038874599,2.6629979895305333
XRPUSDT,2,84,3.3185935558354454e-06,0.9998279224810157,2.623157967013874
XRPUSDT,2,85,3.318136356793006e-06,0.9998312406173725,2.6229772659728905
XRPUSDT,2,86,3.2496576830633355e-06,0.9998344902750556,2.5957700631785148
XRPUSDT,2,87,3.178752857235497e-06,0.9998376690279128,2.567295110491216
XRPUSDT,2,88,3.0847696003475503e-06,0.9998407537975131,2.529057934579247
XRPUSDT,2,89,3.075301799865322e-06,0.999843829099313,2.5251738492114892
XRPUSDT,2,90,3.007848935486966e-06,0.9998468369482485,2.497327055549409
XRPUSDT,2,91,2.976541781311902e-06,0.9998498134900298,2.4842963622949394
XRPUSDT,2,92,2.957720253812843e-06,0.9998527712102836,2.476429447125393
XRPUSDT,2,93,2.944181370069886e-06,0.9998557153916536,2.4707550519749306
XRPUSDT,2,94,2.9281660801537775e-06,0.9998586435577338,2.4640258780888136
XRPUSDT,2,95,2.813768917964032e-06,0.9998614573266518,2.4154142596180157
XRPUSDT,2,96,2.8040678273071696e-06,0.999864261394479,2.4112468270455083
XRPUSDT,2,97,2.7507323575931384e-06,0.9998670121268366,2.3882048721258515
XRPUSDT,2,98,2.7324224348139145e-06,0.9998697445492714,2.3802432001792457
XRPUSDT,2,99,2.7299525212453212e-06,0.9998724745017926,2.379167172539848
XRPUSDT,2,100,2.7141660893818796e-06,0.999875188667882,2.3722782220948306
XRPUSDT,2,101,2.6083679627249466e-06,0.9998777970358448,2.325582981215642
XRPUSDT,2,102,2.567582610779913e-06,0.9998803646184555,2.3073295321252423
XRPUSDT,2,103,2.5629289499053215e-06,0.9998829275474055,2.305237603535675
XRPUSDT,2,104,2.5141546211808462e-06,0.9998854417020265,2.283197097102037
XRPUSDT,2,105,2.4812739331058e-06,0.9998879229759596,2.268217874068061
XRPUSDT,2,106,2.4499747323851875e-06,0.999890372950692,2.253866635076813
XRPUSDT,2,107,2.4430241438562205e-06,0.9998928159748359,2.250667249778065
XRPUSDT,2,108,2.3812172789335683e-06,0.9998951971921148,2.222014683639263
XRPUSDT,2,109,2.3709689273379605e-06,0.9998975681610421,2.2172279423195245
XRPUSDT,2,110,2.3323175235135466e-06,0.9998999004785657,2.1990811178840852
XRPUSDT,2,111,2.300573535303776e-06,0.999902201052101,2.184064559535006
XRPUSDT,2,112,2.2726766467213274e-06,0.9999044737287478,2.1707821238448206
XRPUSDT,2,113,2.2589312094679435e-06,0.9999067326599572,2.1642075847428726
XRPUSDT,2,114,2.2401916690616686e-06,0.9999089728516263,2.155212021441497
XRPUSDT,2,115,2.217671275574194e-06,0.9999111905229019,2.14435160651582
XRPUSDT,2,116,2.196053402036675e-06,0.9999133865763039,2.1338744346313745
XRPUSDT,2,117,2.1755485561980483e-06,0.9999155621248601,2.1238889347468697
XRPUSDT,2,118,2.1545204697888247e-06,0.9999177166453299,2.113599629827388
XRPUSDT,2,119,2.1501525351063455e-06,0.999919866797865,2.111456055624051
XRPUSDT,2,120,2.134247080107791e-06,0.999922001044945,2.1036319577654243
XRPUSDT,2,121,2.1302556508829764e-06,0.9999241313005959,2.101663950506176
XRPUSDT,2,122,2.0938299907845595e-06,0.9999262251305867,2.0836180929748624
XRPUSDT,2,123,2.0485676162791257e-06,0.999928273698203,2.060974239377985
XRPUSDT,2,124,2.0379237105939736e-06,0.9999303116219136,2.0556130825798298
XRPUSDT,2,125,1.9847789719190143e-06,0.9999322964008855,2.0286330047594423
XRPUSDT,2,126,1.973625486859975e-06,0.9999342700263724,2.0229250128175162
XRPUSDT,2,127,1.967396891696936e-06,0.9999362374232641,2.0197304001946335
XRPUSDT,2,128,1.955973496984656e-06,0.9999381933967609,2.0138582331345543
XRPUSDT,2,129,1.9374418381431712e-06,0.9999401308385995,2.004295488182568
XRPUSDT,2,130,1.931086409782274e-06,0.9999420619250092,2.0010054230015286
XRPUSDT,2,131,1.9282522620784082e-06,0.9999439901772713,1.9995365018723863
XRPUSDT,2,132,1.9046992382765653e-06,0.9999458948765095,1.9872871115669184
XRPUSDT,2,133,1.879986955494218e-06,0.9999477748634651,1.974353117552995
XRPUSDT,2,134,1.856831110357062e-06,0.9999496316945754,1.962156366540782
XRPUSDT,2,135,1.8359036009132995e-06,0.9999514675981763,1.9510677427335263
XRPUSDT,2,136,1.8141201284934946e-06,0.9999532817183048,1.9394582401138774
XRPUSDT,2,137,1.8040102668918528e-06,0.9999550857285717,1.934046512353962
XRPUSDT,2,138,1.7614728587461748e-06,0.9999568472014305,1.911108701200541
XRPUSDT,2,139,1.726814795686134e-06,0.9999585740162261,1.8922141789459772
XRPUSDT,2,140,1.700882172445295e-06,0.9999602748983986,1.8779521681208342
XRPUSDT,2,141,1.6893421768164218e-06,0.9999619642405754,1.8715706432227133
XRPUSDT,2,142,1.67147064447546e-06,0.9999636357112199,1.8616446590613147
XRPUSDT,2,143,1.6596020455154884e-06,0.9999652953132654,1.8550234011694764
XRPUSDT,2,144,1.6368526068583575e-06,0.9999669321658722,1.842265414864566
XRPUSDT,2,145,1.6274551356003016e-06,0.9999685596210077,1.836969410643865
XRPUSDT,2,146,1.607534595433222e-06,0.9999701671556032,1.8256922665412691
XRPUSDT,2,147,1.576635332299756e-06,0.9999717437909355,1.808060836799728
XRPUSDT,2,148,1.5501235238331165e-06,0.9999732939144593,1.7927947236738866
XRPUSDT,2,149,1.5173285606304506e-06,0.99997481124302,1.773728842864822
XRPUSDT,2,150,1.505880186340913e-06,0.9999763171232063,1.7670247048781442
XRPUSDT,2,151,1.475424995480722e-06,0.9999777925482017,1.7490651244106048
XRPUSDT,2,152,1.4545591226791766e-06,0.9999792471073244,1.7366532009223614
XRPUSDT,2,153,1.4450478162373521e-06,0.9999806921551407,1.730965934056544
XRPUSDT,2,154,1.4328014346120704e-06,0.9999821249565753,1.7236155985036261
XRPUSDT,2,155,1.4186731426980607e-06,0.999983543629718,1.7150965977944677
XRPUSDT,2,156,1.38696338615168e-06,0.9999849305931041,1.6958206139791219
XRPUSDT,2,157,1.3765296554411968e-06,0.9999863071227596,1.6894299847145162
XRPUSDT,2,158,1.3696649252916526e-06,0.9999876767876849,1.6852121401578903
XRPUSDT,2,159,1.3437233126473526e-06,0.9999890205109976,1.6691767925982368
XRPUSDT,2,160,1.3407162846489235e-06,0.9999903612272822,1.6673080773219526
XRPUSDT,2,161,1.3083660371007698e-06,0.9999916695933194,1.6470699468519305
XRPUSDT,2,162,1.2975718522091253e-06,0.9999929671651716,1.6402616079132413
XRPUSDT,2,163,1.2491712950619225e-06,0.9999942163364667,1.6093792954968449
XRPUSDT,2,164,1.2458820277291003e-06,0.9999954622184943,1.6072590225869248
XRPUSDT,2,165,1.1754425123514287e-06,0.9999966376610068,1.5611624931089496
XRPUSDT,2,166,1.1534524879640785e-06,0.9999977911134947,1.546490537275949
XRPUSDT,2,167,1.1095734317153149e-06,0.9999989006869264,1.5167899292356595
XRPUSDT,2,168,1.0993130734653911e-06,0.9999999999999999,1.5097606724429082
XRPUSDT,3,1,0.9780331003725289,0.9780331003725289,1789.24774244558
XRPUSDT,3,2,0.013380538880543037,0.9914136392530719,209.2813381172533
XRPUSDT,3,3,0.003108585187197685,0.9945222244402696,100.87303503055925
XRPUSDT,3,4,0.0013795860570806706,0.9959018104973503,67.19981841995443
XRPUSDT,3,5,0.0009353166633164888,0.9968371271606667,55.331575595077936
XRPUSDT,3,6,0.0006491015678356693,0.9974862287285025,46.094597852842924
XRPUSDT,3,7,0.000489011121891647,0.997975239850394,40.00857374890276
XRPUSDT,3,8,0.00035636800030340907,0.9983316078506975,34.15411617666534
XRPUSDT,3,9,0.00017886014075731548,0.9985104679914548,24.196384958555484
XRPUSDT,3,10,0.00014343520872453063,0.9986539032001793,21.668137666641105
XRPUSDT,3,11,0.00013508081619532922,0.9987889840163746,21.027640300850823
XRPUSDT,3,12,9.582844305793784e-05,0.9988848124594325,17.710911681866204
XRPUSDT,3,13,7.217961804072079e-05,0.9989569920774732,15.37095995337012
XRPUSDT,3,14,5.2050639789691784e-05,0.999009042717263,13.052891780416923
XRPUSDT,3,15,4.7011271587953754e-05,0.9990560539888509,12.404940927876607
XRPUSDT,3,16,4.690600889491098e-05,0.9991029599977459,12.391045225799918
XRPUSDT,3,17,4.031424188762231e-05,0.9991432742396336,11.487431903678768
XRPUSDT,3,18,3.909847327860946e-05,0.9991823727129122,11.312890955213515
XRPUSDT,3,19,3.810751098547044e-05,0.9992204802238976,11.168606582688472
XRPUSDT,3,20,3.447041685364425e-05,0.9992549506407513,10.622261017882963
XRPUSDT,3,21,3.237966224479362e-05,0.9992873303029961,10.295083145940588
XRPUSDT,3,22,3.095564758760753e-05,0.9993182859505837,10.066155806279118
XRPUSDT,3,23,2.9446248647140616e-05,0.9993477321992308,9.817675847758938
XRPUSDT,3,24,2.7993736281961423e-05,0.9993757259355128,9.572472663663227
XRPUSDT,3,25,2.622849225681439e-05,0.9994019544277697,9.265745433916132
XRPUSDT,3,26,2.2444514048322318e-05,0.999424398941818,8.571341620104874
XRPUSDT,3,27,1.7977812958327403e-05,0.9994423767547763,7.671179237265195
XRPUSDT,3,28,1.70212259305088e-05,0.9994593979807068,7.464300576279444
XRPUSDT,3,29,1.6942461726419856e-05,0.9994763404424333,7.4470103584345075
XRPUSDT,3,30,1.6129961364836206e-05,0.9994924704037981,7.266250483919113
XRPUSDT,3,31,1.6051781946038314e-05,0.9995085221857442,7.248619900736318
XRPUSDT,3,32,1.577737276811076e-05,0.9995242995585122,7.1863943400240835
XRPUSDT,3,33,1.5556280430478557e-05,0.9995398558389427,7.13586430703742
XRPUSDT,3,34,1.4922756738153054e-05,0.9995547785956809,6.989051345073755
XRPUSDT,3,35,1.4862828307575032e-05,0.9995696414239884,6.975003530689075
XRPUSDT,3,36,1.4407175072166826e-05,0.9995840485990606,6.867254112804081
XRPUSDT,3,37,1.3735233317951774e-05,0.9995977838323785,6.705199776475819
XRPUSDT,3,38,1.28721774074045e-05,0.9996106560097859,6.491121072186687
XRPUSDT,3,39,1.0592330746007677e-05,0.9996212483405319,5.888293754465371
XRPUSDT,3,40,1.017796180502988e-05,0.9996314263023369,5.7719705917429955
XRPUSDT,3,41,1.0024626579507642e-05,0.9996414509289164,5.728327022632466
XRPUSDT,3,42,9.249154913473631e-06,0.99965070008383,5.502305859195053
XRPUSDT,3,43,9.115919352121583e-06,0.9996598160031821,5.4625313002610625
XRPUSDT,3,44,8.741514552180994e-06,0.9996685575177343,5.349177925796513
XRPUSDT,3,45,8.366510054990986e-06,0.9996769240277893,5.233182374150806
XRPUSDT,3,46,8.303920324636104e-06,0.9996852279481139,5.213570949519654
XRPUSDT,3,47,7.967703503185123e-06,0.9996931956516171,5.106934451255265
XRPUSDT,3,48,7.326334000889972e-06,0.999700521985618,4.897078414842993
XRPUSDT,3,49,7.200623737065229e-06,0.999707722609355,4.8548829116694945
XRPUSDT,3,50,6.9793496381099255e-06,0.9997147019589931,4.779705945204253
XRPUSDT,3,51,6.5146918496718064e-06,0.9997212166508428,4.617858703753606
XRPUSDT,3,52,6.314880882424991e-06,0.9997275315317252,4.546490445498849
XRPUSDT,3,53,6.161442751252322e-06,0.9997336929744765,4.490915774648557
XRPUSDT,3,54,6.130732297116929e-06,0.9997398237067736,4.479709767042996
XRPUSDT,3,55,5.946850578651985e-06,0.9997457705573523,4.412017379987129
XRPUSDT,3,56,5.690443494505943e-06,0.9997514610008467,4.315854142100755
XRPUSDT,3,57,5.374746945670341e-06,0.9997568357477923,4.194427693288571
XRPUSDT,3,58,5.308749061815021e-06,0.9997621444968541,4.168595927770867
XRPUSDT,3,59,5.226607056907794e-06,0.999767371103911,4.136219964975385
XRPUSDT,3,60,5.085525777639554e-06,0.9997724566296886,4.080013793390519
XRPUSDT,3,61,4.889188829490971e-06,0.9997773458185181,4.000480029426313
XRPUSDT,3,62,4.578293271881083e-06,0.9997819241117899,3.8711990786276567
XRPUSDT,3,63,4.4758321096432e-06,0.9997863999438995,3.8276356872722888
XRPUSDT,3,64,4.467551734305244e-06,0.999790867495634,3.8240934484557476
XRPUSDT,3,65,4.4484447903478685e-06,0.9997953159404243,3.8159071940474614
XRPUSDT,3,66,4.15739092967828e-06,0.9997994733313539,3.688961590855491
XRPUSDT,3,67,3.9555125311514735e-06,0.9998034288438851,3.5982810666161833
XRPUSDT,3,68,3.934883274897689e-06,0.99980736372716,3.5888857104011977
XRPUSDT,3,69,3.760360257460958e-06,0.9998111240874175,3.5083945552161104
XRPUSDT,3,70,3.572464981051789e-06,0.9998146965523985,3.4196187641397393
XRPUSDT,3,71,3.570046744137421e-06,0.9998182665991426,3.4184611813133046
XRPUSDT,3,72,3.428508848018406e-06,0.9998216951079908,3.350011814057501
XRPUSDT,3,73,3.199997086409652e-06,0.9998248951050772,3.236446950424146
XRPUSDT,3,74,3.174389182952513e-06,0.9998280694942602,3.2234711422981066
XRPUSDT,3,75,3.105814830686687e-06,0.9998311753090908,3.1884637296141074
XRPUSDT,3,76,3.0921210416678956e-06,0.9998342674301325,3.1814268671688852
XRPUSDT,3,77,3.088546045067926e-06,0.9998373559761775,3.1795872109243026
XRPUSDT,3,78,3.034198998059248e-06,0.9998403901751756,3.151488535713769
XRPUSDT,3,79,2.958300065948352e-06,0.9998433484752415,3.111822473321628
XRPUSDT,3,80,2.9002557556418842e-06,0.9998462487309971,3.081142964552546
XRPUSDT,3,81,2.8743194796692985e-06,0.9998491230504768,3.0673350721163923
XRPUSDT,3,82,2.823685202698865e-06,0.9998519467356795,3.0401977991927813
XRPUSDT,3,83,2.786119787252993e-06,0.9998547328554667,3.0199071729198352
XRPUSDT,3,84,2.7324788615505765e-06,0.9998574653343282,2.9906948769909385
XRPUSDT,3,85,2.7310425033518265e-06,0.9998601963768315,2.98990872749179
XRPUSDT,3,86,2.6927030808085982e-06,0.9998628890799124,2.9688478079631766
XRPUSDT,3,87,2.6378397864319293e-06,0.9998655269196988,2.9384473156762696
XRPUSDT,3,88,2.51612479611058e-06,0.9998680430444951,2.869853914157708
XRPUSDT,3,89,2.500153207066343e-06,0.9998705431977021,2.860730937108338
XRPUSDT,3,90,2.498057506468316e-06,0.9998730412552086,2.859531712118755
XRPUSDT,3,91,2.4833547339030458e-06,0.9998755246099424,2.8511041458953494
XRPUSDT,3,92,2.4747196687065576e-06,0.9998779993296112,2.846142931796153
XRPUSDT,3,93,2.452404123466966e-06,0.9998804517337346,2.833281462579019
XRPUSDT,3,94,2.358174379264377e-06,0.9998828099081138,2.778316125594537
XRPUSDT,3,95,2.311094614944872e-06,0.9998851210027287,2.7504424619021632
XRPUSDT,3,96,2.2995946469784148e-06,0.9998874205973758,2.7435908501615565
XRPUSDT,3,97,2.272015602494813e-06,0.9998896926129783,2.727089279036076
XRPUSDT,3,98,2.261601679834021e-06,0.9998919542146582,2.720832210523255
XRPUSDT,3,99,2.243544877981957e-06,0.9998941977595361,2.7099487765706716
XRPUSDT,3,100,2.212740228961661e-06,0.9998964104997651,2.691280205467828
XRPUSDT,3,101,2.1997630201384892e-06,0.9998986102627853,2.683376732957108
XRPUSDT,3,102,2.1886101711233626e-06,0.9999007988729564,2.676565698140092
XRPUSDT,3,103,2.108209876069225e-06,0.9999029070828325,2.626942840233854
XRPUSDT,3,104,2.0488126843349397e-06,0.9999049558955168,2.589672401170807
XRPUSDT,3,105,2.035846837644742e-06,0.9999069917423544,2.581465065389146
XRPUSDT,3,106,2.010406321014558e-06,0.9999090021486754,2.5652850008240424
XRPUSDT,3,107,2.0075340103204967e-06,0.9999110096826858,2.5634518069178145
XRPUSDT,3,108,1.9605748089082552e-06,0.9999129702574947,2.5332929259951564
XRPUSDT,3,109,1.952961555682309e-06,0.9999149232190504,2.5283695330693994
XRPUSDT,3,110,1.943145306331775e-06,0.9999168663643567,2.522007305492884
XRPUSDT,3,111,1.918267973385033e-06,0.9999187846323301,2.5058111613800653
XRPUSDT,3,112,1.915805344201456e-06,0.9999207004376743,2.504202192882747
XRPUSDT,3,113,1.8959023129712584e-06,0.9999225963399873,2.491160330423672
XRPUSDT,3,114,1.8590230699398661e-06,0.9999244553630572,2.4668122188587858
XRPUSDT,3,115,1.8520505579665535e-06,0.9999263074136151,2.462181820255892
XRPUSDT,3,116,1.826375353523322e-06,0.9999281337889686,2.4450554924565893
XRPUSDT,3,117,1.8172830712300174e-06,0.9999299510720399,2.4389617636310073
XRPUSDT,3,118,1.7800774220186503e-06,0.9999317311494619,2.4138659420984245
XRPUSDT,3,119,1.7757446135710412e-06,0.9999335068940755,2.4109264096063683
XRPUSDT,3,120,1.7438920368941443e-06,0.9999352507861122,2.3892054602043014
XRPUSDT,3,121,1.7340219102411275e-06,0.9999369848080225,2.382434621779831
XRPUSDT,3,122,1.7208791454032251e-06,0.9999387056871679,2.373388791832919
XRPUSDT,3,123,1.701428904012099e-06,0.9999404071160719,2.3599380603417655
XRPUSDT,3,124,1.6893302392633908e-06,0.9999420964463112,2.351532467167683
XRPUSDT,3,125,1.640423877642044e-06,0.9999437368701888,2.317243872313019
XRPUSDT,3,126,1.6319580518655508e-06,0.9999453688282407,2.3112567738501344
XRPUSDT,3,127,1.6299151775604207e-06,0.9999469987434183,2.3098097128747765
XRPUSDT,3,128,1.607733865182337e-06,0.9999486064772836,2.2940389172173448
XRPUSDT,3,129,1.587056446994911e-06,0.9999501935337305,2.2792391082608705
XRPUSDT,3,130,1.5827579769239344e-06,0.9999517762917074,2.2761504078071906
XRPUSDT,3,131,1.5786514954120918e-06,0.9999533549432028,2.273195742506647
XRPUSDT,3,132,1.563817807487867e-06,0.9999549187610103,2.262490573475109
XRPUSDT,3,133,1.5511273023756587e-06,0.9999564698883127,2.2532917282042897
XRPUSDT,3,134,1.534396238698468e-06,0.9999580042845514,2.2411063385940797
XRPUSDT,3,135,1.524325754736292e-06,0.9999595286103061,2.233739865088897
XRPUSDT,3,136,1.5111728719934438e-06,0.9999610397831782,2.2240818995645384
XRPUSDT,3,137,1.4926224379697836e-06,0.9999625324056161,2.2103888657147523
XRPUSDT,3,138,1.4546664261078552e-06,0.9999639870720423,2.1821038170939433
XRPUSDT,3,139,1.4331434889260568e-06,0.9999654202155311,2.1659006856325456
XRPUSDT,3,140,1.400336512775261e-06,0.9999668205520439,2.140966676832084
XRPUSDT,3,141,1.3757295836568794e-06,0.9999681962816276,2.1220726083098733
XRPUSDT,3,142,1.372686149563025e-06,0.9999695689677771,2.119724049398517
XRPUSDT,3,143,1.3647869344315422e-06,0.9999709337547116,2.113616202132729
XRPUSDT,3,144,1.3467864739754507e-06,0.9999722805411856,2.0996314740214608
XRPUSDT,3,145,1.3383334133205634e-06,0.999973618874599,2.093031968657708
XRPUSDT,3,146,1.335209670944265e-06,0.99997495408427,2.090587916931004
XRPUSDT,3,147,1.294527778887227e-06,0.9999762486120488,2.05849297131783
XRPUSDT,3,148,1.2835056296466127e-06,0.9999775321176785,2.0497108038915672
XRPUSDT,3,149,1.281689500649729e-06,0.9999788138071791,2.0482601452820313
XRPUSDT,3,150,1.256371411947804e-06,0.999980070178591,2.0279288989473203
XRPUSDT,3,151,1.240475703001052e-06,0.9999813106542941,2.0150593054155457
XRPUSDT,3,152,1.2328377323480778e-06,0.9999825434920264,2.008846072586885
XRPUSDT,3,153,1.223697211282295e-06,0.9999837671892376,2.001385211811278
XRPUSDT,3,154,1.2012513575844037e-06,0.9999849684405953,1.9829449018561562
XRPUSDT,3,155,1.1951937947708323e-06,0.9999861636343901,1.9779388743712238
XRPUSDT,3,156,1.1617479125258495e-06,0.9999873253823025,1.9500675329449015
XRPUSDT,3,157,1.158181783309658e-06,0.9999884835640859,1.9470722455751108
XRPUSDT,3,158,1.1517355008670394e-06,0.9999896352995867,1.9416461149792699
XRPUSDT,3,159,1.131222216740148e-06,0.9999907665218035,1.924277333629986
XRPUSDT,3,160,1.1278738938932211e-06,0.9999918943956972,1.9214273734303384
XRPUSDT,3,161,1.1120246017498053e-06,0.999993006420299,1.9078793130601475
XRPUSDT,3,162,1.1004298962206312e-06,0.9999941068501953,1.897906842934539
XRPUSDT,3,163,1.0417126858075172e-06,0.9999951485628811,1.8465780879794866
XRPUSDT,3,164,1.0390528172737026e-06,0.9999961876156983,1.8442190909476615
XRPUSDT,3,165,9.754252287116498e-07,0.999997163040927,1.7868606846211008
XRPUSDT,3,166,9.595318503609472e-07,0.9999981225727774,1.7722435273315837
XRPUSDT,3,167,9.427449053261057e-07,0.9999990653176827,1.756672482719191
XRPUSDT,3,168,9.346823173573516e-07,1.0,1.7491446039689311
XRPUSDT,4,1,0.9774966237100494,0.9774966237100494,2083.4616067402517
XRPUSDT,4,2,0.01364838114235779,0.9911450048524072,246.18888412688065
XRPUSDT,4,3,0.003175994614128231,0.9943209994665354,118.75933237738539
XRPUSDT,4,4,0.0014241253304242319,0.9957451247969596,79.52468809325468
XRPUSDT,4,5,0.0009586197612097869,0.9967037445581695,65.24557420142615
XRPUSDT,4,6,0.0006806115552202981,0.9973843561133897,54.97655573219566
XRPUSDT,4,7,0.0005081966099880671,0.9978925527233777,47.50548438469874
XRPUSDT,4,8,0.00036561008905403714,0.9982581628124318,40.293682002346046
XRPUSDT,4,9,0.00018983753179617054,0.998448000344228,29.034804636826056
XRPUSDT,4,10,0.00015377339718674552,0.9986017737414147,26.131748715244047
XRPUSDT,4,11,0.00014284522871249112,0.9987446189701271,25.18608926240087
XRPUSDT,4,12,0.00010174739107005564,0.9988463663611972,21.256390013593663
XRPUSDT,4,13,7.634889877669988e-05,0.9989227152599739,18.413199454446755
XRPUSDT,4,14,5.444091794161713e-05,0.9989771561779155,15.548574844780125
XRPUSDT,4,15,4.9400539044142684e-05,0.9990265567169596,14.811318218073737
XRPUSDT,4,16,4.9351771243758855e-05,0.9990759084882036,14.804005607945955
XRPUSDT,4,17,4.239147295484418e-05,0.9991182999611584,13.720411042508424
XRPUSDT,4,18,4.104953869613047e-05,0.9991593494998545,13.50149964513608
XRPUSDT,4,19,4.0555980065851934e-05,0.9991999054799203,13.420086629435449
XRPUSDT,4,20,3.6576999564645074e-05,0.9992364824794849,12.744767214614031
XRPUSDT,4,21,3.3746927131015676e-05,0.9992702294066159,12.241791706098233
XRPUSDT,4,22,3.345381814087766e-05,0.9993036832247568,12.188512714281183
XRPUSDT,4,23,3.2445360555520484e-05,0.9993361285853123,12.003397028123524
XRPUSDT,4,24,3.055744864104967e-05,0.9993666860339534,11.648940153853047
XRPUSDT,4,25,2.8106136354612976e-05,0.999394792170308,11.171936107046522
XRPUSDT,4,26,2.3528320255329633e-05,0.9994183204905633,10.221704701464127
XRPUSDT,4,27,1.8716354557717697e-05,0.9994370368451211,9.116717567417439
XRPUSDT,4,28,1.746447177389024e-05,0.999454501316895,8.806545761141122
XRPUSDT,4,29,1.7304949535004626e-05,0.99947180626643,8.766233559395666
XRPUSDT,4,30,1.634689946630157e-05,0.9994881531658962,8.520117119123546
XRPUSDT,4,31,1.6221386089477107e-05,0.9995043745519857,8.487344870366064
XRPUSDT,4,32,1.5990240509151106e-05,0.9995203647924948,8.426657973334976
XRPUSDT,4,33,1.591821659912565e-05,0.9995362830090939,8.407658702234995
XRPUSDT,4,34,1.5460817462310084e-05,0.9995517438265562,8.285984092481044
XRPUSDT,4,35,1.5276954501835034e-05,0.9995670207810581,8.236567491515935
XRPUSDT,4,36,1.477841172038087e-05,0.9995817991927785,8.10105815167446
XRPUSDT,4,37,1.4060282790308818e-05,0.9995958594755687,7.9017793211002365
XRPUSDT,4,38,1.3209989595033282e-05,0.9996090694651638,7.6591241035908695
XRPUSDT,4,39,1.0784496026199275e-05,0.99961985396119,6.920345802152405
XRPUSDT,4,40,1.0188765962441275e-05,0.9996300427271525,6.726492497216914
XRPUSDT,4,41,1.0097273456607993e-05,0.9996401400006091,6.696223302637938
XRPUSDT,4,42,9.40472559724425e-06,0.9996495447262064,6.462505610644291
XRPUSDT,4,43,9.180928617126752e-06,0.9996587256548235,6.385151029610344
XRPUSDT,4,44,8.746074767440896e-06,0.9996674717295909,6.232100692949743
XRPUSDT,4,45,8.286601103019107e-06,0.9996757583306939,6.0661910725450765
XRPUSDT,4,46,8.157247306422433e-06,0.9996839155780003,6.018658241876812
XRPUSDT,4,47,7.942182920260913e-06,0.9996918577609205,5.938787851914836
XRPUSDT,4,48,7.58571053405752e-06,0.9996994434714547,5.80398126632511
XRPUSDT,4,49,7.515001671097587e-06,0.9997069584731257,5.776867540537578
XRPUSDT,4,50,7.0528965154854185e-06,0.9997140113696412,5.596437070472862
XRPUSDT,4,51,6.479545310504602e-06,0.9997204909149517,5.364140374780616
XRPUSDT,4,52,6.3455413871954875e-06,0.999726836456339,5.308382507124003
XRPUSDT,4,53,6.1812688018238524e-06,0.9997330177251408,5.239220585553403
XRPUSDT,4,54,6.1211694160662345e-06,0.9997391388945569,5.213688364045142
XRPUSDT,4,55,5.9979244670931174e-06,0.999745136819024,5.160934710853939
XRPUSDT,4,56,5.759762936867905e-06,0.9997508965819608,5.05743341066579
XRPUSDT,4,57,5.416649067134661e-06,0.999756313231028,4.90448283155155
XRPUSDT,4,58,5.3287596700081715e-06,0.999761641990698,4.864530556182254
XRPUSDT,4,59,5.2161290020720595e-06,0.9997668581197,4.812846721970018
XRPUSDT,4,60,5.138780210559466e-06,0.9997719968999106,4.777029138215586
XRPUSDT,4,61,5.006950119420574e-06,0.99977700385003,4.715356158458898
XRPUSDT,4,62,4.6424306427517475e-06,0.9997816462806728,4.540467599511754
XRPUSDT,4,63,4.5167075097570335e-06,0.9997861629881826,4.478564700181136
XRPUSDT,4,64,4.511475685065009e-06,0.9997906744638676,4.475970127201296
XRPUSDT,4,65,4.454791843393283e-06,0.999795129255711,4.447762375599411
XRPUSDT,4,66,4.148096151139812e-06,0.9997992773518621,4.291926501537191
XRPUSDT,4,67,3.917106176342675e-06,0.9998031944580384,4.170715256398682
XRPUSDT,4,68,3.880030189271269e-06,0.9998070744882277,4.1509301105686305
XRPUSDT,4,69,3.74752541257129e-06,0.9998108220136402,4.079436356988981
XRPUSDT,4,70,3.550222046041941e-06,0.9998143722356863,3.9705953268532057
XRPUSDT,4,71,3.549495091795866e-06,0.9998179217307781,3.9701887904634945
XRPUSDT,4,72,3.4480183127905598e-06,0.9998213697490909,3.9130252534854466
XRPUSDT,4,73,3.1916650699353714e-06,0.9998245614141608,3.7647533132099267
XRPUSDT,4,74,3.180673577349723e-06,0.9998277420877381,3.758265172200381
XRPUSDT,4,75,3.124438307567832e-06,0.9998308665260456,3.724893376689062
XRPUSDT,4,76,3.06344404462688e-06,0.9998339299700902,3.688356105436755
XRPUSDT,4,77,3.0344789473249886e-06,0.9998369644490376,3.6708778484798152
XRPUSDT,4,78,2.999731644671798e-06,0.9998399641806822,3.649800035986418
XRPUSDT,4,79,2.9364633425407843e-06,0.9998429006440248,3.611105366727475
XRPUSDT,4,80,2.8438964493849944e-06,0.9998457445404743,3.553732698758835
XRPUSDT,4,81,2.8121714830207603e-06,0.9998485567119573,3.533855350774219
XRPUSDT,4,82,2.763497898676738e-06,0.9998513202098559,3.503139550825997
XRPUSDT,4,83,2.7367560723655384e-06,0.9998540569659282,3.4861487500995803
XRPUSDT,4,84,2.7165137250571064e-06,0.9998567734796533,3.4732322158855187
XRPUSDT,4,85,2.7110347232437717e-06,0.9998594845143766,3.469727825209994
XRPUSDT,4,86,2.6994341176855884e-06,0.9998621839484942,3.4622963278014787
XRPUSDT,4,87,2.666863841520551e-06,0.9998648508123358,3.4413456093582595
XRPUSDT,4,88,2.5263818440314718e-06,0.99986737719418,3.349479812686102
XRPUSDT,4,89,2.4908193234133252e-06,0.9998698680135034,3.325821848134956
XRPUSDT,4,90,2.487378683668875e-06,0.9998723553921871,3.323524028080809
XRPUSDT,4,91,2.471512087974353e-06,0.9998748269042751,3.312906952451217
XRPUSDT,4,92,2.465331302665454e-06,0.9998772922355778,3.308761881780529
XRPUSDT,4,93,2.4472829665404118e-06,0.9998797395185443,3.2966281485734124
XRPUSDT,4,94,2.3323304264962865e-06,0.9998820718489707,3.218273193419237
XRPUSDT,4,95,2.301176231001691e-06,0.9998843730252017,3.196706827465322
XRPUSDT,4,96,2.288156761196117e-06,0.9998866611819629,3.187650923225615
XRPUSDT,4,97,2.269103001826669e-06,0.9998889302849647,3.174351199968869
XRPUSDT,4,98,2.245849861094448e-06,0.9998911761348258,3.1580443783385994
XRPUSDT,4,99,2.2265130030259154e-06,0.9998934026478289,3.1444195424766943
XRPUSDT,4,100,2.202974969382339e-06,0.9998956056227982,3.127754446473513
XRPUSDT,4,101,2.1984250492495276e-06,0.9998978040478474,3.124522819072469
XRPUSDT,4,102,2.1872335238616783e-06,0.9998999912813713,3.116559665350181
XRPUSDT,4,103,2.0940989877175417e-06,0.9999020853803591,3.0494847950289525
XRPUSDT,4,104,2.030615201471795e-06,0.9999041159955605,3.00290563825184
XRPUSDT,4,105,2.0192405570860413e-06,0.9999061352361176,2.9944833257903642
XRPUSDT,4,106,1.995776807141965e-06,0.9999081310129248,2.977034410559418
XRPUSDT,4,107,1.991563013249606e-06,0.999910122575938,2.973889961264561
XRPUSDT,4,108,1.960489265314624e-06,0.9999120830652033,2.950598404054735
XRPUSDT,4,109,1.950511004386578e-06,0.9999140335762077,2.943080026037976
XRPUSDT,4,110,1.9428929693816996e-06,0.9999159764691771,2.937327066641369
XRPUSDT,4,111,1.928355136889215e-06,0.999917904824314,2.92631705459439
XRPUSDT,4,112,1.9120495969909654e-06,0.999919816873911,2.913918800436977
XRPUSDT,4,113,1.8854484547603635e-06,0.9999217023223658,2.893578046776409
XRPUSDT,4,114,1.8515900529665488e-06,0.9999235539124187,2.8674792794667074
XRPUSDT,4,115,1.8489064714108134e-06,0.9999254028188901,2.865400551315429
XRPUSDT,4,116,1.8290743689112518e-06,0.999927231893259,2.849991408635551
XRPUSDT,4,117,1.8189131431266954e-06,0.9999290508064022,2.8420639730416055
XRPUSDT,4,118,1.7690608021214322e-06,0.9999308198672042,2.802846079016106
XRPUSDT,4,119,1.7640347611411273e-06,0.9999325839019654,2.7988616938550064
XRPUSDT,4,120,1.7368216949543984e-06,0.9999343207236604,2.7771893203270452
XRPUSDT,4,121,1.7155604185230377e-06,0.9999360362840789,2.760138517392504
XRPUSDT,4,122,1.7082178127326198e-06,0.9999377445018917,2.75422548143494
XRPUSDT,4,123,1.7039108872589734e-06,0.9999394484127789,2.7507511790654537
XRPUSDT,4,124,1.6909982047297481e-06,0.9999411394109836,2.7403084008309033
XRPUSDT,4,125,1.6342801569352533e-06,0.9999427736911406,2.6939598737229375
XRPUSDT,4,126,1.6259144543915934e-06,0.999944399605595,2.6870559833864203
XRPUSDT,4,127,1.6217424026827854e-06,0.9999460213479977,2.683606313202289
XRPUSDT,4,128,1.606125912156773e-06,0.9999476274739099,2.6706542283969927
XRPUSDT,4,129,1.5818943396031353e-06,0.9999492093682494,2.6504316247031547
XRPUSDT,4,130,1.5786582882893197e-06,0.9999507880265377,2.647719267930625
XRPUSDT,4,131,1.5771052949939172e-06,0.9999523651318327,2.646416610458846
XRPUSDT,4,132,1.5561351442315242e-06,0.9999539212669769,2.628763550594708
XRPUSDT,4,133,1.5462646820080408e-06,0.9999554675316589,2.620413251576769
XRPUSDT,4,134,1.539762106479084e-06,0.9999570072937654,2.6148975765361007
XRPUSDT,4,135,1.5307345962147059e-06,0.9999585380283617,2.607220833326724
XRPUSDT,4,136,1.5184623967705784e-06,0.9999600564907584,2.5967485010459876
XRPUSDT,4,137,1.4931007696049644e-06,0.9999615495915279,2.574971511302338
XRPUSDT,4,138,1.465108031140946e-06,0.9999630146995592,2.5507194472620833
XRPUSDT,4,139,1.4501659223536298e-06,0.9999644648654815,2.537679179623848
XRPUSDT,4,140,1.4215598676916933e-06,0.9999658864253491,2.512525313920777
XRPUSDT,4,141,1.3957564723412072e-06,0.9999672821818215,2.4896178783119307
XRPUSDT,4,142,1.3818500732764454e-06,0.9999686640318948,2.4771843738006165
XRPUSDT,4,143,1.3734606335088767e-06,0.9999700374925283,2.469653228186249
XRPUSDT,4,144,1.3718158680511365e-06,0.9999714093083962,2.468174038667633
XRPUSDT,4,145,1.3663672808812205e-06,0.9999727756756771,2.4632676071368316
XRPUSDT,4,146,1.359982411777443e-06,0.9999741356580889,2.457505592100703
XRPUSDT,4,147,1.3308430098597686e-06,0.9999754665010988,2.431035398955911
XRPUSDT,4,148,1.3276628732530224e-06,0.999976794163972,2.428129102502817
XRPUSDT,4,149,1.3141202643457428e-06,0.9999781082842364,2.415713492774296
XRPUSDT,4,150,1.2812015376027015e-06,0.999979389485774,2.3852647737515404
XRPUSDT,4,151,1.273348015120032e-06,0.9999806628337891,2.377942925735647
XRPUSDT,4,152,1.266857902749207e-06,0.9999819296916919,2.371875129614993
XRPUSDT,4,153,1.2480872795376293e-06,0.9999831777789714,2.3542379017599444
XRPUSDT,4,154,1.2305385090283177e-06,0.9999844083174804,2.3376283923533405
XRPUSDT,4,155,1.2276167917300117e-06,0.9999856359342721,2.3348515803310312
XRPUSDT,4,156,1.1963904968117294e-06,0.9999868323247689,2.3049650583845565
XRPUSDT,4,157,1.1937292941331926e-06,0.9999880260540631,2.3024000956710857
XRPUSDT,4,158,1.1860001889803593e-06,0.9999892120542521,2.2949342524816285
XRPUSDT,4,159,1.1797367095791842e-06,0.9999903917909616,2.288866250929381
XRPUSDT,4,160,1.1730759765195693e-06,0.9999915648669382,2.2823956940621475
XRPUSDT,4,161,1.149684517910489e-06,0.9999927145514561,2.25952530961791
XRPUSDT,4,162,1.1380995989119135e-06,0.999993852651055,2.2481123115339456
XRPUSDT,4,163,1.1022166220139053e-06,0.999994954867677,2.2123882685705354
XRPUSDT,4,164,1.1000609077787844e-06,0.9999960549285848,2.2102237162453044
XRPUSDT,4,165,1.0181714998961002e-06,0.9999970731000847,2.126367555041842
XRPUSDT,4,166,1.003734698423519e-06,0.9999980768347831,2.1112386979250033
XRPUSDT,4,167,9.654511925746717e-07,0.9999990422859757,2.070584842675815
XRPUSDT,4,168,9.57714024271518e-07,0.9999999999999999,2.062271273862779
XRPUSDT,5,1,0.9765582147999352,0.9765582147999352,2346.992600414527
XRPUSDT,5,2,0.01414622733159278,0.990704442131528,282.4769192103713
XRPUSDT,5,3,0.0033301809182147432,0.9940346230497428,137.05553067017098
XRPUSDT,5,4,0.0014952887964669952,0.9955299118462098,91.83858658184901
XRPUSDT,5,5,0.0010007767167157487,0.9965306885629255,75.1330895698219
XRPUSDT,5,6,0.0007080870785567372,0.9972387756414822,63.19838585998184
XRPUSDT,5,7,0.0005337292198000222,0.9977725048612822,54.86850678853964
XRPUSDT,5,8,0.0003812574538897325,0.9981537623151719,46.3737080079913
XRPUSDT,5,9,0.0001987483859394383,0.9983525107011114,33.48223627134247
XRPUSDT,5,10,0.00016076418044878036,0.9985132748815602,30.113226931688924
XRPUSDT,5,11,0.0001492351627535649,0.9986625100443137,29.013373796023146
XRPUSDT,5,12,0.00010748071036271564,0.9987699907546764,24.622260149546324
XRPUSDT,5,13,8.11309906559214e-05,0.9988511217453323,21.392229100628867
XRPUSDT,5,14,5.823205303722001e-05,0.9989093537983695,18.123568036171708
XRPUSDT,5,15,5.320296350453517e-05,0.9989625567618741,17.323297490480346
XRPUSDT,5,16,5.3086748061096086e-05,0.9990156435099352,17.30436682208916
XRPUSDT,5,17,4.522409033688204e-05,0.9990608676002721,15.971568612826298
XRPUSDT,5,18,4.3787002480577944e-05,0.9991046546027527,15.715755349074037
XRPUSDT,5,19,4.3528502497649096e-05,0.9991481831052503,15.669297086603494
XRPUSDT,5,20,3.920244662441244e-05,0.9991873855518747,14.870283132128385
XRPUSDT,5,21,3.61318482706081e-05,0.9992235174001453,14.276039484226468
XRPUSDT,5,22,3.601497976186795e-05,0.9992595323799072,14.252932850637913
XRPUSDT,5,23,3.485993790578901e-05,0.9992943923178129,14.022516384422394
XRPUSDT,5,24,3.315637214331675e-05,0.9993275486899564,13.675592590874937
XRPUSDT,5,25,3.0146373029934357e-05,0.9993576950629863,13.040077902859652
XRPUSDT,5,26,2.480172945611819e-05,0.9993824967924424,11.827790798377395
XRPUSDT,5,27,1.994944612128433e-05,0.9994024462385637,10.60786716506749
XRPUSDT,5,28,1.8619837735949762e-05,0.9994210660762997,10.248270914324952
XRPUSDT,5,29,1.840410284300063e-05,0.9994394701791427,10.188728207986996
XRPUSDT,5,30,1.7222369136728507e-05,0.9994566925482794,9.856190712066773
XRPUSDT,5,31,1.706491715727193e-05,0.9994737574654367,9.811033162583263
XRPUSDT,5,32,1.6934789573550267e-05,0.9994906922550102,9.773554832739627
XRPUSDT,5,33,1.6891974609756256e-05,0.9995075842296199,9.761192139477208
XRPUSDT,5,34,1.635576854947219e-05,0.9995239399981695,9.605016818317045
XRPUSDT,5,35,1.6138214250312543e-05,0.9995400782124197,9.54092297947706
XRPUSDT,5,36,1.55895877083025e-05,0.9995556678001281,9.377346555793464
XRPUSDT,5,37,1.4646631188208669e-05,0.9995703144313163,9.089322740458183
XRPUSDT,5,38,1.381612792972352e-05,0.999584130559246,8.827867873977208
XRPUSDT,5,39,1.1425455860645175e-05,0.9995955560151066,8.02785315807131
XRPUSDT,5,40,1.066068652914601e-05,0.9996062167016357,7.754525674488498
XRPUSDT,5,41,1.0606418001042596e-05,0.9996168231196367,7.734763175216237
XRPUSDT,5,42,1.0043028606765835e-05,0.9996268661482435,7.5265335420313955
XRPUSDT,5,43,9.774731357210161e-06,0.9996366408796007,7.42531815436079
XRPUSDT,5,44,9.191102951493746e-06,0.9996458319825522,7.2002316148993355
XRPUSDT,5,45,8.62175499097689e-06,0.9996544537375431,6.973655512147449
XRPUSDT,5,46,8.359071946547386e-06,0.9996628128094897,6.86659895593848
XRPUSDT,5,47,8.249158970623358e-06,0.9996710619684602,6.821305306882133
XRPUSDT,5,48,8.217810497098448e-06,0.9996792797789575,6.808331799342167
XRPUSDT,5,49,8.122624453433863e-06,0.999687402403411,6.768786855267293
XRPUSDT,5,50,7.550890269124782e-06,0.9996949532936802,6.526220318992109
XRPUSDT,5,51,6.982212322811511e-06,0.999701935506003,6.275656685005228
XRPUSDT,5,52,6.871649057056063e-06,0.99970880715506,6.225770929871307
XRPUSDT,5,53,6.6960334093869995e-06,0.9997155031884695,6.145701428558705
XRPUSDT,5,54,6.5498630554143695e-06,0.9997220530515248,6.078252836989465
XRPUSDT,5,55,6.403589703142843e-06,0.999728456641228,6.009999008281757
XRPUSDT,5,56,6.216622718709343e-06,0.9997346732639466,5.921611445134855
XRPUSDT,5,57,5.887391100645812e-06,0.9997405606550472,5.762674573694313
XRPUSDT,5,58,5.760709790411107e-06,0.9997463213648377,5.700338555190653
XRPUSDT,5,59,5.578658071326513e-06,0.999751900022909,5.609543539105878
XRPUSDT,5,60,5.515347505804855e-06,0.9997574153704148,5.577622176272164
XRPUSDT,5,61,5.373292609963257e-06,0.9997627886630248,5.505324177172395
XRPUSDT,5,62,5.098138916459485e-06,0.9997678868019413,5.362514556827004
XRPUSDT,5,63,4.987800769514433e-06,0.9997728746027108,5.304167137310367
XRPUSDT,5,64,4.8500584040116304e-06,0.9997777246611147,5.230414843362632
XRPUSDT,5,65,4.74614878773211e-06,0.9997824708099025,5.174082223165948
XRPUSDT,5,66,4.379844109233029e-06,0.9997868506540117,4.9704072954376635
XRPUSDT,5,67,4.160336167007037e-06,0.9997910109901788,4.844253521815308
XRPUSDT,5,68,4.084413772224902e-06,0.999795095403951,4.799848364647773
XRPUSDT,5,69,3.976221296489099e-06,0.9997990716252474,4.7358498545642815
XRPUSDT,5,70,3.7505486156482794e-06,0.9998028221738631,4.599493941883802
XRPUSDT,5,71,3.6835549508621042e-06,0.9998065057288139,4.558229925731357
XRPUSDT,5,72,3.6617817289195496e-06,0.9998101675105427,4.544738278508865
XRPUSDT,5,73,3.437630974897594e-06,0.9998136051415176,4.403441980656435
XRPUSDT,5,74,3.4113145070882516e-06,0.9998170164560247,4.386554525898668
XRPUSDT,5,75,3.340695633961399e-06,0.9998203571516587,4.340913244113819
XRPUSDT,5,76,3.254790956230373e-06,0.9998236119426149,4.284737316068878
XRPUSDT,5,77,3.177598387634523e-06,0.9998267895410026,4.23362273535224
XRPUSDT,5,78,3.165778280337735e-06,0.9998299553192829,4.2257412329759525
XRPUSDT,5,79,3.1285623827971043e-06,0.9998330838816657,4.200829558123662
XRPUSDT,5,80,2.9827379615656607e-06,0.9998360666196273,4.101759591444549
XRPUSDT,5,81,2.947607191357909e-06,0.9998390142268186,4.077532725015645
XRPUSDT,5,82,2.9056066766828507e-06,0.9998419198334954,4.048378072820938
XRPUSDT,5,83,2.896745231658059e-06,0.999844816578727,4.042200038801956
XRPUSDT,5,84,2.860366448784036e-06,0.9998476769451758,4.016737854405154
XRPUSDT,5,85,2.8557625018988426e-06,0.9998505327076778,4.013503951438281
XRPUSDT,5,86,2.8496752753043967e-06,0.9998533823829531,4.009224159096378
XRPUSDT,5,87,2.8289813647188825e-06,0.9998562113643178,3.99464044512562
XRPUSDT,5,88,2.7143401740981087e-06,0.9998589257044919,3.9128643199091213
XRPUSDT,5,89,2.669501192493072e-06,0.9998615952056844,3.880410857934569
XRPUSDT,5,90,2.665189234163546e-06,0.9998642603949186,3.8772756407331905
XRPUSDT,5,91,2.631179935024799e-06,0.9998668915748536,3.8524581167744003
XRPUSDT,5,92,2.5692850870141195e-06,0.9998694608599407,3.8068766018629914
XRPUSDT,5,93,2.559418634559725e-06,0.9998720202785752,3.799560073231855
XRPUSDT,5,94,2.5099767792132573e-06,0.9998745302553544,3.7626818920592227
XRPUSDT,5,95,2.448758774531291e-06,0.999876979014129,3.7165129817641254
XRPUSDT,5,96,2.4301594910961515e-06,0.9998794091736201,3.702371891838666
XRPUSDT,5,97,2.4123032443562897e-06,0.9998818214768644,3.688744729595172
XRPUSDT,5,98,2.3982469079399645e-06,0.9998842197237724,3.6779819886625646
XRPUSDT,5,99,2.3602960857497696e-06,0.9998865800198582,3.6487650104220495
XRPUSDT,5,100,2.3544815990734923e-06,0.9998889345014572,3.6442679522414387
XRPUSDT,5,101,2.3121636490995516e-06,0.9998912466651063,3.611369584951255
XRPUSDT,5,102,2.2938196377272163e-06,0.999893540484744,3.5970152972380034
XRPUSDT,5,103,2.2199472119555522e-06,0.9998957604319559,3.538620387065636
XRPUSDT,5,104,2.157435333133766e-06,0.9998979178672891,3.488442308548958
XRPUSDT,5,105,2.155111993490313e-06,0.9999000729792826,3.486563452811597
XRPUSDT,5,106,2.1388250775830483e-06,0.9999022118043602,3.4733638929163475
XRPUSDT,5,107,2.1205230991992174e-06,0.9999043323274595,3.458471135247939
XRPUSDT,5,108,2.112216279351626e-06,0.9999064445437388,3.4516904764637926
XRPUSDT,5,109,2.107801651715658e-06,0.9999085523453904,3.448081495073369
XRPUSDT,5,110,2.089510075301173e-06,0.9999106418554657,3.433087608952597
XRPUSDT,5,111,2.0805125825506484e-06,0.9999127223680483,3.4256881459256108
XRPUSDT,5,112,2.0362396467665954e-06,0.9999147586076951,3.3890431321468477
XRPUSDT,5,113,2.006001183181807e-06,0.9999167646088782,3.3637851111293298
XRPUSDT,5,114,1.9636139768386245e-06,0.9999187282228551,3.3280566398058795
XRPUSDT,5,115,1.955457724162313e-06,0.9999206836805793,3.3211375820507647
XRPUSDT,5,116,1.9268771878694667e-06,0.9999226105577672,3.2967777398387916
XRPUSDT,5,117,1.9107450532714953e-06,0.9999245213028205,3.2829481487655654
XRPUSDT,5,118,1.9008361105768515e-06,0.9999264221389311,3.2744245548370547
XRPUSDT,5,119,1.8913893356628782e-06,0.9999283135282668,3.266277803056575
XRPUSDT,5,120,1.8351348827651659e-06,0.9999301486631493,3.2173376912791185
XRPUSDT,5,121,1.803726236239712e-06,0.9999319523893856,3.189686224087531
XRPUSDT,5,122,1.7955157841313296e-06,0.9999337479051698,3.182418315050872
XRPUSDT,5,123,1.7848665761950072e-06,0.999935532771746,3.1729668150936607
XRPUSDT,5,124,1.780055866725676e-06,0.9999373128276127,3.1686879180274126
XRPUSDT,5,125,1.7677893642832383e-06,0.999939080616977,3.157751207453824
XRPUSDT,5,126,1.761423361484919e-06,0.9999408420403385,3.1520603758164096
XRPUSDT,5,127,1.7159494638390123e-06,0.9999425579898024,3.111106643259016
XRPUSDT,5,128,1.7121737661978104e-06,0.9999442701635685,3.1076819891384346
XRPUSDT,5,129,1.7015348198844433e-06,0.9999459716983883,3.098011831003917
XRPUSDT,5,130,1.690381504996198e-06,0.9999476620798933,3.0878416275906386
XRPUSDT,5,131,1.6689889465263558e-06,0.9999493310688398,3.068240383636297
XRPUSDT,5,132,1.6500676246787904e-06,0.9999509811364644,3.050798492815157
XRPUSDT,5,133,1.6380565471358707e-06,0.9999526191930116,3.0396746141280713
XRPUSDT,5,134,1.632002897569932e-06,0.9999542511959091,3.034052660062611
XRPUSDT,5,135,1.6120644706454275e-06,0.9999558632603798,3.0154619634680597
XRPUSDT,5,136,1.5967294103383431e-06,0.9999574599897901,3.001085122410643
XRPUSDT,5,137,1.568623417936737e-06,0.9999590286132081,2.974554966917573
XRPUSDT,5,138,1.54210836531861e-06,0.9999605707215734,2.949307790891991
XRPUSDT,5,139,1.5402008257768385e-06,0.9999621109223992,2.9474831259698298
XRPUSDT,5,140,1.51151417865605e-06,0.9999636224365778,2.9199052854720065
XRPUSDT,5,141,1.5045571207565049e-06,0.9999651269936985,2.913177800158992
XRPUSDT,5,142,1.4970345218415154e-06,0.9999666240282205,2.9058859103377226
XRPUSDT,5,143,1.4738646915146764e-06,0.999968097892912,2.8833108016580047
XRPUSDT,5,144,1.4625558050985164e-06,0.999969560448717,2.8722277545902823
XRPUSDT,5,145,1.4435350928268325e-06,0.9999710039838098,2.8534898010329517
XRPUSDT,5,146,1.4370136687577961e-06,0.9999724409974785,2.847036933373936
XRPUSDT,5,147,1.4035245154535852e-06,0.999973844521994,2.8136667147811827
XRPUSDT,5,148,1.4013054274121306e-06,0.9999752458274214,2.811441515283735
XRPUSDT,5,149,1.3846929986662042e-06,0.9999766305204201,2.7947270579211545
XRPUSDT,5,150,1.3590659613187344e-06,0.9999779895863814,2.7687447447199776
XRPUSDT,5,151,1.3558918363608467e-06,0.9999793454782178,2.7655096261226486
XRPUSDT,5,152,1.3460259567431844e-06,0.9999806915041745,2.7554299141160614
XRPUSDT,5,153,1.3201271312659151e-06,0.9999820116313057,2.7287926078429923
XRPUSDT,5,154,1.3070546317757223e-06,0.9999833186859375,2.7152481205212493
XRPUSDT,5,155,1.30462344028103e-06,0.9999846233093778,2.7127216918160286
XRPUSDT,5,156,1.2745415381263927e-06,0.999985897850916,2.681264440512306
XRPUSDT,5,157,1.2673966700457969e-06,0.999987165247586,2.673738516957176
XRPUSDT,5,158,1.2661120564496523e-06,0.9999884313596424,2.6723831434900847
XRPUSDT,5,159,1.262300733707786e-06,0.9999896936603762,2.6683578318044554
XRPUSDT,5,160,1.2475089351021355e-06,0.9999909411693113,2.6526776847813873
XRPUSDT,5,161,1.2239019542650651e-06,0.9999921650712655,2.627459107812634
XRPUSDT,5,162,1.2151310280815338e-06,0.9999933802022937,2.618027516470508
XRPUSDT,5,163,1.171243012841348e-06,0.9999945514453065,2.570313859868662
XRPUSDT,5,164,1.1682015184159617e-06,0.9999957196468249,2.5669743833503884
XRPUSDT,5,165,1.0954611648523882e-06,0.9999968151079898,2.4857711573003685
XRPUSDT,5,166,1.081529737160974e-06,0.9999978966377269,2.469914297183249
XRPUSDT,5,167,1.0550787448206255e-06,0.9999989517164718,2.439523963406642
XRPUSDT,5,168,1.0482835282587715e-06,1.0,2.4316554175080927
