symbol,fold,lag,mean,scale
BNBUSDT,1,0,156.05969944646222,189.07232984441785
BNBUSDT,1,1,156.02566310326898,189.08997324582938
BNBUSDT,1,2,155.99627170039753,189.11396834123164
BNBUSDT,1,3,155.96666147725276,189.13947139723373
BNBUSDT,1,4,155.936574935132,189.1607267149501
BNBUSDT,1,5,155.9089465663377,189.1895440308188
BNBUSDT,1,6,155.88141088047018,189.21830364256456
BNBUSDT,1,7,155.8555216052583,189.2473812157458
BNBUSDT,1,8,155.83228308251137,189.28091920219293
BNBUSDT,1,9,155.80731264487082,189.3124730410876
BNBUSDT,1,10,155.7781987891365,189.33988978034677
BNBUSDT,1,11,155.74878387822142,189.37121329324586
BNBUSDT,1,12,155.72126761805885,189.40326438478706
BNBUSDT,1,13,155.696764625497,189.44063290343632
BNBUSDT,1,14,155.67479114340048,189.4794646018054
BNBUSDT,1,15,155.65618578100643,189.52313323225576
BNBUSDT,1,16,155.63237604220691,189.55875056306698
BNBUSDT,1,17,155.61033274519946,189.5956318800223
BNBUSDT,1,18,155.5854571181453,189.63136075163803
BNBUSDT,1,19,155.5600515135786,189.66673277099952
BNBUSDT,1,20,155.5372447500429,189.70696580391964
BNBUSDT,1,21,155.51265753329838,189.7433755433593
BNBUSDT,1,22,155.49065161736686,189.7814692735042
BNBUSDT,1,23,155.46511577581697,189.81366543665519
BNBUSDT,1,24,155.4349548693994,189.83909517129536
BNBUSDT,1,25,155.40481541255798,189.8629440837201
BNBUSDT,1,26,155.37583890330353,189.88883328385143
BNBUSDT,1,27,155.3466221414976,189.9129480712935
BNBUSDT,1,28,155.31612112091292,189.93491895456071
BNBUSDT,1,29,155.28659225047528,189.95801805143773
BNBUSDT,1,30,155.25428747621478,189.97348579492794
BNBUSDT,1,31,155.2231025082162,189.9925730366915
BNBUSDT,1,32,155.19386559418746,190.0140472384233
BNBUSDT,1,33,155.1661243902435,190.0367146817366
BNBUSDT,1,34,155.13970849333987,190.06029862230355
BNBUSDT,1,35,155.1155657498699,190.08738175584006
BNBUSDT,1,36,155.09373803840128,190.11589110087536
BNBUSDT,1,37,155.06947211555058,190.14173888924617
BNBUSDT,1,38,155.04078617886142,190.16162618246761
BNBUSDT,1,39,155.0154834976644,190.1850063565051
BNBUSDT,1,40,154.98698164677356,190.20122685132694
BNBUSDT,1,41,154.95509617713162,190.21334219877045
BNBUSDT,1,42,154.9237964020062,190.2243600960221
BNBUSDT,1,43,154.89629446462513,190.24121931228356
BNBUSDT,1,44,154.86795993772665,190.25624551732847
BNBUSDT,1,45,154.84049119529456,190.27185418633238
BNBUSDT,1,46,154.81404734474967,190.29075780027372
BNBUSDT,1,47,154.79036528282265,190.31201162724028
BNBUSDT,1,48,154.76819756097524,190.33645880192503
BNBUSDT,1,49,154.74716348382591,190.36348580261478
BNBUSDT,1,50,154.72647258259778,190.38977100450558
BNBUSDT,1,51,154.70519401487593,190.41512067737847
BNBUSDT,1,52,154.6846519460297,190.44028172306423
BNBUSDT,1,53,154.66427626708142,190.46445955547802
BNBUSDT,1,54,154.64084952430338,190.4832221903285
BNBUSDT,1,55,154.61860207576504,190.50139958731936
BNBUSDT,1,56,154.5966291126099,190.52149770145954
BNBUSDT,1,57,154.57438465663344,190.53950594044852
BNBUSDT,1,58,154.55161970247323,190.5566879150072
BNBUSDT,1,59,154.52577756443486,190.56974197005658
BNBUSDT,1,60,154.50047797958794,190.58406145038487
BNBUSDT,1,61,154.47855135789618,190.60498372541605
BNBUSDT,1,62,154.45087650925407,190.61663688775297
BNBUSDT,1,63,154.42016867323954,190.6233089739865
BNBUSDT,1,64,154.39258723404217,190.63766661692594
BNBUSDT,1,65,154.36665658190586,190.653236850528
BNBUSDT,1,66,154.34123281439162,190.6703478470868
BNBUSDT,1,67,154.3153123162079,190.6869390013632
BNBUSDT,1,68,154.2870239231963,190.7000872881457
BNBUSDT,1,69,154.25949100501606,190.71623398745476
BNBUSDT,1,70,154.23256011070714,190.73171552543894
BNBUSDT,1,71,154.19949316727178,190.73653537393602
BNBUSDT,1,72,154.1676358934437,190.74589263061873
BNBUSDT,1,73,154.1338773395603,190.75081799283558
BNBUSDT,1,74,154.09888979415294,190.75216449399267
BNBUSDT,1,75,154.06361920082998,190.74973083985566
BNBUSDT,1,76,154.0309484518246,190.75125817478963
BNBUSDT,1,77,153.99652639681685,190.75110615156316
BNBUSDT,1,78,153.96179891022283,190.74932340461126
BNBUSDT,1,79,153.92823158623045,190.74808682096088
BNBUSDT,1,80,153.89129230236952,190.74349669629865
BNBUSDT,1,81,153.85341869918668,190.7366232948829
BNBUSDT,1,82,153.8147282131116,190.7303425052568
BNBUSDT,1,83,153.77432605085596,190.7228944957646
BNBUSDT,1,84,153.73925486939945,190.72134264558494
BNBUSDT,1,85,153.7013849679983,190.71678138508682
BNBUSDT,1,86,153.66340987718357,190.71302448096685
BNBUSDT,1,87,153.62853293547798,190.71255573057462
BNBUSDT,1,88,153.59663715620104,190.71333490907801
BNBUSDT,1,89,153.5618825116759,190.70866871140854
BNBUSDT,1,90,153.52801316381218,190.70848138098486
BNBUSDT,1,91,153.49438960387445,190.70859982990754
BNBUSDT,1,92,153.46127067981286,190.7081176448881
BNBUSDT,1,93,153.4253509946373,190.7043998792025
BNBUSDT,1,94,153.38827043764024,190.69752147911916
BNBUSDT,1,95,153.3509285936686,190.69149592948546
BNBUSDT,1,96,153.31530780141813,190.68908475251519
BNBUSDT,1,97,153.2785511503197,190.68420179440292
BNBUSDT,1,98,153.24300832035948,190.6811844861327
BNBUSDT,1,99,153.20822947586893,190.677619193849
BNBUSDT,1,100,153.17480166061205,190.67743994475055
BNBUSDT,1,101,153.14268349766445,190.6792413161575
BNBUSDT,1,102,153.11325391800693,190.68562358543153
BNBUSDT,1,103,153.08572835149596,190.6931318898707
BNBUSDT,1,104,153.05523184570112,190.69491755365516
BNBUSDT,1,105,153.02566030098566,190.6959395883086
BNBUSDT,1,106,152.99041788617853,190.68806133182048
BNBUSDT,1,107,152.95888038401628,190.68592110410728
BNBUSDT,1,108,152.92533604912612,190.6838839489456
BNBUSDT,1,109,152.89116410655564,190.6792843531772
BNBUSDT,1,110,152.85285464452483,190.66929912324923
BNBUSDT,1,111,152.81265952257363,190.6545909565207
BNBUSDT,1,112,152.77537951911398,190.6451904963139
BNBUSDT,1,113,152.73964687770248,190.63728516689758
BNBUSDT,1,114,152.70199000172946,190.62457443330624
BNBUSDT,1,115,152.66898245978172,190.61749739168695
BNBUSDT,1,116,152.63830641757448,190.61064435986307
BNBUSDT,1,117,152.60585801764367,190.60174030941303
BNBUSDT,1,118,152.57144654903962,190.5898369384316
BNBUSDT,1,119,152.53561859539838,190.57434022269257
BNBUSDT,1,120,152.49949607334338,190.56153543359457
BNBUSDT,1,121,152.46242897422556,190.54760231631866
BNBUSDT,1,122,152.42435678948243,190.53045104526782
BNBUSDT,1,123,152.38843601453004,190.5178486775437
BNBUSDT,1,124,152.35193933575474,190.50396965219056
BNBUSDT,1,125,152.31267149282098,190.48722590596006
BNBUSDT,1,126,152.27275891714203,190.46936523240117
BNBUSDT,1,127,152.23090795710053,190.44951617288513
BNBUSDT,1,128,152.19273509773362,190.43647217379547
BNBUSDT,1,129,152.1521810067459,190.41678693848579
BNBUSDT,1,130,152.10958690537936,190.39361985208964
BNBUSDT,1,131,152.06829434353884,190.3723264640166
BNBUSDT,1,132,152.02591632935443,190.34876136404654
BNBUSDT,1,133,151.9841284033901,190.32835409438573
BNBUSDT,1,134,151.9408017298042,190.30772567288236
BNBUSDT,1,135,151.89951544715413,190.28986965269405
BNBUSDT,1,136,151.85888173326381,190.27093435850264
BNBUSDT,1,137,151.81874400622695,190.25594663695406
BNBUSDT,1,138,151.77577583463034,190.2409479718993
BNBUSDT,1,139,151.73074049472376,190.22180384640694
BNBUSDT,1,140,151.68725919391076,190.20725949005396
BNBUSDT,1,141,151.63979399757793,190.18558257143854
BNBUSDT,1,142,151.59525573430173,190.16522678468255
BNBUSDT,1,143,151.55001814564923,190.14208615349855
BNBUSDT,1,144,151.5058757654382,190.11992520084164
BNBUSDT,1,145,151.4585327106034,190.0924114252738
BNBUSDT,1,146,151.40673502854148,190.05691814932098
BNBUSDT,1,147,151.35447706279166,190.01930799423482
BNBUSDT,1,148,151.30369508735487,189.98156258620077
BNBUSDT,1,149,151.2529368102402,189.945217959838
BNBUSDT,1,150,151.19827377616303,189.90299172580595
BNBUSDT,1,151,151.14456619961916,189.86481239304027
BNBUSDT,1,152,151.08795979934243,189.82367628064776
BNBUSDT,1,153,151.03052963155136,189.78114043928574
BNBUSDT,1,154,150.97450928905008,189.7391683103682
BNBUSDT,1,155,150.91885564781154,189.69890127875217
BNBUSDT,1,156,150.86666936516147,189.66360793234972
BNBUSDT,1,157,150.81414836533446,189.62537438599603
BNBUSDT,1,158,150.7597431586228,189.58582837895125
BNBUSDT,1,159,150.70490468777,189.54246646344203
BNBUSDT,1,160,150.65241517038547,189.5093361736725
BNBUSDT,1,161,150.59919930807794,189.47767626523225
BNBUSDT,1,162,150.53842366372575,189.4251944099282
BNBUSDT,1,163,150.48175042380188,189.3806488895388
BNBUSDT,1,164,150.4254145130598,189.33993074375218
BNBUSDT,1,165,150.3704347863689,189.30032741906857
BNBUSDT,1,166,150.3099922331774,189.25374854333836
BNBUSDT,1,167,150.2545190970418,189.21706214726953
BNBUSDT,2,0,302.01869571382275,201.08117047583616
BNBUSDT,2,1,302.0100768432993,201.10253772854097
BNBUSDT,2,2,302.003665264949,201.1250196926524
BNBUSDT,2,3,301.9974655647384,201.14855812810669
BNBUSDT,2,4,301.99138062712694,201.17088298908888
BNBUSDT,2,5,301.9861821503809,201.19551311610704
BNBUSDT,2,6,301.98039104683204,201.21941922350376
BNBUSDT,2,7,301.9761935180685,201.24338279823348
BNBUSDT,2,8,301.9730682628424,201.26822997548587
BNBUSDT,2,9,301.9699582239508,201.2936023455786
BNBUSDT,2,10,301.9654097553072,201.31903009441262
BNBUSDT,2,11,301.9611853508346,201.34642807881912
BNBUSDT,2,12,301.95663815427,201.3726054445657
BNBUSDT,2,13,301.9529424971643,201.39956140640217
BNBUSDT,2,14,301.95126783341453,201.427231093227
BNBUSDT,2,15,301.95185221195925,201.4564854500961
BNBUSDT,2,16,301.9500952762925,201.48434744651703
BNBUSDT,2,17,301.9475647058824,201.51092226877768
BNBUSDT,2,18,301.94219555987695,201.53712781591702
BNBUSDT,2,19,301.93581735537197,201.56300422139307
BNBUSDT,2,20,301.9310704829039,201.59017877456142
BNBUSDT,2,21,301.926489483066,201.61691467609705
BNBUSDT,2,22,301.92279103872954,201.64324998558206
BNBUSDT,2,23,301.91707375627936,201.6680051668612
BNBUSDT,2,24,301.909199003403,201.69120524218218
BNBUSDT,2,25,301.9006917760492,201.7133473717806
BNBUSDT,2,26,301.8932437773456,201.73630163382413
BNBUSDT,2,27,301.8868119105493,201.75921251304686
BNBUSDT,2,28,301.8795281315832,201.7816416828754
BNBUSDT,2,29,301.8723529249716,201.80397544593822
BNBUSDT,2,30,301.86381833576405,201.8240352667565
BNBUSDT,2,31,301.85654801490836,201.8455307854045
BNBUSDT,2,32,301.85036517582233,201.86759496460988
BNBUSDT,2,33,301.8440467590342,201.88913424468342
BNBUSDT,2,34,301.83731362826126,201.9105147546325
BNBUSDT,2,35,301.8315585480474,201.93269457598768
BNBUSDT,2,36,301.82798894830665,201.9553443970642
BNBUSDT,2,37,301.8244043347919,201.97842934195177
BNBUSDT,2,38,301.8187574866311,202.00011347480324
BNBUSDT,2,39,301.81297197374823,202.02118317734823
BNBUSDT,2,40,301.8044288526981,202.03966972563077
BNBUSDT,2,41,301.7946581591315,202.0581038776531
BNBUSDT,2,42,301.78476640738944,202.07561819299184
BNBUSDT,2,43,301.77777574947334,202.0951220432928
BNBUSDT,2,44,301.7704510128018,202.1138698989105
BNBUSDT,2,45,301.7638875060768,202.13278508992477
BNBUSDT,2,46,301.7579887943607,202.15288762787347
BNBUSDT,2,47,301.7545674688057,202.1733100576588
BNBUSDT,2,48,301.75213661481115,202.19474364244886
BNBUSDT,2,49,301.74896144060926,202.216916653721
BNBUSDT,2,50,301.7451359585156,202.23878870241086
BNBUSDT,2,51,301.7410352130934,202.2601977097948
BNBUSDT,2,52,301.73762622751576,202.2815234207057
BNBUSDT,2,53,301.73398080538,202.30179217649692
BNBUSDT,2,54,301.728862510128,202.32112206904134
BNBUSDT,2,55,301.72511169988655,202.34015558599162
BNBUSDT,2,56,301.72142707016684,202.35994854737424
BNBUSDT,2,57,301.7181978366553,202.3796515589753
BNBUSDT,2,58,301.7158567087992,202.3996546776473
BNBUSDT,2,59,301.71272566034673,202.41941754395447
BNBUSDT,2,60,301.7102093015718,202.4401922327142
BNBUSDT,2,61,301.7094227353751,202.46333127468773
BNBUSDT,2,62,301.7059996029816,202.4842231851115
BNBUSDT,2,63,301.7021888753848,202.50480879704654
BNBUSDT,2,64,301.70114218116987,202.52813683949032
BNBUSDT,2,65,301.7000625263327,202.55090773063176
BNBUSDT,2,66,301.6996294684815,202.57443782670387
BNBUSDT,2,67,301.6993064738291,202.5978824411805
BNBUSDT,2,68,301.69700577702145,202.61984791313196
BNBUSDT,2,69,301.6945881947819,202.64222898340324
BNBUSDT,2,70,301.6910913952356,202.66357017658152
BNBUSDT,2,71,301.6844036622913,202.68214056441403
BNBUSDT,2,72,301.67831251823037,202.70186331954602
BNBUSDT,2,73,301.67196280181486,202.72126301102162
BNBUSDT,2,74,301.66529589207573,202.73978510017642
BNBUSDT,2,75,301.6577128990438,202.75641619078863
BNBUSDT,2,76,301.65161343380316,202.77420737002174
BNBUSDT,2,77,301.64498939393934,202.79200770753965
BNBUSDT,2,78,301.6381825879111,202.80952649199267
BNBUSDT,2,79,301.631502738616,202.8270019572131
BNBUSDT,2,80,301.6236607356991,202.84426785874544
BNBUSDT,2,81,301.6152919705071,202.8608393512272
BNBUSDT,2,82,301.60693516447884,202.87818652242845
BNBUSDT,2,83,301.5982246718521,202.89566246886218
BNBUSDT,2,84,301.5899426673147,202.9129245995952
BNBUSDT,2,85,301.58072812348064,202.9297840347671
BNBUSDT,2,86,301.5706597391021,202.94627598231853
BNBUSDT,2,87,301.56047552260554,202.96233696120498
BNBUSDT,2,88,301.5511683195591,202.97800602981494
BNBUSDT,2,89,301.5403510614162,202.9922158301136
BNBUSDT,2,90,301.5298131664235,203.00789254026182
BNBUSDT,2,91,301.51900310322463,203.02297831145077
BNBUSDT,2,92,301.5078662939555,203.03705274970878
BNBUSDT,2,93,301.49681527305125,203.05127958035084
BNBUSDT,2,94,301.48500497488243,203.06443424853782
BNBUSDT,2,95,301.4716170960945,203.07755198406042
BNBUSDT,2,96,301.4583426024954,203.09130221756473
BNBUSDT,2,97,301.4441171771187,203.104204544128
BNBUSDT,2,98,301.4300657186841,203.11744070669357
BNBUSDT,2,99,301.4170510938259,203.1306696604873
BNBUSDT,2,100,301.4041588397341,203.14450925996945
BNBUSDT,2,101,301.3913963134013,203.1586785785691
BNBUSDT,2,102,301.379918238535,203.17406604248163
BNBUSDT,2,103,301.3689973748176,203.18911509444158
BNBUSDT,2,104,301.3571240722734,203.20269169890716
BNBUSDT,2,105,301.34564918165603,203.21574887992932
BNBUSDT,2,106,301.33185349214057,203.22674883783688
BNBUSDT,2,107,301.3194342489061,203.23906784836493
BNBUSDT,2,108,301.3061082239506,203.2519986753034
BNBUSDT,2,109,301.2917760249553,203.26378578010832
BNBUSDT,2,110,301.27538994490345,203.2743534791625
BNBUSDT,2,111,301.25884416626144,203.28406044051965
BNBUSDT,2,112,301.2432052341597,203.29500236548967
BNBUSDT,2,113,301.22684318586937,203.30557358720964
BNBUSDT,2,114,301.2096122346459,203.31464831059512
BNBUSDT,2,115,301.19434107924155,203.32468325742468
BNBUSDT,2,116,301.1798298006806,203.3344323747612
BNBUSDT,2,117,301.16444864689674,203.3438528488026
BNBUSDT,2,118,301.148260614163,203.35243733091465
BNBUSDT,2,119,301.13059966780094,203.35940565648443
BNBUSDT,2,120,301.1133071463296,203.3679282479964
BNBUSDT,2,121,301.0950787473667,203.3761290205284
BNBUSDT,2,122,301.0769783341435,203.3839523414646
BNBUSDT,2,123,301.06039852536054,203.3933198938912
BNBUSDT,2,124,301.04271846540263,203.40142501157098
BNBUSDT,2,125,301.02501165937446,203.4097981065419
BNBUSDT,2,126,301.00642353751414,203.41766289571524
BNBUSDT,2,127,300.9880302139037,203.42576773010262
BNBUSDT,2,128,300.97152338356824,203.4356847780178
BNBUSDT,2,129,300.95308202884456,203.44282075580415
BNBUSDT,2,130,300.93463230432667,203.44934503757494
BNBUSDT,2,131,300.9170677037757,203.45642651126718
BNBUSDT,2,132,300.89835296548364,203.46231210574763
BNBUSDT,2,133,300.881013312267,203.46992946319799
BNBUSDT,2,134,300.86501254253756,203.47919646193503
BNBUSDT,2,135,300.8481825311942,203.48730860062764
BNBUSDT,2,136,300.8324716658563,203.49527045426026
BNBUSDT,2,137,300.8161383163182,203.50449579630447
BNBUSDT,2,138,300.7994190649813,203.51474194348688
BNBUSDT,2,139,300.7809245503159,203.52353744252977
BNBUSDT,2,140,300.76412375627933,203.53436722424905
BNBUSDT,2,141,300.7457080781072,203.54384694873346
BNBUSDT,2,142,300.72724707502834,203.55236005844003
BNBUSDT,2,143,300.70778519688866,203.5594351909394
BNBUSDT,2,144,300.6875415491816,203.56594038582028
BNBUSDT,2,145,300.6664582401555,203.5714131667459
BNBUSDT,2,146,300.64462284880887,203.57520178149466
BNBUSDT,2,147,300.62334645114237,203.57865978223057
BNBUSDT,2,148,300.60272494733425,203.58184442135894
BNBUSDT,2,149,300.58172562793703,203.5855660414665
BNBUSDT,2,150,300.559154164641,203.5875940756565
BNBUSDT,2,151,300.5368698104034,203.59086131773242
BNBUSDT,2,152,300.5138053475935,203.59417990376298
BNBUSDT,2,153,300.4904255226057,203.59729550708096
BNBUSDT,2,154,300.4652988332523,203.59970390526132
BNBUSDT,2,155,300.4409086452763,203.6025162743113
BNBUSDT,2,156,300.41734448225566,203.60567178342765
BNBUSDT,2,157,300.39421663425696,203.60811588038547
BNBUSDT,2,158,300.37129032571704,203.6108997521112
BNBUSDT,2,159,300.347311942959,203.61152706112188
BNBUSDT,2,160,300.32535019445794,203.6164940445092
BNBUSDT,2,161,300.30329129800685,203.62195014821322
BNBUSDT,2,162,300.2786888024632,203.6216347627082
BNBUSDT,2,163,300.25645350834554,203.62382128819135
BNBUSDT,2,164,300.23369237562804,203.62743316838387
BNBUSDT,2,165,300.2113938988819,203.63106373846242
BNBUSDT,2,166,300.18730879111985,203.6336408029963
BNBUSDT,2,167,300.1634406822234,203.6384292870193
BNBUSDT,3,0,300.03172564668506,163.48164774811136
BNBUSDT,3,1,300.0334925272023,163.50106999604043
BNBUSDT,3,2,300.0366524686928,163.52140396084852
BNBUSDT,3,3,300.0398593717928,163.54245991296037
BNBUSDT,3,4,300.0430927786907,163.56249003871804
BNBUSDT,3,5,300.04692876719406,163.58442506861687
BNBUSDT,3,6,300.05056386265704,163.60591275140166
BNBUSDT,3,7,300.0550800862251,163.62728486021194
BNBUSDT,3,8,300.0603627848496,163.64932598489142
BNBUSDT,3,9,300.06559866557217,163.6717480202214
BNBUSDT,3,10,300.0698515294605,163.69411421955846
BNBUSDT,3,11,300.0743404639709,163.71803262910248
BNBUSDT,3,12,300.0787378413061,163.7410382040636
BNBUSDT,3,13,300.08358736912385,163.76459560472858
BNBUSDT,3,14,300.0895836378572,163.788636147948
BNBUSDT,3,15,300.0967439950733,163.81379070515695
BNBUSDT,3,16,300.10211331862087,163.8376410332551
BNBUSDT,3,17,300.10695666187684,163.8604410622413
BNBUSDT,3,18,300.11009431328307,163.8829710649683
BNBUSDT,3,19,300.11262357832106,163.9052633466985
BNBUSDT,3,20,300.11611434510405,163.92852637870547
BNBUSDT,3,21,300.1195664750569,163.95135488023442
BNBUSDT,3,22,300.123598183125,163.97386030600245
BNBUSDT,3,23,300.12623302709954,163.99505069025193
BNBUSDT,3,24,300.1277578577297,164.015122212645
BNBUSDT,3,25,300.12891284643837,164.0343748824202
BNBUSDT,3,26,300.13077985526616,164.0542400728389
BNBUSDT,3,27,300.1331314206531,164.07410927643508
BNBUSDT,3,28,300.13506139396463,164.09366115083432
BNBUSDT,3,29,300.13710633340213,164.11312414972554
BNBUSDT,3,30,300.13802842845445,164.13079402104776
BNBUSDT,3,31,300.13967437897793,164.1495630021193
BNBUSDT,3,32,300.1420553787727,164.16880298329932
BNBUSDT,3,33,300.1445763241637,164.18767629040943
BNBUSDT,3,34,300.1466241428868,164.20643282754085
BNBUSDT,3,35,300.1488398480808,164.22580007241592
BNBUSDT,3,36,300.1523937384524,164.24550743229597
BNBUSDT,3,37,300.15590219154217,164.26550334410072
BNBUSDT,3,38,300.15817619072106,164.28441994123878
BNBUSDT,3,39,300.1604034130573,164.30285337498054
BNBUSDT,3,40,300.16083765653906,164.3192321350481
BNBUSDT,3,41,300.1604840381856,164.33556229677373
BNBUSDT,3,42,300.1599459556563,164.3511325504785
BNBUSDT,3,43,300.1612763446935,164.3683021983194
BNBUSDT,3,44,300.16225653869884,164.38484754817577
BNBUSDT,3,45,300.16372919318457,164.40152116443002
BNBUSDT,3,46,300.16557163313524,164.4190816034195
BNBUSDT,3,47,300.1690449445703,164.43696524902808
BNBUSDT,3,48,300.1732688411008,164.4556681694304
BNBUSDT,3,49,300.1771392989123,164.47494234378695
BNBUSDT,3,50,300.1806594128519,164.49401705963965
BNBUSDT,3,51,300.18389225005166,164.5127005568824
BNBUSDT,3,52,300.1874144374875,164.5312727460569
BNBUSDT,3,53,300.19072013446964,164.5489881951758
BNBUSDT,3,54,300.19309285054436,164.56597026123933
BNBUSDT,3,55,300.1962753336074,164.58269780673098
BNBUSDT,3,56,300.19947407616536,164.59996929971942
BNBUSDT,3,57,300.20287403510605,164.61711864806813
BNBUSDT,3,58,300.20686735269993,164.63453348293638
BNBUSDT,3,59,300.2102935793475,164.65173537495735
BNBUSDT,3,60,300.2142734140836,164.6697873433823
BNBUSDT,3,61,300.21932331143535,164.68969312667315
BNBUSDT,3,62,300.22280574317415,164.7079199081282
BNBUSDT,3,63,300.2261299065903,164.72588561468822
BNBUSDT,3,64,300.2310971463768,164.74594662150196
BNBUSDT,3,65,300.2360486399099,164.7656073129316
BNBUSDT,3,66,300.24132759700285,164.78577685206514
BNBUSDT,3,67,300.24684051016243,164.80588949641185
BNBUSDT,3,68,300.2512084428251,164.82496042798758
BNBUSDT,3,69,300.2558154126465,164.8445663592664
BNBUSDT,3,70,300.2597900841719,164.86342323521126
BNBUSDT,3,71,300.2617691439132,164.88007443737797
BNBUSDT,3,72,300.26413637343495,164.89759190347277
BNBUSDT,3,73,300.2661447803329,164.91475455694805
BNBUSDT,3,74,300.2678342178201,164.93116055294203
BNBUSDT,3,75,300.26878939642813,164.94600857016164
BNBUSDT,3,76,300.2706997023201,164.96178511867708
BNBUSDT,3,77,300.2723495740097,164.97763626151823
BNBUSDT,3,78,300.2738682765348,164.9932705663792
BNBUSDT,3,79,300.2755135906387,165.00889664221216
BNBUSDT,3,80,300.2764073496204,165.02428940082416
BNBUSDT,3,81,300.2770290238147,165.03913091764196
BNBUSDT,3,82,300.2777249948678,165.05462959373497
BNBUSDT,3,83,300.2781045421887,165.07012387503494
BNBUSDT,3,84,300.2788324984605,165.08553877132624
BNBUSDT,3,85,300.2789748768222,165.10062449847513
BNBUSDT,3,86,300.27854046910306,165.11542406320268
BNBUSDT,3,87,300.2779710993638,165.1298846131952
BNBUSDT,3,88,300.27800345924885,165.14405839691986
BNBUSDT,3,89,300.2771819338947,165.15713107610745
BNBUSDT,3,90,300.2761832323961,165.17127952878073
BNBUSDT,3,91,300.27505831964714,165.1850297576476
BNBUSDT,3,92,300.27360325395216,165.1979503671951
BNBUSDT,3,93,300.2719561742971,165.21083349838602
BNBUSDT,3,94,300.2698076062413,165.22282629765985
BNBUSDT,3,95,300.2665108909877,165.23475018075558
BNBUSDT,3,96,300.26343483884233,165.24724576332025
BNBUSDT,3,97,300.25992066310846,165.25909777446518
BNBUSDT,3,98,300.2565731420655,165.27122177724743
BNBUSDT,3,99,300.2539029254775,165.28337919990898
BNBUSDT,3,100,300.25129995894093,165.29597910144957
BNBUSDT,3,101,300.24884588893474,165.30887793505778
BNBUSDT,3,102,300.2471541213306,165.32266957415078
BNBUSDT,3,103,300.24571266680374,165.33613632931068
BNBUSDT,3,104,300.2436114401562,165.34840658959033
BNBUSDT,3,105,300.24193195442433,165.36037488005252
BNBUSDT,3,106,300.2386181379595,165.370694249049
BNBUSDT,3,107,300.2363866505853,165.3821221070315
BNBUSDT,3,108,300.23359616608525,165.3939477256191
BNBUSDT,3,109,300.2301016064465,165.40481574626529
BNBUSDT,3,110,300.22525470642597,165.41470069190316
BNBUSDT,3,111,300.220286116814,165.42388598595568
BNBUSDT,3,112,300.2158868302199,165.43399371667465
BNBUSDT,3,113,300.21105515294624,165.44376994613904
BNBUSDT,3,114,300.20556016218455,165.45240476770988
BNBUSDT,3,115,300.20157860808894,165.46195832525285
BNBUSDT,3,116,300.1980629952784,165.47134461447448
BNBUSDT,3,117,300.19384752617555,165.48036205347645
BNBUSDT,3,118,300.188951575652,165.48862612890636
BNBUSDT,3,119,300.18314828064075,165.49565338044582
BNBUSDT,3,120,300.17727041675244,165.50380334417324
BNBUSDT,3,121,300.17081512523123,165.51171895072844
BNBUSDT,3,122,300.1643331246153,165.51935496293564
BNBUSDT,3,123,300.1588143399715,165.52820205711214
BNBUSDT,3,124,300.1526191387808,165.53604297175474
BNBUSDT,3,125,300.1464121279001,165.54410241514276
BNBUSDT,3,126,300.1396365889964,165.55173368963253
BNBUSDT,3,127,300.1329536491483,165.55952567371313
BNBUSDT,3,128,300.12753754875826,165.56879095481366
BNBUSDT,3,129,300.1209473619383,165.57593638411973
BNBUSDT,3,130,300.11438266783034,165.58262589163286
BNBUSDT,3,131,300.10843510572806,165.58978521323047
BNBUSDT,3,132,300.1016614812157,165.59598674447716
BNBUSDT,3,133,300.0958410131393,165.60359947513902
BNBUSDT,3,134,300.09099182919346,165.612526339179
BNBUSDT,3,135,300.0856071032645,165.62051102511055
BNBUSDT,3,136,300.08063361219484,165.6282826470346
BNBUSDT,3,137,300.0749424707455,165.63707596738377
BNBUSDT,3,138,300.0692327088896,165.64672030957624
BNBUSDT,3,139,300.06223931430947,165.65521116972698
BNBUSDT,3,140,300.05670372613463,165.66532881369733
BNBUSDT,3,141,300.0501503336074,165.67442945324123
BNBUSDT,3,142,300.04360928967395,165.6827990688058
BNBUSDT,3,143,300.0363572623694,165.6899951185993
BNBUSDT,3,144,300.02864595565626,165.69678213346535
BNBUSDT,3,145,300.0207415109836,165.70273112992945
BNBUSDT,3,146,300.0126224183948,165.70732678958768
BNBUSDT,3,147,300.00492927017063,165.71169272862377
BNBUSDT,3,148,299.99759450318237,165.71581981532253
BNBUSDT,3,149,299.990153854445,165.7203198117609
BNBUSDT,3,150,299.9819431687541,165.7236111308519
BNBUSDT,3,151,299.97402213097956,165.7278870139883
BNBUSDT,3,152,299.96543756928793,165.73210121747695
BNBUSDT,3,153,299.9564582118664,165.73603005709364
BNBUSDT,3,154,299.94611569492946,165.73930467572293
BNBUSDT,3,155,299.936306430918,165.74287502331146
BNBUSDT,3,156,299.92706146581844,165.7466814200096
BNBUSDT,3,157,299.9180877489225,165.74995759955098
BNBUSDT,3,158,299.9092211660853,165.753529032337
BNBUSDT,3,159,299.89960603572194,165.7554044609205
BNBUSDT,3,160,299.89135044652056,165.760692873203
BNBUSDT,3,161,299.8829768630675,165.76631639873602
BNBUSDT,3,162,299.8730074522689,165.7674792525838
BNBUSDT,3,163,299.8643373639913,165.7705277577497
BNBUSDT,3,164,299.85559080784265,165.77479931116576
BNBUSDT,3,165,299.84699361014196,165.7790396209577
BNBUSDT,3,166,299.837182565182,165.78239831348785
BNBUSDT,3,167,299.8275192414292,165.78744262804733
BNBUSDT,4,0,291.3478508871489,142.9145834459578
BNBUSDT,4,1,291.3506438315745,142.93070106986116
BNBUSDT,4,2,291.3545127946131,142.94763445959353
BNBUSDT,4,3,291.3583444936256,142.9651836922239
BNBUSDT,4,4,291.3622411266223,142.98187116784624
BNBUSDT,4,5,291.3665592289943,143.0002165052632
BNBUSDT,4,6,291.37068385351665,143.0181635977919
BNBUSDT,4,7,291.3755260621195,143.03607202723376
BNBUSDT,4,8,291.3809181137217,143.054582942264
BNBUSDT,4,9,291.3863437521282,143.0734183345123
BNBUSDT,4,10,291.39100318541233,143.09216391666374
BNBUSDT,4,11,291.395912291454,143.1122279129579
BNBUSDT,4,12,291.4006252827906,143.13151496132622
BNBUSDT,4,13,291.4055656300838,143.15132628998165
BNBUSDT,4,14,291.41130206938317,143.17159675452248
BNBUSDT,4,15,291.418006280029,143.1928482499309
BNBUSDT,4,16,291.42343191843554,143.2129049459945
BNBUSDT,4,17,291.428621178073,143.23210575208594
BNBUSDT,4,18,291.43209917905665,143.25091913020046
BNBUSDT,4,19,291.4350909015248,143.26948692625524
BNBUSDT,4,20,291.43876865660366,143.2889067227555
BNBUSDT,4,21,291.44243306472987,143.30796668850286
BNBUSDT,4,22,291.4465171187532,143.326777580147
BNBUSDT,4,23,291.4496471947945,143.34443327279232
BNBUSDT,4,24,291.45194015435266,143.3611127519531
BNBUSDT,4,25,291.4540172473803,143.37711207184068
BNBUSDT,4,26,291.45646028449306,143.39362188676662
BNBUSDT,4,27,291.4593058903644,143.41013321395903
BNBUSDT,4,28,291.4615645670187,143.42630298202747
BNBUSDT,4,29,291.4638096243334,143.4423840258979
BNBUSDT,4,30,291.4652610713882,143.4568732965285
BNBUSDT,4,31,291.46719311466745,143.47233504332067
BNBUSDT,4,32,291.46965561986934,143.4882326759224
BNBUSDT,4,33,291.47220993076854,143.50384370717973
BNBUSDT,4,34,291.4746122195742,143.51933095363555
BNBUSDT,4,35,291.4776300684752,143.53537125036885
BNBUSDT,4,36,291.4815624257559,143.55176621662932
BNBUSDT,4,37,291.4853742783644,143.56836613442894
BNBUSDT,4,38,291.48822323988975,143.5839996781187
BNBUSDT,4,39,291.49102258918793,143.59918602082888
BNBUSDT,4,40,291.4923111602922,143.61260723116823
BNBUSDT,4,41,291.4930833049599,143.62595377235286
BNBUSDT,4,42,291.4937989255856,143.63866530623855
BNBUSDT,4,43,291.49588803011403,143.65283357614837
BNBUSDT,4,44,291.4976849544132,143.66646647294726
BNBUSDT,4,45,291.49981082737503,143.68021248551642
BNBUSDT,4,46,291.50235681534457,143.69475941866529
BNBUSDT,4,47,291.50593090833445,143.7096381994464
BNBUSDT,4,48,291.51013014413815,143.72523162805751
BNBUSDT,4,49,291.51406129081084,143.7413052239073
BNBUSDT,4,50,291.5178552566868,143.75717920479755
BNBUSDT,4,51,291.52158501116037,143.77272781394547
BNBUSDT,4,52,291.5256869405668,143.78820345302935
BNBUSDT,4,53,291.5297730526237,143.8029964027198
BNBUSDT,4,54,291.5329822986419,143.81708388215026
BNBUSDT,4,55,291.53679599742753,143.8309731619509
BNBUSDT,4,56,291.54034551129274,143.84527039729053
BNBUSDT,4,57,291.54411900654486,143.8594873981195
BNBUSDT,4,58,291.54828069080315,143.87394406537896
BNBUSDT,4,59,291.5520848976658,143.88818502547753
BNBUSDT,4,60,291.5563009571369,143.90318981702802
BNBUSDT,4,61,291.56129441985394,143.91982673740063
BNBUSDT,4,62,291.5650416940945,143.9349265826608
BNBUSDT,4,63,291.56851719819923,143.9498258813976
BNBUSDT,4,64,291.57323787689626,143.96657539335308
BNBUSDT,4,65,291.57793181629023,143.98298060386242
BNBUSDT,4,66,291.58278011954746,143.9998096174681
BNBUSDT,4,67,291.58776304240905,144.01661189388017
BNBUSDT,4,68,291.59188685733733,144.032476003799
BNBUSDT,4,69,291.5961187719895,144.04877430090994
BNBUSDT,4,70,291.5999035296788,144.06442130491334
BNBUSDT,4,71,291.6022891839745,144.0781417775955
BNBUSDT,4,72,291.604775587334,144.0925553765957
BNBUSDT,4,73,291.60712612643283,144.10666886480607
BNBUSDT,4,74,291.6092491166345,144.1201391157495
BNBUSDT,4,75,291.6106417205765,144.1322702474518
BNBUSDT,4,76,291.6127383573563,144.14523825827513
BNBUSDT,4,77,291.6148284001059,144.158301116098
BNBUSDT,4,78,291.6168179737449,144.1711860435053
BNBUSDT,4,79,291.6189689706049,144.18405730038293
BNBUSDT,4,80,291.6205054590852,144.1966799780763
BNBUSDT,4,81,291.6217316800969,144.20884619678486
BNBUSDT,4,82,291.6227478454962,144.2215661758723
BNBUSDT,4,83,291.6235232058412,144.23426490883182
BNBUSDT,4,84,291.62478615367155,144.24694178450818
BNBUSDT,4,85,291.6254018272614,144.25929980571237
BNBUSDT,4,86,291.6256755759846,144.27135058161736
BNBUSDT,4,87,291.6259898195438,144.28310155045483
BNBUSDT,4,88,291.6267211213257,144.29462356347395
BNBUSDT,4,89,291.62673978738707,144.30510090976898
BNBUSDT,4,90,291.6268888926721,144.31646941327355
BNBUSDT,4,91,291.62712277456217,144.32751667366992
BNBUSDT,4,92,291.6270943820225,144.3378222168617
BNBUSDT,4,93,291.6271741421708,144.34810382475584
BNBUSDT,4,94,291.6267858888511,144.3576578570777
BNBUSDT,4,95,291.625831279083,144.3671315547327
BNBUSDT,4,96,291.62512255135636,144.3772158164626
BNBUSDT,4,97,291.624060613627,144.38678889581954
BNBUSDT,4,98,291.62335607384716,144.39658371050047
BNBUSDT,4,99,291.62315456437034,144.40642231925244
BNBUSDT,4,100,291.62295722770784,144.41664609461415
BNBUSDT,4,101,291.62279398100867,144.4271215136423
BNBUSDT,4,102,291.623151019559,144.43839465188086
BNBUSDT,4,103,291.6237530965082,144.44941556791375
BNBUSDT,4,104,291.6239974766391,144.45939310674575
BNBUSDT,4,105,291.6244543638634,144.4691512596341
BNBUSDT,4,106,291.62378223432836,144.47741846755585
BNBUSDT,4,107,291.6237868384217,144.48669069455633
BNBUSDT,4,108,291.62327725570316,144.4962458261162
BNBUSDT,4,109,291.62243785041426,144.5050093491153
BNBUSDT,4,110,291.6206394544698,144.51285155712685
BNBUSDT,4,111,291.6186038171982,144.52005746069662
BNBUSDT,4,112,291.6168705406121,144.5280288717096
BNBUSDT,4,113,291.6147844966519,144.53570582206183
BNBUSDT,4,114,291.612360844399,144.54239551751638
BNBUSDT,4,115,291.61104141035827,144.54994654385303
BNBUSDT,4,116,291.6100956909923,144.55737063771733
BNBUSDT,4,117,291.60868706541066,144.56447546138807
BNBUSDT,4,118,291.60677685090604,144.57089811485503
BNBUSDT,4,119,291.603864907502,144.57615861662137
BNBUSDT,4,120,291.6010644573072,144.5823356970404
BNBUSDT,4,121,291.597819464306,144.5882795143975
BNBUSDT,4,122,291.59466449513866,144.59402121144146
BNBUSDT,4,123,291.5922233042031,144.60081689139201
BNBUSDT,4,124,291.5892343396513,144.60674122549867
BNBUSDT,4,125,291.5861269587259,144.6128174798606
BNBUSDT,4,126,291.582532414028,144.61849197096052
BNBUSDT,4,127,291.5789607271215,144.62427014770654
BNBUSDT,4,128,291.57641363447215,144.63138415623422
BNBUSDT,4,129,291.5729746301972,144.63666409029338
BNBUSDT,4,130,291.5696527787237,144.64156611999226
BNBUSDT,4,131,291.5667404229562,144.64687307334876
BNBUSDT,4,132,291.5632380849696,144.65133781383616
BNBUSDT,4,133,291.5605858699354,144.65710227259078
BNBUSDT,4,134,291.5586268981955,144.66403985887908
BNBUSDT,4,135,291.5562050769871,144.67014994038217
BNBUSDT,4,136,291.5542868876026,144.67612136166744
BNBUSDT,4,137,291.5521385805622,144.68295772938743
BNBUSDT,4,138,291.5498441380093,144.69052857792204
BNBUSDT,4,139,291.546739711724,144.69711646072062
BNBUSDT,4,140,291.54451690689666,144.70510377392822
BNBUSDT,4,141,291.5416762796504,144.7122088529393
BNBUSDT,4,142,291.53902256270567,144.7186819572021
BNBUSDT,4,143,291.5356820981348,144.7240637301746
BNBUSDT,4,144,291.53207119131383,144.72912134915944
BNBUSDT,4,145,291.5278488101993,144.73344190270606
BNBUSDT,4,146,291.5232033897022,144.73659368868377
BNBUSDT,4,147,291.51883410509583,144.7395976696644
BNBUSDT,4,148,291.5148500472893,144.74243446425228
BNBUSDT,4,149,291.5107387621533,144.74559059257908
BNBUSDT,4,150,291.5058442363711,144.74769148742726
BNBUSDT,4,151,291.5011442969015,144.75068495744233
BNBUSDT,4,152,291.4959174365376,144.75359102311907
BNBUSDT,4,153,291.4903390383232,144.75625210307825
BNBUSDT,4,154,291.48386177127065,144.75831485556634
BNBUSDT,4,155,291.47765272575936,144.76062283309503
BNBUSDT,4,156,291.47195042560423,144.76319454138985
BNBUSDT,4,157,291.4664594143682,144.7652951773918
BNBUSDT,4,158,291.4609452275563,144.76764199039346
BNBUSDT,4,159,291.45484523133945,144.76851721498096
BNBUSDT,4,160,291.44975114818584,144.77240134074978
BNBUSDT,4,161,291.444471728521,144.77653860742436
BNBUSDT,4,162,291.43812193848584,144.77684678786983
BNBUSDT,4,163,291.4327828547647,144.77879158856476
BNBUSDT,4,164,291.42727391139846,144.78174967174928
BNBUSDT,4,165,291.4221436651154,144.7847011522925
BNBUSDT,4,166,291.41617921159144,144.78686505919552
BNBUSDT,4,167,291.4108608519652,144.7905691065734
BNBUSDT,5,0,328.518523976171,159.29347215120043
BNBUSDT,5,1,328.512943213699,159.30199558126245
BNBUSDT,5,2,328.5082304303781,159.31097530019224
BNBUSDT,5,3,328.50346150409365,159.32032884182664
BNBUSDT,5,4,328.49877348324475,159.32913476799962
BNBUSDT,5,5,328.4945542844361,159.33908998620396
BNBUSDT,5,6,328.49017680714644,159.34881771719694
BNBUSDT,5,7,328.4863761846595,159.35840529059698
BNBUSDT,5,8,328.4830173790005,159.36835723184805
BNBUSDT,5,9,328.4797088428873,159.37856872803215
BNBUSDT,5,10,328.4758179359625,159.3888711777124
BNBUSDT,5,11,328.4720044556944,159.39997492125195
BNBUSDT,5,12,328.46806636187455,159.4105654507916
BNBUSDT,5,13,328.4644949009662,159.4215372869886
BNBUSDT,5,14,328.46150849143527,159.4326115206374
BNBUSDT,5,15,328.45919761727293,159.44416168177665
BNBUSDT,5,16,328.4556954847339,159.4549404022292
BNBUSDT,5,17,328.4521323484717,159.4652451741034
BNBUSDT,5,18,328.44725473119695,159.47561176309375
BNBUSDT,5,19,328.44198831868766,159.485911800805
BNBUSDT,5,20,328.43726796425733,159.49671571956665
BNBUSDT,5,21,328.4324954043169,159.5071986355664
BNBUSDT,5,22,328.42800854802505,159.51739447965392
BNBUSDT,5,23,328.42283914519555,159.52702429130585
BNBUSDT,5,24,328.417004738643,159.53609606848727
BNBUSDT,5,25,328.41100634102577,159.54470454508504
BNBUSDT,5,26,328.40531391511365,159.55366128741906
BNBUSDT,5,27,328.3997895040935,159.56237530607615
BNBUSDT,5,28,328.39372557557533,159.57083256410655
BNBUSDT,5,29,328.38773432017695,159.57933044629704
BNBUSDT,5,30,328.3811837944882,159.5869064164111
BNBUSDT,5,31,328.37494015189696,159.59495897245745
BNBUSDT,5,32,328.3691111541308,159.60320116416742
BNBUSDT,5,33,328.3633335845105,159.6112346259815
BNBUSDT,5,34,328.3574690930734,159.61928506834707
BNBUSDT,5,35,328.35216070290215,159.62773957034787
BNBUSDT,5,36,328.34755441846437,159.63624034018076
BNBUSDT,5,37,328.34275199701983,159.64483350829056
BNBUSDT,5,38,328.33723618465945,159.65293964126548
BNBUSDT,5,39,328.3315800476527,159.66070685945039
BNBUSDT,5,40,328.32519615487536,159.6677813180109
BNBUSDT,5,41,328.31842951600714,159.674941011866
BNBUSDT,5,42,328.31160944154703,159.6816519937969
BNBUSDT,5,43,328.30593323305857,159.6891524815134
BNBUSDT,5,44,328.2999197736394,159.6961422011098
BNBUSDT,5,45,328.29395977959615,159.70295659135962
BNBUSDT,5,46,328.28830372896323,159.7102416628417
BNBUSDT,5,47,328.28352856887386,159.71758082527526
BNBUSDT,5,48,328.27922472375104,159.72536617509817
BNBUSDT,5,49,328.27455493968546,159.73337838377287
BNBUSDT,5,50,328.26973545792816,159.74133382716792
BNBUSDT,5,51,328.26489818614857,159.7491428829318
BNBUSDT,5,52,328.26028243931313,159.75680048433657
BNBUSDT,5,53,328.2555768011895,159.76384847599113
BNBUSDT,5,54,328.25008551302875,159.7704481831882
BNBUSDT,5,55,328.2448943737882,159.77663723080417
BNBUSDT,5,56,328.2394595055827,159.78310451868384
BNBUSDT,5,57,328.2342248011895,159.78949923086455
BNBUSDT,5,58,328.2292927326862,159.79599579206996
BNBUSDT,5,59,328.2241149694695,159.8024996108774
BNBUSDT,5,60,328.2193061265805,159.80950485140593
BNBUSDT,5,61,328.2151003842127,159.81745570163318
BNBUSDT,5,62,328.20990460461474,159.82457766808858
BNBUSDT,5,63,328.2045276276974,159.8315401992819
BNBUSDT,5,64,328.19996714221713,159.8393675727801
BNBUSDT,5,65,328.19520392255964,159.8467091218631
BNBUSDT,5,66,328.1905562740116,159.8542954531529
BNBUSDT,5,67,328.1860563067741,159.8619093762694
BNBUSDT,5,68,328.1809067848084,159.86909016559184
BNBUSDT,5,69,328.175845346238,159.8765746092859
BNBUSDT,5,70,328.1703693224108,159.88356119394714
BNBUSDT,5,71,328.16383052866536,159.88950468118426
BNBUSDT,5,72,328.1572876574815,159.89586237644207
BNBUSDT,5,73,328.1506973909141,159.90213526987372
BNBUSDT,5,74,328.143904151897,159.9079308715092
BNBUSDT,5,75,328.1365895040936,159.9128610350247
BNBUSDT,5,76,328.1298886969454,159.91828825055967
BNBUSDT,5,77,328.12331374832297,159.92394561733565
BNBUSDT,5,78,328.1167520327607,159.92959503839148
BNBUSDT,5,79,328.1102399642573,159.93516597387423
BNBUSDT,5,80,328.1032530394621,159.9407233499091
BNBUSDT,5,81,328.0960486522693,159.94597442153935
BNBUSDT,5,82,328.0889260997749,159.95179438879984
BNBUSDT,5,83,328.0816437498121,159.95767387349034
BNBUSDT,5,84,328.07466485182255,159.9633976622551
BNBUSDT,5,85,328.06731039463716,159.9690896641209
BNBUSDT,5,86,328.0595556962008,159.97459031228735
BNBUSDT,5,87,328.0517524616513,159.97989851352705
BNBUSDT,5,88,328.0443937274741,159.9851340168131
BNBUSDT,5,89,328.0363339627682,159.98975380513897
BNBUSDT,5,90,328.028329236037,159.99502228454583
BNBUSDT,5,91,328.0203346626937,160.00002559608058
BNBUSDT,5,92,328.01223487118216,160.0046999262978
BNBUSDT,5,93,328.0043363842127,160.00951281091045
BNBUSDT,5,94,327.9964149337287,160.01411907674935
BNBUSDT,5,95,327.98797909754103,160.0187324886162
BNBUSDT,5,96,327.97981725688584,160.02357646674622
BNBUSDT,5,97,327.9713862755009,160.02804974584393
BNBUSDT,5,98,327.9629120208471,160.03244707907706
BNBUSDT,5,99,327.95490229634964,160.03688970810822
BNBUSDT,5,100,327.9468899002216,160.04156393863482
BNBUSDT,5,101,327.93888945048224,160.04636405409548
BNBUSDT,5,102,327.9313760506311,160.05169837927858
BNBUSDT,5,103,327.9241598093803,160.05693845806377
BNBUSDT,5,104,327.916274766938,160.0611490128402
BNBUSDT,5,105,327.90856894117474,160.06507922587895
BNBUSDT,5,106,327.89996234698265,160.0682126960667
BNBUSDT,5,107,327.89192129560513,160.0718832209908
BNBUSDT,5,108,327.8835260670124,160.07595718042222
BNBUSDT,5,109,327.8748026716289,160.07947046681375
BNBUSDT,5,110,327.8652438629915,160.0824991331061
BNBUSDT,5,111,327.8556203931479,160.08526822701975
BNBUSDT,5,112,327.8461605063274,160.08847416615214
BNBUSDT,5,113,327.8364526760965,160.09157880380434
BNBUSDT,5,114,327.8264165063273,160.09398735393546
BNBUSDT,5,115,327.81733008488277,160.09686628390557
BNBUSDT,5,116,327.8084664005939,160.09949805953212
BNBUSDT,5,117,327.79923827847927,160.1019849940624
BNBUSDT,5,118,327.7895169769156,160.10398793441587
BNBUSDT,5,119,327.7791202114651,160.105417893522
BNBUSDT,5,120,327.76882909307346,160.1075863962857
BNBUSDT,5,121,327.75795269992375,160.1093987286265
BNBUSDT,5,122,327.747123353684,160.1109692824674
BNBUSDT,5,123,327.73684403871755,160.1131731033059
BNBUSDT,5,124,327.7261394281442,160.11483558700684
BNBUSDT,5,125,327.71524628145767,160.1164964864681
BNBUSDT,5,126,327.7038862040191,160.11786737738817
BNBUSDT,5,127,327.6924964676081,160.11929424663958
BNBUSDT,5,128,327.68191933283526,160.12148016241977
BNBUSDT,5,129,327.6706876664168,160.1225381279427
BNBUSDT,5,130,327.6594946209961,160.1233012197757
BNBUSDT,5,131,327.6486388562902,160.1243034962364
BNBUSDT,5,132,327.63730669545623,160.12477951405822
BNBUSDT,5,133,327.62666764854623,160.12602708075985
BNBUSDT,5,134,327.61651779002057,160.12788567968255
BNBUSDT,5,135,327.6059797110928,160.12920627990624
BNBUSDT,5,136,327.5958560029766,160.13039408174697
BNBUSDT,5,137,327.5855064512267,160.13218467231815
BNBUSDT,5,138,327.57508950409346,160.1345099302758
BNBUSDT,5,139,327.5640497632148,160.13622858416545
BNBUSDT,5,140,327.5537458049125,160.1388887393253
BNBUSDT,5,141,327.5429405539818,160.1410323012258
BNBUSDT,5,142,327.5321841667889,160.14272118133917
BNBUSDT,5,143,327.5208186120607,160.14373055105034
BNBUSDT,5,144,327.50926397021414,160.14452772707926
BNBUSDT,5,145,327.49718324943973,160.14472352825587
BNBUSDT,5,146,327.4848737215171,160.1442994792303
BNBUSDT,5,147,327.4728322233786,160.14371153457643
BNBUSDT,5,148,327.46108209381794,160.1429524483961
BNBUSDT,5,149,327.449210951599,160.14245815956508
BNBUSDT,5,150,327.4368333790003,160.14137619093427
BNBUSDT,5,151,327.424653676841,160.1408566522703
BNBUSDT,5,152,327.41210381533693,160.14041448576208
BNBUSDT,5,153,327.39933974087677,160.13986639177918
BNBUSDT,5,154,327.38592459270103,160.13912280905333
BNBUSDT,5,155,327.37256871183735,160.13834639094298
BNBUSDT,5,156,327.35980835740696,160.13792975230152
BNBUSDT,5,157,327.34719945494976,160.1371985692403
BNBUSDT,5,158,327.3347450543541,160.13678341633133
BNBUSDT,5,159,327.3216716008917,160.13520117088456
BNBUSDT,5,160,327.3091398987324,160.13509454285705
BNBUSDT,5,161,327.2964444139968,160.13518674302335
BNBUSDT,5,162,327.2829807058806,160.13287735743432
BNBUSDT,5,163,327.27025909754104,160.13151479871706
BNBUSDT,5,164,327.25746928666996,160.1309995677373
BNBUSDT,5,165,327.24496272524027,160.13049303041518
BNBUSDT,5,166,327.23186195383306,160.12967924729628
BNBUSDT,5,167,327.2192460134012,160.12981650110567
BTCUSDT,1,0,30648.452658709528,18309.962940362166
BTCUSDT,1,1,30647.844935132292,18313.79974445116
BTCUSDT,1,2,30647.27694170555,18317.756742794456
BTCUSDT,1,3,30646.578711295588,18321.671292454594
BTCUSDT,1,4,30645.74315343363,18325.416908754705
BTCUSDT,1,5,30645.059519114307,18329.39043213446
BTCUSDT,1,6,30644.280671164117,18333.199248744764
BTCUSDT,1,7,30643.71268465659,18337.271577710137
BTCUSDT,1,8,30643.347249610746,18341.69134745827
BTCUSDT,1,9,30642.700704030405,18345.888894467073
BTCUSDT,1,10,30641.78663725995,18349.7595836163
BTCUSDT,1,11,30640.815092544515,18353.606982592282
BTCUSDT,1,12,30639.673146514415,18357.299721018073
BTCUSDT,1,13,30638.463924926455,18360.81007815982
BTCUSDT,1,14,30637.532191662314,18364.666901418237
BTCUSDT,1,15,30637.02061927,18369.013468208894
BTCUSDT,1,16,30636.17996367408,18372.925170265622
BTCUSDT,1,17,30635.516441792053,18377.03672725082
BTCUSDT,1,18,30634.649148936147,18380.835088935662
BTCUSDT,1,19,30633.715396990116,18384.47314931162
BTCUSDT,1,20,30632.79158796054,18388.267949314904
BTCUSDT,1,21,30631.727787579985,18391.839641687493
BTCUSDT,1,22,30631.01129216396,18395.666421776554
BTCUSDT,1,23,30630.156158104113,18399.277308430705
BTCUSDT,1,24,30628.35358242516,18401.722648106665
BTCUSDT,1,25,30626.626078533096,18404.12712742594
BTCUSDT,1,26,30625.091392492624,18406.66925114583
BTCUSDT,1,27,30623.340243902418,18409.075638168495
BTCUSDT,1,28,30621.499091852595,18411.34266049915
BTCUSDT,1,29,30619.84118491608,18413.68233913612
BTCUSDT,1,30,30618.28105345094,18416.118057832427
BTCUSDT,1,31,30616.46229372079,18418.192029309273
BTCUSDT,1,32,30614.948882546254,18420.62758316995
BTCUSDT,1,33,30613.31384016604,18422.95257882138
BTCUSDT,1,34,30611.512848988048,18425.103470889484
BTCUSDT,1,35,30609.621032693296,18427.055007175415
BTCUSDT,1,36,30607.704551115716,18428.984104057705
BTCUSDT,1,37,30605.69788963846,18430.76660124251
BTCUSDT,1,38,30603.499344404067,18432.278015761425
BTCUSDT,1,39,30601.572561840505,18433.964380091533
BTCUSDT,1,40,30600.266493686213,18436.014345705324
BTCUSDT,1,41,30598.365590728245,18437.328764052392
BTCUSDT,1,42,30596.592217609406,18438.697344531163
BTCUSDT,1,43,30595.083937035117,18440.105028744172
BTCUSDT,1,44,30593.64628610967,18441.59382958313
BTCUSDT,1,45,30592.222155336447,18443.01572519596
BTCUSDT,1,46,30590.8359920429,18444.561996109416
BTCUSDT,1,47,30589.584066770458,18446.316698173305
BTCUSDT,1,48,30588.505068327286,18448.269807978195
BTCUSDT,1,49,30587.255241307736,18450.22749340711
BTCUSDT,1,50,30585.928602317937,18452.067683199242
BTCUSDT,1,51,30584.47034769071,18453.953510822845
BTCUSDT,1,52,30582.980811278318,18455.966621299693
BTCUSDT,1,53,30581.50892925099,18458.064739633835
BTCUSDT,1,54,30579.93353399066,18459.949125614286
BTCUSDT,1,55,30578.435666839647,18461.96327384847
BTCUSDT,1,56,30576.932224528628,18464.019905489647
BTCUSDT,1,57,30575.62841895866,18466.130197270053
BTCUSDT,1,58,30574.291390762843,18468.229753568616
BTCUSDT,1,59,30572.740204116937,18469.881234538392
BTCUSDT,1,60,30571.217469295974,18471.51684141927
BTCUSDT,1,61,30569.732421726345,18473.28822788965
BTCUSDT,1,62,30567.793954333156,18474.631981354014
BTCUSDT,1,63,30565.737958830643,18475.994617870834
BTCUSDT,1,64,30563.880354609926,18477.61875735826
BTCUSDT,1,65,30561.864199965403,18479.187931276625
BTCUSDT,1,66,30559.62955717004,18480.51890489984
BTCUSDT,1,67,30557.329005362386,18481.88457377388
BTCUSDT,1,68,30554.970508562532,18483.133653389752
BTCUSDT,1,69,30552.473471717694,18484.177588299488
BTCUSDT,1,70,30550.060257740868,18485.13177297984
BTCUSDT,1,71,30547.278950008647,18485.664477992155
BTCUSDT,1,72,30544.627339560615,18486.378767665545
BTCUSDT,1,73,30542.0633246843,18487.26306825143
BTCUSDT,1,74,30539.561655422927,18488.030643378373
BTCUSDT,1,75,30536.97393184569,18488.729080045083
BTCUSDT,1,76,30534.61105345095,18489.804843881244
BTCUSDT,1,77,30531.900518941344,18490.810540055343
BTCUSDT,1,78,30529.444366026633,18491.937029598477
BTCUSDT,1,79,30527.130084760418,18493.0267702829
BTCUSDT,1,80,30524.84200657325,18494.267882569915
BTCUSDT,1,81,30522.494616848286,18495.35231857195
BTCUSDT,1,82,30520.151971977153,18496.481644630247
BTCUSDT,1,83,30517.548453554737,18497.433623134693
BTCUSDT,1,84,30515.656293028867,18499.00932477938
BTCUSDT,1,85,30513.763151703835,18500.44265812134
BTCUSDT,1,86,30511.80150492992,18501.748460512226
BTCUSDT,1,87,30510.119771665773,18503.31858221085
BTCUSDT,1,88,30508.53551980623,18505.005591916422
BTCUSDT,1,89,30506.992670818167,18506.527773468835
BTCUSDT,1,90,30505.577223663695,18508.14471335548
BTCUSDT,1,91,30504.337284206853,18509.82045154816
BTCUSDT,1,92,30503.063468258064,18511.463053609237
BTCUSDT,1,93,30501.58736031826,18512.994623106817
BTCUSDT,1,94,30499.985284552815,18514.34948052801
BTCUSDT,1,95,30498.436772184712,18515.698337307927
BTCUSDT,1,96,30496.60189413593,18516.822593732682
BTCUSDT,1,97,30494.835772357692,18517.904952120814
BTCUSDT,1,98,30493.002854177448,18518.772585296483
BTCUSDT,1,99,30491.30675142706,18519.89223320476
BTCUSDT,1,100,30489.695973015027,18520.91990786602
BTCUSDT,1,101,30488.201075938396,18522.111413534756
BTCUSDT,1,102,30486.874848642077,18523.480294759815
BTCUSDT,1,103,30485.767100847585,18524.874699786942
BTCUSDT,1,104,30484.56102577407,18526.156100714936
BTCUSDT,1,105,30483.449484518238,18527.460841997126
BTCUSDT,1,106,30481.85001037881,18528.331742530085
BTCUSDT,1,107,30480.54272271231,18529.456905187042
BTCUSDT,1,108,30478.90028022831,18530.339434383324
BTCUSDT,1,109,30477.30111053449,18531.102136125464
BTCUSDT,1,110,30475.23181629475,18531.601010739534
BTCUSDT,1,111,30473.148074727542,18531.85355736718
BTCUSDT,1,112,30471.255909012267,18532.25628187952
BTCUSDT,1,113,30469.5933644698,18532.768624237375
BTCUSDT,1,114,30467.820859712836,18533.191189721336
BTCUSDT,1,115,30466.180392665614,18533.597214969275
BTCUSDT,1,116,30464.83293201867,18534.12527042135
BTCUSDT,1,117,30463.341409790683,18534.73871115908
BTCUSDT,1,118,30461.913418093744,18535.26681536213
BTCUSDT,1,119,30460.588861788605,18535.93762698141
BTCUSDT,1,120,30459.17935132328,18536.73865108101
BTCUSDT,1,121,30457.832475350264,18537.550765696848
BTCUSDT,1,122,30456.461290434156,18538.275328686716
BTCUSDT,1,123,30454.79031828401,18538.689257153976
BTCUSDT,1,124,30453.180581214303,18539.11718668431
BTCUSDT,1,125,30451.232615464425,18539.321529699293
BTCUSDT,1,126,30449.25976993597,18539.558107002613
BTCUSDT,1,127,30447.175606296463,18539.861299697437
BTCUSDT,1,128,30445.15500605429,18540.35486998774
BTCUSDT,1,129,30443.15414634144,18540.635368875894
BTCUSDT,1,130,30441.077962290237,18540.95735356442
BTCUSDT,1,131,30438.961882027306,18541.245428904684
BTCUSDT,1,132,30436.921354436927,18541.80188990793
BTCUSDT,1,133,30434.67797785848,18542.263328960707
BTCUSDT,1,134,30432.096305137497,18542.465433413396
BTCUSDT,1,135,30429.606426223818,18542.68120505836
BTCUSDT,1,136,30427.184251859515,18543.076246767898
BTCUSDT,1,137,30424.843533990632,18543.58325154712
BTCUSDT,1,138,30422.2905431586,18544.047688624774
BTCUSDT,1,139,30420.02595917659,18544.732403966846
BTCUSDT,1,140,30417.573999308046,18545.27652163607
BTCUSDT,1,141,30414.98363258948,18545.73925136203
BTCUSDT,1,142,30412.6882978723,18546.38698146295
BTCUSDT,1,143,30410.40732918176,18546.93686465316
BTCUSDT,1,144,30408.093130946163,18547.49743366971
BTCUSDT,1,145,30405.703253762287,18547.950609839234
BTCUSDT,1,146,30403.20020757651,18548.477290960443
BTCUSDT,1,147,30400.98480193735,18549.329598561806
BTCUSDT,1,148,30398.98058813351,18550.189062486308
BTCUSDT,1,149,30396.850384016572,18550.938613963637
BTCUSDT,1,150,30394.419339214637,18551.451069894254
BTCUSDT,1,151,30391.534703338493,18551.54161777886
BTCUSDT,1,152,30388.249178342816,18551.351951317894
BTCUSDT,1,153,30384.904599550217,18551.22208161607
BTCUSDT,1,154,30381.354836533435,18550.717933216813
BTCUSDT,1,155,30377.71152914717,18550.24367455697
BTCUSDT,1,156,30374.595621864693,18550.190051853344
BTCUSDT,1,157,30371.81160698837,18550.205995271204
BTCUSDT,1,158,30368.69502162251,18550.135229255644
BTCUSDT,1,159,30365.992093063436,18550.243490475867
BTCUSDT,1,160,30363.066978031435,18550.233128158787
BTCUSDT,1,161,30360.025514616802,18550.213838416406
BTCUSDT,1,162,30356.780205846695,18550.069635854736
BTCUSDT,1,163,30353.512483999264,18549.93258482417
BTCUSDT,1,164,30349.79266216913,18549.552026688503
BTCUSDT,1,165,30346.049871994415,18549.30317280772
BTCUSDT,1,166,30342.029152395728,18548.780446012453
BTCUSDT,1,167,30337.984857291078,18548.31866063413
BTCUSDT,2,0,38390.37104197041,15972.513828594605
BTCUSDT,2,1,38390.147668125006,15974.90180238439
BTCUSDT,2,2,38389.94124210005,15977.354732135973
BTCUSDT,2,3,38389.65114244036,15979.810296893664
BTCUSDT,2,4,38389.2770247933,15982.18383717066
BTCUSDT,2,5,38388.98952438818,15984.649377483189
BTCUSDT,2,6,38388.54250121527,15986.998802629716
BTCUSDT,2,7,38388.21074218107,15989.437519257906
BTCUSDT,2,8,38387.94870928527,15992.0091159486
BTCUSDT,2,9,38387.58532733745,15994.544460451694
BTCUSDT,2,10,38387.14014989457,15996.997044801505
BTCUSDT,2,11,38386.718735213006,15999.457071493784
BTCUSDT,2,12,38386.08536784954,16001.808014761946
BTCUSDT,2,13,38385.378292010944,16004.059984510772
BTCUSDT,2,14,38384.78309755299,16006.42147005098
BTCUSDT,2,15,38384.38801328788,16008.935583050703
BTCUSDT,2,16,38383.879674282856,16011.31756426182
BTCUSDT,2,17,38383.297186031356,16013.713248631382
BTCUSDT,2,18,38382.46824987839,16015.932221552264
BTCUSDT,2,19,38381.64243315499,16018.114939922392
BTCUSDT,2,20,38380.81977799376,16020.37331659628
BTCUSDT,2,21,38379.98275968231,16022.558434249617
BTCUSDT,2,22,38379.348100793955,16024.818843625959
BTCUSDT,2,23,38378.64390050228,16027.004334113444
BTCUSDT,2,24,38377.4333106465,16028.72414295154
BTCUSDT,2,25,38376.18673634735,16030.368018380415
BTCUSDT,2,26,38375.01027791274,16032.026547409312
BTCUSDT,2,27,38373.83462161717,16033.707178512148
BTCUSDT,2,28,38372.626619672585,16035.337601266567
BTCUSDT,2,29,38371.47418489703,16036.954548194373
BTCUSDT,2,30,38370.39105331381,16038.606255264285
BTCUSDT,2,31,38369.24347026406,16040.152313414012
BTCUSDT,2,32,38368.327093663844,16041.88452609489
BTCUSDT,2,33,38367.33190811855,16043.57371238809
BTCUSDT,2,34,38366.21736671522,16045.199364317263
BTCUSDT,2,35,38365.061837627545,16046.738447211714
BTCUSDT,2,36,38363.98907632468,16048.306037527162
BTCUSDT,2,37,38362.94390455349,16049.854077312017
BTCUSDT,2,38,38361.80269243228,16051.297482675574
BTCUSDT,2,39,38360.640405120655,16052.719927979202
BTCUSDT,2,40,38359.628020580065,16054.11745991178
BTCUSDT,2,41,38358.2839653216,16055.231660321699
BTCUSDT,2,42,38356.98097553064,16056.345996009832
BTCUSDT,2,43,38355.934249716345,16057.500357085211
BTCUSDT,2,44,38354.91243639598,16058.667383216029
BTCUSDT,2,45,38353.863953978216,16059.782420115327
BTCUSDT,2,46,38352.83909820119,16060.9424033258
BTCUSDT,2,47,38351.99487765347,16062.222731760581
BTCUSDT,2,48,38351.25996515955,16063.574747119104
BTCUSDT,2,49,38350.427797763674,16064.993310841468
BTCUSDT,2,50,38349.562520661086,16066.393203609927
BTCUSDT,2,51,38348.61859585149,16067.828008459137
BTCUSDT,2,52,38347.723610435845,16069.37258483824
BTCUSDT,2,53,38346.77695106135,16070.937300124007
BTCUSDT,2,54,38345.769246475385,16072.397891190842
BTCUSDT,2,55,38344.807672986484,16073.89653477294
BTCUSDT,2,56,38343.90602171441,16075.43512236007
BTCUSDT,2,57,38343.098554529184,16077.002058660135
BTCUSDT,2,58,38342.369295900105,16078.591327503686
BTCUSDT,2,59,38341.59879274016,16080.021208368096
BTCUSDT,2,60,38340.909654837065,16081.493466404723
BTCUSDT,2,61,38340.29785691128,16083.068970296468
BTCUSDT,2,62,38339.47912412891,16084.494085522017
BTCUSDT,2,63,38338.69903743308,16085.997462820567
BTCUSDT,2,64,38338.0788032733,16087.600253145885
BTCUSDT,2,65,38337.4480448873,16089.248712051149
BTCUSDT,2,66,38336.72891022517,16090.828793755456
BTCUSDT,2,67,38336.035680602734,16092.454414600761
BTCUSDT,2,68,38335.315934208316,16094.025428410961
BTCUSDT,2,69,38334.44073488892,16095.451910508958
BTCUSDT,2,70,38333.51693323603,16096.789526576953
BTCUSDT,2,71,38332.399090909006,16097.989516966625
BTCUSDT,2,72,38331.38663749789,16099.260744158868
BTCUSDT,2,73,38330.50363474307,16100.678188406506
BTCUSDT,2,74,38329.650813482345,16102.011669012401
BTCUSDT,2,75,38328.71815102892,16103.32506628654
BTCUSDT,2,76,38327.92235537182,16104.800998006564
BTCUSDT,2,77,38327.01864770694,16106.33810962893
BTCUSDT,2,78,38326.194224598854,16107.872110553011
BTCUSDT,2,79,38325.438469453824,16109.37698941365
BTCUSDT,2,80,38324.69400907463,16110.95726775138
BTCUSDT,2,81,38323.94616350665,16112.481413465084
BTCUSDT,2,82,38323.215170960866,16114.051423378185
BTCUSDT,2,83,38322.43149165443,16115.620319264292
BTCUSDT,2,84,38321.836291524785,16117.325464429801
BTCUSDT,2,85,38321.265683843696,16118.955099157547
BTCUSDT,2,86,38320.64592124444,16120.527671631877
BTCUSDT,2,87,38320.04153135625,16122.160718396857
BTCUSDT,2,88,38319.47593906975,16123.8625443124
BTCUSDT,2,89,38318.939573812895,16125.472392365416
BTCUSDT,2,90,38318.53920920424,16127.13198137012
BTCUSDT,2,91,38318.23457300266,16128.761807443601
BTCUSDT,2,92,38317.84142926583,16130.338965404106
BTCUSDT,2,93,38317.413505914665,16131.910420354636
BTCUSDT,2,94,38317.015603629785,16133.442710084566
BTCUSDT,2,95,38316.516669907534,16134.913978346578
BTCUSDT,2,96,38315.85939961098,16136.317268895747
BTCUSDT,2,97,38315.25680926906,16137.686883929779
BTCUSDT,2,98,38314.64938826761,16138.968276064097
BTCUSDT,2,99,38314.239901150446,16140.41818279065
BTCUSDT,2,100,38313.81858126713,16141.775997532952
BTCUSDT,2,101,38313.37526494886,16143.173256910319
BTCUSDT,2,102,38312.99345730018,16144.633111374793
BTCUSDT,2,103,38312.71994490349,16146.057890138218
BTCUSDT,2,104,38312.3765556635,16147.400159022185
BTCUSDT,2,105,38312.06639118449,16148.747928099645
BTCUSDT,2,106,38311.59783746548,16149.955343750638
BTCUSDT,2,107,38311.205486955034,16151.24361061084
BTCUSDT,2,108,38310.64016285845,16152.453136882465
BTCUSDT,2,109,38310.05539134654,16153.571462081974
BTCUSDT,2,110,38309.23037595196,16154.623804877792
BTCUSDT,2,111,38308.46997407219,16155.58080816726
BTCUSDT,2,112,38307.76022767776,16156.575073764685
BTCUSDT,2,113,38307.056591314125,16157.554819051533
BTCUSDT,2,114,38306.3238364932,16158.521521752138
BTCUSDT,2,115,38305.65825717056,16159.46838666629
BTCUSDT,2,116,38305.10743396525,16160.445754731729
BTCUSDT,2,117,38304.50480716246,16161.510350456678
BTCUSDT,2,118,38303.94160508824,16162.472172297335
BTCUSDT,2,119,38303.28375303832,16163.425917371505
BTCUSDT,2,120,38302.643788688954,16164.482666527241
BTCUSDT,2,121,38301.965111813246,16165.524887309164
BTCUSDT,2,122,38301.349818505834,16166.577289181794
BTCUSDT,2,123,38300.64164722079,16167.566289642578
BTCUSDT,2,124,38299.896721763005,16168.519583670872
BTCUSDT,2,125,38299.0887700534,16169.424628092633
BTCUSDT,2,126,38298.19450575263,16170.345298314018
BTCUSDT,2,127,38297.33135553387,16171.347916111292
BTCUSDT,2,128,38296.52711635059,16172.446279676975
BTCUSDT,2,129,38295.67029249708,16173.397170286471
BTCUSDT,2,130,38294.89044806344,16174.40303595417
BTCUSDT,2,131,38294.15283746548,16175.402708268695
BTCUSDT,2,132,38293.39471317444,16176.495642483987
BTCUSDT,2,133,38292.65763733585,16177.616298696978
BTCUSDT,2,134,38291.884934370355,16178.710795579622
BTCUSDT,2,135,38291.04609787709,16179.732948062554
BTCUSDT,2,136,38290.233928050475,16180.810824168906
BTCUSDT,2,137,38289.3699214065,16181.936780189959
BTCUSDT,2,138,38288.507835845005,16183.096416249657
BTCUSDT,2,139,38287.73668611238,16184.298235959423
BTCUSDT,2,140,38287.03228650129,16185.522743355674
BTCUSDT,2,141,38286.28186517573,16186.758719670053
BTCUSDT,2,142,38285.548398962805,16188.006344926387
BTCUSDT,2,143,38284.749022848715,16189.189398734656
BTCUSDT,2,144,38283.86531761456,16190.366155354546
BTCUSDT,2,145,38283.05485739741,16191.519961850381
BTCUSDT,2,146,38282.232247609696,16192.735448642223
BTCUSDT,2,147,38281.60186193477,16194.071273787342
BTCUSDT,2,148,38281.077638146075,16195.3758738969
BTCUSDT,2,149,38280.4905023496,16196.651228871291
BTCUSDT,2,150,38279.7694133851,16197.835424057554
BTCUSDT,2,151,38278.82691865167,16198.884381236901
BTCUSDT,2,152,38277.79936882183,16199.902725616912
BTCUSDT,2,153,38276.78968319551,16200.97976360761
BTCUSDT,2,154,38275.57090747034,16201.894630726612
BTCUSDT,2,155,38274.31845486947,16202.808907825378
BTCUSDT,2,156,38273.262433155,16203.778481543402
BTCUSDT,2,157,38272.34127856093,16204.705568804684
BTCUSDT,2,158,38271.35617809098,16205.64419039645
BTCUSDT,2,159,38270.49598930473,16206.56789971374
BTCUSDT,2,160,38269.536389564,16207.4877054007
BTCUSDT,2,161,38268.5560533138,16208.418853276837
BTCUSDT,2,162,38267.487286501295,16209.318664043672
BTCUSDT,2,163,38266.4465945551,16210.251719256998
BTCUSDT,2,164,38265.09551774421,16211.138276511088
BTCUSDT,2,165,38263.74748501044,16212.102668961707
BTCUSDT,2,166,38262.29890617396,16212.97194537137
BTCUSDT,2,167,38260.82769972444,16213.889264863848
BTCUSDT,3,0,33073.93790032846,15307.53696622759
BTCUSDT,3,1,33075.13923013754,15309.159380083769
BTCUSDT,3,2,33076.3464560665,15310.825446022365
BTCUSDT,3,3,33077.49486501744,15312.468968556024
BTCUSDT,3,4,33078.595198624505,15314.032953060663
BTCUSDT,3,5,33079.7373645042,15315.679702209876
BTCUSDT,3,6,33080.78684510366,15317.221252449115
BTCUSDT,3,7,33081.9186712174,15318.845790394984
BTCUSDT,3,8,33083.09780435228,15320.564370110067
BTCUSDT,3,9,33084.20458684048,15322.232351518887
BTCUSDT,3,10,33085.25363631697,15323.822454076657
BTCUSDT,3,11,33086.32736296448,15325.424642868338
BTCUSDT,3,12,33087.26319698214,15326.903060347246
BTCUSDT,3,13,33088.143880619995,15328.288064948803
BTCUSDT,3,14,33089.09145144733,15329.767978511296
BTCUSDT,3,15,33090.14068158489,15331.375493921361
BTCUSDT,3,16,33091.052268014784,15332.817561150694
BTCUSDT,3,17,33091.91877437897,15334.251867824794
BTCUSDT,3,18,33092.63063282693,15335.520636381912
BTCUSDT,3,19,33093.345536337496,15336.767797834673
BTCUSDT,3,20,33094.05840279202,15338.061576813621
BTCUSDT,3,21,33094.7499286594,15339.29418253817
BTCUSDT,3,22,33095.57292393758,15340.618366587656
BTCUSDT,3,23,33096.34182149455,15341.871633666788
BTCUSDT,3,24,33096.79919421063,15342.709561687358
BTCUSDT,3,25,33097.23276893861,15343.486939043076
BTCUSDT,3,26,33097.71226698829,15344.289219190816
BTCUSDT,3,27,33098.18900379798,15345.11420039545
BTCUSDT,3,28,33098.65320724697,15345.902988606496
BTCUSDT,3,29,33099.151074727975,15346.69008131092
BTCUSDT,3,30,33099.68302145349,15347.521837545879
BTCUSDT,3,31,33100.16958530075,15348.268718607751
BTCUSDT,3,32,33100.8119195237,15349.192320480071
BTCUSDT,3,33,33101.40571853828,15350.068056194197
BTCUSDT,3,34,33101.915191439126,15350.88496402237
BTCUSDT,3,35,33102.37850903305,15351.650432487033
BTCUSDT,3,36,33102.88497279819,15352.444257878651
BTCUSDT,3,37,33103.40875898173,15353.219968572937
BTCUSDT,3,38,33103.87865633341,15353.906533332187
BTCUSDT,3,39,33104.34278792857,15354.578750787328
BTCUSDT,3,40,33104.889007903934,15355.26113301477
BTCUSDT,3,41,33105.227664750586,15355.68741599431
BTCUSDT,3,42,33105.58608037366,15356.122720775349
BTCUSDT,3,43,33106.105081605434,15356.635298986137
BTCUSDT,3,44,33106.632835660035,15357.160429802205
BTCUSDT,3,45,33107.14771248204,15357.6458918252
BTCUSDT,3,46,33107.67862810512,15358.16546293835
BTCUSDT,3,47,33108.327266988315,15358.808908307592
BTCUSDT,3,48,33109.0468440772,15359.52101366435
BTCUSDT,3,49,33109.711718333005,15360.25811293899
BTCUSDT,3,50,33110.361386265664,15360.97469130018
BTCUSDT,3,51,33110.957603674826,15361.70237273777
BTCUSDT,3,52,33111.5812707863,15362.517013101222
BTCUSDT,3,53,33112.16496458634,15363.334562688555
BTCUSDT,3,54,33112.71541110656,15364.069857606386
BTCUSDT,3,55,33113.28910593309,15364.838024577886
BTCUSDT,3,56,33113.90730907412,15365.639495806214
BTCUSDT,3,57,33114.582752001654,15366.473876541388
BTCUSDT,3,58,33115.307370663126,15367.340711613037
BTCUSDT,3,59,33115.99304300967,15368.09190935133
BTCUSDT,3,60,33116.740977212095,15368.892935998745
BTCUSDT,3,61,33117.53632005751,15369.779246192991
BTCUSDT,3,62,33118.213840587174,15370.528595626676
BTCUSDT,3,63,33118.92175425993,15371.335549519616
BTCUSDT,3,64,33119.72318620409,15372.240620116008
BTCUSDT,3,65,33120.5173480805,15373.175307765548
BTCUSDT,3,66,33121.252269554534,15374.038094459025
BTCUSDT,3,67,33121.99743943751,15374.927715868993
BTCUSDT,3,68,33122.73054814209,15375.784760829196
BTCUSDT,3,69,33123.39285875593,15376.533912673944
BTCUSDT,3,70,33124.03205245332,15377.21688838729
BTCUSDT,3,71,33124.54204475469,15377.760428852878
BTCUSDT,3,72,33125.10908848288,15378.361772962013
BTCUSDT,3,73,33125.73656436053,15379.07738689988
BTCUSDT,3,74,33126.37343717926,15379.742706848043
BTCUSDT,3,75,33126.953598337124,15380.373306262865
BTCUSDT,3,76,33127.61829244511,15381.135482284837
BTCUSDT,3,77,33128.216441695775,15381.928603453265
BTCUSDT,3,78,33128.86264422092,15382.736411163729
BTCUSDT,3,79,33129.554867583676,15383.539422794966
BTCUSDT,3,80,33130.25677889552,15384.38314473189
BTCUSDT,3,81,33130.96086327244,15385.18392978597
BTCUSDT,3,82,33131.685286902095,15386.025306561009
BTCUSDT,3,83,33132.37493738454,15386.843441718178
BTCUSDT,3,84,33133.186784541176,15387.791699777157
BTCUSDT,3,85,33134.01408027101,15388.691964707925
BTCUSDT,3,86,33134.812946007005,15389.548131292702
BTCUSDT,3,87,33135.61154639707,15390.443258652536
BTCUSDT,3,88,33136.43805430099,15391.392617004474
BTCUSDT,3,89,33137.29135187848,15392.28711359385
BTCUSDT,3,90,33138.20310408541,15393.251957464081
BTCUSDT,3,91,33139.183014268136,15394.225796119994
BTCUSDT,3,92,33140.104830630284,15395.147224841437
BTCUSDT,3,93,33140.985126770705,15396.041099405724
BTCUSDT,3,94,33141.85754875798,15396.892246532536
BTCUSDT,3,95,33142.650183227284,15397.681078387446
BTCUSDT,3,96,33143.35196520224,15398.395179747422
BTCUSDT,3,97,33144.101257442024,15399.091023812134
BTCUSDT,3,98,33144.85329603779,15399.724017416023
BTCUSDT,3,99,33145.73013754877,15400.513546427337
BTCUSDT,3,100,33146.60147762269,15401.239921213706
BTCUSDT,3,101,33147.46481677276,15401.992034344286
BTCUSDT,3,102,33148.359400533795,15402.791154876071
BTCUSDT,3,103,33149.319542188474,15403.584198019962
BTCUSDT,3,104,33150.220513754895,15404.305739134736
BTCUSDT,3,105,33151.15745072882,15405.043622264311
BTCUSDT,3,106,33151.985631800475,15405.652226836948
BTCUSDT,3,107,33152.87891603369,15406.332488587206
BTCUSDT,3,108,33153.65902997334,15406.915433164564
BTCUSDT,3,109,33154.40720231988,15407.420698728713
BTCUSDT,3,110,33154.99644477523,15407.829222551796
BTCUSDT,3,111,33155.62424245537,15408.1874973337
BTCUSDT,3,112,33156.27639345106,15408.577969794023
BTCUSDT,3,113,33156.93262163829,15408.950734040262
BTCUSDT,3,114,33157.56806507906,15409.315761076781
BTCUSDT,3,115,33158.26858499284,15409.69396834483
BTCUSDT,3,116,33159.04204834739,15410.119267077685
BTCUSDT,3,117,33159.77377951143,15410.582405376968
BTCUSDT,3,118,33160.51032488199,15410.975281722862
BTCUSDT,3,119,33161.20663570112,15411.351041430931
BTCUSDT,3,120,33161.892893656375,15411.79345455527
BTCUSDT,3,121,33162.56078731271,15412.221397229983
BTCUSDT,3,122,33163.25970745231,15412.677511212984
BTCUSDT,3,123,33163.90121894892,15413.075218702981
BTCUSDT,3,124,33164.517786902106,15413.434184810192
BTCUSDT,3,125,33165.102014986696,15413.75060579963
BTCUSDT,3,126,33165.62555584073,15414.049090435876
BTCUSDT,3,127,33166.166171730685,15414.405317083309
BTCUSDT,3,128,33166.75086891812,15414.841361010585
BTCUSDT,3,129,33167.312323444916,15415.178166017538
BTCUSDT,3,130,33167.923649661294,15415.566710568552
BTCUSDT,3,131,33168.56338328889,15415.964472735342
BTCUSDT,3,132,33169.18269400537,15416.423098958543
BTCUSDT,3,133,33169.82532231578,15416.90850961188
BTCUSDT,3,134,33170.470703141065,15417.370895976479
BTCUSDT,3,135,33171.073192362994,15417.754143049964
BTCUSDT,3,136,33171.67557688362,15418.171836282037
BTCUSDT,3,137,33172.23482601112,15418.639035081695
BTCUSDT,3,138,33172.80348593721,15419.12644734986
BTCUSDT,3,139,33173.42152638064,15419.660244635903
BTCUSDT,3,140,33174.0907159721,15420.220365232304
BTCUSDT,3,141,33174.73761086022,15420.786564944465
BTCUSDT,3,142,33175.394892732525,15421.36915276151
BTCUSDT,3,143,33176.01825446523,15421.897874044309
BTCUSDT,3,144,33176.59046089101,15422.40535202653
BTCUSDT,3,145,33177.20303017863,15422.906554179941
BTCUSDT,3,146,33177.83833761037,15423.393799288564
BTCUSDT,3,147,33178.60401047016,15424.000545581846
BTCUSDT,3,148,33179.42156128107,15424.597178095597
BTCUSDT,3,149,33180.218517244946,15425.146709012382
BTCUSDT,3,150,33180.967250051355,15425.621228676206
BTCUSDT,3,151,33181.58646633138,15425.960789386052
BTCUSDT,3,152,33182.11502206942,15426.236926231684
BTCUSDT,3,153,33182.64089765964,15426.538550023968
BTCUSDT,3,154,33182.9938729214,15426.676278170928
BTCUSDT,3,155,33183.33670755494,15426.79302941709
BTCUSDT,3,156,33183.80447546707,15426.977550958763
BTCUSDT,3,157,33184.36321751182,15427.165597303949
BTCUSDT,3,158,33184.88808201603,15427.3556453644
BTCUSDT,3,159,33185.476336481224,15427.562672375117
BTCUSDT,3,160,33186.01149045371,15427.741766881298
BTCUSDT,3,161,33186.52459094643,15427.914559339297
BTCUSDT,3,162,33186.98863477726,15428.050309434817
BTCUSDT,3,163,33187.455264319455,15428.20857375042
BTCUSDT,3,164,33187.750982857746,15428.27947924928
BTCUSDT,3,165,33188.037079141875,15428.399476375467
BTCUSDT,3,166,33188.26030332582,15428.439810160597
BTCUSDT,3,167,33188.47737322933,15428.508720466689
BTCUSDT,4,0,31624.95714977475,13467.053389365823
BTCUSDT,4,1,31625.267369954076,13468.621939187979
BTCUSDT,4,2,31625.57309953453,13470.22864530756
BTCUSDT,4,3,31625.82968183695,13471.810976839884
BTCUSDT,4,4,31626.04720652201,13473.329470188068
BTCUSDT,4,5,31626.294877993278,13474.913409461265
BTCUSDT,4,6,31626.47050542868,13476.402836762278
BTCUSDT,4,7,31626.714809139954,13477.96742159819
BTCUSDT,4,8,31627.002875572067,13479.615952049588
BTCUSDT,4,9,31627.241207581304,13481.214838352433
BTCUSDT,4,10,31627.438742102542,13482.744540467209
BTCUSDT,4,11,31627.657722921977,13484.286345139959
BTCUSDT,4,12,31627.768477282058,13485.71641570651
BTCUSDT,4,13,31627.83439261516,13487.06011984018
BTCUSDT,4,14,31627.941552982877,13488.489030009952
BTCUSDT,4,15,31628.129130253717,13490.032615303073
BTCUSDT,4,16,31628.214244315688,13491.428243994676
BTCUSDT,4,17,31628.28910793313,13492.803996855748
BTCUSDT,4,18,31628.19413536097,13494.045142897307
BTCUSDT,4,19,31628.081137971338,13495.273978142237
BTCUSDT,4,20,31627.95975371681,13496.544327885196
BTCUSDT,4,21,31627.83834941158,13497.75670807146
BTCUSDT,4,22,31627.817289372997,13499.058510062208
BTCUSDT,4,23,31627.771050958894,13500.291923568138
BTCUSDT,4,24,31627.49768698205,13501.151808344743
BTCUSDT,4,25,31627.21470132019,13501.957818419638
BTCUSDT,4,26,31626.96654938889,13502.790370619525
BTCUSDT,4,27,31626.724036999076,13503.63854986339
BTCUSDT,4,28,31626.46927968814,13504.45547295428
BTCUSDT,4,29,31626.235016078248,13505.274790427948
BTCUSDT,4,30,31626.03580108184,13506.129281650625
BTCUSDT,4,31,31625.798732266343,13506.908405881053
BTCUSDT,4,32,31625.673612529652,13507.849009082725
BTCUSDT,4,33,31625.51112775683,13508.746465721091
BTCUSDT,4,34,31625.29551999381,13509.58232069397
BTCUSDT,4,35,31625.080769114225,13510.35832788622
BTCUSDT,4,36,31624.876614080746,13511.166949125156
BTCUSDT,4,37,31624.679478681814,13511.968251221271
BTCUSDT,4,38,31624.441994854784,13512.690360579561
BTCUSDT,4,39,31624.204098286104,13513.400597830709
BTCUSDT,4,40,31624.013289826988,13514.122957187688
BTCUSDT,4,41,31623.68103582631,13514.616678463482
BTCUSDT,4,42,31623.36329814992,13515.116263659504
BTCUSDT,4,43,31623.16281995978,13515.694126798286
BTCUSDT,4,44,31622.94921234808,13516.283550893368
BTCUSDT,4,45,31622.7336560359,13516.8381104406
BTCUSDT,4,46,31622.546303862477,13517.419041723437
BTCUSDT,4,47,31622.434848863053,13518.114884223532
BTCUSDT,4,48,31622.376225929595,13518.876854249558
BTCUSDT,4,49,31622.274920364584,13519.652048164344
BTCUSDT,4,50,31622.16304203068,13520.412304614145
BTCUSDT,4,51,31622.019368592177,13521.174731554587
BTCUSDT,4,52,31621.91150645016,13522.009117853715
BTCUSDT,4,53,31621.78877804249,13522.836875303981
BTCUSDT,4,54,31621.617742972692,13523.599651479457
BTCUSDT,4,55,31621.459777172367,13524.394202024381
BTCUSDT,4,56,31621.304546211068,13525.230325634764
BTCUSDT,4,57,31621.191799265966,13526.097641066835
BTCUSDT,4,58,31621.108857488645,13526.998155949306
BTCUSDT,4,59,31620.999231642167,13527.796543805369
BTCUSDT,4,60,31620.93277758852,13528.64392681657
BTCUSDT,4,61,31620.902290318827,13529.564352694604
BTCUSDT,4,62,31620.776545227465,13530.36483194556
BTCUSDT,4,63,31620.657309802045,13531.215853321068
BTCUSDT,4,64,31620.607293912817,13532.15566850938
BTCUSDT,4,65,31620.56359058743,13533.11446978409
BTCUSDT,4,66,31620.474027541237,13534.012187914805
BTCUSDT,4,67,31620.40137101341,13534.932682467825
BTCUSDT,4,68,31620.307493284814,13535.82803370406
BTCUSDT,4,69,31620.15635304345,13536.628022992694
BTCUSDT,4,70,31619.97933530048,13537.37471089348
BTCUSDT,4,71,31619.706253924916,13537.990250014116
BTCUSDT,4,72,31619.466569439617,13538.6701270711
BTCUSDT,4,73,31619.28016078377,13539.447343494767
BTCUSDT,4,74,31619.11325577867,13540.18061464623
BTCUSDT,4,75,31618.880491809385,13540.881867133101
BTCUSDT,4,76,31618.71302500652,13541.70283120807
BTCUSDT,4,77,31618.52488480298,13542.541303928057
BTCUSDT,4,78,31618.399298225595,13543.39321676337
BTCUSDT,4,79,31618.316201339127,13544.243566899819
BTCUSDT,4,80,31618.235910793217,13545.135293872478
BTCUSDT,4,81,31618.15257935146,13545.990104247812
BTCUSDT,4,82,31618.072798017525,13546.880616659922
BTCUSDT,4,83,31617.954315438932,13547.75415302553
BTCUSDT,4,84,31617.922596375636,13548.749677445923
BTCUSDT,4,85,31617.88614610514,13549.70870372478
BTCUSDT,4,86,31617.837391139758,13550.629390238491
BTCUSDT,4,87,31617.80107895423,13551.583250122563
BTCUSDT,4,88,31617.782468883484,13552.580980571662
BTCUSDT,4,89,31617.76781674411,13553.544677058706
BTCUSDT,4,90,31617.805982294743,13554.562984841343
BTCUSDT,4,91,31617.915049369993,13555.587446864954
BTCUSDT,4,92,31617.98323156649,13556.566405831658
BTCUSDT,4,93,31618.041151969017,13557.51373236229
BTCUSDT,4,94,31618.079913365757,13558.423861159257
BTCUSDT,4,95,31618.083622365863,13559.2726783054
BTCUSDT,4,96,31618.016221768125,13560.033654220542
BTCUSDT,4,97,31617.95191086887,13560.77540305077
BTCUSDT,4,98,31617.921574925167,13561.476074984108
BTCUSDT,4,99,31617.99672530537,13562.32089395883
BTCUSDT,4,100,31618.072961449583,13563.112953222708
BTCUSDT,4,101,31618.142976203868,13563.92726552632
BTCUSDT,4,102,31618.231378957997,13564.78324711113
BTCUSDT,4,103,31618.36707751661,13565.645522963105
BTCUSDT,4,104,31618.462219952205,13566.443607052037
BTCUSDT,4,105,31618.578089130882,13567.255255891961
BTCUSDT,4,106,31618.625012673423,13567.950388295478
BTCUSDT,4,107,31618.71056974224,13568.71272885112
BTCUSDT,4,108,31618.718764044825,13569.390575043399
BTCUSDT,4,109,31618.718566186082,13569.998197879175
BTCUSDT,4,110,31618.61857753553,13570.516845372074
BTCUSDT,4,111,31618.54134755785,13570.999732355456
BTCUSDT,4,112,31618.479021299005,13571.51736888417
BTCUSDT,4,113,31618.40592289928,13572.023562144817
BTCUSDT,4,114,31618.331963454646,13572.519608070585
BTCUSDT,4,115,31618.303615934503,13573.032345093261
BTCUSDT,4,116,31618.329786630227,13573.58969211266
BTCUSDT,4,117,31618.32368327457,13574.17722263805
BTCUSDT,4,118,31618.32499035285,13574.711096802477
BTCUSDT,4,119,31618.295243445573,13575.226546155303
BTCUSDT,4,120,31618.278688381837,13575.793267473111
BTCUSDT,4,121,31618.238836681307,13576.347194052125
BTCUSDT,4,122,31618.222321340625,13576.921452113416
BTCUSDT,4,123,31618.160976052543,13577.442419752084
BTCUSDT,4,124,31618.08728937301,13577.92991289776
BTCUSDT,4,125,31617.979910717546,13578.381108956894
BTCUSDT,4,126,31617.8169810463,13578.81957081221
BTCUSDT,4,127,31617.662252487302,13579.309388733034
BTCUSDT,4,128,31617.553872432065,13579.867102649983
BTCUSDT,4,129,31617.42845987958,13580.337731016409
BTCUSDT,4,130,31617.34057390371,13580.856381600026
BTCUSDT,4,131,31617.272950478447,13581.38259801447
BTCUSDT,4,132,31617.186070820448,13581.959028551084
BTCUSDT,4,133,31617.120308704907,13582.558385470398
BTCUSDT,4,134,31617.039762039756,13583.14586317515
BTCUSDT,4,135,31616.93492717425,13583.665724582448
BTCUSDT,4,136,31616.840478568334,13584.209337303373
BTCUSDT,4,137,31616.73218703881,13584.77899631713
BTCUSDT,4,138,31616.621476563265,13585.366522220838
BTCUSDT,4,139,31616.558451556644,13585.988869657625
BTCUSDT,4,140,31616.540055233865,13586.640965954173
BTCUSDT,4,141,31616.514701698514,13587.294221454093
BTCUSDT,4,142,31616.525602466492,13587.962822467181
BTCUSDT,4,143,31616.50607536022,13588.589730483438
BTCUSDT,4,144,31616.441387280927,13589.196543779446
BTCUSDT,4,145,31616.386057957723,13589.806887933451
BTCUSDT,4,146,31616.320943139126,13590.434963159061
BTCUSDT,4,147,31616.368890023707,13591.170150615872
BTCUSDT,4,148,31616.467391518046,13591.89950275261
BTCUSDT,4,149,31616.532550221178,13592.600680792997
BTCUSDT,4,150,31616.551772405568,13593.238160475421
BTCUSDT,4,151,31616.48295690979,13593.747021532414
BTCUSDT,4,152,31616.345001323967,13594.19580955862
BTCUSDT,4,153,31616.20004312777,13594.669775672983
BTCUSDT,4,154,31615.94381152334,13594.984177931137
BTCUSDT,4,155,31615.668245753273,13595.29079509603
BTCUSDT,4,156,31615.502930427734,13595.65744525411
BTCUSDT,4,157,31615.408138311817,13596.036220698492
BTCUSDT,4,158,31615.282525630697,13596.411501985825
BTCUSDT,4,159,31615.20545151879,13596.802866041193
BTCUSDT,4,160,31615.0892842279,13597.165296196334
BTCUSDT,4,161,31614.951399008667,13597.524281128708
BTCUSDT,4,162,31614.795401202893,13597.844042999037
BTCUSDT,4,163,31614.64320773261,13598.180670041947
BTCUSDT,4,164,31614.352813528403,13598.434930557121
BTCUSDT,4,165,31614.064834865363,13598.728836877406
BTCUSDT,4,166,31613.740066961607,13598.945802837103
BTCUSDT,4,167,31613.409215374577,13599.1877352842
BTCUSDT,5,0,36981.61416440807,16569.414238520178
BTCUSDT,5,1,36981.26844944157,16569.993310722697
BTCUSDT,5,2,36980.920589426685,16570.598261070638
BTCUSDT,5,3,36980.53261653018,16571.19488627631
BTCUSDT,5,4,36980.11566522714,16571.767027389655
BTCUSDT,5,5,36979.738592702946,16572.386589311613
BTCUSDT,5,6,36979.305229784106,16572.964124927465
BTCUSDT,5,7,36978.929247952394,16573.574992145826
BTCUSDT,5,8,36978.58447207749,16574.2269876017
BTCUSDT,5,9,36978.202306180254,16574.861881801542
BTCUSDT,5,10,36977.787663142284,16575.464099471454
BTCUSDT,5,11,36977.37565361138,16576.051717655864
BTCUSDT,5,12,36976.87643067765,16576.59345013098
BTCUSDT,5,13,36976.35668294868,16577.100723690135
BTCUSDT,5,14,36975.88161280721,16577.66454484768
BTCUSDT,5,15,36975.44964556968,16578.261272579744
BTCUSDT,5,16,36974.92203067765,16578.772544163134
BTCUSDT,5,17,36974.39999166052,16579.286853085807
BTCUSDT,5,18,36973.74321995539,16579.75680422138
BTCUSDT,5,19,36973.0693292629,16580.220876639858
BTCUSDT,5,20,36972.387258078976,16580.71278104922
BTCUSDT,5,21,36971.70020134033,16581.160174655044
BTCUSDT,5,22,36971.08560416982,16581.633979039616
BTCUSDT,5,23,36970.459357259926,16582.079075403122
BTCUSDT,5,24,36969.647184214504,16582.332257243892
BTCUSDT,5,25,36968.82690096804,16582.55292228605
BTCUSDT,5,26,36968.033883246506,16582.784317082438
BTCUSDT,5,27,36967.22685539841,16583.003810923285
BTCUSDT,5,28,36966.40182218918,16583.194025968667
BTCUSDT,5,29,36965.59480565901,16583.381496762267
BTCUSDT,5,30,36964.815057036525,16583.583636461626
BTCUSDT,5,31,36964.001904691024,16583.74098500797
BTCUSDT,5,32,36963.27876723757,16583.974690853644
BTCUSDT,5,33,36962.52822486973,16584.192178082518
BTCUSDT,5,34,36961.734505733475,16584.38322997717
BTCUSDT,5,35,36960.94956098291,16584.54970362353
BTCUSDT,5,36,36960.16666716311,16584.727148842063
BTCUSDT,5,37,36959.37088339542,16584.878030254455
BTCUSDT,5,38,36958.55311958306,16584.998732806656
BTCUSDT,5,39,36957.7521498139,16585.135252640383
BTCUSDT,5,40,36957.0253102011,16585.30439380194
BTCUSDT,5,41,36956.176745793055,16585.35876228746
BTCUSDT,5,42,36955.34306090847,16585.414140309575
BTCUSDT,5,43,36954.60575547287,16585.49413299441
BTCUSDT,5,44,36953.8583395384,16585.579942388686
BTCUSDT,5,45,36953.10301146692,16585.637257532122
BTCUSDT,5,46,36952.37067222641,16585.70565413347
BTCUSDT,5,47,36951.712644229396,16585.845050305565
BTCUSDT,5,48,36951.09460044681,16586.014360210906
BTCUSDT,5,49,36950.4353307521,16586.18752371092
BTCUSDT,5,50,36949.7661051378,16586.355152283417
BTCUSDT,5,51,36949.070768428945,16586.532410728803
BTCUSDT,5,52,36948.39626031279,16586.741950914242
BTCUSDT,5,53,36947.700053313536,16586.93820540003
BTCUSDT,5,54,36946.956149813916,16587.09224835692
BTCUSDT,5,55,36946.20936351458,16587.249329403374
BTCUSDT,5,56,36945.45786895017,16587.42221325085
BTCUSDT,5,57,36944.73935904697,16587.60083863271
BTCUSDT,5,58,36944.04944810133,16587.800175150183
BTCUSDT,5,59,36943.34161935971,16587.945219993628
BTCUSDT,5,60,36942.67402114675,16588.11935868756
BTCUSDT,5,61,36942.036416083465,16588.330964429973
BTCUSDT,5,62,36941.32173045428,16588.488966113717
BTCUSDT,5,63,36940.620975130376,16588.679826597705
BTCUSDT,5,64,36939.95323335823,16588.882739818673
BTCUSDT,5,65,36939.270031273336,16589.06745673323
BTCUSDT,5,66,36938.55005599412,16589.226978833944
BTCUSDT,5,67,36937.842159940505,16589.396575273262
BTCUSDT,5,68,36937.12348503358,16589.563489602373
BTCUSDT,5,69,36936.362869694785,16589.68694735862
BTCUSDT,5,70,36935.57089233068,16589.769896989965
BTCUSDT,5,71,36934.71513953842,16589.801676449813
BTCUSDT,5,72,36933.86809739397,16589.854482788047
BTCUSDT,5,73,36933.06483127335,16589.95984049274
BTCUSDT,5,74,36932.27375011177,16590.03154429035
BTCUSDT,5,75,36931.43150618028,16590.091322272583
BTCUSDT,5,76,36930.63497393902,16590.208412123357
BTCUSDT,5,77,36929.816475055915,16590.347196901683
BTCUSDT,5,78,36929.04511035003,16590.48397778949
BTCUSDT,5,79,36928.299609530965,16590.600345354145
BTCUSDT,5,80,36927.56306924801,16590.754777001886
BTCUSDT,5,81,36926.83098615047,16590.88830468884
BTCUSDT,5,82,36926.12229367095,16591.065422630192
BTCUSDT,5,83,36925.38286135525,16591.23959040907
BTCUSDT,5,84,36924.70917051384,16591.469270694688
BTCUSDT,5,85,36924.04050692486,16591.68318847753
BTCUSDT,5,86,36923.3512053612,16591.86815955256
BTCUSDT,5,87,36922.66432017877,16592.06915941689
BTCUSDT,5,88,36922.00990320185,16592.309829257014
BTCUSDT,5,89,36921.34772539097,16592.519556886524
BTCUSDT,5,90,36920.72574623982,16592.750062005496
BTCUSDT,5,91,36920.15796336566,16592.96373830764
BTCUSDT,5,92,36919.555792405125,16593.162313356144
BTCUSDT,5,93,36918.95545137757,16593.356404352904
BTCUSDT,5,94,36918.36280387199,16593.55025207724
BTCUSDT,5,95,36917.72980640364,16593.70851036472
BTCUSDT,5,96,36917.060183469905,16593.824240272967
BTCUSDT,5,97,36916.425642591275,16593.939685043322
BTCUSDT,5,98,36915.78892181689,16594.0089388965
BTCUSDT,5,99,36915.233709903274,16594.153036206546
BTCUSDT,5,100,36914.679655696265,16594.26609916798
BTCUSDT,5,101,36914.11773373052,16594.393447940525
BTCUSDT,5,102,36913.577814445336,16594.549062411676
BTCUSDT,5,103,36913.06976083402,16594.696652325812
BTCUSDT,5,104,36912.494833953904,16594.77408374122
BTCUSDT,5,105,36911.940899478854,16594.851857081714
BTCUSDT,5,106,36911.32446373797,16594.86882998634
BTCUSDT,5,107,36910.741454951676,16594.918253032803
BTCUSDT,5,108,36910.10190141482,16594.948757707778
BTCUSDT,5,109,36909.45338763968,16594.936070741565
BTCUSDT,5,110,36908.71008548034,16594.888535429236
BTCUSDT,5,111,36907.99333998517,16594.82511889539
BTCUSDT,5,112,36907.27263231578,16594.76961919793
BTCUSDT,5,113,36906.552794936775,16594.71498785078
BTCUSDT,5,114,36905.81964229344,16594.64606685341
BTCUSDT,5,115,36905.132721072296,16594.58811233904
BTCUSDT,5,116,36904.48071094572,16594.534776860688
BTCUSDT,5,117,36903.801462993375,16594.507927586834
BTCUSDT,5,118,36903.112546537675,16594.435951615265
BTCUSDT,5,119,36902.41020908422,16594.370300994313
BTCUSDT,5,120,36901.7192807149,16594.34304514421
BTCUSDT,5,121,36900.99895130313,16594.295681793785
BTCUSDT,5,122,36900.29751362628,16594.252089661575
BTCUSDT,5,123,36899.55974147439,16594.184816861514
BTCUSDT,5,124,36898.801886522786,16594.087966806685
BTCUSDT,5,125,36898.01647714081,16593.971940707142
BTCUSDT,5,126,36897.182821742455,16593.86015532678
BTCUSDT,5,127,36896.354407148254,16593.777360117616
BTCUSDT,5,128,36895.55918987349,16593.725418291393
BTCUSDT,5,129,36894.75525927037,16593.625829269426
BTCUSDT,5,130,36893.98325927037,16593.55155980955
BTCUSDT,5,131,36893.227885033586,16593.474274383774
BTCUSDT,5,132,36892.45230886084,16593.4306925776
BTCUSDT,5,133,36891.69569709613,16593.398124603787
BTCUSDT,5,134,36890.92844259129,16593.360004708287
BTCUSDT,5,135,36890.138054504925,16593.279651203422
BTCUSDT,5,136,36889.36210722271,16593.218675788466
BTCUSDT,5,137,36888.56470886084,16593.16880563921
BTCUSDT,5,138,36887.77329411773,16593.13335900839
BTCUSDT,5,139,36887.02320059576,16593.10743075825
BTCUSDT,5,140,36886.31025048407,16593.099121324245
BTCUSDT,5,141,36885.587147877966,16593.090323469827
BTCUSDT,5,142,36884.87361518995,16593.079646916296
BTCUSDT,5,143,36884.12912285934,16593.048000259292
BTCUSDT,5,144,36883.34876038727,16593.012160953323
BTCUSDT,5,145,36882.574671035065,16592.970308972876
BTCUSDT,5,146,36881.79512732696,16592.947221319395
BTCUSDT,5,147,36881.104379151235,16592.966531910166
BTCUSDT,5,148,36880.44753685785,16592.96632947954
BTCUSDT,5,149,36879.76606731206,16592.957787278294
BTCUSDT,5,150,36879.05629962777,16592.92396106318
BTCUSDT,5,151,36878.27743231578,16592.824161536006
BTCUSDT,5,152,36877.45048190626,16592.70999308972
BTCUSDT,5,153,36876.61906388689,16592.61400605061
BTCUSDT,5,154,36875.70886373798,16592.456751126218
BTCUSDT,5,155,36874.76286641854,16592.272634479836
BTCUSDT,5,156,36873.92647982136,16592.128993410548
BTCUSDT,5,157,36873.144873864556,16591.97903305564
BTCUSDT,5,158,36872.356349665,16591.85158685247
BTCUSDT,5,159,36871.59461355182,16591.7082961533
BTCUSDT,5,160,36870.770263291204,16591.50824707059
BTCUSDT,5,161,36869.93428443789,16591.315781253827
BTCUSDT,5,162,36869.08545376031,16591.108596318987
BTCUSDT,5,163,36868.23417721525,16590.903779637858
BTCUSDT,5,164,36867.275072226425,16590.68013589249
BTCUSDT,5,165,36866.318808935284,16590.487285428328
BTCUSDT,5,166,36865.339686671694,16590.260818120976
BTCUSDT,5,167,36864.352667758816,16590.048350547157
ETHUSDT,1,0,1244.1668725134066,980.352037850768
ETHUSDT,1,1,1243.9570126275737,980.3576780873375
ETHUSDT,1,2,1243.7515499048611,980.3747697214939
ETHUSDT,1,3,1243.5468102404434,980.3990792040762
ETHUSDT,1,4,1243.3283791731537,980.4049834360239
ETHUSDT,1,5,1243.1202439024391,980.4228907323896
ETHUSDT,1,6,1242.9107195986853,980.4458349334418
ETHUSDT,1,7,1242.7106486766995,980.4711890161756
ETHUSDT,1,8,1242.5204791558554,980.5094342183597
ETHUSDT,1,9,1242.3199204289913,980.5355214908
ETHUSDT,1,10,1242.1112644871127,980.5588065813473
ETHUSDT,1,11,1241.9017090468776,980.574603261411
ETHUSDT,1,12,1241.6847552326585,980.5823700728708
ETHUSDT,1,13,1241.4774762151876,980.6057056542554
ETHUSDT,1,14,1241.282051548175,980.6384131776405
ETHUSDT,1,15,1241.088251167618,980.6626841565237
ETHUSDT,1,16,1240.8821657152741,980.6744257216212
ETHUSDT,1,17,1240.682684656634,980.6992898245977
ETHUSDT,1,18,1240.4840217955375,980.7307634793577
ETHUSDT,1,19,1240.2737744334893,980.7538137356586
ETHUSDT,1,20,1240.0808060889121,980.7912669995229
ETHUSDT,1,21,1239.8798996713374,980.8154495095389
ETHUSDT,1,22,1239.6840546618234,980.8398247041393
ETHUSDT,1,23,1239.4842951046533,980.8624671933707
ETHUSDT,1,24,1239.258950008649,980.8695815070133
ETHUSDT,1,25,1239.027142362913,980.8690349240949
ETHUSDT,1,26,1238.7979311537795,980.8589139654205
ETHUSDT,1,27,1238.5603632589516,980.8366985887081
ETHUSDT,1,28,1238.3105725653,980.8016927046372
ETHUSDT,1,29,1238.0674208614425,980.7676668918526
ETHUSDT,1,30,1237.8152672548,980.7140919177336
ETHUSDT,1,31,1237.5486922677735,980.65566061002
ETHUSDT,1,32,1237.2935460992906,980.6150913070156
ETHUSDT,1,33,1237.03988929251,980.5816769318418
ETHUSDT,1,34,1236.7850492994294,980.5478214528035
ETHUSDT,1,35,1236.5367912125932,980.5191927031614
ETHUSDT,1,36,1236.2859816640723,980.4867731801063
ETHUSDT,1,37,1236.0301280055357,980.4435938105394
ETHUSDT,1,38,1235.7669278671513,980.3991826091146
ETHUSDT,1,39,1235.5181698668052,980.3726462598368
ETHUSDT,1,40,1235.270333852275,980.3396591725011
ETHUSDT,1,41,1235.0130825116764,980.3048486463181
ETHUSDT,1,42,1234.7623162082687,980.2679753723542
ETHUSDT,1,43,1234.5298910223146,980.2441818914959
ETHUSDT,1,44,1234.3000397855044,980.2186978298678
ETHUSDT,1,45,1234.0751496280918,980.1960613322404
ETHUSDT,1,46,1233.8524130773221,980.1687519577508
ETHUSDT,1,47,1233.6394101366545,980.1573320305146
ETHUSDT,1,48,1233.4315585538836,980.144206211682
ETHUSDT,1,49,1233.22708008995,980.1433686033272
ETHUSDT,1,50,1233.025002594707,980.1469176956833
ETHUSDT,1,51,1232.8247067981322,980.1522665449223
ETHUSDT,1,52,1232.6232122470165,980.15748162799
ETHUSDT,1,53,1232.4201781698673,980.1623701539565
ETHUSDT,1,54,1232.2156789482794,980.1585821566721
ETHUSDT,1,55,1232.0160214495768,980.1546740233088
ETHUSDT,1,56,1231.8175903822873,980.1504830896133
ETHUSDT,1,57,1231.6359401487641,980.1649331936528
ETHUSDT,1,58,1231.4380020757662,980.1568861364968
ETHUSDT,1,59,1231.2311174537285,980.1366761757479
ETHUSDT,1,60,1231.0424165369323,980.1349199982568
ETHUSDT,1,61,1230.8587701089787,980.1424994414715
ETHUSDT,1,62,1230.6456581906252,980.1195436474501
ETHUSDT,1,63,1230.4235685867507,980.0941753246242
ETHUSDT,1,64,1230.212387130255,980.0776643007481
ETHUSDT,1,65,1229.99634319322,980.0675586389818
ETHUSDT,1,66,1229.7652136308604,980.0468427175556
ETHUSDT,1,67,1229.5344300294073,980.0304511874638
ETHUSDT,1,68,1229.301676180592,980.0041694926166
ETHUSDT,1,69,1229.055241307733,979.9606125070774
ETHUSDT,1,70,1228.805658190625,979.9148172291956
ETHUSDT,1,71,1228.5418681888953,979.858230922494
ETHUSDT,1,72,1228.2850112437302,979.810596609158
ETHUSDT,1,73,1228.0345147898292,979.7716118923069
ETHUSDT,1,74,1227.7785763708705,979.7182638964534
ETHUSDT,1,75,1227.521624286456,979.6666619500837
ETHUSDT,1,76,1227.2712247016093,979.6142903843806
ETHUSDT,1,77,1227.0160646946904,979.5680873348647
ETHUSDT,1,78,1226.7709790693657,979.5251235175408
ETHUSDT,1,79,1226.5525480020763,979.5093736733484
ETHUSDT,1,80,1226.3330946203087,979.5028774513107
ETHUSDT,1,81,1226.1061356166758,979.4858532983523
ETHUSDT,1,82,1225.8837588652489,979.4790389475381
ETHUSDT,1,83,1225.64702646601,979.4578005207785
ETHUSDT,1,84,1225.4370627919052,979.4639970516258
ETHUSDT,1,85,1225.2192042899158,979.4642966950273
ETHUSDT,1,86,1225.0083220896047,979.473936144724
ETHUSDT,1,87,1224.815637432971,979.5032924661947
ETHUSDT,1,88,1224.633869572739,979.5445713616747
ETHUSDT,1,89,1224.4548123162087,979.5847541984872
ETHUSDT,1,90,1224.2877581733271,979.6311163111347
ETHUSDT,1,91,1224.1163328143928,979.6725691825274
ETHUSDT,1,92,1223.9454782909538,979.7138049415673
ETHUSDT,1,93,1223.7537190797448,979.7311396209286
ETHUSDT,1,94,1223.5552291991012,979.7393214069692
ETHUSDT,1,95,1223.3467237502168,979.7351348777458
ETHUSDT,1,96,1223.1424788098952,979.7408567962241
ETHUSDT,1,97,1222.9358363604922,979.7362854653857
ETHUSDT,1,98,1222.7334924753513,979.7357618132442
ETHUSDT,1,99,1222.5229752637963,979.7327993835502
ETHUSDT,1,100,1222.3123646427964,979.7341846906438
ETHUSDT,1,101,1222.1068777028204,979.7472258019358
ETHUSDT,1,102,1221.9187580003468,979.7849668570302
ETHUSDT,1,103,1221.7485227469303,979.8318735021862
ETHUSDT,1,104,1221.5656235945346,979.8631215705369
ETHUSDT,1,105,1221.3824995675498,979.8879432000634
ETHUSDT,1,106,1221.1683636049136,979.8922676507605
ETHUSDT,1,107,1220.975305310501,979.9166938459679
ETHUSDT,1,108,1220.7670195467922,979.9340371191204
ETHUSDT,1,109,1220.556870783602,979.9576974534771
ETHUSDT,1,110,1220.3302750389214,979.9745293765128
ETHUSDT,1,111,1220.1122643141332,979.9920824464257
ETHUSDT,1,112,1219.9135011243736,980.0314504570356
ETHUSDT,1,113,1219.7221449576205,980.0806432422216
ETHUSDT,1,114,1219.5189240615816,980.1090349026233
ETHUSDT,1,115,1219.3205639162782,980.1385159259621
ETHUSDT,1,116,1219.1397457187345,980.1819368540274
ETHUSDT,1,117,1218.9552534163647,980.226239196034
ETHUSDT,1,118,1218.761899325377,980.2613521259401
ETHUSDT,1,119,1218.576716830999,980.299103621682
ETHUSDT,1,120,1218.38939283861,980.3477035874805
ETHUSDT,1,121,1218.2114651444394,980.4115576129776
ETHUSDT,1,122,1218.028342847259,980.4676197621878
ETHUSDT,1,123,1217.8301366545588,980.5098850491265
ETHUSDT,1,124,1217.6284552845536,980.5496004782979
ETHUSDT,1,125,1217.3981560283694,980.5662587541707
ETHUSDT,1,126,1217.1679761286982,980.5869660701318
ETHUSDT,1,127,1216.9257412212426,980.5979587223628
ETHUSDT,1,128,1216.6932451133027,980.6175605547152
ETHUSDT,1,129,1216.4547673412908,980.6232591315427
ETHUSDT,1,130,1216.2136568067813,980.62014915862
ETHUSDT,1,131,1215.970688462204,980.6179240346964
ETHUSDT,1,132,1215.733893790002,980.622734731762
ETHUSDT,1,133,1215.4950821657155,980.6297568499874
ETHUSDT,1,134,1215.2401435737763,980.6235637846869
ETHUSDT,1,135,1214.985978204463,980.6065464993763
ETHUSDT,1,136,1214.737100847604,980.5942984126864
ETHUSDT,1,137,1214.4886524822696,980.593446588901
ETHUSDT,1,138,1214.2237277287668,980.5777284132671
ETHUSDT,1,139,1213.976464279537,980.5681677389911
ETHUSDT,1,140,1213.7261667531573,980.5593582799248
ETHUSDT,1,141,1213.469479328836,980.5489873198302
ETHUSDT,1,142,1213.2311641584504,980.5577338606228
ETHUSDT,1,143,1212.9887372426922,980.5604239389825
ETHUSDT,1,144,1212.749321916624,980.5722424011619
ETHUSDT,1,145,1212.500652136309,980.5727390171814
ETHUSDT,1,146,1212.2445459263108,980.5604744918643
ETHUSDT,1,147,1211.9962947586926,980.5452757029163
ETHUSDT,1,148,1211.7604082338698,980.5351019456642
ETHUSDT,1,149,1211.5274710257743,980.5313776638146
ETHUSDT,1,150,1211.2791991005017,980.5057273900176
ETHUSDT,1,151,1211.013006400277,980.471003373379
ETHUSDT,1,152,1210.7174554575336,980.4097326267627
ETHUSDT,1,153,1210.415717003979,980.3488933269745
ETHUSDT,1,154,1210.117619788964,980.3005404299829
ETHUSDT,1,155,1209.8094274347002,980.2408349423971
ETHUSDT,1,156,1209.518565992043,980.1896336778709
ETHUSDT,1,157,1209.2473118837572,980.1403711560253
ETHUSDT,1,158,1208.9660646946897,980.0834575069995
ETHUSDT,1,159,1208.7009652309291,980.0341417067672
ETHUSDT,1,160,1208.4314928213114,979.9768571754546
ETHUSDT,1,161,1208.1438989794156,979.8982509819832
ETHUSDT,1,162,1207.8459436083722,979.7971551718507
ETHUSDT,1,163,1207.5485262065386,979.6943139143874
ETHUSDT,1,164,1207.2309963674104,979.5881591736375
ETHUSDT,1,165,1206.9091541255837,979.483512941786
ETHUSDT,1,166,1206.5677114686039,979.3600916949321
ETHUSDT,1,167,1206.219432624113,979.2284884648539
ETHUSDT,2,0,2272.509131421159,1304.819575449818
ETHUSDT,2,1,2272.3961108410263,1304.8832694813964
ETHUSDT,2,2,2272.284590017821,1304.949455659141
ETHUSDT,2,3,2272.174988656615,1305.020366344896
ETHUSDT,2,4,2272.0557988980668,1305.0862181537996
ETHUSDT,2,5,2271.9408223950686,1305.1503265663805
ETHUSDT,2,6,2271.8156571058125,1305.2098948197258
ETHUSDT,2,7,2271.697849619182,1305.2691101977036
ETHUSDT,2,8,2271.584799870356,1305.3302136197326
ETHUSDT,2,9,2271.4675911521576,1305.3924923277639
ETHUSDT,2,10,2271.3463628261165,1305.4580869895237
ETHUSDT,2,11,2271.2321317452543,1305.524464233453
ETHUSDT,2,12,2271.1034346135093,1305.582992726412
ETHUSDT,2,13,2270.9726381461614,1305.6376428167598
ETHUSDT,2,14,2270.8464211635005,1305.6908123269309
ETHUSDT,2,15,2270.7240512072535,1305.7439626307012
ETHUSDT,2,16,2270.594615135304,1305.7986455203975
ETHUSDT,2,17,2270.4567614649104,1305.8452935402029
ETHUSDT,2,18,2270.3090503970125,1305.8872267694312
ETHUSDT,2,19,2270.158209366385,1305.9332661647088
ETHUSDT,2,20,2270.014844433635,1305.9774290488904
ETHUSDT,2,21,2269.872163344671,1306.0215585276735
ETHUSDT,2,22,2269.7319283746497,1306.0638507325477
ETHUSDT,2,23,2269.590467509312,1306.1074332360606
ETHUSDT,2,24,2269.4317339167014,1306.1486949138575
ETHUSDT,2,25,2269.2655452924914,1306.1861843103388
ETHUSDT,2,26,2269.100763247442,1306.2184681797203
ETHUSDT,2,27,2268.937683519683,1306.2535016261302
ETHUSDT,2,28,2268.7699465240585,1306.2915653806015
ETHUSDT,2,29,2268.604390698423,1306.3253988260747
ETHUSDT,2,30,2268.4415005671635,1306.3620995430488
ETHUSDT,2,31,2268.275308701988,1306.405351741744
ETHUSDT,2,32,2268.121391994809,1306.4580586634127
ETHUSDT,2,33,2267.967310808616,1306.5116001680162
ETHUSDT,2,34,2267.8081591314153,1306.564897940569
ETHUSDT,2,35,2267.6535577702098,1306.6189669551607
ETHUSDT,2,36,2267.5033511586394,1306.676610502858
ETHUSDT,2,37,2267.360193647701,1306.73961858349
ETHUSDT,2,38,2267.213511586447,1306.8040328370014
ETHUSDT,2,39,2267.0621147301836,1306.861722912293
ETHUSDT,2,40,2266.9010638470204,1306.90788432949
ETHUSDT,2,41,2266.7336793064273,1306.9575611938067
ETHUSDT,2,42,2266.571323124285,1307.006145924402
ETHUSDT,2,43,2266.426350672494,1307.0608328988742
ETHUSDT,2,44,2266.283349538156,1307.112679823384
ETHUSDT,2,45,2266.142800194452,1307.1642175036177
ETHUSDT,2,46,2266.0052374007387,1307.2135082426737
ETHUSDT,2,47,2265.8850656295513,1307.2719041522146
ETHUSDT,2,48,2265.7696880570347,1307.3274533333677
ETHUSDT,2,49,2265.653565062382,1307.3885598949128
ETHUSDT,2,50,2265.53537757251,1307.4540555184135
ETHUSDT,2,51,2265.4187919299884,1307.5180891081175
ETHUSDT,2,52,2265.302828552902,1307.5842974075038
ETHUSDT,2,53,2265.182951709603,1307.6478825201698
ETHUSDT,2,54,2265.0635610111754,1307.7127509508498
ETHUSDT,2,55,2264.9492229784414,1307.7760561334687
ETHUSDT,2,56,2264.8367241938035,1307.838701126978
ETHUSDT,2,57,2264.7347447739367,1307.9085556106747
ETHUSDT,2,58,2264.6349457138167,1307.9809396886296
ETHUSDT,2,59,2264.5418522119526,1308.0620890130303
ETHUSDT,2,60,2264.4587967914376,1308.146297590636
ETHUSDT,2,61,2264.386053313881,1308.2414052210077
ETHUSDT,2,62,2264.3025822395007,1308.3353195994275
ETHUSDT,2,63,2264.2246929184835,1308.440620654371
ETHUSDT,2,64,2264.1581024145135,1308.5470522035766
ETHUSDT,2,65,2264.09235861286,1308.6591012889537
ETHUSDT,2,66,2264.022087181974,1308.7754309721997
ETHUSDT,2,67,2263.9546054124066,1308.8946059742816
ETHUSDT,2,68,2263.881769567325,1309.0071153843169
ETHUSDT,2,69,2263.7949878463724,1309.1116756805816
ETHUSDT,2,70,2263.7002860152265,1309.211469417583
ETHUSDT,2,71,2263.5946321503748,1309.3113334647696
ETHUSDT,2,72,2263.4912161724133,1309.4069689869016
ETHUSDT,2,73,2263.3920993355955,1309.5093709582743
ETHUSDT,2,74,2263.28991978609,1309.607682975037
ETHUSDT,2,75,2263.18212931453,1309.705792325578
ETHUSDT,2,76,2263.0805145033155,1309.803619134606
ETHUSDT,2,77,2262.9817655161173,1309.9092870982975
ETHUSDT,2,78,2262.886912980062,1310.0105474773932
ETHUSDT,2,79,2262.8000923675195,1310.1146194238734
ETHUSDT,2,80,2262.712755631172,1310.2243272197454
ETHUSDT,2,81,2262.6194628099115,1310.3315429051772
ETHUSDT,2,82,2262.5318676065413,1310.4434327231288
ETHUSDT,2,83,2262.4490552584616,1310.5650273387075
ETHUSDT,2,84,2262.364508183433,1310.6772811760025
ETHUSDT,2,85,2262.2794692918437,1310.792959821081
ETHUSDT,2,86,2262.1948347107386,1310.9077445457858
ETHUSDT,2,87,2262.1076024955382,1311.0166797729712
ETHUSDT,2,88,2262.0214430400206,1311.1268996944318
ETHUSDT,2,89,2261.9364462809863,1311.2355982564202
ETHUSDT,2,90,2261.8579241613947,1311.342326330218
ETHUSDT,2,91,2261.773491330411,1311.4429241175542
ETHUSDT,2,92,2261.683292011014,1311.537422699226
ETHUSDT,2,93,2261.5910516933995,1311.6342503306698
ETHUSDT,2,94,2261.501211310965,1311.734064777604
ETHUSDT,2,95,2261.395405930962,1311.825433523771
ETHUSDT,2,96,2261.285159617561,1311.9136807972618
ETHUSDT,2,97,2261.1730659536493,1311.9995675656728
ETHUSDT,2,98,2261.064745584179,1312.087881932225
ETHUSDT,2,99,2260.966962404792,1312.1898764563691
ETHUSDT,2,100,2260.863253119425,1312.2882096078738
ETHUSDT,2,101,2260.7550291686875,1312.3840936289564
ETHUSDT,2,102,2260.6563830821538,1312.4848277247586
ETHUSDT,2,103,2260.564203532648,1312.5818967772075
ETHUSDT,2,104,2260.4653953978245,1312.675805372754
ETHUSDT,2,105,2260.36572192513,1312.7685364293736
ETHUSDT,2,106,2260.2521325554976,1312.862197475482
ETHUSDT,2,107,2260.14379111975,1312.9553103725082
ETHUSDT,2,108,2260.0269202722375,1313.048641424005
ETHUSDT,2,109,2259.9063806514305,1313.1419354475938
ETHUSDT,2,110,2259.7780173391634,1313.2363384737603
ETHUSDT,2,111,2259.6605639280465,1313.3343187944865
ETHUSDT,2,112,2259.5512015880695,1313.4328729773133
ETHUSDT,2,113,2259.4368400583335,1313.5286991920204
ETHUSDT,2,114,2259.318091881377,1313.6222055396026
ETHUSDT,2,115,2259.200157186838,1313.7157246440624
ETHUSDT,2,116,2259.0901985091523,1313.812629820362
ETHUSDT,2,117,2258.980591476257,1313.9126695020354
ETHUSDT,2,118,2258.872477718357,1314.0124332401188
ETHUSDT,2,119,2258.7632749959457,1314.106567308617
ETHUSDT,2,120,2258.6565021876486,1314.2077146263669
ETHUSDT,2,121,2258.548888348725,1314.3095182774885
ETHUSDT,2,122,2258.4497585480444,1314.4237435924501
ETHUSDT,2,123,2258.3496337708607,1314.54341829247
ETHUSDT,2,124,2258.2380902608948,1314.6522297774118
ETHUSDT,2,125,2258.1239296710387,1314.767184882506
ETHUSDT,2,126,2258.001527305133,1314.878538643314
ETHUSDT,2,127,2257.8838632312395,1314.9966857392806
ETHUSDT,2,128,2257.775350024304,1315.1186320656027
ETHUSDT,2,129,2257.6563563441873,1315.2290115740477
ETHUSDT,2,130,2257.5485569599705,1315.3416647536928
ETHUSDT,2,131,2257.4432028844562,1315.4588544625499
ETHUSDT,2,132,2257.336513531029,1315.571054426997
ETHUSDT,2,133,2257.238005995783,1315.6937541596153
ETHUSDT,2,134,2257.147561173226,1315.8290333331554
ETHUSDT,2,135,2257.0486720142567,1315.951430276053
ETHUSDT,2,136,2256.9537100956054,1316.0733553184853
ETHUSDT,2,137,2256.8519162210305,1316.1946201788378
ETHUSDT,2,138,2256.7471544320174,1316.317596303208
ETHUSDT,2,139,2256.645587425049,1316.4311677668288
ETHUSDT,2,140,2256.5521965645726,1316.5519690622407
ETHUSDT,2,141,2256.449383406251,1316.6726289692358
ETHUSDT,2,142,2256.344673472691,1316.7872904615363
ETHUSDT,2,143,2256.2350704910023,1316.898288835004
ETHUSDT,2,144,2256.1177305136894,1317.0058804738474
ETHUSDT,2,145,2256.0055169340426,1317.1159253721132
ETHUSDT,2,146,2255.898712526329,1317.226369492146
ETHUSDT,2,147,2255.803249068218,1317.3373645394622
ETHUSDT,2,148,2255.7107373197173,1317.4459963627394
ETHUSDT,2,149,2255.6211732296183,1317.557346955139
ETHUSDT,2,150,2255.524270782689,1317.6618297723326
ETHUSDT,2,151,2255.418119429586,1317.7673463461804
ETHUSDT,2,152,2255.3011926754134,1317.876211730281
ETHUSDT,2,153,2255.1841330416423,1317.991184319724
ETHUSDT,2,154,2255.0542100145803,1318.1057491711204
ETHUSDT,2,155,2254.92112380489,1318.217142199164
ETHUSDT,2,156,2254.7923035164436,1318.318572028855
ETHUSDT,2,157,2254.6777548209325,1318.4150853215745
ETHUSDT,2,158,2254.5598282288083,1318.5117150676333
ETHUSDT,2,159,2254.4455704099782,1318.6029510504259
ETHUSDT,2,160,2254.3323302544118,1318.6965075781427
ETHUSDT,2,161,2254.216560525032,1318.7888199045367
ETHUSDT,2,162,2254.0982798573928,1318.8798642870981
ETHUSDT,2,163,2253.985960136116,1318.974971802807
ETHUSDT,2,164,2253.8523772484155,1319.0704656782862
ETHUSDT,2,165,2253.7209115216288,1319.1702297009042
ETHUSDT,2,166,2253.5840536379797,1319.2725577915803
ETHUSDT,2,167,2253.4425117484966,1319.3750746572312
ETHUSDT,3,0,2055.8396689591523,1140.8358055178262
ETHUSDT,3,1,2055.860537363997,1140.900218165778
ETHUSDT,3,2,2055.8815592280907,1140.9659553652143
ETHUSDT,3,3,2055.903002976808,1141.0344975252447
ETHUSDT,3,4,2055.9185644631552,1141.0979239664575
ETHUSDT,3,5,2055.9361440156085,1141.160867046093
ETHUSDT,3,6,2055.947800759603,1141.2194588190903
ETHUSDT,3,7,2055.9644985629293,1141.2780774076875
ETHUSDT,3,8,2055.984376924662,1141.3380458892395
ETHUSDT,3,9,2056.000744713617,1141.3978723738983
ETHUSDT,3,10,2056.014227058105,1141.4590985052662
ETHUSDT,3,11,2056.03212122768,1141.5216970157344
ETHUSDT,3,12,2056.041472490254,1141.5769406446716
ETHUSDT,3,13,2056.0484700266943,1141.6275669618828
ETHUSDT,3,14,2056.058724594545,1141.6780882340984
ETHUSDT,3,15,2056.0691321084023,1141.7271002400703
ETHUSDT,3,16,2056.071736296454,1141.7732087219335
ETHUSDT,3,17,2056.0692090946477,1141.8126606222293
ETHUSDT,3,18,2056.0603967357897,1141.8476155665614
ETHUSDT,3,19,2056.0495791418657,1141.8853048926794
ETHUSDT,3,20,2056.0430589201455,1141.9219256189149
ETHUSDT,3,21,2056.0357508725174,1141.9574523641468
ETHUSDT,3,22,2056.0300841716344,1141.991778578643
ETHUSDT,3,23,2056.0226975980354,1142.0260310910332
ETHUSDT,3,24,2056.00572675016,1142.0573498151593
ETHUSDT,3,25,2055.984166495593,1142.0850568833507
ETHUSDT,3,26,2055.963466434004,1142.1087907338542
ETHUSDT,3,27,2055.942909566831,1142.1352961167224
ETHUSDT,3,28,2055.920153459255,1142.1639679168272
ETHUSDT,3,29,2055.8988693286865,1142.1894164124524
ETHUSDT,3,30,2055.877682714028,1142.217246205365
ETHUSDT,3,31,2055.8543687127963,1142.2494187851173
ETHUSDT,3,32,2055.8391018271464,1142.290126768305
ETHUSDT,3,33,2055.8245488606094,1142.3319751035942
ETHUSDT,3,34,2055.805830938212,1142.3729805361754
ETHUSDT,3,35,2055.7877715048303,1142.4160751622367
ETHUSDT,3,36,2055.7722156641407,1142.462062497323
ETHUSDT,3,37,2055.7613010675486,1142.5119558509957
ETHUSDT,3,38,2055.7486009033114,1142.5625955672083
ETHUSDT,3,39,2055.7332657565244,1142.6079951967508
ETHUSDT,3,40,2055.7105476288298,1142.6430695262934
ETHUSDT,3,41,2055.6840094436525,1142.6800176314862
ETHUSDT,3,42,2055.6600626154855,1142.7166719238646
ETHUSDT,3,43,2055.6474014576124,1142.7599731521198
ETHUSDT,3,44,2055.6352987066375,1142.801174543049
ETHUSDT,3,45,2055.6249209607945,1142.8424796263907
ETHUSDT,3,46,2055.6163236501807,1142.8821808366424
ETHUSDT,3,47,2055.619251180462,1142.931122632346
ETHUSDT,3,48,2055.6252879285626,1142.9784377492736
ETHUSDT,3,49,2055.631420139607,1143.0295003052713
ETHUSDT,3,50,2055.636767090952,1143.083648010483
ETHUSDT,3,51,2055.6428269349267,1143.1372488982886
ETHUSDT,3,52,2055.6491084992876,1143.1928089266528
ETHUSDT,3,53,2055.6519261958597,1143.245507158988
ETHUSDT,3,54,2055.6551709094706,1143.2994546449158
ETHUSDT,3,55,2055.660576883604,1143.352363242829
ETHUSDT,3,56,2055.667807431746,1143.4044899064438
ETHUSDT,3,57,2055.6816126052213,1143.4626399300091
ETHUSDT,3,58,2055.6971776842606,1143.523042812862
ETHUSDT,3,59,2055.7156661876475,1143.59002100082
ETHUSDT,3,60,2055.7416767604254,1143.6607121497832
ETHUSDT,3,61,2055.7740653869905,1143.7403386266606
ETHUSDT,3,62,2055.8009089509405,1143.8189478059626
ETHUSDT,3,63,2055.83177889551,1143.9064024129161
ETHUSDT,3,64,2055.869143399719,1143.9955982061247
ETHUSDT,3,65,2055.9072207965573,1144.0894041194558
ETHUSDT,3,66,2055.9417060151986,1144.1847221832836
ETHUSDT,3,67,2055.977768938623,1144.2820000005754
ETHUSDT,3,68,2056.0112097105384,1144.3752571365505
ETHUSDT,3,69,2056.0386106549036,1144.4636499167966
ETHUSDT,3,70,2056.0613888318685,1144.5477680384452
ETHUSDT,3,71,2056.07764884008,1144.6310049154429
ETHUSDT,3,72,2056.094848080483,1144.7105130445646
ETHUSDT,3,73,2056.113222130986,1144.7946668400025
ETHUSDT,3,74,2056.1285018476765,1144.8751673771321
ETHUSDT,3,75,2056.1395570724762,1144.954467428823
ETHUSDT,3,76,2056.1546966742007,1145.0344080277625
ETHUSDT,3,77,2056.172023198528,1145.1212315737243
ETHUSDT,3,78,2056.1906913364874,1145.2045423965374
ETHUSDT,3,79,2056.2163436666046,1145.291298479505
ETHUSDT,3,80,2056.24182252105,1145.3814445802816
ETHUSDT,3,81,2056.2633560870527,1145.468247166127
ETHUSDT,3,82,2056.288658386375,1145.5591308366832
ETHUSDT,3,83,2056.3163226236984,1145.6564452868279
ETHUSDT,3,84,2056.3431451447414,1145.7471935086926
ETHUSDT,3,85,2056.3699286594197,1145.8402228982875
ETHUSDT,3,86,2056.3966546910356,1145.932598886096
ETHUSDT,3,87,2056.421328782598,1146.0203975041682
ETHUSDT,3,88,2056.447040648745,1146.1094003634068
ETHUSDT,3,89,2056.473807739691,1146.1972408219133
ETHUSDT,3,90,2056.5027242866013,1146.284588774825
ETHUSDT,3,91,2056.5282077602205,1146.367471496196
ETHUSDT,3,92,2056.550041059338,1146.4456188050035
ETHUSDT,3,93,2056.5689339971327,1146.5234788058578
ETHUSDT,3,94,2056.5868918086703,1146.6014369699815
ETHUSDT,3,95,2056.593783617334,1146.6708866366766
ETHUSDT,3,96,2056.599937384527,1146.739048309121
ETHUSDT,3,97,2056.605759597625,1146.8052946920993
ETHUSDT,3,98,2056.613895504009,1146.8733633109714
ETHUSDT,3,99,2056.628454629446,1146.9526604473524
ETHUSDT,3,100,2056.6390032847526,1147.0280483462855
ETHUSDT,3,101,2056.6475975159165,1147.1020554601905
ETHUSDT,3,102,2056.6619528844244,1147.1801607197795
ETHUSDT,3,103,2056.6794610962907,1147.25538539507
ETHUSDT,3,104,2056.6920755491756,1147.3272238818677
ETHUSDT,3,105,2056.705246355991,1147.3986453301613
ETHUSDT,3,106,2056.708766167118,1147.4692081388134
ETHUSDT,3,107,2056.71754824472,1147.540544007566
ETHUSDT,3,108,2056.720719564778,1147.6103499842152
ETHUSDT,3,109,2056.7199450831517,1147.67837477745
ETHUSDT,3,110,2056.7137743789835,1147.7460649595089
ETHUSDT,3,111,2056.7137836173333,1147.8169004479287
ETHUSDT,3,112,2056.717913672763,1147.8883098753652
ETHUSDT,3,113,2056.7189601724554,1147.9566344475938
ETHUSDT,3,114,2056.717427632936,1148.0233453791232
ETHUSDT,3,115,2056.7191829193252,1148.092194443634
ETHUSDT,3,116,2056.7266793266335,1148.1651572643693
ETHUSDT,3,117,2056.733033771306,1148.2391781746603
ETHUSDT,3,118,2056.737821802511,1148.3110765925055
ETHUSDT,3,119,2056.742584171635,1148.3790983587878
ETHUSDT,3,120,2056.747877745849,1148.4520869918415
ETHUSDT,3,121,2056.7532113529114,1148.5258867286634
ETHUSDT,3,122,2056.7625677479023,1148.609970736788
ETHUSDT,3,123,2056.7712358858616,1148.6979282154446
ETHUSDT,3,124,2056.7729634572024,1148.7761941572824
ETHUSDT,3,125,2056.773637343468,1148.858872189775
ETHUSDT,3,126,2056.7689170601584,1148.9375506496724
ETHUSDT,3,127,2056.7664776226716,1149.0213551330653
ETHUSDT,3,128,2056.770505029775,1149.109217245921
ETHUSDT,3,129,2056.7693969410866,1149.1886900279405
ETHUSDT,3,130,2056.774703859584,1149.2702956429382
ETHUSDT,3,131,2056.7824640730923,1149.3560255875916
ETHUSDT,3,132,2056.788598850346,1149.438062286582
ETHUSDT,3,133,2056.8011912338397,1149.5299956207389
ETHUSDT,3,134,2056.8201365222812,1149.6324112727161
ETHUSDT,3,135,2056.8334038185244,1149.7237722627422
ETHUSDT,3,136,2056.848277561082,1149.8145397765945
ETHUSDT,3,137,2056.8575754465264,1149.9056736566217
ETHUSDT,3,138,2056.8658145144796,1149.9977867812406
ETHUSDT,3,139,2056.875509648949,1150.083175313298
ETHUSDT,3,140,2056.8910865325456,1150.1746452577004
ETHUSDT,3,141,2056.9006513036397,1150.2653753189045
ETHUSDT,3,142,2056.9085531718392,1150.3513583031117
ETHUSDT,3,143,2056.9136470950584,1150.4345034230482
ETHUSDT,3,144,2056.9147141244157,1150.514673559515
ETHUSDT,3,145,2056.9195185793537,1150.596872050425
ETHUSDT,3,146,2056.931663929384,1150.6771620891125
ETHUSDT,3,147,2056.9512723260164,1150.7594807943003
ETHUSDT,3,148,2056.9716008006626,1150.83959257199
ETHUSDT,3,149,2056.994830117025,1150.9208792264367
ETHUSDT,3,150,2057.0151770683697,1150.9973772388603
ETHUSDT,3,151,2057.0306405255656,1151.07415756824
ETHUSDT,3,152,2057.0381646479223,1151.1513258838172
ETHUSDT,3,153,2057.043685588181,1151.2309882453192
ETHUSDT,3,154,2057.037165879702,1151.3067032801969
ETHUSDT,3,155,2057.0295539930257,1151.3796350200246
ETHUSDT,3,156,2057.0241839458076,1151.4451584756869
ETHUSDT,3,157,2057.0286768630735,1151.5094156132382
ETHUSDT,3,158,2057.0315448573247,1151.5739782969713
ETHUSDT,3,159,2057.035815540963,1151.6348050790648
ETHUSDT,3,160,2057.0414791623957,1151.6975552886463
ETHUSDT,3,161,2057.0449296859015,1151.7585998119098
ETHUSDT,3,162,2057.0476247177226,1151.8190400965939
ETHUSDT,3,163,2057.0532190515355,1151.882632747568
ETHUSDT,3,164,2057.0480635393196,1151.9459787749588
ETHUSDT,3,165,2057.0424491890835,1152.0115652777504
ETHUSDT,3,166,2057.032698111276,1152.0781763603395
ETHUSDT,3,167,2057.0202242866,1152.1442149721497
ETHUSDT,4,0,1977.5025865395387,990.7910860349399
ETHUSDT,4,1,1977.4999852457015,990.8499129247884
ETHUSDT,4,2,1977.4981704687182,990.9099727827997
ETHUSDT,4,3,1977.4963719592793,990.9724519847247
ETHUSDT,4,4,1977.4903264858178,991.0303645428212
ETHUSDT,4,5,1977.485861612364,991.0877484854502
ETHUSDT,4,6,1977.4771100518144,991.1411467183858
ETHUSDT,4,7,1977.4716248628463,991.195037071186
ETHUSDT,4,8,1977.4691071766201,991.250301793044
ETHUSDT,4,9,1977.4646116596527,991.3051597348518
ETHUSDT,4,10,1977.4577739946128,991.3610970984681
ETHUSDT,4,11,1977.4544940036924,991.4183749591646
ETHUSDT,4,12,1977.4443740778418,991.4691228407642
ETHUSDT,4,13,1977.4316275110502,991.5158002476516
ETHUSDT,4,14,1977.4211792077929,991.5625832109894
ETHUSDT,4,15,1977.411305943313,991.60801669186
ETHUSDT,4,16,1977.395942193455,991.6505810044519
ETHUSDT,4,17,1977.376851284364,991.6869899184198
ETHUSDT,4,18,1977.3506329209545,991.7197812949455
ETHUSDT,4,19,1977.32251011991,991.7549133447644
ETHUSDT,4,20,1977.296746491113,991.7896009581533
ETHUSDT,4,21,1977.2707233382362,991.8232012203819
ETHUSDT,4,22,1977.2461854499904,991.8558902426129
ETHUSDT,4,23,1977.220773275814,991.8883413510006
ETHUSDT,4,24,1977.187949154451,991.9178103281986
ETHUSDT,4,25,1977.1522982635195,991.9438579757807
ETHUSDT,4,26,1977.1172564597134,991.9667246674902
ETHUSDT,4,27,1977.0833352248933,991.9915968388511
ETHUSDT,4,28,1977.0474792872392,992.0182363298393
ETHUSDT,4,29,1977.0120447924792,992.0424004135803
ETHUSDT,4,30,1976.977485718594,992.0682284771422
ETHUSDT,4,31,1976.9405750387618,992.0977038450737
ETHUSDT,4,32,1976.9096413573786,992.1348726471371
ETHUSDT,4,33,1976.8793050353568,992.1731090737205
ETHUSDT,4,34,1976.8462403056626,992.2102261881932
ETHUSDT,4,35,1976.8165425793356,992.2482897867204
ETHUSDT,4,36,1976.7878863541628,992.2890687560752
ETHUSDT,4,37,1976.7617848900838,992.3338026873417
ETHUSDT,4,38,1976.7348658873223,992.3790263395439
ETHUSDT,4,39,1976.7060337456812,992.4197123475678
ETHUSDT,4,40,1976.6712401165055,992.4510722157419
ETHUSDT,4,41,1976.6344251503647,992.4837469855593
ETHUSDT,4,42,1976.6000764196115,992.5161672036421
ETHUSDT,4,43,1976.5732527522257,992.5549184242504
ETHUSDT,4,44,1976.5453482389282,992.591961069691
ETHUSDT,4,45,1976.518367949139,992.6292562085199
ETHUSDT,4,46,1976.4936238792266,992.6652257946769
ETHUSDT,4,47,1976.4759474898651,992.7097918015434
ETHUSDT,4,48,1976.4621533688799,992.7530895983233
ETHUSDT,4,49,1976.4492157530206,992.7993534360613
ETHUSDT,4,50,1976.436378768948,992.8483068084232
ETHUSDT,4,51,1976.424834487179,992.8966321269518
ETHUSDT,4,52,1976.4143491090535,992.9464181971681
ETHUSDT,4,53,1976.401861309712,992.9933673027566
ETHUSDT,4,54,1976.3888699731253,993.041548732337
ETHUSDT,4,55,1976.3781303673297,993.088925005923
ETHUSDT,4,56,1976.3669534294115,993.1361649725825
ETHUSDT,4,57,1976.360620058247,993.1889255539066
ETHUSDT,4,58,1976.3548825331836,993.2438675087818
ETHUSDT,4,59,1976.3519074641408,993.304461732624
ETHUSDT,4,60,1976.3541992963205,993.3687876312487
ETHUSDT,4,61,1976.3616551280459,993.4409592056406
ETHUSDT,4,62,1976.3642707978527,993.5121006755616
ETHUSDT,4,63,1976.3681958158222,993.5910748236063
ETHUSDT,4,64,1976.3767790262034,993.6719023501199
ETHUSDT,4,65,1976.3862701925482,993.756525053187
ETHUSDT,4,66,1976.3925487080405,993.8422672459004
ETHUSDT,4,67,1976.4003105965892,993.9297719334113
ETHUSDT,4,68,1976.4047436915841,994.013935177055
ETHUSDT,4,69,1976.4039583096755,994.0937168848267
ETHUSDT,4,70,1976.3994412287536,994.1696620539996
ETHUSDT,4,71,1976.3904581394333,994.244419552132
ETHUSDT,4,72,1976.3812563840522,994.3163891514184
ETHUSDT,4,73,1976.3737812582622,994.3922365841341
ETHUSDT,4,74,1976.3651140619543,994.4645435370288
ETHUSDT,4,75,1976.3517886732354,994.5357911896125
ETHUSDT,4,76,1976.3407263647573,994.60783250244
ETHUSDT,4,77,1976.332074301049,994.6856947817986
ETHUSDT,4,78,1976.3252025876604,994.7603124264949
ETHUSDT,4,79,1976.323185033845,994.8385130078004
ETHUSDT,4,80,1976.320483486537,994.9197450002412
ETHUSDT,4,81,1976.313997654433,994.9980792761352
ETHUSDT,4,82,1976.3088798093147,995.0802399719859
ETHUSDT,4,83,1976.3046396549623,995.1681128107386
ETHUSDT,4,84,1976.300549691659,995.250332216615
ETHUSDT,4,85,1976.2954019596573,995.3347282908269
ETHUSDT,4,86,1976.290256497546,995.4186809001746
ETHUSDT,4,87,1976.284353270519,995.4985792312044
ETHUSDT,4,88,1976.2784228048133,995.5794580997426
ETHUSDT,4,89,1976.2728014224506,995.6598928909519
ETHUSDT,4,90,1976.2710233420205,995.7397510882262
ETHUSDT,4,91,1976.268665683034,995.8154120310609
ETHUSDT,4,92,1976.2639227480665,995.8869106543156
ETHUSDT,4,93,1976.2587568569456,995.9578276626207
ETHUSDT,4,94,1976.2519498354195,996.0287913943279
ETHUSDT,4,95,1976.238109181691,996.0916829421841
ETHUSDT,4,96,1976.223899670852,996.1532093809808
ETHUSDT,4,97,1976.2109541103785,996.213326195493
ETHUSDT,4,98,1976.2027023039243,996.2749851416285
ETHUSDT,4,99,1976.1995429954843,996.3464837457134
ETHUSDT,4,100,1976.1932641016772,996.4145031132894
ETHUSDT,4,101,1976.1853315930707,996.4812713965939
ETHUSDT,4,102,1976.1814349487247,996.5519167540364
ETHUSDT,4,103,1976.179509703766,996.6203938942062
ETHUSDT,4,104,1976.1740967729595,996.6856782681077
ETHUSDT,4,105,1976.1686933000278,996.7506802987164
ETHUSDT,4,106,1976.1571191313749,996.8141433242901
ETHUSDT,4,107,1976.1485938031867,996.8788511215583
ETHUSDT,4,108,1976.1358374002061,996.9420462453048
ETHUSDT,4,109,1976.12142624748,997.0032409136754
ETHUSDT,4,110,1976.1031456890867,997.0638845271316
ETHUSDT,4,111,1976.0892528278903,997.1276253332047
ETHUSDT,4,112,1976.0778576022255,997.192242700713
ETHUSDT,4,113,1976.0635743199648,997.2542622822211
ETHUSDT,4,114,1976.0478905156294,997.3146136892159
ETHUSDT,4,115,1976.0344221238465,997.3770140616614
ETHUSDT,4,116,1976.024888586223,997.4432600438186
ETHUSDT,4,117,1976.0143347330848,997.5103923140168
ETHUSDT,4,118,1976.0020387394406,997.575765854005
ETHUSDT,4,119,1975.989326220998,997.6379233344295
ETHUSDT,4,120,1975.978415238514,997.7040158954692
ETHUSDT,4,121,1975.967360118021,997.7708638482383
ETHUSDT,4,122,1975.9600041614515,997.8463197269765
ETHUSDT,4,123,1975.952216169169,997.9250173190759
ETHUSDT,4,124,1975.9392437483316,997.9952200350455
ETHUSDT,4,125,1975.9249744637252,998.0692130081114
ETHUSDT,4,126,1975.9058097832121,998.139744027571
ETHUSDT,4,127,1975.888646767285,998.2146878928322
ETHUSDT,4,128,1975.876555820363,998.2934531265385
ETHUSDT,4,129,1975.8601770513997,998.3648825103502
ETHUSDT,4,130,1975.8485616464134,998.4385337630724
ETHUSDT,4,131,1975.8382173797772,998.5159220180175
ETHUSDT,4,132,1975.8270071501404,998.5899206081369
ETHUSDT,4,133,1975.8216244845325,998.6724488376833
ETHUSDT,4,134,1975.8208909317768,998.7643453010696
ETHUSDT,4,135,1975.8161105436254,998.8465732880728
ETHUSDT,4,136,1975.813027276497,998.9282858668854
ETHUSDT,4,137,1975.8073922747944,999.0093381611896
ETHUSDT,4,138,1975.8000412363197,999.0913831641202
ETHUSDT,4,139,1975.794657814082,999.1675090266692
ETHUSDT,4,140,1975.794205727675,999.2491072577869
ETHUSDT,4,141,1975.7897128589127,999.3295883590342
ETHUSDT,4,142,1975.785198804511,999.4057447865638
ETHUSDT,4,143,1975.7780425982537,999.4795310511748
ETHUSDT,4,144,1975.7677043846572,999.5506260847701
ETHUSDT,4,145,1975.7579309953335,999.6241835792416
ETHUSDT,4,146,1975.7509211969748,999.6980375862119
ETHUSDT,4,147,1975.7503646956316,999.7737828197786
ETHUSDT,4,148,1975.750895093241,999.8475619451347
ETHUSDT,4,149,1975.75231263949,999.9231487488298
ETHUSDT,4,150,1975.7509552453234,999.9947119671019
ETHUSDT,4,151,1975.7462092838362,1000.0661259621938
ETHUSDT,4,152,1975.7353285665506,1000.1374300535366
ETHUSDT,4,153,1975.7228502250834,1000.2108230157385
ETHUSDT,4,154,1975.702146180896,1000.2798566704848
ETHUSDT,4,155,1975.6806124919465,1000.3466160309052
ETHUSDT,4,156,1975.6616502099505,1000.4070153167678
ETHUSDT,4,157,1975.6501649453191,1000.4669334380397
ETHUSDT,4,158,1975.6368860893438,1000.5270384664977
ETHUSDT,4,159,1975.6247686603726,1000.5839483596443
ETHUSDT,4,160,1975.6137332122582,1000.6425429425212
ETHUSDT,4,161,1975.6001842393828,1000.6998318307632
ETHUSDT,4,162,1975.5877361631144,1000.7562050148258
ETHUSDT,4,163,1975.577323043151,1000.8153741966898
ETHUSDT,4,164,1975.557692656891,1000.8740180481133
ETHUSDT,4,165,1975.539076911421,1000.9342302847848
ETHUSDT,4,166,1975.5177350281692,1000.9949063878918
ETHUSDT,4,167,1975.4942159421782,1001.0550559339886
ETHUSDT,5,0,2181.3117191362435,996.9903769153854
ETHUSDT,5,1,2181.3004318689314,997.036361143694
ETHUSDT,5,2,2181.28881280713,997.0832326335659
ETHUSDT,5,3,2181.277043633638,997.1319151241934
ETHUSDT,5,4,2181.262017870421,997.1778107025692
ETHUSDT,5,5,2181.2491174981205,997.2231133863031
ETHUSDT,5,6,2181.232889054337,997.2660138063635
ETHUSDT,5,7,2181.2192309754096,997.308747494033
ETHUSDT,5,8,2181.207608041679,997.3521166783149
ETHUSDT,5,9,2181.1943163067567,997.3955407291597
ETHUSDT,5,10,2181.17930394637,997.4402060702728
ETHUSDT,5,11,2181.1663514519546,997.4851962822717
ETHUSDT,5,12,2181.1478388681867,997.5261569453182
ETHUSDT,5,13,2181.1285218168096,997.5643756201492
ETHUSDT,5,14,2181.1110942665487,997.602332906503
ETHUSDT,5,15,2181.0936962025135,997.6391393975232
ETHUSDT,5,16,2181.0709486224687,997.6744635771614
ETHUSDT,5,17,2181.046103350689,997.7055848860149
ETHUSDT,5,18,2181.015627103481,997.73503095991
ETHUSDT,5,19,2180.983414445253,997.7666321701712
ETHUSDT,5,20,2180.9529125837494,997.7975101146062
ETHUSDT,5,21,2180.9218897989394,997.8274671672893
ETHUSDT,5,22,2180.891791809364,997.8564446223329
ETHUSDT,5,23,2180.8614010424235,997.8854659067571
ETHUSDT,5,24,2180.8250597170327,997.9132476113643
ETHUSDT,5,25,2180.78637200296,997.9387734764625
ETHUSDT,5,26,2180.748164408023,997.9618023132896
ETHUSDT,5,27,2180.709502903928,997.9859409935051
ETHUSDT,5,28,2180.6690376768242,998.011661533739
ETHUSDT,5,29,2180.6290763961097,998.0353976867749
ETHUSDT,5,30,2180.5899541325207,998.0603236365478
ETHUSDT,5,31,2180.548780044658,998.0883618981164
ETHUSDT,5,32,2180.512352345477,998.1214499776436
ETHUSDT,5,33,2180.476508413981,998.1553561623733
ETHUSDT,5,34,2180.4385739389245,998.1888551254839
ETHUSDT,5,35,2180.403491288143,998.2226429913824
ETHUSDT,5,36,2180.369074609067,998.2583243405511
ETHUSDT,5,37,2180.335547877868,998.2964968789556
ETHUSDT,5,38,2180.301962174219,998.3353774600663
ETHUSDT,5,39,2180.2672104244057,998.3711716332197
ETHUSDT,5,40,2180.22933968725,998.4007861000428
ETHUSDT,5,41,2180.1896878629755,998.4317974274413
ETHUSDT,5,42,2180.1521194340853,998.4622407267336
ETHUSDT,5,43,2180.12113983617,998.4964432040308
ETHUSDT,5,44,2180.089710201025,998.5293949581362
ETHUSDT,5,45,2180.058808339521,998.5623397696652
ETHUSDT,5,46,2180.029476396111,998.593907069329
ETHUSDT,5,47,2180.0070001489034,998.6312029670036
ETHUSDT,5,48,2179.987287267295,998.6669771770747
ETHUSDT,5,49,2179.968254058062,998.704816274815
ETHUSDT,5,50,2179.9488941176305,998.7448388282636
ETHUSDT,5,51,2179.9307368577647,998.784219031969
ETHUSDT,5,52,2179.913290543543,998.8245723285496
ETHUSDT,5,53,2179.893504095293,998.8628292094481
ETHUSDT,5,54,2179.8724411019944,998.9019335090613
ETHUSDT,5,55,2179.851950558435,998.9398719877263
ETHUSDT,5,56,2179.830938198048,998.9776582242112
ETHUSDT,5,57,2179.813817423663,999.0189958504961
ETHUSDT,5,58,2179.7976268056436,999.0620791264821
ETHUSDT,5,59,2179.7832134028135,999.1091404116116
ETHUSDT,5,60,2179.7732288905286,999.1583594318315
ETHUSDT,5,61,2179.767368279955,999.2129078218798
ETHUSDT,5,62,2179.7576458674457,999.2673903698768
ETHUSDT,5,63,2179.7497331347577,999.3276782539477
ETHUSDT,5,64,2179.744952792241,999.3885142557195
ETHUSDT,5,65,2179.7396470588087,999.4517463215951
ETHUSDT,5,66,2179.732149813835,999.5163538221158
ETHUSDT,5,67,2179.7258096798064,999.5821594767556
ETHUSDT,5,68,2179.716903052852,999.6458926814108
ETHUSDT,5,69,2179.70420640356,999.7070550672701
ETHUSDT,5,70,2179.688053909144,999.7656155943021
ETHUSDT,5,71,2179.6685721518843,999.8240280245336
ETHUSDT,5,72,2179.648454802666,999.8802183872134
ETHUSDT,5,73,2179.6294984363217,999.9392367685983
ETHUSDT,5,74,2179.609527922546,999.9957135123843
ETHUSDT,5,75,2179.585823082635,1000.0519407735062
ETHUSDT,5,76,2179.5640542069837,1000.1083294582372
ETHUSDT,5,77,2179.543995532375,1000.1689187051246
ETHUSDT,5,78,2179.525626507803,1000.2266155251712
ETHUSDT,5,79,2179.510719285167,1000.2862770233983
ETHUSDT,5,80,2179.4953894266414,1000.3484187451446
ETHUSDT,5,81,2179.4770332092176,1000.4087766980495
ETHUSDT,5,82,2179.461062397602,1000.4722067793113
ETHUSDT,5,83,2179.446064631407,1000.5399605989096
ETHUSDT,5,84,2179.4308777363954,1000.6032936041202
ETHUSDT,5,85,2179.4152637378843,1000.6686052271023
ETHUSDT,5,86,2179.399183023067,1000.7335852535413
ETHUSDT,5,87,2179.3820265078025,1000.7954697571055
ETHUSDT,5,88,2179.365923752777,1000.8582256559877
ETHUSDT,5,89,2179.3487892777207,1000.9204887550178
ETHUSDT,5,90,2179.333772747564,1000.9818462920426
ETHUSDT,5,91,2179.3173557706473,1001.0400083938747
ETHUSDT,5,92,2179.2987999999846,1001.0954581781949
ETHUSDT,5,93,2179.28079344749,1001.1510517030439
ETHUSDT,5,94,2179.263026656723,1001.2070535633574
ETHUSDT,5,95,2179.239320029769,1001.2578502332976
ETHUSDT,5,96,2179.215650335055,1001.307492585642
ETHUSDT,5,97,2179.192017870423,1001.3562339619641
ETHUSDT,5,98,2179.1697396872514,1001.4057438136919
ETHUSDT,5,99,2179.151613104973,1001.4623153447969
ETHUSDT,5,100,2179.1309763216523,1001.5166350031257
ETHUSDT,5,101,2179.108978108696,1001.5702370350381
ETHUSDT,5,102,2179.090716604601,1001.6263222959536
ETHUSDT,5,103,2179.07459329857,1001.6805297560155
ETHUSDT,5,104,2179.053229188369,1001.7321991578008
ETHUSDT,5,105,2179.0318376768273,1001.7833714919865
ETHUSDT,5,106,2179.0053429634995,1001.8343933989767
ETHUSDT,5,107,2178.981642889039,1001.8859328699923
ETHUSDT,5,108,2178.9551687267162,1001.9372042929806
ETHUSDT,5,109,2178.9273107967083,1001.9871734097147
ETHUSDT,5,110,2178.8956500372146,1002.0373855102227
ETHUSDT,5,111,2178.8681036485323,1002.0895663321887
ETHUSDT,5,112,2178.841728071466,1002.1419771169033
ETHUSDT,5,113,2178.8133185405654,1002.192831143518
ETHUSDT,5,114,2178.7833724497245,1002.2425471203067
ETHUSDT,5,115,2178.755809679806,1002.293551497052
ETHUSDT,5,116,2178.7308860759344,1002.3467470105036
ETHUSDT,5,117,2178.7053179448844,1002.4008274882883
ETHUSDT,5,118,2178.6779303052713,1002.4538094688347
ETHUSDT,5,119,2178.650734772882,1002.5043692143377
ETHUSDT,5,120,2178.625001042427,1002.5579162416835
ETHUSDT,5,121,2178.5984315710944,1002.6119089860359
ETHUSDT,5,122,2178.5747779597764,1002.6720147359407
ETHUSDT,5,123,2178.5506990320027,1002.7347747627962
ETHUSDT,5,124,2178.52222933729,1002.7916818091035
ETHUSDT,5,125,2178.4925444527025,1002.8516107636233
ETHUSDT,5,126,2178.4587306031117,1002.909544891703
ETHUSDT,5,127,2178.4261831719873,1002.9706348053218
ETHUSDT,5,128,2178.397515711079,1003.0339291617739
ETHUSDT,5,129,2178.365904988815,1003.0922329139268
ETHUSDT,5,130,2178.338272524184,1003.1515861249095
ETHUSDT,5,131,2178.311936262085,1003.2136441797322
ETHUSDT,5,132,2178.2846019359495,1003.2731450832101
ETHUSDT,5,133,2178.2618728220255,1003.3383062384338
ETHUSDT,5,134,2178.242504839896,1003.4099580884907
ETHUSDT,5,135,2178.2198201042293,1003.4746548860041
ETHUSDT,5,136,2178.19861116901,1003.538760788973
ETHUSDT,5,137,2178.1749870439166,1003.6027256978671
ETHUSDT,5,138,2178.1503311987935,1003.6676151222017
ETHUSDT,5,139,2178.1274906924646,1003.7274755126649
ETHUSDT,5,140,2178.108675204751,1003.7910188253204
ETHUSDT,5,141,2178.086688309739,1003.8543399084434
ETHUSDT,5,142,2178.0638388681905,1003.9143774815599
ETHUSDT,5,143,2178.0384217423525,1003.9730956664893
ETHUSDT,5,144,2178.0106221891133,1004.0301607966644
ETHUSDT,5,145,2177.983494862234,1004.0888757514082
ETHUSDT,5,146,2177.958610275487,1004.1474787104376
ETHUSDT,5,147,2177.938959344735,1004.2065129239656
ETHUSDT,5,148,2177.9199484735514,1004.2638397493303
ETHUSDT,5,149,2177.901567535353,1004.322492351086
ETHUSDT,5,150,2177.8811082650627,1004.378365422513
ETHUSDT,5,151,2177.8583818317047,1004.4345384283571
ETHUSDT,5,152,2177.8311621742214,1004.4916506896777
ETHUSDT,5,153,2177.802724348458,1004.550630010912
ETHUSDT,5,154,2177.7681837676682,1004.6076067512848
ETHUSDT,5,155,2177.7320976917185,1004.6626471200482
ETHUSDT,5,156,2177.7000044675938,1004.7129872603413
ETHUSDT,5,157,2177.673628890527,1004.7618826501205
ETHUSDT,5,158,2177.6466361876232,1004.8112099320301
ETHUSDT,5,159,2177.6200920327465,1004.857747402058
ETHUSDT,5,160,2177.5928229337146,1004.90477605106
ETHUSDT,5,161,2177.563656887549,1004.9511674250475
ETHUSDT,5,162,2177.5353858525523,1004.996874913304
ETHUSDT,5,163,2177.5086528667,1005.0443775205622
ETHUSDT,5,164,2177.474640953073,1005.0927972654811
ETHUSDT,5,165,2177.441255696185,1005.1423831263395
ETHUSDT,5,166,2177.4059752792086,1005.1927799396975
ETHUSDT,5,167,2177.368555174964,1005.2430232542991
SOLUSDT,1,0,11.06205166926138,13.36218109167517
SOLUSDT,1,1,11.058718560802635,13.363044405863008
SOLUSDT,1,2,11.055361805915938,13.363915809595193
SOLUSDT,1,3,11.052198719944654,13.365341113660346
SOLUSDT,1,4,11.048747829095321,13.366095198310669
SOLUSDT,1,5,11.046030894308949,13.368381857962655
SOLUSDT,1,6,11.043189551980632,13.370423827976223
SOLUSDT,1,7,11.040589569278676,13.372761001469838
SOLUSDT,1,8,11.0382253416364,13.375482113780631
SOLUSDT,1,9,11.036303874762156,13.378739380650421
SOLUSDT,1,10,11.034293738107598,13.381759769664983
SOLUSDT,1,11,11.032332814391978,13.384972785814227
SOLUSDT,1,12,11.030671562013497,13.388948826960132
SOLUSDT,1,13,11.028965715274179,13.392600437734114
SOLUSDT,1,14,11.027236914028721,13.396087914443937
SOLUSDT,1,15,11.025705033731192,13.39970126077176
SOLUSDT,1,16,11.023893720809552,13.402939784843854
SOLUSDT,1,17,11.022174779449927,13.406269925611696
SOLUSDT,1,18,11.019957758173328,13.408534168048785
SOLUSDT,1,19,11.017620273309118,13.410600249493237
SOLUSDT,1,20,11.016011814564958,13.413635235879267
SOLUSDT,1,21,11.01447073170732,13.416618294719733
SOLUSDT,1,22,11.012735928040135,13.419305077927612
SOLUSDT,1,23,11.011209306348386,13.422040698425684
SOLUSDT,1,24,11.009534751773051,13.424776584360641
SOLUSDT,1,25,11.007829925618408,13.42750747732972
SOLUSDT,1,26,11.006106417574816,13.430091184448331
SOLUSDT,1,27,11.004216934786372,13.432354419381834
SOLUSDT,1,28,11.002283514962814,13.434677252484402
SOLUSDT,1,29,11.000145217090473,13.436621128836794
SOLUSDT,1,30,10.998209842587793,13.43877815841131
SOLUSDT,1,31,10.996192907801422,13.44089493262643
SOLUSDT,1,32,10.994272599896215,13.443335137924358
SOLUSDT,1,33,10.992419858156032,13.44588279555315
SOLUSDT,1,34,10.990497405293205,13.44863974152809
SOLUSDT,1,35,10.98862157066252,13.451410360810678
SOLUSDT,1,36,10.986791869918704,13.454307005577887
SOLUSDT,1,37,10.985001937381082,13.457041293706506
SOLUSDT,1,38,10.983243400795715,13.459930543638325
SOLUSDT,1,39,10.981547483134412,13.462790601507708
SOLUSDT,1,40,10.979674692959701,13.465420939175647
SOLUSDT,1,41,10.977718024563229,13.468028239048397
SOLUSDT,1,42,10.975817488323825,13.470656681232079
SOLUSDT,1,43,10.974173153433668,13.473607844037277
SOLUSDT,1,44,10.97256357031656,13.476545750093731
SOLUSDT,1,45,10.971109254454252,13.479583013882506
SOLUSDT,1,46,10.969693461338874,13.482674981890725
SOLUSDT,1,47,10.968433506313794,13.486041214422182
SOLUSDT,1,48,10.967024857291133,13.489014680102871
SOLUSDT,1,49,10.965621587960568,13.491926283510931
SOLUSDT,1,50,10.964413596263629,13.495098064446388
SOLUSDT,1,51,10.963006469468956,13.498011864302686
SOLUSDT,1,52,10.96156509254455,13.500719104954106
SOLUSDT,1,53,10.96018121432279,13.50347177508852
SOLUSDT,1,54,10.958668223490754,13.506032547506727
SOLUSDT,1,55,10.957137311883763,13.508399606949418
SOLUSDT,1,56,10.955616709911787,13.510841182861567
SOLUSDT,1,57,10.954179449922165,13.513372178008977
SOLUSDT,1,58,10.952656166753165,13.515712699611974
SOLUSDT,1,59,10.950968950008656,13.517851349443916
SOLUSDT,1,60,10.949468396471206,13.520279416368124
SOLUSDT,1,61,10.948011728074736,13.522836822987479
SOLUSDT,1,62,10.946093219166242,13.52482840610629
SOLUSDT,1,63,10.944340892579145,13.527194561852463
SOLUSDT,1,64,10.94279958484692,13.530086223629587
SOLUSDT,1,65,10.941169468950015,13.53272400501878
SOLUSDT,1,66,10.93944582252206,13.535278240602326
SOLUSDT,1,67,10.937822383670651,13.538031865244044
SOLUSDT,1,68,10.93638265006055,13.540873570528516
SOLUSDT,1,69,10.934781283514969,13.543567523156177
SOLUSDT,1,70,10.93278918872168,13.545573673757197
SOLUSDT,1,71,10.930753104999141,13.547638997840659
SOLUSDT,1,72,10.928947500432455,13.550126761690029
SOLUSDT,1,73,10.927206884622043,13.552935907111179
SOLUSDT,1,74,10.9252486248054,13.5553611976875
SOLUSDT,1,75,10.923359366891546,13.557759023327625
SOLUSDT,1,76,10.921407887908671,13.560008669605974
SOLUSDT,1,77,10.919440598512374,13.562398294599289
SOLUSDT,1,78,10.917657637087014,13.565059672744399
SOLUSDT,1,79,10.916330271579318,13.56849077336336
SOLUSDT,1,80,10.91501895865768,13.571834029161202
SOLUSDT,1,81,10.913696263622217,13.575223490106445
SOLUSDT,1,82,10.912271596609589,13.578629863873045
SOLUSDT,1,83,10.910587631897602,13.581584410465373
SOLUSDT,1,84,10.909268275384887,13.585206705005403
SOLUSDT,1,85,10.907872340425538,13.58865345047714
SOLUSDT,1,86,10.906658225220555,13.592702078541146
SOLUSDT,1,87,10.905920619270029,13.597369302627625
SOLUSDT,1,88,10.905229614253596,13.60191533507295
SOLUSDT,1,89,10.904504151530883,13.606240706340445
SOLUSDT,1,90,10.90400345960907,13.611124891304371
SOLUSDT,1,91,10.90317325722194,13.615253115111482
SOLUSDT,1,92,10.902400726517909,13.619256495475113
SOLUSDT,1,93,10.901211606988417,13.622399073073245
SOLUSDT,1,94,10.900020878740708,13.625419069933633
SOLUSDT,1,95,10.899049195640899,13.628730336200844
SOLUSDT,1,96,10.897974052932026,13.631885319678437
SOLUSDT,1,97,10.896617055872694,13.634641507728983
SOLUSDT,1,98,10.895284293374857,13.63748193853164
SOLUSDT,1,99,10.894108199273491,13.640631960881482
SOLUSDT,1,100,10.89296872513407,13.644061822880605
SOLUSDT,1,101,10.89212236637261,13.648043681731949
SOLUSDT,1,102,10.891367496972853,13.652075182760495
SOLUSDT,1,103,10.89070698841032,13.656046102027558
SOLUSDT,1,104,10.889938470852806,13.659604842619476
SOLUSDT,1,105,10.889382044628968,13.663335353634459
SOLUSDT,1,106,10.888661148590222,13.667017613244761
SOLUSDT,1,107,10.88808939629823,13.67075277913991
SOLUSDT,1,108,10.887406728939641,13.674339963412166
SOLUSDT,1,109,10.886678083376589,13.677875380003394
SOLUSDT,1,110,10.885569192181293,13.680948062652247
SOLUSDT,1,111,10.884730288877366,13.684472456440625
SOLUSDT,1,112,10.884043712160535,13.688269384501776
SOLUSDT,1,113,10.883584431759221,13.692383307197446
SOLUSDT,1,114,10.883145217090478,13.696523459060877
SOLUSDT,1,115,10.882837986507534,13.70076501327527
SOLUSDT,1,116,10.882761165888263,13.705490382948332
SOLUSDT,1,117,10.88256031828404,13.710099749995019
SOLUSDT,1,118,10.88225995502509,13.714648867032103
SOLUSDT,1,119,10.882020256011078,13.719255280598347
SOLUSDT,1,120,10.881864625497325,13.724037739621293
SOLUSDT,1,121,10.8817454938592,13.729139427871857
SOLUSDT,1,122,10.88143817678603,13.733813814610107
SOLUSDT,1,123,10.88093355820793,13.738222734398967
SOLUSDT,1,124,10.880429510465325,13.742607763432492
SOLUSDT,1,125,10.879868413769252,13.74708682512006
SOLUSDT,1,126,10.879425618405127,13.751678920569894
SOLUSDT,1,127,10.878878221760946,13.75600456500766
SOLUSDT,1,128,10.878125843279713,13.759674999337243
SOLUSDT,1,129,10.877319356512718,13.763251811071752
SOLUSDT,1,130,10.876350406504068,13.76661936537134
SOLUSDT,1,131,10.875508649022663,13.770060432746186
SOLUSDT,1,132,10.874854125583813,13.773984345993961
SOLUSDT,1,133,10.874354177477949,13.778284800550889
SOLUSDT,1,134,10.873797958830655,13.782795057995301
SOLUSDT,1,135,10.873299671337142,13.78724765864924
SOLUSDT,1,136,10.87291549904861,13.791780018898157
SOLUSDT,1,137,10.872645459263104,13.796725530709972
SOLUSDT,1,138,10.872005691056913,13.80105407675081
SOLUSDT,1,139,10.87126543850545,13.805088104343994
SOLUSDT,1,140,10.870351046531741,13.8089564806244
SOLUSDT,1,141,10.869499308078186,13.813258497308702
SOLUSDT,1,142,10.868850873551288,13.817996800335752
SOLUSDT,1,143,10.868185850198927,13.82284974542533
SOLUSDT,1,144,10.867553883411173,13.827817059107314
SOLUSDT,1,145,10.866439162774606,13.831882029764026
SOLUSDT,1,146,10.865146220377097,13.835651774044429
SOLUSDT,1,147,10.863810949662687,13.839211995492752
SOLUSDT,1,148,10.862778550423801,13.843354420030868
SOLUSDT,1,149,10.861643452689844,13.847274024098825
SOLUSDT,1,150,10.860181197024735,13.850563160513019
SOLUSDT,1,151,10.858991852620653,13.854724886903053
SOLUSDT,1,152,10.857639301158969,13.858761655716263
SOLUSDT,1,153,10.85636203079052,13.863089121120922
SOLUSDT,1,154,10.855185625324337,13.867082647176554
SOLUSDT,1,155,10.853534198235598,13.869867287819963
SOLUSDT,1,156,10.852090261200482,13.87307135565757
SOLUSDT,1,157,10.85056590555267,13.876027220278601
SOLUSDT,1,158,10.849030963501123,13.879273606574088
SOLUSDT,1,159,10.847636568067808,13.88258990698031
SOLUSDT,1,160,10.846359747448538,13.886356288514742
SOLUSDT,1,161,10.844590866632068,13.889072432870414
SOLUSDT,1,162,10.842331828403388,13.89082255661898
SOLUSDT,1,163,10.840137554056389,13.892494180472184
SOLUSDT,1,164,10.837531568932707,13.893516335182833
SOLUSDT,1,165,10.834922262584326,13.894487634159008
SOLUSDT,1,166,10.832193098079914,13.895286342265377
SOLUSDT,1,167,10.829423577235769,13.896330053339634
SOLUSDT,2,0,67.7363252876358,71.91054077018072
SOLUSDT,2,1,67.73233892399942,71.91148896090677
SOLUSDT,2,2,67.72841545940697,71.91256213299017
SOLUSDT,2,3,67.72474645924493,71.91384830375102
SOLUSDT,2,4,67.72125605250373,71.91556813934545
SOLUSDT,2,5,67.7179690973911,71.91712193242391
SOLUSDT,2,6,67.71428616107609,71.91845256413524
SOLUSDT,2,7,67.71139963539142,71.92016957846269
SOLUSDT,2,8,67.70907135796475,71.92230780066039
SOLUSDT,2,9,67.7065467266246,71.9241955112419
SOLUSDT,2,10,67.70378351158652,71.92603526355992
SOLUSDT,2,11,67.70136266407395,71.92813222464883
SOLUSDT,2,12,67.6983397585481,71.9295065566051
SOLUSDT,2,13,67.69498645276299,71.93027243407673
SOLUSDT,2,14,67.69183694701027,71.9311502939845
SOLUSDT,2,15,67.68880706530553,71.9320923974424
SOLUSDT,2,16,67.68569361529742,71.93328314185908
SOLUSDT,2,17,67.68231594555182,71.93412328451939
SOLUSDT,2,18,67.67864363960466,71.93501639052413
SOLUSDT,2,19,67.6754694376925,71.93656243417989
SOLUSDT,2,20,67.67227655971487,71.9375344039556
SOLUSDT,2,21,67.66930175822402,71.93860195753929
SOLUSDT,2,22,67.66654978123488,71.9401181284122
SOLUSDT,2,23,67.6642515799709,71.94169970658
SOLUSDT,2,24,67.66192743477562,71.94359102120286
SOLUSDT,2,25,67.65974419056884,71.9456264124406
SOLUSDT,2,26,67.65716562955767,71.9473967682378
SOLUSDT,2,27,67.65500892075843,71.94966112012513
SOLUSDT,2,28,67.65277856101123,71.95195198733896
SOLUSDT,2,29,67.65049072273543,71.9539443472554
SOLUSDT,2,30,67.64799060930163,71.9558423901587
SOLUSDT,2,31,67.64598146167563,71.95829465364719
SOLUSDT,2,32,67.64457712688386,71.96168130852436
SOLUSDT,2,33,67.64313581267221,71.9647967691027
SOLUSDT,2,34,67.64146957543352,71.96790088321231
SOLUSDT,2,35,67.63987338356834,71.97092952653259
SOLUSDT,2,36,67.63854033381952,71.97408827102302
SOLUSDT,2,37,67.63759003403018,71.97774171476935
SOLUSDT,2,38,67.63649514665374,71.98120502581757
SOLUSDT,2,39,67.63516901636692,71.98411381969841
SOLUSDT,2,40,67.63317382920114,71.98650290628791
SOLUSDT,2,41,67.63142107438021,71.98942916794175
SOLUSDT,2,42,67.62981225895321,71.99254697104588
SOLUSDT,2,43,67.62835294117652,71.99600179726893
SOLUSDT,2,44,67.62680853994495,71.99919983156555
SOLUSDT,2,45,67.6253420515314,72.00242586149203
SOLUSDT,2,46,67.62370668449202,72.00561750055927
SOLUSDT,2,47,67.62288884297526,72.0095256280494
SOLUSDT,2,48,67.62220836979425,72.01344886697333
SOLUSDT,2,49,67.62158559390704,72.01809669831506
SOLUSDT,2,50,67.62110209042301,72.02281416360522
SOLUSDT,2,51,67.62043723869719,72.02743258663239
SOLUSDT,2,52,67.6200341759845,72.03217976554164
SOLUSDT,2,53,67.6189383082159,72.03635791844395
SOLUSDT,2,54,67.6181730675742,72.04107626419439
SOLUSDT,2,55,67.6175766326366,72.04568767111024
SOLUSDT,2,56,67.61655357316486,72.05001729922003
SOLUSDT,2,57,67.61591366067096,72.05464790869753
SOLUSDT,2,58,67.61506865175829,72.05906415934675
SOLUSDT,2,59,67.6145083859991,72.063814598399
SOLUSDT,2,60,67.61437860962575,72.06926169334852
SOLUSDT,2,61,67.61479596499764,72.07559720474482
SOLUSDT,2,62,67.61514259439319,72.08173187290765
SOLUSDT,2,63,67.6159791524875,72.08863046303279
SOLUSDT,2,64,67.61691204018804,72.09527835908432
SOLUSDT,2,65,67.61763561011188,72.10176588275286
SOLUSDT,2,66,67.6185701101929,72.10833573472208
SOLUSDT,2,67,67.61952294603797,72.11481362709574
SOLUSDT,2,68,67.62011530546108,72.12055644936488
SOLUSDT,2,69,67.62013041646418,72.12574370849683
SOLUSDT,2,70,67.61992856101124,72.13085413540618
SOLUSDT,2,71,67.61974491168374,72.13640499601394
SOLUSDT,2,72,67.61900741370935,72.14099767606454
SOLUSDT,2,73,67.61845867768601,72.14584739023363
SOLUSDT,2,74,67.61796218603149,72.1509181861961
SOLUSDT,2,75,67.61769150056723,72.15615541332275
SOLUSDT,2,76,67.61734362339985,72.16160000202518
SOLUSDT,2,77,67.61665209042302,72.16721034980993
SOLUSDT,2,78,67.61567280829695,72.17254419555975
SOLUSDT,2,79,67.61499816075197,72.17802804335703
SOLUSDT,2,80,67.6146751417923,72.18378766082174
SOLUSDT,2,81,67.61428399773138,72.18964934188436
SOLUSDT,2,82,67.61386550802145,72.19575512884128
SOLUSDT,2,83,67.61385853994496,72.2021885544131
SOLUSDT,2,84,67.61409203532659,72.20883874800923
SOLUSDT,2,85,67.61452714308871,72.2153360100941
SOLUSDT,2,86,67.61461110030795,72.22153770417361
SOLUSDT,2,87,67.61480563117814,72.22764389787106
SOLUSDT,2,88,67.61456930805386,72.23365722237448
SOLUSDT,2,89,67.61408535893702,72.23925033220382
SOLUSDT,2,90,67.61365832117977,72.24488119743533
SOLUSDT,2,91,67.61293215038089,72.25037905286756
SOLUSDT,2,92,67.61148757089619,72.25471037509863
SOLUSDT,2,93,67.60983611246156,72.25906134322621
SOLUSDT,2,94,67.60822765354081,72.26334203586507
SOLUSDT,2,95,67.60628701993198,72.26700083165832
SOLUSDT,2,96,67.60408945065636,72.27055537662956
SOLUSDT,2,97,67.60211466537034,72.27486555015793
SOLUSDT,2,98,67.600134459569,72.2793753424079
SOLUSDT,2,99,67.59779107924167,72.2834890331985
SOLUSDT,2,100,67.59533594231087,72.2874334661268
SOLUSDT,2,101,67.59276036298822,72.29118304785845
SOLUSDT,2,102,67.59028970183121,72.29523561920158
SOLUSDT,2,103,67.58767534435268,72.29888523564219
SOLUSDT,2,104,67.58514262680285,72.30257716775888
SOLUSDT,2,105,67.58305036460872,72.30678434170709
SOLUSDT,2,106,67.58077800194465,72.31071018587976
SOLUSDT,2,107,67.57863537514187,72.31493062896358
SOLUSDT,2,108,67.57648584508192,72.31925211444184
SOLUSDT,2,109,67.57424566520831,72.32365995658385
SOLUSDT,2,110,67.57155205801337,72.3280189475692
SOLUSDT,2,111,67.56911406579168,72.33278062912069
SOLUSDT,2,112,67.56649000972297,72.33715127021473
SOLUSDT,2,113,67.56363560200947,72.3411653905124
SOLUSDT,2,114,67.56045952843955,72.34489041097846
SOLUSDT,2,115,67.55692095284402,72.34825223756708
SOLUSDT,2,116,67.55361248582084,72.35189510267976
SOLUSDT,2,117,67.55028449197867,72.35561467154713
SOLUSDT,2,118,67.54668504294287,72.35900044773491
SOLUSDT,2,119,67.54248915086703,72.3614877431155
SOLUSDT,2,120,67.53847694052834,72.36402419270152
SOLUSDT,2,121,67.53441230756773,72.36659522204374
SOLUSDT,2,122,67.53070807810737,72.36994225951415
SOLUSDT,2,123,67.52720611732303,72.37369148065827
SOLUSDT,2,124,67.52315556635885,72.37666157903175
SOLUSDT,2,125,67.51891195106148,72.3793335181564
SOLUSDT,2,126,67.51432762113117,72.38150627709125
SOLUSDT,2,127,67.5102239507374,72.38436501745713
SOLUSDT,2,128,67.50604711554051,72.38718603507971
SOLUSDT,2,129,67.50147052341605,72.38949560921985
SOLUSDT,2,130,67.49706998055427,72.39196686261208
SOLUSDT,2,131,67.49274173553727,72.39441605587125
SOLUSDT,2,132,67.4882566601848,72.39630775208296
SOLUSDT,2,133,67.48439511424412,72.39885080449177
SOLUSDT,2,134,67.48120077783186,72.40226678357705
SOLUSDT,2,135,67.47763404634588,72.40515890912424
SOLUSDT,2,136,67.47395361367694,72.4077753402159
SOLUSDT,2,137,67.47046243720636,72.41062111172893
SOLUSDT,2,138,67.46733421649658,72.41389924053117
SOLUSDT,2,139,67.46418364122515,72.4172497352188
SOLUSDT,2,140,67.46116994004218,72.42076485582868
SOLUSDT,2,141,67.4580989709934,72.42417194931342
SOLUSDT,2,142,67.45481687732949,72.42721784342834
SOLUSDT,2,143,67.45138360071306,72.4301611708071
SOLUSDT,2,144,67.4479135472371,72.43317858046099
SOLUSDT,2,145,67.44430787554694,72.43623298108761
SOLUSDT,2,146,67.44114011505432,72.4396439772253
SOLUSDT,2,147,67.4382499675904,72.44345461119467
SOLUSDT,2,148,67.43544691298013,72.44718863203643
SOLUSDT,2,149,67.43263326851407,72.45081469390583
SOLUSDT,2,150,67.42915487765359,72.45373332088164
SOLUSDT,2,151,67.42613975854809,72.45705838464382
SOLUSDT,2,152,67.42329215686279,72.4606239420974
SOLUSDT,2,153,67.42047203856754,72.46417523781881
SOLUSDT,2,154,67.4172801085724,72.46771961313877
SOLUSDT,2,155,67.41412698104038,72.47134377679002
SOLUSDT,2,156,67.41045452924975,72.47430501810655
SOLUSDT,2,157,67.40633961270461,72.47670714570808
SOLUSDT,2,158,67.40203678496195,72.47858307257567
SOLUSDT,2,159,67.39742837465568,72.48002254889987
SOLUSDT,2,160,67.39283930481287,72.48135383535318
SOLUSDT,2,161,67.38828834872795,72.48275253928863
SOLUSDT,2,162,67.38361418732785,72.48446328388115
SOLUSDT,2,163,67.3793565224437,72.48659506877694
SOLUSDT,2,164,67.37452625182306,72.48868659191166
SOLUSDT,2,165,67.36985906660186,72.4909056446943
SOLUSDT,2,166,67.36512261383893,72.49314436824487
SOLUSDT,2,167,67.36048652568466,72.49556427685411
SOLUSDT,3,0,57.99670533258044,61.15766990273198
SOLUSDT,3,1,57.99875164237308,61.15854648452373
SOLUSDT,3,2,58.000827530281114,61.15953472367657
SOLUSDT,3,3,58.00299788544432,61.1606532079677
SOLUSDT,3,4,58.0052823958118,61.16210549299213
SOLUSDT,3,5,58.007671145555165,61.163455396363084
SOLUSDT,3,6,58.00993018887277,61.16470506398446
SOLUSDT,3,7,58.0125130517346,61.166138440163195
SOLUSDT,3,8,58.015445427016886,61.16792168379512
SOLUSDT,3,9,58.01822827448148,61.16949219385753
SOLUSDT,3,10,58.02084048963237,61.17098116980275
SOLUSDT,3,11,58.02367111476068,61.17269007008818
SOLUSDT,3,12,58.02618144631478,61.173838013474196
SOLUSDT,3,13,58.02839934305055,61.17443630529315
SOLUSDT,3,14,58.030734530896986,61.17513496188369
SOLUSDT,3,15,58.03310546089082,61.175888012255975
SOLUSDT,3,16,58.03533723054798,61.17675512882724
SOLUSDT,3,17,58.03737391705999,61.17730824970755
SOLUSDT,3,18,58.03918650174485,61.17784913358633
SOLUSDT,3,19,58.04129510367465,61.17891824453928
SOLUSDT,3,20,58.04337904434393,61.179552852125966
SOLUSDT,3,21,58.0455497998356,61.18025303624976
SOLUSDT,3,22,58.04786375487562,61.181295750806186
SOLUSDT,3,23,58.05041382672945,61.18238610927626
SOLUSDT,3,24,58.053018805173295,61.18374270693113
SOLUSDT,3,25,58.05573305276105,61.185231838379785
SOLUSDT,3,26,58.05821485321269,61.186484033842355
SOLUSDT,3,27,58.06096387292118,61.188170267539256
SOLUSDT,3,28,58.063702165879505,61.18990669129732
SOLUSDT,3,29,58.06639275816034,61.19140822965951
SOLUSDT,3,30,58.06890064155184,61.192812216374705
SOLUSDT,3,31,58.0717169575034,61.194683174507105
SOLUSDT,3,32,58.07493383802074,61.19731770007649
SOLUSDT,3,33,58.07817143297046,61.19975046942233
SOLUSDT,3,34,58.081258340176376,61.202172863523174
SOLUSDT,3,35,58.08431109115154,61.204579478546876
SOLUSDT,3,36,58.08750383904725,61.20708509615146
SOLUSDT,3,37,58.09093852391688,61.209972762024094
SOLUSDT,3,38,58.09432678608069,61.212723921698824
SOLUSDT,3,39,58.09759423116383,61.21504414637112
SOLUSDT,3,40,58.10045121125006,61.21692615699546
SOLUSDT,3,41,58.10346791726524,61.21923255681473
SOLUSDT,3,42,58.10653884725909,61.22171172771637
SOLUSDT,3,43,58.109726031615494,61.22447498789107
SOLUSDT,3,44,58.11274897351654,61.22697362854623
SOLUSDT,3,45,58.115769431328076,61.22945752415934
SOLUSDT,3,46,58.11868753336052,61.231896433680156
SOLUSDT,3,47,58.122127083760844,61.23495240819851
SOLUSDT,3,48,58.12566853315523,61.23803931197714
SOLUSDT,3,49,58.12927013960154,61.241669547977494
SOLUSDT,3,50,58.132949702319664,61.245367788924995
SOLUSDT,3,51,58.13652927530262,61.24900614273341
SOLUSDT,3,52,58.14027518989919,61.252772112625365
SOLUSDT,3,53,58.14353760008191,61.256022746227565
SOLUSDT,3,54,58.14702894682798,61.25972349778798
SOLUSDT,3,55,58.15056922603142,61.26332546680996
SOLUSDT,3,56,58.15380076986226,61.26663887696492
SOLUSDT,3,57,58.15724781359045,61.270192069514266
SOLUSDT,3,58,58.160557241839264,61.27356031913834
SOLUSDT,3,59,58.16402856189676,61.27720378729529
SOLUSDT,3,60,58.16780388010656,61.28142859012174
SOLUSDT,3,61,58.171890361321914,61.28635210676411
SOLUSDT,3,62,58.175968995072665,61.29115505413532
SOLUSDT,3,63,58.18038876514043,61.29657619843679
SOLUSDT,3,64,58.18482130979243,61.3017990190103
SOLUSDT,3,65,58.18912998870849,61.30688993122223
SOLUSDT,3,66,58.19354302504599,61.312027668056736
SOLUSDT,3,67,58.19798923219032,61.31710989772826
SOLUSDT,3,68,58.202300508109026,61.32168242084637
SOLUSDT,3,69,58.20638162594931,61.32587308292246
SOLUSDT,3,70,58.21038330424945,61.33001164120522
SOLUSDT,3,71,58.21440421371363,61.33448553390001
SOLUSDT,3,72,58.218098414083165,61.33820819804833
SOLUSDT,3,73,58.221828525969826,61.34207479502583
SOLUSDT,3,74,58.22559378464361,61.346143683622934
SOLUSDT,3,75,58.22949899917861,61.35036062287918
SOLUSDT,3,76,58.233345565592096,61.35471654115436
SOLUSDT,3,77,58.237024743378996,61.35919473285769
SOLUSDT,3,78,58.2405406384724,61.36345166394497
SOLUSDT,3,79,58.24426643912934,61.367867072800514
SOLUSDT,3,80,58.248179049476285,61.372472670142876
SOLUSDT,3,81,58.25203721515069,61.377129134004704
SOLUSDT,3,82,58.25589550913549,61.381973363370115
SOLUSDT,3,83,58.25990823752801,61.38702546739008
SOLUSDT,3,84,58.2641148583451,61.392301395029016
SOLUSDT,3,85,58.26845175528617,61.397485039994855
SOLUSDT,3,86,58.27255390063621,61.40241406978636
SOLUSDT,3,87,58.276728141038596,61.40728709429333
SOLUSDT,3,88,58.28065871484275,61.412066970377744
SOLUSDT,3,89,58.28441087559003,61.41647427618809
SOLUSDT,3,90,58.28806051118846,61.42089370376329
SOLUSDT,3,91,58.2915550502975,61.42523406571236
SOLUSDT,3,92,58.294648408950735,61.42860150466207
SOLUSDT,3,93,58.29759686409343,61.43193889369183
SOLUSDT,3,94,58.3005628053786,61.435216626388495
SOLUSDT,3,95,58.3032254362552,61.437955049597704
SOLUSDT,3,96,58.3057730445492,61.44060860347534
SOLUSDT,3,97,58.308522849517374,61.44386838140824
SOLUSDT,3,98,58.311159387189285,61.44719634834076
SOLUSDT,3,99,58.31348940156007,61.45016117982678
SOLUSDT,3,100,58.315721422705614,61.45298246613476
SOLUSDT,3,101,58.317864319441384,61.4556414445535
SOLUSDT,3,102,58.32007726852781,61.45853849646648
SOLUSDT,3,103,58.32211553582406,61.461061071100254
SOLUSDT,3,104,58.32417369636604,61.46360944297294
SOLUSDT,3,105,58.32656269759782,61.466608823312825
SOLUSDT,3,106,58.328758063025866,61.46936316498628
SOLUSDT,3,107,58.33109719770048,61.472362803812
SOLUSDT,3,108,58.333413482857544,61.47542182489018
SOLUSDT,3,109,58.33565900225807,61.47851137717493
SOLUSDT,3,110,58.33759061281031,61.481503520152714
SOLUSDT,3,111,58.33967900841696,61.484804166282416
SOLUSDT,3,112,58.34161669575015,61.48777542257114
SOLUSDT,3,113,58.34342899815213,61.49044130435296
SOLUSDT,3,114,58.345062692465405,61.492903295457374
SOLUSDT,3,115,58.34653451036727,61.49509633037401
SOLUSDT,3,116,58.3481695391088,61.49755666087696
SOLUSDT,3,117,58.34974908642969,61.500042347385566
SOLUSDT,3,118,58.351021699856084,61.50218531902059
SOLUSDT,3,119,58.35194421576658,61.50360031792517
SOLUSDT,3,120,58.3528999384108,61.50504888232599
SOLUSDT,3,121,58.353818348388224,61.50652703711403
SOLUSDT,3,122,58.354898331964485,61.50863051743874
SOLUSDT,3,123,58.35614339457995,61.511037935303364
SOLUSDT,3,124,58.35708714842926,61.51278831883226
SOLUSDT,3,125,58.357916818928125,61.51432571935485
SOLUSDT,3,126,58.35849217306486,61.51543343789795
SOLUSDT,3,127,58.35935146787085,61.51708495323508
SOLUSDT,3,128,58.36015671833276,61.518689246849185
SOLUSDT,3,129,58.36073800041036,61.51989693617907
SOLUSDT,3,130,58.36144671012088,61.52121285975742
SOLUSDT,3,131,58.362206348798786,61.52252204376572
SOLUSDT,3,132,58.362851247176934,61.52340333845722
SOLUSDT,3,133,58.363946032641934,61.5248580277268
SOLUSDT,3,134,58.365506569492666,61.527040960288424
SOLUSDT,3,135,58.3668260829396,61.528778897818555
SOLUSDT,3,136,58.36802635495767,61.530304776448475
SOLUSDT,3,137,58.36933111270764,61.532071269767364
SOLUSDT,3,138,58.37091197392709,61.53421639084366
SOLUSDT,3,139,58.37244582734529,61.53640433560301
SOLUSDT,3,140,58.37406638267273,61.53873134755111
SOLUSDT,3,141,58.375748177991966,61.54094277859844
SOLUSDT,3,142,58.37726287723236,61.542822188051794
SOLUSDT,3,143,58.378644344076946,61.54461114525127
SOLUSDT,3,144,58.38009592486118,61.54642193101151
SOLUSDT,3,145,58.38148674810075,61.548209069410696
SOLUSDT,3,146,58.38319807534363,61.550222693255016
SOLUSDT,3,147,58.385107323957875,61.55255853646957
SOLUSDT,3,148,58.38702452268504,61.554834638993334
SOLUSDT,3,149,58.38898120509112,61.55698799513276
SOLUSDT,3,150,58.390587122767165,61.55858666364712
SOLUSDT,3,151,58.392538847259054,61.56053307840894
SOLUSDT,3,152,58.39453817491252,61.56265170683451
SOLUSDT,3,153,58.3965200112911,61.56473119233496
SOLUSDT,3,154,58.39820627694497,61.566748573489
SOLUSDT,3,155,58.39991044959945,61.56881803504076
SOLUSDT,3,156,58.40128206733707,61.57033501115073
SOLUSDT,3,157,58.40238059433358,61.571397195485076
SOLUSDT,3,158,58.40336881543808,61.572062571302695
SOLUSDT,3,159,58.404134725928735,61.572368050145684
SOLUSDT,3,160,58.40491391398047,61.57260315832128
SOLUSDT,3,161,58.40567515910469,61.572871824125855
SOLUSDT,3,162,58.40637375795502,61.57336765740198
SOLUSDT,3,163,58.407323865735755,61.57421613415878
SOLUSDT,3,164,58.40800107780719,61.5750143657087
SOLUSDT,3,165,58.408761065489394,61.57592232146255
SOLUSDT,3,166,58.409507970642345,61.576838628408495
SOLUSDT,3,167,58.41033230856063,61.57789258064247
SOLUSDT,4,0,48.776521647183245,54.816079318667015
SOLUSDT,4,1,48.776661256762175,54.817324692830105
SOLUSDT,4,2,48.77677954072541,54.818655586145326
SOLUSDT,4,3,48.77695913441511,54.82010155402308
SOLUSDT,4,4,48.777238005523195,54.82184309073449
SOLUSDT,4,5,48.777572148450595,54.823502518024554
SOLUSDT,4,6,48.777788363030865,54.82505426861334
SOLUSDT,4,7,48.77820694964606,54.82680086862395
SOLUSDT,4,8,48.778926671206236,54.82888347104442
SOLUSDT,4,9,48.77954260583341,54.83076522898307
SOLUSDT,4,10,48.78002255135606,54.832564207125145
SOLUSDT,4,11,48.7807115348237,54.83457639316214
SOLUSDT,4,12,48.781163292096814,54.83609406376483
SOLUSDT,4,13,48.78135144705464,54.83711597267288
SOLUSDT,4,14,48.78160752090172,54.83823097539031
SOLUSDT,4,15,48.781953875836834,54.839394712662816
SOLUSDT,4,16,48.782235107630434,54.84064681301702
SOLUSDT,4,17,48.78236384065354,54.84160131906336
SOLUSDT,4,18,48.78227971853345,54.8425439969075
SOLUSDT,4,19,48.78241341504917,54.843963322066195
SOLUSDT,4,20,48.782553145688915,54.84502783139647
SOLUSDT,4,21,48.78271638860495,54.84614622833275
SOLUSDT,4,22,48.78298329361006,54.84756762730367
SOLUSDT,4,23,48.78339662543012,54.849049082611266
SOLUSDT,4,24,48.78382281239339,54.85075696119763
SOLUSDT,4,25,48.784318193167415,54.8525851161363
SOLUSDT,4,26,48.784632020580105,54.85419209901267
SOLUSDT,4,27,48.78518897211796,54.856180518868115
SOLUSDT,4,28,48.78568997086952,54.85819406931475
SOLUSDT,4,29,48.78617585972057,54.860015638200665
SOLUSDT,4,30,48.78655847236386,54.86172417029398
SOLUSDT,4,31,48.787129845268936,54.86384995466972
SOLUSDT,4,32,48.78796621268845,54.866640345419775
SOLUSDT,4,33,48.78886551658888,54.86928397861833
SOLUSDT,4,34,48.789699523322895,54.87190100628913
SOLUSDT,4,35,48.79061465970544,54.87447564623804
SOLUSDT,4,36,48.79162201793191,54.87716044982968
SOLUSDT,4,37,48.79285045965247,54.88021312171076
SOLUSDT,4,38,48.79401366095387,54.88314147050442
SOLUSDT,4,39,48.79510142624726,54.88570743570938
SOLUSDT,4,40,48.795869988271996,54.88785832854091
SOLUSDT,4,41,48.79668818900593,54.89036608054751
SOLUSDT,4,42,48.79758305527157,54.89300768721214
SOLUSDT,4,43,48.798568153444315,54.89590581838622
SOLUSDT,4,44,48.79931680096824,54.89854910726188
SOLUSDT,4,45,48.800129444255035,54.90119916533522
SOLUSDT,4,46,48.80086210040455,54.90379091788931
SOLUSDT,4,47,48.80187470585985,54.90694465620098
SOLUSDT,4,48,48.80298625581634,54.91013637227934
SOLUSDT,4,49,48.804105073203694,54.91376779245116
SOLUSDT,4,50,48.80538425453007,54.91747942926576
SOLUSDT,4,51,48.806728952445546,54.92114123658864
SOLUSDT,4,52,48.80826398063,54.92492451207218
SOLUSDT,4,53,48.80944753149445,54.928222703007684
SOLUSDT,4,54,48.810806264895895,54.931932011799354
SOLUSDT,4,55,48.81218593424858,54.935565676327144
SOLUSDT,4,56,48.813334248855334,54.938939026381384
SOLUSDT,4,57,48.81460055233962,54.94253018208292
SOLUSDT,4,58,48.81579870994563,54.94595479028168
SOLUSDT,4,59,48.81710863314769,54.94963056882759
SOLUSDT,4,60,48.818599886505226,54.95381399287103
SOLUSDT,4,61,48.8203273105585,54.958606039525286
SOLUSDT,4,62,48.822074675594614,54.96330582535248
SOLUSDT,4,63,48.82398799606525,54.968558505882974
SOLUSDT,4,64,48.825922838875364,54.97364608676432
SOLUSDT,4,65,48.82779021299107,54.97859921613311
SOLUSDT,4,66,48.82981395603953,54.98362687972236
SOLUSDT,4,67,48.83184020731634,54.988608212821575
SOLUSDT,4,68,48.83375565013404,54.99317097725571
SOLUSDT,4,69,48.83551543903428,54.9973989415369
SOLUSDT,4,70,48.83723974955521,55.001579850511526
SOLUSDT,4,71,48.8390096356824,55.00604222112048
SOLUSDT,4,72,48.840541728142576,55.00986141145325
SOLUSDT,4,73,48.84213547459587,55.01379623776579
SOLUSDT,4,74,48.84380960541719,55.01788761534875
SOLUSDT,4,75,48.84550253471012,55.02212709641736
SOLUSDT,4,76,48.84718174251856,55.02647381831121
SOLUSDT,4,77,48.84880036696526,55.03089572129772
SOLUSDT,4,78,48.850339870616,55.03510012228758
SOLUSDT,4,79,48.85210484243152,55.039459977923514
SOLUSDT,4,80,48.8539874626411,55.0440036049394
SOLUSDT,4,81,48.85579325464353,55.04857866073657
SOLUSDT,4,82,48.85761200393418,55.05332645867823
SOLUSDT,4,83,48.85955328944849,55.05825887835988
SOLUSDT,4,84,48.86166322021686,55.06338814555045
SOLUSDT,4,85,48.86389376915189,55.06845905583174
SOLUSDT,4,86,48.865976249384936,55.07328692489577
SOLUSDT,4,87,48.86814932470746,55.07807479715122
SOLUSDT,4,88,48.87013976468779,55.082756257272756
SOLUSDT,4,89,48.87196767298425,55.087122372638376
SOLUSDT,4,90,48.87377297317718,55.09146671128127
SOLUSDT,4,91,48.8755222108725,55.0957105256194
SOLUSDT,4,92,48.87691406953401,55.099130879622884
SOLUSDT,4,93,48.87822295236986,55.102505602501815
SOLUSDT,4,94,48.87949213861434,55.105833312968684
SOLUSDT,4,95,48.880564990730996,55.10866917348705
SOLUSDT,4,96,48.88152544168247,55.111415339323386
SOLUSDT,4,97,48.882539976544194,55.11469344851502
SOLUSDT,4,98,48.88352133696487,55.11800751093375
SOLUSDT,4,99,48.88426540687748,55.120984367434886
SOLUSDT,4,100,48.88497734649842,55.12382384969641
SOLUSDT,4,101,48.88563380622678,55.12652146094334
SOLUSDT,4,102,48.88635022509713,55.12942272390556
SOLUSDT,4,103,48.88698555215044,55.131995737989975
SOLUSDT,4,104,48.887675265766,55.134589711120654
SOLUSDT,4,105,48.888599765444425,55.13759565976399
SOLUSDT,4,106,48.889397045359686,55.14036473889548
SOLUSDT,4,107,48.89028516626916,55.14336054695732
SOLUSDT,4,108,48.89117384708481,55.14639933365072
SOLUSDT,4,109,48.892022093594846,55.14945003119231
SOLUSDT,4,110,48.89265976241789,55.152383856723134
SOLUSDT,4,111,48.89341110732766,55.155595356536324
SOLUSDT,4,112,48.89402072031143,55.15852808666624
SOLUSDT,4,113,48.89451748193517,55.16120215451498
SOLUSDT,4,114,48.89490415389824,55.16367845275213
SOLUSDT,4,115,48.89517528846487,55.16591086087046
SOLUSDT,4,116,48.89557694170136,55.16837881159555
SOLUSDT,4,117,48.89592824121333,55.170863423058925
SOLUSDT,4,118,48.89607069950411,55.1730264879414
SOLUSDT,4,119,48.89592975069013,55.174553610329774
SOLUSDT,4,120,48.895847327204336,55.176100976949094
SOLUSDT,4,121,48.89572983391942,55.177671766247514
SOLUSDT,4,122,48.89574846214928,55.1797618413558
SOLUSDT,4,123,48.895860019672064,55.182133683282366
SOLUSDT,4,124,48.89573207732727,55.18393759021247
SOLUSDT,4,125,48.895532527522086,55.185546461226124
SOLUSDT,4,126,48.895131899519214,55.186777350616744
SOLUSDT,4,127,48.89492240759623,55.188496047380674
SOLUSDT,4,128,48.89467194416038,55.19016967533596
SOLUSDT,4,129,48.894252608481494,55.191491506301674
SOLUSDT,4,130,48.89391509476757,55.19292826349109
SOLUSDT,4,131,48.89362647069919,55.19435726291203
SOLUSDT,4,132,48.89325516210764,55.19541961353117
SOLUSDT,4,133,48.89324913933308,55.1969984937709
SOLUSDT,4,134,48.89358566942802,55.199234124873286
SOLUSDT,4,135,48.893772534331745,55.20106839256891
SOLUSDT,4,136,48.89388096318962,55.20270230168848
SOLUSDT,4,137,48.89409970113084,55.204529854679
SOLUSDT,4,138,48.894497366927375,55.20670415776826
SOLUSDT,4,139,48.894861896114385,55.20889881257593
SOLUSDT,4,140,48.89532211251055,55.21121005506795
SOLUSDT,4,141,48.89576920894304,55.213460089326674
SOLUSDT,4,142,48.896119241099804,55.215416667359634
SOLUSDT,4,143,48.89641532932285,55.21728038554817
SOLUSDT,4,144,48.89673548216211,55.219190588619306
SOLUSDT,4,145,48.89693216055653,55.22110374655918
SOLUSDT,4,146,48.89729774524235,55.22327889416791
SOLUSDT,4,147,48.8978334316949,55.22573882531914
SOLUSDT,4,148,48.89840637839032,55.22813982914698
SOLUSDT,4,149,48.89897286724895,55.23046812210397
SOLUSDT,4,150,48.89928042598236,55.23229900925914
SOLUSDT,4,151,48.89981413006437,55.2344670078098
SOLUSDT,4,152,48.90037951802639,55.236780466926795
SOLUSDT,4,153,48.90092860817886,55.23906230548876
SOLUSDT,4,154,48.901273449854045,55.24125016457168
SOLUSDT,4,155,48.90163186925404,55.243485973911795
SOLUSDT,4,156,48.90177277645336,55.245217143433365
SOLUSDT,4,157,48.901726762001736,55.24653960398998
SOLUSDT,4,158,48.90155782544516,55.24752772757136
SOLUSDT,4,159,48.90121442893322,55.248192638932466
SOLUSDT,4,160,48.90088346763485,55.24879321809109
SOLUSDT,4,161,48.90055176483911,55.24942559484538
SOLUSDT,4,162,48.90022079597442,55.25022493782872
SOLUSDT,4,163,48.9000831611997,55.25134084528974
SOLUSDT,4,164,48.899721673665184,55.252392520567
SOLUSDT,4,165,48.899453735860156,55.253531099460375
SOLUSDT,4,166,48.8991753981762,55.25467585898303
SOLUSDT,4,167,48.898957163393916,55.25594280891393
SOLUSDT,5,0,66.28234420550992,61.61077132454015
SOLUSDT,5,1,66.28023728964989,61.610643331433344
SOLUSDT,5,2,66.27814426209962,61.610565518982526
SOLUSDT,5,3,66.27609295011153,61.610536307508895
SOLUSDT,5,4,66.27412962620983,61.610722800568524
SOLUSDT,5,5,66.27226223678316,61.61086306145638
SOLUSDT,5,6,66.27032672524183,61.610952064103365
SOLUSDT,5,7,66.26856245122843,61.61112545683593
SOLUSDT,5,8,66.26700696053594,61.61147314038849
SOLUSDT,5,9,66.26540818168263,61.61173692963091
SOLUSDT,5,10,66.2636996604615,61.611970742309715
SOLUSDT,5,11,66.26205980640341,61.6122490414675
SOLUSDT,5,12,66.26021680714803,61.61222524282995
SOLUSDT,5,13,66.25822614445258,61.61193090746054
SOLUSDT,5,14,66.25628805956798,61.61166760349244
SOLUSDT,5,15,66.25434539985093,61.611382253756304
SOLUSDT,5,16,66.25223590766925,61.611093819673314
SOLUSDT,5,17,66.25006503052852,61.61066541515048
SOLUSDT,5,18,66.24773968131034,61.610294056366506
SOLUSDT,5,19,66.24558968875637,61.61022028911908
SOLUSDT,5,20,66.24342985256872,61.60990760450151
SOLUSDT,5,21,66.24131146090825,61.609605121671144
SOLUSDT,5,22,66.23926097989559,61.60948101775892
SOLUSDT,5,23,66.23738296351435,61.60939528898993
SOLUSDT,5,24,66.23552221593431,61.60945445818299
SOLUSDT,5,25,66.23369330752031,61.609546888272064
SOLUSDT,5,26,66.2317789486223,61.60958304319745
SOLUSDT,5,27,66.22999672673102,61.60978833466643
SOLUSDT,5,28,66.22819040953071,61.60999202427471
SOLUSDT,5,29,66.22638053611298,61.61009676460026
SOLUSDT,5,30,66.22446165599385,61.61012299431047
SOLUSDT,5,31,66.22270627550242,61.61038261904045
SOLUSDT,5,32,66.22118543261337,61.611040389180886
SOLUSDT,5,33,66.21968018466102,61.61159738796954
SOLUSDT,5,34,66.21811757259847,61.61217619650333
SOLUSDT,5,35,66.21659262248679,61.612717223073226
SOLUSDT,5,36,66.21514534028277,61.61332886377957
SOLUSDT,5,37,66.21377799553221,61.614116714061744
SOLUSDT,5,38,66.2123881787042,61.61482945280556
SOLUSDT,5,39,66.21095058823511,61.61533923164004
SOLUSDT,5,40,66.20938232017852,61.61573787625698
SOLUSDT,5,41,66.20792788979877,61.61638747086749
SOLUSDT,5,42,66.20653768875633,61.61712126146177
SOLUSDT,5,43,66.20520214445254,61.61801308498386
SOLUSDT,5,44,66.20373465376007,61.61873739113514
SOLUSDT,5,45,66.20224874460146,61.61944850867598
SOLUSDT,5,46,66.20070105435576,61.62012331342675
SOLUSDT,5,47,66.1995057066268,61.62118701578018
SOLUSDT,5,48,66.19841595532374,61.62229652659707
SOLUSDT,5,49,66.1973390737154,61.62368190712665
SOLUSDT,5,50,66.19632023827236,61.62509782931544
SOLUSDT,5,51,66.19527405510034,61.62649321026059
SOLUSDT,5,52,66.19435061206237,61.62794723400484
SOLUSDT,5,53,66.19315254206981,61.6291432223702
SOLUSDT,5,54,66.19204711839147,61.63056790457035
SOLUSDT,5,55,66.1909108205508,61.63187427077315
SOLUSDT,5,56,66.18955515115394,61.633033200660066
SOLUSDT,5,57,66.18831292330583,61.63429797643578
SOLUSDT,5,58,66.18698219806383,61.63545462303667
SOLUSDT,5,59,66.18573678332072,61.63676153945263
SOLUSDT,5,60,66.18469726880099,61.63840403729807
SOLUSDT,5,61,66.18385321816807,61.640428572858525
SOLUSDT,5,62,66.18300252866695,61.64239236421138
SOLUSDT,5,63,66.18231793596406,61.644683924765275
SOLUSDT,5,64,66.18161007892756,61.64681538406432
SOLUSDT,5,65,66.18076332687993,61.64877657199819
SOLUSDT,5,66,66.17996015785535,61.6507717288057
SOLUSDT,5,67,66.179193810871,61.65274510781594
SOLUSDT,5,68,66.17833516306759,61.65446302036658
SOLUSDT,5,69,66.17734384512268,61.6559960384549
SOLUSDT,5,70,66.17625936857762,61.657464075507946
SOLUSDT,5,71,66.17521077289632,61.659155951457116
SOLUSDT,5,72,66.1739106329112,61.660411101513816
SOLUSDT,5,73,66.17264711839147,61.66174066633418
SOLUSDT,5,74,66.17141144601618,61.66314798972621
SOLUSDT,5,75,66.1702322710348,61.664633771553824
SOLUSDT,5,76,66.16903037974666,61.666214933569826
SOLUSDT,5,77,66.1677519017124,61.6678869684819
SOLUSDT,5,78,66.1664066656737,61.669428848661205
SOLUSDT,5,79,66.165187708116,61.67105113892352
SOLUSDT,5,80,66.16408996574815,61.672794570932076
SOLUSDT,5,81,66.16295496947116,61.67455344096584
SOLUSDT,5,82,66.16183493968708,61.67649304417012
SOLUSDT,5,83,66.1608072107221,61.67852732694606
SOLUSDT,5,84,66.15990867907652,61.680661593971536
SOLUSDT,5,85,66.1591253611316,61.68278134709394
SOLUSDT,5,86,66.15819241101991,61.68474773408459
SOLUSDT,5,87,66.15729206552476,61.68666315985214
SOLUSDT,5,88,66.15631316157837,61.68861213606412
SOLUSDT,5,89,66.15517502606087,61.69033790525932
SOLUSDT,5,90,66.15401164556943,61.692060276204565
SOLUSDT,5,91,66.15277464184643,61.69372554352699
SOLUSDT,5,92,66.15127146984345,61.69490106441329
SOLUSDT,5,93,66.14973871332818,61.696125444468095
SOLUSDT,5,94,66.14828996872654,61.697375602226934
SOLUSDT,5,95,66.1466470409529,61.698290183462646
SOLUSDT,5,96,66.14494034251658,61.69914754601236
SOLUSDT,5,97,66.1433861265821,61.70039359980222
SOLUSDT,5,98,66.14169529411747,61.70160133699986
SOLUSDT,5,99,66.13985606850316,61.70265037289626
SOLUSDT,5,100,66.13795610424404,61.70360162174251
SOLUSDT,5,101,66.13600114370793,61.70447125641425
SOLUSDT,5,102,66.13412287416214,61.70550861446764
SOLUSDT,5,103,66.13211702457168,61.70632957254125
SOLUSDT,5,104,66.1299809471331,61.707015016763954
SOLUSDT,5,105,66.12800528964985,61.70789852884073
SOLUSDT,5,106,66.12592947431105,61.708632042546014
SOLUSDT,5,107,66.12393977066249,61.709521402815625
SOLUSDT,5,108,66.12200173641082,61.710512988541716
SOLUSDT,5,109,66.12001846612043,61.71151297881438
SOLUSDT,5,110,66.11780418466098,61.71244353688313
SOLUSDT,5,111,66.11574432762451,61.71362583921733
SOLUSDT,5,112,66.11358986448228,61.714648795359594
SOLUSDT,5,113,66.11136621295584,61.71553020943325
SOLUSDT,5,114,66.10902431868926,61.716271290771864
SOLUSDT,5,115,66.10663584214423,61.716911186335196
SOLUSDT,5,116,66.10432748473542,61.71766441338437
SOLUSDT,5,117,66.10197620848822,61.7184314067447
SOLUSDT,5,118,66.0994051169022,61.71898058186546
SOLUSDT,5,119,66.09662609381957,61.71914337399745
SOLUSDT,5,120,66.09391578257608,61.719346770292255
SOLUSDT,5,121,66.09111501712559,61.719506049898726
SOLUSDT,5,122,66.08842677885308,61.71998310131078
SOLUSDT,5,123,66.08581914817549,61.72064011350713
SOLUSDT,5,124,66.08302832464607,61.720962242212
SOLUSDT,5,125,66.08012900372276,61.7211057970235
SOLUSDT,5,126,66.07707048399082,61.72102801758389
SOLUSDT,5,127,66.07416869694688,61.721247541544315
SOLUSDT,5,128,66.07121797468331,61.721425854252615
SOLUSDT,5,129,66.06815187490668,61.72141453177866
SOLUSDT,5,130,66.0651519791509,61.72148092020426
SOLUSDT,5,131,66.06218342516728,61.721513256925526
SOLUSDT,5,132,66.05914024422908,61.721295600544266
SOLUSDT,5,133,66.05636260610548,61.72135177005921
SOLUSDT,5,134,66.05384154877116,61.72177763939707
SOLUSDT,5,135,66.05119581236013,61.72197337465569
SOLUSDT,5,136,66.04851453462373,61.72205457713296
SOLUSDT,5,137,66.04589150856268,61.722209485485585
SOLUSDT,5,138,66.04342870886053,61.72255775365704
SOLUSDT,5,139,66.0409523306029,61.722918622461215
SOLUSDT,5,140,66.03855158302285,61.72336201569791
SOLUSDT,5,141,66.03616433358131,61.72378824886883
SOLUSDT,5,142,66.03362382427379,61.72398190666355
SOLUSDT,5,143,66.03098872375256,61.724124859083425
SOLUSDT,5,144,66.02836810126558,61.724310956840185
SOLUSDT,5,145,66.02564103648524,61.72448169235144
SOLUSDT,5,146,66.02306064929239,61.72481328351843
SOLUSDT,5,147,66.02060524497371,61.72532063069396
SOLUSDT,5,148,66.01817172896477,61.72578829461132
SOLUSDT,5,149,66.0157161518985,61.72619566517236
SOLUSDT,5,150,66.01306148920305,61.72632268003787
SOLUSDT,5,151,66.01061077885308,61.72664081652777
SOLUSDT,5,152,66.00822939091562,61.72709449877283
SOLUSDT,5,153,66.00583546984339,61.72753114954075
SOLUSDT,5,154,66.00328968279948,61.72796221493123
SOLUSDT,5,155,66.00071675949344,61.728389575491676
SOLUSDT,5,156,65.99803811764681,61.72860064029864
SOLUSDT,5,157,65.99521410275479,61.72858850675201
SOLUSDT,5,158,65.99234394638844,61.72837372202422
SOLUSDT,5,159,65.98927568131026,61.7278877603655
SOLUSDT,5,160,65.98610700521198,61.72720564095486
SOLUSDT,5,161,65.98290825912115,61.72655183131508
SOLUSDT,5,162,65.9797211109454,61.72607071925624
SOLUSDT,5,163,65.97666353536833,61.72574171861776
SOLUSDT,5,164,65.97342049143684,61.72540313030923
SOLUSDT,5,165,65.97025467163041,61.72512102237964
SOLUSDT,5,166,65.96709376917325,61.72486046616976
SOLUSDT,5,167,65.96396201638098,61.724651685581016
XRPUSDT,1,0,0.5278592112091328,0.40374255008440696
XRPUSDT,1,1,0.5277055855388335,0.4037774887524117
XRPUSDT,1,2,0.5275562757308419,0.4038194290074741
XRPUSDT,1,3,0.5274072271233344,0.4038665406301382
XRPUSDT,1,4,0.5272438989794147,0.4038796531067819
XRPUSDT,1,5,0.5271091696938239,0.40395440085978296
XRPUSDT,1,6,0.5269774917834279,0.4040403279051638
XRPUSDT,1,7,0.5268525998962111,0.4041335159429718
XRPUSDT,1,8,0.526737502162255,0.4042465211150439
XRPUSDT,1,9,0.5266209012281606,0.4043665902189252
XRPUSDT,1,10,0.5264905967825629,0.4044549268645135
XRPUSDT,1,11,0.5263543677564428,0.4045281966110452
XRPUSDT,1,12,0.5262212817851577,0.4046025543406343
XRPUSDT,1,13,0.5260854194775985,0.40467483481736166
XRPUSDT,1,14,0.5259592302369827,0.40475920992175224
XRPUSDT,1,15,0.5258425445424662,0.4048658355863401
XRPUSDT,1,16,0.5257176907109491,0.40494994335372914
XRPUSDT,1,17,0.5255906348382627,0.405028349450975
XRPUSDT,1,18,0.5254687580003455,0.4051107764802438
XRPUSDT,1,19,0.525330911606988,0.40516604017997077
XRPUSDT,1,20,0.5252035564781176,0.4052431417245741
XRPUSDT,1,21,0.5250718335928037,0.4053106424298134
XRPUSDT,1,22,0.524951798996713,0.4053984347703102
XRPUSDT,1,23,0.5248159280401311,0.40545828414873686
XRPUSDT,1,24,0.524661100155682,0.40547441033579057
XRPUSDT,1,25,0.5245072305829438,0.4054911514756196
XRPUSDT,1,26,0.5243604601280052,0.40551708071971004
XRPUSDT,1,27,0.5241997682061923,0.4055162962646331
XRPUSDT,1,28,0.5240370230064,0.4055033291001104
XRPUSDT,1,29,0.523871629475869,0.4054849849466296
XRPUSDT,1,30,0.5237002784985294,0.4054536766635047
XRPUSDT,1,31,0.5235277495243034,0.40543021256565387
XRPUSDT,1,32,0.5233604895346823,0.40541359826854284
XRPUSDT,1,33,0.5231992406158101,0.4054047758586167
XRPUSDT,1,34,0.523035374502681,0.40539019387012826
XRPUSDT,1,35,0.5228730548348035,0.4053694547609846
XRPUSDT,1,36,0.5227036325895171,0.40533110270773115
XRPUSDT,1,37,0.5225278515827709,0.40527687339738766
XRPUSDT,1,38,0.522353027157931,0.4052301748087679
XRPUSDT,1,39,0.5221925514616848,0.40520382388629
XRPUSDT,1,40,0.5220226846566337,0.40514289060982206
XRPUSDT,1,41,0.5218455094274345,0.4050742757686171
XRPUSDT,1,42,0.5216761408060887,0.40501202892607324
XRPUSDT,1,43,0.5215091991005015,0.4049470671139516
XRPUSDT,1,44,0.5213433610102057,0.40488613629989767
XRPUSDT,1,45,0.5211783376578445,0.40481377795127943
XRPUSDT,1,46,0.5210113613561665,0.40474345268122813
XRPUSDT,1,47,0.5208488444905723,0.4046929852924344
XRPUSDT,1,48,0.5206906037017817,0.4046503431196523
XRPUSDT,1,49,0.5205336914028714,0.40460917413485387
XRPUSDT,1,50,0.5203835599377269,0.40457922173928007
XRPUSDT,1,51,0.5202142760768032,0.40450974063832446
XRPUSDT,1,52,0.5200301262757306,0.4044095010933084
XRPUSDT,1,53,0.5198296765265524,0.4042832702734836
XRPUSDT,1,54,0.5196320342501297,0.4041567086959289
XRPUSDT,1,55,0.5194347621518769,0.4040256626718862
XRPUSDT,1,56,0.5192361650233523,0.4038779772750389
XRPUSDT,1,57,0.5190470731707317,0.40372890128564287
XRPUSDT,1,58,0.5188352447673413,0.40356572448525396
XRPUSDT,1,59,0.518640155682408,0.4034243711271663
XRPUSDT,1,60,0.5184659903130947,0.4033133126248989
XRPUSDT,1,61,0.5183002836879432,0.4032401632650342
XRPUSDT,1,62,0.5181180747275559,0.40314050566686577
XRPUSDT,1,63,0.5179242276422765,0.4030193049618355
XRPUSDT,1,64,0.5177480055353745,0.4029301148752673
XRPUSDT,1,65,0.5175527953641239,0.40279785157863673
XRPUSDT,1,66,0.517349489707663,0.4026472419245415
XRPUSDT,1,67,0.5171434025255147,0.4024942993127634
XRPUSDT,1,68,0.5169447050683273,0.4023475865605622
XRPUSDT,1,69,0.516733238194084,0.40218176666512295
XRPUSDT,1,70,0.51654024044283,0.40203526158822456
XRPUSDT,1,71,0.516334262238367,0.4018570334377212
XRPUSDT,1,72,0.5161285037190796,0.4016899252426411
XRPUSDT,1,73,0.515925851928732,0.4015159547819071
XRPUSDT,1,74,0.5157155665109843,0.4013203176835002
XRPUSDT,1,75,0.5155084708527935,0.40111744257211757
XRPUSDT,1,76,0.5152996194430028,0.40091056958237553
XRPUSDT,1,77,0.5150911364815776,0.4006930821962746
XRPUSDT,1,78,0.514880032866286,0.40046567038133113
XRPUSDT,1,79,0.5146746341463414,0.40024105938769006
XRPUSDT,1,80,0.5144650492994293,0.40002141320908463
XRPUSDT,1,81,0.5142606884622039,0.3998114924531381
XRPUSDT,1,82,0.5140584241480712,0.39960440307165557
XRPUSDT,1,83,0.5138434025255146,0.3993927268705266
XRPUSDT,1,84,0.5136452759038228,0.39921337050194783
XRPUSDT,1,85,0.5134374433489016,0.399011987883311
XRPUSDT,1,86,0.5132289396298217,0.39881535229110165
XRPUSDT,1,87,0.5130330807818716,0.3986304090503588
XRPUSDT,1,88,0.5128592544542466,0.398472452066151
XRPUSDT,1,89,0.5126814080608891,0.39828715019237265
XRPUSDT,1,90,0.5125024632416536,0.39811125564980004
XRPUSDT,1,91,0.512322103442311,0.39792290459321383
XRPUSDT,1,92,0.5121442501297352,0.39773425228637915
XRPUSDT,1,93,0.5119577166580176,0.39753502670403146
XRPUSDT,1,94,0.5117746410655594,0.3973353669589787
XRPUSDT,1,95,0.511585422937208,0.3971212212134402
XRPUSDT,1,96,0.5114115896903649,0.3969384184347195
XRPUSDT,1,97,0.5112336741048261,0.39672891026064155
XRPUSDT,1,98,0.5110673983739837,0.3965295449609373
XRPUSDT,1,99,0.5108934803667187,0.3963014842133275
XRPUSDT,1,100,0.5107258778758001,0.39609467356707473
XRPUSDT,1,101,0.5105566649368622,0.39588695338054264
XRPUSDT,1,102,0.5104018024563226,0.3957225676701669
XRPUSDT,1,103,0.5102515153087703,0.3955709166615768
XRPUSDT,1,104,0.5100906452170908,0.39538941400230265
XRPUSDT,1,105,0.509945424667013,0.39524523410405893
XRPUSDT,1,106,0.5097769901401146,0.3950620626519723
XRPUSDT,1,107,0.5096156893271064,0.3949083473035683
XRPUSDT,1,108,0.5094610949662693,0.3947702786901506
XRPUSDT,1,109,0.5092994049472415,0.39460065699594954
XRPUSDT,1,110,0.5091168846220382,0.3944019897800094
XRPUSDT,1,111,0.5089264936862139,0.39417331764381675
XRPUSDT,1,112,0.5087504445597651,0.3939636091706032
XRPUSDT,1,113,0.5085754627227128,0.39376281657589246
XRPUSDT,1,114,0.5084035391800731,0.39355080173131934
XRPUSDT,1,115,0.5082247206365684,0.393297465298932
XRPUSDT,1,116,0.5080565507697635,0.393061656848455
XRPUSDT,1,117,0.507880622729632,0.3928180806064914
XRPUSDT,1,118,0.5076830859712858,0.39253371593416897
XRPUSDT,1,119,0.5075101902784991,0.39231701265883395
XRPUSDT,1,120,0.5073441203943959,0.3921262297395111
XRPUSDT,1,121,0.5071745199792427,0.3919492521923844
XRPUSDT,1,122,0.5070079968863523,0.39175914402986955
XRPUSDT,1,123,0.5068449645390076,0.39157509935409107
XRPUSDT,1,124,0.5066996574987032,0.39141706520513914
XRPUSDT,1,125,0.5065553952603361,0.3912749286315801
XRPUSDT,1,126,0.5063843729458576,0.3910789073178778
XRPUSDT,1,127,0.506201107074901,0.3908528901677962
XRPUSDT,1,128,0.5060327417401839,0.39066730900296676
XRPUSDT,1,129,0.5058496038747626,0.3904126036284671
XRPUSDT,1,130,0.5056658207922509,0.39016314031369204
XRPUSDT,1,131,0.5054842016952088,0.3899190820228682
XRPUSDT,1,132,0.5053306677045498,0.3897396162502658
XRPUSDT,1,133,0.5051856599204294,0.3895780603729615
XRPUSDT,1,134,0.5050247500432455,0.38938914748709147
XRPUSDT,1,135,0.5048608908493344,0.389177408563263
XRPUSDT,1,136,0.5047057706279194,0.3889943692410076
XRPUSDT,1,137,0.5045564781179731,0.3888234850911554
XRPUSDT,1,138,0.5044081179726696,0.38865730429624923
XRPUSDT,1,139,0.5042637381075944,0.3884731937750736
XRPUSDT,1,140,0.504133447500433,0.3883235619578913
XRPUSDT,1,141,0.5039926414115211,0.3881629900594884
XRPUSDT,1,142,0.5038734077149288,0.3880503659270532
XRPUSDT,1,143,0.5037573862653527,0.38793692683842906
XRPUSDT,1,144,0.5036435841549911,0.38783585734800197
XRPUSDT,1,145,0.5035314495761984,0.38773594921977433
XRPUSDT,1,146,0.5034075298391288,0.38761979331550905
XRPUSDT,1,147,0.503271854350459,0.38748190744487043
XRPUSDT,1,148,0.5031530409963679,0.38738088503382967
XRPUSDT,1,149,0.5030382442484005,0.38728365599186076
XRPUSDT,1,150,0.5029199861615643,0.3871806996719271
XRPUSDT,1,151,0.5027994360837232,0.3870698465345872
XRPUSDT,1,152,0.5026563172461518,0.3869460229112386
XRPUSDT,1,153,0.5025171285244774,0.38683156156151904
XRPUSDT,1,154,0.5023755665109847,0.386714780237522
XRPUSDT,1,155,0.5022426241134758,0.3865966704705822
XRPUSDT,1,156,0.5021228092025607,0.38648898070738086
XRPUSDT,1,157,0.5020125635703171,0.38637398641856496
XRPUSDT,1,158,0.5018947517730502,0.38626024611411736
XRPUSDT,1,159,0.5017951911434015,0.38616052970669884
XRPUSDT,1,160,0.5016956322435573,0.38607108608808705
XRPUSDT,1,161,0.5015798771838791,0.385962463588575
XRPUSDT,1,162,0.501444161909705,0.3858244135679397
XRPUSDT,1,163,0.501306206538662,0.38568072989180935
XRPUSDT,1,164,0.5011676440062283,0.38556089015220996
XRPUSDT,1,165,0.5010254194775999,0.38543699630069156
XRPUSDT,1,166,0.5008816606123517,0.38530772449913664
XRPUSDT,1,167,0.5007405794845191,0.3851834556202308
XRPUSDT,2,0,0.7127061578350349,0.35690107908424606
XRPUSDT,2,1,0.7126603945875872,0.3569845335761172
XRPUSDT,2,2,0.7126180384054448,0.35707123081761494
XRPUSDT,2,3,0.7125779517096095,0.35716245566221455
XRPUSDT,2,4,0.7125321568627452,0.35724040091263815
XRPUSDT,2,5,0.7124998225571221,0.35734372019042093
XRPUSDT,2,6,0.7124647690811864,0.35744968738054694
XRPUSDT,2,7,0.7124406562955762,0.3575633879958328
XRPUSDT,2,8,0.7124217792902283,0.3576854732768044
XRPUSDT,2,9,0.7124039888186677,0.35781303969381184
XRPUSDT,2,10,0.7123802981688542,0.3579257619184171
XRPUSDT,2,11,0.7123574623237725,0.35803460618183597
XRPUSDT,2,12,0.7123341541079241,0.3581393565082951
XRPUSDT,2,13,0.7123081113271754,0.35824195898324235
XRPUSDT,2,14,0.7122873772484201,0.3583494259145637
XRPUSDT,2,15,0.7122706165937451,0.35846566911196825
XRPUSDT,2,16,0.7122504756117325,0.3585714897142355
XRPUSDT,2,17,0.7122249359909256,0.3586713040008697
XRPUSDT,2,18,0.7121978844595692,0.3587690118024984
XRPUSDT,2,19,0.7121653864851728,0.35885862565858834
XRPUSDT,2,20,0.7121364981364448,0.35895630422025243
XRPUSDT,2,21,0.7121074760978774,0.35905059233429176
XRPUSDT,2,22,0.7120852171447091,0.3591536462422057
XRPUSDT,2,23,0.7120547463944255,0.35924522615162524
XRPUSDT,2,24,0.7120146588883487,0.3593181087409244
XRPUSDT,2,25,0.7119735294117645,0.3593899874883274
XRPUSDT,2,26,0.7119380991735536,0.3594658818396965
XRPUSDT,2,27,0.7118987246799544,0.359533604770343
XRPUSDT,2,28,0.7118585504780424,0.35959587370487944
XRPUSDT,2,29,0.7118178082968725,0.359657277793113
XRPUSDT,2,30,0.7117740730837787,0.35971152481224933
XRPUSDT,2,31,0.7117328650137736,0.3597723763806592
XRPUSDT,2,32,0.711694505752714,0.35983420154910695
XRPUSDT,2,33,0.7116591970507208,0.3598983972343742
XRPUSDT,2,34,0.711621463296062,0.3599594945783352
XRPUSDT,2,35,0.7115871682061251,0.3600204747132202
XRPUSDT,2,36,0.7115540512072595,0.36007807965596994
XRPUSDT,2,37,0.7115188551288278,0.3601294950562126
XRPUSDT,2,38,0.7114827378058656,0.3601813139931687
XRPUSDT,2,39,0.7114502058013282,0.3602368828691935
XRPUSDT,2,40,0.711410260897747,0.36027447278470653
XRPUSDT,2,41,0.7113669494409328,0.36030893127026825
XRPUSDT,2,42,0.7113260063198829,0.36034317673784927
XRPUSDT,2,43,0.7112902592772641,0.36037914079203
XRPUSDT,2,44,0.7112547131745254,0.36041684027805215
XRPUSDT,2,45,0.7112180173391663,0.36044724747721857
XRPUSDT,2,46,0.7111834613514818,0.360480872906276
XRPUSDT,2,47,0.7111537084751246,0.36052645585847803
XRPUSDT,2,48,0.7111294749635382,0.3605777754542449
XRPUSDT,2,49,0.7111032304326679,0.36062681292534077
XRPUSDT,2,50,0.7110780230108561,0.3606782756108041
XRPUSDT,2,51,0.7110448006806016,0.360714621544717
XRPUSDT,2,52,0.7110037157672974,0.3607374499891121
XRPUSDT,2,53,0.7109525976340937,0.3607486759545232
XRPUSDT,2,54,0.7109054845243868,0.36076161707290666
XRPUSDT,2,55,0.7108615751093813,0.360775722809082
XRPUSDT,2,56,0.7108162834224585,0.3607805457697696
XRPUSDT,2,57,0.7107775992545764,0.36078441940014017
XRPUSDT,2,58,0.7107326405768905,0.36079058941755937
XRPUSDT,2,59,0.7106965273051354,0.36080470608610377
XRPUSDT,2,60,0.7106721349862244,0.36083105526972475
XRPUSDT,2,61,0.7106538680926903,0.3608764150485858
XRPUSDT,2,62,0.7106288599902759,0.3609138461438934
XRPUSDT,2,63,0.7106014876033045,0.3609454249083449
XRPUSDT,2,64,0.7105843396532153,0.3609907458167526
XRPUSDT,2,65,0.7105560695187152,0.36101666769682594
XRPUSDT,2,66,0.7105246961594539,0.3610360667457849
XRPUSDT,2,67,0.7104938591800342,0.3610557660828493
XRPUSDT,2,68,0.7104645956895139,0.36107657302042856
XRPUSDT,2,69,0.7104280465078576,0.3610899844188111
XRPUSDT,2,70,0.7103940876681235,0.3611024227760289
XRPUSDT,2,71,0.710350872630042,0.36109821237196443
XRPUSDT,2,72,0.7103075822395056,0.3611006081754353
XRPUSDT,2,73,0.7102672216820595,0.36110062741307847
XRPUSDT,2,74,0.7102251652892545,0.3610932109655536
XRPUSDT,2,75,0.7101851620482886,0.3610817547823336
XRPUSDT,2,76,0.7101457948468625,0.3610681545273954
XRPUSDT,2,77,0.7101076292335098,0.36104775506431497
XRPUSDT,2,78,0.7100711124615116,0.36102613251579385
XRPUSDT,2,79,0.7100368708475104,0.3610054147360341
XRPUSDT,2,80,0.7100007413709264,0.3609879326484943
XRPUSDT,2,81,0.709966240479661,0.36097250662088676
XRPUSDT,2,82,0.7099364811213722,0.36096342474598386
XRPUSDT,2,83,0.7099058669583517,0.36096042008106705
XRPUSDT,2,84,0.7098796580781053,0.3609676461946409
XRPUSDT,2,85,0.7098491216982639,0.3609666641563401
XRPUSDT,2,86,0.7098178658240133,0.36096773905283075
XRPUSDT,2,87,0.7097859455517722,0.3609658485243908
XRPUSDT,2,88,0.7097616958353566,0.36097274762409715
XRPUSDT,2,89,0.7097366650461817,0.3609696579284475
XRPUSDT,2,90,0.7097120758385977,0.3609730589185711
XRPUSDT,2,91,0.709686337708635,0.36097036271134486
XRPUSDT,2,92,0.7096599424728547,0.360964804860265
XRPUSDT,2,93,0.7096333787068524,0.36095814563438744
XRPUSDT,2,94,0.7096066196726601,0.3609502181714089
XRPUSDT,2,95,0.7095743258791097,0.3609342859028271
XRPUSDT,2,96,0.709548039215684,0.36093096869513713
XRPUSDT,2,97,0.7095188356830313,0.36091317544512347
XRPUSDT,2,98,0.7094946062226521,0.36089688575282663
XRPUSDT,2,99,0.7094697382920088,0.3608709992683689
XRPUSDT,2,100,0.7094474720466677,0.36085483424264053
XRPUSDT,2,101,0.7094217614649143,0.36083592577554546
XRPUSDT,2,102,0.7094025700858835,0.3608349819581268
XRPUSDT,2,103,0.7093849465240621,0.3608396737906473
XRPUSDT,2,104,0.7093642699724498,0.3608330183335994
XRPUSDT,2,105,0.7093519607843117,0.3608429733014781
XRPUSDT,2,106,0.7093294101442211,0.3608382282254957
XRPUSDT,2,107,0.7093095446443022,0.36084616105706574
XRPUSDT,2,108,0.7092907624372046,0.36085658215396016
XRPUSDT,2,109,0.7092674736671511,0.3608514144481615
XRPUSDT,2,110,0.709234549505751,0.360838382174692
XRPUSDT,2,111,0.7091981088964496,0.36081133461375836
XRPUSDT,2,112,0.7091684994328294,0.36079166432653853
XRPUSDT,2,113,0.7091375425376746,0.36077428611835266
XRPUSDT,2,114,0.7091087878787861,0.3607521142618194
XRPUSDT,2,115,0.7090768035974703,0.36071154413044276
XRPUSDT,2,116,0.7090502365905023,0.3606800160151529
XRPUSDT,2,117,0.709018520499107,0.3606423410014999
XRPUSDT,2,118,0.7089744304002575,0.36058539755236596
XRPUSDT,2,119,0.7089427329444156,0.3605606753730464
XRPUSDT,2,120,0.7089158531842471,0.3605493948782277
XRPUSDT,2,121,0.7088853508345467,0.36054486534461794
XRPUSDT,2,122,0.7088579833090242,0.3605326124059699
XRPUSDT,2,123,0.708835516123803,0.36052644908075904
XRPUSDT,2,124,0.708818620969047,0.3605266850274482
XRPUSDT,2,125,0.70880293631502,0.36053319965122965
XRPUSDT,2,126,0.7087718975854786,0.3605163266122061
XRPUSDT,2,127,0.7087387781558886,0.3604903814267644
XRPUSDT,2,128,0.7087091865175803,0.36047575281257854
XRPUSDT,2,129,0.7086686080051836,0.36042422807035207
XRPUSDT,2,130,0.7086317298654978,0.36037984846747934
XRPUSDT,2,131,0.7085967079889788,0.36033788749486695
XRPUSDT,2,132,0.7085732045049405,0.36031917734428237
XRPUSDT,2,133,0.7085575514503301,0.360310832431608
XRPUSDT,2,134,0.7085364997569256,0.3602922104766132
XRPUSDT,2,135,0.7085130781072737,0.3602631640826063
XRPUSDT,2,136,0.7084902252471214,0.36024078458411674
XRPUSDT,2,137,0.708468295251983,0.3602213248500255
XRPUSDT,2,138,0.7084503346297176,0.36020699286229324
XRPUSDT,2,139,0.7084312566844901,0.36017943152129955
XRPUSDT,2,140,0.708422075838598,0.3601680819688641
XRPUSDT,2,141,0.7084078804083598,0.36015570727785395
XRPUSDT,2,142,0.7084001353103206,0.3601604523294106
XRPUSDT,2,143,0.7083914641063019,0.36016180329863695
XRPUSDT,2,144,0.708377893372223,0.3601628760539151
XRPUSDT,2,145,0.7083644231080843,0.3601625244765983
XRPUSDT,2,146,0.7083491030627108,0.36015943643419657
XRPUSDT,2,147,0.708330196888671,0.3601498106050752
XRPUSDT,2,148,0.7083185488575576,0.3601537475872079
XRPUSDT,2,149,0.7083098841354707,0.36015910021012193
XRPUSDT,2,150,0.7083006514341256,0.360163412645414
XRPUSDT,2,151,0.7082897779938403,0.36016337073239607
XRPUSDT,2,152,0.7082690382433947,0.3601628137585077
XRPUSDT,2,153,0.7082477410468302,0.36016378020289536
XRPUSDT,2,154,0.7082188664722069,0.36016016289674346
XRPUSDT,2,155,0.7081983398152631,0.36015578825037264
XRPUSDT,2,156,0.7081824064171105,0.36015246899691966
XRPUSDT,2,157,0.708170485334628,0.360142868225702
XRPUSDT,2,158,0.7081551336898378,0.36013530015968886
XRPUSDT,2,159,0.7081493112947643,0.360130851827179
XRPUSDT,2,160,0.7081457178739249,0.3601329826690747
XRPUSDT,2,161,0.7081392537676212,0.360132989620318
XRPUSDT,2,162,0.7081248176956717,0.3601247091582867
XRPUSDT,2,163,0.7081121601037091,0.3601157744687741
XRPUSDT,2,164,0.7080946078431355,0.36011628704187243
XRPUSDT,2,165,0.7080746434937595,0.3601153389295938
XRPUSDT,2,166,0.7080563668773278,0.3601138724026262
XRPUSDT,2,167,0.708037278398961,0.36011229931521693
XRPUSDT,3,0,0.6103937846438077,0.3242242270024716
XRPUSDT,3,1,0.6103893240607652,0.3242746947180417
XRPUSDT,3,2,0.6103867804352262,0.32432811872513984
XRPUSDT,3,3,0.6103855717511778,0.32438511945956944
XRPUSDT,3,4,0.6103809577088868,0.3244317894263899
XRPUSDT,3,5,0.6103845724697161,0.32449887850659703
XRPUSDT,3,6,0.6103870498870843,0.3245676218680012
XRPUSDT,3,7,0.6103963600903278,0.32464361976943956
XRPUSDT,3,8,0.6104089458016807,0.32472662905242844
XRPUSDT,3,9,0.6104220965920728,0.3248134161138396
XRPUSDT,3,10,0.610431345719562,0.3248886187924158
XRPUSDT,3,11,0.6104412594949676,0.3249610892972574
XRPUSDT,3,12,0.610450463457193,0.32503060596808153
XRPUSDT,3,13,0.610457724799833,0.3250978414259572
XRPUSDT,3,14,0.6104685952576446,0.32516934223721483
XRPUSDT,3,15,0.6104814437487142,0.3252477264001228
XRPUSDT,3,16,0.6104919918907795,0.325317834365283
XRPUSDT,3,17,0.6104991562307508,0.325382604285831
XRPUSDT,3,18,0.6105054809074086,0.3254456303061902
XRPUSDT,3,19,0.6105084325600466,0.3255019598852455
XRPUSDT,3,20,0.6105133935536824,0.3255644628361397
XRPUSDT,3,21,0.6105181774789544,0.32562433745952585
XRPUSDT,3,22,0.6105274199343023,0.3256916053921091
XRPUSDT,3,23,0.6105313323752795,0.32574904989621284
XRPUSDT,3,24,0.6105294764935303,0.32579184215453694
XRPUSDT,3,25,0.6105269605830396,0.3258337570449908
XRPUSDT,3,26,0.6105279932252076,0.325879537559759
XRPUSDT,3,27,0.6105264247587736,0.3259190257738427
XRPUSDT,3,28,0.610524308663516,0.3259547671436338
XRPUSDT,3,29,0.6105217404023786,0.3259897699692899
XRPUSDT,3,30,0.6105169528844151,0.32601925380909574
XRPUSDT,3,31,0.6105140330527582,0.3260535467622239
XRPUSDT,3,32,0.610513200061586,0.32608897389583313
XRPUSDT,3,33,0.6105145611783999,0.32612665746459646
XRPUSDT,3,34,0.6105140063641934,0.32616187358969106
XRPUSDT,3,35,0.6105152088893422,0.3261982034645254
XRPUSDT,3,36,0.6105168445904303,0.32623210962504917
XRPUSDT,3,37,0.6105171684459014,0.3262611987721644
XRPUSDT,3,38,0.6105169857318796,0.32629032157224347
XRPUSDT,3,39,0.6105191254362524,0.3263227811070766
XRPUSDT,3,40,0.6105164668445875,0.32634113766827166
XRPUSDT,3,41,0.6105118194415902,0.3263566284373968
XRPUSDT,3,42,0.6105085695955627,0.3263725366656849
XRPUSDT,3,43,0.6105087548757926,0.3263906467488853
XRPUSDT,3,44,0.610508964791621,0.32640997933924487
XRPUSDT,3,45,0.6105083899609907,0.3264238831416442
XRPUSDT,3,46,0.610509016629026,0.326440392253281
XRPUSDT,3,47,0.6105126652638032,0.3264663732037667
XRPUSDT,3,48,0.6105201283104055,0.32649739803521494
XRPUSDT,3,49,0.6105263174912717,0.3265265139090735
XRPUSDT,3,50,0.610533286799422,0.32655758088557546
XRPUSDT,3,51,0.6105349738246734,0.3265765191507495
XRPUSDT,3,52,0.6105316649558579,0.3265846203315885
XRPUSDT,3,53,0.6105215643604976,0.32658258527775247
XRPUSDT,3,54,0.6105140571751148,0.32658246358991894
XRPUSDT,3,55,0.610508589611986,0.3265837575252447
XRPUSDT,3,56,0.6105023491069561,0.3265781254930166
XRPUSDT,3,57,0.6105002478957059,0.3265730533280149
XRPUSDT,3,58,0.6104942645247349,0.32656833558246107
XRPUSDT,3,59,0.6104937097105284,0.32657084302845296
XRPUSDT,3,60,0.6105006256415486,0.32658423558810734
XRPUSDT,3,61,0.6105114216793233,0.3266121250317405
XRPUSDT,3,62,0.6105181682406043,0.32663330374363353
XRPUSDT,3,63,0.6105235044138748,0.3266498631138869
XRPUSDT,3,64,0.6105351170190891,0.32667803312802535
XRPUSDT,3,65,0.6105396125025627,0.32669059960431945
XRPUSDT,3,66,0.6105420601519159,0.3266978780424928
XRPUSDT,3,67,0.6105450272018031,0.32670538525229054
XRPUSDT,3,68,0.610549309176757,0.3267142361376325
XRPUSDT,3,69,0.6105493969410762,0.32671660671037367
XRPUSDT,3,70,0.6105514334838807,0.326718909305722
XRPUSDT,3,71,0.6105476170190891,0.3267076662346755
XRPUSDT,3,72,0.6105437733524908,0.32670093609555
XRPUSDT,3,73,0.6105414365633304,0.3266931764275983
XRPUSDT,3,74,0.6105379434407683,0.32667988554025457
XRPUSDT,3,75,0.6105355558406861,0.3266641514557385
XRPUSDT,3,76,0.6105337045781116,0.326647197144412
XRPUSDT,3,77,0.6105326298501298,0.32662592529053386
XRPUSDT,3,78,0.6105324404639667,0.32660413250476195
XRPUSDT,3,79,0.6105339745432112,0.32658345839110337
XRPUSDT,3,80,0.6105342101211213,0.3265645227028679
XRPUSDT,3,81,0.6105357082734515,0.3265473635029896
XRPUSDT,3,82,0.6105402407103226,0.3265354843950526
XRPUSDT,3,83,0.6105441598234412,0.3265275896374065
XRPUSDT,3,84,0.6105510593307293,0.326527836326877
XRPUSDT,3,85,0.6105552638061962,0.3265215429477324
XRPUSDT,3,86,0.6105592486142437,0.32651670153943585
XRPUSDT,3,87,0.6105626842537428,0.32650963695068835
XRPUSDT,3,88,0.6105709479572945,0.32651016167640196
XRPUSDT,3,89,0.6105788400739031,0.32650350013205015
XRPUSDT,3,90,0.6105862163826693,0.32650157533009483
XRPUSDT,3,91,0.6105930137548721,0.3264955772617853
XRPUSDT,3,92,0.6105989227058061,0.326487508940158
XRPUSDT,3,93,0.6106045350030757,0.32647843459400594
XRPUSDT,3,94,0.6106095770888896,0.32646835110653666
XRPUSDT,3,95,0.610611523814408,0.3264511444387365
XRPUSDT,3,96,0.6106176965715421,0.3264438815885148
XRPUSDT,3,97,0.610622350133439,0.3264259655598802
XRPUSDT,3,98,0.6106302776637204,0.32640995195488315
XRPUSDT,3,99,0.6106377494354305,0.32638713785189694
XRPUSDT,3,100,0.610646720385954,0.3263715289175384
XRPUSDT,3,101,0.610653453089711,0.32635340577640487
XRPUSDT,3,102,0.6106643615274034,0.3263490408066372
XRPUSDT,3,103,0.6106761142475842,0.32634888520948646
XRPUSDT,3,104,0.6106858868815402,0.32634016605918137
XRPUSDT,3,105,0.6107009289673542,0.3263446486521425
XRPUSDT,3,106,0.610709535003076,0.3263370634526961
XRPUSDT,3,107,0.6107201447341374,0.32633889110424114
XRPUSDT,3,108,0.6107316510983337,0.32634251586781043
XRPUSDT,3,109,0.6107402258263157,0.3263342281268811
XRPUSDT,3,110,0.6107423326832239,0.3263185899227261
XRPUSDT,3,111,0.6107421607472765,0.3262924505939234
XRPUSDT,3,112,0.6107461465818075,0.32627267263176785
XRPUSDT,3,113,0.6107494226031582,0.3262541436367922
XRPUSDT,3,114,0.6107539139806987,0.3262330128333016
XRPUSDT,3,115,0.6107569703346302,0.326198751510468
XRPUSDT,3,116,0.6107632785875557,0.32617183248390785
XRPUSDT,3,117,0.6107661250256587,0.3261395221624258
XRPUSDT,3,118,0.6107605738041436,0.3260910611157746
XRPUSDT,3,119,0.6107630727776604,0.3260674478464379
XRPUSDT,3,120,0.6107683206733697,0.3260541562096993
XRPUSDT,3,121,0.6107714791623863,0.3260450186634908
XRPUSDT,3,122,0.6107761563333983,0.3260311507354615
XRPUSDT,3,123,0.6107839324573975,0.32602243925449176
XRPUSDT,3,124,0.6107953561896907,0.32601913929894066
XRPUSDT,3,125,0.6108077571340552,0.3260207021535938
XRPUSDT,3,126,0.6108104218846199,0.3260029045370396
XRPUSDT,3,127,0.6108117275713372,0.3259783779359961
XRPUSDT,3,128,0.6108153962225381,0.325962427078093
XRPUSDT,3,129,0.6108121874358413,0.3259187071487952
XRPUSDT,3,130,0.6108115125230924,0.32588089067249454
XRPUSDT,3,131,0.6108124702319818,0.32584526760679117
XRPUSDT,3,132,0.6108202776637207,0.3258280201979263
XRPUSDT,3,133,0.6108332016013105,0.32581962598417213
XRPUSDT,3,134,0.6108429162389619,0.3258030216914062
XRPUSDT,3,135,0.6108508165674366,0.3257783978073372
XRPUSDT,3,136,0.6108588564976357,0.3257583056481519
XRPUSDT,3,137,0.6108666136316945,0.3257410123258881
XRPUSDT,3,138,0.6108773778484878,0.32572816446412345
XRPUSDT,3,139,0.6108874753643984,0.3257060772452377
XRPUSDT,3,140,0.6109040063641931,0.3256969896464401
XRPUSDT,3,141,0.610917812564152,0.32568645461559553
XRPUSDT,3,142,0.6109356841510951,0.32568916144472787
XRPUSDT,3,143,0.6109528459248582,0.32568937241229345
XRPUSDT,3,144,0.6109670940258641,0.3256885968377222
XRPUSDT,3,145,0.6109819138780506,0.3256865320684318
XRPUSDT,3,146,0.6109958237528196,0.325681820102713
XRPUSDT,3,147,0.6110076005953571,0.3256717967221703
XRPUSDT,3,148,0.6110239801888697,0.3256726953644326
XRPUSDT,3,149,0.6110423316567408,0.3256747993704277
XRPUSDT,3,150,0.6110608314514441,0.325676271856149
XRPUSDT,3,151,0.6110786050092352,0.32567447253077025
XRPUSDT,3,152,0.6110900313077364,0.3256702985052362
XRPUSDT,3,153,0.6111009710531685,0.325666838455068
XRPUSDT,3,154,0.6111068594744372,0.32565873385712163
XRPUSDT,3,155,0.6111176611578698,0.3256512725176722
XRPUSDT,3,156,0.6111315058509513,0.3256454224303262
XRPUSDT,3,157,0.6111477638061966,0.3256359425153608
XRPUSDT,3,158,0.6111620180661023,0.3256275260101885
XRPUSDT,3,159,0.6111820468076339,0.325623054675309
XRPUSDT,3,160,0.6112038724081266,0.32562392947277996
XRPUSDT,3,161,0.6112230892013928,0.3256220558849784
XRPUSDT,3,162,0.6112372818723022,0.3256130044942341
XRPUSDT,3,163,0.6112515181687506,0.3256031536142055
XRPUSDT,3,164,0.611262956785051,0.3255991521715406
XRPUSDT,3,165,0.6112726775816022,0.32559367869376454
XRPUSDT,3,166,0.611283328885236,0.32558812228721906
XRPUSDT,3,167,0.6112937225415692,0.3255822431824385
XRPUSDT,4,0,0.582159319789654,0.2865538033662831
XRPUSDT,4,1,0.5821493772935318,0.2865966948766999
XRPUSDT,4,2,0.5821411466727169,0.28664199570584037
XRPUSDT,4,3,0.582133828169331,0.28669031812112034
XRPUSDT,4,4,0.5821242303181601,0.28672978246289466
XRPUSDT,4,5,0.5821204331706551,0.28678690760375664
XRPUSDT,4,6,0.5821162440888257,0.28684501312734895
XRPUSDT,4,7,0.5821174773956769,0.2869096130604549
XRPUSDT,4,8,0.5821213785798028,0.2869801756475088
XRPUSDT,4,9,0.5821257189876263,0.287053989446897
XRPUSDT,4,10,0.5821268580940463,0.2871178529291094
XRPUSDT,4,11,0.5821285136004211,0.28717948643822083
XRPUSDT,4,12,0.5821296231982722,0.2872386318563085
XRPUSDT,4,13,0.5821287863655252,0.2872956819120654
XRPUSDT,4,14,0.5821303979873617,0.28735668073277887
XRPUSDT,4,15,0.582133808118637,0.28742342148628053
XRPUSDT,4,16,0.5821355453410484,0.2874832482763552
XRPUSDT,4,17,0.5821348602126105,0.28753814158319013
XRPUSDT,4,18,0.5821328070971866,0.2875920006906808
XRPUSDT,4,19,0.5821282222978826,0.2876401151969633
XRPUSDT,4,20,0.5821250959028461,0.28769353918715557
XRPUSDT,4,21,0.5821216687473965,0.2877448034355333
XRPUSDT,4,22,0.5821210778193897,0.287802815263119
XRPUSDT,4,23,0.5821168872243002,0.2878522096399473
XRPUSDT,4,24,0.5821084333976442,0.28788887313431144
XRPUSDT,4,25,0.5820994779253179,0.287924762613076
XRPUSDT,4,26,0.5820932402678443,0.2879642636863455
XRPUSDT,4,27,0.5820853387810664,0.2879981938960159
XRPUSDT,4,28,0.5820761635077338,0.28802900932717257
XRPUSDT,4,29,0.5820664582151073,0.2880591898203708
XRPUSDT,4,30,0.5820553062459777,0.28808458432889483
XRPUSDT,4,31,0.5820448726970048,0.28811440732758337
XRPUSDT,4,32,0.5820356331101247,0.288145484438719
XRPUSDT,4,33,0.5820284193999897,0.28817854118965963
XRPUSDT,4,34,0.5820201944538996,0.288209258904899
XRPUSDT,4,35,0.5820143014413773,0.288240621372936
XRPUSDT,4,36,0.5820079710967323,0.2882701965707458
XRPUSDT,4,37,0.5820006170317378,0.2882958148209715
XRPUSDT,4,38,0.5819933662467341,0.2883213163902695
XRPUSDT,4,39,0.5819877138425423,0.28834994827372074
XRPUSDT,4,40,0.5819776052661416,0.28836661380214407
XRPUSDT,4,41,0.5819664922634556,0.28838054835049454
XRPUSDT,4,42,0.5819574989596309,0.28839450652406284
XRPUSDT,4,43,0.5819507501986124,0.2884106155927474
XRPUSDT,4,44,0.581944227669955,0.2884274402462006
XRPUSDT,4,45,0.5819371039987864,0.2884394961670755
XRPUSDT,4,46,0.5819312404948329,0.2884537216076515
XRPUSDT,4,47,0.5819277785344046,0.28847585145771415
XRPUSDT,4,48,0.5819283463851972,0.28850203306079064
XRPUSDT,4,49,0.5819280849695425,0.28852634669688854
XRPUSDT,4,50,0.5819291854878339,0.28855228098151703
XRPUSDT,4,51,0.5819266647750885,0.2885676477611556
XRPUSDT,4,52,0.5819209003896612,0.2885735508718028
XRPUSDT,4,53,0.5819099103393452,0.2885703882668557
XRPUSDT,4,54,0.5819004384670644,0.28856901967259635
XRPUSDT,4,55,0.5818919857753533,0.28856911424613096
XRPUSDT,4,56,0.5818830011727731,0.28856351843424377
XRPUSDT,4,57,0.5818772757537892,0.2885587580555212
XRPUSDT,4,58,0.58186865092876,0.2885540538578701
XRPUSDT,4,59,0.5818639253962815,0.2885558169716427
XRPUSDT,4,60,0.5818645855559305,0.2885671690391792
XRPUSDT,4,61,0.5818680717285178,0.2885907259557014
XRPUSDT,4,62,0.5818682287292367,0.2886085441691151
XRPUSDT,4,63,0.5818671493965843,0.2886223091157813
XRPUSDT,4,64,0.5818712299020131,0.2886461509615496
XRPUSDT,4,65,0.5818699697347979,0.2886563471985673
XRPUSDT,4,66,0.5818668785230549,0.288662057895251
XRPUSDT,4,67,0.5818643139257712,0.2886680098678131
XRPUSDT,4,68,0.5818620111224573,0.28867538639197693
XRPUSDT,4,69,0.5818563329928463,0.2886772476044373
XRPUSDT,4,70,0.5818518719025426,0.28867932699359045
XRPUSDT,4,71,0.5818432856656418,0.28866964870764106
XRPUSDT,4,72,0.5818347096432456,0.2886639946547672
XRPUSDT,4,73,0.5818275999697313,0.288657499167613
XRPUSDT,4,74,0.5818194487950633,0.28864622535364143
XRPUSDT,4,75,0.581811454242799,0.28863300140658893
XRPUSDT,4,76,0.5818034653652596,0.28861886316421576
XRPUSDT,4,77,0.5817963855786293,0.28860108660053957
XRPUSDT,4,78,0.5817902005069386,0.2885828670636843
XRPUSDT,4,79,0.5817854522755611,0.2885657663408061
XRPUSDT,4,80,0.5817796220633265,0.2885500312519778
XRPUSDT,4,81,0.581774416070817,0.28853586423231964
XRPUSDT,4,82,0.5817704479249388,0.28852662867646256
XRPUSDT,4,83,0.5817661752354976,0.2885206835398615
XRPUSDT,4,84,0.5817641334695233,0.2885216671699201
XRPUSDT,4,85,0.5817597722543755,0.28851702564684467
XRPUSDT,4,86,0.5817553701812092,0.2885136811909345
XRPUSDT,4,87,0.581750820565199,0.2885084797656255
XRPUSDT,4,88,0.5817496708659594,0.288509818360328
XRPUSDT,4,89,0.581747910566334,0.2885054385555045
XRPUSDT,4,90,0.5817461786403324,0.2885048716351019
XRPUSDT,4,91,0.5817444323383614,0.28850070029840547
XRPUSDT,4,92,0.5817416566413159,0.2884947848347758
XRPUSDT,4,93,0.5817388287368026,0.28848805350865364
XRPUSDT,4,94,0.5817352665229033,0.28848028062461306
XRPUSDT,4,95,0.5817294718722773,0.28846663057316024
XRPUSDT,4,96,0.5817260848182161,0.2884610959176809
XRPUSDT,4,97,0.5817210634434195,0.28844641335104604
XRPUSDT,4,98,0.5817187769076497,0.2884338273752861
XRPUSDT,4,99,0.5817161279461244,0.2884154248283069
XRPUSDT,4,100,0.5817142662580829,0.28840296857328157
XRPUSDT,4,101,0.5817108039193397,0.28838814489408765
XRPUSDT,4,102,0.5817098142473387,0.2883852395561073
XRPUSDT,4,103,0.581709303143794,0.2883861092937087
XRPUSDT,4,104,0.5817076011046761,0.2883796127190631
XRPUSDT,4,105,0.5817098248401583,0.28838433106605355
XRPUSDT,4,106,0.5817074217833734,0.28837852211285725
XRPUSDT,4,107,0.5817063859569443,0.28838082110576696
XRPUSDT,4,108,0.5817057424431548,0.28838500017515856
XRPUSDT,4,109,0.5817031271516632,0.28837894466601915
XRPUSDT,4,110,0.5816960848182162,0.2883662721064595
XRPUSDT,4,111,0.5816873362841869,0.28834467691360627
XRPUSDT,4,112,0.5816813838762119,0.28832880681012923
XRPUSDT,4,113,0.5816746774864717,0.2883140429008652
XRPUSDT,4,114,0.5816691468997052,0.2882969520575654
XRPUSDT,4,115,0.5816624563991944,0.2882687600031035
XRPUSDT,4,116,0.581658344493622,0.28824691757179927
XRPUSDT,4,117,0.5816515370937808,0.28822030149654493
XRPUSDT,4,118,0.581638622933451,0.28817969580169617
XRPUSDT,4,119,0.5816315442817656,0.2881604362432533
XRPUSDT,4,120,0.5816269458631222,0.2881499495888375
XRPUSDT,4,121,0.5816208716377221,0.28814278818056194
XRPUSDT,4,122,0.5816159849430602,0.2881314961213987
XRPUSDT,4,123,0.5816134014300273,0.2881247090928004
XRPUSDT,4,124,0.5816135973971898,0.2881226077577347
XRPUSDT,4,125,0.5816142299398447,0.28812469738768637
XRPUSDT,4,126,0.5816080528127687,0.2881102023142741
XRPUSDT,4,127,0.5816009382211597,0.288090061148887
XRPUSDT,4,128,0.5815956259221394,0.2880773204090355
XRPUSDT,4,129,0.5815848394052855,0.28804094784186
XRPUSDT,4,130,0.5815760833049564,0.28800961360196364
XRPUSDT,4,131,0.5815682166231572,0.28798025707237357
XRPUSDT,4,132,0.5815654935118946,0.28796659794414825
XRPUSDT,4,133,0.5815666477509139,0.2879606015738163
XRPUSDT,4,134,0.5815650467218972,0.2879476447757125
XRPUSDT,4,135,0.5815624488328948,0.28792784603127847
XRPUSDT,4,136,0.5815601089547123,0.2879117008628578
XRPUSDT,4,137,0.5815583588695914,0.28789747869934607
XRPUSDT,4,138,0.5815584356675334,0.2878871939454766
XRPUSDT,4,139,0.5815582782884997,0.28786885250102684
XRPUSDT,4,140,0.5815629576665499,0.2878619192101226
XRPUSDT,4,141,0.5815657269322405,0.287853655792802
XRPUSDT,4,142,0.5815719127605612,0.2878569396312018
XRPUSDT,4,143,0.5815779877425913,0.2878582624831396
XRPUSDT,4,144,0.5815810978700834,0.2878585943484812
XRPUSDT,4,145,0.5815837214845048,0.28785812371762526
XRPUSDT,4,146,0.5815854587069161,0.2878553983103988
XRPUSDT,4,147,0.5815855290735034,0.287848041765303
XRPUSDT,4,148,0.5815892759051153,0.2878501008412287
XRPUSDT,4,149,0.5815942605833585,0.2878536142326354
XRPUSDT,4,150,0.5815991503045403,0.287856601645826
XRPUSDT,4,151,0.5816032058411802,0.2878566384049255
XRPUSDT,4,152,0.5816024692619042,0.28785422921141196
XRPUSDT,4,153,0.5816013740400224,0.2878524446537582
XRPUSDT,4,154,0.5815959993190298,0.2878466126386367
XRPUSDT,4,155,0.581594371051334,0.28784195657971423
XRPUSDT,4,156,0.5815948080051419,0.2878387554295968
XRPUSDT,4,157,0.5815975193886397,0.28783279527055816
XRPUSDT,4,158,0.5815984473952981,0.2878274233492952
XRPUSDT,4,159,0.5816035826429053,0.2878257499541066
XRPUSDT,4,160,0.58160916089736,0.2878282259859052
XRPUSDT,4,161,0.5816123811145127,0.28782822900967064
XRPUSDT,4,162,0.5816120341996716,0.2878216758851923
XRPUSDT,4,163,0.581611919948546,0.2878146639482107
XRPUSDT,4,164,0.581609561911244,0.28781242355796843
XRPUSDT,4,165,0.5816064483789171,0.28780867215294753
XRPUSDT,4,166,0.5816041682745021,0.28780488546573124
XRPUSDT,4,167,0.5816013691219276,0.28780089918662854
XRPUSDT,5,0,0.5778291764705826,0.2556857489793791
XRPUSDT,5,1,0.5778244643335761,0.2557236908578182
XRPUSDT,5,2,0.5778210880119081,0.2557637952479849
XRPUSDT,5,3,0.5778185221146631,0.2558066108438852
XRPUSDT,5,4,0.5778141140729655,0.25584155309971457
XRPUSDT,5,5,0.5778144247207688,0.2558921677936967
XRPUSDT,5,6,0.5778144804169715,0.2559436807170341
XRPUSDT,5,7,0.5778188050632856,0.25600100087556044
XRPUSDT,5,8,0.5778252211466809,0.25606360274456347
XRPUSDT,5,9,0.5778318817572543,0.2561290397924536
XRPUSDT,5,10,0.5778361113923994,0.25618567749997206
XRPUSDT,5,11,0.577840595681305,0.2562403586650494
XRPUSDT,5,12,0.577844662099771,0.25629283951519566
XRPUSDT,5,13,0.5778476577810816,0.25634353264830706
XRPUSDT,5,14,0.577852467907664,0.25639775694387174
XRPUSDT,5,15,0.5778585450483938,0.2564570748967132
XRPUSDT,5,16,0.5778631174981331,0.2565102558544029
XRPUSDT,5,17,0.5778659496649239,0.2565590817075363
XRPUSDT,5,18,0.5778677614296298,0.25660697642615826
XRPUSDT,5,19,0.5778674966492872,0.25664974915230565
XRPUSDT,5,20,0.5778683591958247,0.2566971994441151
XRPUSDT,5,21,0.5778689402829431,0.25674276034771754
XRPUSDT,5,22,0.577871706626949,0.25679431531582897
XRPUSDT,5,23,0.5778716747579988,0.2568382099423933
XRPUSDT,5,24,0.5778683341772096,0.2568708472547963
XRPUSDT,5,25,0.5778646016381179,0.25690280013046096
XRPUSDT,5,26,0.5778629521965691,0.2569379498227087
XRPUSDT,5,27,0.5778598469098977,0.2569681645344682
XRPUSDT,5,28,0.5778557924050578,0.256995653158575
XRPUSDT,5,29,0.5778514338049089,0.25702260253976583
XRPUSDT,5,30,0.5778458886075893,0.2570452977819274
XRPUSDT,5,31,0.5778408941176415,0.25707192865783535
XRPUSDT,5,32,0.5778368693968672,0.25709967571253733
XRPUSDT,5,33,0.5778343830230771,0.2571291587452606
XRPUSDT,5,34,0.5778310201042386,0.2571565457055989
XRPUSDT,5,35,0.5778294335070681,0.2571845063246466
XRPUSDT,5,36,0.5778274728220346,0.2572108961509191
XRPUSDT,5,37,0.5778245334326078,0.2572337645511327
XRPUSDT,5,38,0.57782167535368,0.2572565292080586
XRPUSDT,5,39,0.5778200428890486,0.2572820334166225
XRPUSDT,5,40,0.577815328071476,0.2572969917938685
XRPUSDT,5,41,0.5778099982129504,0.2573095479805631
XRPUSDT,5,42,0.5778063222635833,0.2573221444750773
XRPUSDT,5,43,0.5778045265822728,0.25733669151461014
XRPUSDT,5,44,0.5778029953834641,0.25735195391756394
XRPUSDT,5,45,0.5778009373045362,0.25736302541411565
XRPUSDT,5,46,0.5777998743112376,0.2573760048680422
XRPUSDT,5,47,0.5778009104988773,0.25739601855417915
XRPUSDT,5,48,0.5778050180193539,0.25741960537293046
XRPUSDT,5,49,0.5778084548026747,0.25744157919987787
XRPUSDT,5,50,0.5778129429635087,0.25746498225121206
XRPUSDT,5,51,0.5778145623231512,0.2574789653972831
XRPUSDT,5,52,0.5778135148175666,0.2574845202361516
XRPUSDT,5,53,0.577808433655988,0.25748207224260117
XRPUSDT,5,54,0.5778043720029724,0.2574812258924093
XRPUSDT,5,55,0.5778008506329054,0.2574816634935005
XRPUSDT,5,56,0.5777965828741563,0.25747699953960157
XRPUSDT,5,57,0.5777946784810066,0.2574730513591443
XRPUSDT,5,58,0.5777904676098227,0.2574691077123625
XRPUSDT,5,59,0.5777892938198003,0.25747087902757826
XRPUSDT,5,60,0.5777924166790706,0.2574811826751173
XRPUSDT,5,61,0.5777979818317138,0.25750233481861257
XRPUSDT,5,62,0.5778009081161518,0.2575183690703278
XRPUSDT,5,63,0.5778030903946327,0.257530909408225
XRPUSDT,5,64,0.577809191958296,0.2575523688167335
XRPUSDT,5,65,0.5778109072226296,0.25756174947421656
XRPUSDT,5,66,0.5778112464631359,0.25756716797669804
XRPUSDT,5,67,0.57781194370811,0.25757278102138487
XRPUSDT,5,68,0.5778127815338733,0.2575796385677812
XRPUSDT,5,69,0.5778110603127264,0.2575815855383531
XRPUSDT,5,70,0.5778101989575514,0.2575837344372447
XRPUSDT,5,71,0.5778061495160026,0.2575754446292967
XRPUSDT,5,72,0.577801765599398,0.2575706208593664
XRPUSDT,5,73,0.5777984646314157,0.25756503975288747
XRPUSDT,5,74,0.5777944866716244,0.257555275043449
XRPUSDT,5,75,0.5777908881608277,0.25754386648135225
XRPUSDT,5,76,0.577787332836926,0.25753168792113734
XRPUSDT,5,77,0.5777844991809319,0.2575162826751157
XRPUSDT,5,78,0.5777822358897926,0.2575004722127303
XRPUSDT,5,79,0.5777810144452653,0.25748564125822526
XRPUSDT,5,80,0.5777790096798148,0.2574720091638606
XRPUSDT,5,81,0.5777776542069927,0.2574598237321117
XRPUSDT,5,82,0.5777774341027485,0.2574520651069951
XRPUSDT,5,83,0.5777771261355109,0.25744718679590856
XRPUSDT,5,84,0.5777786489947814,0.25744846228328844
XRPUSDT,5,85,0.5777785751302987,0.2574447696438489
XRPUSDT,5,86,0.5777783201786977,0.25744219454636635
XRPUSDT,5,87,0.5777777852568808,0.25743791303256985
XRPUSDT,5,88,0.5777802665673797,0.25743949935496646
XRPUSDT,5,89,0.5777821152643269,0.2574360084598511
XRPUSDT,5,90,0.5777837837676776,0.25743581842749325
XRPUSDT,5,91,0.5777853128816017,0.257432431253116
XRPUSDT,5,92,0.5777862341027483,0.2574275147230376
XRPUSDT,5,93,0.5777870486969404,0.257421821058254
XRPUSDT,5,94,0.5777877200297773,0.25741528278436804
XRPUSDT,5,95,0.577786279374528,0.2574034667883074
XRPUSDT,5,96,0.5777876783320857,0.2573991787295426
XRPUSDT,5,97,0.5777882939687201,0.25738694706245885
XRPUSDT,5,98,0.5777905236038653,0.2573764408225577
XRPUSDT,5,99,0.5777925542814527,0.2573607854595098
XRPUSDT,5,100,0.5777954341027485,0.25735051544316606
XRPUSDT,5,101,0.5777971133283627,0.25733817001343656
XRPUSDT,5,102,0.5778009507073648,0.25733643625527824
XRPUSDT,5,103,0.577805111243478,0.25733798115926454
XRPUSDT,5,104,0.5778078486969404,0.2573330014586602
XRPUSDT,5,105,0.5778137691734854,0.25733803808160327
XRPUSDT,5,106,0.5778159785554663,0.25733368983760935
XRPUSDT,5,107,0.577819237527916,0.2573364940384323
XRPUSDT,5,108,0.5778227845122794,0.2573408874254085
XRPUSDT,5,109,0.5778247404318624,0.2573362218199831
XRPUSDT,5,110,0.5778230204020783,0.25732559512428144
XRPUSDT,5,111,0.577820037527916,0.2573070830280243
XRPUSDT,5,112,0.5778192321667842,0.2572936738967163
XRPUSDT,5,113,0.5778178332092264,0.25728123951838
XRPUSDT,5,114,0.5778173986597104,0.25726679658250723
XRPUSDT,5,115,0.5778161611317878,0.2572425745833185
XRPUSDT,5,116,0.577816804765444,0.2572239611105802
XRPUSDT,5,117,0.5778153769173426,0.25720113452786453
XRPUSDT,5,118,0.5778090609084076,0.2571658473594487
XRPUSDT,5,119,0.5778073986597106,0.25714947331108345
XRPUSDT,5,120,0.5778076413998445,0.2571407920112352
XRPUSDT,5,121,0.5778065078183107,0.25713502375297626
XRPUSDT,5,122,0.5778065146686457,0.25712571951688995
XRPUSDT,5,123,0.577808361578549,0.2571204163341822
XRPUSDT,5,124,0.5778124175725923,0.25711931122668635
XRPUSDT,5,125,0.5778167785554664,0.25712194536443267
XRPUSDT,5,126,0.5778153286671567,0.2571096923692543
XRPUSDT,5,127,0.5778130037230018,0.25709240929378885
XRPUSDT,5,128,0.5778120321667843,0.257081635899508
XRPUSDT,5,129,0.5778068610573278,0.2570500088085371
XRPUSDT,5,130,0.5778032586746025,0.2570228438563853
XRPUSDT,5,131,0.5778005262844312,0.25699748902063296
XRPUSDT,5,132,0.577801953536851,0.2569860614003326
XRPUSDT,5,133,0.5778064839910582,0.25698145695155516
XRPUSDT,5,134,0.577808851228586,0.2569707068659957
XRPUSDT,5,135,0.5778102787788466,0.2569538431981668
XRPUSDT,5,136,0.5778119809381915,0.25694023114699727
XRPUSDT,5,137,0.5778140014891967,0.2569282906622298
XRPUSDT,5,138,0.5778176002978339,0.2569199179682215
XRPUSDT,5,139,0.577821139836181,0.2569045069845219
XRPUSDT,5,140,0.5778284306775808,0.25689915357369625
XRPUSDT,5,141,0.5778341670886009,0.25689255956445767
XRPUSDT,5,142,0.5778422061057267,0.2568960435800084
XRPUSDT,5,143,0.5778497825763148,0.2568976774991389
XRPUSDT,5,144,0.577855349516002,0.256898510716796
XRPUSDT,5,145,0.5778607895755701,0.256898741446259
XRPUSDT,5,146,0.5778657283693155,0.2568970087858673
XRPUSDT,5,147,0.5778693876396059,0.25689120221769396
XRPUSDT,5,148,0.5778758043186825,0.2568936932480359
XRPUSDT,5,149,0.5778830644824948,0.2568974300002914
XRPUSDT,5,150,0.5778903779597844,0.25690075416365643
XRPUSDT,5,151,0.5778973325390846,0.25690158758768095
XRPUSDT,5,152,0.5779005769173422,0.25690022955837005
XRPUSDT,5,153,0.5779036074460094,0.25689939824966695
XRPUSDT,5,154,0.5779033134772826,0.25689495903645815
XRPUSDT,5,155,0.5779056890543488,0.2568914796563727
XRPUSDT,5,156,0.5779100330603055,0.2568893636533697
XRPUSDT,5,157,0.5779158430379676,0.2568847144480664
XRPUSDT,5,158,0.5779207523454881,0.2568806487705331
XRPUSDT,5,159,0.577928786299323,0.2568799276953593
XRPUSDT,5,160,0.5779377319434035,0.2568832457196949
XRPUSDT,5,161,0.577944919434096,0.2568844718954614
XRPUSDT,5,162,0.5779494177215122,0.2568799124215115
XRPUSDT,5,163,0.5779538281459351,0.25687481552594194
XRPUSDT,5,164,0.5779565048399039,0.25687390070857885
XRPUSDT,5,165,0.577958473566635,0.2568715847258348
XRPUSDT,5,166,0.5779610329113856,0.2568692283339762
XRPUSDT,5,167,0.5779632997766126,0.25686673356544665
