symbol,time,daily_close
BNBUSDT,2020-08-11 00:00:00+00:00,
BNBUSDT,2020-08-12 00:00:00+00:00,21.4919
BNBUSDT,2020-08-13 00:00:00+00:00,21.7667
BNBUSDT,2020-08-14 00:00:00+00:00,23.1047
BNBUSDT,2020-08-15 00:00:00+00:00,23.0881
BNBUSDT,2020-08-16 00:00:00+00:00,23.529
BNBUSDT,2020-08-17 00:00:00+00:00,23.4961
BNBUSDT,2020-08-18 00:00:00+00:00,22.9705
BNBUSDT,2020-08-19 00:00:00+00:00,22.3761
BNBUSDT,2020-08-20 00:00:00+00:00,23.0888
BNBUSDT,2020-08-21 00:00:00+00:00,22.0988
BNBUSDT,2020-08-22 00:00:00+00:00,22.2044
BNBUSDT,2020-08-23 00:00:00+00:00,21.8555
BNBUSDT,2020-08-24 00:00:00+00:00,22.5953
BNBUSDT,2020-08-25 00:00:00+00:00,21.3882
BNBUSDT,2020-08-26 00:00:00+00:00,22.1999
BNBUSDT,2020-08-27 00:00:00+00:00,23.1127
BNBUSDT,2020-08-28 00:00:00+00:00,23.0811
BNBUSDT,2020-08-29 00:00:00+00:00,22.9398
BNBUSDT,2020-08-30 00:00:00+00:00,23.6208
BNBUSDT,2020-08-31 00:00:00+00:00,23.1477
BNBUSDT,2020-09-01 00:00:00+00:00,24.7028
BNBUSDT,2020-09-02 00:00:00+00:00,24.7652
BNBUSDT,2020-09-03 00:00:00+00:00,20.3592
BNBUSDT,2020-09-04 00:00:00+00:00,20.9712
BNBUSDT,2020-09-05 00:00:00+00:00,19.4698
BNBUSDT,2020-09-06 00:00:00+00:00,23.142
BNBUSDT,2020-09-07 00:00:00+00:00,22.4426
BNBUSDT,2020-09-08 00:00:00+00:00,23.2837
BNBUSDT,2020-09-09 00:00:00+00:00,24.4716
BNBUSDT,2020-09-10 00:00:00+00:00,24.5489
BNBUSDT,2020-09-11 00:00:00+00:00,25.399
BNBUSDT,2020-09-12 00:00:00+00:00,28.505
BNBUSDT,2020-09-13 00:00:00+00:00,31.1656
BNBUSDT,2020-09-14 00:00:00+00:00,31.2523
BNBUSDT,2020-09-15 00:00:00+00:00,27.1181
BNBUSDT,2020-09-16 00:00:00+00:00,27.8695
BNBUSDT,2020-09-17 00:00:00+00:00,27.095
BNBUSDT,2020-09-18 00:00:00+00:00,27.629
BNBUSDT,2020-09-19 00:00:00+00:00,27.2035
BNBUSDT,2020-09-20 00:00:00+00:00,26.316
BNBUSDT,2020-09-21 00:00:00+00:00,23.1232
BNBUSDT,2020-09-22 00:00:00+00:00,24.0468
BNBUSDT,2020-09-23 00:00:00+00:00,22.8331
BNBUSDT,2020-09-24 00:00:00+00:00,24.5745
BNBUSDT,2020-09-25 00:00:00+00:00,24.6924
BNBUSDT,2020-09-26 00:00:00+00:00,26.1998
BNBUSDT,2020-09-27 00:00:00+00:00,26.251
BNBUSDT,2020-09-28 00:00:00+00:00,26.9855
BNBUSDT,2020-09-29 00:00:00+00:00,28.8946
BNBUSDT,2020-09-30 00:00:00+00:00,29.2656
BNBUSDT,2020-10-01 00:00:00+00:00,27.4673
BNBUSDT,2020-10-02 00:00:00+00:00,27.3369
BNBUSDT,2020-10-03 00:00:00+00:00,28.1867
BNBUSDT,2020-10-04 00:00:00+00:00,28.9668
BNBUSDT,2020-10-05 00:00:00+00:00,28.6158
BNBUSDT,2020-10-06 00:00:00+00:00,27.6812
BNBUSDT,2020-10-07 00:00:00+00:00,27.6898
BNBUSDT,2020-10-08 00:00:00+00:00,27.7424
BNBUSDT,2020-10-09 00:00:00+00:00,28.4076
BNBUSDT,2020-10-10 00:00:00+00:00,28.4414
BNBUSDT,2020-10-11 00:00:00+00:00,28.5271
BNBUSDT,2020-10-12 00:00:00+00:00,30.6503
BNBUSDT,2020-10-13 00:00:00+00:00,30.7256
BNBUSDT,2020-10-14 00:00:00+00:00,30.838
BNBUSDT,2020-10-15 00:00:00+00:00,31.3256
BNBUSDT,2020-10-16 00:00:00+00:00,30.0516
BNBUSDT,2020-10-17 00:00:00+00:00,30.2414
BNBUSDT,2020-10-18 00:00:00+00:00,30.6593
BNBUSDT,2020-10-19 00:00:00+00:00,29.9107
BNBUSDT,2020-10-20 00:00:00+00:00,28.8227
BNBUSDT,2020-10-21 00:00:00+00:00,29.7329
BNBUSDT,2020-10-22 00:00:00+00:00,30.6396
BNBUSDT,2020-10-23 00:00:00+00:00,30.6377
BNBUSDT,2020-10-24 00:00:00+00:00,30.6639
BNBUSDT,2020-10-25 00:00:00+00:00,30.128
BNBUSDT,2020-10-26 00:00:00+00:00,31.0467
BNBUSDT,2020-10-27 00:00:00+00:00,31.4826
BNBUSDT,2020-10-28 00:00:00+00:00,30.3338
BNBUSDT,2020-10-29 00:00:00+00:00,29.8702
BNBUSDT,2020-10-30 00:00:00+00:00,28.4909
BNBUSDT,2020-10-31 00:00:00+00:00,28.5058
BNBUSDT,2020-11-01 00:00:00+00:00,28.5318
BNBUSDT,2020-11-02 00:00:00+00:00,27.7983
BNBUSDT,2020-11-03 00:00:00+00:00,26.8638
BNBUSDT,2020-11-04 00:00:00+00:00,26.96
BNBUSDT,2020-11-05 00:00:00+00:00,27.6875
BNBUSDT,2020-11-06 00:00:00+00:00,29.0435
BNBUSDT,2020-11-07 00:00:00+00:00,27.7651
BNBUSDT,2020-11-08 00:00:00+00:00,28.4101
BNBUSDT,2020-11-09 00:00:00+00:00,28.0941
BNBUSDT,2020-11-10 00:00:00+00:00,28.2188
BNBUSDT,2020-11-11 00:00:00+00:00,28.016
BNBUSDT,2020-11-12 00:00:00+00:00,27.6874
BNBUSDT,2020-11-13 00:00:00+00:00,28.1974
BNBUSDT,2020-11-14 00:00:00+00:00,27.9311
BNBUSDT,2020-11-15 00:00:00+00:00,27.6786
BNBUSDT,2020-11-16 00:00:00+00:00,27.9451
BNBUSDT,2020-11-17 00:00:00+00:00,28.5552
BNBUSDT,2020-11-18 00:00:00+00:00,28.0931
BNBUSDT,2020-11-19 00:00:00+00:00,28.1387
BNBUSDT,2020-11-20 00:00:00+00:00,28.9715
BNBUSDT,2020-11-21 00:00:00+00:00,30.5161
BNBUSDT,2020-11-22 00:00:00+00:00,30.0226
BNBUSDT,2020-11-23 00:00:00+00:00,30.995
BNBUSDT,2020-11-24 00:00:00+00:00,33.9407
BNBUSDT,2020-11-25 00:00:00+00:00,31.2953
BNBUSDT,2020-11-26 00:00:00+00:00,28.2356
BNBUSDT,2020-11-27 00:00:00+00:00,28.4606
BNBUSDT,2020-11-28 00:00:00+00:00,29.1766
BNBUSDT,2020-11-29 00:00:00+00:00,30.1045
BNBUSDT,2020-11-30 00:00:00+00:00,
BNBUSDT,2020-12-01 00:00:00+00:00,30.1996
BNBUSDT,2020-12-02 00:00:00+00:00,30.2875
BNBUSDT,2020-12-03 00:00:00+00:00,30.7065
BNBUSDT,2020-12-04 00:00:00+00:00,29.0231
BNBUSDT,2020-12-05 00:00:00+00:00,29.728
BNBUSDT,2020-12-06 00:00:00+00:00,29.5026
BNBUSDT,2020-12-07 00:00:00+00:00,29.37
BNBUSDT,2020-12-08 00:00:00+00:00,27.6705
BNBUSDT,2020-12-09 00:00:00+00:00,28.1452
BNBUSDT,2020-12-10 00:00:00+00:00,27.6926
BNBUSDT,2020-12-11 00:00:00+00:00,27.3419
BNBUSDT,2020-12-12 00:00:00+00:00,28.1603
BNBUSDT,2020-12-13 00:00:00+00:00,29.1571
BNBUSDT,2020-12-14 00:00:00+00:00,30.0338
BNBUSDT,2020-12-15 00:00:00+00:00,29.5053
BNBUSDT,2020-12-16 00:00:00+00:00,30.5577
BNBUSDT,2020-12-17 00:00:00+00:00,30.2255
BNBUSDT,2020-12-18 00:00:00+00:00,30.9882
BNBUSDT,2020-12-19 00:00:00+00:00,33.3167
BNBUSDT,2020-12-20 00:00:00+00:00,34.3148
BNBUSDT,2020-12-21 00:00:00+00:00,
BNBUSDT,2020-12-22 00:00:00+00:00,33.5151
BNBUSDT,2020-12-23 00:00:00+00:00,31.1843
BNBUSDT,2020-12-24 00:00:00+00:00,32.4895
BNBUSDT,2020-12-25 00:00:00+00:00,
BNBUSDT,2020-12-26 00:00:00+00:00,33.6361
BNBUSDT,2020-12-27 00:00:00+00:00,33.674
BNBUSDT,2020-12-28 00:00:00+00:00,35.951
BNBUSDT,2020-12-29 00:00:00+00:00,39.0667
BNBUSDT,2020-12-30 00:00:00+00:00,38.1558
BNBUSDT,2020-12-31 00:00:00+00:00,37.3588
BNBUSDT,2021-01-01 00:00:00+00:00,37.7762
BNBUSDT,2021-01-02 00:00:00+00:00,38.2331
BNBUSDT,2021-01-03 00:00:00+00:00,41.2575
BNBUSDT,2021-01-04 00:00:00+00:00,41.1333
BNBUSDT,2021-01-05 00:00:00+00:00,41.8219
BNBUSDT,2021-01-06 00:00:00+00:00,42.2417
BNBUSDT,2021-01-07 00:00:00+00:00,43.5728
BNBUSDT,2021-01-08 00:00:00+00:00,42.356
BNBUSDT,2021-01-09 00:00:00+00:00,43.8479
BNBUSDT,2021-01-10 00:00:00+00:00,42.4031
BNBUSDT,2021-01-11 00:00:00+00:00,38.1674
BNBUSDT,2021-01-12 00:00:00+00:00,38.2541
BNBUSDT,2021-01-13 00:00:00+00:00,40.1114
BNBUSDT,2021-01-14 00:00:00+00:00,41.8723
BNBUSDT,2021-01-15 00:00:00+00:00,40.8668
BNBUSDT,2021-01-16 00:00:00+00:00,43.142
BNBUSDT,2021-01-17 00:00:00+00:00,45.8675
BNBUSDT,2021-01-18 00:00:00+00:00,45.3412
BNBUSDT,2021-01-19 00:00:00+00:00,42.5241
BNBUSDT,2021-01-20 00:00:00+00:00,42.6069
BNBUSDT,2021-01-21 00:00:00+00:00,38.6343
BNBUSDT,2021-01-22 00:00:00+00:00,40.8936
BNBUSDT,2021-01-23 00:00:00+00:00,40.9109
BNBUSDT,2021-01-24 00:00:00+00:00,41.8263
BNBUSDT,2021-01-25 00:00:00+00:00,41.8347
BNBUSDT,2021-01-26 00:00:00+00:00,41.8396
BNBUSDT,2021-01-27 00:00:00+00:00,40.8826
BNBUSDT,2021-01-28 00:00:00+00:00,42.5254
BNBUSDT,2021-01-29 00:00:00+00:00,42.8618
BNBUSDT,2021-01-30 00:00:00+00:00,44.7849
BNBUSDT,2021-01-31 00:00:00+00:00,44.3292
BNBUSDT,2021-02-01 00:00:00+00:00,51.4781
BNBUSDT,2021-02-02 00:00:00+00:00,51.0071
BNBUSDT,2021-02-03 00:00:00+00:00,52.12
BNBUSDT,2021-02-04 00:00:00+00:00,55.9599
BNBUSDT,2021-02-05 00:00:00+00:00,67.7005
BNBUSDT,2021-02-06 00:00:00+00:00,72.8356
BNBUSDT,2021-02-07 00:00:00+00:00,68.3542
BNBUSDT,2021-02-08 00:00:00+00:00,79.8374
BNBUSDT,2021-02-09 00:00:00+00:00,107.3469
BNBUSDT,2021-02-10 00:00:00+00:00,128.9711
BNBUSDT,2021-02-11 00:00:00+00:00,
BNBUSDT,2021-02-12 00:00:00+00:00,136.6139
BNBUSDT,2021-02-13 00:00:00+00:00,133.3496
BNBUSDT,2021-02-14 00:00:00+00:00,135.8623
BNBUSDT,2021-02-15 00:00:00+00:00,130.303
BNBUSDT,2021-02-16 00:00:00+00:00,130.183
BNBUSDT,2021-02-17 00:00:00+00:00,165.3233
BNBUSDT,2021-02-18 00:00:00+00:00,195.6
BNBUSDT,2021-02-19 00:00:00+00:00,333.111
BNBUSDT,2021-02-20 00:00:00+00:00,253.0
BNBUSDT,2021-02-21 00:00:00+00:00,295.2597
BNBUSDT,2021-02-22 00:00:00+00:00,267.5147
BNBUSDT,2021-02-23 00:00:00+00:00,231.3646
BNBUSDT,2021-02-24 00:00:00+00:00,254.5056
BNBUSDT,2021-02-25 00:00:00+00:00,234.9146
BNBUSDT,2021-02-26 00:00:00+00:00,221.717
BNBUSDT,2021-02-27 00:00:00+00:00,225.3853
BNBUSDT,2021-02-28 00:00:00+00:00,210.2138
BNBUSDT,2021-03-01 00:00:00+00:00,254.9637
BNBUSDT,2021-03-02 00:00:00+00:00,239.6841
BNBUSDT,2021-03-03 00:00:00+00:00,240.5701
BNBUSDT,2021-03-04 00:00:00+00:00,229.6369
BNBUSDT,2021-03-05 00:00:00+00:00,225.4714
BNBUSDT,2021-03-06 00:00:00+00:00,
BNBUSDT,2021-03-07 00:00:00+00:00,240.11
BNBUSDT,2021-03-08 00:00:00+00:00,240.5509
BNBUSDT,2021-03-09 00:00:00+00:00,293.2052
BNBUSDT,2021-03-10 00:00:00+00:00,278.4499
BNBUSDT,2021-03-11 00:00:00+00:00,290.0301
BNBUSDT,2021-03-12 00:00:00+00:00,263.2201
BNBUSDT,2021-03-13 00:00:00+00:00,276.2822
BNBUSDT,2021-03-14 00:00:00+00:00,263.238
BNBUSDT,2021-03-15 00:00:00+00:00,254.5144
BNBUSDT,2021-03-16 00:00:00+00:00,258.5352
BNBUSDT,2021-03-17 00:00:00+00:00,269.7896
BNBUSDT,2021-03-18 00:00:00+00:00,261.4816
BNBUSDT,2021-03-19 00:00:00+00:00,262.935
BNBUSDT,2021-03-20 00:00:00+00:00,264.3023
BNBUSDT,2021-03-21 00:00:00+00:00,264.6513
BNBUSDT,2021-03-22 00:00:00+00:00,254.7976
BNBUSDT,2021-03-23 00:00:00+00:00,255.4646
BNBUSDT,2021-03-24 00:00:00+00:00,248.5236
BNBUSDT,2021-03-25 00:00:00+00:00,233.9466
BNBUSDT,2021-03-26 00:00:00+00:00,255.2105
BNBUSDT,2021-03-27 00:00:00+00:00,269.2234
BNBUSDT,2021-03-28 00:00:00+00:00,268.4263
BNBUSDT,2021-03-29 00:00:00+00:00,275.2991
BNBUSDT,2021-03-30 00:00:00+00:00,311.2962
BNBUSDT,2021-03-31 00:00:00+00:00,302.3724
BNBUSDT,2021-04-01 00:00:00+00:00,334.7991
BNBUSDT,2021-04-02 00:00:00+00:00,338.2932
BNBUSDT,2021-04-03 00:00:00+00:00,321.9497
BNBUSDT,2021-04-04 00:00:00+00:00,348.8617
BNBUSDT,2021-04-05 00:00:00+00:00,368.0263
BNBUSDT,2021-04-06 00:00:00+00:00,403.3648
BNBUSDT,2021-04-07 00:00:00+00:00,375.5538
BNBUSDT,2021-04-08 00:00:00+00:00,418.7048
BNBUSDT,2021-04-09 00:00:00+00:00,453.9937
BNBUSDT,2021-04-10 00:00:00+00:00,471.2975
BNBUSDT,2021-04-11 00:00:00+00:00,525.9275
BNBUSDT,2021-04-12 00:00:00+00:00,596.7104
BNBUSDT,2021-04-13 00:00:00+00:00,551.6442
BNBUSDT,2021-04-14 00:00:00+00:00,550.0182
BNBUSDT,2021-04-15 00:00:00+00:00,541.8824
BNBUSDT,2021-04-16 00:00:00+00:00,508.2743
BNBUSDT,2021-04-17 00:00:00+00:00,514.6861
BNBUSDT,2021-04-18 00:00:00+00:00,481.4367
BNBUSDT,2021-04-19 00:00:00+00:00,504.0322
BNBUSDT,2021-04-20 00:00:00+00:00,
BNBUSDT,2021-04-21 00:00:00+00:00,543.6327
BNBUSDT,2021-04-22 00:00:00+00:00,505.2411
BNBUSDT,2021-04-23 00:00:00+00:00,526.5357
BNBUSDT,2021-04-24 00:00:00+00:00,496.992
BNBUSDT,2021-04-25 00:00:00+00:00,
BNBUSDT,2021-04-26 00:00:00+00:00,535.33
BNBUSDT,2021-04-27 00:00:00+00:00,568.78
BNBUSDT,2021-04-28 00:00:00+00:00,562.78
BNBUSDT,2021-04-29 00:00:00+00:00,599.7
BNBUSDT,2021-04-30 00:00:00+00:00,622.65
BNBUSDT,2021-05-01 00:00:00+00:00,620.0
BNBUSDT,2021-05-02 00:00:00+00:00,621.78
BNBUSDT,2021-05-03 00:00:00+00:00,676.15
BNBUSDT,2021-05-04 00:00:00+00:00,609.3
BNBUSDT,2021-05-05 00:00:00+00:00,651.1
BNBUSDT,2021-05-06 00:00:00+00:00,633.99
BNBUSDT,2021-05-07 00:00:00+00:00,624.3
BNBUSDT,2021-05-08 00:00:00+00:00,646.1
BNBUSDT,2021-05-09 00:00:00+00:00,661.74
BNBUSDT,2021-05-10 00:00:00+00:00,631.1
BNBUSDT,2021-05-11 00:00:00+00:00,671.91
BNBUSDT,2021-05-12 00:00:00+00:00,594.65
BNBUSDT,2021-05-13 00:00:00+00:00,571.1
BNBUSDT,2021-05-14 00:00:00+00:00,602.61
BNBUSDT,2021-05-15 00:00:00+00:00,563.41
BNBUSDT,2021-05-16 00:00:00+00:00,564.32
BNBUSDT,2021-05-17 00:00:00+00:00,512.07
BNBUSDT,2021-05-18 00:00:00+00:00,507.88
BNBUSDT,2021-05-19 00:00:00+00:00,334.8
BNBUSDT,2021-05-20 00:00:00+00:00,391.17
BNBUSDT,2021-05-21 00:00:00+00:00,326.01
BNBUSDT,2021-05-22 00:00:00+00:00,299.76
BNBUSDT,2021-05-23 00:00:00+00:00,260.72
BNBUSDT,2021-05-24 00:00:00+00:00,345.64
BNBUSDT,2021-05-25 00:00:00+00:00,343.18
BNBUSDT,2021-05-26 00:00:00+00:00,379.16
BNBUSDT,2021-05-27 00:00:00+00:00,369.67
BNBUSDT,2021-05-28 00:00:00+00:00,328.82
BNBUSDT,2021-05-29 00:00:00+00:00,305.04
BNBUSDT,2021-05-30 00:00:00+00:00,325.57
BNBUSDT,2021-05-31 00:00:00+00:00,353.33
BNBUSDT,2021-06-01 00:00:00+00:00,362.39
BNBUSDT,2021-06-02 00:00:00+00:00,401.54
BNBUSDT,2021-06-03 00:00:00+00:00,428.48
BNBUSDT,2021-06-04 00:00:00+00:00,390.7
BNBUSDT,2021-06-05 00:00:00+00:00,390.08
BNBUSDT,2021-06-06 00:00:00+00:00,393.73
BNBUSDT,2021-06-07 00:00:00+00:00,357.96
BNBUSDT,2021-06-08 00:00:00+00:00,352.5
BNBUSDT,2021-06-09 00:00:00+00:00,375.54
BNBUSDT,2021-06-10 00:00:00+00:00,351.94
BNBUSDT,2021-06-11 00:00:00+00:00,345.75
BNBUSDT,2021-06-12 00:00:00+00:00,343.7
BNBUSDT,2021-06-13 00:00:00+00:00,365.8
BNBUSDT,2021-06-14 00:00:00+00:00,370.19
BNBUSDT,2021-06-15 00:00:00+00:00,366.48
BNBUSDT,2021-06-16 00:00:00+00:00,347.22
BNBUSDT,2021-06-17 00:00:00+00:00,352.85
BNBUSDT,2021-06-18 00:00:00+00:00,337.16
BNBUSDT,2021-06-19 00:00:00+00:00,334.01
BNBUSDT,2021-06-20 00:00:00+00:00,339.08
BNBUSDT,2021-06-21 00:00:00+00:00,270.76
BNBUSDT,2021-06-22 00:00:00+00:00,262.1
BNBUSDT,2021-06-23 00:00:00+00:00,296.25
BNBUSDT,2021-06-24 00:00:00+00:00,308.62
BNBUSDT,2021-06-25 00:00:00+00:00,280.81
BNBUSDT,2021-06-26 00:00:00+00:00,279.65
BNBUSDT,2021-06-27 00:00:00+00:00,290.87
BNBUSDT,2021-06-28 00:00:00+00:00,290.0
BNBUSDT,2021-06-29 00:00:00+00:00,300.79
BNBUSDT,2021-06-30 00:00:00+00:00,303.71
BNBUSDT,2021-07-01 00:00:00+00:00,287.43
BNBUSDT,2021-07-02 00:00:00+00:00,287.17
BNBUSDT,2021-07-03 00:00:00+00:00,298.13
BNBUSDT,2021-07-04 00:00:00+00:00,307.62
BNBUSDT,2021-07-05 00:00:00+00:00,302.02
BNBUSDT,2021-07-06 00:00:00+00:00,319.92
BNBUSDT,2021-07-07 00:00:00+00:00,327.51
BNBUSDT,2021-07-08 00:00:00+00:00,310.14
BNBUSDT,2021-07-09 00:00:00+00:00,317.09
BNBUSDT,2021-07-10 00:00:00+00:00,316.12
BNBUSDT,2021-07-11 00:00:00+00:00,322.16
BNBUSDT,2021-07-12 00:00:00+00:00,316.12
BNBUSDT,2021-07-13 00:00:00+00:00,308.94
BNBUSDT,2021-07-14 00:00:00+00:00,309.4
BNBUSDT,2021-07-15 00:00:00+00:00,316.11
BNBUSDT,2021-07-16 00:00:00+00:00,302.88
BNBUSDT,2021-07-17 00:00:00+00:00,300.52
BNBUSDT,2021-07-18 00:00:00+00:00,302.1
BNBUSDT,2021-07-19 00:00:00+00:00,280.54
BNBUSDT,2021-07-20 00:00:00+00:00,264.44
BNBUSDT,2021-07-21 00:00:00+00:00,293.26
BNBUSDT,2021-07-22 00:00:00+00:00,293.36
BNBUSDT,2021-07-23 00:00:00+00:00,299.27
BNBUSDT,2021-07-24 00:00:00+00:00,301.56
BNBUSDT,2021-07-25 00:00:00+00:00,302.56
BNBUSDT,2021-07-26 00:00:00+00:00,304.0
BNBUSDT,2021-07-27 00:00:00+00:00,313.48
BNBUSDT,2021-07-28 00:00:00+00:00,313.8
BNBUSDT,2021-07-29 00:00:00+00:00,317.03
BNBUSDT,2021-07-30 00:00:00+00:00,322.58
BNBUSDT,2021-07-31 00:00:00+00:00,332.38
BNBUSDT,2021-08-01 00:00:00+00:00,332.59
BNBUSDT,2021-08-02 00:00:00+00:00,330.55
BNBUSDT,2021-08-03 00:00:00+00:00,323.43
BNBUSDT,2021-08-04 00:00:00+00:00,334.77
BNBUSDT,2021-08-05 00:00:00+00:00,337.91
BNBUSDT,2021-08-06 00:00:00+00:00,342.39
BNBUSDT,2021-08-07 00:00:00+00:00,356.18
BNBUSDT,2021-08-08 00:00:00+00:00,341.79
BNBUSDT,2021-08-09 00:00:00+00:00,354.32
BNBUSDT,2021-08-10 00:00:00+00:00,371.92
BNBUSDT,2021-08-11 00:00:00+00:00,390.96
BNBUSDT,2021-08-12 00:00:00+00:00,385.66
BNBUSDT,2021-08-13 00:00:00+00:00,
BNBUSDT,2021-08-14 00:00:00+00:00,408.67
BNBUSDT,2021-08-15 00:00:00+00:00,414.05
BNBUSDT,2021-08-16 00:00:00+00:00,415.72
BNBUSDT,2021-08-17 00:00:00+00:00,401.8
BNBUSDT,2021-08-18 00:00:00+00:00,396.15
BNBUSDT,2021-08-19 00:00:00+00:00,431.27
BNBUSDT,2021-08-20 00:00:00+00:00,454.93
BNBUSDT,2021-08-21 00:00:00+00:00,448.74
BNBUSDT,2021-08-22 00:00:00+00:00,448.68
BNBUSDT,2021-08-23 00:00:00+00:00,499.06
BNBUSDT,2021-08-24 00:00:00+00:00,471.62
BNBUSDT,2021-08-25 00:00:00+00:00,503.19
BNBUSDT,2021-08-26 00:00:00+00:00,478.1
BNBUSDT,2021-08-27 00:00:00+00:00,494.5
BNBUSDT,2021-08-28 00:00:00+00:00,486.2
BNBUSDT,2021-08-29 00:00:00+00:00,479.7
BNBUSDT,2021-08-30 00:00:00+00:00,460.3
BNBUSDT,2021-08-31 00:00:00+00:00,463.9
BNBUSDT,2021-09-01 00:00:00+00:00,489.4
BNBUSDT,2021-09-02 00:00:00+00:00,483.7
BNBUSDT,2021-09-03 00:00:00+00:00,488.5
BNBUSDT,2021-09-04 00:00:00+00:00,497.7
BNBUSDT,2021-09-05 00:00:00+00:00,504.8
BNBUSDT,2021-09-06 00:00:00+00:00,496.1
BNBUSDT,2021-09-07 00:00:00+00:00,418.7
BNBUSDT,2021-09-08 00:00:00+00:00,415.0
BNBUSDT,2021-09-09 00:00:00+00:00,421.3
BNBUSDT,2021-09-10 00:00:00+00:00,401.4
BNBUSDT,2021-09-11 00:00:00+00:00,405.1
BNBUSDT,2021-09-12 00:00:00+00:00,416.3
BNBUSDT,2021-09-13 00:00:00+00:00,399.1
BNBUSDT,2021-09-14 00:00:00+00:00,414.3
BNBUSDT,2021-09-15 00:00:00+00:00,431.3
BNBUSDT,2021-09-16 00:00:00+00:00,424.3
BNBUSDT,2021-09-17 00:00:00+00:00,406.6
BNBUSDT,2021-09-18 00:00:00+00:00,410.7
BNBUSDT,2021-09-19 00:00:00+00:00,408.6
BNBUSDT,2021-09-20 00:00:00+00:00,364.1
BNBUSDT,2021-09-21 00:00:00+00:00,344.4
BNBUSDT,2021-09-22 00:00:00+00:00,379.0
BNBUSDT,2021-09-23 00:00:00+00:00,383.5
BNBUSDT,2021-09-24 00:00:00+00:00,355.0
BNBUSDT,2021-09-25 00:00:00+00:00,349.6
BNBUSDT,2021-09-26 00:00:00+00:00,344.0
BNBUSDT,2021-09-27 00:00:00+00:00,335.5
BNBUSDT,2021-09-28 00:00:00+00:00,333.0
BNBUSDT,2021-09-29 00:00:00+00:00,
BNBUSDT,2021-09-30 00:00:00+00:00,387.5
BNBUSDT,2021-10-01 00:00:00+00:00,421.5
BNBUSDT,2021-10-02 00:00:00+00:00,427.1
BNBUSDT,2021-10-03 00:00:00+00:00,430.5
BNBUSDT,2021-10-04 00:00:00+00:00,426.3
BNBUSDT,2021-10-05 00:00:00+00:00,442.1
BNBUSDT,2021-10-06 00:00:00+00:00,434.9
BNBUSDT,2021-10-07 00:00:00+00:00,438.5
BNBUSDT,2021-10-08 00:00:00+00:00,419.2
BNBUSDT,2021-10-09 00:00:00+00:00,421.9
BNBUSDT,2021-10-10 00:00:00+00:00,404.1
BNBUSDT,2021-10-11 00:00:00+00:00,413.1
BNBUSDT,2021-10-12 00:00:00+00:00,444.2
BNBUSDT,2021-10-13 00:00:00+00:00,470.8
BNBUSDT,2021-10-14 00:00:00+00:00,472.7
BNBUSDT,2021-10-15 00:00:00+00:00,474.5
BNBUSDT,2021-10-16 00:00:00+00:00,465.8
BNBUSDT,2021-10-17 00:00:00+00:00,470.9
BNBUSDT,2021-10-18 00:00:00+00:00,484.9
BNBUSDT,2021-10-19 00:00:00+00:00,488.1
BNBUSDT,2021-10-20 00:00:00+00:00,501.3
BNBUSDT,2021-10-21 00:00:00+00:00,470.9
BNBUSDT,2021-10-22 00:00:00+00:00,479.3
BNBUSDT,2021-10-23 00:00:00+00:00,485.5
BNBUSDT,2021-10-24 00:00:00+00:00,475.8
BNBUSDT,2021-10-25 00:00:00+00:00,485.1
BNBUSDT,2021-10-26 00:00:00+00:00,478.1
BNBUSDT,2021-10-27 00:00:00+00:00,448.7
BNBUSDT,2021-10-28 00:00:00+00:00,491.9
BNBUSDT,2021-10-29 00:00:00+00:00,530.3
BNBUSDT,2021-10-30 00:00:00+00:00,528.3
BNBUSDT,2021-10-31 00:00:00+00:00,524.6
BNBUSDT,2021-11-01 00:00:00+00:00,551.3
BNBUSDT,2021-11-02 00:00:00+00:00,554.4
BNBUSDT,2021-11-03 00:00:00+00:00,568.4
BNBUSDT,2021-11-04 00:00:00+00:00,558.7
BNBUSDT,2021-11-05 00:00:00+00:00,607.3
BNBUSDT,2021-11-06 00:00:00+00:00,637.7
BNBUSDT,2021-11-07 00:00:00+00:00,649.6
BNBUSDT,2021-11-08 00:00:00+00:00,653.5
BNBUSDT,2021-11-09 00:00:00+00:00,635.0
BNBUSDT,2021-11-10 00:00:00+00:00,614.1
BNBUSDT,2021-11-11 00:00:00+00:00,628.4
BNBUSDT,2021-11-12 00:00:00+00:00,626.9
BNBUSDT,2021-11-13 00:00:00+00:00,649.5
BNBUSDT,2021-11-14 00:00:00+00:00,650.8
BNBUSDT,2021-11-15 00:00:00+00:00,633.8
BNBUSDT,2021-11-16 00:00:00+00:00,588.7
BNBUSDT,2021-11-17 00:00:00+00:00,578.0
BNBUSDT,2021-11-18 00:00:00+00:00,531.8
BNBUSDT,2021-11-19 00:00:00+00:00,581.0
BNBUSDT,2021-11-20 00:00:00+00:00,604.3
BNBUSDT,2021-11-21 00:00:00+00:00,584.0
BNBUSDT,2021-11-22 00:00:00+00:00,559.3
BNBUSDT,2021-11-23 00:00:00+00:00,591.1
BNBUSDT,2021-11-24 00:00:00+00:00,590.3
BNBUSDT,2021-11-25 00:00:00+00:00,639.1
BNBUSDT,2021-11-26 00:00:00+00:00,587.3
BNBUSDT,2021-11-27 00:00:00+00:00,599.9
BNBUSDT,2021-11-28 00:00:00+00:00,611.3
BNBUSDT,2021-11-29 00:00:00+00:00,623.4
BNBUSDT,2021-11-30 00:00:00+00:00,622.5
BNBUSDT,2021-12-01 00:00:00+00:00,627.5
BNBUSDT,2021-12-02 00:00:00+00:00,619.9
BNBUSDT,2021-12-03 00:00:00+00:00,595.0
BNBUSDT,2021-12-04 00:00:00+00:00,568.6
BNBUSDT,2021-12-05 00:00:00+00:00,557.8
BNBUSDT,2021-12-06 00:00:00+00:00,587.5
BNBUSDT,2021-12-07 00:00:00+00:00,578.7
BNBUSDT,2021-12-08 00:00:00+00:00,607.2
BNBUSDT,2021-12-09 00:00:00+00:00,570.2
BNBUSDT,2021-12-10 00:00:00+00:00,552.4
BNBUSDT,2021-12-11 00:00:00+00:00,564.5
BNBUSDT,2021-12-12 00:00:00+00:00,570.3
BNBUSDT,2021-12-13 00:00:00+00:00,521.0
BNBUSDT,2021-12-14 00:00:00+00:00,528.1
BNBUSDT,2021-12-15 00:00:00+00:00,541.1
BNBUSDT,2021-12-16 00:00:00+00:00,526.2
BNBUSDT,2021-12-17 00:00:00+00:00,525.5
BNBUSDT,2021-12-18 00:00:00+00:00,533.9
BNBUSDT,2021-12-19 00:00:00+00:00,529.8
BNBUSDT,2021-12-20 00:00:00+00:00,524.0
BNBUSDT,2021-12-21 00:00:00+00:00,528.3
BNBUSDT,2021-12-22 00:00:00+00:00,533.6
BNBUSDT,2021-12-23 00:00:00+00:00,549.0
BNBUSDT,2021-12-24 00:00:00+00:00,
BNBUSDT,2021-12-25 00:00:00+00:00,547.4
BNBUSDT,2021-12-26 00:00:00+00:00,546.4
BNBUSDT,2021-12-27 00:00:00+00:00,563.7
BNBUSDT,2021-12-28 00:00:00+00:00,534.2
BNBUSDT,2021-12-29 00:00:00+00:00,514.5
BNBUSDT,2021-12-30 00:00:00+00:00,518.5
BNBUSDT,2021-12-31 00:00:00+00:00,511.4
BNBUSDT,2022-01-01 00:00:00+00:00,527.3
BNBUSDT,2022-01-02 00:00:00+00:00,531.0
BNBUSDT,2022-01-03 00:00:00+00:00,511.9
BNBUSDT,2022-01-04 00:00:00+00:00,506.9
BNBUSDT,2022-01-05 00:00:00+00:00,474.1
BNBUSDT,2022-01-06 00:00:00+00:00,472.6
BNBUSDT,2022-01-07 00:00:00+00:00,448.1
BNBUSDT,2022-01-08 00:00:00+00:00,429.9
BNBUSDT,2022-01-09 00:00:00+00:00,438.7
BNBUSDT,2022-01-10 00:00:00+00:00,424.7
BNBUSDT,2022-01-11 00:00:00+00:00,463.6
BNBUSDT,2022-01-12 00:00:00+00:00,487.8
BNBUSDT,2022-01-13 00:00:00+00:00,475.2
BNBUSDT,2022-01-14 00:00:00+00:00,490.0
BNBUSDT,2022-01-15 00:00:00+00:00,494.5
BNBUSDT,2022-01-16 00:00:00+00:00,498.6
BNBUSDT,2022-01-17 00:00:00+00:00,475.2
BNBUSDT,2022-01-18 00:00:00+00:00,471.4
BNBUSDT,2022-01-19 00:00:00+00:00,461.9
BNBUSDT,2022-01-20 00:00:00+00:00,440.2
BNBUSDT,2022-01-21 00:00:00+00:00,383.9
BNBUSDT,2022-01-22 00:00:00+00:00,358.3
BNBUSDT,2022-01-23 00:00:00+00:00,383.9
BNBUSDT,2022-01-24 00:00:00+00:00,371.3
BNBUSDT,2022-01-25 00:00:00+00:00,385.1
BNBUSDT,2022-01-26 00:00:00+00:00,375.1
BNBUSDT,2022-01-27 00:00:00+00:00,389.9
BNBUSDT,2022-01-28 00:00:00+00:00,385.9
BNBUSDT,2022-01-29 00:00:00+00:00,389.3
BNBUSDT,2022-01-30 00:00:00+00:00,377.2
BNBUSDT,2022-01-31 00:00:00+00:00,374.3
BNBUSDT,2022-02-01 00:00:00+00:00,384.2
BNBUSDT,2022-02-02 00:00:00+00:00,366.9
BNBUSDT,2022-02-03 00:00:00+00:00,372.3
BNBUSDT,2022-02-04 00:00:00+00:00,399.5
BNBUSDT,2022-02-05 00:00:00+00:00,413.7
BNBUSDT,2022-02-06 00:00:00+00:00,419.9
BNBUSDT,2022-02-07 00:00:00+00:00,433.5
BNBUSDT,2022-02-08 00:00:00+00:00,407.8
BNBUSDT,2022-02-09 00:00:00+00:00,422.9
BNBUSDT,2022-02-10 00:00:00+00:00,414.7
BNBUSDT,2022-02-11 00:00:00+00:00,400.0
BNBUSDT,2022-02-12 00:00:00+00:00,403.6
BNBUSDT,2022-02-13 00:00:00+00:00,397.9
BNBUSDT,2022-02-14 00:00:00+00:00,403.4
BNBUSDT,2022-02-15 00:00:00+00:00,432.4
BNBUSDT,2022-02-16 00:00:00+00:00,427.3
BNBUSDT,2022-02-17 00:00:00+00:00,402.4
BNBUSDT,2022-02-18 00:00:00+00:00,399.2
BNBUSDT,2022-02-19 00:00:00+00:00,399.8
BNBUSDT,2022-02-20 00:00:00+00:00,380.6
BNBUSDT,2022-02-21 00:00:00+00:00,356.6
BNBUSDT,2022-02-22 00:00:00+00:00,374.3
BNBUSDT,2022-02-23 00:00:00+00:00,365.6
BNBUSDT,2022-02-24 00:00:00+00:00,361.2
BNBUSDT,2022-02-25 00:00:00+00:00,375.0
BNBUSDT,2022-02-26 00:00:00+00:00,373.7
BNBUSDT,2022-02-27 00:00:00+00:00,360.1
BNBUSDT,2022-02-28 00:00:00+00:00,395.6
BNBUSDT,2022-03-01 00:00:00+00:00,408.7
BNBUSDT,2022-03-02 00:00:00+00:00,409.3
BNBUSDT,2022-03-03 00:00:00+00:00,402.6
BNBUSDT,2022-03-04 00:00:00+00:00,374.2
BNBUSDT,2022-03-05 00:00:00+00:00,384.7
BNBUSDT,2022-03-06 00:00:00+00:00,375.0
BNBUSDT,2022-03-07 00:00:00+00:00,380.6
BNBUSDT,2022-03-08 00:00:00+00:00,381.4
BNBUSDT,2022-03-09 00:00:00+00:00,393.2
BNBUSDT,2022-03-10 00:00:00+00:00,372.0
BNBUSDT,2022-03-11 00:00:00+00:00,371.9
BNBUSDT,2022-03-12 00:00:00+00:00,372.4
BNBUSDT,2022-03-13 00:00:00+00:00,361.4
BNBUSDT,2022-03-14 00:00:00+00:00,373.4
BNBUSDT,2022-03-15 00:00:00+00:00,371.7
BNBUSDT,2022-03-16 00:00:00+00:00,385.4
BNBUSDT,2022-03-17 00:00:00+00:00,391.8
BNBUSDT,2022-03-18 00:00:00+00:00,397.2
BNBUSDT,2022-03-19 00:00:00+00:00,399.9
BNBUSDT,2022-03-20 00:00:00+00:00,390.8
BNBUSDT,2022-03-21 00:00:00+00:00,396.0
BNBUSDT,2022-03-22 00:00:00+00:00,404.3
BNBUSDT,2022-03-23 00:00:00+00:00,408.4
BNBUSDT,2022-03-24 00:00:00+00:00,414.2
BNBUSDT,2022-03-25 00:00:00+00:00,410.3
BNBUSDT,2022-03-26 00:00:00+00:00,415.8
BNBUSDT,2022-03-27 00:00:00+00:00,430.5
BNBUSDT,2022-03-28 00:00:00+00:00,430.2
BNBUSDT,2022-03-29 00:00:00+00:00,434.2
BNBUSDT,2022-03-30 00:00:00+00:00,442.1
BNBUSDT,2022-03-31 00:00:00+00:00,428.9
BNBUSDT,2022-04-01 00:00:00+00:00,447.7
BNBUSDT,2022-04-02 00:00:00+00:00,437.2
BNBUSDT,2022-04-03 00:00:00+00:00,450.4
BNBUSDT,2022-04-04 00:00:00+00:00,447.6
BNBUSDT,2022-04-05 00:00:00+00:00,444.7
BNBUSDT,2022-04-06 00:00:00+00:00,420.1
BNBUSDT,2022-04-07 00:00:00+00:00,436.0
BNBUSDT,2022-04-08 00:00:00+00:00,421.5
BNBUSDT,2022-04-09 00:00:00+00:00,426.6
BNBUSDT,2022-04-10 00:00:00+00:00,418.1
BNBUSDT,2022-04-11 00:00:00+00:00,394.6
BNBUSDT,2022-04-12 00:00:00+00:00,413.6
BNBUSDT,2022-04-13 00:00:00+00:00,423.4
BNBUSDT,2022-04-14 00:00:00+00:00,414.7
BNBUSDT,2022-04-15 00:00:00+00:00,417.3
BNBUSDT,2022-04-16 00:00:00+00:00,417.3
BNBUSDT,2022-04-17 00:00:00+00:00,406.6
BNBUSDT,2022-04-18 00:00:00+00:00,416.8
BNBUSDT,2022-04-19 00:00:00+00:00,422.3
BNBUSDT,2022-04-20 00:00:00+00:00,418.4
BNBUSDT,2022-04-21 00:00:00+00:00,404.9
BNBUSDT,2022-04-22 00:00:00+00:00,406.6
BNBUSDT,2022-04-23 00:00:00+00:00,401.1
BNBUSDT,2022-04-24 00:00:00+00:00,398.8
BNBUSDT,2022-04-25 00:00:00+00:00,404.3
BNBUSDT,2022-04-26 00:00:00+00:00,385.9
BNBUSDT,2022-04-27 00:00:00+00:00,391.3
BNBUSDT,2022-04-28 00:00:00+00:00,407.1
BNBUSDT,2022-04-29 00:00:00+00:00,393.0
BNBUSDT,2022-04-30 00:00:00+00:00,377.1
BNBUSDT,2022-05-01 00:00:00+00:00,389.9
BNBUSDT,2022-05-02 00:00:00+00:00,389.5
BNBUSDT,2022-05-03 00:00:00+00:00,383.9
BNBUSDT,2022-05-04 00:00:00+00:00,402.6
BNBUSDT,2022-05-05 00:00:00+00:00,378.4
BNBUSDT,2022-05-06 00:00:00+00:00,379.1
BNBUSDT,2022-05-07 00:00:00+00:00,365.5
BNBUSDT,2022-05-08 00:00:00+00:00,355.9
BNBUSDT,2022-05-09 00:00:00+00:00,296.1
BNBUSDT,2022-05-10 00:00:00+00:00,319.1
BNBUSDT,2022-05-11 00:00:00+00:00,271.5
BNBUSDT,2022-05-12 00:00:00+00:00,269.0
BNBUSDT,2022-05-13 00:00:00+00:00,290.6
BNBUSDT,2022-05-14 00:00:00+00:00,296.9
BNBUSDT,2022-05-15 00:00:00+00:00,312.4
BNBUSDT,2022-05-16 00:00:00+00:00,297.2
BNBUSDT,2022-05-17 00:00:00+00:00,306.2
BNBUSDT,2022-05-18 00:00:00+00:00,287.7
BNBUSDT,2022-05-19 00:00:00+00:00,307.1
BNBUSDT,2022-05-20 00:00:00+00:00,302.2
BNBUSDT,2022-05-21 00:00:00+00:00,312.4
BNBUSDT,2022-05-22 00:00:00+00:00,319.4
BNBUSDT,2022-05-23 00:00:00+00:00,317.2
BNBUSDT,2022-05-24 00:00:00+00:00,328.3
BNBUSDT,2022-05-25 00:00:00+00:00,325.7
BNBUSDT,2022-05-26 00:00:00+00:00,303.0
BNBUSDT,2022-05-27 00:00:00+00:00,301.6
BNBUSDT,2022-05-28 00:00:00+00:00,307.5
BNBUSDT,2022-05-29 00:00:00+00:00,305.8
BNBUSDT,2022-05-30 00:00:00+00:00,321.8
BNBUSDT,2022-05-31 00:00:00+00:00,320.9
BNBUSDT,2022-06-01 00:00:00+00:00,300.4
BNBUSDT,2022-06-02 00:00:00+00:00,308.3
BNBUSDT,2022-06-03 00:00:00+00:00,298.6
BNBUSDT,2022-06-04 00:00:00+00:00,301.3
BNBUSDT,2022-06-05 00:00:00+00:00,299.1
BNBUSDT,2022-06-06 00:00:00+00:00,295.1
BNBUSDT,2022-06-07 00:00:00+00:00,290.3
BNBUSDT,2022-06-08 00:00:00+00:00,288.5
BNBUSDT,2022-06-09 00:00:00+00:00,289.9
BNBUSDT,2022-06-10 00:00:00+00:00,286.4
BNBUSDT,2022-06-11 00:00:00+00:00,269.9
BNBUSDT,2022-06-12 00:00:00+00:00,254.8
BNBUSDT,2022-06-13 00:00:00+00:00,223.0
BNBUSDT,2022-06-14 00:00:00+00:00,223.0
BNBUSDT,2022-06-15 00:00:00+00:00,233.6
BNBUSDT,2022-06-16 00:00:00+00:00,210.2
BNBUSDT,2022-06-17 00:00:00+00:00,215.8
BNBUSDT,2022-06-18 00:00:00+00:00,197.0
BNBUSDT,2022-06-19 00:00:00+00:00,215.1
BNBUSDT,2022-06-20 00:00:00+00:00,216.5
BNBUSDT,2022-06-21 00:00:00+00:00,220.1
BNBUSDT,2022-06-22 00:00:00+00:00,214.4
BNBUSDT,2022-06-23 00:00:00+00:00,228.9
BNBUSDT,2022-06-24 00:00:00+00:00,240.2
BNBUSDT,2022-06-25 00:00:00+00:00,239.7
BNBUSDT,2022-06-26 00:00:00+00:00,233.9
BNBUSDT,2022-06-27 00:00:00+00:00,233.8
BNBUSDT,2022-06-28 00:00:00+00:00,226.9
BNBUSDT,2022-06-29 00:00:00+00:00,219.7
BNBUSDT,2022-06-30 00:00:00+00:00,219.6
BNBUSDT,2022-07-01 00:00:00+00:00,216.9
BNBUSDT,2022-07-02 00:00:00+00:00,218.3
BNBUSDT,2022-07-03 00:00:00+00:00,219.2
BNBUSDT,2022-07-04 00:00:00+00:00,231.5
BNBUSDT,2022-07-05 00:00:00+00:00,230.8
BNBUSDT,2022-07-06 00:00:00+00:00,238.6
BNBUSDT,2022-07-07 00:00:00+00:00,241.4
BNBUSDT,2022-07-08 00:00:00+00:00,240.7
BNBUSDT,2022-07-09 00:00:00+00:00,243.3
BNBUSDT,2022-07-10 00:00:00+00:00,234.7
BNBUSDT,2022-07-11 00:00:00+00:00,225.6
BNBUSDT,2022-07-12 00:00:00+00:00,220.6
BNBUSDT,2022-07-13 00:00:00+00:00,230.5
BNBUSDT,2022-07-14 00:00:00+00:00,238.5
BNBUSDT,2022-07-15 00:00:00+00:00,238.5
BNBUSDT,2022-07-16 00:00:00+00:00,249.8
BNBUSDT,2022-07-17 00:00:00+00:00,247.8
BNBUSDT,2022-07-18 00:00:00+00:00,264.1
BNBUSDT,2022-07-19 00:00:00+00:00,268.6
BNBUSDT,2022-07-20 00:00:00+00:00,258.2
BNBUSDT,2022-07-21 00:00:00+00:00,265.6
BNBUSDT,2022-07-22 00:00:00+00:00,262.4
BNBUSDT,2022-07-23 00:00:00+00:00,259.2
BNBUSDT,2022-07-24 00:00:00+00:00,261.4
BNBUSDT,2022-07-25 00:00:00+00:00,244.6
BNBUSDT,2022-07-26 00:00:00+00:00,249.4
BNBUSDT,2022-07-27 00:00:00+00:00,271.6
BNBUSDT,2022-07-28 00:00:00+00:00,277.2
BNBUSDT,2022-07-29 00:00:00+00:00,293.6
BNBUSDT,2022-07-30 00:00:00+00:00,287.8
BNBUSDT,2022-07-31 00:00:00+00:00,283.4
BNBUSDT,2022-08-01 00:00:00+00:00,283.2
BNBUSDT,2022-08-02 00:00:00+00:00,283.8
BNBUSDT,2022-08-03 00:00:00+00:00,297.5
BNBUSDT,2022-08-04 00:00:00+00:00,311.8
BNBUSDT,2022-08-05 00:00:00+00:00,315.9
BNBUSDT,2022-08-06 00:00:00+00:00,315.2
BNBUSDT,2022-08-07 00:00:00+00:00,322.8
BNBUSDT,2022-08-08 00:00:00+00:00,324.9
BNBUSDT,2022-08-09 00:00:00+00:00,324.4
BNBUSDT,2022-08-10 00:00:00+00:00,328.8
BNBUSDT,2022-08-11 00:00:00+00:00,323.6
BNBUSDT,2022-08-12 00:00:00+00:00,327.9
BNBUSDT,2022-08-13 00:00:00+00:00,324.3
BNBUSDT,2022-08-14 00:00:00+00:00,317.6
BNBUSDT,2022-08-15 00:00:00+00:00,319.5
BNBUSDT,2022-08-16 00:00:00+00:00,316.1
BNBUSDT,2022-08-17 00:00:00+00:00,306.9
BNBUSDT,2022-08-18 00:00:00+00:00,298.1
BNBUSDT,2022-08-19 00:00:00+00:00,279.1
BNBUSDT,2022-08-20 00:00:00+00:00,283.7
BNBUSDT,2022-08-21 00:00:00+00:00,301.9
BNBUSDT,2022-08-22 00:00:00+00:00,300.0
BNBUSDT,2022-08-23 00:00:00+00:00,299.3
BNBUSDT,2022-08-24 00:00:00+00:00,296.4
BNBUSDT,2022-08-25 00:00:00+00:00,301.2
BNBUSDT,2022-08-26 00:00:00+00:00,279.6
BNBUSDT,2022-08-27 00:00:00+00:00,277.9
BNBUSDT,2022-08-28 00:00:00+00:00,276.5
BNBUSDT,2022-08-29 00:00:00+00:00,285.9
BNBUSDT,2022-08-30 00:00:00+00:00,281.6
BNBUSDT,2022-08-31 00:00:00+00:00,279.2
BNBUSDT,2022-09-01 00:00:00+00:00,278.3
BNBUSDT,2022-09-02 00:00:00+00:00,277.5
BNBUSDT,2022-09-03 00:00:00+00:00,277.8
BNBUSDT,2022-09-04 00:00:00+00:00,279.1
BNBUSDT,2022-09-05 00:00:00+00:00,276.9
BNBUSDT,2022-09-06 00:00:00+00:00,262.5
BNBUSDT,2022-09-07 00:00:00+00:00,278.9
BNBUSDT,2022-09-08 00:00:00+00:00,280.5
BNBUSDT,2022-09-09 00:00:00+00:00,293.4
BNBUSDT,2022-09-10 00:00:00+00:00,296.7
BNBUSDT,2022-09-11 00:00:00+00:00,295.3
BNBUSDT,2022-09-12 00:00:00+00:00,294.1
BNBUSDT,2022-09-13 00:00:00+00:00,277.4
BNBUSDT,2022-09-14 00:00:00+00:00,279.3
BNBUSDT,2022-09-15 00:00:00+00:00,271.1
BNBUSDT,2022-09-16 00:00:00+00:00,274.9
BNBUSDT,2022-09-17 00:00:00+00:00,279.1
BNBUSDT,2022-09-18 00:00:00+00:00,266.2
BNBUSDT,2022-09-19 00:00:00+00:00,271.9
BNBUSDT,2022-09-20 00:00:00+00:00,266.3
BNBUSDT,2022-09-21 00:00:00+00:00,264.0
BNBUSDT,2022-09-22 00:00:00+00:00,275.3
BNBUSDT,2022-09-23 00:00:00+00:00,276.7
BNBUSDT,2022-09-24 00:00:00+00:00,274.4
BNBUSDT,2022-09-25 00:00:00+00:00,274.3
BNBUSDT,2022-09-26 00:00:00+00:00,276.1
BNBUSDT,2022-09-27 00:00:00+00:00,272.3
BNBUSDT,2022-09-28 00:00:00+00:00,281.6
BNBUSDT,2022-09-29 00:00:00+00:00,284.1
BNBUSDT,2022-09-30 00:00:00+00:00,284.8
BNBUSDT,2022-10-01 00:00:00+00:00,282.9
BNBUSDT,2022-10-02 00:00:00+00:00,284.7
BNBUSDT,2022-10-03 00:00:00+00:00,286.9
BNBUSDT,2022-10-04 00:00:00+00:00,296.2
BNBUSDT,2022-10-05 00:00:00+00:00,294.2
BNBUSDT,2022-10-06 00:00:00+00:00,287.0
BNBUSDT,2022-10-07 00:00:00+00:00,282.3
BNBUSDT,2022-10-08 00:00:00+00:00,276.4
BNBUSDT,2022-10-09 00:00:00+00:00,278.2
BNBUSDT,2022-10-10 00:00:00+00:00,271.5
BNBUSDT,2022-10-11 00:00:00+00:00,271.4
BNBUSDT,2022-10-12 00:00:00+00:00,270.9
BNBUSDT,2022-10-13 00:00:00+00:00,271.6
BNBUSDT,2022-10-14 00:00:00+00:00,269.4
BNBUSDT,2022-10-15 00:00:00+00:00,268.2
BNBUSDT,2022-10-16 00:00:00+00:00,272.5
BNBUSDT,2022-10-17 00:00:00+00:00,275.6
BNBUSDT,2022-10-18 00:00:00+00:00,273.1
BNBUSDT,2022-10-19 00:00:00+00:00,272.0
BNBUSDT,2022-10-20 00:00:00+00:00,269.0
BNBUSDT,2022-10-21 00:00:00+00:00,270.1
BNBUSDT,2022-10-22 00:00:00+00:00,270.4
BNBUSDT,2022-10-23 00:00:00+00:00,276.0
BNBUSDT,2022-10-24 00:00:00+00:00,274.1
BNBUSDT,2022-10-25 00:00:00+00:00,284.2
BNBUSDT,2022-10-26 00:00:00+00:00,290.2
BNBUSDT,2022-10-27 00:00:00+00:00,286.7
BNBUSDT,2022-10-28 00:00:00+00:00,297.9
BNBUSDT,2022-10-29 00:00:00+00:00,304.4
BNBUSDT,2022-10-30 00:00:00+00:00,313.5
BNBUSDT,2022-10-31 00:00:00+00:00,325.7
BNBUSDT,2022-11-01 00:00:00+00:00,323.9
BNBUSDT,2022-11-02 00:00:00+00:00,320.2
BNBUSDT,2022-11-03 00:00:00+00:00,329.5
BNBUSDT,2022-11-04 00:00:00+00:00,354.6
BNBUSDT,2022-11-05 00:00:00+00:00,349.2
BNBUSDT,2022-11-06 00:00:00+00:00,337.9
BNBUSDT,2022-11-07 00:00:00+00:00,337.0
BNBUSDT,2022-11-08 00:00:00+00:00,327.4
BNBUSDT,2022-11-09 00:00:00+00:00,267.3
BNBUSDT,2022-11-10 00:00:00+00:00,304.0
BNBUSDT,2022-11-11 00:00:00+00:00,290.4
BNBUSDT,2022-11-12 00:00:00+00:00,282.8
BNBUSDT,2022-11-13 00:00:00+00:00,276.4
BNBUSDT,2022-11-14 00:00:00+00:00,279.0
BNBUSDT,2022-11-15 00:00:00+00:00,277.0
BNBUSDT,2022-11-16 00:00:00+00:00,271.8
BNBUSDT,2022-11-17 00:00:00+00:00,267.9
BNBUSDT,2022-11-18 00:00:00+00:00,274.1
BNBUSDT,2022-11-19 00:00:00+00:00,272.6
BNBUSDT,2022-11-20 00:00:00+00:00,264.2
BNBUSDT,2022-11-21 00:00:00+00:00,253.9
BNBUSDT,2022-11-22 00:00:00+00:00,266.7
BNBUSDT,2022-11-23 00:00:00+00:00,298.8
BNBUSDT,2022-11-24 00:00:00+00:00,300.2
BNBUSDT,2022-11-25 00:00:00+00:00,300.8
BNBUSDT,2022-11-26 00:00:00+00:00,311.4
BNBUSDT,2022-11-27 00:00:00+00:00,307.6
BNBUSDT,2022-11-28 00:00:00+00:00,293.5
BNBUSDT,2022-11-29 00:00:00+00:00,295.4
BNBUSDT,2022-11-30 00:00:00+00:00,300.6
BNBUSDT,2022-12-01 00:00:00+00:00,292.3
BNBUSDT,2022-12-02 00:00:00+00:00,293.4
BNBUSDT,2022-12-03 00:00:00+00:00,290.4
BNBUSDT,2022-12-04 00:00:00+00:00,291.8
BNBUSDT,2022-12-05 00:00:00+00:00,288.4
BNBUSDT,2022-12-06 00:00:00+00:00,290.2
BNBUSDT,2022-12-07 00:00:00+00:00,284.2
BNBUSDT,2022-12-08 00:00:00+00:00,290.4
BNBUSDT,2022-12-09 00:00:00+00:00,286.0
BNBUSDT,2022-12-10 00:00:00+00:00,288.2
BNBUSDT,2022-12-11 00:00:00+00:00,284.4
BNBUSDT,2022-12-12 00:00:00+00:00,276.1
BNBUSDT,2022-12-13 00:00:00+00:00,272.2
BNBUSDT,2022-12-14 00:00:00+00:00,267.7
BNBUSDT,2022-12-15 00:00:00+00:00,258.8
BNBUSDT,2022-12-16 00:00:00+00:00,231.2
BNBUSDT,2022-12-17 00:00:00+00:00,242.1
BNBUSDT,2022-12-18 00:00:00+00:00,251.0
BNBUSDT,2022-12-19 00:00:00+00:00,240.4
BNBUSDT,2022-12-20 00:00:00+00:00,251.4
BNBUSDT,2022-12-21 00:00:00+00:00,246.2
BNBUSDT,2022-12-22 00:00:00+00:00,245.8
BNBUSDT,2022-12-23 00:00:00+00:00,246.2
BNBUSDT,2022-12-24 00:00:00+00:00,244.5
BNBUSDT,2022-12-25 00:00:00+00:00,243.2
BNBUSDT,2022-12-26 00:00:00+00:00,244.3
BNBUSDT,2022-12-27 00:00:00+00:00,246.7
BNBUSDT,2022-12-28 00:00:00+00:00,244.5
BNBUSDT,2022-12-29 00:00:00+00:00,246.3
BNBUSDT,2022-12-30 00:00:00+00:00,245.8
BNBUSDT,2022-12-31 00:00:00+00:00,246.3
BNBUSDT,2023-01-01 00:00:00+00:00,244.4
BNBUSDT,2023-01-02 00:00:00+00:00,245.2
BNBUSDT,2023-01-03 00:00:00+00:00,246.1
BNBUSDT,2023-01-04 00:00:00+00:00,258.9
BNBUSDT,2023-01-05 00:00:00+00:00,256.7
BNBUSDT,2023-01-06 00:00:00+00:00,259.9
BNBUSDT,2023-01-07 00:00:00+00:00,261.3
BNBUSDT,2023-01-08 00:00:00+00:00,274.9
BNBUSDT,2023-01-09 00:00:00+00:00,272.6
BNBUSDT,2023-01-10 00:00:00+00:00,277.1
BNBUSDT,2023-01-11 00:00:00+00:00,284.8
BNBUSDT,2023-01-12 00:00:00+00:00,287.7
BNBUSDT,2023-01-13 00:00:00+00:00,293.7
BNBUSDT,2023-01-14 00:00:00+00:00,305.1
BNBUSDT,2023-01-15 00:00:00+00:00,302.2
BNBUSDT,2023-01-16 00:00:00+00:00,299.0
BNBUSDT,2023-01-17 00:00:00+00:00,299.4
BNBUSDT,2023-01-18 00:00:00+00:00,286.7
BNBUSDT,2023-01-19 00:00:00+00:00,294.6
BNBUSDT,2023-01-20 00:00:00+00:00,305.1
BNBUSDT,2023-01-21 00:00:00+00:00,299.0
BNBUSDT,2023-01-22 00:00:00+00:00,303.0
BNBUSDT,2023-01-23 00:00:00+00:00,305.1
BNBUSDT,2023-01-24 00:00:00+00:00,300.3
BNBUSDT,2023-01-25 00:00:00+00:00,306.9
BNBUSDT,2023-01-26 00:00:00+00:00,304.7
BNBUSDT,2023-01-27 00:00:00+00:00,308.0
BNBUSDT,2023-01-28 00:00:00+00:00,306.1
BNBUSDT,2023-01-29 00:00:00+00:00,317.2
BNBUSDT,2023-01-30 00:00:00+00:00,307.2
BNBUSDT,2023-01-31 00:00:00+00:00,312.0
BNBUSDT,2023-02-01 00:00:00+00:00,317.0
BNBUSDT,2023-02-02 00:00:00+00:00,323.5
BNBUSDT,2023-02-03 00:00:00+00:00,332.2
BNBUSDT,2023-02-04 00:00:00+00:00,330.4
BNBUSDT,2023-02-05 00:00:00+00:00,327.8
BNBUSDT,2023-02-06 00:00:00+00:00,324.3
BNBUSDT,2023-02-07 00:00:00+00:00,333.0
BNBUSDT,2023-02-08 00:00:00+00:00,328.2
BNBUSDT,2023-02-09 00:00:00+00:00,306.2
BNBUSDT,2023-02-10 00:00:00+00:00,305.8
BNBUSDT,2023-02-11 00:00:00+00:00,310.4
BNBUSDT,2023-02-12 00:00:00+00:00,312.6
BNBUSDT,2023-02-13 00:00:00+00:00,294.3
BNBUSDT,2023-02-14 00:00:00+00:00,296.2
BNBUSDT,2023-02-15 00:00:00+00:00,317.4
BNBUSDT,2023-02-16 00:00:00+00:00,304.4
BNBUSDT,2023-02-17 00:00:00+00:00,313.0
BNBUSDT,2023-02-18 00:00:00+00:00,316.5
BNBUSDT,2023-02-19 00:00:00+00:00,311.5
BNBUSDT,2023-02-20 00:00:00+00:00,315.4
BNBUSDT,2023-02-21 00:00:00+00:00,311.5
BNBUSDT,2023-02-22 00:00:00+00:00,312.4
BNBUSDT,2023-02-23 00:00:00+00:00,308.3
BNBUSDT,2023-02-24 00:00:00+00:00,302.3
BNBUSDT,2023-02-25 00:00:00+00:00,302.4
BNBUSDT,2023-02-26 00:00:00+00:00,308.7
BNBUSDT,2023-02-27 00:00:00+00:00,304.6
BNBUSDT,2023-02-28 00:00:00+00:00,301.4
BNBUSDT,2023-03-01 00:00:00+00:00,302.7
BNBUSDT,2023-03-02 00:00:00+00:00,299.8
BNBUSDT,2023-03-03 00:00:00+00:00,290.4
BNBUSDT,2023-03-04 00:00:00+00:00,289.6
BNBUSDT,2023-03-05 00:00:00+00:00,288.7
BNBUSDT,2023-03-06 00:00:00+00:00,287.8
BNBUSDT,2023-03-07 00:00:00+00:00,289.3
BNBUSDT,2023-03-08 00:00:00+00:00,287.1
BNBUSDT,2023-03-09 00:00:00+00:00,277.1
BNBUSDT,2023-03-10 00:00:00+00:00,277.4
BNBUSDT,2023-03-11 00:00:00+00:00,276.0
BNBUSDT,2023-03-12 00:00:00+00:00,288.1
BNBUSDT,2023-03-13 00:00:00+00:00,307.9
BNBUSDT,2023-03-14 00:00:00+00:00,308.4
BNBUSDT,2023-03-15 00:00:00+00:00,306.3
BNBUSDT,2023-03-16 00:00:00+00:00,329.4
BNBUSDT,2023-03-17 00:00:00+00:00,338.9
BNBUSDT,2023-03-18 00:00:00+00:00,331.0
BNBUSDT,2023-03-19 00:00:00+00:00,336.7
BNBUSDT,2023-03-20 00:00:00+00:00,332.5
BNBUSDT,2023-03-21 00:00:00+00:00,334.4
BNBUSDT,2023-03-22 00:00:00+00:00,321.1
BNBUSDT,2023-03-23 00:00:00+00:00,329.4
BNBUSDT,2023-03-24 00:00:00+00:00,
BNBUSDT,2023-03-25 00:00:00+00:00,322.4
BNBUSDT,2023-03-26 00:00:00+00:00,328.6
BNBUSDT,2023-03-27 00:00:00+00:00,310.6
BNBUSDT,2023-03-28 00:00:00+00:00,313.2
BNBUSDT,2023-03-29 00:00:00+00:00,313.7
BNBUSDT,2023-03-30 00:00:00+00:00,316.4
BNBUSDT,2023-03-31 00:00:00+00:00,316.9
BNBUSDT,2023-04-01 00:00:00+00:00,314.9
BNBUSDT,2023-04-02 00:00:00+00:00,313.7
BNBUSDT,2023-04-03 00:00:00+00:00,308.8
BNBUSDT,2023-04-04 00:00:00+00:00,310.8
BNBUSDT,2023-04-05 00:00:00+00:00,313.9
BNBUSDT,2023-04-06 00:00:00+00:00,312.3
BNBUSDT,2023-04-07 00:00:00+00:00,310.3
BNBUSDT,2023-04-08 00:00:00+00:00,310.5
BNBUSDT,2023-04-09 00:00:00+00:00,312.8
BNBUSDT,2023-04-10 00:00:00+00:00,318.5
BNBUSDT,2023-04-11 00:00:00+00:00,322.3
BNBUSDT,2023-04-12 00:00:00+00:00,319.9
BNBUSDT,2023-04-13 00:00:00+00:00,324.7
BNBUSDT,2023-04-14 00:00:00+00:00,328.9
BNBUSDT,2023-04-15 00:00:00+00:00,333.0
BNBUSDT,2023-04-16 00:00:00+00:00,347.7
BNBUSDT,2023-04-17 00:00:00+00:00,340.0
BNBUSDT,2023-04-18 00:00:00+00:00,343.1
BNBUSDT,2023-04-19 00:00:00+00:00,322.4
BNBUSDT,2023-04-20 00:00:00+00:00,318.1
BNBUSDT,2023-04-21 00:00:00+00:00,321.2
BNBUSDT,2023-04-22 00:00:00+00:00,332.2
BNBUSDT,2023-04-23 00:00:00+00:00,330.7
BNBUSDT,2023-04-24 00:00:00+00:00,331.2
BNBUSDT,2023-04-25 00:00:00+00:00,338.4
BNBUSDT,2023-04-26 00:00:00+00:00,330.6
BNBUSDT,2023-04-27 00:00:00+00:00,330.9
BNBUSDT,2023-04-28 00:00:00+00:00,324.1
BNBUSDT,2023-04-29 00:00:00+00:00,321.9
BNBUSDT,2023-04-30 00:00:00+00:00,337.5
BNBUSDT,2023-05-01 00:00:00+00:00,328.5
BNBUSDT,2023-05-02 00:00:00+00:00,321.5
BNBUSDT,2023-05-03 00:00:00+00:00,325.9
BNBUSDT,2023-05-04 00:00:00+00:00,323.8
BNBUSDT,2023-05-05 00:00:00+00:00,326.5
BNBUSDT,2023-05-06 00:00:00+00:00,321.9
BNBUSDT,2023-05-07 00:00:00+00:00,321.0
BNBUSDT,2023-05-08 00:00:00+00:00,313.8
BNBUSDT,2023-05-09 00:00:00+00:00,312.1
BNBUSDT,2023-05-10 00:00:00+00:00,314.3
BNBUSDT,2023-05-11 00:00:00+00:00,307.5
BNBUSDT,2023-05-12 00:00:00+00:00,308.5
BNBUSDT,2023-05-13 00:00:00+00:00,310.7
BNBUSDT,2023-05-14 00:00:00+00:00,312.1
BNBUSDT,2023-05-15 00:00:00+00:00,313.4
BNBUSDT,2023-05-16 00:00:00+00:00,311.4
BNBUSDT,2023-05-17 00:00:00+00:00,314.3
BNBUSDT,2023-05-18 00:00:00+00:00,309.3
BNBUSDT,2023-05-19 00:00:00+00:00,308.9
BNBUSDT,2023-05-20 00:00:00+00:00,310.6
BNBUSDT,2023-05-21 00:00:00+00:00,306.4
BNBUSDT,2023-05-22 00:00:00+00:00,309.0
BNBUSDT,2023-05-23 00:00:00+00:00,313.5
BNBUSDT,2023-05-24 00:00:00+00:00,306.0
BNBUSDT,2023-05-25 00:00:00+00:00,304.5
BNBUSDT,2023-05-26 00:00:00+00:00,306.8
BNBUSDT,2023-05-27 00:00:00+00:00,307.4
BNBUSDT,2023-05-28 00:00:00+00:00,314.1
BNBUSDT,2023-05-29 00:00:00+00:00,311.6
BNBUSDT,2023-05-30 00:00:00+00:00,311.5
BNBUSDT,2023-05-31 00:00:00+00:00,306.8
BNBUSDT,2023-06-01 00:00:00+00:00,304.9
BNBUSDT,2023-06-02 00:00:00+00:00,307.2
BNBUSDT,2023-06-03 00:00:00+00:00,306.6
BNBUSDT,2023-06-04 00:00:00+00:00,305.0
BNBUSDT,2023-06-05 00:00:00+00:00,276.9
BNBUSDT,2023-06-06 00:00:00+00:00,281.2
BNBUSDT,2023-06-07 00:00:00+00:00,259.3
BNBUSDT,2023-06-08 00:00:00+00:00,262.0
BNBUSDT,2023-06-09 00:00:00+00:00,260.5
BNBUSDT,2023-06-10 00:00:00+00:00,238.7
BNBUSDT,2023-06-11 00:00:00+00:00,235.4
BNBUSDT,2023-06-12 00:00:00+00:00,231.3
BNBUSDT,2023-06-13 00:00:00+00:00,244.2
BNBUSDT,2023-06-14 00:00:00+00:00,237.9
BNBUSDT,2023-06-15 00:00:00+00:00,236.4
BNBUSDT,2023-06-16 00:00:00+00:00,239.3
BNBUSDT,2023-06-17 00:00:00+00:00,244.5
BNBUSDT,2023-06-18 00:00:00+00:00,244.1
BNBUSDT,2023-06-19 00:00:00+00:00,243.1
BNBUSDT,2023-06-20 00:00:00+00:00,247.7
BNBUSDT,2023-06-21 00:00:00+00:00,248.8
BNBUSDT,2023-06-22 00:00:00+00:00,240.8
BNBUSDT,2023-06-23 00:00:00+00:00,244.3
BNBUSDT,2023-06-24 00:00:00+00:00,236.4
BNBUSDT,2023-06-25 00:00:00+00:00,238.8
BNBUSDT,2023-06-26 00:00:00+00:00,236.1
BNBUSDT,2023-06-27 00:00:00+00:00,237.5
BNBUSDT,2023-06-28 00:00:00+00:00,230.6
BNBUSDT,2023-06-29 00:00:00+00:00,233.1
BNBUSDT,2023-06-30 00:00:00+00:00,240.3
BNBUSDT,2023-07-01 00:00:00+00:00,247.9
BNBUSDT,2023-07-02 00:00:00+00:00,246.5
BNBUSDT,2023-07-03 00:00:00+00:00,246.5
BNBUSDT,2023-07-04 00:00:00+00:00,242.5
BNBUSDT,2023-07-05 00:00:00+00:00,238.9
BNBUSDT,2023-07-06 00:00:00+00:00,232.2
BNBUSDT,2023-07-07 00:00:00+00:00,235.6
BNBUSDT,2023-07-08 00:00:00+00:00,236.3
BNBUSDT,2023-07-09 00:00:00+00:00,234.1
BNBUSDT,2023-07-10 00:00:00+00:00,246.2
BNBUSDT,2023-07-11 00:00:00+00:00,248.6
BNBUSDT,2023-07-12 00:00:00+00:00,243.9
BNBUSDT,2023-07-13 00:00:00+00:00,256.1
BNBUSDT,2023-07-14 00:00:00+00:00,248.1
BNBUSDT,2023-07-15 00:00:00+00:00,251.1
BNBUSDT,2023-07-16 00:00:00+00:00,242.3
BNBUSDT,2023-07-17 00:00:00+00:00,244.1
BNBUSDT,2023-07-18 00:00:00+00:00,240.2
BNBUSDT,2023-07-19 00:00:00+00:00,240.8
BNBUSDT,2023-07-20 00:00:00+00:00,242.8
BNBUSDT,2023-07-21 00:00:00+00:00,243.7
BNBUSDT,2023-07-22 00:00:00+00:00,241.1
BNBUSDT,2023-07-23 00:00:00+00:00,242.5
BNBUSDT,2023-07-24 00:00:00+00:00,238.9
BNBUSDT,2023-07-25 00:00:00+00:00,237.7
BNBUSDT,2023-07-26 00:00:00+00:00,239.0
BNBUSDT,2023-07-27 00:00:00+00:00,240.6
BNBUSDT,2023-07-28 00:00:00+00:00,241.9
BNBUSDT,2023-07-29 00:00:00+00:00,242.4
BNBUSDT,2023-07-30 00:00:00+00:00,242.5
BNBUSDT,2023-07-31 00:00:00+00:00,241.0
BNBUSDT,2023-08-01 00:00:00+00:00,247.7
BNBUSDT,2023-08-02 00:00:00+00:00,240.7
BNBUSDT,2023-08-03 00:00:00+00:00,241.1
BNBUSDT,2023-08-04 00:00:00+00:00,241.7
BNBUSDT,2023-08-05 00:00:00+00:00,243.2
BNBUSDT,2023-08-06 00:00:00+00:00,243.2
BNBUSDT,2023-08-07 00:00:00+00:00,242.1
BNBUSDT,2023-08-08 00:00:00+00:00,245.2
BNBUSDT,2023-08-09 00:00:00+00:00,243.8
BNBUSDT,2023-08-10 00:00:00+00:00,241.5
BNBUSDT,2023-08-11 00:00:00+00:00,239.7
BNBUSDT,2023-08-12 00:00:00+00:00,240.3
BNBUSDT,2023-08-13 00:00:00+00:00,240.2
BNBUSDT,2023-08-14 00:00:00+00:00,240.4
BNBUSDT,2023-08-15 00:00:00+00:00,236.7
BNBUSDT,2023-08-16 00:00:00+00:00,232.0
BNBUSDT,2023-08-17 00:00:00+00:00,218.1
BNBUSDT,2023-08-18 00:00:00+00:00,216.1
BNBUSDT,2023-08-19 00:00:00+00:00,216.8
BNBUSDT,2023-08-20 00:00:00+00:00,216.5
BNBUSDT,2023-08-21 00:00:00+00:00,210.4
BNBUSDT,2023-08-22 00:00:00+00:00,210.9
BNBUSDT,2023-08-23 00:00:00+00:00,216.6
BNBUSDT,2023-08-24 00:00:00+00:00,219.0
BNBUSDT,2023-08-25 00:00:00+00:00,218.4
BNBUSDT,2023-08-26 00:00:00+00:00,216.5
BNBUSDT,2023-08-27 00:00:00+00:00,218.4
BNBUSDT,2023-08-28 00:00:00+00:00,218.8
BNBUSDT,2023-08-29 00:00:00+00:00,226.9
BNBUSDT,2023-08-30 00:00:00+00:00,223.8
BNBUSDT,2023-08-31 00:00:00+00:00,216.7
BNBUSDT,2023-09-01 00:00:00+00:00,213.7
BNBUSDT,2023-09-02 00:00:00+00:00,214.4
BNBUSDT,2023-09-03 00:00:00+00:00,214.4
BNBUSDT,2023-09-04 00:00:00+00:00,215.2
BNBUSDT,2023-09-05 00:00:00+00:00,214.6
BNBUSDT,2023-09-06 00:00:00+00:00,215.2
BNBUSDT,2023-09-07 00:00:00+00:00,217.1
BNBUSDT,2023-09-08 00:00:00+00:00,214.7
BNBUSDT,2023-09-09 00:00:00+00:00,214.1
BNBUSDT,2023-09-10 00:00:00+00:00,212.4
BNBUSDT,2023-09-11 00:00:00+00:00,206.1
BNBUSDT,2023-09-12 00:00:00+00:00,210.7
BNBUSDT,2023-09-13 00:00:00+00:00,212.5
BNBUSDT,2023-09-14 00:00:00+00:00,212.2
BNBUSDT,2023-09-15 00:00:00+00:00,214.1
BNBUSDT,2023-09-16 00:00:00+00:00,214.9
BNBUSDT,2023-09-17 00:00:00+00:00,216.5
BNBUSDT,2023-09-18 00:00:00+00:00,216.0
BNBUSDT,2023-09-19 00:00:00+00:00,217.2
BNBUSDT,2023-09-20 00:00:00+00:00,214.4
BNBUSDT,2023-09-21 00:00:00+00:00,210.8
BNBUSDT,2023-09-22 00:00:00+00:00,211.1
BNBUSDT,2023-09-23 00:00:00+00:00,210.5
BNBUSDT,2023-09-24 00:00:00+00:00,208.3
BNBUSDT,2023-09-25 00:00:00+00:00,209.9
BNBUSDT,2023-09-26 00:00:00+00:00,212.6
BNBUSDT,2023-09-27 00:00:00+00:00,212.0
BNBUSDT,2023-09-28 00:00:00+00:00,215.0
BNBUSDT,2023-09-29 00:00:00+00:00,215.2
BNBUSDT,2023-09-30 00:00:00+00:00,214.6
BNBUSDT,2023-10-01 00:00:00+00:00,218.2
BNBUSDT,2023-10-02 00:00:00+00:00,214.6
BNBUSDT,2023-10-03 00:00:00+00:00,213.5
BNBUSDT,2023-10-04 00:00:00+00:00,213.4
BNBUSDT,2023-10-05 00:00:00+00:00,210.6
BNBUSDT,2023-10-06 00:00:00+00:00,213.4
BNBUSDT,2023-10-07 00:00:00+00:00,212.3
BNBUSDT,2023-10-08 00:00:00+00:00,211.4
BNBUSDT,2023-10-09 00:00:00+00:00,205.8
BNBUSDT,2023-10-10 00:00:00+00:00,208.6
BNBUSDT,2023-10-11 00:00:00+00:00,206.6
BNBUSDT,2023-10-12 00:00:00+00:00,205.1
BNBUSDT,2023-10-13 00:00:00+00:00,206.1
BNBUSDT,2023-10-14 00:00:00+00:00,206.5
BNBUSDT,2023-10-15 00:00:00+00:00,209.7
BNBUSDT,2023-10-16 00:00:00+00:00,214.6
BNBUSDT,2023-10-17 00:00:00+00:00,211.4
BNBUSDT,2023-10-18 00:00:00+00:00,210.2
BNBUSDT,2023-10-19 00:00:00+00:00,211.2
BNBUSDT,2023-10-20 00:00:00+00:00,212.1
BNBUSDT,2023-10-21 00:00:00+00:00,214.2
BNBUSDT,2023-10-22 00:00:00+00:00,217.8
BNBUSDT,2023-10-23 00:00:00+00:00,228.5
BNBUSDT,2023-10-24 00:00:00+00:00,225.2
BNBUSDT,2023-10-25 00:00:00+00:00,222.1
BNBUSDT,2023-10-26 00:00:00+00:00,223.2
BNBUSDT,2023-10-27 00:00:00+00:00,224.1
BNBUSDT,2023-10-28 00:00:00+00:00,225.7
BNBUSDT,2023-10-29 00:00:00+00:00,227.1
BNBUSDT,2023-10-30 00:00:00+00:00,228.0
BNBUSDT,2023-10-31 00:00:00+00:00,226.2
BNBUSDT,2023-11-01 00:00:00+00:00,227.9
BNBUSDT,2023-11-02 00:00:00+00:00,231.9
BNBUSDT,2023-11-03 00:00:00+00:00,230.2
BNBUSDT,2023-11-04 00:00:00+00:00,237.1
BNBUSDT,2023-11-05 00:00:00+00:00,244.0
BNBUSDT,2023-11-06 00:00:00+00:00,255.1
BNBUSDT,2023-11-07 00:00:00+00:00,246.2
BNBUSDT,2023-11-08 00:00:00+00:00,246.7
BNBUSDT,2023-11-09 00:00:00+00:00,251.6
BNBUSDT,2023-11-10 00:00:00+00:00,251.0
BNBUSDT,2023-11-11 00:00:00+00:00,251.5
BNBUSDT,2023-11-12 00:00:00+00:00,247.4
BNBUSDT,2023-11-13 00:00:00+00:00,241.1
BNBUSDT,2023-11-14 00:00:00+00:00,242.3
BNBUSDT,2023-11-15 00:00:00+00:00,253.7
BNBUSDT,2023-11-16 00:00:00+00:00,242.7
BNBUSDT,2023-11-17 00:00:00+00:00,244.9
BNBUSDT,2023-11-18 00:00:00+00:00,244.8
BNBUSDT,2023-11-19 00:00:00+00:00,246.4
BNBUSDT,2023-11-20 00:00:00+00:00,253.1
BNBUSDT,2023-11-21 00:00:00+00:00,225.5
BNBUSDT,2023-11-22 00:00:00+00:00,236.1
BNBUSDT,2023-11-23 00:00:00+00:00,233.8
BNBUSDT,2023-11-24 00:00:00+00:00,232.7
BNBUSDT,2023-11-25 00:00:00+00:00,234.4
BNBUSDT,2023-11-26 00:00:00+00:00,231.7
BNBUSDT,2023-11-27 00:00:00+00:00,227.2
BNBUSDT,2023-11-28 00:00:00+00:00,229.6
BNBUSDT,2023-11-29 00:00:00+00:00,227.3
BNBUSDT,2023-11-30 00:00:00+00:00,227.6
BNBUSDT,2023-12-01 00:00:00+00:00,228.5
BNBUSDT,2023-12-02 00:00:00+00:00,229.0
BNBUSDT,2023-12-03 00:00:00+00:00,228.1
BNBUSDT,2023-12-04 00:00:00+00:00,233.5
BNBUSDT,2023-12-05 00:00:00+00:00,231.2
BNBUSDT,2023-12-06 00:00:00+00:00,229.4
BNBUSDT,2023-12-07 00:00:00+00:00,232.6
BNBUSDT,2023-12-08 00:00:00+00:00,238.9
BNBUSDT,2023-12-09 00:00:00+00:00,237.7
BNBUSDT,2023-12-10 00:00:00+00:00,239.8
BNBUSDT,2023-12-11 00:00:00+00:00,246.4
BNBUSDT,2023-12-12 00:00:00+00:00,254.6
BNBUSDT,2023-12-13 00:00:00+00:00,252.0
BNBUSDT,2023-12-14 00:00:00+00:00,253.3
BNBUSDT,2023-12-15 00:00:00+00:00,244.9
BNBUSDT,2023-12-16 00:00:00+00:00,244.4
BNBUSDT,2023-12-17 00:00:00+00:00,238.8
BNBUSDT,2023-12-18 00:00:00+00:00,241.7
BNBUSDT,2023-12-19 00:00:00+00:00,252.9
BNBUSDT,2023-12-20 00:00:00+00:00,260.3
BNBUSDT,2023-12-21 00:00:00+00:00,272.1
BNBUSDT,2023-12-22 00:00:00+00:00,271.1
BNBUSDT,2023-12-23 00:00:00+00:00,271.0
BNBUSDT,2023-12-24 00:00:00+00:00,264.5
BNBUSDT,2023-12-25 00:00:00+00:00,266.9
BNBUSDT,2023-12-26 00:00:00+00:00,297.7
BNBUSDT,2023-12-27 00:00:00+00:00,324.1
BNBUSDT,2023-12-28 00:00:00+00:00,322.6
BNBUSDT,2023-12-29 00:00:00+00:00,313.7
BNBUSDT,2023-12-30 00:00:00+00:00,317.1
BNBUSDT,2023-12-31 00:00:00+00:00,311.8
BNBUSDT,2024-01-01 00:00:00+00:00,313.5
BNBUSDT,2024-01-02 00:00:00+00:00,312.2
BNBUSDT,2024-01-03 00:00:00+00:00,315.8
BNBUSDT,2024-01-04 00:00:00+00:00,323.7
BNBUSDT,2024-01-05 00:00:00+00:00,317.5
BNBUSDT,2024-01-06 00:00:00+00:00,307.5
BNBUSDT,2024-01-07 00:00:00+00:00,302.4
BNBUSDT,2024-01-08 00:00:00+00:00,303.7
BNBUSDT,2024-01-09 00:00:00+00:00,301.1
BNBUSDT,2024-01-10 00:00:00+00:00,305.8
BNBUSDT,2024-01-11 00:00:00+00:00,308.2
BNBUSDT,2024-01-12 00:00:00+00:00,296.6
BNBUSDT,2024-01-13 00:00:00+00:00,302.2
BNBUSDT,2024-01-14 00:00:00+00:00,299.5
BNBUSDT,2024-01-15 00:00:00+00:00,317.5
BNBUSDT,2024-01-16 00:00:00+00:00,315.2
BNBUSDT,2024-01-17 00:00:00+00:00,309.4
BNBUSDT,2024-01-18 00:00:00+00:00,313.0
BNBUSDT,2024-01-19 00:00:00+00:00,314.7
BNBUSDT,2024-01-20 00:00:00+00:00,317.2
BNBUSDT,2024-01-21 00:00:00+00:00,318.6
BNBUSDT,2024-01-22 00:00:00+00:00,305.9
BNBUSDT,2024-01-23 00:00:00+00:00,298.8
BNBUSDT,2024-01-24 00:00:00+00:00,293.1
BNBUSDT,2024-01-25 00:00:00+00:00,292.1
BNBUSDT,2024-01-26 00:00:00+00:00,302.2
BNBUSDT,2024-01-27 00:00:00+00:00,305.6
BNBUSDT,2024-01-28 00:00:00+00:00,305.3
BNBUSDT,2024-01-29 00:00:00+00:00,310.7
BNBUSDT,2024-01-30 00:00:00+00:00,307.6
BNBUSDT,2024-01-31 00:00:00+00:00,300.5
BNBUSDT,2024-02-01 00:00:00+00:00,300.2
BNBUSDT,2024-02-02 00:00:00+00:00,301.4
BNBUSDT,2024-02-03 00:00:00+00:00,299.7
BNBUSDT,2024-02-04 00:00:00+00:00,304.7
BNBUSDT,2024-02-05 00:00:00+00:00,301.2
BNBUSDT,2024-02-06 00:00:00+00:00,302.7
BNBUSDT,2024-02-07 00:00:00+00:00,307.3
BNBUSDT,2024-02-08 00:00:00+00:00,319.2
BNBUSDT,2024-02-09 00:00:00+00:00,324.0
BNBUSDT,2024-02-10 00:00:00+00:00,323.0
BNBUSDT,2024-02-11 00:00:00+00:00,320.7
BNBUSDT,2024-02-12 00:00:00+00:00,327.8
BNBUSDT,2024-02-13 00:00:00+00:00,324.7
BNBUSDT,2024-02-14 00:00:00+00:00,333.9
BNBUSDT,2024-02-15 00:00:00+00:00,354.2
BNBUSDT,2024-02-16 00:00:00+00:00,360.4
BNBUSDT,2024-02-17 00:00:00+00:00,352.9
BNBUSDT,2024-02-18 00:00:00+00:00,349.8
BNBUSDT,2024-02-19 00:00:00+00:00,351.6
BNBUSDT,2024-02-20 00:00:00+00:00,354.6
BNBUSDT,2024-02-21 00:00:00+00:00,379.2
BNBUSDT,2024-02-22 00:00:00+00:00,382.6
BNBUSDT,2024-02-23 00:00:00+00:00,375.5
BNBUSDT,2024-02-24 00:00:00+00:00,381.7
BNBUSDT,2024-02-25 00:00:00+00:00,388.5
BNBUSDT,2024-02-26 00:00:00+00:00,401.6
BNBUSDT,2024-02-27 00:00:00+00:00,394.6
BNBUSDT,2024-02-28 00:00:00+00:00,414.6
BNBUSDT,2024-02-29 00:00:00+00:00,399.4
BNBUSDT,2024-03-01 00:00:00+00:00,407.4
BNBUSDT,2024-03-02 00:00:00+00:00,410.9
BNBUSDT,2024-03-03 00:00:00+00:00,414.5
BNBUSDT,2024-03-04 00:00:00+00:00,418.4
BNBUSDT,2024-03-05 00:00:00+00:00,394.1
BNBUSDT,2024-03-06 00:00:00+00:00,429.4
BNBUSDT,2024-03-07 00:00:00+00:00,474.6
BNBUSDT,2024-03-08 00:00:00+00:00,485.8
BNBUSDT,2024-03-09 00:00:00+00:00,488.3
BNBUSDT,2024-03-10 00:00:00+00:00,528.9
BNBUSDT,2024-03-11 00:00:00+00:00,523.0
BNBUSDT,2024-03-12 00:00:00+00:00,537.5
BNBUSDT,2024-03-13 00:00:00+00:00,630.5
BNBUSDT,2024-03-14 00:00:00+00:00,603.2
BNBUSDT,2024-03-15 00:00:00+00:00,632.7
BNBUSDT,2024-03-16 00:00:00+00:00,576.4
BNBUSDT,2024-03-17 00:00:00+00:00,571.7
BNBUSDT,2024-03-18 00:00:00+00:00,555.4
BNBUSDT,2024-03-19 00:00:00+00:00,507.7
BNBUSDT,2024-03-20 00:00:00+00:00,556.8
BNBUSDT,2024-03-21 00:00:00+00:00,553.8
BNBUSDT,2024-03-22 00:00:00+00:00,553.8
BNBUSDT,2024-03-23 00:00:00+00:00,551.9
BNBUSDT,2024-03-24 00:00:00+00:00,567.7
BNBUSDT,2024-03-25 00:00:00+00:00,587.0
BNBUSDT,2024-03-26 00:00:00+00:00,580.4
BNBUSDT,2024-03-27 00:00:00+00:00,574.3
BNBUSDT,2024-03-28 00:00:00+00:00,583.4
BNBUSDT,2024-03-29 00:00:00+00:00,612.5
BNBUSDT,2024-03-30 00:00:00+00:00,600.7
BNBUSDT,2024-03-31 00:00:00+00:00,606.7
BNBUSDT,2024-04-01 00:00:00+00:00,575.8
BNBUSDT,2024-04-02 00:00:00+00:00,551.4
BNBUSDT,2024-04-03 00:00:00+00:00,561.5
BNBUSDT,2024-04-04 00:00:00+00:00,585.5
BNBUSDT,2024-04-05 00:00:00+00:00,577.8
BNBUSDT,2024-04-06 00:00:00+00:00,585.4
BNBUSDT,2024-04-07 00:00:00+00:00,583.9
BNBUSDT,2024-04-08 00:00:00+00:00,586.4
BNBUSDT,2024-04-09 00:00:00+00:00,580.5
BNBUSDT,2024-04-10 00:00:00+00:00,609.7
BNBUSDT,2024-04-11 00:00:00+00:00,604.6
BNBUSDT,2024-04-12 00:00:00+00:00,595.6
BNBUSDT,2024-04-13 00:00:00+00:00,553.1
BNBUSDT,2024-04-14 00:00:00+00:00,566.4
BNBUSDT,2024-04-15 00:00:00+00:00,552.7
BNBUSDT,2024-04-16 00:00:00+00:00,537.6
BNBUSDT,2024-04-17 00:00:00+00:00,534.1
BNBUSDT,2024-04-18 00:00:00+00:00,552.1
BNBUSDT,2024-04-19 00:00:00+00:00,554.0
BNBUSDT,2024-04-20 00:00:00+00:00,570.9
BNBUSDT,2024-04-21 00:00:00+00:00,579.6
BNBUSDT,2024-04-22 00:00:00+00:00,604.5
BNBUSDT,2024-04-23 00:00:00+00:00,606.2
BNBUSDT,2024-04-24 00:00:00+00:00,608.8
BNBUSDT,2024-04-25 00:00:00+00:00,613.2
BNBUSDT,2024-04-26 00:00:00+00:00,598.0
BNBUSDT,2024-04-27 00:00:00+00:00,596.2
BNBUSDT,2024-04-28 00:00:00+00:00,600.2
BNBUSDT,2024-04-29 00:00:00+00:00,592.8
BNBUSDT,2024-04-30 00:00:00+00:00,578.4
BNBUSDT,2024-05-01 00:00:00+00:00,561.8
BNBUSDT,2024-05-02 00:00:00+00:00,560.5
BNBUSDT,2024-05-03 00:00:00+00:00,587.0
BNBUSDT,2024-05-04 00:00:00+00:00,585.7
BNBUSDT,2024-05-05 00:00:00+00:00,592.0
BNBUSDT,2024-05-06 00:00:00+00:00,588.2
BNBUSDT,2024-05-07 00:00:00+00:00,576.5
BNBUSDT,2024-05-08 00:00:00+00:00,588.6
BNBUSDT,2024-05-09 00:00:00+00:00,596.8
BNBUSDT,2024-05-10 00:00:00+00:00,585.6
BNBUSDT,2024-05-11 00:00:00+00:00,592.2
BNBUSDT,2024-05-12 00:00:00+00:00,594.8
BNBUSDT,2024-05-13 00:00:00+00:00,591.7
BNBUSDT,2024-05-14 00:00:00+00:00,567.1
BNBUSDT,2024-05-15 00:00:00+00:00,581.0
BNBUSDT,2024-05-16 00:00:00+00:00,569.2
BNBUSDT,2024-05-17 00:00:00+00:00,580.9
BNBUSDT,2024-05-18 00:00:00+00:00,580.3
BNBUSDT,2024-05-19 00:00:00+00:00,574.5
BNBUSDT,2024-05-20 00:00:00+00:00,599.6
BNBUSDT,2024-05-21 00:00:00+00:00,618.5
BNBUSDT,2024-05-22 00:00:00+00:00,614.8
BNBUSDT,2024-05-23 00:00:00+00:00,599.3
BNBUSDT,2024-05-24 00:00:00+00:00,600.3
BNBUSDT,2024-05-25 00:00:00+00:00,602.4
BNBUSDT,2024-05-26 00:00:00+00:00,600.2
BNBUSDT,2024-05-27 00:00:00+00:00,603.9
BNBUSDT,2024-05-28 00:00:00+00:00,601.7
BNBUSDT,2024-05-29 00:00:00+00:00,595.7
BNBUSDT,2024-05-30 00:00:00+00:00,595.1
BNBUSDT,2024-05-31 00:00:00+00:00,593.7
BNBUSDT,2024-06-01 00:00:00+00:00,601.9
BNBUSDT,2024-06-02 00:00:00+00:00,602.9
BNBUSDT,2024-06-03 00:00:00+00:00,626.4
BNBUSDT,2024-06-04 00:00:00+00:00,685.7
BNBUSDT,2024-06-05 00:00:00+00:00,698.8
BNBUSDT,2024-06-06 00:00:00+00:00,711.2
BNBUSDT,2024-06-07 00:00:00+00:00,684.0
BNBUSDT,2024-06-08 00:00:00+00:00,682.7
BNBUSDT,2024-06-09 00:00:00+00:00,673.0
BNBUSDT,2024-06-10 00:00:00+00:00,625.1
BNBUSDT,2024-06-11 00:00:00+00:00,602.5
BNBUSDT,2024-06-12 00:00:00+00:00,619.4
BNBUSDT,2024-06-13 00:00:00+00:00,599.8
BNBUSDT,2024-06-14 00:00:00+00:00,603.3
BNBUSDT,2024-06-15 00:00:00+00:00,608.2
BNBUSDT,2024-06-16 00:00:00+00:00,610.8
BNBUSDT,2024-06-17 00:00:00+00:00,604.3
BNBUSDT,2024-06-18 00:00:00+00:00,588.6
BNBUSDT,2024-06-19 00:00:00+00:00,599.3
BNBUSDT,2024-06-20 00:00:00+00:00,587.7
BNBUSDT,2024-06-21 00:00:00+00:00,586.1
BNBUSDT,2024-06-22 00:00:00+00:00,591.1
BNBUSDT,2024-06-23 00:00:00+00:00,577.5
BNBUSDT,2024-06-24 00:00:00+00:00,568.1
BNBUSDT,2024-06-25 00:00:00+00:00,578.2
BNBUSDT,2024-06-26 00:00:00+00:00,573.0
BNBUSDT,2024-06-27 00:00:00+00:00,581.7
BNBUSDT,2024-06-28 00:00:00+00:00,567.4
BNBUSDT,2024-06-29 00:00:00+00:00,570.0
BNBUSDT,2024-06-30 00:00:00+00:00,582.2
BNBUSDT,2024-07-01 00:00:00+00:00,576.9
BNBUSDT,2024-07-02 00:00:00+00:00,580.1
BNBUSDT,2024-07-03 00:00:00+00:00,556.7
BNBUSDT,2024-07-04 00:00:00+00:00,513.6
BNBUSDT,2024-07-05 00:00:00+00:00,497.7
BNBUSDT,2024-07-06 00:00:00+00:00,526.0
BNBUSDT,2024-07-07 00:00:00+00:00,490.7
BNBUSDT,2024-07-08 00:00:00+00:00,510.6
BNBUSDT,2024-07-09 00:00:00+00:00,516.9
BNBUSDT,2024-07-10 00:00:00+00:00,524.7
BNBUSDT,2024-07-11 00:00:00+00:00,524.8
BNBUSDT,2024-07-12 00:00:00+00:00,533.8
BNBUSDT,2024-07-13 00:00:00+00:00,532.4
BNBUSDT,2024-07-14 00:00:00+00:00,544.8
BNBUSDT,2024-07-15 00:00:00+00:00,585.3
BNBUSDT,2024-07-16 00:00:00+00:00,576.2
BNBUSDT,2024-07-17 00:00:00+00:00,568.9
BNBUSDT,2024-07-18 00:00:00+00:00,571.9
BNBUSDT,2024-07-19 00:00:00+00:00,593.4
BNBUSDT,2024-07-20 00:00:00+00:00,593.1
BNBUSDT,2024-07-21 00:00:00+00:00,602.5
BNBUSDT,2024-07-22 00:00:00+00:00,587.2
BNBUSDT,2024-07-23 00:00:00+00:00,581.9
BNBUSDT,2024-07-24 00:00:00+00:00,574.9
BNBUSDT,2024-07-25 00:00:00+00:00,570.6
BNBUSDT,2024-07-26 00:00:00+00:00,580.9
BNBUSDT,2024-07-27 00:00:00+00:00,581.6
BNBUSDT,2024-07-28 00:00:00+00:00,583.9
BNBUSDT,2024-07-29 00:00:00+00:00,574.3
BNBUSDT,2024-07-30 00:00:00+00:00,588.2
BNBUSDT,2024-07-31 00:00:00+00:00,576.5
BNBUSDT,2024-08-01 00:00:00+00:00,575.1
BNBUSDT,2024-08-02 00:00:00+00:00,542.9
BNBUSDT,2024-08-03 00:00:00+00:00,529.6
BNBUSDT,2024-08-04 00:00:00+00:00,496.9
BNBUSDT,2024-08-05 00:00:00+00:00,464.2
BNBUSDT,2024-08-06 00:00:00+00:00,484.8
BNBUSDT,2024-08-07 00:00:00+00:00,475.0
BNBUSDT,2024-08-08 00:00:00+00:00,517.1
BNBUSDT,2024-08-09 00:00:00+00:00,508.7
BNBUSDT,2024-08-10 00:00:00+00:00,523.1
BNBUSDT,2024-08-11 00:00:00+00:00,503.4
BNBUSDT,2024-08-12 00:00:00+00:00,518.2
BNBUSDT,2024-08-13 00:00:00+00:00,524.2
BNBUSDT,2024-08-14 00:00:00+00:00,523.4
BNBUSDT,2024-08-15 00:00:00+00:00,519.2
BNBUSDT,2024-08-16 00:00:00+00:00,519.7
BNBUSDT,2024-08-17 00:00:00+00:00,541.6
BNBUSDT,2024-08-18 00:00:00+00:00,531.2
BNBUSDT,2024-08-19 00:00:00+00:00,558.4
BNBUSDT,2024-08-20 00:00:00+00:00,569.4
BNBUSDT,2024-08-21 00:00:00+00:00,570.1
BNBUSDT,2024-08-22 00:00:00+00:00,582.9
BNBUSDT,2024-08-23 00:00:00+00:00,591.7
BNBUSDT,2024-08-24 00:00:00+00:00,580.5
BNBUSDT,2024-08-25 00:00:00+00:00,573.9
BNBUSDT,2024-08-26 00:00:00+00:00,548.2
BNBUSDT,2024-08-27 00:00:00+00:00,533.3
BNBUSDT,2024-08-28 00:00:00+00:00,537.0
BNBUSDT,2024-08-29 00:00:00+00:00,536.4
BNBUSDT,2024-08-30 00:00:00+00:00,535.2
BNBUSDT,2024-08-31 00:00:00+00:00,532.9
BNBUSDT,2024-09-01 00:00:00+00:00,512.4
BNBUSDT,2024-09-02 00:00:00+00:00,526.3
BNBUSDT,2024-09-03 00:00:00+00:00,518.7
BNBUSDT,2024-09-04 00:00:00+00:00,507.6
BNBUSDT,2024-09-05 00:00:00+00:00,502.4
BNBUSDT,2024-09-06 00:00:00+00:00,487.2
BNBUSDT,2024-09-07 00:00:00+00:00,493.5
BNBUSDT,2024-09-08 00:00:00+00:00,503.1
BNBUSDT,2024-09-09 00:00:00+00:00,518.7
BNBUSDT,2024-09-10 00:00:00+00:00,517.0
BNBUSDT,2024-09-11 00:00:00+00:00,530.1
BNBUSDT,2024-09-12 00:00:00+00:00,544.5
BNBUSDT,2024-09-13 00:00:00+00:00,556.4
BNBUSDT,2024-09-14 00:00:00+00:00,553.3
BNBUSDT,2024-09-15 00:00:00+00:00,553.4
BNBUSDT,2024-09-16 00:00:00+00:00,533.7
BNBUSDT,2024-09-17 00:00:00+00:00,546.2
BNBUSDT,2024-09-18 00:00:00+00:00,559.5
BNBUSDT,2024-09-19 00:00:00+00:00,567.0
BNBUSDT,2024-09-20 00:00:00+00:00,569.0
BNBUSDT,2024-09-21 00:00:00+00:00,588.6
BNBUSDT,2024-09-22 00:00:00+00:00,588.7
BNBUSDT,2024-09-23 00:00:00+00:00,604.5
BNBUSDT,2024-09-24 00:00:00+00:00,605.9
BNBUSDT,2024-09-25 00:00:00+00:00,587.4
BNBUSDT,2024-09-26 00:00:00+00:00,596.3
BNBUSDT,2024-09-27 00:00:00+00:00,606.8
BNBUSDT,2024-09-28 00:00:00+00:00,601.1
BNBUSDT,2024-09-29 00:00:00+00:00,595.6
BNBUSDT,2024-09-30 00:00:00+00:00,567.4
BNBUSDT,2024-10-01 00:00:00+00:00,547.3
BNBUSDT,2024-10-02 00:00:00+00:00,542.5
BNBUSDT,2024-10-03 00:00:00+00:00,544.8
BNBUSDT,2024-10-04 00:00:00+00:00,555.3
BNBUSDT,2024-10-05 00:00:00+00:00,563.0
BNBUSDT,2024-10-06 00:00:00+00:00,570.3
BNBUSDT,2024-10-07 00:00:00+00:00,564.3
BNBUSDT,2024-10-08 00:00:00+00:00,580.8
BNBUSDT,2024-10-09 00:00:00+00:00,570.7
BNBUSDT,2024-10-10 00:00:00+00:00,563.9
BNBUSDT,2024-10-11 00:00:00+00:00,573.6
BNBUSDT,2024-10-12 00:00:00+00:00,576.6
BNBUSDT,2024-10-13 00:00:00+00:00,572.2
BNBUSDT,2024-10-14 00:00:00+00:00,589.1
BNBUSDT,2024-10-15 00:00:00+00:00,594.5
BNBUSDT,2024-10-16 00:00:00+00:00,600.9
BNBUSDT,2024-10-17 00:00:00+00:00,592.9
BNBUSDT,2024-10-18 00:00:00+00:00,599.2
BNBUSDT,2024-10-19 00:00:00+00:00,597.7
BNBUSDT,2024-10-20 00:00:00+00:00,605.9
BNBUSDT,2024-10-21 00:00:00+00:00,598.8
BNBUSDT,2024-10-22 00:00:00+00:00,593.8
BNBUSDT,2024-10-23 00:00:00+00:00,584.9
BNBUSDT,2024-10-24 00:00:00+00:00,594.5
BNBUSDT,2024-10-25 00:00:00+00:00,575.3
BNBUSDT,2024-10-26 00:00:00+00:00,583.4
BNBUSDT,2024-10-27 00:00:00+00:00,589.2
BNBUSDT,2024-10-28 00:00:00+00:00,601.1
BNBUSDT,2024-10-29 00:00:00+00:00,606.3
BNBUSDT,2024-10-30 00:00:00+00:00,595.6
BNBUSDT,2024-10-31 00:00:00+00:00,576.6
BNBUSDT,2024-11-01 00:00:00+00:00,573.1
BNBUSDT,2024-11-02 00:00:00+00:00,568.6
BNBUSDT,2024-11-03 00:00:00+00:00,557.7
BNBUSDT,2024-11-04 00:00:00+00:00,552.5
BNBUSDT,2024-11-05 00:00:00+00:00,563.21
BNBUSDT,2024-11-06 00:00:00+00:00,592.22
BNBUSDT,2024-11-07 00:00:00+00:00,598.26
BNBUSDT,2024-11-08 00:00:00+00:00,597.82
BNBUSDT,2024-11-09 00:00:00+00:00,624.66
BNBUSDT,2024-11-10 00:00:00+00:00,627.33
BNBUSDT,2024-11-11 00:00:00+00:00,659.63
BNBUSDT,2024-11-12 00:00:00+00:00,625.33
BNBUSDT,2024-11-13 00:00:00+00:00,620.68
BNBUSDT,2024-11-14 00:00:00+00:00,622.3
BNBUSDT,2024-11-15 00:00:00+00:00,619.37
BNBUSDT,2024-11-16 00:00:00+00:00,622.69
BNBUSDT,2024-11-17 00:00:00+00:00,618.9
BNBUSDT,2024-11-18 00:00:00+00:00,618.93
BNBUSDT,2024-11-19 00:00:00+00:00,615.5
BNBUSDT,2024-11-20 00:00:00+00:00,605.39
BNBUSDT,2024-11-21 00:00:00+00:00,621.86
BNBUSDT,2024-11-22 00:00:00+00:00,633.0
BNBUSDT,2024-11-23 00:00:00+00:00,650.42
BNBUSDT,2024-11-24 00:00:00+00:00,659.65
BNBUSDT,2024-11-25 00:00:00+00:00,636.2
BNBUSDT,2024-11-26 00:00:00+00:00,613.51
BNBUSDT,2024-11-27 00:00:00+00:00,644.14
BNBUSDT,2024-11-28 00:00:00+00:00,653.83
BNBUSDT,2024-11-29 00:00:00+00:00,654.67
BNBUSDT,2024-11-30 00:00:00+00:00,653.43
BNBUSDT,2024-12-01 00:00:00+00:00,655.99
BNBUSDT,2024-12-02 00:00:00+00:00,647.82
BNBUSDT,2024-12-03 00:00:00+00:00,734.64
BNBUSDT,2024-12-04 00:00:00+00:00,739.53
BNBUSDT,2024-12-05 00:00:00+00:00,717.1
BNBUSDT,2024-12-06 00:00:00+00:00,730.22
BNBUSDT,2024-12-07 00:00:00+00:00,749.72
BNBUSDT,2024-12-08 00:00:00+00:00,742.0
BNBUSDT,2024-12-09 00:00:00+00:00,689.19
BNBUSDT,2024-12-10 00:00:00+00:00,676.8
BNBUSDT,2024-12-11 00:00:00+00:00,711.21
BNBUSDT,2024-12-12 00:00:00+00:00,705.77
BNBUSDT,2024-12-13 00:00:00+00:00,725.72
BNBUSDT,2024-12-14 00:00:00+00:00,715.79
BNBUSDT,2024-12-15 00:00:00+00:00,718.87
BNBUSDT,2024-12-16 00:00:00+00:00,720.58
BNBUSDT,2024-12-17 00:00:00+00:00,717.69
BNBUSDT,2024-12-18 00:00:00+00:00,686.38
BNBUSDT,2024-12-19 00:00:00+00:00,665.62
BNBUSDT,2024-12-20 00:00:00+00:00,678.6
BNBUSDT,2024-12-21 00:00:00+00:00,663.49
BNBUSDT,2024-12-22 00:00:00+00:00,649.77
BNBUSDT,2024-12-23 00:00:00+00:00,694.16
BNBUSDT,2024-12-24 00:00:00+00:00,696.9
BNBUSDT,2024-12-25 00:00:00+00:00,702.72
BNBUSDT,2024-12-26 00:00:00+00:00,689.4
BNBUSDT,2024-12-27 00:00:00+00:00,691.85
BNBUSDT,2024-12-28 00:00:00+00:00,722.13
BNBUSDT,2024-12-29 00:00:00+00:00,694.71
BNBUSDT,2024-12-30 00:00:00+00:00,705.36
BNBUSDT,2024-12-31 00:00:00+00:00,702.3
BNBUSDT,2025-01-01 00:00:00+00:00,707.84
BNBUSDT,2025-01-02 00:00:00+00:00,706.25
BNBUSDT,2025-01-03 00:00:00+00:00,714.88
BNBUSDT,2025-01-04 00:00:00+00:00,713.41
BNBUSDT,2025-01-05 00:00:00+00:00,709.29
BNBUSDT,2025-01-06 00:00:00+00:00,729.42
BNBUSDT,2025-01-07 00:00:00+00:00,698.01
BNBUSDT,2025-01-08 00:00:00+00:00,696.03
BNBUSDT,2025-01-09 00:00:00+00:00,685.48
BNBUSDT,2025-01-10 00:00:00+00:00,693.21
BNBUSDT,2025-01-11 00:00:00+00:00,696.7
BNBUSDT,2025-01-12 00:00:00+00:00,693.34
BNBUSDT,2025-01-13 00:00:00+00:00,688.64
BNBUSDT,2025-01-14 00:00:00+00:00,698.89
BNBUSDT,2025-01-15 00:00:00+00:00,714.59
BNBUSDT,2025-01-16 00:00:00+00:00,708.1
BNBUSDT,2025-01-17 00:00:00+00:00,721.76
BNBUSDT,2025-01-18 00:00:00+00:00,709.52
BNBUSDT,2025-01-19 00:00:00+00:00,683.19
BNBUSDT,2025-01-20 00:00:00+00:00,682.51
BNBUSDT,2025-01-21 00:00:00+00:00,692.21
BNBUSDT,2025-01-22 00:00:00+00:00,695.52
BNBUSDT,2025-01-23 00:00:00+00:00,689.74
BNBUSDT,2025-01-24 00:00:00+00:00,680.45
BNBUSDT,2025-01-25 00:00:00+00:00,686.4
BNBUSDT,2025-01-26 00:00:00+00:00,667.37
BNBUSDT,2025-01-27 00:00:00+00:00,679.74
BNBUSDT,2025-01-28 00:00:00+00:00,661.29
BNBUSDT,2025-01-29 00:00:00+00:00,667.97
BNBUSDT,2025-01-30 00:00:00+00:00,677.53
BNBUSDT,2025-01-31 00:00:00+00:00,677.47
BNBUSDT,2025-02-01 00:00:00+00:00,652.94
BNBUSDT,2025-02-02 00:00:00+00:00,617.8
BNBUSDT,2025-02-03 00:00:00+00:00,617.21
BNBUSDT,2025-02-04 00:00:00+00:00,572.69
BNBUSDT,2025-02-05 00:00:00+00:00,569.55
BNBUSDT,2025-02-06 00:00:00+00:00,571.72
BNBUSDT,2025-02-07 00:00:00+00:00,577.71
BNBUSDT,2025-02-08 00:00:00+00:00,612.39
BNBUSDT,2025-02-09 00:00:00+00:00,615.81
BNBUSDT,2025-02-10 00:00:00+00:00,618.65
BNBUSDT,2025-02-11 00:00:00+00:00,642.11
BNBUSDT,2025-02-12 00:00:00+00:00,696.93
BNBUSDT,2025-02-13 00:00:00+00:00,664.72
BNBUSDT,2025-02-14 00:00:00+00:00,659.71
BNBUSDT,2025-02-15 00:00:00+00:00,662.21
BNBUSDT,2025-02-16 00:00:00+00:00,673.1
BNBUSDT,2025-02-17 00:00:00+00:00,667.51
BNBUSDT,2025-02-18 00:00:00+00:00,648.18
BNBUSDT,2025-02-19 00:00:00+00:00,653.38
BNBUSDT,2025-02-20 00:00:00+00:00,656.36
BNBUSDT,2025-02-21 00:00:00+00:00,647.47
BNBUSDT,2025-02-22 00:00:00+00:00,668.57
BNBUSDT,2025-02-23 00:00:00+00:00,658.42
BNBUSDT,2025-02-24 00:00:00+00:00,614.2
BNBUSDT,2025-02-25 00:00:00+00:00,623.49
BNBUSDT,2025-02-26 00:00:00+00:00,611.57
BNBUSDT,2025-02-27 00:00:00+00:00,605.41
BNBUSDT,2025-02-28 00:00:00+00:00,588.07
BNBUSDT,2025-03-01 00:00:00+00:00,607.93
BNBUSDT,2025-03-02 00:00:00+00:00,623.94
BNBUSDT,2025-03-03 00:00:00+00:00,576.1
BNBUSDT,2025-03-04 00:00:00+00:00,584.01
BNBUSDT,2025-03-05 00:00:00+00:00,598.24
BNBUSDT,2025-03-06 00:00:00+00:00,596.5
BNBUSDT,2025-03-07 00:00:00+00:00,594.77
BNBUSDT,2025-03-08 00:00:00+00:00,593.1
BNBUSDT,2025-03-09 00:00:00+00:00,554.65
BNBUSDT,2025-03-10 00:00:00+00:00,531.49
BNBUSDT,2025-03-11 00:00:00+00:00,551.61
BNBUSDT,2025-03-12 00:00:00+00:00,569.87
BNBUSDT,2025-03-13 00:00:00+00:00,579.8
BNBUSDT,2025-03-14 00:00:00+00:00,587.76
BNBUSDT,2025-03-15 00:00:00+00:00,619.83
BNBUSDT,2025-03-16 00:00:00+00:00,602.2
BNBUSDT,2025-03-17 00:00:00+00:00,631.69
BNBUSDT,2025-03-18 00:00:00+00:00,627.81
BNBUSDT,2025-03-19 00:00:00+00:00,618.7
BNBUSDT,2025-03-20 00:00:00+00:00,630.47
BNBUSDT,2025-03-21 00:00:00+00:00,635.17
BNBUSDT,2025-03-22 00:00:00+00:00,627.01
BNBUSDT,2025-03-23 00:00:00+00:00,623.79
BNBUSDT,2025-03-24 00:00:00+00:00,637.08
BNBUSDT,2025-03-25 00:00:00+00:00,629.82
BNBUSDT,2025-03-26 00:00:00+00:00,617.99
BNBUSDT,2025-03-27 00:00:00+00:00,637.36
BNBUSDT,2025-03-28 00:00:00+00:00,619.81
BNBUSDT,2025-03-29 00:00:00+00:00,602.99
BNBUSDT,2025-03-30 00:00:00+00:00,602.2
BNBUSDT,2025-03-31 00:00:00+00:00,604.81
BNBUSDT,2025-04-01 00:00:00+00:00,611.13
BNBUSDT,2025-04-02 00:00:00+00:00,590.68
BNBUSDT,2025-04-03 00:00:00+00:00,592.67
BNBUSDT,2025-04-04 00:00:00+00:00,597.71
BNBUSDT,2025-04-05 00:00:00+00:00,593.13
BNBUSDT,2025-04-06 00:00:00+00:00,555.54
BNBUSDT,2025-04-07 00:00:00+00:00,554.6
BNBUSDT,2025-04-08 00:00:00+00:00,553.72
BNBUSDT,2025-04-09 00:00:00+00:00,582.32
BNBUSDT,2025-04-10 00:00:00+00:00,578.03
BNBUSDT,2025-04-11 00:00:00+00:00,585.93
BNBUSDT,2025-04-12 00:00:00+00:00,597.29
BNBUSDT,2025-04-13 00:00:00+00:00,584.28
BNBUSDT,2025-04-14 00:00:00+00:00,584.54
BNBUSDT,2025-04-15 00:00:00+00:00,579.52
BNBUSDT,2025-04-16 00:00:00+00:00,582.8
BNBUSDT,2025-04-17 00:00:00+00:00,590.49
BNBUSDT,2025-04-18 00:00:00+00:00,591.71
BNBUSDT,2025-04-19 00:00:00+00:00,591.73
BNBUSDT,2025-04-20 00:00:00+00:00,592.77
BNBUSDT,2025-04-21 00:00:00+00:00,597.34
BNBUSDT,2025-04-22 00:00:00+00:00,618.51
BNBUSDT,2025-04-23 00:00:00+00:00,605.71
BNBUSDT,2025-04-24 00:00:00+00:00,601.55
BNBUSDT,2025-04-25 00:00:00+00:00,599.91
BNBUSDT,2025-04-26 00:00:00+00:00,607.23
BNBUSDT,2025-04-27 00:00:00+00:00,603.46
BNBUSDT,2025-04-28 00:00:00+00:00,606.16
BNBUSDT,2025-04-29 00:00:00+00:00,601.0
BNBUSDT,2025-04-30 00:00:00+00:00,599.88
BNBUSDT,2025-05-01 00:00:00+00:00,599.63
BNBUSDT,2025-05-02 00:00:00+00:00,600.69
BNBUSDT,2025-05-03 00:00:00+00:00,599.36
BNBUSDT,2025-05-04 00:00:00+00:00,586.03
BNBUSDT,2025-05-05 00:00:00+00:00,597.61
BNBUSDT,2025-05-06 00:00:00+00:00,602.57
BNBUSDT,2025-05-07 00:00:00+00:00,602.7
BNBUSDT,2025-05-08 00:00:00+00:00,629.17
BNBUSDT,2025-05-09 00:00:00+00:00,666.29
BNBUSDT,2025-05-10 00:00:00+00:00,663.9
BNBUSDT,2025-05-11 00:00:00+00:00,651.15
BNBUSDT,2025-05-12 00:00:00+00:00,660.07
BNBUSDT,2025-05-13 00:00:00+00:00,664.13
BNBUSDT,2025-05-14 00:00:00+00:00,652.47
BNBUSDT,2025-05-15 00:00:00+00:00,651.88
BNBUSDT,2025-05-16 00:00:00+00:00,646.76
BNBUSDT,2025-05-17 00:00:00+00:00,639.51
BNBUSDT,2025-05-18 00:00:00+00:00,651.53
BNBUSDT,2025-05-19 00:00:00+00:00,649.62
BNBUSDT,2025-05-20 00:00:00+00:00,650.0
BNBUSDT,2025-05-21 00:00:00+00:00,673.31
BNBUSDT,2025-05-22 00:00:00+00:00,686.57
BNBUSDT,2025-05-23 00:00:00+00:00,656.98
BNBUSDT,2025-05-24 00:00:00+00:00,668.01
BNBUSDT,2025-05-25 00:00:00+00:00,669.44
BNBUSDT,2025-05-26 00:00:00+00:00,674.29
BNBUSDT,2025-05-27 00:00:00+00:00,686.91
BNBUSDT,2025-05-28 00:00:00+00:00,686.89
BNBUSDT,2025-05-29 00:00:00+00:00,675.02
BNBUSDT,2025-05-30 00:00:00+00:00,655.36
BNBUSDT,2025-05-31 00:00:00+00:00,658.01
BNBUSDT,2025-06-01 00:00:00+00:00,660.77
BNBUSDT,2025-06-02 00:00:00+00:00,665.93
BNBUSDT,2025-06-03 00:00:00+00:00,661.59
BNBUSDT,2025-06-04 00:00:00+00:00,663.23
BNBUSDT,2025-06-05 00:00:00+00:00,633.32
BNBUSDT,2025-06-06 00:00:00+00:00,642.7
BNBUSDT,2025-06-07 00:00:00+00:00,650.82
BNBUSDT,2025-06-08 00:00:00+00:00,652.0
BNBUSDT,2025-06-09 00:00:00+00:00,665.58
BNBUSDT,2025-06-10 00:00:00+00:00,673.51
BNBUSDT,2025-06-11 00:00:00+00:00,667.43
BNBUSDT,2025-06-12 00:00:00+00:00,654.75
BNBUSDT,2025-06-13 00:00:00+00:00,655.35
BNBUSDT,2025-06-14 00:00:00+00:00,645.61
BNBUSDT,2025-06-15 00:00:00+00:00,648.19
BNBUSDT,2025-06-16 00:00:00+00:00,650.74
BNBUSDT,2025-06-17 00:00:00+00:00,648.08
BNBUSDT,2025-06-18 00:00:00+00:00,644.77
BNBUSDT,2025-06-19 00:00:00+00:00,644.65
BNBUSDT,2025-06-20 00:00:00+00:00,641.61
BNBUSDT,2025-06-21 00:00:00+00:00,628.97
BNBUSDT,2025-06-22 00:00:00+00:00,615.81
BNBUSDT,2025-06-23 00:00:00+00:00,640.49
BNBUSDT,2025-06-24 00:00:00+00:00,643.53
BNBUSDT,2025-06-25 00:00:00+00:00,646.07
BNBUSDT,2025-06-26 00:00:00+00:00,642.3
BNBUSDT,2025-06-27 00:00:00+00:00,645.71
BNBUSDT,2025-06-28 00:00:00+00:00,648.6
BNBUSDT,2025-06-29 00:00:00+00:00,654.9
BNBUSDT,2025-06-30 00:00:00+00:00,656.9
BNBUSDT,2025-07-01 00:00:00+00:00,
BTCUSDT,2020-08-11 00:00:00+00:00,
BTCUSDT,2020-08-12 00:00:00+00:00,11564.33
BTCUSDT,2020-08-13 00:00:00+00:00,11780.0
BTCUSDT,2020-08-14 00:00:00+00:00,11760.54
BTCUSDT,2020-08-15 00:00:00+00:00,11852.4
BTCUSDT,2020-08-16 00:00:00+00:00,11911.0
BTCUSDT,2020-08-17 00:00:00+00:00,12281.13
BTCUSDT,2020-08-18 00:00:00+00:00,11945.01
BTCUSDT,2020-08-19 00:00:00+00:00,11754.59
BTCUSDT,2020-08-20 00:00:00+00:00,11853.55
BTCUSDT,2020-08-21 00:00:00+00:00,11531.34
BTCUSDT,2020-08-22 00:00:00+00:00,11662.96
BTCUSDT,2020-08-23 00:00:00+00:00,11648.13
BTCUSDT,2020-08-24 00:00:00+00:00,11748.2
BTCUSDT,2020-08-25 00:00:00+00:00,11318.42
BTCUSDT,2020-08-26 00:00:00+00:00,11461.43
BTCUSDT,2020-08-27 00:00:00+00:00,11330.38
BTCUSDT,2020-08-28 00:00:00+00:00,11526.91
BTCUSDT,2020-08-29 00:00:00+00:00,11465.84
BTCUSDT,2020-08-30 00:00:00+00:00,11711.16
BTCUSDT,2020-08-31 00:00:00+00:00,11649.51
BTCUSDT,2020-09-01 00:00:00+00:00,11921.97
BTCUSDT,2020-09-02 00:00:00+00:00,11388.54
BTCUSDT,2020-09-03 00:00:00+00:00,10140.85
BTCUSDT,2020-09-04 00:00:00+00:00,10446.25
BTCUSDT,2020-09-05 00:00:00+00:00,10166.69
BTCUSDT,2020-09-06 00:00:00+00:00,10256.2
BTCUSDT,2020-09-07 00:00:00+00:00,10373.44
BTCUSDT,2020-09-08 00:00:00+00:00,10126.65
BTCUSDT,2020-09-09 00:00:00+00:00,10219.2
BTCUSDT,2020-09-10 00:00:00+00:00,10336.87
BTCUSDT,2020-09-11 00:00:00+00:00,10387.89
BTCUSDT,2020-09-12 00:00:00+00:00,10440.92
BTCUSDT,2020-09-13 00:00:00+00:00,10332.83
BTCUSDT,2020-09-14 00:00:00+00:00,10671.77
BTCUSDT,2020-09-15 00:00:00+00:00,10785.31
BTCUSDT,2020-09-16 00:00:00+00:00,10954.01
BTCUSDT,2020-09-17 00:00:00+00:00,10939.99
BTCUSDT,2020-09-18 00:00:00+00:00,10933.39
BTCUSDT,2020-09-19 00:00:00+00:00,11080.65
BTCUSDT,2020-09-20 00:00:00+00:00,10920.28
BTCUSDT,2020-09-21 00:00:00+00:00,10417.22
BTCUSDT,2020-09-22 00:00:00+00:00,10529.61
BTCUSDT,2020-09-23 00:00:00+00:00,10241.46
BTCUSDT,2020-09-24 00:00:00+00:00,10736.32
BTCUSDT,2020-09-25 00:00:00+00:00,10686.67
BTCUSDT,2020-09-26 00:00:00+00:00,10728.6
BTCUSDT,2020-09-27 00:00:00+00:00,10774.25
BTCUSDT,2020-09-28 00:00:00+00:00,10696.12
BTCUSDT,2020-09-29 00:00:00+00:00,10840.48
BTCUSDT,2020-09-30 00:00:00+00:00,10776.59
BTCUSDT,2020-10-01 00:00:00+00:00,10619.13
BTCUSDT,2020-10-02 00:00:00+00:00,10570.4
BTCUSDT,2020-10-03 00:00:00+00:00,10542.06
BTCUSDT,2020-10-04 00:00:00+00:00,10666.63
BTCUSDT,2020-10-05 00:00:00+00:00,10792.21
BTCUSDT,2020-10-06 00:00:00+00:00,10599.66
BTCUSDT,2020-10-07 00:00:00+00:00,10666.39
BTCUSDT,2020-10-08 00:00:00+00:00,10925.57
BTCUSDT,2020-10-09 00:00:00+00:00,11050.64
BTCUSDT,2020-10-10 00:00:00+00:00,11293.22
BTCUSDT,2020-10-11 00:00:00+00:00,11369.02
BTCUSDT,2020-10-12 00:00:00+00:00,11528.25
BTCUSDT,2020-10-13 00:00:00+00:00,11420.56
BTCUSDT,2020-10-14 00:00:00+00:00,11417.89
BTCUSDT,2020-10-15 00:00:00+00:00,11505.12
BTCUSDT,2020-10-16 00:00:00+00:00,11319.32
BTCUSDT,2020-10-17 00:00:00+00:00,11360.2
BTCUSDT,2020-10-18 00:00:00+00:00,11503.14
BTCUSDT,2020-10-19 00:00:00+00:00,11751.47
BTCUSDT,2020-10-20 00:00:00+00:00,11909.99
BTCUSDT,2020-10-21 00:00:00+00:00,12780.96
BTCUSDT,2020-10-22 00:00:00+00:00,12968.52
BTCUSDT,2020-10-23 00:00:00+00:00,12923.07
BTCUSDT,2020-10-24 00:00:00+00:00,13111.73
BTCUSDT,2020-10-25 00:00:00+00:00,13028.83
BTCUSDT,2020-10-26 00:00:00+00:00,13052.19
BTCUSDT,2020-10-27 00:00:00+00:00,13636.17
BTCUSDT,2020-10-28 00:00:00+00:00,13266.4
BTCUSDT,2020-10-29 00:00:00+00:00,13455.7
BTCUSDT,2020-10-30 00:00:00+00:00,13560.1
BTCUSDT,2020-10-31 00:00:00+00:00,13791.0
BTCUSDT,2020-11-01 00:00:00+00:00,13761.5
BTCUSDT,2020-11-02 00:00:00+00:00,13549.37
BTCUSDT,2020-11-03 00:00:00+00:00,14023.53
BTCUSDT,2020-11-04 00:00:00+00:00,14144.01
BTCUSDT,2020-11-05 00:00:00+00:00,15590.02
BTCUSDT,2020-11-06 00:00:00+00:00,15579.92
BTCUSDT,2020-11-07 00:00:00+00:00,14818.3
BTCUSDT,2020-11-08 00:00:00+00:00,15475.1
BTCUSDT,2020-11-09 00:00:00+00:00,15328.41
BTCUSDT,2020-11-10 00:00:00+00:00,15297.21
BTCUSDT,2020-11-11 00:00:00+00:00,15684.24
BTCUSDT,2020-11-12 00:00:00+00:00,16291.86
BTCUSDT,2020-11-13 00:00:00+00:00,16320.7
BTCUSDT,2020-11-14 00:00:00+00:00,16070.45
BTCUSDT,2020-11-15 00:00:00+00:00,15957.0
BTCUSDT,2020-11-16 00:00:00+00:00,16713.57
BTCUSDT,2020-11-17 00:00:00+00:00,17659.38
BTCUSDT,2020-11-18 00:00:00+00:00,17776.12
BTCUSDT,2020-11-19 00:00:00+00:00,17802.82
BTCUSDT,2020-11-20 00:00:00+00:00,18655.67
BTCUSDT,2020-11-21 00:00:00+00:00,18703.8
BTCUSDT,2020-11-22 00:00:00+00:00,18414.43
BTCUSDT,2020-11-23 00:00:00+00:00,18368.0
BTCUSDT,2020-11-24 00:00:00+00:00,19160.01
BTCUSDT,2020-11-25 00:00:00+00:00,18719.11
BTCUSDT,2020-11-26 00:00:00+00:00,17149.47
BTCUSDT,2020-11-27 00:00:00+00:00,17139.52
BTCUSDT,2020-11-28 00:00:00+00:00,17719.85
BTCUSDT,2020-11-29 00:00:00+00:00,18184.99
BTCUSDT,2020-11-30 00:00:00+00:00,
BTCUSDT,2020-12-01 00:00:00+00:00,18764.96
BTCUSDT,2020-12-02 00:00:00+00:00,19204.09
BTCUSDT,2020-12-03 00:00:00+00:00,19421.9
BTCUSDT,2020-12-04 00:00:00+00:00,18650.52
BTCUSDT,2020-12-05 00:00:00+00:00,19147.66
BTCUSDT,2020-12-06 00:00:00+00:00,19359.4
BTCUSDT,2020-12-07 00:00:00+00:00,19166.9
BTCUSDT,2020-12-08 00:00:00+00:00,18324.11
BTCUSDT,2020-12-09 00:00:00+00:00,18541.28
BTCUSDT,2020-12-10 00:00:00+00:00,18254.63
BTCUSDT,2020-12-11 00:00:00+00:00,18036.53
BTCUSDT,2020-12-12 00:00:00+00:00,18808.69
BTCUSDT,2020-12-13 00:00:00+00:00,19174.99
BTCUSDT,2020-12-14 00:00:00+00:00,19273.14
BTCUSDT,2020-12-15 00:00:00+00:00,19426.43
BTCUSDT,2020-12-16 00:00:00+00:00,21335.52
BTCUSDT,2020-12-17 00:00:00+00:00,22797.16
BTCUSDT,2020-12-18 00:00:00+00:00,23107.39
BTCUSDT,2020-12-19 00:00:00+00:00,23821.61
BTCUSDT,2020-12-20 00:00:00+00:00,23455.52
BTCUSDT,2020-12-21 00:00:00+00:00,
BTCUSDT,2020-12-22 00:00:00+00:00,23810.79
BTCUSDT,2020-12-23 00:00:00+00:00,23232.76
BTCUSDT,2020-12-24 00:00:00+00:00,23729.2
BTCUSDT,2020-12-25 00:00:00+00:00,
BTCUSDT,2020-12-26 00:00:00+00:00,26493.39
BTCUSDT,2020-12-27 00:00:00+00:00,26281.66
BTCUSDT,2020-12-28 00:00:00+00:00,27079.41
BTCUSDT,2020-12-29 00:00:00+00:00,27385.0
BTCUSDT,2020-12-30 00:00:00+00:00,28875.54
BTCUSDT,2020-12-31 00:00:00+00:00,28923.63
BTCUSDT,2021-01-01 00:00:00+00:00,29331.69
BTCUSDT,2021-01-02 00:00:00+00:00,32178.33
BTCUSDT,2021-01-03 00:00:00+00:00,33000.05
BTCUSDT,2021-01-04 00:00:00+00:00,31988.71
BTCUSDT,2021-01-05 00:00:00+00:00,33949.53
BTCUSDT,2021-01-06 00:00:00+00:00,36769.36
BTCUSDT,2021-01-07 00:00:00+00:00,39432.28
BTCUSDT,2021-01-08 00:00:00+00:00,40582.81
BTCUSDT,2021-01-09 00:00:00+00:00,40088.22
BTCUSDT,2021-01-10 00:00:00+00:00,38150.02
BTCUSDT,2021-01-11 00:00:00+00:00,35404.47
BTCUSDT,2021-01-12 00:00:00+00:00,34051.24
BTCUSDT,2021-01-13 00:00:00+00:00,37371.38
BTCUSDT,2021-01-14 00:00:00+00:00,39144.5
BTCUSDT,2021-01-15 00:00:00+00:00,36742.22
BTCUSDT,2021-01-16 00:00:00+00:00,35994.98
BTCUSDT,2021-01-17 00:00:00+00:00,35828.61
BTCUSDT,2021-01-18 00:00:00+00:00,36631.27
BTCUSDT,2021-01-19 00:00:00+00:00,35891.49
BTCUSDT,2021-01-20 00:00:00+00:00,35468.23
BTCUSDT,2021-01-21 00:00:00+00:00,30850.13
BTCUSDT,2021-01-22 00:00:00+00:00,32945.17
BTCUSDT,2021-01-23 00:00:00+00:00,32078.0
BTCUSDT,2021-01-24 00:00:00+00:00,32259.9
BTCUSDT,2021-01-25 00:00:00+00:00,32254.2
BTCUSDT,2021-01-26 00:00:00+00:00,32467.77
BTCUSDT,2021-01-27 00:00:00+00:00,30366.15
BTCUSDT,2021-01-28 00:00:00+00:00,33364.86
BTCUSDT,2021-01-29 00:00:00+00:00,34252.2
BTCUSDT,2021-01-30 00:00:00+00:00,34262.88
BTCUSDT,2021-01-31 00:00:00+00:00,33092.98
BTCUSDT,2021-02-01 00:00:00+00:00,33526.37
BTCUSDT,2021-02-02 00:00:00+00:00,35466.24
BTCUSDT,2021-02-03 00:00:00+00:00,37618.87
BTCUSDT,2021-02-04 00:00:00+00:00,36936.66
BTCUSDT,2021-02-05 00:00:00+00:00,38290.24
BTCUSDT,2021-02-06 00:00:00+00:00,39186.94
BTCUSDT,2021-02-07 00:00:00+00:00,38795.69
BTCUSDT,2021-02-08 00:00:00+00:00,46374.87
BTCUSDT,2021-02-09 00:00:00+00:00,46420.42
BTCUSDT,2021-02-10 00:00:00+00:00,44807.58
BTCUSDT,2021-02-11 00:00:00+00:00,
BTCUSDT,2021-02-12 00:00:00+00:00,47287.6
BTCUSDT,2021-02-13 00:00:00+00:00,47153.69
BTCUSDT,2021-02-14 00:00:00+00:00,48577.79
BTCUSDT,2021-02-15 00:00:00+00:00,47911.1
BTCUSDT,2021-02-16 00:00:00+00:00,49133.45
BTCUSDT,2021-02-17 00:00:00+00:00,52119.71
BTCUSDT,2021-02-18 00:00:00+00:00,51552.6
BTCUSDT,2021-02-19 00:00:00+00:00,55906.0
BTCUSDT,2021-02-20 00:00:00+00:00,55841.19
BTCUSDT,2021-02-21 00:00:00+00:00,57408.57
BTCUSDT,2021-02-22 00:00:00+00:00,54087.67
BTCUSDT,2021-02-23 00:00:00+00:00,48891.0
BTCUSDT,2021-02-24 00:00:00+00:00,49676.2
BTCUSDT,2021-02-25 00:00:00+00:00,47073.73
BTCUSDT,2021-02-26 00:00:00+00:00,46276.87
BTCUSDT,2021-02-27 00:00:00+00:00,46106.43
BTCUSDT,2021-02-28 00:00:00+00:00,45135.66
BTCUSDT,2021-03-01 00:00:00+00:00,49587.03
BTCUSDT,2021-03-02 00:00:00+00:00,48440.65
BTCUSDT,2021-03-03 00:00:00+00:00,50349.37
BTCUSDT,2021-03-04 00:00:00+00:00,48374.09
BTCUSDT,2021-03-05 00:00:00+00:00,48751.71
BTCUSDT,2021-03-06 00:00:00+00:00,
BTCUSDT,2021-03-07 00:00:00+00:00,50971.75
BTCUSDT,2021-03-08 00:00:00+00:00,52375.17
BTCUSDT,2021-03-09 00:00:00+00:00,54884.5
BTCUSDT,2021-03-10 00:00:00+00:00,55851.59
BTCUSDT,2021-03-11 00:00:00+00:00,57773.16
BTCUSDT,2021-03-12 00:00:00+00:00,57221.72
BTCUSDT,2021-03-13 00:00:00+00:00,61188.39
BTCUSDT,2021-03-14 00:00:00+00:00,58968.31
BTCUSDT,2021-03-15 00:00:00+00:00,55605.2
BTCUSDT,2021-03-16 00:00:00+00:00,56900.75
BTCUSDT,2021-03-17 00:00:00+00:00,58912.97
BTCUSDT,2021-03-18 00:00:00+00:00,57648.16
BTCUSDT,2021-03-19 00:00:00+00:00,58030.01
BTCUSDT,2021-03-20 00:00:00+00:00,58102.28
BTCUSDT,2021-03-21 00:00:00+00:00,57351.56
BTCUSDT,2021-03-22 00:00:00+00:00,54083.25
BTCUSDT,2021-03-23 00:00:00+00:00,54340.89
BTCUSDT,2021-03-24 00:00:00+00:00,52303.65
BTCUSDT,2021-03-25 00:00:00+00:00,51293.78
BTCUSDT,2021-03-26 00:00:00+00:00,55025.59
BTCUSDT,2021-03-27 00:00:00+00:00,55817.14
BTCUSDT,2021-03-28 00:00:00+00:00,55777.63
BTCUSDT,2021-03-29 00:00:00+00:00,57635.47
BTCUSDT,2021-03-30 00:00:00+00:00,58746.57
BTCUSDT,2021-03-31 00:00:00+00:00,58740.55
BTCUSDT,2021-04-01 00:00:00+00:00,58720.44
BTCUSDT,2021-04-02 00:00:00+00:00,58950.01
BTCUSDT,2021-04-03 00:00:00+00:00,57051.94
BTCUSDT,2021-04-04 00:00:00+00:00,58202.01
BTCUSDT,2021-04-05 00:00:00+00:00,59129.99
BTCUSDT,2021-04-06 00:00:00+00:00,57991.15
BTCUSDT,2021-04-07 00:00:00+00:00,55953.45
BTCUSDT,2021-04-08 00:00:00+00:00,58077.52
BTCUSDT,2021-04-09 00:00:00+00:00,58142.54
BTCUSDT,2021-04-10 00:00:00+00:00,59769.13
BTCUSDT,2021-04-11 00:00:00+00:00,60002.43
BTCUSDT,2021-04-12 00:00:00+00:00,59860.0
BTCUSDT,2021-04-13 00:00:00+00:00,63575.0
BTCUSDT,2021-04-14 00:00:00+00:00,62959.53
BTCUSDT,2021-04-15 00:00:00+00:00,63159.98
BTCUSDT,2021-04-16 00:00:00+00:00,61334.8
BTCUSDT,2021-04-17 00:00:00+00:00,60006.66
BTCUSDT,2021-04-18 00:00:00+00:00,56150.01
BTCUSDT,2021-04-19 00:00:00+00:00,55633.14
BTCUSDT,2021-04-20 00:00:00+00:00,
BTCUSDT,2021-04-21 00:00:00+00:00,53787.63
BTCUSDT,2021-04-22 00:00:00+00:00,51690.96
BTCUSDT,2021-04-23 00:00:00+00:00,51125.14
BTCUSDT,2021-04-24 00:00:00+00:00,50047.84
BTCUSDT,2021-04-25 00:00:00+00:00,
BTCUSDT,2021-04-26 00:00:00+00:00,54001.39
BTCUSDT,2021-04-27 00:00:00+00:00,55011.97
BTCUSDT,2021-04-28 00:00:00+00:00,54846.22
BTCUSDT,2021-04-29 00:00:00+00:00,53555.0
BTCUSDT,2021-04-30 00:00:00+00:00,57694.27
BTCUSDT,2021-05-01 00:00:00+00:00,57800.37
BTCUSDT,2021-05-02 00:00:00+00:00,56578.21
BTCUSDT,2021-05-03 00:00:00+00:00,57169.39
BTCUSDT,2021-05-04 00:00:00+00:00,53200.01
BTCUSDT,2021-05-05 00:00:00+00:00,57436.11
BTCUSDT,2021-05-06 00:00:00+00:00,56393.68
BTCUSDT,2021-05-07 00:00:00+00:00,57314.75
BTCUSDT,2021-05-08 00:00:00+00:00,58862.05
BTCUSDT,2021-05-09 00:00:00+00:00,58240.84
BTCUSDT,2021-05-10 00:00:00+00:00,55816.14
BTCUSDT,2021-05-11 00:00:00+00:00,56670.02
BTCUSDT,2021-05-12 00:00:00+00:00,49631.32
BTCUSDT,2021-05-13 00:00:00+00:00,49670.97
BTCUSDT,2021-05-14 00:00:00+00:00,49841.45
BTCUSDT,2021-05-15 00:00:00+00:00,46762.99
BTCUSDT,2021-05-16 00:00:00+00:00,46431.5
BTCUSDT,2021-05-17 00:00:00+00:00,43538.04
BTCUSDT,2021-05-18 00:00:00+00:00,42849.78
BTCUSDT,2021-05-19 00:00:00+00:00,36690.09
BTCUSDT,2021-05-20 00:00:00+00:00,40526.64
BTCUSDT,2021-05-21 00:00:00+00:00,37252.01
BTCUSDT,2021-05-22 00:00:00+00:00,37449.73
BTCUSDT,2021-05-23 00:00:00+00:00,34655.25
BTCUSDT,2021-05-24 00:00:00+00:00,38796.29
BTCUSDT,2021-05-25 00:00:00+00:00,38324.72
BTCUSDT,2021-05-26 00:00:00+00:00,39241.91
BTCUSDT,2021-05-27 00:00:00+00:00,38529.98
BTCUSDT,2021-05-28 00:00:00+00:00,35663.49
BTCUSDT,2021-05-29 00:00:00+00:00,34605.15
BTCUSDT,2021-05-30 00:00:00+00:00,35641.27
BTCUSDT,2021-05-31 00:00:00+00:00,37253.81
BTCUSDT,2021-06-01 00:00:00+00:00,36693.09
BTCUSDT,2021-06-02 00:00:00+00:00,37568.68
BTCUSDT,2021-06-03 00:00:00+00:00,39246.79
BTCUSDT,2021-06-04 00:00:00+00:00,36829.0
BTCUSDT,2021-06-05 00:00:00+00:00,35513.2
BTCUSDT,2021-06-06 00:00:00+00:00,35796.31
BTCUSDT,2021-06-07 00:00:00+00:00,33552.79
BTCUSDT,2021-06-08 00:00:00+00:00,33380.81
BTCUSDT,2021-06-09 00:00:00+00:00,37388.05
BTCUSDT,2021-06-10 00:00:00+00:00,36675.72
BTCUSDT,2021-06-11 00:00:00+00:00,37331.98
BTCUSDT,2021-06-12 00:00:00+00:00,35546.11
BTCUSDT,2021-06-13 00:00:00+00:00,39020.57
BTCUSDT,2021-06-14 00:00:00+00:00,40516.29
BTCUSDT,2021-06-15 00:00:00+00:00,40144.04
BTCUSDT,2021-06-16 00:00:00+00:00,38349.01
BTCUSDT,2021-06-17 00:00:00+00:00,38092.97
BTCUSDT,2021-06-18 00:00:00+00:00,35819.84
BTCUSDT,2021-06-19 00:00:00+00:00,35483.72
BTCUSDT,2021-06-20 00:00:00+00:00,35600.16
BTCUSDT,2021-06-21 00:00:00+00:00,31608.93
BTCUSDT,2021-06-22 00:00:00+00:00,32509.56
BTCUSDT,2021-06-23 00:00:00+00:00,33678.07
BTCUSDT,2021-06-24 00:00:00+00:00,34663.09
BTCUSDT,2021-06-25 00:00:00+00:00,31584.45
BTCUSDT,2021-06-26 00:00:00+00:00,32283.65
BTCUSDT,2021-06-27 00:00:00+00:00,34700.34
BTCUSDT,2021-06-28 00:00:00+00:00,34494.89
BTCUSDT,2021-06-29 00:00:00+00:00,35911.73
BTCUSDT,2021-06-30 00:00:00+00:00,35045.0
BTCUSDT,2021-07-01 00:00:00+00:00,33504.69
BTCUSDT,2021-07-02 00:00:00+00:00,33786.55
BTCUSDT,2021-07-03 00:00:00+00:00,34669.13
BTCUSDT,2021-07-04 00:00:00+00:00,35286.51
BTCUSDT,2021-07-05 00:00:00+00:00,33690.14
BTCUSDT,2021-07-06 00:00:00+00:00,34220.01
BTCUSDT,2021-07-07 00:00:00+00:00,33862.12
BTCUSDT,2021-07-08 00:00:00+00:00,32875.71
BTCUSDT,2021-07-09 00:00:00+00:00,33815.81
BTCUSDT,2021-07-10 00:00:00+00:00,33502.87
BTCUSDT,2021-07-11 00:00:00+00:00,34258.99
BTCUSDT,2021-07-12 00:00:00+00:00,33086.63
BTCUSDT,2021-07-13 00:00:00+00:00,32729.77
BTCUSDT,2021-07-14 00:00:00+00:00,32820.02
BTCUSDT,2021-07-15 00:00:00+00:00,31880.0
BTCUSDT,2021-07-16 00:00:00+00:00,31383.87
BTCUSDT,2021-07-17 00:00:00+00:00,31520.07
BTCUSDT,2021-07-18 00:00:00+00:00,31778.56
BTCUSDT,2021-07-19 00:00:00+00:00,30839.65
BTCUSDT,2021-07-20 00:00:00+00:00,29790.35
BTCUSDT,2021-07-21 00:00:00+00:00,32144.51
BTCUSDT,2021-07-22 00:00:00+00:00,32287.83
BTCUSDT,2021-07-23 00:00:00+00:00,33634.09
BTCUSDT,2021-07-24 00:00:00+00:00,34258.14
BTCUSDT,2021-07-25 00:00:00+00:00,35381.02
BTCUSDT,2021-07-26 00:00:00+00:00,37237.6
BTCUSDT,2021-07-27 00:00:00+00:00,39457.87
BTCUSDT,2021-07-28 00:00:00+00:00,40019.56
BTCUSDT,2021-07-29 00:00:00+00:00,40016.48
BTCUSDT,2021-07-30 00:00:00+00:00,42206.37
BTCUSDT,2021-07-31 00:00:00+00:00,41461.83
BTCUSDT,2021-08-01 00:00:00+00:00,39845.44
BTCUSDT,2021-08-02 00:00:00+00:00,39147.82
BTCUSDT,2021-08-03 00:00:00+00:00,38207.05
BTCUSDT,2021-08-04 00:00:00+00:00,39723.18
BTCUSDT,2021-08-05 00:00:00+00:00,40862.46
BTCUSDT,2021-08-06 00:00:00+00:00,42836.87
BTCUSDT,2021-08-07 00:00:00+00:00,44572.54
BTCUSDT,2021-08-08 00:00:00+00:00,43794.37
BTCUSDT,2021-08-09 00:00:00+00:00,46253.4
BTCUSDT,2021-08-10 00:00:00+00:00,45584.99
BTCUSDT,2021-08-11 00:00:00+00:00,45511.0
BTCUSDT,2021-08-12 00:00:00+00:00,44399.0
BTCUSDT,2021-08-13 00:00:00+00:00,
BTCUSDT,2021-08-14 00:00:00+00:00,47068.51
BTCUSDT,2021-08-15 00:00:00+00:00,46973.82
BTCUSDT,2021-08-16 00:00:00+00:00,45901.29
BTCUSDT,2021-08-17 00:00:00+00:00,44695.95
BTCUSDT,2021-08-18 00:00:00+00:00,44705.29
BTCUSDT,2021-08-19 00:00:00+00:00,46760.62
BTCUSDT,2021-08-20 00:00:00+00:00,49322.47
BTCUSDT,2021-08-21 00:00:00+00:00,48821.87
BTCUSDT,2021-08-22 00:00:00+00:00,49239.22
BTCUSDT,2021-08-23 00:00:00+00:00,49488.85
BTCUSDT,2021-08-24 00:00:00+00:00,47674.01
BTCUSDT,2021-08-25 00:00:00+00:00,48973.32
BTCUSDT,2021-08-26 00:00:00+00:00,46843.87
BTCUSDT,2021-08-27 00:00:00+00:00,49069.9
BTCUSDT,2021-08-28 00:00:00+00:00,48895.35
BTCUSDT,2021-08-29 00:00:00+00:00,48767.83
BTCUSDT,2021-08-30 00:00:00+00:00,46982.91
BTCUSDT,2021-08-31 00:00:00+00:00,47100.89
BTCUSDT,2021-09-01 00:00:00+00:00,48810.52
BTCUSDT,2021-09-02 00:00:00+00:00,49246.64
BTCUSDT,2021-09-03 00:00:00+00:00,49999.14
BTCUSDT,2021-09-04 00:00:00+00:00,49915.64
BTCUSDT,2021-09-05 00:00:00+00:00,51756.88
BTCUSDT,2021-09-06 00:00:00+00:00,52663.9
BTCUSDT,2021-09-07 00:00:00+00:00,46863.73
BTCUSDT,2021-09-08 00:00:00+00:00,46048.31
BTCUSDT,2021-09-09 00:00:00+00:00,46395.14
BTCUSDT,2021-09-10 00:00:00+00:00,44850.91
BTCUSDT,2021-09-11 00:00:00+00:00,45173.69
BTCUSDT,2021-09-12 00:00:00+00:00,46025.24
BTCUSDT,2021-09-13 00:00:00+00:00,44940.73
BTCUSDT,2021-09-14 00:00:00+00:00,47111.52
BTCUSDT,2021-09-15 00:00:00+00:00,48121.41
BTCUSDT,2021-09-16 00:00:00+00:00,47737.82
BTCUSDT,2021-09-17 00:00:00+00:00,47299.98
BTCUSDT,2021-09-18 00:00:00+00:00,48292.74
BTCUSDT,2021-09-19 00:00:00+00:00,47241.75
BTCUSDT,2021-09-20 00:00:00+00:00,43015.62
BTCUSDT,2021-09-21 00:00:00+00:00,40734.38
BTCUSDT,2021-09-22 00:00:00+00:00,43543.61
BTCUSDT,2021-09-23 00:00:00+00:00,44865.26
BTCUSDT,2021-09-24 00:00:00+00:00,42810.57
BTCUSDT,2021-09-25 00:00:00+00:00,42670.64
BTCUSDT,2021-09-26 00:00:00+00:00,43160.9
BTCUSDT,2021-09-27 00:00:00+00:00,42147.35
BTCUSDT,2021-09-28 00:00:00+00:00,41026.54
BTCUSDT,2021-09-29 00:00:00+00:00,
BTCUSDT,2021-09-30 00:00:00+00:00,43824.1
BTCUSDT,2021-10-01 00:00:00+00:00,48141.61
BTCUSDT,2021-10-02 00:00:00+00:00,47634.9
BTCUSDT,2021-10-03 00:00:00+00:00,48200.01
BTCUSDT,2021-10-04 00:00:00+00:00,49224.94
BTCUSDT,2021-10-05 00:00:00+00:00,51471.99
BTCUSDT,2021-10-06 00:00:00+00:00,55315.0
BTCUSDT,2021-10-07 00:00:00+00:00,53785.22
BTCUSDT,2021-10-08 00:00:00+00:00,53951.43
BTCUSDT,2021-10-09 00:00:00+00:00,54949.72
BTCUSDT,2021-10-10 00:00:00+00:00,54659.0
BTCUSDT,2021-10-11 00:00:00+00:00,57471.35
BTCUSDT,2021-10-12 00:00:00+00:00,55996.93
BTCUSDT,2021-10-13 00:00:00+00:00,57367.0
BTCUSDT,2021-10-14 00:00:00+00:00,57347.94
BTCUSDT,2021-10-15 00:00:00+00:00,61672.42
BTCUSDT,2021-10-16 00:00:00+00:00,60875.57
BTCUSDT,2021-10-17 00:00:00+00:00,61528.33
BTCUSDT,2021-10-18 00:00:00+00:00,62009.84
BTCUSDT,2021-10-19 00:00:00+00:00,64280.59
BTCUSDT,2021-10-20 00:00:00+00:00,66001.41
BTCUSDT,2021-10-21 00:00:00+00:00,62193.15
BTCUSDT,2021-10-22 00:00:00+00:00,60688.22
BTCUSDT,2021-10-23 00:00:00+00:00,61286.75
BTCUSDT,2021-10-24 00:00:00+00:00,60852.22
BTCUSDT,2021-10-25 00:00:00+00:00,63078.78
BTCUSDT,2021-10-26 00:00:00+00:00,60328.81
BTCUSDT,2021-10-27 00:00:00+00:00,58413.44
BTCUSDT,2021-10-28 00:00:00+00:00,60575.89
BTCUSDT,2021-10-29 00:00:00+00:00,62253.71
BTCUSDT,2021-10-30 00:00:00+00:00,61859.19
BTCUSDT,2021-10-31 00:00:00+00:00,61299.8
BTCUSDT,2021-11-01 00:00:00+00:00,60911.11
BTCUSDT,2021-11-02 00:00:00+00:00,63219.99
BTCUSDT,2021-11-03 00:00:00+00:00,62896.48
BTCUSDT,2021-11-04 00:00:00+00:00,61395.01
BTCUSDT,2021-11-05 00:00:00+00:00,60937.12
BTCUSDT,2021-11-06 00:00:00+00:00,61470.61
BTCUSDT,2021-11-07 00:00:00+00:00,63273.59
BTCUSDT,2021-11-08 00:00:00+00:00,67525.83
BTCUSDT,2021-11-09 00:00:00+00:00,66947.66
BTCUSDT,2021-11-10 00:00:00+00:00,64882.43
BTCUSDT,2021-11-11 00:00:00+00:00,64774.26
BTCUSDT,2021-11-12 00:00:00+00:00,64122.23
BTCUSDT,2021-11-13 00:00:00+00:00,64380.0
BTCUSDT,2021-11-14 00:00:00+00:00,65519.1
BTCUSDT,2021-11-15 00:00:00+00:00,63606.74
BTCUSDT,2021-11-16 00:00:00+00:00,60058.87
BTCUSDT,2021-11-17 00:00:00+00:00,60344.87
BTCUSDT,2021-11-18 00:00:00+00:00,56891.62
BTCUSDT,2021-11-19 00:00:00+00:00,58052.24
BTCUSDT,2021-11-20 00:00:00+00:00,59707.51
BTCUSDT,2021-11-21 00:00:00+00:00,58622.02
BTCUSDT,2021-11-22 00:00:00+00:00,56247.18
BTCUSDT,2021-11-23 00:00:00+00:00,57541.27
BTCUSDT,2021-11-24 00:00:00+00:00,57138.29
BTCUSDT,2021-11-25 00:00:00+00:00,58960.36
BTCUSDT,2021-11-26 00:00:00+00:00,53726.53
BTCUSDT,2021-11-27 00:00:00+00:00,54721.03
BTCUSDT,2021-11-28 00:00:00+00:00,57274.88
BTCUSDT,2021-11-29 00:00:00+00:00,57776.25
BTCUSDT,2021-11-30 00:00:00+00:00,56950.56
BTCUSDT,2021-12-01 00:00:00+00:00,57184.07
BTCUSDT,2021-12-02 00:00:00+00:00,56480.34
BTCUSDT,2021-12-03 00:00:00+00:00,53601.05
BTCUSDT,2021-12-04 00:00:00+00:00,49152.47
BTCUSDT,2021-12-05 00:00:00+00:00,49396.33
BTCUSDT,2021-12-06 00:00:00+00:00,50441.92
BTCUSDT,2021-12-07 00:00:00+00:00,50588.95
BTCUSDT,2021-12-08 00:00:00+00:00,50471.19
BTCUSDT,2021-12-09 00:00:00+00:00,47545.59
BTCUSDT,2021-12-10 00:00:00+00:00,47140.54
BTCUSDT,2021-12-11 00:00:00+00:00,49389.99
BTCUSDT,2021-12-12 00:00:00+00:00,50053.9
BTCUSDT,2021-12-13 00:00:00+00:00,46702.75
BTCUSDT,2021-12-14 00:00:00+00:00,48343.28
BTCUSDT,2021-12-15 00:00:00+00:00,48864.98
BTCUSDT,2021-12-16 00:00:00+00:00,47632.38
BTCUSDT,2021-12-17 00:00:00+00:00,46131.2
BTCUSDT,2021-12-18 00:00:00+00:00,46834.48
BTCUSDT,2021-12-19 00:00:00+00:00,46681.23
BTCUSDT,2021-12-20 00:00:00+00:00,46914.16
BTCUSDT,2021-12-21 00:00:00+00:00,48889.88
BTCUSDT,2021-12-22 00:00:00+00:00,48588.16
BTCUSDT,2021-12-23 00:00:00+00:00,50838.81
BTCUSDT,2021-12-24 00:00:00+00:00,
BTCUSDT,2021-12-25 00:00:00+00:00,50399.66
BTCUSDT,2021-12-26 00:00:00+00:00,50775.49
BTCUSDT,2021-12-27 00:00:00+00:00,50701.44
BTCUSDT,2021-12-28 00:00:00+00:00,47543.74
BTCUSDT,2021-12-29 00:00:00+00:00,46464.66
BTCUSDT,2021-12-30 00:00:00+00:00,47120.87
BTCUSDT,2021-12-31 00:00:00+00:00,46216.93
BTCUSDT,2022-01-01 00:00:00+00:00,47722.65
BTCUSDT,2022-01-02 00:00:00+00:00,47286.18
BTCUSDT,2022-01-03 00:00:00+00:00,46446.1
BTCUSDT,2022-01-04 00:00:00+00:00,45832.01
BTCUSDT,2022-01-05 00:00:00+00:00,43451.13
BTCUSDT,2022-01-06 00:00:00+00:00,43082.31
BTCUSDT,2022-01-07 00:00:00+00:00,41566.48
BTCUSDT,2022-01-08 00:00:00+00:00,41679.74
BTCUSDT,2022-01-09 00:00:00+00:00,41864.62
BTCUSDT,2022-01-10 00:00:00+00:00,41822.49
BTCUSDT,2022-01-11 00:00:00+00:00,42729.29
BTCUSDT,2022-01-12 00:00:00+00:00,43902.66
BTCUSDT,2022-01-13 00:00:00+00:00,42560.11
BTCUSDT,2022-01-14 00:00:00+00:00,43059.96
BTCUSDT,2022-01-15 00:00:00+00:00,43084.29
BTCUSDT,2022-01-16 00:00:00+00:00,43071.66
BTCUSDT,2022-01-17 00:00:00+00:00,42201.62
BTCUSDT,2022-01-18 00:00:00+00:00,42352.12
BTCUSDT,2022-01-19 00:00:00+00:00,41660.01
BTCUSDT,2022-01-20 00:00:00+00:00,40680.91
BTCUSDT,2022-01-21 00:00:00+00:00,36445.31
BTCUSDT,2022-01-22 00:00:00+00:00,35071.42
BTCUSDT,2022-01-23 00:00:00+00:00,36244.55
BTCUSDT,2022-01-24 00:00:00+00:00,36660.35
BTCUSDT,2022-01-25 00:00:00+00:00,36958.32
BTCUSDT,2022-01-26 00:00:00+00:00,36809.34
BTCUSDT,2022-01-27 00:00:00+00:00,37160.1
BTCUSDT,2022-01-28 00:00:00+00:00,37716.56
BTCUSDT,2022-01-29 00:00:00+00:00,38166.84
BTCUSDT,2022-01-30 00:00:00+00:00,37881.76
BTCUSDT,2022-01-31 00:00:00+00:00,38466.9
BTCUSDT,2022-02-01 00:00:00+00:00,38694.59
BTCUSDT,2022-02-02 00:00:00+00:00,36896.36
BTCUSDT,2022-02-03 00:00:00+00:00,37311.61
BTCUSDT,2022-02-04 00:00:00+00:00,41574.25
BTCUSDT,2022-02-05 00:00:00+00:00,41382.59
BTCUSDT,2022-02-06 00:00:00+00:00,42380.87
BTCUSDT,2022-02-07 00:00:00+00:00,43839.99
BTCUSDT,2022-02-08 00:00:00+00:00,44042.99
BTCUSDT,2022-02-09 00:00:00+00:00,44372.72
BTCUSDT,2022-02-10 00:00:00+00:00,43495.44
BTCUSDT,2022-02-11 00:00:00+00:00,42373.73
BTCUSDT,2022-02-12 00:00:00+00:00,42217.87
BTCUSDT,2022-02-13 00:00:00+00:00,42053.66
BTCUSDT,2022-02-14 00:00:00+00:00,42535.94
BTCUSDT,2022-02-15 00:00:00+00:00,44544.86
BTCUSDT,2022-02-16 00:00:00+00:00,43873.56
BTCUSDT,2022-02-17 00:00:00+00:00,40515.7
BTCUSDT,2022-02-18 00:00:00+00:00,39974.44
BTCUSDT,2022-02-19 00:00:00+00:00,40079.17
BTCUSDT,2022-02-20 00:00:00+00:00,38386.89
BTCUSDT,2022-02-21 00:00:00+00:00,37008.16
BTCUSDT,2022-02-22 00:00:00+00:00,38230.33
BTCUSDT,2022-02-23 00:00:00+00:00,37250.01
BTCUSDT,2022-02-24 00:00:00+00:00,38327.21
BTCUSDT,2022-02-25 00:00:00+00:00,39219.17
BTCUSDT,2022-02-26 00:00:00+00:00,39116.72
BTCUSDT,2022-02-27 00:00:00+00:00,37699.07
BTCUSDT,2022-02-28 00:00:00+00:00,43160.0
BTCUSDT,2022-03-01 00:00:00+00:00,44421.2
BTCUSDT,2022-03-02 00:00:00+00:00,43892.98
BTCUSDT,2022-03-03 00:00:00+00:00,42454.0
BTCUSDT,2022-03-04 00:00:00+00:00,39148.66
BTCUSDT,2022-03-05 00:00:00+00:00,39397.96
BTCUSDT,2022-03-06 00:00:00+00:00,38420.81
BTCUSDT,2022-03-07 00:00:00+00:00,37988.0
BTCUSDT,2022-03-08 00:00:00+00:00,38730.63
BTCUSDT,2022-03-09 00:00:00+00:00,41941.71
BTCUSDT,2022-03-10 00:00:00+00:00,39422.0
BTCUSDT,2022-03-11 00:00:00+00:00,38729.57
BTCUSDT,2022-03-12 00:00:00+00:00,38807.36
BTCUSDT,2022-03-13 00:00:00+00:00,37777.34
BTCUSDT,2022-03-14 00:00:00+00:00,39671.37
BTCUSDT,2022-03-15 00:00:00+00:00,39280.33
BTCUSDT,2022-03-16 00:00:00+00:00,41114.0
BTCUSDT,2022-03-17 00:00:00+00:00,40917.9
BTCUSDT,2022-03-18 00:00:00+00:00,41757.51
BTCUSDT,2022-03-19 00:00:00+00:00,42201.13
BTCUSDT,2022-03-20 00:00:00+00:00,41262.11
BTCUSDT,2022-03-21 00:00:00+00:00,41002.25
BTCUSDT,2022-03-22 00:00:00+00:00,42364.13
BTCUSDT,2022-03-23 00:00:00+00:00,42882.76
BTCUSDT,2022-03-24 00:00:00+00:00,43991.46
BTCUSDT,2022-03-25 00:00:00+00:00,44313.16
BTCUSDT,2022-03-26 00:00:00+00:00,44511.27
BTCUSDT,2022-03-27 00:00:00+00:00,46827.76
BTCUSDT,2022-03-28 00:00:00+00:00,47122.21
BTCUSDT,2022-03-29 00:00:00+00:00,47434.8
BTCUSDT,2022-03-30 00:00:00+00:00,47067.99
BTCUSDT,2022-03-31 00:00:00+00:00,45510.34
BTCUSDT,2022-04-01 00:00:00+00:00,46283.49
BTCUSDT,2022-04-02 00:00:00+00:00,45811.0
BTCUSDT,2022-04-03 00:00:00+00:00,46407.35
BTCUSDT,2022-04-04 00:00:00+00:00,46580.51
BTCUSDT,2022-04-05 00:00:00+00:00,45497.55
BTCUSDT,2022-04-06 00:00:00+00:00,43170.47
BTCUSDT,2022-04-07 00:00:00+00:00,43444.19
BTCUSDT,2022-04-08 00:00:00+00:00,42252.01
BTCUSDT,2022-04-09 00:00:00+00:00,42753.97
BTCUSDT,2022-04-10 00:00:00+00:00,42158.85
BTCUSDT,2022-04-11 00:00:00+00:00,39530.45
BTCUSDT,2022-04-12 00:00:00+00:00,40074.94
BTCUSDT,2022-04-13 00:00:00+00:00,41147.79
BTCUSDT,2022-04-14 00:00:00+00:00,39942.38
BTCUSDT,2022-04-15 00:00:00+00:00,40551.9
BTCUSDT,2022-04-16 00:00:00+00:00,40378.71
BTCUSDT,2022-04-17 00:00:00+00:00,39678.12
BTCUSDT,2022-04-18 00:00:00+00:00,40801.13
BTCUSDT,2022-04-19 00:00:00+00:00,41493.18
BTCUSDT,2022-04-20 00:00:00+00:00,41358.19
BTCUSDT,2022-04-21 00:00:00+00:00,40480.01
BTCUSDT,2022-04-22 00:00:00+00:00,39709.18
BTCUSDT,2022-04-23 00:00:00+00:00,39441.6
BTCUSDT,2022-04-24 00:00:00+00:00,39450.13
BTCUSDT,2022-04-25 00:00:00+00:00,40426.08
BTCUSDT,2022-04-26 00:00:00+00:00,38112.65
BTCUSDT,2022-04-27 00:00:00+00:00,39235.72
BTCUSDT,2022-04-28 00:00:00+00:00,39742.07
BTCUSDT,2022-04-29 00:00:00+00:00,38596.11
BTCUSDT,2022-04-30 00:00:00+00:00,37630.8
BTCUSDT,2022-05-01 00:00:00+00:00,38468.35
BTCUSDT,2022-05-02 00:00:00+00:00,38525.16
BTCUSDT,2022-05-03 00:00:00+00:00,37728.95
BTCUSDT,2022-05-04 00:00:00+00:00,39690.0
BTCUSDT,2022-05-05 00:00:00+00:00,36552.97
BTCUSDT,2022-05-06 00:00:00+00:00,36013.77
BTCUSDT,2022-05-07 00:00:00+00:00,35472.39
BTCUSDT,2022-05-08 00:00:00+00:00,34038.4
BTCUSDT,2022-05-09 00:00:00+00:00,30076.31
BTCUSDT,2022-05-10 00:00:00+00:00,31017.1
BTCUSDT,2022-05-11 00:00:00+00:00,29103.94
BTCUSDT,2022-05-12 00:00:00+00:00,29029.75
BTCUSDT,2022-05-13 00:00:00+00:00,29287.05
BTCUSDT,2022-05-14 00:00:00+00:00,30086.74
BTCUSDT,2022-05-15 00:00:00+00:00,31328.89
BTCUSDT,2022-05-16 00:00:00+00:00,29874.01
BTCUSDT,2022-05-17 00:00:00+00:00,30444.93
BTCUSDT,2022-05-18 00:00:00+00:00,28715.32
BTCUSDT,2022-05-19 00:00:00+00:00,30319.23
BTCUSDT,2022-05-20 00:00:00+00:00,29201.01
BTCUSDT,2022-05-21 00:00:00+00:00,29445.06
BTCUSDT,2022-05-22 00:00:00+00:00,30293.94
BTCUSDT,2022-05-23 00:00:00+00:00,29109.15
BTCUSDT,2022-05-24 00:00:00+00:00,29654.58
BTCUSDT,2022-05-25 00:00:00+00:00,29542.15
BTCUSDT,2022-05-26 00:00:00+00:00,29201.35
BTCUSDT,2022-05-27 00:00:00+00:00,28629.8
BTCUSDT,2022-05-28 00:00:00+00:00,29031.33
BTCUSDT,2022-05-29 00:00:00+00:00,29468.1
BTCUSDT,2022-05-30 00:00:00+00:00,31734.22
BTCUSDT,2022-05-31 00:00:00+00:00,31801.04
BTCUSDT,2022-06-01 00:00:00+00:00,29805.83
BTCUSDT,2022-06-02 00:00:00+00:00,30452.62
BTCUSDT,2022-06-03 00:00:00+00:00,29700.21
BTCUSDT,2022-06-04 00:00:00+00:00,29864.04
BTCUSDT,2022-06-05 00:00:00+00:00,29919.21
BTCUSDT,2022-06-06 00:00:00+00:00,31373.1
BTCUSDT,2022-06-07 00:00:00+00:00,31125.33
BTCUSDT,2022-06-08 00:00:00+00:00,30204.77
BTCUSDT,2022-06-09 00:00:00+00:00,30109.93
BTCUSDT,2022-06-10 00:00:00+00:00,29091.88
BTCUSDT,2022-06-11 00:00:00+00:00,28424.7
BTCUSDT,2022-06-12 00:00:00+00:00,26574.53
BTCUSDT,2022-06-13 00:00:00+00:00,22487.41
BTCUSDT,2022-06-14 00:00:00+00:00,22136.41
BTCUSDT,2022-06-15 00:00:00+00:00,22583.72
BTCUSDT,2022-06-16 00:00:00+00:00,20401.31
BTCUSDT,2022-06-17 00:00:00+00:00,20468.81
BTCUSDT,2022-06-18 00:00:00+00:00,18970.79
BTCUSDT,2022-06-19 00:00:00+00:00,20574.0
BTCUSDT,2022-06-20 00:00:00+00:00,20573.89
BTCUSDT,2022-06-21 00:00:00+00:00,20723.52
BTCUSDT,2022-06-22 00:00:00+00:00,19987.99
BTCUSDT,2022-06-23 00:00:00+00:00,21110.13
BTCUSDT,2022-06-24 00:00:00+00:00,21237.69
BTCUSDT,2022-06-25 00:00:00+00:00,21491.19
BTCUSDT,2022-06-26 00:00:00+00:00,21038.07
BTCUSDT,2022-06-27 00:00:00+00:00,20742.56
BTCUSDT,2022-06-28 00:00:00+00:00,20281.29
BTCUSDT,2022-06-29 00:00:00+00:00,20123.01
BTCUSDT,2022-06-30 00:00:00+00:00,19942.21
BTCUSDT,2022-07-01 00:00:00+00:00,19279.8
BTCUSDT,2022-07-02 00:00:00+00:00,19252.81
BTCUSDT,2022-07-03 00:00:00+00:00,19315.83
BTCUSDT,2022-07-04 00:00:00+00:00,20236.71
BTCUSDT,2022-07-05 00:00:00+00:00,20175.83
BTCUSDT,2022-07-06 00:00:00+00:00,20564.51
BTCUSDT,2022-07-07 00:00:00+00:00,21624.98
BTCUSDT,2022-07-08 00:00:00+00:00,21594.75
BTCUSDT,2022-07-09 00:00:00+00:00,21591.83
BTCUSDT,2022-07-10 00:00:00+00:00,20862.47
BTCUSDT,2022-07-11 00:00:00+00:00,19963.61
BTCUSDT,2022-07-12 00:00:00+00:00,19328.75
BTCUSDT,2022-07-13 00:00:00+00:00,20234.87
BTCUSDT,2022-07-14 00:00:00+00:00,20588.84
BTCUSDT,2022-07-15 00:00:00+00:00,20830.04
BTCUSDT,2022-07-16 00:00:00+00:00,21195.6
BTCUSDT,2022-07-17 00:00:00+00:00,20798.16
BTCUSDT,2022-07-18 00:00:00+00:00,22432.58
BTCUSDT,2022-07-19 00:00:00+00:00,23396.62
BTCUSDT,2022-07-20 00:00:00+00:00,23223.3
BTCUSDT,2022-07-21 00:00:00+00:00,23152.19
BTCUSDT,2022-07-22 00:00:00+00:00,22684.83
BTCUSDT,2022-07-23 00:00:00+00:00,22451.07
BTCUSDT,2022-07-24 00:00:00+00:00,22579.68
BTCUSDT,2022-07-25 00:00:00+00:00,21310.9
BTCUSDT,2022-07-26 00:00:00+00:00,21254.67
BTCUSDT,2022-07-27 00:00:00+00:00,22952.45
BTCUSDT,2022-07-28 00:00:00+00:00,23842.93
BTCUSDT,2022-07-29 00:00:00+00:00,23773.75
BTCUSDT,2022-07-30 00:00:00+00:00,23643.51
BTCUSDT,2022-07-31 00:00:00+00:00,23293.32
BTCUSDT,2022-08-01 00:00:00+00:00,23268.01
BTCUSDT,2022-08-02 00:00:00+00:00,22987.79
BTCUSDT,2022-08-03 00:00:00+00:00,22818.37
BTCUSDT,2022-08-04 00:00:00+00:00,22622.98
BTCUSDT,2022-08-05 00:00:00+00:00,23312.42
BTCUSDT,2022-08-06 00:00:00+00:00,22954.21
BTCUSDT,2022-08-07 00:00:00+00:00,23174.39
BTCUSDT,2022-08-08 00:00:00+00:00,23810.0
BTCUSDT,2022-08-09 00:00:00+00:00,23149.95
BTCUSDT,2022-08-10 00:00:00+00:00,23954.05
BTCUSDT,2022-08-11 00:00:00+00:00,23934.39
BTCUSDT,2022-08-12 00:00:00+00:00,24403.68
BTCUSDT,2022-08-13 00:00:00+00:00,24441.38
BTCUSDT,2022-08-14 00:00:00+00:00,24305.24
BTCUSDT,2022-08-15 00:00:00+00:00,24094.82
BTCUSDT,2022-08-16 00:00:00+00:00,23854.74
BTCUSDT,2022-08-17 00:00:00+00:00,23342.66
BTCUSDT,2022-08-18 00:00:00+00:00,23191.2
BTCUSDT,2022-08-19 00:00:00+00:00,20834.39
BTCUSDT,2022-08-20 00:00:00+00:00,21140.07
BTCUSDT,2022-08-21 00:00:00+00:00,21515.61
BTCUSDT,2022-08-22 00:00:00+00:00,21399.83
BTCUSDT,2022-08-23 00:00:00+00:00,21529.12
BTCUSDT,2022-08-24 00:00:00+00:00,21368.08
BTCUSDT,2022-08-25 00:00:00+00:00,21559.04
BTCUSDT,2022-08-26 00:00:00+00:00,20241.05
BTCUSDT,2022-08-27 00:00:00+00:00,20037.6
BTCUSDT,2022-08-28 00:00:00+00:00,19555.61
BTCUSDT,2022-08-29 00:00:00+00:00,20285.73
BTCUSDT,2022-08-30 00:00:00+00:00,19811.66
BTCUSDT,2022-08-31 00:00:00+00:00,20050.02
BTCUSDT,2022-09-01 00:00:00+00:00,20131.46
BTCUSDT,2022-09-02 00:00:00+00:00,19951.86
BTCUSDT,2022-09-03 00:00:00+00:00,19831.9
BTCUSDT,2022-09-04 00:00:00+00:00,20000.3
BTCUSDT,2022-09-05 00:00:00+00:00,19796.84
BTCUSDT,2022-09-06 00:00:00+00:00,18790.61
BTCUSDT,2022-09-07 00:00:00+00:00,19292.84
BTCUSDT,2022-09-08 00:00:00+00:00,19319.77
BTCUSDT,2022-09-09 00:00:00+00:00,21360.11
BTCUSDT,2022-09-10 00:00:00+00:00,21648.34
BTCUSDT,2022-09-11 00:00:00+00:00,21826.87
BTCUSDT,2022-09-12 00:00:00+00:00,22395.74
BTCUSDT,2022-09-13 00:00:00+00:00,20173.57
BTCUSDT,2022-09-14 00:00:00+00:00,20226.71
BTCUSDT,2022-09-15 00:00:00+00:00,19701.88
BTCUSDT,2022-09-16 00:00:00+00:00,19803.3
BTCUSDT,2022-09-17 00:00:00+00:00,20113.62
BTCUSDT,2022-09-18 00:00:00+00:00,19416.18
BTCUSDT,2022-09-19 00:00:00+00:00,19537.02
BTCUSDT,2022-09-20 00:00:00+00:00,18875.0
BTCUSDT,2022-09-21 00:00:00+00:00,18461.36
BTCUSDT,2022-09-22 00:00:00+00:00,19401.63
BTCUSDT,2022-09-23 00:00:00+00:00,19289.91
BTCUSDT,2022-09-24 00:00:00+00:00,18920.5
BTCUSDT,2022-09-25 00:00:00+00:00,18807.38
BTCUSDT,2022-09-26 00:00:00+00:00,19227.82
BTCUSDT,2022-09-27 00:00:00+00:00,19079.13
BTCUSDT,2022-09-28 00:00:00+00:00,19412.82
BTCUSDT,2022-09-29 00:00:00+00:00,19591.51
BTCUSDT,2022-09-30 00:00:00+00:00,19422.61
BTCUSDT,2022-10-01 00:00:00+00:00,19310.95
BTCUSDT,2022-10-02 00:00:00+00:00,19056.8
BTCUSDT,2022-10-03 00:00:00+00:00,19629.08
BTCUSDT,2022-10-04 00:00:00+00:00,20337.82
BTCUSDT,2022-10-05 00:00:00+00:00,20158.26
BTCUSDT,2022-10-06 00:00:00+00:00,19960.67
BTCUSDT,2022-10-07 00:00:00+00:00,19530.09
BTCUSDT,2022-10-08 00:00:00+00:00,19417.96
BTCUSDT,2022-10-09 00:00:00+00:00,19439.02
BTCUSDT,2022-10-10 00:00:00+00:00,19131.87
BTCUSDT,2022-10-11 00:00:00+00:00,19060.0
BTCUSDT,2022-10-12 00:00:00+00:00,19155.53
BTCUSDT,2022-10-13 00:00:00+00:00,19375.13
BTCUSDT,2022-10-14 00:00:00+00:00,19176.93
BTCUSDT,2022-10-15 00:00:00+00:00,19069.39
BTCUSDT,2022-10-16 00:00:00+00:00,19262.98
BTCUSDT,2022-10-17 00:00:00+00:00,19549.86
BTCUSDT,2022-10-18 00:00:00+00:00,19327.44
BTCUSDT,2022-10-19 00:00:00+00:00,19123.97
BTCUSDT,2022-10-20 00:00:00+00:00,19041.92
BTCUSDT,2022-10-21 00:00:00+00:00,19164.37
BTCUSDT,2022-10-22 00:00:00+00:00,19204.35
BTCUSDT,2022-10-23 00:00:00+00:00,19570.4
BTCUSDT,2022-10-24 00:00:00+00:00,19329.72
BTCUSDT,2022-10-25 00:00:00+00:00,20080.07
BTCUSDT,2022-10-26 00:00:00+00:00,20771.59
BTCUSDT,2022-10-27 00:00:00+00:00,20295.11
BTCUSDT,2022-10-28 00:00:00+00:00,20591.84
BTCUSDT,2022-10-29 00:00:00+00:00,20809.67
BTCUSDT,2022-10-30 00:00:00+00:00,20627.48
BTCUSDT,2022-10-31 00:00:00+00:00,20490.74
BTCUSDT,2022-11-01 00:00:00+00:00,20483.62
BTCUSDT,2022-11-02 00:00:00+00:00,20151.84
BTCUSDT,2022-11-03 00:00:00+00:00,20207.82
BTCUSDT,2022-11-04 00:00:00+00:00,21148.52
BTCUSDT,2022-11-05 00:00:00+00:00,21299.37
BTCUSDT,2022-11-06 00:00:00+00:00,20905.58
BTCUSDT,2022-11-07 00:00:00+00:00,20591.13
BTCUSDT,2022-11-08 00:00:00+00:00,18547.23
BTCUSDT,2022-11-09 00:00:00+00:00,15922.81
BTCUSDT,2022-11-10 00:00:00+00:00,17601.15
BTCUSDT,2022-11-11 00:00:00+00:00,17070.31
BTCUSDT,2022-11-12 00:00:00+00:00,16812.08
BTCUSDT,2022-11-13 00:00:00+00:00,16329.85
BTCUSDT,2022-11-14 00:00:00+00:00,16619.46
BTCUSDT,2022-11-15 00:00:00+00:00,16900.57
BTCUSDT,2022-11-16 00:00:00+00:00,16662.76
BTCUSDT,2022-11-17 00:00:00+00:00,16692.56
BTCUSDT,2022-11-18 00:00:00+00:00,16700.45
BTCUSDT,2022-11-19 00:00:00+00:00,16700.68
BTCUSDT,2022-11-20 00:00:00+00:00,16280.23
BTCUSDT,2022-11-21 00:00:00+00:00,15781.29
BTCUSDT,2022-11-22 00:00:00+00:00,16226.94
BTCUSDT,2022-11-23 00:00:00+00:00,16603.11
BTCUSDT,2022-11-24 00:00:00+00:00,16598.95
BTCUSDT,2022-11-25 00:00:00+00:00,16522.14
BTCUSDT,2022-11-26 00:00:00+00:00,16458.57
BTCUSDT,2022-11-27 00:00:00+00:00,16428.78
BTCUSDT,2022-11-28 00:00:00+00:00,16212.91
BTCUSDT,2022-11-29 00:00:00+00:00,16442.53
BTCUSDT,2022-11-30 00:00:00+00:00,17163.64
BTCUSDT,2022-12-01 00:00:00+00:00,16977.37
BTCUSDT,2022-12-02 00:00:00+00:00,17092.74
BTCUSDT,2022-12-03 00:00:00+00:00,16885.2
BTCUSDT,2022-12-04 00:00:00+00:00,17105.7
BTCUSDT,2022-12-05 00:00:00+00:00,16966.35
BTCUSDT,2022-12-06 00:00:00+00:00,17088.96
BTCUSDT,2022-12-07 00:00:00+00:00,16836.64
BTCUSDT,2022-12-08 00:00:00+00:00,17224.1
BTCUSDT,2022-12-09 00:00:00+00:00,17128.56
BTCUSDT,2022-12-10 00:00:00+00:00,17127.49
BTCUSDT,2022-12-11 00:00:00+00:00,17085.05
BTCUSDT,2022-12-12 00:00:00+00:00,17209.83
BTCUSDT,2022-12-13 00:00:00+00:00,17774.7
BTCUSDT,2022-12-14 00:00:00+00:00,17803.15
BTCUSDT,2022-12-15 00:00:00+00:00,17356.34
BTCUSDT,2022-12-16 00:00:00+00:00,16632.12
BTCUSDT,2022-12-17 00:00:00+00:00,16776.52
BTCUSDT,2022-12-18 00:00:00+00:00,16738.21
BTCUSDT,2022-12-19 00:00:00+00:00,16438.88
BTCUSDT,2022-12-20 00:00:00+00:00,16895.56
BTCUSDT,2022-12-21 00:00:00+00:00,16824.67
BTCUSDT,2022-12-22 00:00:00+00:00,16821.43
BTCUSDT,2022-12-23 00:00:00+00:00,16778.5
BTCUSDT,2022-12-24 00:00:00+00:00,16836.12
BTCUSDT,2022-12-25 00:00:00+00:00,16832.11
BTCUSDT,2022-12-26 00:00:00+00:00,16919.39
BTCUSDT,2022-12-27 00:00:00+00:00,16706.36
BTCUSDT,2022-12-28 00:00:00+00:00,16547.31
BTCUSDT,2022-12-29 00:00:00+00:00,16633.47
BTCUSDT,2022-12-30 00:00:00+00:00,16607.48
BTCUSDT,2022-12-31 00:00:00+00:00,16542.4
BTCUSDT,2023-01-01 00:00:00+00:00,16616.75
BTCUSDT,2023-01-02 00:00:00+00:00,16672.87
BTCUSDT,2023-01-03 00:00:00+00:00,16675.18
BTCUSDT,2023-01-04 00:00:00+00:00,16850.36
BTCUSDT,2023-01-05 00:00:00+00:00,16831.85
BTCUSDT,2023-01-06 00:00:00+00:00,16950.65
BTCUSDT,2023-01-07 00:00:00+00:00,16943.57
BTCUSDT,2023-01-08 00:00:00+00:00,17127.83
BTCUSDT,2023-01-09 00:00:00+00:00,17178.26
BTCUSDT,2023-01-10 00:00:00+00:00,17440.66
BTCUSDT,2023-01-11 00:00:00+00:00,17943.26
BTCUSDT,2023-01-12 00:00:00+00:00,18846.62
BTCUSDT,2023-01-13 00:00:00+00:00,19930.01
BTCUSDT,2023-01-14 00:00:00+00:00,20954.92
BTCUSDT,2023-01-15 00:00:00+00:00,20871.5
BTCUSDT,2023-01-16 00:00:00+00:00,21185.65
BTCUSDT,2023-01-17 00:00:00+00:00,21134.81
BTCUSDT,2023-01-18 00:00:00+00:00,20677.47
BTCUSDT,2023-01-19 00:00:00+00:00,21071.59
BTCUSDT,2023-01-20 00:00:00+00:00,22667.21
BTCUSDT,2023-01-21 00:00:00+00:00,22783.55
BTCUSDT,2023-01-22 00:00:00+00:00,22707.88
BTCUSDT,2023-01-23 00:00:00+00:00,22916.45
BTCUSDT,2023-01-24 00:00:00+00:00,22632.89
BTCUSDT,2023-01-25 00:00:00+00:00,23060.94
BTCUSDT,2023-01-26 00:00:00+00:00,23009.65
BTCUSDT,2023-01-27 00:00:00+00:00,23074.16
BTCUSDT,2023-01-28 00:00:00+00:00,23022.6
BTCUSDT,2023-01-29 00:00:00+00:00,23742.3
BTCUSDT,2023-01-30 00:00:00+00:00,22826.15
BTCUSDT,2023-01-31 00:00:00+00:00,23125.13
BTCUSDT,2023-02-01 00:00:00+00:00,23732.66
BTCUSDT,2023-02-02 00:00:00+00:00,23488.94
BTCUSDT,2023-02-03 00:00:00+00:00,23431.9
BTCUSDT,2023-02-04 00:00:00+00:00,23326.84
BTCUSDT,2023-02-05 00:00:00+00:00,22932.91
BTCUSDT,2023-02-06 00:00:00+00:00,22762.52
BTCUSDT,2023-02-07 00:00:00+00:00,23240.46
BTCUSDT,2023-02-08 00:00:00+00:00,22963.0
BTCUSDT,2023-02-09 00:00:00+00:00,21796.35
BTCUSDT,2023-02-10 00:00:00+00:00,21625.19
BTCUSDT,2023-02-11 00:00:00+00:00,21862.55
BTCUSDT,2023-02-12 00:00:00+00:00,21783.54
BTCUSDT,2023-02-13 00:00:00+00:00,21773.97
BTCUSDT,2023-02-14 00:00:00+00:00,22199.84
BTCUSDT,2023-02-15 00:00:00+00:00,24324.05
BTCUSDT,2023-02-16 00:00:00+00:00,23517.72
BTCUSDT,2023-02-17 00:00:00+00:00,24569.97
BTCUSDT,2023-02-18 00:00:00+00:00,24631.95
BTCUSDT,2023-02-19 00:00:00+00:00,24271.76
BTCUSDT,2023-02-20 00:00:00+00:00,24842.2
BTCUSDT,2023-02-21 00:00:00+00:00,24452.16
BTCUSDT,2023-02-22 00:00:00+00:00,24182.21
BTCUSDT,2023-02-23 00:00:00+00:00,23940.2
BTCUSDT,2023-02-24 00:00:00+00:00,23185.29
BTCUSDT,2023-02-25 00:00:00+00:00,23157.07
BTCUSDT,2023-02-26 00:00:00+00:00,23554.85
BTCUSDT,2023-02-27 00:00:00+00:00,23492.09
BTCUSDT,2023-02-28 00:00:00+00:00,23141.57
BTCUSDT,2023-03-01 00:00:00+00:00,23628.97
BTCUSDT,2023-03-02 00:00:00+00:00,23465.32
BTCUSDT,2023-03-03 00:00:00+00:00,22354.34
BTCUSDT,2023-03-04 00:00:00+00:00,22346.57
BTCUSDT,2023-03-05 00:00:00+00:00,22430.24
BTCUSDT,2023-03-06 00:00:00+00:00,22410.0
BTCUSDT,2023-03-07 00:00:00+00:00,22197.96
BTCUSDT,2023-03-08 00:00:00+00:00,21705.44
BTCUSDT,2023-03-09 00:00:00+00:00,20362.22
BTCUSDT,2023-03-10 00:00:00+00:00,20150.69
BTCUSDT,2023-03-11 00:00:00+00:00,20455.73
BTCUSDT,2023-03-12 00:00:00+00:00,21997.11
BTCUSDT,2023-03-13 00:00:00+00:00,24113.48
BTCUSDT,2023-03-14 00:00:00+00:00,24670.41
BTCUSDT,2023-03-15 00:00:00+00:00,24285.66
BTCUSDT,2023-03-16 00:00:00+00:00,24998.78
BTCUSDT,2023-03-17 00:00:00+00:00,27395.13
BTCUSDT,2023-03-18 00:00:00+00:00,26907.49
BTCUSDT,2023-03-19 00:00:00+00:00,27972.87
BTCUSDT,2023-03-20 00:00:00+00:00,27717.01
BTCUSDT,2023-03-21 00:00:00+00:00,28105.47
BTCUSDT,2023-03-22 00:00:00+00:00,27250.97
BTCUSDT,2023-03-23 00:00:00+00:00,28295.41
BTCUSDT,2023-03-24 00:00:00+00:00,
BTCUSDT,2023-03-25 00:00:00+00:00,27462.95
BTCUSDT,2023-03-26 00:00:00+00:00,27968.05
BTCUSDT,2023-03-27 00:00:00+00:00,27124.91
BTCUSDT,2023-03-28 00:00:00+00:00,27261.07
BTCUSDT,2023-03-29 00:00:00+00:00,28348.6
BTCUSDT,2023-03-30 00:00:00+00:00,28028.53
BTCUSDT,2023-03-31 00:00:00+00:00,28465.36
BTCUSDT,2023-04-01 00:00:00+00:00,28452.73
BTCUSDT,2023-04-02 00:00:00+00:00,28171.87
BTCUSDT,2023-04-03 00:00:00+00:00,27800.0
BTCUSDT,2023-04-04 00:00:00+00:00,28165.47
BTCUSDT,2023-04-05 00:00:00+00:00,28170.01
BTCUSDT,2023-04-06 00:00:00+00:00,28033.82
BTCUSDT,2023-04-07 00:00:00+00:00,27906.33
BTCUSDT,2023-04-08 00:00:00+00:00,27938.38
BTCUSDT,2023-04-09 00:00:00+00:00,28323.76
BTCUSDT,2023-04-10 00:00:00+00:00,29637.34
BTCUSDT,2023-04-11 00:00:00+00:00,30200.42
BTCUSDT,2023-04-12 00:00:00+00:00,29888.07
BTCUSDT,2023-04-13 00:00:00+00:00,30373.84
BTCUSDT,2023-04-14 00:00:00+00:00,30466.93
BTCUSDT,2023-04-15 00:00:00+00:00,30295.09
BTCUSDT,2023-04-16 00:00:00+00:00,30304.65
BTCUSDT,2023-04-17 00:00:00+00:00,29430.27
BTCUSDT,2023-04-18 00:00:00+00:00,30380.01
BTCUSDT,2023-04-19 00:00:00+00:00,28797.1
BTCUSDT,2023-04-20 00:00:00+00:00,28243.65
BTCUSDT,2023-04-21 00:00:00+00:00,27262.84
BTCUSDT,2023-04-22 00:00:00+00:00,27816.85
BTCUSDT,2023-04-23 00:00:00+00:00,27590.6
BTCUSDT,2023-04-24 00:00:00+00:00,27510.93
BTCUSDT,2023-04-25 00:00:00+00:00,28300.79
BTCUSDT,2023-04-26 00:00:00+00:00,28415.29
BTCUSDT,2023-04-27 00:00:00+00:00,29472.77
BTCUSDT,2023-04-28 00:00:00+00:00,29311.7
BTCUSDT,2023-04-29 00:00:00+00:00,29230.45
BTCUSDT,2023-04-30 00:00:00+00:00,29233.21
BTCUSDT,2023-05-01 00:00:00+00:00,28068.26
BTCUSDT,2023-05-02 00:00:00+00:00,28669.86
BTCUSDT,2023-05-03 00:00:00+00:00,29026.16
BTCUSDT,2023-05-04 00:00:00+00:00,28838.16
BTCUSDT,2023-05-05 00:00:00+00:00,29505.61
BTCUSDT,2023-05-06 00:00:00+00:00,28848.2
BTCUSDT,2023-05-07 00:00:00+00:00,28430.1
BTCUSDT,2023-05-08 00:00:00+00:00,27668.79
BTCUSDT,2023-05-09 00:00:00+00:00,27628.27
BTCUSDT,2023-05-10 00:00:00+00:00,27598.75
BTCUSDT,2023-05-11 00:00:00+00:00,26968.62
BTCUSDT,2023-05-12 00:00:00+00:00,26795.01
BTCUSDT,2023-05-13 00:00:00+00:00,26775.28
BTCUSDT,2023-05-14 00:00:00+00:00,26917.62
BTCUSDT,2023-05-15 00:00:00+00:00,27162.14
BTCUSDT,2023-05-16 00:00:00+00:00,27033.84
BTCUSDT,2023-05-17 00:00:00+00:00,27405.61
BTCUSDT,2023-05-18 00:00:00+00:00,26821.28
BTCUSDT,2023-05-19 00:00:00+00:00,26880.26
BTCUSDT,2023-05-20 00:00:00+00:00,27102.43
BTCUSDT,2023-05-21 00:00:00+00:00,26747.78
BTCUSDT,2023-05-22 00:00:00+00:00,26849.27
BTCUSDT,2023-05-23 00:00:00+00:00,27219.61
BTCUSDT,2023-05-24 00:00:00+00:00,26329.01
BTCUSDT,2023-05-25 00:00:00+00:00,26473.79
BTCUSDT,2023-05-26 00:00:00+00:00,26705.92
BTCUSDT,2023-05-27 00:00:00+00:00,26854.27
BTCUSDT,2023-05-28 00:00:00+00:00,28065.0
BTCUSDT,2023-05-29 00:00:00+00:00,27736.4
BTCUSDT,2023-05-30 00:00:00+00:00,27694.4
BTCUSDT,2023-05-31 00:00:00+00:00,27210.35
BTCUSDT,2023-06-01 00:00:00+00:00,26817.93
BTCUSDT,2023-06-02 00:00:00+00:00,27242.59
BTCUSDT,2023-06-03 00:00:00+00:00,27069.22
BTCUSDT,2023-06-04 00:00:00+00:00,27115.21
BTCUSDT,2023-06-05 00:00:00+00:00,25728.2
BTCUSDT,2023-06-06 00:00:00+00:00,27230.08
BTCUSDT,2023-06-07 00:00:00+00:00,26339.34
BTCUSDT,2023-06-08 00:00:00+00:00,26498.61
BTCUSDT,2023-06-09 00:00:00+00:00,26477.81
BTCUSDT,2023-06-10 00:00:00+00:00,25841.21
BTCUSDT,2023-06-11 00:00:00+00:00,25925.55
BTCUSDT,2023-06-12 00:00:00+00:00,25905.19
BTCUSDT,2023-06-13 00:00:00+00:00,25934.25
BTCUSDT,2023-06-14 00:00:00+00:00,25128.6
BTCUSDT,2023-06-15 00:00:00+00:00,25598.49
BTCUSDT,2023-06-16 00:00:00+00:00,26345.0
BTCUSDT,2023-06-17 00:00:00+00:00,26516.99
BTCUSDT,2023-06-18 00:00:00+00:00,26339.97
BTCUSDT,2023-06-19 00:00:00+00:00,26844.35
BTCUSDT,2023-06-20 00:00:00+00:00,28307.99
BTCUSDT,2023-06-21 00:00:00+00:00,29993.89
BTCUSDT,2023-06-22 00:00:00+00:00,29884.92
BTCUSDT,2023-06-23 00:00:00+00:00,30688.5
BTCUSDT,2023-06-24 00:00:00+00:00,30527.43
BTCUSDT,2023-06-25 00:00:00+00:00,30462.66
BTCUSDT,2023-06-26 00:00:00+00:00,30267.99
BTCUSDT,2023-06-27 00:00:00+00:00,30692.44
BTCUSDT,2023-06-28 00:00:00+00:00,30077.41
BTCUSDT,2023-06-29 00:00:00+00:00,30447.31
BTCUSDT,2023-06-30 00:00:00+00:00,30472.0
BTCUSDT,2023-07-01 00:00:00+00:00,30585.9
BTCUSDT,2023-07-02 00:00:00+00:00,30617.03
BTCUSDT,2023-07-03 00:00:00+00:00,31156.2
BTCUSDT,2023-07-04 00:00:00+00:00,30766.51
BTCUSDT,2023-07-05 00:00:00+00:00,30504.81
BTCUSDT,2023-07-06 00:00:00+00:00,29895.43
BTCUSDT,2023-07-07 00:00:00+00:00,30344.7
BTCUSDT,2023-07-08 00:00:00+00:00,30284.63
BTCUSDT,2023-07-09 00:00:00+00:00,30160.71
BTCUSDT,2023-07-10 00:00:00+00:00,30411.57
BTCUSDT,2023-07-11 00:00:00+00:00,30622.1
BTCUSDT,2023-07-12 00:00:00+00:00,30380.0
BTCUSDT,2023-07-13 00:00:00+00:00,31454.23
BTCUSDT,2023-07-14 00:00:00+00:00,30312.01
BTCUSDT,2023-07-15 00:00:00+00:00,30289.52
BTCUSDT,2023-07-16 00:00:00+00:00,30231.99
BTCUSDT,2023-07-17 00:00:00+00:00,30138.0
BTCUSDT,2023-07-18 00:00:00+00:00,29859.13
BTCUSDT,2023-07-19 00:00:00+00:00,29909.21
BTCUSDT,2023-07-20 00:00:00+00:00,29800.0
BTCUSDT,2023-07-21 00:00:00+00:00,29901.72
BTCUSDT,2023-07-22 00:00:00+00:00,29794.0
BTCUSDT,2023-07-23 00:00:00+00:00,30083.75
BTCUSDT,2023-07-24 00:00:00+00:00,29176.5
BTCUSDT,2023-07-25 00:00:00+00:00,29228.91
BTCUSDT,2023-07-26 00:00:00+00:00,29351.96
BTCUSDT,2023-07-27 00:00:00+00:00,29222.78
BTCUSDT,2023-07-28 00:00:00+00:00,29314.14
BTCUSDT,2023-07-29 00:00:00+00:00,29352.9
BTCUSDT,2023-07-30 00:00:00+00:00,29281.09
BTCUSDT,2023-07-31 00:00:00+00:00,29232.25
BTCUSDT,2023-08-01 00:00:00+00:00,29705.99
BTCUSDT,2023-08-02 00:00:00+00:00,29186.01
BTCUSDT,2023-08-03 00:00:00+00:00,29193.64
BTCUSDT,2023-08-04 00:00:00+00:00,29113.99
BTCUSDT,2023-08-05 00:00:00+00:00,29072.13
BTCUSDT,2023-08-06 00:00:00+00:00,29088.42
BTCUSDT,2023-08-07 00:00:00+00:00,29211.06
BTCUSDT,2023-08-08 00:00:00+00:00,29770.42
BTCUSDT,2023-08-09 00:00:00+00:00,29581.99
BTCUSDT,2023-08-10 00:00:00+00:00,29455.75
BTCUSDT,2023-08-11 00:00:00+00:00,29426.03
BTCUSDT,2023-08-12 00:00:00+00:00,29430.17
BTCUSDT,2023-08-13 00:00:00+00:00,29303.84
BTCUSDT,2023-08-14 00:00:00+00:00,29430.93
BTCUSDT,2023-08-15 00:00:00+00:00,29200.0
BTCUSDT,2023-08-16 00:00:00+00:00,28730.51
BTCUSDT,2023-08-17 00:00:00+00:00,26623.41
BTCUSDT,2023-08-18 00:00:00+00:00,26054.0
BTCUSDT,2023-08-19 00:00:00+00:00,26100.01
BTCUSDT,2023-08-20 00:00:00+00:00,26189.99
BTCUSDT,2023-08-21 00:00:00+00:00,26126.92
BTCUSDT,2023-08-22 00:00:00+00:00,26056.0
BTCUSDT,2023-08-23 00:00:00+00:00,26432.72
BTCUSDT,2023-08-24 00:00:00+00:00,26180.05
BTCUSDT,2023-08-25 00:00:00+00:00,26060.01
BTCUSDT,2023-08-26 00:00:00+00:00,26017.37
BTCUSDT,2023-08-27 00:00:00+00:00,26101.77
BTCUSDT,2023-08-28 00:00:00+00:00,26120.0
BTCUSDT,2023-08-29 00:00:00+00:00,27716.34
BTCUSDT,2023-08-30 00:00:00+00:00,27299.99
BTCUSDT,2023-08-31 00:00:00+00:00,25940.78
BTCUSDT,2023-09-01 00:00:00+00:00,25805.05
BTCUSDT,2023-09-02 00:00:00+00:00,25869.51
BTCUSDT,2023-09-03 00:00:00+00:00,25971.21
BTCUSDT,2023-09-04 00:00:00+00:00,25826.02
BTCUSDT,2023-09-05 00:00:00+00:00,25792.1
BTCUSDT,2023-09-06 00:00:00+00:00,25759.95
BTCUSDT,2023-09-07 00:00:00+00:00,26255.0
BTCUSDT,2023-09-08 00:00:00+00:00,25910.5
BTCUSDT,2023-09-09 00:00:00+00:00,25901.61
BTCUSDT,2023-09-10 00:00:00+00:00,25841.61
BTCUSDT,2023-09-11 00:00:00+00:00,25162.52
BTCUSDT,2023-09-12 00:00:00+00:00,25840.1
BTCUSDT,2023-09-13 00:00:00+00:00,26222.0
BTCUSDT,2023-09-14 00:00:00+00:00,26522.73
BTCUSDT,2023-09-15 00:00:00+00:00,26600.0
BTCUSDT,2023-09-16 00:00:00+00:00,26559.67
BTCUSDT,2023-09-17 00:00:00+00:00,26527.51
BTCUSDT,2023-09-18 00:00:00+00:00,26762.51
BTCUSDT,2023-09-19 00:00:00+00:00,27210.26
BTCUSDT,2023-09-20 00:00:00+00:00,27125.0
BTCUSDT,2023-09-21 00:00:00+00:00,26568.08
BTCUSDT,2023-09-22 00:00:00+00:00,26580.14
BTCUSDT,2023-09-23 00:00:00+00:00,26575.96
BTCUSDT,2023-09-24 00:00:00+00:00,26248.38
BTCUSDT,2023-09-25 00:00:00+00:00,26304.81
BTCUSDT,2023-09-26 00:00:00+00:00,26221.67
BTCUSDT,2023-09-27 00:00:00+00:00,26372.99
BTCUSDT,2023-09-28 00:00:00+00:00,27021.39
BTCUSDT,2023-09-29 00:00:00+00:00,26906.96
BTCUSDT,2023-09-30 00:00:00+00:00,26962.56
BTCUSDT,2023-10-01 00:00:00+00:00,27992.57
BTCUSDT,2023-10-02 00:00:00+00:00,27494.51
BTCUSDT,2023-10-03 00:00:00+00:00,27426.46
BTCUSDT,2023-10-04 00:00:00+00:00,27778.57
BTCUSDT,2023-10-05 00:00:00+00:00,27410.39
BTCUSDT,2023-10-06 00:00:00+00:00,27931.09
BTCUSDT,2023-10-07 00:00:00+00:00,27956.67
BTCUSDT,2023-10-08 00:00:00+00:00,27917.05
BTCUSDT,2023-10-09 00:00:00+00:00,27590.12
BTCUSDT,2023-10-10 00:00:00+00:00,27390.12
BTCUSDT,2023-10-11 00:00:00+00:00,26875.52
BTCUSDT,2023-10-12 00:00:00+00:00,26759.63
BTCUSDT,2023-10-13 00:00:00+00:00,26862.0
BTCUSDT,2023-10-14 00:00:00+00:00,26852.48
BTCUSDT,2023-10-15 00:00:00+00:00,27154.15
BTCUSDT,2023-10-16 00:00:00+00:00,28500.78
BTCUSDT,2023-10-17 00:00:00+00:00,28395.91
BTCUSDT,2023-10-18 00:00:00+00:00,28320.0
BTCUSDT,2023-10-19 00:00:00+00:00,28713.71
BTCUSDT,2023-10-20 00:00:00+00:00,29669.04
BTCUSDT,2023-10-21 00:00:00+00:00,29909.8
BTCUSDT,2023-10-22 00:00:00+00:00,29992.46
BTCUSDT,2023-10-23 00:00:00+00:00,33069.99
BTCUSDT,2023-10-24 00:00:00+00:00,33922.73
BTCUSDT,2023-10-25 00:00:00+00:00,34496.05
BTCUSDT,2023-10-26 00:00:00+00:00,34151.66
BTCUSDT,2023-10-27 00:00:00+00:00,33892.02
BTCUSDT,2023-10-28 00:00:00+00:00,34081.0
BTCUSDT,2023-10-29 00:00:00+00:00,34525.89
BTCUSDT,2023-10-30 00:00:00+00:00,34474.73
BTCUSDT,2023-10-31 00:00:00+00:00,34639.77
BTCUSDT,2023-11-01 00:00:00+00:00,35421.43
BTCUSDT,2023-11-02 00:00:00+00:00,34941.59
BTCUSDT,2023-11-03 00:00:00+00:00,34716.78
BTCUSDT,2023-11-04 00:00:00+00:00,35062.07
BTCUSDT,2023-11-05 00:00:00+00:00,35011.88
BTCUSDT,2023-11-06 00:00:00+00:00,35046.09
BTCUSDT,2023-11-07 00:00:00+00:00,35399.12
BTCUSDT,2023-11-08 00:00:00+00:00,35624.72
BTCUSDT,2023-11-09 00:00:00+00:00,36701.09
BTCUSDT,2023-11-10 00:00:00+00:00,37301.63
BTCUSDT,2023-11-11 00:00:00+00:00,37130.0
BTCUSDT,2023-11-12 00:00:00+00:00,37064.13
BTCUSDT,2023-11-13 00:00:00+00:00,36462.93
BTCUSDT,2023-11-14 00:00:00+00:00,35551.19
BTCUSDT,2023-11-15 00:00:00+00:00,37858.2
BTCUSDT,2023-11-16 00:00:00+00:00,36163.51
BTCUSDT,2023-11-17 00:00:00+00:00,36613.92
BTCUSDT,2023-11-18 00:00:00+00:00,36568.1
BTCUSDT,2023-11-19 00:00:00+00:00,37359.86
BTCUSDT,2023-11-20 00:00:00+00:00,37448.78
BTCUSDT,2023-11-21 00:00:00+00:00,35741.65
BTCUSDT,2023-11-22 00:00:00+00:00,37408.34
BTCUSDT,2023-11-23 00:00:00+00:00,37294.28
BTCUSDT,2023-11-24 00:00:00+00:00,37713.57
BTCUSDT,2023-11-25 00:00:00+00:00,37780.67
BTCUSDT,2023-11-26 00:00:00+00:00,37447.43
BTCUSDT,2023-11-27 00:00:00+00:00,37242.7
BTCUSDT,2023-11-28 00:00:00+00:00,37818.87
BTCUSDT,2023-11-29 00:00:00+00:00,37854.64
BTCUSDT,2023-11-30 00:00:00+00:00,37723.96
BTCUSDT,2023-12-01 00:00:00+00:00,38682.52
BTCUSDT,2023-12-02 00:00:00+00:00,39450.35
BTCUSDT,2023-12-03 00:00:00+00:00,39972.26
BTCUSDT,2023-12-04 00:00:00+00:00,41991.1
BTCUSDT,2023-12-05 00:00:00+00:00,44073.32
BTCUSDT,2023-12-06 00:00:00+00:00,43762.69
BTCUSDT,2023-12-07 00:00:00+00:00,43273.14
BTCUSDT,2023-12-08 00:00:00+00:00,44170.99
BTCUSDT,2023-12-09 00:00:00+00:00,43713.6
BTCUSDT,2023-12-10 00:00:00+00:00,43789.51
BTCUSDT,2023-12-11 00:00:00+00:00,41253.4
BTCUSDT,2023-12-12 00:00:00+00:00,41492.39
BTCUSDT,2023-12-13 00:00:00+00:00,42869.03
BTCUSDT,2023-12-14 00:00:00+00:00,43022.26
BTCUSDT,2023-12-15 00:00:00+00:00,41940.3
BTCUSDT,2023-12-16 00:00:00+00:00,42278.03
BTCUSDT,2023-12-17 00:00:00+00:00,41374.65
BTCUSDT,2023-12-18 00:00:00+00:00,42657.8
BTCUSDT,2023-12-19 00:00:00+00:00,42275.99
BTCUSDT,2023-12-20 00:00:00+00:00,43668.93
BTCUSDT,2023-12-21 00:00:00+00:00,43861.8
BTCUSDT,2023-12-22 00:00:00+00:00,43969.04
BTCUSDT,2023-12-23 00:00:00+00:00,43702.16
BTCUSDT,2023-12-24 00:00:00+00:00,42991.5
BTCUSDT,2023-12-25 00:00:00+00:00,43576.13
BTCUSDT,2023-12-26 00:00:00+00:00,42508.93
BTCUSDT,2023-12-27 00:00:00+00:00,43428.85
BTCUSDT,2023-12-28 00:00:00+00:00,42563.76
BTCUSDT,2023-12-29 00:00:00+00:00,42066.95
BTCUSDT,2023-12-30 00:00:00+00:00,42140.28
BTCUSDT,2023-12-31 00:00:00+00:00,42283.58
BTCUSDT,2024-01-01 00:00:00+00:00,44179.55
BTCUSDT,2024-01-02 00:00:00+00:00,44946.91
BTCUSDT,2024-01-03 00:00:00+00:00,42845.23
BTCUSDT,2024-01-04 00:00:00+00:00,44151.1
BTCUSDT,2024-01-05 00:00:00+00:00,44145.11
BTCUSDT,2024-01-06 00:00:00+00:00,43968.32
BTCUSDT,2024-01-07 00:00:00+00:00,43929.02
BTCUSDT,2024-01-08 00:00:00+00:00,46951.04
BTCUSDT,2024-01-09 00:00:00+00:00,46110.0
BTCUSDT,2024-01-10 00:00:00+00:00,46653.99
BTCUSDT,2024-01-11 00:00:00+00:00,46339.16
BTCUSDT,2024-01-12 00:00:00+00:00,42782.73
BTCUSDT,2024-01-13 00:00:00+00:00,42847.99
BTCUSDT,2024-01-14 00:00:00+00:00,41732.35
BTCUSDT,2024-01-15 00:00:00+00:00,42511.1
BTCUSDT,2024-01-16 00:00:00+00:00,43137.95
BTCUSDT,2024-01-17 00:00:00+00:00,42776.1
BTCUSDT,2024-01-18 00:00:00+00:00,41327.5
BTCUSDT,2024-01-19 00:00:00+00:00,41659.03
BTCUSDT,2024-01-20 00:00:00+00:00,41696.04
BTCUSDT,2024-01-21 00:00:00+00:00,41580.33
BTCUSDT,2024-01-22 00:00:00+00:00,39568.02
BTCUSDT,2024-01-23 00:00:00+00:00,39897.6
BTCUSDT,2024-01-24 00:00:00+00:00,40084.88
BTCUSDT,2024-01-25 00:00:00+00:00,39961.09
BTCUSDT,2024-01-26 00:00:00+00:00,41823.51
BTCUSDT,2024-01-27 00:00:00+00:00,42120.63
BTCUSDT,2024-01-28 00:00:00+00:00,42031.06
BTCUSDT,2024-01-29 00:00:00+00:00,43302.7
BTCUSDT,2024-01-30 00:00:00+00:00,42941.1
BTCUSDT,2024-01-31 00:00:00+00:00,42580.0
BTCUSDT,2024-02-01 00:00:00+00:00,43082.94
BTCUSDT,2024-02-02 00:00:00+00:00,43200.0
BTCUSDT,2024-02-03 00:00:00+00:00,43011.09
BTCUSDT,2024-02-04 00:00:00+00:00,42582.88
BTCUSDT,2024-02-05 00:00:00+00:00,42708.7
BTCUSDT,2024-02-06 00:00:00+00:00,43098.95
BTCUSDT,2024-02-07 00:00:00+00:00,44349.6
BTCUSDT,2024-02-08 00:00:00+00:00,45288.65
BTCUSDT,2024-02-09 00:00:00+00:00,47132.77
BTCUSDT,2024-02-10 00:00:00+00:00,47751.09
BTCUSDT,2024-02-11 00:00:00+00:00,48299.99
BTCUSDT,2024-02-12 00:00:00+00:00,49917.27
BTCUSDT,2024-02-13 00:00:00+00:00,49699.59
BTCUSDT,2024-02-14 00:00:00+00:00,51795.17
BTCUSDT,2024-02-15 00:00:00+00:00,51880.0
BTCUSDT,2024-02-16 00:00:00+00:00,52124.11
BTCUSDT,2024-02-17 00:00:00+00:00,51642.64
BTCUSDT,2024-02-18 00:00:00+00:00,52137.67
BTCUSDT,2024-02-19 00:00:00+00:00,51774.73
BTCUSDT,2024-02-20 00:00:00+00:00,52258.82
BTCUSDT,2024-02-21 00:00:00+00:00,51849.39
BTCUSDT,2024-02-22 00:00:00+00:00,51288.42
BTCUSDT,2024-02-23 00:00:00+00:00,50744.15
BTCUSDT,2024-02-24 00:00:00+00:00,51568.22
BTCUSDT,2024-02-25 00:00:00+00:00,51728.85
BTCUSDT,2024-02-26 00:00:00+00:00,54476.47
BTCUSDT,2024-02-27 00:00:00+00:00,57037.34
BTCUSDT,2024-02-28 00:00:00+00:00,62432.1
BTCUSDT,2024-02-29 00:00:00+00:00,61130.98
BTCUSDT,2024-03-01 00:00:00+00:00,62387.9
BTCUSDT,2024-03-02 00:00:00+00:00,61987.28
BTCUSDT,2024-03-03 00:00:00+00:00,63113.97
BTCUSDT,2024-03-04 00:00:00+00:00,68245.71
BTCUSDT,2024-03-05 00:00:00+00:00,63724.01
BTCUSDT,2024-03-06 00:00:00+00:00,66074.04
BTCUSDT,2024-03-07 00:00:00+00:00,66823.17
BTCUSDT,2024-03-08 00:00:00+00:00,68124.19
BTCUSDT,2024-03-09 00:00:00+00:00,68313.27
BTCUSDT,2024-03-10 00:00:00+00:00,68955.88
BTCUSDT,2024-03-11 00:00:00+00:00,72078.1
BTCUSDT,2024-03-12 00:00:00+00:00,71452.01
BTCUSDT,2024-03-13 00:00:00+00:00,73072.41
BTCUSDT,2024-03-14 00:00:00+00:00,71388.94
BTCUSDT,2024-03-15 00:00:00+00:00,69499.85
BTCUSDT,2024-03-16 00:00:00+00:00,65300.63
BTCUSDT,2024-03-17 00:00:00+00:00,68393.48
BTCUSDT,2024-03-18 00:00:00+00:00,67609.99
BTCUSDT,2024-03-19 00:00:00+00:00,61937.4
BTCUSDT,2024-03-20 00:00:00+00:00,67840.51
BTCUSDT,2024-03-21 00:00:00+00:00,65501.27
BTCUSDT,2024-03-22 00:00:00+00:00,63796.64
BTCUSDT,2024-03-23 00:00:00+00:00,63990.01
BTCUSDT,2024-03-24 00:00:00+00:00,67209.99
BTCUSDT,2024-03-25 00:00:00+00:00,69880.01
BTCUSDT,2024-03-26 00:00:00+00:00,69988.0
BTCUSDT,2024-03-27 00:00:00+00:00,69469.99
BTCUSDT,2024-03-28 00:00:00+00:00,70780.6
BTCUSDT,2024-03-29 00:00:00+00:00,69850.54
BTCUSDT,2024-03-30 00:00:00+00:00,69582.18
BTCUSDT,2024-03-31 00:00:00+00:00,71280.01
BTCUSDT,2024-04-01 00:00:00+00:00,69649.8
BTCUSDT,2024-04-02 00:00:00+00:00,65463.99
BTCUSDT,2024-04-03 00:00:00+00:00,65963.28
BTCUSDT,2024-04-04 00:00:00+00:00,68487.79
BTCUSDT,2024-04-05 00:00:00+00:00,67820.62
BTCUSDT,2024-04-06 00:00:00+00:00,68896.0
BTCUSDT,2024-04-07 00:00:00+00:00,69360.39
BTCUSDT,2024-04-08 00:00:00+00:00,71620.0
BTCUSDT,2024-04-09 00:00:00+00:00,69146.0
BTCUSDT,2024-04-10 00:00:00+00:00,70631.08
BTCUSDT,2024-04-11 00:00:00+00:00,70006.23
BTCUSDT,2024-04-12 00:00:00+00:00,67116.52
BTCUSDT,2024-04-13 00:00:00+00:00,63924.51
BTCUSDT,2024-04-14 00:00:00+00:00,65661.84
BTCUSDT,2024-04-15 00:00:00+00:00,63419.99
BTCUSDT,2024-04-16 00:00:00+00:00,63793.39
BTCUSDT,2024-04-17 00:00:00+00:00,61277.37
BTCUSDT,2024-04-18 00:00:00+00:00,63470.08
BTCUSDT,2024-04-19 00:00:00+00:00,63818.01
BTCUSDT,2024-04-20 00:00:00+00:00,64940.59
BTCUSDT,2024-04-21 00:00:00+00:00,64941.15
BTCUSDT,2024-04-22 00:00:00+00:00,66819.32
BTCUSDT,2024-04-23 00:00:00+00:00,66414.0
BTCUSDT,2024-04-24 00:00:00+00:00,64289.59
BTCUSDT,2024-04-25 00:00:00+00:00,64498.34
BTCUSDT,2024-04-26 00:00:00+00:00,63770.01
BTCUSDT,2024-04-27 00:00:00+00:00,63461.98
BTCUSDT,2024-04-28 00:00:00+00:00,63118.62
BTCUSDT,2024-04-29 00:00:00+00:00,63866.0
BTCUSDT,2024-04-30 00:00:00+00:00,60672.0
BTCUSDT,2024-05-01 00:00:00+00:00,58364.97
BTCUSDT,2024-05-02 00:00:00+00:00,59060.61
BTCUSDT,2024-05-03 00:00:00+00:00,62882.01
BTCUSDT,2024-05-04 00:00:00+00:00,63892.04
BTCUSDT,2024-05-05 00:00:00+00:00,64012.0
BTCUSDT,2024-05-06 00:00:00+00:00,63165.19
BTCUSDT,2024-05-07 00:00:00+00:00,62312.08
BTCUSDT,2024-05-08 00:00:00+00:00,61193.03
BTCUSDT,2024-05-09 00:00:00+00:00,63074.01
BTCUSDT,2024-05-10 00:00:00+00:00,60799.99
BTCUSDT,2024-05-11 00:00:00+00:00,60825.99
BTCUSDT,2024-05-12 00:00:00+00:00,61483.99
BTCUSDT,2024-05-13 00:00:00+00:00,62940.08
BTCUSDT,2024-05-14 00:00:00+00:00,61577.49
BTCUSDT,2024-05-15 00:00:00+00:00,66206.5
BTCUSDT,2024-05-16 00:00:00+00:00,65235.21
BTCUSDT,2024-05-17 00:00:00+00:00,67024.0
BTCUSDT,2024-05-18 00:00:00+00:00,66915.2
BTCUSDT,2024-05-19 00:00:00+00:00,66274.01
BTCUSDT,2024-05-20 00:00:00+00:00,71446.62
BTCUSDT,2024-05-21 00:00:00+00:00,70148.34
BTCUSDT,2024-05-22 00:00:00+00:00,69166.62
BTCUSDT,2024-05-23 00:00:00+00:00,67969.65
BTCUSDT,2024-05-24 00:00:00+00:00,68549.99
BTCUSDT,2024-05-25 00:00:00+00:00,69290.57
BTCUSDT,2024-05-26 00:00:00+00:00,68507.67
BTCUSDT,2024-05-27 00:00:00+00:00,69436.43
BTCUSDT,2024-05-28 00:00:00+00:00,68398.39
BTCUSDT,2024-05-29 00:00:00+00:00,67652.42
BTCUSDT,2024-05-30 00:00:00+00:00,68352.17
BTCUSDT,2024-05-31 00:00:00+00:00,67540.01
BTCUSDT,2024-06-01 00:00:00+00:00,67766.85
BTCUSDT,2024-06-02 00:00:00+00:00,67765.63
BTCUSDT,2024-06-03 00:00:00+00:00,68809.9
BTCUSDT,2024-06-04 00:00:00+00:00,70537.84
BTCUSDT,2024-06-05 00:00:00+00:00,71108.0
BTCUSDT,2024-06-06 00:00:00+00:00,70799.06
BTCUSDT,2024-06-07 00:00:00+00:00,69355.6
BTCUSDT,2024-06-08 00:00:00+00:00,69310.46
BTCUSDT,2024-06-09 00:00:00+00:00,69648.14
BTCUSDT,2024-06-10 00:00:00+00:00,69540.0
BTCUSDT,2024-06-11 00:00:00+00:00,67314.24
BTCUSDT,2024-06-12 00:00:00+00:00,68263.99
BTCUSDT,2024-06-13 00:00:00+00:00,66773.01
BTCUSDT,2024-06-14 00:00:00+00:00,66043.99
BTCUSDT,2024-06-15 00:00:00+00:00,66228.25
BTCUSDT,2024-06-16 00:00:00+00:00,66676.87
BTCUSDT,2024-06-17 00:00:00+00:00,66504.33
BTCUSDT,2024-06-18 00:00:00+00:00,65175.32
BTCUSDT,2024-06-19 00:00:00+00:00,64974.37
BTCUSDT,2024-06-20 00:00:00+00:00,64869.99
BTCUSDT,2024-06-21 00:00:00+00:00,64143.56
BTCUSDT,2024-06-22 00:00:00+00:00,64262.01
BTCUSDT,2024-06-23 00:00:00+00:00,63210.01
BTCUSDT,2024-06-24 00:00:00+00:00,60293.3
BTCUSDT,2024-06-25 00:00:00+00:00,61806.01
BTCUSDT,2024-06-26 00:00:00+00:00,60864.99
BTCUSDT,2024-06-27 00:00:00+00:00,61706.47
BTCUSDT,2024-06-28 00:00:00+00:00,60427.84
BTCUSDT,2024-06-29 00:00:00+00:00,60986.68
BTCUSDT,2024-06-30 00:00:00+00:00,62772.01
BTCUSDT,2024-07-01 00:00:00+00:00,62899.99
BTCUSDT,2024-07-02 00:00:00+00:00,62135.47
BTCUSDT,2024-07-03 00:00:00+00:00,60208.58
BTCUSDT,2024-07-04 00:00:00+00:00,57050.01
BTCUSDT,2024-07-05 00:00:00+00:00,56628.79
BTCUSDT,2024-07-06 00:00:00+00:00,58230.13
BTCUSDT,2024-07-07 00:00:00+00:00,55857.81
BTCUSDT,2024-07-08 00:00:00+00:00,56714.62
BTCUSDT,2024-07-09 00:00:00+00:00,58050.0
BTCUSDT,2024-07-10 00:00:00+00:00,57725.85
BTCUSDT,2024-07-11 00:00:00+00:00,57339.89
BTCUSDT,2024-07-12 00:00:00+00:00,57889.1
BTCUSDT,2024-07-13 00:00:00+00:00,59204.02
BTCUSDT,2024-07-14 00:00:00+00:00,60797.91
BTCUSDT,2024-07-15 00:00:00+00:00,64724.14
BTCUSDT,2024-07-16 00:00:00+00:00,65043.99
BTCUSDT,2024-07-17 00:00:00+00:00,64087.99
BTCUSDT,2024-07-18 00:00:00+00:00,63987.92
BTCUSDT,2024-07-19 00:00:00+00:00,66660.0
BTCUSDT,2024-07-20 00:00:00+00:00,67139.96
BTCUSDT,2024-07-21 00:00:00+00:00,68165.34
BTCUSDT,2024-07-22 00:00:00+00:00,67532.01
BTCUSDT,2024-07-23 00:00:00+00:00,65936.01
BTCUSDT,2024-07-24 00:00:00+00:00,65376.0
BTCUSDT,2024-07-25 00:00:00+00:00,65799.95
BTCUSDT,2024-07-26 00:00:00+00:00,67907.99
BTCUSDT,2024-07-27 00:00:00+00:00,67896.5
BTCUSDT,2024-07-28 00:00:00+00:00,68249.88
BTCUSDT,2024-07-29 00:00:00+00:00,66784.69
BTCUSDT,2024-07-30 00:00:00+00:00,66188.0
BTCUSDT,2024-07-31 00:00:00+00:00,64628.0
BTCUSDT,2024-08-01 00:00:00+00:00,65354.02
BTCUSDT,2024-08-02 00:00:00+00:00,61498.33
BTCUSDT,2024-08-03 00:00:00+00:00,60697.99
BTCUSDT,2024-08-04 00:00:00+00:00,58161.0
BTCUSDT,2024-08-05 00:00:00+00:00,54018.81
BTCUSDT,2024-08-06 00:00:00+00:00,56022.01
BTCUSDT,2024-08-07 00:00:00+00:00,55134.16
BTCUSDT,2024-08-08 00:00:00+00:00,61685.99
BTCUSDT,2024-08-09 00:00:00+00:00,60837.99
BTCUSDT,2024-08-10 00:00:00+00:00,60923.51
BTCUSDT,2024-08-11 00:00:00+00:00,58712.59
BTCUSDT,2024-08-12 00:00:00+00:00,59346.64
BTCUSDT,2024-08-13 00:00:00+00:00,60587.15
BTCUSDT,2024-08-14 00:00:00+00:00,58683.39
BTCUSDT,2024-08-15 00:00:00+00:00,57541.06
BTCUSDT,2024-08-16 00:00:00+00:00,58874.6
BTCUSDT,2024-08-17 00:00:00+00:00,59491.99
BTCUSDT,2024-08-18 00:00:00+00:00,58427.35
BTCUSDT,2024-08-19 00:00:00+00:00,59438.5
BTCUSDT,2024-08-20 00:00:00+00:00,59013.8
BTCUSDT,2024-08-21 00:00:00+00:00,61156.03
BTCUSDT,2024-08-22 00:00:00+00:00,60375.84
BTCUSDT,2024-08-23 00:00:00+00:00,64037.24
BTCUSDT,2024-08-24 00:00:00+00:00,64157.01
BTCUSDT,2024-08-25 00:00:00+00:00,64220.0
BTCUSDT,2024-08-26 00:00:00+00:00,62834.0
BTCUSDT,2024-08-27 00:00:00+00:00,59415.0
BTCUSDT,2024-08-28 00:00:00+00:00,59034.9
BTCUSDT,2024-08-29 00:00:00+00:00,59359.01
BTCUSDT,2024-08-30 00:00:00+00:00,59123.99
BTCUSDT,2024-08-31 00:00:00+00:00,58973.99
BTCUSDT,2024-09-01 00:00:00+00:00,57301.86
BTCUSDT,2024-09-02 00:00:00+00:00,59132.13
BTCUSDT,2024-09-03 00:00:00+00:00,57487.73
BTCUSDT,2024-09-04 00:00:00+00:00,57970.9
BTCUSDT,2024-09-05 00:00:00+00:00,56180.0
BTCUSDT,2024-09-06 00:00:00+00:00,53962.97
BTCUSDT,2024-09-07 00:00:00+00:00,54160.86
BTCUSDT,2024-09-08 00:00:00+00:00,54869.95
BTCUSDT,2024-09-09 00:00:00+00:00,57042.0
BTCUSDT,2024-09-10 00:00:00+00:00,57635.99
BTCUSDT,2024-09-11 00:00:00+00:00,57338.0
BTCUSDT,2024-09-12 00:00:00+00:00,58132.32
BTCUSDT,2024-09-13 00:00:00+00:00,60498.0
BTCUSDT,2024-09-14 00:00:00+00:00,59993.03
BTCUSDT,2024-09-15 00:00:00+00:00,59132.0
BTCUSDT,2024-09-16 00:00:00+00:00,58213.99
BTCUSDT,2024-09-17 00:00:00+00:00,60313.99
BTCUSDT,2024-09-18 00:00:00+00:00,61759.99
BTCUSDT,2024-09-19 00:00:00+00:00,62947.99
BTCUSDT,2024-09-20 00:00:00+00:00,63201.05
BTCUSDT,2024-09-21 00:00:00+00:00,63348.96
BTCUSDT,2024-09-22 00:00:00+00:00,63578.76
BTCUSDT,2024-09-23 00:00:00+00:00,63339.99
BTCUSDT,2024-09-24 00:00:00+00:00,64262.7
BTCUSDT,2024-09-25 00:00:00+00:00,63152.01
BTCUSDT,2024-09-26 00:00:00+00:00,65173.99
BTCUSDT,2024-09-27 00:00:00+00:00,65769.95
BTCUSDT,2024-09-28 00:00:00+00:00,65858.0
BTCUSDT,2024-09-29 00:00:00+00:00,65602.01
BTCUSDT,2024-09-30 00:00:00+00:00,63327.59
BTCUSDT,2024-10-01 00:00:00+00:00,60805.78
BTCUSDT,2024-10-02 00:00:00+00:00,60649.28
BTCUSDT,2024-10-03 00:00:00+00:00,60752.71
BTCUSDT,2024-10-04 00:00:00+00:00,62086.0
BTCUSDT,2024-10-05 00:00:00+00:00,62058.0
BTCUSDT,2024-10-06 00:00:00+00:00,62819.91
BTCUSDT,2024-10-07 00:00:00+00:00,62224.0
BTCUSDT,2024-10-08 00:00:00+00:00,62160.49
BTCUSDT,2024-10-09 00:00:00+00:00,60636.02
BTCUSDT,2024-10-10 00:00:00+00:00,60326.39
BTCUSDT,2024-10-11 00:00:00+00:00,62540.0
BTCUSDT,2024-10-12 00:00:00+00:00,63206.22
BTCUSDT,2024-10-13 00:00:00+00:00,62870.02
BTCUSDT,2024-10-14 00:00:00+00:00,66083.99
BTCUSDT,2024-10-15 00:00:00+00:00,67074.14
BTCUSDT,2024-10-16 00:00:00+00:00,67620.01
BTCUSDT,2024-10-17 00:00:00+00:00,67421.78
BTCUSDT,2024-10-18 00:00:00+00:00,68428.0
BTCUSDT,2024-10-19 00:00:00+00:00,68378.0
BTCUSDT,2024-10-20 00:00:00+00:00,69031.99
BTCUSDT,2024-10-21 00:00:00+00:00,67377.5
BTCUSDT,2024-10-22 00:00:00+00:00,67426.0
BTCUSDT,2024-10-23 00:00:00+00:00,66668.65
BTCUSDT,2024-10-24 00:00:00+00:00,68198.28
BTCUSDT,2024-10-25 00:00:00+00:00,66698.33
BTCUSDT,2024-10-26 00:00:00+00:00,67092.76
BTCUSDT,2024-10-27 00:00:00+00:00,68021.7
BTCUSDT,2024-10-28 00:00:00+00:00,69962.21
BTCUSDT,2024-10-29 00:00:00+00:00,72736.42
BTCUSDT,2024-10-30 00:00:00+00:00,72344.74
BTCUSDT,2024-10-31 00:00:00+00:00,70292.01
BTCUSDT,2024-11-01 00:00:00+00:00,69496.01
BTCUSDT,2024-11-02 00:00:00+00:00,69374.74
BTCUSDT,2024-11-03 00:00:00+00:00,68775.99
BTCUSDT,2024-11-04 00:00:00+00:00,67850.01
BTCUSDT,2024-11-05 00:00:00+00:00,69372.01
BTCUSDT,2024-11-06 00:00:00+00:00,75571.99
BTCUSDT,2024-11-07 00:00:00+00:00,75857.89
BTCUSDT,2024-11-08 00:00:00+00:00,76509.78
BTCUSDT,2024-11-09 00:00:00+00:00,76677.46
BTCUSDT,2024-11-10 00:00:00+00:00,80370.01
BTCUSDT,2024-11-11 00:00:00+00:00,88647.99
BTCUSDT,2024-11-12 00:00:00+00:00,87952.01
BTCUSDT,2024-11-13 00:00:00+00:00,90375.2
BTCUSDT,2024-11-14 00:00:00+00:00,87325.59
BTCUSDT,2024-11-15 00:00:00+00:00,91032.07
BTCUSDT,2024-11-16 00:00:00+00:00,90586.92
BTCUSDT,2024-11-17 00:00:00+00:00,89855.99
BTCUSDT,2024-11-18 00:00:00+00:00,90464.08
BTCUSDT,2024-11-19 00:00:00+00:00,92310.79
BTCUSDT,2024-11-20 00:00:00+00:00,94286.56
BTCUSDT,2024-11-21 00:00:00+00:00,98317.12
BTCUSDT,2024-11-22 00:00:00+00:00,98892.0
BTCUSDT,2024-11-23 00:00:00+00:00,97672.4
BTCUSDT,2024-11-24 00:00:00+00:00,97900.04
BTCUSDT,2024-11-25 00:00:00+00:00,93010.01
BTCUSDT,2024-11-26 00:00:00+00:00,91965.16
BTCUSDT,2024-11-27 00:00:00+00:00,95863.11
BTCUSDT,2024-11-28 00:00:00+00:00,95643.98
BTCUSDT,2024-11-29 00:00:00+00:00,97460.0
BTCUSDT,2024-11-30 00:00:00+00:00,96407.99
BTCUSDT,2024-12-01 00:00:00+00:00,97185.18
BTCUSDT,2024-12-02 00:00:00+00:00,95840.62
BTCUSDT,2024-12-03 00:00:00+00:00,95849.69
BTCUSDT,2024-12-04 00:00:00+00:00,98587.32
BTCUSDT,2024-12-05 00:00:00+00:00,96945.63
BTCUSDT,2024-12-06 00:00:00+00:00,99740.84
BTCUSDT,2024-12-07 00:00:00+00:00,99831.99
BTCUSDT,2024-12-08 00:00:00+00:00,101109.59
BTCUSDT,2024-12-09 00:00:00+00:00,97276.47
BTCUSDT,2024-12-10 00:00:00+00:00,96593.0
BTCUSDT,2024-12-11 00:00:00+00:00,101125.0
BTCUSDT,2024-12-12 00:00:00+00:00,100004.29
BTCUSDT,2024-12-13 00:00:00+00:00,101424.25
BTCUSDT,2024-12-14 00:00:00+00:00,101420.0
BTCUSDT,2024-12-15 00:00:00+00:00,104463.99
BTCUSDT,2024-12-16 00:00:00+00:00,106058.66
BTCUSDT,2024-12-17 00:00:00+00:00,106133.74
BTCUSDT,2024-12-18 00:00:00+00:00,100204.01
BTCUSDT,2024-12-19 00:00:00+00:00,97461.86
BTCUSDT,2024-12-20 00:00:00+00:00,97805.44
BTCUSDT,2024-12-21 00:00:00+00:00,97291.99
BTCUSDT,2024-12-22 00:00:00+00:00,95186.27
BTCUSDT,2024-12-23 00:00:00+00:00,94881.47
BTCUSDT,2024-12-24 00:00:00+00:00,98663.58
BTCUSDT,2024-12-25 00:00:00+00:00,99429.6
BTCUSDT,2024-12-26 00:00:00+00:00,95791.6
BTCUSDT,2024-12-27 00:00:00+00:00,94299.03
BTCUSDT,2024-12-28 00:00:00+00:00,95300.0
BTCUSDT,2024-12-29 00:00:00+00:00,93738.2
BTCUSDT,2024-12-30 00:00:00+00:00,92792.05
BTCUSDT,2024-12-31 00:00:00+00:00,93576.0
BTCUSDT,2025-01-01 00:00:00+00:00,94591.79
BTCUSDT,2025-01-02 00:00:00+00:00,96984.79
BTCUSDT,2025-01-03 00:00:00+00:00,98174.18
BTCUSDT,2025-01-04 00:00:00+00:00,98220.5
BTCUSDT,2025-01-05 00:00:00+00:00,98363.61
BTCUSDT,2025-01-06 00:00:00+00:00,102235.6
BTCUSDT,2025-01-07 00:00:00+00:00,96954.61
BTCUSDT,2025-01-08 00:00:00+00:00,95060.61
BTCUSDT,2025-01-09 00:00:00+00:00,92552.49
BTCUSDT,2025-01-10 00:00:00+00:00,94726.11
BTCUSDT,2025-01-11 00:00:00+00:00,94599.99
BTCUSDT,2025-01-12 00:00:00+00:00,94545.06
BTCUSDT,2025-01-13 00:00:00+00:00,94536.1
BTCUSDT,2025-01-14 00:00:00+00:00,96560.86
BTCUSDT,2025-01-15 00:00:00+00:00,100497.35
BTCUSDT,2025-01-16 00:00:00+00:00,99987.3
BTCUSDT,2025-01-17 00:00:00+00:00,104077.48
BTCUSDT,2025-01-18 00:00:00+00:00,104556.23
BTCUSDT,2025-01-19 00:00:00+00:00,101331.57
BTCUSDT,2025-01-20 00:00:00+00:00,102260.01
BTCUSDT,2025-01-21 00:00:00+00:00,106143.82
BTCUSDT,2025-01-22 00:00:00+00:00,103706.66
BTCUSDT,2025-01-23 00:00:00+00:00,103910.34
BTCUSDT,2025-01-24 00:00:00+00:00,104870.5
BTCUSDT,2025-01-25 00:00:00+00:00,104746.85
BTCUSDT,2025-01-26 00:00:00+00:00,102620.0
BTCUSDT,2025-01-27 00:00:00+00:00,102082.83
BTCUSDT,2025-01-28 00:00:00+00:00,101335.52
BTCUSDT,2025-01-29 00:00:00+00:00,103733.24
BTCUSDT,2025-01-30 00:00:00+00:00,104722.94
BTCUSDT,2025-01-31 00:00:00+00:00,102429.56
BTCUSDT,2025-02-01 00:00:00+00:00,100635.65
BTCUSDT,2025-02-02 00:00:00+00:00,97700.59
BTCUSDT,2025-02-03 00:00:00+00:00,101328.52
BTCUSDT,2025-02-04 00:00:00+00:00,97763.13
BTCUSDT,2025-02-05 00:00:00+00:00,96612.43
BTCUSDT,2025-02-06 00:00:00+00:00,96554.35
BTCUSDT,2025-02-07 00:00:00+00:00,96506.8
BTCUSDT,2025-02-08 00:00:00+00:00,96444.74
BTCUSDT,2025-02-09 00:00:00+00:00,96462.75
BTCUSDT,2025-02-10 00:00:00+00:00,97430.82
BTCUSDT,2025-02-11 00:00:00+00:00,95778.2
BTCUSDT,2025-02-12 00:00:00+00:00,97869.99
BTCUSDT,2025-02-13 00:00:00+00:00,96608.14
BTCUSDT,2025-02-14 00:00:00+00:00,97500.48
BTCUSDT,2025-02-15 00:00:00+00:00,97569.66
BTCUSDT,2025-02-16 00:00:00+00:00,96118.12
BTCUSDT,2025-02-17 00:00:00+00:00,95780.0
BTCUSDT,2025-02-18 00:00:00+00:00,95671.74
BTCUSDT,2025-02-19 00:00:00+00:00,96644.37
BTCUSDT,2025-02-20 00:00:00+00:00,98305.0
BTCUSDT,2025-02-21 00:00:00+00:00,96181.98
BTCUSDT,2025-02-22 00:00:00+00:00,96551.01
BTCUSDT,2025-02-23 00:00:00+00:00,96258.0
BTCUSDT,2025-02-24 00:00:00+00:00,91552.88
BTCUSDT,2025-02-25 00:00:00+00:00,88680.4
BTCUSDT,2025-02-26 00:00:00+00:00,84250.09
BTCUSDT,2025-02-27 00:00:00+00:00,84708.58
BTCUSDT,2025-02-28 00:00:00+00:00,84349.94
BTCUSDT,2025-03-01 00:00:00+00:00,86064.53
BTCUSDT,2025-03-02 00:00:00+00:00,94270.0
BTCUSDT,2025-03-03 00:00:00+00:00,86220.61
BTCUSDT,2025-03-04 00:00:00+00:00,87281.98
BTCUSDT,2025-03-05 00:00:00+00:00,90606.01
BTCUSDT,2025-03-06 00:00:00+00:00,89931.89
BTCUSDT,2025-03-07 00:00:00+00:00,86801.75
BTCUSDT,2025-03-08 00:00:00+00:00,86222.45
BTCUSDT,2025-03-09 00:00:00+00:00,80734.37
BTCUSDT,2025-03-10 00:00:00+00:00,78595.86
BTCUSDT,2025-03-11 00:00:00+00:00,82932.99
BTCUSDT,2025-03-12 00:00:00+00:00,83680.12
BTCUSDT,2025-03-13 00:00:00+00:00,81115.78
BTCUSDT,2025-03-14 00:00:00+00:00,83983.2
BTCUSDT,2025-03-15 00:00:00+00:00,84338.44
BTCUSDT,2025-03-16 00:00:00+00:00,82574.53
BTCUSDT,2025-03-17 00:00:00+00:00,84010.03
BTCUSDT,2025-03-18 00:00:00+00:00,82715.03
BTCUSDT,2025-03-19 00:00:00+00:00,86845.94
BTCUSDT,2025-03-20 00:00:00+00:00,84223.39
BTCUSDT,2025-03-21 00:00:00+00:00,84088.79
BTCUSDT,2025-03-22 00:00:00+00:00,83840.59
BTCUSDT,2025-03-23 00:00:00+00:00,86082.5
BTCUSDT,2025-03-24 00:00:00+00:00,87498.16
BTCUSDT,2025-03-25 00:00:00+00:00,87392.87
BTCUSDT,2025-03-26 00:00:00+00:00,86909.17
BTCUSDT,2025-03-27 00:00:00+00:00,87232.01
BTCUSDT,2025-03-28 00:00:00+00:00,84424.38
BTCUSDT,2025-03-29 00:00:00+00:00,82648.54
BTCUSDT,2025-03-30 00:00:00+00:00,82389.99
BTCUSDT,2025-03-31 00:00:00+00:00,82550.01
BTCUSDT,2025-04-01 00:00:00+00:00,85158.34
BTCUSDT,2025-04-02 00:00:00+00:00,82516.29
BTCUSDT,2025-04-03 00:00:00+00:00,83213.09
BTCUSDT,2025-04-04 00:00:00+00:00,83889.87
BTCUSDT,2025-04-05 00:00:00+00:00,83537.99
BTCUSDT,2025-04-06 00:00:00+00:00,78430.0
BTCUSDT,2025-04-07 00:00:00+00:00,79163.24
BTCUSDT,2025-04-08 00:00:00+00:00,76322.42
BTCUSDT,2025-04-09 00:00:00+00:00,82615.22
BTCUSDT,2025-04-10 00:00:00+00:00,79607.3
BTCUSDT,2025-04-11 00:00:00+00:00,83423.84
BTCUSDT,2025-04-12 00:00:00+00:00,85276.9
BTCUSDT,2025-04-13 00:00:00+00:00,83760.0
BTCUSDT,2025-04-14 00:00:00+00:00,84591.58
BTCUSDT,2025-04-15 00:00:00+00:00,83643.99
BTCUSDT,2025-04-16 00:00:00+00:00,84030.38
BTCUSDT,2025-04-17 00:00:00+00:00,84947.91
BTCUSDT,2025-04-18 00:00:00+00:00,84474.69
BTCUSDT,2025-04-19 00:00:00+00:00,85077.01
BTCUSDT,2025-04-20 00:00:00+00:00,85179.24
BTCUSDT,2025-04-21 00:00:00+00:00,87516.23
BTCUSDT,2025-04-22 00:00:00+00:00,93442.99
BTCUSDT,2025-04-23 00:00:00+00:00,93691.08
BTCUSDT,2025-04-24 00:00:00+00:00,93980.47
BTCUSDT,2025-04-25 00:00:00+00:00,94638.68
BTCUSDT,2025-04-26 00:00:00+00:00,94628.0
BTCUSDT,2025-04-27 00:00:00+00:00,93749.3
BTCUSDT,2025-04-28 00:00:00+00:00,95011.18
BTCUSDT,2025-04-29 00:00:00+00:00,94256.82
BTCUSDT,2025-04-30 00:00:00+00:00,94172.0
BTCUSDT,2025-05-01 00:00:00+00:00,96489.91
BTCUSDT,2025-05-02 00:00:00+00:00,96887.14
BTCUSDT,2025-05-03 00:00:00+00:00,95856.42
BTCUSDT,2025-05-04 00:00:00+00:00,94277.62
BTCUSDT,2025-05-05 00:00:00+00:00,94733.68
BTCUSDT,2025-05-06 00:00:00+00:00,96834.02
BTCUSDT,2025-05-07 00:00:00+00:00,97030.5
BTCUSDT,2025-05-08 00:00:00+00:00,103261.6
BTCUSDT,2025-05-09 00:00:00+00:00,102971.99
BTCUSDT,2025-05-10 00:00:00+00:00,104809.53
BTCUSDT,2025-05-11 00:00:00+00:00,104118.0
BTCUSDT,2025-05-12 00:00:00+00:00,102791.32
BTCUSDT,2025-05-13 00:00:00+00:00,104103.72
BTCUSDT,2025-05-14 00:00:00+00:00,103507.82
BTCUSDT,2025-05-15 00:00:00+00:00,103763.71
BTCUSDT,2025-05-16 00:00:00+00:00,103463.9
BTCUSDT,2025-05-17 00:00:00+00:00,103126.65
BTCUSDT,2025-05-18 00:00:00+00:00,106454.26
BTCUSDT,2025-05-19 00:00:00+00:00,105573.74
BTCUSDT,2025-05-20 00:00:00+00:00,106849.99
BTCUSDT,2025-05-21 00:00:00+00:00,109643.99
BTCUSDT,2025-05-22 00:00:00+00:00,111696.21
BTCUSDT,2025-05-23 00:00:00+00:00,107318.3
BTCUSDT,2025-05-24 00:00:00+00:00,107761.91
BTCUSDT,2025-05-25 00:00:00+00:00,109004.19
BTCUSDT,2025-05-26 00:00:00+00:00,109434.79
BTCUSDT,2025-05-27 00:00:00+00:00,108938.17
BTCUSDT,2025-05-28 00:00:00+00:00,107781.78
BTCUSDT,2025-05-29 00:00:00+00:00,105589.75
BTCUSDT,2025-05-30 00:00:00+00:00,103985.48
BTCUSDT,2025-05-31 00:00:00+00:00,104591.88
BTCUSDT,2025-06-01 00:00:00+00:00,105642.93
BTCUSDT,2025-06-02 00:00:00+00:00,105857.99
BTCUSDT,2025-06-03 00:00:00+00:00,105376.89
BTCUSDT,2025-06-04 00:00:00+00:00,104696.86
BTCUSDT,2025-06-05 00:00:00+00:00,101508.68
BTCUSDT,2025-06-06 00:00:00+00:00,104288.44
BTCUSDT,2025-06-07 00:00:00+00:00,105552.15
BTCUSDT,2025-06-08 00:00:00+00:00,105734.0
BTCUSDT,2025-06-09 00:00:00+00:00,110263.02
BTCUSDT,2025-06-10 00:00:00+00:00,110274.39
BTCUSDT,2025-06-11 00:00:00+00:00,108645.12
BTCUSDT,2025-06-12 00:00:00+00:00,105671.73
BTCUSDT,2025-06-13 00:00:00+00:00,106066.59
BTCUSDT,2025-06-14 00:00:00+00:00,105414.64
BTCUSDT,2025-06-15 00:00:00+00:00,105594.01
BTCUSDT,2025-06-16 00:00:00+00:00,106794.53
BTCUSDT,2025-06-17 00:00:00+00:00,104551.17
BTCUSDT,2025-06-18 00:00:00+00:00,104886.78
BTCUSDT,2025-06-19 00:00:00+00:00,104658.59
BTCUSDT,2025-06-20 00:00:00+00:00,103297.99
BTCUSDT,2025-06-21 00:00:00+00:00,102120.01
BTCUSDT,2025-06-22 00:00:00+00:00,100963.87
BTCUSDT,2025-06-23 00:00:00+00:00,105333.93
BTCUSDT,2025-06-24 00:00:00+00:00,106083.0
BTCUSDT,2025-06-25 00:00:00+00:00,107340.58
BTCUSDT,2025-06-26 00:00:00+00:00,106947.06
BTCUSDT,2025-06-27 00:00:00+00:00,107047.59
BTCUSDT,2025-06-28 00:00:00+00:00,107296.79
BTCUSDT,2025-06-29 00:00:00+00:00,108356.93
BTCUSDT,2025-06-30 00:00:00+00:00,107146.5
BTCUSDT,2025-07-01 00:00:00+00:00,
ETHUSDT,2020-08-11 00:00:00+00:00,
ETHUSDT,2020-08-12 00:00:00+00:00,387.18
ETHUSDT,2020-08-13 00:00:00+00:00,424.54
ETHUSDT,2020-08-14 00:00:00+00:00,438.11
ETHUSDT,2020-08-15 00:00:00+00:00,432.32
ETHUSDT,2020-08-16 00:00:00+00:00,433.62
ETHUSDT,2020-08-17 00:00:00+00:00,430.89
ETHUSDT,2020-08-18 00:00:00+00:00,421.95
ETHUSDT,2020-08-19 00:00:00+00:00,407.46
ETHUSDT,2020-08-20 00:00:00+00:00,415.94
ETHUSDT,2020-08-21 00:00:00+00:00,387.97
ETHUSDT,2020-08-22 00:00:00+00:00,395.24
ETHUSDT,2020-08-23 00:00:00+00:00,390.71
ETHUSDT,2020-08-24 00:00:00+00:00,407.68
ETHUSDT,2020-08-25 00:00:00+00:00,382.93
ETHUSDT,2020-08-26 00:00:00+00:00,385.81
ETHUSDT,2020-08-27 00:00:00+00:00,383.27
ETHUSDT,2020-08-28 00:00:00+00:00,395.11
ETHUSDT,2020-08-29 00:00:00+00:00,398.65
ETHUSDT,2020-08-30 00:00:00+00:00,428.94
ETHUSDT,2020-08-31 00:00:00+00:00,433.79
ETHUSDT,2020-09-01 00:00:00+00:00,475.4
ETHUSDT,2020-09-02 00:00:00+00:00,439.5
ETHUSDT,2020-09-03 00:00:00+00:00,381.4
ETHUSDT,2020-09-04 00:00:00+00:00,385.26
ETHUSDT,2020-09-05 00:00:00+00:00,335.01
ETHUSDT,2020-09-06 00:00:00+00:00,352.8
ETHUSDT,2020-09-07 00:00:00+00:00,353.59
ETHUSDT,2020-09-08 00:00:00+00:00,337.39
ETHUSDT,2020-09-09 00:00:00+00:00,350.85
ETHUSDT,2020-09-10 00:00:00+00:00,367.93
ETHUSDT,2020-09-11 00:00:00+00:00,373.63
ETHUSDT,2020-09-12 00:00:00+00:00,387.78
ETHUSDT,2020-09-13 00:00:00+00:00,366.42
ETHUSDT,2020-09-14 00:00:00+00:00,377.12
ETHUSDT,2020-09-15 00:00:00+00:00,364.06
ETHUSDT,2020-09-16 00:00:00+00:00,365.11
ETHUSDT,2020-09-17 00:00:00+00:00,389.36
ETHUSDT,2020-09-18 00:00:00+00:00,384.39
ETHUSDT,2020-09-19 00:00:00+00:00,385.25
ETHUSDT,2020-09-20 00:00:00+00:00,371.04
ETHUSDT,2020-09-21 00:00:00+00:00,340.36
ETHUSDT,2020-09-22 00:00:00+00:00,344.21
ETHUSDT,2020-09-23 00:00:00+00:00,320.72
ETHUSDT,2020-09-24 00:00:00+00:00,348.97
ETHUSDT,2020-09-25 00:00:00+00:00,351.92
ETHUSDT,2020-09-26 00:00:00+00:00,353.92
ETHUSDT,2020-09-27 00:00:00+00:00,357.49
ETHUSDT,2020-09-28 00:00:00+00:00,353.96
ETHUSDT,2020-09-29 00:00:00+00:00,359.79
ETHUSDT,2020-09-30 00:00:00+00:00,359.83
ETHUSDT,2020-10-01 00:00:00+00:00,352.85
ETHUSDT,2020-10-02 00:00:00+00:00,345.6
ETHUSDT,2020-10-03 00:00:00+00:00,345.95
ETHUSDT,2020-10-04 00:00:00+00:00,352.37
ETHUSDT,2020-10-05 00:00:00+00:00,353.62
ETHUSDT,2020-10-06 00:00:00+00:00,340.75
ETHUSDT,2020-10-07 00:00:00+00:00,341.58
ETHUSDT,2020-10-08 00:00:00+00:00,350.95
ETHUSDT,2020-10-09 00:00:00+00:00,365.02
ETHUSDT,2020-10-10 00:00:00+00:00,370.52
ETHUSDT,2020-10-11 00:00:00+00:00,374.16
ETHUSDT,2020-10-12 00:00:00+00:00,386.51
ETHUSDT,2020-10-13 00:00:00+00:00,381.04
ETHUSDT,2020-10-14 00:00:00+00:00,378.69
ETHUSDT,2020-10-15 00:00:00+00:00,377.64
ETHUSDT,2020-10-16 00:00:00+00:00,365.5
ETHUSDT,2020-10-17 00:00:00+00:00,368.32
ETHUSDT,2020-10-18 00:00:00+00:00,378.11
ETHUSDT,2020-10-19 00:00:00+00:00,379.3
ETHUSDT,2020-10-20 00:00:00+00:00,368.52
ETHUSDT,2020-10-21 00:00:00+00:00,390.38
ETHUSDT,2020-10-22 00:00:00+00:00,413.98
ETHUSDT,2020-10-23 00:00:00+00:00,409.11
ETHUSDT,2020-10-24 00:00:00+00:00,412.14
ETHUSDT,2020-10-25 00:00:00+00:00,405.86
ETHUSDT,2020-10-26 00:00:00+00:00,392.52
ETHUSDT,2020-10-27 00:00:00+00:00,403.45
ETHUSDT,2020-10-28 00:00:00+00:00,388.23
ETHUSDT,2020-10-29 00:00:00+00:00,387.13
ETHUSDT,2020-10-30 00:00:00+00:00,382.49
ETHUSDT,2020-10-31 00:00:00+00:00,386.46
ETHUSDT,2020-11-01 00:00:00+00:00,396.67
ETHUSDT,2020-11-02 00:00:00+00:00,383.02
ETHUSDT,2020-11-03 00:00:00+00:00,387.88
ETHUSDT,2020-11-04 00:00:00+00:00,402.49
ETHUSDT,2020-11-05 00:00:00+00:00,416.69
ETHUSDT,2020-11-06 00:00:00+00:00,455.91
ETHUSDT,2020-11-07 00:00:00+00:00,435.21
ETHUSDT,2020-11-08 00:00:00+00:00,454.3
ETHUSDT,2020-11-09 00:00:00+00:00,444.32
ETHUSDT,2020-11-10 00:00:00+00:00,450.34
ETHUSDT,2020-11-11 00:00:00+00:00,463.09
ETHUSDT,2020-11-12 00:00:00+00:00,462.39
ETHUSDT,2020-11-13 00:00:00+00:00,476.43
ETHUSDT,2020-11-14 00:00:00+00:00,460.89
ETHUSDT,2020-11-15 00:00:00+00:00,448.08
ETHUSDT,2020-11-16 00:00:00+00:00,460.55
ETHUSDT,2020-11-17 00:00:00+00:00,482.15
ETHUSDT,2020-11-18 00:00:00+00:00,478.41
ETHUSDT,2020-11-19 00:00:00+00:00,471.25
ETHUSDT,2020-11-20 00:00:00+00:00,510.12
ETHUSDT,2020-11-21 00:00:00+00:00,552.35
ETHUSDT,2020-11-22 00:00:00+00:00,560.03
ETHUSDT,2020-11-23 00:00:00+00:00,608.58
ETHUSDT,2020-11-24 00:00:00+00:00,604.97
ETHUSDT,2020-11-25 00:00:00+00:00,569.5
ETHUSDT,2020-11-26 00:00:00+00:00,519.83
ETHUSDT,2020-11-27 00:00:00+00:00,518.68
ETHUSDT,2020-11-28 00:00:00+00:00,537.52
ETHUSDT,2020-11-29 00:00:00+00:00,576.3
ETHUSDT,2020-11-30 00:00:00+00:00,
ETHUSDT,2020-12-01 00:00:00+00:00,585.26
ETHUSDT,2020-12-02 00:00:00+00:00,596.89
ETHUSDT,2020-12-03 00:00:00+00:00,615.85
ETHUSDT,2020-12-04 00:00:00+00:00,567.24
ETHUSDT,2020-12-05 00:00:00+00:00,596.8
ETHUSDT,2020-12-06 00:00:00+00:00,601.54
ETHUSDT,2020-12-07 00:00:00+00:00,591.28
ETHUSDT,2020-12-08 00:00:00+00:00,554.94
ETHUSDT,2020-12-09 00:00:00+00:00,573.09
ETHUSDT,2020-12-10 00:00:00+00:00,558.99
ETHUSDT,2020-12-11 00:00:00+00:00,544.43
ETHUSDT,2020-12-12 00:00:00+00:00,568.04
ETHUSDT,2020-12-13 00:00:00+00:00,590.7
ETHUSDT,2020-12-14 00:00:00+00:00,586.29
ETHUSDT,2020-12-15 00:00:00+00:00,588.64
ETHUSDT,2020-12-16 00:00:00+00:00,637.18
ETHUSDT,2020-12-17 00:00:00+00:00,642.7
ETHUSDT,2020-12-18 00:00:00+00:00,653.85
ETHUSDT,2020-12-19 00:00:00+00:00,658.03
ETHUSDT,2020-12-20 00:00:00+00:00,638.18
ETHUSDT,2020-12-21 00:00:00+00:00,
ETHUSDT,2020-12-22 00:00:00+00:00,636.45
ETHUSDT,2020-12-23 00:00:00+00:00,585.56
ETHUSDT,2020-12-24 00:00:00+00:00,612.31
ETHUSDT,2020-12-25 00:00:00+00:00,
ETHUSDT,2020-12-26 00:00:00+00:00,637.44
ETHUSDT,2020-12-27 00:00:00+00:00,685.11
ETHUSDT,2020-12-28 00:00:00+00:00,730.41
ETHUSDT,2020-12-29 00:00:00+00:00,732.0
ETHUSDT,2020-12-30 00:00:00+00:00,752.17
ETHUSDT,2020-12-31 00:00:00+00:00,736.42
ETHUSDT,2021-01-01 00:00:00+00:00,728.91
ETHUSDT,2021-01-02 00:00:00+00:00,774.56
ETHUSDT,2021-01-03 00:00:00+00:00,978.28
ETHUSDT,2021-01-04 00:00:00+00:00,1041.43
ETHUSDT,2021-01-05 00:00:00+00:00,1099.56
ETHUSDT,2021-01-06 00:00:00+00:00,1208.42
ETHUSDT,2021-01-07 00:00:00+00:00,1224.87
ETHUSDT,2021-01-08 00:00:00+00:00,1216.93
ETHUSDT,2021-01-09 00:00:00+00:00,1276.0
ETHUSDT,2021-01-10 00:00:00+00:00,1254.25
ETHUSDT,2021-01-11 00:00:00+00:00,1087.01
ETHUSDT,2021-01-12 00:00:00+00:00,1050.16
ETHUSDT,2021-01-13 00:00:00+00:00,1129.89
ETHUSDT,2021-01-14 00:00:00+00:00,1231.62
ETHUSDT,2021-01-15 00:00:00+00:00,1168.53
ETHUSDT,2021-01-16 00:00:00+00:00,1227.83
ETHUSDT,2021-01-17 00:00:00+00:00,1232.45
ETHUSDT,2021-01-18 00:00:00+00:00,1258.45
ETHUSDT,2021-01-19 00:00:00+00:00,1365.36
ETHUSDT,2021-01-20 00:00:00+00:00,1376.99
ETHUSDT,2021-01-21 00:00:00+00:00,1110.96
ETHUSDT,2021-01-22 00:00:00+00:00,1232.62
ETHUSDT,2021-01-23 00:00:00+00:00,1233.6
ETHUSDT,2021-01-24 00:00:00+00:00,1392.51
ETHUSDT,2021-01-25 00:00:00+00:00,1317.88
ETHUSDT,2021-01-26 00:00:00+00:00,1365.97
ETHUSDT,2021-01-27 00:00:00+00:00,1239.03
ETHUSDT,2021-01-28 00:00:00+00:00,1329.69
ETHUSDT,2021-01-29 00:00:00+00:00,1379.5
ETHUSDT,2021-01-30 00:00:00+00:00,1378.05
ETHUSDT,2021-01-31 00:00:00+00:00,1312.55
ETHUSDT,2021-02-01 00:00:00+00:00,1374.17
ETHUSDT,2021-02-02 00:00:00+00:00,1511.87
ETHUSDT,2021-02-03 00:00:00+00:00,1664.49
ETHUSDT,2021-02-04 00:00:00+00:00,1595.67
ETHUSDT,2021-02-05 00:00:00+00:00,1719.19
ETHUSDT,2021-02-06 00:00:00+00:00,1676.35
ETHUSDT,2021-02-07 00:00:00+00:00,1611.62
ETHUSDT,2021-02-08 00:00:00+00:00,1750.15
ETHUSDT,2021-02-09 00:00:00+00:00,1769.13
ETHUSDT,2021-02-10 00:00:00+00:00,1740.78
ETHUSDT,2021-02-11 00:00:00+00:00,
ETHUSDT,2021-02-12 00:00:00+00:00,1840.26
ETHUSDT,2021-02-13 00:00:00+00:00,1814.96
ETHUSDT,2021-02-14 00:00:00+00:00,1800.42
ETHUSDT,2021-02-15 00:00:00+00:00,1779.25
ETHUSDT,2021-02-16 00:00:00+00:00,1781.99
ETHUSDT,2021-02-17 00:00:00+00:00,1849.88
ETHUSDT,2021-02-18 00:00:00+00:00,1939.61
ETHUSDT,2021-02-19 00:00:00+00:00,1955.0
ETHUSDT,2021-02-20 00:00:00+00:00,1913.0
ETHUSDT,2021-02-21 00:00:00+00:00,1933.53
ETHUSDT,2021-02-22 00:00:00+00:00,1777.58
ETHUSDT,2021-02-23 00:00:00+00:00,1577.89
ETHUSDT,2021-02-24 00:00:00+00:00,1623.39
ETHUSDT,2021-02-25 00:00:00+00:00,1481.75
ETHUSDT,2021-02-26 00:00:00+00:00,1444.59
ETHUSDT,2021-02-27 00:00:00+00:00,1458.13
ETHUSDT,2021-02-28 00:00:00+00:00,1419.18
ETHUSDT,2021-03-01 00:00:00+00:00,1569.86
ETHUSDT,2021-03-02 00:00:00+00:00,1486.78
ETHUSDT,2021-03-03 00:00:00+00:00,1567.69
ETHUSDT,2021-03-04 00:00:00+00:00,1539.23
ETHUSDT,2021-03-05 00:00:00+00:00,1528.31
ETHUSDT,2021-03-06 00:00:00+00:00,
ETHUSDT,2021-03-07 00:00:00+00:00,1726.16
ETHUSDT,2021-03-08 00:00:00+00:00,1833.18
ETHUSDT,2021-03-09 00:00:00+00:00,1870.51
ETHUSDT,2021-03-10 00:00:00+00:00,1795.12
ETHUSDT,2021-03-11 00:00:00+00:00,1825.78
ETHUSDT,2021-03-12 00:00:00+00:00,1766.1
ETHUSDT,2021-03-13 00:00:00+00:00,1922.35
ETHUSDT,2021-03-14 00:00:00+00:00,1848.1
ETHUSDT,2021-03-15 00:00:00+00:00,1793.48
ETHUSDT,2021-03-16 00:00:00+00:00,1805.12
ETHUSDT,2021-03-17 00:00:00+00:00,1823.58
ETHUSDT,2021-03-18 00:00:00+00:00,1776.08
ETHUSDT,2021-03-19 00:00:00+00:00,1809.1
ETHUSDT,2021-03-20 00:00:00+00:00,1806.1
ETHUSDT,2021-03-21 00:00:00+00:00,1782.98
ETHUSDT,2021-03-22 00:00:00+00:00,1680.97
ETHUSDT,2021-03-23 00:00:00+00:00,1668.08
ETHUSDT,2021-03-24 00:00:00+00:00,1581.84
ETHUSDT,2021-03-25 00:00:00+00:00,1585.74
ETHUSDT,2021-03-26 00:00:00+00:00,1698.84
ETHUSDT,2021-03-27 00:00:00+00:00,1712.63
ETHUSDT,2021-03-28 00:00:00+00:00,1687.01
ETHUSDT,2021-03-29 00:00:00+00:00,1816.74
ETHUSDT,2021-03-30 00:00:00+00:00,1840.46
ETHUSDT,2021-03-31 00:00:00+00:00,1919.37
ETHUSDT,2021-04-01 00:00:00+00:00,1968.05
ETHUSDT,2021-04-02 00:00:00+00:00,2133.69
ETHUSDT,2021-04-03 00:00:00+00:00,2008.52
ETHUSDT,2021-04-04 00:00:00+00:00,2075.69
ETHUSDT,2021-04-05 00:00:00+00:00,2107.38
ETHUSDT,2021-04-06 00:00:00+00:00,2112.21
ETHUSDT,2021-04-07 00:00:00+00:00,1963.47
ETHUSDT,2021-04-08 00:00:00+00:00,2080.46
ETHUSDT,2021-04-09 00:00:00+00:00,2066.87
ETHUSDT,2021-04-10 00:00:00+00:00,2133.49
ETHUSDT,2021-04-11 00:00:00+00:00,2151.36
ETHUSDT,2021-04-12 00:00:00+00:00,2137.69
ETHUSDT,2021-04-13 00:00:00+00:00,2299.19
ETHUSDT,2021-04-14 00:00:00+00:00,2432.6
ETHUSDT,2021-04-15 00:00:00+00:00,2514.04
ETHUSDT,2021-04-16 00:00:00+00:00,2422.67
ETHUSDT,2021-04-17 00:00:00+00:00,2317.6
ETHUSDT,2021-04-18 00:00:00+00:00,2235.64
ETHUSDT,2021-04-19 00:00:00+00:00,2161.12
ETHUSDT,2021-04-20 00:00:00+00:00,
ETHUSDT,2021-04-21 00:00:00+00:00,2357.06
ETHUSDT,2021-04-22 00:00:00+00:00,2397.94
ETHUSDT,2021-04-23 00:00:00+00:00,2367.39
ETHUSDT,2021-04-24 00:00:00+00:00,2213.35
ETHUSDT,2021-04-25 00:00:00+00:00,
ETHUSDT,2021-04-26 00:00:00+00:00,2532.6
ETHUSDT,2021-04-27 00:00:00+00:00,2666.13
ETHUSDT,2021-04-28 00:00:00+00:00,2748.24
ETHUSDT,2021-04-29 00:00:00+00:00,2757.04
ETHUSDT,2021-04-30 00:00:00+00:00,2772.42
ETHUSDT,2021-05-01 00:00:00+00:00,2944.77
ETHUSDT,2021-05-02 00:00:00+00:00,2949.56
ETHUSDT,2021-05-03 00:00:00+00:00,3431.04
ETHUSDT,2021-05-04 00:00:00+00:00,3239.01
ETHUSDT,2021-05-05 00:00:00+00:00,3524.26
ETHUSDT,2021-05-06 00:00:00+00:00,3489.73
ETHUSDT,2021-05-07 00:00:00+00:00,3479.53
ETHUSDT,2021-05-08 00:00:00+00:00,3910.26
ETHUSDT,2021-05-09 00:00:00+00:00,3923.95
ETHUSDT,2021-05-10 00:00:00+00:00,3945.88
ETHUSDT,2021-05-11 00:00:00+00:00,4173.45
ETHUSDT,2021-05-12 00:00:00+00:00,3823.21
ETHUSDT,2021-05-13 00:00:00+00:00,3717.91
ETHUSDT,2021-05-14 00:00:00+00:00,4075.01
ETHUSDT,2021-05-15 00:00:00+00:00,3646.68
ETHUSDT,2021-05-16 00:00:00+00:00,3582.1
ETHUSDT,2021-05-17 00:00:00+00:00,3282.51
ETHUSDT,2021-05-18 00:00:00+00:00,3375.07
ETHUSDT,2021-05-19 00:00:00+00:00,2438.92
ETHUSDT,2021-05-20 00:00:00+00:00,2768.62
ETHUSDT,2021-05-21 00:00:00+00:00,2430.98
ETHUSDT,2021-05-22 00:00:00+00:00,2294.87
ETHUSDT,2021-05-23 00:00:00+00:00,2096.39
ETHUSDT,2021-05-24 00:00:00+00:00,2648.43
ETHUSDT,2021-05-25 00:00:00+00:00,2705.11
ETHUSDT,2021-05-26 00:00:00+00:00,2884.94
ETHUSDT,2021-05-27 00:00:00+00:00,2742.23
ETHUSDT,2021-05-28 00:00:00+00:00,2412.1
ETHUSDT,2021-05-29 00:00:00+00:00,2278.74
ETHUSDT,2021-05-30 00:00:00+00:00,2385.98
ETHUSDT,2021-05-31 00:00:00+00:00,2706.15
ETHUSDT,2021-06-01 00:00:00+00:00,2634.57
ETHUSDT,2021-06-02 00:00:00+00:00,2706.22
ETHUSDT,2021-06-03 00:00:00+00:00,2857.25
ETHUSDT,2021-06-04 00:00:00+00:00,2689.51
ETHUSDT,2021-06-05 00:00:00+00:00,2627.73
ETHUSDT,2021-06-06 00:00:00+00:00,2711.92
ETHUSDT,2021-06-07 00:00:00+00:00,2592.05
ETHUSDT,2021-06-08 00:00:00+00:00,2507.23
ETHUSDT,2021-06-09 00:00:00+00:00,2610.18
ETHUSDT,2021-06-10 00:00:00+00:00,2471.09
ETHUSDT,2021-06-11 00:00:00+00:00,2354.01
ETHUSDT,2021-06-12 00:00:00+00:00,2370.74
ETHUSDT,2021-06-13 00:00:00+00:00,2509.33
ETHUSDT,2021-06-14 00:00:00+00:00,2580.77
ETHUSDT,2021-06-15 00:00:00+00:00,2543.54
ETHUSDT,2021-06-16 00:00:00+00:00,2367.89
ETHUSDT,2021-06-17 00:00:00+00:00,2373.28
ETHUSDT,2021-06-18 00:00:00+00:00,2234.09
ETHUSDT,2021-06-19 00:00:00+00:00,2164.67
ETHUSDT,2021-06-20 00:00:00+00:00,2243.47
ETHUSDT,2021-06-21 00:00:00+00:00,1885.49
ETHUSDT,2021-06-22 00:00:00+00:00,1879.28
ETHUSDT,2021-06-23 00:00:00+00:00,1968.14
ETHUSDT,2021-06-24 00:00:00+00:00,1989.52
ETHUSDT,2021-06-25 00:00:00+00:00,1808.82
ETHUSDT,2021-06-26 00:00:00+00:00,1829.64
ETHUSDT,2021-06-27 00:00:00+00:00,1982.28
ETHUSDT,2021-06-28 00:00:00+00:00,2084.41
ETHUSDT,2021-06-29 00:00:00+00:00,2165.33
ETHUSDT,2021-06-30 00:00:00+00:00,2275.68
ETHUSDT,2021-07-01 00:00:00+00:00,2106.41
ETHUSDT,2021-07-02 00:00:00+00:00,2154.13
ETHUSDT,2021-07-03 00:00:00+00:00,2226.99
ETHUSDT,2021-07-04 00:00:00+00:00,2322.69
ETHUSDT,2021-07-05 00:00:00+00:00,2196.53
ETHUSDT,2021-07-06 00:00:00+00:00,2322.5
ETHUSDT,2021-07-07 00:00:00+00:00,2316.57
ETHUSDT,2021-07-08 00:00:00+00:00,2116.33
ETHUSDT,2021-07-09 00:00:00+00:00,2146.99
ETHUSDT,2021-07-10 00:00:00+00:00,2110.69
ETHUSDT,2021-07-11 00:00:00+00:00,2140.45
ETHUSDT,2021-07-12 00:00:00+00:00,2031.58
ETHUSDT,2021-07-13 00:00:00+00:00,1940.15
ETHUSDT,2021-07-14 00:00:00+00:00,1994.58
ETHUSDT,2021-07-15 00:00:00+00:00,1919.51
ETHUSDT,2021-07-16 00:00:00+00:00,1876.26
ETHUSDT,2021-07-17 00:00:00+00:00,1899.59
ETHUSDT,2021-07-18 00:00:00+00:00,1891.64
ETHUSDT,2021-07-19 00:00:00+00:00,1818.73
ETHUSDT,2021-07-20 00:00:00+00:00,1786.03
ETHUSDT,2021-07-21 00:00:00+00:00,1995.5
ETHUSDT,2021-07-22 00:00:00+00:00,2024.56
ETHUSDT,2021-07-23 00:00:00+00:00,2124.25
ETHUSDT,2021-07-24 00:00:00+00:00,2184.75
ETHUSDT,2021-07-25 00:00:00+00:00,2189.79
ETHUSDT,2021-07-26 00:00:00+00:00,2228.08
ETHUSDT,2021-07-27 00:00:00+00:00,2299.49
ETHUSDT,2021-07-28 00:00:00+00:00,2300.9
ETHUSDT,2021-07-29 00:00:00+00:00,2382.92
ETHUSDT,2021-07-30 00:00:00+00:00,2461.81
ETHUSDT,2021-07-31 00:00:00+00:00,2531.05
ETHUSDT,2021-08-01 00:00:00+00:00,2555.69
ETHUSDT,2021-08-02 00:00:00+00:00,2606.93
ETHUSDT,2021-08-03 00:00:00+00:00,2509.04
ETHUSDT,2021-08-04 00:00:00+00:00,2724.78
ETHUSDT,2021-08-05 00:00:00+00:00,2826.99
ETHUSDT,2021-08-06 00:00:00+00:00,2891.58
ETHUSDT,2021-08-07 00:00:00+00:00,3160.31
ETHUSDT,2021-08-08 00:00:00+00:00,3011.85
ETHUSDT,2021-08-09 00:00:00+00:00,3160.52
ETHUSDT,2021-08-10 00:00:00+00:00,3141.66
ETHUSDT,2021-08-11 00:00:00+00:00,3160.5
ETHUSDT,2021-08-12 00:00:00+00:00,3045.96
ETHUSDT,2021-08-13 00:00:00+00:00,
ETHUSDT,2021-08-14 00:00:00+00:00,3263.16
ETHUSDT,2021-08-15 00:00:00+00:00,3307.09
ETHUSDT,2021-08-16 00:00:00+00:00,3146.53
ETHUSDT,2021-08-17 00:00:00+00:00,3011.72
ETHUSDT,2021-08-18 00:00:00+00:00,3014.55
ETHUSDT,2021-08-19 00:00:00+00:00,3184.12
ETHUSDT,2021-08-20 00:00:00+00:00,3284.82
ETHUSDT,2021-08-21 00:00:00+00:00,3223.43
ETHUSDT,2021-08-22 00:00:00+00:00,3238.0
ETHUSDT,2021-08-23 00:00:00+00:00,3321.28
ETHUSDT,2021-08-24 00:00:00+00:00,3170.62
ETHUSDT,2021-08-25 00:00:00+00:00,3226.87
ETHUSDT,2021-08-26 00:00:00+00:00,3093.2
ETHUSDT,2021-08-27 00:00:00+00:00,3273.45
ETHUSDT,2021-08-28 00:00:00+00:00,3244.48
ETHUSDT,2021-08-29 00:00:00+00:00,3223.47
ETHUSDT,2021-08-30 00:00:00+00:00,3229.64
ETHUSDT,2021-08-31 00:00:00+00:00,3429.2
ETHUSDT,2021-09-01 00:00:00+00:00,3826.82
ETHUSDT,2021-09-02 00:00:00+00:00,3785.82
ETHUSDT,2021-09-03 00:00:00+00:00,3938.11
ETHUSDT,2021-09-04 00:00:00+00:00,3885.52
ETHUSDT,2021-09-05 00:00:00+00:00,3950.29
ETHUSDT,2021-09-06 00:00:00+00:00,3926.77
ETHUSDT,2021-09-07 00:00:00+00:00,3434.57
ETHUSDT,2021-09-08 00:00:00+00:00,3499.0
ETHUSDT,2021-09-09 00:00:00+00:00,3424.93
ETHUSDT,2021-09-10 00:00:00+00:00,3208.86
ETHUSDT,2021-09-11 00:00:00+00:00,3267.21
ETHUSDT,2021-09-12 00:00:00+00:00,3404.21
ETHUSDT,2021-09-13 00:00:00+00:00,3285.35
ETHUSDT,2021-09-14 00:00:00+00:00,3434.37
ETHUSDT,2021-09-15 00:00:00+00:00,3613.55
ETHUSDT,2021-09-16 00:00:00+00:00,3567.98
ETHUSDT,2021-09-17 00:00:00+00:00,3399.81
ETHUSDT,2021-09-18 00:00:00+00:00,3435.64
ETHUSDT,2021-09-19 00:00:00+00:00,3328.62
ETHUSDT,2021-09-20 00:00:00+00:00,2977.28
ETHUSDT,2021-09-21 00:00:00+00:00,2765.9
ETHUSDT,2021-09-22 00:00:00+00:00,3076.92
ETHUSDT,2021-09-23 00:00:00+00:00,3152.5
ETHUSDT,2021-09-24 00:00:00+00:00,2928.53
ETHUSDT,2021-09-25 00:00:00+00:00,2921.73
ETHUSDT,2021-09-26 00:00:00+00:00,3059.37
ETHUSDT,2021-09-27 00:00:00+00:00,2925.59
ETHUSDT,2021-09-28 00:00:00+00:00,2804.91
ETHUSDT,2021-09-29 00:00:00+00:00,
ETHUSDT,2021-09-30 00:00:00+00:00,3000.61
ETHUSDT,2021-10-01 00:00:00+00:00,3309.91
ETHUSDT,2021-10-02 00:00:00+00:00,3387.76
ETHUSDT,2021-10-03 00:00:00+00:00,3417.73
ETHUSDT,2021-10-04 00:00:00+00:00,3386.31
ETHUSDT,2021-10-05 00:00:00+00:00,3515.27
ETHUSDT,2021-10-06 00:00:00+00:00,3574.89
ETHUSDT,2021-10-07 00:00:00+00:00,3587.47
ETHUSDT,2021-10-08 00:00:00+00:00,3563.13
ETHUSDT,2021-10-09 00:00:00+00:00,3574.82
ETHUSDT,2021-10-10 00:00:00+00:00,3414.22
ETHUSDT,2021-10-11 00:00:00+00:00,3542.12
ETHUSDT,2021-10-12 00:00:00+00:00,3491.46
ETHUSDT,2021-10-13 00:00:00+00:00,3607.42
ETHUSDT,2021-10-14 00:00:00+00:00,3790.82
ETHUSDT,2021-10-15 00:00:00+00:00,3868.99
ETHUSDT,2021-10-16 00:00:00+00:00,3829.96
ETHUSDT,2021-10-17 00:00:00+00:00,3846.85
ETHUSDT,2021-10-18 00:00:00+00:00,3744.96
ETHUSDT,2021-10-19 00:00:00+00:00,3877.03
ETHUSDT,2021-10-20 00:00:00+00:00,4161.15
ETHUSDT,2021-10-21 00:00:00+00:00,4052.99
ETHUSDT,2021-10-22 00:00:00+00:00,3972.2
ETHUSDT,2021-10-23 00:00:00+00:00,4167.12
ETHUSDT,2021-10-24 00:00:00+00:00,4082.33
ETHUSDT,2021-10-25 00:00:00+00:00,4220.37
ETHUSDT,2021-10-26 00:00:00+00:00,4131.52
ETHUSDT,2021-10-27 00:00:00+00:00,3922.0
ETHUSDT,2021-10-28 00:00:00+00:00,4286.02
ETHUSDT,2021-10-29 00:00:00+00:00,4418.89
ETHUSDT,2021-10-30 00:00:00+00:00,4322.68
ETHUSDT,2021-10-31 00:00:00+00:00,4287.21
ETHUSDT,2021-11-01 00:00:00+00:00,4319.43
ETHUSDT,2021-11-02 00:00:00+00:00,4589.89
ETHUSDT,2021-11-03 00:00:00+00:00,4603.35
ETHUSDT,2021-11-04 00:00:00+00:00,4532.32
ETHUSDT,2021-11-05 00:00:00+00:00,4474.24
ETHUSDT,2021-11-06 00:00:00+00:00,4518.0
ETHUSDT,2021-11-07 00:00:00+00:00,4612.59
ETHUSDT,2021-11-08 00:00:00+00:00,4807.98
ETHUSDT,2021-11-09 00:00:00+00:00,4732.33
ETHUSDT,2021-11-10 00:00:00+00:00,4628.78
ETHUSDT,2021-11-11 00:00:00+00:00,4719.0
ETHUSDT,2021-11-12 00:00:00+00:00,4665.46
ETHUSDT,2021-11-13 00:00:00+00:00,4644.28
ETHUSDT,2021-11-14 00:00:00+00:00,4626.5
ETHUSDT,2021-11-15 00:00:00+00:00,4563.78
ETHUSDT,2021-11-16 00:00:00+00:00,4209.76
ETHUSDT,2021-11-17 00:00:00+00:00,4287.8
ETHUSDT,2021-11-18 00:00:00+00:00,3996.9
ETHUSDT,2021-11-19 00:00:00+00:00,4294.76
ETHUSDT,2021-11-20 00:00:00+00:00,4412.17
ETHUSDT,2021-11-21 00:00:00+00:00,4258.31
ETHUSDT,2021-11-22 00:00:00+00:00,4085.97
ETHUSDT,2021-11-23 00:00:00+00:00,4339.44
ETHUSDT,2021-11-24 00:00:00+00:00,4269.36
ETHUSDT,2021-11-25 00:00:00+00:00,4524.85
ETHUSDT,2021-11-26 00:00:00+00:00,4041.2
ETHUSDT,2021-11-27 00:00:00+00:00,4095.29
ETHUSDT,2021-11-28 00:00:00+00:00,4294.78
ETHUSDT,2021-11-29 00:00:00+00:00,4444.53
ETHUSDT,2021-11-30 00:00:00+00:00,4630.26
ETHUSDT,2021-12-01 00:00:00+00:00,4582.95
ETHUSDT,2021-12-02 00:00:00+00:00,4511.21
ETHUSDT,2021-12-03 00:00:00+00:00,4215.73
ETHUSDT,2021-12-04 00:00:00+00:00,4117.25
ETHUSDT,2021-12-05 00:00:00+00:00,4196.44
ETHUSDT,2021-12-06 00:00:00+00:00,4347.59
ETHUSDT,2021-12-07 00:00:00+00:00,4306.4
ETHUSDT,2021-12-08 00:00:00+00:00,4436.91
ETHUSDT,2021-12-09 00:00:00+00:00,4105.64
ETHUSDT,2021-12-10 00:00:00+00:00,3897.94
ETHUSDT,2021-12-11 00:00:00+00:00,4089.37
ETHUSDT,2021-12-12 00:00:00+00:00,4130.0
ETHUSDT,2021-12-13 00:00:00+00:00,3781.93
ETHUSDT,2021-12-14 00:00:00+00:00,3858.99
ETHUSDT,2021-12-15 00:00:00+00:00,4019.08
ETHUSDT,2021-12-16 00:00:00+00:00,3958.11
ETHUSDT,2021-12-17 00:00:00+00:00,3875.42
ETHUSDT,2021-12-18 00:00:00+00:00,3959.93
ETHUSDT,2021-12-19 00:00:00+00:00,3924.14
ETHUSDT,2021-12-20 00:00:00+00:00,3944.73
ETHUSDT,2021-12-21 00:00:00+00:00,4014.15
ETHUSDT,2021-12-22 00:00:00+00:00,3979.51
ETHUSDT,2021-12-23 00:00:00+00:00,4111.41
ETHUSDT,2021-12-24 00:00:00+00:00,
ETHUSDT,2021-12-25 00:00:00+00:00,4094.83
ETHUSDT,2021-12-26 00:00:00+00:00,4063.56
ETHUSDT,2021-12-27 00:00:00+00:00,4037.23
ETHUSDT,2021-12-28 00:00:00+00:00,3792.75
ETHUSDT,2021-12-29 00:00:00+00:00,3630.19
ETHUSDT,2021-12-30 00:00:00+00:00,3709.27
ETHUSDT,2021-12-31 00:00:00+00:00,3676.23
ETHUSDT,2022-01-01 00:00:00+00:00,3765.54
ETHUSDT,2022-01-02 00:00:00+00:00,3828.27
ETHUSDT,2022-01-03 00:00:00+00:00,3765.89
ETHUSDT,2022-01-04 00:00:00+00:00,3785.11
ETHUSDT,2022-01-05 00:00:00+00:00,3540.63
ETHUSDT,2022-01-06 00:00:00+00:00,3406.81
ETHUSDT,2022-01-07 00:00:00+00:00,3199.24
ETHUSDT,2022-01-08 00:00:00+00:00,3080.95
ETHUSDT,2022-01-09 00:00:00+00:00,3151.97
ETHUSDT,2022-01-10 00:00:00+00:00,3082.68
ETHUSDT,2022-01-11 00:00:00+00:00,3239.72
ETHUSDT,2022-01-12 00:00:00+00:00,3371.26
ETHUSDT,2022-01-13 00:00:00+00:00,3240.61
ETHUSDT,2022-01-14 00:00:00+00:00,3307.42
ETHUSDT,2022-01-15 00:00:00+00:00,3326.04
ETHUSDT,2022-01-16 00:00:00+00:00,3346.88
ETHUSDT,2022-01-17 00:00:00+00:00,3209.67
ETHUSDT,2022-01-18 00:00:00+00:00,3159.85
ETHUSDT,2022-01-19 00:00:00+00:00,3084.02
ETHUSDT,2022-01-20 00:00:00+00:00,3001.48
ETHUSDT,2022-01-21 00:00:00+00:00,2568.15
ETHUSDT,2022-01-22 00:00:00+00:00,2412.18
ETHUSDT,2022-01-23 00:00:00+00:00,2539.01
ETHUSDT,2022-01-24 00:00:00+00:00,2439.29
ETHUSDT,2022-01-25 00:00:00+00:00,2458.83
ETHUSDT,2022-01-26 00:00:00+00:00,2462.99
ETHUSDT,2022-01-27 00:00:00+00:00,2424.25
ETHUSDT,2022-01-28 00:00:00+00:00,2544.99
ETHUSDT,2022-01-29 00:00:00+00:00,2601.43
ETHUSDT,2022-01-30 00:00:00+00:00,2601.68
ETHUSDT,2022-01-31 00:00:00+00:00,2686.94
ETHUSDT,2022-02-01 00:00:00+00:00,2787.23
ETHUSDT,2022-02-02 00:00:00+00:00,2680.67
ETHUSDT,2022-02-03 00:00:00+00:00,2695.46
ETHUSDT,2022-02-04 00:00:00+00:00,2994.99
ETHUSDT,2022-02-05 00:00:00+00:00,3012.65
ETHUSDT,2022-02-06 00:00:00+00:00,3054.99
ETHUSDT,2022-02-07 00:00:00+00:00,3139.77
ETHUSDT,2022-02-08 00:00:00+00:00,3116.69
ETHUSDT,2022-02-09 00:00:00+00:00,3243.94
ETHUSDT,2022-02-10 00:00:00+00:00,3072.49
ETHUSDT,2022-02-11 00:00:00+00:00,2927.54
ETHUSDT,2022-02-12 00:00:00+00:00,2918.88
ETHUSDT,2022-02-13 00:00:00+00:00,2871.13
ETHUSDT,2022-02-14 00:00:00+00:00,2929.75
ETHUSDT,2022-02-15 00:00:00+00:00,3183.52
ETHUSDT,2022-02-16 00:00:00+00:00,3122.3
ETHUSDT,2022-02-17 00:00:00+00:00,2891.87
ETHUSDT,2022-02-18 00:00:00+00:00,2779.48
ETHUSDT,2022-02-19 00:00:00+00:00,2763.63
ETHUSDT,2022-02-20 00:00:00+00:00,2621.99
ETHUSDT,2022-02-21 00:00:00+00:00,2568.02
ETHUSDT,2022-02-22 00:00:00+00:00,2636.29
ETHUSDT,2022-02-23 00:00:00+00:00,2579.71
ETHUSDT,2022-02-24 00:00:00+00:00,2596.2
ETHUSDT,2022-02-25 00:00:00+00:00,2768.49
ETHUSDT,2022-02-26 00:00:00+00:00,2779.47
ETHUSDT,2022-02-27 00:00:00+00:00,2616.79
ETHUSDT,2022-02-28 00:00:00+00:00,2920.95
ETHUSDT,2022-03-01 00:00:00+00:00,2976.33
ETHUSDT,2022-03-02 00:00:00+00:00,2947.3
ETHUSDT,2022-03-03 00:00:00+00:00,2833.99
ETHUSDT,2022-03-04 00:00:00+00:00,2622.1
ETHUSDT,2022-03-05 00:00:00+00:00,2665.15
ETHUSDT,2022-03-06 00:00:00+00:00,2551.29
ETHUSDT,2022-03-07 00:00:00+00:00,2491.12
ETHUSDT,2022-03-08 00:00:00+00:00,2575.97
ETHUSDT,2022-03-09 00:00:00+00:00,2726.98
ETHUSDT,2022-03-10 00:00:00+00:00,2606.7
ETHUSDT,2022-03-11 00:00:00+00:00,2556.86
ETHUSDT,2022-03-12 00:00:00+00:00,2568.8
ETHUSDT,2022-03-13 00:00:00+00:00,2515.65
ETHUSDT,2022-03-14 00:00:00+00:00,2589.41
ETHUSDT,2022-03-15 00:00:00+00:00,2617.73
ETHUSDT,2022-03-16 00:00:00+00:00,2773.81
ETHUSDT,2022-03-17 00:00:00+00:00,2811.92
ETHUSDT,2022-03-18 00:00:00+00:00,2938.92
ETHUSDT,2022-03-19 00:00:00+00:00,2950.84
ETHUSDT,2022-03-20 00:00:00+00:00,2861.38
ETHUSDT,2022-03-21 00:00:00+00:00,2890.03
ETHUSDT,2022-03-22 00:00:00+00:00,2969.64
ETHUSDT,2022-03-23 00:00:00+00:00,3036.0
ETHUSDT,2022-03-24 00:00:00+00:00,3110.76
ETHUSDT,2022-03-25 00:00:00+00:00,3102.14
ETHUSDT,2022-03-26 00:00:00+00:00,3145.0
ETHUSDT,2022-03-27 00:00:00+00:00,3295.65
ETHUSDT,2022-03-28 00:00:00+00:00,3332.92
ETHUSDT,2022-03-29 00:00:00+00:00,3400.51
ETHUSDT,2022-03-30 00:00:00+00:00,3385.79
ETHUSDT,2022-03-31 00:00:00+00:00,3281.51
ETHUSDT,2022-04-01 00:00:00+00:00,3455.21
ETHUSDT,2022-04-02 00:00:00+00:00,3443.77
ETHUSDT,2022-04-03 00:00:00+00:00,3521.91
ETHUSDT,2022-04-04 00:00:00+00:00,3519.5
ETHUSDT,2022-04-05 00:00:00+00:00,3406.99
ETHUSDT,2022-04-06 00:00:00+00:00,3168.51
ETHUSDT,2022-04-07 00:00:00+00:00,3227.19
ETHUSDT,2022-04-08 00:00:00+00:00,3192.39
ETHUSDT,2022-04-09 00:00:00+00:00,3258.57
ETHUSDT,2022-04-10 00:00:00+00:00,3203.04
ETHUSDT,2022-04-11 00:00:00+00:00,2979.74
ETHUSDT,2022-04-12 00:00:00+00:00,3027.66
ETHUSDT,2022-04-13 00:00:00+00:00,3118.28
ETHUSDT,2022-04-14 00:00:00+00:00,3021.98
ETHUSDT,2022-04-15 00:00:00+00:00,3040.56
ETHUSDT,2022-04-16 00:00:00+00:00,3059.3
ETHUSDT,2022-04-17 00:00:00+00:00,2988.06
ETHUSDT,2022-04-18 00:00:00+00:00,3055.56
ETHUSDT,2022-04-19 00:00:00+00:00,3101.77
ETHUSDT,2022-04-20 00:00:00+00:00,3076.04
ETHUSDT,2022-04-21 00:00:00+00:00,2983.58
ETHUSDT,2022-04-22 00:00:00+00:00,2962.39
ETHUSDT,2022-04-23 00:00:00+00:00,2933.03
ETHUSDT,2022-04-24 00:00:00+00:00,2921.0
ETHUSDT,2022-04-25 00:00:00+00:00,3006.62
ETHUSDT,2022-04-26 00:00:00+00:00,2809.67
ETHUSDT,2022-04-27 00:00:00+00:00,2888.96
ETHUSDT,2022-04-28 00:00:00+00:00,2936.93
ETHUSDT,2022-04-29 00:00:00+00:00,2817.13
ETHUSDT,2022-04-30 00:00:00+00:00,2726.66
ETHUSDT,2022-05-01 00:00:00+00:00,2824.81
ETHUSDT,2022-05-02 00:00:00+00:00,2856.54
ETHUSDT,2022-05-03 00:00:00+00:00,2781.7
ETHUSDT,2022-05-04 00:00:00+00:00,2940.64
ETHUSDT,2022-05-05 00:00:00+00:00,2747.97
ETHUSDT,2022-05-06 00:00:00+00:00,2692.85
ETHUSDT,2022-05-07 00:00:00+00:00,2635.34
ETHUSDT,2022-05-08 00:00:00+00:00,2519.71
ETHUSDT,2022-05-09 00:00:00+00:00,2228.55
ETHUSDT,2022-05-10 00:00:00+00:00,2342.05
ETHUSDT,2022-05-11 00:00:00+00:00,2084.99
ETHUSDT,2022-05-12 00:00:00+00:00,1960.22
ETHUSDT,2022-05-13 00:00:00+00:00,2009.69
ETHUSDT,2022-05-14 00:00:00+00:00,2056.48
ETHUSDT,2022-05-15 00:00:00+00:00,2145.29
ETHUSDT,2022-05-16 00:00:00+00:00,2023.66
ETHUSDT,2022-05-17 00:00:00+00:00,2090.72
ETHUSDT,2022-05-18 00:00:00+00:00,1915.11
ETHUSDT,2022-05-19 00:00:00+00:00,2019.55
ETHUSDT,2022-05-20 00:00:00+00:00,1959.08
ETHUSDT,2022-05-21 00:00:00+00:00,1975.07
ETHUSDT,2022-05-22 00:00:00+00:00,2043.19
ETHUSDT,2022-05-23 00:00:00+00:00,1973.32
ETHUSDT,2022-05-24 00:00:00+00:00,1979.41
ETHUSDT,2022-05-25 00:00:00+00:00,1942.63
ETHUSDT,2022-05-26 00:00:00+00:00,1792.23
ETHUSDT,2022-05-27 00:00:00+00:00,1727.27
ETHUSDT,2022-05-28 00:00:00+00:00,1792.22
ETHUSDT,2022-05-29 00:00:00+00:00,1813.64
ETHUSDT,2022-05-30 00:00:00+00:00,1998.78
ETHUSDT,2022-05-31 00:00:00+00:00,1941.9
ETHUSDT,2022-06-01 00:00:00+00:00,1817.95
ETHUSDT,2022-06-02 00:00:00+00:00,1834.08
ETHUSDT,2022-06-03 00:00:00+00:00,1775.12
ETHUSDT,2022-06-04 00:00:00+00:00,1804.58
ETHUSDT,2022-06-05 00:00:00+00:00,1806.23
ETHUSDT,2022-06-06 00:00:00+00:00,1859.84
ETHUSDT,2022-06-07 00:00:00+00:00,1813.33
ETHUSDT,2022-06-08 00:00:00+00:00,1791.88
ETHUSDT,2022-06-09 00:00:00+00:00,1788.81
ETHUSDT,2022-06-10 00:00:00+00:00,1662.91
ETHUSDT,2022-06-11 00:00:00+00:00,1532.89
ETHUSDT,2022-06-12 00:00:00+00:00,1434.84
ETHUSDT,2022-06-13 00:00:00+00:00,1209.82
ETHUSDT,2022-06-14 00:00:00+00:00,1208.9
ETHUSDT,2022-06-15 00:00:00+00:00,1237.52
ETHUSDT,2022-06-16 00:00:00+00:00,1068.5
ETHUSDT,2022-06-17 00:00:00+00:00,1086.94
ETHUSDT,2022-06-18 00:00:00+00:00,995.13
ETHUSDT,2022-06-19 00:00:00+00:00,1128.53
ETHUSDT,2022-06-20 00:00:00+00:00,1128.24
ETHUSDT,2022-06-21 00:00:00+00:00,1125.85
ETHUSDT,2022-06-22 00:00:00+00:00,1050.19
ETHUSDT,2022-06-23 00:00:00+00:00,1144.72
ETHUSDT,2022-06-24 00:00:00+00:00,1225.02
ETHUSDT,2022-06-25 00:00:00+00:00,1242.36
ETHUSDT,2022-06-26 00:00:00+00:00,1197.79
ETHUSDT,2022-06-27 00:00:00+00:00,1192.51
ETHUSDT,2022-06-28 00:00:00+00:00,1144.05
ETHUSDT,2022-06-29 00:00:00+00:00,1100.21
ETHUSDT,2022-06-30 00:00:00+00:00,1071.01
ETHUSDT,2022-07-01 00:00:00+00:00,1059.73
ETHUSDT,2022-07-02 00:00:00+00:00,1067.01
ETHUSDT,2022-07-03 00:00:00+00:00,1074.26
ETHUSDT,2022-07-04 00:00:00+00:00,1151.0
ETHUSDT,2022-07-05 00:00:00+00:00,1132.5
ETHUSDT,2022-07-06 00:00:00+00:00,1186.57
ETHUSDT,2022-07-07 00:00:00+00:00,1237.49
ETHUSDT,2022-07-08 00:00:00+00:00,1214.04
ETHUSDT,2022-07-09 00:00:00+00:00,1217.02
ETHUSDT,2022-07-10 00:00:00+00:00,1168.36
ETHUSDT,2022-07-11 00:00:00+00:00,1096.4
ETHUSDT,2022-07-12 00:00:00+00:00,1038.58
ETHUSDT,2022-07-13 00:00:00+00:00,1115.0
ETHUSDT,2022-07-14 00:00:00+00:00,1193.42
ETHUSDT,2022-07-15 00:00:00+00:00,1231.25
ETHUSDT,2022-07-16 00:00:00+00:00,1355.85
ETHUSDT,2022-07-17 00:00:00+00:00,1338.65
ETHUSDT,2022-07-18 00:00:00+00:00,1581.04
ETHUSDT,2022-07-19 00:00:00+00:00,1542.32
ETHUSDT,2022-07-20 00:00:00+00:00,1521.58
ETHUSDT,2022-07-21 00:00:00+00:00,1575.45
ETHUSDT,2022-07-22 00:00:00+00:00,1535.27
ETHUSDT,2022-07-23 00:00:00+00:00,1548.67
ETHUSDT,2022-07-24 00:00:00+00:00,1597.7
ETHUSDT,2022-07-25 00:00:00+00:00,1440.79
ETHUSDT,2022-07-26 00:00:00+00:00,1449.12
ETHUSDT,2022-07-27 00:00:00+00:00,1635.74
ETHUSDT,2022-07-28 00:00:00+00:00,1724.52
ETHUSDT,2022-07-29 00:00:00+00:00,1721.68
ETHUSDT,2022-07-30 00:00:00+00:00,1697.0
ETHUSDT,2022-07-31 00:00:00+00:00,1678.12
ETHUSDT,2022-08-01 00:00:00+00:00,1630.28
ETHUSDT,2022-08-02 00:00:00+00:00,1630.91
ETHUSDT,2022-08-03 00:00:00+00:00,1618.16
ETHUSDT,2022-08-04 00:00:00+00:00,1607.96
ETHUSDT,2022-08-05 00:00:00+00:00,1736.81
ETHUSDT,2022-08-06 00:00:00+00:00,1690.6
ETHUSDT,2022-08-07 00:00:00+00:00,1700.19
ETHUSDT,2022-08-08 00:00:00+00:00,1777.05
ETHUSDT,2022-08-09 00:00:00+00:00,1702.76
ETHUSDT,2022-08-10 00:00:00+00:00,1853.57
ETHUSDT,2022-08-11 00:00:00+00:00,1880.19
ETHUSDT,2022-08-12 00:00:00+00:00,1958.28
ETHUSDT,2022-08-13 00:00:00+00:00,1983.55
ETHUSDT,2022-08-14 00:00:00+00:00,1935.31
ETHUSDT,2022-08-15 00:00:00+00:00,1899.06
ETHUSDT,2022-08-16 00:00:00+00:00,1876.67
ETHUSDT,2022-08-17 00:00:00+00:00,1834.25
ETHUSDT,2022-08-18 00:00:00+00:00,1846.39
ETHUSDT,2022-08-19 00:00:00+00:00,1609.01
ETHUSDT,2022-08-20 00:00:00+00:00,1576.04
ETHUSDT,2022-08-21 00:00:00+00:00,1618.13
ETHUSDT,2022-08-22 00:00:00+00:00,1624.66
ETHUSDT,2022-08-23 00:00:00+00:00,1665.41
ETHUSDT,2022-08-24 00:00:00+00:00,1656.56
ETHUSDT,2022-08-25 00:00:00+00:00,1695.11
ETHUSDT,2022-08-26 00:00:00+00:00,1508.18
ETHUSDT,2022-08-27 00:00:00+00:00,1491.06
ETHUSDT,2022-08-28 00:00:00+00:00,1426.76
ETHUSDT,2022-08-29 00:00:00+00:00,1551.8
ETHUSDT,2022-08-30 00:00:00+00:00,1524.59
ETHUSDT,2022-08-31 00:00:00+00:00,1554.1
ETHUSDT,2022-09-01 00:00:00+00:00,1586.16
ETHUSDT,2022-09-02 00:00:00+00:00,1575.35
ETHUSDT,2022-09-03 00:00:00+00:00,1557.46
ETHUSDT,2022-09-04 00:00:00+00:00,1579.28
ETHUSDT,2022-09-05 00:00:00+00:00,1617.8
ETHUSDT,2022-09-06 00:00:00+00:00,1559.01
ETHUSDT,2022-09-07 00:00:00+00:00,1630.0
ETHUSDT,2022-09-08 00:00:00+00:00,1635.37
ETHUSDT,2022-09-09 00:00:00+00:00,1718.23
ETHUSDT,2022-09-10 00:00:00+00:00,1774.12
ETHUSDT,2022-09-11 00:00:00+00:00,1766.11
ETHUSDT,2022-09-12 00:00:00+00:00,1716.37
ETHUSDT,2022-09-13 00:00:00+00:00,1574.4
ETHUSDT,2022-09-14 00:00:00+00:00,1638.39
ETHUSDT,2022-09-15 00:00:00+00:00,1472.75
ETHUSDT,2022-09-16 00:00:00+00:00,1433.9
ETHUSDT,2022-09-17 00:00:00+00:00,1468.83
ETHUSDT,2022-09-18 00:00:00+00:00,1334.51
ETHUSDT,2022-09-19 00:00:00+00:00,1375.98
ETHUSDT,2022-09-20 00:00:00+00:00,1322.93
ETHUSDT,2022-09-21 00:00:00+00:00,1245.78
ETHUSDT,2022-09-22 00:00:00+00:00,1326.46
ETHUSDT,2022-09-23 00:00:00+00:00,1327.25
ETHUSDT,2022-09-24 00:00:00+00:00,1317.13
ETHUSDT,2022-09-25 00:00:00+00:00,1294.63
ETHUSDT,2022-09-26 00:00:00+00:00,1336.17
ETHUSDT,2022-09-27 00:00:00+00:00,1328.02
ETHUSDT,2022-09-28 00:00:00+00:00,1337.2
ETHUSDT,2022-09-29 00:00:00+00:00,1335.7
ETHUSDT,2022-09-30 00:00:00+00:00,1328.72
ETHUSDT,2022-10-01 00:00:00+00:00,1311.79
ETHUSDT,2022-10-02 00:00:00+00:00,1276.72
ETHUSDT,2022-10-03 00:00:00+00:00,1323.09
ETHUSDT,2022-10-04 00:00:00+00:00,1361.49
ETHUSDT,2022-10-05 00:00:00+00:00,1352.2
ETHUSDT,2022-10-06 00:00:00+00:00,1352.06
ETHUSDT,2022-10-07 00:00:00+00:00,1331.1
ETHUSDT,2022-10-08 00:00:00+00:00,1315.48
ETHUSDT,2022-10-09 00:00:00+00:00,1323.13
ETHUSDT,2022-10-10 00:00:00+00:00,1290.03
ETHUSDT,2022-10-11 00:00:00+00:00,1280.11
ETHUSDT,2022-10-12 00:00:00+00:00,1294.44
ETHUSDT,2022-10-13 00:00:00+00:00,1287.08
ETHUSDT,2022-10-14 00:00:00+00:00,1296.27
ETHUSDT,2022-10-15 00:00:00+00:00,1274.92
ETHUSDT,2022-10-16 00:00:00+00:00,1305.95
ETHUSDT,2022-10-17 00:00:00+00:00,1331.4
ETHUSDT,2022-10-18 00:00:00+00:00,1310.71
ETHUSDT,2022-10-19 00:00:00+00:00,1285.09
ETHUSDT,2022-10-20 00:00:00+00:00,1282.57
ETHUSDT,2022-10-21 00:00:00+00:00,1299.75
ETHUSDT,2022-10-22 00:00:00+00:00,1313.61
ETHUSDT,2022-10-23 00:00:00+00:00,1364.2
ETHUSDT,2022-10-24 00:00:00+00:00,1343.61
ETHUSDT,2022-10-25 00:00:00+00:00,1459.74
ETHUSDT,2022-10-26 00:00:00+00:00,1566.1
ETHUSDT,2022-10-27 00:00:00+00:00,1514.05
ETHUSDT,2022-10-28 00:00:00+00:00,1554.41
ETHUSDT,2022-10-29 00:00:00+00:00,1619.55
ETHUSDT,2022-10-30 00:00:00+00:00,1590.44
ETHUSDT,2022-10-31 00:00:00+00:00,1572.69
ETHUSDT,2022-11-01 00:00:00+00:00,1578.48
ETHUSDT,2022-11-02 00:00:00+00:00,1518.34
ETHUSDT,2022-11-03 00:00:00+00:00,1531.01
ETHUSDT,2022-11-04 00:00:00+00:00,1644.78
ETHUSDT,2022-11-05 00:00:00+00:00,1626.98
ETHUSDT,2022-11-06 00:00:00+00:00,1568.29
ETHUSDT,2022-11-07 00:00:00+00:00,1568.1
ETHUSDT,2022-11-08 00:00:00+00:00,1334.77
ETHUSDT,2022-11-09 00:00:00+00:00,1102.73
ETHUSDT,2022-11-10 00:00:00+00:00,1299.28
ETHUSDT,2022-11-11 00:00:00+00:00,1289.28
ETHUSDT,2022-11-12 00:00:00+00:00,1257.25
ETHUSDT,2022-11-13 00:00:00+00:00,1221.49
ETHUSDT,2022-11-14 00:00:00+00:00,1243.28
ETHUSDT,2022-11-15 00:00:00+00:00,1253.23
ETHUSDT,2022-11-16 00:00:00+00:00,1216.17
ETHUSDT,2022-11-17 00:00:00+00:00,1200.43
ETHUSDT,2022-11-18 00:00:00+00:00,1212.58
ETHUSDT,2022-11-19 00:00:00+00:00,1217.67
ETHUSDT,2022-11-20 00:00:00+00:00,1142.21
ETHUSDT,2022-11-21 00:00:00+00:00,1107.34
ETHUSDT,2022-11-22 00:00:00+00:00,1139.6
ETHUSDT,2022-11-23 00:00:00+00:00,1184.52
ETHUSDT,2022-11-24 00:00:00+00:00,1203.73
ETHUSDT,2022-11-25 00:00:00+00:00,1199.3
ETHUSDT,2022-11-26 00:00:00+00:00,1205.6
ETHUSDT,2022-11-27 00:00:00+00:00,1193.88
ETHUSDT,2022-11-28 00:00:00+00:00,1167.77
ETHUSDT,2022-11-29 00:00:00+00:00,1216.49
ETHUSDT,2022-11-30 00:00:00+00:00,1294.46
ETHUSDT,2022-12-01 00:00:00+00:00,1276.41
ETHUSDT,2022-12-02 00:00:00+00:00,1295.59
ETHUSDT,2022-12-03 00:00:00+00:00,1240.51
ETHUSDT,2022-12-04 00:00:00+00:00,1279.41
ETHUSDT,2022-12-05 00:00:00+00:00,1259.41
ETHUSDT,2022-12-06 00:00:00+00:00,1271.32
ETHUSDT,2022-12-07 00:00:00+00:00,1231.18
ETHUSDT,2022-12-08 00:00:00+00:00,1280.18
ETHUSDT,2022-12-09 00:00:00+00:00,1263.1
ETHUSDT,2022-12-10 00:00:00+00:00,1266.35
ETHUSDT,2022-12-11 00:00:00+00:00,1263.01
ETHUSDT,2022-12-12 00:00:00+00:00,1275.4
ETHUSDT,2022-12-13 00:00:00+00:00,1320.69
ETHUSDT,2022-12-14 00:00:00+00:00,1307.44
ETHUSDT,2022-12-15 00:00:00+00:00,1266.54
ETHUSDT,2022-12-16 00:00:00+00:00,1166.83
ETHUSDT,2022-12-17 00:00:00+00:00,1187.16
ETHUSDT,2022-12-18 00:00:00+00:00,1183.06
ETHUSDT,2022-12-19 00:00:00+00:00,1167.82
ETHUSDT,2022-12-20 00:00:00+00:00,1216.94
ETHUSDT,2022-12-21 00:00:00+00:00,1213.78
ETHUSDT,2022-12-22 00:00:00+00:00,1217.71
ETHUSDT,2022-12-23 00:00:00+00:00,1219.99
ETHUSDT,2022-12-24 00:00:00+00:00,1220.41
ETHUSDT,2022-12-25 00:00:00+00:00,1218.51
ETHUSDT,2022-12-26 00:00:00+00:00,1228.11
ETHUSDT,2022-12-27 00:00:00+00:00,1211.55
ETHUSDT,2022-12-28 00:00:00+00:00,1190.15
ETHUSDT,2022-12-29 00:00:00+00:00,1200.49
ETHUSDT,2022-12-30 00:00:00+00:00,1199.99
ETHUSDT,2022-12-31 00:00:00+00:00,1196.13
ETHUSDT,2023-01-01 00:00:00+00:00,1200.34
ETHUSDT,2023-01-02 00:00:00+00:00,1214.0
ETHUSDT,2023-01-03 00:00:00+00:00,1214.55
ETHUSDT,2023-01-04 00:00:00+00:00,1256.9
ETHUSDT,2023-01-05 00:00:00+00:00,1251.24
ETHUSDT,2023-01-06 00:00:00+00:00,1269.14
ETHUSDT,2023-01-07 00:00:00+00:00,1264.07
ETHUSDT,2023-01-08 00:00:00+00:00,1290.16
ETHUSDT,2023-01-09 00:00:00+00:00,1320.39
ETHUSDT,2023-01-10 00:00:00+00:00,1335.62
ETHUSDT,2023-01-11 00:00:00+00:00,1389.39
ETHUSDT,2023-01-12 00:00:00+00:00,1415.92
ETHUSDT,2023-01-13 00:00:00+00:00,1451.2
ETHUSDT,2023-01-14 00:00:00+00:00,1549.9
ETHUSDT,2023-01-15 00:00:00+00:00,1552.52
ETHUSDT,2023-01-16 00:00:00+00:00,1576.94
ETHUSDT,2023-01-17 00:00:00+00:00,1565.57
ETHUSDT,2023-01-18 00:00:00+00:00,1511.43
ETHUSDT,2023-01-19 00:00:00+00:00,1551.09
ETHUSDT,2023-01-20 00:00:00+00:00,1658.52
ETHUSDT,2023-01-21 00:00:00+00:00,1626.66
ETHUSDT,2023-01-22 00:00:00+00:00,1627.44
ETHUSDT,2023-01-23 00:00:00+00:00,1626.29
ETHUSDT,2023-01-24 00:00:00+00:00,1555.97
ETHUSDT,2023-01-25 00:00:00+00:00,1611.94
ETHUSDT,2023-01-26 00:00:00+00:00,1601.09
ETHUSDT,2023-01-27 00:00:00+00:00,1597.62
ETHUSDT,2023-01-28 00:00:00+00:00,1572.1
ETHUSDT,2023-01-29 00:00:00+00:00,1644.72
ETHUSDT,2023-01-30 00:00:00+00:00,1566.2
ETHUSDT,2023-01-31 00:00:00+00:00,1585.33
ETHUSDT,2023-02-01 00:00:00+00:00,1641.68
ETHUSDT,2023-02-02 00:00:00+00:00,1643.12
ETHUSDT,2023-02-03 00:00:00+00:00,1663.52
ETHUSDT,2023-02-04 00:00:00+00:00,1666.38
ETHUSDT,2023-02-05 00:00:00+00:00,1629.02
ETHUSDT,2023-02-06 00:00:00+00:00,1614.29
ETHUSDT,2023-02-07 00:00:00+00:00,1671.03
ETHUSDT,2023-02-08 00:00:00+00:00,1650.43
ETHUSDT,2023-02-09 00:00:00+00:00,1545.35
ETHUSDT,2023-02-10 00:00:00+00:00,1513.06
ETHUSDT,2023-02-11 00:00:00+00:00,1538.51
ETHUSDT,2023-02-12 00:00:00+00:00,1514.83
ETHUSDT,2023-02-13 00:00:00+00:00,1505.24
ETHUSDT,2023-02-14 00:00:00+00:00,1555.71
ETHUSDT,2023-02-15 00:00:00+00:00,1674.92
ETHUSDT,2023-02-16 00:00:00+00:00,1637.84
ETHUSDT,2023-02-17 00:00:00+00:00,1693.87
ETHUSDT,2023-02-18 00:00:00+00:00,1691.62
ETHUSDT,2023-02-19 00:00:00+00:00,1679.75
ETHUSDT,2023-02-20 00:00:00+00:00,1703.27
ETHUSDT,2023-02-21 00:00:00+00:00,1659.76
ETHUSDT,2023-02-22 00:00:00+00:00,1643.14
ETHUSDT,2023-02-23 00:00:00+00:00,1650.53
ETHUSDT,2023-02-24 00:00:00+00:00,1607.8
ETHUSDT,2023-02-25 00:00:00+00:00,1594.58
ETHUSDT,2023-02-26 00:00:00+00:00,1641.36
ETHUSDT,2023-02-27 00:00:00+00:00,1633.45
ETHUSDT,2023-02-28 00:00:00+00:00,1605.23
ETHUSDT,2023-03-01 00:00:00+00:00,1665.22
ETHUSDT,2023-03-02 00:00:00+00:00,1647.86
ETHUSDT,2023-03-03 00:00:00+00:00,1569.45
ETHUSDT,2023-03-04 00:00:00+00:00,1566.73
ETHUSDT,2023-03-05 00:00:00+00:00,1564.58
ETHUSDT,2023-03-06 00:00:00+00:00,1565.84
ETHUSDT,2023-03-07 00:00:00+00:00,1561.96
ETHUSDT,2023-03-08 00:00:00+00:00,1532.38
ETHUSDT,2023-03-09 00:00:00+00:00,1437.32
ETHUSDT,2023-03-10 00:00:00+00:00,1426.44
ETHUSDT,2023-03-11 00:00:00+00:00,1471.97
ETHUSDT,2023-03-12 00:00:00+00:00,1580.33
ETHUSDT,2023-03-13 00:00:00+00:00,1673.45
ETHUSDT,2023-03-14 00:00:00+00:00,1699.4
ETHUSDT,2023-03-15 00:00:00+00:00,1649.96
ETHUSDT,2023-03-16 00:00:00+00:00,1673.73
ETHUSDT,2023-03-17 00:00:00+00:00,1789.27
ETHUSDT,2023-03-18 00:00:00+00:00,1758.84
ETHUSDT,2023-03-19 00:00:00+00:00,1780.68
ETHUSDT,2023-03-20 00:00:00+00:00,1732.78
ETHUSDT,2023-03-21 00:00:00+00:00,1801.23
ETHUSDT,2023-03-22 00:00:00+00:00,1734.33
ETHUSDT,2023-03-23 00:00:00+00:00,1813.79
ETHUSDT,2023-03-24 00:00:00+00:00,
ETHUSDT,2023-03-25 00:00:00+00:00,1741.88
ETHUSDT,2023-03-26 00:00:00+00:00,1773.88
ETHUSDT,2023-03-27 00:00:00+00:00,1715.22
ETHUSDT,2023-03-28 00:00:00+00:00,1772.99
ETHUSDT,2023-03-29 00:00:00+00:00,1793.07
ETHUSDT,2023-03-30 00:00:00+00:00,1793.61
ETHUSDT,2023-03-31 00:00:00+00:00,1821.52
ETHUSDT,2023-04-01 00:00:00+00:00,1820.79
ETHUSDT,2023-04-02 00:00:00+00:00,1794.51
ETHUSDT,2023-04-03 00:00:00+00:00,1810.51
ETHUSDT,2023-04-04 00:00:00+00:00,1870.37
ETHUSDT,2023-04-05 00:00:00+00:00,1908.69
ETHUSDT,2023-04-06 00:00:00+00:00,1872.41
ETHUSDT,2023-04-07 00:00:00+00:00,1863.72
ETHUSDT,2023-04-08 00:00:00+00:00,1848.82
ETHUSDT,2023-04-09 00:00:00+00:00,1858.92
ETHUSDT,2023-04-10 00:00:00+00:00,1910.2
ETHUSDT,2023-04-11 00:00:00+00:00,1889.86
ETHUSDT,2023-04-12 00:00:00+00:00,1917.39
ETHUSDT,2023-04-13 00:00:00+00:00,2012.01
ETHUSDT,2023-04-14 00:00:00+00:00,2099.99
ETHUSDT,2023-04-15 00:00:00+00:00,2090.6
ETHUSDT,2023-04-16 00:00:00+00:00,2118.67
ETHUSDT,2023-04-17 00:00:00+00:00,2074.0
ETHUSDT,2023-04-18 00:00:00+00:00,2103.5
ETHUSDT,2023-04-19 00:00:00+00:00,1933.73
ETHUSDT,2023-04-20 00:00:00+00:00,1942.98
ETHUSDT,2023-04-21 00:00:00+00:00,1848.78
ETHUSDT,2023-04-22 00:00:00+00:00,1874.16
ETHUSDT,2023-04-23 00:00:00+00:00,1862.0
ETHUSDT,2023-04-24 00:00:00+00:00,1841.84
ETHUSDT,2023-04-25 00:00:00+00:00,1866.1
ETHUSDT,2023-04-26 00:00:00+00:00,1866.01
ETHUSDT,2023-04-27 00:00:00+00:00,1908.68
ETHUSDT,2023-04-28 00:00:00+00:00,1890.94
ETHUSDT,2023-04-29 00:00:00+00:00,1907.8
ETHUSDT,2023-04-30 00:00:00+00:00,1870.09
ETHUSDT,2023-05-01 00:00:00+00:00,1830.73
ETHUSDT,2023-05-02 00:00:00+00:00,1870.08
ETHUSDT,2023-05-03 00:00:00+00:00,1905.12
ETHUSDT,2023-05-04 00:00:00+00:00,1877.07
ETHUSDT,2023-05-05 00:00:00+00:00,1993.3
ETHUSDT,2023-05-06 00:00:00+00:00,1896.33
ETHUSDT,2023-05-07 00:00:00+00:00,1870.4
ETHUSDT,2023-05-08 00:00:00+00:00,1847.56
ETHUSDT,2023-05-09 00:00:00+00:00,1846.52
ETHUSDT,2023-05-10 00:00:00+00:00,1840.84
ETHUSDT,2023-05-11 00:00:00+00:00,1794.3
ETHUSDT,2023-05-12 00:00:00+00:00,1807.45
ETHUSDT,2023-05-13 00:00:00+00:00,1795.11
ETHUSDT,2023-05-14 00:00:00+00:00,1799.21
ETHUSDT,2023-05-15 00:00:00+00:00,1816.2
ETHUSDT,2023-05-16 00:00:00+00:00,1824.21
ETHUSDT,2023-05-17 00:00:00+00:00,1822.12
ETHUSDT,2023-05-18 00:00:00+00:00,1800.56
ETHUSDT,2023-05-19 00:00:00+00:00,1812.32
ETHUSDT,2023-05-20 00:00:00+00:00,1819.42
ETHUSDT,2023-05-21 00:00:00+00:00,1804.91
ETHUSDT,2023-05-22 00:00:00+00:00,1817.35
ETHUSDT,2023-05-23 00:00:00+00:00,1854.05
ETHUSDT,2023-05-24 00:00:00+00:00,1799.89
ETHUSDT,2023-05-25 00:00:00+00:00,1805.6
ETHUSDT,2023-05-26 00:00:00+00:00,1827.79
ETHUSDT,2023-05-27 00:00:00+00:00,1829.89
ETHUSDT,2023-05-28 00:00:00+00:00,1908.64
ETHUSDT,2023-05-29 00:00:00+00:00,1892.6
ETHUSDT,2023-05-30 00:00:00+00:00,1900.59
ETHUSDT,2023-05-31 00:00:00+00:00,1873.63
ETHUSDT,2023-06-01 00:00:00+00:00,1861.78
ETHUSDT,2023-06-02 00:00:00+00:00,1906.68
ETHUSDT,2023-06-03 00:00:00+00:00,1892.06
ETHUSDT,2023-06-04 00:00:00+00:00,1890.01
ETHUSDT,2023-06-05 00:00:00+00:00,1810.5
ETHUSDT,2023-06-06 00:00:00+00:00,1884.64
ETHUSDT,2023-06-07 00:00:00+00:00,1832.13
ETHUSDT,2023-06-08 00:00:00+00:00,1845.64
ETHUSDT,2023-06-09 00:00:00+00:00,1840.37
ETHUSDT,2023-06-10 00:00:00+00:00,1751.53
ETHUSDT,2023-06-11 00:00:00+00:00,1752.76
ETHUSDT,2023-06-12 00:00:00+00:00,1742.57
ETHUSDT,2023-06-13 00:00:00+00:00,1740.12
ETHUSDT,2023-06-14 00:00:00+00:00,1650.95
ETHUSDT,2023-06-15 00:00:00+00:00,1666.96
ETHUSDT,2023-06-16 00:00:00+00:00,1717.92
ETHUSDT,2023-06-17 00:00:00+00:00,1727.76
ETHUSDT,2023-06-18 00:00:00+00:00,1720.95
ETHUSDT,2023-06-19 00:00:00+00:00,1737.11
ETHUSDT,2023-06-20 00:00:00+00:00,1791.99
ETHUSDT,2023-06-21 00:00:00+00:00,1889.11
ETHUSDT,2023-06-22 00:00:00+00:00,1872.01
ETHUSDT,2023-06-23 00:00:00+00:00,1892.63
ETHUSDT,2023-06-24 00:00:00+00:00,1874.96
ETHUSDT,2023-06-25 00:00:00+00:00,1898.8
ETHUSDT,2023-06-26 00:00:00+00:00,1858.97
ETHUSDT,2023-06-27 00:00:00+00:00,1889.58
ETHUSDT,2023-06-28 00:00:00+00:00,1828.02
ETHUSDT,2023-06-29 00:00:00+00:00,1851.99
ETHUSDT,2023-06-30 00:00:00+00:00,1933.79
ETHUSDT,2023-07-01 00:00:00+00:00,1924.5
ETHUSDT,2023-07-02 00:00:00+00:00,1937.48
ETHUSDT,2023-07-03 00:00:00+00:00,1955.54
ETHUSDT,2023-07-04 00:00:00+00:00,1936.2
ETHUSDT,2023-07-05 00:00:00+00:00,1910.36
ETHUSDT,2023-07-06 00:00:00+00:00,1846.17
ETHUSDT,2023-07-07 00:00:00+00:00,1870.91
ETHUSDT,2023-07-08 00:00:00+00:00,1865.24
ETHUSDT,2023-07-09 00:00:00+00:00,1862.8
ETHUSDT,2023-07-10 00:00:00+00:00,1880.4
ETHUSDT,2023-07-11 00:00:00+00:00,1878.3
ETHUSDT,2023-07-12 00:00:00+00:00,1871.82
ETHUSDT,2023-07-13 00:00:00+00:00,2004.49
ETHUSDT,2023-07-14 00:00:00+00:00,1937.83
ETHUSDT,2023-07-15 00:00:00+00:00,1931.41
ETHUSDT,2023-07-16 00:00:00+00:00,1922.11
ETHUSDT,2023-07-17 00:00:00+00:00,1911.2
ETHUSDT,2023-07-18 00:00:00+00:00,1897.21
ETHUSDT,2023-07-19 00:00:00+00:00,1888.63
ETHUSDT,2023-07-20 00:00:00+00:00,1891.59
ETHUSDT,2023-07-21 00:00:00+00:00,1891.73
ETHUSDT,2023-07-22 00:00:00+00:00,1866.52
ETHUSDT,2023-07-23 00:00:00+00:00,1888.73
ETHUSDT,2023-07-24 00:00:00+00:00,1850.0
ETHUSDT,2023-07-25 00:00:00+00:00,1857.66
ETHUSDT,2023-07-26 00:00:00+00:00,1872.0
ETHUSDT,2023-07-27 00:00:00+00:00,1861.28
ETHUSDT,2023-07-28 00:00:00+00:00,1874.19
ETHUSDT,2023-07-29 00:00:00+00:00,1880.46
ETHUSDT,2023-07-30 00:00:00+00:00,1861.79
ETHUSDT,2023-07-31 00:00:00+00:00,1856.14
ETHUSDT,2023-08-01 00:00:00+00:00,1873.47
ETHUSDT,2023-08-02 00:00:00+00:00,1839.9
ETHUSDT,2023-08-03 00:00:00+00:00,1835.81
ETHUSDT,2023-08-04 00:00:00+00:00,1830.23
ETHUSDT,2023-08-05 00:00:00+00:00,1836.48
ETHUSDT,2023-08-06 00:00:00+00:00,1830.28
ETHUSDT,2023-08-07 00:00:00+00:00,1829.1
ETHUSDT,2023-08-08 00:00:00+00:00,1856.3
ETHUSDT,2023-08-09 00:00:00+00:00,1855.35
ETHUSDT,2023-08-10 00:00:00+00:00,1852.47
ETHUSDT,2023-08-11 00:00:00+00:00,1848.84
ETHUSDT,2023-08-12 00:00:00+00:00,1849.93
ETHUSDT,2023-08-13 00:00:00+00:00,1840.73
ETHUSDT,2023-08-14 00:00:00+00:00,1845.5
ETHUSDT,2023-08-15 00:00:00+00:00,1828.98
ETHUSDT,2023-08-16 00:00:00+00:00,1807.81
ETHUSDT,2023-08-17 00:00:00+00:00,1681.49
ETHUSDT,2023-08-18 00:00:00+00:00,1661.59
ETHUSDT,2023-08-19 00:00:00+00:00,1669.67
ETHUSDT,2023-08-20 00:00:00+00:00,1685.24
ETHUSDT,2023-08-21 00:00:00+00:00,1667.55
ETHUSDT,2023-08-22 00:00:00+00:00,1634.99
ETHUSDT,2023-08-23 00:00:00+00:00,1679.61
ETHUSDT,2023-08-24 00:00:00+00:00,1661.16
ETHUSDT,2023-08-25 00:00:00+00:00,1653.8
ETHUSDT,2023-08-26 00:00:00+00:00,1647.04
ETHUSDT,2023-08-27 00:00:00+00:00,1658.33
ETHUSDT,2023-08-28 00:00:00+00:00,1653.08
ETHUSDT,2023-08-29 00:00:00+00:00,1729.42
ETHUSDT,2023-08-30 00:00:00+00:00,1705.23
ETHUSDT,2023-08-31 00:00:00+00:00,1645.76
ETHUSDT,2023-09-01 00:00:00+00:00,1629.12
ETHUSDT,2023-09-02 00:00:00+00:00,1637.03
ETHUSDT,2023-09-03 00:00:00+00:00,1635.84
ETHUSDT,2023-09-04 00:00:00+00:00,1630.51
ETHUSDT,2023-09-05 00:00:00+00:00,1634.45
ETHUSDT,2023-09-06 00:00:00+00:00,1633.15
ETHUSDT,2023-09-07 00:00:00+00:00,1648.11
ETHUSDT,2023-09-08 00:00:00+00:00,1636.44
ETHUSDT,2023-09-09 00:00:00+00:00,1635.54
ETHUSDT,2023-09-10 00:00:00+00:00,1617.42
ETHUSDT,2023-09-11 00:00:00+00:00,1551.85
ETHUSDT,2023-09-12 00:00:00+00:00,1592.97
ETHUSDT,2023-09-13 00:00:00+00:00,1607.62
ETHUSDT,2023-09-14 00:00:00+00:00,1626.47
ETHUSDT,2023-09-15 00:00:00+00:00,1641.29
ETHUSDT,2023-09-16 00:00:00+00:00,1634.4
ETHUSDT,2023-09-17 00:00:00+00:00,1622.48
ETHUSDT,2023-09-18 00:00:00+00:00,1636.66
ETHUSDT,2023-09-19 00:00:00+00:00,1643.12
ETHUSDT,2023-09-20 00:00:00+00:00,1622.26
ETHUSDT,2023-09-21 00:00:00+00:00,1583.94
ETHUSDT,2023-09-22 00:00:00+00:00,1593.08
ETHUSDT,2023-09-23 00:00:00+00:00,1593.86
ETHUSDT,2023-09-24 00:00:00+00:00,1580.71
ETHUSDT,2023-09-25 00:00:00+00:00,1588.33
ETHUSDT,2023-09-26 00:00:00+00:00,1594.01
ETHUSDT,2023-09-27 00:00:00+00:00,1598.64
ETHUSDT,2023-09-28 00:00:00+00:00,1652.99
ETHUSDT,2023-09-29 00:00:00+00:00,1667.45
ETHUSDT,2023-09-30 00:00:00+00:00,1670.89
ETHUSDT,2023-10-01 00:00:00+00:00,1733.79
ETHUSDT,2023-10-02 00:00:00+00:00,1662.4
ETHUSDT,2023-10-03 00:00:00+00:00,1656.88
ETHUSDT,2023-10-04 00:00:00+00:00,1646.58
ETHUSDT,2023-10-05 00:00:00+00:00,1611.79
ETHUSDT,2023-10-06 00:00:00+00:00,1645.03
ETHUSDT,2023-10-07 00:00:00+00:00,1633.57
ETHUSDT,2023-10-08 00:00:00+00:00,1632.84
ETHUSDT,2023-10-09 00:00:00+00:00,1580.13
ETHUSDT,2023-10-10 00:00:00+00:00,1567.63
ETHUSDT,2023-10-11 00:00:00+00:00,1566.87
ETHUSDT,2023-10-12 00:00:00+00:00,1539.61
ETHUSDT,2023-10-13 00:00:00+00:00,1552.16
ETHUSDT,2023-10-14 00:00:00+00:00,1554.94
ETHUSDT,2023-10-15 00:00:00+00:00,1557.77
ETHUSDT,2023-10-16 00:00:00+00:00,1599.42
ETHUSDT,2023-10-17 00:00:00+00:00,1565.01
ETHUSDT,2023-10-18 00:00:00+00:00,1563.44
ETHUSDT,2023-10-19 00:00:00+00:00,1566.57
ETHUSDT,2023-10-20 00:00:00+00:00,1603.89
ETHUSDT,2023-10-21 00:00:00+00:00,1628.94
ETHUSDT,2023-10-22 00:00:00+00:00,1663.7
ETHUSDT,2023-10-23 00:00:00+00:00,1765.46
ETHUSDT,2023-10-24 00:00:00+00:00,1784.98
ETHUSDT,2023-10-25 00:00:00+00:00,1787.15
ETHUSDT,2023-10-26 00:00:00+00:00,1803.38
ETHUSDT,2023-10-27 00:00:00+00:00,1779.4
ETHUSDT,2023-10-28 00:00:00+00:00,1776.2
ETHUSDT,2023-10-29 00:00:00+00:00,1795.14
ETHUSDT,2023-10-30 00:00:00+00:00,1809.04
ETHUSDT,2023-10-31 00:00:00+00:00,1814.67
ETHUSDT,2023-11-01 00:00:00+00:00,1846.99
ETHUSDT,2023-11-02 00:00:00+00:00,1800.8
ETHUSDT,2023-11-03 00:00:00+00:00,1832.71
ETHUSDT,2023-11-04 00:00:00+00:00,1855.54
ETHUSDT,2023-11-05 00:00:00+00:00,1891.71
ETHUSDT,2023-11-06 00:00:00+00:00,1900.95
ETHUSDT,2023-11-07 00:00:00+00:00,1885.27
ETHUSDT,2023-11-08 00:00:00+00:00,1888.12
ETHUSDT,2023-11-09 00:00:00+00:00,2121.32
ETHUSDT,2023-11-10 00:00:00+00:00,2077.72
ETHUSDT,2023-11-11 00:00:00+00:00,2053.17
ETHUSDT,2023-11-12 00:00:00+00:00,2044.68
ETHUSDT,2023-11-13 00:00:00+00:00,2053.65
ETHUSDT,2023-11-14 00:00:00+00:00,1979.39
ETHUSDT,2023-11-15 00:00:00+00:00,2058.48
ETHUSDT,2023-11-16 00:00:00+00:00,1961.77
ETHUSDT,2023-11-17 00:00:00+00:00,1960.82
ETHUSDT,2023-11-18 00:00:00+00:00,1962.6
ETHUSDT,2023-11-19 00:00:00+00:00,2011.47
ETHUSDT,2023-11-20 00:00:00+00:00,2021.4
ETHUSDT,2023-11-21 00:00:00+00:00,1933.01
ETHUSDT,2023-11-22 00:00:00+00:00,2063.21
ETHUSDT,2023-11-23 00:00:00+00:00,2062.2
ETHUSDT,2023-11-24 00:00:00+00:00,2080.84
ETHUSDT,2023-11-25 00:00:00+00:00,2083.09
ETHUSDT,2023-11-26 00:00:00+00:00,2062.33
ETHUSDT,2023-11-27 00:00:00+00:00,2027.5
ETHUSDT,2023-11-28 00:00:00+00:00,2048.14
ETHUSDT,2023-11-29 00:00:00+00:00,2028.81
ETHUSDT,2023-11-30 00:00:00+00:00,2051.96
ETHUSDT,2023-12-01 00:00:00+00:00,2087.24
ETHUSDT,2023-12-02 00:00:00+00:00,2164.74
ETHUSDT,2023-12-03 00:00:00+00:00,2192.95
ETHUSDT,2023-12-04 00:00:00+00:00,2243.37
ETHUSDT,2023-12-05 00:00:00+00:00,2293.33
ETHUSDT,2023-12-06 00:00:00+00:00,2232.7
ETHUSDT,2023-12-07 00:00:00+00:00,2355.73
ETHUSDT,2023-12-08 00:00:00+00:00,2358.72
ETHUSDT,2023-12-09 00:00:00+00:00,2340.49
ETHUSDT,2023-12-10 00:00:00+00:00,2352.39
ETHUSDT,2023-12-11 00:00:00+00:00,2225.12
ETHUSDT,2023-12-12 00:00:00+00:00,2203.46
ETHUSDT,2023-12-13 00:00:00+00:00,2260.16
ETHUSDT,2023-12-14 00:00:00+00:00,2315.32
ETHUSDT,2023-12-15 00:00:00+00:00,2220.5
ETHUSDT,2023-12-16 00:00:00+00:00,2228.96
ETHUSDT,2023-12-17 00:00:00+00:00,2196.52
ETHUSDT,2023-12-18 00:00:00+00:00,2219.43
ETHUSDT,2023-12-19 00:00:00+00:00,2177.91
ETHUSDT,2023-12-20 00:00:00+00:00,2202.17
ETHUSDT,2023-12-21 00:00:00+00:00,2239.61
ETHUSDT,2023-12-22 00:00:00+00:00,2324.54
ETHUSDT,2023-12-23 00:00:00+00:00,2308.2
ETHUSDT,2023-12-24 00:00:00+00:00,2264.05
ETHUSDT,2023-12-25 00:00:00+00:00,2271.35
ETHUSDT,2023-12-26 00:00:00+00:00,2230.88
ETHUSDT,2023-12-27 00:00:00+00:00,2378.35
ETHUSDT,2023-12-28 00:00:00+00:00,2344.15
ETHUSDT,2023-12-29 00:00:00+00:00,2299.2
ETHUSDT,2023-12-30 00:00:00+00:00,2291.68
ETHUSDT,2023-12-31 00:00:00+00:00,2281.87
ETHUSDT,2024-01-01 00:00:00+00:00,2352.04
ETHUSDT,2024-01-02 00:00:00+00:00,2355.34
ETHUSDT,2024-01-03 00:00:00+00:00,2209.72
ETHUSDT,2024-01-04 00:00:00+00:00,2267.11
ETHUSDT,2024-01-05 00:00:00+00:00,2268.78
ETHUSDT,2024-01-06 00:00:00+00:00,2240.78
ETHUSDT,2024-01-07 00:00:00+00:00,2221.42
ETHUSDT,2024-01-08 00:00:00+00:00,2330.44
ETHUSDT,2024-01-09 00:00:00+00:00,2344.29
ETHUSDT,2024-01-10 00:00:00+00:00,2584.38
ETHUSDT,2024-01-11 00:00:00+00:00,2618.01
ETHUSDT,2024-01-12 00:00:00+00:00,2522.54
ETHUSDT,2024-01-13 00:00:00+00:00,2578.19
ETHUSDT,2024-01-14 00:00:00+00:00,2472.87
ETHUSDT,2024-01-15 00:00:00+00:00,2511.78
ETHUSDT,2024-01-16 00:00:00+00:00,2587.4
ETHUSDT,2024-01-17 00:00:00+00:00,2530.19
ETHUSDT,2024-01-18 00:00:00+00:00,2470.81
ETHUSDT,2024-01-19 00:00:00+00:00,2492.0
ETHUSDT,2024-01-20 00:00:00+00:00,2472.01
ETHUSDT,2024-01-21 00:00:00+00:00,2457.05
ETHUSDT,2024-01-22 00:00:00+00:00,2314.2
ETHUSDT,2024-01-23 00:00:00+00:00,2242.6
ETHUSDT,2024-01-24 00:00:00+00:00,2235.02
ETHUSDT,2024-01-25 00:00:00+00:00,2218.64
ETHUSDT,2024-01-26 00:00:00+00:00,2267.68
ETHUSDT,2024-01-27 00:00:00+00:00,2267.94
ETHUSDT,2024-01-28 00:00:00+00:00,2256.9
ETHUSDT,2024-01-29 00:00:00+00:00,2317.6
ETHUSDT,2024-01-30 00:00:00+00:00,2343.01
ETHUSDT,2024-01-31 00:00:00+00:00,2283.14
ETHUSDT,2024-02-01 00:00:00+00:00,2304.28
ETHUSDT,2024-02-02 00:00:00+00:00,2309.06
ETHUSDT,2024-02-03 00:00:00+00:00,2296.49
ETHUSDT,2024-02-04 00:00:00+00:00,2289.79
ETHUSDT,2024-02-05 00:00:00+00:00,2301.83
ETHUSDT,2024-02-06 00:00:00+00:00,2372.64
ETHUSDT,2024-02-07 00:00:00+00:00,2425.1
ETHUSDT,2024-02-08 00:00:00+00:00,2419.55
ETHUSDT,2024-02-09 00:00:00+00:00,2486.56
ETHUSDT,2024-02-10 00:00:00+00:00,2500.24
ETHUSDT,2024-02-11 00:00:00+00:00,2507.21
ETHUSDT,2024-02-12 00:00:00+00:00,2659.99
ETHUSDT,2024-02-13 00:00:00+00:00,2639.99
ETHUSDT,2024-02-14 00:00:00+00:00,2774.81
ETHUSDT,2024-02-15 00:00:00+00:00,2822.59
ETHUSDT,2024-02-16 00:00:00+00:00,2801.8
ETHUSDT,2024-02-17 00:00:00+00:00,2785.93
ETHUSDT,2024-02-18 00:00:00+00:00,2881.2
ETHUSDT,2024-02-19 00:00:00+00:00,2944.8
ETHUSDT,2024-02-20 00:00:00+00:00,3014.81
ETHUSDT,2024-02-21 00:00:00+00:00,2967.9
ETHUSDT,2024-02-22 00:00:00+00:00,2971.4
ETHUSDT,2024-02-23 00:00:00+00:00,2922.24
ETHUSDT,2024-02-24 00:00:00+00:00,2992.62
ETHUSDT,2024-02-25 00:00:00+00:00,3112.59
ETHUSDT,2024-02-26 00:00:00+00:00,3175.94
ETHUSDT,2024-02-27 00:00:00+00:00,3242.36
ETHUSDT,2024-02-28 00:00:00+00:00,3383.1
ETHUSDT,2024-02-29 00:00:00+00:00,3340.09
ETHUSDT,2024-03-01 00:00:00+00:00,3433.43
ETHUSDT,2024-03-02 00:00:00+00:00,3421.4
ETHUSDT,2024-03-03 00:00:00+00:00,3487.81
ETHUSDT,2024-03-04 00:00:00+00:00,3627.76
ETHUSDT,2024-03-05 00:00:00+00:00,3553.65
ETHUSDT,2024-03-06 00:00:00+00:00,3818.59
ETHUSDT,2024-03-07 00:00:00+00:00,3868.76
ETHUSDT,2024-03-08 00:00:00+00:00,3883.36
ETHUSDT,2024-03-09 00:00:00+00:00,3905.21
ETHUSDT,2024-03-10 00:00:00+00:00,3878.47
ETHUSDT,2024-03-11 00:00:00+00:00,4064.8
ETHUSDT,2024-03-12 00:00:00+00:00,3979.96
ETHUSDT,2024-03-13 00:00:00+00:00,4004.79
ETHUSDT,2024-03-14 00:00:00+00:00,3881.7
ETHUSDT,2024-03-15 00:00:00+00:00,3742.19
ETHUSDT,2024-03-16 00:00:00+00:00,3523.09
ETHUSDT,2024-03-17 00:00:00+00:00,3644.71
ETHUSDT,2024-03-18 00:00:00+00:00,3520.46
ETHUSDT,2024-03-19 00:00:00+00:00,3158.64
ETHUSDT,2024-03-20 00:00:00+00:00,3516.53
ETHUSDT,2024-03-21 00:00:00+00:00,3492.85
ETHUSDT,2024-03-22 00:00:00+00:00,3336.35
ETHUSDT,2024-03-23 00:00:00+00:00,3329.53
ETHUSDT,2024-03-24 00:00:00+00:00,3454.98
ETHUSDT,2024-03-25 00:00:00+00:00,3590.42
ETHUSDT,2024-03-26 00:00:00+00:00,3587.33
ETHUSDT,2024-03-27 00:00:00+00:00,3501.19
ETHUSDT,2024-03-28 00:00:00+00:00,3560.49
ETHUSDT,2024-03-29 00:00:00+00:00,3509.74
ETHUSDT,2024-03-30 00:00:00+00:00,3505.64
ETHUSDT,2024-03-31 00:00:00+00:00,3645.29
ETHUSDT,2024-04-01 00:00:00+00:00,3503.8
ETHUSDT,2024-04-02 00:00:00+00:00,3278.96
ETHUSDT,2024-04-03 00:00:00+00:00,3310.83
ETHUSDT,2024-04-04 00:00:00+00:00,3327.4
ETHUSDT,2024-04-05 00:00:00+00:00,3317.85
ETHUSDT,2024-04-06 00:00:00+00:00,3351.59
ETHUSDT,2024-04-07 00:00:00+00:00,3454.2
ETHUSDT,2024-04-08 00:00:00+00:00,3694.61
ETHUSDT,2024-04-09 00:00:00+00:00,3506.39
ETHUSDT,2024-04-10 00:00:00+00:00,3545.64
ETHUSDT,2024-04-11 00:00:00+00:00,3502.52
ETHUSDT,2024-04-12 00:00:00+00:00,3237.43
ETHUSDT,2024-04-13 00:00:00+00:00,3007.01
ETHUSDT,2024-04-14 00:00:00+00:00,3155.11
ETHUSDT,2024-04-15 00:00:00+00:00,3101.99
ETHUSDT,2024-04-16 00:00:00+00:00,3084.22
ETHUSDT,2024-04-17 00:00:00+00:00,2985.41
ETHUSDT,2024-04-18 00:00:00+00:00,3064.4
ETHUSDT,2024-04-19 00:00:00+00:00,3056.46
ETHUSDT,2024-04-20 00:00:00+00:00,3155.79
ETHUSDT,2024-04-21 00:00:00+00:00,3147.67
ETHUSDT,2024-04-22 00:00:00+00:00,3200.2
ETHUSDT,2024-04-23 00:00:00+00:00,3219.46
ETHUSDT,2024-04-24 00:00:00+00:00,3140.8
ETHUSDT,2024-04-25 00:00:00+00:00,3155.8
ETHUSDT,2024-04-26 00:00:00+00:00,3131.3
ETHUSDT,2024-04-27 00:00:00+00:00,3255.56
ETHUSDT,2024-04-28 00:00:00+00:00,3263.45
ETHUSDT,2024-04-29 00:00:00+00:00,3216.73
ETHUSDT,2024-04-30 00:00:00+00:00,3014.05
ETHUSDT,2024-05-01 00:00:00+00:00,2972.46
ETHUSDT,2024-05-02 00:00:00+00:00,2986.19
ETHUSDT,2024-05-03 00:00:00+00:00,3102.61
ETHUSDT,2024-05-04 00:00:00+00:00,3117.23
ETHUSDT,2024-05-05 00:00:00+00:00,3136.41
ETHUSDT,2024-05-06 00:00:00+00:00,3062.6
ETHUSDT,2024-05-07 00:00:00+00:00,3005.69
ETHUSDT,2024-05-08 00:00:00+00:00,2974.21
ETHUSDT,2024-05-09 00:00:00+00:00,3036.23
ETHUSDT,2024-05-10 00:00:00+00:00,2909.99
ETHUSDT,2024-05-11 00:00:00+00:00,2912.45
ETHUSDT,2024-05-12 00:00:00+00:00,2929.29
ETHUSDT,2024-05-13 00:00:00+00:00,2950.99
ETHUSDT,2024-05-14 00:00:00+00:00,2881.93
ETHUSDT,2024-05-15 00:00:00+00:00,3032.55
ETHUSDT,2024-05-16 00:00:00+00:00,2944.7
ETHUSDT,2024-05-17 00:00:00+00:00,3092.01
ETHUSDT,2024-05-18 00:00:00+00:00,3122.94
ETHUSDT,2024-05-19 00:00:00+00:00,3071.19
ETHUSDT,2024-05-20 00:00:00+00:00,3661.78
ETHUSDT,2024-05-21 00:00:00+00:00,3789.6
ETHUSDT,2024-05-22 00:00:00+00:00,3737.73
ETHUSDT,2024-05-23 00:00:00+00:00,3783.61
ETHUSDT,2024-05-24 00:00:00+00:00,3728.28
ETHUSDT,2024-05-25 00:00:00+00:00,3749.26
ETHUSDT,2024-05-26 00:00:00+00:00,3826.47
ETHUSDT,2024-05-27 00:00:00+00:00,3894.22
ETHUSDT,2024-05-28 00:00:00+00:00,3844.69
ETHUSDT,2024-05-29 00:00:00+00:00,3767.43
ETHUSDT,2024-05-30 00:00:00+00:00,3747.91
ETHUSDT,2024-05-31 00:00:00+00:00,3762.29
ETHUSDT,2024-06-01 00:00:00+00:00,3815.82
ETHUSDT,2024-06-02 00:00:00+00:00,3780.91
ETHUSDT,2024-06-03 00:00:00+00:00,3767.06
ETHUSDT,2024-06-04 00:00:00+00:00,3810.23
ETHUSDT,2024-06-05 00:00:00+00:00,3865.99
ETHUSDT,2024-06-06 00:00:00+00:00,3813.46
ETHUSDT,2024-06-07 00:00:00+00:00,3678.32
ETHUSDT,2024-06-08 00:00:00+00:00,3681.57
ETHUSDT,2024-06-09 00:00:00+00:00,3706.4
ETHUSDT,2024-06-10 00:00:00+00:00,3667.85
ETHUSDT,2024-06-11 00:00:00+00:00,3497.33
ETHUSDT,2024-06-12 00:00:00+00:00,3560.12
ETHUSDT,2024-06-13 00:00:00+00:00,3469.4
ETHUSDT,2024-06-14 00:00:00+00:00,3481.8
ETHUSDT,2024-06-15 00:00:00+00:00,3568.74
ETHUSDT,2024-06-16 00:00:00+00:00,3624.41
ETHUSDT,2024-06-17 00:00:00+00:00,3511.46
ETHUSDT,2024-06-18 00:00:00+00:00,3483.42
ETHUSDT,2024-06-19 00:00:00+00:00,3560.51
ETHUSDT,2024-06-20 00:00:00+00:00,3513.08
ETHUSDT,2024-06-21 00:00:00+00:00,3518.5
ETHUSDT,2024-06-22 00:00:00+00:00,3495.75
ETHUSDT,2024-06-23 00:00:00+00:00,3420.91
ETHUSDT,2024-06-24 00:00:00+00:00,3352.73
ETHUSDT,2024-06-25 00:00:00+00:00,3394.91
ETHUSDT,2024-06-26 00:00:00+00:00,3371.44
ETHUSDT,2024-06-27 00:00:00+00:00,3450.44
ETHUSDT,2024-06-28 00:00:00+00:00,3380.15
ETHUSDT,2024-06-29 00:00:00+00:00,3378.8
ETHUSDT,2024-06-30 00:00:00+00:00,3438.16
ETHUSDT,2024-07-01 00:00:00+00:00,3442.2
ETHUSDT,2024-07-02 00:00:00+00:00,3421.35
ETHUSDT,2024-07-03 00:00:00+00:00,3295.48
ETHUSDT,2024-07-04 00:00:00+00:00,3059.7
ETHUSDT,2024-07-05 00:00:00+00:00,2981.78
ETHUSDT,2024-07-06 00:00:00+00:00,3066.83
ETHUSDT,2024-07-07 00:00:00+00:00,2931.0
ETHUSDT,2024-07-08 00:00:00+00:00,3019.01
ETHUSDT,2024-07-09 00:00:00+00:00,3066.65
ETHUSDT,2024-07-10 00:00:00+00:00,3101.05
ETHUSDT,2024-07-11 00:00:00+00:00,3099.57
ETHUSDT,2024-07-12 00:00:00+00:00,3133.88
ETHUSDT,2024-07-13 00:00:00+00:00,3175.93
ETHUSDT,2024-07-14 00:00:00+00:00,3245.08
ETHUSDT,2024-07-15 00:00:00+00:00,3483.39
ETHUSDT,2024-07-16 00:00:00+00:00,3444.13
ETHUSDT,2024-07-17 00:00:00+00:00,3387.05
ETHUSDT,2024-07-18 00:00:00+00:00,3426.5
ETHUSDT,2024-07-19 00:00:00+00:00,3503.53
ETHUSDT,2024-07-20 00:00:00+00:00,3517.5
ETHUSDT,2024-07-21 00:00:00+00:00,3535.92
ETHUSDT,2024-07-22 00:00:00+00:00,3439.6
ETHUSDT,2024-07-23 00:00:00+00:00,3482.51
ETHUSDT,2024-07-24 00:00:00+00:00,3335.81
ETHUSDT,2024-07-25 00:00:00+00:00,3175.48
ETHUSDT,2024-07-26 00:00:00+00:00,3274.61
ETHUSDT,2024-07-27 00:00:00+00:00,3249.01
ETHUSDT,2024-07-28 00:00:00+00:00,3270.16
ETHUSDT,2024-07-29 00:00:00+00:00,3317.66
ETHUSDT,2024-07-30 00:00:00+00:00,3279.21
ETHUSDT,2024-07-31 00:00:00+00:00,3232.74
ETHUSDT,2024-08-01 00:00:00+00:00,3203.4
ETHUSDT,2024-08-02 00:00:00+00:00,2989.61
ETHUSDT,2024-08-03 00:00:00+00:00,2903.64
ETHUSDT,2024-08-04 00:00:00+00:00,2688.92
ETHUSDT,2024-08-05 00:00:00+00:00,2419.59
ETHUSDT,2024-08-06 00:00:00+00:00,2461.33
ETHUSDT,2024-08-07 00:00:00+00:00,2342.8
ETHUSDT,2024-08-08 00:00:00+00:00,2682.5
ETHUSDT,2024-08-09 00:00:00+00:00,2598.78
ETHUSDT,2024-08-10 00:00:00+00:00,2609.92
ETHUSDT,2024-08-11 00:00:00+00:00,2555.38
ETHUSDT,2024-08-12 00:00:00+00:00,2722.3
ETHUSDT,2024-08-13 00:00:00+00:00,2702.44
ETHUSDT,2024-08-14 00:00:00+00:00,2661.45
ETHUSDT,2024-08-15 00:00:00+00:00,2569.89
ETHUSDT,2024-08-16 00:00:00+00:00,2592.73
ETHUSDT,2024-08-17 00:00:00+00:00,2614.51
ETHUSDT,2024-08-18 00:00:00+00:00,2612.15
ETHUSDT,2024-08-19 00:00:00+00:00,2636.36
ETHUSDT,2024-08-20 00:00:00+00:00,2572.82
ETHUSDT,2024-08-21 00:00:00+00:00,2630.71
ETHUSDT,2024-08-22 00:00:00+00:00,2622.88
ETHUSDT,2024-08-23 00:00:00+00:00,2762.48
ETHUSDT,2024-08-24 00:00:00+00:00,2768.0
ETHUSDT,2024-08-25 00:00:00+00:00,2746.13
ETHUSDT,2024-08-26 00:00:00+00:00,2680.49
ETHUSDT,2024-08-27 00:00:00+00:00,2457.33
ETHUSDT,2024-08-28 00:00:00+00:00,2528.33
ETHUSDT,2024-08-29 00:00:00+00:00,2527.61
ETHUSDT,2024-08-30 00:00:00+00:00,2526.0
ETHUSDT,2024-08-31 00:00:00+00:00,2513.01
ETHUSDT,2024-09-01 00:00:00+00:00,2425.72
ETHUSDT,2024-09-02 00:00:00+00:00,2538.01
ETHUSDT,2024-09-03 00:00:00+00:00,2425.29
ETHUSDT,2024-09-04 00:00:00+00:00,2450.71
ETHUSDT,2024-09-05 00:00:00+00:00,2368.81
ETHUSDT,2024-09-06 00:00:00+00:00,2225.23
ETHUSDT,2024-09-07 00:00:00+00:00,2273.58
ETHUSDT,2024-09-08 00:00:00+00:00,2297.3
ETHUSDT,2024-09-09 00:00:00+00:00,2359.5
ETHUSDT,2024-09-10 00:00:00+00:00,2388.52
ETHUSDT,2024-09-11 00:00:00+00:00,2340.55
ETHUSDT,2024-09-12 00:00:00+00:00,2361.76
ETHUSDT,2024-09-13 00:00:00+00:00,2439.19
ETHUSDT,2024-09-14 00:00:00+00:00,2417.79
ETHUSDT,2024-09-15 00:00:00+00:00,2316.1
ETHUSDT,2024-09-16 00:00:00+00:00,2295.68
ETHUSDT,2024-09-17 00:00:00+00:00,2341.8
ETHUSDT,2024-09-18 00:00:00+00:00,2374.75
ETHUSDT,2024-09-19 00:00:00+00:00,2465.21
ETHUSDT,2024-09-20 00:00:00+00:00,2561.4
ETHUSDT,2024-09-21 00:00:00+00:00,2612.4
ETHUSDT,2024-09-22 00:00:00+00:00,2581.0
ETHUSDT,2024-09-23 00:00:00+00:00,2646.97
ETHUSDT,2024-09-24 00:00:00+00:00,2653.2
ETHUSDT,2024-09-25 00:00:00+00:00,2579.95
ETHUSDT,2024-09-26 00:00:00+00:00,2632.26
ETHUSDT,2024-09-27 00:00:00+00:00,2694.43
ETHUSDT,2024-09-28 00:00:00+00:00,2675.21
ETHUSDT,2024-09-29 00:00:00+00:00,2657.62
ETHUSDT,2024-09-30 00:00:00+00:00,2602.23
ETHUSDT,2024-10-01 00:00:00+00:00,2447.79
ETHUSDT,2024-10-02 00:00:00+00:00,2364.1
ETHUSDT,2024-10-03 00:00:00+00:00,2349.8
ETHUSDT,2024-10-04 00:00:00+00:00,2414.41
ETHUSDT,2024-10-05 00:00:00+00:00,2414.66
ETHUSDT,2024-10-06 00:00:00+00:00,2440.03
ETHUSDT,2024-10-07 00:00:00+00:00,2422.71
ETHUSDT,2024-10-08 00:00:00+00:00,2440.89
ETHUSDT,2024-10-09 00:00:00+00:00,2370.47
ETHUSDT,2024-10-10 00:00:00+00:00,2386.49
ETHUSDT,2024-10-11 00:00:00+00:00,2439.5
ETHUSDT,2024-10-12 00:00:00+00:00,2476.4
ETHUSDT,2024-10-13 00:00:00+00:00,2468.91
ETHUSDT,2024-10-14 00:00:00+00:00,2629.79
ETHUSDT,2024-10-15 00:00:00+00:00,2607.41
ETHUSDT,2024-10-16 00:00:00+00:00,2611.1
ETHUSDT,2024-10-17 00:00:00+00:00,2605.8
ETHUSDT,2024-10-18 00:00:00+00:00,2642.17
ETHUSDT,2024-10-19 00:00:00+00:00,2648.2
ETHUSDT,2024-10-20 00:00:00+00:00,2746.91
ETHUSDT,2024-10-21 00:00:00+00:00,2666.7
ETHUSDT,2024-10-22 00:00:00+00:00,2622.81
ETHUSDT,2024-10-23 00:00:00+00:00,2524.61
ETHUSDT,2024-10-24 00:00:00+00:00,2535.82
ETHUSDT,2024-10-25 00:00:00+00:00,2440.62
ETHUSDT,2024-10-26 00:00:00+00:00,2482.51
ETHUSDT,2024-10-27 00:00:00+00:00,2507.8
ETHUSDT,2024-10-28 00:00:00+00:00,2567.48
ETHUSDT,2024-10-29 00:00:00+00:00,2638.8
ETHUSDT,2024-10-30 00:00:00+00:00,2659.19
ETHUSDT,2024-10-31 00:00:00+00:00,2518.61
ETHUSDT,2024-11-01 00:00:00+00:00,2511.49
ETHUSDT,2024-11-02 00:00:00+00:00,2494.23
ETHUSDT,2024-11-03 00:00:00+00:00,2457.73
ETHUSDT,2024-11-04 00:00:00+00:00,2398.21
ETHUSDT,2024-11-05 00:00:00+00:00,2422.55
ETHUSDT,2024-11-06 00:00:00+00:00,2721.87
ETHUSDT,2024-11-07 00:00:00+00:00,2895.47
ETHUSDT,2024-11-08 00:00:00+00:00,2961.75
ETHUSDT,2024-11-09 00:00:00+00:00,3126.21
ETHUSDT,2024-11-10 00:00:00+00:00,3183.21
ETHUSDT,2024-11-11 00:00:00+00:00,3371.59
ETHUSDT,2024-11-12 00:00:00+00:00,3243.8
ETHUSDT,2024-11-13 00:00:00+00:00,3187.16
ETHUSDT,2024-11-14 00:00:00+00:00,3058.82
ETHUSDT,2024-11-15 00:00:00+00:00,3090.01
ETHUSDT,2024-11-16 00:00:00+00:00,3132.87
ETHUSDT,2024-11-17 00:00:00+00:00,3076.0
ETHUSDT,2024-11-18 00:00:00+00:00,3207.8
ETHUSDT,2024-11-19 00:00:00+00:00,3107.44
ETHUSDT,2024-11-20 00:00:00+00:00,3069.97
ETHUSDT,2024-11-21 00:00:00+00:00,3355.81
ETHUSDT,2024-11-22 00:00:00+00:00,3327.78
ETHUSDT,2024-11-23 00:00:00+00:00,3393.91
ETHUSDT,2024-11-24 00:00:00+00:00,3361.2
ETHUSDT,2024-11-25 00:00:00+00:00,3414.49
ETHUSDT,2024-11-26 00:00:00+00:00,3324.73
ETHUSDT,2024-11-27 00:00:00+00:00,3653.28
ETHUSDT,2024-11-28 00:00:00+00:00,3578.79
ETHUSDT,2024-11-29 00:00:00+00:00,3592.21
ETHUSDT,2024-11-30 00:00:00+00:00,3703.6
ETHUSDT,2024-12-01 00:00:00+00:00,3707.61
ETHUSDT,2024-12-02 00:00:00+00:00,3643.42
ETHUSDT,2024-12-03 00:00:00+00:00,3614.51
ETHUSDT,2024-12-04 00:00:00+00:00,3837.8
ETHUSDT,2024-12-05 00:00:00+00:00,3785.2
ETHUSDT,2024-12-06 00:00:00+00:00,3998.87
ETHUSDT,2024-12-07 00:00:00+00:00,3996.22
ETHUSDT,2024-12-08 00:00:00+00:00,4004.15
ETHUSDT,2024-12-09 00:00:00+00:00,3712.0
ETHUSDT,2024-12-10 00:00:00+00:00,3628.25
ETHUSDT,2024-12-11 00:00:00+00:00,3831.81
ETHUSDT,2024-12-12 00:00:00+00:00,3881.61
ETHUSDT,2024-12-13 00:00:00+00:00,3906.8
ETHUSDT,2024-12-14 00:00:00+00:00,3870.29
ETHUSDT,2024-12-15 00:00:00+00:00,3959.09
ETHUSDT,2024-12-16 00:00:00+00:00,3986.24
ETHUSDT,2024-12-17 00:00:00+00:00,3893.01
ETHUSDT,2024-12-18 00:00:00+00:00,3626.8
ETHUSDT,2024-12-19 00:00:00+00:00,3417.01
ETHUSDT,2024-12-20 00:00:00+00:00,3472.21
ETHUSDT,2024-12-21 00:00:00+00:00,3338.92
ETHUSDT,2024-12-22 00:00:00+00:00,3281.83
ETHUSDT,2024-12-23 00:00:00+00:00,3422.53
ETHUSDT,2024-12-24 00:00:00+00:00,3493.18
ETHUSDT,2024-12-25 00:00:00+00:00,3497.0
ETHUSDT,2024-12-26 00:00:00+00:00,3335.05
ETHUSDT,2024-12-27 00:00:00+00:00,3333.51
ETHUSDT,2024-12-28 00:00:00+00:00,3404.0
ETHUSDT,2024-12-29 00:00:00+00:00,3356.48
ETHUSDT,2024-12-30 00:00:00+00:00,3361.84
ETHUSDT,2024-12-31 00:00:00+00:00,3337.78
ETHUSDT,2025-01-01 00:00:00+00:00,3360.38
ETHUSDT,2025-01-02 00:00:00+00:00,3455.67
ETHUSDT,2025-01-03 00:00:00+00:00,3609.01
ETHUSDT,2025-01-04 00:00:00+00:00,3656.88
ETHUSDT,2025-01-05 00:00:00+00:00,3635.99
ETHUSDT,2025-01-06 00:00:00+00:00,3687.45
ETHUSDT,2025-01-07 00:00:00+00:00,3381.31
ETHUSDT,2025-01-08 00:00:00+00:00,3327.29
ETHUSDT,2025-01-09 00:00:00+00:00,3219.2
ETHUSDT,2025-01-10 00:00:00+00:00,3267.04
ETHUSDT,2025-01-11 00:00:00+00:00,3282.83
ETHUSDT,2025-01-12 00:00:00+00:00,3267.3
ETHUSDT,2025-01-13 00:00:00+00:00,3137.51
ETHUSDT,2025-01-14 00:00:00+00:00,3225.63
ETHUSDT,2025-01-15 00:00:00+00:00,3451.52
ETHUSDT,2025-01-16 00:00:00+00:00,3308.05
ETHUSDT,2025-01-17 00:00:00+00:00,3473.63
ETHUSDT,2025-01-18 00:00:00+00:00,3307.71
ETHUSDT,2025-01-19 00:00:00+00:00,3215.12
ETHUSDT,2025-01-20 00:00:00+00:00,3284.0
ETHUSDT,2025-01-21 00:00:00+00:00,3327.54
ETHUSDT,2025-01-22 00:00:00+00:00,3242.6
ETHUSDT,2025-01-23 00:00:00+00:00,3338.21
ETHUSDT,2025-01-24 00:00:00+00:00,3310.09
ETHUSDT,2025-01-25 00:00:00+00:00,3318.77
ETHUSDT,2025-01-26 00:00:00+00:00,3232.61
ETHUSDT,2025-01-27 00:00:00+00:00,3182.44
ETHUSDT,2025-01-28 00:00:00+00:00,3077.72
ETHUSDT,2025-01-29 00:00:00+00:00,3113.9
ETHUSDT,2025-01-30 00:00:00+00:00,3247.39
ETHUSDT,2025-01-31 00:00:00+00:00,3300.99
ETHUSDT,2025-02-01 00:00:00+00:00,3117.54
ETHUSDT,2025-02-02 00:00:00+00:00,2869.68
ETHUSDT,2025-02-03 00:00:00+00:00,2879.9
ETHUSDT,2025-02-04 00:00:00+00:00,2731.19
ETHUSDT,2025-02-05 00:00:00+00:00,2788.25
ETHUSDT,2025-02-06 00:00:00+00:00,2686.64
ETHUSDT,2025-02-07 00:00:00+00:00,2622.1
ETHUSDT,2025-02-08 00:00:00+00:00,2632.46
ETHUSDT,2025-02-09 00:00:00+00:00,2627.18
ETHUSDT,2025-02-10 00:00:00+00:00,2661.19
ETHUSDT,2025-02-11 00:00:00+00:00,2602.59
ETHUSDT,2025-02-12 00:00:00+00:00,2738.27
ETHUSDT,2025-02-13 00:00:00+00:00,2675.87
ETHUSDT,2025-02-14 00:00:00+00:00,2725.95
ETHUSDT,2025-02-15 00:00:00+00:00,2693.04
ETHUSDT,2025-02-16 00:00:00+00:00,2661.41
ETHUSDT,2025-02-17 00:00:00+00:00,2744.05
ETHUSDT,2025-02-18 00:00:00+00:00,2671.99
ETHUSDT,2025-02-19 00:00:00+00:00,2715.5
ETHUSDT,2025-02-20 00:00:00+00:00,2738.04
ETHUSDT,2025-02-21 00:00:00+00:00,2663.0
ETHUSDT,2025-02-22 00:00:00+00:00,2763.22
ETHUSDT,2025-02-23 00:00:00+00:00,2819.69
ETHUSDT,2025-02-24 00:00:00+00:00,2513.52
ETHUSDT,2025-02-25 00:00:00+00:00,2495.7
ETHUSDT,2025-02-26 00:00:00+00:00,2336.37
ETHUSDT,2025-02-27 00:00:00+00:00,2307.72
ETHUSDT,2025-02-28 00:00:00+00:00,2237.59
ETHUSDT,2025-03-01 00:00:00+00:00,2217.39
ETHUSDT,2025-03-02 00:00:00+00:00,2518.11
ETHUSDT,2025-03-03 00:00:00+00:00,2149.01
ETHUSDT,2025-03-04 00:00:00+00:00,2171.51
ETHUSDT,2025-03-05 00:00:00+00:00,2241.59
ETHUSDT,2025-03-06 00:00:00+00:00,2202.2
ETHUSDT,2025-03-07 00:00:00+00:00,2141.6
ETHUSDT,2025-03-08 00:00:00+00:00,2203.58
ETHUSDT,2025-03-09 00:00:00+00:00,2020.41
ETHUSDT,2025-03-10 00:00:00+00:00,1865.1
ETHUSDT,2025-03-11 00:00:00+00:00,1923.43
ETHUSDT,2025-03-12 00:00:00+00:00,1908.2
ETHUSDT,2025-03-13 00:00:00+00:00,1864.59
ETHUSDT,2025-03-14 00:00:00+00:00,1911.65
ETHUSDT,2025-03-15 00:00:00+00:00,1937.17
ETHUSDT,2025-03-16 00:00:00+00:00,1887.0
ETHUSDT,2025-03-17 00:00:00+00:00,1926.31
ETHUSDT,2025-03-18 00:00:00+00:00,1931.54
ETHUSDT,2025-03-19 00:00:00+00:00,2056.06
ETHUSDT,2025-03-20 00:00:00+00:00,1983.79
ETHUSDT,2025-03-21 00:00:00+00:00,1965.75
ETHUSDT,2025-03-22 00:00:00+00:00,1980.69
ETHUSDT,2025-03-23 00:00:00+00:00,2005.99
ETHUSDT,2025-03-24 00:00:00+00:00,2081.2
ETHUSDT,2025-03-25 00:00:00+00:00,2066.15
ETHUSDT,2025-03-26 00:00:00+00:00,2009.52
ETHUSDT,2025-03-27 00:00:00+00:00,2003.66
ETHUSDT,2025-03-28 00:00:00+00:00,1896.9
ETHUSDT,2025-03-29 00:00:00+00:00,1828.08
ETHUSDT,2025-03-30 00:00:00+00:00,1807.74
ETHUSDT,2025-03-31 00:00:00+00:00,1822.43
ETHUSDT,2025-04-01 00:00:00+00:00,1904.98
ETHUSDT,2025-04-02 00:00:00+00:00,1795.22
ETHUSDT,2025-04-03 00:00:00+00:00,1817.23
ETHUSDT,2025-04-04 00:00:00+00:00,1816.87
ETHUSDT,2025-04-05 00:00:00+00:00,1806.01
ETHUSDT,2025-04-06 00:00:00+00:00,1580.76
ETHUSDT,2025-04-07 00:00:00+00:00,1553.04
ETHUSDT,2025-04-08 00:00:00+00:00,1473.41
ETHUSDT,2025-04-09 00:00:00+00:00,1669.51
ETHUSDT,2025-04-10 00:00:00+00:00,1522.25
ETHUSDT,2025-04-11 00:00:00+00:00,1566.85
ETHUSDT,2025-04-12 00:00:00+00:00,1644.18
ETHUSDT,2025-04-13 00:00:00+00:00,1597.76
ETHUSDT,2025-04-14 00:00:00+00:00,1623.77
ETHUSDT,2025-04-15 00:00:00+00:00,1588.78
ETHUSDT,2025-04-16 00:00:00+00:00,1577.14
ETHUSDT,2025-04-17 00:00:00+00:00,1583.62
ETHUSDT,2025-04-18 00:00:00+00:00,1588.6
ETHUSDT,2025-04-19 00:00:00+00:00,1613.27
ETHUSDT,2025-04-20 00:00:00+00:00,1587.36
ETHUSDT,2025-04-21 00:00:00+00:00,1579.57
ETHUSDT,2025-04-22 00:00:00+00:00,1756.26
ETHUSDT,2025-04-23 00:00:00+00:00,1795.07
ETHUSDT,2025-04-24 00:00:00+00:00,1769.65
ETHUSDT,2025-04-25 00:00:00+00:00,1784.6
ETHUSDT,2025-04-26 00:00:00+00:00,1820.88
ETHUSDT,2025-04-27 00:00:00+00:00,1791.29
ETHUSDT,2025-04-28 00:00:00+00:00,1799.88
ETHUSDT,2025-04-29 00:00:00+00:00,1797.81
ETHUSDT,2025-04-30 00:00:00+00:00,1793.61
ETHUSDT,2025-05-01 00:00:00+00:00,1838.11
ETHUSDT,2025-05-02 00:00:00+00:00,1842.2
ETHUSDT,2025-05-03 00:00:00+00:00,1833.52
ETHUSDT,2025-05-04 00:00:00+00:00,1808.86
ETHUSDT,2025-05-05 00:00:00+00:00,1820.19
ETHUSDT,2025-05-06 00:00:00+00:00,1817.0
ETHUSDT,2025-05-07 00:00:00+00:00,1811.11
ETHUSDT,2025-05-08 00:00:00+00:00,2207.39
ETHUSDT,2025-05-09 00:00:00+00:00,2345.04
ETHUSDT,2025-05-10 00:00:00+00:00,2583.23
ETHUSDT,2025-05-11 00:00:00+00:00,2514.57
ETHUSDT,2025-05-12 00:00:00+00:00,2495.47
ETHUSDT,2025-05-13 00:00:00+00:00,2679.71
ETHUSDT,2025-05-14 00:00:00+00:00,2609.74
ETHUSDT,2025-05-15 00:00:00+00:00,2548.69
ETHUSDT,2025-05-16 00:00:00+00:00,2537.12
ETHUSDT,2025-05-17 00:00:00+00:00,2475.08
ETHUSDT,2025-05-18 00:00:00+00:00,2497.78
ETHUSDT,2025-05-19 00:00:00+00:00,2528.14
ETHUSDT,2025-05-20 00:00:00+00:00,2524.19
ETHUSDT,2025-05-21 00:00:00+00:00,2550.99
ETHUSDT,2025-05-22 00:00:00+00:00,2664.82
ETHUSDT,2025-05-23 00:00:00+00:00,2526.5
ETHUSDT,2025-05-24 00:00:00+00:00,2530.4
ETHUSDT,2025-05-25 00:00:00+00:00,2551.22
ETHUSDT,2025-05-26 00:00:00+00:00,2563.7
ETHUSDT,2025-05-27 00:00:00+00:00,2660.81
ETHUSDT,2025-05-28 00:00:00+00:00,2681.6
ETHUSDT,2025-05-29 00:00:00+00:00,2631.39
ETHUSDT,2025-05-30 00:00:00+00:00,2531.34
ETHUSDT,2025-05-31 00:00:00+00:00,2528.06
ETHUSDT,2025-06-01 00:00:00+00:00,2539.21
ETHUSDT,2025-06-02 00:00:00+00:00,2607.41
ETHUSDT,2025-06-03 00:00:00+00:00,2593.36
ETHUSDT,2025-06-04 00:00:00+00:00,2607.68
ETHUSDT,2025-06-05 00:00:00+00:00,2414.01
ETHUSDT,2025-06-06 00:00:00+00:00,2476.1
ETHUSDT,2025-06-07 00:00:00+00:00,2524.63
ETHUSDT,2025-06-08 00:00:00+00:00,2509.83
ETHUSDT,2025-06-09 00:00:00+00:00,2680.13
ETHUSDT,2025-06-10 00:00:00+00:00,2816.4
ETHUSDT,2025-06-11 00:00:00+00:00,2771.61
ETHUSDT,2025-06-12 00:00:00+00:00,2642.65
ETHUSDT,2025-06-13 00:00:00+00:00,2579.19
ETHUSDT,2025-06-14 00:00:00+00:00,2530.76
ETHUSDT,2025-06-15 00:00:00+00:00,2547.61
ETHUSDT,2025-06-16 00:00:00+00:00,2544.17
ETHUSDT,2025-06-17 00:00:00+00:00,2509.95
ETHUSDT,2025-06-18 00:00:00+00:00,2525.0
ETHUSDT,2025-06-19 00:00:00+00:00,2521.12
ETHUSDT,2025-06-20 00:00:00+00:00,2406.49
ETHUSDT,2025-06-21 00:00:00+00:00,2295.73
ETHUSDT,2025-06-22 00:00:00+00:00,2227.7
ETHUSDT,2025-06-23 00:00:00+00:00,2411.66
ETHUSDT,2025-06-24 00:00:00+00:00,2448.45
ETHUSDT,2025-06-25 00:00:00+00:00,2418.49
ETHUSDT,2025-06-26 00:00:00+00:00,2415.96
ETHUSDT,2025-06-27 00:00:00+00:00,2423.17
ETHUSDT,2025-06-28 00:00:00+00:00,2435.62
ETHUSDT,2025-06-29 00:00:00+00:00,2500.09
ETHUSDT,2025-06-30 00:00:00+00:00,2485.47
ETHUSDT,2025-07-01 00:00:00+00:00,
SOLUSDT,2020-08-11 00:00:00+00:00,
SOLUSDT,2020-08-12 00:00:00+00:00,3.7558
SOLUSDT,2020-08-13 00:00:00+00:00,3.73
SOLUSDT,2020-08-14 00:00:00+00:00,3.4099
SOLUSDT,2020-08-15 00:00:00+00:00,3.173
SOLUSDT,2020-08-16 00:00:00+00:00,3.3885
SOLUSDT,2020-08-17 00:00:00+00:00,3.11
SOLUSDT,2020-08-18 00:00:00+00:00,3.3407
SOLUSDT,2020-08-19 00:00:00+00:00,2.8868
SOLUSDT,2020-08-20 00:00:00+00:00,3.2038
SOLUSDT,2020-08-21 00:00:00+00:00,2.9317
SOLUSDT,2020-08-22 00:00:00+00:00,3.0126
SOLUSDT,2020-08-23 00:00:00+00:00,3.25
SOLUSDT,2020-08-24 00:00:00+00:00,3.3405
SOLUSDT,2020-08-25 00:00:00+00:00,3.25
SOLUSDT,2020-08-26 00:00:00+00:00,3.5684
SOLUSDT,2020-08-27 00:00:00+00:00,3.4501
SOLUSDT,2020-08-28 00:00:00+00:00,4.0063
SOLUSDT,2020-08-29 00:00:00+00:00,3.9535
SOLUSDT,2020-08-30 00:00:00+00:00,4.4309
SOLUSDT,2020-08-31 00:00:00+00:00,4.7435
SOLUSDT,2020-09-01 00:00:00+00:00,4.3397
SOLUSDT,2020-09-02 00:00:00+00:00,4.17
SOLUSDT,2020-09-03 00:00:00+00:00,3.5051
SOLUSDT,2020-09-04 00:00:00+00:00,3.5301
SOLUSDT,2020-09-05 00:00:00+00:00,2.6052
SOLUSDT,2020-09-06 00:00:00+00:00,3.0941
SOLUSDT,2020-09-07 00:00:00+00:00,2.9237
SOLUSDT,2020-09-08 00:00:00+00:00,2.468
SOLUSDT,2020-09-09 00:00:00+00:00,3.6001
SOLUSDT,2020-09-10 00:00:00+00:00,3.4761
SOLUSDT,2020-09-11 00:00:00+00:00,3.3965
SOLUSDT,2020-09-12 00:00:00+00:00,3.3316
SOLUSDT,2020-09-13 00:00:00+00:00,3.2603
SOLUSDT,2020-09-14 00:00:00+00:00,3.2641
SOLUSDT,2020-09-15 00:00:00+00:00,2.9295
SOLUSDT,2020-09-16 00:00:00+00:00,2.5327
SOLUSDT,2020-09-17 00:00:00+00:00,2.8829
SOLUSDT,2020-09-18 00:00:00+00:00,3.1144
SOLUSDT,2020-09-19 00:00:00+00:00,3.031
SOLUSDT,2020-09-20 00:00:00+00:00,2.8628
SOLUSDT,2020-09-21 00:00:00+00:00,2.7672
SOLUSDT,2020-09-22 00:00:00+00:00,2.9082
SOLUSDT,2020-09-23 00:00:00+00:00,2.8548
SOLUSDT,2020-09-24 00:00:00+00:00,3.1433
SOLUSDT,2020-09-25 00:00:00+00:00,3.1937
SOLUSDT,2020-09-26 00:00:00+00:00,3.1287
SOLUSDT,2020-09-27 00:00:00+00:00,3.1578
SOLUSDT,2020-09-28 00:00:00+00:00,2.9599
SOLUSDT,2020-09-29 00:00:00+00:00,2.9505
SOLUSDT,2020-09-30 00:00:00+00:00,2.8967
SOLUSDT,2020-10-01 00:00:00+00:00,2.8669
SOLUSDT,2020-10-02 00:00:00+00:00,2.6232
SOLUSDT,2020-10-03 00:00:00+00:00,2.5439
SOLUSDT,2020-10-04 00:00:00+00:00,2.5202
SOLUSDT,2020-10-05 00:00:00+00:00,2.6522
SOLUSDT,2020-10-06 00:00:00+00:00,2.174
SOLUSDT,2020-10-07 00:00:00+00:00,2.3005
SOLUSDT,2020-10-08 00:00:00+00:00,2.3638
SOLUSDT,2020-10-09 00:00:00+00:00,2.5314
SOLUSDT,2020-10-10 00:00:00+00:00,2.3999
SOLUSDT,2020-10-11 00:00:00+00:00,2.4227
SOLUSDT,2020-10-12 00:00:00+00:00,2.5836
SOLUSDT,2020-10-13 00:00:00+00:00,2.4062
SOLUSDT,2020-10-14 00:00:00+00:00,2.3107
SOLUSDT,2020-10-15 00:00:00+00:00,2.2682
SOLUSDT,2020-10-16 00:00:00+00:00,2.1398
SOLUSDT,2020-10-17 00:00:00+00:00,2.2053
SOLUSDT,2020-10-18 00:00:00+00:00,2.215
SOLUSDT,2020-10-19 00:00:00+00:00,2.0592
SOLUSDT,2020-10-20 00:00:00+00:00,1.885
SOLUSDT,2020-10-21 00:00:00+00:00,1.8887
SOLUSDT,2020-10-22 00:00:00+00:00,1.9582
SOLUSDT,2020-10-23 00:00:00+00:00,1.959
SOLUSDT,2020-10-24 00:00:00+00:00,1.9142
SOLUSDT,2020-10-25 00:00:00+00:00,1.7926
SOLUSDT,2020-10-26 00:00:00+00:00,1.6799
SOLUSDT,2020-10-27 00:00:00+00:00,1.711
SOLUSDT,2020-10-28 00:00:00+00:00,1.518
SOLUSDT,2020-10-29 00:00:00+00:00,1.4327
SOLUSDT,2020-10-30 00:00:00+00:00,1.4381
SOLUSDT,2020-10-31 00:00:00+00:00,1.5497
SOLUSDT,2020-11-01 00:00:00+00:00,1.608
SOLUSDT,2020-11-02 00:00:00+00:00,1.4738
SOLUSDT,2020-11-03 00:00:00+00:00,1.4118
SOLUSDT,2020-11-04 00:00:00+00:00,1.3912
SOLUSDT,2020-11-05 00:00:00+00:00,1.4007
SOLUSDT,2020-11-06 00:00:00+00:00,1.9
SOLUSDT,2020-11-07 00:00:00+00:00,2.0215
SOLUSDT,2020-11-08 00:00:00+00:00,2.1558
SOLUSDT,2020-11-09 00:00:00+00:00,2.0299
SOLUSDT,2020-11-10 00:00:00+00:00,2.2661
SOLUSDT,2020-11-11 00:00:00+00:00,2.0
SOLUSDT,2020-11-12 00:00:00+00:00,1.9089
SOLUSDT,2020-11-13 00:00:00+00:00,2.0141
SOLUSDT,2020-11-14 00:00:00+00:00,1.9182
SOLUSDT,2020-11-15 00:00:00+00:00,2.0407
SOLUSDT,2020-11-16 00:00:00+00:00,2.2626
SOLUSDT,2020-11-17 00:00:00+00:00,2.1998
SOLUSDT,2020-11-18 00:00:00+00:00,2.1153
SOLUSDT,2020-11-19 00:00:00+00:00,2.085
SOLUSDT,2020-11-20 00:00:00+00:00,2.1033
SOLUSDT,2020-11-21 00:00:00+00:00,2.3822
SOLUSDT,2020-11-22 00:00:00+00:00,2.1514
SOLUSDT,2020-11-23 00:00:00+00:00,2.2786
SOLUSDT,2020-11-24 00:00:00+00:00,2.2823
SOLUSDT,2020-11-25 00:00:00+00:00,2.2661
SOLUSDT,2020-11-26 00:00:00+00:00,1.9111
SOLUSDT,2020-11-27 00:00:00+00:00,1.861
SOLUSDT,2020-11-28 00:00:00+00:00,1.8868
SOLUSDT,2020-11-29 00:00:00+00:00,1.9153
SOLUSDT,2020-11-30 00:00:00+00:00,
SOLUSDT,2020-12-01 00:00:00+00:00,1.9738
SOLUSDT,2020-12-02 00:00:00+00:00,2.1209
SOLUSDT,2020-12-03 00:00:00+00:00,2.0967
SOLUSDT,2020-12-04 00:00:00+00:00,1.8535
SOLUSDT,2020-12-05 00:00:00+00:00,1.9795
SOLUSDT,2020-12-06 00:00:00+00:00,1.8505
SOLUSDT,2020-12-07 00:00:00+00:00,1.8272
SOLUSDT,2020-12-08 00:00:00+00:00,1.6631
SOLUSDT,2020-12-09 00:00:00+00:00,1.6592
SOLUSDT,2020-12-10 00:00:00+00:00,1.5683
SOLUSDT,2020-12-11 00:00:00+00:00,1.4389
SOLUSDT,2020-12-12 00:00:00+00:00,1.4912
SOLUSDT,2020-12-13 00:00:00+00:00,1.5701
SOLUSDT,2020-12-14 00:00:00+00:00,1.5946
SOLUSDT,2020-12-15 00:00:00+00:00,1.7586
SOLUSDT,2020-12-16 00:00:00+00:00,1.7829
SOLUSDT,2020-12-17 00:00:00+00:00,1.68
SOLUSDT,2020-12-18 00:00:00+00:00,1.7014
SOLUSDT,2020-12-19 00:00:00+00:00,1.6707
SOLUSDT,2020-12-20 00:00:00+00:00,1.5635
SOLUSDT,2020-12-21 00:00:00+00:00,
SOLUSDT,2020-12-22 00:00:00+00:00,1.49
SOLUSDT,2020-12-23 00:00:00+00:00,1.198
SOLUSDT,2020-12-24 00:00:00+00:00,1.3612
SOLUSDT,2020-12-25 00:00:00+00:00,
SOLUSDT,2020-12-26 00:00:00+00:00,1.3258
SOLUSDT,2020-12-27 00:00:00+00:00,1.3037
SOLUSDT,2020-12-28 00:00:00+00:00,1.5172
SOLUSDT,2020-12-29 00:00:00+00:00,1.6704
SOLUSDT,2020-12-30 00:00:00+00:00,1.535
SOLUSDT,2020-12-31 00:00:00+00:00,1.5073
SOLUSDT,2021-01-01 00:00:00+00:00,1.8421
SOLUSDT,2021-01-02 00:00:00+00:00,1.7999
SOLUSDT,2021-01-03 00:00:00+00:00,2.1779
SOLUSDT,2021-01-04 00:00:00+00:00,2.4909
SOLUSDT,2021-01-05 00:00:00+00:00,2.1636
SOLUSDT,2021-01-06 00:00:00+00:00,1.9414
SOLUSDT,2021-01-07 00:00:00+00:00,2.3635
SOLUSDT,2021-01-08 00:00:00+00:00,3.2214
SOLUSDT,2021-01-09 00:00:00+00:00,3.3829
SOLUSDT,2021-01-10 00:00:00+00:00,3.449
SOLUSDT,2021-01-11 00:00:00+00:00,3.1016
SOLUSDT,2021-01-12 00:00:00+00:00,3.6354
SOLUSDT,2021-01-13 00:00:00+00:00,3.5242
SOLUSDT,2021-01-14 00:00:00+00:00,3.2921
SOLUSDT,2021-01-15 00:00:00+00:00,3.2475
SOLUSDT,2021-01-16 00:00:00+00:00,3.4247
SOLUSDT,2021-01-17 00:00:00+00:00,3.8268
SOLUSDT,2021-01-18 00:00:00+00:00,3.7868
SOLUSDT,2021-01-19 00:00:00+00:00,3.6287
SOLUSDT,2021-01-20 00:00:00+00:00,3.7166
SOLUSDT,2021-01-21 00:00:00+00:00,2.9899
SOLUSDT,2021-01-22 00:00:00+00:00,3.3352
SOLUSDT,2021-01-23 00:00:00+00:00,3.5079
SOLUSDT,2021-01-24 00:00:00+00:00,3.6278
SOLUSDT,2021-01-25 00:00:00+00:00,3.7038
SOLUSDT,2021-01-26 00:00:00+00:00,4.041
SOLUSDT,2021-01-27 00:00:00+00:00,3.675
SOLUSDT,2021-01-28 00:00:00+00:00,3.81
SOLUSDT,2021-01-29 00:00:00+00:00,3.8293
SOLUSDT,2021-01-30 00:00:00+00:00,4.228
SOLUSDT,2021-01-31 00:00:00+00:00,4.2525
SOLUSDT,2021-02-01 00:00:00+00:00,4.6148
SOLUSDT,2021-02-02 00:00:00+00:00,5.2331
SOLUSDT,2021-02-03 00:00:00+00:00,5.7311
SOLUSDT,2021-02-04 00:00:00+00:00,6.4085
SOLUSDT,2021-02-05 00:00:00+00:00,6.7005
SOLUSDT,2021-02-06 00:00:00+00:00,6.1225
SOLUSDT,2021-02-07 00:00:00+00:00,6.6976
SOLUSDT,2021-02-08 00:00:00+00:00,7.855
SOLUSDT,2021-02-09 00:00:00+00:00,7.8005
SOLUSDT,2021-02-10 00:00:00+00:00,9.09
SOLUSDT,2021-02-11 00:00:00+00:00,
SOLUSDT,2021-02-12 00:00:00+00:00,9.2
SOLUSDT,2021-02-13 00:00:00+00:00,8.7441
SOLUSDT,2021-02-14 00:00:00+00:00,8.7158
SOLUSDT,2021-02-15 00:00:00+00:00,8.8516
SOLUSDT,2021-02-16 00:00:00+00:00,8.3002
SOLUSDT,2021-02-17 00:00:00+00:00,8.2357
SOLUSDT,2021-02-18 00:00:00+00:00,8.9771
SOLUSDT,2021-02-19 00:00:00+00:00,11.4912
SOLUSDT,2021-02-20 00:00:00+00:00,9.9869
SOLUSDT,2021-02-21 00:00:00+00:00,11.0753
SOLUSDT,2021-02-22 00:00:00+00:00,14.4191
SOLUSDT,2021-02-23 00:00:00+00:00,15.2244
SOLUSDT,2021-02-24 00:00:00+00:00,17.1691
SOLUSDT,2021-02-25 00:00:00+00:00,13.8442
SOLUSDT,2021-02-26 00:00:00+00:00,13.5962
SOLUSDT,2021-02-27 00:00:00+00:00,13.1916
SOLUSDT,2021-02-28 00:00:00+00:00,13.0887
SOLUSDT,2021-03-01 00:00:00+00:00,14.9855
SOLUSDT,2021-03-02 00:00:00+00:00,13.9438
SOLUSDT,2021-03-03 00:00:00+00:00,14.0742
SOLUSDT,2021-03-04 00:00:00+00:00,13.0508
SOLUSDT,2021-03-05 00:00:00+00:00,12.5382
SOLUSDT,2021-03-06 00:00:00+00:00,
SOLUSDT,2021-03-07 00:00:00+00:00,13.8174
SOLUSDT,2021-03-08 00:00:00+00:00,13.6028
SOLUSDT,2021-03-09 00:00:00+00:00,14.839
SOLUSDT,2021-03-10 00:00:00+00:00,14.2048
SOLUSDT,2021-03-11 00:00:00+00:00,16.031
SOLUSDT,2021-03-12 00:00:00+00:00,14.5597
SOLUSDT,2021-03-13 00:00:00+00:00,15.3033
SOLUSDT,2021-03-14 00:00:00+00:00,14.4605
SOLUSDT,2021-03-15 00:00:00+00:00,14.1577
SOLUSDT,2021-03-16 00:00:00+00:00,13.6392
SOLUSDT,2021-03-17 00:00:00+00:00,14.2018
SOLUSDT,2021-03-18 00:00:00+00:00,14.204
SOLUSDT,2021-03-19 00:00:00+00:00,14.1552
SOLUSDT,2021-03-20 00:00:00+00:00,14.1894
SOLUSDT,2021-03-21 00:00:00+00:00,14.3372
SOLUSDT,2021-03-22 00:00:00+00:00,14.7964
SOLUSDT,2021-03-23 00:00:00+00:00,14.1552
SOLUSDT,2021-03-24 00:00:00+00:00,13.5973
SOLUSDT,2021-03-25 00:00:00+00:00,12.9787
SOLUSDT,2021-03-26 00:00:00+00:00,14.7664
SOLUSDT,2021-03-27 00:00:00+00:00,16.4589
SOLUSDT,2021-03-28 00:00:00+00:00,18.0645
SOLUSDT,2021-03-29 00:00:00+00:00,18.9504
SOLUSDT,2021-03-30 00:00:00+00:00,19.0685
SOLUSDT,2021-03-31 00:00:00+00:00,19.3861
SOLUSDT,2021-04-01 00:00:00+00:00,19.0443
SOLUSDT,2021-04-02 00:00:00+00:00,19.7501
SOLUSDT,2021-04-03 00:00:00+00:00,22.5
SOLUSDT,2021-04-04 00:00:00+00:00,23.7755
SOLUSDT,2021-04-05 00:00:00+00:00,22.9717
SOLUSDT,2021-04-06 00:00:00+00:00,25.0548
SOLUSDT,2021-04-07 00:00:00+00:00,26.5385
SOLUSDT,2021-04-08 00:00:00+00:00,26.9384
SOLUSDT,2021-04-09 00:00:00+00:00,27.6172
SOLUSDT,2021-04-10 00:00:00+00:00,26.8021
SOLUSDT,2021-04-11 00:00:00+00:00,27.8517
SOLUSDT,2021-04-12 00:00:00+00:00,28.5424
SOLUSDT,2021-04-13 00:00:00+00:00,27.4507
SOLUSDT,2021-04-14 00:00:00+00:00,26.4067
SOLUSDT,2021-04-15 00:00:00+00:00,27.7816
SOLUSDT,2021-04-16 00:00:00+00:00,25.2996
SOLUSDT,2021-04-17 00:00:00+00:00,24.85
SOLUSDT,2021-04-18 00:00:00+00:00,32.3358
SOLUSDT,2021-04-19 00:00:00+00:00,31.4711
SOLUSDT,2021-04-20 00:00:00+00:00,
SOLUSDT,2021-04-21 00:00:00+00:00,32.5534
SOLUSDT,2021-04-22 00:00:00+00:00,38.9
SOLUSDT,2021-04-23 00:00:00+00:00,37.3893
SOLUSDT,2021-04-24 00:00:00+00:00,40.8401
SOLUSDT,2021-04-25 00:00:00+00:00,
SOLUSDT,2021-04-26 00:00:00+00:00,43.878
SOLUSDT,2021-04-27 00:00:00+00:00,43.147
SOLUSDT,2021-04-28 00:00:00+00:00,44.833
SOLUSDT,2021-04-29 00:00:00+00:00,42.484
SOLUSDT,2021-04-30 00:00:00+00:00,42.786
SOLUSDT,2021-05-01 00:00:00+00:00,49.67
SOLUSDT,2021-05-02 00:00:00+00:00,46.897
SOLUSDT,2021-05-03 00:00:00+00:00,45.912
SOLUSDT,2021-05-04 00:00:00+00:00,42.636
SOLUSDT,2021-05-05 00:00:00+00:00,44.98
SOLUSDT,2021-05-06 00:00:00+00:00,43.496
SOLUSDT,2021-05-07 00:00:00+00:00,43.182
SOLUSDT,2021-05-08 00:00:00+00:00,45.612
SOLUSDT,2021-05-09 00:00:00+00:00,44.33
SOLUSDT,2021-05-10 00:00:00+00:00,42.854
SOLUSDT,2021-05-11 00:00:00+00:00,44.538
SOLUSDT,2021-05-12 00:00:00+00:00,43.709
SOLUSDT,2021-05-13 00:00:00+00:00,41.049
SOLUSDT,2021-05-14 00:00:00+00:00,42.7
SOLUSDT,2021-05-15 00:00:00+00:00,43.486
SOLUSDT,2021-05-16 00:00:00+00:00,46.85
SOLUSDT,2021-05-17 00:00:00+00:00,46.708
SOLUSDT,2021-05-18 00:00:00+00:00,55.977
SOLUSDT,2021-05-19 00:00:00+00:00,34.988
SOLUSDT,2021-05-20 00:00:00+00:00,44.42
SOLUSDT,2021-05-21 00:00:00+00:00,38.925
SOLUSDT,2021-05-22 00:00:00+00:00,31.222
SOLUSDT,2021-05-23 00:00:00+00:00,24.536
SOLUSDT,2021-05-24 00:00:00+00:00,31.416
SOLUSDT,2021-05-25 00:00:00+00:00,29.973
SOLUSDT,2021-05-26 00:00:00+00:00,35.43
SOLUSDT,2021-05-27 00:00:00+00:00,33.747
SOLUSDT,2021-05-28 00:00:00+00:00,28.989
SOLUSDT,2021-05-29 00:00:00+00:00,27.388
SOLUSDT,2021-05-30 00:00:00+00:00,28.588
SOLUSDT,2021-05-31 00:00:00+00:00,32.75
SOLUSDT,2021-06-01 00:00:00+00:00,30.938
SOLUSDT,2021-06-02 00:00:00+00:00,33.994
SOLUSDT,2021-06-03 00:00:00+00:00,39.602
SOLUSDT,2021-06-04 00:00:00+00:00,37.338
SOLUSDT,2021-06-05 00:00:00+00:00,39.633
SOLUSDT,2021-06-06 00:00:00+00:00,42.205
SOLUSDT,2021-06-07 00:00:00+00:00,38.235
SOLUSDT,2021-06-08 00:00:00+00:00,41.245
SOLUSDT,2021-06-09 00:00:00+00:00,42.032
SOLUSDT,2021-06-10 00:00:00+00:00,41.105
SOLUSDT,2021-06-11 00:00:00+00:00,36.157
SOLUSDT,2021-06-12 00:00:00+00:00,36.476
SOLUSDT,2021-06-13 00:00:00+00:00,38.706
SOLUSDT,2021-06-14 00:00:00+00:00,39.694
SOLUSDT,2021-06-15 00:00:00+00:00,39.536
SOLUSDT,2021-06-16 00:00:00+00:00,39.728
SOLUSDT,2021-06-17 00:00:00+00:00,39.265
SOLUSDT,2021-06-18 00:00:00+00:00,36.82
SOLUSDT,2021-06-19 00:00:00+00:00,35.19
SOLUSDT,2021-06-20 00:00:00+00:00,35.257
SOLUSDT,2021-06-21 00:00:00+00:00,26.59
SOLUSDT,2021-06-22 00:00:00+00:00,26.958
SOLUSDT,2021-06-23 00:00:00+00:00,30.837
SOLUSDT,2021-06-24 00:00:00+00:00,31.141
SOLUSDT,2021-06-25 00:00:00+00:00,28.641
SOLUSDT,2021-06-26 00:00:00+00:00,29.698
SOLUSDT,2021-06-27 00:00:00+00:00,31.897
SOLUSDT,2021-06-28 00:00:00+00:00,33.001
SOLUSDT,2021-06-29 00:00:00+00:00,33.97
SOLUSDT,2021-06-30 00:00:00+00:00,35.51
SOLUSDT,2021-07-01 00:00:00+00:00,33.271
SOLUSDT,2021-07-02 00:00:00+00:00,34.0
SOLUSDT,2021-07-03 00:00:00+00:00,34.498
SOLUSDT,2021-07-04 00:00:00+00:00,34.28
SOLUSDT,2021-07-05 00:00:00+00:00,32.908
SOLUSDT,2021-07-06 00:00:00+00:00,34.226
SOLUSDT,2021-07-07 00:00:00+00:00,36.673
SOLUSDT,2021-07-08 00:00:00+00:00,33.142
SOLUSDT,2021-07-09 00:00:00+00:00,33.315
SOLUSDT,2021-07-10 00:00:00+00:00,31.693
SOLUSDT,2021-07-11 00:00:00+00:00,32.182
SOLUSDT,2021-07-12 00:00:00+00:00,30.77
SOLUSDT,2021-07-13 00:00:00+00:00,29.136
SOLUSDT,2021-07-14 00:00:00+00:00,31.365
SOLUSDT,2021-07-15 00:00:00+00:00,28.545
SOLUSDT,2021-07-16 00:00:00+00:00,26.271
SOLUSDT,2021-07-17 00:00:00+00:00,26.802
SOLUSDT,2021-07-18 00:00:00+00:00,26.673
SOLUSDT,2021-07-19 00:00:00+00:00,24.509
SOLUSDT,2021-07-20 00:00:00+00:00,23.474
SOLUSDT,2021-07-21 00:00:00+00:00,26.7
SOLUSDT,2021-07-22 00:00:00+00:00,27.699
SOLUSDT,2021-07-23 00:00:00+00:00,28.516
SOLUSDT,2021-07-24 00:00:00+00:00,28.616
SOLUSDT,2021-07-25 00:00:00+00:00,28.248
SOLUSDT,2021-07-26 00:00:00+00:00,28.184
SOLUSDT,2021-07-27 00:00:00+00:00,28.103
SOLUSDT,2021-07-28 00:00:00+00:00,27.875
SOLUSDT,2021-07-29 00:00:00+00:00,31.235
SOLUSDT,2021-07-30 00:00:00+00:00,32.354
SOLUSDT,2021-07-31 00:00:00+00:00,36.744
SOLUSDT,2021-08-01 00:00:00+00:00,34.165
SOLUSDT,2021-08-02 00:00:00+00:00,33.167
SOLUSDT,2021-08-03 00:00:00+00:00,34.105
SOLUSDT,2021-08-04 00:00:00+00:00,35.76
SOLUSDT,2021-08-05 00:00:00+00:00,37.353
SOLUSDT,2021-08-06 00:00:00+00:00,39.525
SOLUSDT,2021-08-07 00:00:00+00:00,39.469
SOLUSDT,2021-08-08 00:00:00+00:00,37.65
SOLUSDT,2021-08-09 00:00:00+00:00,38.646
SOLUSDT,2021-08-10 00:00:00+00:00,40.64
SOLUSDT,2021-08-11 00:00:00+00:00,41.621
SOLUSDT,2021-08-12 00:00:00+00:00,41.102
SOLUSDT,2021-08-13 00:00:00+00:00,
SOLUSDT,2021-08-14 00:00:00+00:00,44.14
SOLUSDT,2021-08-15 00:00:00+00:00,53.531
SOLUSDT,2021-08-16 00:00:00+00:00,62.016
SOLUSDT,2021-08-17 00:00:00+00:00,64.123
SOLUSDT,2021-08-18 00:00:00+00:00,72.663
SOLUSDT,2021-08-19 00:00:00+00:00,72.764
SOLUSDT,2021-08-20 00:00:00+00:00,78.643
SOLUSDT,2021-08-21 00:00:00+00:00,73.801
SOLUSDT,2021-08-22 00:00:00+00:00,72.775
SOLUSDT,2021-08-23 00:00:00+00:00,75.623
SOLUSDT,2021-08-24 00:00:00+00:00,70.527
SOLUSDT,2021-08-25 00:00:00+00:00,71.973
SOLUSDT,2021-08-26 00:00:00+00:00,74.92
SOLUSDT,2021-08-27 00:00:00+00:00,87.98
SOLUSDT,2021-08-28 00:00:00+00:00,96.22
SOLUSDT,2021-08-29 00:00:00+00:00,94.23
SOLUSDT,2021-08-30 00:00:00+00:00,110.25
SOLUSDT,2021-08-31 00:00:00+00:00,108.27
SOLUSDT,2021-09-01 00:00:00+00:00,110.71
SOLUSDT,2021-09-02 00:00:00+00:00,128.23
SOLUSDT,2021-09-03 00:00:00+00:00,146.4
SOLUSDT,2021-09-04 00:00:00+00:00,138.88
SOLUSDT,2021-09-05 00:00:00+00:00,142.0
SOLUSDT,2021-09-06 00:00:00+00:00,164.22
SOLUSDT,2021-09-07 00:00:00+00:00,173.46
SOLUSDT,2021-09-08 00:00:00+00:00,191.02
SOLUSDT,2021-09-09 00:00:00+00:00,187.9
SOLUSDT,2021-09-10 00:00:00+00:00,179.6
SOLUSDT,2021-09-11 00:00:00+00:00,179.04
SOLUSDT,2021-09-12 00:00:00+00:00,174.29
SOLUSDT,2021-09-13 00:00:00+00:00,169.53
SOLUSDT,2021-09-14 00:00:00+00:00,158.88
SOLUSDT,2021-09-15 00:00:00+00:00,158.79
SOLUSDT,2021-09-16 00:00:00+00:00,152.29
SOLUSDT,2021-09-17 00:00:00+00:00,147.58
SOLUSDT,2021-09-18 00:00:00+00:00,169.22
SOLUSDT,2021-09-19 00:00:00+00:00,152.76
SOLUSDT,2021-09-20 00:00:00+00:00,132.77
SOLUSDT,2021-09-21 00:00:00+00:00,124.29
SOLUSDT,2021-09-22 00:00:00+00:00,148.02
SOLUSDT,2021-09-23 00:00:00+00:00,149.91
SOLUSDT,2021-09-24 00:00:00+00:00,139.13
SOLUSDT,2021-09-25 00:00:00+00:00,136.06
SOLUSDT,2021-09-26 00:00:00+00:00,135.64
SOLUSDT,2021-09-27 00:00:00+00:00,136.35
SOLUSDT,2021-09-28 00:00:00+00:00,132.2
SOLUSDT,2021-09-29 00:00:00+00:00,
SOLUSDT,2021-09-30 00:00:00+00:00,141.37
SOLUSDT,2021-10-01 00:00:00+00:00,161.56
SOLUSDT,2021-10-02 00:00:00+00:00,168.98
SOLUSDT,2021-10-03 00:00:00+00:00,172.98
SOLUSDT,2021-10-04 00:00:00+00:00,167.13
SOLUSDT,2021-10-05 00:00:00+00:00,164.62
SOLUSDT,2021-10-06 00:00:00+00:00,153.87
SOLUSDT,2021-10-07 00:00:00+00:00,154.26
SOLUSDT,2021-10-08 00:00:00+00:00,158.86
SOLUSDT,2021-10-09 00:00:00+00:00,156.84
SOLUSDT,2021-10-10 00:00:00+00:00,147.55
SOLUSDT,2021-10-11 00:00:00+00:00,144.77
SOLUSDT,2021-10-12 00:00:00+00:00,152.32
SOLUSDT,2021-10-13 00:00:00+00:00,148.04
SOLUSDT,2021-10-14 00:00:00+00:00,150.02
SOLUSDT,2021-10-15 00:00:00+00:00,163.18
SOLUSDT,2021-10-16 00:00:00+00:00,157.54
SOLUSDT,2021-10-17 00:00:00+00:00,160.12
SOLUSDT,2021-10-18 00:00:00+00:00,157.12
SOLUSDT,2021-10-19 00:00:00+00:00,155.78
SOLUSDT,2021-10-20 00:00:00+00:00,176.72
SOLUSDT,2021-10-21 00:00:00+00:00,190.5
SOLUSDT,2021-10-22 00:00:00+00:00,196.29
SOLUSDT,2021-10-23 00:00:00+00:00,197.75
SOLUSDT,2021-10-24 00:00:00+00:00,202.14
SOLUSDT,2021-10-25 00:00:00+00:00,209.7
SOLUSDT,2021-10-26 00:00:00+00:00,199.85
SOLUSDT,2021-10-27 00:00:00+00:00,184.49
SOLUSDT,2021-10-28 00:00:00+00:00,195.42
SOLUSDT,2021-10-29 00:00:00+00:00,200.41
SOLUSDT,2021-10-30 00:00:00+00:00,195.7
SOLUSDT,2021-10-31 00:00:00+00:00,202.49
SOLUSDT,2021-11-01 00:00:00+00:00,203.9
SOLUSDT,2021-11-02 00:00:00+00:00,220.82
SOLUSDT,2021-11-03 00:00:00+00:00,243.37
SOLUSDT,2021-11-04 00:00:00+00:00,247.07
SOLUSDT,2021-11-05 00:00:00+00:00,236.06
SOLUSDT,2021-11-06 00:00:00+00:00,258.44
SOLUSDT,2021-11-07 00:00:00+00:00,249.68
SOLUSDT,2021-11-08 00:00:00+00:00,248.26
SOLUSDT,2021-11-09 00:00:00+00:00,239.04
SOLUSDT,2021-11-10 00:00:00+00:00,233.09
SOLUSDT,2021-11-11 00:00:00+00:00,233.37
SOLUSDT,2021-11-12 00:00:00+00:00,228.48
SOLUSDT,2021-11-13 00:00:00+00:00,241.59
SOLUSDT,2021-11-14 00:00:00+00:00,238.64
SOLUSDT,2021-11-15 00:00:00+00:00,238.2
SOLUSDT,2021-11-16 00:00:00+00:00,219.04
SOLUSDT,2021-11-17 00:00:00+00:00,218.94
SOLUSDT,2021-11-18 00:00:00+00:00,195.01
SOLUSDT,2021-11-19 00:00:00+00:00,215.25
SOLUSDT,2021-11-20 00:00:00+00:00,217.63
SOLUSDT,2021-11-21 00:00:00+00:00,230.51
SOLUSDT,2021-11-22 00:00:00+00:00,215.59
SOLUSDT,2021-11-23 00:00:00+00:00,221.75
SOLUSDT,2021-11-24 00:00:00+00:00,205.7
SOLUSDT,2021-11-25 00:00:00+00:00,209.97
SOLUSDT,2021-11-26 00:00:00+00:00,192.42
SOLUSDT,2021-11-27 00:00:00+00:00,192.74
SOLUSDT,2021-11-28 00:00:00+00:00,200.69
SOLUSDT,2021-11-29 00:00:00+00:00,204.09
SOLUSDT,2021-11-30 00:00:00+00:00,208.53
SOLUSDT,2021-12-01 00:00:00+00:00,229.81
SOLUSDT,2021-12-02 00:00:00+00:00,233.6
SOLUSDT,2021-12-03 00:00:00+00:00,211.65
SOLUSDT,2021-12-04 00:00:00+00:00,200.67
SOLUSDT,2021-12-05 00:00:00+00:00,196.43
SOLUSDT,2021-12-06 00:00:00+00:00,193.56
SOLUSDT,2021-12-07 00:00:00+00:00,190.19
SOLUSDT,2021-12-08 00:00:00+00:00,194.61
SOLUSDT,2021-12-09 00:00:00+00:00,181.11
SOLUSDT,2021-12-10 00:00:00+00:00,167.39
SOLUSDT,2021-12-11 00:00:00+00:00,172.15
SOLUSDT,2021-12-12 00:00:00+00:00,172.8
SOLUSDT,2021-12-13 00:00:00+00:00,155.21
SOLUSDT,2021-12-14 00:00:00+00:00,161.26
SOLUSDT,2021-12-15 00:00:00+00:00,178.52
SOLUSDT,2021-12-16 00:00:00+00:00,176.86
SOLUSDT,2021-12-17 00:00:00+00:00,175.51
SOLUSDT,2021-12-18 00:00:00+00:00,182.78
SOLUSDT,2021-12-19 00:00:00+00:00,179.93
SOLUSDT,2021-12-20 00:00:00+00:00,173.9
SOLUSDT,2021-12-21 00:00:00+00:00,179.63
SOLUSDT,2021-12-22 00:00:00+00:00,178.4
SOLUSDT,2021-12-23 00:00:00+00:00,190.03
SOLUSDT,2021-12-24 00:00:00+00:00,190.36
SOLUSDT,2021-12-25 00:00:00+00:00,193.1
SOLUSDT,2021-12-26 00:00:00+00:00,197.81
SOLUSDT,2021-12-27 00:00:00+00:00,195.67
SOLUSDT,2021-12-28 00:00:00+00:00,177.32
SOLUSDT,2021-12-29 00:00:00+00:00,170.63
SOLUSDT,2021-12-30 00:00:00+00:00,172.52
SOLUSDT,2021-12-31 00:00:00+00:00,169.99
SOLUSDT,2022-01-01 00:00:00+00:00,179.06
SOLUSDT,2022-01-02 00:00:00+00:00,176.35
SOLUSDT,2022-01-03 00:00:00+00:00,170.15
SOLUSDT,2022-01-04 00:00:00+00:00,167.72
SOLUSDT,2022-01-05 00:00:00+00:00,154.52
SOLUSDT,2022-01-06 00:00:00+00:00,150.26
SOLUSDT,2022-01-07 00:00:00+00:00,136.45
SOLUSDT,2022-01-08 00:00:00+00:00,142.14
SOLUSDT,2022-01-09 00:00:00+00:00,140.82
SOLUSDT,2022-01-10 00:00:00+00:00,135.86
SOLUSDT,2022-01-11 00:00:00+00:00,140.2
SOLUSDT,2022-01-12 00:00:00+00:00,151.51
SOLUSDT,2022-01-13 00:00:00+00:00,146.14
SOLUSDT,2022-01-14 00:00:00+00:00,146.17
SOLUSDT,2022-01-15 00:00:00+00:00,147.64
SOLUSDT,2022-01-16 00:00:00+00:00,147.98
SOLUSDT,2022-01-17 00:00:00+00:00,139.8
SOLUSDT,2022-01-18 00:00:00+00:00,141.22
SOLUSDT,2022-01-19 00:00:00+00:00,135.25
SOLUSDT,2022-01-20 00:00:00+00:00,127.54
SOLUSDT,2022-01-21 00:00:00+00:00,112.27
SOLUSDT,2022-01-22 00:00:00+00:00,94.54
SOLUSDT,2022-01-23 00:00:00+00:00,99.78
SOLUSDT,2022-01-24 00:00:00+00:00,91.93
SOLUSDT,2022-01-25 00:00:00+00:00,94.67
SOLUSDT,2022-01-26 00:00:00+00:00,92.12
SOLUSDT,2022-01-27 00:00:00+00:00,89.51
SOLUSDT,2022-01-28 00:00:00+00:00,91.34
SOLUSDT,2022-01-29 00:00:00+00:00,96.13
SOLUSDT,2022-01-30 00:00:00+00:00,93.29
SOLUSDT,2022-01-31 00:00:00+00:00,99.49
SOLUSDT,2022-02-01 00:00:00+00:00,110.02
SOLUSDT,2022-02-02 00:00:00+00:00,101.88
SOLUSDT,2022-02-03 00:00:00+00:00,101.77
SOLUSDT,2022-02-04 00:00:00+00:00,112.62
SOLUSDT,2022-02-05 00:00:00+00:00,113.75
SOLUSDT,2022-02-06 00:00:00+00:00,115.28
SOLUSDT,2022-02-07 00:00:00+00:00,117.55
SOLUSDT,2022-02-08 00:00:00+00:00,113.45
SOLUSDT,2022-02-09 00:00:00+00:00,113.93
SOLUSDT,2022-02-10 00:00:00+00:00,106.17
SOLUSDT,2022-02-11 00:00:00+00:00,96.53
SOLUSDT,2022-02-12 00:00:00+00:00,95.96
SOLUSDT,2022-02-13 00:00:00+00:00,92.85
SOLUSDT,2022-02-14 00:00:00+00:00,96.37
SOLUSDT,2022-02-15 00:00:00+00:00,105.52
SOLUSDT,2022-02-16 00:00:00+00:00,101.86
SOLUSDT,2022-02-17 00:00:00+00:00,93.52
SOLUSDT,2022-02-18 00:00:00+00:00,89.86
SOLUSDT,2022-02-19 00:00:00+00:00,91.27
SOLUSDT,2022-02-20 00:00:00+00:00,90.72
SOLUSDT,2022-02-21 00:00:00+00:00,82.96
SOLUSDT,2022-02-22 00:00:00+00:00,86.38
SOLUSDT,2022-02-23 00:00:00+00:00,84.59
SOLUSDT,2022-02-24 00:00:00+00:00,89.36
SOLUSDT,2022-02-25 00:00:00+00:00,92.71
SOLUSDT,2022-02-26 00:00:00+00:00,90.23
SOLUSDT,2022-02-27 00:00:00+00:00,85.63
SOLUSDT,2022-02-28 00:00:00+00:00,99.68
SOLUSDT,2022-03-01 00:00:00+00:00,98.66
SOLUSDT,2022-03-02 00:00:00+00:00,100.68
SOLUSDT,2022-03-03 00:00:00+00:00,95.62
SOLUSDT,2022-03-04 00:00:00+00:00,88.32
SOLUSDT,2022-03-05 00:00:00+00:00,89.63
SOLUSDT,2022-03-06 00:00:00+00:00,84.57
SOLUSDT,2022-03-07 00:00:00+00:00,81.66
SOLUSDT,2022-03-08 00:00:00+00:00,82.32
SOLUSDT,2022-03-09 00:00:00+00:00,88.06
SOLUSDT,2022-03-10 00:00:00+00:00,82.87
SOLUSDT,2022-03-11 00:00:00+00:00,80.67
SOLUSDT,2022-03-12 00:00:00+00:00,81.38
SOLUSDT,2022-03-13 00:00:00+00:00,78.73
SOLUSDT,2022-03-14 00:00:00+00:00,81.22
SOLUSDT,2022-03-15 00:00:00+00:00,82.84
SOLUSDT,2022-03-16 00:00:00+00:00,87.77
SOLUSDT,2022-03-17 00:00:00+00:00,87.8
SOLUSDT,2022-03-18 00:00:00+00:00,89.8
SOLUSDT,2022-03-19 00:00:00+00:00,92.31
SOLUSDT,2022-03-20 00:00:00+00:00,88.62
SOLUSDT,2022-03-21 00:00:00+00:00,88.59
SOLUSDT,2022-03-22 00:00:00+00:00,90.43
SOLUSDT,2022-03-23 00:00:00+00:00,94.89
SOLUSDT,2022-03-24 00:00:00+00:00,102.32
SOLUSDT,2022-03-25 00:00:00+00:00,98.6
SOLUSDT,2022-03-26 00:00:00+00:00,101.73
SOLUSDT,2022-03-27 00:00:00+00:00,107.04
SOLUSDT,2022-03-28 00:00:00+00:00,105.75
SOLUSDT,2022-03-29 00:00:00+00:00,111.62
SOLUSDT,2022-03-30 00:00:00+00:00,120.82
SOLUSDT,2022-03-31 00:00:00+00:00,122.77
SOLUSDT,2022-04-01 00:00:00+00:00,134.52
SOLUSDT,2022-04-02 00:00:00+00:00,132.49
SOLUSDT,2022-04-03 00:00:00+00:00,136.9
SOLUSDT,2022-04-04 00:00:00+00:00,132.14
SOLUSDT,2022-04-05 00:00:00+00:00,126.87
SOLUSDT,2022-04-06 00:00:00+00:00,112.95
SOLUSDT,2022-04-07 00:00:00+00:00,118.48
SOLUSDT,2022-04-08 00:00:00+00:00,109.92
SOLUSDT,2022-04-09 00:00:00+00:00,112.96
SOLUSDT,2022-04-10 00:00:00+00:00,111.07
SOLUSDT,2022-04-11 00:00:00+00:00,99.67
SOLUSDT,2022-04-12 00:00:00+00:00,103.22
SOLUSDT,2022-04-13 00:00:00+00:00,104.94
SOLUSDT,2022-04-14 00:00:00+00:00,100.77
SOLUSDT,2022-04-15 00:00:00+00:00,101.31
SOLUSDT,2022-04-16 00:00:00+00:00,102.06
SOLUSDT,2022-04-17 00:00:00+00:00,100.15
SOLUSDT,2022-04-18 00:00:00+00:00,102.33
SOLUSDT,2022-04-19 00:00:00+00:00,108.51
SOLUSDT,2022-04-20 00:00:00+00:00,105.59
SOLUSDT,2022-04-21 00:00:00+00:00,101.78
SOLUSDT,2022-04-22 00:00:00+00:00,100.55
SOLUSDT,2022-04-23 00:00:00+00:00,100.63
SOLUSDT,2022-04-24 00:00:00+00:00,99.23
SOLUSDT,2022-04-25 00:00:00+00:00,100.99
SOLUSDT,2022-04-26 00:00:00+00:00,95.7
SOLUSDT,2022-04-27 00:00:00+00:00,98.36
SOLUSDT,2022-04-28 00:00:00+00:00,98.24
SOLUSDT,2022-04-29 00:00:00+00:00,93.96
SOLUSDT,2022-04-30 00:00:00+00:00,84.63
SOLUSDT,2022-05-01 00:00:00+00:00,89.68
SOLUSDT,2022-05-02 00:00:00+00:00,87.5
SOLUSDT,2022-05-03 00:00:00+00:00,85.86
SOLUSDT,2022-05-04 00:00:00+00:00,92.77
SOLUSDT,2022-05-05 00:00:00+00:00,84.52
SOLUSDT,2022-05-06 00:00:00+00:00,81.68
SOLUSDT,2022-05-07 00:00:00+00:00,78.86
SOLUSDT,2022-05-08 00:00:00+00:00,75.38
SOLUSDT,2022-05-09 00:00:00+00:00,62.16
SOLUSDT,2022-05-10 00:00:00+00:00,66.9
SOLUSDT,2022-05-11 00:00:00+00:00,50.9
SOLUSDT,2022-05-12 00:00:00+00:00,44.64
SOLUSDT,2022-05-13 00:00:00+00:00,48.92
SOLUSDT,2022-05-14 00:00:00+00:00,52.43
SOLUSDT,2022-05-15 00:00:00+00:00,58.83
SOLUSDT,2022-05-16 00:00:00+00:00,53.79
SOLUSDT,2022-05-17 00:00:00+00:00,57.02
SOLUSDT,2022-05-18 00:00:00+00:00,49.93
SOLUSDT,2022-05-19 00:00:00+00:00,52.2
SOLUSDT,2022-05-20 00:00:00+00:00,49.43
SOLUSDT,2022-05-21 00:00:00+00:00,50.31
SOLUSDT,2022-05-22 00:00:00+00:00,52.48
SOLUSDT,2022-05-23 00:00:00+00:00,49.17
SOLUSDT,2022-05-24 00:00:00+00:00,49.67
SOLUSDT,2022-05-25 00:00:00+00:00,47.98
SOLUSDT,2022-05-26 00:00:00+00:00,43.44
SOLUSDT,2022-05-27 00:00:00+00:00,41.17
SOLUSDT,2022-05-28 00:00:00+00:00,44.25
SOLUSDT,2022-05-29 00:00:00+00:00,44.98
SOLUSDT,2022-05-30 00:00:00+00:00,47.22
SOLUSDT,2022-05-31 00:00:00+00:00,45.77
SOLUSDT,2022-06-01 00:00:00+00:00,40.11
SOLUSDT,2022-06-02 00:00:00+00:00,40.85
SOLUSDT,2022-06-03 00:00:00+00:00,38.28
SOLUSDT,2022-06-04 00:00:00+00:00,39.0
SOLUSDT,2022-06-05 00:00:00+00:00,38.52
SOLUSDT,2022-06-06 00:00:00+00:00,42.39
SOLUSDT,2022-06-07 00:00:00+00:00,39.31
SOLUSDT,2022-06-08 00:00:00+00:00,38.83
SOLUSDT,2022-06-09 00:00:00+00:00,39.96
SOLUSDT,2022-06-10 00:00:00+00:00,37.17
SOLUSDT,2022-06-11 00:00:00+00:00,33.93
SOLUSDT,2022-06-12 00:00:00+00:00,30.61
SOLUSDT,2022-06-13 00:00:00+00:00,28.6
SOLUSDT,2022-06-14 00:00:00+00:00,29.59
SOLUSDT,2022-06-15 00:00:00+00:00,34.76
SOLUSDT,2022-06-16 00:00:00+00:00,30.12
SOLUSDT,2022-06-17 00:00:00+00:00,30.71
SOLUSDT,2022-06-18 00:00:00+00:00,32.02
SOLUSDT,2022-06-19 00:00:00+00:00,34.19
SOLUSDT,2022-06-20 00:00:00+00:00,35.24
SOLUSDT,2022-06-21 00:00:00+00:00,36.42
SOLUSDT,2022-06-22 00:00:00+00:00,34.12
SOLUSDT,2022-06-23 00:00:00+00:00,38.15
SOLUSDT,2022-06-24 00:00:00+00:00,41.91
SOLUSDT,2022-06-25 00:00:00+00:00,42.22
SOLUSDT,2022-06-26 00:00:00+00:00,39.39
SOLUSDT,2022-06-27 00:00:00+00:00,38.52
SOLUSDT,2022-06-28 00:00:00+00:00,35.35
SOLUSDT,2022-06-29 00:00:00+00:00,34.05
SOLUSDT,2022-06-30 00:00:00+00:00,33.76
SOLUSDT,2022-07-01 00:00:00+00:00,32.84
SOLUSDT,2022-07-02 00:00:00+00:00,33.36
SOLUSDT,2022-07-03 00:00:00+00:00,33.39
SOLUSDT,2022-07-04 00:00:00+00:00,36.71
SOLUSDT,2022-07-05 00:00:00+00:00,35.4
SOLUSDT,2022-07-06 00:00:00+00:00,37.04
SOLUSDT,2022-07-07 00:00:00+00:00,38.46
SOLUSDT,2022-07-08 00:00:00+00:00,38.12
SOLUSDT,2022-07-09 00:00:00+00:00,38.06
SOLUSDT,2022-07-10 00:00:00+00:00,36.71
SOLUSDT,2022-07-11 00:00:00+00:00,33.42
SOLUSDT,2022-07-12 00:00:00+00:00,32.68
SOLUSDT,2022-07-13 00:00:00+00:00,34.94
SOLUSDT,2022-07-14 00:00:00+00:00,37.15
SOLUSDT,2022-07-15 00:00:00+00:00,37.36
SOLUSDT,2022-07-16 00:00:00+00:00,39.58
SOLUSDT,2022-07-17 00:00:00+00:00,38.62
SOLUSDT,2022-07-18 00:00:00+00:00,43.52
SOLUSDT,2022-07-19 00:00:00+00:00,44.87
SOLUSDT,2022-07-20 00:00:00+00:00,42.04
SOLUSDT,2022-07-21 00:00:00+00:00,43.11
SOLUSDT,2022-07-22 00:00:00+00:00,40.54
SOLUSDT,2022-07-23 00:00:00+00:00,39.97
SOLUSDT,2022-07-24 00:00:00+00:00,40.93
SOLUSDT,2022-07-25 00:00:00+00:00,36.65
SOLUSDT,2022-07-26 00:00:00+00:00,36.25
SOLUSDT,2022-07-27 00:00:00+00:00,40.23
SOLUSDT,2022-07-28 00:00:00+00:00,42.91
SOLUSDT,2022-07-29 00:00:00+00:00,41.91
SOLUSDT,2022-07-30 00:00:00+00:00,43.84
SOLUSDT,2022-07-31 00:00:00+00:00,42.35
SOLUSDT,2022-08-01 00:00:00+00:00,41.65
SOLUSDT,2022-08-02 00:00:00+00:00,39.79
SOLUSDT,2022-08-03 00:00:00+00:00,38.54
SOLUSDT,2022-08-04 00:00:00+00:00,38.83
SOLUSDT,2022-08-05 00:00:00+00:00,40.55
SOLUSDT,2022-08-06 00:00:00+00:00,40.07
SOLUSDT,2022-08-07 00:00:00+00:00,40.6
SOLUSDT,2022-08-08 00:00:00+00:00,42.18
SOLUSDT,2022-08-09 00:00:00+00:00,40.33
SOLUSDT,2022-08-10 00:00:00+00:00,42.47
SOLUSDT,2022-08-11 00:00:00+00:00,42.77
SOLUSDT,2022-08-12 00:00:00+00:00,45.48
SOLUSDT,2022-08-13 00:00:00+00:00,46.6
SOLUSDT,2022-08-14 00:00:00+00:00,44.87
SOLUSDT,2022-08-15 00:00:00+00:00,43.72
SOLUSDT,2022-08-16 00:00:00+00:00,43.08
SOLUSDT,2022-08-17 00:00:00+00:00,40.54
SOLUSDT,2022-08-18 00:00:00+00:00,39.52
SOLUSDT,2022-08-19 00:00:00+00:00,35.81
SOLUSDT,2022-08-20 00:00:00+00:00,35.28
SOLUSDT,2022-08-21 00:00:00+00:00,36.47
SOLUSDT,2022-08-22 00:00:00+00:00,35.41
SOLUSDT,2022-08-23 00:00:00+00:00,35.68
SOLUSDT,2022-08-24 00:00:00+00:00,34.89
SOLUSDT,2022-08-25 00:00:00+00:00,35.27
SOLUSDT,2022-08-26 00:00:00+00:00,31.72
SOLUSDT,2022-08-27 00:00:00+00:00,31.53
SOLUSDT,2022-08-28 00:00:00+00:00,30.44
SOLUSDT,2022-08-29 00:00:00+00:00,32.42
SOLUSDT,2022-08-30 00:00:00+00:00,31.47
SOLUSDT,2022-08-31 00:00:00+00:00,31.5
SOLUSDT,2022-09-01 00:00:00+00:00,31.61
SOLUSDT,2022-09-02 00:00:00+00:00,31.23
SOLUSDT,2022-09-03 00:00:00+00:00,31.12
SOLUSDT,2022-09-04 00:00:00+00:00,32.16
SOLUSDT,2022-09-05 00:00:00+00:00,32.18
SOLUSDT,2022-09-06 00:00:00+00:00,30.88
SOLUSDT,2022-09-07 00:00:00+00:00,32.69
SOLUSDT,2022-09-08 00:00:00+00:00,33.61
SOLUSDT,2022-09-09 00:00:00+00:00,34.67
SOLUSDT,2022-09-10 00:00:00+00:00,35.03
SOLUSDT,2022-09-11 00:00:00+00:00,34.99
SOLUSDT,2022-09-12 00:00:00+00:00,37.44
SOLUSDT,2022-09-13 00:00:00+00:00,33.0
SOLUSDT,2022-09-14 00:00:00+00:00,34.12
SOLUSDT,2022-09-15 00:00:00+00:00,33.07
SOLUSDT,2022-09-16 00:00:00+00:00,32.25
SOLUSDT,2022-09-17 00:00:00+00:00,33.68
SOLUSDT,2022-09-18 00:00:00+00:00,31.1
SOLUSDT,2022-09-19 00:00:00+00:00,32.62
SOLUSDT,2022-09-20 00:00:00+00:00,31.41
SOLUSDT,2022-09-21 00:00:00+00:00,30.65
SOLUSDT,2022-09-22 00:00:00+00:00,32.43
SOLUSDT,2022-09-23 00:00:00+00:00,33.66
SOLUSDT,2022-09-24 00:00:00+00:00,33.38
SOLUSDT,2022-09-25 00:00:00+00:00,32.34
SOLUSDT,2022-09-26 00:00:00+00:00,33.88
SOLUSDT,2022-09-27 00:00:00+00:00,32.69
SOLUSDT,2022-09-28 00:00:00+00:00,33.22
SOLUSDT,2022-09-29 00:00:00+00:00,33.93
SOLUSDT,2022-09-30 00:00:00+00:00,33.25
SOLUSDT,2022-10-01 00:00:00+00:00,32.44
SOLUSDT,2022-10-02 00:00:00+00:00,32.06
SOLUSDT,2022-10-03 00:00:00+00:00,32.89
SOLUSDT,2022-10-04 00:00:00+00:00,34.09
SOLUSDT,2022-10-05 00:00:00+00:00,34.04
SOLUSDT,2022-10-06 00:00:00+00:00,33.36
SOLUSDT,2022-10-07 00:00:00+00:00,32.98
SOLUSDT,2022-10-08 00:00:00+00:00,32.58
SOLUSDT,2022-10-09 00:00:00+00:00,32.92
SOLUSDT,2022-10-10 00:00:00+00:00,31.96
SOLUSDT,2022-10-11 00:00:00+00:00,30.8
SOLUSDT,2022-10-12 00:00:00+00:00,31.16
SOLUSDT,2022-10-13 00:00:00+00:00,30.49
SOLUSDT,2022-10-14 00:00:00+00:00,30.0
SOLUSDT,2022-10-15 00:00:00+00:00,29.59
SOLUSDT,2022-10-16 00:00:00+00:00,30.17
SOLUSDT,2022-10-17 00:00:00+00:00,31.21
SOLUSDT,2022-10-18 00:00:00+00:00,30.15
SOLUSDT,2022-10-19 00:00:00+00:00,28.86
SOLUSDT,2022-10-20 00:00:00+00:00,28.01
SOLUSDT,2022-10-21 00:00:00+00:00,28.1
SOLUSDT,2022-10-22 00:00:00+00:00,28.01
SOLUSDT,2022-10-23 00:00:00+00:00,29.28
SOLUSDT,2022-10-24 00:00:00+00:00,28.3
SOLUSDT,2022-10-25 00:00:00+00:00,30.86
SOLUSDT,2022-10-26 00:00:00+00:00,31.29
SOLUSDT,2022-10-27 00:00:00+00:00,30.58
SOLUSDT,2022-10-28 00:00:00+00:00,32.07
SOLUSDT,2022-10-29 00:00:00+00:00,32.87
SOLUSDT,2022-10-30 00:00:00+00:00,32.94
SOLUSDT,2022-10-31 00:00:00+00:00,32.56
SOLUSDT,2022-11-01 00:00:00+00:00,32.2
SOLUSDT,2022-11-02 00:00:00+00:00,30.8
SOLUSDT,2022-11-03 00:00:00+00:00,30.85
SOLUSDT,2022-11-04 00:00:00+00:00,33.74
SOLUSDT,2022-11-05 00:00:00+00:00,36.9
SOLUSDT,2022-11-06 00:00:00+00:00,32.62
SOLUSDT,2022-11-07 00:00:00+00:00,29.62
SOLUSDT,2022-11-08 00:00:00+00:00,24.38
SOLUSDT,2022-11-09 00:00:00+00:00,14.08
SOLUSDT,2022-11-10 00:00:00+00:00,17.66
SOLUSDT,2022-11-11 00:00:00+00:00,16.45
SOLUSDT,2022-11-12 00:00:00+00:00,14.58
SOLUSDT,2022-11-13 00:00:00+00:00,13.18
SOLUSDT,2022-11-14 00:00:00+00:00,14.0
SOLUSDT,2022-11-15 00:00:00+00:00,14.32
SOLUSDT,2022-11-16 00:00:00+00:00,14.27
SOLUSDT,2022-11-17 00:00:00+00:00,13.65
SOLUSDT,2022-11-18 00:00:00+00:00,13.27
SOLUSDT,2022-11-19 00:00:00+00:00,12.84
SOLUSDT,2022-11-20 00:00:00+00:00,12.27
SOLUSDT,2022-11-21 00:00:00+00:00,11.83
SOLUSDT,2022-11-22 00:00:00+00:00,12.44
SOLUSDT,2022-11-23 00:00:00+00:00,14.36
SOLUSDT,2022-11-24 00:00:00+00:00,14.59
SOLUSDT,2022-11-25 00:00:00+00:00,14.03
SOLUSDT,2022-11-26 00:00:00+00:00,14.17
SOLUSDT,2022-11-27 00:00:00+00:00,14.12
SOLUSDT,2022-11-28 00:00:00+00:00,13.32
SOLUSDT,2022-11-29 00:00:00+00:00,13.34
SOLUSDT,2022-11-30 00:00:00+00:00,14.16
SOLUSDT,2022-12-01 00:00:00+00:00,13.51
SOLUSDT,2022-12-02 00:00:00+00:00,13.71
SOLUSDT,2022-12-03 00:00:00+00:00,13.29
SOLUSDT,2022-12-04 00:00:00+00:00,13.71
SOLUSDT,2022-12-05 00:00:00+00:00,13.82
SOLUSDT,2022-12-06 00:00:00+00:00,14.3
SOLUSDT,2022-12-07 00:00:00+00:00,13.49
SOLUSDT,2022-12-08 00:00:00+00:00,13.69
SOLUSDT,2022-12-09 00:00:00+00:00,13.59
SOLUSDT,2022-12-10 00:00:00+00:00,13.58
SOLUSDT,2022-12-11 00:00:00+00:00,13.42
SOLUSDT,2022-12-12 00:00:00+00:00,13.31
SOLUSDT,2022-12-13 00:00:00+00:00,13.89
SOLUSDT,2022-12-14 00:00:00+00:00,14.12
SOLUSDT,2022-12-15 00:00:00+00:00,14.04
SOLUSDT,2022-12-16 00:00:00+00:00,12.25
SOLUSDT,2022-12-17 00:00:00+00:00,12.51
SOLUSDT,2022-12-18 00:00:00+00:00,12.38
SOLUSDT,2022-12-19 00:00:00+00:00,11.94
SOLUSDT,2022-12-20 00:00:00+00:00,12.26
SOLUSDT,2022-12-21 00:00:00+00:00,12.14
SOLUSDT,2022-12-22 00:00:00+00:00,11.82
SOLUSDT,2022-12-23 00:00:00+00:00,11.78
SOLUSDT,2022-12-24 00:00:00+00:00,11.45
SOLUSDT,2022-12-25 00:00:00+00:00,11.38
SOLUSDT,2022-12-26 00:00:00+00:00,11.32
SOLUSDT,2022-12-27 00:00:00+00:00,11.09
SOLUSDT,2022-12-28 00:00:00+00:00,9.76
SOLUSDT,2022-12-29 00:00:00+00:00,9.64
SOLUSDT,2022-12-30 00:00:00+00:00,9.9
SOLUSDT,2022-12-31 00:00:00+00:00,9.97
SOLUSDT,2023-01-01 00:00:00+00:00,9.99
SOLUSDT,2023-01-02 00:00:00+00:00,11.28
SOLUSDT,2023-01-03 00:00:00+00:00,13.37
SOLUSDT,2023-01-04 00:00:00+00:00,13.43
SOLUSDT,2023-01-05 00:00:00+00:00,13.43
SOLUSDT,2023-01-06 00:00:00+00:00,13.5
SOLUSDT,2023-01-07 00:00:00+00:00,13.1
SOLUSDT,2023-01-08 00:00:00+00:00,14.45
SOLUSDT,2023-01-09 00:00:00+00:00,16.25
SOLUSDT,2023-01-10 00:00:00+00:00,16.2
SOLUSDT,2023-01-11 00:00:00+00:00,16.36
SOLUSDT,2023-01-12 00:00:00+00:00,16.59
SOLUSDT,2023-01-13 00:00:00+00:00,18.29
SOLUSDT,2023-01-14 00:00:00+00:00,24.24
SOLUSDT,2023-01-15 00:00:00+00:00,22.89
SOLUSDT,2023-01-16 00:00:00+00:00,23.58
SOLUSDT,2023-01-17 00:00:00+00:00,22.86
SOLUSDT,2023-01-18 00:00:00+00:00,20.79
SOLUSDT,2023-01-19 00:00:00+00:00,21.4
SOLUSDT,2023-01-20 00:00:00+00:00,25.51
SOLUSDT,2023-01-21 00:00:00+00:00,24.57
SOLUSDT,2023-01-22 00:00:00+00:00,24.21
SOLUSDT,2023-01-23 00:00:00+00:00,24.33
SOLUSDT,2023-01-24 00:00:00+00:00,22.78
SOLUSDT,2023-01-25 00:00:00+00:00,24.52
SOLUSDT,2023-01-26 00:00:00+00:00,24.33
SOLUSDT,2023-01-27 00:00:00+00:00,24.43
SOLUSDT,2023-01-28 00:00:00+00:00,24.0
SOLUSDT,2023-01-29 00:00:00+00:00,26.07
SOLUSDT,2023-01-30 00:00:00+00:00,23.96
SOLUSDT,2023-01-31 00:00:00+00:00,23.92
SOLUSDT,2023-02-01 00:00:00+00:00,25.0
SOLUSDT,2023-02-02 00:00:00+00:00,24.32
SOLUSDT,2023-02-03 00:00:00+00:00,24.69
SOLUSDT,2023-02-04 00:00:00+00:00,24.34
SOLUSDT,2023-02-05 00:00:00+00:00,23.47
SOLUSDT,2023-02-06 00:00:00+00:00,22.66
SOLUSDT,2023-02-07 00:00:00+00:00,23.82
SOLUSDT,2023-02-08 00:00:00+00:00,23.22
SOLUSDT,2023-02-09 00:00:00+00:00,20.48
SOLUSDT,2023-02-10 00:00:00+00:00,20.11
SOLUSDT,2023-02-11 00:00:00+00:00,20.81
SOLUSDT,2023-02-12 00:00:00+00:00,21.49
SOLUSDT,2023-02-13 00:00:00+00:00,20.77
SOLUSDT,2023-02-14 00:00:00+00:00,21.84
SOLUSDT,2023-02-15 00:00:00+00:00,23.86
SOLUSDT,2023-02-16 00:00:00+00:00,22.24
SOLUSDT,2023-02-17 00:00:00+00:00,23.14
SOLUSDT,2023-02-18 00:00:00+00:00,23.45
SOLUSDT,2023-02-19 00:00:00+00:00,24.84
SOLUSDT,2023-02-20 00:00:00+00:00,26.26
SOLUSDT,2023-02-21 00:00:00+00:00,24.98
SOLUSDT,2023-02-22 00:00:00+00:00,24.16
SOLUSDT,2023-02-23 00:00:00+00:00,23.91
SOLUSDT,2023-02-24 00:00:00+00:00,23.07
SOLUSDT,2023-02-25 00:00:00+00:00,22.37
SOLUSDT,2023-02-26 00:00:00+00:00,23.25
SOLUSDT,2023-02-27 00:00:00+00:00,22.68
SOLUSDT,2023-02-28 00:00:00+00:00,21.89
SOLUSDT,2023-03-01 00:00:00+00:00,22.51
SOLUSDT,2023-03-02 00:00:00+00:00,22.0
SOLUSDT,2023-03-03 00:00:00+00:00,21.42
SOLUSDT,2023-03-04 00:00:00+00:00,20.98
SOLUSDT,2023-03-05 00:00:00+00:00,20.97
SOLUSDT,2023-03-06 00:00:00+00:00,20.63
SOLUSDT,2023-03-07 00:00:00+00:00,20.25
SOLUSDT,2023-03-08 00:00:00+00:00,18.41
SOLUSDT,2023-03-09 00:00:00+00:00,17.33
SOLUSDT,2023-03-10 00:00:00+00:00,18.17
SOLUSDT,2023-03-11 00:00:00+00:00,18.07
SOLUSDT,2023-03-12 00:00:00+00:00,20.2
SOLUSDT,2023-03-13 00:00:00+00:00,20.4
SOLUSDT,2023-03-14 00:00:00+00:00,20.86
SOLUSDT,2023-03-15 00:00:00+00:00,19.24
SOLUSDT,2023-03-16 00:00:00+00:00,19.67
SOLUSDT,2023-03-17 00:00:00+00:00,21.6
SOLUSDT,2023-03-18 00:00:00+00:00,21.2
SOLUSDT,2023-03-19 00:00:00+00:00,21.86
SOLUSDT,2023-03-20 00:00:00+00:00,22.13
SOLUSDT,2023-03-21 00:00:00+00:00,22.53
SOLUSDT,2023-03-22 00:00:00+00:00,21.42
SOLUSDT,2023-03-23 00:00:00+00:00,22.16
SOLUSDT,2023-03-24 00:00:00+00:00,
SOLUSDT,2023-03-25 00:00:00+00:00,20.41
SOLUSDT,2023-03-26 00:00:00+00:00,20.94
SOLUSDT,2023-03-27 00:00:00+00:00,19.91
SOLUSDT,2023-03-28 00:00:00+00:00,20.45
SOLUSDT,2023-03-29 00:00:00+00:00,21.1
SOLUSDT,2023-03-30 00:00:00+00:00,20.55
SOLUSDT,2023-03-31 00:00:00+00:00,21.16
SOLUSDT,2023-04-01 00:00:00+00:00,21.08
SOLUSDT,2023-04-02 00:00:00+00:00,20.52
SOLUSDT,2023-04-03 00:00:00+00:00,20.45
SOLUSDT,2023-04-04 00:00:00+00:00,20.92
SOLUSDT,2023-04-05 00:00:00+00:00,20.97
SOLUSDT,2023-04-06 00:00:00+00:00,20.62
SOLUSDT,2023-04-07 00:00:00+00:00,20.44
SOLUSDT,2023-04-08 00:00:00+00:00,20.04
SOLUSDT,2023-04-09 00:00:00+00:00,20.28
SOLUSDT,2023-04-10 00:00:00+00:00,20.89
SOLUSDT,2023-04-11 00:00:00+00:00,22.98
SOLUSDT,2023-04-12 00:00:00+00:00,23.8
SOLUSDT,2023-04-13 00:00:00+00:00,24.43
SOLUSDT,2023-04-14 00:00:00+00:00,24.71
SOLUSDT,2023-04-15 00:00:00+00:00,24.05
SOLUSDT,2023-04-16 00:00:00+00:00,25.34
SOLUSDT,2023-04-17 00:00:00+00:00,24.58
SOLUSDT,2023-04-18 00:00:00+00:00,24.82
SOLUSDT,2023-04-19 00:00:00+00:00,22.66
SOLUSDT,2023-04-20 00:00:00+00:00,22.2
SOLUSDT,2023-04-21 00:00:00+00:00,21.25
SOLUSDT,2023-04-22 00:00:00+00:00,21.79
SOLUSDT,2023-04-23 00:00:00+00:00,21.47
SOLUSDT,2023-04-24 00:00:00+00:00,21.38
SOLUSDT,2023-04-25 00:00:00+00:00,21.93
SOLUSDT,2023-04-26 00:00:00+00:00,21.28
SOLUSDT,2023-04-27 00:00:00+00:00,22.33
SOLUSDT,2023-04-28 00:00:00+00:00,23.34
SOLUSDT,2023-04-29 00:00:00+00:00,23.19
SOLUSDT,2023-04-30 00:00:00+00:00,22.74
SOLUSDT,2023-05-01 00:00:00+00:00,21.96
SOLUSDT,2023-05-02 00:00:00+00:00,22.25
SOLUSDT,2023-05-03 00:00:00+00:00,22.24
SOLUSDT,2023-05-04 00:00:00+00:00,21.74
SOLUSDT,2023-05-05 00:00:00+00:00,22.82
SOLUSDT,2023-05-06 00:00:00+00:00,21.91
SOLUSDT,2023-05-07 00:00:00+00:00,21.66
SOLUSDT,2023-05-08 00:00:00+00:00,20.62
SOLUSDT,2023-05-09 00:00:00+00:00,20.65
SOLUSDT,2023-05-10 00:00:00+00:00,20.91
SOLUSDT,2023-05-11 00:00:00+00:00,20.17
SOLUSDT,2023-05-12 00:00:00+00:00,20.9
SOLUSDT,2023-05-13 00:00:00+00:00,20.84
SOLUSDT,2023-05-14 00:00:00+00:00,20.93
SOLUSDT,2023-05-15 00:00:00+00:00,20.99
SOLUSDT,2023-05-16 00:00:00+00:00,20.67
SOLUSDT,2023-05-17 00:00:00+00:00,21.06
SOLUSDT,2023-05-18 00:00:00+00:00,20.34
SOLUSDT,2023-05-19 00:00:00+00:00,20.36
SOLUSDT,2023-05-20 00:00:00+00:00,20.28
SOLUSDT,2023-05-21 00:00:00+00:00,19.61
SOLUSDT,2023-05-22 00:00:00+00:00,19.53
SOLUSDT,2023-05-23 00:00:00+00:00,20.02
SOLUSDT,2023-05-24 00:00:00+00:00,19.22
SOLUSDT,2023-05-25 00:00:00+00:00,19.25
SOLUSDT,2023-05-26 00:00:00+00:00,19.35
SOLUSDT,2023-05-27 00:00:00+00:00,20.43
SOLUSDT,2023-05-28 00:00:00+00:00,20.81
SOLUSDT,2023-05-29 00:00:00+00:00,20.57
SOLUSDT,2023-05-30 00:00:00+00:00,21.25
SOLUSDT,2023-05-31 00:00:00+00:00,20.81
SOLUSDT,2023-06-01 00:00:00+00:00,20.49
SOLUSDT,2023-06-02 00:00:00+00:00,21.26
SOLUSDT,2023-06-03 00:00:00+00:00,21.19
SOLUSDT,2023-06-04 00:00:00+00:00,21.82
SOLUSDT,2023-06-05 00:00:00+00:00,20.0
SOLUSDT,2023-06-06 00:00:00+00:00,20.38
SOLUSDT,2023-06-07 00:00:00+00:00,18.64
SOLUSDT,2023-06-08 00:00:00+00:00,18.89
SOLUSDT,2023-06-09 00:00:00+00:00,17.4
SOLUSDT,2023-06-10 00:00:00+00:00,15.61
SOLUSDT,2023-06-11 00:00:00+00:00,15.55
SOLUSDT,2023-06-12 00:00:00+00:00,15.19
SOLUSDT,2023-06-13 00:00:00+00:00,15.04
SOLUSDT,2023-06-14 00:00:00+00:00,14.48
SOLUSDT,2023-06-15 00:00:00+00:00,14.77
SOLUSDT,2023-06-16 00:00:00+00:00,15.31
SOLUSDT,2023-06-17 00:00:00+00:00,15.64
SOLUSDT,2023-06-18 00:00:00+00:00,15.45
SOLUSDT,2023-06-19 00:00:00+00:00,16.1
SOLUSDT,2023-06-20 00:00:00+00:00,16.64
SOLUSDT,2023-06-21 00:00:00+00:00,17.23
SOLUSDT,2023-06-22 00:00:00+00:00,16.62
SOLUSDT,2023-06-23 00:00:00+00:00,17.13
SOLUSDT,2023-06-24 00:00:00+00:00,16.64
SOLUSDT,2023-06-25 00:00:00+00:00,16.96
SOLUSDT,2023-06-26 00:00:00+00:00,16.27
SOLUSDT,2023-06-27 00:00:00+00:00,16.63
SOLUSDT,2023-06-28 00:00:00+00:00,15.97
SOLUSDT,2023-06-29 00:00:00+00:00,17.99
SOLUSDT,2023-06-30 00:00:00+00:00,18.86
SOLUSDT,2023-07-01 00:00:00+00:00,18.7
SOLUSDT,2023-07-02 00:00:00+00:00,19.45
SOLUSDT,2023-07-03 00:00:00+00:00,19.26
SOLUSDT,2023-07-04 00:00:00+00:00,19.13
SOLUSDT,2023-07-05 00:00:00+00:00,19.0
SOLUSDT,2023-07-06 00:00:00+00:00,19.61
SOLUSDT,2023-07-07 00:00:00+00:00,21.5
SOLUSDT,2023-07-08 00:00:00+00:00,21.81
SOLUSDT,2023-07-09 00:00:00+00:00,21.32
SOLUSDT,2023-07-10 00:00:00+00:00,21.3
SOLUSDT,2023-07-11 00:00:00+00:00,22.07
SOLUSDT,2023-07-12 00:00:00+00:00,21.94
SOLUSDT,2023-07-13 00:00:00+00:00,26.01
SOLUSDT,2023-07-14 00:00:00+00:00,26.67
SOLUSDT,2023-07-15 00:00:00+00:00,27.46
SOLUSDT,2023-07-16 00:00:00+00:00,27.42
SOLUSDT,2023-07-17 00:00:00+00:00,26.8
SOLUSDT,2023-07-18 00:00:00+00:00,25.54
SOLUSDT,2023-07-19 00:00:00+00:00,26.31
SOLUSDT,2023-07-20 00:00:00+00:00,25.38
SOLUSDT,2023-07-21 00:00:00+00:00,25.5
SOLUSDT,2023-07-22 00:00:00+00:00,24.52
SOLUSDT,2023-07-23 00:00:00+00:00,24.76
SOLUSDT,2023-07-24 00:00:00+00:00,23.37
SOLUSDT,2023-07-25 00:00:00+00:00,23.27
SOLUSDT,2023-07-26 00:00:00+00:00,25.17
SOLUSDT,2023-07-27 00:00:00+00:00,25.1
SOLUSDT,2023-07-28 00:00:00+00:00,24.82
SOLUSDT,2023-07-29 00:00:00+00:00,25.17
SOLUSDT,2023-07-30 00:00:00+00:00,24.25
SOLUSDT,2023-07-31 00:00:00+00:00,23.73
SOLUSDT,2023-08-01 00:00:00+00:00,24.05
SOLUSDT,2023-08-02 00:00:00+00:00,23.15
SOLUSDT,2023-08-03 00:00:00+00:00,22.65
SOLUSDT,2023-08-04 00:00:00+00:00,22.8
SOLUSDT,2023-08-05 00:00:00+00:00,22.65
SOLUSDT,2023-08-06 00:00:00+00:00,23.2
SOLUSDT,2023-08-07 00:00:00+00:00,23.12
SOLUSDT,2023-08-08 00:00:00+00:00,24.22
SOLUSDT,2023-08-09 00:00:00+00:00,24.38
SOLUSDT,2023-08-10 00:00:00+00:00,24.62
SOLUSDT,2023-08-11 00:00:00+00:00,24.62
SOLUSDT,2023-08-12 00:00:00+00:00,24.91
SOLUSDT,2023-08-13 00:00:00+00:00,24.23
SOLUSDT,2023-08-14 00:00:00+00:00,25.18
SOLUSDT,2023-08-15 00:00:00+00:00,23.9
SOLUSDT,2023-08-16 00:00:00+00:00,22.82
SOLUSDT,2023-08-17 00:00:00+00:00,21.66
SOLUSDT,2023-08-18 00:00:00+00:00,21.34
SOLUSDT,2023-08-19 00:00:00+00:00,21.9
SOLUSDT,2023-08-20 00:00:00+00:00,21.77
SOLUSDT,2023-08-21 00:00:00+00:00,21.2
SOLUSDT,2023-08-22 00:00:00+00:00,20.59
SOLUSDT,2023-08-23 00:00:00+00:00,21.74
SOLUSDT,2023-08-24 00:00:00+00:00,21.06
SOLUSDT,2023-08-25 00:00:00+00:00,20.42
SOLUSDT,2023-08-26 00:00:00+00:00,20.29
SOLUSDT,2023-08-27 00:00:00+00:00,20.79
SOLUSDT,2023-08-28 00:00:00+00:00,20.56
SOLUSDT,2023-08-29 00:00:00+00:00,21.79
SOLUSDT,2023-08-30 00:00:00+00:00,20.82
SOLUSDT,2023-08-31 00:00:00+00:00,19.74
SOLUSDT,2023-09-01 00:00:00+00:00,19.33
SOLUSDT,2023-09-02 00:00:00+00:00,19.5
SOLUSDT,2023-09-03 00:00:00+00:00,19.57
SOLUSDT,2023-09-04 00:00:00+00:00,19.52
SOLUSDT,2023-09-05 00:00:00+00:00,20.26
SOLUSDT,2023-09-06 00:00:00+00:00,19.64
SOLUSDT,2023-09-07 00:00:00+00:00,19.92
SOLUSDT,2023-09-08 00:00:00+00:00,19.61
SOLUSDT,2023-09-09 00:00:00+00:00,19.44
SOLUSDT,2023-09-10 00:00:00+00:00,18.24
SOLUSDT,2023-09-11 00:00:00+00:00,17.72
SOLUSDT,2023-09-12 00:00:00+00:00,17.92
SOLUSDT,2023-09-13 00:00:00+00:00,18.4
SOLUSDT,2023-09-14 00:00:00+00:00,18.85
SOLUSDT,2023-09-15 00:00:00+00:00,19.14
SOLUSDT,2023-09-16 00:00:00+00:00,19.12
SOLUSDT,2023-09-17 00:00:00+00:00,18.81
SOLUSDT,2023-09-18 00:00:00+00:00,19.64
SOLUSDT,2023-09-19 00:00:00+00:00,20.03
SOLUSDT,2023-09-20 00:00:00+00:00,20.29
SOLUSDT,2023-09-21 00:00:00+00:00,19.46
SOLUSDT,2023-09-22 00:00:00+00:00,19.43
SOLUSDT,2023-09-23 00:00:00+00:00,19.49
SOLUSDT,2023-09-24 00:00:00+00:00,19.36
SOLUSDT,2023-09-25 00:00:00+00:00,19.39
SOLUSDT,2023-09-26 00:00:00+00:00,19.03
SOLUSDT,2023-09-27 00:00:00+00:00,19.14
SOLUSDT,2023-09-28 00:00:00+00:00,19.96
SOLUSDT,2023-09-29 00:00:00+00:00,20.28
SOLUSDT,2023-09-30 00:00:00+00:00,21.37
SOLUSDT,2023-10-01 00:00:00+00:00,23.87
SOLUSDT,2023-10-02 00:00:00+00:00,23.37
SOLUSDT,2023-10-03 00:00:00+00:00,23.6
SOLUSDT,2023-10-04 00:00:00+00:00,23.13
SOLUSDT,2023-10-05 00:00:00+00:00,22.7
SOLUSDT,2023-10-06 00:00:00+00:00,23.41
SOLUSDT,2023-10-07 00:00:00+00:00,23.3
SOLUSDT,2023-10-08 00:00:00+00:00,23.22
SOLUSDT,2023-10-09 00:00:00+00:00,22.1
SOLUSDT,2023-10-10 00:00:00+00:00,22.11
SOLUSDT,2023-10-11 00:00:00+00:00,22.01
SOLUSDT,2023-10-12 00:00:00+00:00,21.28
SOLUSDT,2023-10-13 00:00:00+00:00,21.84
SOLUSDT,2023-10-14 00:00:00+00:00,22.0
SOLUSDT,2023-10-15 00:00:00+00:00,21.93
SOLUSDT,2023-10-16 00:00:00+00:00,23.95
SOLUSDT,2023-10-17 00:00:00+00:00,23.93
SOLUSDT,2023-10-18 00:00:00+00:00,23.42
SOLUSDT,2023-10-19 00:00:00+00:00,24.93
SOLUSDT,2023-10-20 00:00:00+00:00,27.03
SOLUSDT,2023-10-21 00:00:00+00:00,29.32
SOLUSDT,2023-10-22 00:00:00+00:00,29.05
SOLUSDT,2023-10-23 00:00:00+00:00,31.88
SOLUSDT,2023-10-24 00:00:00+00:00,30.17
SOLUSDT,2023-10-25 00:00:00+00:00,32.44
SOLUSDT,2023-10-26 00:00:00+00:00,32.77
SOLUSDT,2023-10-27 00:00:00+00:00,31.73
SOLUSDT,2023-10-28 00:00:00+00:00,31.63
SOLUSDT,2023-10-29 00:00:00+00:00,32.83
SOLUSDT,2023-10-30 00:00:00+00:00,34.94
SOLUSDT,2023-10-31 00:00:00+00:00,38.4
SOLUSDT,2023-11-01 00:00:00+00:00,41.15
SOLUSDT,2023-11-02 00:00:00+00:00,40.23
SOLUSDT,2023-11-03 00:00:00+00:00,39.45
SOLUSDT,2023-11-04 00:00:00+00:00,42.41
SOLUSDT,2023-11-05 00:00:00+00:00,41.15
SOLUSDT,2023-11-06 00:00:00+00:00,42.16
SOLUSDT,2023-11-07 00:00:00+00:00,42.93
SOLUSDT,2023-11-08 00:00:00+00:00,43.13
SOLUSDT,2023-11-09 00:00:00+00:00,45.29
SOLUSDT,2023-11-10 00:00:00+00:00,56.67
SOLUSDT,2023-11-11 00:00:00+00:00,56.34
SOLUSDT,2023-11-12 00:00:00+00:00,56.28
SOLUSDT,2023-11-13 00:00:00+00:00,51.6
SOLUSDT,2023-11-14 00:00:00+00:00,56.81
SOLUSDT,2023-11-15 00:00:00+00:00,65.43
SOLUSDT,2023-11-16 00:00:00+00:00,57.8
SOLUSDT,2023-11-17 00:00:00+00:00,58.51
SOLUSDT,2023-11-18 00:00:00+00:00,58.56
SOLUSDT,2023-11-19 00:00:00+00:00,61.1
SOLUSDT,2023-11-20 00:00:00+00:00,56.57
SOLUSDT,2023-11-21 00:00:00+00:00,51.65
SOLUSDT,2023-11-22 00:00:00+00:00,57.56
SOLUSDT,2023-11-23 00:00:00+00:00,56.51
SOLUSDT,2023-11-24 00:00:00+00:00,56.86
SOLUSDT,2023-11-25 00:00:00+00:00,58.82
SOLUSDT,2023-11-26 00:00:00+00:00,57.57
SOLUSDT,2023-11-27 00:00:00+00:00,55.06
SOLUSDT,2023-11-28 00:00:00+00:00,58.18
SOLUSDT,2023-11-29 00:00:00+00:00,59.31
SOLUSDT,2023-11-30 00:00:00+00:00,59.3
SOLUSDT,2023-12-01 00:00:00+00:00,59.75
SOLUSDT,2023-12-02 00:00:00+00:00,63.66
SOLUSDT,2023-12-03 00:00:00+00:00,62.98
SOLUSDT,2023-12-04 00:00:00+00:00,61.64
SOLUSDT,2023-12-05 00:00:00+00:00,61.03
SOLUSDT,2023-12-06 00:00:00+00:00,61.85
SOLUSDT,2023-12-07 00:00:00+00:00,67.74
SOLUSDT,2023-12-08 00:00:00+00:00,74.94
SOLUSDT,2023-12-09 00:00:00+00:00,72.3
SOLUSDT,2023-12-10 00:00:00+00:00,74.87
SOLUSDT,2023-12-11 00:00:00+00:00,70.25
SOLUSDT,2023-12-12 00:00:00+00:00,68.6
SOLUSDT,2023-12-13 00:00:00+00:00,70.62
SOLUSDT,2023-12-14 00:00:00+00:00,75.68
SOLUSDT,2023-12-15 00:00:00+00:00,72.51
SOLUSDT,2023-12-16 00:00:00+00:00,73.72
SOLUSDT,2023-12-17 00:00:00+00:00,70.87
SOLUSDT,2023-12-18 00:00:00+00:00,74.42
SOLUSDT,2023-12-19 00:00:00+00:00,73.0
SOLUSDT,2023-12-20 00:00:00+00:00,82.21
SOLUSDT,2023-12-21 00:00:00+00:00,93.84
SOLUSDT,2023-12-22 00:00:00+00:00,97.9
SOLUSDT,2023-12-23 00:00:00+00:00,107.88
SOLUSDT,2023-12-24 00:00:00+00:00,112.45
SOLUSDT,2023-12-25 00:00:00+00:00,120.91
SOLUSDT,2023-12-26 00:00:00+00:00,112.49
SOLUSDT,2023-12-27 00:00:00+00:00,106.91
SOLUSDT,2023-12-28 00:00:00+00:00,101.8
SOLUSDT,2023-12-29 00:00:00+00:00,106.17
SOLUSDT,2023-12-30 00:00:00+00:00,101.9
SOLUSDT,2023-12-31 00:00:00+00:00,101.72
SOLUSDT,2024-01-01 00:00:00+00:00,109.91
SOLUSDT,2024-01-02 00:00:00+00:00,106.73
SOLUSDT,2024-01-03 00:00:00+00:00,98.52
SOLUSDT,2024-01-04 00:00:00+00:00,104.91
SOLUSDT,2024-01-05 00:00:00+00:00,99.94
SOLUSDT,2024-01-06 00:00:00+00:00,93.77
SOLUSDT,2024-01-07 00:00:00+00:00,89.44
SOLUSDT,2024-01-08 00:00:00+00:00,97.88
SOLUSDT,2024-01-09 00:00:00+00:00,99.36
SOLUSDT,2024-01-10 00:00:00+00:00,102.0
SOLUSDT,2024-01-11 00:00:00+00:00,99.9
SOLUSDT,2024-01-12 00:00:00+00:00,92.12
SOLUSDT,2024-01-13 00:00:00+00:00,95.85
SOLUSDT,2024-01-14 00:00:00+00:00,93.81
SOLUSDT,2024-01-15 00:00:00+00:00,94.36
SOLUSDT,2024-01-16 00:00:00+00:00,97.61
SOLUSDT,2024-01-17 00:00:00+00:00,102.1
SOLUSDT,2024-01-18 00:00:00+00:00,94.4
SOLUSDT,2024-01-19 00:00:00+00:00,93.62
SOLUSDT,2024-01-20 00:00:00+00:00,92.88
SOLUSDT,2024-01-21 00:00:00+00:00,91.09
SOLUSDT,2024-01-22 00:00:00+00:00,83.84
SOLUSDT,2024-01-23 00:00:00+00:00,84.35
SOLUSDT,2024-01-24 00:00:00+00:00,88.77
SOLUSDT,2024-01-25 00:00:00+00:00,86.91
SOLUSDT,2024-01-26 00:00:00+00:00,92.28
SOLUSDT,2024-01-27 00:00:00+00:00,94.28
SOLUSDT,2024-01-28 00:00:00+00:00,95.98
SOLUSDT,2024-01-29 00:00:00+00:00,101.68
SOLUSDT,2024-01-30 00:00:00+00:00,101.4
SOLUSDT,2024-01-31 00:00:00+00:00,96.96
SOLUSDT,2024-02-01 00:00:00+00:00,97.81
SOLUSDT,2024-02-02 00:00:00+00:00,100.58
SOLUSDT,2024-02-03 00:00:00+00:00,97.96
SOLUSDT,2024-02-04 00:00:00+00:00,95.49
SOLUSDT,2024-02-05 00:00:00+00:00,95.66
SOLUSDT,2024-02-06 00:00:00+00:00,96.88
SOLUSDT,2024-02-07 00:00:00+00:00,101.14
SOLUSDT,2024-02-08 00:00:00+00:00,102.76
SOLUSDT,2024-02-09 00:00:00+00:00,106.94
SOLUSDT,2024-02-10 00:00:00+00:00,109.01
SOLUSDT,2024-02-11 00:00:00+00:00,107.46
SOLUSDT,2024-02-12 00:00:00+00:00,111.64
SOLUSDT,2024-02-13 00:00:00+00:00,112.48
SOLUSDT,2024-02-14 00:00:00+00:00,116.97
SOLUSDT,2024-02-15 00:00:00+00:00,113.5
SOLUSDT,2024-02-16 00:00:00+00:00,110.33
SOLUSDT,2024-02-17 00:00:00+00:00,108.92
SOLUSDT,2024-02-18 00:00:00+00:00,112.24
SOLUSDT,2024-02-19 00:00:00+00:00,111.53
SOLUSDT,2024-02-20 00:00:00+00:00,108.31
SOLUSDT,2024-02-21 00:00:00+00:00,105.03
SOLUSDT,2024-02-22 00:00:00+00:00,101.76
SOLUSDT,2024-02-23 00:00:00+00:00,99.9
SOLUSDT,2024-02-24 00:00:00+00:00,104.01
SOLUSDT,2024-02-25 00:00:00+00:00,103.47
SOLUSDT,2024-02-26 00:00:00+00:00,109.9
SOLUSDT,2024-02-27 00:00:00+00:00,108.36
SOLUSDT,2024-02-28 00:00:00+00:00,119.03
SOLUSDT,2024-02-29 00:00:00+00:00,125.68
SOLUSDT,2024-03-01 00:00:00+00:00,129.43
SOLUSDT,2024-03-02 00:00:00+00:00,130.02
SOLUSDT,2024-03-03 00:00:00+00:00,130.16
SOLUSDT,2024-03-04 00:00:00+00:00,133.27
SOLUSDT,2024-03-05 00:00:00+00:00,125.31
SOLUSDT,2024-03-06 00:00:00+00:00,130.79
SOLUSDT,2024-03-07 00:00:00+00:00,143.82
SOLUSDT,2024-03-08 00:00:00+00:00,144.79
SOLUSDT,2024-03-09 00:00:00+00:00,144.29
SOLUSDT,2024-03-10 00:00:00+00:00,144.39
SOLUSDT,2024-03-11 00:00:00+00:00,148.83
SOLUSDT,2024-03-12 00:00:00+00:00,151.05
SOLUSDT,2024-03-13 00:00:00+00:00,163.9
SOLUSDT,2024-03-14 00:00:00+00:00,176.65
SOLUSDT,2024-03-15 00:00:00+00:00,183.95
SOLUSDT,2024-03-16 00:00:00+00:00,182.05
SOLUSDT,2024-03-17 00:00:00+00:00,201.86
SOLUSDT,2024-03-18 00:00:00+00:00,195.92
SOLUSDT,2024-03-19 00:00:00+00:00,169.82
SOLUSDT,2024-03-20 00:00:00+00:00,191.77
SOLUSDT,2024-03-21 00:00:00+00:00,179.46
SOLUSDT,2024-03-22 00:00:00+00:00,175.21
SOLUSDT,2024-03-23 00:00:00+00:00,172.65
SOLUSDT,2024-03-24 00:00:00+00:00,183.88
SOLUSDT,2024-03-25 00:00:00+00:00,188.99
SOLUSDT,2024-03-26 00:00:00+00:00,190.46
SOLUSDT,2024-03-27 00:00:00+00:00,186.33
SOLUSDT,2024-03-28 00:00:00+00:00,189.63
SOLUSDT,2024-03-29 00:00:00+00:00,192.01
SOLUSDT,2024-03-30 00:00:00+00:00,194.2
SOLUSDT,2024-03-31 00:00:00+00:00,202.45
SOLUSDT,2024-04-01 00:00:00+00:00,192.24
SOLUSDT,2024-04-02 00:00:00+00:00,181.53
SOLUSDT,2024-04-03 00:00:00+00:00,185.05
SOLUSDT,2024-04-04 00:00:00+00:00,184.0
SOLUSDT,2024-04-05 00:00:00+00:00,174.37
SOLUSDT,2024-04-06 00:00:00+00:00,178.68
SOLUSDT,2024-04-07 00:00:00+00:00,179.52
SOLUSDT,2024-04-08 00:00:00+00:00,180.68
SOLUSDT,2024-04-09 00:00:00+00:00,172.42
SOLUSDT,2024-04-10 00:00:00+00:00,173.31
SOLUSDT,2024-04-11 00:00:00+00:00,172.37
SOLUSDT,2024-04-12 00:00:00+00:00,153.16
SOLUSDT,2024-04-13 00:00:00+00:00,138.47
SOLUSDT,2024-04-14 00:00:00+00:00,151.25
SOLUSDT,2024-04-15 00:00:00+00:00,138.51
SOLUSDT,2024-04-16 00:00:00+00:00,136.22
SOLUSDT,2024-04-17 00:00:00+00:00,131.84
SOLUSDT,2024-04-18 00:00:00+00:00,142.07
SOLUSDT,2024-04-19 00:00:00+00:00,142.5
SOLUSDT,2024-04-20 00:00:00+00:00,151.22
SOLUSDT,2024-04-21 00:00:00+00:00,148.8
SOLUSDT,2024-04-22 00:00:00+00:00,156.95
SOLUSDT,2024-04-23 00:00:00+00:00,154.75
SOLUSDT,2024-04-24 00:00:00+00:00,147.78
SOLUSDT,2024-04-25 00:00:00+00:00,144.84
SOLUSDT,2024-04-26 00:00:00+00:00,139.23
SOLUSDT,2024-04-27 00:00:00+00:00,141.31
SOLUSDT,2024-04-28 00:00:00+00:00,137.99
SOLUSDT,2024-04-29 00:00:00+00:00,137.77
SOLUSDT,2024-04-30 00:00:00+00:00,126.77
SOLUSDT,2024-05-01 00:00:00+00:00,134.64
SOLUSDT,2024-05-02 00:00:00+00:00,137.58
SOLUSDT,2024-05-03 00:00:00+00:00,143.69
SOLUSDT,2024-05-04 00:00:00+00:00,146.05
SOLUSDT,2024-05-05 00:00:00+00:00,145.73
SOLUSDT,2024-05-06 00:00:00+00:00,152.82
SOLUSDT,2024-05-07 00:00:00+00:00,148.03
SOLUSDT,2024-05-08 00:00:00+00:00,142.18
SOLUSDT,2024-05-09 00:00:00+00:00,152.57
SOLUSDT,2024-05-10 00:00:00+00:00,146.01
SOLUSDT,2024-05-11 00:00:00+00:00,145.42
SOLUSDT,2024-05-12 00:00:00+00:00,143.43
SOLUSDT,2024-05-13 00:00:00+00:00,147.54
SOLUSDT,2024-05-14 00:00:00+00:00,142.03
SOLUSDT,2024-05-15 00:00:00+00:00,158.52
SOLUSDT,2024-05-16 00:00:00+00:00,159.37
SOLUSDT,2024-05-17 00:00:00+00:00,169.44
SOLUSDT,2024-05-18 00:00:00+00:00,172.4
SOLUSDT,2024-05-19 00:00:00+00:00,169.93
SOLUSDT,2024-05-20 00:00:00+00:00,186.7
SOLUSDT,2024-05-21 00:00:00+00:00,178.15
SOLUSDT,2024-05-22 00:00:00+00:00,176.95
SOLUSDT,2024-05-23 00:00:00+00:00,176.16
SOLUSDT,2024-05-24 00:00:00+00:00,167.7
SOLUSDT,2024-05-25 00:00:00+00:00,168.35
SOLUSDT,2024-05-26 00:00:00+00:00,163.41
SOLUSDT,2024-05-27 00:00:00+00:00,170.15
SOLUSDT,2024-05-28 00:00:00+00:00,168.68
SOLUSDT,2024-05-29 00:00:00+00:00,168.32
SOLUSDT,2024-05-30 00:00:00+00:00,166.88
SOLUSDT,2024-05-31 00:00:00+00:00,165.65
SOLUSDT,2024-06-01 00:00:00+00:00,166.14
SOLUSDT,2024-06-02 00:00:00+00:00,163.15
SOLUSDT,2024-06-03 00:00:00+00:00,164.89
SOLUSDT,2024-06-04 00:00:00+00:00,171.78
SOLUSDT,2024-06-05 00:00:00+00:00,173.54
SOLUSDT,2024-06-06 00:00:00+00:00,170.15
SOLUSDT,2024-06-07 00:00:00+00:00,162.5
SOLUSDT,2024-06-08 00:00:00+00:00,157.83
SOLUSDT,2024-06-09 00:00:00+00:00,162.12
SOLUSDT,2024-06-10 00:00:00+00:00,159.05
SOLUSDT,2024-06-11 00:00:00+00:00,149.31
SOLUSDT,2024-06-12 00:00:00+00:00,155.22
SOLUSDT,2024-06-13 00:00:00+00:00,147.29
SOLUSDT,2024-06-14 00:00:00+00:00,143.05
SOLUSDT,2024-06-15 00:00:00+00:00,145.52
SOLUSDT,2024-06-16 00:00:00+00:00,151.3
SOLUSDT,2024-06-17 00:00:00+00:00,143.27
SOLUSDT,2024-06-18 00:00:00+00:00,137.41
SOLUSDT,2024-06-19 00:00:00+00:00,135.62
SOLUSDT,2024-06-20 00:00:00+00:00,133.55
SOLUSDT,2024-06-21 00:00:00+00:00,134.6
SOLUSDT,2024-06-22 00:00:00+00:00,133.69
SOLUSDT,2024-06-23 00:00:00+00:00,128.69
SOLUSDT,2024-06-24 00:00:00+00:00,132.33
SOLUSDT,2024-06-25 00:00:00+00:00,136.58
SOLUSDT,2024-06-26 00:00:00+00:00,136.81
SOLUSDT,2024-06-27 00:00:00+00:00,149.71
SOLUSDT,2024-06-28 00:00:00+00:00,140.03
SOLUSDT,2024-06-29 00:00:00+00:00,140.28
SOLUSDT,2024-06-30 00:00:00+00:00,146.61
SOLUSDT,2024-07-01 00:00:00+00:00,146.67
SOLUSDT,2024-07-02 00:00:00+00:00,154.03
SOLUSDT,2024-07-03 00:00:00+00:00,140.84
SOLUSDT,2024-07-04 00:00:00+00:00,127.86
SOLUSDT,2024-07-05 00:00:00+00:00,134.32
SOLUSDT,2024-07-06 00:00:00+00:00,143.05
SOLUSDT,2024-07-07 00:00:00+00:00,131.64
SOLUSDT,2024-07-08 00:00:00+00:00,139.81
SOLUSDT,2024-07-09 00:00:00+00:00,141.42
SOLUSDT,2024-07-10 00:00:00+00:00,141.98
SOLUSDT,2024-07-11 00:00:00+00:00,135.73
SOLUSDT,2024-07-12 00:00:00+00:00,139.46
SOLUSDT,2024-07-13 00:00:00+00:00,141.9
SOLUSDT,2024-07-14 00:00:00+00:00,147.66
SOLUSDT,2024-07-15 00:00:00+00:00,159.38
SOLUSDT,2024-07-16 00:00:00+00:00,160.62
SOLUSDT,2024-07-17 00:00:00+00:00,155.5
SOLUSDT,2024-07-18 00:00:00+00:00,159.22
SOLUSDT,2024-07-19 00:00:00+00:00,169.13
SOLUSDT,2024-07-20 00:00:00+00:00,173.6
SOLUSDT,2024-07-21 00:00:00+00:00,184.49
SOLUSDT,2024-07-22 00:00:00+00:00,178.9
SOLUSDT,2024-07-23 00:00:00+00:00,173.03
SOLUSDT,2024-07-24 00:00:00+00:00,178.06
SOLUSDT,2024-07-25 00:00:00+00:00,171.85
SOLUSDT,2024-07-26 00:00:00+00:00,183.06
SOLUSDT,2024-07-27 00:00:00+00:00,183.92
SOLUSDT,2024-07-28 00:00:00+00:00,184.9
SOLUSDT,2024-07-29 00:00:00+00:00,182.57
SOLUSDT,2024-07-30 00:00:00+00:00,179.16
SOLUSDT,2024-07-31 00:00:00+00:00,171.71
SOLUSDT,2024-08-01 00:00:00+00:00,167.37
SOLUSDT,2024-08-02 00:00:00+00:00,152.77
SOLUSDT,2024-08-03 00:00:00+00:00,142.52
SOLUSDT,2024-08-04 00:00:00+00:00,138.33
SOLUSDT,2024-08-05 00:00:00+00:00,129.78
SOLUSDT,2024-08-06 00:00:00+00:00,144.4
SOLUSDT,2024-08-07 00:00:00+00:00,144.77
SOLUSDT,2024-08-08 00:00:00+00:00,163.13
SOLUSDT,2024-08-09 00:00:00+00:00,156.28
SOLUSDT,2024-08-10 00:00:00+00:00,154.01
SOLUSDT,2024-08-11 00:00:00+00:00,141.57
SOLUSDT,2024-08-12 00:00:00+00:00,146.29
SOLUSDT,2024-08-13 00:00:00+00:00,146.65
SOLUSDT,2024-08-14 00:00:00+00:00,143.71
SOLUSDT,2024-08-15 00:00:00+00:00,142.58
SOLUSDT,2024-08-16 00:00:00+00:00,139.04
SOLUSDT,2024-08-17 00:00:00+00:00,141.93
SOLUSDT,2024-08-18 00:00:00+00:00,142.42
SOLUSDT,2024-08-19 00:00:00+00:00,144.29
SOLUSDT,2024-08-20 00:00:00+00:00,142.27
SOLUSDT,2024-08-21 00:00:00+00:00,142.79
SOLUSDT,2024-08-22 00:00:00+00:00,143.22
SOLUSDT,2024-08-23 00:00:00+00:00,153.26
SOLUSDT,2024-08-24 00:00:00+00:00,160.67
SOLUSDT,2024-08-25 00:00:00+00:00,158.92
SOLUSDT,2024-08-26 00:00:00+00:00,157.12
SOLUSDT,2024-08-27 00:00:00+00:00,146.79
SOLUSDT,2024-08-28 00:00:00+00:00,143.95
SOLUSDT,2024-08-29 00:00:00+00:00,140.0
SOLUSDT,2024-08-30 00:00:00+00:00,137.99
SOLUSDT,2024-08-31 00:00:00+00:00,135.35
SOLUSDT,2024-09-01 00:00:00+00:00,128.5
SOLUSDT,2024-09-02 00:00:00+00:00,134.94
SOLUSDT,2024-09-03 00:00:00+00:00,127.54
SOLUSDT,2024-09-04 00:00:00+00:00,133.64
SOLUSDT,2024-09-05 00:00:00+00:00,129.41
SOLUSDT,2024-09-06 00:00:00+00:00,125.05
SOLUSDT,2024-09-07 00:00:00+00:00,127.71
SOLUSDT,2024-09-08 00:00:00+00:00,130.15
SOLUSDT,2024-09-09 00:00:00+00:00,135.08
SOLUSDT,2024-09-10 00:00:00+00:00,135.63
SOLUSDT,2024-09-11 00:00:00+00:00,132.42
SOLUSDT,2024-09-12 00:00:00+00:00,136.05
SOLUSDT,2024-09-13 00:00:00+00:00,139.02
SOLUSDT,2024-09-14 00:00:00+00:00,137.14
SOLUSDT,2024-09-15 00:00:00+00:00,131.37
SOLUSDT,2024-09-16 00:00:00+00:00,131.47
SOLUSDT,2024-09-17 00:00:00+00:00,131.54
SOLUSDT,2024-09-18 00:00:00+00:00,134.34
SOLUSDT,2024-09-19 00:00:00+00:00,142.89
SOLUSDT,2024-09-20 00:00:00+00:00,146.66
SOLUSDT,2024-09-21 00:00:00+00:00,149.41
SOLUSDT,2024-09-22 00:00:00+00:00,144.63
SOLUSDT,2024-09-23 00:00:00+00:00,144.79
SOLUSDT,2024-09-24 00:00:00+00:00,152.73
SOLUSDT,2024-09-25 00:00:00+00:00,147.98
SOLUSDT,2024-09-26 00:00:00+00:00,155.55
SOLUSDT,2024-09-27 00:00:00+00:00,157.64
SOLUSDT,2024-09-28 00:00:00+00:00,156.75
SOLUSDT,2024-09-29 00:00:00+00:00,158.46
SOLUSDT,2024-09-30 00:00:00+00:00,152.49
SOLUSDT,2024-10-01 00:00:00+00:00,145.13
SOLUSDT,2024-10-02 00:00:00+00:00,140.18
SOLUSDT,2024-10-03 00:00:00+00:00,136.82
SOLUSDT,2024-10-04 00:00:00+00:00,143.24
SOLUSDT,2024-10-05 00:00:00+00:00,142.59
SOLUSDT,2024-10-06 00:00:00+00:00,146.48
SOLUSDT,2024-10-07 00:00:00+00:00,143.96
SOLUSDT,2024-10-08 00:00:00+00:00,143.49
SOLUSDT,2024-10-09 00:00:00+00:00,139.33
SOLUSDT,2024-10-10 00:00:00+00:00,139.03
SOLUSDT,2024-10-11 00:00:00+00:00,145.53
SOLUSDT,2024-10-12 00:00:00+00:00,146.4
SOLUSDT,2024-10-13 00:00:00+00:00,147.74
SOLUSDT,2024-10-14 00:00:00+00:00,157.59
SOLUSDT,2024-10-15 00:00:00+00:00,154.76
SOLUSDT,2024-10-16 00:00:00+00:00,154.28
SOLUSDT,2024-10-17 00:00:00+00:00,150.5
SOLUSDT,2024-10-18 00:00:00+00:00,154.94
SOLUSDT,2024-10-19 00:00:00+00:00,159.79
SOLUSDT,2024-10-20 00:00:00+00:00,167.4
SOLUSDT,2024-10-21 00:00:00+00:00,166.17
SOLUSDT,2024-10-22 00:00:00+00:00,167.59
SOLUSDT,2024-10-23 00:00:00+00:00,170.85
SOLUSDT,2024-10-24 00:00:00+00:00,177.19
SOLUSDT,2024-10-25 00:00:00+00:00,164.9
SOLUSDT,2024-10-26 00:00:00+00:00,170.88
SOLUSDT,2024-10-27 00:00:00+00:00,176.63
SOLUSDT,2024-10-28 00:00:00+00:00,178.29
SOLUSDT,2024-10-29 00:00:00+00:00,179.42
SOLUSDT,2024-10-30 00:00:00+00:00,174.87
SOLUSDT,2024-10-31 00:00:00+00:00,168.69
SOLUSDT,2024-11-01 00:00:00+00:00,166.1
SOLUSDT,2024-11-02 00:00:00+00:00,166.17
SOLUSDT,2024-11-03 00:00:00+00:00,162.53
SOLUSDT,2024-11-04 00:00:00+00:00,157.95
SOLUSDT,2024-11-05 00:00:00+00:00,166.62
SOLUSDT,2024-11-06 00:00:00+00:00,186.59
SOLUSDT,2024-11-07 00:00:00+00:00,196.35
SOLUSDT,2024-11-08 00:00:00+00:00,199.85
SOLUSDT,2024-11-09 00:00:00+00:00,199.89
SOLUSDT,2024-11-10 00:00:00+00:00,210.07
SOLUSDT,2024-11-11 00:00:00+00:00,222.13
SOLUSDT,2024-11-12 00:00:00+00:00,211.64
SOLUSDT,2024-11-13 00:00:00+00:00,215.13
SOLUSDT,2024-11-14 00:00:00+00:00,209.57
SOLUSDT,2024-11-15 00:00:00+00:00,218.45
SOLUSDT,2024-11-16 00:00:00+00:00,215.71
SOLUSDT,2024-11-17 00:00:00+00:00,237.47
SOLUSDT,2024-11-18 00:00:00+00:00,239.79
SOLUSDT,2024-11-19 00:00:00+00:00,237.63
SOLUSDT,2024-11-20 00:00:00+00:00,235.48
SOLUSDT,2024-11-21 00:00:00+00:00,256.37
SOLUSDT,2024-11-22 00:00:00+00:00,256.9
SOLUSDT,2024-11-23 00:00:00+00:00,254.89
SOLUSDT,2024-11-24 00:00:00+00:00,252.73
SOLUSDT,2024-11-25 00:00:00+00:00,234.18
SOLUSDT,2024-11-26 00:00:00+00:00,230.69
SOLUSDT,2024-11-27 00:00:00+00:00,241.96
SOLUSDT,2024-11-28 00:00:00+00:00,237.59
SOLUSDT,2024-11-29 00:00:00+00:00,243.33
SOLUSDT,2024-11-30 00:00:00+00:00,237.6
SOLUSDT,2024-12-01 00:00:00+00:00,236.8
SOLUSDT,2024-12-02 00:00:00+00:00,225.72
SOLUSDT,2024-12-03 00:00:00+00:00,233.92
SOLUSDT,2024-12-04 00:00:00+00:00,229.15
SOLUSDT,2024-12-05 00:00:00+00:00,235.84
SOLUSDT,2024-12-06 00:00:00+00:00,236.87
SOLUSDT,2024-12-07 00:00:00+00:00,238.14
SOLUSDT,2024-12-08 00:00:00+00:00,237.02
SOLUSDT,2024-12-09 00:00:00+00:00,216.63
SOLUSDT,2024-12-10 00:00:00+00:00,213.6
SOLUSDT,2024-12-11 00:00:00+00:00,227.29
SOLUSDT,2024-12-12 00:00:00+00:00,226.96
SOLUSDT,2024-12-13 00:00:00+00:00,224.79
SOLUSDT,2024-12-14 00:00:00+00:00,219.93
SOLUSDT,2024-12-15 00:00:00+00:00,224.27
SOLUSDT,2024-12-16 00:00:00+00:00,216.19
SOLUSDT,2024-12-17 00:00:00+00:00,223.15
SOLUSDT,2024-12-18 00:00:00+00:00,206.53
SOLUSDT,2024-12-19 00:00:00+00:00,193.81
SOLUSDT,2024-12-20 00:00:00+00:00,194.48
SOLUSDT,2024-12-21 00:00:00+00:00,181.45
SOLUSDT,2024-12-22 00:00:00+00:00,180.52
SOLUSDT,2024-12-23 00:00:00+00:00,190.11
SOLUSDT,2024-12-24 00:00:00+00:00,197.09
SOLUSDT,2024-12-25 00:00:00+00:00,197.44
SOLUSDT,2024-12-26 00:00:00+00:00,188.46
SOLUSDT,2024-12-27 00:00:00+00:00,184.22
SOLUSDT,2024-12-28 00:00:00+00:00,195.5
SOLUSDT,2024-12-29 00:00:00+00:00,189.94
SOLUSDT,2024-12-30 00:00:00+00:00,191.38
SOLUSDT,2024-12-31 00:00:00+00:00,189.31
SOLUSDT,2025-01-01 00:00:00+00:00,194.28
SOLUSDT,2025-01-02 00:00:00+00:00,208.31
SOLUSDT,2025-01-03 00:00:00+00:00,217.99
SOLUSDT,2025-01-04 00:00:00+00:00,216.67
SOLUSDT,2025-01-05 00:00:00+00:00,213.41
SOLUSDT,2025-01-06 00:00:00+00:00,218.22
SOLUSDT,2025-01-07 00:00:00+00:00,202.17
SOLUSDT,2025-01-08 00:00:00+00:00,197.48
SOLUSDT,2025-01-09 00:00:00+00:00,184.95
SOLUSDT,2025-01-10 00:00:00+00:00,187.68
SOLUSDT,2025-01-11 00:00:00+00:00,188.09
SOLUSDT,2025-01-12 00:00:00+00:00,188.51
SOLUSDT,2025-01-13 00:00:00+00:00,182.87
SOLUSDT,2025-01-14 00:00:00+00:00,187.57
SOLUSDT,2025-01-15 00:00:00+00:00,205.86
SOLUSDT,2025-01-16 00:00:00+00:00,211.14
SOLUSDT,2025-01-17 00:00:00+00:00,219.51
SOLUSDT,2025-01-18 00:00:00+00:00,261.97
SOLUSDT,2025-01-19 00:00:00+00:00,252.42
SOLUSDT,2025-01-20 00:00:00+00:00,242.19
SOLUSDT,2025-01-21 00:00:00+00:00,250.33
SOLUSDT,2025-01-22 00:00:00+00:00,257.36
SOLUSDT,2025-01-23 00:00:00+00:00,253.11
SOLUSDT,2025-01-24 00:00:00+00:00,253.37
SOLUSDT,2025-01-25 00:00:00+00:00,256.41
SOLUSDT,2025-01-26 00:00:00+00:00,240.5
SOLUSDT,2025-01-27 00:00:00+00:00,234.89
SOLUSDT,2025-01-28 00:00:00+00:00,227.06
SOLUSDT,2025-01-29 00:00:00+00:00,228.16
SOLUSDT,2025-01-30 00:00:00+00:00,238.31
SOLUSDT,2025-01-31 00:00:00+00:00,231.77
SOLUSDT,2025-02-01 00:00:00+00:00,213.03
SOLUSDT,2025-02-02 00:00:00+00:00,203.51
SOLUSDT,2025-02-03 00:00:00+00:00,216.28
SOLUSDT,2025-02-04 00:00:00+00:00,206.64
SOLUSDT,2025-02-05 00:00:00+00:00,196.12
SOLUSDT,2025-02-06 00:00:00+00:00,189.54
SOLUSDT,2025-02-07 00:00:00+00:00,191.99
SOLUSDT,2025-02-08 00:00:00+00:00,199.32
SOLUSDT,2025-02-09 00:00:00+00:00,200.47
SOLUSDT,2025-02-10 00:00:00+00:00,200.47
SOLUSDT,2025-02-11 00:00:00+00:00,197.96
SOLUSDT,2025-02-12 00:00:00+00:00,196.78
SOLUSDT,2025-02-13 00:00:00+00:00,194.25
SOLUSDT,2025-02-14 00:00:00+00:00,199.39
SOLUSDT,2025-02-15 00:00:00+00:00,194.48
SOLUSDT,2025-02-16 00:00:00+00:00,188.27
SOLUSDT,2025-02-17 00:00:00+00:00,177.53
SOLUSDT,2025-02-18 00:00:00+00:00,169.32
SOLUSDT,2025-02-19 00:00:00+00:00,168.93
SOLUSDT,2025-02-20 00:00:00+00:00,176.0
SOLUSDT,2025-02-21 00:00:00+00:00,168.94
SOLUSDT,2025-02-22 00:00:00+00:00,172.07
SOLUSDT,2025-02-23 00:00:00+00:00,167.94
SOLUSDT,2025-02-24 00:00:00+00:00,141.81
SOLUSDT,2025-02-25 00:00:00+00:00,144.33
SOLUSDT,2025-02-26 00:00:00+00:00,135.32
SOLUSDT,2025-02-27 00:00:00+00:00,137.68
SOLUSDT,2025-02-28 00:00:00+00:00,148.18
SOLUSDT,2025-03-01 00:00:00+00:00,143.66
SOLUSDT,2025-03-02 00:00:00+00:00,178.71
SOLUSDT,2025-03-03 00:00:00+00:00,142.16
SOLUSDT,2025-03-04 00:00:00+00:00,144.79
SOLUSDT,2025-03-05 00:00:00+00:00,146.28
SOLUSDT,2025-03-06 00:00:00+00:00,143.31
SOLUSDT,2025-03-07 00:00:00+00:00,139.39
SOLUSDT,2025-03-08 00:00:00+00:00,137.01
SOLUSDT,2025-03-09 00:00:00+00:00,126.51
SOLUSDT,2025-03-10 00:00:00+00:00,118.32
SOLUSDT,2025-03-11 00:00:00+00:00,125.35
SOLUSDT,2025-03-12 00:00:00+00:00,126.62
SOLUSDT,2025-03-13 00:00:00+00:00,123.37
SOLUSDT,2025-03-14 00:00:00+00:00,133.54
SOLUSDT,2025-03-15 00:00:00+00:00,135.86
SOLUSDT,2025-03-16 00:00:00+00:00,126.13
SOLUSDT,2025-03-17 00:00:00+00:00,128.01
SOLUSDT,2025-03-18 00:00:00+00:00,125.33
SOLUSDT,2025-03-19 00:00:00+00:00,135.33
SOLUSDT,2025-03-20 00:00:00+00:00,127.6
SOLUSDT,2025-03-21 00:00:00+00:00,128.48
SOLUSDT,2025-03-22 00:00:00+00:00,128.51
SOLUSDT,2025-03-23 00:00:00+00:00,132.84
SOLUSDT,2025-03-24 00:00:00+00:00,141.01
SOLUSDT,2025-03-25 00:00:00+00:00,143.64
SOLUSDT,2025-03-26 00:00:00+00:00,137.34
SOLUSDT,2025-03-27 00:00:00+00:00,138.43
SOLUSDT,2025-03-28 00:00:00+00:00,129.49
SOLUSDT,2025-03-29 00:00:00+00:00,124.58
SOLUSDT,2025-03-30 00:00:00+00:00,124.82
SOLUSDT,2025-03-31 00:00:00+00:00,124.54
SOLUSDT,2025-04-01 00:00:00+00:00,126.67
SOLUSDT,2025-04-02 00:00:00+00:00,117.42
SOLUSDT,2025-04-03 00:00:00+00:00,117.17
SOLUSDT,2025-04-04 00:00:00+00:00,122.79
SOLUSDT,2025-04-05 00:00:00+00:00,120.32
SOLUSDT,2025-04-06 00:00:00+00:00,105.91
SOLUSDT,2025-04-07 00:00:00+00:00,106.99
SOLUSDT,2025-04-08 00:00:00+00:00,105.4
SOLUSDT,2025-04-09 00:00:00+00:00,119.05
SOLUSDT,2025-04-10 00:00:00+00:00,112.81
SOLUSDT,2025-04-11 00:00:00+00:00,121.41
SOLUSDT,2025-04-12 00:00:00+00:00,132.24
SOLUSDT,2025-04-13 00:00:00+00:00,128.38
SOLUSDT,2025-04-14 00:00:00+00:00,129.42
SOLUSDT,2025-04-15 00:00:00+00:00,126.11
SOLUSDT,2025-04-16 00:00:00+00:00,131.33
SOLUSDT,2025-04-17 00:00:00+00:00,134.83
SOLUSDT,2025-04-18 00:00:00+00:00,134.04
SOLUSDT,2025-04-19 00:00:00+00:00,139.87
SOLUSDT,2025-04-20 00:00:00+00:00,137.86
SOLUSDT,2025-04-21 00:00:00+00:00,136.56
SOLUSDT,2025-04-22 00:00:00+00:00,148.79
SOLUSDT,2025-04-23 00:00:00+00:00,151.1
SOLUSDT,2025-04-24 00:00:00+00:00,152.55
SOLUSDT,2025-04-25 00:00:00+00:00,150.82
SOLUSDT,2025-04-26 00:00:00+00:00,149.21
SOLUSDT,2025-04-27 00:00:00+00:00,147.98
SOLUSDT,2025-04-28 00:00:00+00:00,147.84
SOLUSDT,2025-04-29 00:00:00+00:00,146.31
SOLUSDT,2025-04-30 00:00:00+00:00,147.54
SOLUSDT,2025-05-01 00:00:00+00:00,150.85
SOLUSDT,2025-05-02 00:00:00+00:00,148.05
SOLUSDT,2025-05-03 00:00:00+00:00,146.71
SOLUSDT,2025-05-04 00:00:00+00:00,143.95
SOLUSDT,2025-05-05 00:00:00+00:00,146.72
SOLUSDT,2025-05-06 00:00:00+00:00,146.88
SOLUSDT,2025-05-07 00:00:00+00:00,147.32
SOLUSDT,2025-05-08 00:00:00+00:00,164.46
SOLUSDT,2025-05-09 00:00:00+00:00,172.78
SOLUSDT,2025-05-10 00:00:00+00:00,177.89
SOLUSDT,2025-05-11 00:00:00+00:00,173.19
SOLUSDT,2025-05-12 00:00:00+00:00,174.22
SOLUSDT,2025-05-13 00:00:00+00:00,183.75
SOLUSDT,2025-05-14 00:00:00+00:00,176.64
SOLUSDT,2025-05-15 00:00:00+00:00,169.16
SOLUSDT,2025-05-16 00:00:00+00:00,167.4
SOLUSDT,2025-05-17 00:00:00+00:00,165.94
SOLUSDT,2025-05-18 00:00:00+00:00,173.3
SOLUSDT,2025-05-19 00:00:00+00:00,166.86
SOLUSDT,2025-05-20 00:00:00+00:00,168.59
SOLUSDT,2025-05-21 00:00:00+00:00,173.53
SOLUSDT,2025-05-22 00:00:00+00:00,179.68
SOLUSDT,2025-05-23 00:00:00+00:00,174.01
SOLUSDT,2025-05-24 00:00:00+00:00,175.87
SOLUSDT,2025-05-25 00:00:00+00:00,175.74
SOLUSDT,2025-05-26 00:00:00+00:00,174.91
SOLUSDT,2025-05-27 00:00:00+00:00,176.71
SOLUSDT,2025-05-28 00:00:00+00:00,172.21
SOLUSDT,2025-05-29 00:00:00+00:00,166.71
SOLUSDT,2025-05-30 00:00:00+00:00,156.2
SOLUSDT,2025-05-31 00:00:00+00:00,156.45
SOLUSDT,2025-06-01 00:00:00+00:00,157.68
SOLUSDT,2025-06-02 00:00:00+00:00,156.83
SOLUSDT,2025-06-03 00:00:00+00:00,155.19
SOLUSDT,2025-06-04 00:00:00+00:00,153.26
SOLUSDT,2025-06-05 00:00:00+00:00,144.29
SOLUSDT,2025-06-06 00:00:00+00:00,147.83
SOLUSDT,2025-06-07 00:00:00+00:00,150.06
SOLUSDT,2025-06-08 00:00:00+00:00,152.45
SOLUSDT,2025-06-09 00:00:00+00:00,161.16
SOLUSDT,2025-06-10 00:00:00+00:00,165.12
SOLUSDT,2025-06-11 00:00:00+00:00,160.97
SOLUSDT,2025-06-12 00:00:00+00:00,152.32
SOLUSDT,2025-06-13 00:00:00+00:00,148.6
SOLUSDT,2025-06-14 00:00:00+00:00,144.64
SOLUSDT,2025-06-15 00:00:00+00:00,152.97
SOLUSDT,2025-06-16 00:00:00+00:00,150.72
SOLUSDT,2025-06-17 00:00:00+00:00,147.57
SOLUSDT,2025-06-18 00:00:00+00:00,146.34
SOLUSDT,2025-06-19 00:00:00+00:00,147.04
SOLUSDT,2025-06-20 00:00:00+00:00,140.11
SOLUSDT,2025-06-21 00:00:00+00:00,135.43
SOLUSDT,2025-06-22 00:00:00+00:00,131.71
SOLUSDT,2025-06-23 00:00:00+00:00,144.51
SOLUSDT,2025-06-24 00:00:00+00:00,145.92
SOLUSDT,2025-06-25 00:00:00+00:00,143.57
SOLUSDT,2025-06-26 00:00:00+00:00,139.06
SOLUSDT,2025-06-27 00:00:00+00:00,142.09
SOLUSDT,2025-06-28 00:00:00+00:00,150.72
SOLUSDT,2025-06-29 00:00:00+00:00,153.32
SOLUSDT,2025-06-30 00:00:00+00:00,154.81
SOLUSDT,2025-07-01 00:00:00+00:00,
XRPUSDT,2020-08-11 00:00:00+00:00,
XRPUSDT,2020-08-12 00:00:00+00:00,0.28233
XRPUSDT,2020-08-13 00:00:00+00:00,0.2942
XRPUSDT,2020-08-14 00:00:00+00:00,0.29995
XRPUSDT,2020-08-15 00:00:00+00:00,0.29884
XRPUSDT,2020-08-16 00:00:00+00:00,0.30455
XRPUSDT,2020-08-17 00:00:00+00:00,0.31539
XRPUSDT,2020-08-18 00:00:00+00:00,0.30251
XRPUSDT,2020-08-19 00:00:00+00:00,0.28975
XRPUSDT,2020-08-20 00:00:00+00:00,0.29218
XRPUSDT,2020-08-21 00:00:00+00:00,0.27933
XRPUSDT,2020-08-22 00:00:00+00:00,0.28592
XRPUSDT,2020-08-23 00:00:00+00:00,0.2848
XRPUSDT,2020-08-24 00:00:00+00:00,0.2884
XRPUSDT,2020-08-25 00:00:00+00:00,0.27625
XRPUSDT,2020-08-26 00:00:00+00:00,0.27653
XRPUSDT,2020-08-27 00:00:00+00:00,0.26469
XRPUSDT,2020-08-28 00:00:00+00:00,0.27174
XRPUSDT,2020-08-29 00:00:00+00:00,0.2738
XRPUSDT,2020-08-30 00:00:00+00:00,0.28302
XRPUSDT,2020-08-31 00:00:00+00:00,0.28115
XRPUSDT,2020-09-01 00:00:00+00:00,0.29521
XRPUSDT,2020-09-02 00:00:00+00:00,0.27595
XRPUSDT,2020-09-03 00:00:00+00:00,0.24409
XRPUSDT,2020-09-04 00:00:00+00:00,0.25385
XRPUSDT,2020-09-05 00:00:00+00:00,0.23738
XRPUSDT,2020-09-06 00:00:00+00:00,0.23986
XRPUSDT,2020-09-07 00:00:00+00:00,0.24198
XRPUSDT,2020-09-08 00:00:00+00:00,0.23657
XRPUSDT,2020-09-09 00:00:00+00:00,0.23901
XRPUSDT,2020-09-10 00:00:00+00:00,0.24302
XRPUSDT,2020-09-11 00:00:00+00:00,0.24252
XRPUSDT,2020-09-12 00:00:00+00:00,0.24752
XRPUSDT,2020-09-13 00:00:00+00:00,0.24218
XRPUSDT,2020-09-14 00:00:00+00:00,0.24564
XRPUSDT,2020-09-15 00:00:00+00:00,0.24331
XRPUSDT,2020-09-16 00:00:00+00:00,0.24686
XRPUSDT,2020-09-17 00:00:00+00:00,0.25214
XRPUSDT,2020-09-18 00:00:00+00:00,0.25065
XRPUSDT,2020-09-19 00:00:00+00:00,0.25112
XRPUSDT,2020-09-20 00:00:00+00:00,0.24652
XRPUSDT,2020-09-21 00:00:00+00:00,0.23102
XRPUSDT,2020-09-22 00:00:00+00:00,0.23302
XRPUSDT,2020-09-23 00:00:00+00:00,0.22164
XRPUSDT,2020-09-24 00:00:00+00:00,0.23276
XRPUSDT,2020-09-25 00:00:00+00:00,0.24154
XRPUSDT,2020-09-26 00:00:00+00:00,0.24153
XRPUSDT,2020-09-27 00:00:00+00:00,0.24334
XRPUSDT,2020-09-28 00:00:00+00:00,0.24107
XRPUSDT,2020-09-29 00:00:00+00:00,0.24285
XRPUSDT,2020-09-30 00:00:00+00:00,0.24171
XRPUSDT,2020-10-01 00:00:00+00:00,0.23819
XRPUSDT,2020-10-02 00:00:00+00:00,0.23386
XRPUSDT,2020-10-03 00:00:00+00:00,0.23273
XRPUSDT,2020-10-04 00:00:00+00:00,0.24794
XRPUSDT,2020-10-05 00:00:00+00:00,0.2503
XRPUSDT,2020-10-06 00:00:00+00:00,0.24545
XRPUSDT,2020-10-07 00:00:00+00:00,0.2487
XRPUSDT,2020-10-08 00:00:00+00:00,0.25141
XRPUSDT,2020-10-09 00:00:00+00:00,0.25293
XRPUSDT,2020-10-10 00:00:00+00:00,0.25402
XRPUSDT,2020-10-11 00:00:00+00:00,0.25544
XRPUSDT,2020-10-12 00:00:00+00:00,0.25603
XRPUSDT,2020-10-13 00:00:00+00:00,0.2565
XRPUSDT,2020-10-14 00:00:00+00:00,0.24906
XRPUSDT,2020-10-15 00:00:00+00:00,0.24596
XRPUSDT,2020-10-16 00:00:00+00:00,0.24011
XRPUSDT,2020-10-17 00:00:00+00:00,0.24057
XRPUSDT,2020-10-18 00:00:00+00:00,0.24221
XRPUSDT,2020-10-19 00:00:00+00:00,0.24558
XRPUSDT,2020-10-20 00:00:00+00:00,0.24322
XRPUSDT,2020-10-21 00:00:00+00:00,0.25088
XRPUSDT,2020-10-22 00:00:00+00:00,0.25709
XRPUSDT,2020-10-23 00:00:00+00:00,0.25471
XRPUSDT,2020-10-24 00:00:00+00:00,0.2562
XRPUSDT,2020-10-25 00:00:00+00:00,0.25313
XRPUSDT,2020-10-26 00:00:00+00:00,0.2481
XRPUSDT,2020-10-27 00:00:00+00:00,0.25273
XRPUSDT,2020-10-28 00:00:00+00:00,0.2454
XRPUSDT,2020-10-29 00:00:00+00:00,0.24239
XRPUSDT,2020-10-30 00:00:00+00:00,0.23905
XRPUSDT,2020-10-31 00:00:00+00:00,0.23968
XRPUSDT,2020-11-01 00:00:00+00:00,0.23999
XRPUSDT,2020-11-02 00:00:00+00:00,0.23523
XRPUSDT,2020-11-03 00:00:00+00:00,0.2396
XRPUSDT,2020-11-04 00:00:00+00:00,0.23758
XRPUSDT,2020-11-05 00:00:00+00:00,0.24561
XRPUSDT,2020-11-06 00:00:00+00:00,0.25863
XRPUSDT,2020-11-07 00:00:00+00:00,0.2491
XRPUSDT,2020-11-08 00:00:00+00:00,0.25374
XRPUSDT,2020-11-09 00:00:00+00:00,0.25059
XRPUSDT,2020-11-10 00:00:00+00:00,0.2538
XRPUSDT,2020-11-11 00:00:00+00:00,0.25581
XRPUSDT,2020-11-12 00:00:00+00:00,0.2549
XRPUSDT,2020-11-13 00:00:00+00:00,0.2659
XRPUSDT,2020-11-14 00:00:00+00:00,0.26824
XRPUSDT,2020-11-15 00:00:00+00:00,0.26954
XRPUSDT,2020-11-16 00:00:00+00:00,0.28813
XRPUSDT,2020-11-17 00:00:00+00:00,0.30247
XRPUSDT,2020-11-18 00:00:00+00:00,0.29335
XRPUSDT,2020-11-19 00:00:00+00:00,0.30358
XRPUSDT,2020-11-20 00:00:00+00:00,0.32991
XRPUSDT,2020-11-21 00:00:00+00:00,0.46283
XRPUSDT,2020-11-22 00:00:00+00:00,0.44611
XRPUSDT,2020-11-23 00:00:00+00:00,0.61579
XRPUSDT,2020-11-24 00:00:00+00:00,0.694
XRPUSDT,2020-11-25 00:00:00+00:00,0.63022
XRPUSDT,2020-11-26 00:00:00+00:00,0.53654
XRPUSDT,2020-11-27 00:00:00+00:00,0.5623
XRPUSDT,2020-11-28 00:00:00+00:00,0.62579
XRPUSDT,2020-11-29 00:00:00+00:00,0.60543
XRPUSDT,2020-11-30 00:00:00+00:00,
XRPUSDT,2020-12-01 00:00:00+00:00,0.61088
XRPUSDT,2020-12-02 00:00:00+00:00,0.62972
XRPUSDT,2020-12-03 00:00:00+00:00,0.63046
XRPUSDT,2020-12-04 00:00:00+00:00,0.55367
XRPUSDT,2020-12-05 00:00:00+00:00,0.58517
XRPUSDT,2020-12-06 00:00:00+00:00,0.62107
XRPUSDT,2020-12-07 00:00:00+00:00,0.60818
XRPUSDT,2020-12-08 00:00:00+00:00,0.5589
XRPUSDT,2020-12-09 00:00:00+00:00,0.58265
XRPUSDT,2020-12-10 00:00:00+00:00,0.57267
XRPUSDT,2020-12-11 00:00:00+00:00,0.54945
XRPUSDT,2020-12-12 00:00:00+00:00,0.50658
XRPUSDT,2020-12-13 00:00:00+00:00,0.51365
XRPUSDT,2020-12-14 00:00:00+00:00,0.4974
XRPUSDT,2020-12-15 00:00:00+00:00,0.46793
XRPUSDT,2020-12-16 00:00:00+00:00,0.56941
XRPUSDT,2020-12-17 00:00:00+00:00,0.5769
XRPUSDT,2020-12-18 00:00:00+00:00,0.58337
XRPUSDT,2020-12-19 00:00:00+00:00,0.57666
XRPUSDT,2020-12-20 00:00:00+00:00,0.55586
XRPUSDT,2020-12-21 00:00:00+00:00,
XRPUSDT,2020-12-22 00:00:00+00:00,0.44642
XRPUSDT,2020-12-23 00:00:00+00:00,0.2605
XRPUSDT,2020-12-24 00:00:00+00:00,0.33863
XRPUSDT,2020-12-25 00:00:00+00:00,
XRPUSDT,2020-12-26 00:00:00+00:00,0.29481
XRPUSDT,2020-12-27 00:00:00+00:00,0.28407
XRPUSDT,2020-12-28 00:00:00+00:00,0.24845
XRPUSDT,2020-12-29 00:00:00+00:00,0.22142
XRPUSDT,2020-12-30 00:00:00+00:00,0.21138
XRPUSDT,2020-12-31 00:00:00+00:00,0.21959
XRPUSDT,2021-01-01 00:00:00+00:00,0.23746
XRPUSDT,2021-01-02 00:00:00+00:00,0.22064
XRPUSDT,2021-01-03 00:00:00+00:00,0.2254
XRPUSDT,2021-01-04 00:00:00+00:00,0.23565
XRPUSDT,2021-01-05 00:00:00+00:00,0.22573
XRPUSDT,2021-01-06 00:00:00+00:00,0.24854
XRPUSDT,2021-01-07 00:00:00+00:00,0.32389
XRPUSDT,2021-01-08 00:00:00+00:00,0.32032
XRPUSDT,2021-01-09 00:00:00+00:00,0.32419
XRPUSDT,2021-01-10 00:00:00+00:00,0.31491
XRPUSDT,2021-01-11 00:00:00+00:00,0.28743
XRPUSDT,2021-01-12 00:00:00+00:00,0.29254
XRPUSDT,2021-01-13 00:00:00+00:00,0.30582
XRPUSDT,2021-01-14 00:00:00+00:00,0.29642
XRPUSDT,2021-01-15 00:00:00+00:00,0.27991
XRPUSDT,2021-01-16 00:00:00+00:00,0.27924
XRPUSDT,2021-01-17 00:00:00+00:00,0.27746
XRPUSDT,2021-01-18 00:00:00+00:00,0.28528
XRPUSDT,2021-01-19 00:00:00+00:00,0.29396
XRPUSDT,2021-01-20 00:00:00+00:00,0.29539
XRPUSDT,2021-01-21 00:00:00+00:00,0.26802
XRPUSDT,2021-01-22 00:00:00+00:00,0.27217
XRPUSDT,2021-01-23 00:00:00+00:00,0.27167
XRPUSDT,2021-01-24 00:00:00+00:00,0.27339
XRPUSDT,2021-01-25 00:00:00+00:00,0.26757
XRPUSDT,2021-01-26 00:00:00+00:00,0.26834
XRPUSDT,2021-01-27 00:00:00+00:00,0.25039
XRPUSDT,2021-01-28 00:00:00+00:00,0.26407
XRPUSDT,2021-01-29 00:00:00+00:00,0.2829
XRPUSDT,2021-01-30 00:00:00+00:00,0.44372
XRPUSDT,2021-01-31 00:00:00+00:00,0.49507
XRPUSDT,2021-02-01 00:00:00+00:00,0.37106
XRPUSDT,2021-02-02 00:00:00+00:00,0.37254
XRPUSDT,2021-02-03 00:00:00+00:00,0.39721
XRPUSDT,2021-02-04 00:00:00+00:00,0.44545
XRPUSDT,2021-02-05 00:00:00+00:00,0.45219
XRPUSDT,2021-02-06 00:00:00+00:00,0.44307
XRPUSDT,2021-02-07 00:00:00+00:00,0.41849
XRPUSDT,2021-02-08 00:00:00+00:00,0.45099
XRPUSDT,2021-02-09 00:00:00+00:00,0.47636
XRPUSDT,2021-02-10 00:00:00+00:00,0.50429
XRPUSDT,2021-02-11 00:00:00+00:00,
XRPUSDT,2021-02-12 00:00:00+00:00,0.609
XRPUSDT,2021-02-13 00:00:00+00:00,0.63309
XRPUSDT,2021-02-14 00:00:00+00:00,0.59211
XRPUSDT,2021-02-15 00:00:00+00:00,0.54976
XRPUSDT,2021-02-16 00:00:00+00:00,0.51995
XRPUSDT,2021-02-17 00:00:00+00:00,0.53467
XRPUSDT,2021-02-18 00:00:00+00:00,0.53204
XRPUSDT,2021-02-19 00:00:00+00:00,0.56465
XRPUSDT,2021-02-20 00:00:00+00:00,0.51167
XRPUSDT,2021-02-21 00:00:00+00:00,0.54468
XRPUSDT,2021-02-22 00:00:00+00:00,0.56646
XRPUSDT,2021-02-23 00:00:00+00:00,0.47579
XRPUSDT,2021-02-24 00:00:00+00:00,0.4686
XRPUSDT,2021-02-25 00:00:00+00:00,0.43601
XRPUSDT,2021-02-26 00:00:00+00:00,0.42788
XRPUSDT,2021-02-27 00:00:00+00:00,0.43589
XRPUSDT,2021-02-28 00:00:00+00:00,0.41565
XRPUSDT,2021-03-01 00:00:00+00:00,0.44537
XRPUSDT,2021-03-02 00:00:00+00:00,0.4357
XRPUSDT,2021-03-03 00:00:00+00:00,0.44846
XRPUSDT,2021-03-04 00:00:00+00:00,0.48096
XRPUSDT,2021-03-05 00:00:00+00:00,0.45457
XRPUSDT,2021-03-06 00:00:00+00:00,
XRPUSDT,2021-03-07 00:00:00+00:00,0.46558
XRPUSDT,2021-03-08 00:00:00+00:00,0.47412
XRPUSDT,2021-03-09 00:00:00+00:00,0.4849
XRPUSDT,2021-03-10 00:00:00+00:00,0.46155
XRPUSDT,2021-03-11 00:00:00+00:00,0.45187
XRPUSDT,2021-03-12 00:00:00+00:00,0.43934
XRPUSDT,2021-03-13 00:00:00+00:00,0.45787
XRPUSDT,2021-03-14 00:00:00+00:00,0.43905
XRPUSDT,2021-03-15 00:00:00+00:00,0.43574
XRPUSDT,2021-03-16 00:00:00+00:00,0.46024
XRPUSDT,2021-03-17 00:00:00+00:00,0.4698
XRPUSDT,2021-03-18 00:00:00+00:00,0.46893
XRPUSDT,2021-03-19 00:00:00+00:00,0.46651
XRPUSDT,2021-03-20 00:00:00+00:00,0.52613
XRPUSDT,2021-03-21 00:00:00+00:00,0.51651
XRPUSDT,2021-03-22 00:00:00+00:00,0.5441
XRPUSDT,2021-03-23 00:00:00+00:00,0.5498
XRPUSDT,2021-03-24 00:00:00+00:00,0.48021
XRPUSDT,2021-03-25 00:00:00+00:00,0.51058
XRPUSDT,2021-03-26 00:00:00+00:00,0.56357
XRPUSDT,2021-03-27 00:00:00+00:00,0.54752
XRPUSDT,2021-03-28 00:00:00+00:00,0.54552
XRPUSDT,2021-03-29 00:00:00+00:00,0.56538
XRPUSDT,2021-03-30 00:00:00+00:00,0.5621
XRPUSDT,2021-03-31 00:00:00+00:00,0.56982
XRPUSDT,2021-04-01 00:00:00+00:00,0.57087
XRPUSDT,2021-04-02 00:00:00+00:00,0.60701
XRPUSDT,2021-04-03 00:00:00+00:00,0.57831
XRPUSDT,2021-04-04 00:00:00+00:00,0.635
XRPUSDT,2021-04-05 00:00:00+00:00,0.91584
XRPUSDT,2021-04-06 00:00:00+00:00,1.09663
XRPUSDT,2021-04-07 00:00:00+00:00,0.91542
XRPUSDT,2021-04-08 00:00:00+00:00,1.05599
XRPUSDT,2021-04-09 00:00:00+00:00,1.01721
XRPUSDT,2021-04-10 00:00:00+00:00,1.3728
XRPUSDT,2021-04-11 00:00:00+00:00,1.35118
XRPUSDT,2021-04-12 00:00:00+00:00,1.46843
XRPUSDT,2021-04-13 00:00:00+00:00,1.79611
XRPUSDT,2021-04-14 00:00:00+00:00,1.83468
XRPUSDT,2021-04-15 00:00:00+00:00,1.75781
XRPUSDT,2021-04-16 00:00:00+00:00,1.54805
XRPUSDT,2021-04-17 00:00:00+00:00,1.53896
XRPUSDT,2021-04-18 00:00:00+00:00,1.40797
XRPUSDT,2021-04-19 00:00:00+00:00,1.30945
XRPUSDT,2021-04-20 00:00:00+00:00,
XRPUSDT,2021-04-21 00:00:00+00:00,1.29097
XRPUSDT,2021-04-22 00:00:00+00:00,1.15489
XRPUSDT,2021-04-23 00:00:00+00:00,1.17073
XRPUSDT,2021-04-24 00:00:00+00:00,1.04833
XRPUSDT,2021-04-25 00:00:00+00:00,
XRPUSDT,2021-04-26 00:00:00+00:00,1.3629
XRPUSDT,2021-04-27 00:00:00+00:00,1.4017
XRPUSDT,2021-04-28 00:00:00+00:00,1.3576
XRPUSDT,2021-04-29 00:00:00+00:00,1.3978
XRPUSDT,2021-04-30 00:00:00+00:00,1.5988
XRPUSDT,2021-05-01 00:00:00+00:00,1.651
XRPUSDT,2021-05-02 00:00:00+00:00,1.5605
XRPUSDT,2021-05-03 00:00:00+00:00,1.5546
XRPUSDT,2021-05-04 00:00:00+00:00,1.3877
XRPUSDT,2021-05-05 00:00:00+00:00,1.6133
XRPUSDT,2021-05-06 00:00:00+00:00,1.6028
XRPUSDT,2021-05-07 00:00:00+00:00,1.5793
XRPUSDT,2021-05-08 00:00:00+00:00,1.5611
XRPUSDT,2021-05-09 00:00:00+00:00,1.5345
XRPUSDT,2021-05-10 00:00:00+00:00,1.3906
XRPUSDT,2021-05-11 00:00:00+00:00,1.4786
XRPUSDT,2021-05-12 00:00:00+00:00,1.2691
XRPUSDT,2021-05-13 00:00:00+00:00,1.364
XRPUSDT,2021-05-14 00:00:00+00:00,1.4
XRPUSDT,2021-05-15 00:00:00+00:00,1.4904
XRPUSDT,2021-05-16 00:00:00+00:00,1.4496
XRPUSDT,2021-05-17 00:00:00+00:00,1.4946
XRPUSDT,2021-05-18 00:00:00+00:00,1.5889
XRPUSDT,2021-05-19 00:00:00+00:00,1.0568
XRPUSDT,2021-05-20 00:00:00+00:00,1.1795
XRPUSDT,2021-05-21 00:00:00+00:00,1.0062
XRPUSDT,2021-05-22 00:00:00+00:00,0.9052
XRPUSDT,2021-05-23 00:00:00+00:00,0.7898
XRPUSDT,2021-05-24 00:00:00+00:00,0.993
XRPUSDT,2021-05-25 00:00:00+00:00,0.9746
XRPUSDT,2021-05-26 00:00:00+00:00,1.0316
XRPUSDT,2021-05-27 00:00:00+00:00,0.9747
XRPUSDT,2021-05-28 00:00:00+00:00,0.8985
XRPUSDT,2021-05-29 00:00:00+00:00,0.8318
XRPUSDT,2021-05-30 00:00:00+00:00,0.9058
XRPUSDT,2021-05-31 00:00:00+00:00,1.0409
XRPUSDT,2021-06-01 00:00:00+00:00,1.0108
XRPUSDT,2021-06-02 00:00:00+00:00,1.0241
XRPUSDT,2021-06-03 00:00:00+00:00,1.045
XRPUSDT,2021-06-04 00:00:00+00:00,0.9683
XRPUSDT,2021-06-05 00:00:00+00:00,0.923
XRPUSDT,2021-06-06 00:00:00+00:00,0.947
XRPUSDT,2021-06-07 00:00:00+00:00,0.8618
XRPUSDT,2021-06-08 00:00:00+00:00,0.8731
XRPUSDT,2021-06-09 00:00:00+00:00,0.9218
XRPUSDT,2021-06-10 00:00:00+00:00,0.8686
XRPUSDT,2021-06-11 00:00:00+00:00,0.8471
XRPUSDT,2021-06-12 00:00:00+00:00,0.8326
XRPUSDT,2021-06-13 00:00:00+00:00,0.8832
XRPUSDT,2021-06-14 00:00:00+00:00,0.8906
XRPUSDT,2021-06-15 00:00:00+00:00,0.8663
XRPUSDT,2021-06-16 00:00:00+00:00,0.832
XRPUSDT,2021-06-17 00:00:00+00:00,0.8419
XRPUSDT,2021-06-18 00:00:00+00:00,0.7972
XRPUSDT,2021-06-19 00:00:00+00:00,0.7582
XRPUSDT,2021-06-20 00:00:00+00:00,0.7741
XRPUSDT,2021-06-21 00:00:00+00:00,0.6067
XRPUSDT,2021-06-22 00:00:00+00:00,0.5468
XRPUSDT,2021-06-23 00:00:00+00:00,0.6383
XRPUSDT,2021-06-24 00:00:00+00:00,0.6731
XRPUSDT,2021-06-25 00:00:00+00:00,0.6111
XRPUSDT,2021-06-26 00:00:00+00:00,0.6162
XRPUSDT,2021-06-27 00:00:00+00:00,0.6484
XRPUSDT,2021-06-28 00:00:00+00:00,0.6444
XRPUSDT,2021-06-29 00:00:00+00:00,0.7063
XRPUSDT,2021-06-30 00:00:00+00:00,0.7063
XRPUSDT,2021-07-01 00:00:00+00:00,0.6591
XRPUSDT,2021-07-02 00:00:00+00:00,0.6556
XRPUSDT,2021-07-03 00:00:00+00:00,0.6732
XRPUSDT,2021-07-04 00:00:00+00:00,0.696
XRPUSDT,2021-07-05 00:00:00+00:00,0.6526
XRPUSDT,2021-07-06 00:00:00+00:00,0.6648
XRPUSDT,2021-07-07 00:00:00+00:00,0.6522
XRPUSDT,2021-07-08 00:00:00+00:00,0.6215
XRPUSDT,2021-07-09 00:00:00+00:00,0.6369
XRPUSDT,2021-07-10 00:00:00+00:00,0.6246
XRPUSDT,2021-07-11 00:00:00+00:00,0.6364
XRPUSDT,2021-07-12 00:00:00+00:00,0.6288
XRPUSDT,2021-07-13 00:00:00+00:00,0.6192
XRPUSDT,2021-07-14 00:00:00+00:00,0.6197
XRPUSDT,2021-07-15 00:00:00+00:00,0.5979
XRPUSDT,2021-07-16 00:00:00+00:00,0.5893
XRPUSDT,2021-07-17 00:00:00+00:00,0.5821
XRPUSDT,2021-07-18 00:00:00+00:00,0.5866
XRPUSDT,2021-07-19 00:00:00+00:00,0.557
XRPUSDT,2021-07-20 00:00:00+00:00,0.5284
XRPUSDT,2021-07-21 00:00:00+00:00,0.5719
XRPUSDT,2021-07-22 00:00:00+00:00,0.592
XRPUSDT,2021-07-23 00:00:00+00:00,0.6091
XRPUSDT,2021-07-24 00:00:00+00:00,0.6085
XRPUSDT,2021-07-25 00:00:00+00:00,0.6069
XRPUSDT,2021-07-26 00:00:00+00:00,0.6234
XRPUSDT,2021-07-27 00:00:00+00:00,0.6451
XRPUSDT,2021-07-28 00:00:00+00:00,0.7327
XRPUSDT,2021-07-29 00:00:00+00:00,0.7488
XRPUSDT,2021-07-30 00:00:00+00:00,0.7521
XRPUSDT,2021-07-31 00:00:00+00:00,0.746
XRPUSDT,2021-08-01 00:00:00+00:00,0.7242
XRPUSDT,2021-08-02 00:00:00+00:00,0.738
XRPUSDT,2021-08-03 00:00:00+00:00,0.7136
XRPUSDT,2021-08-04 00:00:00+00:00,0.731
XRPUSDT,2021-08-05 00:00:00+00:00,0.7327
XRPUSDT,2021-08-06 00:00:00+00:00,0.7474
XRPUSDT,2021-08-07 00:00:00+00:00,0.8162
XRPUSDT,2021-08-08 00:00:00+00:00,0.7788
XRPUSDT,2021-08-09 00:00:00+00:00,0.817
XRPUSDT,2021-08-10 00:00:00+00:00,0.8511
XRPUSDT,2021-08-11 00:00:00+00:00,1.0105
XRPUSDT,2021-08-12 00:00:00+00:00,0.966
XRPUSDT,2021-08-13 00:00:00+00:00,
XRPUSDT,2021-08-14 00:00:00+00:00,1.2791
XRPUSDT,2021-08-15 00:00:00+00:00,1.2839
XRPUSDT,2021-08-16 00:00:00+00:00,1.1855
XRPUSDT,2021-08-17 00:00:00+00:00,1.0978
XRPUSDT,2021-08-18 00:00:00+00:00,1.1431
XRPUSDT,2021-08-19 00:00:00+00:00,1.2347
XRPUSDT,2021-08-20 00:00:00+00:00,1.2629
XRPUSDT,2021-08-21 00:00:00+00:00,1.2158
XRPUSDT,2021-08-22 00:00:00+00:00,1.226
XRPUSDT,2021-08-23 00:00:00+00:00,1.2457
XRPUSDT,2021-08-24 00:00:00+00:00,1.1353
XRPUSDT,2021-08-25 00:00:00+00:00,1.1735
XRPUSDT,2021-08-26 00:00:00+00:00,1.0712
XRPUSDT,2021-08-27 00:00:00+00:00,1.1918
XRPUSDT,2021-08-28 00:00:00+00:00,1.1459
XRPUSDT,2021-08-29 00:00:00+00:00,1.1408
XRPUSDT,2021-08-30 00:00:00+00:00,1.1002
XRPUSDT,2021-08-31 00:00:00+00:00,1.1856
XRPUSDT,2021-09-01 00:00:00+00:00,1.2362
XRPUSDT,2021-09-02 00:00:00+00:00,1.2533
XRPUSDT,2021-09-03 00:00:00+00:00,1.2907
XRPUSDT,2021-09-04 00:00:00+00:00,1.2548
XRPUSDT,2021-09-05 00:00:00+00:00,1.3076
XRPUSDT,2021-09-06 00:00:00+00:00,1.3894
XRPUSDT,2021-09-07 00:00:00+00:00,1.1292
XRPUSDT,2021-09-08 00:00:00+00:00,1.0998
XRPUSDT,2021-09-09 00:00:00+00:00,1.0868
XRPUSDT,2021-09-10 00:00:00+00:00,1.0552
XRPUSDT,2021-09-11 00:00:00+00:00,1.0787
XRPUSDT,2021-09-12 00:00:00+00:00,1.1181
XRPUSDT,2021-09-13 00:00:00+00:00,1.0643
XRPUSDT,2021-09-14 00:00:00+00:00,1.0963
XRPUSDT,2021-09-15 00:00:00+00:00,1.1207
XRPUSDT,2021-09-16 00:00:00+00:00,1.0902
XRPUSDT,2021-09-17 00:00:00+00:00,1.0661
XRPUSDT,2021-09-18 00:00:00+00:00,1.0751
XRPUSDT,2021-09-19 00:00:00+00:00,1.0483
XRPUSDT,2021-09-20 00:00:00+00:00,0.9216
XRPUSDT,2021-09-21 00:00:00+00:00,0.8743
XRPUSDT,2021-09-22 00:00:00+00:00,1.0033
XRPUSDT,2021-09-23 00:00:00+00:00,1.0016
XRPUSDT,2021-09-24 00:00:00+00:00,0.944
XRPUSDT,2021-09-25 00:00:00+00:00,0.94
XRPUSDT,2021-09-26 00:00:00+00:00,0.9436
XRPUSDT,2021-09-27 00:00:00+00:00,0.9218
XRPUSDT,2021-09-28 00:00:00+00:00,0.8928
XRPUSDT,2021-09-29 00:00:00+00:00,
XRPUSDT,2021-09-30 00:00:00+00:00,0.9533
XRPUSDT,2021-10-01 00:00:00+00:00,1.0422
XRPUSDT,2021-10-02 00:00:00+00:00,1.0359
XRPUSDT,2021-10-03 00:00:00+00:00,1.0552
XRPUSDT,2021-10-04 00:00:00+00:00,1.0425
XRPUSDT,2021-10-05 00:00:00+00:00,1.0839
XRPUSDT,2021-10-06 00:00:00+00:00,1.0765
XRPUSDT,2021-10-07 00:00:00+00:00,1.0678
XRPUSDT,2021-10-08 00:00:00+00:00,1.0636
XRPUSDT,2021-10-09 00:00:00+00:00,1.1604
XRPUSDT,2021-10-10 00:00:00+00:00,1.1352
XRPUSDT,2021-10-11 00:00:00+00:00,1.1364
XRPUSDT,2021-10-12 00:00:00+00:00,1.1018
XRPUSDT,2021-10-13 00:00:00+00:00,1.1275
XRPUSDT,2021-10-14 00:00:00+00:00,1.1336
XRPUSDT,2021-10-15 00:00:00+00:00,1.1413
XRPUSDT,2021-10-16 00:00:00+00:00,1.1343
XRPUSDT,2021-10-17 00:00:00+00:00,1.0944
XRPUSDT,2021-10-18 00:00:00+00:00,1.0827
XRPUSDT,2021-10-19 00:00:00+00:00,1.0911
XRPUSDT,2021-10-20 00:00:00+00:00,1.1455
XRPUSDT,2021-10-21 00:00:00+00:00,1.0886
XRPUSDT,2021-10-22 00:00:00+00:00,1.0885
XRPUSDT,2021-10-23 00:00:00+00:00,1.0934
XRPUSDT,2021-10-24 00:00:00+00:00,1.0821
XRPUSDT,2021-10-25 00:00:00+00:00,1.0951
XRPUSDT,2021-10-26 00:00:00+00:00,1.1075
XRPUSDT,2021-10-27 00:00:00+00:00,0.995
XRPUSDT,2021-10-28 00:00:00+00:00,1.0579
XRPUSDT,2021-10-29 00:00:00+00:00,1.0825
XRPUSDT,2021-10-30 00:00:00+00:00,1.0846
XRPUSDT,2021-10-31 00:00:00+00:00,1.1128
XRPUSDT,2021-11-01 00:00:00+00:00,1.0915
XRPUSDT,2021-11-02 00:00:00+00:00,1.1349
XRPUSDT,2021-11-03 00:00:00+00:00,1.2101
XRPUSDT,2021-11-04 00:00:00+00:00,1.2004
XRPUSDT,2021-11-05 00:00:00+00:00,1.1581
XRPUSDT,2021-11-06 00:00:00+00:00,1.151
XRPUSDT,2021-11-07 00:00:00+00:00,1.2198
XRPUSDT,2021-11-08 00:00:00+00:00,1.2815
XRPUSDT,2021-11-09 00:00:00+00:00,1.2571
XRPUSDT,2021-11-10 00:00:00+00:00,1.1902
XRPUSDT,2021-11-11 00:00:00+00:00,1.2142
XRPUSDT,2021-11-12 00:00:00+00:00,1.1883
XRPUSDT,2021-11-13 00:00:00+00:00,1.1892
XRPUSDT,2021-11-14 00:00:00+00:00,1.1879
XRPUSDT,2021-11-15 00:00:00+00:00,1.172
XRPUSDT,2021-11-16 00:00:00+00:00,1.0877
XRPUSDT,2021-11-17 00:00:00+00:00,1.0953
XRPUSDT,2021-11-18 00:00:00+00:00,1.0406
XRPUSDT,2021-11-19 00:00:00+00:00,1.0892
XRPUSDT,2021-11-20 00:00:00+00:00,1.0965
XRPUSDT,2021-11-21 00:00:00+00:00,1.0569
XRPUSDT,2021-11-22 00:00:00+00:00,1.0354
XRPUSDT,2021-11-23 00:00:00+00:00,1.0661
XRPUSDT,2021-11-24 00:00:00+00:00,1.0326
XRPUSDT,2021-11-25 00:00:00+00:00,1.0438
XRPUSDT,2021-11-26 00:00:00+00:00,0.9394
XRPUSDT,2021-11-27 00:00:00+00:00,0.9452
XRPUSDT,2021-11-28 00:00:00+00:00,0.9687
XRPUSDT,2021-11-29 00:00:00+00:00,0.9898
XRPUSDT,2021-11-30 00:00:00+00:00,0.9983
XRPUSDT,2021-12-01 00:00:00+00:00,0.9899
XRPUSDT,2021-12-02 00:00:00+00:00,0.9716
XRPUSDT,2021-12-03 00:00:00+00:00,0.9211
XRPUSDT,2021-12-04 00:00:00+00:00,0.8449
XRPUSDT,2021-12-05 00:00:00+00:00,0.8045
XRPUSDT,2021-12-06 00:00:00+00:00,0.8255
XRPUSDT,2021-12-07 00:00:00+00:00,0.8154
XRPUSDT,2021-12-08 00:00:00+00:00,0.8622
XRPUSDT,2021-12-09 00:00:00+00:00,0.8583
XRPUSDT,2021-12-10 00:00:00+00:00,0.7992
XRPUSDT,2021-12-11 00:00:00+00:00,0.8392
XRPUSDT,2021-12-12 00:00:00+00:00,0.8393
XRPUSDT,2021-12-13 00:00:00+00:00,0.7818
XRPUSDT,2021-12-14 00:00:00+00:00,0.8103
XRPUSDT,2021-12-15 00:00:00+00:00,0.8262
XRPUSDT,2021-12-16 00:00:00+00:00,0.8051
XRPUSDT,2021-12-17 00:00:00+00:00,0.7966
XRPUSDT,2021-12-18 00:00:00+00:00,0.8262
XRPUSDT,2021-12-19 00:00:00+00:00,0.835
XRPUSDT,2021-12-20 00:00:00+00:00,0.8798
XRPUSDT,2021-12-21 00:00:00+00:00,0.9467
XRPUSDT,2021-12-22 00:00:00+00:00,0.9537
XRPUSDT,2021-12-23 00:00:00+00:00,0.9941
XRPUSDT,2021-12-24 00:00:00+00:00,0.9115
XRPUSDT,2021-12-25 00:00:00+00:00,0.9252
XRPUSDT,2021-12-26 00:00:00+00:00,0.92
XRPUSDT,2021-12-27 00:00:00+00:00,0.9269
XRPUSDT,2021-12-28 00:00:00+00:00,0.8515
XRPUSDT,2021-12-29 00:00:00+00:00,0.8171
XRPUSDT,2021-12-30 00:00:00+00:00,0.8386
XRPUSDT,2021-12-31 00:00:00+00:00,0.8297
XRPUSDT,2022-01-01 00:00:00+00:00,0.8507
XRPUSDT,2022-01-02 00:00:00+00:00,0.8586
XRPUSDT,2022-01-03 00:00:00+00:00,0.8324
XRPUSDT,2022-01-04 00:00:00+00:00,0.8228
XRPUSDT,2022-01-05 00:00:00+00:00,0.7726
XRPUSDT,2022-01-06 00:00:00+00:00,0.7791
XRPUSDT,2022-01-07 00:00:00+00:00,0.7634
XRPUSDT,2022-01-08 00:00:00+00:00,0.7452
XRPUSDT,2022-01-09 00:00:00+00:00,0.753
XRPUSDT,2022-01-10 00:00:00+00:00,0.7399
XRPUSDT,2022-01-11 00:00:00+00:00,0.7703
XRPUSDT,2022-01-12 00:00:00+00:00,0.7987
XRPUSDT,2022-01-13 00:00:00+00:00,0.768
XRPUSDT,2022-01-14 00:00:00+00:00,0.7732
XRPUSDT,2022-01-15 00:00:00+00:00,0.7791
XRPUSDT,2022-01-16 00:00:00+00:00,0.7784
XRPUSDT,2022-01-17 00:00:00+00:00,0.7617
XRPUSDT,2022-01-18 00:00:00+00:00,0.7509
XRPUSDT,2022-01-19 00:00:00+00:00,0.7381
XRPUSDT,2022-01-20 00:00:00+00:00,0.7199
XRPUSDT,2022-01-21 00:00:00+00:00,0.6368
XRPUSDT,2022-01-22 00:00:00+00:00,0.5966
XRPUSDT,2022-01-23 00:00:00+00:00,0.6283
XRPUSDT,2022-01-24 00:00:00+00:00,0.6118
XRPUSDT,2022-01-25 00:00:00+00:00,0.618
XRPUSDT,2022-01-26 00:00:00+00:00,0.6193
XRPUSDT,2022-01-27 00:00:00+00:00,0.6088
XRPUSDT,2022-01-28 00:00:00+00:00,0.6111
XRPUSDT,2022-01-29 00:00:00+00:00,0.6174
XRPUSDT,2022-01-30 00:00:00+00:00,0.6013
XRPUSDT,2022-01-31 00:00:00+00:00,0.6174
XRPUSDT,2022-02-01 00:00:00+00:00,0.6284
XRPUSDT,2022-02-02 00:00:00+00:00,0.6006
XRPUSDT,2022-02-03 00:00:00+00:00,0.6102
XRPUSDT,2022-02-04 00:00:00+00:00,0.6555
XRPUSDT,2022-02-05 00:00:00+00:00,0.6656
XRPUSDT,2022-02-06 00:00:00+00:00,0.6825
XRPUSDT,2022-02-07 00:00:00+00:00,0.8314
XRPUSDT,2022-02-08 00:00:00+00:00,0.8763
XRPUSDT,2022-02-09 00:00:00+00:00,0.8697
XRPUSDT,2022-02-10 00:00:00+00:00,0.8253
XRPUSDT,2022-02-11 00:00:00+00:00,0.7591
XRPUSDT,2022-02-12 00:00:00+00:00,0.8223
XRPUSDT,2022-02-13 00:00:00+00:00,0.8057
XRPUSDT,2022-02-14 00:00:00+00:00,0.8012
XRPUSDT,2022-02-15 00:00:00+00:00,0.8515
XRPUSDT,2022-02-16 00:00:00+00:00,0.8366
XRPUSDT,2022-02-17 00:00:00+00:00,0.769
XRPUSDT,2022-02-18 00:00:00+00:00,0.784
XRPUSDT,2022-02-19 00:00:00+00:00,0.8215
XRPUSDT,2022-02-20 00:00:00+00:00,0.7769
XRPUSDT,2022-02-21 00:00:00+00:00,0.7018
XRPUSDT,2022-02-22 00:00:00+00:00,0.7209
XRPUSDT,2022-02-23 00:00:00+00:00,0.6967
XRPUSDT,2022-02-24 00:00:00+00:00,0.6963
XRPUSDT,2022-02-25 00:00:00+00:00,0.7699
XRPUSDT,2022-02-26 00:00:00+00:00,0.7508
XRPUSDT,2022-02-27 00:00:00+00:00,0.7215
XRPUSDT,2022-02-28 00:00:00+00:00,0.7809
XRPUSDT,2022-03-01 00:00:00+00:00,0.7839
XRPUSDT,2022-03-02 00:00:00+00:00,0.7687
XRPUSDT,2022-03-03 00:00:00+00:00,0.7515
XRPUSDT,2022-03-04 00:00:00+00:00,0.7127
XRPUSDT,2022-03-05 00:00:00+00:00,0.754
XRPUSDT,2022-03-06 00:00:00+00:00,0.7251
XRPUSDT,2022-03-07 00:00:00+00:00,0.7197
XRPUSDT,2022-03-08 00:00:00+00:00,0.7207
XRPUSDT,2022-03-09 00:00:00+00:00,0.7658
XRPUSDT,2022-03-10 00:00:00+00:00,0.7361
XRPUSDT,2022-03-11 00:00:00+00:00,0.8029
XRPUSDT,2022-03-12 00:00:00+00:00,0.7857
XRPUSDT,2022-03-13 00:00:00+00:00,0.7602
XRPUSDT,2022-03-14 00:00:00+00:00,0.7748
XRPUSDT,2022-03-15 00:00:00+00:00,0.7657
XRPUSDT,2022-03-16 00:00:00+00:00,0.7919
XRPUSDT,2022-03-17 00:00:00+00:00,0.7935
XRPUSDT,2022-03-18 00:00:00+00:00,0.7965
XRPUSDT,2022-03-19 00:00:00+00:00,0.8194
XRPUSDT,2022-03-20 00:00:00+00:00,0.8057
XRPUSDT,2022-03-21 00:00:00+00:00,0.8373
XRPUSDT,2022-03-22 00:00:00+00:00,0.8366
XRPUSDT,2022-03-23 00:00:00+00:00,0.8376
XRPUSDT,2022-03-24 00:00:00+00:00,0.8428
XRPUSDT,2022-03-25 00:00:00+00:00,0.8239
XRPUSDT,2022-03-26 00:00:00+00:00,0.8327
XRPUSDT,2022-03-27 00:00:00+00:00,0.858
XRPUSDT,2022-03-28 00:00:00+00:00,0.8641
XRPUSDT,2022-03-29 00:00:00+00:00,0.8577
XRPUSDT,2022-03-30 00:00:00+00:00,0.8613
XRPUSDT,2022-03-31 00:00:00+00:00,0.8148
XRPUSDT,2022-04-01 00:00:00+00:00,0.8277
XRPUSDT,2022-04-02 00:00:00+00:00,0.824
XRPUSDT,2022-04-03 00:00:00+00:00,0.8432
XRPUSDT,2022-04-04 00:00:00+00:00,0.826
XRPUSDT,2022-04-05 00:00:00+00:00,0.8164
XRPUSDT,2022-04-06 00:00:00+00:00,0.7595
XRPUSDT,2022-04-07 00:00:00+00:00,0.7871
XRPUSDT,2022-04-08 00:00:00+00:00,0.7549
XRPUSDT,2022-04-09 00:00:00+00:00,0.7622
XRPUSDT,2022-04-10 00:00:00+00:00,0.7543
XRPUSDT,2022-04-11 00:00:00+00:00,0.6948
XRPUSDT,2022-04-12 00:00:00+00:00,0.7152
XRPUSDT,2022-04-13 00:00:00+00:00,0.7232
XRPUSDT,2022-04-14 00:00:00+00:00,0.7262
XRPUSDT,2022-04-15 00:00:00+00:00,0.7858
XRPUSDT,2022-04-16 00:00:00+00:00,0.7808
XRPUSDT,2022-04-17 00:00:00+00:00,0.7519
XRPUSDT,2022-04-18 00:00:00+00:00,0.7699
XRPUSDT,2022-04-19 00:00:00+00:00,0.7749
XRPUSDT,2022-04-20 00:00:00+00:00,0.7517
XRPUSDT,2022-04-21 00:00:00+00:00,0.7328
XRPUSDT,2022-04-22 00:00:00+00:00,0.7179
XRPUSDT,2022-04-23 00:00:00+00:00,0.7057
XRPUSDT,2022-04-24 00:00:00+00:00,0.6981
XRPUSDT,2022-04-25 00:00:00+00:00,0.6931
XRPUSDT,2022-04-26 00:00:00+00:00,0.642
XRPUSDT,2022-04-27 00:00:00+00:00,0.6522
XRPUSDT,2022-04-28 00:00:00+00:00,0.6428
XRPUSDT,2022-04-29 00:00:00+00:00,0.6116
XRPUSDT,2022-04-30 00:00:00+00:00,0.5845
XRPUSDT,2022-05-01 00:00:00+00:00,0.607
XRPUSDT,2022-05-02 00:00:00+00:00,0.6143
XRPUSDT,2022-05-03 00:00:00+00:00,0.6047
XRPUSDT,2022-05-04 00:00:00+00:00,0.6459
XRPUSDT,2022-05-05 00:00:00+00:00,0.5981
XRPUSDT,2022-05-06 00:00:00+00:00,0.6022
XRPUSDT,2022-05-07 00:00:00+00:00,0.5808
XRPUSDT,2022-05-08 00:00:00+00:00,0.5662
XRPUSDT,2022-05-09 00:00:00+00:00,0.4873
XRPUSDT,2022-05-10 00:00:00+00:00,0.513
XRPUSDT,2022-05-11 00:00:00+00:00,0.4172
XRPUSDT,2022-05-12 00:00:00+00:00,0.3856
XRPUSDT,2022-05-13 00:00:00+00:00,0.4228
XRPUSDT,2022-05-14 00:00:00+00:00,0.4262
XRPUSDT,2022-05-15 00:00:00+00:00,0.4481
XRPUSDT,2022-05-16 00:00:00+00:00,0.4231
XRPUSDT,2022-05-17 00:00:00+00:00,0.438
XRPUSDT,2022-05-18 00:00:00+00:00,0.4056
XRPUSDT,2022-05-19 00:00:00+00:00,0.4205
XRPUSDT,2022-05-20 00:00:00+00:00,0.4101
XRPUSDT,2022-05-21 00:00:00+00:00,0.4145
XRPUSDT,2022-05-22 00:00:00+00:00,0.4218
XRPUSDT,2022-05-23 00:00:00+00:00,0.4052
XRPUSDT,2022-05-24 00:00:00+00:00,0.4086
XRPUSDT,2022-05-25 00:00:00+00:00,0.406
XRPUSDT,2022-05-26 00:00:00+00:00,0.392
XRPUSDT,2022-05-27 00:00:00+00:00,0.3819
XRPUSDT,2022-05-28 00:00:00+00:00,0.3863
XRPUSDT,2022-05-29 00:00:00+00:00,0.3891
XRPUSDT,2022-05-30 00:00:00+00:00,0.4187
XRPUSDT,2022-05-31 00:00:00+00:00,0.4217
XRPUSDT,2022-06-01 00:00:00+00:00,0.398
XRPUSDT,2022-06-02 00:00:00+00:00,0.4055
XRPUSDT,2022-06-03 00:00:00+00:00,0.3904
XRPUSDT,2022-06-04 00:00:00+00:00,0.3925
XRPUSDT,2022-06-05 00:00:00+00:00,0.3953
XRPUSDT,2022-06-06 00:00:00+00:00,0.4026
XRPUSDT,2022-06-07 00:00:00+00:00,0.4076
XRPUSDT,2022-06-08 00:00:00+00:00,0.4006
XRPUSDT,2022-06-09 00:00:00+00:00,0.4002
XRPUSDT,2022-06-10 00:00:00+00:00,0.3815
XRPUSDT,2022-06-11 00:00:00+00:00,0.3599
XRPUSDT,2022-06-12 00:00:00+00:00,0.3433
XRPUSDT,2022-06-13 00:00:00+00:00,0.3118
XRPUSDT,2022-06-14 00:00:00+00:00,0.3214
XRPUSDT,2022-06-15 00:00:00+00:00,0.3436
XRPUSDT,2022-06-16 00:00:00+00:00,0.3132
XRPUSDT,2022-06-17 00:00:00+00:00,0.321
XRPUSDT,2022-06-18 00:00:00+00:00,0.3075
XRPUSDT,2022-06-19 00:00:00+00:00,0.3264
XRPUSDT,2022-06-20 00:00:00+00:00,0.3227
XRPUSDT,2022-06-21 00:00:00+00:00,0.3294
XRPUSDT,2022-06-22 00:00:00+00:00,0.3223
XRPUSDT,2022-06-23 00:00:00+00:00,0.3358
XRPUSDT,2022-06-24 00:00:00+00:00,0.3672
XRPUSDT,2022-06-25 00:00:00+00:00,0.3676
XRPUSDT,2022-06-26 00:00:00+00:00,0.3592
XRPUSDT,2022-06-27 00:00:00+00:00,0.3537
XRPUSDT,2022-06-28 00:00:00+00:00,0.3375
XRPUSDT,2022-06-29 00:00:00+00:00,0.3296
XRPUSDT,2022-06-30 00:00:00+00:00,0.3321
XRPUSDT,2022-07-01 00:00:00+00:00,0.3139
XRPUSDT,2022-07-02 00:00:00+00:00,0.3156
XRPUSDT,2022-07-03 00:00:00+00:00,0.3215
XRPUSDT,2022-07-04 00:00:00+00:00,0.3287
XRPUSDT,2022-07-05 00:00:00+00:00,0.3252
XRPUSDT,2022-07-06 00:00:00+00:00,0.3324
XRPUSDT,2022-07-07 00:00:00+00:00,0.3422
XRPUSDT,2022-07-08 00:00:00+00:00,0.3402
XRPUSDT,2022-07-09 00:00:00+00:00,0.3448
XRPUSDT,2022-07-10 00:00:00+00:00,0.3255
XRPUSDT,2022-07-11 00:00:00+00:00,0.3152
XRPUSDT,2022-07-12 00:00:00+00:00,0.3116
XRPUSDT,2022-07-13 00:00:00+00:00,0.3237
XRPUSDT,2022-07-14 00:00:00+00:00,0.3338
XRPUSDT,2022-07-15 00:00:00+00:00,0.3342
XRPUSDT,2022-07-16 00:00:00+00:00,0.3505
XRPUSDT,2022-07-17 00:00:00+00:00,0.3433
XRPUSDT,2022-07-18 00:00:00+00:00,0.3653
XRPUSDT,2022-07-19 00:00:00+00:00,0.3729
XRPUSDT,2022-07-20 00:00:00+00:00,0.3635
XRPUSDT,2022-07-21 00:00:00+00:00,0.3669
XRPUSDT,2022-07-22 00:00:00+00:00,0.3578
XRPUSDT,2022-07-23 00:00:00+00:00,0.3592
XRPUSDT,2022-07-24 00:00:00+00:00,0.3586
XRPUSDT,2022-07-25 00:00:00+00:00,0.3362
XRPUSDT,2022-07-26 00:00:00+00:00,0.3372
XRPUSDT,2022-07-27 00:00:00+00:00,0.3594
XRPUSDT,2022-07-28 00:00:00+00:00,0.3739
XRPUSDT,2022-07-29 00:00:00+00:00,0.3679
XRPUSDT,2022-07-30 00:00:00+00:00,0.3879
XRPUSDT,2022-07-31 00:00:00+00:00,0.3792
XRPUSDT,2022-08-01 00:00:00+00:00,0.3791
XRPUSDT,2022-08-02 00:00:00+00:00,0.3714
XRPUSDT,2022-08-03 00:00:00+00:00,0.3695
XRPUSDT,2022-08-04 00:00:00+00:00,0.371
XRPUSDT,2022-08-05 00:00:00+00:00,0.3764
XRPUSDT,2022-08-06 00:00:00+00:00,0.3715
XRPUSDT,2022-08-07 00:00:00+00:00,0.3722
XRPUSDT,2022-08-08 00:00:00+00:00,0.3787
XRPUSDT,2022-08-09 00:00:00+00:00,0.3672
XRPUSDT,2022-08-10 00:00:00+00:00,0.3814
XRPUSDT,2022-08-11 00:00:00+00:00,0.3802
XRPUSDT,2022-08-12 00:00:00+00:00,0.3796
XRPUSDT,2022-08-13 00:00:00+00:00,0.378
XRPUSDT,2022-08-14 00:00:00+00:00,0.3757
XRPUSDT,2022-08-15 00:00:00+00:00,0.3751
XRPUSDT,2022-08-16 00:00:00+00:00,0.377
XRPUSDT,2022-08-17 00:00:00+00:00,0.3795
XRPUSDT,2022-08-18 00:00:00+00:00,0.3704
XRPUSDT,2022-08-19 00:00:00+00:00,0.3344
XRPUSDT,2022-08-20 00:00:00+00:00,0.3368
XRPUSDT,2022-08-21 00:00:00+00:00,0.3449
XRPUSDT,2022-08-22 00:00:00+00:00,0.344
XRPUSDT,2022-08-23 00:00:00+00:00,0.3472
XRPUSDT,2022-08-24 00:00:00+00:00,0.3456
XRPUSDT,2022-08-25 00:00:00+00:00,0.3491
XRPUSDT,2022-08-26 00:00:00+00:00,0.3393
XRPUSDT,2022-08-27 00:00:00+00:00,0.3346
XRPUSDT,2022-08-28 00:00:00+00:00,0.3224
XRPUSDT,2022-08-29 00:00:00+00:00,0.3337
XRPUSDT,2022-08-30 00:00:00+00:00,0.3267
XRPUSDT,2022-08-31 00:00:00+00:00,0.3277
XRPUSDT,2022-09-01 00:00:00+00:00,0.3331
XRPUSDT,2022-09-02 00:00:00+00:00,0.3314
XRPUSDT,2022-09-03 00:00:00+00:00,0.3297
XRPUSDT,2022-09-04 00:00:00+00:00,0.3317
XRPUSDT,2022-09-05 00:00:00+00:00,0.3329
XRPUSDT,2022-09-06 00:00:00+00:00,0.3212
XRPUSDT,2022-09-07 00:00:00+00:00,0.3369
XRPUSDT,2022-09-08 00:00:00+00:00,0.3396
XRPUSDT,2022-09-09 00:00:00+00:00,0.3568
XRPUSDT,2022-09-10 00:00:00+00:00,0.3573
XRPUSDT,2022-09-11 00:00:00+00:00,0.3552
XRPUSDT,2022-09-12 00:00:00+00:00,0.3598
XRPUSDT,2022-09-13 00:00:00+00:00,0.3326
XRPUSDT,2022-09-14 00:00:00+00:00,0.3415
XRPUSDT,2022-09-15 00:00:00+00:00,0.3261
XRPUSDT,2022-09-16 00:00:00+00:00,0.3552
XRPUSDT,2022-09-17 00:00:00+00:00,0.3762
XRPUSDT,2022-09-18 00:00:00+00:00,0.3576
XRPUSDT,2022-09-19 00:00:00+00:00,0.3848
XRPUSDT,2022-09-20 00:00:00+00:00,0.414
XRPUSDT,2022-09-21 00:00:00+00:00,0.3936
XRPUSDT,2022-09-22 00:00:00+00:00,0.4862
XRPUSDT,2022-09-23 00:00:00+00:00,0.5069
XRPUSDT,2022-09-24 00:00:00+00:00,0.4878
XRPUSDT,2022-09-25 00:00:00+00:00,0.4917
XRPUSDT,2022-09-26 00:00:00+00:00,0.4683
XRPUSDT,2022-09-27 00:00:00+00:00,0.4457
XRPUSDT,2022-09-28 00:00:00+00:00,0.4489
XRPUSDT,2022-09-29 00:00:00+00:00,0.4877
XRPUSDT,2022-09-30 00:00:00+00:00,0.4799
XRPUSDT,2022-10-01 00:00:00+00:00,0.4754
XRPUSDT,2022-10-02 00:00:00+00:00,0.4485
XRPUSDT,2022-10-03 00:00:00+00:00,0.4621
XRPUSDT,2022-10-04 00:00:00+00:00,0.4795
XRPUSDT,2022-10-05 00:00:00+00:00,0.4887
XRPUSDT,2022-10-06 00:00:00+00:00,0.4934
XRPUSDT,2022-10-07 00:00:00+00:00,0.5177
XRPUSDT,2022-10-08 00:00:00+00:00,0.517
XRPUSDT,2022-10-09 00:00:00+00:00,0.5325
XRPUSDT,2022-10-10 00:00:00+00:00,0.4939
XRPUSDT,2022-10-11 00:00:00+00:00,0.4861
XRPUSDT,2022-10-12 00:00:00+00:00,0.4881
XRPUSDT,2022-10-13 00:00:00+00:00,0.4791
XRPUSDT,2022-10-14 00:00:00+00:00,0.4883
XRPUSDT,2022-10-15 00:00:00+00:00,0.4818
XRPUSDT,2022-10-16 00:00:00+00:00,0.4766
XRPUSDT,2022-10-17 00:00:00+00:00,0.4804
XRPUSDT,2022-10-18 00:00:00+00:00,0.4658
XRPUSDT,2022-10-19 00:00:00+00:00,0.4504
XRPUSDT,2022-10-20 00:00:00+00:00,0.4465
XRPUSDT,2022-10-21 00:00:00+00:00,0.4614
XRPUSDT,2022-10-22 00:00:00+00:00,0.4653
XRPUSDT,2022-10-23 00:00:00+00:00,0.4688
XRPUSDT,2022-10-24 00:00:00+00:00,0.4529
XRPUSDT,2022-10-25 00:00:00+00:00,0.4605
XRPUSDT,2022-10-26 00:00:00+00:00,0.4689
XRPUSDT,2022-10-27 00:00:00+00:00,0.4615
XRPUSDT,2022-10-28 00:00:00+00:00,0.4744
XRPUSDT,2022-10-29 00:00:00+00:00,0.4701
XRPUSDT,2022-10-30 00:00:00+00:00,0.4582
XRPUSDT,2022-10-31 00:00:00+00:00,0.4641
XRPUSDT,2022-11-01 00:00:00+00:00,0.4636
XRPUSDT,2022-11-02 00:00:00+00:00,0.4497
XRPUSDT,2022-11-03 00:00:00+00:00,0.4548
XRPUSDT,2022-11-04 00:00:00+00:00,0.5064
XRPUSDT,2022-11-05 00:00:00+00:00,0.493
XRPUSDT,2022-11-06 00:00:00+00:00,0.4709
XRPUSDT,2022-11-07 00:00:00+00:00,0.4648
XRPUSDT,2022-11-08 00:00:00+00:00,0.4059
XRPUSDT,2022-11-09 00:00:00+00:00,0.3331
XRPUSDT,2022-11-10 00:00:00+00:00,0.3942
XRPUSDT,2022-11-11 00:00:00+00:00,0.3843
XRPUSDT,2022-11-12 00:00:00+00:00,0.3636
XRPUSDT,2022-11-13 00:00:00+00:00,0.3408
XRPUSDT,2022-11-14 00:00:00+00:00,0.3776
XRPUSDT,2022-11-15 00:00:00+00:00,0.3888
XRPUSDT,2022-11-16 00:00:00+00:00,0.3752
XRPUSDT,2022-11-17 00:00:00+00:00,0.3819
XRPUSDT,2022-11-18 00:00:00+00:00,0.3829
XRPUSDT,2022-11-19 00:00:00+00:00,0.3841
XRPUSDT,2022-11-20 00:00:00+00:00,0.3608
XRPUSDT,2022-11-21 00:00:00+00:00,0.3645
XRPUSDT,2022-11-22 00:00:00+00:00,0.3757
XRPUSDT,2022-11-23 00:00:00+00:00,0.3815
XRPUSDT,2022-11-24 00:00:00+00:00,0.4018
XRPUSDT,2022-11-25 00:00:00+00:00,0.4078
XRPUSDT,2022-11-26 00:00:00+00:00,0.396
XRPUSDT,2022-11-27 00:00:00+00:00,0.3962
XRPUSDT,2022-11-28 00:00:00+00:00,0.3888
XRPUSDT,2022-11-29 00:00:00+00:00,0.3981
XRPUSDT,2022-11-30 00:00:00+00:00,0.4078
XRPUSDT,2022-12-01 00:00:00+00:00,0.3969
XRPUSDT,2022-12-02 00:00:00+00:00,0.3961
XRPUSDT,2022-12-03 00:00:00+00:00,0.3873
XRPUSDT,2022-12-04 00:00:00+00:00,0.3895
XRPUSDT,2022-12-05 00:00:00+00:00,0.3893
XRPUSDT,2022-12-06 00:00:00+00:00,0.3914
XRPUSDT,2022-12-07 00:00:00+00:00,0.3835
XRPUSDT,2022-12-08 00:00:00+00:00,0.3941
XRPUSDT,2022-12-09 00:00:00+00:00,0.3889
XRPUSDT,2022-12-10 00:00:00+00:00,0.3865
XRPUSDT,2022-12-11 00:00:00+00:00,0.3809
XRPUSDT,2022-12-12 00:00:00+00:00,0.3874
XRPUSDT,2022-12-13 00:00:00+00:00,0.3952
XRPUSDT,2022-12-14 00:00:00+00:00,0.3853
XRPUSDT,2022-12-15 00:00:00+00:00,0.378
XRPUSDT,2022-12-16 00:00:00+00:00,0.3511
XRPUSDT,2022-12-17 00:00:00+00:00,0.3545
XRPUSDT,2022-12-18 00:00:00+00:00,0.3499
XRPUSDT,2022-12-19 00:00:00+00:00,0.3389
XRPUSDT,2022-12-20 00:00:00+00:00,0.3482
XRPUSDT,2022-12-21 00:00:00+00:00,0.3449
XRPUSDT,2022-12-22 00:00:00+00:00,0.3492
XRPUSDT,2022-12-23 00:00:00+00:00,0.3543
XRPUSDT,2022-12-24 00:00:00+00:00,0.3517
XRPUSDT,2022-12-25 00:00:00+00:00,0.3457
XRPUSDT,2022-12-26 00:00:00+00:00,0.3658
XRPUSDT,2022-12-27 00:00:00+00:00,0.3675
XRPUSDT,2022-12-28 00:00:00+00:00,0.3558
XRPUSDT,2022-12-29 00:00:00+00:00,0.3421
XRPUSDT,2022-12-30 00:00:00+00:00,0.3451
XRPUSDT,2022-12-31 00:00:00+00:00,0.3389
XRPUSDT,2023-01-01 00:00:00+00:00,0.3387
XRPUSDT,2023-01-02 00:00:00+00:00,0.3482
XRPUSDT,2023-01-03 00:00:00+00:00,0.3436
XRPUSDT,2023-01-04 00:00:00+00:00,0.3472
XRPUSDT,2023-01-05 00:00:00+00:00,0.338
XRPUSDT,2023-01-06 00:00:00+00:00,0.3443
XRPUSDT,2023-01-07 00:00:00+00:00,0.3442
XRPUSDT,2023-01-08 00:00:00+00:00,0.3452
XRPUSDT,2023-01-09 00:00:00+00:00,0.349
XRPUSDT,2023-01-10 00:00:00+00:00,0.3507
XRPUSDT,2023-01-11 00:00:00+00:00,0.3728
XRPUSDT,2023-01-12 00:00:00+00:00,0.3748
XRPUSDT,2023-01-13 00:00:00+00:00,0.3858
XRPUSDT,2023-01-14 00:00:00+00:00,0.3953
XRPUSDT,2023-01-15 00:00:00+00:00,0.3845
XRPUSDT,2023-01-16 00:00:00+00:00,0.3855
XRPUSDT,2023-01-17 00:00:00+00:00,0.3868
XRPUSDT,2023-01-18 00:00:00+00:00,0.3782
XRPUSDT,2023-01-19 00:00:00+00:00,0.3928
XRPUSDT,2023-01-20 00:00:00+00:00,0.4129
XRPUSDT,2023-01-21 00:00:00+00:00,0.4034
XRPUSDT,2023-01-22 00:00:00+00:00,0.4004
XRPUSDT,2023-01-23 00:00:00+00:00,0.4234
XRPUSDT,2023-01-24 00:00:00+00:00,0.4078
XRPUSDT,2023-01-25 00:00:00+00:00,0.417
XRPUSDT,2023-01-26 00:00:00+00:00,0.4092
XRPUSDT,2023-01-27 00:00:00+00:00,0.4128
XRPUSDT,2023-01-28 00:00:00+00:00,0.4078
XRPUSDT,2023-01-29 00:00:00+00:00,0.4134
XRPUSDT,2023-01-30 00:00:00+00:00,0.3934
XRPUSDT,2023-01-31 00:00:00+00:00,0.4057
XRPUSDT,2023-02-01 00:00:00+00:00,0.4131
XRPUSDT,2023-02-02 00:00:00+00:00,0.4098
XRPUSDT,2023-02-03 00:00:00+00:00,0.4117
XRPUSDT,2023-02-04 00:00:00+00:00,0.4106
XRPUSDT,2023-02-05 00:00:00+00:00,0.3984
XRPUSDT,2023-02-06 00:00:00+00:00,0.392
XRPUSDT,2023-02-07 00:00:00+00:00,0.4036
XRPUSDT,2023-02-08 00:00:00+00:00,0.3975
XRPUSDT,2023-02-09 00:00:00+00:00,0.3819
XRPUSDT,2023-02-10 00:00:00+00:00,0.3817
XRPUSDT,2023-02-11 00:00:00+00:00,0.3833
XRPUSDT,2023-02-12 00:00:00+00:00,0.3747
XRPUSDT,2023-02-13 00:00:00+00:00,0.3703
XRPUSDT,2023-02-14 00:00:00+00:00,0.3819
XRPUSDT,2023-02-15 00:00:00+00:00,0.4011
XRPUSDT,2023-02-16 00:00:00+00:00,0.3841
XRPUSDT,2023-02-17 00:00:00+00:00,0.395
XRPUSDT,2023-02-18 00:00:00+00:00,0.3943
XRPUSDT,2023-02-19 00:00:00+00:00,0.3863
XRPUSDT,2023-02-20 00:00:00+00:00,0.3984
XRPUSDT,2023-02-21 00:00:00+00:00,0.3919
XRPUSDT,2023-02-22 00:00:00+00:00,0.3953
XRPUSDT,2023-02-23 00:00:00+00:00,0.3882
XRPUSDT,2023-02-24 00:00:00+00:00,0.3783
XRPUSDT,2023-02-25 00:00:00+00:00,0.3778
XRPUSDT,2023-02-26 00:00:00+00:00,0.3779
XRPUSDT,2023-02-27 00:00:00+00:00,0.3785
XRPUSDT,2023-02-28 00:00:00+00:00,0.3762
XRPUSDT,2023-03-01 00:00:00+00:00,0.3835
XRPUSDT,2023-03-02 00:00:00+00:00,0.3772
XRPUSDT,2023-03-03 00:00:00+00:00,0.3774
XRPUSDT,2023-03-04 00:00:00+00:00,0.3735
XRPUSDT,2023-03-05 00:00:00+00:00,0.3668
XRPUSDT,2023-03-06 00:00:00+00:00,0.3695
XRPUSDT,2023-03-07 00:00:00+00:00,0.3801
XRPUSDT,2023-03-08 00:00:00+00:00,0.3889
XRPUSDT,2023-03-09 00:00:00+00:00,0.3706
XRPUSDT,2023-03-10 00:00:00+00:00,0.37
XRPUSDT,2023-03-11 00:00:00+00:00,0.3638
XRPUSDT,2023-03-12 00:00:00+00:00,0.3714
XRPUSDT,2023-03-13 00:00:00+00:00,0.3724
XRPUSDT,2023-03-14 00:00:00+00:00,0.3724
XRPUSDT,2023-03-15 00:00:00+00:00,0.3589
XRPUSDT,2023-03-16 00:00:00+00:00,0.3647
XRPUSDT,2023-03-17 00:00:00+00:00,0.3798
XRPUSDT,2023-03-18 00:00:00+00:00,0.3739
XRPUSDT,2023-03-19 00:00:00+00:00,0.3857
XRPUSDT,2023-03-20 00:00:00+00:00,0.3734
XRPUSDT,2023-03-21 00:00:00+00:00,0.4696
XRPUSDT,2023-03-22 00:00:00+00:00,0.4213
XRPUSDT,2023-03-23 00:00:00+00:00,0.4438
XRPUSDT,2023-03-24 00:00:00+00:00,
XRPUSDT,2023-03-25 00:00:00+00:00,0.4429
XRPUSDT,2023-03-26 00:00:00+00:00,0.4479
XRPUSDT,2023-03-27 00:00:00+00:00,0.479
XRPUSDT,2023-03-28 00:00:00+00:00,0.5144
XRPUSDT,2023-03-29 00:00:00+00:00,0.5425
XRPUSDT,2023-03-30 00:00:00+00:00,0.5319
XRPUSDT,2023-03-31 00:00:00+00:00,0.5374
XRPUSDT,2023-04-01 00:00:00+00:00,0.5095
XRPUSDT,2023-04-02 00:00:00+00:00,0.518
XRPUSDT,2023-04-03 00:00:00+00:00,0.4959
XRPUSDT,2023-04-04 00:00:00+00:00,0.5026
XRPUSDT,2023-04-05 00:00:00+00:00,0.5055
XRPUSDT,2023-04-06 00:00:00+00:00,0.5028
XRPUSDT,2023-04-07 00:00:00+00:00,0.5126
XRPUSDT,2023-04-08 00:00:00+00:00,0.5048
XRPUSDT,2023-04-09 00:00:00+00:00,0.5054
XRPUSDT,2023-04-10 00:00:00+00:00,0.5176
XRPUSDT,2023-04-11 00:00:00+00:00,0.5167
XRPUSDT,2023-04-12 00:00:00+00:00,0.5049
XRPUSDT,2023-04-13 00:00:00+00:00,0.5125
XRPUSDT,2023-04-14 00:00:00+00:00,0.5227
XRPUSDT,2023-04-15 00:00:00+00:00,0.5192
XRPUSDT,2023-04-16 00:00:00+00:00,0.5209
XRPUSDT,2023-04-17 00:00:00+00:00,0.5109
XRPUSDT,2023-04-18 00:00:00+00:00,0.5324
XRPUSDT,2023-04-19 00:00:00+00:00,0.4911
XRPUSDT,2023-04-20 00:00:00+00:00,0.4752
XRPUSDT,2023-04-21 00:00:00+00:00,0.4491
XRPUSDT,2023-04-22 00:00:00+00:00,0.4719
XRPUSDT,2023-04-23 00:00:00+00:00,0.4647
XRPUSDT,2023-04-24 00:00:00+00:00,0.4611
XRPUSDT,2023-04-25 00:00:00+00:00,0.4695
XRPUSDT,2023-04-26 00:00:00+00:00,0.4618
XRPUSDT,2023-04-27 00:00:00+00:00,0.4667
XRPUSDT,2023-04-28 00:00:00+00:00,0.4796
XRPUSDT,2023-04-29 00:00:00+00:00,0.478
XRPUSDT,2023-04-30 00:00:00+00:00,0.4705
XRPUSDT,2023-05-01 00:00:00+00:00,0.4649
XRPUSDT,2023-05-02 00:00:00+00:00,0.4645
XRPUSDT,2023-05-03 00:00:00+00:00,0.4632
XRPUSDT,2023-05-04 00:00:00+00:00,0.4608
XRPUSDT,2023-05-05 00:00:00+00:00,0.4671
XRPUSDT,2023-05-06 00:00:00+00:00,0.4582
XRPUSDT,2023-05-07 00:00:00+00:00,0.449
XRPUSDT,2023-05-08 00:00:00+00:00,0.4283
XRPUSDT,2023-05-09 00:00:00+00:00,0.4289
XRPUSDT,2023-05-10 00:00:00+00:00,0.4303
XRPUSDT,2023-05-11 00:00:00+00:00,0.4207
XRPUSDT,2023-05-12 00:00:00+00:00,0.4305
XRPUSDT,2023-05-13 00:00:00+00:00,0.424
XRPUSDT,2023-05-14 00:00:00+00:00,0.4253
XRPUSDT,2023-05-15 00:00:00+00:00,0.4273
XRPUSDT,2023-05-16 00:00:00+00:00,0.4425
XRPUSDT,2023-05-17 00:00:00+00:00,0.4484
XRPUSDT,2023-05-18 00:00:00+00:00,0.4596
XRPUSDT,2023-05-19 00:00:00+00:00,0.4675
XRPUSDT,2023-05-20 00:00:00+00:00,0.4685
XRPUSDT,2023-05-21 00:00:00+00:00,0.4575
XRPUSDT,2023-05-22 00:00:00+00:00,0.4618
XRPUSDT,2023-05-23 00:00:00+00:00,0.4651
XRPUSDT,2023-05-24 00:00:00+00:00,0.453
XRPUSDT,2023-05-25 00:00:00+00:00,0.4538
XRPUSDT,2023-05-26 00:00:00+00:00,0.4684
XRPUSDT,2023-05-27 00:00:00+00:00,0.4714
XRPUSDT,2023-05-28 00:00:00+00:00,0.482
XRPUSDT,2023-05-29 00:00:00+00:00,0.4946
XRPUSDT,2023-05-30 00:00:00+00:00,0.5205
XRPUSDT,2023-05-31 00:00:00+00:00,0.5166
XRPUSDT,2023-06-01 00:00:00+00:00,0.5065
XRPUSDT,2023-06-02 00:00:00+00:00,0.5244
XRPUSDT,2023-06-03 00:00:00+00:00,0.5188
XRPUSDT,2023-06-04 00:00:00+00:00,0.5359
XRPUSDT,2023-06-05 00:00:00+00:00,0.509
XRPUSDT,2023-06-06 00:00:00+00:00,0.53
XRPUSDT,2023-06-07 00:00:00+00:00,0.5183
XRPUSDT,2023-06-08 00:00:00+00:00,0.5236
XRPUSDT,2023-06-09 00:00:00+00:00,0.538
XRPUSDT,2023-06-10 00:00:00+00:00,0.5067
XRPUSDT,2023-06-11 00:00:00+00:00,0.5208
XRPUSDT,2023-06-12 00:00:00+00:00,0.5251
XRPUSDT,2023-06-13 00:00:00+00:00,0.5192
XRPUSDT,2023-06-14 00:00:00+00:00,0.4801
XRPUSDT,2023-06-15 00:00:00+00:00,0.4801
XRPUSDT,2023-06-16 00:00:00+00:00,0.4759
XRPUSDT,2023-06-17 00:00:00+00:00,0.4794
XRPUSDT,2023-06-18 00:00:00+00:00,0.4868
XRPUSDT,2023-06-19 00:00:00+00:00,0.4936
XRPUSDT,2023-06-20 00:00:00+00:00,0.4929
XRPUSDT,2023-06-21 00:00:00+00:00,0.4999
XRPUSDT,2023-06-22 00:00:00+00:00,0.4938
XRPUSDT,2023-06-23 00:00:00+00:00,0.4961
XRPUSDT,2023-06-24 00:00:00+00:00,0.4865
XRPUSDT,2023-06-25 00:00:00+00:00,0.4903
XRPUSDT,2023-06-26 00:00:00+00:00,0.479
XRPUSDT,2023-06-27 00:00:00+00:00,0.4838
XRPUSDT,2023-06-28 00:00:00+00:00,0.4647
XRPUSDT,2023-06-29 00:00:00+00:00,0.4747
XRPUSDT,2023-06-30 00:00:00+00:00,0.4729
XRPUSDT,2023-07-01 00:00:00+00:00,0.4732
XRPUSDT,2023-07-02 00:00:00+00:00,0.4845
XRPUSDT,2023-07-03 00:00:00+00:00,0.489
XRPUSDT,2023-07-04 00:00:00+00:00,0.4872
XRPUSDT,2023-07-05 00:00:00+00:00,0.4777
XRPUSDT,2023-07-06 00:00:00+00:00,0.4622
XRPUSDT,2023-07-07 00:00:00+00:00,0.4687
XRPUSDT,2023-07-08 00:00:00+00:00,0.4704
XRPUSDT,2023-07-09 00:00:00+00:00,0.468
XRPUSDT,2023-07-10 00:00:00+00:00,0.478
XRPUSDT,2023-07-11 00:00:00+00:00,0.4753
XRPUSDT,2023-07-12 00:00:00+00:00,0.471
XRPUSDT,2023-07-13 00:00:00+00:00,0.8153
XRPUSDT,2023-07-14 00:00:00+00:00,0.7179
XRPUSDT,2023-07-15 00:00:00+00:00,0.7145
XRPUSDT,2023-07-16 00:00:00+00:00,0.7468
XRPUSDT,2023-07-17 00:00:00+00:00,0.7374
XRPUSDT,2023-07-18 00:00:00+00:00,0.7779
XRPUSDT,2023-07-19 00:00:00+00:00,0.8199
XRPUSDT,2023-07-20 00:00:00+00:00,0.7942
XRPUSDT,2023-07-21 00:00:00+00:00,0.7713
XRPUSDT,2023-07-22 00:00:00+00:00,0.7331
XRPUSDT,2023-07-23 00:00:00+00:00,0.7384
XRPUSDT,2023-07-24 00:00:00+00:00,0.7021
XRPUSDT,2023-07-25 00:00:00+00:00,0.7089
XRPUSDT,2023-07-26 00:00:00+00:00,0.7161
XRPUSDT,2023-07-27 00:00:00+00:00,0.7139
XRPUSDT,2023-07-28 00:00:00+00:00,0.712
XRPUSDT,2023-07-29 00:00:00+00:00,0.7121
XRPUSDT,2023-07-30 00:00:00+00:00,0.7046
XRPUSDT,2023-07-31 00:00:00+00:00,0.6976
XRPUSDT,2023-08-01 00:00:00+00:00,0.7069
XRPUSDT,2023-08-02 00:00:00+00:00,0.685
XRPUSDT,2023-08-03 00:00:00+00:00,0.663
XRPUSDT,2023-08-04 00:00:00+00:00,0.6356
XRPUSDT,2023-08-05 00:00:00+00:00,0.6288
XRPUSDT,2023-08-06 00:00:00+00:00,0.624
XRPUSDT,2023-08-07 00:00:00+00:00,0.6236
XRPUSDT,2023-08-08 00:00:00+00:00,0.6418
XRPUSDT,2023-08-09 00:00:00+00:00,0.6433
XRPUSDT,2023-08-10 00:00:00+00:00,0.6331
XRPUSDT,2023-08-11 00:00:00+00:00,0.6318
XRPUSDT,2023-08-12 00:00:00+00:00,0.6276
XRPUSDT,2023-08-13 00:00:00+00:00,0.6256
XRPUSDT,2023-08-14 00:00:00+00:00,0.6343
XRPUSDT,2023-08-15 00:00:00+00:00,0.6104
XRPUSDT,2023-08-16 00:00:00+00:00,0.5889
XRPUSDT,2023-08-17 00:00:00+00:00,0.5064
XRPUSDT,2023-08-18 00:00:00+00:00,0.5062
XRPUSDT,2023-08-19 00:00:00+00:00,0.5199
XRPUSDT,2023-08-20 00:00:00+00:00,0.5384
XRPUSDT,2023-08-21 00:00:00+00:00,0.5245
XRPUSDT,2023-08-22 00:00:00+00:00,0.521
XRPUSDT,2023-08-23 00:00:00+00:00,0.5301
XRPUSDT,2023-08-24 00:00:00+00:00,0.5187
XRPUSDT,2023-08-25 00:00:00+00:00,0.5258
XRPUSDT,2023-08-26 00:00:00+00:00,0.5231
XRPUSDT,2023-08-27 00:00:00+00:00,0.5236
XRPUSDT,2023-08-28 00:00:00+00:00,0.5232
XRPUSDT,2023-08-29 00:00:00+00:00,0.5398
XRPUSDT,2023-08-30 00:00:00+00:00,0.5284
XRPUSDT,2023-08-31 00:00:00+00:00,0.511
XRPUSDT,2023-09-01 00:00:00+00:00,0.498
XRPUSDT,2023-09-02 00:00:00+00:00,0.4988
XRPUSDT,2023-09-03 00:00:00+00:00,0.5047
XRPUSDT,2023-09-04 00:00:00+00:00,0.5087
XRPUSDT,2023-09-05 00:00:00+00:00,0.5056
XRPUSDT,2023-09-06 00:00:00+00:00,0.5033
XRPUSDT,2023-09-07 00:00:00+00:00,0.505
XRPUSDT,2023-09-08 00:00:00+00:00,0.505
XRPUSDT,2023-09-09 00:00:00+00:00,0.5038
XRPUSDT,2023-09-10 00:00:00+00:00,0.4969
XRPUSDT,2023-09-11 00:00:00+00:00,0.4744
XRPUSDT,2023-09-12 00:00:00+00:00,0.4804
XRPUSDT,2023-09-13 00:00:00+00:00,0.4832
XRPUSDT,2023-09-14 00:00:00+00:00,0.4892
XRPUSDT,2023-09-15 00:00:00+00:00,0.5005
XRPUSDT,2023-09-16 00:00:00+00:00,0.4998
XRPUSDT,2023-09-17 00:00:00+00:00,0.4925
XRPUSDT,2023-09-18 00:00:00+00:00,0.503
XRPUSDT,2023-09-19 00:00:00+00:00,0.514
XRPUSDT,2023-09-20 00:00:00+00:00,0.5212
XRPUSDT,2023-09-21 00:00:00+00:00,0.5071
XRPUSDT,2023-09-22 00:00:00+00:00,0.5122
XRPUSDT,2023-09-23 00:00:00+00:00,0.5076
XRPUSDT,2023-09-24 00:00:00+00:00,0.5021
XRPUSDT,2023-09-25 00:00:00+00:00,0.5056
XRPUSDT,2023-09-26 00:00:00+00:00,0.5019
XRPUSDT,2023-09-27 00:00:00+00:00,0.4993
XRPUSDT,2023-09-28 00:00:00+00:00,0.5098
XRPUSDT,2023-09-29 00:00:00+00:00,0.5215
XRPUSDT,2023-09-30 00:00:00+00:00,0.5149
XRPUSDT,2023-10-01 00:00:00+00:00,0.5241
XRPUSDT,2023-10-02 00:00:00+00:00,0.5123
XRPUSDT,2023-10-03 00:00:00+00:00,0.539
XRPUSDT,2023-10-04 00:00:00+00:00,0.5326
XRPUSDT,2023-10-05 00:00:00+00:00,0.5227
XRPUSDT,2023-10-06 00:00:00+00:00,0.5255
XRPUSDT,2023-10-07 00:00:00+00:00,0.5216
XRPUSDT,2023-10-08 00:00:00+00:00,0.5174
XRPUSDT,2023-10-09 00:00:00+00:00,0.5027
XRPUSDT,2023-10-10 00:00:00+00:00,0.4965
XRPUSDT,2023-10-11 00:00:00+00:00,0.4888
XRPUSDT,2023-10-12 00:00:00+00:00,0.483
XRPUSDT,2023-10-13 00:00:00+00:00,0.4851
XRPUSDT,2023-10-14 00:00:00+00:00,0.4865
XRPUSDT,2023-10-15 00:00:00+00:00,0.4874
XRPUSDT,2023-10-16 00:00:00+00:00,0.4978
XRPUSDT,2023-10-17 00:00:00+00:00,0.4912
XRPUSDT,2023-10-18 00:00:00+00:00,0.4878
XRPUSDT,2023-10-19 00:00:00+00:00,0.5197
XRPUSDT,2023-10-20 00:00:00+00:00,0.5149
XRPUSDT,2023-10-21 00:00:00+00:00,0.5208
XRPUSDT,2023-10-22 00:00:00+00:00,0.5226
XRPUSDT,2023-10-23 00:00:00+00:00,0.5475
XRPUSDT,2023-10-24 00:00:00+00:00,0.5588
XRPUSDT,2023-10-25 00:00:00+00:00,0.5552
XRPUSDT,2023-10-26 00:00:00+00:00,0.5533
XRPUSDT,2023-10-27 00:00:00+00:00,0.543
XRPUSDT,2023-10-28 00:00:00+00:00,0.5446
XRPUSDT,2023-10-29 00:00:00+00:00,0.5561
XRPUSDT,2023-10-30 00:00:00+00:00,0.578
XRPUSDT,2023-10-31 00:00:00+00:00,0.5996
XRPUSDT,2023-11-01 00:00:00+00:00,0.6085
XRPUSDT,2023-11-02 00:00:00+00:00,0.6054
XRPUSDT,2023-11-03 00:00:00+00:00,0.6121
XRPUSDT,2023-11-04 00:00:00+00:00,0.6149
XRPUSDT,2023-11-05 00:00:00+00:00,0.6607
XRPUSDT,2023-11-06 00:00:00+00:00,0.7148
XRPUSDT,2023-11-07 00:00:00+00:00,0.685
XRPUSDT,2023-11-08 00:00:00+00:00,0.6869
XRPUSDT,2023-11-09 00:00:00+00:00,0.6665
XRPUSDT,2023-11-10 00:00:00+00:00,0.6595
XRPUSDT,2023-11-11 00:00:00+00:00,0.6626
XRPUSDT,2023-11-12 00:00:00+00:00,0.6613
XRPUSDT,2023-11-13 00:00:00+00:00,0.6702
XRPUSDT,2023-11-14 00:00:00+00:00,0.6296
XRPUSDT,2023-11-15 00:00:00+00:00,0.6481
XRPUSDT,2023-11-16 00:00:00+00:00,0.6119
XRPUSDT,2023-11-17 00:00:00+00:00,0.6133
XRPUSDT,2023-11-18 00:00:00+00:00,0.6106
XRPUSDT,2023-11-19 00:00:00+00:00,0.6258
XRPUSDT,2023-11-20 00:00:00+00:00,0.6122
XRPUSDT,2023-11-21 00:00:00+00:00,0.5788
XRPUSDT,2023-11-22 00:00:00+00:00,0.6109
XRPUSDT,2023-11-23 00:00:00+00:00,0.6209
XRPUSDT,2023-11-24 00:00:00+00:00,0.6212
XRPUSDT,2023-11-25 00:00:00+00:00,0.6228
XRPUSDT,2023-11-26 00:00:00+00:00,0.6157
XRPUSDT,2023-11-27 00:00:00+00:00,0.6039
XRPUSDT,2023-11-28 00:00:00+00:00,0.6107
XRPUSDT,2023-11-29 00:00:00+00:00,0.6091
XRPUSDT,2023-11-30 00:00:00+00:00,0.6063
XRPUSDT,2023-12-01 00:00:00+00:00,0.6125
XRPUSDT,2023-12-02 00:00:00+00:00,0.6208
XRPUSDT,2023-12-03 00:00:00+00:00,0.6229
XRPUSDT,2023-12-04 00:00:00+00:00,0.6245
XRPUSDT,2023-12-05 00:00:00+00:00,0.621
XRPUSDT,2023-12-06 00:00:00+00:00,0.64
XRPUSDT,2023-12-07 00:00:00+00:00,0.6432
XRPUSDT,2023-12-08 00:00:00+00:00,0.6721
XRPUSDT,2023-12-09 00:00:00+00:00,0.6584
XRPUSDT,2023-12-10 00:00:00+00:00,0.6617
XRPUSDT,2023-12-11 00:00:00+00:00,0.6187
XRPUSDT,2023-12-12 00:00:00+00:00,0.6192
XRPUSDT,2023-12-13 00:00:00+00:00,0.6275
XRPUSDT,2023-12-14 00:00:00+00:00,0.6316
XRPUSDT,2023-12-15 00:00:00+00:00,0.6156
XRPUSDT,2023-12-16 00:00:00+00:00,0.6203
XRPUSDT,2023-12-17 00:00:00+00:00,0.6103
XRPUSDT,2023-12-18 00:00:00+00:00,0.6125
XRPUSDT,2023-12-19 00:00:00+00:00,0.6047
XRPUSDT,2023-12-20 00:00:00+00:00,0.6171
XRPUSDT,2023-12-21 00:00:00+00:00,0.6241
XRPUSDT,2023-12-22 00:00:00+00:00,0.6244
XRPUSDT,2023-12-23 00:00:00+00:00,0.6195
XRPUSDT,2023-12-24 00:00:00+00:00,0.6121
XRPUSDT,2023-12-25 00:00:00+00:00,0.6462
XRPUSDT,2023-12-26 00:00:00+00:00,0.6219
XRPUSDT,2023-12-27 00:00:00+00:00,0.634
XRPUSDT,2023-12-28 00:00:00+00:00,0.6346
XRPUSDT,2023-12-29 00:00:00+00:00,0.623
XRPUSDT,2023-12-30 00:00:00+00:00,0.6207
XRPUSDT,2023-12-31 00:00:00+00:00,0.6156
XRPUSDT,2024-01-01 00:00:00+00:00,0.6294
XRPUSDT,2024-01-02 00:00:00+00:00,0.6246
XRPUSDT,2024-01-03 00:00:00+00:00,0.5823
XRPUSDT,2024-01-04 00:00:00+00:00,0.5868
XRPUSDT,2024-01-05 00:00:00+00:00,0.5757
XRPUSDT,2024-01-06 00:00:00+00:00,0.5679
XRPUSDT,2024-01-07 00:00:00+00:00,0.5515
XRPUSDT,2024-01-08 00:00:00+00:00,0.5776
XRPUSDT,2024-01-09 00:00:00+00:00,0.5669
XRPUSDT,2024-01-10 00:00:00+00:00,0.6008
XRPUSDT,2024-01-11 00:00:00+00:00,0.6019
XRPUSDT,2024-01-12 00:00:00+00:00,0.5699
XRPUSDT,2024-01-13 00:00:00+00:00,0.5747
XRPUSDT,2024-01-14 00:00:00+00:00,0.5763
XRPUSDT,2024-01-15 00:00:00+00:00,0.5757
XRPUSDT,2024-01-16 00:00:00+00:00,0.5757
XRPUSDT,2024-01-17 00:00:00+00:00,0.5685
XRPUSDT,2024-01-18 00:00:00+00:00,0.552
XRPUSDT,2024-01-19 00:00:00+00:00,0.5443
XRPUSDT,2024-01-20 00:00:00+00:00,0.5534
XRPUSDT,2024-01-21 00:00:00+00:00,0.5464
XRPUSDT,2024-01-22 00:00:00+00:00,0.5275
XRPUSDT,2024-01-23 00:00:00+00:00,0.5183
XRPUSDT,2024-01-24 00:00:00+00:00,0.5181
XRPUSDT,2024-01-25 00:00:00+00:00,0.5138
XRPUSDT,2024-01-26 00:00:00+00:00,0.5323
XRPUSDT,2024-01-27 00:00:00+00:00,0.5303
XRPUSDT,2024-01-28 00:00:00+00:00,0.5241
XRPUSDT,2024-01-29 00:00:00+00:00,0.5352
XRPUSDT,2024-01-30 00:00:00+00:00,0.5107
XRPUSDT,2024-01-31 00:00:00+00:00,0.5033
XRPUSDT,2024-02-01 00:00:00+00:00,0.5058
XRPUSDT,2024-02-02 00:00:00+00:00,0.5105
XRPUSDT,2024-02-03 00:00:00+00:00,0.5186
XRPUSDT,2024-02-04 00:00:00+00:00,0.5032
XRPUSDT,2024-02-05 00:00:00+00:00,0.5069
XRPUSDT,2024-02-06 00:00:00+00:00,0.505
XRPUSDT,2024-02-07 00:00:00+00:00,0.5138
XRPUSDT,2024-02-08 00:00:00+00:00,0.5147
XRPUSDT,2024-02-09 00:00:00+00:00,0.5262
XRPUSDT,2024-02-10 00:00:00+00:00,0.5239
XRPUSDT,2024-02-11 00:00:00+00:00,0.5261
XRPUSDT,2024-02-12 00:00:00+00:00,0.5315
XRPUSDT,2024-02-13 00:00:00+00:00,0.5247
XRPUSDT,2024-02-14 00:00:00+00:00,0.5378
XRPUSDT,2024-02-15 00:00:00+00:00,0.5622
XRPUSDT,2024-02-16 00:00:00+00:00,0.5643
XRPUSDT,2024-02-17 00:00:00+00:00,0.5496
XRPUSDT,2024-02-18 00:00:00+00:00,0.5571
XRPUSDT,2024-02-19 00:00:00+00:00,0.5626
XRPUSDT,2024-02-20 00:00:00+00:00,0.5622
XRPUSDT,2024-02-21 00:00:00+00:00,0.5491
XRPUSDT,2024-02-22 00:00:00+00:00,0.541
XRPUSDT,2024-02-23 00:00:00+00:00,0.5342
XRPUSDT,2024-02-24 00:00:00+00:00,0.545
XRPUSDT,2024-02-25 00:00:00+00:00,0.5425
XRPUSDT,2024-02-26 00:00:00+00:00,0.5506
XRPUSDT,2024-02-27 00:00:00+00:00,0.5861
XRPUSDT,2024-02-28 00:00:00+00:00,0.575
XRPUSDT,2024-02-29 00:00:00+00:00,0.5867
XRPUSDT,2024-03-01 00:00:00+00:00,0.6013
XRPUSDT,2024-03-02 00:00:00+00:00,0.6442
XRPUSDT,2024-03-03 00:00:00+00:00,0.6271
XRPUSDT,2024-03-04 00:00:00+00:00,0.6477
XRPUSDT,2024-03-05 00:00:00+00:00,0.5912
XRPUSDT,2024-03-06 00:00:00+00:00,0.6121
XRPUSDT,2024-03-07 00:00:00+00:00,0.627
XRPUSDT,2024-03-08 00:00:00+00:00,0.62
XRPUSDT,2024-03-09 00:00:00+00:00,0.6197
XRPUSDT,2024-03-10 00:00:00+00:00,0.608
XRPUSDT,2024-03-11 00:00:00+00:00,0.723
XRPUSDT,2024-03-12 00:00:00+00:00,0.688
XRPUSDT,2024-03-13 00:00:00+00:00,0.6891
XRPUSDT,2024-03-14 00:00:00+00:00,0.669
XRPUSDT,2024-03-15 00:00:00+00:00,0.6342
XRPUSDT,2024-03-16 00:00:00+00:00,0.6031
XRPUSDT,2024-03-17 00:00:00+00:00,0.6191
XRPUSDT,2024-03-18 00:00:00+00:00,0.6453
XRPUSDT,2024-03-19 00:00:00+00:00,0.5845
XRPUSDT,2024-03-20 00:00:00+00:00,0.6107
XRPUSDT,2024-03-21 00:00:00+00:00,0.6404
XRPUSDT,2024-03-22 00:00:00+00:00,0.6115
XRPUSDT,2024-03-23 00:00:00+00:00,0.6167
XRPUSDT,2024-03-24 00:00:00+00:00,0.6325
XRPUSDT,2024-03-25 00:00:00+00:00,0.6406
XRPUSDT,2024-03-26 00:00:00+00:00,0.6317
XRPUSDT,2024-03-27 00:00:00+00:00,0.6118
XRPUSDT,2024-03-28 00:00:00+00:00,0.6244
XRPUSDT,2024-03-29 00:00:00+00:00,0.6301
XRPUSDT,2024-03-30 00:00:00+00:00,0.6212
XRPUSDT,2024-03-31 00:00:00+00:00,0.6292
XRPUSDT,2024-04-01 00:00:00+00:00,0.611
XRPUSDT,2024-04-02 00:00:00+00:00,0.5854
XRPUSDT,2024-04-03 00:00:00+00:00,0.5742
XRPUSDT,2024-04-04 00:00:00+00:00,0.5935
XRPUSDT,2024-04-05 00:00:00+00:00,0.5871
XRPUSDT,2024-04-06 00:00:00+00:00,0.593
XRPUSDT,2024-04-07 00:00:00+00:00,0.5944
XRPUSDT,2024-04-08 00:00:00+00:00,0.6147
XRPUSDT,2024-04-09 00:00:00+00:00,0.6141
XRPUSDT,2024-04-10 00:00:00+00:00,0.6172
XRPUSDT,2024-04-11 00:00:00+00:00,0.6086
XRPUSDT,2024-04-12 00:00:00+00:00,0.5468
XRPUSDT,2024-04-13 00:00:00+00:00,0.4788
XRPUSDT,2024-04-14 00:00:00+00:00,0.5033
XRPUSDT,2024-04-15 00:00:00+00:00,0.4977
XRPUSDT,2024-04-16 00:00:00+00:00,0.4965
XRPUSDT,2024-04-17 00:00:00+00:00,0.4951
XRPUSDT,2024-04-18 00:00:00+00:00,0.5025
XRPUSDT,2024-04-19 00:00:00+00:00,0.503
XRPUSDT,2024-04-20 00:00:00+00:00,0.5288
XRPUSDT,2024-04-21 00:00:00+00:00,0.5246
XRPUSDT,2024-04-22 00:00:00+00:00,0.556
XRPUSDT,2024-04-23 00:00:00+00:00,0.5445
XRPUSDT,2024-04-24 00:00:00+00:00,0.5275
XRPUSDT,2024-04-25 00:00:00+00:00,0.5254
XRPUSDT,2024-04-26 00:00:00+00:00,0.5261
XRPUSDT,2024-04-27 00:00:00+00:00,0.5179
XRPUSDT,2024-04-28 00:00:00+00:00,0.5103
XRPUSDT,2024-04-29 00:00:00+00:00,0.5151
XRPUSDT,2024-04-30 00:00:00+00:00,0.5006
XRPUSDT,2024-05-01 00:00:00+00:00,0.5175
XRPUSDT,2024-05-02 00:00:00+00:00,0.518
XRPUSDT,2024-05-03 00:00:00+00:00,0.5317
XRPUSDT,2024-05-04 00:00:00+00:00,0.5302
XRPUSDT,2024-05-05 00:00:00+00:00,0.5296
XRPUSDT,2024-05-06 00:00:00+00:00,0.5402
XRPUSDT,2024-05-07 00:00:00+00:00,0.5245
XRPUSDT,2024-05-08 00:00:00+00:00,0.5171
XRPUSDT,2024-05-09 00:00:00+00:00,0.5209
XRPUSDT,2024-05-10 00:00:00+00:00,0.5022
XRPUSDT,2024-05-11 00:00:00+00:00,0.5059
XRPUSDT,2024-05-12 00:00:00+00:00,0.4993
XRPUSDT,2024-05-13 00:00:00+00:00,0.5053
XRPUSDT,2024-05-14 00:00:00+00:00,0.5002
XRPUSDT,2024-05-15 00:00:00+00:00,0.5188
XRPUSDT,2024-05-16 00:00:00+00:00,0.5157
XRPUSDT,2024-05-17 00:00:00+00:00,0.5234
XRPUSDT,2024-05-18 00:00:00+00:00,0.5213
XRPUSDT,2024-05-19 00:00:00+00:00,0.5096
XRPUSDT,2024-05-20 00:00:00+00:00,0.5377
XRPUSDT,2024-05-21 00:00:00+00:00,0.537
XRPUSDT,2024-05-22 00:00:00+00:00,0.5268
XRPUSDT,2024-05-23 00:00:00+00:00,0.5289
XRPUSDT,2024-05-24 00:00:00+00:00,0.536
XRPUSDT,2024-05-25 00:00:00+00:00,0.5416
XRPUSDT,2024-05-26 00:00:00+00:00,0.5283
XRPUSDT,2024-05-27 00:00:00+00:00,0.534
XRPUSDT,2024-05-28 00:00:00+00:00,0.5287
XRPUSDT,2024-05-29 00:00:00+00:00,0.5238
XRPUSDT,2024-05-30 00:00:00+00:00,0.5186
XRPUSDT,2024-05-31 00:00:00+00:00,0.5176
XRPUSDT,2024-06-01 00:00:00+00:00,0.5187
XRPUSDT,2024-06-02 00:00:00+00:00,0.5135
XRPUSDT,2024-06-03 00:00:00+00:00,0.5199
XRPUSDT,2024-06-04 00:00:00+00:00,0.5257
XRPUSDT,2024-06-05 00:00:00+00:00,0.5258
XRPUSDT,2024-06-06 00:00:00+00:00,0.5215
XRPUSDT,2024-06-07 00:00:00+00:00,0.4991
XRPUSDT,2024-06-08 00:00:00+00:00,0.4926
XRPUSDT,2024-06-09 00:00:00+00:00,0.4986
XRPUSDT,2024-06-10 00:00:00+00:00,0.4969
XRPUSDT,2024-06-11 00:00:00+00:00,0.4802
XRPUSDT,2024-06-12 00:00:00+00:00,0.4916
XRPUSDT,2024-06-13 00:00:00+00:00,0.4769
XRPUSDT,2024-06-14 00:00:00+00:00,0.4746
XRPUSDT,2024-06-15 00:00:00+00:00,0.4908
XRPUSDT,2024-06-16 00:00:00+00:00,0.4891
XRPUSDT,2024-06-17 00:00:00+00:00,0.5047
XRPUSDT,2024-06-18 00:00:00+00:00,0.491
XRPUSDT,2024-06-19 00:00:00+00:00,0.4933
XRPUSDT,2024-06-20 00:00:00+00:00,0.4888
XRPUSDT,2024-06-21 00:00:00+00:00,0.4889
XRPUSDT,2024-06-22 00:00:00+00:00,0.4866
XRPUSDT,2024-06-23 00:00:00+00:00,0.4797
XRPUSDT,2024-06-24 00:00:00+00:00,0.474
XRPUSDT,2024-06-25 00:00:00+00:00,0.4757
XRPUSDT,2024-06-26 00:00:00+00:00,0.4698
XRPUSDT,2024-06-27 00:00:00+00:00,0.4753
XRPUSDT,2024-06-28 00:00:00+00:00,0.4716
XRPUSDT,2024-06-29 00:00:00+00:00,0.4727
XRPUSDT,2024-06-30 00:00:00+00:00,0.4761
XRPUSDT,2024-07-01 00:00:00+00:00,0.477
XRPUSDT,2024-07-02 00:00:00+00:00,0.4853
XRPUSDT,2024-07-03 00:00:00+00:00,0.4672
XRPUSDT,2024-07-04 00:00:00+00:00,0.4329
XRPUSDT,2024-07-05 00:00:00+00:00,0.4251
XRPUSDT,2024-07-06 00:00:00+00:00,0.4488
XRPUSDT,2024-07-07 00:00:00+00:00,0.4195
XRPUSDT,2024-07-08 00:00:00+00:00,0.4316
XRPUSDT,2024-07-09 00:00:00+00:00,0.4356
XRPUSDT,2024-07-10 00:00:00+00:00,0.4388
XRPUSDT,2024-07-11 00:00:00+00:00,0.4491
XRPUSDT,2024-07-12 00:00:00+00:00,0.4745
XRPUSDT,2024-07-13 00:00:00+00:00,0.5257
XRPUSDT,2024-07-14 00:00:00+00:00,0.5205
XRPUSDT,2024-07-15 00:00:00+00:00,0.5372
XRPUSDT,2024-07-16 00:00:00+00:00,0.5793
XRPUSDT,2024-07-17 00:00:00+00:00,0.626
XRPUSDT,2024-07-18 00:00:00+00:00,0.5697
XRPUSDT,2024-07-19 00:00:00+00:00,0.5733
XRPUSDT,2024-07-20 00:00:00+00:00,0.5937
XRPUSDT,2024-07-21 00:00:00+00:00,0.5984
XRPUSDT,2024-07-22 00:00:00+00:00,0.608
XRPUSDT,2024-07-23 00:00:00+00:00,0.5975
XRPUSDT,2024-07-24 00:00:00+00:00,0.6179
XRPUSDT,2024-07-25 00:00:00+00:00,0.5996
XRPUSDT,2024-07-26 00:00:00+00:00,0.6034
XRPUSDT,2024-07-27 00:00:00+00:00,0.5956
XRPUSDT,2024-07-28 00:00:00+00:00,0.6012
XRPUSDT,2024-07-29 00:00:00+00:00,0.6019
XRPUSDT,2024-07-30 00:00:00+00:00,0.6277
XRPUSDT,2024-07-31 00:00:00+00:00,0.623
XRPUSDT,2024-08-01 00:00:00+00:00,0.5964
XRPUSDT,2024-08-02 00:00:00+00:00,0.5607
XRPUSDT,2024-08-03 00:00:00+00:00,0.5558
XRPUSDT,2024-08-04 00:00:00+00:00,0.5228
XRPUSDT,2024-08-05 00:00:00+00:00,0.4889
XRPUSDT,2024-08-06 00:00:00+00:00,0.5062
XRPUSDT,2024-08-07 00:00:00+00:00,0.6002
XRPUSDT,2024-08-08 00:00:00+00:00,0.6166
XRPUSDT,2024-08-09 00:00:00+00:00,0.5805
XRPUSDT,2024-08-10 00:00:00+00:00,0.5841
XRPUSDT,2024-08-11 00:00:00+00:00,0.5528
XRPUSDT,2024-08-12 00:00:00+00:00,0.5684
XRPUSDT,2024-08-13 00:00:00+00:00,0.577
XRPUSDT,2024-08-14 00:00:00+00:00,0.5687
XRPUSDT,2024-08-15 00:00:00+00:00,0.5607
XRPUSDT,2024-08-16 00:00:00+00:00,0.5638
XRPUSDT,2024-08-17 00:00:00+00:00,0.5665
XRPUSDT,2024-08-18 00:00:00+00:00,0.5631
XRPUSDT,2024-08-19 00:00:00+00:00,0.5985
XRPUSDT,2024-08-20 00:00:00+00:00,0.5937
XRPUSDT,2024-08-21 00:00:00+00:00,0.5999
XRPUSDT,2024-08-22 00:00:00+00:00,0.5976
XRPUSDT,2024-08-23 00:00:00+00:00,0.6109
XRPUSDT,2024-08-24 00:00:00+00:00,0.6127
XRPUSDT,2024-08-25 00:00:00+00:00,0.6
XRPUSDT,2024-08-26 00:00:00+00:00,0.5874
XRPUSDT,2024-08-27 00:00:00+00:00,0.5666
XRPUSDT,2024-08-28 00:00:00+00:00,0.5693
XRPUSDT,2024-08-29 00:00:00+00:00,0.5619
XRPUSDT,2024-08-30 00:00:00+00:00,0.5667
XRPUSDT,2024-08-31 00:00:00+00:00,0.5662
XRPUSDT,2024-09-01 00:00:00+00:00,0.5472
XRPUSDT,2024-09-02 00:00:00+00:00,0.5677
XRPUSDT,2024-09-03 00:00:00+00:00,0.5572
XRPUSDT,2024-09-04 00:00:00+00:00,0.5579
XRPUSDT,2024-09-05 00:00:00+00:00,0.5444
XRPUSDT,2024-09-06 00:00:00+00:00,0.5211
XRPUSDT,2024-09-07 00:00:00+00:00,0.5248
XRPUSDT,2024-09-08 00:00:00+00:00,0.5295
XRPUSDT,2024-09-09 00:00:00+00:00,0.5395
XRPUSDT,2024-09-10 00:00:00+00:00,0.5408
XRPUSDT,2024-09-11 00:00:00+00:00,0.5348
XRPUSDT,2024-09-12 00:00:00+00:00,0.5626
XRPUSDT,2024-09-13 00:00:00+00:00,0.5728
XRPUSDT,2024-09-14 00:00:00+00:00,0.5956
XRPUSDT,2024-09-15 00:00:00+00:00,0.5706
XRPUSDT,2024-09-16 00:00:00+00:00,0.5866
XRPUSDT,2024-09-17 00:00:00+00:00,0.5839
XRPUSDT,2024-09-18 00:00:00+00:00,0.5852
XRPUSDT,2024-09-19 00:00:00+00:00,0.5868
XRPUSDT,2024-09-20 00:00:00+00:00,0.5851
XRPUSDT,2024-09-21 00:00:00+00:00,0.5976
XRPUSDT,2024-09-22 00:00:00+00:00,0.5871
XRPUSDT,2024-09-23 00:00:00+00:00,0.5847
XRPUSDT,2024-09-24 00:00:00+00:00,0.5911
XRPUSDT,2024-09-25 00:00:00+00:00,0.5831
XRPUSDT,2024-09-26 00:00:00+00:00,0.5905
XRPUSDT,2024-09-27 00:00:00+00:00,0.5888
XRPUSDT,2024-09-28 00:00:00+00:00,0.6138
XRPUSDT,2024-09-29 00:00:00+00:00,0.6412
XRPUSDT,2024-09-30 00:00:00+00:00,0.6114
XRPUSDT,2024-10-01 00:00:00+00:00,0.5967
XRPUSDT,2024-10-02 00:00:00+00:00,0.5383
XRPUSDT,2024-10-03 00:00:00+00:00,0.5217
XRPUSDT,2024-10-04 00:00:00+00:00,0.534
XRPUSDT,2024-10-05 00:00:00+00:00,0.5294
XRPUSDT,2024-10-06 00:00:00+00:00,0.5336
XRPUSDT,2024-10-07 00:00:00+00:00,0.5286
XRPUSDT,2024-10-08 00:00:00+00:00,0.531
XRPUSDT,2024-10-09 00:00:00+00:00,0.5245
XRPUSDT,2024-10-10 00:00:00+00:00,0.5305
XRPUSDT,2024-10-11 00:00:00+00:00,0.5388
XRPUSDT,2024-10-12 00:00:00+00:00,0.5393
XRPUSDT,2024-10-13 00:00:00+00:00,0.5321
XRPUSDT,2024-10-14 00:00:00+00:00,0.5483
XRPUSDT,2024-10-15 00:00:00+00:00,0.5417
XRPUSDT,2024-10-16 00:00:00+00:00,0.5482
XRPUSDT,2024-10-17 00:00:00+00:00,0.5441
XRPUSDT,2024-10-18 00:00:00+00:00,0.5465
XRPUSDT,2024-10-19 00:00:00+00:00,0.544
XRPUSDT,2024-10-20 00:00:00+00:00,0.5482
XRPUSDT,2024-10-21 00:00:00+00:00,0.5449
XRPUSDT,2024-10-22 00:00:00+00:00,0.5339
XRPUSDT,2024-10-23 00:00:00+00:00,0.5258
XRPUSDT,2024-10-24 00:00:00+00:00,0.532
XRPUSDT,2024-10-25 00:00:00+00:00,0.5022
XRPUSDT,2024-10-26 00:00:00+00:00,0.5134
XRPUSDT,2024-10-27 00:00:00+00:00,0.5168
XRPUSDT,2024-10-28 00:00:00+00:00,0.5195
XRPUSDT,2024-10-29 00:00:00+00:00,0.5284
XRPUSDT,2024-10-30 00:00:00+00:00,0.5229
XRPUSDT,2024-10-31 00:00:00+00:00,0.5095
XRPUSDT,2024-11-01 00:00:00+00:00,0.5131
XRPUSDT,2024-11-02 00:00:00+00:00,0.5103
XRPUSDT,2024-11-03 00:00:00+00:00,0.503
XRPUSDT,2024-11-04 00:00:00+00:00,0.5035
XRPUSDT,2024-11-05 00:00:00+00:00,0.514
XRPUSDT,2024-11-06 00:00:00+00:00,0.5418
XRPUSDT,2024-11-07 00:00:00+00:00,0.5556
XRPUSDT,2024-11-08 00:00:00+00:00,0.5537
XRPUSDT,2024-11-09 00:00:00+00:00,0.5593
XRPUSDT,2024-11-10 00:00:00+00:00,0.5884
XRPUSDT,2024-11-11 00:00:00+00:00,0.6207
XRPUSDT,2024-11-12 00:00:00+00:00,0.704
XRPUSDT,2024-11-13 00:00:00+00:00,0.6898
XRPUSDT,2024-11-14 00:00:00+00:00,0.7736
XRPUSDT,2024-11-15 00:00:00+00:00,0.8922
XRPUSDT,2024-11-16 00:00:00+00:00,1.1209
XRPUSDT,2024-11-17 00:00:00+00:00,1.0543
XRPUSDT,2024-11-18 00:00:00+00:00,1.1137
XRPUSDT,2024-11-19 00:00:00+00:00,1.1003
XRPUSDT,2024-11-20 00:00:00+00:00,1.1041
XRPUSDT,2024-11-21 00:00:00+00:00,1.247
XRPUSDT,2024-11-22 00:00:00+00:00,1.4726
XRPUSDT,2024-11-23 00:00:00+00:00,1.4685
XRPUSDT,2024-11-24 00:00:00+00:00,1.4331
XRPUSDT,2024-11-25 00:00:00+00:00,1.4142
XRPUSDT,2024-11-26 00:00:00+00:00,1.3984
XRPUSDT,2024-11-27 00:00:00+00:00,1.4696
XRPUSDT,2024-11-28 00:00:00+00:00,1.5421
XRPUSDT,2024-11-29 00:00:00+00:00,1.8006
XRPUSDT,2024-11-30 00:00:00+00:00,1.9513
XRPUSDT,2024-12-01 00:00:00+00:00,2.2937
XRPUSDT,2024-12-02 00:00:00+00:00,2.7245
XRPUSDT,2024-12-03 00:00:00+00:00,2.5102
XRPUSDT,2024-12-04 00:00:00+00:00,2.3574
XRPUSDT,2024-12-05 00:00:00+00:00,2.2446
XRPUSDT,2024-12-06 00:00:00+00:00,2.4257
XRPUSDT,2024-12-07 00:00:00+00:00,2.6099
XRPUSDT,2024-12-08 00:00:00+00:00,2.6013
XRPUSDT,2024-12-09 00:00:00+00:00,2.2124
XRPUSDT,2024-12-10 00:00:00+00:00,2.3709
XRPUSDT,2024-12-11 00:00:00+00:00,2.3941
XRPUSDT,2024-12-12 00:00:00+00:00,2.3384
XRPUSDT,2024-12-13 00:00:00+00:00,2.4217
XRPUSDT,2024-12-14 00:00:00+00:00,2.4005
XRPUSDT,2024-12-15 00:00:00+00:00,2.4469
XRPUSDT,2024-12-16 00:00:00+00:00,2.4841
XRPUSDT,2024-12-17 00:00:00+00:00,2.5673
XRPUSDT,2024-12-18 00:00:00+00:00,2.3103
XRPUSDT,2024-12-19 00:00:00+00:00,2.239
XRPUSDT,2024-12-20 00:00:00+00:00,2.2793
XRPUSDT,2024-12-21 00:00:00+00:00,2.238
XRPUSDT,2024-12-22 00:00:00+00:00,2.2031
XRPUSDT,2024-12-23 00:00:00+00:00,2.2617
XRPUSDT,2024-12-24 00:00:00+00:00,2.3238
XRPUSDT,2024-12-25 00:00:00+00:00,2.2973
XRPUSDT,2024-12-26 00:00:00+00:00,2.1559
XRPUSDT,2024-12-27 00:00:00+00:00,2.1466
XRPUSDT,2024-12-28 00:00:00+00:00,2.1843
XRPUSDT,2024-12-29 00:00:00+00:00,2.0942
XRPUSDT,2024-12-30 00:00:00+00:00,2.0587
XRPUSDT,2024-12-31 00:00:00+00:00,2.0836
XRPUSDT,2025-01-01 00:00:00+00:00,2.3328
XRPUSDT,2025-01-02 00:00:00+00:00,2.4024
XRPUSDT,2025-01-03 00:00:00+00:00,2.4547
XRPUSDT,2025-01-04 00:00:00+00:00,2.4201
XRPUSDT,2025-01-05 00:00:00+00:00,2.3994
XRPUSDT,2025-01-06 00:00:00+00:00,2.42
XRPUSDT,2025-01-07 00:00:00+00:00,2.2712
XRPUSDT,2025-01-08 00:00:00+00:00,2.3731
XRPUSDT,2025-01-09 00:00:00+00:00,2.2722
XRPUSDT,2025-01-10 00:00:00+00:00,2.3414
XRPUSDT,2025-01-11 00:00:00+00:00,2.5764
XRPUSDT,2025-01-12 00:00:00+00:00,2.5046
XRPUSDT,2025-01-13 00:00:00+00:00,2.5232
XRPUSDT,2025-01-14 00:00:00+00:00,2.6673
XRPUSDT,2025-01-15 00:00:00+00:00,3.1429
XRPUSDT,2025-01-16 00:00:00+00:00,3.2451
XRPUSDT,2025-01-17 00:00:00+00:00,3.2922
XRPUSDT,2025-01-18 00:00:00+00:00,3.2697
XRPUSDT,2025-01-19 00:00:00+00:00,2.9587
XRPUSDT,2025-01-20 00:00:00+00:00,3.1053
XRPUSDT,2025-01-21 00:00:00+00:00,3.1738
XRPUSDT,2025-01-22 00:00:00+00:00,3.1803
XRPUSDT,2025-01-23 00:00:00+00:00,3.1194
XRPUSDT,2025-01-24 00:00:00+00:00,3.1009
XRPUSDT,2025-01-25 00:00:00+00:00,3.108
XRPUSDT,2025-01-26 00:00:00+00:00,3.0223
XRPUSDT,2025-01-27 00:00:00+00:00,3.0552
XRPUSDT,2025-01-28 00:00:00+00:00,3.0572
XRPUSDT,2025-01-29 00:00:00+00:00,3.0683
XRPUSDT,2025-01-30 00:00:00+00:00,3.1276
XRPUSDT,2025-01-31 00:00:00+00:00,3.0361
XRPUSDT,2025-02-01 00:00:00+00:00,2.8778
XRPUSDT,2025-02-02 00:00:00+00:00,2.58
XRPUSDT,2025-02-03 00:00:00+00:00,2.7001
XRPUSDT,2025-02-04 00:00:00+00:00,2.5274
XRPUSDT,2025-02-05 00:00:00+00:00,2.381
XRPUSDT,2025-02-06 00:00:00+00:00,2.325
XRPUSDT,2025-02-07 00:00:00+00:00,2.3968
XRPUSDT,2025-02-08 00:00:00+00:00,2.419
XRPUSDT,2025-02-09 00:00:00+00:00,2.3928
XRPUSDT,2025-02-10 00:00:00+00:00,2.4237
XRPUSDT,2025-02-11 00:00:00+00:00,2.4131
XRPUSDT,2025-02-12 00:00:00+00:00,2.4734
XRPUSDT,2025-02-13 00:00:00+00:00,2.5599
XRPUSDT,2025-02-14 00:00:00+00:00,2.7384
XRPUSDT,2025-02-15 00:00:00+00:00,2.7619
XRPUSDT,2025-02-16 00:00:00+00:00,2.7283
XRPUSDT,2025-02-17 00:00:00+00:00,2.6599
XRPUSDT,2025-02-18 00:00:00+00:00,2.5628
XRPUSDT,2025-02-19 00:00:00+00:00,2.7378
XRPUSDT,2025-02-20 00:00:00+00:00,2.6877
XRPUSDT,2025-02-21 00:00:00+00:00,2.5721
XRPUSDT,2025-02-22 00:00:00+00:00,2.574
XRPUSDT,2025-02-23 00:00:00+00:00,2.5763
XRPUSDT,2025-02-24 00:00:00+00:00,2.2783
XRPUSDT,2025-02-25 00:00:00+00:00,2.3222
XRPUSDT,2025-02-26 00:00:00+00:00,2.1982
XRPUSDT,2025-02-27 00:00:00+00:00,2.1985
XRPUSDT,2025-02-28 00:00:00+00:00,2.1453
XRPUSDT,2025-03-01 00:00:00+00:00,2.1916
XRPUSDT,2025-03-02 00:00:00+00:00,2.9396
XRPUSDT,2025-03-03 00:00:00+00:00,2.3873
XRPUSDT,2025-03-04 00:00:00+00:00,2.4543
XRPUSDT,2025-03-05 00:00:00+00:00,2.4998
XRPUSDT,2025-03-06 00:00:00+00:00,2.6001
XRPUSDT,2025-03-07 00:00:00+00:00,2.3855
XRPUSDT,2025-03-08 00:00:00+00:00,2.3261
XRPUSDT,2025-03-09 00:00:00+00:00,2.1387
XRPUSDT,2025-03-10 00:00:00+00:00,2.0216
XRPUSDT,2025-03-11 00:00:00+00:00,2.1711
XRPUSDT,2025-03-12 00:00:00+00:00,2.2396
XRPUSDT,2025-03-13 00:00:00+00:00,2.2527
XRPUSDT,2025-03-14 00:00:00+00:00,2.3564
XRPUSDT,2025-03-15 00:00:00+00:00,2.3911
XRPUSDT,2025-03-16 00:00:00+00:00,2.2938
XRPUSDT,2025-03-17 00:00:00+00:00,2.3382
XRPUSDT,2025-03-18 00:00:00+00:00,2.2851
XRPUSDT,2025-03-19 00:00:00+00:00,2.5469
XRPUSDT,2025-03-20 00:00:00+00:00,2.4361
XRPUSDT,2025-03-21 00:00:00+00:00,2.3809
XRPUSDT,2025-03-22 00:00:00+00:00,2.3711
XRPUSDT,2025-03-23 00:00:00+00:00,2.4393
XRPUSDT,2025-03-24 00:00:00+00:00,2.4501
XRPUSDT,2025-03-25 00:00:00+00:00,2.4492
XRPUSDT,2025-03-26 00:00:00+00:00,2.3494
XRPUSDT,2025-03-27 00:00:00+00:00,2.341
XRPUSDT,2025-03-28 00:00:00+00:00,2.2073
XRPUSDT,2025-03-29 00:00:00+00:00,2.1351
XRPUSDT,2025-03-30 00:00:00+00:00,2.1369
XRPUSDT,2025-03-31 00:00:00+00:00,2.0899
XRPUSDT,2025-04-01 00:00:00+00:00,2.1387
XRPUSDT,2025-04-02 00:00:00+00:00,2.0237
XRPUSDT,2025-04-03 00:00:00+00:00,2.0648
XRPUSDT,2025-04-04 00:00:00+00:00,2.1302
XRPUSDT,2025-04-05 00:00:00+00:00,2.1442
XRPUSDT,2025-04-06 00:00:00+00:00,1.9218
XRPUSDT,2025-04-07 00:00:00+00:00,1.8987
XRPUSDT,2025-04-08 00:00:00+00:00,1.7963
XRPUSDT,2025-04-09 00:00:00+00:00,2.0529
XRPUSDT,2025-04-10 00:00:00+00:00,1.9658
XRPUSDT,2025-04-11 00:00:00+00:00,2.0225
XRPUSDT,2025-04-12 00:00:00+00:00,2.1598
XRPUSDT,2025-04-13 00:00:00+00:00,2.1196
XRPUSDT,2025-04-14 00:00:00+00:00,2.1275
XRPUSDT,2025-04-15 00:00:00+00:00,2.0842
XRPUSDT,2025-04-16 00:00:00+00:00,2.0834
XRPUSDT,2025-04-17 00:00:00+00:00,2.0673
XRPUSDT,2025-04-18 00:00:00+00:00,2.0619
XRPUSDT,2025-04-19 00:00:00+00:00,2.0877
XRPUSDT,2025-04-20 00:00:00+00:00,2.0787
XRPUSDT,2025-04-21 00:00:00+00:00,2.0855
XRPUSDT,2025-04-22 00:00:00+00:00,2.2139
XRPUSDT,2025-04-23 00:00:00+00:00,2.2184
XRPUSDT,2025-04-24 00:00:00+00:00,2.2049
XRPUSDT,2025-04-25 00:00:00+00:00,2.1812
XRPUSDT,2025-04-26 00:00:00+00:00,2.1912
XRPUSDT,2025-04-27 00:00:00+00:00,2.252
XRPUSDT,2025-04-28 00:00:00+00:00,2.2949
XRPUSDT,2025-04-29 00:00:00+00:00,2.238
XRPUSDT,2025-04-30 00:00:00+00:00,2.1908
XRPUSDT,2025-05-01 00:00:00+00:00,2.2123
XRPUSDT,2025-05-02 00:00:00+00:00,2.2093
XRPUSDT,2025-05-03 00:00:00+00:00,2.1872
XRPUSDT,2025-05-04 00:00:00+00:00,2.156
XRPUSDT,2025-05-05 00:00:00+00:00,2.1306
XRPUSDT,2025-05-06 00:00:00+00:00,2.155
XRPUSDT,2025-05-07 00:00:00+00:00,2.1265
XRPUSDT,2025-05-08 00:00:00+00:00,2.3272
XRPUSDT,2025-05-09 00:00:00+00:00,2.3439
XRPUSDT,2025-05-10 00:00:00+00:00,2.4711
XRPUSDT,2025-05-11 00:00:00+00:00,2.367
XRPUSDT,2025-05-12 00:00:00+00:00,2.5439
XRPUSDT,2025-05-13 00:00:00+00:00,2.5829
XRPUSDT,2025-05-14 00:00:00+00:00,2.5503
XRPUSDT,2025-05-15 00:00:00+00:00,2.3856
XRPUSDT,2025-05-16 00:00:00+00:00,2.3798
XRPUSDT,2025-05-17 00:00:00+00:00,2.3531
XRPUSDT,2025-05-18 00:00:00+00:00,2.428
XRPUSDT,2025-05-19 00:00:00+00:00,2.3803
XRPUSDT,2025-05-20 00:00:00+00:00,2.3565
XRPUSDT,2025-05-21 00:00:00+00:00,2.3952
XRPUSDT,2025-05-22 00:00:00+00:00,2.4311
XRPUSDT,2025-05-23 00:00:00+00:00,2.2966
XRPUSDT,2025-05-24 00:00:00+00:00,2.3303
XRPUSDT,2025-05-25 00:00:00+00:00,2.3417
XRPUSDT,2025-05-26 00:00:00+00:00,2.3103
XRPUSDT,2025-05-27 00:00:00+00:00,2.3168
XRPUSDT,2025-05-28 00:00:00+00:00,2.2742
XRPUSDT,2025-05-29 00:00:00+00:00,2.2442
XRPUSDT,2025-05-30 00:00:00+00:00,2.1398
XRPUSDT,2025-05-31 00:00:00+00:00,2.1738
XRPUSDT,2025-06-01 00:00:00+00:00,2.1792
XRPUSDT,2025-06-02 00:00:00+00:00,2.1965
XRPUSDT,2025-06-03 00:00:00+00:00,2.2446
XRPUSDT,2025-06-04 00:00:00+00:00,2.2009
XRPUSDT,2025-06-05 00:00:00+00:00,2.0936
XRPUSDT,2025-06-06 00:00:00+00:00,2.1598
XRPUSDT,2025-06-07 00:00:00+00:00,2.1769
XRPUSDT,2025-06-08 00:00:00+00:00,2.267
XRPUSDT,2025-06-09 00:00:00+00:00,2.3211
XRPUSDT,2025-06-10 00:00:00+00:00,2.3074
XRPUSDT,2025-06-11 00:00:00+00:00,2.2704
XRPUSDT,2025-06-12 00:00:00+00:00,2.1899
XRPUSDT,2025-06-13 00:00:00+00:00,2.1472
XRPUSDT,2025-06-14 00:00:00+00:00,2.1394
XRPUSDT,2025-06-15 00:00:00+00:00,2.1655
XRPUSDT,2025-06-16 00:00:00+00:00,2.238
XRPUSDT,2025-06-17 00:00:00+00:00,2.159
XRPUSDT,2025-06-18 00:00:00+00:00,2.1705
XRPUSDT,2025-06-19 00:00:00+00:00,2.1648
XRPUSDT,2025-06-20 00:00:00+00:00,2.1194
XRPUSDT,2025-06-21 00:00:00+00:00,2.0632
XRPUSDT,2025-06-22 00:00:00+00:00,2.0172
XRPUSDT,2025-06-23 00:00:00+00:00,2.1584
XRPUSDT,2025-06-24 00:00:00+00:00,2.1898
XRPUSDT,2025-06-25 00:00:00+00:00,2.1859
XRPUSDT,2025-06-26 00:00:00+00:00,2.1054
XRPUSDT,2025-06-27 00:00:00+00:00,2.1419
XRPUSDT,2025-06-28 00:00:00+00:00,2.1854
XRPUSDT,2025-06-29 00:00:00+00:00,2.2061
XRPUSDT,2025-06-30 00:00:00+00:00,2.2362
XRPUSDT,2025-07-01 00:00:00+00:00,
