symbol,lag_hours,target_acf,target_pacf,abs_return_acf,squared_return_acf,return_segment_start,return_segment_n
BNBUSDT,1,0.989178464778278,0.9891784647782781,0.2947326169925619,0.1668423870747923,2023-03-24 15:00:00+00:00,19924
BNBUSDT,2,0.9761576259516469,-0.10761000721471052,0.24424093164156335,0.12515855574926144,2023-03-24 15:00:00+00:00,19924
BNBUSDT,3,0.9617079122249278,-0.06336867938372763,0.1959517175473117,0.08828520825224576,2023-03-24 15:00:00+00:00,19924
BNBUSDT,4,0.946262568889478,-0.04224995850798894,0.20003905125521237,0.10216199369726604,2023-03-24 15:00:00+00:00,19924
BNBUSDT,5,0.930007360292957,-0.03488606991953192,0.19666060855227496,0.09169749539316883,2023-03-24 15:00:00+00:00,19924
BNBUSDT,6,0.9129117384613656,-0.037564063172416895,0.1996544153641322,0.10697606451506529,2023-03-24 15:00:00+00:00,19924
BNBUSDT,7,0.89481937609245,-0.04488729830262219,0.19412596019905123,0.0940502486929567,2023-03-24 15:00:00+00:00,19924
BNBUSDT,8,0.8758088424874527,-0.03979986733224728,0.17130031583100525,0.05513400713602284,2023-03-24 15:00:00+00:00,19924
BNBUSDT,9,0.856259765276523,-0.021766287496575845,0.16812328055373676,0.06916612277937012,2023-03-24 15:00:00+00:00,19924
BNBUSDT,10,0.8363391220896862,-0.016730006395185907,0.17530294134249508,0.06553304563026215,2023-03-24 15:00:00+00:00,19924
BNBUSDT,11,0.8158669561975072,-0.027830006873529482,0.16136841482062297,0.07372450121639082,2023-03-24 15:00:00+00:00,19924
BNBUSDT,12,0.7950225292647264,-0.018994471002909914,0.1654291964239091,0.08193401902409318,2023-03-24 15:00:00+00:00,19924
BNBUSDT,13,0.7736541024652464,-0.0274273185412927,0.16881241428447544,0.07174389165170436,2023-03-24 15:00:00+00:00,19924
BNBUSDT,14,0.7517494370181296,-0.02780695444285126,0.15393219533336353,0.06436106890266705,2023-03-24 15:00:00+00:00,19924
BNBUSDT,15,0.7295335762850381,-0.017527842886686205,0.15171170898432293,0.07935409656591134,2023-03-24 15:00:00+00:00,19924
BNBUSDT,16,0.7068346372512165,-0.02795783842305598,0.14424248737294926,0.045139593896499706,2023-03-24 15:00:00+00:00,19924
BNBUSDT,17,0.684048733022036,-0.008741336893509796,0.14986940992649225,0.06323989401734703,2023-03-24 15:00:00+00:00,19924
BNBUSDT,18,0.66105895069077,-0.017128430962164085,0.15205139047604785,0.06557753820885781,2023-03-24 15:00:00+00:00,19924
BNBUSDT,19,0.6380491285866805,-0.00900231441873985,0.1392832947662342,0.05244719458567301,2023-03-24 15:00:00+00:00,19924
BNBUSDT,20,0.6149062659385083,-0.016153381579832836,0.13798273924219448,0.04871253218314989,2023-03-24 15:00:00+00:00,19924
BNBUSDT,21,0.5918155405953991,-0.0076593216160583425,0.12376135918733945,0.03467976974702886,2023-03-24 15:00:00+00:00,19924
BNBUSDT,22,0.5689672302356756,-0.000626184996955337,0.13772240663859134,0.05208233936395457,2023-03-24 15:00:00+00:00,19924
BNBUSDT,23,0.5465338562523402,0.005144251113200588,0.13707391081499878,0.04936312841138224,2023-03-24 15:00:00+00:00,19924
BNBUSDT,24,0.5252230673847752,0.036189449303225124,0.16205830399897825,0.07923129271261997,2023-03-24 15:00:00+00:00,19924
BNBUSDT,25,0.5133411856521586,0.4275539126284733,0.140389121689932,0.05576483750548944,2023-03-24 15:00:00+00:00,19924
BNBUSDT,26,0.5023550182608063,-0.04427449023182367,0.12828544664490305,0.04058189938146075,2023-03-24 15:00:00+00:00,19924
BNBUSDT,27,0.4920690070552552,-0.022149177910536545,0.1153389055681779,0.033012366824752074,2023-03-24 15:00:00+00:00,19924
BNBUSDT,28,0.48210740763610893,-0.02511858202681522,0.12917986111256985,0.0601163355785646,2023-03-24 15:00:00+00:00,19924
BNBUSDT,29,0.4721686482699421,-0.03586604266324187,0.11974689529843059,0.04756781221486408,2023-03-24 15:00:00+00:00,19924
BNBUSDT,30,0.4625732110725456,-0.01893334405038084,0.1068821959638664,0.03512921891697783,2023-03-24 15:00:00+00:00,19924
BNBUSDT,31,0.45348690508254774,-0.017507511629184288,0.11277577000689633,0.03253553486049727,2023-03-24 15:00:00+00:00,19924
BNBUSDT,32,0.44499243660316673,-0.011470623700076135,0.10923379051868252,0.028551116665853006,2023-03-24 15:00:00+00:00,19924
BNBUSDT,33,0.4367497141611576,-0.011842607008019456,0.11751555821795319,0.03501494836682447,2023-03-24 15:00:00+00:00,19924
BNBUSDT,34,0.4285723046033658,-0.020263127492684836,0.10921938524571505,0.02981726872744372,2023-03-24 15:00:00+00:00,19924
BNBUSDT,35,0.4208130477848616,-0.005465670738409661,0.09410707428681642,0.01839735476724394,2023-03-24 15:00:00+00:00,19924
BNBUSDT,36,0.41356083315847464,0.003692029148995542,0.10172192307999055,0.025502167675554476,2023-03-24 15:00:00+00:00,19924
BNBUSDT,37,0.4067576668185296,-0.011028971880497472,0.0975355721560835,0.022397385112683073,2023-03-24 15:00:00+00:00,19924
BNBUSDT,38,0.4004003332187686,-0.009692901235833674,0.10056498396627604,0.025856431370890817,2023-03-24 15:00:00+00:00,19924
BNBUSDT,39,0.3945069081202134,0.00032576809302322415,0.09486426824114791,0.01896272125920887,2023-03-24 15:00:00+00:00,19924
BNBUSDT,40,0.38923400320548923,0.0013582597808520483,0.09021606196069715,0.021510249184179542,2023-03-24 15:00:00+00:00,19924
BNBUSDT,41,0.38415231755363827,-0.0073638149713705844,0.09793755432303992,0.02063151166902706,2023-03-24 15:00:00+00:00,19924
BNBUSDT,42,0.37954032109418934,-0.0018662872600250706,0.10686999916219714,0.03162698167613475,2023-03-24 15:00:00+00:00,19924
BNBUSDT,43,0.37523918392948447,-0.0035983280971559656,0.09522756941770058,0.02072609161183101,2023-03-24 15:00:00+00:00,19924
BNBUSDT,44,0.37120589584930513,-0.010476577227871771,0.09133570880592429,0.023700986246702475,2023-03-24 15:00:00+00:00,19924
BNBUSDT,45,0.3674220798471757,-0.0016872380757547698,0.08361561257107195,0.023285050621101786,2023-03-24 15:00:00+00:00,19924
BNBUSDT,46,0.36367986723008083,-0.007066783105719764,0.09581705712388452,0.0350877712542884,2023-03-24 15:00:00+00:00,19924
BNBUSDT,47,0.3599354870464014,-0.005248163717452194,0.09937057157048451,0.053073754054247385,2023-03-24 15:00:00+00:00,19924
BNBUSDT,48,0.3557412897649091,-0.004266563443844732,0.11331908884320978,0.031185049987657497,2023-03-24 15:00:00+00:00,19924
BNBUSDT,49,0.3520495182628314,0.2596866913456801,0.10326270526736678,0.03159591392300724,2023-03-24 15:00:00+00:00,19924
BNBUSDT,50,0.34834497640997936,-0.03284487281753565,0.094182668822954,0.02555952038300777,2023-03-24 15:00:00+00:00,19924
BNBUSDT,51,0.34465042962644604,-0.014230579932390344,0.07559448747949019,0.011542351534385152,2023-03-24 15:00:00+00:00,19924
BNBUSDT,52,0.3412529281773812,-0.004305975552226855,0.07582791869891727,0.01963831391703265,2023-03-24 15:00:00+00:00,19924
BNBUSDT,53,0.3381989657292433,-0.016761912116800344,0.08720310999174645,0.025015077335067804,2023-03-24 15:00:00+00:00,19924
BNBUSDT,54,0.33539365257647363,-0.004504177437962273,0.07111432125471036,0.01491966386893536,2023-03-24 15:00:00+00:00,19924
BNBUSDT,55,0.3326936475133937,-0.010055949716413317,0.09271657050371764,0.026173134989383826,2023-03-24 15:00:00+00:00,19924
BNBUSDT,56,0.3298879497963818,-0.016215433566723357,0.07975634344650061,0.018537364391360278,2023-03-24 15:00:00+00:00,19924
BNBUSDT,57,0.3271747157081386,-0.00589356392354317,0.08166077686664261,0.019551027497923076,2023-03-24 15:00:00+00:00,19924
BNBUSDT,58,0.3246396383712484,-0.01131559266392463,0.0879139007244582,0.02223602894027665,2023-03-24 15:00:00+00:00,19924
BNBUSDT,59,0.3221329663915208,-0.0029869169482091788,0.09157488518034998,0.028511494656027023,2023-03-24 15:00:00+00:00,19924
BNBUSDT,60,0.3194545415760113,-0.005186812056373369,0.09497216214145271,0.027849249469030835,2023-03-24 15:00:00+00:00,19924
BNBUSDT,61,0.3167299604728012,-0.009359355440932105,0.08812120654998087,0.023660209966474006,2023-03-24 15:00:00+00:00,19924
BNBUSDT,62,0.31401319929729843,-0.002670012528803239,0.08964180863978648,0.030764577492334133,2023-03-24 15:00:00+00:00,19924
BNBUSDT,63,0.31108672953222666,-0.008136917573650522,0.08088666811303452,0.020855559483925718,2023-03-24 15:00:00+00:00,19924
BNBUSDT,64,0.308110977171494,0.0040627660852028975,0.08075136820969331,0.02003733427159731,2023-03-24 15:00:00+00:00,19924
BNBUSDT,65,0.30521877694299404,0.00038693446190638886,0.08327765486155,0.01885330976616184,2023-03-24 15:00:00+00:00,19924
BNBUSDT,66,0.3024047456998999,0.00644926832777897,0.09377563880517803,0.03678248520296725,2023-03-24 15:00:00+00:00,19924
BNBUSDT,67,0.29922892937000256,-0.02640804756124321,0.0771667088291791,0.015958594002796374,2023-03-24 15:00:00+00:00,19924
BNBUSDT,68,0.2961338827565238,-0.001533978222465611,0.0673851816809245,0.01745412624918431,2023-03-24 15:00:00+00:00,19924
BNBUSDT,69,0.29295839674467855,-0.006529391694986137,0.06374835603199001,0.013131020958610412,2023-03-24 15:00:00+00:00,19924
BNBUSDT,70,0.28995498754082405,0.0027070398112354933,0.08241459772465463,0.021735209871503697,2023-03-24 15:00:00+00:00,19924
BNBUSDT,71,0.2870750637316033,-0.00292785317767872,0.09250028247392375,0.02456975421239091,2023-03-24 15:00:00+00:00,19924
BNBUSDT,72,0.28452407569188953,0.0028716838167850292,0.10384960732616633,0.030794975337965037,2023-03-24 15:00:00+00:00,19924
BNBUSDT,73,0.28190763045874223,0.1608379277413329,0.07512830943609736,0.016433504138275684,2023-03-24 15:00:00+00:00,19924
BNBUSDT,74,0.2794809225284495,-0.013221697038291185,0.0763637084913196,0.020983072423986983,2023-03-24 15:00:00+00:00,19924
BNBUSDT,75,0.2771178732311178,-0.007171323057070892,0.0716369171733615,0.01688611524100968,2023-03-24 15:00:00+00:00,19924
BNBUSDT,76,0.2746211200062107,-0.0065899774678938325,0.06522549178634801,0.015268510061584768,2023-03-24 15:00:00+00:00,19924
BNBUSDT,77,0.2721344045882423,-0.00916937422416484,0.06992032870073984,0.018414700129706547,2023-03-24 15:00:00+00:00,19924
BNBUSDT,78,0.2697221029004395,0.004980392114028224,0.07134146583640248,0.018438223564190552,2023-03-24 15:00:00+00:00,19924
BNBUSDT,79,0.26726932848115514,-0.010557335775946135,0.06447388273315026,0.016777221472591718,2023-03-24 15:00:00+00:00,19924
BNBUSDT,80,0.2649751783251352,-0.005316403829353098,0.06974104374252894,0.015560444013751553,2023-03-24 15:00:00+00:00,19924
BNBUSDT,81,0.26274652096091744,-0.0010793898776545595,0.06671877557941222,0.01658708332964233,2023-03-24 15:00:00+00:00,19924
BNBUSDT,82,0.26065588510993665,-0.0014500521450579952,0.06975711454856688,0.01800605843683345,2023-03-24 15:00:00+00:00,19924
BNBUSDT,83,0.2586101983849717,-0.002477253427802039,0.07066663887617503,0.0193109992525153,2023-03-24 15:00:00+00:00,19924
BNBUSDT,84,0.25665582066545717,-0.0039057426348944177,0.07376495809742244,0.0135971771378053,2023-03-24 15:00:00+00:00,19924
BNBUSDT,85,0.25500183382517183,0.007390575059651894,0.06797889751309084,0.01729231629766084,2023-03-24 15:00:00+00:00,19924
BNBUSDT,86,0.25363639109471187,0.012367572249037785,0.061972804154077084,0.01517859541141648,2023-03-24 15:00:00+00:00,19924
BNBUSDT,87,0.2524680339208401,-0.005277932625945255,0.07065782231290245,0.017709063881347104,2023-03-24 15:00:00+00:00,19924
BNBUSDT,88,0.25128922975228474,-0.0006601015094432002,0.06374368339641852,0.011936301507738238,2023-03-24 15:00:00+00:00,19924
BNBUSDT,89,0.25020302127665245,0.004089957464961967,0.07704038589123553,0.019197356767749935,2023-03-24 15:00:00+00:00,19924
BNBUSDT,90,0.2490920668072178,0.0017694700643888582,0.0620151647094953,0.010906012266747533,2023-03-24 15:00:00+00:00,19924
BNBUSDT,91,0.2483167287649519,-0.012808550100813568,0.0634893952265406,0.015137145614755848,2023-03-24 15:00:00+00:00,19924
BNBUSDT,92,0.24771818675496793,0.0060411646023770605,0.05400980885003359,0.009443717748153195,2023-03-24 15:00:00+00:00,19924
BNBUSDT,93,0.2473085745604724,-0.0011391186462825257,0.0613985543202275,0.0127142444276723,2023-03-24 15:00:00+00:00,19924
BNBUSDT,94,0.2469038715609971,0.00018953934723529574,0.074883890892172,0.018978024399703173,2023-03-24 15:00:00+00:00,19924
BNBUSDT,95,0.24642135301202447,-0.01009804402607314,0.07531433285253102,0.017250749570582397,2023-03-24 15:00:00+00:00,19924
BNBUSDT,96,0.24591467299227412,-0.0009158410459370471,0.07638077707057912,0.02144086431632452,2023-03-24 15:00:00+00:00,19924
BNBUSDT,97,0.24566414220250524,0.11690004941239793,0.06101771706296136,0.007486864415598282,2023-03-24 15:00:00+00:00,19924
BNBUSDT,98,0.24553159534662305,-0.0040625501073464155,0.06938990551579087,0.014881456699291954,2023-03-24 15:00:00+00:00,19924
BNBUSDT,99,0.24553499715731586,-0.0016060986924159276,0.06147156769114069,0.011016871786984243,2023-03-24 15:00:00+00:00,19924
BNBUSDT,100,0.24563352330210594,-0.004791690056622064,0.05478800637793803,0.0075074769889051,2023-03-24 15:00:00+00:00,19924
BNBUSDT,101,0.24577136285397502,-0.007024852317536201,0.05986535133048249,0.010392792371019127,2023-03-24 15:00:00+00:00,19924
BNBUSDT,102,0.24601543681784904,0.01110098746164665,0.05925047290677935,0.012423030247961644,2023-03-24 15:00:00+00:00,19924
BNBUSDT,103,0.24644065752742084,-0.002137279451768692,0.06348995443558628,0.01679809479591198,2023-03-24 15:00:00+00:00,19924
BNBUSDT,104,0.24675177789610805,-0.015053894382231718,0.06830502643205916,0.015054628813772302,2023-03-24 15:00:00+00:00,19924
BNBUSDT,105,0.24692372344275312,-0.010116708855541912,0.06863595007835238,0.019951771104048277,2023-03-24 15:00:00+00:00,19924
BNBUSDT,106,0.24692007401228563,-0.00981820670167807,0.06807034230348381,0.008988953179295546,2023-03-24 15:00:00+00:00,19924
BNBUSDT,107,0.2470514429356694,0.009173026140436552,0.06532941556973404,0.012496837786316798,2023-03-24 15:00:00+00:00,19924
BNBUSDT,108,0.24731528293846114,0.003623487006408691,0.07645768710516732,0.02901425975380309,2023-03-24 15:00:00+00:00,19924
BNBUSDT,109,0.24745349812750098,0.0030114759384425975,0.07816361672207031,0.04772917584325726,2023-03-24 15:00:00+00:00,19924
BNBUSDT,110,0.24693492427666425,-0.025979017035370266,0.07033141194247976,0.01750005520331474,2023-03-24 15:00:00+00:00,19924
BNBUSDT,111,0.2463480080642458,-0.0006445780208472191,0.06461666487596819,0.014131781266226556,2023-03-24 15:00:00+00:00,19924
BNBUSDT,112,0.24580984687622728,0.005230891111220926,0.06816418971959487,0.0200959878115815,2023-03-24 15:00:00+00:00,19924
BNBUSDT,113,0.24502567502705352,-0.009574465337337149,0.06238342557305205,0.01835900189787436,2023-03-24 15:00:00+00:00,19924
BNBUSDT,114,0.24411523692542497,-0.0033236988235109738,0.06553115714869516,0.016082496371845036,2023-03-24 15:00:00+00:00,19924
BNBUSDT,115,0.24312878672854724,-0.008481247107071087,0.07498077780318979,0.022913253712378692,2023-03-24 15:00:00+00:00,19924
BNBUSDT,116,0.24179651866100224,-0.00834445359505267,0.06283751656597163,0.012170245955118252,2023-03-24 15:00:00+00:00,19924
BNBUSDT,117,0.24044710338873165,0.0067686054104543324,0.06539107005764368,0.0139667331840245,2023-03-24 15:00:00+00:00,19924
BNBUSDT,118,0.23898829600461735,-0.004140707251085316,0.06324404747835041,0.011522017863360073,2023-03-24 15:00:00+00:00,19924
BNBUSDT,119,0.237970800450226,0.021363718389373704,0.06461201913220431,0.013475733111626875,2023-03-24 15:00:00+00:00,19924
BNBUSDT,120,0.23726491024634752,0.016998942825331844,0.08894526012185328,0.02265986106140422,2023-03-24 15:00:00+00:00,19924
BNBUSDT,121,0.23635259928598895,0.06735922840688721,0.07794500610955064,0.013838187962519392,2023-03-24 15:00:00+00:00,19924
BNBUSDT,122,0.235355552837724,-0.00042680272155441544,0.07208920385195348,0.023684485280583836,2023-03-24 15:00:00+00:00,19924
BNBUSDT,123,0.23414761639596962,-0.008221263959446347,0.057594967593417735,0.012409189599901671,2023-03-24 15:00:00+00:00,19924
BNBUSDT,124,0.23300446880726752,0.003713569334047683,0.05948007969354157,0.0124307663859697,2023-03-24 15:00:00+00:00,19924
BNBUSDT,125,0.23198496735552657,0.0037175196735813603,0.05717055818516369,0.015331175134542737,2023-03-24 15:00:00+00:00,19924
BNBUSDT,126,0.23095281582389748,0.01062656929656524,0.06314932231821442,0.014169824823952818,2023-03-24 15:00:00+00:00,19924
BNBUSDT,127,0.23005603471293967,0.011020492217614617,0.056409708539616785,0.006686091242619054,2023-03-24 15:00:00+00:00,19924
BNBUSDT,128,0.2294946547787717,0.007542985708501722,0.050563233351182076,0.005399049674565496,2023-03-24 15:00:00+00:00,19924
BNBUSDT,129,0.22925464090535486,0.005378460411667732,0.055424505747121385,0.006743492139277629,2023-03-24 15:00:00+00:00,19924
BNBUSDT,130,0.22929426502094988,0.0018617615253287646,0.062410489546971724,0.017167580819312286,2023-03-24 15:00:00+00:00,19924
BNBUSDT,131,0.22936164267585452,0.007268179471150166,0.06655119321741007,0.016374291334093367,2023-03-24 15:00:00+00:00,19924
BNBUSDT,132,0.22967325533810062,0.016965425990156213,0.08043623951535753,0.021233151701671824,2023-03-24 15:00:00+00:00,19924
BNBUSDT,133,0.22989835527517394,-0.00942259779642191,0.07035218621662241,0.015864300086407514,2023-03-24 15:00:00+00:00,19924
BNBUSDT,134,0.23061160168568146,-0.008872035034214886,0.05503333346331364,0.008637280817614178,2023-03-24 15:00:00+00:00,19924
BNBUSDT,135,0.23160754101637676,0.011975343227482562,0.06021503475578387,0.020344223563067507,2023-03-24 15:00:00+00:00,19924
BNBUSDT,136,0.23273430033047715,0.005458150240527634,0.05443707823761796,0.009143232719668484,2023-03-24 15:00:00+00:00,19924
BNBUSDT,137,0.23431333587688294,0.009738363053323774,0.06513267039293794,0.014407767902184213,2023-03-24 15:00:00+00:00,19924
BNBUSDT,138,0.23632005331930006,0.014556398379226924,0.054304155133295486,0.00923384509224337,2023-03-24 15:00:00+00:00,19924
BNBUSDT,139,0.2386609339710514,0.004220743489518791,0.06115575685996255,0.008322069583190862,2023-03-24 15:00:00+00:00,19924
BNBUSDT,140,0.24143991938030376,0.003185074197613932,0.05908551580237553,0.008837485022353346,2023-03-24 15:00:00+00:00,19924
BNBUSDT,141,0.24440552121097553,0.007928049216652282,0.054140589856900456,0.006268437516677469,2023-03-24 15:00:00+00:00,19924
BNBUSDT,142,0.24771737824625087,0.00772195084555121,0.08448758931897606,0.020347823267928253,2023-03-24 15:00:00+00:00,19924
BNBUSDT,143,0.2507175551951645,-0.0009471941759233067,0.07997733882210623,0.019568075851673496,2023-03-24 15:00:00+00:00,19924
BNBUSDT,144,0.2537060290689241,0.012869208606586432,0.08615119643230715,0.01804149219680002,2023-03-24 15:00:00+00:00,19924
BNBUSDT,145,0.2570269820742008,0.055480347360619874,0.0835749622074142,0.01525303022504074,2023-03-24 15:00:00+00:00,19924
BNBUSDT,146,0.2606695347825827,0.013147560811934062,0.07865573922276632,0.01875990814065697,2023-03-24 15:00:00+00:00,19924
BNBUSDT,147,0.26456673549598125,-0.005737839322635387,0.06597873199713933,0.011839971192497082,2023-03-24 15:00:00+00:00,19924
BNBUSDT,148,0.2686029487079263,0.005591877437010358,0.06300839367428612,0.01437390876757668,2023-03-24 15:00:00+00:00,19924
BNBUSDT,149,0.27283069369860613,0.012314373823013931,0.06290461121525814,0.011875667082214091,2023-03-24 15:00:00+00:00,19924
BNBUSDT,150,0.27713574043742306,0.008072571539411254,0.0882561797429011,0.03734820213034791,2023-03-24 15:00:00+00:00,19924
BNBUSDT,151,0.28133731119775146,0.0018094138112454885,0.08164775331516239,0.0193743551687974,2023-03-24 15:00:00+00:00,19924
BNBUSDT,152,0.28539530356398696,-0.0009410370443257741,0.07254048432720464,0.01253356534601503,2023-03-24 15:00:00+00:00,19924
BNBUSDT,153,0.2893354423337471,0.00032237459114018395,0.07714582049144816,0.012477850062801171,2023-03-24 15:00:00+00:00,19924
BNBUSDT,154,0.29311034931897184,-0.0055289206938931214,0.07872824283317949,0.020596345285030647,2023-03-24 15:00:00+00:00,19924
BNBUSDT,155,0.2966931476015146,-0.00560487221357503,0.07909710498774994,0.037110754766966285,2023-03-24 15:00:00+00:00,19924
BNBUSDT,156,0.29966192467310443,-0.016946395370198028,0.07320477716184919,0.00844014049903287,2023-03-24 15:00:00+00:00,19924
BNBUSDT,157,0.30271970557528527,0.000158773418515056,0.07606699395020598,0.021122767252348428,2023-03-24 15:00:00+00:00,19924
BNBUSDT,158,0.3055991955013645,-0.009684138765604328,0.07975824611444335,0.019987800960617964,2023-03-24 15:00:00+00:00,19924
BNBUSDT,159,0.30808928774384986,-0.005934396215136275,0.07421293555891025,0.015116120478287053,2023-03-24 15:00:00+00:00,19924
BNBUSDT,160,0.31031985737302825,-0.001849686469169821,0.08567876639794929,0.01822000104994287,2023-03-24 15:00:00+00:00,19924
BNBUSDT,161,0.31199601534708027,-0.012017182919796723,0.08916183196679063,0.031322582515397775,2023-03-24 15:00:00+00:00,19924
BNBUSDT,162,0.31315464888572453,-0.0031701320046432645,0.08673991832426173,0.026742053360248076,2023-03-24 15:00:00+00:00,19924
BNBUSDT,163,0.31384803696537167,-0.007134632070759864,0.08035466448854907,0.026474238412718475,2023-03-24 15:00:00+00:00,19924
BNBUSDT,164,0.3140333246176469,-0.01342101728766354,0.08697686073618413,0.028599166476831122,2023-03-24 15:00:00+00:00,19924
BNBUSDT,165,0.31378009867353457,-0.0045583353628990166,0.09099590401442101,0.02454873477143358,2023-03-24 15:00:00+00:00,19924
BNBUSDT,166,0.31311108345642474,-0.0016057001395981122,0.09321339971434009,0.02262573574194448,2023-03-24 15:00:00+00:00,19924
BNBUSDT,167,0.31219678708669324,-0.009802641601788214,0.1001956110989728,0.030196697235353318,2023-03-24 15:00:00+00:00,19924
BNBUSDT,168,0.3108951260576039,0.0028704864521752103,0.10937404939602663,0.04096082319360208,2023-03-24 15:00:00+00:00,19924
BTCUSDT,1,0.9864971217070061,0.9864971217070062,0.266441918998972,0.18829691352033537,2023-03-24 15:00:00+00:00,19924
BTCUSDT,2,0.9700754058256114,-0.11561405241455601,0.19750769399512255,0.09417376368618595,2023-03-24 15:00:00+00:00,19924
BTCUSDT,3,0.9524078497041905,-0.04367138173212033,0.15685922533864413,0.0674819333289166,2023-03-24 15:00:00+00:00,19924
BTCUSDT,4,0.9338412507705198,-0.03448019105126734,0.1551668654076858,0.08077548651826834,2023-03-24 15:00:00+00:00,19924
BTCUSDT,5,0.9144789875205684,-0.032125055770720556,0.14538268083784908,0.07628462695957029,2023-03-24 15:00:00+00:00,19924
BTCUSDT,6,0.8940516200603126,-0.043037829074925246,0.14512433643270736,0.07896802605776683,2023-03-24 15:00:00+00:00,19924
BTCUSDT,7,0.8723638276683685,-0.04876659886949479,0.1448182467822164,0.09499363852810691,2023-03-24 15:00:00+00:00,19924
BTCUSDT,8,0.8493237749141799,-0.0508763794169306,0.10979992561112752,0.04835652100768675,2023-03-24 15:00:00+00:00,19924
BTCUSDT,9,0.8256200248657584,-0.023981016583359355,0.10215961249783283,0.047171416681895235,2023-03-24 15:00:00+00:00,19924
BTCUSDT,10,0.8013529926290118,-0.024749600225709933,0.10265654220219965,0.04906100987504386,2023-03-24 15:00:00+00:00,19924
BTCUSDT,11,0.7767515572839966,-0.017375494567903584,0.11550476096285073,0.07911888467763098,2023-03-24 15:00:00+00:00,19924
BTCUSDT,12,0.7516111820245341,-0.02705006403474845,0.11060358928598489,0.06350823500179852,2023-03-24 15:00:00+00:00,19924
BTCUSDT,13,0.726013027152609,-0.022934011698020767,0.09556795706647442,0.05131897252059717,2023-03-24 15:00:00+00:00,19924
BTCUSDT,14,0.6999168960857554,-0.025572028538018363,0.0987543257875924,0.05174617380946945,2023-03-24 15:00:00+00:00,19924
BTCUSDT,15,0.6731974820664233,-0.031190788301885732,0.09188543445600256,0.030463379415185808,2023-03-24 15:00:00+00:00,19924
BTCUSDT,16,0.6462093130412364,-0.018257986317178607,0.10030573476129605,0.03786564813739938,2023-03-24 15:00:00+00:00,19924
BTCUSDT,17,0.6188132043808985,-0.026395826536350087,0.10385376785154238,0.04669367210670504,2023-03-24 15:00:00+00:00,19924
BTCUSDT,18,0.5912826657481075,-0.01594851599141624,0.10149882623918575,0.04673060821265964,2023-03-24 15:00:00+00:00,19924
BTCUSDT,19,0.5637494931852315,-0.01278689022072882,0.10412605925132046,0.039051239288015266,2023-03-24 15:00:00+00:00,19924
BTCUSDT,20,0.5360472965331409,-0.020759491467020105,0.11153235781612326,0.043436851955529425,2023-03-24 15:00:00+00:00,19924
BTCUSDT,21,0.5081049152483038,-0.02316695920951211,0.09856240251350978,0.03838632052211936,2023-03-24 15:00:00+00:00,19924
BTCUSDT,22,0.4801166974326165,-0.01599299151386982,0.12521238369320037,0.06720546966494642,2023-03-24 15:00:00+00:00,19924
BTCUSDT,23,0.4517642830951649,-0.030578150065512674,0.13271225966577152,0.06652863653642595,2023-03-24 15:00:00+00:00,19924
BTCUSDT,24,0.4240518280288961,0.009124820211620891,0.13576237042593292,0.05670552834831762,2023-03-24 15:00:00+00:00,19924
BTCUSDT,25,0.4081861988408476,0.4335598280772016,0.11762409443122168,0.050624447326446415,2023-03-24 15:00:00+00:00,19924
BTCUSDT,26,0.3935157880952435,-0.054190819129025826,0.10204563412107505,0.052746379332665815,2023-03-24 15:00:00+00:00,19924
BTCUSDT,27,0.379366444239923,-0.02260055403247329,0.09463393997895819,0.04464988586514337,2023-03-24 15:00:00+00:00,19924
BTCUSDT,28,0.3652826355249389,-0.0287032145843469,0.08334970208349014,0.025085472161516107,2023-03-24 15:00:00+00:00,19924
BTCUSDT,29,0.351522783502714,-0.013132700342419854,0.06287339210648994,0.013943162760697222,2023-03-24 15:00:00+00:00,19924
BTCUSDT,30,0.33854473940870194,-0.004775664410480967,0.05818752691803078,0.014238953166314046,2023-03-24 15:00:00+00:00,19924
BTCUSDT,31,0.326414739671127,-0.012407978495549789,0.055981220822059925,0.01780294718912631,2023-03-24 15:00:00+00:00,19924
BTCUSDT,32,0.31523375834786593,-0.014311447680894367,0.041186225869776265,0.013349273124570949,2023-03-24 15:00:00+00:00,19924
BTCUSDT,33,0.30460953601828633,-0.00682030034736651,0.038757864010202175,0.013207652912086034,2023-03-24 15:00:00+00:00,19924
BTCUSDT,34,0.2943937265336581,-0.009749860531862574,0.04420545704493822,0.016506725839106437,2023-03-24 15:00:00+00:00,19924
BTCUSDT,35,0.28445748004896393,-0.010221108936088918,0.04336545344153538,0.019063288954468557,2023-03-24 15:00:00+00:00,19924
BTCUSDT,36,0.27508707380295155,-0.005650834614465854,0.04668547106092867,0.01226477852966442,2023-03-24 15:00:00+00:00,19924
BTCUSDT,37,0.2661461161844385,-0.010150627642668221,0.039073592354096874,0.00881295241510596,2023-03-24 15:00:00+00:00,19924
BTCUSDT,38,0.25770199995437065,-0.010068574974197024,0.026733691339610732,0.004663682055560676,2023-03-24 15:00:00+00:00,19924
BTCUSDT,39,0.2500198120651258,-0.0010736380431099958,0.03868420660254226,0.00853332708736512,2023-03-24 15:00:00+00:00,19924
BTCUSDT,40,0.24272982955276337,-0.00773583911942343,0.03758368155415559,0.012246652659957717,2023-03-24 15:00:00+00:00,19924
BTCUSDT,41,0.2359222800882128,-0.010670166622198796,0.04793500328645652,0.012203889380930337,2023-03-24 15:00:00+00:00,19924
BTCUSDT,42,0.22976416030951735,0.0024291601631808188,0.04867006616350839,0.022275607625771507,2023-03-24 15:00:00+00:00,19924
BTCUSDT,43,0.22373166896969926,-0.019459351910213567,0.055680211861125636,0.014473574393643527,2023-03-24 15:00:00+00:00,19924
BTCUSDT,44,0.21800179521848262,-0.013886544988521977,0.04482252735790014,0.012686114142981297,2023-03-24 15:00:00+00:00,19924
BTCUSDT,45,0.21280005262007345,-0.003585899732831654,0.05750865333405119,0.015361302329101115,2023-03-24 15:00:00+00:00,19924
BTCUSDT,46,0.20800565086780412,-0.0047980322482625865,0.048385653934675504,0.009072595749657112,2023-03-24 15:00:00+00:00,19924
BTCUSDT,47,0.20428390242979302,0.008621063932651484,0.06987264837733552,0.02347897182461018,2023-03-24 15:00:00+00:00,19924
BTCUSDT,48,0.2014081267376562,0.021123439101015374,0.06817775611402886,0.02636248085357999,2023-03-24 15:00:00+00:00,19924
BTCUSDT,49,0.19935562212039076,0.26390803218344167,0.07567882925117043,0.03009642886299918,2023-03-24 15:00:00+00:00,19924
BTCUSDT,50,0.19784047227631701,-0.021923940812589332,0.06876774407335398,0.029532629515318938,2023-03-24 15:00:00+00:00,19924
BTCUSDT,51,0.19638201435327668,-0.027333845478869367,0.04339083103285191,0.010420421017315468,2023-03-24 15:00:00+00:00,19924
BTCUSDT,52,0.19572048616943913,0.002709000745164907,0.047294098695868876,0.01930901083918807,2023-03-24 15:00:00+00:00,19924
BTCUSDT,53,0.19534981754528627,-0.011429103149941413,0.048898055072221544,0.01720682689864243,2023-03-24 15:00:00+00:00,19924
BTCUSDT,54,0.19496730985818736,-0.010865279715406349,0.039191352699209966,0.00909475716259342,2023-03-24 15:00:00+00:00,19924
BTCUSDT,55,0.19481845101954184,-0.0009783624448627118,0.04246440698164502,0.016907149631437714,2023-03-24 15:00:00+00:00,19924
BTCUSDT,56,0.19479172021654684,-0.006828568788782674,0.026422315958028166,0.005173375654186259,2023-03-24 15:00:00+00:00,19924
BTCUSDT,57,0.1950288804663126,0.0035794315858307274,0.025617291422580575,0.005348363335197174,2023-03-24 15:00:00+00:00,19924
BTCUSDT,58,0.19538684821078048,-0.00855253705072238,0.026919590878369825,0.008393331869025246,2023-03-24 15:00:00+00:00,19924
BTCUSDT,59,0.19611946030276325,0.003685215212427498,0.038948206766270935,0.026891729676023657,2023-03-24 15:00:00+00:00,19924
BTCUSDT,60,0.19679695679294373,-0.010870690230242801,0.03552194926217701,0.009400845817143424,2023-03-24 15:00:00+00:00,19924
BTCUSDT,61,0.19749939220554505,-0.010009950011820496,0.025629847053277716,0.006565884499971216,2023-03-24 15:00:00+00:00,19924
BTCUSDT,62,0.19828525229218355,-0.004813912351889183,0.028249779958441263,0.013875547612819759,2023-03-24 15:00:00+00:00,19924
BTCUSDT,63,0.19897519112906742,-0.0028140102324577623,0.021108402053089108,0.011856761151825407,2023-03-24 15:00:00+00:00,19924
BTCUSDT,64,0.19976205637160632,-0.0030939657927136805,0.03597997605151202,0.014811561685329487,2023-03-24 15:00:00+00:00,19924
BTCUSDT,65,0.20065719308894533,-0.003719323027556902,0.046483501580850205,0.014501255328880473,2023-03-24 15:00:00+00:00,19924
BTCUSDT,66,0.20151129791448033,0.00034799594553968537,0.043089277693058495,0.011612985137094748,2023-03-24 15:00:00+00:00,19924
BTCUSDT,67,0.20257274761865168,-0.01105927698459558,0.04471607934064118,0.009234103448174389,2023-03-24 15:00:00+00:00,19924
BTCUSDT,68,0.2039155355601449,-0.0005169889220569697,0.043316679073083064,0.01976372338035676,2023-03-24 15:00:00+00:00,19924
BTCUSDT,69,0.2052513635879609,-0.004710157695119845,0.059753096943676996,0.029050042431657062,2023-03-24 15:00:00+00:00,19924
BTCUSDT,70,0.2065524814718549,-0.007133894306827241,0.07278690012377655,0.03431975663162884,2023-03-24 15:00:00+00:00,19924
BTCUSDT,71,0.20748400594744992,-0.002774865153097577,0.08519284982737343,0.051487494030677226,2023-03-24 15:00:00+00:00,19924
BTCUSDT,72,0.2081250638410034,0.007539610402178822,0.08676103216605288,0.04056155098973253,2023-03-24 15:00:00+00:00,19924
BTCUSDT,73,0.20869550773690773,0.17246888570938626,0.08171829646855039,0.0321539038689826,2023-03-24 15:00:00+00:00,19924
BTCUSDT,74,0.20906774050820356,-0.01801841766038952,0.06336650508556607,0.022937108424552755,2023-03-24 15:00:00+00:00,19924
BTCUSDT,75,0.20961841522937028,-0.015129292051412805,0.05590812178274229,0.02324323724364755,2023-03-24 15:00:00+00:00,19924
BTCUSDT,76,0.209817893660493,-0.0033196932013793245,0.04857636742461684,0.022068972944152145,2023-03-24 15:00:00+00:00,19924
BTCUSDT,77,0.20997758783583978,-0.00417741651652414,0.04455965442062612,0.014360329679589523,2023-03-24 15:00:00+00:00,19924
BTCUSDT,78,0.21013581354133767,-0.006456947247144217,0.037369352778921235,0.02138402189672377,2023-03-24 15:00:00+00:00,19924
BTCUSDT,79,0.21032251111659375,0.008156613990822865,0.03520746010671537,0.018249815900265746,2023-03-24 15:00:00+00:00,19924
BTCUSDT,80,0.21051731537357932,0.00014077621560748473,0.033954256389252535,0.022089496913664502,2023-03-24 15:00:00+00:00,19924
BTCUSDT,81,0.2105046421275377,-0.002269843748734659,0.030275896674779205,0.016877350921543324,2023-03-24 15:00:00+00:00,19924
BTCUSDT,82,0.21050146800276168,-0.001966104875797666,0.03533987679602069,0.04351357381759491,2023-03-24 15:00:00+00:00,19924
BTCUSDT,83,0.21002126317938408,-0.01289363943042142,0.03262110904018584,0.02097757209474898,2023-03-24 15:00:00+00:00,19924
BTCUSDT,84,0.20961943803121427,-0.0010604027643611924,0.0320401385959756,0.005414794842361736,2023-03-24 15:00:00+00:00,19924
BTCUSDT,85,0.2091736442923706,-0.00790045148794091,0.023096248039629296,0.018681264120632427,2023-03-24 15:00:00+00:00,19924
BTCUSDT,86,0.20882351800381171,0.005432134036411221,0.025091636736939326,0.017465294877176997,2023-03-24 15:00:00+00:00,19924
BTCUSDT,87,0.2082089224993048,-0.01409463276709535,0.02975509432877365,0.009046899381439015,2023-03-24 15:00:00+00:00,19924
BTCUSDT,88,0.20721714081728534,-0.014547898721501126,0.03946010120614409,0.02060209754088646,2023-03-24 15:00:00+00:00,19924
BTCUSDT,89,0.20585314838203975,-0.013784701114982086,0.04086828385544935,0.021947810205743597,2023-03-24 15:00:00+00:00,19924
BTCUSDT,90,0.2043302499134059,-0.00046920462031960794,0.03446963330404924,0.014546113781394431,2023-03-24 15:00:00+00:00,19924
BTCUSDT,91,0.20290007357346201,0.0019831661157772105,0.045223174410463134,0.022988593938240737,2023-03-24 15:00:00+00:00,19924
BTCUSDT,92,0.201191282976577,-0.008559746730712988,0.03992923390695415,0.013053439774833274,2023-03-24 15:00:00+00:00,19924
BTCUSDT,93,0.1996174365131172,0.010299380191073055,0.05046632356525501,0.023245615565666546,2023-03-24 15:00:00+00:00,19924
BTCUSDT,94,0.19802629634303773,-0.00369503374928974,0.06666123707984402,0.028017804989137668,2023-03-24 15:00:00+00:00,19924
BTCUSDT,95,0.19622648460386113,-0.014325701783683333,0.06867425977110092,0.025934991458629354,2023-03-24 15:00:00+00:00,19924
BTCUSDT,96,0.19431256556817547,0.0021171113854072036,0.08761495707359145,0.04468470837987819,2023-03-24 15:00:00+00:00,19924
BTCUSDT,97,0.19208745294476637,0.10338762793071919,0.05687329917386517,0.02030667920767873,2023-03-24 15:00:00+00:00,19924
BTCUSDT,98,0.1899878421121036,-0.0012688941271013269,0.05244728101182131,0.014913564717164315,2023-03-24 15:00:00+00:00,19924
BTCUSDT,99,0.18791749508714622,-0.005115595641846408,0.04615033829845005,0.013190436198826738,2023-03-24 15:00:00+00:00,19924
BTCUSDT,100,0.18585718950340957,-0.003629644229251553,0.05263478151464252,0.021292204914505952,2023-03-24 15:00:00+00:00,19924
BTCUSDT,101,0.18351883266734453,-0.014564288529752037,0.02680396712181956,0.0024808252750475115,2023-03-24 15:00:00+00:00,19924
BTCUSDT,102,0.18126462508073854,0.0038112118665678115,0.047585085198543306,0.026697055598726302,2023-03-24 15:00:00+00:00,19924
BTCUSDT,103,0.17842619580046476,-0.017348973500833136,0.03490332981160328,0.019073876919679836,2023-03-24 15:00:00+00:00,19924
BTCUSDT,104,0.17543505740749468,0.0019209281855349862,0.0288611311406761,0.032530850937132816,2023-03-24 15:00:00+00:00,19924
BTCUSDT,105,0.17220202733097717,-0.01249932857159393,0.026314764967590713,0.019148225344724074,2023-03-24 15:00:00+00:00,19924
BTCUSDT,106,0.16880682121904758,-0.0025990660475360863,0.018579108330166856,0.00282729283639474,2023-03-24 15:00:00+00:00,19924
BTCUSDT,107,0.1655926131282531,-0.004403846650079432,0.022523657696732785,0.0047955267544033025,2023-03-24 15:00:00+00:00,19924
BTCUSDT,108,0.1623749905381549,0.0048095263027946745,0.019436001278331404,0.0022742561043563076,2023-03-24 15:00:00+00:00,19924
BTCUSDT,109,0.15946731706598932,0.012059883051135565,0.019373935455371288,0.013643580434662201,2023-03-24 15:00:00+00:00,19924
BTCUSDT,110,0.15627706529134777,-0.0059859460290430854,-0.0020486196169504246,-0.00543046703147157,2023-03-24 15:00:00+00:00,19924
BTCUSDT,111,0.15334999793059745,0.0005622446294996807,0.010630995313946798,-0.0020108564952978354,2023-03-24 15:00:00+00:00,19924
BTCUSDT,112,0.1507197466898219,-0.004346329558154848,0.022540277450407688,0.004499560139388575,2023-03-24 15:00:00+00:00,19924
BTCUSDT,113,0.1482881199991383,-0.009251368877375198,0.028459410997902407,0.010966841716836347,2023-03-24 15:00:00+00:00,19924
BTCUSDT,114,0.14583169091944959,-0.005408914385670797,0.04073446877235913,0.01797894129559261,2023-03-24 15:00:00+00:00,19924
BTCUSDT,115,0.14309947517788035,-0.008591145949779572,0.03120940867521315,0.010688592802674134,2023-03-24 15:00:00+00:00,19924
BTCUSDT,116,0.14052543065181036,-2.9585591725291706e-05,0.03576589600631835,0.01671052917309593,2023-03-24 15:00:00+00:00,19924
BTCUSDT,117,0.13788757055414505,0.009328644159050428,0.03856755753118976,0.007693254952652527,2023-03-24 15:00:00+00:00,19924
BTCUSDT,118,0.13551066729668604,0.008781979571202232,0.044793547219996524,0.012332650970008404,2023-03-24 15:00:00+00:00,19924
BTCUSDT,119,0.13358129285073722,0.0024388883927700246,0.05779335259730351,0.01542336017503176,2023-03-24 15:00:00+00:00,19924
BTCUSDT,120,0.13220270075693324,0.021010743099833144,0.06498853280211238,0.028666274606863388,2023-03-24 15:00:00+00:00,19924
BTCUSDT,121,0.13122933099812106,0.07612061861579322,0.06055367622032164,0.014937745560043129,2023-03-24 15:00:00+00:00,19924
BTCUSDT,122,0.13043974248445242,0.008349930939045245,0.04673539230816425,0.020769763528418316,2023-03-24 15:00:00+00:00,19924
BTCUSDT,123,0.1298187017288748,0.003590735322551856,0.042106543510633004,0.011923640555521585,2023-03-24 15:00:00+00:00,19924
BTCUSDT,124,0.1293400271859683,-0.0014919024819546331,0.02798250846619561,0.004752325279817943,2023-03-24 15:00:00+00:00,19924
BTCUSDT,125,0.1294418109410215,0.007637039118172656,0.02069449622871159,0.008985517797466295,2023-03-24 15:00:00+00:00,19924
BTCUSDT,126,0.12986071699800933,0.013784547632551736,0.024280151665803926,0.002423793301992469,2023-03-24 15:00:00+00:00,19924
BTCUSDT,127,0.1311332182674641,0.009229683441414099,0.023228579519977068,0.010733569362948968,2023-03-24 15:00:00+00:00,19924
BTCUSDT,128,0.13288586714179956,0.013673566122229941,0.013982623085891613,-0.002540648597618997,2023-03-24 15:00:00+00:00,19924
BTCUSDT,129,0.13529778129504275,0.007783342945224231,0.01665187091108048,0.0016702800151865698,2023-03-24 15:00:00+00:00,19924
BTCUSDT,130,0.138140125330458,0.005658368134054405,0.01215874721273506,0.01108374287829702,2023-03-24 15:00:00+00:00,19924
BTCUSDT,131,0.14124993394907515,0.0008095459044989673,0.017331948395888277,0.011613334589858668,2023-03-24 15:00:00+00:00,19924
BTCUSDT,132,0.14451695603845874,0.002119423866072669,0.028735156552236428,0.011938890622829714,2023-03-24 15:00:00+00:00,19924
BTCUSDT,133,0.1476885563221299,0.002896521619313448,0.018610817080929386,0.0074157477411646265,2023-03-24 15:00:00+00:00,19924
BTCUSDT,134,0.15116100245468025,-0.003490896532170633,0.009555899107375431,-0.0026891320543161027,2023-03-24 15:00:00+00:00,19924
BTCUSDT,135,0.1548446620932122,0.005823750117950203,0.00997145965218978,-0.001180950753171771,2023-03-24 15:00:00+00:00,19924
BTCUSDT,136,0.15891727686060592,0.011073961705315905,0.022611837031037134,0.006074411145480071,2023-03-24 15:00:00+00:00,19924
BTCUSDT,137,0.16313057366906783,-0.007914980581604345,0.02327880452596531,-0.00040246256277014615,2023-03-24 15:00:00+00:00,19924
BTCUSDT,138,0.16790648529489735,0.014725223364951773,0.032270232142687066,0.004324005688990404,2023-03-24 15:00:00+00:00,19924
BTCUSDT,139,0.17319265187216232,0.004321026164851551,0.03995181737908825,0.010639640520895792,2023-03-24 15:00:00+00:00,19924
BTCUSDT,140,0.17886378020062946,0.012255653332879668,0.041530346284535995,0.006515999043437658,2023-03-24 15:00:00+00:00,19924
BTCUSDT,141,0.18502813023967993,0.02103916319095533,0.04788324479781316,0.009996271344454721,2023-03-24 15:00:00+00:00,19924
BTCUSDT,142,0.1915802957941233,0.022145742968454445,0.06630369377214249,0.011488885198469087,2023-03-24 15:00:00+00:00,19924
BTCUSDT,143,0.19844355269673344,0.011864444433444688,0.08660003116376318,0.023447353973251466,2023-03-24 15:00:00+00:00,19924
BTCUSDT,144,0.20547983539951756,0.023950723944499902,0.09923680253392493,0.030287625357355668,2023-03-24 15:00:00+00:00,19924
BTCUSDT,145,0.21293891152570218,0.06931795916000338,0.07963652757574936,0.016220568025042376,2023-03-24 15:00:00+00:00,19924
BTCUSDT,146,0.2206550390390149,0.014003705330289069,0.07148045112735896,0.015472007735230884,2023-03-24 15:00:00+00:00,19924
BTCUSDT,147,0.2284004575787026,-0.001421044936421015,0.052765943618905436,0.009111972284918442,2023-03-24 15:00:00+00:00,19924
BTCUSDT,148,0.23631807839791008,0.0019455042784564524,0.05137944705856431,0.010517951117395978,2023-03-24 15:00:00+00:00,19924
BTCUSDT,149,0.24421335174078332,0.007987560303920383,0.05918268636572671,0.01733919365748634,2023-03-24 15:00:00+00:00,19924
BTCUSDT,150,0.25186157525654823,-0.0006006706389684092,0.06337198552708449,0.019496155675072187,2023-03-24 15:00:00+00:00,19924
BTCUSDT,151,0.259187099058224,0.0005582931300169975,0.06626325991890679,0.025393015706009547,2023-03-24 15:00:00+00:00,19924
BTCUSDT,152,0.26611936226193844,-0.0032067548014523455,0.052419737717950665,0.016178188098941556,2023-03-24 15:00:00+00:00,19924
BTCUSDT,153,0.27259468797345454,-0.004340766730625247,0.043695232596410796,0.010247723202359997,2023-03-24 15:00:00+00:00,19924
BTCUSDT,154,0.27873675218931276,-0.0035953674530266205,0.04165663198403349,0.009182841248813866,2023-03-24 15:00:00+00:00,19924
BTCUSDT,155,0.28456446727007206,-0.00694557973099532,0.05462600261446236,0.015030761992144146,2023-03-24 15:00:00+00:00,19924
BTCUSDT,156,0.29038923292135793,0.009550680981183933,0.04673635113518974,0.011777787403108812,2023-03-24 15:00:00+00:00,19924
BTCUSDT,157,0.29592797709402846,-0.010013460484943403,0.05047888285024334,0.01692036858586493,2023-03-24 15:00:00+00:00,19924
BTCUSDT,158,0.30124030201624535,-0.004442332956129316,0.036110096794332004,0.007906819125268536,2023-03-24 15:00:00+00:00,19924
BTCUSDT,159,0.30631525583461927,0.003986792565713731,0.04611831955710111,0.011731135063231798,2023-03-24 15:00:00+00:00,19924
BTCUSDT,160,0.31082878483744897,-0.004044297064622196,0.04913371313824317,0.008858805702244,2023-03-24 15:00:00+00:00,19924
BTCUSDT,161,0.31512011177197274,-0.0102249784503303,0.05661410845845468,0.014105048032717657,2023-03-24 15:00:00+00:00,19924
BTCUSDT,162,0.31898153830869874,0.005659165242141112,0.07051309540600068,0.021689353422276188,2023-03-24 15:00:00+00:00,19924
BTCUSDT,163,0.32238301316483503,-0.005111814916254496,0.07474036315447821,0.03245810943345328,2023-03-24 15:00:00+00:00,19924
BTCUSDT,164,0.32519347283118116,-0.004805109272557265,0.08725510515020575,0.03087862601103387,2023-03-24 15:00:00+00:00,19924
BTCUSDT,165,0.3271840830890158,-0.0035632464345599496,0.09491947398377015,0.03238572270623484,2023-03-24 15:00:00+00:00,19924
BTCUSDT,166,0.32828492326258696,-0.0036525727076595596,0.10796105891652362,0.03317596333361619,2023-03-24 15:00:00+00:00,19924
BTCUSDT,167,0.3282262980684074,-0.025009740377531467,0.12538079937156144,0.051536647620400576,2023-03-24 15:00:00+00:00,19924
BTCUSDT,168,0.32700388597690794,-0.015310269431010081,0.14901282557580944,0.0690948816505757,2023-03-24 15:00:00+00:00,19924
ETHUSDT,1,0.9860381227793985,0.9860381227793984,0.24943792093320558,0.11918937959269764,2023-03-24 15:00:00+00:00,19924
ETHUSDT,2,0.9698335400601422,-0.08790996071077906,0.19107152101072777,0.0675121269755463,2023-03-24 15:00:00+00:00,19924
ETHUSDT,3,0.952643696073299,-0.03758889976709361,0.15611104411221446,0.056094232614052955,2023-03-24 15:00:00+00:00,19924
ETHUSDT,4,0.9347314234376346,-0.03003103817871227,0.15909181198899996,0.05204347034034275,2023-03-24 15:00:00+00:00,19924
ETHUSDT,5,0.9163426553050638,-0.021998661257983793,0.146404392927519,0.03971825311163993,2023-03-24 15:00:00+00:00,19924
ETHUSDT,6,0.8972536472608776,-0.03143147877248936,0.16206012102028702,0.08070148054090784,2023-03-24 15:00:00+00:00,19924
ETHUSDT,7,0.8770244217567889,-0.046741910698393174,0.1578245279488175,0.06216814273824939,2023-03-24 15:00:00+00:00,19924
ETHUSDT,8,0.8558751758521124,-0.03669141763057008,0.1331122264711784,0.0493257587501863,2023-03-24 15:00:00+00:00,19924
ETHUSDT,9,0.8340687595256759,-0.027864759204326434,0.1297507397227232,0.04565920926897136,2023-03-24 15:00:00+00:00,19924
ETHUSDT,10,0.8115472753817752,-0.03154630452937288,0.12219082169685039,0.03622943430012085,2023-03-24 15:00:00+00:00,19924
ETHUSDT,11,0.7888692667034135,-0.01149876536467108,0.11831078696337016,0.0369323494303855,2023-03-24 15:00:00+00:00,19924
ETHUSDT,12,0.7660275909448265,-0.014385938487363728,0.12777754162749985,0.054458018438452216,2023-03-24 15:00:00+00:00,19924
ETHUSDT,13,0.7425893857627718,-0.030573903104650208,0.12124329876039218,0.0449837327164699,2023-03-24 15:00:00+00:00,19924
ETHUSDT,14,0.7186093708499082,-0.027255296953265416,0.12102107364593613,0.0600359913156908,2023-03-24 15:00:00+00:00,19924
ETHUSDT,15,0.6939774685981442,-0.031688575475016245,0.10509342663079788,0.0194996377847467,2023-03-24 15:00:00+00:00,19924
ETHUSDT,16,0.6693168686218668,-0.008805728642260063,0.10994881656263968,0.031834397285006734,2023-03-24 15:00:00+00:00,19924
ETHUSDT,17,0.6444432448821794,-0.019574140235073326,0.124211836458425,0.03988193656906574,2023-03-24 15:00:00+00:00,19924
ETHUSDT,18,0.6194223426852632,-0.017404302322892497,0.11126471956068512,0.028195328604302617,2023-03-24 15:00:00+00:00,19924
ETHUSDT,19,0.5945910622337772,-0.005211184798225225,0.10407265204278035,0.033887550640158595,2023-03-24 15:00:00+00:00,19924
ETHUSDT,20,0.5696197881009791,-0.018975048902757245,0.10838090389109285,0.04743131856231414,2023-03-24 15:00:00+00:00,19924
ETHUSDT,21,0.5445505026333133,-0.016577004903563463,0.09650027106750815,0.02087599800881438,2023-03-24 15:00:00+00:00,19924
ETHUSDT,22,0.5196952585385426,-0.006002730467073204,0.1340628481580958,0.057677293389500936,2023-03-24 15:00:00+00:00,19924
ETHUSDT,23,0.49454060814696776,-0.02704454685332455,0.12724430140968032,0.043309378709905914,2023-03-24 15:00:00+00:00,19924
ETHUSDT,24,0.4699745238762579,0.006871549873938473,0.1397015503878887,0.03509831324793599,2023-03-24 15:00:00+00:00,19924
ETHUSDT,25,0.45793976198682623,0.4424559638491214,0.12588810009245066,0.04209825484908406,2023-03-24 15:00:00+00:00,19924
ETHUSDT,26,0.4469954627837441,-0.035856027220898944,0.11306224834935139,0.0359953998196925,2023-03-24 15:00:00+00:00,19924
ETHUSDT,27,0.43649138316725533,-0.02149324465680479,0.11172084793784512,0.038269362959201296,2023-03-24 15:00:00+00:00,19924
ETHUSDT,28,0.42590168615182683,-0.030965375722016738,0.1017154835530011,0.044550986418047514,2023-03-24 15:00:00+00:00,19924
ETHUSDT,29,0.41523870192316237,-0.02076401166498305,0.09089529767971896,0.01815912411799118,2023-03-24 15:00:00+00:00,19924
ETHUSDT,30,0.40510488512816145,-0.0033922056342811494,0.07741416068145128,0.017822435989030702,2023-03-24 15:00:00+00:00,19924
ETHUSDT,31,0.39548433966853147,-0.023064966917332723,0.08285890736996336,0.023161724287893037,2023-03-24 15:00:00+00:00,19924
ETHUSDT,32,0.3863834933389363,-0.015870130923344397,0.07096494706628266,0.016184978256828377,2023-03-24 15:00:00+00:00,19924
ETHUSDT,33,0.3778064303492277,-0.006548734528690195,0.07409785871818445,0.024474610060591224,2023-03-24 15:00:00+00:00,19924
ETHUSDT,34,0.36962950528245936,-0.014317286112814713,0.07394202491836897,0.01687925947411305,2023-03-24 15:00:00+00:00,19924
ETHUSDT,35,0.36182586170929854,0.0027565352128906305,0.07576024983549957,0.017434378329002288,2023-03-24 15:00:00+00:00,19924
ETHUSDT,36,0.35459539949880114,0.009531722763261068,0.057175030886553145,0.003944920126025498,2023-03-24 15:00:00+00:00,19924
ETHUSDT,37,0.34806179383476643,-0.005343277541146048,0.06976327131182533,0.014642789228020894,2023-03-24 15:00:00+00:00,19924
ETHUSDT,38,0.34205758370844536,-0.007401344483914951,0.06393195026765922,0.014273048935516518,2023-03-24 15:00:00+00:00,19924
ETHUSDT,39,0.3367058185468853,-0.006634808156069056,0.06257707795633842,0.006888678418701621,2023-03-24 15:00:00+00:00,19924
ETHUSDT,40,0.33185345493580626,0.008045312125900471,0.07465057783858513,0.02000525477646719,2023-03-24 15:00:00+00:00,19924
ETHUSDT,41,0.3273419862044771,-0.00948471252295904,0.07413260714867018,0.010512349363191571,2023-03-24 15:00:00+00:00,19924
ETHUSDT,42,0.3232865873208082,-0.004140198398059896,0.07874116343376839,0.019633480619804387,2023-03-24 15:00:00+00:00,19924
ETHUSDT,43,0.3194912420028555,-0.0015828630953836729,0.07138095908819111,0.011332481963879804,2023-03-24 15:00:00+00:00,19924
ETHUSDT,44,0.31592180726133723,-0.013928994901199523,0.07910945656301215,0.03054914067448402,2023-03-24 15:00:00+00:00,19924
ETHUSDT,45,0.3125644929062356,-0.008591603386097652,0.0754568419512684,0.015179507260906937,2023-03-24 15:00:00+00:00,19924
ETHUSDT,46,0.3093824492855864,-9.236512091689424e-05,0.07773868075672817,0.01563423521011763,2023-03-24 15:00:00+00:00,19924
ETHUSDT,47,0.3068217412153903,-0.005239013638824678,0.07908758154422225,0.009964265688581097,2023-03-24 15:00:00+00:00,19924
ETHUSDT,48,0.304873117361885,0.01886221791172136,0.07879844969475444,0.01357325200317625,2023-03-24 15:00:00+00:00,19924
ETHUSDT,49,0.3037688778227722,0.28083127429979604,0.09654240953963125,0.032731444966726315,2023-03-24 15:00:00+00:00,19924
ETHUSDT,50,0.30279513455444546,-0.022521325622591338,0.08100749965322226,0.013301908208499184,2023-03-24 15:00:00+00:00,19924
ETHUSDT,51,0.30195853338534506,-0.0162035096419046,0.05864290763103756,0.009940592109919467,2023-03-24 15:00:00+00:00,19924
ETHUSDT,52,0.30189213301166146,0.001573789997863604,0.07264822648156194,0.01842834177871246,2023-03-24 15:00:00+00:00,19924
ETHUSDT,53,0.30224771838192327,-0.010679531455002274,0.07030304023625446,0.018540022080773766,2023-03-24 15:00:00+00:00,19924
ETHUSDT,54,0.30267939927743637,-0.0033706440014937174,0.05473556390651127,0.00470638173627308,2023-03-24 15:00:00+00:00,19924
ETHUSDT,55,0.30351001481284395,-0.0034357711387258704,0.06703279350417157,0.015195620755722646,2023-03-24 15:00:00+00:00,19924
ETHUSDT,56,0.3045868026096413,-0.005843638138810806,0.05529763531091664,0.006273036687183513,2023-03-24 15:00:00+00:00,19924
ETHUSDT,57,0.30580329053169114,-0.0009120282822519421,0.062206923678425625,0.011169233836771405,2023-03-24 15:00:00+00:00,19924
ETHUSDT,58,0.30696577842417666,-0.018155134792888033,0.06603700084871884,0.02393022026214177,2023-03-24 15:00:00+00:00,19924
ETHUSDT,59,0.30800008218519465,-0.005217059342844459,0.07063251236485533,0.056540154665123445,2023-03-24 15:00:00+00:00,19924
ETHUSDT,60,0.3085201637967162,-0.012781251268702951,0.0655325812366437,0.009243667952179404,2023-03-24 15:00:00+00:00,19924
ETHUSDT,61,0.3090599824138932,0.0017857712738000118,0.0674276456514498,0.013503944332879332,2023-03-24 15:00:00+00:00,19924
ETHUSDT,62,0.30943185624728153,-0.010284190195194557,0.06409276416607947,0.020703779141820897,2023-03-24 15:00:00+00:00,19924
ETHUSDT,63,0.3096409138135004,-0.007375789072622623,0.06095814785019182,0.02288715945713816,2023-03-24 15:00:00+00:00,19924
ETHUSDT,64,0.3094990704307944,-0.006241959793847477,0.07390971231302482,0.018563090862871227,2023-03-24 15:00:00+00:00,19924
ETHUSDT,65,0.3093054933667092,-0.006798819132387754,0.07250908786297428,0.012978595629558274,2023-03-24 15:00:00+00:00,19924
ETHUSDT,66,0.30910298909267275,0.00034537050806084666,0.07535677830979327,0.023401238100046618,2023-03-24 15:00:00+00:00,19924
ETHUSDT,67,0.30872543448711226,-0.008702912752217311,0.06494899013427895,0.008157017280071855,2023-03-24 15:00:00+00:00,19924
ETHUSDT,68,0.3085343143499053,-0.00026456200428206264,0.07536716763060203,0.018381452511112433,2023-03-24 15:00:00+00:00,19924
ETHUSDT,69,0.3082919772396961,-0.010311297254595052,0.07675531570581914,0.02180217006324769,2023-03-24 15:00:00+00:00,19924
ETHUSDT,70,0.30785991288114595,-0.008416352205060165,0.07841263782079466,0.01538944233005587,2023-03-24 15:00:00+00:00,19924
ETHUSDT,71,0.30753425329042705,0.007311811627787206,0.09946231891928023,0.03067632350660502,2023-03-24 15:00:00+00:00,19924
ETHUSDT,72,0.30680362145899315,0.0016585268673093448,0.09612998242681407,0.031876737986584636,2023-03-24 15:00:00+00:00,19924
ETHUSDT,73,0.3056505723809474,0.17667476563399334,0.09477599771057499,0.019773788254000904,2023-03-24 15:00:00+00:00,19924
ETHUSDT,74,0.30457707315706417,-0.00680023387766652,0.07375549124010472,0.015314043145957757,2023-03-24 15:00:00+00:00,19924
ETHUSDT,75,0.30369652625277543,-0.0020060818503470435,0.07938895754220975,0.020292014931071356,2023-03-24 15:00:00+00:00,19924
ETHUSDT,76,0.3024005314181855,-0.006140213228632077,0.07681057555250095,0.016684155045995967,2023-03-24 15:00:00+00:00,19924
ETHUSDT,77,0.3008703818855694,-0.013706878907958773,0.06868542500300862,0.01718438448865502,2023-03-24 15:00:00+00:00,19924
ETHUSDT,78,0.29925880765822893,-0.0007732949557931431,0.06389918854869399,0.015469692636122877,2023-03-24 15:00:00+00:00,19924
ETHUSDT,79,0.29747659185794273,0.00016154991524602473,0.05291150798904344,0.010997322874299931,2023-03-24 15:00:00+00:00,19924
ETHUSDT,80,0.29560886756165855,-0.0018535027483309497,0.05676195180787121,0.011702691809264133,2023-03-24 15:00:00+00:00,19924
ETHUSDT,81,0.29377343291897484,0.00761825336923034,0.05788543071345282,0.019105315357147747,2023-03-24 15:00:00+00:00,19924
ETHUSDT,82,0.2920295765387307,-0.009251880901732118,0.060205251427987515,0.015735206743564007,2023-03-24 15:00:00+00:00,19924
ETHUSDT,83,0.2901743260428636,-0.011613389112104328,0.05841686089607287,0.011978072173153635,2023-03-24 15:00:00+00:00,19924
ETHUSDT,84,0.28845752747303216,-0.008530900674234313,0.06377854358220253,0.014979901916483322,2023-03-24 15:00:00+00:00,19924
ETHUSDT,85,0.28640218448890775,-0.010046293675551796,0.04982874984667055,0.014047421030920756,2023-03-24 15:00:00+00:00,19924
ETHUSDT,86,0.28447026603303166,0.002090696543050663,0.048581268845878704,0.011306829299987949,2023-03-24 15:00:00+00:00,19924
ETHUSDT,87,0.28244530642947696,-0.009225080258422847,0.04920074573910435,0.01005481289015091,2023-03-24 15:00:00+00:00,19924
ETHUSDT,88,0.2805739812626208,-0.0010460573258897206,0.05372771045353768,0.00977377129016836,2023-03-24 15:00:00+00:00,19924
ETHUSDT,89,0.2786939400486557,-0.004423278196268671,0.06183412025756888,0.012297059075807516,2023-03-24 15:00:00+00:00,19924
ETHUSDT,90,0.27676668522820297,0.0009741497799401574,0.06955476529555171,0.01727622659237199,2023-03-24 15:00:00+00:00,19924
ETHUSDT,91,0.27479843136862175,-0.011015089452592225,0.06328897006366456,0.01598433175272512,2023-03-24 15:00:00+00:00,19924
ETHUSDT,92,0.2726460378736734,-0.002629880451581769,0.06013094676448324,0.016004684047142646,2023-03-24 15:00:00+00:00,19924
ETHUSDT,93,0.2705973442339819,-0.0032942480649444175,0.07408406672331308,0.01960262501382845,2023-03-24 15:00:00+00:00,19924
ETHUSDT,94,0.2686153809886327,-0.0073204916732780324,0.08753280898694732,0.028403037980751222,2023-03-24 15:00:00+00:00,19924
ETHUSDT,95,0.2662373003896351,-0.009447150479878486,0.08455813583132489,0.014334557135900218,2023-03-24 15:00:00+00:00,19924
ETHUSDT,96,0.26402492374984526,0.005160408251076748,0.09114856514876947,0.024191262553786067,2023-03-24 15:00:00+00:00,19924
ETHUSDT,97,0.26181866063055736,0.11525061212783547,0.07201922212072062,0.010425339156943264,2023-03-24 15:00:00+00:00,19924
ETHUSDT,98,0.2595400562589803,-0.003418065019922811,0.07807747843644025,0.015067213771384935,2023-03-24 15:00:00+00:00,19924
ETHUSDT,99,0.25702526459495106,-0.006977186051550311,0.06861004134803866,0.008074116621158221,2023-03-24 15:00:00+00:00,19924
ETHUSDT,100,0.2545726569332367,-0.002784454087552846,0.06715127649925388,0.008678192143681797,2023-03-24 15:00:00+00:00,19924
ETHUSDT,101,0.2521387036349453,-0.01240991413234633,0.06158298553015261,0.00899738364785411,2023-03-24 15:00:00+00:00,19924
ETHUSDT,102,0.24974238582713082,0.001477949381789341,0.059254631784251575,0.010068098145522375,2023-03-24 15:00:00+00:00,19924
ETHUSDT,103,0.24693816754084685,-0.018943952849899824,0.046052557355688827,0.0021143361493312445,2023-03-24 15:00:00+00:00,19924
ETHUSDT,104,0.24428691900297245,0.012457895942694691,0.059730440118596594,0.02706520325581689,2023-03-24 15:00:00+00:00,19924
ETHUSDT,105,0.24128640820461209,-0.007899508538837311,0.04707934395149297,0.009873891561417774,2023-03-24 15:00:00+00:00,19924
ETHUSDT,106,0.23853094995971977,0.009689891104606167,0.040926679448942266,0.001978354042241718,2023-03-24 15:00:00+00:00,19924
ETHUSDT,107,0.23596870653315985,-0.0030044957551466187,0.04225929991003751,0.0023292320662452242,2023-03-24 15:00:00+00:00,19924
ETHUSDT,108,0.2335254042331914,-0.004215159292941748,0.05183990119424209,0.0041697212130946265,2023-03-24 15:00:00+00:00,19924
ETHUSDT,109,0.23139023970431297,0.0011729718557095133,0.04404166511565301,0.003213521661845271,2023-03-24 15:00:00+00:00,19924
ETHUSDT,110,0.2289722661936173,-0.012965400662626234,0.03103592358343002,0.005850470494951329,2023-03-24 15:00:00+00:00,19924
ETHUSDT,111,0.22655904238716934,-0.008982780225175286,0.0445874349628738,0.0064065021171376465,2023-03-24 15:00:00+00:00,19924
ETHUSDT,112,0.2239204948948518,-0.01127469940617946,0.04004643941245698,0.0034263947216378807,2023-03-24 15:00:00+00:00,19924
ETHUSDT,113,0.22130169193288818,-0.0021641305450528173,0.047685165546445966,0.004806084592324103,2023-03-24 15:00:00+00:00,19924
ETHUSDT,114,0.21877973777938392,0.004951767594069364,0.056395537084010856,0.005238735267914425,2023-03-24 15:00:00+00:00,19924
ETHUSDT,115,0.21660657766694347,0.004778221024675612,0.05245185569149855,0.014144938869519641,2023-03-24 15:00:00+00:00,19924
ETHUSDT,116,0.21440957582695352,-0.008459932027058551,0.05229050798816759,0.006085115914162086,2023-03-24 15:00:00+00:00,19924
ETHUSDT,117,0.21219430612585272,-7.192370548923715e-05,0.06262081752682915,0.007033413737177362,2023-03-24 15:00:00+00:00,19924
ETHUSDT,118,0.20999261099836847,-0.007123640105369488,0.06250005099289274,0.013840738938222432,2023-03-24 15:00:00+00:00,19924
ETHUSDT,119,0.20796588068932526,-0.0057359396993615025,0.06857174446560742,0.008707589241509864,2023-03-24 15:00:00+00:00,19924
ETHUSDT,120,0.2060458178371621,0.00818696941539881,0.07258441460767867,0.015757169230430974,2023-03-24 15:00:00+00:00,19924
ETHUSDT,121,0.20422963953167722,0.07866296833293608,0.07185630483727876,0.010385943833948351,2023-03-24 15:00:00+00:00,19924
ETHUSDT,122,0.20251307572567087,0.003412669729572408,0.06033836677371643,0.007329004977995599,2023-03-24 15:00:00+00:00,19924
ETHUSDT,123,0.20123139525786576,0.012477572441191534,0.05262347950343755,0.006791353684623213,2023-03-24 15:00:00+00:00,19924
ETHUSDT,124,0.20008968399781843,-0.0005027842725255282,0.043981966770234235,0.004464651278964416,2023-03-24 15:00:00+00:00,19924
ETHUSDT,125,0.1992940956473489,0.00535243671131622,0.042733463506259735,0.009489297280885111,2023-03-24 15:00:00+00:00,19924
ETHUSDT,126,0.19872514488971996,0.008823916572583058,0.03897829843507599,-0.0006805220260254194,2023-03-24 15:00:00+00:00,19924
ETHUSDT,127,0.1987510757439203,0.0002216677949369903,0.049699267483016035,0.009681329926924004,2023-03-24 15:00:00+00:00,19924
ETHUSDT,128,0.1986895385477897,0.004018147008456247,0.05267562410478443,0.006222696092651542,2023-03-24 15:00:00+00:00,19924
ETHUSDT,129,0.19899168479780588,0.0011556572905560456,0.0425227553240516,0.019439686800914607,2023-03-24 15:00:00+00:00,19924
ETHUSDT,130,0.19914382378467135,0.003464147462560172,0.03771701064080744,0.003505216543796142,2023-03-24 15:00:00+00:00,19924
ETHUSDT,131,0.19949318939393276,0.00734284615832463,0.038322146692561045,0.0044332860197091725,2023-03-24 15:00:00+00:00,19924
ETHUSDT,132,0.20002822476988485,0.003825836669822331,0.05239827461607233,0.010209762869616487,2023-03-24 15:00:00+00:00,19924
ETHUSDT,133,0.20051110598891253,-0.002636452432651525,0.03291962463767522,-0.0011163870114125113,2023-03-24 15:00:00+00:00,19924
ETHUSDT,134,0.20160403026301021,0.010421831882963094,0.02020590107905724,-0.005656103097020831,2023-03-24 15:00:00+00:00,19924
ETHUSDT,135,0.2030980369373515,0.005832841693165777,0.02661540024399367,-0.001292805016026641,2023-03-24 15:00:00+00:00,19924
ETHUSDT,136,0.20514746166767733,0.007716551628806244,0.04151532115176744,0.0046697493434902405,2023-03-24 15:00:00+00:00,19924
ETHUSDT,137,0.20747013544629836,0.003843295724661315,0.04088918235347844,0.00045886126414289795,2023-03-24 15:00:00+00:00,19924
ETHUSDT,138,0.2101713694090723,0.019911939972436923,0.050297317016757985,0.0266387088119886,2023-03-24 15:00:00+00:00,19924
ETHUSDT,139,0.2125115280688507,-0.01609845641369478,0.046432621304542336,0.004453744050130644,2023-03-24 15:00:00+00:00,19924
ETHUSDT,140,0.21533884574589157,0.012411823128668472,0.049860681441002794,0.003800183528417895,2023-03-24 15:00:00+00:00,19924
ETHUSDT,141,0.21873625119342763,0.021739450623708335,0.048460567619150095,0.002415533315862879,2023-03-24 15:00:00+00:00,19924
ETHUSDT,142,0.22270492345633428,0.014363955209862484,0.06586180684345916,0.003994105936349796,2023-03-24 15:00:00+00:00,19924
ETHUSDT,143,0.22702971751407214,0.0024762511190072087,0.08022811713770509,0.010853556648667212,2023-03-24 15:00:00+00:00,19924
ETHUSDT,144,0.2315089485806004,0.00890636069042388,0.09327829079519984,0.014696374764640476,2023-03-24 15:00:00+00:00,19924
ETHUSDT,145,0.23644891763687262,0.07219460744507321,0.07794567363519092,0.009665238909410458,2023-03-24 15:00:00+00:00,19924
ETHUSDT,146,0.2415304331465891,0.0031766869836135697,0.07319637919638136,0.015930644843895815,2023-03-24 15:00:00+00:00,19924
ETHUSDT,147,0.24649925413157095,0.005640373475120076,0.05194749805312505,0.003076919572189352,2023-03-24 15:00:00+00:00,19924
ETHUSDT,148,0.25172560860214416,0.009753462194839498,0.06028055318140151,0.0075264064220311,2023-03-24 15:00:00+00:00,19924
ETHUSDT,149,0.2570201755170725,0.007830534171361833,0.06195299438843662,0.014579980085067485,2023-03-24 15:00:00+00:00,19924
ETHUSDT,150,0.26211335317783374,-0.00513958244322904,0.05468907087387896,0.005903753515497273,2023-03-24 15:00:00+00:00,19924
ETHUSDT,151,0.26705733165362394,-0.0027927491807175995,0.058385038202991776,0.009996547519906784,2023-03-24 15:00:00+00:00,19924
ETHUSDT,152,0.2721324418153284,0.006594151038331554,0.06560336864052636,0.0126405733539165,2023-03-24 15:00:00+00:00,19924
ETHUSDT,153,0.2768065190970694,-0.018958070859206817,0.04963076974693772,0.004950026202044428,2023-03-24 15:00:00+00:00,19924
ETHUSDT,154,0.28162237792381295,0.008058171213444602,0.05696294375456876,0.005864305717420902,2023-03-24 15:00:00+00:00,19924
ETHUSDT,155,0.28605522261643057,-0.009320963600830512,0.06122775471669449,0.012025905160465873,2023-03-24 15:00:00+00:00,19924
ETHUSDT,156,0.2903934266252745,0.005125144462309967,0.06053617991193066,0.01210501690310426,2023-03-24 15:00:00+00:00,19924
ETHUSDT,157,0.29456619823173447,-0.011610664507814634,0.06502729426662318,0.017760606139050325,2023-03-24 15:00:00+00:00,19924
ETHUSDT,158,0.2982379363224349,-0.004964918922473435,0.050269667254199964,0.004779941830123258,2023-03-24 15:00:00+00:00,19924
ETHUSDT,159,0.30171588834552043,0.007233427223114661,0.0648987870166087,0.007304218799997191,2023-03-24 15:00:00+00:00,19924
ETHUSDT,160,0.3046826202629585,-0.007734640283213589,0.06721028242153698,0.011896120643258203,2023-03-24 15:00:00+00:00,19924
ETHUSDT,161,0.307294510757205,-0.0032635920862778755,0.07283702694575758,0.010790445764539022,2023-03-24 15:00:00+00:00,19924
ETHUSDT,162,0.3096044851884387,0.015431733223008677,0.06652535220573139,0.010345660693008255,2023-03-24 15:00:00+00:00,19924
ETHUSDT,163,0.31202738699204485,-0.010362502605841609,0.07857008461304187,0.02814910392644645,2023-03-24 15:00:00+00:00,19924
ETHUSDT,164,0.31375712483899343,-0.012579462059470576,0.09476864209946738,0.0361018984199829,2023-03-24 15:00:00+00:00,19924
ETHUSDT,165,0.3144832647830312,-0.01510483456803845,0.09318706804509921,0.030447078550299465,2023-03-24 15:00:00+00:00,19924
ETHUSDT,166,0.3143543360264647,-0.007177644744691327,0.09285953551101286,0.013199809060115033,2023-03-24 15:00:00+00:00,19924
ETHUSDT,167,0.3137456262420421,-0.002522285823446248,0.10194517914854312,0.02158973779793849,2023-03-24 15:00:00+00:00,19924
ETHUSDT,168,0.3127497341597942,-0.0015430919890151963,0.12263778813103426,0.0457537675899542,2023-03-24 15:00:00+00:00,19924
SOLUSDT,1,0.9878556807218243,0.9878556807218245,0.2310821605449172,0.1718918080146188,2023-03-24 15:00:00+00:00,19924
SOLUSDT,2,0.9738343031040936,-0.08386271943680249,0.19444595129814463,0.10290095297212372,2023-03-24 15:00:00+00:00,19924
SOLUSDT,3,0.9590467662263735,-0.03309382265354253,0.16412173013885276,0.09295251595202336,2023-03-24 15:00:00+00:00,19924
SOLUSDT,4,0.9434404980783623,-0.03738713042532438,0.16349611348927512,0.0919331632025709,2023-03-24 15:00:00+00:00,19924
SOLUSDT,5,0.9271606919782284,-0.030694510078410616,0.16310820076263224,0.08562442763312725,2023-03-24 15:00:00+00:00,19924
SOLUSDT,6,0.9100919088813919,-0.03610226454183678,0.15265488466393554,0.0780639577380441,2023-03-24 15:00:00+00:00,19924
SOLUSDT,7,0.8922830896490832,-0.03339645940237845,0.14826874009170216,0.0721556262763289,2023-03-24 15:00:00+00:00,19924
SOLUSDT,8,0.8739135842625859,-0.026115528978916648,0.13226369151648995,0.07185719033060059,2023-03-24 15:00:00+00:00,19924
SOLUSDT,9,0.8551430400468275,-0.020306738697333838,0.14170702011835834,0.1064228087367297,2023-03-24 15:00:00+00:00,19924
SOLUSDT,10,0.8355553091882523,-0.03883899946123157,0.13679469240781902,0.05987731375607502,2023-03-24 15:00:00+00:00,19924
SOLUSDT,11,0.8157948196504392,-0.010026186491088782,0.12247692942636708,0.06541500774805213,2023-03-24 15:00:00+00:00,19924
SOLUSDT,12,0.7958896341391815,-0.012253159205322776,0.12847438663821759,0.05768807422618362,2023-03-24 15:00:00+00:00,19924
SOLUSDT,13,0.7756926182084689,-0.01894031484659632,0.14235758721502398,0.07875041421138725,2023-03-24 15:00:00+00:00,19924
SOLUSDT,14,0.7547515382120765,-0.0382327927840767,0.1342176691499526,0.06364508659874409,2023-03-24 15:00:00+00:00,19924
SOLUSDT,15,0.7335504099095909,-0.015836815744408518,0.12052454105624248,0.056585152834922096,2023-03-24 15:00:00+00:00,19924
SOLUSDT,16,0.7122798670275495,-0.01044717715784602,0.13169643216442362,0.05410182171353671,2023-03-24 15:00:00+00:00,19924
SOLUSDT,17,0.6907565017823639,-0.019598687881454416,0.12789543768600078,0.06652511590145498,2023-03-24 15:00:00+00:00,19924
SOLUSDT,18,0.6690890585155472,-0.014987544029051343,0.11854761036205062,0.06420248242854877,2023-03-24 15:00:00+00:00,19924
SOLUSDT,19,0.6472950315671673,-0.014426183301240155,0.11465128798049767,0.048146732619776436,2023-03-24 15:00:00+00:00,19924
SOLUSDT,20,0.6254302179061131,-0.013217126877722637,0.126950223934429,0.06240593565843831,2023-03-24 15:00:00+00:00,19924
SOLUSDT,21,0.6034925242824146,-0.014305991946464732,0.10866883447562797,0.044460848897286874,2023-03-24 15:00:00+00:00,19924
SOLUSDT,22,0.5818705535056404,0.0017784529912610889,0.14169658474879326,0.08372737238688036,2023-03-24 15:00:00+00:00,19924
SOLUSDT,23,0.5599464910515309,-0.025861498302372218,0.12689948817217145,0.06876787663702923,2023-03-24 15:00:00+00:00,19924
SOLUSDT,24,0.5384572940387553,0.006469387958361849,0.1470818272192945,0.0682437845540814,2023-03-24 15:00:00+00:00,19924
SOLUSDT,25,0.5275346474821496,0.4302998237259779,0.1299630125998892,0.06747285723777416,2023-03-24 15:00:00+00:00,19924
SOLUSDT,26,0.5174153758437794,-0.036999871626167455,0.1296458042273517,0.0744261893557502,2023-03-24 15:00:00+00:00,19924
SOLUSDT,27,0.5075025409670119,-0.023590741969194,0.11937666537857397,0.07800682750261587,2023-03-24 15:00:00+00:00,19924
SOLUSDT,28,0.4973590804392442,-0.0429586185833639,0.10683463317749303,0.05888426200067274,2023-03-24 15:00:00+00:00,19924
SOLUSDT,29,0.4873637437580714,-0.0174870939991422,0.10398730639267262,0.050232414520609336,2023-03-24 15:00:00+00:00,19924
SOLUSDT,30,0.4777450031414803,-0.01335427866368802,0.09480068712833102,0.04249910484602397,2023-03-24 15:00:00+00:00,19924
SOLUSDT,31,0.468429816096719,-0.01759654125703852,0.09263742345715982,0.03639787773566472,2023-03-24 15:00:00+00:00,19924
SOLUSDT,32,0.4593469557558715,-0.012111426468830035,0.09388360022752021,0.04025732239769632,2023-03-24 15:00:00+00:00,19924
SOLUSDT,33,0.4503420209602483,-0.015564643023459637,0.093777036522984,0.041181970890346614,2023-03-24 15:00:00+00:00,19924
SOLUSDT,34,0.44188605191417274,-0.008401987745138048,0.10584296322725677,0.05142088304619567,2023-03-24 15:00:00+00:00,19924
SOLUSDT,35,0.4332390487224799,-0.02156285998217738,0.07934726688583185,0.026255688989722893,2023-03-24 15:00:00+00:00,19924
SOLUSDT,36,0.42509971356454834,0.013507194800700277,0.0879885946960794,0.028549848166217875,2023-03-24 15:00:00+00:00,19924
SOLUSDT,37,0.4172219250471328,-0.006111536747755329,0.073156473693941,0.023897970708051466,2023-03-24 15:00:00+00:00,19924
SOLUSDT,38,0.4098656473031271,-0.012535602108170275,0.08075681165312543,0.03476522797823597,2023-03-24 15:00:00+00:00,19924
SOLUSDT,39,0.4028518895282636,0.00020335748444118688,0.07269984724828411,0.02511191387271231,2023-03-24 15:00:00+00:00,19924
SOLUSDT,40,0.39612469918615995,-0.001827344636430699,0.07567749822313175,0.027904440213764488,2023-03-24 15:00:00+00:00,19924
SOLUSDT,41,0.3897824195256589,-0.0009519800103941964,0.07945814795088406,0.03294367777362738,2023-03-24 15:00:00+00:00,19924
SOLUSDT,42,0.38373590122610934,-0.004299255696933097,0.09111148334242497,0.03684376474055925,2023-03-24 15:00:00+00:00,19924
SOLUSDT,43,0.3777812355999203,-0.016197385503827183,0.08131855421426318,0.027196067021267773,2023-03-24 15:00:00+00:00,19924
SOLUSDT,44,0.3722351721682871,0.0038091141692944562,0.07927789647756239,0.026404420570274104,2023-03-24 15:00:00+00:00,19924
SOLUSDT,45,0.3670702979646471,2.7024396484777292e-05,0.08174389617342992,0.032048980530192964,2023-03-24 15:00:00+00:00,19924
SOLUSDT,46,0.3619251171111109,-0.0014624465897621404,0.080949163962486,0.029637596302707247,2023-03-24 15:00:00+00:00,19924
SOLUSDT,47,0.3573976870018184,0.0006534963803581042,0.07243093892896257,0.018818235185964316,2023-03-24 15:00:00+00:00,19924
SOLUSDT,48,0.35347376892733545,0.02208958895513369,0.0793794947865439,0.02590527772218078,2023-03-24 15:00:00+00:00,19924
SOLUSDT,49,0.3502674269091099,0.26146708487476766,0.09290906707236099,0.04806446685172599,2023-03-24 15:00:00+00:00,19924
SOLUSDT,50,0.34710653974598077,-0.028074251895953778,0.0911032671357421,0.0427496096322213,2023-03-24 15:00:00+00:00,19924
SOLUSDT,51,0.3439329056667843,-0.026892441786923592,0.06281140390683468,0.014934343021249907,2023-03-24 15:00:00+00:00,19924
SOLUSDT,52,0.3415390881568716,-0.003802025881825487,0.0766285347704403,0.04051772947513656,2023-03-24 15:00:00+00:00,19924
SOLUSDT,53,0.3392127622913797,-0.020779137003466806,0.07241209782009109,0.029253239198863835,2023-03-24 15:00:00+00:00,19924
SOLUSDT,54,0.33694842834472605,-0.01097195638800426,0.06222351917386537,0.018712833169839883,2023-03-24 15:00:00+00:00,19924
SOLUSDT,55,0.3348478739353088,-0.009303956285265551,0.07373380215665302,0.024908277818289998,2023-03-24 15:00:00+00:00,19924
SOLUSDT,56,0.33281599490571245,-0.01097888742257393,0.06410188588998203,0.018708247777496512,2023-03-24 15:00:00+00:00,19924
SOLUSDT,57,0.3311124922563165,-0.0002488896929431678,0.0686664585339022,0.025726116522534953,2023-03-24 15:00:00+00:00,19924
SOLUSDT,58,0.3293268958972204,-0.013091310763333058,0.07159241018856347,0.019569334240944772,2023-03-24 15:00:00+00:00,19924
SOLUSDT,59,0.32795882878440347,-0.0021122529414442227,0.0813587885365599,0.038374334440365906,2023-03-24 15:00:00+00:00,19924
SOLUSDT,60,0.326159341025235,-0.013187487310405357,0.07612864229534672,0.03097458918229443,2023-03-24 15:00:00+00:00,19924
SOLUSDT,61,0.32413411260740876,-0.018039346951206594,0.06207657802398566,0.01704855276740806,2023-03-24 15:00:00+00:00,19924
SOLUSDT,62,0.32230065265432717,0.005962697691250718,0.07714859805650662,0.033661544972146046,2023-03-24 15:00:00+00:00,19924
SOLUSDT,63,0.3200915690786053,-0.02118246819577786,0.0659521206213743,0.021447719628740834,2023-03-24 15:00:00+00:00,19924
SOLUSDT,64,0.31782111463875334,-0.0032192118225485575,0.06971624453536282,0.024283074307781562,2023-03-24 15:00:00+00:00,19924
SOLUSDT,65,0.31531316325804526,-0.011742090500100322,0.07589399281365389,0.029988793650436323,2023-03-24 15:00:00+00:00,19924
SOLUSDT,66,0.3127109314022018,-0.00592029299866777,0.06763666173594524,0.021027239113202045,2023-03-24 15:00:00+00:00,19924
SOLUSDT,67,0.3102473690160251,-0.00775678907014454,0.07373582640161512,0.03000184832113625,2023-03-24 15:00:00+00:00,19924
SOLUSDT,68,0.30769819056873743,0.0005145434015316155,0.0725934049614874,0.031689368891826455,2023-03-24 15:00:00+00:00,19924
SOLUSDT,69,0.30487894429621043,-0.0096250115050878,0.06890026805190848,0.021002354277664045,2023-03-24 15:00:00+00:00,19924
SOLUSDT,70,0.30206207164737214,-0.003531206851120007,0.07220339539814832,0.025220708824562697,2023-03-24 15:00:00+00:00,19924
SOLUSDT,71,0.2991192709943596,-0.0007116753703582314,0.09160333013411338,0.04046649331173263,2023-03-24 15:00:00+00:00,19924
SOLUSDT,72,0.29579986013628473,0.0031292148113716426,0.08724896030298439,0.030405000525744987,2023-03-24 15:00:00+00:00,19924
SOLUSDT,73,0.29249489306116455,0.17693533994095045,0.07370875231371728,0.024108418781854882,2023-03-24 15:00:00+00:00,19924
SOLUSDT,74,0.2893610335625454,-0.010982001245033344,0.06792126197316802,0.017178794769406557,2023-03-24 15:00:00+00:00,19924
SOLUSDT,75,0.28670145330980357,0.0009968712708570285,0.07397097765099944,0.025198112895364666,2023-03-24 15:00:00+00:00,19924
SOLUSDT,76,0.2838667172175763,-0.00315887835721492,0.06599418912156123,0.020231810171432763,2023-03-24 15:00:00+00:00,19924
SOLUSDT,77,0.2812936039596605,-0.0027175176954139916,0.05758411658442419,0.016998111497285796,2023-03-24 15:00:00+00:00,19924
SOLUSDT,78,0.2788691955167938,-0.00030050526270109873,0.054844484494106574,0.012942577788785234,2023-03-24 15:00:00+00:00,19924
SOLUSDT,79,0.2764380037183,-0.009669391080278809,0.05694974656882363,0.015647607582389256,2023-03-24 15:00:00+00:00,19924
SOLUSDT,80,0.27403759016795326,-0.008213463202863275,0.06008764147198304,0.020645666563581043,2023-03-24 15:00:00+00:00,19924
SOLUSDT,81,0.27162836819815217,0.0033953255079766406,0.061535944948838524,0.022847582417855023,2023-03-24 15:00:00+00:00,19924
SOLUSDT,82,0.26931184582759393,-0.006995847897206395,0.06593711248139715,0.0342481302372803,2023-03-24 15:00:00+00:00,19924
SOLUSDT,83,0.26686987517036814,-0.004191192467741044,0.06389128843575197,0.017764307609886953,2023-03-24 15:00:00+00:00,19924
SOLUSDT,84,0.26451592455367157,-0.015564906018109911,0.05688589624222073,0.012431356018023875,2023-03-24 15:00:00+00:00,19924
SOLUSDT,85,0.26243953732828995,-0.0020425570061414814,0.06379298582661108,0.022498271600898855,2023-03-24 15:00:00+00:00,19924
SOLUSDT,86,0.26044098719646575,0.012315783964744323,0.046775448874991,0.011163262280752248,2023-03-24 15:00:00+00:00,19924
SOLUSDT,87,0.2587474390500758,-0.008090390189685541,0.051765428137536686,0.020248341614353745,2023-03-24 15:00:00+00:00,19924
SOLUSDT,88,0.2569782484535684,-0.010784334249325463,0.04739316490588841,0.01833179952069311,2023-03-24 15:00:00+00:00,19924
SOLUSDT,89,0.2556556293909403,0.010791858473823515,0.05364957621940962,0.01690130350404987,2023-03-24 15:00:00+00:00,19924
SOLUSDT,90,0.25439090614594445,-0.007543604093608296,0.050581610993854796,0.011912658134737313,2023-03-24 15:00:00+00:00,19924
SOLUSDT,91,0.2533510293033543,0.005019642197245157,0.06428007924596574,0.025151441339898387,2023-03-24 15:00:00+00:00,19924
SOLUSDT,92,0.2523718281021352,0.0006232669084167987,0.04527633751740134,0.014146595786573641,2023-03-24 15:00:00+00:00,19924
SOLUSDT,93,0.25171149569248624,0.0005868031848866835,0.053314714661406484,0.017172806598823805,2023-03-24 15:00:00+00:00,19924
SOLUSDT,94,0.2511852864254059,-0.0009383984934149853,0.06020120512109418,0.020254839767431875,2023-03-24 15:00:00+00:00,19924
SOLUSDT,95,0.2508627821360556,0.006317057441751187,0.06447747067844004,0.020877518261467668,2023-03-24 15:00:00+00:00,19924
SOLUSDT,96,0.2508048979395085,0.00645286284951784,0.08798665915893751,0.03249038127470649,2023-03-24 15:00:00+00:00,19924
SOLUSDT,97,0.2506093707145334,0.10795020164087268,0.0687895960918338,0.018769859518526985,2023-03-24 15:00:00+00:00,19924
SOLUSDT,98,0.2503926361519491,-0.008572469698493117,0.06983588617113433,0.023955996120601994,2023-03-24 15:00:00+00:00,19924
SOLUSDT,99,0.24982539327024908,-0.011201122253540254,0.06428147345534023,0.02205559456972753,2023-03-24 15:00:00+00:00,19924
SOLUSDT,100,0.2490497792949492,-0.014734582502799104,0.062003869422491135,0.01916165491655687,2023-03-24 15:00:00+00:00,19924
SOLUSDT,101,0.24811470439305097,-0.006617476705645867,0.04891036002527351,0.010388562329967883,2023-03-24 15:00:00+00:00,19924
SOLUSDT,102,0.24735017181925945,0.012962825993420855,0.04559695866857753,0.01336749984863475,2023-03-24 15:00:00+00:00,19924
SOLUSDT,103,0.2465816270020176,-0.00875567244280486,0.049360665426661,0.014984171429894604,2023-03-24 15:00:00+00:00,19924
SOLUSDT,104,0.24605122740490887,0.004628964500369262,0.05155068781008097,0.025289508339393828,2023-03-24 15:00:00+00:00,19924
SOLUSDT,105,0.2455073439191005,0.0019505846409866,0.046483967869059555,0.021151300195780032,2023-03-24 15:00:00+00:00,19924
SOLUSDT,106,0.24497153606800864,-0.004501792529204656,0.056392847306971694,0.01909938079681195,2023-03-24 15:00:00+00:00,19924
SOLUSDT,107,0.24446013843938355,-0.006987813647253826,0.04972692120474012,0.017691706909572117,2023-03-24 15:00:00+00:00,19924
SOLUSDT,108,0.24410552784152054,-0.007234514323895135,0.05459127542500358,0.013319684681098863,2023-03-24 15:00:00+00:00,19924
SOLUSDT,109,0.24367209023542943,-0.007278678426623134,0.05398802630899062,0.04179726740882699,2023-03-24 15:00:00+00:00,19924
SOLUSDT,110,0.2426044608464226,-0.02114391076792658,0.04492236461191077,0.012473383577170214,2023-03-24 15:00:00+00:00,19924
SOLUSDT,111,0.24146200564051334,-0.007209435859557676,0.04381111112925317,0.011727010679364535,2023-03-24 15:00:00+00:00,19924
SOLUSDT,112,0.24045484891928262,-0.0034197385957824137,0.054979684824242474,0.03058064860913627,2023-03-24 15:00:00+00:00,19924
SOLUSDT,113,0.23895051660798966,-0.010652417136285654,0.04888889755321963,0.015842803477138196,2023-03-24 15:00:00+00:00,19924
SOLUSDT,114,0.23764954885410156,0.008885785918001005,0.05656302742937545,0.021486992663906936,2023-03-24 15:00:00+00:00,19924
SOLUSDT,115,0.2361177039501515,-0.003300254550728186,0.06015511868570288,0.027418912959048258,2023-03-24 15:00:00+00:00,19924
SOLUSDT,116,0.23440044312733668,-0.008433649340115524,0.04344669901429972,0.015726534948870607,2023-03-24 15:00:00+00:00,19924
SOLUSDT,117,0.23265959249440246,0.005577199436420043,0.055777300293333484,0.018379939073164556,2023-03-24 15:00:00+00:00,19924
SOLUSDT,118,0.2308350687511398,-0.0018474034543401496,0.055687383088666775,0.018598382693725726,2023-03-24 15:00:00+00:00,19924
SOLUSDT,119,0.22906620452500923,0.014858730204611247,0.06458208567785347,0.01772916744534562,2023-03-24 15:00:00+00:00,19924
SOLUSDT,120,0.2273183029774519,0.009033740755834376,0.07385591688928807,0.02355791003993831,2023-03-24 15:00:00+00:00,19924
SOLUSDT,121,0.22561564461289987,0.07068041195061298,0.06621116797238409,0.0171098071065226,2023-03-24 15:00:00+00:00,19924
SOLUSDT,122,0.22383723710460518,-0.006211026072976764,0.048126339342369664,0.020915434390484572,2023-03-24 15:00:00+00:00,19924
SOLUSDT,123,0.22205998388041223,-0.012555312746257324,0.03821225844285832,0.01661086132674326,2023-03-24 15:00:00+00:00,19924
SOLUSDT,124,0.22042022811411985,-0.0072227855827925996,0.04213993410500263,0.019639769246172882,2023-03-24 15:00:00+00:00,19924
SOLUSDT,125,0.21897042849194384,0.005658543071856984,0.0565653765241745,0.029287217892162837,2023-03-24 15:00:00+00:00,19924
SOLUSDT,126,0.21717145557307851,-0.0027625319530506453,0.05158049404656285,0.016130205920427864,2023-03-24 15:00:00+00:00,19924
SOLUSDT,127,0.21545558639926785,-0.0005830516775525643,0.06023594281354002,0.0219402510153088,2023-03-24 15:00:00+00:00,19924
SOLUSDT,128,0.21350536370131581,-0.0011102903199492465,0.05493465442321252,0.01870761418522355,2023-03-24 15:00:00+00:00,19924
SOLUSDT,129,0.21168259817653456,0.012220294282855855,0.04367321874496356,0.015330226454323624,2023-03-24 15:00:00+00:00,19924
SOLUSDT,130,0.20994632953922698,0.0014724901390718702,0.05010120493332421,0.01724215195093762,2023-03-24 15:00:00+00:00,19924
SOLUSDT,131,0.20842389674670608,0.0074333395396693714,0.05059921506038589,0.02228971482453717,2023-03-24 15:00:00+00:00,19924
SOLUSDT,132,0.206899108574255,-0.0036418004214372546,0.04297807701638461,0.008684899680959873,2023-03-24 15:00:00+00:00,19924
SOLUSDT,133,0.20563305094819762,0.009504235787017559,0.03403615153395534,0.0067687878092783284,2023-03-24 15:00:00+00:00,19924
SOLUSDT,134,0.20491737563449636,-0.004297493968871756,0.03287199850647905,0.003273146637303053,2023-03-24 15:00:00+00:00,19924
SOLUSDT,135,0.20444416698818849,0.004731185561862096,0.036719962440735075,0.001381945384176052,2023-03-24 15:00:00+00:00,19924
SOLUSDT,136,0.20405953006407135,-0.00016876866601628137,0.031492913029002936,0.0022958546413817576,2023-03-24 15:00:00+00:00,19924
SOLUSDT,137,0.20415680337196151,0.007094975562100075,0.05217502081334042,0.03419803385507819,2023-03-24 15:00:00+00:00,19924
SOLUSDT,138,0.20411823566219053,-0.0010720838195699847,0.04136044136915699,0.019648694906995688,2023-03-24 15:00:00+00:00,19924
SOLUSDT,139,0.20425491859256178,0.0008182202163998021,0.0473254605170723,0.01135252012702597,2023-03-24 15:00:00+00:00,19924
SOLUSDT,140,0.20467823059861823,0.0012734672466362788,0.05601644187684908,0.016022823543396583,2023-03-24 15:00:00+00:00,19924
SOLUSDT,141,0.2051254386776084,0.003641961044143492,0.046305652695719554,0.006450201004640675,2023-03-24 15:00:00+00:00,19924
SOLUSDT,142,0.20608442131017907,0.02368908050517671,0.07041582051453275,0.019909825629434438,2023-03-24 15:00:00+00:00,19924
SOLUSDT,143,0.20701324294517898,0.006668315740757827,0.06677194523178165,0.012118625755013875,2023-03-24 15:00:00+00:00,19924
SOLUSDT,144,0.2080900317154101,0.013920881713933367,0.07660884334724535,0.01985578953814656,2023-03-24 15:00:00+00:00,19924
SOLUSDT,145,0.2093966980711602,0.05429815442924266,0.06341735543425524,0.012432600538653492,2023-03-24 15:00:00+00:00,19924
SOLUSDT,146,0.21113037552764025,0.011140060663651955,0.05060405187672371,0.007971613866917826,2023-03-24 15:00:00+00:00,19924
SOLUSDT,147,0.21328777737023638,0.00531910891229107,0.039686649206581714,0.008418926451146221,2023-03-24 15:00:00+00:00,19924
SOLUSDT,148,0.21578636328371895,0.005737267359729083,0.04885702325165208,0.012473938970443056,2023-03-24 15:00:00+00:00,19924
SOLUSDT,149,0.21824716183782747,-0.0014999886605439523,0.05436338626425686,0.016603124742987096,2023-03-24 15:00:00+00:00,19924
SOLUSDT,150,0.22080062510598789,-0.009709022321633603,0.04196272474212429,0.005459358660258459,2023-03-24 15:00:00+00:00,19924
SOLUSDT,151,0.223597762934282,0.009588937597702865,0.0504317231854087,0.014474447228080292,2023-03-24 15:00:00+00:00,19924
SOLUSDT,152,0.22642409504723504,-0.008398813900469822,0.05527736338118186,0.016591290480888875,2023-03-24 15:00:00+00:00,19924
SOLUSDT,153,0.22906359211630734,-0.004742125488768859,0.04287566838351643,0.007255441147746382,2023-03-24 15:00:00+00:00,19924
SOLUSDT,154,0.23179548840275435,0.006210065745314605,0.05174928978351802,0.015092058679325377,2023-03-24 15:00:00+00:00,19924
SOLUSDT,155,0.2344037799732306,-0.000459254268273033,0.04847649997816523,0.011501513544857324,2023-03-24 15:00:00+00:00,19924
SOLUSDT,156,0.2371983184183219,0.005541987537713249,0.0510406824676888,0.018151998431572423,2023-03-24 15:00:00+00:00,19924
SOLUSDT,157,0.23958207190318637,-0.01640020651840945,0.05314079103424308,0.012222123257180117,2023-03-24 15:00:00+00:00,19924
SOLUSDT,158,0.2417737557042265,-0.007995782324032565,0.04886895033191179,0.013548686935308998,2023-03-24 15:00:00+00:00,19924
SOLUSDT,159,0.24374508445908033,-0.003763024260799279,0.04692402499091654,0.009201028174644995,2023-03-24 15:00:00+00:00,19924
SOLUSDT,160,0.2455762720058636,-0.005676156254424277,0.04759275956219032,0.01696683884062667,2023-03-24 15:00:00+00:00,19924
SOLUSDT,161,0.2471814369423989,-0.0013784445537359294,0.05941911796263499,0.017645801516698943,2023-03-24 15:00:00+00:00,19924
SOLUSDT,162,0.24856641239783986,-0.01361059734780207,0.061309956794297314,0.014745826504626006,2023-03-24 15:00:00+00:00,19924
SOLUSDT,163,0.24977302562411838,-0.004762840701487613,0.06475372977494603,0.02621177938048788,2023-03-24 15:00:00+00:00,19924
SOLUSDT,164,0.25057808675461896,-0.018382123468028193,0.05711761873340494,0.01911169021566291,2023-03-24 15:00:00+00:00,19924
SOLUSDT,165,0.2511112063480215,-0.0063849771026813764,0.07277307072970972,0.033401362505742854,2023-03-24 15:00:00+00:00,19924
SOLUSDT,166,0.25085850554465816,-0.009820673908386545,0.07304235465749899,0.01973973490094482,2023-03-24 15:00:00+00:00,19924
SOLUSDT,167,0.2503528381680946,-0.0014017840609581837,0.07895062375410325,0.022476888549741683,2023-03-24 15:00:00+00:00,19924
SOLUSDT,168,0.24958864697221517,0.007702754142488574,0.09199934389983208,0.03785083084634239,2023-03-24 15:00:00+00:00,19924
XRPUSDT,1,0.9882549688609081,0.9882549688609081,0.35451077078739957,0.1650408289727876,2023-03-24 15:00:00+00:00,19924
XRPUSDT,2,0.9734048295336292,-0.13887623169524865,0.2945960387922445,0.29152510757581024,2023-03-24 15:00:00+00:00,19924
XRPUSDT,3,0.9560735443590378,-0.09818285707979409,0.22406661308704434,0.06141169177080891,2023-03-24 15:00:00+00:00,19924
XRPUSDT,4,0.9382611792018284,-0.005149645562357825,0.21306925816221678,0.05520329452273814,2023-03-24 15:00:00+00:00,19924
XRPUSDT,5,0.9199124834086354,-0.021185244875937658,0.21416738977410904,0.04388607415803512,2023-03-24 15:00:00+00:00,19924
XRPUSDT,6,0.9010982493615278,-0.024509105245029673,0.20490222358208532,0.042610619179023326,2023-03-24 15:00:00+00:00,19924
XRPUSDT,7,0.8816519769511082,-0.030457728435633134,0.1996123880320777,0.03893186271891602,2023-03-24 15:00:00+00:00,19924
XRPUSDT,8,0.8617429663426238,-0.02176216996550251,0.19563803186613907,0.03685741445924755,2023-03-24 15:00:00+00:00,19924
XRPUSDT,9,0.8413787338061969,-0.022294154329275836,0.1935353091667606,0.042044168802842286,2023-03-24 15:00:00+00:00,19924
XRPUSDT,10,0.8205083984243013,-0.026292201929024827,0.1802463327458621,0.03693816541394099,2023-03-24 15:00:00+00:00,19924
XRPUSDT,11,0.7992592597125493,-0.020162892225576157,0.14888778466142938,0.01990989681471789,2023-03-24 15:00:00+00:00,19924
XRPUSDT,12,0.777905048448355,-0.009122137551576502,0.16557312664516502,0.02724510549972223,2023-03-24 15:00:00+00:00,19924
XRPUSDT,13,0.7562966862002415,-0.0195352835449397,0.16568266486277738,0.02446338552411729,2023-03-24 15:00:00+00:00,19924
XRPUSDT,14,0.7344953810621838,-0.01725969813163617,0.17552424573158715,0.03658732847634157,2023-03-24 15:00:00+00:00,19924
XRPUSDT,15,0.712482842531072,-0.017346564133532014,0.17442934243485483,0.03447458528316624,2023-03-24 15:00:00+00:00,19924
XRPUSDT,16,0.690323393949924,-0.015269080968077303,0.1643284973385549,0.02635522181531011,2023-03-24 15:00:00+00:00,19924
XRPUSDT,17,0.6680623983741044,-0.01415608393639158,0.16986001442123724,0.02806566448809613,2023-03-24 15:00:00+00:00,19924
XRPUSDT,18,0.6456258949490435,-0.018768081763984274,0.15708389815418108,0.023847473552633593,2023-03-24 15:00:00+00:00,19924
XRPUSDT,19,0.6232955690604965,-0.005899265963410531,0.17337121652527285,0.03900430625543066,2023-03-24 15:00:00+00:00,19924
XRPUSDT,20,0.6007191555781897,-0.02399421872627582,0.14710335217543874,0.019029538308482315,2023-03-24 15:00:00+00:00,19924
XRPUSDT,21,0.5783875214788974,-0.0012933940420518353,0.1528907961463071,0.03167221743835577,2023-03-24 15:00:00+00:00,19924
XRPUSDT,22,0.5560517879437189,-0.01438078970196879,0.16482335991900626,0.03110749743538637,2023-03-24 15:00:00+00:00,19924
XRPUSDT,23,0.5341858620461384,0.00497305833721409,0.1717296664743552,0.04239137967072551,2023-03-24 15:00:00+00:00,19924
XRPUSDT,24,0.5129861639601015,0.011424243167668264,0.17721682241520004,0.03983096985860493,2023-03-24 15:00:00+00:00,19924
XRPUSDT,25,0.5018430718313805,0.42269711144660665,0.15223187831168455,0.035179371875429834,2023-03-24 15:00:00+00:00,19924
XRPUSDT,26,0.4923717105189016,-0.04376776357386292,0.15532667533459946,0.05423650354914763,2023-03-24 15:00:00+00:00,19924
XRPUSDT,27,0.48456558889651713,-0.020424433892958088,0.16824496519762677,0.050845343646310937,2023-03-24 15:00:00+00:00,19924
XRPUSDT,28,0.47643009148282284,-0.042065089017280746,0.15366869022225557,0.034503572209482705,2023-03-24 15:00:00+00:00,19924
XRPUSDT,29,0.46829587116359334,-0.017237371939767685,0.14386821525656324,0.02876762368785364,2023-03-24 15:00:00+00:00,19924
XRPUSDT,30,0.4602379794163454,-0.013140531141926965,0.13276091533286302,0.021483320616666326,2023-03-24 15:00:00+00:00,19924
XRPUSDT,31,0.45235760415326814,-0.017470283779399548,0.12780593308744098,0.015677580165098338,2023-03-24 15:00:00+00:00,19924
XRPUSDT,32,0.44472077832983364,-0.009151787850317698,0.1273636332626693,0.01457772159982595,2023-03-24 15:00:00+00:00,19924
XRPUSDT,33,0.4372023094815088,-0.016495885066271174,0.1347003393474513,0.01836644990507303,2023-03-24 15:00:00+00:00,19924
XRPUSDT,34,0.42990551934962945,-0.013908738936076559,0.11877261768096388,0.016308800952979232,2023-03-24 15:00:00+00:00,19924
XRPUSDT,35,0.4228526954191394,-0.007746624334839407,0.11971780372012035,0.016979978952465835,2023-03-24 15:00:00+00:00,19924
XRPUSDT,36,0.41593936770673173,-0.00235630802376815,0.11575429095090796,0.019995203835579456,2023-03-24 15:00:00+00:00,19924
XRPUSDT,37,0.40926080956681227,-0.0063254137613702665,0.11577350302261086,0.019584362118236068,2023-03-24 15:00:00+00:00,19924
XRPUSDT,38,0.4026931211843955,-0.009090209550614703,0.12608021954910395,0.023435433457692317,2023-03-24 15:00:00+00:00,19924
XRPUSDT,39,0.39625557931386374,-0.011803656919184594,0.11794459362905288,0.016911969379719945,2023-03-24 15:00:00+00:00,19924
XRPUSDT,40,0.3899691762204082,-0.008153452620301016,0.11931624802075937,0.020786724788570545,2023-03-24 15:00:00+00:00,19924
XRPUSDT,41,0.383807424734866,-0.008115664948104775,0.11685380514256585,0.015526478618819207,2023-03-24 15:00:00+00:00,19924
XRPUSDT,42,0.3779553288022079,-0.0020488219695002285,0.12317444477246677,0.023802497127103705,2023-03-24 15:00:00+00:00,19924
XRPUSDT,43,0.37205335568420567,-0.01185953812189681,0.10742635962627434,0.009779055610829084,2023-03-24 15:00:00+00:00,19924
XRPUSDT,44,0.36673846719342307,0.00764448227819418,0.11602577544672399,0.01847799906566291,2023-03-24 15:00:00+00:00,19924
XRPUSDT,45,0.36156383406383347,0.0037273649304925055,0.11188038624193035,0.012901759534674359,2023-03-24 15:00:00+00:00,19924
XRPUSDT,46,0.35663115000431306,-0.004479608511753502,0.11772892767009407,0.013672801058085706,2023-03-24 15:00:00+00:00,19924
XRPUSDT,47,0.3519770275261085,0.0022386498671174426,0.11022786956519662,0.011791464853936753,2023-03-24 15:00:00+00:00,19924
XRPUSDT,48,0.34772442524841574,0.008205440417558683,0.11052927270792817,0.01074131667833026,2023-03-24 15:00:00+00:00,19924
XRPUSDT,49,0.3438481258400498,0.23688861250581267,0.11342116578473999,0.013175230489706263,2023-03-24 15:00:00+00:00,19924
XRPUSDT,50,0.3402970887301661,-0.00563612627508053,0.11428512027706256,0.016804596621454983,2023-03-24 15:00:00+00:00,19924
XRPUSDT,51,0.3370168021373225,0.011050446316717765,0.0987862306472103,0.009410414005961498,2023-03-24 15:00:00+00:00,19924
XRPUSDT,52,0.3344178049742281,-0.013079805039879643,0.1042714394647331,0.010750138494790765,2023-03-24 15:00:00+00:00,19924
XRPUSDT,53,0.33228876717545414,-0.0007057163885214094,0.1068427480039897,0.010790908833149463,2023-03-24 15:00:00+00:00,19924
XRPUSDT,54,0.3304122534982878,-0.011198147000092824,0.08933303230770338,0.009451157117192494,2023-03-24 15:00:00+00:00,19924
XRPUSDT,55,0.3287915209684253,-0.005432197221136496,0.10270470203309524,0.013440520596891681,2023-03-24 15:00:00+00:00,19924
XRPUSDT,56,0.3272294757374836,-0.008807497448208967,0.09946291078827295,0.010501638156118641,2023-03-24 15:00:00+00:00,19924
XRPUSDT,57,0.32587239825789593,-0.00711734839501174,0.1035511663110145,0.014573951077832088,2023-03-24 15:00:00+00:00,19924
XRPUSDT,58,0.32462745304405843,-0.009654056652716453,0.10033931738354804,0.010751472628288695,2023-03-24 15:00:00+00:00,19924
XRPUSDT,59,0.32353400774370944,-0.00264594704363487,0.1076654291361715,0.016143706743975934,2023-03-24 15:00:00+00:00,19924
XRPUSDT,60,0.32238260939512314,-0.009115950156481019,0.1070644527033408,0.015171837452150276,2023-03-24 15:00:00+00:00,19924
XRPUSDT,61,0.32110543795737934,-0.01261075122435652,0.11307178059037531,0.019292003087112715,2023-03-24 15:00:00+00:00,19924
XRPUSDT,62,0.3197040695010791,-0.01235376942560216,0.10664167942260505,0.017802658955398475,2023-03-24 15:00:00+00:00,19924
XRPUSDT,63,0.318222450962488,-0.013759759142936428,0.09789042197414546,0.010163577669393851,2023-03-24 15:00:00+00:00,19924
XRPUSDT,64,0.31686199229138673,0.000831350016517114,0.10521790945420212,0.011664577561509239,2023-03-24 15:00:00+00:00,19924
XRPUSDT,65,0.315603948262689,-0.0037166104677616874,0.10854890265381088,0.013850341217361664,2023-03-24 15:00:00+00:00,19924
XRPUSDT,66,0.31434289144242017,-0.0021730602781086165,0.10622642909902835,0.013710740600645189,2023-03-24 15:00:00+00:00,19924
XRPUSDT,67,0.31316618594815476,-0.010986357644101979,0.11425219341741717,0.01801188099440885,2023-03-24 15:00:00+00:00,19924
XRPUSDT,68,0.3116401392204317,-0.007597647709960451,0.11069186313386545,0.01667985864539647,2023-03-24 15:00:00+00:00,19924
XRPUSDT,69,0.3098392899980445,-0.009551181051742283,0.10316547776612425,0.012721632017493193,2023-03-24 15:00:00+00:00,19924
XRPUSDT,70,0.30801968261974644,0.0034624115338616644,0.10051995944901836,0.007666212128572259,2023-03-24 15:00:00+00:00,19924
XRPUSDT,71,0.30624023500957315,0.002587058106074976,0.10335195846562574,0.013568396334049411,2023-03-24 15:00:00+00:00,19924
XRPUSDT,72,0.3043342164145837,-0.004680531925546083,0.11408884045197927,0.010155344273450016,2023-03-24 15:00:00+00:00,19924
XRPUSDT,73,0.30234814603152915,0.1366595287612728,0.11025201446357923,0.011562604786088759,2023-03-24 15:00:00+00:00,19924
XRPUSDT,74,0.3004156898733033,0.011345890654129501,0.1003962048826639,0.015048423323113382,2023-03-24 15:00:00+00:00,19924
XRPUSDT,75,0.298603638151048,0.026953951401967817,0.0940989174411887,0.008698708701983698,2023-03-24 15:00:00+00:00,19924
XRPUSDT,76,0.2968904296413576,0.002160382692142273,0.11162984617371069,0.019285091605390752,2023-03-24 15:00:00+00:00,19924
XRPUSDT,77,0.29503819743866705,-0.0038257297027278893,0.08779752347237214,0.007191678955860265,2023-03-24 15:00:00+00:00,19924
XRPUSDT,78,0.29338622953762583,0.005835211609115514,0.09073622226809698,0.012117162418554667,2023-03-24 15:00:00+00:00,19924
XRPUSDT,79,0.29167448097721194,-0.00676824562428491,0.09348684358525164,0.010480234316830516,2023-03-24 15:00:00+00:00,19924
XRPUSDT,80,0.28994534097407526,-0.010733831219180515,0.098536103319003,0.01036044103959174,2023-03-24 15:00:00+00:00,19924
XRPUSDT,81,0.28823858778694456,-0.0015416053922687302,0.08821284228004683,0.007451235439486122,2023-03-24 15:00:00+00:00,19924
XRPUSDT,82,0.2867282423520446,0.0039775857236474315,0.0947867645827042,0.008548001340258017,2023-03-24 15:00:00+00:00,19924
XRPUSDT,83,0.28528402059524743,0.0009781411769435367,0.09269860670976185,0.009458869147686249,2023-03-24 15:00:00+00:00,19924
XRPUSDT,84,0.2837645478126423,-0.017086374401227594,0.08839687260171881,0.0076133197047448765,2023-03-24 15:00:00+00:00,19924
XRPUSDT,85,0.2826172378515373,0.010180927764850507,0.09254792363156766,0.009757047550445559,2023-03-24 15:00:00+00:00,19924
XRPUSDT,86,0.28164051319112593,-0.007842682058171239,0.08569753860587245,0.00671422842743395,2023-03-24 15:00:00+00:00,19924
XRPUSDT,87,0.2808452168838866,-0.00798340847307585,0.0839365991273215,0.004235171621569775,2023-03-24 15:00:00+00:00,19924
XRPUSDT,88,0.28002648463543045,-0.0033601743229780194,0.09250151869540943,0.008142889788105607,2023-03-24 15:00:00+00:00,19924
XRPUSDT,89,0.279215597493426,-0.0024858157799348686,0.09770085854306995,0.010116963075215092,2023-03-24 15:00:00+00:00,19924
XRPUSDT,90,0.278453989663133,0.0016312986344843682,0.09140719818095229,0.011243429044138966,2023-03-24 15:00:00+00:00,19924
XRPUSDT,91,0.27760285423327635,-0.015357775430445718,0.09848539710166689,0.011547090371017732,2023-03-24 15:00:00+00:00,19924
XRPUSDT,92,0.2768478207686405,-0.0062148086303858395,0.09525373937931952,0.011527068271864324,2023-03-24 15:00:00+00:00,19924
XRPUSDT,93,0.2762325587159088,-0.0063261652737528025,0.07938374038335116,0.007368114985914242,2023-03-24 15:00:00+00:00,19924
XRPUSDT,94,0.27571742013108846,0.005731497473973698,0.08759440230923336,0.007103474316486008,2023-03-24 15:00:00+00:00,19924
XRPUSDT,95,0.27521922557143486,0.001377580148732234,0.09383086952585142,0.007727131251692525,2023-03-24 15:00:00+00:00,19924
XRPUSDT,96,0.2748450239211452,0.00021919823845500112,0.10201813408427866,0.010454788448028574,2023-03-24 15:00:00+00:00,19924
XRPUSDT,97,0.27449760307608667,0.07848603817885937,0.10046875936637083,0.012499854502499515,2023-03-24 15:00:00+00:00,19924
XRPUSDT,98,0.27408488801345243,0.009512747532865571,0.09310081026599652,0.006747821766631739,2023-03-24 15:00:00+00:00,19924
XRPUSDT,99,0.2737243379664309,0.03172965506627902,0.08936740933833572,0.0073933736387932466,2023-03-24 15:00:00+00:00,19924
XRPUSDT,100,0.2733608486705281,0.009123380620358293,0.10313295669224608,0.011904840902738037,2023-03-24 15:00:00+00:00,19924
XRPUSDT,101,0.27296755472974005,-0.005412358509917756,0.09896409701521147,0.014952121876885363,2023-03-24 15:00:00+00:00,19924
XRPUSDT,102,0.272306812885239,-0.004408785113803131,0.09959150219671777,0.014798282692963351,2023-03-24 15:00:00+00:00,19924
XRPUSDT,103,0.27157453778690843,-0.00660183870916582,0.08725885687506553,0.01131664330488362,2023-03-24 15:00:00+00:00,19924
XRPUSDT,104,0.270832800332165,-0.006767860122621834,0.08744470814528699,0.013344174347029803,2023-03-24 15:00:00+00:00,19924
XRPUSDT,105,0.27005016499370155,-0.0028855752016795624,0.08694909058136564,0.0219079009819928,2023-03-24 15:00:00+00:00,19924
XRPUSDT,106,0.26887034072574223,-0.01564567855312791,0.0845282108471292,0.010058044849446165,2023-03-24 15:00:00+00:00,19924
XRPUSDT,107,0.2675894742174965,0.0031391718178367684,0.07122953167757834,0.0016895662010346986,2023-03-24 15:00:00+00:00,19924
XRPUSDT,108,0.2666551813609138,0.007741898158540067,0.08761034387565607,0.011432051736252063,2023-03-24 15:00:00+00:00,19924
XRPUSDT,109,0.26546652999943193,-0.004275098480114065,0.09055317939261856,0.0077352793203657386,2023-03-24 15:00:00+00:00,19924
XRPUSDT,110,0.26422054001509593,-0.007736077226576944,0.08199724425322125,0.006886986344515788,2023-03-24 15:00:00+00:00,19924
XRPUSDT,111,0.26285633829006094,-0.006512167909238831,0.07786204148626624,0.005741237323593716,2023-03-24 15:00:00+00:00,19924
XRPUSDT,112,0.26163278673419954,0.005156053381350927,0.07765611303472637,0.005668102652082806,2023-03-24 15:00:00+00:00,19924
XRPUSDT,113,0.2603359441007847,-0.008519494031600681,0.08782985581177961,0.010116012594889819,2023-03-24 15:00:00+00:00,19924
XRPUSDT,114,0.25905413166474756,0.0027471525811204513,0.08093817147027595,0.007047503823114238,2023-03-24 15:00:00+00:00,19924
XRPUSDT,115,0.2579454859493393,-0.003042196309407461,0.0905057789927462,0.01039184336548053,2023-03-24 15:00:00+00:00,19924
XRPUSDT,116,0.25678028097477407,-0.01045974961473295,0.08461312774042805,0.007381587127430604,2023-03-24 15:00:00+00:00,19924
XRPUSDT,117,0.2559117736159796,0.01073517993749647,0.0840950307991338,0.0071284343927859655,2023-03-24 15:00:00+00:00,19924
XRPUSDT,118,0.2549511406827038,-0.003642147815224436,0.08443903047783365,0.009433107205870215,2023-03-24 15:00:00+00:00,19924
XRPUSDT,119,0.2540476526415305,0.004291526581703003,0.0934969840771999,0.007613270210856053,2023-03-24 15:00:00+00:00,19924
XRPUSDT,120,0.253215703441314,0.004966702214976665,0.08766996166880885,0.007897410351704878,2023-03-24 15:00:00+00:00,19924
XRPUSDT,121,0.25245152217024625,0.04915317483939633,0.08879937151330684,0.01028335998257418,2023-03-24 15:00:00+00:00,19924
XRPUSDT,122,0.25175004696499487,0.009084336501670613,0.08558928088054991,0.007750747157854699,2023-03-24 15:00:00+00:00,19924
XRPUSDT,123,0.2510238700217972,0.02494176325022536,0.08801686483551896,0.014371271914027681,2023-03-24 15:00:00+00:00,19924
XRPUSDT,124,0.25022613812045297,0.006844496496240307,0.08378626560349615,0.013173213317365505,2023-03-24 15:00:00+00:00,19924
XRPUSDT,125,0.24952230434010764,0.0042629082150689775,0.08460822906389866,0.010695502229629934,2023-03-24 15:00:00+00:00,19924
XRPUSDT,126,0.2489459509535779,-0.0002292715257967472,0.07962327389377888,0.008238246562184725,2023-03-24 15:00:00+00:00,19924
XRPUSDT,127,0.2486122047823898,0.004894740011853283,0.07951023471287963,0.0065929856441503095,2023-03-24 15:00:00+00:00,19924
XRPUSDT,128,0.24850721102396015,0.006748201099127672,0.08297919059148536,0.010045309163330138,2023-03-24 15:00:00+00:00,19924
XRPUSDT,129,0.2484672477429901,-0.0029172177952272718,0.07836962696902042,0.010754645675882421,2023-03-24 15:00:00+00:00,19924
XRPUSDT,130,0.24883885354111296,0.0023108786665761286,0.07306499768067419,0.009819286409643793,2023-03-24 15:00:00+00:00,19924
XRPUSDT,131,0.24932206955906694,0.0009653601102537759,0.08140010394198581,0.012050290285471056,2023-03-24 15:00:00+00:00,19924
XRPUSDT,132,0.24967412206400563,0.0014182092497084496,0.08379898921032419,0.0072687243315440984,2023-03-24 15:00:00+00:00,19924
XRPUSDT,133,0.25011437206025894,-0.0002431115999591765,0.08107805043668105,0.008862594960239988,2023-03-24 15:00:00+00:00,19924
XRPUSDT,134,0.25074452240824985,0.0052515600783892774,0.07878782256522603,0.006796269370896071,2023-03-24 15:00:00+00:00,19924
XRPUSDT,135,0.2515348046024969,-0.0026031365948508294,0.08418233797524631,0.010447443527251053,2023-03-24 15:00:00+00:00,19924
XRPUSDT,136,0.25232182879654175,0.0026043451220391254,0.077814291458693,0.00825546161584664,2023-03-24 15:00:00+00:00,19924
XRPUSDT,137,0.25328403250040027,-8.480678407050712e-05,0.08380403314750524,0.01449948002168849,2023-03-24 15:00:00+00:00,19924
XRPUSDT,138,0.2542364125914791,-0.0009209027538407018,0.08722723416044931,0.013142230868880608,2023-03-24 15:00:00+00:00,19924
XRPUSDT,139,0.25515878772255823,-0.0028986399276366144,0.07538734526089143,0.0073108304522601685,2023-03-24 15:00:00+00:00,19924
XRPUSDT,140,0.25637234996045016,0.006439932489155842,0.0968411073540953,0.02053866985448793,2023-03-24 15:00:00+00:00,19924
XRPUSDT,141,0.2572023890318334,-0.011628979073703229,0.08679382759815843,0.009431521385576597,2023-03-24 15:00:00+00:00,19924
XRPUSDT,142,0.25827995665921605,0.00923134765487571,0.09444726264088364,0.009352440563398264,2023-03-24 15:00:00+00:00,19924
XRPUSDT,143,0.259363575093295,0.004014908224100656,0.09625139810160718,0.01064736988085208,2023-03-24 15:00:00+00:00,19924
XRPUSDT,144,0.26052041772356727,0.00621187780465364,0.09624858469392591,0.007119253056882342,2023-03-24 15:00:00+00:00,19924
XRPUSDT,145,0.2618530656028663,0.03995645006483383,0.08831584673224596,0.009753677318340166,2023-03-24 15:00:00+00:00,19924
XRPUSDT,146,0.26336297676374315,0.014858358089305787,0.09008230924737966,0.011381647888158895,2023-03-24 15:00:00+00:00,19924
XRPUSDT,147,0.26495524428067474,0.01977117769357583,0.09633051611029929,0.013015121294549277,2023-03-24 15:00:00+00:00,19924
XRPUSDT,148,0.26662559773612743,0.007806194719027682,0.0904484213411653,0.010958258095372446,2023-03-24 15:00:00+00:00,19924
XRPUSDT,149,0.2684679796032997,0.013909872680520262,0.08679597694552893,0.009275763708863282,2023-03-24 15:00:00+00:00,19924
XRPUSDT,150,0.2703431431693377,-0.0004513608848826289,0.0889534227170886,0.008644303945273499,2023-03-24 15:00:00+00:00,19924
XRPUSDT,151,0.27221228261828234,0.007444796052111456,0.09224798425007251,0.014040937350064304,2023-03-24 15:00:00+00:00,19924
XRPUSDT,152,0.27397464303472346,0.0011465383619654144,0.08949504284466542,0.007348821400420623,2023-03-24 15:00:00+00:00,19924
XRPUSDT,153,0.27565573580915614,-0.006010310845420564,0.09624530805931468,0.01450188513652943,2023-03-24 15:00:00+00:00,19924
XRPUSDT,154,0.2772192951034369,0.001078398809497834,0.09110493667495621,0.011794831988604839,2023-03-24 15:00:00+00:00,19924
XRPUSDT,155,0.27870860820136656,-0.0021783775575304107,0.0912775181486609,0.010618445222994625,2023-03-24 15:00:00+00:00,19924
XRPUSDT,156,0.2801659929754434,-0.0008633844508519751,0.07961141457164349,0.007377057240425431,2023-03-24 15:00:00+00:00,19924
XRPUSDT,157,0.28164357271290713,0.0006934404182611046,0.08954897866580731,0.013746749995229932,2023-03-24 15:00:00+00:00,19924
XRPUSDT,158,0.28286540725189246,-0.00686261119599348,0.0855059393803271,0.008846559415468034,2023-03-24 15:00:00+00:00,19924
XRPUSDT,159,0.28390147404796756,-0.007324442041655269,0.09640969098727303,0.014479786983567389,2023-03-24 15:00:00+00:00,19924
XRPUSDT,160,0.284636704979334,-0.009787479269013492,0.08824237343563363,0.009109560174711758,2023-03-24 15:00:00+00:00,19924
XRPUSDT,161,0.28518404364782207,-0.00448704490695593,0.09168797037831537,0.008281525160302158,2023-03-24 15:00:00+00:00,19924
XRPUSDT,162,0.2856565255501938,-0.0007270145585062606,0.08834628360842708,0.008640311604863359,2023-03-24 15:00:00+00:00,19924
XRPUSDT,163,0.28610643810993364,-0.0007404302542293838,0.09380924574698263,0.012980524154941659,2023-03-24 15:00:00+00:00,19924
XRPUSDT,164,0.28622170088487975,-0.006678864339073795,0.0990121692256582,0.012579583082249409,2023-03-24 15:00:00+00:00,19924
XRPUSDT,165,0.2863657226339593,-0.009566442603074377,0.1066275921695394,0.014652602867006625,2023-03-24 15:00:00+00:00,19924
XRPUSDT,166,0.2861683566629321,-0.0030253375533941503,0.10854982815239224,0.011624111134685703,2023-03-24 15:00:00+00:00,19924
XRPUSDT,167,0.2857890906677303,-0.004109804273027884,0.11035557342038661,0.014236993980282107,2023-03-24 15:00:00+00:00,19924
XRPUSDT,168,0.2851451782849048,-0.0006210391498162194,0.11925509361397976,0.013513495818241008,2023-03-24 15:00:00+00:00,19924
