method,symbol,volatility_window,input_window,fold,model,bds_stat,bds_pvalue,bds_status,n
GroupKFold,BTCUSDT,7,7,1,SVR,,,insufficient_or_constant,4
GroupKFold,BTCUSDT,7,7,1,Persistence,,,insufficient_or_constant,4
GroupKFold,BTCUSDT,7,7,2,SVR,,,insufficient_or_constant,4
GroupKFold,BTCUSDT,7,7,2,Persistence,,,insufficient_or_constant,4
GroupKFold,BTCUSDT,7,7,3,SVR,,,insufficient_or_constant,4
GroupKFold,BTCUSDT,7,7,3,Persistence,,,insufficient_or_constant,4
GroupKFold,BTCUSDT,7,7,4,SVR,,,insufficient_or_constant,4
GroupKFold,BTCUSDT,7,7,4,Persistence,,,insufficient_or_constant,4
GroupKFold,BTCUSDT,7,7,5,SVR,,,insufficient_or_constant,5
GroupKFold,BTCUSDT,7,7,5,Persistence,,,insufficient_or_constant,5
KFold,BTCUSDT,7,7,1,SVR,0.5247658787224391,0.5997459542144057,ok_small_sample,71
KFold,BTCUSDT,7,7,1,Persistence,1.08335048565608,0.27865288441043334,ok_small_sample,71
KFold,BTCUSDT,7,7,2,SVR,1.6295687352374943,0.10319267668316894,ok_small_sample,71
KFold,BTCUSDT,7,7,2,Persistence,1.1560622473217605,0.24765569669156062,ok_small_sample,71
KFold,BTCUSDT,7,7,3,SVR,0.6910492857925798,0.48953456894181857,ok_small_sample,72
KFold,BTCUSDT,7,7,3,Persistence,-0.6524105245331779,0.5141363767250595,ok_small_sample,72
KFold,BTCUSDT,7,7,4,SVR,2.449693319603486,0.014297793498030465,ok_small_sample,72
KFold,BTCUSDT,7,7,4,Persistence,-0.6101489576050665,0.5417631381581514,ok_small_sample,72
KFold,BTCUSDT,7,7,5,SVR,0.28691379906313924,0.7741783243802182,ok_small_sample,72
KFold,BTCUSDT,7,7,5,Persistence,-0.655209583978755,0.5123328246139323,ok_small_sample,72
ForwardChaining,BTCUSDT,7,7,1,SVR,0.5247658787224391,0.5997459542144057,ok_small_sample,71
ForwardChaining,BTCUSDT,7,7,1,Persistence,1.08335048565608,0.27865288441043334,ok_small_sample,71
ForwardChaining,BTCUSDT,7,7,2,SVR,1.6295687352374943,0.10319267668316894,ok_small_sample,71
ForwardChaining,BTCUSDT,7,7,2,Persistence,1.1560622473217605,0.24765569669156062,ok_small_sample,71
ForwardChaining,BTCUSDT,7,7,3,SVR,0.6910492857925798,0.48953456894181857,ok_small_sample,72
ForwardChaining,BTCUSDT,7,7,3,Persistence,-0.6524105245331779,0.5141363767250595,ok_small_sample,72
ForwardChaining,BTCUSDT,7,7,4,SVR,2.449693319603486,0.014297793498030465,ok_small_sample,72
ForwardChaining,BTCUSDT,7,7,4,Persistence,-0.6101489576050665,0.5417631381581514,ok_small_sample,72
ForwardChaining,BTCUSDT,7,7,5,SVR,0.28691379906313924,0.7741783243802182,ok_small_sample,72
ForwardChaining,BTCUSDT,7,7,5,Persistence,-0.655209583978755,0.5123328246139323,ok_small_sample,72
GroupKFold,BTCUSDT,14,7,1,SVR,,,insufficient_or_constant,4
GroupKFold,BTCUSDT,14,7,1,Persistence,,,insufficient_or_constant,4
GroupKFold,BTCUSDT,14,7,2,SVR,,,insufficient_or_constant,4
GroupKFold,BTCUSDT,14,7,2,Persistence,,,insufficient_or_constant,4
GroupKFold,BTCUSDT,14,7,3,SVR,,,insufficient_or_constant,4
GroupKFold,BTCUSDT,14,7,3,Persistence,,,insufficient_or_constant,4
GroupKFold,BTCUSDT,14,7,4,SVR,,,insufficient_or_constant,4
GroupKFold,BTCUSDT,14,7,4,Persistence,,,insufficient_or_constant,4
GroupKFold,BTCUSDT,14,7,5,SVR,,,insufficient_or_constant,5
GroupKFold,BTCUSDT,14,7,5,Persistence,,,insufficient_or_constant,5
KFold,BTCUSDT,14,7,1,SVR,1.8774818449529025,0.060452083330005776,ok_small_sample,71
KFold,BTCUSDT,14,7,1,Persistence,-0.6588972156026681,0.5099617739952926,ok_small_sample,71
KFold,BTCUSDT,14,7,2,SVR,1.1313038101492656,0.2579272412236371,ok_small_sample,71
KFold,BTCUSDT,14,7,2,Persistence,-0.9911424287886983,0.32161603765373936,ok_small_sample,71
KFold,BTCUSDT,14,7,3,SVR,0.5942551935027698,0.552341442109132,ok_small_sample,72
KFold,BTCUSDT,14,7,3,Persistence,-1.1006316220524759,0.27105701701300977,ok_small_sample,72
KFold,BTCUSDT,14,7,4,SVR,2.7706443445748032,0.0055945497281167655,ok_small_sample,72
KFold,BTCUSDT,14,7,4,Persistence,-1.164140972490065,0.24436688668554685,ok_small_sample,72
KFold,BTCUSDT,14,7,5,SVR,1.2204071437326716,0.22231057060798443,ok_small_sample,72
KFold,BTCUSDT,14,7,5,Persistence,-0.975345374372741,0.3293889701828251,ok_small_sample,72
ForwardChaining,BTCUSDT,14,7,1,SVR,1.8774818449529025,0.060452083330005776,ok_small_sample,71
ForwardChaining,BTCUSDT,14,7,1,Persistence,-0.6588972156026681,0.5099617739952926,ok_small_sample,71
ForwardChaining,BTCUSDT,14,7,2,SVR,1.1313038101492656,0.2579272412236371,ok_small_sample,71
ForwardChaining,BTCUSDT,14,7,2,Persistence,-0.9911424287886983,0.32161603765373936,ok_small_sample,71
ForwardChaining,BTCUSDT,14,7,3,SVR,0.5942551935027698,0.552341442109132,ok_small_sample,72
ForwardChaining,BTCUSDT,14,7,3,Persistence,-1.1006316220524759,0.27105701701300977,ok_small_sample,72
ForwardChaining,BTCUSDT,14,7,4,SVR,2.7706443445748032,0.0055945497281167655,ok_small_sample,72
ForwardChaining,BTCUSDT,14,7,4,Persistence,-1.164140972490065,0.24436688668554685,ok_small_sample,72
ForwardChaining,BTCUSDT,14,7,5,SVR,1.2204071437326716,0.22231057060798443,ok_small_sample,72
ForwardChaining,BTCUSDT,14,7,5,Persistence,-0.975345374372741,0.3293889701828251,ok_small_sample,72
GroupKFold,BTCUSDT,21,7,1,SVR,,,insufficient_or_constant,4
GroupKFold,BTCUSDT,21,7,1,Persistence,,,insufficient_or_constant,4
GroupKFold,BTCUSDT,21,7,2,SVR,,,insufficient_or_constant,4
GroupKFold,BTCUSDT,21,7,2,Persistence,,,insufficient_or_constant,4
GroupKFold,BTCUSDT,21,7,3,SVR,,,insufficient_or_constant,4
GroupKFold,BTCUSDT,21,7,3,Persistence,,,insufficient_or_constant,4
GroupKFold,BTCUSDT,21,7,4,SVR,,,insufficient_or_constant,4
GroupKFold,BTCUSDT,21,7,4,Persistence,,,insufficient_or_constant,4
GroupKFold,BTCUSDT,21,7,5,SVR,,,insufficient_or_constant,5
GroupKFold,BTCUSDT,21,7,5,Persistence,,,insufficient_or_constant,5
KFold,BTCUSDT,21,7,1,SVR,4.376994225798168,1.2032716079221965e-05,ok_small_sample,71
KFold,BTCUSDT,21,7,1,Persistence,-1.8198348188643092,0.06878416353804252,ok_small_sample,71
KFold,BTCUSDT,21,7,2,SVR,3.2964763299290776,0.0009790586429230899,ok_small_sample,71
KFold,BTCUSDT,21,7,2,Persistence,0.7638287288112318,0.4449693141724179,ok_small_sample,71
KFold,BTCUSDT,21,7,3,SVR,2.1368606220835025,0.03260932964528952,ok_small_sample,72
KFold,BTCUSDT,21,7,3,Persistence,2.2502164070758797,0.02443521128363962,ok_small_sample,72
KFold,BTCUSDT,21,7,4,SVR,1.1936246047147374,0.23262484487791812,ok_small_sample,72
KFold,BTCUSDT,21,7,4,Persistence,-0.16250823796412456,0.8709056415488909,ok_small_sample,72
KFold,BTCUSDT,21,7,5,SVR,2.168538880390148,0.030117709734262605,ok_small_sample,72
KFold,BTCUSDT,21,7,5,Persistence,-0.8042159451688204,0.42127227157974645,ok_small_sample,72
ForwardChaining,BTCUSDT,21,7,1,SVR,4.376994225798168,1.2032716079221965e-05,ok_small_sample,71
ForwardChaining,BTCUSDT,21,7,1,Persistence,-1.8198348188643092,0.06878416353804252,ok_small_sample,71
ForwardChaining,BTCUSDT,21,7,2,SVR,3.2964763299290776,0.0009790586429230899,ok_small_sample,71
ForwardChaining,BTCUSDT,21,7,2,Persistence,0.7638287288112318,0.4449693141724179,ok_small_sample,71
ForwardChaining,BTCUSDT,21,7,3,SVR,2.1368606220835025,0.03260932964528952,ok_small_sample,72
ForwardChaining,BTCUSDT,21,7,3,Persistence,2.2502164070758797,0.02443521128363962,ok_small_sample,72
ForwardChaining,BTCUSDT,21,7,4,SVR,1.1936246047147374,0.23262484487791812,ok_small_sample,72
ForwardChaining,BTCUSDT,21,7,4,Persistence,-0.16250823796412456,0.8709056415488909,ok_small_sample,72
ForwardChaining,BTCUSDT,21,7,5,SVR,2.168538880390148,0.030117709734262605,ok_small_sample,72
ForwardChaining,BTCUSDT,21,7,5,Persistence,-0.8042159451688204,0.42127227157974645,ok_small_sample,72
GroupKFold,BTCUSDT,28,7,1,SVR,,,insufficient_or_constant,4
GroupKFold,BTCUSDT,28,7,1,Persistence,,,insufficient_or_constant,4
GroupKFold,BTCUSDT,28,7,2,SVR,,,insufficient_or_constant,4
GroupKFold,BTCUSDT,28,7,2,Persistence,,,insufficient_or_constant,4
GroupKFold,BTCUSDT,28,7,3,SVR,,,insufficient_or_constant,4
GroupKFold,BTCUSDT,28,7,3,Persistence,,,insufficient_or_constant,4
GroupKFold,BTCUSDT,28,7,4,SVR,,,insufficient_or_constant,4
GroupKFold,BTCUSDT,28,7,4,Persistence,,,insufficient_or_constant,4
GroupKFold,BTCUSDT,28,7,5,SVR,,,insufficient_or_constant,5
GroupKFold,BTCUSDT,28,7,5,Persistence,,,insufficient_or_constant,5
KFold,BTCUSDT,28,7,1,SVR,6.394050977243252,1.6154753119546932e-10,ok_small_sample,71
KFold,BTCUSDT,28,7,1,Persistence,-0.6161020317362151,0.5378271812281499,ok_small_sample,71
KFold,BTCUSDT,28,7,2,SVR,4.516758444398448,6.279346641642083e-06,ok_small_sample,71
KFold,BTCUSDT,28,7,2,Persistence,-0.7531331797706283,0.4513698878368134,ok_small_sample,71
KFold,BTCUSDT,28,7,3,SVR,2.7905809880958037,0.0052613535533702896,ok_small_sample,72
KFold,BTCUSDT,28,7,3,Persistence,-0.8704840980260095,0.38403590574121316,ok_small_sample,72
KFold,BTCUSDT,28,7,4,SVR,3.3781829504201557,0.0007296651858116121,ok_small_sample,72
KFold,BTCUSDT,28,7,4,Persistence,-0.7584537505627762,0.4481793903712188,ok_small_sample,72
KFold,BTCUSDT,28,7,5,SVR,4.351217063713947,1.3538394136991204e-05,ok_small_sample,72
KFold,BTCUSDT,28,7,5,Persistence,-0.4789596067039484,0.6319673649688042,ok_small_sample,72
ForwardChaining,BTCUSDT,28,7,1,SVR,6.394050977243252,1.6154753119546932e-10,ok_small_sample,71
ForwardChaining,BTCUSDT,28,7,1,Persistence,-0.6161020317362151,0.5378271812281499,ok_small_sample,71
ForwardChaining,BTCUSDT,28,7,2,SVR,4.516758444398448,6.279346641642083e-06,ok_small_sample,71
ForwardChaining,BTCUSDT,28,7,2,Persistence,-0.7531331797706283,0.4513698878368134,ok_small_sample,71
ForwardChaining,BTCUSDT,28,7,3,SVR,2.7905809880958037,0.0052613535533702896,ok_small_sample,72
ForwardChaining,BTCUSDT,28,7,3,Persistence,-0.8704840980260095,0.38403590574121316,ok_small_sample,72
ForwardChaining,BTCUSDT,28,7,4,SVR,3.3781829504201557,0.0007296651858116121,ok_small_sample,72
ForwardChaining,BTCUSDT,28,7,4,Persistence,-0.7584537505627762,0.4481793903712188,ok_small_sample,72
ForwardChaining,BTCUSDT,28,7,5,SVR,4.351217063713947,1.3538394136991204e-05,ok_small_sample,72
ForwardChaining,BTCUSDT,28,7,5,Persistence,-0.4789596067039484,0.6319673649688042,ok_small_sample,72
GroupKFold,BTCUSDT,7,14,1,SVR,,,insufficient_or_constant,4
GroupKFold,BTCUSDT,7,14,1,Persistence,,,insufficient_or_constant,4
GroupKFold,BTCUSDT,7,14,2,SVR,,,insufficient_or_constant,4
GroupKFold,BTCUSDT,7,14,2,Persistence,,,insufficient_or_constant,4
GroupKFold,BTCUSDT,7,14,3,SVR,,,insufficient_or_constant,4
GroupKFold,BTCUSDT,7,14,3,Persistence,,,insufficient_or_constant,4
GroupKFold,BTCUSDT,7,14,4,SVR,,,insufficient_or_constant,4
GroupKFold,BTCUSDT,7,14,4,Persistence,,,insufficient_or_constant,4
GroupKFold,BTCUSDT,7,14,5,SVR,,,insufficient_or_constant,5
GroupKFold,BTCUSDT,7,14,5,Persistence,,,insufficient_or_constant,5
KFold,BTCUSDT,7,14,1,SVR,1.3541541358505482,0.17568720786511893,ok_small_sample,71
KFold,BTCUSDT,7,14,1,Persistence,1.08335048565608,0.27865288441043334,ok_small_sample,71
KFold,BTCUSDT,7,14,2,SVR,3.2904395206007244,0.001000310025189276,ok_small_sample,71
KFold,BTCUSDT,7,14,2,Persistence,1.1560622473217605,0.24765569669156062,ok_small_sample,71
KFold,BTCUSDT,7,14,3,SVR,2.2355775488034415,0.025379456604894792,ok_small_sample,72
KFold,BTCUSDT,7,14,3,Persistence,-0.6524105245331779,0.5141363767250595,ok_small_sample,72
KFold,BTCUSDT,7,14,4,SVR,3.4052223746554513,0.0006611019577703691,ok_small_sample,72
KFold,BTCUSDT,7,14,4,Persistence,-0.6101489576050665,0.5417631381581514,ok_small_sample,72
KFold,BTCUSDT,7,14,5,SVR,2.2206028718289312,0.026377871130570357,ok_small_sample,72
KFold,BTCUSDT,7,14,5,Persistence,-0.655209583978755,0.5123328246139323,ok_small_sample,72
ForwardChaining,BTCUSDT,7,14,1,SVR,1.3541541358505482,0.17568720786511893,ok_small_sample,71
ForwardChaining,BTCUSDT,7,14,1,Persistence,1.08335048565608,0.27865288441043334,ok_small_sample,71
ForwardChaining,BTCUSDT,7,14,2,SVR,3.2904395206007244,0.001000310025189276,ok_small_sample,71
ForwardChaining,BTCUSDT,7,14,2,Persistence,1.1560622473217605,0.24765569669156062,ok_small_sample,71
ForwardChaining,BTCUSDT,7,14,3,SVR,2.2355775488034415,0.025379456604894792,ok_small_sample,72
ForwardChaining,BTCUSDT,7,14,3,Persistence,-0.6524105245331779,0.5141363767250595,ok_small_sample,72
ForwardChaining,BTCUSDT,7,14,4,SVR,3.4052223746554513,0.0006611019577703691,ok_small_sample,72
ForwardChaining,BTCUSDT,7,14,4,Persistence,-0.6101489576050665,0.5417631381581514,ok_small_sample,72
ForwardChaining,BTCUSDT,7,14,5,SVR,2.2206028718289312,0.026377871130570357,ok_small_sample,72
ForwardChaining,BTCUSDT,7,14,5,Persistence,-0.655209583978755,0.5123328246139323,ok_small_sample,72
GroupKFold,BTCUSDT,14,14,1,SVR,,,insufficient_or_constant,4
GroupKFold,BTCUSDT,14,14,1,Persistence,,,insufficient_or_constant,4
GroupKFold,BTCUSDT,14,14,2,SVR,,,insufficient_or_constant,4
GroupKFold,BTCUSDT,14,14,2,Persistence,,,insufficient_or_constant,4
GroupKFold,BTCUSDT,14,14,3,SVR,,,insufficient_or_constant,4
GroupKFold,BTCUSDT,14,14,3,Persistence,,,insufficient_or_constant,4
GroupKFold,BTCUSDT,14,14,4,SVR,,,insufficient_or_constant,4
GroupKFold,BTCUSDT,14,14,4,Persistence,,,insufficient_or_constant,4
GroupKFold,BTCUSDT,14,14,5,SVR,,,insufficient_or_constant,5
GroupKFold,BTCUSDT,14,14,5,Persistence,,,insufficient_or_constant,5
KFold,BTCUSDT,14,14,1,SVR,5.448046391175506,5.092607715215042e-08,ok_small_sample,71
KFold,BTCUSDT,14,14,1,Persistence,-0.6588972156026681,0.5099617739952926,ok_small_sample,71
KFold,BTCUSDT,14,14,2,SVR,6.7383770553473425,1.6016549662377692e-11,ok_small_sample,71
KFold,BTCUSDT,14,14,2,Persistence,-0.9911424287886983,0.32161603765373936,ok_small_sample,71
KFold,BTCUSDT,14,14,3,SVR,4.414884134722061,1.0106410577957544e-05,ok_small_sample,72
KFold,BTCUSDT,14,14,3,Persistence,-1.1006316220524759,0.27105701701300977,ok_small_sample,72
KFold,BTCUSDT,14,14,4,SVR,5.518044222062121,3.427931833038683e-08,ok_small_sample,72
KFold,BTCUSDT,14,14,4,Persistence,-1.164140972490065,0.24436688668554685,ok_small_sample,72
KFold,BTCUSDT,14,14,5,SVR,1.9087629914921542,0.05629267301832432,ok_small_sample,72
KFold,BTCUSDT,14,14,5,Persistence,-0.975345374372741,0.3293889701828251,ok_small_sample,72
ForwardChaining,BTCUSDT,14,14,1,SVR,5.448046391175506,5.092607715215042e-08,ok_small_sample,71
ForwardChaining,BTCUSDT,14,14,1,Persistence,-0.6588972156026681,0.5099617739952926,ok_small_sample,71
ForwardChaining,BTCUSDT,14,14,2,SVR,6.7383770553473425,1.6016549662377692e-11,ok_small_sample,71
ForwardChaining,BTCUSDT,14,14,2,Persistence,-0.9911424287886983,0.32161603765373936,ok_small_sample,71
ForwardChaining,BTCUSDT,14,14,3,SVR,4.414884134722061,1.0106410577957544e-05,ok_small_sample,72
ForwardChaining,BTCUSDT,14,14,3,Persistence,-1.1006316220524759,0.27105701701300977,ok_small_sample,72
ForwardChaining,BTCUSDT,14,14,4,SVR,5.518044222062121,3.427931833038683e-08,ok_small_sample,72
ForwardChaining,BTCUSDT,14,14,4,Persistence,-1.164140972490065,0.24436688668554685,ok_small_sample,72
ForwardChaining,BTCUSDT,14,14,5,SVR,1.9087629914921542,0.05629267301832432,ok_small_sample,72
ForwardChaining,BTCUSDT,14,14,5,Persistence,-0.975345374372741,0.3293889701828251,ok_small_sample,72
GroupKFold,BTCUSDT,21,14,1,SVR,,,insufficient_or_constant,4
GroupKFold,BTCUSDT,21,14,1,Persistence,,,insufficient_or_constant,4
GroupKFold,BTCUSDT,21,14,2,SVR,,,insufficient_or_constant,4
GroupKFold,BTCUSDT,21,14,2,Persistence,,,insufficient_or_constant,4
GroupKFold,BTCUSDT,21,14,3,SVR,,,insufficient_or_constant,4
GroupKFold,BTCUSDT,21,14,3,Persistence,,,insufficient_or_constant,4
GroupKFold,BTCUSDT,21,14,4,SVR,,,insufficient_or_constant,4
GroupKFold,BTCUSDT,21,14,4,Persistence,,,insufficient_or_constant,4
GroupKFold,BTCUSDT,21,14,5,SVR,,,insufficient_or_constant,5
GroupKFold,BTCUSDT,21,14,5,Persistence,,,insufficient_or_constant,5
KFold,BTCUSDT,21,14,1,SVR,3.277142519329374,0.0010486342415565962,ok_small_sample,71
KFold,BTCUSDT,21,14,1,Persistence,-1.8198348188643092,0.06878416353804252,ok_small_sample,71
KFold,BTCUSDT,21,14,2,SVR,3.979932141186619,6.893494282571553e-05,ok_small_sample,71
KFold,BTCUSDT,21,14,2,Persistence,0.7638287288112318,0.4449693141724179,ok_small_sample,71
KFold,BTCUSDT,21,14,3,SVR,3.311178228541213,0.0009290401638471003,ok_small_sample,72
KFold,BTCUSDT,21,14,3,Persistence,2.2502164070758797,0.02443521128363962,ok_small_sample,72
KFold,BTCUSDT,21,14,4,SVR,4.181131785699385,2.9006167828424203e-05,ok_small_sample,72
KFold,BTCUSDT,21,14,4,Persistence,-0.16250823796412456,0.8709056415488909,ok_small_sample,72
KFold,BTCUSDT,21,14,5,SVR,1.2396484229153888,0.21510546191647328,ok_small_sample,72
KFold,BTCUSDT,21,14,5,Persistence,-0.8042159451688204,0.42127227157974645,ok_small_sample,72
ForwardChaining,BTCUSDT,21,14,1,SVR,3.277142519329374,0.0010486342415565962,ok_small_sample,71
ForwardChaining,BTCUSDT,21,14,1,Persistence,-1.8198348188643092,0.06878416353804252,ok_small_sample,71
ForwardChaining,BTCUSDT,21,14,2,SVR,3.979932141186619,6.893494282571553e-05,ok_small_sample,71
ForwardChaining,BTCUSDT,21,14,2,Persistence,0.7638287288112318,0.4449693141724179,ok_small_sample,71
ForwardChaining,BTCUSDT,21,14,3,SVR,3.311178228541213,0.0009290401638471003,ok_small_sample,72
ForwardChaining,BTCUSDT,21,14,3,Persistence,2.2502164070758797,0.02443521128363962,ok_small_sample,72
ForwardChaining,BTCUSDT,21,14,4,SVR,4.181131785699385,2.9006167828424203e-05,ok_small_sample,72
ForwardChaining,BTCUSDT,21,14,4,Persistence,-0.16250823796412456,0.8709056415488909,ok_small_sample,72
ForwardChaining,BTCUSDT,21,14,5,SVR,1.2396484229153888,0.21510546191647328,ok_small_sample,72
ForwardChaining,BTCUSDT,21,14,5,Persistence,-0.8042159451688204,0.42127227157974645,ok_small_sample,72
GroupKFold,BTCUSDT,28,14,1,SVR,,,insufficient_or_constant,4
GroupKFold,BTCUSDT,28,14,1,Persistence,,,insufficient_or_constant,4
GroupKFold,BTCUSDT,28,14,2,SVR,,,insufficient_or_constant,4
GroupKFold,BTCUSDT,28,14,2,Persistence,,,insufficient_or_constant,4
GroupKFold,BTCUSDT,28,14,3,SVR,,,insufficient_or_constant,4
GroupKFold,BTCUSDT,28,14,3,Persistence,,,insufficient_or_constant,4
GroupKFold,BTCUSDT,28,14,4,SVR,,,insufficient_or_constant,4
GroupKFold,BTCUSDT,28,14,4,Persistence,,,insufficient_or_constant,4
GroupKFold,BTCUSDT,28,14,5,SVR,,,insufficient_or_constant,5
GroupKFold,BTCUSDT,28,14,5,Persistence,,,insufficient_or_constant,5
KFold,BTCUSDT,28,14,1,SVR,6.001064020730947,1.9602867466960966e-09,ok_small_sample,71
KFold,BTCUSDT,28,14,1,Persistence,-0.6161020317362151,0.5378271812281499,ok_small_sample,71
KFold,BTCUSDT,28,14,2,SVR,7.6636305734824655,1.807493248026018e-14,ok_small_sample,71
KFold,BTCUSDT,28,14,2,Persistence,-0.7531331797706283,0.4513698878368134,ok_small_sample,71
KFold,BTCUSDT,28,14,3,SVR,4.953384706484041,7.293357903231507e-07,ok_small_sample,72
KFold,BTCUSDT,28,14,3,Persistence,-0.8704840980260095,0.38403590574121316,ok_small_sample,72
KFold,BTCUSDT,28,14,4,SVR,4.433972690735724,9.251234996353294e-06,ok_small_sample,72
KFold,BTCUSDT,28,14,4,Persistence,-0.7584537505627762,0.4481793903712188,ok_small_sample,72
KFold,BTCUSDT,28,14,5,SVR,2.885909400381727,0.003902844895664036,ok_small_sample,72
KFold,BTCUSDT,28,14,5,Persistence,-0.4789596067039484,0.6319673649688042,ok_small_sample,72
ForwardChaining,BTCUSDT,28,14,1,SVR,6.001064020730947,1.9602867466960966e-09,ok_small_sample,71
ForwardChaining,BTCUSDT,28,14,1,Persistence,-0.6161020317362151,0.5378271812281499,ok_small_sample,71
ForwardChaining,BTCUSDT,28,14,2,SVR,7.6636305734824655,1.807493248026018e-14,ok_small_sample,71
ForwardChaining,BTCUSDT,28,14,2,Persistence,-0.7531331797706283,0.4513698878368134,ok_small_sample,71
ForwardChaining,BTCUSDT,28,14,3,SVR,4.953384706484041,7.293357903231507e-07,ok_small_sample,72
ForwardChaining,BTCUSDT,28,14,3,Persistence,-0.8704840980260095,0.38403590574121316,ok_small_sample,72
ForwardChaining,BTCUSDT,28,14,4,SVR,4.433972690735724,9.251234996353294e-06,ok_small_sample,72
ForwardChaining,BTCUSDT,28,14,4,Persistence,-0.7584537505627762,0.4481793903712188,ok_small_sample,72
ForwardChaining,BTCUSDT,28,14,5,SVR,2.885909400381727,0.003902844895664036,ok_small_sample,72
ForwardChaining,BTCUSDT,28,14,5,Persistence,-0.4789596067039484,0.6319673649688042,ok_small_sample,72
GroupKFold,BTCUSDT,7,21,1,SVR,,,insufficient_or_constant,4
GroupKFold,BTCUSDT,7,21,1,Persistence,,,insufficient_or_constant,4
GroupKFold,BTCUSDT,7,21,2,SVR,,,insufficient_or_constant,4
GroupKFold,BTCUSDT,7,21,2,Persistence,,,insufficient_or_constant,4
GroupKFold,BTCUSDT,7,21,3,SVR,,,insufficient_or_constant,4
GroupKFold,BTCUSDT,7,21,3,Persistence,,,insufficient_or_constant,4
GroupKFold,BTCUSDT,7,21,4,SVR,,,insufficient_or_constant,4
GroupKFold,BTCUSDT,7,21,4,Persistence,,,insufficient_or_constant,4
GroupKFold,BTCUSDT,7,21,5,SVR,,,insufficient_or_constant,5
GroupKFold,BTCUSDT,7,21,5,Persistence,,,insufficient_or_constant,5
KFold,BTCUSDT,7,21,1,SVR,-0.8627631887894927,0.3882676822916079,ok_small_sample,71
KFold,BTCUSDT,7,21,1,Persistence,1.08335048565608,0.27865288441043334,ok_small_sample,71
KFold,BTCUSDT,7,21,2,SVR,2.518969527114564,0.011769884244944342,ok_small_sample,71
KFold,BTCUSDT,7,21,2,Persistence,1.1560622473217605,0.24765569669156062,ok_small_sample,71
KFold,BTCUSDT,7,21,3,SVR,0.3572558419383442,0.7209002845757404,ok_small_sample,72
KFold,BTCUSDT,7,21,3,Persistence,-0.6524105245331779,0.5141363767250595,ok_small_sample,72
KFold,BTCUSDT,7,21,4,SVR,2.4628887012325023,0.013782269131427797,ok_small_sample,72
KFold,BTCUSDT,7,21,4,Persistence,-0.6101489576050665,0.5417631381581514,ok_small_sample,72
KFold,BTCUSDT,7,21,5,SVR,-0.4795574038217983,0.6315421411311855,ok_small_sample,72
KFold,BTCUSDT,7,21,5,Persistence,-0.655209583978755,0.5123328246139323,ok_small_sample,72
ForwardChaining,BTCUSDT,7,21,1,SVR,-0.8627631887894927,0.3882676822916079,ok_small_sample,71
ForwardChaining,BTCUSDT,7,21,1,Persistence,1.08335048565608,0.27865288441043334,ok_small_sample,71
ForwardChaining,BTCUSDT,7,21,2,SVR,2.518969527114564,0.011769884244944342,ok_small_sample,71
ForwardChaining,BTCUSDT,7,21,2,Persistence,1.1560622473217605,0.24765569669156062,ok_small_sample,71
ForwardChaining,BTCUSDT,7,21,3,SVR,0.3572558419383442,0.7209002845757404,ok_small_sample,72
ForwardChaining,BTCUSDT,7,21,3,Persistence,-0.6524105245331779,0.5141363767250595,ok_small_sample,72
ForwardChaining,BTCUSDT,7,21,4,SVR,2.4628887012325023,0.013782269131427797,ok_small_sample,72
ForwardChaining,BTCUSDT,7,21,4,Persistence,-0.6101489576050665,0.5417631381581514,ok_small_sample,72
ForwardChaining,BTCUSDT,7,21,5,SVR,-0.4795574038217983,0.6315421411311855,ok_small_sample,72
ForwardChaining,BTCUSDT,7,21,5,Persistence,-0.655209583978755,0.5123328246139323,ok_small_sample,72
GroupKFold,BTCUSDT,14,21,1,SVR,,,insufficient_or_constant,4
GroupKFold,BTCUSDT,14,21,1,Persistence,,,insufficient_or_constant,4
GroupKFold,BTCUSDT,14,21,2,SVR,,,insufficient_or_constant,4
GroupKFold,BTCUSDT,14,21,2,Persistence,,,insufficient_or_constant,4
GroupKFold,BTCUSDT,14,21,3,SVR,,,insufficient_or_constant,4
GroupKFold,BTCUSDT,14,21,3,Persistence,,,insufficient_or_constant,4
GroupKFold,BTCUSDT,14,21,4,SVR,,,insufficient_or_constant,4
GroupKFold,BTCUSDT,14,21,4,Persistence,,,insufficient_or_constant,4
GroupKFold,BTCUSDT,14,21,5,SVR,,,insufficient_or_constant,5
GroupKFold,BTCUSDT,14,21,5,Persistence,,,insufficient_or_constant,5
KFold,BTCUSDT,14,21,1,SVR,2.7687716697262537,0.005626805322189816,ok_small_sample,71
KFold,BTCUSDT,14,21,1,Persistence,-0.6588972156026681,0.5099617739952926,ok_small_sample,71
KFold,BTCUSDT,14,21,2,SVR,2.6984989668219246,0.0069652954122512,ok_small_sample,71
KFold,BTCUSDT,14,21,2,Persistence,-0.9911424287886983,0.32161603765373936,ok_small_sample,71
KFold,BTCUSDT,14,21,3,SVR,4.7454649797847965,2.080279042540635e-06,ok_small_sample,72
KFold,BTCUSDT,14,21,3,Persistence,-1.1006316220524759,0.27105701701300977,ok_small_sample,72
KFold,BTCUSDT,14,21,4,SVR,5.2076583739612134,1.912385953492404e-07,ok_small_sample,72
KFold,BTCUSDT,14,21,4,Persistence,-1.164140972490065,0.24436688668554685,ok_small_sample,72
KFold,BTCUSDT,14,21,5,SVR,0.22295272181061782,0.8235723028474127,ok_small_sample,72
KFold,BTCUSDT,14,21,5,Persistence,-0.975345374372741,0.3293889701828251,ok_small_sample,72
ForwardChaining,BTCUSDT,14,21,1,SVR,2.7687716697262537,0.005626805322189816,ok_small_sample,71
ForwardChaining,BTCUSDT,14,21,1,Persistence,-0.6588972156026681,0.5099617739952926,ok_small_sample,71
ForwardChaining,BTCUSDT,14,21,2,SVR,2.6984989668219246,0.0069652954122512,ok_small_sample,71
ForwardChaining,BTCUSDT,14,21,2,Persistence,-0.9911424287886983,0.32161603765373936,ok_small_sample,71
ForwardChaining,BTCUSDT,14,21,3,SVR,4.7454649797847965,2.080279042540635e-06,ok_small_sample,72
ForwardChaining,BTCUSDT,14,21,3,Persistence,-1.1006316220524759,0.27105701701300977,ok_small_sample,72
ForwardChaining,BTCUSDT,14,21,4,SVR,5.2076583739612134,1.912385953492404e-07,ok_small_sample,72
ForwardChaining,BTCUSDT,14,21,4,Persistence,-1.164140972490065,0.24436688668554685,ok_small_sample,72
ForwardChaining,BTCUSDT,14,21,5,SVR,0.22295272181061782,0.8235723028474127,ok_small_sample,72
ForwardChaining,BTCUSDT,14,21,5,Persistence,-0.975345374372741,0.3293889701828251,ok_small_sample,72
GroupKFold,BTCUSDT,21,21,1,SVR,,,insufficient_or_constant,4
GroupKFold,BTCUSDT,21,21,1,Persistence,,,insufficient_or_constant,4
GroupKFold,BTCUSDT,21,21,2,SVR,,,insufficient_or_constant,4
GroupKFold,BTCUSDT,21,21,2,Persistence,,,insufficient_or_constant,4
GroupKFold,BTCUSDT,21,21,3,SVR,,,insufficient_or_constant,4
GroupKFold,BTCUSDT,21,21,3,Persistence,,,insufficient_or_constant,4
GroupKFold,BTCUSDT,21,21,4,SVR,,,insufficient_or_constant,4
GroupKFold,BTCUSDT,21,21,4,Persistence,,,insufficient_or_constant,4
GroupKFold,BTCUSDT,21,21,5,SVR,,,insufficient_or_constant,5
GroupKFold,BTCUSDT,21,21,5,Persistence,,,insufficient_or_constant,5
KFold,BTCUSDT,21,21,1,SVR,3.797178855180841,0.0001463521959423502,ok_small_sample,71
KFold,BTCUSDT,21,21,1,Persistence,-1.8198348188643092,0.06878416353804252,ok_small_sample,71
KFold,BTCUSDT,21,21,2,SVR,3.6923818708126364,0.00022216354232159908,ok_small_sample,71
KFold,BTCUSDT,21,21,2,Persistence,0.7638287288112318,0.4449693141724179,ok_small_sample,71
KFold,BTCUSDT,21,21,3,SVR,4.476644239456228,7.582544585480284e-06,ok_small_sample,72
KFold,BTCUSDT,21,21,3,Persistence,2.2502164070758797,0.02443521128363962,ok_small_sample,72
KFold,BTCUSDT,21,21,4,SVR,4.938196478874137,7.88483805117009e-07,ok_small_sample,72
KFold,BTCUSDT,21,21,4,Persistence,-0.16250823796412456,0.8709056415488909,ok_small_sample,72
KFold,BTCUSDT,21,21,5,SVR,2.0365735719308633,0.04169279341543454,ok_small_sample,72
KFold,BTCUSDT,21,21,5,Persistence,-0.8042159451688204,0.42127227157974645,ok_small_sample,72
ForwardChaining,BTCUSDT,21,21,1,SVR,3.797178855180841,0.0001463521959423502,ok_small_sample,71
ForwardChaining,BTCUSDT,21,21,1,Persistence,-1.8198348188643092,0.06878416353804252,ok_small_sample,71
ForwardChaining,BTCUSDT,21,21,2,SVR,3.6923818708126364,0.00022216354232159908,ok_small_sample,71
ForwardChaining,BTCUSDT,21,21,2,Persistence,0.7638287288112318,0.4449693141724179,ok_small_sample,71
ForwardChaining,BTCUSDT,21,21,3,SVR,4.476644239456228,7.582544585480284e-06,ok_small_sample,72
ForwardChaining,BTCUSDT,21,21,3,Persistence,2.2502164070758797,0.02443521128363962,ok_small_sample,72
ForwardChaining,BTCUSDT,21,21,4,SVR,4.938196478874137,7.88483805117009e-07,ok_small_sample,72
ForwardChaining,BTCUSDT,21,21,4,Persistence,-0.16250823796412456,0.8709056415488909,ok_small_sample,72
ForwardChaining,BTCUSDT,21,21,5,SVR,2.0365735719308633,0.04169279341543454,ok_small_sample,72
ForwardChaining,BTCUSDT,21,21,5,Persistence,-0.8042159451688204,0.42127227157974645,ok_small_sample,72
GroupKFold,BTCUSDT,28,21,1,SVR,,,insufficient_or_constant,4
GroupKFold,BTCUSDT,28,21,1,Persistence,,,insufficient_or_constant,4
GroupKFold,BTCUSDT,28,21,2,SVR,,,insufficient_or_constant,4
GroupKFold,BTCUSDT,28,21,2,Persistence,,,insufficient_or_constant,4
GroupKFold,BTCUSDT,28,21,3,SVR,,,insufficient_or_constant,4
GroupKFold,BTCUSDT,28,21,3,Persistence,,,insufficient_or_constant,4
GroupKFold,BTCUSDT,28,21,4,SVR,,,insufficient_or_constant,4
GroupKFold,BTCUSDT,28,21,4,Persistence,,,insufficient_or_constant,4
GroupKFold,BTCUSDT,28,21,5,SVR,,,insufficient_or_constant,5
GroupKFold,BTCUSDT,28,21,5,Persistence,,,insufficient_or_constant,5
KFold,BTCUSDT,28,21,1,SVR,6.724844485386138,1.757800795185838e-11,ok_small_sample,71
KFold,BTCUSDT,28,21,1,Persistence,-0.6161020317362151,0.5378271812281499,ok_small_sample,71
KFold,BTCUSDT,28,21,2,SVR,9.782494688627041,1.338694979110132e-22,ok_small_sample,71
KFold,BTCUSDT,28,21,2,Persistence,-0.7531331797706283,0.4513698878368134,ok_small_sample,71
KFold,BTCUSDT,28,21,3,SVR,7.112936082474462,1.135998983738595e-12,ok_small_sample,72
KFold,BTCUSDT,28,21,3,Persistence,-0.8704840980260095,0.38403590574121316,ok_small_sample,72
KFold,BTCUSDT,28,21,4,SVR,9.360397304692732,7.94374150806927e-21,ok_small_sample,72
KFold,BTCUSDT,28,21,4,Persistence,-0.7584537505627762,0.4481793903712188,ok_small_sample,72
KFold,BTCUSDT,28,21,5,SVR,5.452099223548281,4.977866622700147e-08,ok_small_sample,72
KFold,BTCUSDT,28,21,5,Persistence,-0.4789596067039484,0.6319673649688042,ok_small_sample,72
ForwardChaining,BTCUSDT,28,21,1,SVR,6.724844485386138,1.757800795185838e-11,ok_small_sample,71
ForwardChaining,BTCUSDT,28,21,1,Persistence,-0.6161020317362151,0.5378271812281499,ok_small_sample,71
ForwardChaining,BTCUSDT,28,21,2,SVR,9.782494688627041,1.338694979110132e-22,ok_small_sample,71
ForwardChaining,BTCUSDT,28,21,2,Persistence,-0.7531331797706283,0.4513698878368134,ok_small_sample,71
ForwardChaining,BTCUSDT,28,21,3,SVR,7.112936082474462,1.135998983738595e-12,ok_small_sample,72
ForwardChaining,BTCUSDT,28,21,3,Persistence,-0.8704840980260095,0.38403590574121316,ok_small_sample,72
ForwardChaining,BTCUSDT,28,21,4,SVR,9.360397304692732,7.94374150806927e-21,ok_small_sample,72
ForwardChaining,BTCUSDT,28,21,4,Persistence,-0.7584537505627762,0.4481793903712188,ok_small_sample,72
ForwardChaining,BTCUSDT,28,21,5,SVR,5.452099223548281,4.977866622700147e-08,ok_small_sample,72
ForwardChaining,BTCUSDT,28,21,5,Persistence,-0.4789596067039484,0.6319673649688042,ok_small_sample,72
GroupKFold,BTCUSDT,7,28,1,SVR,,,insufficient_or_constant,4
GroupKFold,BTCUSDT,7,28,1,Persistence,,,insufficient_or_constant,4
GroupKFold,BTCUSDT,7,28,2,SVR,,,insufficient_or_constant,4
GroupKFold,BTCUSDT,7,28,2,Persistence,,,insufficient_or_constant,4
GroupKFold,BTCUSDT,7,28,3,SVR,,,insufficient_or_constant,4
GroupKFold,BTCUSDT,7,28,3,Persistence,,,insufficient_or_constant,4
GroupKFold,BTCUSDT,7,28,4,SVR,,,insufficient_or_constant,4
GroupKFold,BTCUSDT,7,28,4,Persistence,,,insufficient_or_constant,4
GroupKFold,BTCUSDT,7,28,5,SVR,,,insufficient_or_constant,5
GroupKFold,BTCUSDT,7,28,5,Persistence,,,insufficient_or_constant,5
KFold,BTCUSDT,7,28,1,SVR,-0.055310625803543005,0.9558909969594143,ok_small_sample,71
KFold,BTCUSDT,7,28,1,Persistence,1.08335048565608,0.27865288441043334,ok_small_sample,71
KFold,BTCUSDT,7,28,2,SVR,1.7783721036879128,0.07534276121010584,ok_small_sample,71
KFold,BTCUSDT,7,28,2,Persistence,1.1560622473217605,0.24765569669156062,ok_small_sample,71
KFold,BTCUSDT,7,28,3,SVR,-0.05614116384501102,0.9552293516244856,ok_small_sample,72
KFold,BTCUSDT,7,28,3,Persistence,-0.6524105245331779,0.5141363767250595,ok_small_sample,72
KFold,BTCUSDT,7,28,4,SVR,1.7208163197970356,0.08528416004180035,ok_small_sample,72
KFold,BTCUSDT,7,28,4,Persistence,-0.6101489576050665,0.5417631381581514,ok_small_sample,72
KFold,BTCUSDT,7,28,5,SVR,1.190975743879172,0.23366310732501838,ok_small_sample,72
KFold,BTCUSDT,7,28,5,Persistence,-0.655209583978755,0.5123328246139323,ok_small_sample,72
ForwardChaining,BTCUSDT,7,28,1,SVR,-0.055310625803543005,0.9558909969594143,ok_small_sample,71
ForwardChaining,BTCUSDT,7,28,1,Persistence,1.08335048565608,0.27865288441043334,ok_small_sample,71
ForwardChaining,BTCUSDT,7,28,2,SVR,1.7783721036879128,0.07534276121010584,ok_small_sample,71
ForwardChaining,BTCUSDT,7,28,2,Persistence,1.1560622473217605,0.24765569669156062,ok_small_sample,71
ForwardChaining,BTCUSDT,7,28,3,SVR,-0.05614116384501102,0.9552293516244856,ok_small_sample,72
ForwardChaining,BTCUSDT,7,28,3,Persistence,-0.6524105245331779,0.5141363767250595,ok_small_sample,72
ForwardChaining,BTCUSDT,7,28,4,SVR,1.7208163197970356,0.08528416004180035,ok_small_sample,72
ForwardChaining,BTCUSDT,7,28,4,Persistence,-0.6101489576050665,0.5417631381581514,ok_small_sample,72
ForwardChaining,BTCUSDT,7,28,5,SVR,1.190975743879172,0.23366310732501838,ok_small_sample,72
ForwardChaining,BTCUSDT,7,28,5,Persistence,-0.655209583978755,0.5123328246139323,ok_small_sample,72
GroupKFold,BTCUSDT,14,28,1,SVR,,,insufficient_or_constant,4
GroupKFold,BTCUSDT,14,28,1,Persistence,,,insufficient_or_constant,4
GroupKFold,BTCUSDT,14,28,2,SVR,,,insufficient_or_constant,4
GroupKFold,BTCUSDT,14,28,2,Persistence,,,insufficient_or_constant,4
GroupKFold,BTCUSDT,14,28,3,SVR,,,insufficient_or_constant,4
GroupKFold,BTCUSDT,14,28,3,Persistence,,,insufficient_or_constant,4
GroupKFold,BTCUSDT,14,28,4,SVR,,,insufficient_or_constant,4
GroupKFold,BTCUSDT,14,28,4,Persistence,,,insufficient_or_constant,4
GroupKFold,BTCUSDT,14,28,5,SVR,,,insufficient_or_constant,5
GroupKFold,BTCUSDT,14,28,5,Persistence,,,insufficient_or_constant,5
KFold,BTCUSDT,14,28,1,SVR,3.4438326461232385,0.0005735305875271652,ok_small_sample,71
KFold,BTCUSDT,14,28,1,Persistence,-0.6588972156026681,0.5099617739952926,ok_small_sample,71
KFold,BTCUSDT,14,28,2,SVR,4.172083534839494,3.018269345476273e-05,ok_small_sample,71
KFold,BTCUSDT,14,28,2,Persistence,-0.9911424287886983,0.32161603765373936,ok_small_sample,71
KFold,BTCUSDT,14,28,3,SVR,3.6518697006283287,0.0002603379751177765,ok_small_sample,72
KFold,BTCUSDT,14,28,3,Persistence,-1.1006316220524759,0.27105701701300977,ok_small_sample,72
KFold,BTCUSDT,14,28,4,SVR,5.519135288242226,3.4067185026812986e-08,ok_small_sample,72
KFold,BTCUSDT,14,28,4,Persistence,-1.164140972490065,0.24436688668554685,ok_small_sample,72
KFold,BTCUSDT,14,28,5,SVR,2.4452790656553947,0.014474009845111371,ok_small_sample,72
KFold,BTCUSDT,14,28,5,Persistence,-0.975345374372741,0.3293889701828251,ok_small_sample,72
ForwardChaining,BTCUSDT,14,28,1,SVR,3.4438326461232385,0.0005735305875271652,ok_small_sample,71
ForwardChaining,BTCUSDT,14,28,1,Persistence,-0.6588972156026681,0.5099617739952926,ok_small_sample,71
ForwardChaining,BTCUSDT,14,28,2,SVR,4.172083534839494,3.018269345476273e-05,ok_small_sample,71
ForwardChaining,BTCUSDT,14,28,2,Persistence,-0.9911424287886983,0.32161603765373936,ok_small_sample,71
ForwardChaining,BTCUSDT,14,28,3,SVR,3.6518697006283287,0.0002603379751177765,ok_small_sample,72
ForwardChaining,BTCUSDT,14,28,3,Persistence,-1.1006316220524759,0.27105701701300977,ok_small_sample,72
ForwardChaining,BTCUSDT,14,28,4,SVR,5.519135288242226,3.4067185026812986e-08,ok_small_sample,72
ForwardChaining,BTCUSDT,14,28,4,Persistence,-1.164140972490065,0.24436688668554685,ok_small_sample,72
ForwardChaining,BTCUSDT,14,28,5,SVR,2.4452790656553947,0.014474009845111371,ok_small_sample,72
ForwardChaining,BTCUSDT,14,28,5,Persistence,-0.975345374372741,0.3293889701828251,ok_small_sample,72
GroupKFold,BTCUSDT,21,28,1,SVR,,,insufficient_or_constant,4
GroupKFold,BTCUSDT,21,28,1,Persistence,,,insufficient_or_constant,4
GroupKFold,BTCUSDT,21,28,2,SVR,,,insufficient_or_constant,4
GroupKFold,BTCUSDT,21,28,2,Persistence,,,insufficient_or_constant,4
GroupKFold,BTCUSDT,21,28,3,SVR,,,insufficient_or_constant,4
GroupKFold,BTCUSDT,21,28,3,Persistence,,,insufficient_or_constant,4
GroupKFold,BTCUSDT,21,28,4,SVR,,,insufficient_or_constant,4
GroupKFold,BTCUSDT,21,28,4,Persistence,,,insufficient_or_constant,4
GroupKFold,BTCUSDT,21,28,5,SVR,,,insufficient_or_constant,5
GroupKFold,BTCUSDT,21,28,5,Persistence,,,insufficient_or_constant,5
KFold,BTCUSDT,21,28,1,SVR,5.039699482290015,4.662634090508321e-07,ok_small_sample,71
KFold,BTCUSDT,21,28,1,Persistence,-1.8198348188643092,0.06878416353804252,ok_small_sample,71
KFold,BTCUSDT,21,28,2,SVR,4.14858692694288,3.345338188290916e-05,ok_small_sample,71
KFold,BTCUSDT,21,28,2,Persistence,0.7638287288112318,0.4449693141724179,ok_small_sample,71
KFold,BTCUSDT,21,28,3,SVR,4.503524305127059,6.683571997850416e-06,ok_small_sample,72
KFold,BTCUSDT,21,28,3,Persistence,2.2502164070758797,0.02443521128363962,ok_small_sample,72
KFold,BTCUSDT,21,28,4,SVR,6.305720087732713,2.868570547634977e-10,ok_small_sample,72
KFold,BTCUSDT,21,28,4,Persistence,-0.16250823796412456,0.8709056415488909,ok_small_sample,72
KFold,BTCUSDT,21,28,5,SVR,3.155812043722853,0.0016005196230142237,ok_small_sample,72
KFold,BTCUSDT,21,28,5,Persistence,-0.8042159451688204,0.42127227157974645,ok_small_sample,72
ForwardChaining,BTCUSDT,21,28,1,SVR,5.039699482290015,4.662634090508321e-07,ok_small_sample,71
ForwardChaining,BTCUSDT,21,28,1,Persistence,-1.8198348188643092,0.06878416353804252,ok_small_sample,71
ForwardChaining,BTCUSDT,21,28,2,SVR,4.14858692694288,3.345338188290916e-05,ok_small_sample,71
ForwardChaining,BTCUSDT,21,28,2,Persistence,0.7638287288112318,0.4449693141724179,ok_small_sample,71
ForwardChaining,BTCUSDT,21,28,3,SVR,4.503524305127059,6.683571997850416e-06,ok_small_sample,72
ForwardChaining,BTCUSDT,21,28,3,Persistence,2.2502164070758797,0.02443521128363962,ok_small_sample,72
ForwardChaining,BTCUSDT,21,28,4,SVR,6.305720087732713,2.868570547634977e-10,ok_small_sample,72
ForwardChaining,BTCUSDT,21,28,4,Persistence,-0.16250823796412456,0.8709056415488909,ok_small_sample,72
ForwardChaining,BTCUSDT,21,28,5,SVR,3.155812043722853,0.0016005196230142237,ok_small_sample,72
ForwardChaining,BTCUSDT,21,28,5,Persistence,-0.8042159451688204,0.42127227157974645,ok_small_sample,72
GroupKFold,BTCUSDT,28,28,1,SVR,,,insufficient_or_constant,4
GroupKFold,BTCUSDT,28,28,1,Persistence,,,insufficient_or_constant,4
GroupKFold,BTCUSDT,28,28,2,SVR,,,insufficient_or_constant,4
GroupKFold,BTCUSDT,28,28,2,Persistence,,,insufficient_or_constant,4
GroupKFold,BTCUSDT,28,28,3,SVR,,,insufficient_or_constant,4
GroupKFold,BTCUSDT,28,28,3,Persistence,,,insufficient_or_constant,4
GroupKFold,BTCUSDT,28,28,4,SVR,,,insufficient_or_constant,4
GroupKFold,BTCUSDT,28,28,4,Persistence,,,insufficient_or_constant,4
GroupKFold,BTCUSDT,28,28,5,SVR,,,insufficient_or_constant,5
GroupKFold,BTCUSDT,28,28,5,Persistence,,,insufficient_or_constant,5
KFold,BTCUSDT,28,28,1,SVR,7.974035952411178,1.53574833343042e-15,ok_small_sample,71
KFold,BTCUSDT,28,28,1,Persistence,-0.6161020317362151,0.5378271812281499,ok_small_sample,71
KFold,BTCUSDT,28,28,2,SVR,10.265933471178725,1.0034574272787956e-24,ok_small_sample,71
KFold,BTCUSDT,28,28,2,Persistence,-0.7531331797706283,0.4513698878368134,ok_small_sample,71
KFold,BTCUSDT,28,28,3,SVR,5.651204484058266,1.5932741587942633e-08,ok_small_sample,72
KFold,BTCUSDT,28,28,3,Persistence,-0.8704840980260095,0.38403590574121316,ok_small_sample,72
KFold,BTCUSDT,28,28,4,SVR,6.846797658925833,7.552141604923047e-12,ok_small_sample,72
KFold,BTCUSDT,28,28,4,Persistence,-0.7584537505627762,0.4481793903712188,ok_small_sample,72
KFold,BTCUSDT,28,28,5,SVR,8.076561803301015,6.661840550104227e-16,ok_small_sample,72
KFold,BTCUSDT,28,28,5,Persistence,-0.4789596067039484,0.6319673649688042,ok_small_sample,72
ForwardChaining,BTCUSDT,28,28,1,SVR,7.974035952411178,1.53574833343042e-15,ok_small_sample,71
ForwardChaining,BTCUSDT,28,28,1,Persistence,-0.6161020317362151,0.5378271812281499,ok_small_sample,71
ForwardChaining,BTCUSDT,28,28,2,SVR,10.265933471178725,1.0034574272787956e-24,ok_small_sample,71
ForwardChaining,BTCUSDT,28,28,2,Persistence,-0.7531331797706283,0.4513698878368134,ok_small_sample,71
ForwardChaining,BTCUSDT,28,28,3,SVR,5.651204484058266,1.5932741587942633e-08,ok_small_sample,72
ForwardChaining,BTCUSDT,28,28,3,Persistence,-0.8704840980260095,0.38403590574121316,ok_small_sample,72
ForwardChaining,BTCUSDT,28,28,4,SVR,6.846797658925833,7.552141604923047e-12,ok_small_sample,72
ForwardChaining,BTCUSDT,28,28,4,Persistence,-0.7584537505627762,0.4481793903712188,ok_small_sample,72
ForwardChaining,BTCUSDT,28,28,5,SVR,8.076561803301015,6.661840550104227e-16,ok_small_sample,72
ForwardChaining,BTCUSDT,28,28,5,Persistence,-0.4789596067039484,0.6319673649688042,ok_small_sample,72
GroupKFold,ETHUSDT,7,7,1,SVR,,,insufficient_or_constant,4
GroupKFold,ETHUSDT,7,7,1,Persistence,,,insufficient_or_constant,4
GroupKFold,ETHUSDT,7,7,2,SVR,,,insufficient_or_constant,4
GroupKFold,ETHUSDT,7,7,2,Persistence,,,insufficient_or_constant,4
GroupKFold,ETHUSDT,7,7,3,SVR,,,insufficient_or_constant,4
GroupKFold,ETHUSDT,7,7,3,Persistence,,,insufficient_or_constant,4
GroupKFold,ETHUSDT,7,7,4,SVR,,,insufficient_or_constant,4
GroupKFold,ETHUSDT,7,7,4,Persistence,,,insufficient_or_constant,4
GroupKFold,ETHUSDT,7,7,5,SVR,,,insufficient_or_constant,5
GroupKFold,ETHUSDT,7,7,5,Persistence,,,insufficient_or_constant,5
KFold,ETHUSDT,7,7,1,SVR,1.9232896573716298,0.054443682762822264,ok_small_sample,71
KFold,ETHUSDT,7,7,1,Persistence,1.5520306916821165,0.12065488004250621,ok_small_sample,71
KFold,ETHUSDT,7,7,2,SVR,1.829101160031576,0.06738445523215858,ok_small_sample,71
KFold,ETHUSDT,7,7,2,Persistence,-0.9446395413533234,0.3448429326933595,ok_small_sample,71
KFold,ETHUSDT,7,7,3,SVR,3.3030001849501653,0.0009565632475083687,ok_small_sample,72
KFold,ETHUSDT,7,7,3,Persistence,0.013100312252624665,0.9895477620784661,ok_small_sample,72
KFold,ETHUSDT,7,7,4,SVR,2.604409429261791,0.00920327417765296,ok_small_sample,72
KFold,ETHUSDT,7,7,4,Persistence,-0.3071822046461882,0.7587046897883625,ok_small_sample,72
KFold,ETHUSDT,7,7,5,SVR,2.4832995962032083,0.01301715560483058,ok_small_sample,72
KFold,ETHUSDT,7,7,5,Persistence,-1.0877988710099626,0.27668390805356846,ok_small_sample,72
ForwardChaining,ETHUSDT,7,7,1,SVR,1.9232896573716298,0.054443682762822264,ok_small_sample,71
ForwardChaining,ETHUSDT,7,7,1,Persistence,1.5520306916821165,0.12065488004250621,ok_small_sample,71
ForwardChaining,ETHUSDT,7,7,2,SVR,1.829101160031576,0.06738445523215858,ok_small_sample,71
ForwardChaining,ETHUSDT,7,7,2,Persistence,-0.9446395413533234,0.3448429326933595,ok_small_sample,71
ForwardChaining,ETHUSDT,7,7,3,SVR,3.3030001849501653,0.0009565632475083687,ok_small_sample,72
ForwardChaining,ETHUSDT,7,7,3,Persistence,0.013100312252624665,0.9895477620784661,ok_small_sample,72
ForwardChaining,ETHUSDT,7,7,4,SVR,2.604409429261791,0.00920327417765296,ok_small_sample,72
ForwardChaining,ETHUSDT,7,7,4,Persistence,-0.3071822046461882,0.7587046897883625,ok_small_sample,72
ForwardChaining,ETHUSDT,7,7,5,SVR,2.4832995962032083,0.01301715560483058,ok_small_sample,72
ForwardChaining,ETHUSDT,7,7,5,Persistence,-1.0877988710099626,0.27668390805356846,ok_small_sample,72
GroupKFold,ETHUSDT,14,7,1,SVR,,,insufficient_or_constant,4
GroupKFold,ETHUSDT,14,7,1,Persistence,,,insufficient_or_constant,4
GroupKFold,ETHUSDT,14,7,2,SVR,,,insufficient_or_constant,4
GroupKFold,ETHUSDT,14,7,2,Persistence,,,insufficient_or_constant,4
GroupKFold,ETHUSDT,14,7,3,SVR,,,insufficient_or_constant,4
GroupKFold,ETHUSDT,14,7,3,Persistence,,,insufficient_or_constant,4
GroupKFold,ETHUSDT,14,7,4,SVR,,,insufficient_or_constant,4
GroupKFold,ETHUSDT,14,7,4,Persistence,,,insufficient_or_constant,4
GroupKFold,ETHUSDT,14,7,5,SVR,,,insufficient_or_constant,5
GroupKFold,ETHUSDT,14,7,5,Persistence,,,insufficient_or_constant,5
KFold,ETHUSDT,14,7,1,SVR,5.938028372191243,2.8847012960742006e-09,ok_small_sample,71
KFold,ETHUSDT,14,7,1,Persistence,-1.0767968586662517,0.28157102903584974,ok_small_sample,71
KFold,ETHUSDT,14,7,2,SVR,5.506659407030099,3.657068191006379e-08,ok_small_sample,71
KFold,ETHUSDT,14,7,2,Persistence,-1.0216469970781445,0.3069480055755557,ok_small_sample,71
KFold,ETHUSDT,14,7,3,SVR,6.507513302839585,7.640498755513353e-11,ok_small_sample,72
KFold,ETHUSDT,14,7,3,Persistence,-0.9347825947641129,0.3499003511785179,ok_small_sample,72
KFold,ETHUSDT,14,7,4,SVR,6.392212479820904,1.6350247621546185e-10,ok_small_sample,72
KFold,ETHUSDT,14,7,4,Persistence,-0.7637786208327515,0.44499917928115085,ok_small_sample,72
KFold,ETHUSDT,14,7,5,SVR,6.026017846577028,1.6804863514135743e-09,ok_small_sample,72
KFold,ETHUSDT,14,7,5,Persistence,-1.3010899321332872,0.19322767350090686,ok_small_sample,72
ForwardChaining,ETHUSDT,14,7,1,SVR,5.938028372191243,2.8847012960742006e-09,ok_small_sample,71
ForwardChaining,ETHUSDT,14,7,1,Persistence,-1.0767968586662517,0.28157102903584974,ok_small_sample,71
ForwardChaining,ETHUSDT,14,7,2,SVR,5.506659407030099,3.657068191006379e-08,ok_small_sample,71
ForwardChaining,ETHUSDT,14,7,2,Persistence,-1.0216469970781445,0.3069480055755557,ok_small_sample,71
ForwardChaining,ETHUSDT,14,7,3,SVR,6.507513302839585,7.640498755513353e-11,ok_small_sample,72
ForwardChaining,ETHUSDT,14,7,3,Persistence,-0.9347825947641129,0.3499003511785179,ok_small_sample,72
ForwardChaining,ETHUSDT,14,7,4,SVR,6.392212479820904,1.6350247621546185e-10,ok_small_sample,72
ForwardChaining,ETHUSDT,14,7,4,Persistence,-0.7637786208327515,0.44499917928115085,ok_small_sample,72
ForwardChaining,ETHUSDT,14,7,5,SVR,6.026017846577028,1.6804863514135743e-09,ok_small_sample,72
ForwardChaining,ETHUSDT,14,7,5,Persistence,-1.3010899321332872,0.19322767350090686,ok_small_sample,72
GroupKFold,ETHUSDT,21,7,1,SVR,,,insufficient_or_constant,4
GroupKFold,ETHUSDT,21,7,1,Persistence,,,insufficient_or_constant,4
GroupKFold,ETHUSDT,21,7,2,SVR,,,insufficient_or_constant,4
GroupKFold,ETHUSDT,21,7,2,Persistence,,,insufficient_or_constant,4
GroupKFold,ETHUSDT,21,7,3,SVR,,,insufficient_or_constant,4
GroupKFold,ETHUSDT,21,7,3,Persistence,,,insufficient_or_constant,4
GroupKFold,ETHUSDT,21,7,4,SVR,,,insufficient_or_constant,4
GroupKFold,ETHUSDT,21,7,4,Persistence,,,insufficient_or_constant,4
GroupKFold,ETHUSDT,21,7,5,SVR,,,insufficient_or_constant,5
GroupKFold,ETHUSDT,21,7,5,Persistence,,,insufficient_or_constant,5
KFold,ETHUSDT,21,7,1,SVR,7.7069489055994955,1.2886136146813814e-14,ok_small_sample,71
KFold,ETHUSDT,21,7,1,Persistence,-1.3328925352779775,0.18256707258951177,ok_small_sample,71
KFold,ETHUSDT,21,7,2,SVR,8.35085709302206,6.776937656160837e-17,ok_small_sample,71
KFold,ETHUSDT,21,7,2,Persistence,0.6121251992993478,0.5404549263302774,ok_small_sample,71
KFold,ETHUSDT,21,7,3,SVR,9.897126078941943,4.284091025717446e-23,ok_small_sample,72
KFold,ETHUSDT,21,7,3,Persistence,0.6188086653257137,0.5360424130232989,ok_small_sample,72
KFold,ETHUSDT,21,7,4,SVR,9.616428666328622,6.815652329763545e-22,ok_small_sample,72
KFold,ETHUSDT,21,7,4,Persistence,-0.46696186114690996,0.6405271649674602,ok_small_sample,72
KFold,ETHUSDT,21,7,5,SVR,8.431796892016306,3.403974138311363e-17,ok_small_sample,72
KFold,ETHUSDT,21,7,5,Persistence,-0.13855060630071428,0.8898052771894039,ok_small_sample,72
ForwardChaining,ETHUSDT,21,7,1,SVR,7.7069489055994955,1.2886136146813814e-14,ok_small_sample,71
ForwardChaining,ETHUSDT,21,7,1,Persistence,-1.3328925352779775,0.18256707258951177,ok_small_sample,71
ForwardChaining,ETHUSDT,21,7,2,SVR,8.35085709302206,6.776937656160837e-17,ok_small_sample,71
ForwardChaining,ETHUSDT,21,7,2,Persistence,0.6121251992993478,0.5404549263302774,ok_small_sample,71
ForwardChaining,ETHUSDT,21,7,3,SVR,9.897126078941943,4.284091025717446e-23,ok_small_sample,72
ForwardChaining,ETHUSDT,21,7,3,Persistence,0.6188086653257137,0.5360424130232989,ok_small_sample,72
ForwardChaining,ETHUSDT,21,7,4,SVR,9.616428666328622,6.815652329763545e-22,ok_small_sample,72
ForwardChaining,ETHUSDT,21,7,4,Persistence,-0.46696186114690996,0.6405271649674602,ok_small_sample,72
ForwardChaining,ETHUSDT,21,7,5,SVR,8.431796892016306,3.403974138311363e-17,ok_small_sample,72
ForwardChaining,ETHUSDT,21,7,5,Persistence,-0.13855060630071428,0.8898052771894039,ok_small_sample,72
GroupKFold,ETHUSDT,28,7,1,SVR,,,insufficient_or_constant,4
GroupKFold,ETHUSDT,28,7,1,Persistence,,,insufficient_or_constant,4
GroupKFold,ETHUSDT,28,7,2,SVR,,,insufficient_or_constant,4
GroupKFold,ETHUSDT,28,7,2,Persistence,,,insufficient_or_constant,4
GroupKFold,ETHUSDT,28,7,3,SVR,,,insufficient_or_constant,4
GroupKFold,ETHUSDT,28,7,3,Persistence,,,insufficient_or_constant,4
GroupKFold,ETHUSDT,28,7,4,SVR,,,insufficient_or_constant,4
GroupKFold,ETHUSDT,28,7,4,Persistence,,,insufficient_or_constant,4
GroupKFold,ETHUSDT,28,7,5,SVR,,,insufficient_or_constant,5
GroupKFold,ETHUSDT,28,7,5,Persistence,,,insufficient_or_constant,5
KFold,ETHUSDT,28,7,1,SVR,10.603112519919963,2.882248737117051e-26,ok_small_sample,71
KFold,ETHUSDT,28,7,1,Persistence,-0.7694886978872522,0.4416032514344489,ok_small_sample,71
KFold,ETHUSDT,28,7,2,SVR,11.086656132919892,1.4563019817474522e-28,ok_small_sample,71
KFold,ETHUSDT,28,7,2,Persistence,-1.4235212340414427,0.15458511106243633,ok_small_sample,71
KFold,ETHUSDT,28,7,3,SVR,12.537623347402755,4.647246499977436e-36,ok_small_sample,72
KFold,ETHUSDT,28,7,3,Persistence,-1.176375731354607,0.23944476519489455,ok_small_sample,72
KFold,ETHUSDT,28,7,4,SVR,14.59118034194897,3.1961945467386554e-48,ok_small_sample,72
KFold,ETHUSDT,28,7,4,Persistence,-0.9703107000475797,0.33189164537753635,ok_small_sample,72
KFold,ETHUSDT,28,7,5,SVR,13.279863534006552,3.0294575940232456e-40,ok_small_sample,72
KFold,ETHUSDT,28,7,5,Persistence,-0.8231477120285573,0.4104239992058131,ok_small_sample,72
ForwardChaining,ETHUSDT,28,7,1,SVR,10.603112519919963,2.882248737117051e-26,ok_small_sample,71
ForwardChaining,ETHUSDT,28,7,1,Persistence,-0.7694886978872522,0.4416032514344489,ok_small_sample,71
ForwardChaining,ETHUSDT,28,7,2,SVR,11.086656132919892,1.4563019817474522e-28,ok_small_sample,71
ForwardChaining,ETHUSDT,28,7,2,Persistence,-1.4235212340414427,0.15458511106243633,ok_small_sample,71
ForwardChaining,ETHUSDT,28,7,3,SVR,12.537623347402755,4.647246499977436e-36,ok_small_sample,72
ForwardChaining,ETHUSDT,28,7,3,Persistence,-1.176375731354607,0.23944476519489455,ok_small_sample,72
ForwardChaining,ETHUSDT,28,7,4,SVR,14.59118034194897,3.1961945467386554e-48,ok_small_sample,72
ForwardChaining,ETHUSDT,28,7,4,Persistence,-0.9703107000475797,0.33189164537753635,ok_small_sample,72
ForwardChaining,ETHUSDT,28,7,5,SVR,13.279863534006552,3.0294575940232456e-40,ok_small_sample,72
ForwardChaining,ETHUSDT,28,7,5,Persistence,-0.8231477120285573,0.4104239992058131,ok_small_sample,72
GroupKFold,ETHUSDT,7,14,1,SVR,,,insufficient_or_constant,4
GroupKFold,ETHUSDT,7,14,1,Persistence,,,insufficient_or_constant,4
GroupKFold,ETHUSDT,7,14,2,SVR,,,insufficient_or_constant,4
GroupKFold,ETHUSDT,7,14,2,Persistence,,,insufficient_or_constant,4
GroupKFold,ETHUSDT,7,14,3,SVR,,,insufficient_or_constant,4
GroupKFold,ETHUSDT,7,14,3,Persistence,,,insufficient_or_constant,4
GroupKFold,ETHUSDT,7,14,4,SVR,,,insufficient_or_constant,4
GroupKFold,ETHUSDT,7,14,4,Persistence,,,insufficient_or_constant,4
GroupKFold,ETHUSDT,7,14,5,SVR,,,insufficient_or_constant,5
GroupKFold,ETHUSDT,7,14,5,Persistence,,,insufficient_or_constant,5
KFold,ETHUSDT,7,14,1,SVR,0.33981397357190357,0.7339966240840818,ok_small_sample,71
KFold,ETHUSDT,7,14,1,Persistence,1.5520306916821165,0.12065488004250621,ok_small_sample,71
KFold,ETHUSDT,7,14,2,SVR,-0.03206094708730867,0.9744234470976028,ok_small_sample,71
KFold,ETHUSDT,7,14,2,Persistence,-0.9446395413533234,0.3448429326933595,ok_small_sample,71
KFold,ETHUSDT,7,14,3,SVR,2.218253238791191,0.026537570569968746,ok_small_sample,72
KFold,ETHUSDT,7,14,3,Persistence,0.013100312252624665,0.9895477620784661,ok_small_sample,72
KFold,ETHUSDT,7,14,4,SVR,2.339980174850009,0.019284763549422563,ok_small_sample,72
KFold,ETHUSDT,7,14,4,Persistence,-0.3071822046461882,0.7587046897883625,ok_small_sample,72
KFold,ETHUSDT,7,14,5,SVR,2.8224537523417244,0.004765769511771464,ok_small_sample,72
KFold,ETHUSDT,7,14,5,Persistence,-1.0877988710099626,0.27668390805356846,ok_small_sample,72
ForwardChaining,ETHUSDT,7,14,1,SVR,0.33981397357190357,0.7339966240840818,ok_small_sample,71
ForwardChaining,ETHUSDT,7,14,1,Persistence,1.5520306916821165,0.12065488004250621,ok_small_sample,71
ForwardChaining,ETHUSDT,7,14,2,SVR,-0.03206094708730867,0.9744234470976028,ok_small_sample,71
ForwardChaining,ETHUSDT,7,14,2,Persistence,-0.9446395413533234,0.3448429326933595,ok_small_sample,71
ForwardChaining,ETHUSDT,7,14,3,SVR,2.218253238791191,0.026537570569968746,ok_small_sample,72
ForwardChaining,ETHUSDT,7,14,3,Persistence,0.013100312252624665,0.9895477620784661,ok_small_sample,72
ForwardChaining,ETHUSDT,7,14,4,SVR,2.339980174850009,0.019284763549422563,ok_small_sample,72
ForwardChaining,ETHUSDT,7,14,4,Persistence,-0.3071822046461882,0.7587046897883625,ok_small_sample,72
ForwardChaining,ETHUSDT,7,14,5,SVR,2.8224537523417244,0.004765769511771464,ok_small_sample,72
ForwardChaining,ETHUSDT,7,14,5,Persistence,-1.0877988710099626,0.27668390805356846,ok_small_sample,72
GroupKFold,ETHUSDT,14,14,1,SVR,,,insufficient_or_constant,4
GroupKFold,ETHUSDT,14,14,1,Persistence,,,insufficient_or_constant,4
GroupKFold,ETHUSDT,14,14,2,SVR,,,insufficient_or_constant,4
GroupKFold,ETHUSDT,14,14,2,Persistence,,,insufficient_or_constant,4
GroupKFold,ETHUSDT,14,14,3,SVR,,,insufficient_or_constant,4
GroupKFold,ETHUSDT,14,14,3,Persistence,,,insufficient_or_constant,4
GroupKFold,ETHUSDT,14,14,4,SVR,,,insufficient_or_constant,4
GroupKFold,ETHUSDT,14,14,4,Persistence,,,insufficient_or_constant,4
GroupKFold,ETHUSDT,14,14,5,SVR,,,insufficient_or_constant,5
GroupKFold,ETHUSDT,14,14,5,Persistence,,,insufficient_or_constant,5
KFold,ETHUSDT,14,14,1,SVR,4.594302233602042,4.341996900796029e-06,ok_small_sample,71
KFold,ETHUSDT,14,14,1,Persistence,-1.0767968586662517,0.28157102903584974,ok_small_sample,71
KFold,ETHUSDT,14,14,2,SVR,4.714317176801949,2.425226415929968e-06,ok_small_sample,71
KFold,ETHUSDT,14,14,2,Persistence,-1.0216469970781445,0.3069480055755557,ok_small_sample,71
KFold,ETHUSDT,14,14,3,SVR,7.268193645074216,3.643262833875879e-13,ok_small_sample,72
KFold,ETHUSDT,14,14,3,Persistence,-0.9347825947641129,0.3499003511785179,ok_small_sample,72
KFold,ETHUSDT,14,14,4,SVR,5.053771463703691,4.331698951236579e-07,ok_small_sample,72
KFold,ETHUSDT,14,14,4,Persistence,-0.7637786208327515,0.44499917928115085,ok_small_sample,72
KFold,ETHUSDT,14,14,5,SVR,4.052791356374071,5.061013525846299e-05,ok_small_sample,72
KFold,ETHUSDT,14,14,5,Persistence,-1.3010899321332872,0.19322767350090686,ok_small_sample,72
ForwardChaining,ETHUSDT,14,14,1,SVR,4.594302233602042,4.341996900796029e-06,ok_small_sample,71
ForwardChaining,ETHUSDT,14,14,1,Persistence,-1.0767968586662517,0.28157102903584974,ok_small_sample,71
ForwardChaining,ETHUSDT,14,14,2,SVR,4.714317176801949,2.425226415929968e-06,ok_small_sample,71
ForwardChaining,ETHUSDT,14,14,2,Persistence,-1.0216469970781445,0.3069480055755557,ok_small_sample,71
ForwardChaining,ETHUSDT,14,14,3,SVR,7.268193645074216,3.643262833875879e-13,ok_small_sample,72
ForwardChaining,ETHUSDT,14,14,3,Persistence,-0.9347825947641129,0.3499003511785179,ok_small_sample,72
ForwardChaining,ETHUSDT,14,14,4,SVR,5.053771463703691,4.331698951236579e-07,ok_small_sample,72
ForwardChaining,ETHUSDT,14,14,4,Persistence,-0.7637786208327515,0.44499917928115085,ok_small_sample,72
ForwardChaining,ETHUSDT,14,14,5,SVR,4.052791356374071,5.061013525846299e-05,ok_small_sample,72
ForwardChaining,ETHUSDT,14,14,5,Persistence,-1.3010899321332872,0.19322767350090686,ok_small_sample,72
GroupKFold,ETHUSDT,21,14,1,SVR,,,insufficient_or_constant,4
GroupKFold,ETHUSDT,21,14,1,Persistence,,,insufficient_or_constant,4
GroupKFold,ETHUSDT,21,14,2,SVR,,,insufficient_or_constant,4
GroupKFold,ETHUSDT,21,14,2,Persistence,,,insufficient_or_constant,4
GroupKFold,ETHUSDT,21,14,3,SVR,,,insufficient_or_constant,4
GroupKFold,ETHUSDT,21,14,3,Persistence,,,insufficient_or_constant,4
GroupKFold,ETHUSDT,21,14,4,SVR,,,insufficient_or_constant,4
GroupKFold,ETHUSDT,21,14,4,Persistence,,,insufficient_or_constant,4
GroupKFold,ETHUSDT,21,14,5,SVR,,,insufficient_or_constant,5
GroupKFold,ETHUSDT,21,14,5,Persistence,,,insufficient_or_constant,5
KFold,ETHUSDT,21,14,1,SVR,7.107116592490666,1.1849233251605767e-12,ok_small_sample,71
KFold,ETHUSDT,21,14,1,Persistence,-1.3328925352779775,0.18256707258951177,ok_small_sample,71
KFold,ETHUSDT,21,14,2,SVR,6.384818074114234,1.7160135144993499e-10,ok_small_sample,71
KFold,ETHUSDT,21,14,2,Persistence,0.6121251992993478,0.5404549263302774,ok_small_sample,71
KFold,ETHUSDT,21,14,3,SVR,8.115369156888441,4.843102818251355e-16,ok_small_sample,72
KFold,ETHUSDT,21,14,3,Persistence,0.6188086653257137,0.5360424130232989,ok_small_sample,72
KFold,ETHUSDT,21,14,4,SVR,6.8597596905887706,6.8976480846852125e-12,ok_small_sample,72
KFold,ETHUSDT,21,14,4,Persistence,-0.46696186114690996,0.6405271649674602,ok_small_sample,72
KFold,ETHUSDT,21,14,5,SVR,8.344484000346533,7.152548847162715e-17,ok_small_sample,72
KFold,ETHUSDT,21,14,5,Persistence,-0.13855060630071428,0.8898052771894039,ok_small_sample,72
ForwardChaining,ETHUSDT,21,14,1,SVR,7.107116592490666,1.1849233251605767e-12,ok_small_sample,71
ForwardChaining,ETHUSDT,21,14,1,Persistence,-1.3328925352779775,0.18256707258951177,ok_small_sample,71
ForwardChaining,ETHUSDT,21,14,2,SVR,6.384818074114234,1.7160135144993499e-10,ok_small_sample,71
ForwardChaining,ETHUSDT,21,14,2,Persistence,0.6121251992993478,0.5404549263302774,ok_small_sample,71
ForwardChaining,ETHUSDT,21,14,3,SVR,8.115369156888441,4.843102818251355e-16,ok_small_sample,72
ForwardChaining,ETHUSDT,21,14,3,Persistence,0.6188086653257137,0.5360424130232989,ok_small_sample,72
ForwardChaining,ETHUSDT,21,14,4,SVR,6.8597596905887706,6.8976480846852125e-12,ok_small_sample,72
ForwardChaining,ETHUSDT,21,14,4,Persistence,-0.46696186114690996,0.6405271649674602,ok_small_sample,72
ForwardChaining,ETHUSDT,21,14,5,SVR,8.344484000346533,7.152548847162715e-17,ok_small_sample,72
ForwardChaining,ETHUSDT,21,14,5,Persistence,-0.13855060630071428,0.8898052771894039,ok_small_sample,72
GroupKFold,ETHUSDT,28,14,1,SVR,,,insufficient_or_constant,4
GroupKFold,ETHUSDT,28,14,1,Persistence,,,insufficient_or_constant,4
GroupKFold,ETHUSDT,28,14,2,SVR,,,insufficient_or_constant,4
GroupKFold,ETHUSDT,28,14,2,Persistence,,,insufficient_or_constant,4
GroupKFold,ETHUSDT,28,14,3,SVR,,,insufficient_or_constant,4
GroupKFold,ETHUSDT,28,14,3,Persistence,,,insufficient_or_constant,4
GroupKFold,ETHUSDT,28,14,4,SVR,,,insufficient_or_constant,4
GroupKFold,ETHUSDT,28,14,4,Persistence,,,insufficient_or_constant,4
GroupKFold,ETHUSDT,28,14,5,SVR,,,insufficient_or_constant,5
GroupKFold,ETHUSDT,28,14,5,Persistence,,,insufficient_or_constant,5
KFold,ETHUSDT,28,14,1,SVR,8.802897746982671,1.3332802859702244e-18,ok_small_sample,71
KFold,ETHUSDT,28,14,1,Persistence,-0.7694886978872522,0.4416032514344489,ok_small_sample,71
KFold,ETHUSDT,28,14,2,SVR,8.139655330262501,3.9640473976055185e-16,ok_small_sample,71
KFold,ETHUSDT,28,14,2,Persistence,-1.4235212340414427,0.15458511106243633,ok_small_sample,71
KFold,ETHUSDT,28,14,3,SVR,9.76096745591703,1.6556814673936585e-22,ok_small_sample,72
KFold,ETHUSDT,28,14,3,Persistence,-1.176375731354607,0.23944476519489455,ok_small_sample,72
KFold,ETHUSDT,28,14,4,SVR,12.664875868230832,9.25666734330344e-37,ok_small_sample,72
KFold,ETHUSDT,28,14,4,Persistence,-0.9703107000475797,0.33189164537753635,ok_small_sample,72
KFold,ETHUSDT,28,14,5,SVR,9.854413515983687,6.559854176380619e-23,ok_small_sample,72
KFold,ETHUSDT,28,14,5,Persistence,-0.8231477120285573,0.4104239992058131,ok_small_sample,72
ForwardChaining,ETHUSDT,28,14,1,SVR,8.802897746982671,1.3332802859702244e-18,ok_small_sample,71
ForwardChaining,ETHUSDT,28,14,1,Persistence,-0.7694886978872522,0.4416032514344489,ok_small_sample,71
ForwardChaining,ETHUSDT,28,14,2,SVR,8.139655330262501,3.9640473976055185e-16,ok_small_sample,71
ForwardChaining,ETHUSDT,28,14,2,Persistence,-1.4235212340414427,0.15458511106243633,ok_small_sample,71
ForwardChaining,ETHUSDT,28,14,3,SVR,9.76096745591703,1.6556814673936585e-22,ok_small_sample,72
ForwardChaining,ETHUSDT,28,14,3,Persistence,-1.176375731354607,0.23944476519489455,ok_small_sample,72
ForwardChaining,ETHUSDT,28,14,4,SVR,12.664875868230832,9.25666734330344e-37,ok_small_sample,72
ForwardChaining,ETHUSDT,28,14,4,Persistence,-0.9703107000475797,0.33189164537753635,ok_small_sample,72
ForwardChaining,ETHUSDT,28,14,5,SVR,9.854413515983687,6.559854176380619e-23,ok_small_sample,72
ForwardChaining,ETHUSDT,28,14,5,Persistence,-0.8231477120285573,0.4104239992058131,ok_small_sample,72
GroupKFold,ETHUSDT,7,21,1,SVR,,,insufficient_or_constant,4
GroupKFold,ETHUSDT,7,21,1,Persistence,,,insufficient_or_constant,4
GroupKFold,ETHUSDT,7,21,2,SVR,,,insufficient_or_constant,4
GroupKFold,ETHUSDT,7,21,2,Persistence,,,insufficient_or_constant,4
GroupKFold,ETHUSDT,7,21,3,SVR,,,insufficient_or_constant,4
GroupKFold,ETHUSDT,7,21,3,Persistence,,,insufficient_or_constant,4
GroupKFold,ETHUSDT,7,21,4,SVR,,,insufficient_or_constant,4
GroupKFold,ETHUSDT,7,21,4,Persistence,,,insufficient_or_constant,4
GroupKFold,ETHUSDT,7,21,5,SVR,,,insufficient_or_constant,5
GroupKFold,ETHUSDT,7,21,5,Persistence,,,insufficient_or_constant,5
KFold,ETHUSDT,7,21,1,SVR,4.536300295444931,5.724964853300677e-06,ok_small_sample,71
KFold,ETHUSDT,7,21,1,Persistence,1.5520306916821165,0.12065488004250621,ok_small_sample,71
KFold,ETHUSDT,7,21,2,SVR,4.475515923922791,7.622701699405648e-06,ok_small_sample,71
KFold,ETHUSDT,7,21,2,Persistence,-0.9446395413533234,0.3448429326933595,ok_small_sample,71
KFold,ETHUSDT,7,21,3,SVR,3.8410319317135597,0.00012251817407098008,ok_small_sample,72
KFold,ETHUSDT,7,21,3,Persistence,0.013100312252624665,0.9895477620784661,ok_small_sample,72
KFold,ETHUSDT,7,21,4,SVR,3.130183777711636,0.0017469697341753688,ok_small_sample,72
KFold,ETHUSDT,7,21,4,Persistence,-0.3071822046461882,0.7587046897883625,ok_small_sample,72
KFold,ETHUSDT,7,21,5,SVR,3.1430002501182486,0.0016722569710903485,ok_small_sample,72
KFold,ETHUSDT,7,21,5,Persistence,-1.0877988710099626,0.27668390805356846,ok_small_sample,72
ForwardChaining,ETHUSDT,7,21,1,SVR,4.536300295444931,5.724964853300677e-06,ok_small_sample,71
ForwardChaining,ETHUSDT,7,21,1,Persistence,1.5520306916821165,0.12065488004250621,ok_small_sample,71
ForwardChaining,ETHUSDT,7,21,2,SVR,4.475515923922791,7.622701699405648e-06,ok_small_sample,71
ForwardChaining,ETHUSDT,7,21,2,Persistence,-0.9446395413533234,0.3448429326933595,ok_small_sample,71
ForwardChaining,ETHUSDT,7,21,3,SVR,3.8410319317135597,0.00012251817407098008,ok_small_sample,72
ForwardChaining,ETHUSDT,7,21,3,Persistence,0.013100312252624665,0.9895477620784661,ok_small_sample,72
ForwardChaining,ETHUSDT,7,21,4,SVR,3.130183777711636,0.0017469697341753688,ok_small_sample,72
ForwardChaining,ETHUSDT,7,21,4,Persistence,-0.3071822046461882,0.7587046897883625,ok_small_sample,72
ForwardChaining,ETHUSDT,7,21,5,SVR,3.1430002501182486,0.0016722569710903485,ok_small_sample,72
ForwardChaining,ETHUSDT,7,21,5,Persistence,-1.0877988710099626,0.27668390805356846,ok_small_sample,72
GroupKFold,ETHUSDT,14,21,1,SVR,,,insufficient_or_constant,4
GroupKFold,ETHUSDT,14,21,1,Persistence,,,insufficient_or_constant,4
GroupKFold,ETHUSDT,14,21,2,SVR,,,insufficient_or_constant,4
GroupKFold,ETHUSDT,14,21,2,Persistence,,,insufficient_or_constant,4
GroupKFold,ETHUSDT,14,21,3,SVR,,,insufficient_or_constant,4
GroupKFold,ETHUSDT,14,21,3,Persistence,,,insufficient_or_constant,4
GroupKFold,ETHUSDT,14,21,4,SVR,,,insufficient_or_constant,4
GroupKFold,ETHUSDT,14,21,4,Persistence,,,insufficient_or_constant,4
GroupKFold,ETHUSDT,14,21,5,SVR,,,insufficient_or_constant,5
GroupKFold,ETHUSDT,14,21,5,Persistence,,,insufficient_or_constant,5
KFold,ETHUSDT,14,21,1,SVR,6.365334833242322,1.9486416602177093e-10,ok_small_sample,71
KFold,ETHUSDT,14,21,1,Persistence,-1.0767968586662517,0.28157102903584974,ok_small_sample,71
KFold,ETHUSDT,14,21,2,SVR,7.108079641857144,1.1766865774230327e-12,ok_small_sample,71
KFold,ETHUSDT,14,21,2,Persistence,-1.0216469970781445,0.3069480055755557,ok_small_sample,71
KFold,ETHUSDT,14,21,3,SVR,6.454856556408706,1.0832145444022975e-10,ok_small_sample,72
KFold,ETHUSDT,14,21,3,Persistence,-0.9347825947641129,0.3499003511785179,ok_small_sample,72
KFold,ETHUSDT,14,21,4,SVR,5.27418930932892,1.3334420828326594e-07,ok_small_sample,72
KFold,ETHUSDT,14,21,4,Persistence,-0.7637786208327515,0.44499917928115085,ok_small_sample,72
KFold,ETHUSDT,14,21,5,SVR,5.140951941928817,2.733499710923627e-07,ok_small_sample,72
KFold,ETHUSDT,14,21,5,Persistence,-1.3010899321332872,0.19322767350090686,ok_small_sample,72
ForwardChaining,ETHUSDT,14,21,1,SVR,6.365334833242322,1.9486416602177093e-10,ok_small_sample,71
ForwardChaining,ETHUSDT,14,21,1,Persistence,-1.0767968586662517,0.28157102903584974,ok_small_sample,71
ForwardChaining,ETHUSDT,14,21,2,SVR,7.108079641857144,1.1766865774230327e-12,ok_small_sample,71
ForwardChaining,ETHUSDT,14,21,2,Persistence,-1.0216469970781445,0.3069480055755557,ok_small_sample,71
ForwardChaining,ETHUSDT,14,21,3,SVR,6.454856556408706,1.0832145444022975e-10,ok_small_sample,72
ForwardChaining,ETHUSDT,14,21,3,Persistence,-0.9347825947641129,0.3499003511785179,ok_small_sample,72
ForwardChaining,ETHUSDT,14,21,4,SVR,5.27418930932892,1.3334420828326594e-07,ok_small_sample,72
ForwardChaining,ETHUSDT,14,21,4,Persistence,-0.7637786208327515,0.44499917928115085,ok_small_sample,72
ForwardChaining,ETHUSDT,14,21,5,SVR,5.140951941928817,2.733499710923627e-07,ok_small_sample,72
ForwardChaining,ETHUSDT,14,21,5,Persistence,-1.3010899321332872,0.19322767350090686,ok_small_sample,72
GroupKFold,ETHUSDT,21,21,1,SVR,,,insufficient_or_constant,4
GroupKFold,ETHUSDT,21,21,1,Persistence,,,insufficient_or_constant,4
GroupKFold,ETHUSDT,21,21,2,SVR,,,insufficient_or_constant,4
GroupKFold,ETHUSDT,21,21,2,Persistence,,,insufficient_or_constant,4
GroupKFold,ETHUSDT,21,21,3,SVR,,,insufficient_or_constant,4
GroupKFold,ETHUSDT,21,21,3,Persistence,,,insufficient_or_constant,4
GroupKFold,ETHUSDT,21,21,4,SVR,,,insufficient_or_constant,4
GroupKFold,ETHUSDT,21,21,4,Persistence,,,insufficient_or_constant,4
GroupKFold,ETHUSDT,21,21,5,SVR,,,insufficient_or_constant,5
GroupKFold,ETHUSDT,21,21,5,Persistence,,,insufficient_or_constant,5
KFold,ETHUSDT,21,21,1,SVR,6.9638769368894025,3.3103380768502535e-12,ok_small_sample,71
KFold,ETHUSDT,21,21,1,Persistence,-1.3328925352779775,0.18256707258951177,ok_small_sample,71
KFold,ETHUSDT,21,21,2,SVR,7.427887807219082,1.1034548782172499e-13,ok_small_sample,71
KFold,ETHUSDT,21,21,2,Persistence,0.6121251992993478,0.5404549263302774,ok_small_sample,71
KFold,ETHUSDT,21,21,3,SVR,7.443553290652024,9.801253748390411e-14,ok_small_sample,72
KFold,ETHUSDT,21,21,3,Persistence,0.6188086653257137,0.5360424130232989,ok_small_sample,72
KFold,ETHUSDT,21,21,4,SVR,7.732844132651945,1.0517003518118982e-14,ok_small_sample,72
KFold,ETHUSDT,21,21,4,Persistence,-0.46696186114690996,0.6405271649674602,ok_small_sample,72
KFold,ETHUSDT,21,21,5,SVR,7.5157138941156365,5.660121361465649e-14,ok_small_sample,72
KFold,ETHUSDT,21,21,5,Persistence,-0.13855060630071428,0.8898052771894039,ok_small_sample,72
ForwardChaining,ETHUSDT,21,21,1,SVR,6.9638769368894025,3.3103380768502535e-12,ok_small_sample,71
ForwardChaining,ETHUSDT,21,21,1,Persistence,-1.3328925352779775,0.18256707258951177,ok_small_sample,71
ForwardChaining,ETHUSDT,21,21,2,SVR,7.427887807219082,1.1034548782172499e-13,ok_small_sample,71
ForwardChaining,ETHUSDT,21,21,2,Persistence,0.6121251992993478,0.5404549263302774,ok_small_sample,71
ForwardChaining,ETHUSDT,21,21,3,SVR,7.443553290652024,9.801253748390411e-14,ok_small_sample,72
ForwardChaining,ETHUSDT,21,21,3,Persistence,0.6188086653257137,0.5360424130232989,ok_small_sample,72
ForwardChaining,ETHUSDT,21,21,4,SVR,7.732844132651945,1.0517003518118982e-14,ok_small_sample,72
ForwardChaining,ETHUSDT,21,21,4,Persistence,-0.46696186114690996,0.6405271649674602,ok_small_sample,72
ForwardChaining,ETHUSDT,21,21,5,SVR,7.5157138941156365,5.660121361465649e-14,ok_small_sample,72
ForwardChaining,ETHUSDT,21,21,5,Persistence,-0.13855060630071428,0.8898052771894039,ok_small_sample,72
GroupKFold,ETHUSDT,28,21,1,SVR,,,insufficient_or_constant,4
GroupKFold,ETHUSDT,28,21,1,Persistence,,,insufficient_or_constant,4
GroupKFold,ETHUSDT,28,21,2,SVR,,,insufficient_or_constant,4
GroupKFold,ETHUSDT,28,21,2,Persistence,,,insufficient_or_constant,4
GroupKFold,ETHUSDT,28,21,3,SVR,,,insufficient_or_constant,4
GroupKFold,ETHUSDT,28,21,3,Persistence,,,insufficient_or_constant,4
GroupKFold,ETHUSDT,28,21,4,SVR,,,insufficient_or_constant,4
GroupKFold,ETHUSDT,28,21,4,Persistence,,,insufficient_or_constant,4
GroupKFold,ETHUSDT,28,21,5,SVR,,,insufficient_or_constant,5
GroupKFold,ETHUSDT,28,21,5,Persistence,,,insufficient_or_constant,5
KFold,ETHUSDT,28,21,1,SVR,7.3509919749269,1.9674123426074145e-13,ok_small_sample,71
KFold,ETHUSDT,28,21,1,Persistence,-0.7694886978872522,0.4416032514344489,ok_small_sample,71
KFold,ETHUSDT,28,21,2,SVR,7.620330890642159,2.5302625621319557e-14,ok_small_sample,71
KFold,ETHUSDT,28,21,2,Persistence,-1.4235212340414427,0.15458511106243633,ok_small_sample,71
KFold,ETHUSDT,28,21,3,SVR,8.745624439774048,2.2178564750222213e-18,ok_small_sample,72
KFold,ETHUSDT,28,21,3,Persistence,-1.176375731354607,0.23944476519489455,ok_small_sample,72
KFold,ETHUSDT,28,21,4,SVR,9.322852259446384,1.1325400006176587e-20,ok_small_sample,72
KFold,ETHUSDT,28,21,4,Persistence,-0.9703107000475797,0.33189164537753635,ok_small_sample,72
KFold,ETHUSDT,28,21,5,SVR,9.220558150552575,2.955576831475963e-20,ok_small_sample,72
KFold,ETHUSDT,28,21,5,Persistence,-0.8231477120285573,0.4104239992058131,ok_small_sample,72
ForwardChaining,ETHUSDT,28,21,1,SVR,7.3509919749269,1.9674123426074145e-13,ok_small_sample,71
ForwardChaining,ETHUSDT,28,21,1,Persistence,-0.7694886978872522,0.4416032514344489,ok_small_sample,71
ForwardChaining,ETHUSDT,28,21,2,SVR,7.620330890642159,2.5302625621319557e-14,ok_small_sample,71
ForwardChaining,ETHUSDT,28,21,2,Persistence,-1.4235212340414427,0.15458511106243633,ok_small_sample,71
ForwardChaining,ETHUSDT,28,21,3,SVR,8.745624439774048,2.2178564750222213e-18,ok_small_sample,72
ForwardChaining,ETHUSDT,28,21,3,Persistence,-1.176375731354607,0.23944476519489455,ok_small_sample,72
ForwardChaining,ETHUSDT,28,21,4,SVR,9.322852259446384,1.1325400006176587e-20,ok_small_sample,72
ForwardChaining,ETHUSDT,28,21,4,Persistence,-0.9703107000475797,0.33189164537753635,ok_small_sample,72
ForwardChaining,ETHUSDT,28,21,5,SVR,9.220558150552575,2.955576831475963e-20,ok_small_sample,72
ForwardChaining,ETHUSDT,28,21,5,Persistence,-0.8231477120285573,0.4104239992058131,ok_small_sample,72
GroupKFold,ETHUSDT,7,28,1,SVR,,,insufficient_or_constant,4
GroupKFold,ETHUSDT,7,28,1,Persistence,,,insufficient_or_constant,4
GroupKFold,ETHUSDT,7,28,2,SVR,,,insufficient_or_constant,4
GroupKFold,ETHUSDT,7,28,2,Persistence,,,insufficient_or_constant,4
GroupKFold,ETHUSDT,7,28,3,SVR,,,insufficient_or_constant,4
GroupKFold,ETHUSDT,7,28,3,Persistence,,,insufficient_or_constant,4
GroupKFold,ETHUSDT,7,28,4,SVR,,,insufficient_or_constant,4
GroupKFold,ETHUSDT,7,28,4,Persistence,,,insufficient_or_constant,4
GroupKFold,ETHUSDT,7,28,5,SVR,,,insufficient_or_constant,5
GroupKFold,ETHUSDT,7,28,5,Persistence,,,insufficient_or_constant,5
KFold,ETHUSDT,7,28,1,SVR,2.6919831271618984,0.007102853865395173,ok_small_sample,71
KFold,ETHUSDT,7,28,1,Persistence,1.5520306916821165,0.12065488004250621,ok_small_sample,71
KFold,ETHUSDT,7,28,2,SVR,6.608200403094184,3.8901984912886034e-11,ok_small_sample,71
KFold,ETHUSDT,7,28,2,Persistence,-0.9446395413533234,0.3448429326933595,ok_small_sample,71
KFold,ETHUSDT,7,28,3,SVR,4.207752640047199,2.579229725978301e-05,ok_small_sample,72
KFold,ETHUSDT,7,28,3,Persistence,0.013100312252624665,0.9895477620784661,ok_small_sample,72
KFold,ETHUSDT,7,28,4,SVR,5.03992372975461,4.657174090708596e-07,ok_small_sample,72
KFold,ETHUSDT,7,28,4,Persistence,-0.3071822046461882,0.7587046897883625,ok_small_sample,72
KFold,ETHUSDT,7,28,5,SVR,2.108153308257647,0.03501773057645294,ok_small_sample,72
KFold,ETHUSDT,7,28,5,Persistence,-1.0877988710099626,0.27668390805356846,ok_small_sample,72
ForwardChaining,ETHUSDT,7,28,1,SVR,2.6919831271618984,0.007102853865395173,ok_small_sample,71
ForwardChaining,ETHUSDT,7,28,1,Persistence,1.5520306916821165,0.12065488004250621,ok_small_sample,71
ForwardChaining,ETHUSDT,7,28,2,SVR,6.608200403094184,3.8901984912886034e-11,ok_small_sample,71
ForwardChaining,ETHUSDT,7,28,2,Persistence,-0.9446395413533234,0.3448429326933595,ok_small_sample,71
ForwardChaining,ETHUSDT,7,28,3,SVR,4.207752640047199,2.579229725978301e-05,ok_small_sample,72
ForwardChaining,ETHUSDT,7,28,3,Persistence,0.013100312252624665,0.9895477620784661,ok_small_sample,72
ForwardChaining,ETHUSDT,7,28,4,SVR,5.03992372975461,4.657174090708596e-07,ok_small_sample,72
ForwardChaining,ETHUSDT,7,28,4,Persistence,-0.3071822046461882,0.7587046897883625,ok_small_sample,72
ForwardChaining,ETHUSDT,7,28,5,SVR,2.108153308257647,0.03501773057645294,ok_small_sample,72
ForwardChaining,ETHUSDT,7,28,5,Persistence,-1.0877988710099626,0.27668390805356846,ok_small_sample,72
GroupKFold,ETHUSDT,14,28,1,SVR,,,insufficient_or_constant,4
GroupKFold,ETHUSDT,14,28,1,Persistence,,,insufficient_or_constant,4
GroupKFold,ETHUSDT,14,28,2,SVR,,,insufficient_or_constant,4
GroupKFold,ETHUSDT,14,28,2,Persistence,,,insufficient_or_constant,4
GroupKFold,ETHUSDT,14,28,3,SVR,,,insufficient_or_constant,4
GroupKFold,ETHUSDT,14,28,3,Persistence,,,insufficient_or_constant,4
GroupKFold,ETHUSDT,14,28,4,SVR,,,insufficient_or_constant,4
GroupKFold,ETHUSDT,14,28,4,Persistence,,,insufficient_or_constant,4
GroupKFold,ETHUSDT,14,28,5,SVR,,,insufficient_or_constant,5
GroupKFold,ETHUSDT,14,28,5,Persistence,,,insufficient_or_constant,5
KFold,ETHUSDT,14,28,1,SVR,8.258815571600152,1.4712504689927968e-16,ok_small_sample,71
KFold,ETHUSDT,14,28,1,Persistence,-1.0767968586662517,0.28157102903584974,ok_small_sample,71
KFold,ETHUSDT,14,28,2,SVR,7.543618391855004,4.571074659774502e-14,ok_small_sample,71
KFold,ETHUSDT,14,28,2,Persistence,-1.0216469970781445,0.3069480055755557,ok_small_sample,71
KFold,ETHUSDT,14,28,3,SVR,6.74992074970131,1.4792593223467126e-11,ok_small_sample,72
KFold,ETHUSDT,14,28,3,Persistence,-0.9347825947641129,0.3499003511785179,ok_small_sample,72
KFold,ETHUSDT,14,28,4,SVR,7.971852924089674,1.5631276815128183e-15,ok_small_sample,72
KFold,ETHUSDT,14,28,4,Persistence,-0.7637786208327515,0.44499917928115085,ok_small_sample,72
KFold,ETHUSDT,14,28,5,SVR,6.770157564186916,1.2864221826992646e-11,ok_small_sample,72
KFold,ETHUSDT,14,28,5,Persistence,-1.3010899321332872,0.19322767350090686,ok_small_sample,72
ForwardChaining,ETHUSDT,14,28,1,SVR,8.258815571600152,1.4712504689927968e-16,ok_small_sample,71
ForwardChaining,ETHUSDT,14,28,1,Persistence,-1.0767968586662517,0.28157102903584974,ok_small_sample,71
ForwardChaining,ETHUSDT,14,28,2,SVR,7.543618391855004,4.571074659774502e-14,ok_small_sample,71
ForwardChaining,ETHUSDT,14,28,2,Persistence,-1.0216469970781445,0.3069480055755557,ok_small_sample,71
ForwardChaining,ETHUSDT,14,28,3,SVR,6.74992074970131,1.4792593223467126e-11,ok_small_sample,72
ForwardChaining,ETHUSDT,14,28,3,Persistence,-0.9347825947641129,0.3499003511785179,ok_small_sample,72
ForwardChaining,ETHUSDT,14,28,4,SVR,7.971852924089674,1.5631276815128183e-15,ok_small_sample,72
ForwardChaining,ETHUSDT,14,28,4,Persistence,-0.7637786208327515,0.44499917928115085,ok_small_sample,72
ForwardChaining,ETHUSDT,14,28,5,SVR,6.770157564186916,1.2864221826992646e-11,ok_small_sample,72
ForwardChaining,ETHUSDT,14,28,5,Persistence,-1.3010899321332872,0.19322767350090686,ok_small_sample,72
GroupKFold,ETHUSDT,21,28,1,SVR,,,insufficient_or_constant,4
GroupKFold,ETHUSDT,21,28,1,Persistence,,,insufficient_or_constant,4
GroupKFold,ETHUSDT,21,28,2,SVR,,,insufficient_or_constant,4
GroupKFold,ETHUSDT,21,28,2,Persistence,,,insufficient_or_constant,4
GroupKFold,ETHUSDT,21,28,3,SVR,,,insufficient_or_constant,4
GroupKFold,ETHUSDT,21,28,3,Persistence,,,insufficient_or_constant,4
GroupKFold,ETHUSDT,21,28,4,SVR,,,insufficient_or_constant,4
GroupKFold,ETHUSDT,21,28,4,Persistence,,,insufficient_or_constant,4
GroupKFold,ETHUSDT,21,28,5,SVR,,,insufficient_or_constant,5
GroupKFold,ETHUSDT,21,28,5,Persistence,,,insufficient_or_constant,5
KFold,ETHUSDT,21,28,1,SVR,8.848092423531842,8.902790959880232e-19,ok_small_sample,71
KFold,ETHUSDT,21,28,1,Persistence,-1.3328925352779775,0.18256707258951177,ok_small_sample,71
KFold,ETHUSDT,21,28,2,SVR,9.507425795088727,1.9543883260655367e-21,ok_small_sample,71
KFold,ETHUSDT,21,28,2,Persistence,0.6121251992993478,0.5404549263302774,ok_small_sample,71
KFold,ETHUSDT,21,28,3,SVR,8.118303750641896,4.727443907208938e-16,ok_small_sample,72
KFold,ETHUSDT,21,28,3,Persistence,0.6188086653257137,0.5360424130232989,ok_small_sample,72
KFold,ETHUSDT,21,28,4,SVR,7.798748862063875,6.2523951966482914e-15,ok_small_sample,72
KFold,ETHUSDT,21,28,4,Persistence,-0.46696186114690996,0.6405271649674602,ok_small_sample,72
KFold,ETHUSDT,21,28,5,SVR,6.697586791616004,2.1188938809305328e-11,ok_small_sample,72
KFold,ETHUSDT,21,28,5,Persistence,-0.13855060630071428,0.8898052771894039,ok_small_sample,72
ForwardChaining,ETHUSDT,21,28,1,SVR,8.848092423531842,8.902790959880232e-19,ok_small_sample,71
ForwardChaining,ETHUSDT,21,28,1,Persistence,-1.3328925352779775,0.18256707258951177,ok_small_sample,71
ForwardChaining,ETHUSDT,21,28,2,SVR,9.507425795088727,1.9543883260655367e-21,ok_small_sample,71
ForwardChaining,ETHUSDT,21,28,2,Persistence,0.6121251992993478,0.5404549263302774,ok_small_sample,71
ForwardChaining,ETHUSDT,21,28,3,SVR,8.118303750641896,4.727443907208938e-16,ok_small_sample,72
ForwardChaining,ETHUSDT,21,28,3,Persistence,0.6188086653257137,0.5360424130232989,ok_small_sample,72
ForwardChaining,ETHUSDT,21,28,4,SVR,7.798748862063875,6.2523951966482914e-15,ok_small_sample,72
ForwardChaining,ETHUSDT,21,28,4,Persistence,-0.46696186114690996,0.6405271649674602,ok_small_sample,72
ForwardChaining,ETHUSDT,21,28,5,SVR,6.697586791616004,2.1188938809305328e-11,ok_small_sample,72
ForwardChaining,ETHUSDT,21,28,5,Persistence,-0.13855060630071428,0.8898052771894039,ok_small_sample,72
GroupKFold,ETHUSDT,28,28,1,SVR,,,insufficient_or_constant,4
GroupKFold,ETHUSDT,28,28,1,Persistence,,,insufficient_or_constant,4
GroupKFold,ETHUSDT,28,28,2,SVR,,,insufficient_or_constant,4
GroupKFold,ETHUSDT,28,28,2,Persistence,,,insufficient_or_constant,4
GroupKFold,ETHUSDT,28,28,3,SVR,,,insufficient_or_constant,4
GroupKFold,ETHUSDT,28,28,3,Persistence,,,insufficient_or_constant,4
GroupKFold,ETHUSDT,28,28,4,SVR,,,insufficient_or_constant,4
GroupKFold,ETHUSDT,28,28,4,Persistence,,,insufficient_or_constant,4
GroupKFold,ETHUSDT,28,28,5,SVR,,,insufficient_or_constant,5
GroupKFold,ETHUSDT,28,28,5,Persistence,,,insufficient_or_constant,5
KFold,ETHUSDT,28,28,1,SVR,10.3334617520238,4.973269550548598e-25,ok_small_sample,71
KFold,ETHUSDT,28,28,1,Persistence,-0.7694886978872522,0.4416032514344489,ok_small_sample,71
KFold,ETHUSDT,28,28,2,SVR,12.521479659856885,5.6963213679273295e-36,ok_small_sample,71
KFold,ETHUSDT,28,28,2,Persistence,-1.4235212340414427,0.15458511106243633,ok_small_sample,71
KFold,ETHUSDT,28,28,3,SVR,11.10684588247841,1.161914061568319e-28,ok_small_sample,72
KFold,ETHUSDT,28,28,3,Persistence,-1.176375731354607,0.23944476519489455,ok_small_sample,72
KFold,ETHUSDT,28,28,4,SVR,10.327452288962975,5.294821566627741e-25,ok_small_sample,72
KFold,ETHUSDT,28,28,4,Persistence,-0.9703107000475797,0.33189164537753635,ok_small_sample,72
KFold,ETHUSDT,28,28,5,SVR,9.594790933111977,8.408740016624076e-22,ok_small_sample,72
KFold,ETHUSDT,28,28,5,Persistence,-0.8231477120285573,0.4104239992058131,ok_small_sample,72
ForwardChaining,ETHUSDT,28,28,1,SVR,10.3334617520238,4.973269550548598e-25,ok_small_sample,71
ForwardChaining,ETHUSDT,28,28,1,Persistence,-0.7694886978872522,0.4416032514344489,ok_small_sample,71
ForwardChaining,ETHUSDT,28,28,2,SVR,12.521479659856885,5.6963213679273295e-36,ok_small_sample,71
ForwardChaining,ETHUSDT,28,28,2,Persistence,-1.4235212340414427,0.15458511106243633,ok_small_sample,71
ForwardChaining,ETHUSDT,28,28,3,SVR,11.10684588247841,1.161914061568319e-28,ok_small_sample,72
ForwardChaining,ETHUSDT,28,28,3,Persistence,-1.176375731354607,0.23944476519489455,ok_small_sample,72
ForwardChaining,ETHUSDT,28,28,4,SVR,10.327452288962975,5.294821566627741e-25,ok_small_sample,72
ForwardChaining,ETHUSDT,28,28,4,Persistence,-0.9703107000475797,0.33189164537753635,ok_small_sample,72
ForwardChaining,ETHUSDT,28,28,5,SVR,9.594790933111977,8.408740016624076e-22,ok_small_sample,72
ForwardChaining,ETHUSDT,28,28,5,Persistence,-0.8231477120285573,0.4104239992058131,ok_small_sample,72
GroupKFold,BNBUSDT,7,7,1,SVR,,,insufficient_or_constant,4
GroupKFold,BNBUSDT,7,7,1,Persistence,,,insufficient_or_constant,4
GroupKFold,BNBUSDT,7,7,2,SVR,,,insufficient_or_constant,4
GroupKFold,BNBUSDT,7,7,2,Persistence,,,insufficient_or_constant,4
GroupKFold,BNBUSDT,7,7,3,SVR,,,insufficient_or_constant,4
GroupKFold,BNBUSDT,7,7,3,Persistence,,,insufficient_or_constant,4
GroupKFold,BNBUSDT,7,7,4,SVR,,,insufficient_or_constant,4
GroupKFold,BNBUSDT,7,7,4,Persistence,,,insufficient_or_constant,4
GroupKFold,BNBUSDT,7,7,5,SVR,,,insufficient_or_constant,5
GroupKFold,BNBUSDT,7,7,5,Persistence,,,insufficient_or_constant,5
KFold,BNBUSDT,7,7,1,SVR,1.0513094031312684,0.2931165097927789,ok_small_sample,71
KFold,BNBUSDT,7,7,1,Persistence,0.8855964385411195,0.37583503141211927,ok_small_sample,71
KFold,BNBUSDT,7,7,2,SVR,0.5525500653916392,0.5805715429439212,ok_small_sample,71
KFold,BNBUSDT,7,7,2,Persistence,-1.41110307507579,0.15821422342970248,ok_small_sample,71
KFold,BNBUSDT,7,7,3,SVR,2.543733662799452,0.010967467491298523,ok_small_sample,72
KFold,BNBUSDT,7,7,3,Persistence,0.4426991717818022,0.6579833415931258,ok_small_sample,72
KFold,BNBUSDT,7,7,4,SVR,4.507194335694323,6.569046358347629e-06,ok_small_sample,72
KFold,BNBUSDT,7,7,4,Persistence,-1.244236840962168,0.2134124084471879,ok_small_sample,72
KFold,BNBUSDT,7,7,5,SVR,1.3162186785868983,0.18810065618612604,ok_small_sample,72
KFold,BNBUSDT,7,7,5,Persistence,-0.7729822372309508,0.4395328930414454,ok_small_sample,72
ForwardChaining,BNBUSDT,7,7,1,SVR,1.0513094031312684,0.2931165097927789,ok_small_sample,71
ForwardChaining,BNBUSDT,7,7,1,Persistence,0.8855964385411195,0.37583503141211927,ok_small_sample,71
ForwardChaining,BNBUSDT,7,7,2,SVR,0.5525500653916392,0.5805715429439212,ok_small_sample,71
ForwardChaining,BNBUSDT,7,7,2,Persistence,-1.41110307507579,0.15821422342970248,ok_small_sample,71
ForwardChaining,BNBUSDT,7,7,3,SVR,2.543733662799452,0.010967467491298523,ok_small_sample,72
ForwardChaining,BNBUSDT,7,7,3,Persistence,0.4426991717818022,0.6579833415931258,ok_small_sample,72
ForwardChaining,BNBUSDT,7,7,4,SVR,4.507194335694323,6.569046358347629e-06,ok_small_sample,72
ForwardChaining,BNBUSDT,7,7,4,Persistence,-1.244236840962168,0.2134124084471879,ok_small_sample,72
ForwardChaining,BNBUSDT,7,7,5,SVR,1.3162186785868983,0.18810065618612604,ok_small_sample,72
ForwardChaining,BNBUSDT,7,7,5,Persistence,-0.7729822372309508,0.4395328930414454,ok_small_sample,72
GroupKFold,BNBUSDT,14,7,1,SVR,,,insufficient_or_constant,4
GroupKFold,BNBUSDT,14,7,1,Persistence,,,insufficient_or_constant,4
GroupKFold,BNBUSDT,14,7,2,SVR,,,insufficient_or_constant,4
GroupKFold,BNBUSDT,14,7,2,Persistence,,,insufficient_or_constant,4
GroupKFold,BNBUSDT,14,7,3,SVR,,,insufficient_or_constant,4
GroupKFold,BNBUSDT,14,7,3,Persistence,,,insufficient_or_constant,4
GroupKFold,BNBUSDT,14,7,4,SVR,,,insufficient_or_constant,4
GroupKFold,BNBUSDT,14,7,4,Persistence,,,insufficient_or_constant,4
GroupKFold,BNBUSDT,14,7,5,SVR,,,insufficient_or_constant,5
GroupKFold,BNBUSDT,14,7,5,Persistence,,,insufficient_or_constant,5
KFold,BNBUSDT,14,7,1,SVR,3.62276580658764,0.0002914696961843752,ok_small_sample,71
KFold,BNBUSDT,14,7,1,Persistence,-1.1885929766385241,0.23459987296272644,ok_small_sample,71
KFold,BNBUSDT,14,7,2,SVR,0.6907339971850385,0.48973272035447224,ok_small_sample,71
KFold,BNBUSDT,14,7,2,Persistence,-1.353749228541627,0.17581639658088177,ok_small_sample,71
KFold,BNBUSDT,14,7,3,SVR,2.408617542929114,0.016013068878341932,ok_small_sample,72
KFold,BNBUSDT,14,7,3,Persistence,0.288015257727276,0.7733350593380629,ok_small_sample,72
KFold,BNBUSDT,14,7,4,SVR,4.757637317308118,1.9587201069246282e-06,ok_small_sample,72
KFold,BNBUSDT,14,7,4,Persistence,-0.3394121904059713,0.7342992364522594,ok_small_sample,72
KFold,BNBUSDT,14,7,5,SVR,1.6092073448753401,0.1075710109115247,ok_small_sample,72
KFold,BNBUSDT,14,7,5,Persistence,0.6909882061998317,0.48957295264627554,ok_small_sample,72
ForwardChaining,BNBUSDT,14,7,1,SVR,3.62276580658764,0.0002914696961843752,ok_small_sample,71
ForwardChaining,BNBUSDT,14,7,1,Persistence,-1.1885929766385241,0.23459987296272644,ok_small_sample,71
ForwardChaining,BNBUSDT,14,7,2,SVR,0.6907339971850385,0.48973272035447224,ok_small_sample,71
ForwardChaining,BNBUSDT,14,7,2,Persistence,-1.353749228541627,0.17581639658088177,ok_small_sample,71
ForwardChaining,BNBUSDT,14,7,3,SVR,2.408617542929114,0.016013068878341932,ok_small_sample,72
ForwardChaining,BNBUSDT,14,7,3,Persistence,0.288015257727276,0.7733350593380629,ok_small_sample,72
ForwardChaining,BNBUSDT,14,7,4,SVR,4.757637317308118,1.9587201069246282e-06,ok_small_sample,72
ForwardChaining,BNBUSDT,14,7,4,Persistence,-0.3394121904059713,0.7342992364522594,ok_small_sample,72
ForwardChaining,BNBUSDT,14,7,5,SVR,1.6092073448753401,0.1075710109115247,ok_small_sample,72
ForwardChaining,BNBUSDT,14,7,5,Persistence,0.6909882061998317,0.48957295264627554,ok_small_sample,72
GroupKFold,BNBUSDT,21,7,1,SVR,,,insufficient_or_constant,4
GroupKFold,BNBUSDT,21,7,1,Persistence,,,insufficient_or_constant,4
GroupKFold,BNBUSDT,21,7,2,SVR,,,insufficient_or_constant,4
GroupKFold,BNBUSDT,21,7,2,Persistence,,,insufficient_or_constant,4
GroupKFold,BNBUSDT,21,7,3,SVR,,,insufficient_or_constant,4
GroupKFold,BNBUSDT,21,7,3,Persistence,,,insufficient_or_constant,4
GroupKFold,BNBUSDT,21,7,4,SVR,,,insufficient_or_constant,4
GroupKFold,BNBUSDT,21,7,4,Persistence,,,insufficient_or_constant,4
GroupKFold,BNBUSDT,21,7,5,SVR,,,insufficient_or_constant,5
GroupKFold,BNBUSDT,21,7,5,Persistence,,,insufficient_or_constant,5
KFold,BNBUSDT,21,7,1,SVR,6.912904282729813,4.748303542393557e-12,ok_small_sample,71
KFold,BNBUSDT,21,7,1,Persistence,-0.8594632161863238,0.3900850056251325,ok_small_sample,71
KFold,BNBUSDT,21,7,2,SVR,5.4665921789720056,4.587699009044759e-08,ok_small_sample,71
KFold,BNBUSDT,21,7,2,Persistence,0.7299165580226584,0.4654411904660163,ok_small_sample,71
KFold,BNBUSDT,21,7,3,SVR,5.295744978756557,1.1853216573238501e-07,ok_small_sample,72
KFold,BNBUSDT,21,7,3,Persistence,-0.30702674294695365,0.7588230167272335,ok_small_sample,72
KFold,BNBUSDT,21,7,4,SVR,6.424777947950423,1.3206215030782993e-10,ok_small_sample,72
KFold,BNBUSDT,21,7,4,Persistence,0.8077015325013852,0.41926242118826407,ok_small_sample,72
KFold,BNBUSDT,21,7,5,SVR,5.941586025088975,2.8227753772033807e-09,ok_small_sample,72
KFold,BNBUSDT,21,7,5,Persistence,-1.1552766456906272,0.24797715651005714,ok_small_sample,72
ForwardChaining,BNBUSDT,21,7,1,SVR,6.912904282729813,4.748303542393557e-12,ok_small_sample,71
ForwardChaining,BNBUSDT,21,7,1,Persistence,-0.8594632161863238,0.3900850056251325,ok_small_sample,71
ForwardChaining,BNBUSDT,21,7,2,SVR,5.4665921789720056,4.587699009044759e-08,ok_small_sample,71
ForwardChaining,BNBUSDT,21,7,2,Persistence,0.7299165580226584,0.4654411904660163,ok_small_sample,71
ForwardChaining,BNBUSDT,21,7,3,SVR,5.295744978756557,1.1853216573238501e-07,ok_small_sample,72
ForwardChaining,BNBUSDT,21,7,3,Persistence,-0.30702674294695365,0.7588230167272335,ok_small_sample,72
ForwardChaining,BNBUSDT,21,7,4,SVR,6.424777947950423,1.3206215030782993e-10,ok_small_sample,72
ForwardChaining,BNBUSDT,21,7,4,Persistence,0.8077015325013852,0.41926242118826407,ok_small_sample,72
ForwardChaining,BNBUSDT,21,7,5,SVR,5.941586025088975,2.8227753772033807e-09,ok_small_sample,72
ForwardChaining,BNBUSDT,21,7,5,Persistence,-1.1552766456906272,0.24797715651005714,ok_small_sample,72
GroupKFold,BNBUSDT,28,7,1,SVR,,,insufficient_or_constant,4
GroupKFold,BNBUSDT,28,7,1,Persistence,,,insufficient_or_constant,4
GroupKFold,BNBUSDT,28,7,2,SVR,,,insufficient_or_constant,4
GroupKFold,BNBUSDT,28,7,2,Persistence,,,insufficient_or_constant,4
GroupKFold,BNBUSDT,28,7,3,SVR,,,insufficient_or_constant,4
GroupKFold,BNBUSDT,28,7,3,Persistence,,,insufficient_or_constant,4
GroupKFold,BNBUSDT,28,7,4,SVR,,,insufficient_or_constant,4
GroupKFold,BNBUSDT,28,7,4,Persistence,,,insufficient_or_constant,4
GroupKFold,BNBUSDT,28,7,5,SVR,,,insufficient_or_constant,5
GroupKFold,BNBUSDT,28,7,5,Persistence,,,insufficient_or_constant,5
KFold,BNBUSDT,28,7,1,SVR,10.769772970415897,4.7817884366667436e-27,ok_small_sample,71
KFold,BNBUSDT,28,7,1,Persistence,0.07550151648142261,0.9398156910048759,ok_small_sample,71
KFold,BNBUSDT,28,7,2,SVR,7.516287991748466,5.635334597016396e-14,ok_small_sample,71
KFold,BNBUSDT,28,7,2,Persistence,-2.197276280018301,0.028000720641865914,ok_small_sample,71
KFold,BNBUSDT,28,7,3,SVR,9.63723372371965,5.566787605123674e-22,ok_small_sample,72
KFold,BNBUSDT,28,7,3,Persistence,0.2649920658982853,0.7910155738961141,ok_small_sample,72
KFold,BNBUSDT,28,7,4,SVR,8.449572603553742,2.9237113805921614e-17,ok_small_sample,72
KFold,BNBUSDT,28,7,4,Persistence,-0.35603055721637705,0.7218176812242633,ok_small_sample,72
KFold,BNBUSDT,28,7,5,SVR,7.054002381101854,1.7384340148523904e-12,ok_small_sample,72
KFold,BNBUSDT,28,7,5,Persistence,-0.021547998359727635,0.9828085151837743,ok_small_sample,72
ForwardChaining,BNBUSDT,28,7,1,SVR,10.769772970415897,4.7817884366667436e-27,ok_small_sample,71
ForwardChaining,BNBUSDT,28,7,1,Persistence,0.07550151648142261,0.9398156910048759,ok_small_sample,71
ForwardChaining,BNBUSDT,28,7,2,SVR,7.516287991748466,5.635334597016396e-14,ok_small_sample,71
ForwardChaining,BNBUSDT,28,7,2,Persistence,-2.197276280018301,0.028000720641865914,ok_small_sample,71
ForwardChaining,BNBUSDT,28,7,3,SVR,9.63723372371965,5.566787605123674e-22,ok_small_sample,72
ForwardChaining,BNBUSDT,28,7,3,Persistence,0.2649920658982853,0.7910155738961141,ok_small_sample,72
ForwardChaining,BNBUSDT,28,7,4,SVR,8.449572603553742,2.9237113805921614e-17,ok_small_sample,72
ForwardChaining,BNBUSDT,28,7,4,Persistence,-0.35603055721637705,0.7218176812242633,ok_small_sample,72
ForwardChaining,BNBUSDT,28,7,5,SVR,7.054002381101854,1.7384340148523904e-12,ok_small_sample,72
ForwardChaining,BNBUSDT,28,7,5,Persistence,-0.021547998359727635,0.9828085151837743,ok_small_sample,72
GroupKFold,BNBUSDT,7,14,1,SVR,,,insufficient_or_constant,4
GroupKFold,BNBUSDT,7,14,1,Persistence,,,insufficient_or_constant,4
GroupKFold,BNBUSDT,7,14,2,SVR,,,insufficient_or_constant,4
GroupKFold,BNBUSDT,7,14,2,Persistence,,,insufficient_or_constant,4
GroupKFold,BNBUSDT,7,14,3,SVR,,,insufficient_or_constant,4
GroupKFold,BNBUSDT,7,14,3,Persistence,,,insufficient_or_constant,4
GroupKFold,BNBUSDT,7,14,4,SVR,,,insufficient_or_constant,4
GroupKFold,BNBUSDT,7,14,4,Persistence,,,insufficient_or_constant,4
GroupKFold,BNBUSDT,7,14,5,SVR,,,insufficient_or_constant,5
GroupKFold,BNBUSDT,7,14,5,Persistence,,,insufficient_or_constant,5
KFold,BNBUSDT,7,14,1,SVR,2.7135890728462964,0.006655867207194037,ok_small_sample,71
KFold,BNBUSDT,7,14,1,Persistence,0.8855964385411195,0.37583503141211927,ok_small_sample,71
KFold,BNBUSDT,7,14,2,SVR,-0.981784804219495,0.3262058759268526,ok_small_sample,71
KFold,BNBUSDT,7,14,2,Persistence,-1.41110307507579,0.15821422342970248,ok_small_sample,71
KFold,BNBUSDT,7,14,3,SVR,0.26521966884693793,0.7908402437505914,ok_small_sample,72
KFold,BNBUSDT,7,14,3,Persistence,0.4426991717818022,0.6579833415931258,ok_small_sample,72
KFold,BNBUSDT,7,14,4,SVR,1.128507446386443,0.25910567387048833,ok_small_sample,72
KFold,BNBUSDT,7,14,4,Persistence,-1.244236840962168,0.2134124084471879,ok_small_sample,72
KFold,BNBUSDT,7,14,5,SVR,3.1244902857462766,0.0017811340291617526,ok_small_sample,72
KFold,BNBUSDT,7,14,5,Persistence,-0.7729822372309508,0.4395328930414454,ok_small_sample,72
ForwardChaining,BNBUSDT,7,14,1,SVR,2.7135890728462964,0.006655867207194037,ok_small_sample,71
ForwardChaining,BNBUSDT,7,14,1,Persistence,0.8855964385411195,0.37583503141211927,ok_small_sample,71
ForwardChaining,BNBUSDT,7,14,2,SVR,-0.981784804219495,0.3262058759268526,ok_small_sample,71
ForwardChaining,BNBUSDT,7,14,2,Persistence,-1.41110307507579,0.15821422342970248,ok_small_sample,71
ForwardChaining,BNBUSDT,7,14,3,SVR,0.26521966884693793,0.7908402437505914,ok_small_sample,72
ForwardChaining,BNBUSDT,7,14,3,Persistence,0.4426991717818022,0.6579833415931258,ok_small_sample,72
ForwardChaining,BNBUSDT,7,14,4,SVR,1.128507446386443,0.25910567387048833,ok_small_sample,72
ForwardChaining,BNBUSDT,7,14,4,Persistence,-1.244236840962168,0.2134124084471879,ok_small_sample,72
ForwardChaining,BNBUSDT,7,14,5,SVR,3.1244902857462766,0.0017811340291617526,ok_small_sample,72
ForwardChaining,BNBUSDT,7,14,5,Persistence,-0.7729822372309508,0.4395328930414454,ok_small_sample,72
GroupKFold,BNBUSDT,14,14,1,SVR,,,insufficient_or_constant,4
GroupKFold,BNBUSDT,14,14,1,Persistence,,,insufficient_or_constant,4
GroupKFold,BNBUSDT,14,14,2,SVR,,,insufficient_or_constant,4
GroupKFold,BNBUSDT,14,14,2,Persistence,,,insufficient_or_constant,4
GroupKFold,BNBUSDT,14,14,3,SVR,,,insufficient_or_constant,4
GroupKFold,BNBUSDT,14,14,3,Persistence,,,insufficient_or_constant,4
GroupKFold,BNBUSDT,14,14,4,SVR,,,insufficient_or_constant,4
GroupKFold,BNBUSDT,14,14,4,Persistence,,,insufficient_or_constant,4
GroupKFold,BNBUSDT,14,14,5,SVR,,,insufficient_or_constant,5
GroupKFold,BNBUSDT,14,14,5,Persistence,,,insufficient_or_constant,5
KFold,BNBUSDT,14,14,1,SVR,3.784559555875086,0.0001539810321763721,ok_small_sample,71
KFold,BNBUSDT,14,14,1,Persistence,-1.1885929766385241,0.23459987296272644,ok_small_sample,71
KFold,BNBUSDT,14,14,2,SVR,6.110711970207728,9.918763862456416e-10,ok_small_sample,71
KFold,BNBUSDT,14,14,2,Persistence,-1.353749228541627,0.17581639658088177,ok_small_sample,71
KFold,BNBUSDT,14,14,3,SVR,7.22832509554183,4.889870606916507e-13,ok_small_sample,72
KFold,BNBUSDT,14,14,3,Persistence,0.288015257727276,0.7733350593380629,ok_small_sample,72
KFold,BNBUSDT,14,14,4,SVR,4.808661352526579,1.5194435853564785e-06,ok_small_sample,72
KFold,BNBUSDT,14,14,4,Persistence,-0.3394121904059713,0.7342992364522594,ok_small_sample,72
KFold,BNBUSDT,14,14,5,SVR,3.7725676719308088,0.00016157612283690254,ok_small_sample,72
KFold,BNBUSDT,14,14,5,Persistence,0.6909882061998317,0.48957295264627554,ok_small_sample,72
ForwardChaining,BNBUSDT,14,14,1,SVR,3.784559555875086,0.0001539810321763721,ok_small_sample,71
ForwardChaining,BNBUSDT,14,14,1,Persistence,-1.1885929766385241,0.23459987296272644,ok_small_sample,71
ForwardChaining,BNBUSDT,14,14,2,SVR,6.110711970207728,9.918763862456416e-10,ok_small_sample,71
ForwardChaining,BNBUSDT,14,14,2,Persistence,-1.353749228541627,0.17581639658088177,ok_small_sample,71
ForwardChaining,BNBUSDT,14,14,3,SVR,7.22832509554183,4.889870606916507e-13,ok_small_sample,72
ForwardChaining,BNBUSDT,14,14,3,Persistence,0.288015257727276,0.7733350593380629,ok_small_sample,72
ForwardChaining,BNBUSDT,14,14,4,SVR,4.808661352526579,1.5194435853564785e-06,ok_small_sample,72
ForwardChaining,BNBUSDT,14,14,4,Persistence,-0.3394121904059713,0.7342992364522594,ok_small_sample,72
ForwardChaining,BNBUSDT,14,14,5,SVR,3.7725676719308088,0.00016157612283690254,ok_small_sample,72
ForwardChaining,BNBUSDT,14,14,5,Persistence,0.6909882061998317,0.48957295264627554,ok_small_sample,72
GroupKFold,BNBUSDT,21,14,1,SVR,,,insufficient_or_constant,4
GroupKFold,BNBUSDT,21,14,1,Persistence,,,insufficient_or_constant,4
GroupKFold,BNBUSDT,21,14,2,SVR,,,insufficient_or_constant,4
GroupKFold,BNBUSDT,21,14,2,Persistence,,,insufficient_or_constant,4
GroupKFold,BNBUSDT,21,14,3,SVR,,,insufficient_or_constant,4
GroupKFold,BNBUSDT,21,14,3,Persistence,,,insufficient_or_constant,4
GroupKFold,BNBUSDT,21,14,4,SVR,,,insufficient_or_constant,4
GroupKFold,BNBUSDT,21,14,4,Persistence,,,insufficient_or_constant,4
GroupKFold,BNBUSDT,21,14,5,SVR,,,insufficient_or_constant,5
GroupKFold,BNBUSDT,21,14,5,Persistence,,,insufficient_or_constant,5
KFold,BNBUSDT,21,14,1,SVR,6.0018926796072645,1.9503060031042645e-09,ok_small_sample,71
KFold,BNBUSDT,21,14,1,Persistence,-0.8594632161863238,0.3900850056251325,ok_small_sample,71
KFold,BNBUSDT,21,14,2,SVR,8.061622324602672,7.528850253467632e-16,ok_small_sample,71
KFold,BNBUSDT,21,14,2,Persistence,0.7299165580226584,0.4654411904660163,ok_small_sample,71
KFold,BNBUSDT,21,14,3,SVR,9.219642842786428,2.980914494394467e-20,ok_small_sample,72
KFold,BNBUSDT,21,14,3,Persistence,-0.30702674294695365,0.7588230167272335,ok_small_sample,72
KFold,BNBUSDT,21,14,4,SVR,7.042198598581051,1.8922984774637262e-12,ok_small_sample,72
KFold,BNBUSDT,21,14,4,Persistence,0.8077015325013852,0.41926242118826407,ok_small_sample,72
KFold,BNBUSDT,21,14,5,SVR,7.035398674490261,1.986920629582841e-12,ok_small_sample,72
KFold,BNBUSDT,21,14,5,Persistence,-1.1552766456906272,0.24797715651005714,ok_small_sample,72
ForwardChaining,BNBUSDT,21,14,1,SVR,6.0018926796072645,1.9503060031042645e-09,ok_small_sample,71
ForwardChaining,BNBUSDT,21,14,1,Persistence,-0.8594632161863238,0.3900850056251325,ok_small_sample,71
ForwardChaining,BNBUSDT,21,14,2,SVR,8.061622324602672,7.528850253467632e-16,ok_small_sample,71
ForwardChaining,BNBUSDT,21,14,2,Persistence,0.7299165580226584,0.4654411904660163,ok_small_sample,71
ForwardChaining,BNBUSDT,21,14,3,SVR,9.219642842786428,2.980914494394467e-20,ok_small_sample,72
ForwardChaining,BNBUSDT,21,14,3,Persistence,-0.30702674294695365,0.7588230167272335,ok_small_sample,72
ForwardChaining,BNBUSDT,21,14,4,SVR,7.042198598581051,1.8922984774637262e-12,ok_small_sample,72
ForwardChaining,BNBUSDT,21,14,4,Persistence,0.8077015325013852,0.41926242118826407,ok_small_sample,72
ForwardChaining,BNBUSDT,21,14,5,SVR,7.035398674490261,1.986920629582841e-12,ok_small_sample,72
ForwardChaining,BNBUSDT,21,14,5,Persistence,-1.1552766456906272,0.24797715651005714,ok_small_sample,72
GroupKFold,BNBUSDT,28,14,1,SVR,,,insufficient_or_constant,4
GroupKFold,BNBUSDT,28,14,1,Persistence,,,insufficient_or_constant,4
GroupKFold,BNBUSDT,28,14,2,SVR,,,insufficient_or_constant,4
GroupKFold,BNBUSDT,28,14,2,Persistence,,,insufficient_or_constant,4
GroupKFold,BNBUSDT,28,14,3,SVR,,,insufficient_or_constant,4
GroupKFold,BNBUSDT,28,14,3,Persistence,,,insufficient_or_constant,4
GroupKFold,BNBUSDT,28,14,4,SVR,,,insufficient_or_constant,4
GroupKFold,BNBUSDT,28,14,4,Persistence,,,insufficient_or_constant,4
GroupKFold,BNBUSDT,28,14,5,SVR,,,insufficient_or_constant,5
GroupKFold,BNBUSDT,28,14,5,Persistence,,,insufficient_or_constant,5
KFold,BNBUSDT,28,14,1,SVR,7.394256649448074,1.422015208569694e-13,ok_small_sample,71
KFold,BNBUSDT,28,14,1,Persistence,0.07550151648142261,0.9398156910048759,ok_small_sample,71
KFold,BNBUSDT,28,14,2,SVR,8.638129144957196,5.714100427114073e-18,ok_small_sample,71
KFold,BNBUSDT,28,14,2,Persistence,-2.197276280018301,0.028000720641865914,ok_small_sample,71
KFold,BNBUSDT,28,14,3,SVR,9.266144159681367,1.9299687132567022e-20,ok_small_sample,72
KFold,BNBUSDT,28,14,3,Persistence,0.2649920658982853,0.7910155738961141,ok_small_sample,72
KFold,BNBUSDT,28,14,4,SVR,7.267766603227665,3.654795395019273e-13,ok_small_sample,72
KFold,BNBUSDT,28,14,4,Persistence,-0.35603055721637705,0.7218176812242633,ok_small_sample,72
KFold,BNBUSDT,28,14,5,SVR,8.157627644303508,3.4166891181967195e-16,ok_small_sample,72
KFold,BNBUSDT,28,14,5,Persistence,-0.021547998359727635,0.9828085151837743,ok_small_sample,72
ForwardChaining,BNBUSDT,28,14,1,SVR,7.394256649448074,1.422015208569694e-13,ok_small_sample,71
ForwardChaining,BNBUSDT,28,14,1,Persistence,0.07550151648142261,0.9398156910048759,ok_small_sample,71
ForwardChaining,BNBUSDT,28,14,2,SVR,8.638129144957196,5.714100427114073e-18,ok_small_sample,71
ForwardChaining,BNBUSDT,28,14,2,Persistence,-2.197276280018301,0.028000720641865914,ok_small_sample,71
ForwardChaining,BNBUSDT,28,14,3,SVR,9.266144159681367,1.9299687132567022e-20,ok_small_sample,72
ForwardChaining,BNBUSDT,28,14,3,Persistence,0.2649920658982853,0.7910155738961141,ok_small_sample,72
ForwardChaining,BNBUSDT,28,14,4,SVR,7.267766603227665,3.654795395019273e-13,ok_small_sample,72
ForwardChaining,BNBUSDT,28,14,4,Persistence,-0.35603055721637705,0.7218176812242633,ok_small_sample,72
ForwardChaining,BNBUSDT,28,14,5,SVR,8.157627644303508,3.4166891181967195e-16,ok_small_sample,72
ForwardChaining,BNBUSDT,28,14,5,Persistence,-0.021547998359727635,0.9828085151837743,ok_small_sample,72
GroupKFold,BNBUSDT,7,21,1,SVR,,,insufficient_or_constant,4
GroupKFold,BNBUSDT,7,21,1,Persistence,,,insufficient_or_constant,4
GroupKFold,BNBUSDT,7,21,2,SVR,,,insufficient_or_constant,4
GroupKFold,BNBUSDT,7,21,2,Persistence,,,insufficient_or_constant,4
GroupKFold,BNBUSDT,7,21,3,SVR,,,insufficient_or_constant,4
GroupKFold,BNBUSDT,7,21,3,Persistence,,,insufficient_or_constant,4
GroupKFold,BNBUSDT,7,21,4,SVR,,,insufficient_or_constant,4
GroupKFold,BNBUSDT,7,21,4,Persistence,,,insufficient_or_constant,4
GroupKFold,BNBUSDT,7,21,5,SVR,,,insufficient_or_constant,5
GroupKFold,BNBUSDT,7,21,5,Persistence,,,insufficient_or_constant,5
KFold,BNBUSDT,7,21,1,SVR,3.732428727573011,0.00018964236549070949,ok_small_sample,71
KFold,BNBUSDT,7,21,1,Persistence,0.8855964385411195,0.37583503141211927,ok_small_sample,71
KFold,BNBUSDT,7,21,2,SVR,4.355495590111344,1.3276618996233376e-05,ok_small_sample,71
KFold,BNBUSDT,7,21,2,Persistence,-1.41110307507579,0.15821422342970248,ok_small_sample,71
KFold,BNBUSDT,7,21,3,SVR,1.2007383020340305,0.22985273153182417,ok_small_sample,72
KFold,BNBUSDT,7,21,3,Persistence,0.4426991717818022,0.6579833415931258,ok_small_sample,72
KFold,BNBUSDT,7,21,4,SVR,0.05259000868797371,0.9580585778674281,ok_small_sample,72
KFold,BNBUSDT,7,21,4,Persistence,-1.244236840962168,0.2134124084471879,ok_small_sample,72
KFold,BNBUSDT,7,21,5,SVR,1.903326690655447,0.05699793020269322,ok_small_sample,72
KFold,BNBUSDT,7,21,5,Persistence,-0.7729822372309508,0.4395328930414454,ok_small_sample,72
ForwardChaining,BNBUSDT,7,21,1,SVR,3.732428727573011,0.00018964236549070949,ok_small_sample,71
ForwardChaining,BNBUSDT,7,21,1,Persistence,0.8855964385411195,0.37583503141211927,ok_small_sample,71
ForwardChaining,BNBUSDT,7,21,2,SVR,4.355495590111344,1.3276618996233376e-05,ok_small_sample,71
ForwardChaining,BNBUSDT,7,21,2,Persistence,-1.41110307507579,0.15821422342970248,ok_small_sample,71
ForwardChaining,BNBUSDT,7,21,3,SVR,1.2007383020340305,0.22985273153182417,ok_small_sample,72
ForwardChaining,BNBUSDT,7,21,3,Persistence,0.4426991717818022,0.6579833415931258,ok_small_sample,72
ForwardChaining,BNBUSDT,7,21,4,SVR,0.05259000868797371,0.9580585778674281,ok_small_sample,72
ForwardChaining,BNBUSDT,7,21,4,Persistence,-1.244236840962168,0.2134124084471879,ok_small_sample,72
ForwardChaining,BNBUSDT,7,21,5,SVR,1.903326690655447,0.05699793020269322,ok_small_sample,72
ForwardChaining,BNBUSDT,7,21,5,Persistence,-0.7729822372309508,0.4395328930414454,ok_small_sample,72
GroupKFold,BNBUSDT,14,21,1,SVR,,,insufficient_or_constant,4
GroupKFold,BNBUSDT,14,21,1,Persistence,,,insufficient_or_constant,4
GroupKFold,BNBUSDT,14,21,2,SVR,,,insufficient_or_constant,4
GroupKFold,BNBUSDT,14,21,2,Persistence,,,insufficient_or_constant,4
GroupKFold,BNBUSDT,14,21,3,SVR,,,insufficient_or_constant,4
GroupKFold,BNBUSDT,14,21,3,Persistence,,,insufficient_or_constant,4
GroupKFold,BNBUSDT,14,21,4,SVR,,,insufficient_or_constant,4
GroupKFold,BNBUSDT,14,21,4,Persistence,,,insufficient_or_constant,4
GroupKFold,BNBUSDT,14,21,5,SVR,,,insufficient_or_constant,5
GroupKFold,BNBUSDT,14,21,5,Persistence,,,insufficient_or_constant,5
KFold,BNBUSDT,14,21,1,SVR,2.5031861678073737,0.012308078300708578,ok_small_sample,71
KFold,BNBUSDT,14,21,1,Persistence,-1.1885929766385241,0.23459987296272644,ok_small_sample,71
KFold,BNBUSDT,14,21,2,SVR,6.115335399965478,9.63540915836439e-10,ok_small_sample,71
KFold,BNBUSDT,14,21,2,Persistence,-1.353749228541627,0.17581639658088177,ok_small_sample,71
KFold,BNBUSDT,14,21,3,SVR,4.890828784537029,1.0041228069638561e-06,ok_small_sample,72
KFold,BNBUSDT,14,21,3,Persistence,0.288015257727276,0.7733350593380629,ok_small_sample,72
KFold,BNBUSDT,14,21,4,SVR,5.791628559933429,6.970717086675803e-09,ok_small_sample,72
KFold,BNBUSDT,14,21,4,Persistence,-0.3394121904059713,0.7342992364522594,ok_small_sample,72
KFold,BNBUSDT,14,21,5,SVR,3.466883518396786,0.0005265300060449639,ok_small_sample,72
KFold,BNBUSDT,14,21,5,Persistence,0.6909882061998317,0.48957295264627554,ok_small_sample,72
ForwardChaining,BNBUSDT,14,21,1,SVR,2.5031861678073737,0.012308078300708578,ok_small_sample,71
ForwardChaining,BNBUSDT,14,21,1,Persistence,-1.1885929766385241,0.23459987296272644,ok_small_sample,71
ForwardChaining,BNBUSDT,14,21,2,SVR,6.115335399965478,9.63540915836439e-10,ok_small_sample,71
ForwardChaining,BNBUSDT,14,21,2,Persistence,-1.353749228541627,0.17581639658088177,ok_small_sample,71
ForwardChaining,BNBUSDT,14,21,3,SVR,4.890828784537029,1.0041228069638561e-06,ok_small_sample,72
ForwardChaining,BNBUSDT,14,21,3,Persistence,0.288015257727276,0.7733350593380629,ok_small_sample,72
ForwardChaining,BNBUSDT,14,21,4,SVR,5.791628559933429,6.970717086675803e-09,ok_small_sample,72
ForwardChaining,BNBUSDT,14,21,4,Persistence,-0.3394121904059713,0.7342992364522594,ok_small_sample,72
ForwardChaining,BNBUSDT,14,21,5,SVR,3.466883518396786,0.0005265300060449639,ok_small_sample,72
ForwardChaining,BNBUSDT,14,21,5,Persistence,0.6909882061998317,0.48957295264627554,ok_small_sample,72
GroupKFold,BNBUSDT,21,21,1,SVR,,,insufficient_or_constant,4
GroupKFold,BNBUSDT,21,21,1,Persistence,,,insufficient_or_constant,4
GroupKFold,BNBUSDT,21,21,2,SVR,,,insufficient_or_constant,4
GroupKFold,BNBUSDT,21,21,2,Persistence,,,insufficient_or_constant,4
GroupKFold,BNBUSDT,21,21,3,SVR,,,insufficient_or_constant,4
GroupKFold,BNBUSDT,21,21,3,Persistence,,,insufficient_or_constant,4
GroupKFold,BNBUSDT,21,21,4,SVR,,,insufficient_or_constant,4
GroupKFold,BNBUSDT,21,21,4,Persistence,,,insufficient_or_constant,4
GroupKFold,BNBUSDT,21,21,5,SVR,,,insufficient_or_constant,5
GroupKFold,BNBUSDT,21,21,5,Persistence,,,insufficient_or_constant,5
KFold,BNBUSDT,21,21,1,SVR,6.594075696060084,4.2791335247877515e-11,ok_small_sample,71
KFold,BNBUSDT,21,21,1,Persistence,-0.8594632161863238,0.3900850056251325,ok_small_sample,71
KFold,BNBUSDT,21,21,2,SVR,4.458951541510659,8.236153716529789e-06,ok_small_sample,71
KFold,BNBUSDT,21,21,2,Persistence,0.7299165580226584,0.4654411904660163,ok_small_sample,71
KFold,BNBUSDT,21,21,3,SVR,5.079508095409527,3.784134004621888e-07,ok_small_sample,72
KFold,BNBUSDT,21,21,3,Persistence,-0.30702674294695365,0.7588230167272335,ok_small_sample,72
KFold,BNBUSDT,21,21,4,SVR,4.966453394682687,6.818843058739885e-07,ok_small_sample,72
KFold,BNBUSDT,21,21,4,Persistence,0.8077015325013852,0.41926242118826407,ok_small_sample,72
KFold,BNBUSDT,21,21,5,SVR,5.380626018714977,7.422725593403405e-08,ok_small_sample,72
KFold,BNBUSDT,21,21,5,Persistence,-1.1552766456906272,0.24797715651005714,ok_small_sample,72
ForwardChaining,BNBUSDT,21,21,1,SVR,6.594075696060084,4.2791335247877515e-11,ok_small_sample,71
ForwardChaining,BNBUSDT,21,21,1,Persistence,-0.8594632161863238,0.3900850056251325,ok_small_sample,71
ForwardChaining,BNBUSDT,21,21,2,SVR,4.458951541510659,8.236153716529789e-06,ok_small_sample,71
ForwardChaining,BNBUSDT,21,21,2,Persistence,0.7299165580226584,0.4654411904660163,ok_small_sample,71
ForwardChaining,BNBUSDT,21,21,3,SVR,5.079508095409527,3.784134004621888e-07,ok_small_sample,72
ForwardChaining,BNBUSDT,21,21,3,Persistence,-0.30702674294695365,0.7588230167272335,ok_small_sample,72
ForwardChaining,BNBUSDT,21,21,4,SVR,4.966453394682687,6.818843058739885e-07,ok_small_sample,72
ForwardChaining,BNBUSDT,21,21,4,Persistence,0.8077015325013852,0.41926242118826407,ok_small_sample,72
ForwardChaining,BNBUSDT,21,21,5,SVR,5.380626018714977,7.422725593403405e-08,ok_small_sample,72
ForwardChaining,BNBUSDT,21,21,5,Persistence,-1.1552766456906272,0.24797715651005714,ok_small_sample,72
GroupKFold,BNBUSDT,28,21,1,SVR,,,insufficient_or_constant,4
GroupKFold,BNBUSDT,28,21,1,Persistence,,,insufficient_or_constant,4
GroupKFold,BNBUSDT,28,21,2,SVR,,,insufficient_or_constant,4
GroupKFold,BNBUSDT,28,21,2,Persistence,,,insufficient_or_constant,4
GroupKFold,BNBUSDT,28,21,3,SVR,,,insufficient_or_constant,4
GroupKFold,BNBUSDT,28,21,3,Persistence,,,insufficient_or_constant,4
GroupKFold,BNBUSDT,28,21,4,SVR,,,insufficient_or_constant,4
GroupKFold,BNBUSDT,28,21,4,Persistence,,,insufficient_or_constant,4
GroupKFold,BNBUSDT,28,21,5,SVR,,,insufficient_or_constant,5
GroupKFold,BNBUSDT,28,21,5,Persistence,,,insufficient_or_constant,5
KFold,BNBUSDT,28,21,1,SVR,8.097627259416003,5.60414675461603e-16,ok_small_sample,71
KFold,BNBUSDT,28,21,1,Persistence,0.07550151648142261,0.9398156910048759,ok_small_sample,71
KFold,BNBUSDT,28,21,2,SVR,7.707148969905827,1.2865958668594916e-14,ok_small_sample,71
KFold,BNBUSDT,28,21,2,Persistence,-2.197276280018301,0.028000720641865914,ok_small_sample,71
KFold,BNBUSDT,28,21,3,SVR,8.454619951378028,2.799978237302821e-17,ok_small_sample,72
KFold,BNBUSDT,28,21,3,Persistence,0.2649920658982853,0.7910155738961141,ok_small_sample,72
KFold,BNBUSDT,28,21,4,SVR,6.951738489757003,3.6081179666773584e-12,ok_small_sample,72
KFold,BNBUSDT,28,21,4,Persistence,-0.35603055721637705,0.7218176812242633,ok_small_sample,72
KFold,BNBUSDT,28,21,5,SVR,7.210443939316181,5.576975395634928e-13,ok_small_sample,72
KFold,BNBUSDT,28,21,5,Persistence,-0.021547998359727635,0.9828085151837743,ok_small_sample,72
ForwardChaining,BNBUSDT,28,21,1,SVR,8.097627259416003,5.60414675461603e-16,ok_small_sample,71
ForwardChaining,BNBUSDT,28,21,1,Persistence,0.07550151648142261,0.9398156910048759,ok_small_sample,71
ForwardChaining,BNBUSDT,28,21,2,SVR,7.707148969905827,1.2865958668594916e-14,ok_small_sample,71
ForwardChaining,BNBUSDT,28,21,2,Persistence,-2.197276280018301,0.028000720641865914,ok_small_sample,71
ForwardChaining,BNBUSDT,28,21,3,SVR,8.454619951378028,2.799978237302821e-17,ok_small_sample,72
ForwardChaining,BNBUSDT,28,21,3,Persistence,0.2649920658982853,0.7910155738961141,ok_small_sample,72
ForwardChaining,BNBUSDT,28,21,4,SVR,6.951738489757003,3.6081179666773584e-12,ok_small_sample,72
ForwardChaining,BNBUSDT,28,21,4,Persistence,-0.35603055721637705,0.7218176812242633,ok_small_sample,72
ForwardChaining,BNBUSDT,28,21,5,SVR,7.210443939316181,5.576975395634928e-13,ok_small_sample,72
ForwardChaining,BNBUSDT,28,21,5,Persistence,-0.021547998359727635,0.9828085151837743,ok_small_sample,72
GroupKFold,BNBUSDT,7,28,1,SVR,,,insufficient_or_constant,4
GroupKFold,BNBUSDT,7,28,1,Persistence,,,insufficient_or_constant,4
GroupKFold,BNBUSDT,7,28,2,SVR,,,insufficient_or_constant,4
GroupKFold,BNBUSDT,7,28,2,Persistence,,,insufficient_or_constant,4
GroupKFold,BNBUSDT,7,28,3,SVR,,,insufficient_or_constant,4
GroupKFold,BNBUSDT,7,28,3,Persistence,,,insufficient_or_constant,4
GroupKFold,BNBUSDT,7,28,4,SVR,,,insufficient_or_constant,4
GroupKFold,BNBUSDT,7,28,4,Persistence,,,insufficient_or_constant,4
GroupKFold,BNBUSDT,7,28,5,SVR,,,insufficient_or_constant,5
GroupKFold,BNBUSDT,7,28,5,Persistence,,,insufficient_or_constant,5
KFold,BNBUSDT,7,28,1,SVR,3.1453496630535787,0.0016588842970602714,ok_small_sample,71
KFold,BNBUSDT,7,28,1,Persistence,0.8855964385411195,0.37583503141211927,ok_small_sample,71
KFold,BNBUSDT,7,28,2,SVR,5.3714818009153085,7.809225074209388e-08,ok_small_sample,71
KFold,BNBUSDT,7,28,2,Persistence,-1.41110307507579,0.15821422342970248,ok_small_sample,71
KFold,BNBUSDT,7,28,3,SVR,3.5849629546317003,0.0003371260547323687,ok_small_sample,72
KFold,BNBUSDT,7,28,3,Persistence,0.4426991717818022,0.6579833415931258,ok_small_sample,72
KFold,BNBUSDT,7,28,4,SVR,1.4388355274165168,0.15019712787054354,ok_small_sample,72
KFold,BNBUSDT,7,28,4,Persistence,-1.244236840962168,0.2134124084471879,ok_small_sample,72
KFold,BNBUSDT,7,28,5,SVR,2.5174597342103207,0.011820447971995178,ok_small_sample,72
KFold,BNBUSDT,7,28,5,Persistence,-0.7729822372309508,0.4395328930414454,ok_small_sample,72
ForwardChaining,BNBUSDT,7,28,1,SVR,3.1453496630535787,0.0016588842970602714,ok_small_sample,71
ForwardChaining,BNBUSDT,7,28,1,Persistence,0.8855964385411195,0.37583503141211927,ok_small_sample,71
ForwardChaining,BNBUSDT,7,28,2,SVR,5.3714818009153085,7.809225074209388e-08,ok_small_sample,71
ForwardChaining,BNBUSDT,7,28,2,Persistence,-1.41110307507579,0.15821422342970248,ok_small_sample,71
ForwardChaining,BNBUSDT,7,28,3,SVR,3.5849629546317003,0.0003371260547323687,ok_small_sample,72
ForwardChaining,BNBUSDT,7,28,3,Persistence,0.4426991717818022,0.6579833415931258,ok_small_sample,72
ForwardChaining,BNBUSDT,7,28,4,SVR,1.4388355274165168,0.15019712787054354,ok_small_sample,72
ForwardChaining,BNBUSDT,7,28,4,Persistence,-1.244236840962168,0.2134124084471879,ok_small_sample,72
ForwardChaining,BNBUSDT,7,28,5,SVR,2.5174597342103207,0.011820447971995178,ok_small_sample,72
ForwardChaining,BNBUSDT,7,28,5,Persistence,-0.7729822372309508,0.4395328930414454,ok_small_sample,72
GroupKFold,BNBUSDT,14,28,1,SVR,,,insufficient_or_constant,4
GroupKFold,BNBUSDT,14,28,1,Persistence,,,insufficient_or_constant,4
GroupKFold,BNBUSDT,14,28,2,SVR,,,insufficient_or_constant,4
GroupKFold,BNBUSDT,14,28,2,Persistence,,,insufficient_or_constant,4
GroupKFold,BNBUSDT,14,28,3,SVR,,,insufficient_or_constant,4
GroupKFold,BNBUSDT,14,28,3,Persistence,,,insufficient_or_constant,4
GroupKFold,BNBUSDT,14,28,4,SVR,,,insufficient_or_constant,4
GroupKFold,BNBUSDT,14,28,4,Persistence,,,insufficient_or_constant,4
GroupKFold,BNBUSDT,14,28,5,SVR,,,insufficient_or_constant,5
GroupKFold,BNBUSDT,14,28,5,Persistence,,,insufficient_or_constant,5
KFold,BNBUSDT,14,28,1,SVR,4.767976115889539,1.8608583791459158e-06,ok_small_sample,71
KFold,BNBUSDT,14,28,1,Persistence,-1.1885929766385241,0.23459987296272644,ok_small_sample,71
KFold,BNBUSDT,14,28,2,SVR,3.856149392827145,0.00011518710877215023,ok_small_sample,71
KFold,BNBUSDT,14,28,2,Persistence,-1.353749228541627,0.17581639658088177,ok_small_sample,71
KFold,BNBUSDT,14,28,3,SVR,3.1329765233008486,0.0017304328240001518,ok_small_sample,72
KFold,BNBUSDT,14,28,3,Persistence,0.288015257727276,0.7733350593380629,ok_small_sample,72
KFold,BNBUSDT,14,28,4,SVR,4.411089715981576,1.0285168897075832e-05,ok_small_sample,72
KFold,BNBUSDT,14,28,4,Persistence,-0.3394121904059713,0.7342992364522594,ok_small_sample,72
KFold,BNBUSDT,14,28,5,SVR,6.903090694645845,5.088312018281087e-12,ok_small_sample,72
KFold,BNBUSDT,14,28,5,Persistence,0.6909882061998317,0.48957295264627554,ok_small_sample,72
ForwardChaining,BNBUSDT,14,28,1,SVR,4.767976115889539,1.8608583791459158e-06,ok_small_sample,71
ForwardChaining,BNBUSDT,14,28,1,Persistence,-1.1885929766385241,0.23459987296272644,ok_small_sample,71
ForwardChaining,BNBUSDT,14,28,2,SVR,3.856149392827145,0.00011518710877215023,ok_small_sample,71
ForwardChaining,BNBUSDT,14,28,2,Persistence,-1.353749228541627,0.17581639658088177,ok_small_sample,71
ForwardChaining,BNBUSDT,14,28,3,SVR,3.1329765233008486,0.0017304328240001518,ok_small_sample,72
ForwardChaining,BNBUSDT,14,28,3,Persistence,0.288015257727276,0.7733350593380629,ok_small_sample,72
ForwardChaining,BNBUSDT,14,28,4,SVR,4.411089715981576,1.0285168897075832e-05,ok_small_sample,72
ForwardChaining,BNBUSDT,14,28,4,Persistence,-0.3394121904059713,0.7342992364522594,ok_small_sample,72
ForwardChaining,BNBUSDT,14,28,5,SVR,6.903090694645845,5.088312018281087e-12,ok_small_sample,72
ForwardChaining,BNBUSDT,14,28,5,Persistence,0.6909882061998317,0.48957295264627554,ok_small_sample,72
GroupKFold,BNBUSDT,21,28,1,SVR,,,insufficient_or_constant,4
GroupKFold,BNBUSDT,21,28,1,Persistence,,,insufficient_or_constant,4
GroupKFold,BNBUSDT,21,28,2,SVR,,,insufficient_or_constant,4
GroupKFold,BNBUSDT,21,28,2,Persistence,,,insufficient_or_constant,4
GroupKFold,BNBUSDT,21,28,3,SVR,,,insufficient_or_constant,4
GroupKFold,BNBUSDT,21,28,3,Persistence,,,insufficient_or_constant,4
GroupKFold,BNBUSDT,21,28,4,SVR,,,insufficient_or_constant,4
GroupKFold,BNBUSDT,21,28,4,Persistence,,,insufficient_or_constant,4
GroupKFold,BNBUSDT,21,28,5,SVR,,,insufficient_or_constant,5
GroupKFold,BNBUSDT,21,28,5,Persistence,,,insufficient_or_constant,5
KFold,BNBUSDT,21,28,1,SVR,6.554750813480174,5.573486562022258e-11,ok_small_sample,71
KFold,BNBUSDT,21,28,1,Persistence,-0.8594632161863238,0.3900850056251325,ok_small_sample,71
KFold,BNBUSDT,21,28,2,SVR,5.720286768500182,1.0634441235175423e-08,ok_small_sample,71
KFold,BNBUSDT,21,28,2,Persistence,0.7299165580226584,0.4654411904660163,ok_small_sample,71
KFold,BNBUSDT,21,28,3,SVR,6.712124581675636,1.918108156540786e-11,ok_small_sample,72
KFold,BNBUSDT,21,28,3,Persistence,-0.30702674294695365,0.7588230167272335,ok_small_sample,72
KFold,BNBUSDT,21,28,4,SVR,6.948106847836643,3.7022057368093226e-12,ok_small_sample,72
KFold,BNBUSDT,21,28,4,Persistence,0.8077015325013852,0.41926242118826407,ok_small_sample,72
KFold,BNBUSDT,21,28,5,SVR,7.521054563684903,5.4336165326170654e-14,ok_small_sample,72
KFold,BNBUSDT,21,28,5,Persistence,-1.1552766456906272,0.24797715651005714,ok_small_sample,72
ForwardChaining,BNBUSDT,21,28,1,SVR,6.554750813480174,5.573486562022258e-11,ok_small_sample,71
ForwardChaining,BNBUSDT,21,28,1,Persistence,-0.8594632161863238,0.3900850056251325,ok_small_sample,71
ForwardChaining,BNBUSDT,21,28,2,SVR,5.720286768500182,1.0634441235175423e-08,ok_small_sample,71
ForwardChaining,BNBUSDT,21,28,2,Persistence,0.7299165580226584,0.4654411904660163,ok_small_sample,71
ForwardChaining,BNBUSDT,21,28,3,SVR,6.712124581675636,1.918108156540786e-11,ok_small_sample,72
ForwardChaining,BNBUSDT,21,28,3,Persistence,-0.30702674294695365,0.7588230167272335,ok_small_sample,72
ForwardChaining,BNBUSDT,21,28,4,SVR,6.948106847836643,3.7022057368093226e-12,ok_small_sample,72
ForwardChaining,BNBUSDT,21,28,4,Persistence,0.8077015325013852,0.41926242118826407,ok_small_sample,72
ForwardChaining,BNBUSDT,21,28,5,SVR,7.521054563684903,5.4336165326170654e-14,ok_small_sample,72
ForwardChaining,BNBUSDT,21,28,5,Persistence,-1.1552766456906272,0.24797715651005714,ok_small_sample,72
GroupKFold,BNBUSDT,28,28,1,SVR,,,insufficient_or_constant,4
GroupKFold,BNBUSDT,28,28,1,Persistence,,,insufficient_or_constant,4
GroupKFold,BNBUSDT,28,28,2,SVR,,,insufficient_or_constant,4
GroupKFold,BNBUSDT,28,28,2,Persistence,,,insufficient_or_constant,4
GroupKFold,BNBUSDT,28,28,3,SVR,,,insufficient_or_constant,4
GroupKFold,BNBUSDT,28,28,3,Persistence,,,insufficient_or_constant,4
GroupKFold,BNBUSDT,28,28,4,SVR,,,insufficient_or_constant,4
GroupKFold,BNBUSDT,28,28,4,Persistence,,,insufficient_or_constant,4
GroupKFold,BNBUSDT,28,28,5,SVR,,,insufficient_or_constant,5
GroupKFold,BNBUSDT,28,28,5,Persistence,,,insufficient_or_constant,5
KFold,BNBUSDT,28,28,1,SVR,8.476311443467726,2.3244598450461133e-17,ok_small_sample,71
KFold,BNBUSDT,28,28,1,Persistence,0.07550151648142261,0.9398156910048759,ok_small_sample,71
KFold,BNBUSDT,28,28,2,SVR,8.048771737917468,8.362905411857178e-16,ok_small_sample,71
KFold,BNBUSDT,28,28,2,Persistence,-2.197276280018301,0.028000720641865914,ok_small_sample,71
KFold,BNBUSDT,28,28,3,SVR,8.21505431905924,2.120682414166873e-16,ok_small_sample,72
KFold,BNBUSDT,28,28,3,Persistence,0.2649920658982853,0.7910155738961141,ok_small_sample,72
KFold,BNBUSDT,28,28,4,SVR,10.93756668990709,7.621812136710369e-28,ok_small_sample,72
KFold,BNBUSDT,28,28,4,Persistence,-0.35603055721637705,0.7218176812242633,ok_small_sample,72
KFold,BNBUSDT,28,28,5,SVR,10.674742684520918,1.3362722525389698e-26,ok_small_sample,72
KFold,BNBUSDT,28,28,5,Persistence,-0.021547998359727635,0.9828085151837743,ok_small_sample,72
ForwardChaining,BNBUSDT,28,28,1,SVR,8.476311443467726,2.3244598450461133e-17,ok_small_sample,71
ForwardChaining,BNBUSDT,28,28,1,Persistence,0.07550151648142261,0.9398156910048759,ok_small_sample,71
ForwardChaining,BNBUSDT,28,28,2,SVR,8.048771737917468,8.362905411857178e-16,ok_small_sample,71
ForwardChaining,BNBUSDT,28,28,2,Persistence,-2.197276280018301,0.028000720641865914,ok_small_sample,71
ForwardChaining,BNBUSDT,28,28,3,SVR,8.21505431905924,2.120682414166873e-16,ok_small_sample,72
ForwardChaining,BNBUSDT,28,28,3,Persistence,0.2649920658982853,0.7910155738961141,ok_small_sample,72
ForwardChaining,BNBUSDT,28,28,4,SVR,10.93756668990709,7.621812136710369e-28,ok_small_sample,72
ForwardChaining,BNBUSDT,28,28,4,Persistence,-0.35603055721637705,0.7218176812242633,ok_small_sample,72
ForwardChaining,BNBUSDT,28,28,5,SVR,10.674742684520918,1.3362722525389698e-26,ok_small_sample,72
ForwardChaining,BNBUSDT,28,28,5,Persistence,-0.021547998359727635,0.9828085151837743,ok_small_sample,72
GroupKFold,XRPUSDT,7,7,1,SVR,,,insufficient_or_constant,4
GroupKFold,XRPUSDT,7,7,1,Persistence,,,insufficient_or_constant,4
GroupKFold,XRPUSDT,7,7,2,SVR,,,insufficient_or_constant,4
GroupKFold,XRPUSDT,7,7,2,Persistence,,,insufficient_or_constant,4
GroupKFold,XRPUSDT,7,7,3,SVR,,,insufficient_or_constant,4
GroupKFold,XRPUSDT,7,7,3,Persistence,,,insufficient_or_constant,4
GroupKFold,XRPUSDT,7,7,4,SVR,,,insufficient_or_constant,4
GroupKFold,XRPUSDT,7,7,4,Persistence,,,insufficient_or_constant,4
GroupKFold,XRPUSDT,7,7,5,SVR,,,insufficient_or_constant,5
GroupKFold,XRPUSDT,7,7,5,Persistence,,,insufficient_or_constant,5
KFold,XRPUSDT,7,7,1,SVR,1.9294335703462038,0.05367705950776493,ok_small_sample,71
KFold,XRPUSDT,7,7,1,Persistence,-0.9150879569373918,0.36014545675566345,ok_small_sample,71
KFold,XRPUSDT,7,7,2,SVR,2.2752199531437998,0.02289273849301824,ok_small_sample,71
KFold,XRPUSDT,7,7,2,Persistence,-0.8877766708157796,0.37466089430484273,ok_small_sample,71
KFold,XRPUSDT,7,7,3,SVR,0.8783447599615083,0.37975665230713385,ok_small_sample,72
KFold,XRPUSDT,7,7,3,Persistence,0.14526150258199233,0.8845044087664673,ok_small_sample,72
KFold,XRPUSDT,7,7,4,SVR,3.0472418937803227,0.0023095177340589513,ok_small_sample,72
KFold,XRPUSDT,7,7,4,Persistence,-1.0834931986629464,0.27858956810586366,ok_small_sample,72
KFold,XRPUSDT,7,7,5,SVR,-0.36958703788070574,0.7116902105857611,ok_small_sample,72
KFold,XRPUSDT,7,7,5,Persistence,-1.0594310943547032,0.2894034948842734,ok_small_sample,72
ForwardChaining,XRPUSDT,7,7,1,SVR,1.9294335703462038,0.05367705950776493,ok_small_sample,71
ForwardChaining,XRPUSDT,7,7,1,Persistence,-0.9150879569373918,0.36014545675566345,ok_small_sample,71
ForwardChaining,XRPUSDT,7,7,2,SVR,2.2752199531437998,0.02289273849301824,ok_small_sample,71
ForwardChaining,XRPUSDT,7,7,2,Persistence,-0.8877766708157796,0.37466089430484273,ok_small_sample,71
ForwardChaining,XRPUSDT,7,7,3,SVR,0.8783447599615083,0.37975665230713385,ok_small_sample,72
ForwardChaining,XRPUSDT,7,7,3,Persistence,0.14526150258199233,0.8845044087664673,ok_small_sample,72
ForwardChaining,XRPUSDT,7,7,4,SVR,3.0472418937803227,0.0023095177340589513,ok_small_sample,72
ForwardChaining,XRPUSDT,7,7,4,Persistence,-1.0834931986629464,0.27858956810586366,ok_small_sample,72
ForwardChaining,XRPUSDT,7,7,5,SVR,-0.36958703788070574,0.7116902105857611,ok_small_sample,72
ForwardChaining,XRPUSDT,7,7,5,Persistence,-1.0594310943547032,0.2894034948842734,ok_small_sample,72
GroupKFold,XRPUSDT,14,7,1,SVR,,,insufficient_or_constant,4
GroupKFold,XRPUSDT,14,7,1,Persistence,,,insufficient_or_constant,4
GroupKFold,XRPUSDT,14,7,2,SVR,,,insufficient_or_constant,4
GroupKFold,XRPUSDT,14,7,2,Persistence,,,insufficient_or_constant,4
GroupKFold,XRPUSDT,14,7,3,SVR,,,insufficient_or_constant,4
GroupKFold,XRPUSDT,14,7,3,Persistence,,,insufficient_or_constant,4
GroupKFold,XRPUSDT,14,7,4,SVR,,,insufficient_or_constant,4
GroupKFold,XRPUSDT,14,7,4,Persistence,,,insufficient_or_constant,4
GroupKFold,XRPUSDT,14,7,5,SVR,,,insufficient_or_constant,5
GroupKFold,XRPUSDT,14,7,5,Persistence,,,insufficient_or_constant,5
KFold,XRPUSDT,14,7,1,SVR,2.060627218685716,0.03933861797022208,ok_small_sample,71
KFold,XRPUSDT,14,7,1,Persistence,-0.6379163347668102,0.5235281439211935,ok_small_sample,71
KFold,XRPUSDT,14,7,2,SVR,1.4310147577586192,0.15242598562224152,ok_small_sample,71
KFold,XRPUSDT,14,7,2,Persistence,-0.37068157664511814,0.7108747140000021,ok_small_sample,71
KFold,XRPUSDT,14,7,3,SVR,3.066123374109664,0.002168538153664882,ok_small_sample,72
KFold,XRPUSDT,14,7,3,Persistence,-1.2598705939709374,0.20771604828046475,ok_small_sample,72
KFold,XRPUSDT,14,7,4,SVR,4.579878956071827,4.652451058240296e-06,ok_small_sample,72
KFold,XRPUSDT,14,7,4,Persistence,-1.1031555642654287,0.26995961453000006,ok_small_sample,72
KFold,XRPUSDT,14,7,5,SVR,2.0219666397791336,0.043179798378821396,ok_small_sample,72
KFold,XRPUSDT,14,7,5,Persistence,-1.253257214600031,0.21011211386916928,ok_small_sample,72
ForwardChaining,XRPUSDT,14,7,1,SVR,2.060627218685716,0.03933861797022208,ok_small_sample,71
ForwardChaining,XRPUSDT,14,7,1,Persistence,-0.6379163347668102,0.5235281439211935,ok_small_sample,71
ForwardChaining,XRPUSDT,14,7,2,SVR,1.4310147577586192,0.15242598562224152,ok_small_sample,71
ForwardChaining,XRPUSDT,14,7,2,Persistence,-0.37068157664511814,0.7108747140000021,ok_small_sample,71
ForwardChaining,XRPUSDT,14,7,3,SVR,3.066123374109664,0.002168538153664882,ok_small_sample,72
ForwardChaining,XRPUSDT,14,7,3,Persistence,-1.2598705939709374,0.20771604828046475,ok_small_sample,72
ForwardChaining,XRPUSDT,14,7,4,SVR,4.579878956071827,4.652451058240296e-06,ok_small_sample,72
ForwardChaining,XRPUSDT,14,7,4,Persistence,-1.1031555642654287,0.26995961453000006,ok_small_sample,72
ForwardChaining,XRPUSDT,14,7,5,SVR,2.0219666397791336,0.043179798378821396,ok_small_sample,72
ForwardChaining,XRPUSDT,14,7,5,Persistence,-1.253257214600031,0.21011211386916928,ok_small_sample,72
GroupKFold,XRPUSDT,21,7,1,SVR,,,insufficient_or_constant,4
GroupKFold,XRPUSDT,21,7,1,Persistence,,,insufficient_or_constant,4
GroupKFold,XRPUSDT,21,7,2,SVR,,,insufficient_or_constant,4
GroupKFold,XRPUSDT,21,7,2,Persistence,,,insufficient_or_constant,4
GroupKFold,XRPUSDT,21,7,3,SVR,,,insufficient_or_constant,4
GroupKFold,XRPUSDT,21,7,3,Persistence,,,insufficient_or_constant,4
GroupKFold,XRPUSDT,21,7,4,SVR,,,insufficient_or_constant,4
GroupKFold,XRPUSDT,21,7,4,Persistence,,,insufficient_or_constant,4
GroupKFold,XRPUSDT,21,7,5,SVR,,,insufficient_or_constant,5
GroupKFold,XRPUSDT,21,7,5,Persistence,,,insufficient_or_constant,5
KFold,XRPUSDT,21,7,1,SVR,6.0841641160536435,1.1710061050545623e-09,ok_small_sample,71
KFold,XRPUSDT,21,7,1,Persistence,-0.6694072942905734,0.5032356998434758,ok_small_sample,71
KFold,XRPUSDT,21,7,2,SVR,5.3833296045586545,7.312046572565061e-08,ok_small_sample,71
KFold,XRPUSDT,21,7,2,Persistence,-0.07290382940040807,0.941882646634282,ok_small_sample,71
KFold,XRPUSDT,21,7,3,SVR,4.9402211512553,7.803401489283724e-07,ok_small_sample,72
KFold,XRPUSDT,21,7,3,Persistence,-0.3660778459880216,0.7143069881722629,ok_small_sample,72
KFold,XRPUSDT,21,7,4,SVR,1.5667061258970116,0.11718339825472648,ok_small_sample,72
KFold,XRPUSDT,21,7,4,Persistence,-0.571493853846492,0.5676649253974666,ok_small_sample,72
KFold,XRPUSDT,21,7,5,SVR,3.032855528994118,0.0024225154701688354,ok_small_sample,72
KFold,XRPUSDT,21,7,5,Persistence,-1.0313164978516522,0.30239242423584745,ok_small_sample,72
ForwardChaining,XRPUSDT,21,7,1,SVR,6.0841641160536435,1.1710061050545623e-09,ok_small_sample,71
ForwardChaining,XRPUSDT,21,7,1,Persistence,-0.6694072942905734,0.5032356998434758,ok_small_sample,71
ForwardChaining,XRPUSDT,21,7,2,SVR,5.3833296045586545,7.312046572565061e-08,ok_small_sample,71
ForwardChaining,XRPUSDT,21,7,2,Persistence,-0.07290382940040807,0.941882646634282,ok_small_sample,71
ForwardChaining,XRPUSDT,21,7,3,SVR,4.9402211512553,7.803401489283724e-07,ok_small_sample,72
ForwardChaining,XRPUSDT,21,7,3,Persistence,-0.3660778459880216,0.7143069881722629,ok_small_sample,72
ForwardChaining,XRPUSDT,21,7,4,SVR,1.5667061258970116,0.11718339825472648,ok_small_sample,72
ForwardChaining,XRPUSDT,21,7,4,Persistence,-0.571493853846492,0.5676649253974666,ok_small_sample,72
ForwardChaining,XRPUSDT,21,7,5,SVR,3.032855528994118,0.0024225154701688354,ok_small_sample,72
ForwardChaining,XRPUSDT,21,7,5,Persistence,-1.0313164978516522,0.30239242423584745,ok_small_sample,72
GroupKFold,XRPUSDT,28,7,1,SVR,,,insufficient_or_constant,4
GroupKFold,XRPUSDT,28,7,1,Persistence,,,insufficient_or_constant,4
GroupKFold,XRPUSDT,28,7,2,SVR,,,insufficient_or_constant,4
GroupKFold,XRPUSDT,28,7,2,Persistence,,,insufficient_or_constant,4
GroupKFold,XRPUSDT,28,7,3,SVR,,,insufficient_or_constant,4
GroupKFold,XRPUSDT,28,7,3,Persistence,,,insufficient_or_constant,4
GroupKFold,XRPUSDT,28,7,4,SVR,,,insufficient_or_constant,4
GroupKFold,XRPUSDT,28,7,4,Persistence,,,insufficient_or_constant,4
GroupKFold,XRPUSDT,28,7,5,SVR,,,insufficient_or_constant,5
GroupKFold,XRPUSDT,28,7,5,Persistence,,,insufficient_or_constant,5
KFold,XRPUSDT,28,7,1,SVR,7.998430604713674,1.26015009707636e-15,ok_small_sample,71
KFold,XRPUSDT,28,7,1,Persistence,-0.11658282529958103,0.9071906483304102,ok_small_sample,71
KFold,XRPUSDT,28,7,2,SVR,7.327993345773936,2.336243168877876e-13,ok_small_sample,71
KFold,XRPUSDT,28,7,2,Persistence,-2.381765220951284,0.01722987850252223,ok_small_sample,71
KFold,XRPUSDT,28,7,3,SVR,7.937616574702274,2.0610330517639874e-15,ok_small_sample,72
KFold,XRPUSDT,28,7,3,Persistence,-0.5911940126782694,0.5543904339728858,ok_small_sample,72
KFold,XRPUSDT,28,7,4,SVR,7.379652956275082,1.5870266206666587e-13,ok_small_sample,72
KFold,XRPUSDT,28,7,4,Persistence,-0.98258589415406,0.32581128964237016,ok_small_sample,72
KFold,XRPUSDT,28,7,5,SVR,5.340226856623701,9.283034444356461e-08,ok_small_sample,72
KFold,XRPUSDT,28,7,5,Persistence,-0.6315373493907166,0.5276892361951795,ok_small_sample,72
ForwardChaining,XRPUSDT,28,7,1,SVR,7.998430604713674,1.26015009707636e-15,ok_small_sample,71
ForwardChaining,XRPUSDT,28,7,1,Persistence,-0.11658282529958103,0.9071906483304102,ok_small_sample,71
ForwardChaining,XRPUSDT,28,7,2,SVR,7.327993345773936,2.336243168877876e-13,ok_small_sample,71
ForwardChaining,XRPUSDT,28,7,2,Persistence,-2.381765220951284,0.01722987850252223,ok_small_sample,71
ForwardChaining,XRPUSDT,28,7,3,SVR,7.937616574702274,2.0610330517639874e-15,ok_small_sample,72
ForwardChaining,XRPUSDT,28,7,3,Persistence,-0.5911940126782694,0.5543904339728858,ok_small_sample,72
ForwardChaining,XRPUSDT,28,7,4,SVR,7.379652956275082,1.5870266206666587e-13,ok_small_sample,72
ForwardChaining,XRPUSDT,28,7,4,Persistence,-0.98258589415406,0.32581128964237016,ok_small_sample,72
ForwardChaining,XRPUSDT,28,7,5,SVR,5.340226856623701,9.283034444356461e-08,ok_small_sample,72
ForwardChaining,XRPUSDT,28,7,5,Persistence,-0.6315373493907166,0.5276892361951795,ok_small_sample,72
GroupKFold,XRPUSDT,7,14,1,SVR,,,insufficient_or_constant,4
GroupKFold,XRPUSDT,7,14,1,Persistence,,,insufficient_or_constant,4
GroupKFold,XRPUSDT,7,14,2,SVR,,,insufficient_or_constant,4
GroupKFold,XRPUSDT,7,14,2,Persistence,,,insufficient_or_constant,4
GroupKFold,XRPUSDT,7,14,3,SVR,,,insufficient_or_constant,4
GroupKFold,XRPUSDT,7,14,3,Persistence,,,insufficient_or_constant,4
GroupKFold,XRPUSDT,7,14,4,SVR,,,insufficient_or_constant,4
GroupKFold,XRPUSDT,7,14,4,Persistence,,,insufficient_or_constant,4
GroupKFold,XRPUSDT,7,14,5,SVR,,,insufficient_or_constant,5
GroupKFold,XRPUSDT,7,14,5,Persistence,,,insufficient_or_constant,5
KFold,XRPUSDT,7,14,1,SVR,0.15815236102313737,0.8743367416153753,ok_small_sample,71
KFold,XRPUSDT,7,14,1,Persistence,-0.9150879569373918,0.36014545675566345,ok_small_sample,71
KFold,XRPUSDT,7,14,2,SVR,0.004213586565781768,0.9966380542817314,ok_small_sample,71
KFold,XRPUSDT,7,14,2,Persistence,-0.8877766708157796,0.37466089430484273,ok_small_sample,71
KFold,XRPUSDT,7,14,3,SVR,0.228922649071808,0.8189290365472581,ok_small_sample,72
KFold,XRPUSDT,7,14,3,Persistence,0.14526150258199233,0.8845044087664673,ok_small_sample,72
KFold,XRPUSDT,7,14,4,SVR,0.3074232711481713,0.7585212174344866,ok_small_sample,72
KFold,XRPUSDT,7,14,4,Persistence,-1.0834931986629464,0.27858956810586366,ok_small_sample,72
KFold,XRPUSDT,7,14,5,SVR,0.6879082854749249,0.4915105386225813,ok_small_sample,72
KFold,XRPUSDT,7,14,5,Persistence,-1.0594310943547032,0.2894034948842734,ok_small_sample,72
ForwardChaining,XRPUSDT,7,14,1,SVR,0.15815236102313737,0.8743367416153753,ok_small_sample,71
ForwardChaining,XRPUSDT,7,14,1,Persistence,-0.9150879569373918,0.36014545675566345,ok_small_sample,71
ForwardChaining,XRPUSDT,7,14,2,SVR,0.004213586565781768,0.9966380542817314,ok_small_sample,71
ForwardChaining,XRPUSDT,7,14,2,Persistence,-0.8877766708157796,0.37466089430484273,ok_small_sample,71
ForwardChaining,XRPUSDT,7,14,3,SVR,0.228922649071808,0.8189290365472581,ok_small_sample,72
ForwardChaining,XRPUSDT,7,14,3,Persistence,0.14526150258199233,0.8845044087664673,ok_small_sample,72
ForwardChaining,XRPUSDT,7,14,4,SVR,0.3074232711481713,0.7585212174344866,ok_small_sample,72
ForwardChaining,XRPUSDT,7,14,4,Persistence,-1.0834931986629464,0.27858956810586366,ok_small_sample,72
ForwardChaining,XRPUSDT,7,14,5,SVR,0.6879082854749249,0.4915105386225813,ok_small_sample,72
ForwardChaining,XRPUSDT,7,14,5,Persistence,-1.0594310943547032,0.2894034948842734,ok_small_sample,72
GroupKFold,XRPUSDT,14,14,1,SVR,,,insufficient_or_constant,4
GroupKFold,XRPUSDT,14,14,1,Persistence,,,insufficient_or_constant,4
GroupKFold,XRPUSDT,14,14,2,SVR,,,insufficient_or_constant,4
GroupKFold,XRPUSDT,14,14,2,Persistence,,,insufficient_or_constant,4
GroupKFold,XRPUSDT,14,14,3,SVR,,,insufficient_or_constant,4
GroupKFold,XRPUSDT,14,14,3,Persistence,,,insufficient_or_constant,4
GroupKFold,XRPUSDT,14,14,4,SVR,,,insufficient_or_constant,4
GroupKFold,XRPUSDT,14,14,4,Persistence,,,insufficient_or_constant,4
GroupKFold,XRPUSDT,14,14,5,SVR,,,insufficient_or_constant,5
GroupKFold,XRPUSDT,14,14,5,Persistence,,,insufficient_or_constant,5
KFold,XRPUSDT,14,14,1,SVR,4.499290505216946,6.818063254709258e-06,ok_small_sample,71
KFold,XRPUSDT,14,14,1,Persistence,-0.6379163347668102,0.5235281439211935,ok_small_sample,71
KFold,XRPUSDT,14,14,2,SVR,4.3944553699723095,1.110508146762272e-05,ok_small_sample,71
KFold,XRPUSDT,14,14,2,Persistence,-0.37068157664511814,0.7108747140000021,ok_small_sample,71
KFold,XRPUSDT,14,14,3,SVR,4.921514890753104,8.587686679472509e-07,ok_small_sample,72
KFold,XRPUSDT,14,14,3,Persistence,-1.2598705939709374,0.20771604828046475,ok_small_sample,72
KFold,XRPUSDT,14,14,4,SVR,3.547176536996583,0.00038938357657562663,ok_small_sample,72
KFold,XRPUSDT,14,14,4,Persistence,-1.1031555642654287,0.26995961453000006,ok_small_sample,72
KFold,XRPUSDT,14,14,5,SVR,4.16373621160649,3.1308180664216645e-05,ok_small_sample,72
KFold,XRPUSDT,14,14,5,Persistence,-1.253257214600031,0.21011211386916928,ok_small_sample,72
ForwardChaining,XRPUSDT,14,14,1,SVR,4.499290505216946,6.818063254709258e-06,ok_small_sample,71
ForwardChaining,XRPUSDT,14,14,1,Persistence,-0.6379163347668102,0.5235281439211935,ok_small_sample,71
ForwardChaining,XRPUSDT,14,14,2,SVR,4.3944553699723095,1.110508146762272e-05,ok_small_sample,71
ForwardChaining,XRPUSDT,14,14,2,Persistence,-0.37068157664511814,0.7108747140000021,ok_small_sample,71
ForwardChaining,XRPUSDT,14,14,3,SVR,4.921514890753104,8.587686679472509e-07,ok_small_sample,72
ForwardChaining,XRPUSDT,14,14,3,Persistence,-1.2598705939709374,0.20771604828046475,ok_small_sample,72
ForwardChaining,XRPUSDT,14,14,4,SVR,3.547176536996583,0.00038938357657562663,ok_small_sample,72
ForwardChaining,XRPUSDT,14,14,4,Persistence,-1.1031555642654287,0.26995961453000006,ok_small_sample,72
ForwardChaining,XRPUSDT,14,14,5,SVR,4.16373621160649,3.1308180664216645e-05,ok_small_sample,72
ForwardChaining,XRPUSDT,14,14,5,Persistence,-1.253257214600031,0.21011211386916928,ok_small_sample,72
GroupKFold,XRPUSDT,21,14,1,SVR,,,insufficient_or_constant,4
GroupKFold,XRPUSDT,21,14,1,Persistence,,,insufficient_or_constant,4
GroupKFold,XRPUSDT,21,14,2,SVR,,,insufficient_or_constant,4
GroupKFold,XRPUSDT,21,14,2,Persistence,,,insufficient_or_constant,4
GroupKFold,XRPUSDT,21,14,3,SVR,,,insufficient_or_constant,4
GroupKFold,XRPUSDT,21,14,3,Persistence,,,insufficient_or_constant,4
GroupKFold,XRPUSDT,21,14,4,SVR,,,insufficient_or_constant,4
GroupKFold,XRPUSDT,21,14,4,Persistence,,,insufficient_or_constant,4
GroupKFold,XRPUSDT,21,14,5,SVR,,,insufficient_or_constant,5
GroupKFold,XRPUSDT,21,14,5,Persistence,,,insufficient_or_constant,5
KFold,XRPUSDT,21,14,1,SVR,1.941662109732023,0.05217801853510855,ok_small_sample,71
KFold,XRPUSDT,21,14,1,Persistence,-0.6694072942905734,0.5032356998434758,ok_small_sample,71
KFold,XRPUSDT,21,14,2,SVR,4.483428443519916,7.345324119474274e-06,ok_small_sample,71
KFold,XRPUSDT,21,14,2,Persistence,-0.07290382940040807,0.941882646634282,ok_small_sample,71
KFold,XRPUSDT,21,14,3,SVR,3.18054891547423,0.0014699632035139565,ok_small_sample,72
KFold,XRPUSDT,21,14,3,Persistence,-0.3660778459880216,0.7143069881722629,ok_small_sample,72
KFold,XRPUSDT,21,14,4,SVR,4.209200137287899,2.5627631136029388e-05,ok_small_sample,72
KFold,XRPUSDT,21,14,4,Persistence,-0.571493853846492,0.5676649253974666,ok_small_sample,72
KFold,XRPUSDT,21,14,5,SVR,3.8973191358394046,9.72634110722135e-05,ok_small_sample,72
KFold,XRPUSDT,21,14,5,Persistence,-1.0313164978516522,0.30239242423584745,ok_small_sample,72
ForwardChaining,XRPUSDT,21,14,1,SVR,1.941662109732023,0.05217801853510855,ok_small_sample,71
ForwardChaining,XRPUSDT,21,14,1,Persistence,-0.6694072942905734,0.5032356998434758,ok_small_sample,71
ForwardChaining,XRPUSDT,21,14,2,SVR,4.483428443519916,7.345324119474274e-06,ok_small_sample,71
ForwardChaining,XRPUSDT,21,14,2,Persistence,-0.07290382940040807,0.941882646634282,ok_small_sample,71
ForwardChaining,XRPUSDT,21,14,3,SVR,3.18054891547423,0.0014699632035139565,ok_small_sample,72
ForwardChaining,XRPUSDT,21,14,3,Persistence,-0.3660778459880216,0.7143069881722629,ok_small_sample,72
ForwardChaining,XRPUSDT,21,14,4,SVR,4.209200137287899,2.5627631136029388e-05,ok_small_sample,72
ForwardChaining,XRPUSDT,21,14,4,Persistence,-0.571493853846492,0.5676649253974666,ok_small_sample,72
ForwardChaining,XRPUSDT,21,14,5,SVR,3.8973191358394046,9.72634110722135e-05,ok_small_sample,72
ForwardChaining,XRPUSDT,21,14,5,Persistence,-1.0313164978516522,0.30239242423584745,ok_small_sample,72
GroupKFold,XRPUSDT,28,14,1,SVR,,,insufficient_or_constant,4
GroupKFold,XRPUSDT,28,14,1,Persistence,,,insufficient_or_constant,4
GroupKFold,XRPUSDT,28,14,2,SVR,,,insufficient_or_constant,4
GroupKFold,XRPUSDT,28,14,2,Persistence,,,insufficient_or_constant,4
GroupKFold,XRPUSDT,28,14,3,SVR,,,insufficient_or_constant,4
GroupKFold,XRPUSDT,28,14,3,Persistence,,,insufficient_or_constant,4
GroupKFold,XRPUSDT,28,14,4,SVR,,,insufficient_or_constant,4
GroupKFold,XRPUSDT,28,14,4,Persistence,,,insufficient_or_constant,4
GroupKFold,XRPUSDT,28,14,5,SVR,,,insufficient_or_constant,5
GroupKFold,XRPUSDT,28,14,5,Persistence,,,insufficient_or_constant,5
KFold,XRPUSDT,28,14,1,SVR,5.455505080711093,4.883383523774925e-08,ok_small_sample,71
KFold,XRPUSDT,28,14,1,Persistence,-0.11658282529958103,0.9071906483304102,ok_small_sample,71
KFold,XRPUSDT,28,14,2,SVR,7.402574817692882,1.3356889210817737e-13,ok_small_sample,71
KFold,XRPUSDT,28,14,2,Persistence,-2.381765220951284,0.01722987850252223,ok_small_sample,71
KFold,XRPUSDT,28,14,3,SVR,6.187704957206654,6.104644859923593e-10,ok_small_sample,72
KFold,XRPUSDT,28,14,3,Persistence,-0.5911940126782694,0.5543904339728858,ok_small_sample,72
KFold,XRPUSDT,28,14,4,SVR,7.001010915570295,2.5412214214622256e-12,ok_small_sample,72
KFold,XRPUSDT,28,14,4,Persistence,-0.98258589415406,0.32581128964237016,ok_small_sample,72
KFold,XRPUSDT,28,14,5,SVR,5.325273085220265,1.0080148229331e-07,ok_small_sample,72
KFold,XRPUSDT,28,14,5,Persistence,-0.6315373493907166,0.5276892361951795,ok_small_sample,72
ForwardChaining,XRPUSDT,28,14,1,SVR,5.455505080711093,4.883383523774925e-08,ok_small_sample,71
ForwardChaining,XRPUSDT,28,14,1,Persistence,-0.11658282529958103,0.9071906483304102,ok_small_sample,71
ForwardChaining,XRPUSDT,28,14,2,SVR,7.402574817692882,1.3356889210817737e-13,ok_small_sample,71
ForwardChaining,XRPUSDT,28,14,2,Persistence,-2.381765220951284,0.01722987850252223,ok_small_sample,71
ForwardChaining,XRPUSDT,28,14,3,SVR,6.187704957206654,6.104644859923593e-10,ok_small_sample,72
ForwardChaining,XRPUSDT,28,14,3,Persistence,-0.5911940126782694,0.5543904339728858,ok_small_sample,72
ForwardChaining,XRPUSDT,28,14,4,SVR,7.001010915570295,2.5412214214622256e-12,ok_small_sample,72
ForwardChaining,XRPUSDT,28,14,4,Persistence,-0.98258589415406,0.32581128964237016,ok_small_sample,72
ForwardChaining,XRPUSDT,28,14,5,SVR,5.325273085220265,1.0080148229331e-07,ok_small_sample,72
ForwardChaining,XRPUSDT,28,14,5,Persistence,-0.6315373493907166,0.5276892361951795,ok_small_sample,72
GroupKFold,XRPUSDT,7,21,1,SVR,,,insufficient_or_constant,4
GroupKFold,XRPUSDT,7,21,1,Persistence,,,insufficient_or_constant,4
GroupKFold,XRPUSDT,7,21,2,SVR,,,insufficient_or_constant,4
GroupKFold,XRPUSDT,7,21,2,Persistence,,,insufficient_or_constant,4
GroupKFold,XRPUSDT,7,21,3,SVR,,,insufficient_or_constant,4
GroupKFold,XRPUSDT,7,21,3,Persistence,,,insufficient_or_constant,4
GroupKFold,XRPUSDT,7,21,4,SVR,,,insufficient_or_constant,4
GroupKFold,XRPUSDT,7,21,4,Persistence,,,insufficient_or_constant,4
GroupKFold,XRPUSDT,7,21,5,SVR,,,insufficient_or_constant,5
GroupKFold,XRPUSDT,7,21,5,Persistence,,,insufficient_or_constant,5
KFold,XRPUSDT,7,21,1,SVR,-0.5860188692957201,0.557862834649562,ok_small_sample,71
KFold,XRPUSDT,7,21,1,Persistence,-0.9150879569373918,0.36014545675566345,ok_small_sample,71
KFold,XRPUSDT,7,21,2,SVR,1.5876063794553865,0.11237537474480394,ok_small_sample,71
KFold,XRPUSDT,7,21,2,Persistence,-0.8877766708157796,0.37466089430484273,ok_small_sample,71
KFold,XRPUSDT,7,21,3,SVR,0.1607901328946592,0.8722586969263046,ok_small_sample,72
KFold,XRPUSDT,7,21,3,Persistence,0.14526150258199233,0.8845044087664673,ok_small_sample,72
KFold,XRPUSDT,7,21,4,SVR,0.37896955148685413,0.7047104747201418,ok_small_sample,72
KFold,XRPUSDT,7,21,4,Persistence,-1.0834931986629464,0.27858956810586366,ok_small_sample,72
KFold,XRPUSDT,7,21,5,SVR,-1.3223956820170484,0.18603642597305015,ok_small_sample,72
KFold,XRPUSDT,7,21,5,Persistence,-1.0594310943547032,0.2894034948842734,ok_small_sample,72
ForwardChaining,XRPUSDT,7,21,1,SVR,-0.5860188692957201,0.557862834649562,ok_small_sample,71
ForwardChaining,XRPUSDT,7,21,1,Persistence,-0.9150879569373918,0.36014545675566345,ok_small_sample,71
ForwardChaining,XRPUSDT,7,21,2,SVR,1.5876063794553865,0.11237537474480394,ok_small_sample,71
ForwardChaining,XRPUSDT,7,21,2,Persistence,-0.8877766708157796,0.37466089430484273,ok_small_sample,71
ForwardChaining,XRPUSDT,7,21,3,SVR,0.1607901328946592,0.8722586969263046,ok_small_sample,72
ForwardChaining,XRPUSDT,7,21,3,Persistence,0.14526150258199233,0.8845044087664673,ok_small_sample,72
ForwardChaining,XRPUSDT,7,21,4,SVR,0.37896955148685413,0.7047104747201418,ok_small_sample,72
ForwardChaining,XRPUSDT,7,21,4,Persistence,-1.0834931986629464,0.27858956810586366,ok_small_sample,72
ForwardChaining,XRPUSDT,7,21,5,SVR,-1.3223956820170484,0.18603642597305015,ok_small_sample,72
ForwardChaining,XRPUSDT,7,21,5,Persistence,-1.0594310943547032,0.2894034948842734,ok_small_sample,72
GroupKFold,XRPUSDT,14,21,1,SVR,,,insufficient_or_constant,4
GroupKFold,XRPUSDT,14,21,1,Persistence,,,insufficient_or_constant,4
GroupKFold,XRPUSDT,14,21,2,SVR,,,insufficient_or_constant,4
GroupKFold,XRPUSDT,14,21,2,Persistence,,,insufficient_or_constant,4
GroupKFold,XRPUSDT,14,21,3,SVR,,,insufficient_or_constant,4
GroupKFold,XRPUSDT,14,21,3,Persistence,,,insufficient_or_constant,4
GroupKFold,XRPUSDT,14,21,4,SVR,,,insufficient_or_constant,4
GroupKFold,XRPUSDT,14,21,4,Persistence,,,insufficient_or_constant,4
GroupKFold,XRPUSDT,14,21,5,SVR,,,insufficient_or_constant,5
GroupKFold,XRPUSDT,14,21,5,Persistence,,,insufficient_or_constant,5
KFold,XRPUSDT,14,21,1,SVR,3.967342238125339,7.267859065772963e-05,ok_small_sample,71
KFold,XRPUSDT,14,21,1,Persistence,-0.6379163347668102,0.5235281439211935,ok_small_sample,71
KFold,XRPUSDT,14,21,2,SVR,2.4277698855182672,0.015191978955872817,ok_small_sample,71
KFold,XRPUSDT,14,21,2,Persistence,-0.37068157664511814,0.7108747140000021,ok_small_sample,71
KFold,XRPUSDT,14,21,3,SVR,2.7794782282847774,0.005444630316743464,ok_small_sample,72
KFold,XRPUSDT,14,21,3,Persistence,-1.2598705939709374,0.20771604828046475,ok_small_sample,72
KFold,XRPUSDT,14,21,4,SVR,2.463857866701219,0.013745060519523518,ok_small_sample,72
KFold,XRPUSDT,14,21,4,Persistence,-1.1031555642654287,0.26995961453000006,ok_small_sample,72
KFold,XRPUSDT,14,21,5,SVR,1.9796184684837785,0.04774641615786458,ok_small_sample,72
KFold,XRPUSDT,14,21,5,Persistence,-1.253257214600031,0.21011211386916928,ok_small_sample,72
ForwardChaining,XRPUSDT,14,21,1,SVR,3.967342238125339,7.267859065772963e-05,ok_small_sample,71
ForwardChaining,XRPUSDT,14,21,1,Persistence,-0.6379163347668102,0.5235281439211935,ok_small_sample,71
ForwardChaining,XRPUSDT,14,21,2,SVR,2.4277698855182672,0.015191978955872817,ok_small_sample,71
ForwardChaining,XRPUSDT,14,21,2,Persistence,-0.37068157664511814,0.7108747140000021,ok_small_sample,71
ForwardChaining,XRPUSDT,14,21,3,SVR,2.7794782282847774,0.005444630316743464,ok_small_sample,72
ForwardChaining,XRPUSDT,14,21,3,Persistence,-1.2598705939709374,0.20771604828046475,ok_small_sample,72
ForwardChaining,XRPUSDT,14,21,4,SVR,2.463857866701219,0.013745060519523518,ok_small_sample,72
ForwardChaining,XRPUSDT,14,21,4,Persistence,-1.1031555642654287,0.26995961453000006,ok_small_sample,72
ForwardChaining,XRPUSDT,14,21,5,SVR,1.9796184684837785,0.04774641615786458,ok_small_sample,72
ForwardChaining,XRPUSDT,14,21,5,Persistence,-1.253257214600031,0.21011211386916928,ok_small_sample,72
GroupKFold,XRPUSDT,21,21,1,SVR,,,insufficient_or_constant,4
GroupKFold,XRPUSDT,21,21,1,Persistence,,,insufficient_or_constant,4
GroupKFold,XRPUSDT,21,21,2,SVR,,,insufficient_or_constant,4
GroupKFold,XRPUSDT,21,21,2,Persistence,,,insufficient_or_constant,4
GroupKFold,XRPUSDT,21,21,3,SVR,,,insufficient_or_constant,4
GroupKFold,XRPUSDT,21,21,3,Persistence,,,insufficient_or_constant,4
GroupKFold,XRPUSDT,21,21,4,SVR,,,insufficient_or_constant,4
GroupKFold,XRPUSDT,21,21,4,Persistence,,,insufficient_or_constant,4
GroupKFold,XRPUSDT,21,21,5,SVR,,,insufficient_or_constant,5
GroupKFold,XRPUSDT,21,21,5,Persistence,,,insufficient_or_constant,5
KFold,XRPUSDT,21,21,1,SVR,4.342999174502507,1.4055066246446612e-05,ok_small_sample,71
KFold,XRPUSDT,21,21,1,Persistence,-0.6694072942905734,0.5032356998434758,ok_small_sample,71
KFold,XRPUSDT,21,21,2,SVR,3.7262363068436732,0.00019436020101544602,ok_small_sample,71
KFold,XRPUSDT,21,21,2,Persistence,-0.07290382940040807,0.941882646634282,ok_small_sample,71
KFold,XRPUSDT,21,21,3,SVR,3.77598897402072,0.00015937404108614482,ok_small_sample,72
KFold,XRPUSDT,21,21,3,Persistence,-0.3660778459880216,0.7143069881722629,ok_small_sample,72
KFold,XRPUSDT,21,21,4,SVR,4.715108824893593,2.4158159534055e-06,ok_small_sample,72
KFold,XRPUSDT,21,21,4,Persistence,-0.571493853846492,0.5676649253974666,ok_small_sample,72
KFold,XRPUSDT,21,21,5,SVR,3.6955959670516783,0.00021937159724396717,ok_small_sample,72
KFold,XRPUSDT,21,21,5,Persistence,-1.0313164978516522,0.30239242423584745,ok_small_sample,72
ForwardChaining,XRPUSDT,21,21,1,SVR,4.342999174502507,1.4055066246446612e-05,ok_small_sample,71
ForwardChaining,XRPUSDT,21,21,1,Persistence,-0.6694072942905734,0.5032356998434758,ok_small_sample,71
ForwardChaining,XRPUSDT,21,21,2,SVR,3.7262363068436732,0.00019436020101544602,ok_small_sample,71
ForwardChaining,XRPUSDT,21,21,2,Persistence,-0.07290382940040807,0.941882646634282,ok_small_sample,71
ForwardChaining,XRPUSDT,21,21,3,SVR,3.77598897402072,0.00015937404108614482,ok_small_sample,72
ForwardChaining,XRPUSDT,21,21,3,Persistence,-0.3660778459880216,0.7143069881722629,ok_small_sample,72
ForwardChaining,XRPUSDT,21,21,4,SVR,4.715108824893593,2.4158159534055e-06,ok_small_sample,72
ForwardChaining,XRPUSDT,21,21,4,Persistence,-0.571493853846492,0.5676649253974666,ok_small_sample,72
ForwardChaining,XRPUSDT,21,21,5,SVR,3.6955959670516783,0.00021937159724396717,ok_small_sample,72
ForwardChaining,XRPUSDT,21,21,5,Persistence,-1.0313164978516522,0.30239242423584745,ok_small_sample,72
GroupKFold,XRPUSDT,28,21,1,SVR,,,insufficient_or_constant,4
GroupKFold,XRPUSDT,28,21,1,Persistence,,,insufficient_or_constant,4
GroupKFold,XRPUSDT,28,21,2,SVR,,,insufficient_or_constant,4
GroupKFold,XRPUSDT,28,21,2,Persistence,,,insufficient_or_constant,4
GroupKFold,XRPUSDT,28,21,3,SVR,,,insufficient_or_constant,4
GroupKFold,XRPUSDT,28,21,3,Persistence,,,insufficient_or_constant,4
GroupKFold,XRPUSDT,28,21,4,SVR,,,insufficient_or_constant,4
GroupKFold,XRPUSDT,28,21,4,Persistence,,,insufficient_or_constant,4
GroupKFold,XRPUSDT,28,21,5,SVR,,,insufficient_or_constant,5
GroupKFold,XRPUSDT,28,21,5,Persistence,,,insufficient_or_constant,5
KFold,XRPUSDT,28,21,1,SVR,1.9937863090369272,0.046175412401759104,ok_small_sample,71
KFold,XRPUSDT,28,21,1,Persistence,-0.11658282529958103,0.9071906483304102,ok_small_sample,71
KFold,XRPUSDT,28,21,2,SVR,0.6114418791324023,0.540907084748467,ok_small_sample,71
KFold,XRPUSDT,28,21,2,Persistence,-2.381765220951284,0.01722987850252223,ok_small_sample,71
KFold,XRPUSDT,28,21,3,SVR,-0.9137427178639806,0.3608520519659403,ok_small_sample,72
KFold,XRPUSDT,28,21,3,Persistence,-0.5911940126782694,0.5543904339728858,ok_small_sample,72
KFold,XRPUSDT,28,21,4,SVR,0.35061675614404564,0.7258758840535399,ok_small_sample,72
KFold,XRPUSDT,28,21,4,Persistence,-0.98258589415406,0.32581128964237016,ok_small_sample,72
KFold,XRPUSDT,28,21,5,SVR,-0.6271716646474724,0.5305467149115171,ok_small_sample,72
KFold,XRPUSDT,28,21,5,Persistence,-0.6315373493907166,0.5276892361951795,ok_small_sample,72
ForwardChaining,XRPUSDT,28,21,1,SVR,1.9937863090369272,0.046175412401759104,ok_small_sample,71
ForwardChaining,XRPUSDT,28,21,1,Persistence,-0.11658282529958103,0.9071906483304102,ok_small_sample,71
ForwardChaining,XRPUSDT,28,21,2,SVR,0.6114418791324023,0.540907084748467,ok_small_sample,71
ForwardChaining,XRPUSDT,28,21,2,Persistence,-2.381765220951284,0.01722987850252223,ok_small_sample,71
ForwardChaining,XRPUSDT,28,21,3,SVR,-0.9137427178639806,0.3608520519659403,ok_small_sample,72
ForwardChaining,XRPUSDT,28,21,3,Persistence,-0.5911940126782694,0.5543904339728858,ok_small_sample,72
ForwardChaining,XRPUSDT,28,21,4,SVR,0.35061675614404564,0.7258758840535399,ok_small_sample,72
ForwardChaining,XRPUSDT,28,21,4,Persistence,-0.98258589415406,0.32581128964237016,ok_small_sample,72
ForwardChaining,XRPUSDT,28,21,5,SVR,-0.6271716646474724,0.5305467149115171,ok_small_sample,72
ForwardChaining,XRPUSDT,28,21,5,Persistence,-0.6315373493907166,0.5276892361951795,ok_small_sample,72
GroupKFold,XRPUSDT,7,28,1,SVR,,,insufficient_or_constant,4
GroupKFold,XRPUSDT,7,28,1,Persistence,,,insufficient_or_constant,4
GroupKFold,XRPUSDT,7,28,2,SVR,,,insufficient_or_constant,4
GroupKFold,XRPUSDT,7,28,2,Persistence,,,insufficient_or_constant,4
GroupKFold,XRPUSDT,7,28,3,SVR,,,insufficient_or_constant,4
GroupKFold,XRPUSDT,7,28,3,Persistence,,,insufficient_or_constant,4
GroupKFold,XRPUSDT,7,28,4,SVR,,,insufficient_or_constant,4
GroupKFold,XRPUSDT,7,28,4,Persistence,,,insufficient_or_constant,4
GroupKFold,XRPUSDT,7,28,5,SVR,,,insufficient_or_constant,5
GroupKFold,XRPUSDT,7,28,5,Persistence,,,insufficient_or_constant,5
KFold,XRPUSDT,7,28,1,SVR,-0.26612648654477156,0.7901417969882678,ok_small_sample,71
KFold,XRPUSDT,7,28,1,Persistence,-0.9150879569373918,0.36014545675566345,ok_small_sample,71
KFold,XRPUSDT,7,28,2,SVR,1.3595145532543826,0.17398359402876962,ok_small_sample,71
KFold,XRPUSDT,7,28,2,Persistence,-0.8877766708157796,0.37466089430484273,ok_small_sample,71
KFold,XRPUSDT,7,28,3,SVR,1.2200345751131096,0.22245176821984392,ok_small_sample,72
KFold,XRPUSDT,7,28,3,Persistence,0.14526150258199233,0.8845044087664673,ok_small_sample,72
KFold,XRPUSDT,7,28,4,SVR,-0.22901120268208225,0.8188602090141853,ok_small_sample,72
KFold,XRPUSDT,7,28,4,Persistence,-1.0834931986629464,0.27858956810586366,ok_small_sample,72
KFold,XRPUSDT,7,28,5,SVR,-0.37114910006800095,0.7105264819752894,ok_small_sample,72
KFold,XRPUSDT,7,28,5,Persistence,-1.0594310943547032,0.2894034948842734,ok_small_sample,72
ForwardChaining,XRPUSDT,7,28,1,SVR,-0.26612648654477156,0.7901417969882678,ok_small_sample,71
ForwardChaining,XRPUSDT,7,28,1,Persistence,-0.9150879569373918,0.36014545675566345,ok_small_sample,71
ForwardChaining,XRPUSDT,7,28,2,SVR,1.3595145532543826,0.17398359402876962,ok_small_sample,71
ForwardChaining,XRPUSDT,7,28,2,Persistence,-0.8877766708157796,0.37466089430484273,ok_small_sample,71
ForwardChaining,XRPUSDT,7,28,3,SVR,1.2200345751131096,0.22245176821984392,ok_small_sample,72
ForwardChaining,XRPUSDT,7,28,3,Persistence,0.14526150258199233,0.8845044087664673,ok_small_sample,72
ForwardChaining,XRPUSDT,7,28,4,SVR,-0.22901120268208225,0.8188602090141853,ok_small_sample,72
ForwardChaining,XRPUSDT,7,28,4,Persistence,-1.0834931986629464,0.27858956810586366,ok_small_sample,72
ForwardChaining,XRPUSDT,7,28,5,SVR,-0.37114910006800095,0.7105264819752894,ok_small_sample,72
ForwardChaining,XRPUSDT,7,28,5,Persistence,-1.0594310943547032,0.2894034948842734,ok_small_sample,72
GroupKFold,XRPUSDT,14,28,1,SVR,,,insufficient_or_constant,4
GroupKFold,XRPUSDT,14,28,1,Persistence,,,insufficient_or_constant,4
GroupKFold,XRPUSDT,14,28,2,SVR,,,insufficient_or_constant,4
GroupKFold,XRPUSDT,14,28,2,Persistence,,,insufficient_or_constant,4
GroupKFold,XRPUSDT,14,28,3,SVR,,,insufficient_or_constant,4
GroupKFold,XRPUSDT,14,28,3,Persistence,,,insufficient_or_constant,4
GroupKFold,XRPUSDT,14,28,4,SVR,,,insufficient_or_constant,4
GroupKFold,XRPUSDT,14,28,4,Persistence,,,insufficient_or_constant,4
GroupKFold,XRPUSDT,14,28,5,SVR,,,insufficient_or_constant,5
GroupKFold,XRPUSDT,14,28,5,Persistence,,,insufficient_or_constant,5
KFold,XRPUSDT,14,28,1,SVR,4.170817462913883,3.0350891109446404e-05,ok_small_sample,71
KFold,XRPUSDT,14,28,1,Persistence,-0.6379163347668102,0.5235281439211935,ok_small_sample,71
KFold,XRPUSDT,14,28,2,SVR,2.5715922845090464,0.010123203131998803,ok_small_sample,71
KFold,XRPUSDT,14,28,2,Persistence,-0.37068157664511814,0.7108747140000021,ok_small_sample,71
KFold,XRPUSDT,14,28,3,SVR,2.6720373865635247,0.007539224817898546,ok_small_sample,72
KFold,XRPUSDT,14,28,3,Persistence,-1.2598705939709374,0.20771604828046475,ok_small_sample,72
KFold,XRPUSDT,14,28,4,SVR,2.531240711241935,0.011365981755654765,ok_small_sample,72
KFold,XRPUSDT,14,28,4,Persistence,-1.1031555642654287,0.26995961453000006,ok_small_sample,72
KFold,XRPUSDT,14,28,5,SVR,2.3794072550760164,0.01734050602657609,ok_small_sample,72
KFold,XRPUSDT,14,28,5,Persistence,-1.253257214600031,0.21011211386916928,ok_small_sample,72
ForwardChaining,XRPUSDT,14,28,1,SVR,4.170817462913883,3.0350891109446404e-05,ok_small_sample,71
ForwardChaining,XRPUSDT,14,28,1,Persistence,-0.6379163347668102,0.5235281439211935,ok_small_sample,71
ForwardChaining,XRPUSDT,14,28,2,SVR,2.5715922845090464,0.010123203131998803,ok_small_sample,71
ForwardChaining,XRPUSDT,14,28,2,Persistence,-0.37068157664511814,0.7108747140000021,ok_small_sample,71
ForwardChaining,XRPUSDT,14,28,3,SVR,2.6720373865635247,0.007539224817898546,ok_small_sample,72
ForwardChaining,XRPUSDT,14,28,3,Persistence,-1.2598705939709374,0.20771604828046475,ok_small_sample,72
ForwardChaining,XRPUSDT,14,28,4,SVR,2.531240711241935,0.011365981755654765,ok_small_sample,72
ForwardChaining,XRPUSDT,14,28,4,Persistence,-1.1031555642654287,0.26995961453000006,ok_small_sample,72
ForwardChaining,XRPUSDT,14,28,5,SVR,2.3794072550760164,0.01734050602657609,ok_small_sample,72
ForwardChaining,XRPUSDT,14,28,5,Persistence,-1.253257214600031,0.21011211386916928,ok_small_sample,72
GroupKFold,XRPUSDT,21,28,1,SVR,,,insufficient_or_constant,4
GroupKFold,XRPUSDT,21,28,1,Persistence,,,insufficient_or_constant,4
GroupKFold,XRPUSDT,21,28,2,SVR,,,insufficient_or_constant,4
GroupKFold,XRPUSDT,21,28,2,Persistence,,,insufficient_or_constant,4
GroupKFold,XRPUSDT,21,28,3,SVR,,,insufficient_or_constant,4
GroupKFold,XRPUSDT,21,28,3,Persistence,,,insufficient_or_constant,4
GroupKFold,XRPUSDT,21,28,4,SVR,,,insufficient_or_constant,4
GroupKFold,XRPUSDT,21,28,4,Persistence,,,insufficient_or_constant,4
GroupKFold,XRPUSDT,21,28,5,SVR,,,insufficient_or_constant,5
GroupKFold,XRPUSDT,21,28,5,Persistence,,,insufficient_or_constant,5
KFold,XRPUSDT,21,28,1,SVR,4.08440104481309,4.419065291698658e-05,ok_small_sample,71
KFold,XRPUSDT,21,28,1,Persistence,-0.6694072942905734,0.5032356998434758,ok_small_sample,71
KFold,XRPUSDT,21,28,2,SVR,2.8521167717222276,0.004342914364501201,ok_small_sample,71
KFold,XRPUSDT,21,28,2,Persistence,-0.07290382940040807,0.941882646634282,ok_small_sample,71
KFold,XRPUSDT,21,28,3,SVR,3.77014115622929,0.00016315524085184357,ok_small_sample,72
KFold,XRPUSDT,21,28,3,Persistence,-0.3660778459880216,0.7143069881722629,ok_small_sample,72
KFold,XRPUSDT,21,28,4,SVR,4.53348044584136,5.801963966287922e-06,ok_small_sample,72
KFold,XRPUSDT,21,28,4,Persistence,-0.571493853846492,0.5676649253974666,ok_small_sample,72
KFold,XRPUSDT,21,28,5,SVR,4.763832423002989,1.8995027213508673e-06,ok_small_sample,72
KFold,XRPUSDT,21,28,5,Persistence,-1.0313164978516522,0.30239242423584745,ok_small_sample,72
ForwardChaining,XRPUSDT,21,28,1,SVR,4.08440104481309,4.419065291698658e-05,ok_small_sample,71
ForwardChaining,XRPUSDT,21,28,1,Persistence,-0.6694072942905734,0.5032356998434758,ok_small_sample,71
ForwardChaining,XRPUSDT,21,28,2,SVR,2.8521167717222276,0.004342914364501201,ok_small_sample,71
ForwardChaining,XRPUSDT,21,28,2,Persistence,-0.07290382940040807,0.941882646634282,ok_small_sample,71
ForwardChaining,XRPUSDT,21,28,3,SVR,3.77014115622929,0.00016315524085184357,ok_small_sample,72
ForwardChaining,XRPUSDT,21,28,3,Persistence,-0.3660778459880216,0.7143069881722629,ok_small_sample,72
ForwardChaining,XRPUSDT,21,28,4,SVR,4.53348044584136,5.801963966287922e-06,ok_small_sample,72
ForwardChaining,XRPUSDT,21,28,4,Persistence,-0.571493853846492,0.5676649253974666,ok_small_sample,72
ForwardChaining,XRPUSDT,21,28,5,SVR,4.763832423002989,1.8995027213508673e-06,ok_small_sample,72
ForwardChaining,XRPUSDT,21,28,5,Persistence,-1.0313164978516522,0.30239242423584745,ok_small_sample,72
GroupKFold,XRPUSDT,28,28,1,SVR,,,insufficient_or_constant,4
GroupKFold,XRPUSDT,28,28,1,Persistence,,,insufficient_or_constant,4
GroupKFold,XRPUSDT,28,28,2,SVR,,,insufficient_or_constant,4
GroupKFold,XRPUSDT,28,28,2,Persistence,,,insufficient_or_constant,4
GroupKFold,XRPUSDT,28,28,3,SVR,,,insufficient_or_constant,4
GroupKFold,XRPUSDT,28,28,3,Persistence,,,insufficient_or_constant,4
GroupKFold,XRPUSDT,28,28,4,SVR,,,insufficient_or_constant,4
GroupKFold,XRPUSDT,28,28,4,Persistence,,,insufficient_or_constant,4
GroupKFold,XRPUSDT,28,28,5,SVR,,,insufficient_or_constant,5
GroupKFold,XRPUSDT,28,28,5,Persistence,,,insufficient_or_constant,5
KFold,XRPUSDT,28,28,1,SVR,3.7390862192470564,0.0001846903795781761,ok_small_sample,71
KFold,XRPUSDT,28,28,1,Persistence,-0.11658282529958103,0.9071906483304102,ok_small_sample,71
KFold,XRPUSDT,28,28,2,SVR,2.7564841683023285,0.00584264410212554,ok_small_sample,71
KFold,XRPUSDT,28,28,2,Persistence,-2.381765220951284,0.01722987850252223,ok_small_sample,71
KFold,XRPUSDT,28,28,3,SVR,1.2537370002974846,0.20993761457544446,ok_small_sample,72
KFold,XRPUSDT,28,28,3,Persistence,-0.5911940126782694,0.5543904339728858,ok_small_sample,72
KFold,XRPUSDT,28,28,4,SVR,2.2428339648252966,0.024907523349085563,ok_small_sample,72
KFold,XRPUSDT,28,28,4,Persistence,-0.98258589415406,0.32581128964237016,ok_small_sample,72
KFold,XRPUSDT,28,28,5,SVR,2.090464762387401,0.0365760705813276,ok_small_sample,72
KFold,XRPUSDT,28,28,5,Persistence,-0.6315373493907166,0.5276892361951795,ok_small_sample,72
ForwardChaining,XRPUSDT,28,28,1,SVR,3.7390862192470564,0.0001846903795781761,ok_small_sample,71
ForwardChaining,XRPUSDT,28,28,1,Persistence,-0.11658282529958103,0.9071906483304102,ok_small_sample,71
ForwardChaining,XRPUSDT,28,28,2,SVR,2.7564841683023285,0.00584264410212554,ok_small_sample,71
ForwardChaining,XRPUSDT,28,28,2,Persistence,-2.381765220951284,0.01722987850252223,ok_small_sample,71
ForwardChaining,XRPUSDT,28,28,3,SVR,1.2537370002974846,0.20993761457544446,ok_small_sample,72
ForwardChaining,XRPUSDT,28,28,3,Persistence,-0.5911940126782694,0.5543904339728858,ok_small_sample,72
ForwardChaining,XRPUSDT,28,28,4,SVR,2.2428339648252966,0.024907523349085563,ok_small_sample,72
ForwardChaining,XRPUSDT,28,28,4,Persistence,-0.98258589415406,0.32581128964237016,ok_small_sample,72
ForwardChaining,XRPUSDT,28,28,5,SVR,2.090464762387401,0.0365760705813276,ok_small_sample,72
ForwardChaining,XRPUSDT,28,28,5,Persistence,-0.6315373493907166,0.5276892361951795,ok_small_sample,72
