method,symbol,volatility_window,input_window,scope,model,horizon,n_origins,mape,mae,rmse,mse,r2
ForwardChaining,BNBUSDT,7,7,common_test,SVR,1,21,101.06852623178368,1.985602535208899,2.3799379971313965,5.664104870189804,-8.129862424630259
ForwardChaining,BNBUSDT,7,7,common_test,SVR,2,21,98.78506301335104,1.9803442238919196,2.283852746713081,5.215983368668884,-7.059475663616341
ForwardChaining,BNBUSDT,7,7,common_test,SVR,3,21,112.91566902447582,2.009309904960439,2.461890326717849,6.060903980786918,-6.643746639796565
ForwardChaining,BNBUSDT,7,7,common_test,SVR,4,21,138.2869008163335,2.3640602681969836,2.91145058382985,8.476544502083176,-10.669207420584463
ForwardChaining,BNBUSDT,7,7,common_test,SVR,5,21,142.97670313018753,2.554029029626728,3.1611808679184086,9.993064479693382,-12.049731740983846
ForwardChaining,BNBUSDT,7,7,common_test,SVR,6,21,155.60861504047045,3.0348072513834263,3.4358086376357386,11.804780994452349,-13.102506974477988
ForwardChaining,BNBUSDT,7,7,common_test,SVR,7,21,206.0568417799513,3.5901938017678,3.8920169170400642,15.147795682526047,-13.379371723246374
ForwardChaining,BNBUSDT,7,7,common_test,Persistence,1,21,22.171442148901765,0.4377769123416929,0.6308484196345947,0.39796972855546564,0.3585201979572291
ForwardChaining,BNBUSDT,7,7,common_test,Persistence,2,21,24.477591967036762,0.5654279240032604,0.7521576317790248,0.5657411030434311,0.12584524726933732
ForwardChaining,BNBUSDT,7,7,common_test,Persistence,3,21,28.449194348552677,0.5957816509322401,0.7605301505001872,0.5784061098198375,0.2705395478317476
ForwardChaining,BNBUSDT,7,7,common_test,Persistence,4,21,34.33068332153956,0.7112028081439749,0.8265943893754506,0.6832582845469741,0.05939470473470465
ForwardChaining,BNBUSDT,7,7,common_test,Persistence,5,21,30.62718749890034,0.6368636511286573,0.749535895079767,0.5618040580130275,0.2663519520999744
ForwardChaining,BNBUSDT,7,7,common_test,Persistence,6,21,39.70163428486661,0.8052891181199141,0.9462115201394048,0.8953162408445233,-0.06958388612266364
ForwardChaining,BNBUSDT,7,7,common_test,Persistence,7,21,61.49605776153509,1.0211954819234894,1.1921035370819706,1.421110843123345,-0.34902011497153684
ForwardChaining,BNBUSDT,7,14,common_test,SVR,1,21,88.4785750361162,1.668158775313644,2.0437794347699403,4.177034377988537,-5.732881909495515
ForwardChaining,BNBUSDT,7,14,common_test,SVR,2,21,90.388198415693,1.7813481929326433,2.1789331654244517,4.74774973938662,-6.335984564554379
ForwardChaining,BNBUSDT,7,14,common_test,SVR,3,21,106.80790689406062,1.882012749916355,2.4176649507695185,5.845103814179377,-6.371588921475517
ForwardChaining,BNBUSDT,7,14,common_test,SVR,4,21,129.3339182217715,2.270785888638743,2.832216795164573,8.021451974812285,-10.042705773011338
ForwardChaining,BNBUSDT,7,14,common_test,SVR,5,21,133.7446146373953,2.4122199775432196,2.9825056960735186,8.895340227110983,-10.616236835503978
ForwardChaining,BNBUSDT,7,14,common_test,SVR,6,21,139.76891941547268,2.6265550389505954,3.078729578710105,9.4785758188245,-10.323520669795558
ForwardChaining,BNBUSDT,7,14,common_test,SVR,7,21,191.35696751917754,3.15628743185592,3.5525596192024254,12.620679847987683,-10.980452518490546
ForwardChaining,BNBUSDT,7,14,common_test,Persistence,1,21,22.171442148901765,0.4377769123416929,0.6308484196345947,0.39796972855546564,0.3585201979572291
ForwardChaining,BNBUSDT,7,14,common_test,Persistence,2,21,24.477591967036762,0.5654279240032604,0.7521576317790248,0.5657411030434311,0.12584524726933732
ForwardChaining,BNBUSDT,7,14,common_test,Persistence,3,21,28.449194348552677,0.5957816509322401,0.7605301505001872,0.5784061098198375,0.2705395478317476
ForwardChaining,BNBUSDT,7,14,common_test,Persistence,4,21,34.33068332153956,0.7112028081439749,0.8265943893754506,0.6832582845469741,0.05939470473470465
ForwardChaining,BNBUSDT,7,14,common_test,Persistence,5,21,30.62718749890034,0.6368636511286573,0.749535895079767,0.5618040580130275,0.2663519520999744
ForwardChaining,BNBUSDT,7,14,common_test,Persistence,6,21,39.70163428486661,0.8052891181199141,0.9462115201394048,0.8953162408445233,-0.06958388612266364
ForwardChaining,BNBUSDT,7,14,common_test,Persistence,7,21,61.49605776153509,1.0211954819234894,1.1921035370819706,1.421110843123345,-0.34902011497153684
ForwardChaining,BNBUSDT,7,21,common_test,SVR,1,21,101.22617179551504,2.0512109746373204,2.671379411973899,7.136267962718013,-10.502813987045519
ForwardChaining,BNBUSDT,7,21,common_test,SVR,2,21,104.07983035665818,2.2202300582080707,2.8328104741313314,8.024815182348178,-11.399541581295203
ForwardChaining,BNBUSDT,7,21,common_test,SVR,3,21,130.55509329948052,2.5299440183942403,3.0674396806608515,9.409186194492747,-10.866453516730394
ForwardChaining,BNBUSDT,7,21,common_test,SVR,4,21,133.21174293551127,2.484089973435416,3.1782669102643304,10.101380552881173,-12.906032685472232
ForwardChaining,BNBUSDT,7,21,common_test,SVR,5,21,148.70300507885963,2.6671859480071385,3.321224977206627,11.03053534922116,-13.404543026744527
ForwardChaining,BNBUSDT,7,21,common_test,SVR,6,21,158.08895618283324,2.752478797184099,3.4709181910356905,12.047273088862472,-13.39219862180983
ForwardChaining,BNBUSDT,7,21,common_test,SVR,7,21,210.0147824824462,3.2249979832924294,3.921437322571284,15.37767067485504,-13.597585517111447
ForwardChaining,BNBUSDT,7,21,common_test,Persistence,1,21,22.171442148901765,0.4377769123416929,0.6308484196345947,0.39796972855546564,0.3585201979572291
ForwardChaining,BNBUSDT,7,21,common_test,Persistence,2,21,24.477591967036762,0.5654279240032604,0.7521576317790248,0.5657411030434311,0.12584524726933732
ForwardChaining,BNBUSDT,7,21,common_test,Persistence,3,21,28.449194348552677,0.5957816509322401,0.7605301505001872,0.5784061098198375,0.2705395478317476
ForwardChaining,BNBUSDT,7,21,common_test,Persistence,4,21,34.33068332153956,0.7112028081439749,0.8265943893754506,0.6832582845469741,0.05939470473470465
ForwardChaining,BNBUSDT,7,21,common_test,Persistence,5,21,30.62718749890034,0.6368636511286573,0.749535895079767,0.5618040580130275,0.2663519520999744
ForwardChaining,BNBUSDT,7,21,common_test,Persistence,6,21,39.70163428486661,0.8052891181199141,0.9462115201394048,0.8953162408445233,-0.06958388612266364
ForwardChaining,BNBUSDT,7,21,common_test,Persistence,7,21,61.49605776153509,1.0211954819234894,1.1921035370819706,1.421110843123345,-0.34902011497153684
ForwardChaining,BNBUSDT,7,28,common_test,SVR,1,21,114.52765407349162,2.449313300781126,3.066978935115707,9.406359788443476,-14.161931629663723
ForwardChaining,BNBUSDT,7,28,common_test,SVR,2,21,125.70167477075228,2.657917078020481,3.2405714997871913,10.501303645233007,-15.226087236662295
ForwardChaining,BNBUSDT,7,28,common_test,SVR,3,21,138.2570724330072,2.7003545338755006,3.228298334945633,10.421910139412748,-12.143656599894687
ForwardChaining,BNBUSDT,7,28,common_test,SVR,4,21,140.6007607409794,2.5921731437656126,3.1635116639497323,10.007806047946005,-12.77721364758496
ForwardChaining,BNBUSDT,7,28,common_test,SVR,5,21,139.98332682231458,2.45989196674148,3.150041007907343,9.92275835149791,-11.957920453809376
ForwardChaining,BNBUSDT,7,28,common_test,SVR,6,21,156.15330045478785,2.7399848393889954,3.3452178120806964,11.190482210261962,-12.368638816099656
ForwardChaining,BNBUSDT,7,28,common_test,SVR,7,21,200.81140758766693,3.2869553744436493,3.873798409989455,15.006314121236832,-13.24506730005497
ForwardChaining,BNBUSDT,7,28,common_test,Persistence,1,21,22.171442148901765,0.4377769123416929,0.6308484196345947,0.39796972855546564,0.3585201979572291
ForwardChaining,BNBUSDT,7,28,common_test,Persistence,2,21,24.477591967036762,0.5654279240032604,0.7521576317790248,0.5657411030434311,0.12584524726933732
ForwardChaining,BNBUSDT,7,28,common_test,Persistence,3,21,28.449194348552677,0.5957816509322401,0.7605301505001872,0.5784061098198375,0.2705395478317476
ForwardChaining,BNBUSDT,7,28,common_test,Persistence,4,21,34.33068332153956,0.7112028081439749,0.8265943893754506,0.6832582845469741,0.05939470473470465
ForwardChaining,BNBUSDT,7,28,common_test,Persistence,5,21,30.62718749890034,0.6368636511286573,0.749535895079767,0.5618040580130275,0.2663519520999744
ForwardChaining,BNBUSDT,7,28,common_test,Persistence,6,21,39.70163428486661,0.8052891181199141,0.9462115201394048,0.8953162408445233,-0.06958388612266364
ForwardChaining,BNBUSDT,7,28,common_test,Persistence,7,21,61.49605776153509,1.0211954819234894,1.1921035370819706,1.421110843123345,-0.34902011497153684
ForwardChaining,BNBUSDT,14,7,common_test,SVR,1,21,85.42226361177389,2.0659529669182866,2.2326846994868057,4.984880967322487,-6.741067933405175
ForwardChaining,BNBUSDT,14,7,common_test,SVR,2,21,85.58456132706009,2.0674548046155823,2.278383456223652,5.191031173593633,-7.023528505547837
ForwardChaining,BNBUSDT,14,7,common_test,SVR,3,21,92.201689782606,2.071395847625727,2.360506935467679,5.571992992391012,-7.340136120988609
ForwardChaining,BNBUSDT,14,7,common_test,SVR,4,21,94.63474293036647,2.092955920281874,2.419961473239991,5.856213531965868,-8.174848255519352
ForwardChaining,BNBUSDT,14,7,common_test,SVR,5,21,95.76813684134706,2.117353415716916,2.528188302373144,6.391736092256399,-9.610660184877789
ForwardChaining,BNBUSDT,14,7,common_test,SVR,6,21,95.38584990874695,2.1638090678222426,2.597915146320866,6.749163107483367,-12.040475521116246
ForwardChaining,BNBUSDT,14,7,common_test,SVR,7,21,102.47720304638348,2.3316716088960243,2.6900702243873997,7.236477812135676,-12.767623526260405
ForwardChaining,BNBUSDT,14,7,common_test,Persistence,1,21,6.7849370905489055,0.16191857506865806,0.2433263707722938,0.05920772271321579,0.9080557777187201
ForwardChaining,BNBUSDT,14,7,common_test,Persistence,2,21,11.228180963154196,0.28404206773273205,0.410244374704684,0.16830044697683716,0.7398660519157951
ForwardChaining,BNBUSDT,14,7,common_test,Persistence,3,21,16.040912694820925,0.3679902269735342,0.49089165759316916,0.24097461949456922,0.6393101838009081
ForwardChaining,BNBUSDT,14,7,common_test,Persistence,4,21,17.812634798820017,0.4077785500109557,0.5373380924438445,0.2887322255911895,0.5476472396681411
ForwardChaining,BNBUSDT,14,7,common_test,Persistence,5,21,19.529573845596232,0.45738696869549295,0.5963730916362805,0.3556608644278154,0.4095819165507474
ForwardChaining,BNBUSDT,14,7,common_test,Persistence,6,21,20.55109175053763,0.4954728446032225,0.6106913226716093,0.3729438915863997,0.2794120379769973
ForwardChaining,BNBUSDT,14,7,common_test,Persistence,7,21,20.36147732503438,0.4868263187165721,0.5904662026588258,0.34865033648233357,0.33668191907629863
ForwardChaining,BNBUSDT,14,14,common_test,SVR,1,21,77.0304477875982,1.8546559135659901,2.137634616971288,4.569481755673985,-6.095990641102002
ForwardChaining,BNBUSDT,14,14,common_test,SVR,2,21,72.32097507967622,1.728663879062797,1.9976971560092212,3.99079392712733,-5.168379222409183
ForwardChaining,BNBUSDT,14,14,common_test,SVR,3,21,79.47247051240618,1.7448777779700742,2.1257559863252418,4.5188385133976015,-5.763778842142716
ForwardChaining,BNBUSDT,14,14,common_test,SVR,4,21,80.31080892479413,1.712963147527231,2.1005051951569045,4.412122074881146,-5.912410263201728
ForwardChaining,BNBUSDT,14,14,common_test,SVR,5,21,78.56515011957408,1.7236324926271767,1.9845658797868828,3.9385017312142843,-5.538145959764585
ForwardChaining,BNBUSDT,14,14,common_test,SVR,6,21,80.63696060744257,1.848534509510632,2.119474888579984,4.492173803321137,-7.679606876570558
ForwardChaining,BNBUSDT,14,14,common_test,SVR,7,21,96.68914746415855,2.191294378750883,2.493785276936785,6.218965007466678,-10.831773850284165
ForwardChaining,BNBUSDT,14,14,common_test,Persistence,1,21,6.7849370905489055,0.16191857506865806,0.2433263707722938,0.05920772271321579,0.9080557777187201
ForwardChaining,BNBUSDT,14,14,common_test,Persistence,2,21,11.228180963154196,0.28404206773273205,0.410244374704684,0.16830044697683716,0.7398660519157951
ForwardChaining,BNBUSDT,14,14,common_test,Persistence,3,21,16.040912694820925,0.3679902269735342,0.49089165759316916,0.24097461949456922,0.6393101838009081
ForwardChaining,BNBUSDT,14,14,common_test,Persistence,4,21,17.812634798820017,0.4077785500109557,0.5373380924438445,0.2887322255911895,0.5476472396681411
ForwardChaining,BNBUSDT,14,14,common_test,Persistence,5,21,19.529573845596232,0.45738696869549295,0.5963730916362805,0.3556608644278154,0.4095819165507474
ForwardChaining,BNBUSDT,14,14,common_test,Persistence,6,21,20.55109175053763,0.4954728446032225,0.6106913226716093,0.3729438915863997,0.2794120379769973
ForwardChaining,BNBUSDT,14,14,common_test,Persistence,7,21,20.36147732503438,0.4868263187165721,0.5904662026588258,0.34865033648233357,0.33668191907629863
ForwardChaining,BNBUSDT,14,21,common_test,SVR,1,21,103.65015005487099,2.487443336489695,3.1523268727537213,9.937164712685256,-14.43151533819901
ForwardChaining,BNBUSDT,14,21,common_test,SVR,2,21,100.06989127890544,2.3941123319521256,2.845061290160972,8.094373744772414,-11.511086199233743
ForwardChaining,BNBUSDT,14,21,common_test,SVR,3,21,109.06645685086256,2.4602804572934196,2.7413061295245953,7.5147592957691165,-10.24806070803845
ForwardChaining,BNBUSDT,14,21,common_test,SVR,4,21,106.89948258857129,2.3670990550707005,2.6285897670164378,6.909484163263531,-9.82499269806791
ForwardChaining,BNBUSDT,14,21,common_test,SVR,5,21,107.95143712804463,2.382758652549905,2.753138673116457,7.579772553409446,-11.582871020023463
ForwardChaining,BNBUSDT,14,21,common_test,SVR,6,21,108.49777877609276,2.453379436458063,2.883284857315135,8.31333156842276,-15.062702158840526
ForwardChaining,BNBUSDT,14,21,common_test,SVR,7,21,122.38182259535668,2.7429556198752856,3.1671500016508807,10.030839132957173,-18.083982625281827
ForwardChaining,BNBUSDT,14,21,common_test,Persistence,1,21,6.7849370905489055,0.16191857506865806,0.2433263707722938,0.05920772271321579,0.9080557777187201
ForwardChaining,BNBUSDT,14,21,common_test,Persistence,2,21,11.228180963154196,0.28404206773273205,0.410244374704684,0.16830044697683716,0.7398660519157951
ForwardChaining,BNBUSDT,14,21,common_test,Persistence,3,21,16.040912694820925,0.3679902269735342,0.49089165759316916,0.24097461949456922,0.6393101838009081
ForwardChaining,BNBUSDT,14,21,common_test,Persistence,4,21,17.812634798820017,0.4077785500109557,0.5373380924438445,0.2887322255911895,0.5476472396681411
ForwardChaining,BNBUSDT,14,21,common_test,Persistence,5,21,19.529573845596232,0.45738696869549295,0.5963730916362805,0.3556608644278154,0.4095819165507474
ForwardChaining,BNBUSDT,14,21,common_test,Persistence,6,21,20.55109175053763,0.4954728446032225,0.6106913226716093,0.3729438915863997,0.2794120379769973
ForwardChaining,BNBUSDT,14,21,common_test,Persistence,7,21,20.36147732503438,0.4868263187165721,0.5904662026588258,0.34865033648233357,0.33668191907629863
ForwardChaining,BNBUSDT,14,28,common_test,SVR,1,21,133.4401663479823,3.5041512207829393,5.044288000929212,25.44484143631843,-38.513530494402524
ForwardChaining,BNBUSDT,14,28,common_test,SVR,2,21,126.94890633802909,3.2312462305439715,4.370778648194858,19.10370599151607,-28.52768428058244
ForwardChaining,BNBUSDT,14,28,common_test,SVR,3,21,128.8366654031842,3.0565962875847013,3.8646506746827507,14.93552483732584,-21.35543195258967
ForwardChaining,BNBUSDT,14,28,common_test,SVR,4,21,117.90168242928844,2.704306369145899,3.2631463811130734,10.648124304571349,-15.682268186958431
ForwardChaining,BNBUSDT,14,28,common_test,SVR,5,21,105.29419104898787,2.3087914668358227,2.860268820662994,8.181137726456875,-12.581172796900164
ForwardChaining,BNBUSDT,14,28,common_test,SVR,6,21,99.56105111048399,2.1909105676027827,2.7516721472707877,7.5716996060658275,-13.62974916944401
ForwardChaining,BNBUSDT,14,28,common_test,SVR,7,21,108.45564738960023,2.379525655773185,2.9098994949419934,8.467515070663667,-15.109710099619377
ForwardChaining,BNBUSDT,14,28,common_test,Persistence,1,21,6.7849370905489055,0.16191857506865806,0.2433263707722938,0.05920772271321579,0.9080557777187201
ForwardChaining,BNBUSDT,14,28,common_test,Persistence,2,21,11.228180963154196,0.28404206773273205,0.410244374704684,0.16830044697683716,0.7398660519157951
ForwardChaining,BNBUSDT,14,28,common_test,Persistence,3,21,16.040912694820925,0.3679902269735342,0.49089165759316916,0.24097461949456922,0.6393101838009081
ForwardChaining,BNBUSDT,14,28,common_test,Persistence,4,21,17.812634798820017,0.4077785500109557,0.5373380924438445,0.2887322255911895,0.5476472396681411
ForwardChaining,BNBUSDT,14,28,common_test,Persistence,5,21,19.529573845596232,0.45738696869549295,0.5963730916362805,0.3556608644278154,0.4095819165507474
ForwardChaining,BNBUSDT,14,28,common_test,Persistence,6,21,20.55109175053763,0.4954728446032225,0.6106913226716093,0.3729438915863997,0.2794120379769973
ForwardChaining,BNBUSDT,14,28,common_test,Persistence,7,21,20.36147732503438,0.4868263187165721,0.5904662026588258,0.34865033648233357,0.33668191907629863
ForwardChaining,BNBUSDT,21,7,common_test,SVR,1,21,86.89860776991178,1.8797516707012587,2.2109141781741526,4.888141503251489,-2.1203489333812575
ForwardChaining,BNBUSDT,21,7,common_test,SVR,2,21,83.72250832672269,1.8691684183227062,2.1873877554350365,4.784665192627127,-2.57534663930038
ForwardChaining,BNBUSDT,21,7,common_test,SVR,3,21,84.03501102447896,1.9034114478224637,2.197486023510977,4.828944823526087,-3.0351152054901434
ForwardChaining,BNBUSDT,21,7,common_test,SVR,4,21,89.9624328842289,2.0812369677510922,2.3373471383325954,5.463191645071572,-4.782265471254182
ForwardChaining,BNBUSDT,21,7,common_test,SVR,5,21,96.27175471748211,2.2248227794524915,2.4868733515818495,6.184539066807942,-7.36037183623424
ForwardChaining,BNBUSDT,21,7,common_test,SVR,6,21,102.45538654155469,2.3763132625646173,2.6407577825876167,6.973601666297067,-9.897387976766955
ForwardChaining,BNBUSDT,21,7,common_test,SVR,7,21,109.95875464749993,2.541431490502321,2.8278131163970683,7.9965270212673,-13.950816124860973
ForwardChaining,BNBUSDT,21,7,common_test,Persistence,1,21,5.399618167436344,0.12455354715085461,0.18894647586203325,0.03570077074068191,0.9772103852092916
ForwardChaining,BNBUSDT,21,7,common_test,Persistence,2,21,8.733245094845813,0.23617974363288585,0.34636037040750495,0.11996550618882404,0.9103556357412181
ForwardChaining,BNBUSDT,21,7,common_test,Persistence,3,21,10.078645059788785,0.28991738800647016,0.41429298877688836,0.17163868054968695,0.856576980055327
ForwardChaining,BNBUSDT,21,7,common_test,Persistence,4,21,14.4188077919067,0.4134268693577981,0.6637493323510765,0.44056317619649976,0.5337060445380515
ForwardChaining,BNBUSDT,21,7,common_test,Persistence,5,21,17.16873158093545,0.507682598087125,0.7964753063254515,0.6343729135862217,0.14244321474494703
ForwardChaining,BNBUSDT,21,7,common_test,Persistence,6,21,19.283033846788545,0.5599369272736698,0.8929933261683436,0.7974370805812017,-0.24612526926391642
ForwardChaining,BNBUSDT,21,7,common_test,Persistence,7,21,20.91755488225447,0.601035304995721,0.9757146818870979,0.9520191404500405,-0.7799556080235706
ForwardChaining,BNBUSDT,21,14,common_test,SVR,1,21,92.71820661165592,2.2014484391103792,2.4248390279839174,5.879844311633989,-2.7534031930235288
ForwardChaining,BNBUSDT,21,14,common_test,SVR,2,21,88.93619547451591,2.1857740591007206,2.37271429212785,5.629773112067765,-3.206854516648673
ForwardChaining,BNBUSDT,21,14,common_test,SVR,3,21,90.39395475476269,2.210429277049254,2.4033120685302083,5.775908898742948,-3.8264079782599723
ForwardChaining,BNBUSDT,21,14,common_test,SVR,4,21,93.32787456121667,2.2181611073982914,2.420102852003621,5.856897814276059,-5.198965769524798
ForwardChaining,BNBUSDT,21,14,common_test,SVR,5,21,99.649487644728,2.34525673964255,2.531504023100182,6.408512618972408,-7.663143337448735
ForwardChaining,BNBUSDT,21,14,common_test,SVR,6,21,101.86456327723101,2.365911417346784,2.528947715319917,6.395576546821828,-8.994129619226804
ForwardChaining,BNBUSDT,21,14,common_test,SVR,7,21,105.77740809762298,2.4507865882558995,2.61577310626391,6.842268943453545,-11.792741721293963
ForwardChaining,BNBUSDT,21,14,common_test,Persistence,1,21,5.399618167436344,0.12455354715085461,0.18894647586203325,0.03570077074068191,0.9772103852092916
ForwardChaining,BNBUSDT,21,14,common_test,Persistence,2,21,8.733245094845813,0.23617974363288585,0.34636037040750495,0.11996550618882404,0.9103556357412181
ForwardChaining,BNBUSDT,21,14,common_test,Persistence,3,21,10.078645059788785,0.28991738800647016,0.41429298877688836,0.17163868054968695,0.856576980055327
ForwardChaining,BNBUSDT,21,14,common_test,Persistence,4,21,14.4188077919067,0.4134268693577981,0.6637493323510765,0.44056317619649976,0.5337060445380515
ForwardChaining,BNBUSDT,21,14,common_test,Persistence,5,21,17.16873158093545,0.507682598087125,0.7964753063254515,0.6343729135862217,0.14244321474494703
ForwardChaining,BNBUSDT,21,14,common_test,Persistence,6,21,19.283033846788545,0.5599369272736698,0.8929933261683436,0.7974370805812017,-0.24612526926391642
ForwardChaining,BNBUSDT,21,14,common_test,Persistence,7,21,20.91755488225447,0.601035304995721,0.9757146818870979,0.9520191404500405,-0.7799556080235706
ForwardChaining,BNBUSDT,21,21,common_test,SVR,1,21,111.73098126081736,2.8930548814406665,3.4135043415879323,11.652011890039663,-6.438070859578469
ForwardChaining,BNBUSDT,21,21,common_test,SVR,2,21,108.51300297616565,2.864125607179011,3.358243443872697,11.277799028313954,-7.427348462484094
ForwardChaining,BNBUSDT,21,21,common_test,SVR,3,21,112.80079856470641,2.911226727019394,3.393385921226453,11.515068010377906,-8.6221074621848
ForwardChaining,BNBUSDT,21,21,common_test,SVR,4,21,116.863207655992,2.910188066276878,3.31136464298872,10.965135798835812,-10.605546763935795
ForwardChaining,BNBUSDT,21,21,common_test,SVR,5,21,125.00706079669564,2.9932003763014468,3.380109551465896,11.42514057991098,-14.444711804303486
ForwardChaining,BNBUSDT,21,21,common_test,SVR,6,21,130.47272567846335,3.017207229786808,3.3817144813249387,11.4359928332028,-16.870600697660855
ForwardChaining,BNBUSDT,21,21,common_test,SVR,7,21,131.92174044401875,2.9628495694114534,3.370254559799031,11.358615797846161,-20.236791393925106
ForwardChaining,BNBUSDT,21,21,common_test,Persistence,1,21,5.399618167436344,0.12455354715085461,0.18894647586203325,0.03570077074068191,0.9772103852092916
ForwardChaining,BNBUSDT,21,21,common_test,Persistence,2,21,8.733245094845813,0.23617974363288585,0.34636037040750495,0.11996550618882404,0.9103556357412181
ForwardChaining,BNBUSDT,21,21,common_test,Persistence,3,21,10.078645059788785,0.28991738800647016,0.41429298877688836,0.17163868054968695,0.856576980055327
ForwardChaining,BNBUSDT,21,21,common_test,Persistence,4,21,14.4188077919067,0.4134268693577981,0.6637493323510765,0.44056317619649976,0.5337060445380515
ForwardChaining,BNBUSDT,21,21,common_test,Persistence,5,21,17.16873158093545,0.507682598087125,0.7964753063254515,0.6343729135862217,0.14244321474494703
ForwardChaining,BNBUSDT,21,21,common_test,Persistence,6,21,19.283033846788545,0.5599369272736698,0.8929933261683436,0.7974370805812017,-0.24612526926391642
ForwardChaining,BNBUSDT,21,21,common_test,Persistence,7,21,20.91755488225447,0.601035304995721,0.9757146818870979,0.9520191404500405,-0.7799556080235706
ForwardChaining,BNBUSDT,21,28,common_test,SVR,1,21,121.03394635280232,3.6072713315862472,5.0510017535544875,25.51261871441051,-15.286000014590368
ForwardChaining,BNBUSDT,21,28,common_test,SVR,2,21,121.23679841645385,3.6979385519500156,5.227053267812204,27.322085864546246,-19.416460492368365
ForwardChaining,BNBUSDT,21,28,common_test,SVR,3,21,126.62753293795558,3.7685785283744027,5.1839374217864576,26.873207192998024,-21.455524121224748
ForwardChaining,BNBUSDT,21,28,common_test,SVR,4,21,133.7032736143909,3.719238333708098,5.033936863557565,25.34052034628377,-25.820515431508554
ForwardChaining,BNBUSDT,21,28,common_test,SVR,5,21,143.7149126160132,3.784075462352812,4.928084832816157,24.286020119432642,-31.83028151773304
ForwardChaining,BNBUSDT,21,28,common_test,SVR,6,21,147.2691996579878,3.698488218298413,4.617040901455908,21.317066685716785,-32.311387331393036
ForwardChaining,BNBUSDT,21,28,common_test,SVR,7,21,144.53270603051055,3.5130887746359356,4.256633518314068,18.118928909234803,-32.87630327277577
ForwardChaining,BNBUSDT,21,28,common_test,Persistence,1,21,5.399618167436344,0.12455354715085461,0.18894647586203325,0.03570077074068191,0.9772103852092916
ForwardChaining,BNBUSDT,21,28,common_test,Persistence,2,21,8.733245094845813,0.23617974363288585,0.34636037040750495,0.11996550618882404,0.9103556357412181
ForwardChaining,BNBUSDT,21,28,common_test,Persistence,3,21,10.078645059788785,0.28991738800647016,0.41429298877688836,0.17163868054968695,0.856576980055327
ForwardChaining,BNBUSDT,21,28,common_test,Persistence,4,21,14.4188077919067,0.4134268693577981,0.6637493323510765,0.44056317619649976,0.5337060445380515
ForwardChaining,BNBUSDT,21,28,common_test,Persistence,5,21,17.16873158093545,0.507682598087125,0.7964753063254515,0.6343729135862217,0.14244321474494703
ForwardChaining,BNBUSDT,21,28,common_test,Persistence,6,21,19.283033846788545,0.5599369272736698,0.8929933261683436,0.7974370805812017,-0.24612526926391642
ForwardChaining,BNBUSDT,21,28,common_test,Persistence,7,21,20.91755488225447,0.601035304995721,0.9757146818870979,0.9520191404500405,-0.7799556080235706
ForwardChaining,BNBUSDT,28,7,common_test,SVR,1,21,81.26221277494292,1.7056438749149563,2.0351018929644584,4.141639714747522,-1.7048891317729025
ForwardChaining,BNBUSDT,28,7,common_test,SVR,2,21,81.59817656350579,1.7657224510650527,2.0949529430706226,4.388827833680263,-2.083492506922434
ForwardChaining,BNBUSDT,28,7,common_test,SVR,3,21,85.71782786924638,1.8709325248220554,2.193083475655059,4.809615131191275,-2.5514441728103887
ForwardChaining,BNBUSDT,28,7,common_test,SVR,4,21,91.19937452804908,2.040979693156566,2.3211594020204167,5.387780969587779,-3.2710152157702748
ForwardChaining,BNBUSDT,28,7,common_test,SVR,5,21,95.71686431491833,2.1773015074043354,2.441284036217211,5.959867745488998,-3.8331213771200954
ForwardChaining,BNBUSDT,28,7,common_test,SVR,6,21,102.06700551489467,2.3440978966152617,2.585022059394206,6.682339047554662,-4.400593937369583
ForwardChaining,BNBUSDT,28,7,common_test,SVR,7,21,108.44084617132809,2.4391066414499614,2.6740682234409867,7.150640863616836,-4.54123219784454
ForwardChaining,BNBUSDT,28,7,common_test,Persistence,1,21,3.5196299629209142,0.0804720342693898,0.12959323536206305,0.016794406651607065,0.9890316369468957
ForwardChaining,BNBUSDT,28,7,common_test,Persistence,2,21,5.656820188431065,0.1439628862526418,0.2249313974871732,0.050594133575532704,0.9644536906694815
ForwardChaining,BNBUSDT,28,7,common_test,Persistence,3,21,7.102695975285351,0.1866260925478101,0.2572099568560449,0.06615696190588849,0.9511493642541597
ForwardChaining,BNBUSDT,28,7,common_test,Persistence,4,21,7.944608943997769,0.21482090048627903,0.2750773386740008,0.07566754225197095,0.9400166365109615
ForwardChaining,BNBUSDT,28,7,common_test,Persistence,5,21,8.770550989258549,0.2419719423671006,0.3105980839389869,0.09647116974656995,0.9217672450649871
ForwardChaining,BNBUSDT,28,7,common_test,Persistence,6,21,9.244815791169074,0.2544182924808093,0.32286565974192794,0.1042422342405904,0.9157525569637767
ForwardChaining,BNBUSDT,28,7,common_test,Persistence,7,21,11.220627043346033,0.28767448175155186,0.3587704841137093,0.12871626027118535,0.9002541591160172
ForwardChaining,BNBUSDT,28,14,common_test,SVR,1,21,102.60952579866208,2.5081473312263207,2.9070477302184212,8.450926505768074,-4.519267930879667
ForwardChaining,BNBUSDT,28,14,common_test,SVR,2,21,101.84267835860118,2.511986129058274,2.8401309326183948,8.066343714415833,-4.667233107388764
ForwardChaining,BNBUSDT,28,14,common_test,SVR,3,21,105.70042627304491,2.5562815989180625,2.8114420921674914,7.9042066376111215,-4.836506214766572
ForwardChaining,BNBUSDT,28,14,common_test,SVR,4,21,107.47189998189498,2.5637233638021364,2.785532640053843,7.759192088805333,-5.150886173813306
ForwardChaining,BNBUSDT,28,14,common_test,SVR,5,21,108.91361464575915,2.5675058732550844,2.7757578143318713,7.704831443824448,-5.248189917710947
ForwardChaining,BNBUSDT,28,14,common_test,SVR,6,21,112.14893231278529,2.605018815654105,2.809870535186089,7.8953724245069585,-5.38095435529732
ForwardChaining,BNBUSDT,28,14,common_test,SVR,7,21,116.65212131956481,2.6286905827228977,2.8368425028071833,8.047675385733324,-5.236369413002592
ForwardChaining,BNBUSDT,28,14,common_test,Persistence,1,21,3.5196299629209142,0.0804720342693898,0.12959323536206305,0.016794406651607065,0.9890316369468957
ForwardChaining,BNBUSDT,28,14,common_test,Persistence,2,21,5.656820188431065,0.1439628862526418,0.2249313974871732,0.050594133575532704,0.9644536906694815
ForwardChaining,BNBUSDT,28,14,common_test,Persistence,3,21,7.102695975285351,0.1866260925478101,0.2572099568560449,0.06615696190588849,0.9511493642541597
ForwardChaining,BNBUSDT,28,14,common_test,Persistence,4,21,7.944608943997769,0.21482090048627903,0.2750773386740008,0.07566754225197095,0.9400166365109615
ForwardChaining,BNBUSDT,28,14,common_test,Persistence,5,21,8.770550989258549,0.2419719423671006,0.3105980839389869,0.09647116974656995,0.9217672450649871
ForwardChaining,BNBUSDT,28,14,common_test,Persistence,6,21,9.244815791169074,0.2544182924808093,0.32286565974192794,0.1042422342405904,0.9157525569637767
ForwardChaining,BNBUSDT,28,14,common_test,Persistence,7,21,11.220627043346033,0.28767448175155186,0.3587704841137093,0.12871626027118535,0.9002541591160172
ForwardChaining,BNBUSDT,28,21,common_test,SVR,1,21,112.90850453268145,2.9196111168019745,3.4336501498465557,11.789953351541273,-6.699973653221925
ForwardChaining,BNBUSDT,28,21,common_test,SVR,2,21,113.34174714000392,2.9451228147993596,3.398848291918805,11.55216971147938,-7.116296672811805
ForwardChaining,BNBUSDT,28,21,common_test,SVR,3,21,119.40233784702916,3.047761613888343,3.459774834513742,11.970041905534591,-7.838739569412827
ForwardChaining,BNBUSDT,28,21,common_test,SVR,4,21,121.73652099124213,3.0558772536498733,3.4443197167066626,11.863338310894266,-8.40433523962213
ForwardChaining,BNBUSDT,28,21,common_test,SVR,5,21,125.12148532714689,3.072391091138525,3.4323348960092632,11.78092283836292,-8.553673410855605
ForwardChaining,BNBUSDT,28,21,common_test,SVR,6,21,129.2444004410348,3.129693198619766,3.436409762693042,11.808912057132048,-8.543834637665656
ForwardChaining,BNBUSDT,28,21,common_test,SVR,7,21,134.33878932471302,3.1345412792176757,3.3830000771508755,11.444689522002829,-7.868810961592478
ForwardChaining,BNBUSDT,28,21,common_test,Persistence,1,21,3.5196299629209142,0.0804720342693898,0.12959323536206305,0.016794406651607065,0.9890316369468957
ForwardChaining,BNBUSDT,28,21,common_test,Persistence,2,21,5.656820188431065,0.1439628862526418,0.2249313974871732,0.050594133575532704,0.9644536906694815
ForwardChaining,BNBUSDT,28,21,common_test,Persistence,3,21,7.102695975285351,0.1866260925478101,0.2572099568560449,0.06615696190588849,0.9511493642541597
ForwardChaining,BNBUSDT,28,21,common_test,Persistence,4,21,7.944608943997769,0.21482090048627903,0.2750773386740008,0.07566754225197095,0.9400166365109615
ForwardChaining,BNBUSDT,28,21,common_test,Persistence,5,21,8.770550989258549,0.2419719423671006,0.3105980839389869,0.09647116974656995,0.9217672450649871
ForwardChaining,BNBUSDT,28,21,common_test,Persistence,6,21,9.244815791169074,0.2544182924808093,0.32286565974192794,0.1042422342405904,0.9157525569637767
ForwardChaining,BNBUSDT,28,21,common_test,Persistence,7,21,11.220627043346033,0.28767448175155186,0.3587704841137093,0.12871626027118535,0.9002541591160172
ForwardChaining,BNBUSDT,28,28,common_test,SVR,1,21,116.59994472498217,3.1436379565732384,3.8416429633564566,14.758220657906179,-8.638537731742383
ForwardChaining,BNBUSDT,28,28,common_test,SVR,2,21,118.31881000175215,3.262488461645807,4.011299316303393,16.09052220497607,-10.304841869339851
ForwardChaining,BNBUSDT,28,28,common_test,SVR,3,21,126.07898004536484,3.45098873759653,4.225204933674605,17.852356731548223,-12.182270629934076
ForwardChaining,BNBUSDT,28,28,common_test,SVR,4,21,125.9557504626602,3.424832050475722,4.193017821353402,17.581398450187233,-12.937170185486362
ForwardChaining,BNBUSDT,28,28,common_test,SVR,5,21,128.1228491928861,3.432277275340191,4.113624524925243,16.921906732066436,-12.72272551354617
ForwardChaining,BNBUSDT,28,28,common_test,SVR,6,21,130.45635308173846,3.4583096894351812,4.060458914430101,16.487326595774874,-12.324878522761859
ForwardChaining,BNBUSDT,28,28,common_test,SVR,7,21,136.01199914817167,3.5115395687693325,4.06325216156872,16.510018128492874,-11.794076193378794
ForwardChaining,BNBUSDT,28,28,common_test,Persistence,1,21,3.5196299629209142,0.0804720342693898,0.12959323536206305,0.016794406651607065,0.9890316369468957
ForwardChaining,BNBUSDT,28,28,common_test,Persistence,2,21,5.656820188431065,0.1439628862526418,0.2249313974871732,0.050594133575532704,0.9644536906694815
ForwardChaining,BNBUSDT,28,28,common_test,Persistence,3,21,7.102695975285351,0.1866260925478101,0.2572099568560449,0.06615696190588849,0.9511493642541597
ForwardChaining,BNBUSDT,28,28,common_test,Persistence,4,21,7.944608943997769,0.21482090048627903,0.2750773386740008,0.07566754225197095,0.9400166365109615
ForwardChaining,BNBUSDT,28,28,common_test,Persistence,5,21,8.770550989258549,0.2419719423671006,0.3105980839389869,0.09647116974656995,0.9217672450649871
ForwardChaining,BNBUSDT,28,28,common_test,Persistence,6,21,9.244815791169074,0.2544182924808093,0.32286565974192794,0.1042422342405904,0.9157525569637767
ForwardChaining,BNBUSDT,28,28,common_test,Persistence,7,21,11.220627043346033,0.28767448175155186,0.3587704841137093,0.12871626027118535,0.9002541591160172
ForwardChaining,BTCUSDT,7,7,common_test,SVR,1,21,62.024498884484196,0.9083460215805307,1.1660742678974292,1.3597291982525257,-1.4391990425164924
ForwardChaining,BTCUSDT,7,7,common_test,SVR,2,21,66.54726155369012,1.0025249126144848,1.2060705489362642,1.4546061690114218,-1.3384015318826457
ForwardChaining,BTCUSDT,7,7,common_test,SVR,3,21,75.09767787256469,1.1991711535781668,1.4121107749238853,1.9940568406561359,-1.994782385561463
ForwardChaining,BTCUSDT,7,7,common_test,SVR,4,21,78.68087321877803,1.184179549707091,1.3503572688475216,1.823464753529338,-2.6834687016862815
ForwardChaining,BTCUSDT,7,7,common_test,SVR,5,21,93.23939007415323,1.3765247702428671,1.5619802315017062,2.4397822436021235,-3.715715028392185
ForwardChaining,BTCUSDT,7,7,common_test,SVR,6,21,101.59756401890735,1.4663766335235227,1.6211791293265627,2.628221769364032,-4.486399759687986
ForwardChaining,BTCUSDT,7,7,common_test,SVR,7,21,104.21466669780024,1.4289192845211576,1.616364950360708,2.6126356527545744,-6.807418656697806
ForwardChaining,BTCUSDT,7,7,common_test,Persistence,1,21,12.967995960946675,0.1963512475221888,0.3114424929374681,0.09699642640710487,0.8259994778932503
ForwardChaining,BTCUSDT,7,7,common_test,Persistence,2,21,11.883788587242666,0.2096519010932256,0.3137889951199922,0.09846353345841449,0.8417116038836718
ForwardChaining,BTCUSDT,7,7,common_test,Persistence,3,21,21.404653062002392,0.2821793284280866,0.3924045606463666,0.153981339216068,0.7687424987154786
ForwardChaining,BTCUSDT,7,7,common_test,Persistence,4,21,22.296216505731188,0.26872143482918837,0.359422465828526,0.12918450894225794,0.7390423398584969
ForwardChaining,BTCUSDT,7,7,common_test,Persistence,5,21,28.547197934156365,0.32815968831158654,0.4808659721601427,0.23123208318151914,0.5530647816767427
ForwardChaining,BTCUSDT,7,7,common_test,Persistence,6,21,34.055760129294434,0.40257968988140547,0.5746690135057274,0.33024447508364585,0.31061631485701235
ForwardChaining,BTCUSDT,7,7,common_test,Persistence,7,21,46.253071603636585,0.5517978772896578,0.7771929683444033,0.6040289100439846,-0.8050379801294278
ForwardChaining,BTCUSDT,7,14,common_test,SVR,1,21,96.35954623290452,1.397680758062186,1.564994380746015,2.4492074117666025,-3.3935986528663893
ForwardChaining,BTCUSDT,7,14,common_test,SVR,2,21,95.20736219023468,1.454509349803867,1.6554403245895746,2.740482668277236,-3.405555954676423
ForwardChaining,BTCUSDT,7,14,common_test,SVR,3,21,103.06550397800939,1.5896292488763666,1.8404063409753602,3.3870954999023133,-4.086923168140099
ForwardChaining,BTCUSDT,7,14,common_test,SVR,4,21,98.31481130489307,1.4327142420302177,1.6830098597197145,2.8325221879137734,-4.721803399719219
ForwardChaining,BTCUSDT,7,14,common_test,SVR,5,21,95.38690426770306,1.3818246205761855,1.5878127623605858,2.5211493683151542,-3.872984872384408
ForwardChaining,BTCUSDT,7,14,common_test,SVR,6,21,79.18180735980738,1.2101795085116724,1.4378074641933016,2.0672903040899726,-3.3154581397098086
ForwardChaining,BTCUSDT,7,14,common_test,SVR,7,21,75.56305882595316,1.0779382963723672,1.290658594854295,1.6657996084712632,-3.977959681360958
ForwardChaining,BTCUSDT,7,14,common_test,Persistence,1,21,12.967995960946675,0.1963512475221888,0.3114424929374681,0.09699642640710487,0.8259994778932503
ForwardChaining,BTCUSDT,7,14,common_test,Persistence,2,21,11.883788587242666,0.2096519010932256,0.3137889951199922,0.09846353345841449,0.8417116038836718
ForwardChaining,BTCUSDT,7,14,common_test,Persistence,3,21,21.404653062002392,0.2821793284280866,0.3924045606463666,0.153981339216068,0.7687424987154786
ForwardChaining,BTCUSDT,7,14,common_test,Persistence,4,21,22.296216505731188,0.26872143482918837,0.359422465828526,0.12918450894225794,0.7390423398584969
ForwardChaining,BTCUSDT,7,14,common_test,Persistence,5,21,28.547197934156365,0.32815968831158654,0.4808659721601427,0.23123208318151914,0.5530647816767427
ForwardChaining,BTCUSDT,7,14,common_test,Persistence,6,21,34.055760129294434,0.40257968988140547,0.5746690135057274,0.33024447508364585,0.31061631485701235
ForwardChaining,BTCUSDT,7,14,common_test,Persistence,7,21,46.253071603636585,0.5517978772896578,0.7771929683444033,0.6040289100439846,-0.8050379801294278
ForwardChaining,BTCUSDT,7,21,common_test,SVR,1,21,88.47077576149425,1.3618211921289334,1.5877592304916488,2.520979374011433,-3.5223493642669457
ForwardChaining,BTCUSDT,7,21,common_test,SVR,2,21,97.31409586812154,1.5548740480539212,1.8147133005955898,3.2931843633585394,-4.2940703292102675
ForwardChaining,BTCUSDT,7,21,common_test,SVR,3,21,117.70349669706404,1.8640868016525383,2.087566279053908,4.357932969442978,-5.544979374836174
ForwardChaining,BTCUSDT,7,21,common_test,SVR,4,21,118.544712303312,1.8291850053156846,2.051719487974348,4.209552857333721,-7.503458138179662
ForwardChaining,BTCUSDT,7,21,common_test,SVR,5,21,126.13379048461277,1.906278371227354,2.1871918198707636,4.783808056909583,-8.246347950137409
ForwardChaining,BTCUSDT,7,21,common_test,SVR,6,21,153.8105614695695,2.184187624632395,2.4252135007715316,5.8816605243245075,-11.277936840553856
ForwardChaining,BTCUSDT,7,21,common_test,SVR,7,21,178.39283480569014,2.445560719682226,2.8000452508154763,7.840253406614303,-22.429267933131577
ForwardChaining,BTCUSDT,7,21,common_test,Persistence,1,21,12.967995960946675,0.1963512475221888,0.3114424929374681,0.09699642640710487,0.8259994778932503
ForwardChaining,BTCUSDT,7,21,common_test,Persistence,2,21,11.883788587242666,0.2096519010932256,0.3137889951199922,0.09846353345841449,0.8417116038836718
ForwardChaining,BTCUSDT,7,21,common_test,Persistence,3,21,21.404653062002392,0.2821793284280866,0.3924045606463666,0.153981339216068,0.7687424987154786
ForwardChaining,BTCUSDT,7,21,common_test,Persistence,4,21,22.296216505731188,0.26872143482918837,0.359422465828526,0.12918450894225794,0.7390423398584969
ForwardChaining,BTCUSDT,7,21,common_test,Persistence,5,21,28.547197934156365,0.32815968831158654,0.4808659721601427,0.23123208318151914,0.5530647816767427
ForwardChaining,BTCUSDT,7,21,common_test,Persistence,6,21,34.055760129294434,0.40257968988140547,0.5746690135057274,0.33024447508364585,0.31061631485701235
ForwardChaining,BTCUSDT,7,21,common_test,Persistence,7,21,46.253071603636585,0.5517978772896578,0.7771929683444033,0.6040289100439846,-0.8050379801294278
ForwardChaining,BTCUSDT,7,28,common_test,SVR,1,21,112.62455437162869,1.9075697290438576,2.3082405347927795,5.327974366460456,-8.557778114881058
ForwardChaining,BTCUSDT,7,28,common_test,SVR,2,21,115.72264305101979,2.013333634411383,2.4026198856389827,5.772582314867877,-8.279910683439237
ForwardChaining,BTCUSDT,7,28,common_test,SVR,3,21,132.23899442335042,2.2244817286123215,2.6481126900699405,7.012500819309457,-9.531752909056006
ForwardChaining,BTCUSDT,7,28,common_test,SVR,4,21,147.8357191592592,2.3249076471319103,2.6420938430454077,6.980659875458453,-13.101200540674322
ForwardChaining,BTCUSDT,7,28,common_test,SVR,5,21,159.67090709354454,2.4015308986868025,2.729589050413605,7.4506563841378455,-13.400945975486334
ForwardChaining,BTCUSDT,7,28,common_test,SVR,6,21,172.93282320835303,2.546614178317872,2.8684352929352412,8.227921029756484,-16.17574387617637
ForwardChaining,BTCUSDT,7,28,common_test,SVR,7,21,185.84375820442793,2.6882578723214494,3.1613337304222875,9.994030955105696,-28.865466947999796
ForwardChaining,BTCUSDT,7,28,common_test,Persistence,1,21,12.967995960946675,0.1963512475221888,0.3114424929374681,0.09699642640710487,0.8259994778932503
ForwardChaining,BTCUSDT,7,28,common_test,Persistence,2,21,11.883788587242666,0.2096519010932256,0.3137889951199922,0.09846353345841449,0.8417116038836718
ForwardChaining,BTCUSDT,7,28,common_test,Persistence,3,21,21.404653062002392,0.2821793284280866,0.3924045606463666,0.153981339216068,0.7687424987154786
ForwardChaining,BTCUSDT,7,28,common_test,Persistence,4,21,22.296216505731188,0.26872143482918837,0.359422465828526,0.12918450894225794,0.7390423398584969
ForwardChaining,BTCUSDT,7,28,common_test,Persistence,5,21,28.547197934156365,0.32815968831158654,0.4808659721601427,0.23123208318151914,0.5530647816767427
ForwardChaining,BTCUSDT,7,28,common_test,Persistence,6,21,34.055760129294434,0.40257968988140547,0.5746690135057274,0.33024447508364585,0.31061631485701235
ForwardChaining,BTCUSDT,7,28,common_test,Persistence,7,21,46.253071603636585,0.5517978772896578,0.7771929683444033,0.6040289100439846,-0.8050379801294278
ForwardChaining,BTCUSDT,14,7,common_test,SVR,1,21,44.834670345055244,0.7572767227274037,0.8666624203502177,0.7511037508472974,-2.141971061033655
ForwardChaining,BTCUSDT,14,7,common_test,SVR,2,21,41.56013113465571,0.6991726140814196,0.800186398388078,0.6402982721652839,-1.2372104858240922
ForwardChaining,BTCUSDT,14,7,common_test,SVR,3,21,40.24025248494767,0.6735489287376961,0.813972475708043,0.6625511912102806,-1.2410150139637408
ForwardChaining,BTCUSDT,14,7,common_test,SVR,4,21,47.271082626225336,0.7684112351533966,0.9364766563965871,0.8769885279757313,-1.7143936605278856
ForwardChaining,BTCUSDT,14,7,common_test,SVR,5,21,61.249460742824795,0.9658313387445704,1.1498105152070772,1.3220642208807645,-2.9603803384740197
ForwardChaining,BTCUSDT,14,7,common_test,SVR,6,21,76.2040758700045,1.1880125325681394,1.3631492529136462,1.858175885719032,-4.466532134103121
ForwardChaining,BTCUSDT,14,7,common_test,SVR,7,21,90.89932120602172,1.378147981864353,1.560218973583251,2.4342832455291736,-6.409199027336306
ForwardChaining,BTCUSDT,14,7,common_test,Persistence,1,21,4.838159673862911,0.08081076205880608,0.18040866180243975,0.03254728525334708,0.8638501961069098
ForwardChaining,BTCUSDT,14,7,common_test,Persistence,2,21,6.824743633455571,0.11615327646582119,0.2046337865691693,0.041874986605636336,0.8536882524904111
ForwardChaining,BTCUSDT,14,7,common_test,Persistence,3,21,9.326479453947943,0.1540219690205264,0.24313514235634714,0.05911469744864119,0.8000502809657113
ForwardChaining,BTCUSDT,14,7,common_test,Persistence,4,21,11.35083531176947,0.19058432743800222,0.28156351881443986,0.07927801512716942,0.7546242227624926
ForwardChaining,BTCUSDT,14,7,common_test,Persistence,5,21,15.634103770020394,0.2371258247004533,0.34602985044581214,0.11973665739955111,0.6413164381350052
ForwardChaining,BTCUSDT,14,7,common_test,Persistence,6,21,20.36048076266026,0.2932132002505128,0.4065686465067492,0.16529806432233,0.5137127829137631
ForwardChaining,BTCUSDT,14,7,common_test,Persistence,7,21,23.979622038619848,0.3315612753684644,0.4487703446068521,0.20139482219855281,0.3870169695804191
ForwardChaining,BTCUSDT,14,14,common_test,SVR,1,21,65.98850246829875,1.054292116526928,1.2481164058589775,1.5577945625743321,-5.516470499744868
ForwardChaining,BTCUSDT,14,14,common_test,SVR,2,21,61.58670740640161,0.9676409588920973,1.1728639519462758,1.3756098497750358,-3.8063986958958935
ForwardChaining,BTCUSDT,14,14,common_test,SVR,3,21,60.64040228668573,0.9483104830797663,1.1513847710350191,1.3256868909713633,-3.4840070712948705
ForwardChaining,BTCUSDT,14,14,common_test,SVR,4,21,70.57382979667608,1.0735414611072673,1.2372819317298305,1.5308665785851008,-3.7382313490654937
ForwardChaining,BTCUSDT,14,14,common_test,SVR,5,21,73.007265034231,1.1042813730193535,1.2646162640416307,1.5992542952786117,-3.7907319230090284
ForwardChaining,BTCUSDT,14,14,common_test,SVR,6,21,81.13177863939144,1.241104909678658,1.3870498686216615,1.9239073380433684,-4.6599062377678075
ForwardChaining,BTCUSDT,14,14,common_test,SVR,7,21,91.52951671460283,1.3875174145615865,1.5915143465876118,2.5329179153941928,-6.709412201529464
ForwardChaining,BTCUSDT,14,14,common_test,Persistence,1,21,4.838159673862911,0.08081076205880608,0.18040866180243975,0.03254728525334708,0.8638501961069098
ForwardChaining,BTCUSDT,14,14,common_test,Persistence,2,21,6.824743633455571,0.11615327646582119,0.2046337865691693,0.041874986605636336,0.8536882524904111
ForwardChaining,BTCUSDT,14,14,common_test,Persistence,3,21,9.326479453947943,0.1540219690205264,0.24313514235634714,0.05911469744864119,0.8000502809657113
ForwardChaining,BTCUSDT,14,14,common_test,Persistence,4,21,11.35083531176947,0.19058432743800222,0.28156351881443986,0.07927801512716942,0.7546242227624926
ForwardChaining,BTCUSDT,14,14,common_test,Persistence,5,21,15.634103770020394,0.2371258247004533,0.34602985044581214,0.11973665739955111,0.6413164381350052
ForwardChaining,BTCUSDT,14,14,common_test,Persistence,6,21,20.36048076266026,0.2932132002505128,0.4065686465067492,0.16529806432233,0.5137127829137631
ForwardChaining,BTCUSDT,14,14,common_test,Persistence,7,21,23.979622038619848,0.3315612753684644,0.4487703446068521,0.20139482219855281,0.3870169695804191
ForwardChaining,BTCUSDT,14,21,common_test,SVR,1,21,71.10592506608634,1.1727974391725118,1.3860047442856698,1.921009151182385,-7.035847450085459
ForwardChaining,BTCUSDT,14,21,common_test,SVR,2,21,68.16910706597923,1.1187584300299578,1.344444409467117,1.807530770147385,-5.3155360059749945
ForwardChaining,BTCUSDT,14,21,common_test,SVR,3,21,65.30636127580959,1.084103155115408,1.2979317157728776,1.6846267388091258,-4.698086222892062
ForwardChaining,BTCUSDT,14,21,common_test,SVR,4,21,71.76248666808901,1.1673626618002952,1.3373810804171395,1.7885881542577153,-4.535913175989417
ForwardChaining,BTCUSDT,14,21,common_test,SVR,5,21,79.50878176549482,1.2646141872302243,1.374060126341349,1.8880412308012038,-4.655823106469009
ForwardChaining,BTCUSDT,14,21,common_test,SVR,6,21,92.10830341550466,1.4505074287761208,1.5723741696589149,2.4723605294105617,-6.273390202177357
ForwardChaining,BTCUSDT,14,21,common_test,SVR,7,21,121.42726958131107,1.8943072379601087,2.0559200126266783,4.226807098318881,-11.86508260660299
ForwardChaining,BTCUSDT,14,21,common_test,Persistence,1,21,4.838159673862911,0.08081076205880608,0.18040866180243975,0.03254728525334708,0.8638501961069098
ForwardChaining,BTCUSDT,14,21,common_test,Persistence,2,21,6.824743633455571,0.11615327646582119,0.2046337865691693,0.041874986605636336,0.8536882524904111
ForwardChaining,BTCUSDT,14,21,common_test,Persistence,3,21,9.326479453947943,0.1540219690205264,0.24313514235634714,0.05911469744864119,0.8000502809657113
ForwardChaining,BTCUSDT,14,21,common_test,Persistence,4,21,11.35083531176947,0.19058432743800222,0.28156351881443986,0.07927801512716942,0.7546242227624926
ForwardChaining,BTCUSDT,14,21,common_test,Persistence,5,21,15.634103770020394,0.2371258247004533,0.34602985044581214,0.11973665739955111,0.6413164381350052
ForwardChaining,BTCUSDT,14,21,common_test,Persistence,6,21,20.36048076266026,0.2932132002505128,0.4065686465067492,0.16529806432233,0.5137127829137631
ForwardChaining,BTCUSDT,14,21,common_test,Persistence,7,21,23.979622038619848,0.3315612753684644,0.4487703446068521,0.20139482219855281,0.3870169695804191
ForwardChaining,BTCUSDT,14,28,common_test,SVR,1,21,70.31404343361318,1.277746320792227,1.5835773529317363,2.5077172327182846,-9.490128648096873
ForwardChaining,BTCUSDT,14,28,common_test,SVR,2,21,70.67400018497756,1.2939540153984013,1.57955609686541,2.4949974631446885,-7.717553567302044
ForwardChaining,BTCUSDT,14,28,common_test,SVR,3,21,64.67602804479591,1.2239145090842882,1.5396935805542118,2.3706563219998493,-7.018514615972647
ForwardChaining,BTCUSDT,14,28,common_test,SVR,4,21,71.30174018067196,1.3304567841849182,1.735369016453931,3.0115056232682837,-8.321001942079814
ForwardChaining,BTCUSDT,14,28,common_test,SVR,5,21,76.45991230154429,1.4124222364482086,1.8009571781197085,3.243446757420903,-8.716080780417366
ForwardChaining,BTCUSDT,14,28,common_test,SVR,6,21,93.00330005677706,1.6593478011120688,1.9790758726881303,3.916741309856285,-10.522586422443762
ForwardChaining,BTCUSDT,14,28,common_test,SVR,7,21,117.20914885186328,2.0229555326971953,2.3587956391939304,5.5639168674803035,-15.93482774382472
ForwardChaining,BTCUSDT,14,28,common_test,Persistence,1,21,4.838159673862911,0.08081076205880608,0.18040866180243975,0.03254728525334708,0.8638501961069098
ForwardChaining,BTCUSDT,14,28,common_test,Persistence,2,21,6.824743633455571,0.11615327646582119,0.2046337865691693,0.041874986605636336,0.8536882524904111
ForwardChaining,BTCUSDT,14,28,common_test,Persistence,3,21,9.326479453947943,0.1540219690205264,0.24313514235634714,0.05911469744864119,0.8000502809657113
ForwardChaining,BTCUSDT,14,28,common_test,Persistence,4,21,11.35083531176947,0.19058432743800222,0.28156351881443986,0.07927801512716942,0.7546242227624926
ForwardChaining,BTCUSDT,14,28,common_test,Persistence,5,21,15.634103770020394,0.2371258247004533,0.34602985044581214,0.11973665739955111,0.6413164381350052
ForwardChaining,BTCUSDT,14,28,common_test,Persistence,6,21,20.36048076266026,0.2932132002505128,0.4065686465067492,0.16529806432233,0.5137127829137631
ForwardChaining,BTCUSDT,14,28,common_test,Persistence,7,21,23.979622038619848,0.3315612753684644,0.4487703446068521,0.20139482219855281,0.3870169695804191
ForwardChaining,BTCUSDT,21,7,common_test,SVR,1,21,36.322097568133714,0.6400134643577596,0.7399538377439997,0.5475316819920734,-1.106266143750509
ForwardChaining,BTCUSDT,21,7,common_test,SVR,2,21,37.12905670540538,0.6309308073236771,0.7092070573538993,0.5029746502005771,-0.837384328943745
ForwardChaining,BTCUSDT,21,7,common_test,SVR,3,21,37.79620586294539,0.6217673822860436,0.6962343976574609,0.4847423364814474,-0.9456605136557181
ForwardChaining,BTCUSDT,21,7,common_test,SVR,4,21,39.68346880553003,0.6312776231556134,0.7162950639047853,0.5130786185743604,-1.2584462724210557
ForwardChaining,BTCUSDT,21,7,common_test,SVR,5,21,45.75139136575086,0.7146437829227781,0.8323422565166156,0.6927936319831716,-2.664136786268892
ForwardChaining,BTCUSDT,21,7,common_test,SVR,6,21,49.3101098741735,0.7846689595942751,0.9281868315997889,0.8615307943552549,-3.907480631818391
ForwardChaining,BTCUSDT,21,7,common_test,SVR,7,21,55.771995255267115,0.8904748926630229,1.049987432688482,1.1024736088037492,-5.2561326895816
ForwardChaining,BTCUSDT,21,7,common_test,Persistence,1,21,2.8379492877159174,0.05183983160357716,0.09956043263634268,0.009912279746735728,0.9618690572169747
ForwardChaining,BTCUSDT,21,7,common_test,Persistence,2,21,4.756138104120875,0.0889048314488097,0.16290128721649944,0.02653682937679244,0.9030600162108995
ForwardChaining,BTCUSDT,21,7,common_test,Persistence,3,21,8.846804964080503,0.1571648758766358,0.23909530956617897,0.057166567056546956,0.770544629894459
ForwardChaining,BTCUSDT,21,7,common_test,Persistence,4,21,12.552904268625465,0.21285364772325593,0.3143419820443625,0.09881088167557829,0.565058727227969
ForwardChaining,BTCUSDT,21,7,common_test,Persistence,5,21,15.442118050221517,0.2609072449497292,0.3625538141108178,0.13144526812630142,0.3047952231549119
ForwardChaining,BTCUSDT,21,7,common_test,Persistence,6,21,15.544643604829668,0.2587689067111888,0.34898921871974314,0.12179347478261672,0.30623592041784864
ForwardChaining,BTCUSDT,21,7,common_test,Persistence,7,21,15.297384280366781,0.25272091966970955,0.33612595871092416,0.11298066011933788,0.35887626205397993
ForwardChaining,BTCUSDT,21,14,common_test,SVR,1,21,80.58700683570525,1.3602061921797262,1.5519578913432284,2.40857329650252,-8.265393320633926
ForwardChaining,BTCUSDT,21,14,common_test,SVR,2,21,79.82488534243545,1.3247740596435171,1.4881137373289615,2.2144824952271693,-7.089583504512717
ForwardChaining,BTCUSDT,21,14,common_test,SVR,3,21,79.15956839934931,1.2696887195063282,1.4230051367362768,2.02494361917783,-7.127725898280799
ForwardChaining,BTCUSDT,21,14,common_test,SVR,4,21,76.77303590581543,1.1885498723470636,1.3374080638215082,1.7886603291747953,-6.873244190679087
ForwardChaining,BTCUSDT,21,14,common_test,SVR,5,21,75.79007669593487,1.1565122259161373,1.3018368762947905,1.6947792524809777,-7.963568250251596
ForwardChaining,BTCUSDT,21,14,common_test,SVR,6,21,78.03162796638183,1.2165494488314832,1.3786609646473085,1.900706055442247,-9.826865638439923
ForwardChaining,BTCUSDT,21,14,common_test,SVR,7,21,88.16778041769237,1.3882520073059172,1.5491975063802352,2.400012913774739,-12.619191539266048
ForwardChaining,BTCUSDT,21,14,common_test,Persistence,1,21,2.8379492877159174,0.05183983160357716,0.09956043263634268,0.009912279746735728,0.9618690572169747
ForwardChaining,BTCUSDT,21,14,common_test,Persistence,2,21,4.756138104120875,0.0889048314488097,0.16290128721649944,0.02653682937679244,0.9030600162108995
ForwardChaining,BTCUSDT,21,14,common_test,Persistence,3,21,8.846804964080503,0.1571648758766358,0.23909530956617897,0.057166567056546956,0.770544629894459
ForwardChaining,BTCUSDT,21,14,common_test,Persistence,4,21,12.552904268625465,0.21285364772325593,0.3143419820443625,0.09881088167557829,0.565058727227969
ForwardChaining,BTCUSDT,21,14,common_test,Persistence,5,21,15.442118050221517,0.2609072449497292,0.3625538141108178,0.13144526812630142,0.3047952231549119
ForwardChaining,BTCUSDT,21,14,common_test,Persistence,6,21,15.544643604829668,0.2587689067111888,0.34898921871974314,0.12179347478261672,0.30623592041784864
ForwardChaining,BTCUSDT,21,14,common_test,Persistence,7,21,15.297384280366781,0.25272091966970955,0.33612595871092416,0.11298066011933788,0.35887626205397993
ForwardChaining,BTCUSDT,21,21,common_test,SVR,1,21,103.99164293418625,1.7082203255724957,1.910450072212315,3.6498194784160396,-13.040267350776132
ForwardChaining,BTCUSDT,21,21,common_test,SVR,2,21,101.77910575055942,1.6527026168539483,1.8148296928852756,3.2936068141780637,-11.031663113955807
ForwardChaining,BTCUSDT,21,21,common_test,SVR,3,21,99.91315211053247,1.5971649349586667,1.7292677468190976,2.9903669401887982,-11.00274545668758
ForwardChaining,BTCUSDT,21,21,common_test,SVR,4,21,100.51917719305678,1.5788552459664393,1.7134467209522843,2.9358996655421357,-11.923110447029652
ForwardChaining,BTCUSDT,21,21,common_test,SVR,5,21,101.01022622556023,1.5549429068601,1.7017417567470645,2.895925006656585,-14.316343651703958
ForwardChaining,BTCUSDT,21,21,common_test,SVR,6,21,107.03382002776077,1.6813646050093414,1.8311481322307266,3.3531034821720787,-18.10006061658765
ForwardChaining,BTCUSDT,21,21,common_test,SVR,7,21,122.21336832523409,1.9582702397110001,2.1375910501908466,4.569295497856006,-24.92907322608172
ForwardChaining,BTCUSDT,21,21,common_test,Persistence,1,21,2.8379492877159174,0.05183983160357716,0.09956043263634268,0.009912279746735728,0.9618690572169747
ForwardChaining,BTCUSDT,21,21,common_test,Persistence,2,21,4.756138104120875,0.0889048314488097,0.16290128721649944,0.02653682937679244,0.9030600162108995
ForwardChaining,BTCUSDT,21,21,common_test,Persistence,3,21,8.846804964080503,0.1571648758766358,0.23909530956617897,0.057166567056546956,0.770544629894459
ForwardChaining,BTCUSDT,21,21,common_test,Persistence,4,21,12.552904268625465,0.21285364772325593,0.3143419820443625,0.09881088167557829,0.565058727227969
ForwardChaining,BTCUSDT,21,21,common_test,Persistence,5,21,15.442118050221517,0.2609072449497292,0.3625538141108178,0.13144526812630142,0.3047952231549119
ForwardChaining,BTCUSDT,21,21,common_test,Persistence,6,21,15.544643604829668,0.2587689067111888,0.34898921871974314,0.12179347478261672,0.30623592041784864
ForwardChaining,BTCUSDT,21,21,common_test,Persistence,7,21,15.297384280366781,0.25272091966970955,0.33612595871092416,0.11298066011933788,0.35887626205397993
ForwardChaining,BTCUSDT,21,28,common_test,SVR,1,21,100.91790616165738,1.7577844130505518,1.975401723693254,3.902211969970279,-14.011180591747687
ForwardChaining,BTCUSDT,21,28,common_test,SVR,2,21,100.59956117569666,1.7606417990851373,1.9373471527948387,3.753313990442268,-12.71098981806305
ForwardChaining,BTCUSDT,21,28,common_test,SVR,3,21,100.23707602162213,1.7317938422647545,1.8726761654638655,3.506916020696447,-13.076071992603566
ForwardChaining,BTCUSDT,21,28,common_test,SVR,4,21,101.39148535861334,1.7171274680746862,1.8920072406235475,3.5796913985719305,-14.756923798512954
ForwardChaining,BTCUSDT,21,28,common_test,SVR,5,21,103.95612145526903,1.7138470841849527,1.9072994560159617,3.637791214918783,-18.240021841992764
ForwardChaining,BTCUSDT,21,28,common_test,SVR,6,21,110.14967644894634,1.8198650838540416,1.9975679549289709,3.9902777345591107,-21.72955398254774
ForwardChaining,BTCUSDT,21,28,common_test,SVR,7,21,125.06978154565198,2.083003052785248,2.2568707423572008,5.093465547707943,-27.903545682920427
ForwardChaining,BTCUSDT,21,28,common_test,Persistence,1,21,2.8379492877159174,0.05183983160357716,0.09956043263634268,0.009912279746735728,0.9618690572169747
ForwardChaining,BTCUSDT,21,28,common_test,Persistence,2,21,4.756138104120875,0.0889048314488097,0.16290128721649944,0.02653682937679244,0.9030600162108995
ForwardChaining,BTCUSDT,21,28,common_test,Persistence,3,21,8.846804964080503,0.1571648758766358,0.23909530956617897,0.057166567056546956,0.770544629894459
ForwardChaining,BTCUSDT,21,28,common_test,Persistence,4,21,12.552904268625465,0.21285364772325593,0.3143419820443625,0.09881088167557829,0.565058727227969
ForwardChaining,BTCUSDT,21,28,common_test,Persistence,5,21,15.442118050221517,0.2609072449497292,0.3625538141108178,0.13144526812630142,0.3047952231549119
ForwardChaining,BTCUSDT,21,28,common_test,Persistence,6,21,15.544643604829668,0.2587689067111888,0.34898921871974314,0.12179347478261672,0.30623592041784864
ForwardChaining,BTCUSDT,21,28,common_test,Persistence,7,21,15.297384280366781,0.25272091966970955,0.33612595871092416,0.11298066011933788,0.35887626205397993
ForwardChaining,BTCUSDT,28,7,common_test,SVR,1,21,25.58034142279223,0.5031782816729311,0.5753737982259451,0.33105500768495066,-1.024130516430942
ForwardChaining,BTCUSDT,28,7,common_test,SVR,2,21,26.91502647298386,0.501429129747863,0.5606321702801794,0.31430843035306405,-0.9246621114773299
ForwardChaining,BTCUSDT,28,7,common_test,SVR,3,21,29.521467854077795,0.5503397961095684,0.6560038231403589,0.4303410159747673,-1.512688742941719
ForwardChaining,BTCUSDT,28,7,common_test,SVR,4,21,33.53105911061145,0.5988692412799878,0.7431708829931117,0.5523029613287613,-1.9549262716542226
ForwardChaining,BTCUSDT,28,7,common_test,SVR,5,21,42.44759101342451,0.7345802382578019,0.8877645396739974,0.7881258779025844,-2.8744149660518534
ForwardChaining,BTCUSDT,28,7,common_test,SVR,6,21,50.59467637146075,0.8487654576619834,0.9950919218559011,0.9902079329428708,-3.5197101296000666
ForwardChaining,BTCUSDT,28,7,common_test,SVR,7,21,55.85870465116891,0.9158517019352834,1.0564465928203233,1.11607940348167,-4.1354390042048905
ForwardChaining,BTCUSDT,28,7,common_test,Persistence,1,21,2.3259209787843513,0.04500916685901745,0.06261300042570045,0.0039203878223087645,0.9760300359663154
ForwardChaining,BTCUSDT,28,7,common_test,Persistence,2,21,3.064145395130601,0.060616905060079385,0.07833842102899895,0.0061369082093167045,0.9624207511748312
ForwardChaining,BTCUSDT,28,7,common_test,Persistence,3,21,6.397034201686649,0.11090678630644629,0.13268227816917388,0.017604586940162037,0.897209780646896
ForwardChaining,BTCUSDT,28,7,common_test,Persistence,4,21,7.894231078970237,0.12933378798590162,0.15409630972599422,0.023745672671169542,0.8729561184221617
ForwardChaining,BTCUSDT,28,7,common_test,Persistence,5,21,9.548014266157338,0.14994876629925796,0.18375749589452237,0.0337668172974254,0.8340028338604378
ForwardChaining,BTCUSDT,28,7,common_test,Persistence,6,21,11.470652395709852,0.17891830820818488,0.2155970749313473,0.04648209871895299,0.7878368719984363
ForwardChaining,BTCUSDT,28,7,common_test,Persistence,7,21,12.93450014029464,0.19726246278195575,0.2580977344290908,0.06661444051742949,0.6934856113200261
ForwardChaining,BTCUSDT,28,14,common_test,SVR,1,21,62.615280137914134,1.1581637306903132,1.3269586992910951,1.7608193896243152,-9.765969937701994
ForwardChaining,BTCUSDT,28,14,common_test,SVR,2,21,67.73954391448089,1.2305844150284468,1.3690860013455017,1.874396479080215,-10.47783367159382
ForwardChaining,BTCUSDT,28,14,common_test,SVR,3,21,74.92435165003813,1.3305096128427156,1.471010617779863,2.1638722376210944,-11.634485700413542
ForwardChaining,BTCUSDT,28,14,common_test,SVR,4,21,80.91377226548941,1.3981009824046988,1.5254925795258079,2.3271276101883034,-11.450576937508135
ForwardChaining,BTCUSDT,28,14,common_test,SVR,5,21,87.53239943566629,1.4892621363401972,1.6056023981453604,2.577959060930133,-11.673207983117713
ForwardChaining,BTCUSDT,28,14,common_test,SVR,6,21,93.77884791250601,1.5676461771593886,1.6697082934581602,2.7879257852429613,-11.72522264559843
ForwardChaining,BTCUSDT,28,14,common_test,SVR,7,21,100.56540246522115,1.6593469820478388,1.7637213127802773,3.110712869155385,-13.313386797846265
ForwardChaining,BTCUSDT,28,14,common_test,Persistence,1,21,2.3259209787843513,0.04500916685901745,0.06261300042570045,0.0039203878223087645,0.9760300359663154
ForwardChaining,BTCUSDT,28,14,common_test,Persistence,2,21,3.064145395130601,0.060616905060079385,0.07833842102899895,0.0061369082093167045,0.9624207511748312
ForwardChaining,BTCUSDT,28,14,common_test,Persistence,3,21,6.397034201686649,0.11090678630644629,0.13268227816917388,0.017604586940162037,0.897209780646896
ForwardChaining,BTCUSDT,28,14,common_test,Persistence,4,21,7.894231078970237,0.12933378798590162,0.15409630972599422,0.023745672671169542,0.8729561184221617
ForwardChaining,BTCUSDT,28,14,common_test,Persistence,5,21,9.548014266157338,0.14994876629925796,0.18375749589452237,0.0337668172974254,0.8340028338604378
ForwardChaining,BTCUSDT,28,14,common_test,Persistence,6,21,11.470652395709852,0.17891830820818488,0.2155970749313473,0.04648209871895299,0.7878368719984363
ForwardChaining,BTCUSDT,28,14,common_test,Persistence,7,21,12.93450014029464,0.19726246278195575,0.2580977344290908,0.06661444051742949,0.6934856113200261
ForwardChaining,BTCUSDT,28,21,common_test,SVR,1,21,87.62367706221504,1.5775331526609788,1.7377868131833334,3.019903008073886,-17.46423613419887
ForwardChaining,BTCUSDT,28,21,common_test,SVR,2,21,91.68091811681919,1.6298703437635533,1.7698424067804879,3.1323421448385496,-18.18084169610826
ForwardChaining,BTCUSDT,28,21,common_test,SVR,3,21,99.11192049048222,1.726228962374063,1.8461552370078522,3.4082891591315194,-18.90042660340377
ForwardChaining,BTCUSDT,28,21,common_test,SVR,4,21,107.28056128500654,1.8266843984954397,1.9404199248379328,3.765229484708049,-19.144696483979388
ForwardChaining,BTCUSDT,28,21,common_test,SVR,5,21,115.50874009564205,1.9333246567995221,2.0573702568016072,4.232772373571912,-19.808245347432802
ForwardChaining,BTCUSDT,28,21,common_test,SVR,6,21,126.52540874014208,2.096357097275124,2.2337417884740023,4.989602377575034,-21.774566490878183
ForwardChaining,BTCUSDT,28,21,common_test,SVR,7,21,138.14847405640458,2.2828116685363025,2.4532621543380375,6.018495197907309,-26.6930251463606
ForwardChaining,BTCUSDT,28,21,common_test,Persistence,1,21,2.3259209787843513,0.04500916685901745,0.06261300042570045,0.0039203878223087645,0.9760300359663154
ForwardChaining,BTCUSDT,28,21,common_test,Persistence,2,21,3.064145395130601,0.060616905060079385,0.07833842102899895,0.0061369082093167045,0.9624207511748312
ForwardChaining,BTCUSDT,28,21,common_test,Persistence,3,21,6.397034201686649,0.11090678630644629,0.13268227816917388,0.017604586940162037,0.897209780646896
ForwardChaining,BTCUSDT,28,21,common_test,Persistence,4,21,7.894231078970237,0.12933378798590162,0.15409630972599422,0.023745672671169542,0.8729561184221617
ForwardChaining,BTCUSDT,28,21,common_test,Persistence,5,21,9.548014266157338,0.14994876629925796,0.18375749589452237,0.0337668172974254,0.8340028338604378
ForwardChaining,BTCUSDT,28,21,common_test,Persistence,6,21,11.470652395709852,0.17891830820818488,0.2155970749313473,0.04648209871895299,0.7878368719984363
ForwardChaining,BTCUSDT,28,21,common_test,Persistence,7,21,12.93450014029464,0.19726246278195575,0.2580977344290908,0.06661444051742949,0.6934856113200261
ForwardChaining,BTCUSDT,28,28,common_test,SVR,1,21,75.16691819290753,1.3925761624187607,1.5740513315617435,2.4776375943912976,-14.148726788741318
ForwardChaining,BTCUSDT,28,28,common_test,SVR,2,21,81.15299473902094,1.4850376151129123,1.61452011508428,2.6066752020117567,-14.961929473555513
ForwardChaining,BTCUSDT,28,28,common_test,SVR,3,21,90.927003148704,1.6354969991631958,1.7372920413561712,3.0181836369594928,-16.622666134997647
ForwardChaining,BTCUSDT,28,28,common_test,SVR,4,21,102.04157025990389,1.803249988467434,1.92379875505283,3.7010016499428184,-18.80106530759996
ForwardChaining,BTCUSDT,28,28,common_test,SVR,5,21,111.34897673212201,1.937885606121143,2.074369713669896,4.303009708990926,-20.153531032312532
ForwardChaining,BTCUSDT,28,28,common_test,SVR,6,21,123.02764930365531,2.122388767552795,2.2775742721252716,5.187344565046961,-22.677141937946132
ForwardChaining,BTCUSDT,28,28,common_test,SVR,7,21,136.42385651081315,2.347402595517804,2.5189170591286376,6.3449431507692635,-28.19511679390856
ForwardChaining,BTCUSDT,28,28,common_test,Persistence,1,21,2.3259209787843513,0.04500916685901745,0.06261300042570045,0.0039203878223087645,0.9760300359663154
ForwardChaining,BTCUSDT,28,28,common_test,Persistence,2,21,3.064145395130601,0.060616905060079385,0.07833842102899895,0.0061369082093167045,0.9624207511748312
ForwardChaining,BTCUSDT,28,28,common_test,Persistence,3,21,6.397034201686649,0.11090678630644629,0.13268227816917388,0.017604586940162037,0.897209780646896
ForwardChaining,BTCUSDT,28,28,common_test,Persistence,4,21,7.894231078970237,0.12933378798590162,0.15409630972599422,0.023745672671169542,0.8729561184221617
ForwardChaining,BTCUSDT,28,28,common_test,Persistence,5,21,9.548014266157338,0.14994876629925796,0.18375749589452237,0.0337668172974254,0.8340028338604378
ForwardChaining,BTCUSDT,28,28,common_test,Persistence,6,21,11.470652395709852,0.17891830820818488,0.2155970749313473,0.04648209871895299,0.7878368719984363
ForwardChaining,BTCUSDT,28,28,common_test,Persistence,7,21,12.93450014029464,0.19726246278195575,0.2580977344290908,0.06661444051742949,0.6934856113200261
ForwardChaining,ETHUSDT,7,7,common_test,SVR,1,21,45.81460328603913,2.0444672272149305,2.838818778923115,8.058892059566526,-1.0725664205957854
ForwardChaining,ETHUSDT,7,7,common_test,SVR,2,21,48.8180618824044,2.2010306032187303,2.8557861459258844,8.155514511262217,-1.1494838753884458
ForwardChaining,ETHUSDT,7,7,common_test,SVR,3,21,49.29535740767615,2.345097269540664,3.0671838457058493,9.407616743358924,-1.2501171024753135
ForwardChaining,ETHUSDT,7,7,common_test,SVR,4,21,52.91313195627206,2.3456088633085135,2.9745350184666246,8.847858576084242,-1.1543251116938213
ForwardChaining,ETHUSDT,7,7,common_test,SVR,5,21,49.4675333108052,2.149595914456341,2.8025243338888224,7.854142642038989,-1.1748203605770828
ForwardChaining,ETHUSDT,7,7,common_test,SVR,6,21,47.28348098292432,1.940660157562376,2.528419117077507,6.392903231603002,-1.2121531585266538
ForwardChaining,ETHUSDT,7,7,common_test,SVR,7,21,44.29755672723994,1.6059328692690673,2.088909382212443,4.363542407095172,-1.2030291995761746
ForwardChaining,ETHUSDT,7,7,common_test,Persistence,1,21,14.257460161844213,0.5714508659694613,1.3634386718367513,1.8589650118599643,0.521915862358548
ForwardChaining,ETHUSDT,7,7,common_test,Persistence,2,21,13.515243517883201,0.6077820124394696,1.371682486599145,1.8815128440428135,0.5041046749384845
ForwardChaining,ETHUSDT,7,7,common_test,Persistence,3,21,22.455068687618176,0.7348332237979538,1.474351925196287,2.173713599329998,0.48009041193261215
ForwardChaining,ETHUSDT,7,7,common_test,Persistence,4,21,29.193480072501604,0.9047119499147808,1.5792483335184542,2.494025298920815,0.39274104751313965
ForwardChaining,ETHUSDT,7,7,common_test,Persistence,5,21,33.76755518954588,1.0474055119439507,1.6892977666394389,2.8537269443729962,0.20980000682307332
ForwardChaining,ETHUSDT,7,7,common_test,Persistence,6,21,35.70462371753261,1.1419972064270099,1.7347050167719797,3.009201495213875,-0.04128192639814521
ForwardChaining,ETHUSDT,7,7,common_test,Persistence,7,21,47.75312946059912,1.5194459452361593,2.0893871356799685,4.365538602744944,-1.2040370223252705
ForwardChaining,ETHUSDT,7,14,common_test,SVR,1,21,79.72724048909625,2.992485567464586,3.485055736249503,12.145613484765567,-2.1235795789296708
ForwardChaining,ETHUSDT,7,14,common_test,SVR,2,21,87.38574712173525,3.3255548894970186,3.6962611642139755,13.662346594076455,-2.600875660681095
ForwardChaining,ETHUSDT,7,14,common_test,SVR,3,21,95.29120191259022,3.5073040082027207,3.9502932734762255,15.604816946471512,-2.7323656405368624
ForwardChaining,ETHUSDT,7,14,common_test,SVR,4,21,85.98432348956995,3.162874775784627,3.6355858536161567,13.217484499013919,-2.218265586502114
ForwardChaining,ETHUSDT,7,14,common_test,SVR,5,21,71.79054968871891,2.671644829388217,3.2551264934591857,10.595848488419895,-1.9340015938675519
ForwardChaining,ETHUSDT,7,14,common_test,SVR,6,21,68.5617126113874,2.390654330355816,2.860661367533901,8.183383459700929,-1.831717752009979
ForwardChaining,ETHUSDT,7,14,common_test,SVR,7,21,58.481242822128266,1.9123356010234682,2.402865094292185,5.773760661367791,-1.9150085278591553
ForwardChaining,ETHUSDT,7,14,common_test,Persistence,1,21,14.257460161844213,0.5714508659694613,1.3634386718367513,1.8589650118599643,0.521915862358548
ForwardChaining,ETHUSDT,7,14,common_test,Persistence,2,21,13.515243517883201,0.6077820124394696,1.371682486599145,1.8815128440428135,0.5041046749384845
ForwardChaining,ETHUSDT,7,14,common_test,Persistence,3,21,22.455068687618176,0.7348332237979538,1.474351925196287,2.173713599329998,0.48009041193261215
ForwardChaining,ETHUSDT,7,14,common_test,Persistence,4,21,29.193480072501604,0.9047119499147808,1.5792483335184542,2.494025298920815,0.39274104751313965
ForwardChaining,ETHUSDT,7,14,common_test,Persistence,5,21,33.76755518954588,1.0474055119439507,1.6892977666394389,2.8537269443729962,0.20980000682307332
ForwardChaining,ETHUSDT,7,14,common_test,Persistence,6,21,35.70462371753261,1.1419972064270099,1.7347050167719797,3.009201495213875,-0.04128192639814521
ForwardChaining,ETHUSDT,7,14,common_test,Persistence,7,21,47.75312946059912,1.5194459452361593,2.0893871356799685,4.365538602744944,-1.2040370223252705
ForwardChaining,ETHUSDT,7,21,common_test,SVR,1,21,86.65955043033675,3.114718780166604,3.491177295538474,12.188318908883335,-2.134562456892246
ForwardChaining,ETHUSDT,7,21,common_test,SVR,2,21,91.2200584992224,3.3388573796692484,3.654964708183493,13.358767018066844,-2.520863614521554
ForwardChaining,ETHUSDT,7,21,common_test,SVR,3,21,98.53591331504934,3.4559329217589245,3.7887366817619066,14.354525643728223,-2.4333205242097335
ForwardChaining,ETHUSDT,7,21,common_test,SVR,4,21,95.13597087008394,3.1896583214980856,3.537167437228601,12.511553478990349,-2.0463816317030235
ForwardChaining,ETHUSDT,7,21,common_test,SVR,5,21,91.51367316680155,2.958617579834451,3.369166033142356,11.351279758880198,-2.143181307413875
ForwardChaining,ETHUSDT,7,21,common_test,SVR,6,21,91.52356461131275,2.793348364301037,3.249972418475069,10.562320720848689,-2.654907683959753
ForwardChaining,ETHUSDT,7,21,common_test,SVR,7,21,86.6803386203675,2.5671139981246536,3.1688426595838513,10.041563801198457,-4.069701678039596
ForwardChaining,ETHUSDT,7,21,common_test,Persistence,1,21,14.257460161844213,0.5714508659694613,1.3634386718367513,1.8589650118599643,0.521915862358548
ForwardChaining,ETHUSDT,7,21,common_test,Persistence,2,21,13.515243517883201,0.6077820124394696,1.371682486599145,1.8815128440428135,0.5041046749384845
ForwardChaining,ETHUSDT,7,21,common_test,Persistence,3,21,22.455068687618176,0.7348332237979538,1.474351925196287,2.173713599329998,0.48009041193261215
ForwardChaining,ETHUSDT,7,21,common_test,Persistence,4,21,29.193480072501604,0.9047119499147808,1.5792483335184542,2.494025298920815,0.39274104751313965
ForwardChaining,ETHUSDT,7,21,common_test,Persistence,5,21,33.76755518954588,1.0474055119439507,1.6892977666394389,2.8537269443729962,0.20980000682307332
ForwardChaining,ETHUSDT,7,21,common_test,Persistence,6,21,35.70462371753261,1.1419972064270099,1.7347050167719797,3.009201495213875,-0.04128192639814521
ForwardChaining,ETHUSDT,7,21,common_test,Persistence,7,21,47.75312946059912,1.5194459452361593,2.0893871356799685,4.365538602744944,-1.2040370223252705
ForwardChaining,ETHUSDT,7,28,common_test,SVR,1,21,77.35399107971739,2.801553344350675,3.5127439584643136,12.339370117727537,-2.1734094424241173
ForwardChaining,ETHUSDT,7,28,common_test,SVR,2,21,72.95120850075726,2.832552829990507,3.5039060315268333,12.27735747777012,-2.235845132076443
ForwardChaining,ETHUSDT,7,28,common_test,SVR,3,21,76.35695373516653,2.9818369622561773,3.596443771802631,12.934407803737935,-2.0936562365942564
ForwardChaining,ETHUSDT,7,28,common_test,SVR,4,21,73.65468971310317,2.7711315718638523,3.2903520928944197,10.826416895214686,-1.6360753380564867
ForwardChaining,ETHUSDT,7,28,common_test,SVR,5,21,67.89461062035983,2.4931830081415054,3.1010897686597843,9.616757753286393,-1.6628903392509775
ForwardChaining,ETHUSDT,7,28,common_test,SVR,6,21,61.66238239035134,2.2590636233790247,2.8986485349945865,8.402163329426262,-1.9074227270896018
ForwardChaining,ETHUSDT,7,28,common_test,SVR,7,21,56.75582998759604,2.069690337479148,2.8875386517490047,8.33787946534446,-3.209559621749725
ForwardChaining,ETHUSDT,7,28,common_test,Persistence,1,21,14.257460161844213,0.5714508659694613,1.3634386718367513,1.8589650118599643,0.521915862358548
ForwardChaining,ETHUSDT,7,28,common_test,Persistence,2,21,13.515243517883201,0.6077820124394696,1.371682486599145,1.8815128440428135,0.5041046749384845
ForwardChaining,ETHUSDT,7,28,common_test,Persistence,3,21,22.455068687618176,0.7348332237979538,1.474351925196287,2.173713599329998,0.48009041193261215
ForwardChaining,ETHUSDT,7,28,common_test,Persistence,4,21,29.193480072501604,0.9047119499147808,1.5792483335184542,2.494025298920815,0.39274104751313965
ForwardChaining,ETHUSDT,7,28,common_test,Persistence,5,21,33.76755518954588,1.0474055119439507,1.6892977666394389,2.8537269443729962,0.20980000682307332
ForwardChaining,ETHUSDT,7,28,common_test,Persistence,6,21,35.70462371753261,1.1419972064270099,1.7347050167719797,3.009201495213875,-0.04128192639814521
ForwardChaining,ETHUSDT,7,28,common_test,Persistence,7,21,47.75312946059912,1.5194459452361593,2.0893871356799685,4.365538602744944,-1.2040370223252705
ForwardChaining,ETHUSDT,14,7,common_test,SVR,1,21,44.20310918895924,1.593203064168973,1.993944176918537,3.975813380667342,-1.737241070225806
ForwardChaining,ETHUSDT,14,7,common_test,SVR,2,21,46.85656983453478,1.7103396304212828,2.0514045090659767,4.208260459816222,-1.7084205188581882
ForwardChaining,ETHUSDT,14,7,common_test,SVR,3,21,46.15056240205858,1.7283860066926897,2.1199260640845976,4.494086517185214,-1.5311689653009375
ForwardChaining,ETHUSDT,14,7,common_test,SVR,4,21,45.52281645740534,1.7271949707389733,2.1155491206481027,4.47554808187496,-1.3909590427321374
ForwardChaining,ETHUSDT,14,7,common_test,SVR,5,21,44.88414183556141,1.7515036310890675,2.137827947888057,4.570308334771262,-1.3626137353058474
ForwardChaining,ETHUSDT,14,7,common_test,SVR,6,21,43.93215796649708,1.7894785354439775,2.216970430926787,4.914957891603704,-1.537026608646889
ForwardChaining,ETHUSDT,14,7,common_test,SVR,7,21,43.616111482701875,1.845722769757092,2.312390794891719,5.347151188299956,-1.7848898433824858
ForwardChaining,ETHUSDT,14,7,common_test,Persistence,1,21,7.943322987747778,0.33964734430056787,0.9008174387912624,0.8114720580304497,0.4413232131612834
ForwardChaining,ETHUSDT,14,7,common_test,Persistence,2,21,9.760549601786481,0.4180982207493774,0.9506526451361901,0.903740451704435,0.418356062679316
ForwardChaining,ETHUSDT,14,7,common_test,Persistence,3,21,15.148563188160686,0.5790637376530152,1.08622610430864,1.1798871496815249,0.33546145041689335
ForwardChaining,ETHUSDT,14,7,common_test,Persistence,4,21,17.33547674518507,0.653727150959742,1.134218243634222,1.2864510241926996,0.3127430086647677
ForwardChaining,ETHUSDT,14,7,common_test,Persistence,5,21,20.68549271586279,0.7712628229149937,1.1847256074145451,1.4035747648637629,0.27442422368604413
ForwardChaining,ETHUSDT,14,7,common_test,Persistence,6,21,24.478554121811644,0.8990064504185403,1.2770458318028817,1.630846056525114,0.15818203710774104
ForwardChaining,ETHUSDT,14,7,common_test,Persistence,7,21,27.45946060302449,1.0077139709454126,1.3665306134971182,1.8674059176248103,0.02742234316379788
ForwardChaining,ETHUSDT,14,14,common_test,SVR,1,21,42.43285709991919,1.586221439115926,1.9622548498858556,3.8504440959005617,-1.6509276741098984
ForwardChaining,ETHUSDT,14,14,common_test,SVR,2,21,46.94065121711059,1.7771436589566736,2.215193433062195,4.907081945881875,-2.158179384772548
ForwardChaining,ETHUSDT,14,14,common_test,SVR,3,21,54.1148961425317,2.01401583940417,2.401715832440347,5.768238939794629,-2.248799802366338
ForwardChaining,ETHUSDT,14,14,common_test,SVR,4,21,59.496723633354144,2.1661676516520765,2.4929460266186325,6.214779891633627,-2.3201037970451686
ForwardChaining,ETHUSDT,14,14,common_test,SVR,5,21,59.01046315025775,2.163804747651722,2.5436876884700004,6.470347056473853,-2.344835776509153
ForwardChaining,ETHUSDT,14,14,common_test,SVR,6,21,60.37995868358793,2.264305562821156,2.629214138112465,6.9127669840504735,-2.5682653167531644
ForwardChaining,ETHUSDT,14,14,common_test,SVR,7,21,61.55627556697137,2.3467792218223122,2.7410614486409415,7.513417865225578,-2.91311940977822
ForwardChaining,ETHUSDT,14,14,common_test,Persistence,1,21,7.943322987747778,0.33964734430056787,0.9008174387912624,0.8114720580304497,0.4413232131612834
ForwardChaining,ETHUSDT,14,14,common_test,Persistence,2,21,9.760549601786481,0.4180982207493774,0.9506526451361901,0.903740451704435,0.418356062679316
ForwardChaining,ETHUSDT,14,14,common_test,Persistence,3,21,15.148563188160686,0.5790637376530152,1.08622610430864,1.1798871496815249,0.33546145041689335
ForwardChaining,ETHUSDT,14,14,common_test,Persistence,4,21,17.33547674518507,0.653727150959742,1.134218243634222,1.2864510241926996,0.3127430086647677
ForwardChaining,ETHUSDT,14,14,common_test,Persistence,5,21,20.68549271586279,0.7712628229149937,1.1847256074145451,1.4035747648637629,0.27442422368604413
ForwardChaining,ETHUSDT,14,14,common_test,Persistence,6,21,24.478554121811644,0.8990064504185403,1.2770458318028817,1.630846056525114,0.15818203710774104
ForwardChaining,ETHUSDT,14,14,common_test,Persistence,7,21,27.45946060302449,1.0077139709454126,1.3665306134971182,1.8674059176248103,0.02742234316379788
ForwardChaining,ETHUSDT,14,21,common_test,SVR,1,21,47.788879706178065,1.6718982560785935,1.9247398191158696,3.7046233712901904,-1.550534009197337
ForwardChaining,ETHUSDT,14,21,common_test,SVR,2,21,56.256670185400495,1.9295482144113516,2.163771983919598,4.681909198395353,-2.013259055956493
ForwardChaining,ETHUSDT,14,21,common_test,SVR,3,21,60.61240361857161,2.032635300027063,2.2849143791600017,5.220833720092136,-1.9404890704175188
ForwardChaining,ETHUSDT,14,21,common_test,SVR,4,21,64.90435742318873,2.147707358797023,2.347619168833663,5.511315761875259,-1.944294199759189
ForwardChaining,ETHUSDT,14,21,common_test,SVR,5,21,64.05920609070667,2.16387230001762,2.341903849541026,5.484513640495076,-1.8352107362039645
ForwardChaining,ETHUSDT,14,21,common_test,SVR,6,21,66.45309440741697,2.3477748872028243,2.547560199461414,6.4900629698798795,-2.3500719252360844
ForwardChaining,ETHUSDT,14,21,common_test,SVR,7,21,72.66339831390245,2.6215085831176212,2.9213845976119854,8.534487967164543,-3.444910574107615
ForwardChaining,ETHUSDT,14,21,common_test,Persistence,1,21,7.943322987747778,0.33964734430056787,0.9008174387912624,0.8114720580304497,0.4413232131612834
ForwardChaining,ETHUSDT,14,21,common_test,Persistence,2,21,9.760549601786481,0.4180982207493774,0.9506526451361901,0.903740451704435,0.418356062679316
ForwardChaining,ETHUSDT,14,21,common_test,Persistence,3,21,15.148563188160686,0.5790637376530152,1.08622610430864,1.1798871496815249,0.33546145041689335
ForwardChaining,ETHUSDT,14,21,common_test,Persistence,4,21,17.33547674518507,0.653727150959742,1.134218243634222,1.2864510241926996,0.3127430086647677
ForwardChaining,ETHUSDT,14,21,common_test,Persistence,5,21,20.68549271586279,0.7712628229149937,1.1847256074145451,1.4035747648637629,0.27442422368604413
ForwardChaining,ETHUSDT,14,21,common_test,Persistence,6,21,24.478554121811644,0.8990064504185403,1.2770458318028817,1.630846056525114,0.15818203710774104
ForwardChaining,ETHUSDT,14,21,common_test,Persistence,7,21,27.45946060302449,1.0077139709454126,1.3665306134971182,1.8674059176248103,0.02742234316379788
ForwardChaining,ETHUSDT,14,28,common_test,SVR,1,21,55.702790887641704,1.9798868602345923,2.244388830288864,5.037281221525416,-2.4680332605355386
ForwardChaining,ETHUSDT,14,28,common_test,SVR,2,21,57.5154288583049,2.0631192689826867,2.3162501545127236,5.365014778280217,-2.4529032240808877
ForwardChaining,ETHUSDT,14,28,common_test,SVR,3,21,55.932426846812504,2.02493007745638,2.3609476853661837,5.57407397303594,-2.139441796878695
ForwardChaining,ETHUSDT,14,28,common_test,SVR,4,21,53.239950811872596,1.9305452605828217,2.34163344562277,5.483247193659166,-1.929299210147839
ForwardChaining,ETHUSDT,14,28,common_test,SVR,5,21,48.25265469768273,1.8271041187387578,2.2876035144135396,5.2331298391571766,-1.7052582738381967
ForwardChaining,ETHUSDT,14,28,common_test,SVR,6,21,47.93407460269924,1.885334301076069,2.438299147795404,5.945302734139794,-2.0688749660990875
ForwardChaining,ETHUSDT,14,28,common_test,SVR,7,21,54.485442338714705,2.152460131926879,2.786697978555485,7.765685623685226,-3.044504869737601
ForwardChaining,ETHUSDT,14,28,common_test,Persistence,1,21,7.943322987747778,0.33964734430056787,0.9008174387912624,0.8114720580304497,0.4413232131612834
ForwardChaining,ETHUSDT,14,28,common_test,Persistence,2,21,9.760549601786481,0.4180982207493774,0.9506526451361901,0.903740451704435,0.418356062679316
ForwardChaining,ETHUSDT,14,28,common_test,Persistence,3,21,15.148563188160686,0.5790637376530152,1.08622610430864,1.1798871496815249,0.33546145041689335
ForwardChaining,ETHUSDT,14,28,common_test,Persistence,4,21,17.33547674518507,0.653727150959742,1.134218243634222,1.2864510241926996,0.3127430086647677
ForwardChaining,ETHUSDT,14,28,common_test,Persistence,5,21,20.68549271586279,0.7712628229149937,1.1847256074145451,1.4035747648637629,0.27442422368604413
ForwardChaining,ETHUSDT,14,28,common_test,Persistence,6,21,24.478554121811644,0.8990064504185403,1.2770458318028817,1.630846056525114,0.15818203710774104
ForwardChaining,ETHUSDT,14,28,common_test,Persistence,7,21,27.45946060302449,1.0077139709454126,1.3665306134971182,1.8674059176248103,0.02742234316379788
ForwardChaining,ETHUSDT,21,7,common_test,SVR,1,21,24.65985926494715,1.0049074528210944,1.3186671861651653,1.738883147868755,-1.2854381505096524
ForwardChaining,ETHUSDT,21,7,common_test,SVR,2,21,26.062152011437142,1.06170175513453,1.3645221048235328,1.861920574552044,-1.3979847268896508
ForwardChaining,ETHUSDT,21,7,common_test,SVR,3,21,27.186724469452937,1.10186744114966,1.4304908344652918,2.0463040274892066,-1.5620967922858493
ForwardChaining,ETHUSDT,21,7,common_test,SVR,4,21,31.19053321563059,1.1955757072376327,1.4657733587231228,2.1484915391424644,-1.5142166699340982
ForwardChaining,ETHUSDT,21,7,common_test,SVR,5,21,34.57127837779914,1.2922895227009459,1.5055631164742453,2.266720297687642,-1.6710137242523961
ForwardChaining,ETHUSDT,21,7,common_test,SVR,6,21,35.62790672689656,1.3256137112667712,1.5787204355575932,2.492358213647157,-2.031185803443265
ForwardChaining,ETHUSDT,21,7,common_test,SVR,7,21,36.964267379054434,1.3765869505177921,1.6318710420647229,2.663003097929405,-1.9796575615240908
ForwardChaining,ETHUSDT,21,7,common_test,Persistence,1,21,5.156870245725821,0.21132293413066536,0.5169936504787939,0.26728243463538925,0.6487070026381516
ForwardChaining,ETHUSDT,21,7,common_test,Persistence,2,21,8.722696408246147,0.3356122271151931,0.6056458269010603,0.366806867642669,0.5275860429562229
ForwardChaining,ETHUSDT,21,7,common_test,Persistence,3,21,11.001583781102589,0.4217683334668932,0.7108077058252612,0.5052475946605711,0.36739935796426115
ForwardChaining,ETHUSDT,21,7,common_test,Persistence,4,21,15.326851772118541,0.5151783368477068,0.8509015546342069,0.7240334556789102,0.15271856989277188
ForwardChaining,ETHUSDT,21,7,common_test,Persistence,5,21,17.59992713797573,0.5700774989889057,0.9250092787742087,0.8556421658183818,-0.008254953326790382
ForwardChaining,ETHUSDT,21,7,common_test,Persistence,6,21,18.58128125441324,0.5971145889483997,0.9118852453003424,0.8315347005964656,-0.011305744782994731
ForwardChaining,ETHUSDT,21,7,common_test,Persistence,7,21,19.450324547024326,0.6133818183381893,0.9345167420603118,0.8733215411910193,0.022832855179548583
ForwardChaining,ETHUSDT,21,14,common_test,SVR,1,21,34.09455153610181,1.3129094719691783,1.5480007092171622,2.396306195736837,-2.1494983471154865
ForwardChaining,ETHUSDT,21,14,common_test,SVR,2,21,36.36102446955328,1.4033514519220998,1.6479600386795745,2.715772289084785,-2.497668246403186
ForwardChaining,ETHUSDT,21,14,common_test,SVR,3,21,38.23444474808444,1.4587495761827527,1.7298273434984006,2.992302638314734,-2.7465444470543625
ForwardChaining,ETHUSDT,21,14,common_test,SVR,4,21,40.205021551822945,1.4784939614177475,1.756342664274026,3.0847395543491842,-2.6098367010769628
ForwardChaining,ETHUSDT,21,14,common_test,SVR,5,21,42.18239311917268,1.521599282295252,1.7516993335587634,3.068450555190216,-2.61574101289155
ForwardChaining,ETHUSDT,21,14,common_test,SVR,6,21,44.99858991750652,1.6329091797167035,1.8506369289947449,3.4248570429591,-3.165283301010276
ForwardChaining,ETHUSDT,21,14,common_test,SVR,7,21,43.72269392774828,1.6130303969570146,1.9003330859309473,3.611265837483837,-3.040677071573424
ForwardChaining,ETHUSDT,21,14,common_test,Persistence,1,21,5.156870245725821,0.21132293413066536,0.5169936504787939,0.26728243463538925,0.6487070026381516
ForwardChaining,ETHUSDT,21,14,common_test,Persistence,2,21,8.722696408246147,0.3356122271151931,0.6056458269010603,0.366806867642669,0.5275860429562229
ForwardChaining,ETHUSDT,21,14,common_test,Persistence,3,21,11.001583781102589,0.4217683334668932,0.7108077058252612,0.5052475946605711,0.36739935796426115
ForwardChaining,ETHUSDT,21,14,common_test,Persistence,4,21,15.326851772118541,0.5151783368477068,0.8509015546342069,0.7240334556789102,0.15271856989277188
ForwardChaining,ETHUSDT,21,14,common_test,Persistence,5,21,17.59992713797573,0.5700774989889057,0.9250092787742087,0.8556421658183818,-0.008254953326790382
ForwardChaining,ETHUSDT,21,14,common_test,Persistence,6,21,18.58128125441324,0.5971145889483997,0.9118852453003424,0.8315347005964656,-0.011305744782994731
ForwardChaining,ETHUSDT,21,14,common_test,Persistence,7,21,19.450324547024326,0.6133818183381893,0.9345167420603118,0.8733215411910193,0.022832855179548583
ForwardChaining,ETHUSDT,21,21,common_test,SVR,1,21,41.597247763808944,1.5766727970616794,1.79883552836281,3.2358092581003097,-3.252868822898588
ForwardChaining,ETHUSDT,21,21,common_test,SVR,2,21,42.01501111876882,1.5898639963717789,1.84477208310224,3.403184038593378,-3.3829921957358184
ForwardChaining,ETHUSDT,21,21,common_test,SVR,3,21,42.587081687184686,1.5983137578740938,1.8765553071202172,3.521459820681053,-3.409081343499442
ForwardChaining,ETHUSDT,21,21,common_test,SVR,4,21,42.93375040672413,1.548912286652831,1.8352062964182925,3.3679821504133454,-2.9412940252906576
ForwardChaining,ETHUSDT,21,21,common_test,SVR,5,21,42.61228496416332,1.488193484120256,1.7437394076807535,3.040627121898825,-2.5829549773789466
ForwardChaining,ETHUSDT,21,21,common_test,SVR,6,21,47.113599598116615,1.6654937941176675,1.9047670675295438,3.628137581545098,-3.4125114399287577
ForwardChaining,ETHUSDT,21,21,common_test,SVR,7,21,52.46093015250354,1.8222650289093965,2.1086530292856156,4.446417597915404,-3.975135713369582
ForwardChaining,ETHUSDT,21,21,common_test,Persistence,1,21,5.156870245725821,0.21132293413066536,0.5169936504787939,0.26728243463538925,0.6487070026381516
ForwardChaining,ETHUSDT,21,21,common_test,Persistence,2,21,8.722696408246147,0.3356122271151931,0.6056458269010603,0.366806867642669,0.5275860429562229
ForwardChaining,ETHUSDT,21,21,common_test,Persistence,3,21,11.001583781102589,0.4217683334668932,0.7108077058252612,0.5052475946605711,0.36739935796426115
ForwardChaining,ETHUSDT,21,21,common_test,Persistence,4,21,15.326851772118541,0.5151783368477068,0.8509015546342069,0.7240334556789102,0.15271856989277188
ForwardChaining,ETHUSDT,21,21,common_test,Persistence,5,21,17.59992713797573,0.5700774989889057,0.9250092787742087,0.8556421658183818,-0.008254953326790382
ForwardChaining,ETHUSDT,21,21,common_test,Persistence,6,21,18.58128125441324,0.5971145889483997,0.9118852453003424,0.8315347005964656,-0.011305744782994731
ForwardChaining,ETHUSDT,21,21,common_test,Persistence,7,21,19.450324547024326,0.6133818183381893,0.9345167420603118,0.8733215411910193,0.022832855179548583
ForwardChaining,ETHUSDT,21,28,common_test,SVR,1,21,50.86993318745184,1.8636272104853495,2.153828914314058,4.638978992135273,-5.097074194452416
ForwardChaining,ETHUSDT,21,28,common_test,SVR,2,21,53.95686815631972,1.9713084876961127,2.170552527996196,4.711298276790677,-5.067724620468114
ForwardChaining,ETHUSDT,21,28,common_test,SVR,3,21,54.39116965561202,1.983958955945331,2.1505603260601713,4.62490971602403,-4.790667559099708
ForwardChaining,ETHUSDT,21,28,common_test,SVR,4,21,52.48865414778044,1.892257798645535,2.093832878611237,4.384136123553419,-4.130421937569175
ForwardChaining,ETHUSDT,21,28,common_test,SVR,5,21,50.360847240230605,1.7836917884947368,1.9876023650747434,3.9505631616507135,-3.6551876885998915
ForwardChaining,ETHUSDT,21,28,common_test,SVR,6,21,47.64540668542808,1.7450057373713983,1.986593473582028,3.946553629278708,-3.799766449338602
ForwardChaining,ETHUSDT,21,28,common_test,SVR,7,21,50.37729693042008,1.8401452391077104,2.102780043003467,4.421683909253663,-3.947460971833366
ForwardChaining,ETHUSDT,21,28,common_test,Persistence,1,21,5.156870245725821,0.21132293413066536,0.5169936504787939,0.26728243463538925,0.6487070026381516
ForwardChaining,ETHUSDT,21,28,common_test,Persistence,2,21,8.722696408246147,0.3356122271151931,0.6056458269010603,0.366806867642669,0.5275860429562229
ForwardChaining,ETHUSDT,21,28,common_test,Persistence,3,21,11.001583781102589,0.4217683334668932,0.7108077058252612,0.5052475946605711,0.36739935796426115
ForwardChaining,ETHUSDT,21,28,common_test,Persistence,4,21,15.326851772118541,0.5151783368477068,0.8509015546342069,0.7240334556789102,0.15271856989277188
ForwardChaining,ETHUSDT,21,28,common_test,Persistence,5,21,17.59992713797573,0.5700774989889057,0.9250092787742087,0.8556421658183818,-0.008254953326790382
ForwardChaining,ETHUSDT,21,28,common_test,Persistence,6,21,18.58128125441324,0.5971145889483997,0.9118852453003424,0.8315347005964656,-0.011305744782994731
ForwardChaining,ETHUSDT,21,28,common_test,Persistence,7,21,19.450324547024326,0.6133818183381893,0.9345167420603118,0.8733215411910193,0.022832855179548583
ForwardChaining,ETHUSDT,28,7,common_test,SVR,1,21,23.66607732558151,0.9096369175722665,1.1572383841121798,1.339200677662569,-2.223289790587892
ForwardChaining,ETHUSDT,28,7,common_test,SVR,2,21,24.763262074732314,0.9453871357910796,1.1747906029694055,1.3801329608252195,-2.097674251379292
ForwardChaining,ETHUSDT,28,7,common_test,SVR,3,21,25.572944220865093,0.9838867166102935,1.2416424290392507,1.5416759215904907,-2.1256684951195437
ForwardChaining,ETHUSDT,28,7,common_test,SVR,4,21,25.87739402166064,0.9907164601543806,1.238219897448792,1.5331885144380966,-1.934659484822737
ForwardChaining,ETHUSDT,28,7,common_test,SVR,5,21,27.562907801286563,1.0574452700543913,1.2906528286857644,1.665784724194565,-2.0819488670584776
ForwardChaining,ETHUSDT,28,7,common_test,SVR,6,21,27.652877248845638,1.070059979163105,1.3142747281334064,1.727318061010139,-1.9798600144867708
ForwardChaining,ETHUSDT,28,7,common_test,SVR,7,21,28.60415787841346,1.104289818251091,1.3489485006938664,1.8196620575242302,-1.9279373560238025
ForwardChaining,ETHUSDT,28,7,common_test,Persistence,1,21,3.350097468826049,0.13278194362369805,0.28902143989366247,0.08353339271820595,0.7989454930744858
ForwardChaining,ETHUSDT,28,7,common_test,Persistence,2,21,4.659173594400413,0.17967649341274466,0.3247691915141131,0.10547502775673066,0.7632639123043757
ForwardChaining,ETHUSDT,28,7,common_test,Persistence,3,21,6.150658722171256,0.23316451257151619,0.38859071974043446,0.15100274746838888,0.6938497100275742
ForwardChaining,ETHUSDT,28,7,common_test,Persistence,4,21,6.913231659792224,0.2580083896274533,0.40461687494695325,0.1637148154918384,0.686635249635164
ForwardChaining,ETHUSDT,28,7,common_test,Persistence,5,21,6.931060420022311,0.2631557828806832,0.4104663791563711,0.16848264841774177,0.6882821052035163
ForwardChaining,ETHUSDT,28,7,common_test,Persistence,6,21,7.656632768731602,0.2912043698269697,0.4346871958832819,0.1889529582648707,0.6740302914315612
ForwardChaining,ETHUSDT,28,7,common_test,Persistence,7,21,8.700048182802837,0.32414253752673233,0.4620833054896334,0.21352098121222585,0.6564328774120147
ForwardChaining,ETHUSDT,28,14,common_test,SVR,1,21,36.380042741700024,1.3229114137635407,1.518480803404791,2.3057839503088595,-4.549735741848706
ForwardChaining,ETHUSDT,28,14,common_test,SVR,2,21,38.98767077022686,1.4171296546385594,1.6168031320833984,2.614052367914687,-4.86717580239855
ForwardChaining,ETHUSDT,28,14,common_test,SVR,3,21,38.85542527230328,1.4132373941023035,1.651612137655338,2.7278226532504353,-4.530519876539324
ForwardChaining,ETHUSDT,28,14,common_test,SVR,4,21,38.0190073950189,1.38169727298585,1.6105203470557787,2.593775788280666,-3.9647180675437816
ForwardChaining,ETHUSDT,28,14,common_test,SVR,5,21,36.93832974085916,1.3581275817388763,1.5947843869930487,2.543337240996794,-3.7055512123439103
ForwardChaining,ETHUSDT,28,14,common_test,SVR,6,21,36.879234679920444,1.3620368401877307,1.559397358120626,2.431720120513588,-3.195049954670079
ForwardChaining,ETHUSDT,28,14,common_test,SVR,7,21,38.89971292293801,1.4339285890432154,1.6072307462565871,2.583190671712506,-3.156497320018749
ForwardChaining,ETHUSDT,28,14,common_test,Persistence,1,21,3.350097468826049,0.13278194362369805,0.28902143989366247,0.08353339271820595,0.7989454930744858
ForwardChaining,ETHUSDT,28,14,common_test,Persistence,2,21,4.659173594400413,0.17967649341274466,0.3247691915141131,0.10547502775673066,0.7632639123043757
ForwardChaining,ETHUSDT,28,14,common_test,Persistence,3,21,6.150658722171256,0.23316451257151619,0.38859071974043446,0.15100274746838888,0.6938497100275742
ForwardChaining,ETHUSDT,28,14,common_test,Persistence,4,21,6.913231659792224,0.2580083896274533,0.40461687494695325,0.1637148154918384,0.686635249635164
ForwardChaining,ETHUSDT,28,14,common_test,Persistence,5,21,6.931060420022311,0.2631557828806832,0.4104663791563711,0.16848264841774177,0.6882821052035163
ForwardChaining,ETHUSDT,28,14,common_test,Persistence,6,21,7.656632768731602,0.2912043698269697,0.4346871958832819,0.1889529582648707,0.6740302914315612
ForwardChaining,ETHUSDT,28,14,common_test,Persistence,7,21,8.700048182802837,0.32414253752673233,0.4620833054896334,0.21352098121222585,0.6564328774120147
ForwardChaining,ETHUSDT,28,21,common_test,SVR,1,21,39.164800794114605,1.4089922026240327,1.5568391358379754,2.423748094876734,-4.833660794444048
ForwardChaining,ETHUSDT,28,21,common_test,SVR,2,21,41.06259902962386,1.489199916758513,1.6271567536793146,2.6476391010442053,-4.942560393127438
ForwardChaining,ETHUSDT,28,21,common_test,SVR,3,21,42.49506725963782,1.5415696753746866,1.6859194739402625,2.8423244726110117,-4.762666415508419
ForwardChaining,ETHUSDT,28,21,common_test,SVR,4,21,42.20975176477325,1.534147550397562,1.692556774383408,2.8647484345111667,-4.483383866888943
ForwardChaining,ETHUSDT,28,21,common_test,SVR,5,21,42.54331456112355,1.5692041478138374,1.7675219901582953,3.124133985693141,-4.780111354065493
ForwardChaining,ETHUSDT,28,21,common_test,SVR,6,21,44.50479034422747,1.6512685939153446,1.8737498788166569,3.5109386083654366,-5.056849522124335
ForwardChaining,ETHUSDT,28,21,common_test,SVR,7,21,47.217035630127036,1.7560313317337783,2.0262270304850794,4.105595979068382,-5.60613204861275
ForwardChaining,ETHUSDT,28,21,common_test,Persistence,1,21,3.350097468826049,0.13278194362369805,0.28902143989366247,0.08353339271820595,0.7989454930744858
ForwardChaining,ETHUSDT,28,21,common_test,Persistence,2,21,4.659173594400413,0.17967649341274466,0.3247691915141131,0.10547502775673066,0.7632639123043757
ForwardChaining,ETHUSDT,28,21,common_test,Persistence,3,21,6.150658722171256,0.23316451257151619,0.38859071974043446,0.15100274746838888,0.6938497100275742
ForwardChaining,ETHUSDT,28,21,common_test,Persistence,4,21,6.913231659792224,0.2580083896274533,0.40461687494695325,0.1637148154918384,0.686635249635164
ForwardChaining,ETHUSDT,28,21,common_test,Persistence,5,21,6.931060420022311,0.2631557828806832,0.4104663791563711,0.16848264841774177,0.6882821052035163
ForwardChaining,ETHUSDT,28,21,common_test,Persistence,6,21,7.656632768731602,0.2912043698269697,0.4346871958832819,0.1889529582648707,0.6740302914315612
ForwardChaining,ETHUSDT,28,21,common_test,Persistence,7,21,8.700048182802837,0.32414253752673233,0.4620833054896334,0.21352098121222585,0.6564328774120147
ForwardChaining,ETHUSDT,28,28,common_test,SVR,1,21,36.09814598968136,1.3099411966245582,1.6212352341475238,2.628403684441376,-5.3262413937772495
ForwardChaining,ETHUSDT,28,28,common_test,SVR,2,21,37.49690681382175,1.3705460159336624,1.682757918156265,2.8316742111176074,-5.355622640031
ForwardChaining,ETHUSDT,28,28,common_test,SVR,3,21,39.27877220344782,1.4340187292023496,1.7231026759006183,2.9690828316958715,-5.019662457241916
ForwardChaining,ETHUSDT,28,28,common_test,SVR,4,21,40.68147899079379,1.492667556376527,1.8322926260432721,3.3572962674525506,-5.426164324776777
ForwardChaining,ETHUSDT,28,28,common_test,SVR,5,21,41.824388127451954,1.5548941452027851,1.9007277094722659,3.6127658255556865,-5.684152748730832
ForwardChaining,ETHUSDT,28,28,common_test,SVR,6,21,43.03159924754536,1.6132941383196677,1.943665800516894,3.777836744098979,-5.517285327530284
ForwardChaining,ETHUSDT,28,28,common_test,SVR,7,21,46.83702287551914,1.7467843200071205,2.0428363695776537,4.173180432869208,-5.71487918995785
ForwardChaining,ETHUSDT,28,28,common_test,Persistence,1,21,3.350097468826049,0.13278194362369805,0.28902143989366247,0.08353339271820595,0.7989454930744858
ForwardChaining,ETHUSDT,28,28,common_test,Persistence,2,21,4.659173594400413,0.17967649341274466,0.3247691915141131,0.10547502775673066,0.7632639123043757
ForwardChaining,ETHUSDT,28,28,common_test,Persistence,3,21,6.150658722171256,0.23316451257151619,0.38859071974043446,0.15100274746838888,0.6938497100275742
ForwardChaining,ETHUSDT,28,28,common_test,Persistence,4,21,6.913231659792224,0.2580083896274533,0.40461687494695325,0.1637148154918384,0.686635249635164
ForwardChaining,ETHUSDT,28,28,common_test,Persistence,5,21,6.931060420022311,0.2631557828806832,0.4104663791563711,0.16848264841774177,0.6882821052035163
ForwardChaining,ETHUSDT,28,28,common_test,Persistence,6,21,7.656632768731602,0.2912043698269697,0.4346871958832819,0.1889529582648707,0.6740302914315612
ForwardChaining,ETHUSDT,28,28,common_test,Persistence,7,21,8.700048182802837,0.32414253752673233,0.4620833054896334,0.21352098121222585,0.6564328774120147
ForwardChaining,XRPUSDT,7,7,common_test,SVR,1,21,203.1317808831055,5.665807285035574,6.474808291243686,41.92314240835798,-28.13123296069171
ForwardChaining,XRPUSDT,7,7,common_test,SVR,2,21,172.5919227781259,4.92550639493378,5.744564624045008,33.00002271982937,-15.396996196259504
ForwardChaining,XRPUSDT,7,7,common_test,SVR,3,21,129.56175901002476,3.866800471693279,4.508259468678358,20.324403436928073,-7.63356801877066
ForwardChaining,XRPUSDT,7,7,common_test,SVR,4,21,120.89476859014401,3.6261746237222363,4.393550804466809,19.30328867143095,-7.558351578957247
ForwardChaining,XRPUSDT,7,7,common_test,SVR,5,21,84.71885525869328,2.561526298435664,3.088023948484345,9.535891906412845,-3.4206375967566887
ForwardChaining,XRPUSDT,7,7,common_test,SVR,6,21,76.00087337634693,2.5187785019238027,3.1962958603547666,10.21630722692102,-3.757298700099957
ForwardChaining,XRPUSDT,7,7,common_test,SVR,7,21,94.72959244957431,3.2195561708431355,4.074632711568898,16.602631734187316,-8.911228405165653
ForwardChaining,XRPUSDT,7,7,common_test,Persistence,1,21,17.670725242050604,0.5161145539188269,0.7398039399125548,0.5473098695101389,0.6196894985809316
ForwardChaining,XRPUSDT,7,7,common_test,Persistence,2,21,26.594509052627465,0.785252918836953,1.0025234932845835,1.0050533545875244,0.5006107670857172
ForwardChaining,XRPUSDT,7,7,common_test,Persistence,3,21,33.34545152313623,0.9001634400120069,1.1472958113743714,1.3162876787971773,0.4408564442035684
ForwardChaining,XRPUSDT,7,7,common_test,Persistence,4,21,36.297772193454676,1.0540208654079333,1.3152210929405859,1.7298065233158293,0.23306890125820545
ForwardChaining,XRPUSDT,7,7,common_test,Persistence,5,21,38.62669724295787,1.2064814722542703,1.4865991337551614,2.2099769844815964,-0.024498541032786925
ForwardChaining,XRPUSDT,7,7,common_test,Persistence,6,21,41.03294121651335,1.4322996482732266,1.7112251488902945,2.9282915101946108,-0.36358050766656524
ForwardChaining,XRPUSDT,7,7,common_test,Persistence,7,21,45.4386844762411,1.590016203760481,1.893864135025915,3.5867213619374576,-1.1411554031309752
ForwardChaining,XRPUSDT,7,14,common_test,SVR,1,21,264.49055644765076,7.566032256168657,8.422930811335009,70.94576345253662,-48.29825017835348
ForwardChaining,XRPUSDT,7,14,common_test,SVR,2,21,262.3828586604069,7.580904674703821,8.412740007426118,70.774194432548,-34.16616357377528
ForwardChaining,XRPUSDT,7,14,common_test,SVR,3,21,238.85674166607092,6.782169108275903,7.905383131175941,62.495082450681124,-25.547177478100046
ForwardChaining,XRPUSDT,7,14,common_test,SVR,4,21,228.71407591119467,6.204916196671951,7.719201393310918,59.58607015049322,-25.41822055487749
ForwardChaining,XRPUSDT,7,14,common_test,SVR,5,21,179.56548110103495,4.837185113207676,6.208215961694745,38.541945427041405,-16.867229901415307
ForwardChaining,XRPUSDT,7,14,common_test,SVR,6,21,127.96219102984261,3.864542775344874,5.284465632060441,27.92557701642796,-12.003750600776742
ForwardChaining,XRPUSDT,7,14,common_test,SVR,7,21,98.23124580359035,3.217298005829255,4.531962495047871,20.538684056520527,-11.260922972021424
ForwardChaining,XRPUSDT,7,14,common_test,Persistence,1,21,17.670725242050604,0.5161145539188269,0.7398039399125548,0.5473098695101389,0.6196894985809316
ForwardChaining,XRPUSDT,7,14,common_test,Persistence,2,21,26.594509052627465,0.785252918836953,1.0025234932845835,1.0050533545875244,0.5006107670857172
ForwardChaining,XRPUSDT,7,14,common_test,Persistence,3,21,33.34545152313623,0.9001634400120069,1.1472958113743714,1.3162876787971773,0.4408564442035684
ForwardChaining,XRPUSDT,7,14,common_test,Persistence,4,21,36.297772193454676,1.0540208654079333,1.3152210929405859,1.7298065233158293,0.23306890125820545
ForwardChaining,XRPUSDT,7,14,common_test,Persistence,5,21,38.62669724295787,1.2064814722542703,1.4865991337551614,2.2099769844815964,-0.024498541032786925
ForwardChaining,XRPUSDT,7,14,common_test,Persistence,6,21,41.03294121651335,1.4322996482732266,1.7112251488902945,2.9282915101946108,-0.36358050766656524
ForwardChaining,XRPUSDT,7,14,common_test,Persistence,7,21,45.4386844762411,1.590016203760481,1.893864135025915,3.5867213619374576,-1.1411554031309752
ForwardChaining,XRPUSDT,7,21,common_test,SVR,1,21,373.4953971521663,10.243040262358814,12.24038980692198,149.82714262539952,-103.11074039109103
ForwardChaining,XRPUSDT,7,21,common_test,SVR,2,21,350.7410819136976,10.043208244332984,11.319409704293367,128.12903605365085,-62.66454152589666
ForwardChaining,XRPUSDT,7,21,common_test,SVR,3,21,312.0496146587762,8.809892422731346,10.150496885878963,103.03258703023855,-42.7670336074534
ForwardChaining,XRPUSDT,7,21,common_test,SVR,4,21,302.9914336271783,8.689548649563374,10.131480157934027,102.64689019061089,-44.5097672573294
ForwardChaining,XRPUSDT,7,21,common_test,SVR,5,21,221.8741662211358,6.998297127380226,9.339829162648199,87.23240878745376,-39.43909785534975
ForwardChaining,XRPUSDT,7,21,common_test,SVR,6,21,183.02504477106547,6.238265220134325,8.901141257724909,79.23031568997258,-35.8941800073501
ForwardChaining,XRPUSDT,7,21,common_test,SVR,7,21,200.30682987658392,6.579901233248632,9.218798185879297,84.98623999197143,-49.73400707444428
ForwardChaining,XRPUSDT,7,21,common_test,Persistence,1,21,17.670725242050604,0.5161145539188269,0.7398039399125548,0.5473098695101389,0.6196894985809316
ForwardChaining,XRPUSDT,7,21,common_test,Persistence,2,21,26.594509052627465,0.785252918836953,1.0025234932845835,1.0050533545875244,0.5006107670857172
ForwardChaining,XRPUSDT,7,21,common_test,Persistence,3,21,33.34545152313623,0.9001634400120069,1.1472958113743714,1.3162876787971773,0.4408564442035684
ForwardChaining,XRPUSDT,7,21,common_test,Persistence,4,21,36.297772193454676,1.0540208654079333,1.3152210929405859,1.7298065233158293,0.23306890125820545
ForwardChaining,XRPUSDT,7,21,common_test,Persistence,5,21,38.62669724295787,1.2064814722542703,1.4865991337551614,2.2099769844815964,-0.024498541032786925
ForwardChaining,XRPUSDT,7,21,common_test,Persistence,6,21,41.03294121651335,1.4322996482732266,1.7112251488902945,2.9282915101946108,-0.36358050766656524
ForwardChaining,XRPUSDT,7,21,common_test,Persistence,7,21,45.4386844762411,1.590016203760481,1.893864135025915,3.5867213619374576,-1.1411554031309752
ForwardChaining,XRPUSDT,7,28,common_test,SVR,1,21,388.9558246419605,10.725275918429402,12.346982438143286,152.4479753278187,-104.93188459973582
ForwardChaining,XRPUSDT,7,28,common_test,SVR,2,21,346.5575979457936,9.846001050456,11.170793463929947,124.78662661378,-61.00377070348834
ForwardChaining,XRPUSDT,7,28,common_test,SVR,3,21,339.08456428369345,9.660115839038632,11.273810239387902,127.09879731372753,-52.990077254531506
ForwardChaining,XRPUSDT,7,28,common_test,SVR,4,21,334.6740391580274,10.044723484266424,13.725100291076018,188.37837800009498,-82.51988183156591
ForwardChaining,XRPUSDT,7,28,common_test,SVR,5,21,297.4442477620499,9.842615400538964,13.88574019549652,192.81378077682777,-88.38438657233927
ForwardChaining,XRPUSDT,7,28,common_test,SVR,6,21,294.5913846486787,9.467411376095274,14.46809951950518,209.32590370630606,-96.47414868017626
ForwardChaining,XRPUSDT,7,28,common_test,SVR,7,21,367.63010515286186,12.14050160194968,17.33741523304626,300.5859669630645,-178.43999611964753
ForwardChaining,XRPUSDT,7,28,common_test,Persistence,1,21,17.670725242050604,0.5161145539188269,0.7398039399125548,0.5473098695101389,0.6196894985809316
ForwardChaining,XRPUSDT,7,28,common_test,Persistence,2,21,26.594509052627465,0.785252918836953,1.0025234932845835,1.0050533545875244,0.5006107670857172
ForwardChaining,XRPUSDT,7,28,common_test,Persistence,3,21,33.34545152313623,0.9001634400120069,1.1472958113743714,1.3162876787971773,0.4408564442035684
ForwardChaining,XRPUSDT,7,28,common_test,Persistence,4,21,36.297772193454676,1.0540208654079333,1.3152210929405859,1.7298065233158293,0.23306890125820545
ForwardChaining,XRPUSDT,7,28,common_test,Persistence,5,21,38.62669724295787,1.2064814722542703,1.4865991337551614,2.2099769844815964,-0.024498541032786925
ForwardChaining,XRPUSDT,7,28,common_test,Persistence,6,21,41.03294121651335,1.4322996482732266,1.7112251488902945,2.9282915101946108,-0.36358050766656524
ForwardChaining,XRPUSDT,7,28,common_test,Persistence,7,21,45.4386844762411,1.590016203760481,1.893864135025915,3.5867213619374576,-1.1411554031309752
ForwardChaining,XRPUSDT,14,7,common_test,SVR,1,21,409.92514445160185,13.437343091844758,14.370377515808427,206.50774994685239,-263.49106391672507
ForwardChaining,XRPUSDT,14,7,common_test,SVR,2,21,376.4112474125188,12.3192899824051,13.156641637680679,173.09721918235292,-183.10131039263572
ForwardChaining,XRPUSDT,14,7,common_test,SVR,3,21,346.3542113838274,10.998138438325098,11.829560369794876,139.9384985426215,-136.56375810372015
ForwardChaining,XRPUSDT,14,7,common_test,SVR,4,21,286.86030404890505,9.102174195393845,10.038536719823469,100.77221947524413,-103.30595331731685
ForwardChaining,XRPUSDT,14,7,common_test,SVR,5,21,228.39163436473115,7.38178773185197,8.333157542657558,69.44151463075055,-79.7704230184891
ForwardChaining,XRPUSDT,14,7,common_test,SVR,6,21,154.57944398362395,5.112084344407127,6.033020146425627,36.39733208717749,-35.12622797438464
ForwardChaining,XRPUSDT,14,7,common_test,SVR,7,21,94.25874303407852,3.2049957461156784,3.842675441688191,14.766154550153535,-15.294827899682296
ForwardChaining,XRPUSDT,14,7,common_test,Persistence,1,21,6.368268520215539,0.20844061039567444,0.35040351900085637,0.1227826261281835,0.8427424277128069
ForwardChaining,XRPUSDT,14,7,common_test,Persistence,2,21,11.246629107293927,0.3962124724526182,0.5282343970205171,0.27903157819562924,0.703229899189636
ForwardChaining,XRPUSDT,14,7,common_test,Persistence,3,21,15.095576250727028,0.5182339130254617,0.645377507912923,0.41651212771989504,0.590556035818304
ForwardChaining,XRPUSDT,14,7,common_test,Persistence,4,21,15.271136533725807,0.5339347903778803,0.6763115318183266,0.45739728807045144,0.5265633681049948
ForwardChaining,XRPUSDT,14,7,common_test,Persistence,5,21,16.398760503504075,0.5870282162269627,0.7676794607918321,0.5893317545216382,0.31452279858737
ForwardChaining,XRPUSDT,14,7,common_test,Persistence,6,21,21.14414943389386,0.7664931055567189,0.9193288463262891,0.8451655276876257,0.16112965488229614
ForwardChaining,XRPUSDT,14,7,common_test,Persistence,7,21,21.88673037076132,0.8142370086624128,0.9850066368447172,0.9702380746281407,-0.07068244437549054
ForwardChaining,XRPUSDT,14,14,common_test,SVR,1,21,236.57981575722002,7.350840243540921,8.814720430273413,77.6992962638795,-98.51573023144813
ForwardChaining,XRPUSDT,14,14,common_test,SVR,2,21,214.84764250773392,6.6254432049356815,8.50498113849945,72.33470416623138,-75.93314708792555
ForwardChaining,XRPUSDT,14,14,common_test,SVR,3,21,214.58541844182318,6.561915610871171,8.130624832713833,66.10706017034283,-63.98523086162274
ForwardChaining,XRPUSDT,14,14,common_test,SVR,4,21,205.84874993816075,6.389529094539703,7.631856592565944,58.24523504949226,-59.287694363236305
ForwardChaining,XRPUSDT,14,14,common_test,SVR,5,21,170.52837740923817,5.375407285414705,6.677212635989327,44.58516858621553,-50.8589340426712
ForwardChaining,XRPUSDT,14,14,common_test,SVR,6,21,147.55373544840523,4.769857107692564,5.617018024174627,31.55089148390262,-30.31588589549632
ForwardChaining,XRPUSDT,14,14,common_test,SVR,7,21,125.17966665134992,4.375104205372163,4.988095720874785,24.88109892060934,-26.45692681796321
ForwardChaining,XRPUSDT,14,14,common_test,Persistence,1,21,6.368268520215539,0.20844061039567444,0.35040351900085637,0.1227826261281835,0.8427424277128069
ForwardChaining,XRPUSDT,14,14,common_test,Persistence,2,21,11.246629107293927,0.3962124724526182,0.5282343970205171,0.27903157819562924,0.703229899189636
ForwardChaining,XRPUSDT,14,14,common_test,Persistence,3,21,15.095576250727028,0.5182339130254617,0.645377507912923,0.41651212771989504,0.590556035818304
ForwardChaining,XRPUSDT,14,14,common_test,Persistence,4,21,15.271136533725807,0.5339347903778803,0.6763115318183266,0.45739728807045144,0.5265633681049948
ForwardChaining,XRPUSDT,14,14,common_test,Persistence,5,21,16.398760503504075,0.5870282162269627,0.7676794607918321,0.5893317545216382,0.31452279858737
ForwardChaining,XRPUSDT,14,14,common_test,Persistence,6,21,21.14414943389386,0.7664931055567189,0.9193288463262891,0.8451655276876257,0.16112965488229614
ForwardChaining,XRPUSDT,14,14,common_test,Persistence,7,21,21.88673037076132,0.8142370086624128,0.9850066368447172,0.9702380746281407,-0.07068244437549054
ForwardChaining,XRPUSDT,14,21,common_test,SVR,1,21,318.8315510036611,9.858955455622532,11.791042004416399,139.02867154991188,-177.06518768728463
ForwardChaining,XRPUSDT,14,21,common_test,SVR,2,21,299.6767410001431,9.198907246170913,11.634965456707357,135.37242117877344,-142.97828138290959
ForwardChaining,XRPUSDT,14,21,common_test,SVR,3,21,297.71429313827963,9.153892382720029,11.35351489805023,128.90230054024855,-125.71484312896933
ForwardChaining,XRPUSDT,14,21,common_test,SVR,4,21,287.6581088378066,9.196149187778323,10.72790048523253,115.08784882105233,-118.12358236257873
ForwardChaining,XRPUSDT,14,21,common_test,SVR,5,21,256.13253724695085,8.383866119652781,9.821050067425503,96.45302442687849,-111.1886759785878
ForwardChaining,XRPUSDT,14,21,common_test,SVR,6,21,227.51746658116468,7.445901382213686,8.673494103093722,75.22949995640155,-73.6691559511684
ForwardChaining,XRPUSDT,14,21,common_test,SVR,7,21,195.7126769395217,6.580326357418905,8.202735343152089,67.28486710979642,-73.25056578428718
ForwardChaining,XRPUSDT,14,21,common_test,Persistence,1,21,6.368268520215539,0.20844061039567444,0.35040351900085637,0.1227826261281835,0.8427424277128069
ForwardChaining,XRPUSDT,14,21,common_test,Persistence,2,21,11.246629107293927,0.3962124724526182,0.5282343970205171,0.27903157819562924,0.703229899189636
ForwardChaining,XRPUSDT,14,21,common_test,Persistence,3,21,15.095576250727028,0.5182339130254617,0.645377507912923,0.41651212771989504,0.590556035818304
ForwardChaining,XRPUSDT,14,21,common_test,Persistence,4,21,15.271136533725807,0.5339347903778803,0.6763115318183266,0.45739728807045144,0.5265633681049948
ForwardChaining,XRPUSDT,14,21,common_test,Persistence,5,21,16.398760503504075,0.5870282162269627,0.7676794607918321,0.5893317545216382,0.31452279858737
ForwardChaining,XRPUSDT,14,21,common_test,Persistence,6,21,21.14414943389386,0.7664931055567189,0.9193288463262891,0.8451655276876257,0.16112965488229614
ForwardChaining,XRPUSDT,14,21,common_test,Persistence,7,21,21.88673037076132,0.8142370086624128,0.9850066368447172,0.9702380746281407,-0.07068244437549054
ForwardChaining,XRPUSDT,14,28,common_test,SVR,1,21,368.70009111722743,11.651071143197377,13.38414535093648,179.13534677499462,-228.43302837691866
ForwardChaining,XRPUSDT,14,28,common_test,SVR,2,21,324.6765694691804,10.002631638169706,12.28122891434212,150.82858364647296,-159.41701897433964
ForwardChaining,XRPUSDT,14,28,common_test,SVR,3,21,327.1388184191234,10.277925956535817,12.420327267604433,154.2645294343982,-150.64667787709874
ForwardChaining,XRPUSDT,14,28,common_test,SVR,4,21,312.9179055217147,10.33685362024544,12.080674086947013,145.94268639503304,-150.06039257043219
ForwardChaining,XRPUSDT,14,28,common_test,SVR,5,21,280.9404886146384,9.663047366786007,11.290263566827276,127.47005140842735,-147.26591886992009
ForwardChaining,XRPUSDT,14,28,common_test,SVR,6,21,244.20727114079477,8.328528957497188,10.069930451549894,101.40349929905183,-99.6481992774537
ForwardChaining,XRPUSDT,14,28,common_test,SVR,7,21,229.61137279154724,8.072259044671437,11.346832853842004,128.75061581302828,-141.07958609166766
ForwardChaining,XRPUSDT,14,28,common_test,Persistence,1,21,6.368268520215539,0.20844061039567444,0.35040351900085637,0.1227826261281835,0.8427424277128069
ForwardChaining,XRPUSDT,14,28,common_test,Persistence,2,21,11.246629107293927,0.3962124724526182,0.5282343970205171,0.27903157819562924,0.703229899189636
ForwardChaining,XRPUSDT,14,28,common_test,Persistence,3,21,15.095576250727028,0.5182339130254617,0.645377507912923,0.41651212771989504,0.590556035818304
ForwardChaining,XRPUSDT,14,28,common_test,Persistence,4,21,15.271136533725807,0.5339347903778803,0.6763115318183266,0.45739728807045144,0.5265633681049948
ForwardChaining,XRPUSDT,14,28,common_test,Persistence,5,21,16.398760503504075,0.5870282162269627,0.7676794607918321,0.5893317545216382,0.31452279858737
ForwardChaining,XRPUSDT,14,28,common_test,Persistence,6,21,21.14414943389386,0.7664931055567189,0.9193288463262891,0.8451655276876257,0.16112965488229614
ForwardChaining,XRPUSDT,14,28,common_test,Persistence,7,21,21.88673037076132,0.8142370086624128,0.9850066368447172,0.9702380746281407,-0.07068244437549054
ForwardChaining,XRPUSDT,21,7,common_test,SVR,1,21,420.00953170106436,14.999627319584922,15.76127061016877,248.41765124696983,-284.57328975206127
ForwardChaining,XRPUSDT,21,7,common_test,SVR,2,21,387.0983402511121,13.963784021921052,15.009333206711208,225.28008331008377,-235.430283020939
ForwardChaining,XRPUSDT,21,7,common_test,SVR,3,21,356.15461648926106,12.942993941340447,14.228987475292625,202.46408457203438,-235.94768278196076
ForwardChaining,XRPUSDT,21,7,common_test,SVR,4,21,321.0937381496728,11.487636852158879,12.985306381805483,168.61818182935818,-211.65023486208895
ForwardChaining,XRPUSDT,21,7,common_test,SVR,5,21,288.3130052459099,10.08181501760997,11.659494142010436,135.94380364757566,-197.58351314834147
ForwardChaining,XRPUSDT,21,7,common_test,SVR,6,21,259.89560490748516,9.21866363000182,10.506755308794244,110.39190711887602,-154.94579868274164
ForwardChaining,XRPUSDT,21,7,common_test,SVR,7,21,208.0126450848001,7.5388337781491215,8.914836420361501,79.47430840180387,-117.70638011957217
ForwardChaining,XRPUSDT,21,7,common_test,Persistence,1,21,3.958959572409648,0.12859335462540233,0.2155789548525466,0.04647428577531633,0.9465745907703634
ForwardChaining,XRPUSDT,21,7,common_test,Persistence,2,21,9.381488917737054,0.3280192610004655,0.514978078389061,0.2652024212212898,0.7216714296892253
ForwardChaining,XRPUSDT,21,7,common_test,Persistence,3,21,13.36669277033548,0.46161848949369577,0.6387675481693025,0.4080239805942221,0.5224815456744629
ForwardChaining,XRPUSDT,21,7,common_test,Persistence,4,21,17.89326477839606,0.6029556273763356,0.7885495522968835,0.6218103964276155,0.2158133517663231
ForwardChaining,XRPUSDT,21,7,common_test,Persistence,5,21,20.288904203738124,0.6934879784733725,0.877454258131703,0.7699259751134572,-0.12468976812331167
ForwardChaining,XRPUSDT,21,7,common_test,Persistence,6,21,20.69871203982344,0.7208048359452692,0.8926053802744037,0.7967443648948128,-0.12552577061375803
ForwardChaining,XRPUSDT,21,7,common_test,Persistence,7,21,20.74741614639308,0.7397261360075907,0.8878531643527563,0.7882832414512024,-0.17741509153505297
ForwardChaining,XRPUSDT,21,14,common_test,SVR,1,21,368.21166098128646,12.698140999527658,13.749122349241873,189.03836537442234,-216.3126894097242
ForwardChaining,XRPUSDT,21,14,common_test,SVR,2,21,315.5266602965618,10.920089416717234,12.205728572899767,148.9798099953018,-155.35354055294903
ForwardChaining,XRPUSDT,21,14,common_test,SVR,3,21,293.1385384668348,10.11221331845543,11.148662867086871,124.29268372396167,-144.46216163423085
ForwardChaining,XRPUSDT,21,14,common_test,SVR,4,21,265.5480179563224,8.933691146762866,10.003288249118874,100.06577579495975,-125.19641899584536
ForwardChaining,XRPUSDT,21,14,common_test,SVR,5,21,227.21082600110194,7.640956802291726,8.513462627325719,72.47904590687173,-104.87568671492875
ForwardChaining,XRPUSDT,21,14,common_test,SVR,6,21,186.88646232438109,6.349585016816381,7.191731649323454,51.72100411588065,-72.06399088511823
ForwardChaining,XRPUSDT,21,14,common_test,SVR,7,21,135.75647329450695,4.665864387568929,5.737595387961587,32.92000083595807,-48.170785016622744
ForwardChaining,XRPUSDT,21,14,common_test,Persistence,1,21,3.958959572409648,0.12859335462540233,0.2155789548525466,0.04647428577531633,0.9465745907703634
ForwardChaining,XRPUSDT,21,14,common_test,Persistence,2,21,9.381488917737054,0.3280192610004655,0.514978078389061,0.2652024212212898,0.7216714296892253
ForwardChaining,XRPUSDT,21,14,common_test,Persistence,3,21,13.36669277033548,0.46161848949369577,0.6387675481693025,0.4080239805942221,0.5224815456744629
ForwardChaining,XRPUSDT,21,14,common_test,Persistence,4,21,17.89326477839606,0.6029556273763356,0.7885495522968835,0.6218103964276155,0.2158133517663231
ForwardChaining,XRPUSDT,21,14,common_test,Persistence,5,21,20.288904203738124,0.6934879784733725,0.877454258131703,0.7699259751134572,-0.12468976812331167
ForwardChaining,XRPUSDT,21,14,common_test,Persistence,6,21,20.69871203982344,0.7208048359452692,0.8926053802744037,0.7967443648948128,-0.12552577061375803
ForwardChaining,XRPUSDT,21,14,common_test,Persistence,7,21,20.74741614639308,0.7397261360075907,0.8878531643527563,0.7882832414512024,-0.17741509153505297
ForwardChaining,XRPUSDT,21,21,common_test,SVR,1,21,310.4319806084418,11.107272648929744,12.46608931228257,155.4033827418057,-177.64694809490712
ForwardChaining,XRPUSDT,21,21,common_test,SVR,2,21,298.5300303847409,10.577432612662005,12.25706935978707,150.23574929063102,-156.67164235177998
ForwardChaining,XRPUSDT,21,21,common_test,SVR,3,21,300.2848195800727,10.474650123400066,11.960751430634277,143.0595747854199,-166.42542173260108
ForwardChaining,XRPUSDT,21,21,common_test,SVR,4,21,306.10801548164164,10.476801512245336,11.744467803428078,137.93252398575876,-172.95148792658503
ForwardChaining,XRPUSDT,21,21,common_test,SVR,5,21,287.04667940003554,9.797575163212045,10.782254253195726,116.25700678055732,-168.82550300302228
ForwardChaining,XRPUSDT,21,21,common_test,SVR,6,21,258.9232762376975,9.00801335779877,9.788780402551817,95.82022176938251,-134.36101879001515
ForwardChaining,XRPUSDT,21,21,common_test,SVR,7,21,226.14657868671134,8.007040094421834,8.879190843875929,78.84003004197014,-116.75899360438065
ForwardChaining,XRPUSDT,21,21,common_test,Persistence,1,21,3.958959572409648,0.12859335462540233,0.2155789548525466,0.04647428577531633,0.9465745907703634
ForwardChaining,XRPUSDT,21,21,common_test,Persistence,2,21,9.381488917737054,0.3280192610004655,0.514978078389061,0.2652024212212898,0.7216714296892253
ForwardChaining,XRPUSDT,21,21,common_test,Persistence,3,21,13.36669277033548,0.46161848949369577,0.6387675481693025,0.4080239805942221,0.5224815456744629
ForwardChaining,XRPUSDT,21,21,common_test,Persistence,4,21,17.89326477839606,0.6029556273763356,0.7885495522968835,0.6218103964276155,0.2158133517663231
ForwardChaining,XRPUSDT,21,21,common_test,Persistence,5,21,20.288904203738124,0.6934879784733725,0.877454258131703,0.7699259751134572,-0.12468976812331167
ForwardChaining,XRPUSDT,21,21,common_test,Persistence,6,21,20.69871203982344,0.7208048359452692,0.8926053802744037,0.7967443648948128,-0.12552577061375803
ForwardChaining,XRPUSDT,21,21,common_test,Persistence,7,21,20.74741614639308,0.7397261360075907,0.8878531643527563,0.7882832414512024,-0.17741509153505297
ForwardChaining,XRPUSDT,21,28,common_test,SVR,1,21,367.2590517012131,13.326411726098833,14.71981950713062,216.6730863225031,-248.0807144792386
ForwardChaining,XRPUSDT,21,28,common_test,SVR,2,21,342.2516171873824,12.280624338593704,14.016568095187901,196.4641811670394,-205.18814266356856
ForwardChaining,XRPUSDT,21,28,common_test,SVR,3,21,346.840699686096,12.332567175302607,14.029214856174892,196.8188694807183,-229.3409770172295
ForwardChaining,XRPUSDT,21,28,common_test,SVR,4,21,352.53101566004597,12.319946583834431,14.197893997519593,201.5801939648029,-253.21977111306597
ForwardChaining,XRPUSDT,21,28,common_test,SVR,5,21,325.9099971446388,11.445800563714336,13.270185539206993,176.0978242449784,-256.23956265785
ForwardChaining,XRPUSDT,21,28,common_test,SVR,6,21,271.2290088225697,9.685567783472688,11.140192973882606,124.10389949534337,-174.3161280709023
ForwardChaining,XRPUSDT,21,28,common_test,SVR,7,21,224.4626729519016,8.289719134285454,10.188363344416494,103.80274763784966,-154.04442462408298
ForwardChaining,XRPUSDT,21,28,common_test,Persistence,1,21,3.958959572409648,0.12859335462540233,0.2155789548525466,0.04647428577531633,0.9465745907703634
ForwardChaining,XRPUSDT,21,28,common_test,Persistence,2,21,9.381488917737054,0.3280192610004655,0.514978078389061,0.2652024212212898,0.7216714296892253
ForwardChaining,XRPUSDT,21,28,common_test,Persistence,3,21,13.36669277033548,0.46161848949369577,0.6387675481693025,0.4080239805942221,0.5224815456744629
ForwardChaining,XRPUSDT,21,28,common_test,Persistence,4,21,17.89326477839606,0.6029556273763356,0.7885495522968835,0.6218103964276155,0.2158133517663231
ForwardChaining,XRPUSDT,21,28,common_test,Persistence,5,21,20.288904203738124,0.6934879784733725,0.877454258131703,0.7699259751134572,-0.12468976812331167
ForwardChaining,XRPUSDT,21,28,common_test,Persistence,6,21,20.69871203982344,0.7208048359452692,0.8926053802744037,0.7967443648948128,-0.12552577061375803
ForwardChaining,XRPUSDT,21,28,common_test,Persistence,7,21,20.74741614639308,0.7397261360075907,0.8878531643527563,0.7882832414512024,-0.17741509153505297
ForwardChaining,XRPUSDT,28,7,common_test,SVR,1,21,638.4879392774013,22.61647210812361,23.330883587149774,544.3301289571348,-694.3433970865789
ForwardChaining,XRPUSDT,28,7,common_test,SVR,2,21,615.8081706868213,21.769405328629677,22.47383145795459,505.0731004005492,-658.747680979165
ForwardChaining,XRPUSDT,28,7,common_test,SVR,3,21,592.5531094300233,21.215080617692347,21.91461941267232,480.25054400227447,-622.8828899534523
ForwardChaining,XRPUSDT,28,7,common_test,SVR,4,21,559.9536075074459,20.280042681295452,20.97678974943172,440.02570819186377,-598.543421620733
ForwardChaining,XRPUSDT,28,7,common_test,SVR,5,21,522.3152917805671,19.07534340885106,19.70936243285619,388.45896750968285,-555.9643659919204
ForwardChaining,XRPUSDT,28,7,common_test,SVR,6,21,489.15903206254563,18.012903515279387,18.553027263365312,344.2148206351766,-456.35655493014616
ForwardChaining,XRPUSDT,28,7,common_test,SVR,7,21,446.8336233514477,16.51185121331948,16.975428488137805,288.16517235588054,-394.95818099494403
ForwardChaining,XRPUSDT,28,7,common_test,Persistence,1,21,3.648822501332425,0.1328918652255602,0.2757475335970952,0.07603670228488114,0.902868468862223
ForwardChaining,XRPUSDT,28,7,common_test,Persistence,2,21,6.796003349495586,0.2518449010882195,0.4196453860279788,0.17610225001457133,0.7699678502573442
ForwardChaining,XRPUSDT,28,7,common_test,Persistence,3,21,6.716788996878013,0.25729339554448055,0.39564567308606635,0.15653549863172647,0.7966481860638899
ForwardChaining,XRPUSDT,28,7,common_test,Persistence,4,21,7.116180209159611,0.2691130659438319,0.37716572898416534,0.14225398712015686,0.8061762288215606
ForwardChaining,XRPUSDT,28,7,common_test,Persistence,5,21,8.741353423778062,0.32920974304102824,0.46983709454563133,0.2207468954110805,0.6834977052132216
ForwardChaining,XRPUSDT,28,7,common_test,Persistence,6,21,10.980488560786396,0.40884158423300543,0.5748444123905645,0.3304460984566534,0.5609378791379147
ForwardChaining,XRPUSDT,28,7,common_test,Persistence,7,21,12.838124754336274,0.46692163777163537,0.6164078851070418,0.379958680822136,0.47791141142563087
ForwardChaining,XRPUSDT,28,14,common_test,SVR,1,21,511.27093862432605,18.074532187777486,18.567621634724095,344.75657317027424,-439.402237545488
ForwardChaining,XRPUSDT,28,14,common_test,SVR,2,21,471.8530002695349,16.618453482081744,17.176201805890578,295.02190847667873,-384.36999852333577
ForwardChaining,XRPUSDT,28,14,common_test,SVR,3,21,439.80922324800736,15.740473928867832,16.28811678164274,265.30274829243183,-343.64894914620186
ForwardChaining,XRPUSDT,28,14,common_test,SVR,4,21,408.1607807206216,14.825906977537397,15.448901864817646,238.66856882876613,-324.1904780220923
ForwardChaining,XRPUSDT,28,14,common_test,SVR,5,21,367.6272352837109,13.518431371868092,14.11403724715484,199.20604741407416,-284.61747618033985
ForwardChaining,XRPUSDT,28,14,common_test,SVR,6,21,329.232022438733,12.167530499092265,12.853603898447421,165.21513317818273,-218.5205424137887
ForwardChaining,XRPUSDT,28,14,common_test,SVR,7,21,286.82152783229543,10.582688041244827,11.343757998706016,128.6808455332067,-175.8160708307057
ForwardChaining,XRPUSDT,28,14,common_test,Persistence,1,21,3.648822501332425,0.1328918652255602,0.2757475335970952,0.07603670228488114,0.902868468862223
ForwardChaining,XRPUSDT,28,14,common_test,Persistence,2,21,6.796003349495586,0.2518449010882195,0.4196453860279788,0.17610225001457133,0.7699678502573442
ForwardChaining,XRPUSDT,28,14,common_test,Persistence,3,21,6.716788996878013,0.25729339554448055,0.39564567308606635,0.15653549863172647,0.7966481860638899
ForwardChaining,XRPUSDT,28,14,common_test,Persistence,4,21,7.116180209159611,0.2691130659438319,0.37716572898416534,0.14225398712015686,0.8061762288215606
ForwardChaining,XRPUSDT,28,14,common_test,Persistence,5,21,8.741353423778062,0.32920974304102824,0.46983709454563133,0.2207468954110805,0.6834977052132216
ForwardChaining,XRPUSDT,28,14,common_test,Persistence,6,21,10.980488560786396,0.40884158423300543,0.5748444123905645,0.3304460984566534,0.5609378791379147
ForwardChaining,XRPUSDT,28,14,common_test,Persistence,7,21,12.838124754336274,0.46692163777163537,0.6164078851070418,0.379958680822136,0.47791141142563087
ForwardChaining,XRPUSDT,28,21,common_test,SVR,1,21,409.0456217481221,14.665939012842511,16.010901535871906,256.3489679913854,-326.46774936796777
ForwardChaining,XRPUSDT,28,21,common_test,SVR,2,21,391.86978889145905,13.915736188685482,15.88984538307438,252.48718629801022,-328.8093592887085
ForwardChaining,XRPUSDT,28,21,common_test,SVR,3,21,359.2247258163153,13.037576611766942,15.277203363115152,233.39294259797694,-302.1956243282807
ForwardChaining,XRPUSDT,28,21,common_test,SVR,4,21,346.65200143755743,12.857787003815385,14.999715794716565,224.99147392226956,-305.5551752990591
ForwardChaining,XRPUSDT,28,21,common_test,SVR,5,21,325.9559855286289,12.34923659453529,14.08567952111177,198.4063675714675,-283.4709118999752
ForwardChaining,XRPUSDT,28,21,common_test,SVR,6,21,310.67835641264435,11.850918667181485,13.441189579665139,180.66557731649868,-239.04947225533752
ForwardChaining,XRPUSDT,28,21,common_test,SVR,7,21,301.33165844148925,11.518517596778018,12.943895144155904,167.5444215029028,-229.21721824249374
ForwardChaining,XRPUSDT,28,21,common_test,Persistence,1,21,3.648822501332425,0.1328918652255602,0.2757475335970952,0.07603670228488114,0.902868468862223
ForwardChaining,XRPUSDT,28,21,common_test,Persistence,2,21,6.796003349495586,0.2518449010882195,0.4196453860279788,0.17610225001457133,0.7699678502573442
ForwardChaining,XRPUSDT,28,21,common_test,Persistence,3,21,6.716788996878013,0.25729339554448055,0.39564567308606635,0.15653549863172647,0.7966481860638899
ForwardChaining,XRPUSDT,28,21,common_test,Persistence,4,21,7.116180209159611,0.2691130659438319,0.37716572898416534,0.14225398712015686,0.8061762288215606
ForwardChaining,XRPUSDT,28,21,common_test,Persistence,5,21,8.741353423778062,0.32920974304102824,0.46983709454563133,0.2207468954110805,0.6834977052132216
ForwardChaining,XRPUSDT,28,21,common_test,Persistence,6,21,10.980488560786396,0.40884158423300543,0.5748444123905645,0.3304460984566534,0.5609378791379147
ForwardChaining,XRPUSDT,28,21,common_test,Persistence,7,21,12.838124754336274,0.46692163777163537,0.6164078851070418,0.379958680822136,0.47791141142563087
ForwardChaining,XRPUSDT,28,28,common_test,SVR,1,21,422.22952552492234,15.246111790424404,16.647958197413075,277.1545121428132,-353.04536647728617
ForwardChaining,XRPUSDT,28,28,common_test,SVR,2,21,392.12367413942366,14.07867847854263,15.780886346629504,249.03637388523748,-324.30176328920777
ForwardChaining,XRPUSDT,28,28,common_test,SVR,3,21,373.4833271071221,13.811252488465227,15.718944636651504,247.08522049011506,-319.9829605594968
ForwardChaining,XRPUSDT,28,28,common_test,SVR,4,21,365.5770315373008,13.84587433558083,16.003211198595412,256.10276866684967,-347.9449078873278
ForwardChaining,XRPUSDT,28,28,common_test,SVR,5,21,340.13064233100295,13.352110710451852,15.523520252225923,240.9796810212684,-344.5116408236873
ForwardChaining,XRPUSDT,28,28,common_test,SVR,6,21,297.97425518839805,11.855108109471585,13.82251054086739,191.06179765239008,-252.86287955820748
ForwardChaining,XRPUSDT,28,28,common_test,SVR,7,21,284.97440939151846,11.480580570755368,13.933810230902843,194.15106755081274,-265.7765258277143
ForwardChaining,XRPUSDT,28,28,common_test,Persistence,1,21,3.648822501332425,0.1328918652255602,0.2757475335970952,0.07603670228488114,0.902868468862223
ForwardChaining,XRPUSDT,28,28,common_test,Persistence,2,21,6.796003349495586,0.2518449010882195,0.4196453860279788,0.17610225001457133,0.7699678502573442
ForwardChaining,XRPUSDT,28,28,common_test,Persistence,3,21,6.716788996878013,0.25729339554448055,0.39564567308606635,0.15653549863172647,0.7966481860638899
ForwardChaining,XRPUSDT,28,28,common_test,Persistence,4,21,7.116180209159611,0.2691130659438319,0.37716572898416534,0.14225398712015686,0.8061762288215606
ForwardChaining,XRPUSDT,28,28,common_test,Persistence,5,21,8.741353423778062,0.32920974304102824,0.46983709454563133,0.2207468954110805,0.6834977052132216
ForwardChaining,XRPUSDT,28,28,common_test,Persistence,6,21,10.980488560786396,0.40884158423300543,0.5748444123905645,0.3304460984566534,0.5609378791379147
ForwardChaining,XRPUSDT,28,28,common_test,Persistence,7,21,12.838124754336274,0.46692163777163537,0.6164078851070418,0.379958680822136,0.47791141142563087
GroupKFold,BNBUSDT,7,7,common_test,SVR,1,21,244.91634335500507,5.236483216156905,6.374483000104091,40.63403351861605,-64.49722229460549
GroupKFold,BNBUSDT,7,7,common_test,SVR,2,21,137.0413810681135,2.932606145209843,3.9931710281037245,15.945414859686956,-23.638054595774047
GroupKFold,BNBUSDT,7,7,common_test,SVR,3,21,391.1474849876269,6.502010050125263,10.314119603760311,106.38106320067276,-133.16313753786824
GroupKFold,BNBUSDT,7,7,common_test,SVR,4,21,541.7520011349159,8.279819934731758,14.220317175628537,202.21742057547596,-277.3819543648801
GroupKFold,BNBUSDT,7,7,common_test,SVR,5,21,407.1799588247008,6.715076163556608,10.618850625675755,112.75998861041435,-146.25088639950926
GroupKFold,BNBUSDT,7,7,common_test,SVR,6,21,311.43933332624044,5.70925630562544,8.215743219892873,67.49843665521573,-79.63658056374652
GroupKFold,BNBUSDT,7,7,common_test,SVR,7,21,328.6569570487128,5.098633246792223,7.062851136274571,49.883866173175,-46.353335741398254
GroupKFold,BNBUSDT,7,7,common_test,Persistence,1,21,22.171442148901765,0.4377769123416929,0.6308484196345947,0.39796972855546564,0.3585201979572291
GroupKFold,BNBUSDT,7,7,common_test,Persistence,2,21,24.477591967036762,0.5654279240032604,0.7521576317790248,0.5657411030434311,0.12584524726933732
GroupKFold,BNBUSDT,7,7,common_test,Persistence,3,21,28.449194348552677,0.5957816509322401,0.7605301505001872,0.5784061098198375,0.2705395478317476
GroupKFold,BNBUSDT,7,7,common_test,Persistence,4,21,34.33068332153956,0.7112028081439749,0.8265943893754506,0.6832582845469741,0.05939470473470465
GroupKFold,BNBUSDT,7,7,common_test,Persistence,5,21,30.62718749890034,0.6368636511286573,0.749535895079767,0.5618040580130275,0.2663519520999744
GroupKFold,BNBUSDT,7,7,common_test,Persistence,6,21,39.70163428486661,0.8052891181199141,0.9462115201394048,0.8953162408445233,-0.06958388612266364
GroupKFold,BNBUSDT,7,7,common_test,Persistence,7,21,61.49605776153509,1.0211954819234894,1.1921035370819706,1.421110843123345,-0.34902011497153684
GroupKFold,BNBUSDT,7,14,common_test,SVR,1,21,199.9360556104351,4.3463321717167105,5.406938226911331,29.234980989635044,-46.123307307886186
GroupKFold,BNBUSDT,7,14,common_test,SVR,2,21,204.37739541304936,4.251752168670564,5.060651430749711,25.61019290354909,-38.5715844660272
GroupKFold,BNBUSDT,7,14,common_test,SVR,3,21,271.61417238646993,5.100253160268224,5.9996046678410515,35.99525617038014,-44.395640530381264
GroupKFold,BNBUSDT,7,14,common_test,SVR,4,21,435.2713403907002,7.49199518379556,9.089959173066461,82.62735776801512,-112.7486833429413
GroupKFold,BNBUSDT,7,14,common_test,SVR,5,21,564.8910757275394,9.849382882149703,13.072807088692983,170.89828517818148,-222.1724593693258
GroupKFold,BNBUSDT,7,14,common_test,SVR,6,21,627.6437717137362,12.061539473508738,15.820741586267456,250.2958643394525,-298.0143717353971
GroupKFold,BNBUSDT,7,14,common_test,SVR,7,21,837.3476597402829,13.91061334376245,19.593647453460434,383.9110205304966,-363.43581551783245
GroupKFold,BNBUSDT,7,14,common_test,Persistence,1,21,22.171442148901765,0.4377769123416929,0.6308484196345947,0.39796972855546564,0.3585201979572291
GroupKFold,BNBUSDT,7,14,common_test,Persistence,2,21,24.477591967036762,0.5654279240032604,0.7521576317790248,0.5657411030434311,0.12584524726933732
GroupKFold,BNBUSDT,7,14,common_test,Persistence,3,21,28.449194348552677,0.5957816509322401,0.7605301505001872,0.5784061098198375,0.2705395478317476
GroupKFold,BNBUSDT,7,14,common_test,Persistence,4,21,34.33068332153956,0.7112028081439749,0.8265943893754506,0.6832582845469741,0.05939470473470465
GroupKFold,BNBUSDT,7,14,common_test,Persistence,5,21,30.62718749890034,0.6368636511286573,0.749535895079767,0.5618040580130275,0.2663519520999744
GroupKFold,BNBUSDT,7,14,common_test,Persistence,6,21,39.70163428486661,0.8052891181199141,0.9462115201394048,0.8953162408445233,-0.06958388612266364
GroupKFold,BNBUSDT,7,14,common_test,Persistence,7,21,61.49605776153509,1.0211954819234894,1.1921035370819706,1.421110843123345,-0.34902011497153684
GroupKFold,BNBUSDT,7,21,common_test,SVR,1,21,223.2496693275053,4.806307657849374,5.676331133002034,32.220735131488155,-50.93598736477494
GroupKFold,BNBUSDT,7,21,common_test,SVR,2,21,192.3037498343606,3.9095463279017983,4.753857338845427,22.599159598094527,-33.919086953589314
GroupKFold,BNBUSDT,7,21,common_test,SVR,3,21,241.0883541801188,4.19896570267768,5.521249655698038,30.484197760545705,-37.445335042052896
GroupKFold,BNBUSDT,7,21,common_test,SVR,4,21,422.99128313680626,6.545160437170531,10.314358985049907,106.38600127247975,-145.455942653287
GroupKFold,BNBUSDT,7,21,common_test,SVR,5,21,554.6243398815968,9.105432084215042,14.536983059175478,211.32387646275484,-274.96338479628986
GroupKFold,BNBUSDT,7,21,common_test,SVR,6,21,566.8980856106832,10.64525823463415,15.876324955889904,252.05769410501256,-300.1191305249358
GroupKFold,BNBUSDT,7,21,common_test,SVR,7,21,862.6342137855145,14.177308990812994,20.825625132285012,433.70666215046106,-410.7054021994783
GroupKFold,BNBUSDT,7,21,common_test,Persistence,1,21,22.171442148901765,0.4377769123416929,0.6308484196345947,0.39796972855546564,0.3585201979572291
GroupKFold,BNBUSDT,7,21,common_test,Persistence,2,21,24.477591967036762,0.5654279240032604,0.7521576317790248,0.5657411030434311,0.12584524726933732
GroupKFold,BNBUSDT,7,21,common_test,Persistence,3,21,28.449194348552677,0.5957816509322401,0.7605301505001872,0.5784061098198375,0.2705395478317476
GroupKFold,BNBUSDT,7,21,common_test,Persistence,4,21,34.33068332153956,0.7112028081439749,0.8265943893754506,0.6832582845469741,0.05939470473470465
GroupKFold,BNBUSDT,7,21,common_test,Persistence,5,21,30.62718749890034,0.6368636511286573,0.749535895079767,0.5618040580130275,0.2663519520999744
GroupKFold,BNBUSDT,7,21,common_test,Persistence,6,21,39.70163428486661,0.8052891181199141,0.9462115201394048,0.8953162408445233,-0.06958388612266364
GroupKFold,BNBUSDT,7,21,common_test,Persistence,7,21,61.49605776153509,1.0211954819234894,1.1921035370819706,1.421110843123345,-0.34902011497153684
GroupKFold,BNBUSDT,7,28,common_test,SVR,1,21,207.77568123228247,4.437513274634173,5.065345324926466,25.657723260754405,-40.35719392004719
GroupKFold,BNBUSDT,7,28,common_test,SVR,2,21,200.38942373403825,4.098420767282944,4.998113123681823,24.98113479712047,-37.599595458122074
GroupKFold,BNBUSDT,7,28,common_test,SVR,3,21,225.7163249661887,3.9376728907233147,5.085173400500955,25.85898851316245,-31.6122237182118
GroupKFold,BNBUSDT,7,28,common_test,SVR,4,21,416.94794797967387,6.519214887254182,9.668536355414501,93.48059525597192,-127.68975743282618
GroupKFold,BNBUSDT,7,28,common_test,SVR,5,21,552.4780908496597,9.130651412078867,14.171904984712953,200.8428908957318,-261.27648721760335
GroupKFold,BNBUSDT,7,28,common_test,SVR,6,21,593.7778445804632,11.153496727693694,16.64420663433526,277.0296144864499,-329.9516773134641
GroupKFold,BNBUSDT,7,28,common_test,SVR,7,21,895.1057927290864,14.643935501369453,21.94735112235579,481.68622128797205,-456.25103341971027
GroupKFold,BNBUSDT,7,28,common_test,Persistence,1,21,22.171442148901765,0.4377769123416929,0.6308484196345947,0.39796972855546564,0.3585201979572291
GroupKFold,BNBUSDT,7,28,common_test,Persistence,2,21,24.477591967036762,0.5654279240032604,0.7521576317790248,0.5657411030434311,0.12584524726933732
GroupKFold,BNBUSDT,7,28,common_test,Persistence,3,21,28.449194348552677,0.5957816509322401,0.7605301505001872,0.5784061098198375,0.2705395478317476
GroupKFold,BNBUSDT,7,28,common_test,Persistence,4,21,34.33068332153956,0.7112028081439749,0.8265943893754506,0.6832582845469741,0.05939470473470465
GroupKFold,BNBUSDT,7,28,common_test,Persistence,5,21,30.62718749890034,0.6368636511286573,0.749535895079767,0.5618040580130275,0.2663519520999744
GroupKFold,BNBUSDT,7,28,common_test,Persistence,6,21,39.70163428486661,0.8052891181199141,0.9462115201394048,0.8953162408445233,-0.06958388612266364
GroupKFold,BNBUSDT,7,28,common_test,Persistence,7,21,61.49605776153509,1.0211954819234894,1.1921035370819706,1.421110843123345,-0.34902011497153684
GroupKFold,BNBUSDT,14,7,common_test,SVR,1,21,723.0648958301824,15.756641580130168,24.847328552142226,617.3897361781022,-957.7502531096252
GroupKFold,BNBUSDT,14,7,common_test,SVR,2,21,655.9130871742219,14.219494965387504,22.16465899014386,491.272108149365,-758.3357912717437
GroupKFold,BNBUSDT,14,7,common_test,SVR,3,21,669.2083179011036,13.36092866420399,21.04668593700331,442.96298893085293,-662.0251741680643
GroupKFold,BNBUSDT,14,7,common_test,SVR,4,21,545.886408151068,11.051261367522555,16.592782224873876,275.32042196209045,-430.34067420177877
GroupKFold,BNBUSDT,14,7,common_test,SVR,5,21,420.1883351691975,8.84294290596363,12.23136049382322,149.6061795298594,-247.3551119190169
GroupKFold,BNBUSDT,14,7,common_test,SVR,6,21,345.07045803867794,7.568917261748308,9.948548749331431,98.973622217824,-190.23305767150205
GroupKFold,BNBUSDT,14,7,common_test,SVR,7,21,258.38189573965576,5.689470154735612,6.8272403646941955,46.611210997309726,-87.67927488672267
GroupKFold,BNBUSDT,14,7,common_test,Persistence,1,21,6.7849370905489055,0.16191857506865806,0.2433263707722938,0.05920772271321579,0.9080557777187201
GroupKFold,BNBUSDT,14,7,common_test,Persistence,2,21,11.228180963154196,0.28404206773273205,0.410244374704684,0.16830044697683716,0.7398660519157951
GroupKFold,BNBUSDT,14,7,common_test,Persistence,3,21,16.040912694820925,0.3679902269735342,0.49089165759316916,0.24097461949456922,0.6393101838009081
GroupKFold,BNBUSDT,14,7,common_test,Persistence,4,21,17.812634798820017,0.4077785500109557,0.5373380924438445,0.2887322255911895,0.5476472396681411
GroupKFold,BNBUSDT,14,7,common_test,Persistence,5,21,19.529573845596232,0.45738696869549295,0.5963730916362805,0.3556608644278154,0.4095819165507474
GroupKFold,BNBUSDT,14,7,common_test,Persistence,6,21,20.55109175053763,0.4954728446032225,0.6106913226716093,0.3729438915863997,0.2794120379769973
GroupKFold,BNBUSDT,14,7,common_test,Persistence,7,21,20.36147732503438,0.4868263187165721,0.5904662026588258,0.34865033648233357,0.33668191907629863
GroupKFold,BNBUSDT,14,14,common_test,SVR,1,21,222.231081177359,5.135748898774473,7.11546568417977,50.62985190273988,-77.62356706340135
GroupKFold,BNBUSDT,14,14,common_test,SVR,2,21,187.78132274017702,4.5034004632445965,5.7201747075827445,32.72039868526934,-49.57435464838536
GroupKFold,BNBUSDT,14,14,common_test,SVR,3,21,205.22398677820306,4.589369497797292,5.8136380001845875,33.79838679719025,-49.589285906016784
GroupKFold,BNBUSDT,14,14,common_test,SVR,4,21,261.58402669153645,5.576217209680097,7.492574002633543,56.138665184940024,-86.95166561597877
GroupKFold,BNBUSDT,14,14,common_test,SVR,5,21,211.06757730893992,4.66465300968247,5.490759847891045,30.14844370721249,-49.04820078033294
GroupKFold,BNBUSDT,14,14,common_test,SVR,6,21,211.915097258536,4.732289399829279,5.728963880630742,32.82102714557165,-62.41553674931298
GroupKFold,BNBUSDT,14,14,common_test,SVR,7,21,315.9856431209274,6.839908164494939,9.116940852578816,83.11861050942053,-157.13573498428883
GroupKFold,BNBUSDT,14,14,common_test,Persistence,1,21,6.7849370905489055,0.16191857506865806,0.2433263707722938,0.05920772271321579,0.9080557777187201
GroupKFold,BNBUSDT,14,14,common_test,Persistence,2,21,11.228180963154196,0.28404206773273205,0.410244374704684,0.16830044697683716,0.7398660519157951
GroupKFold,BNBUSDT,14,14,common_test,Persistence,3,21,16.040912694820925,0.3679902269735342,0.49089165759316916,0.24097461949456922,0.6393101838009081
GroupKFold,BNBUSDT,14,14,common_test,Persistence,4,21,17.812634798820017,0.4077785500109557,0.5373380924438445,0.2887322255911895,0.5476472396681411
GroupKFold,BNBUSDT,14,14,common_test,Persistence,5,21,19.529573845596232,0.45738696869549295,0.5963730916362805,0.3556608644278154,0.4095819165507474
GroupKFold,BNBUSDT,14,14,common_test,Persistence,6,21,20.55109175053763,0.4954728446032225,0.6106913226716093,0.3729438915863997,0.2794120379769973
GroupKFold,BNBUSDT,14,14,common_test,Persistence,7,21,20.36147732503438,0.4868263187165721,0.5904662026588258,0.34865033648233357,0.33668191907629863
GroupKFold,BNBUSDT,14,21,common_test,SVR,1,21,193.31603124899544,4.642903876744272,5.36902984443995,28.82648147048688,-43.76491069834774
GroupKFold,BNBUSDT,14,21,common_test,SVR,2,21,187.29299481805617,4.6131203446654485,5.775177221414691,33.352671938747115,-50.55162916339515
GroupKFold,BNBUSDT,14,21,common_test,SVR,3,21,261.7053059010184,5.951756074427287,6.924243411156859,47.945146816949176,-70.764097934113
GroupKFold,BNBUSDT,14,21,common_test,SVR,4,21,309.45695125653873,6.758492184122424,7.744231438053976,59.973120566143564,-92.95905350801357
GroupKFold,BNBUSDT,14,21,common_test,SVR,5,21,292.0262711310389,6.689542934239948,7.644901948988086,58.444525809641846,-96.02137167141865
GroupKFold,BNBUSDT,14,21,common_test,SVR,6,21,321.2574221627444,7.526480666672761,8.504217823459577,72.32172078884753,-138.73727032115505
GroupKFold,BNBUSDT,14,21,common_test,SVR,7,21,402.9495009954077,9.106144949759141,11.010672833549428,121.23491624746339,-229.65318908788117
GroupKFold,BNBUSDT,14,21,common_test,Persistence,1,21,6.7849370905489055,0.16191857506865806,0.2433263707722938,0.05920772271321579,0.9080557777187201
GroupKFold,BNBUSDT,14,21,common_test,Persistence,2,21,11.228180963154196,0.28404206773273205,0.410244374704684,0.16830044697683716,0.7398660519157951
GroupKFold,BNBUSDT,14,21,common_test,Persistence,3,21,16.040912694820925,0.3679902269735342,0.49089165759316916,0.24097461949456922,0.6393101838009081
GroupKFold,BNBUSDT,14,21,common_test,Persistence,4,21,17.812634798820017,0.4077785500109557,0.5373380924438445,0.2887322255911895,0.5476472396681411
GroupKFold,BNBUSDT,14,21,common_test,Persistence,5,21,19.529573845596232,0.45738696869549295,0.5963730916362805,0.3556608644278154,0.4095819165507474
GroupKFold,BNBUSDT,14,21,common_test,Persistence,6,21,20.55109175053763,0.4954728446032225,0.6106913226716093,0.3729438915863997,0.2794120379769973
GroupKFold,BNBUSDT,14,21,common_test,Persistence,7,21,20.36147732503438,0.4868263187165721,0.5904662026588258,0.34865033648233357,0.33668191907629863
GroupKFold,BNBUSDT,14,28,common_test,SVR,1,21,163.8214457606175,3.781795526626902,4.290691515940461,18.41003368496345,-27.58911222671128
GroupKFold,BNBUSDT,14,28,common_test,SVR,2,21,139.18116367030748,3.4222262581195704,4.006253357310464,16.050065962961366,-23.807818998434833
GroupKFold,BNBUSDT,14,28,common_test,SVR,3,21,185.4772959595329,4.2131320165647095,4.767110644556205,22.725343897441075,-33.01520098100583
GroupKFold,BNBUSDT,14,28,common_test,SVR,4,21,295.73690293572474,6.281457658377044,7.316928563310766,53.53744360059295,-82.87636795391512
GroupKFold,BNBUSDT,14,28,common_test,SVR,5,21,258.5844557725475,5.79163200808356,6.331103642631479,40.08287333374159,-65.53994189357886
GroupKFold,BNBUSDT,14,28,common_test,SVR,6,21,293.57339059077214,6.738619650337873,7.492903335014856,56.14360038787675,-107.47852316884365
GroupKFold,BNBUSDT,14,28,common_test,SVR,7,21,375.41429691623836,8.326522385586097,10.27992480675519,105.67685403254072,-200.0534930846709
GroupKFold,BNBUSDT,14,28,common_test,Persistence,1,21,6.7849370905489055,0.16191857506865806,0.2433263707722938,0.05920772271321579,0.9080557777187201
GroupKFold,BNBUSDT,14,28,common_test,Persistence,2,21,11.228180963154196,0.28404206773273205,0.410244374704684,0.16830044697683716,0.7398660519157951
GroupKFold,BNBUSDT,14,28,common_test,Persistence,3,21,16.040912694820925,0.3679902269735342,0.49089165759316916,0.24097461949456922,0.6393101838009081
GroupKFold,BNBUSDT,14,28,common_test,Persistence,4,21,17.812634798820017,0.4077785500109557,0.5373380924438445,0.2887322255911895,0.5476472396681411
GroupKFold,BNBUSDT,14,28,common_test,Persistence,5,21,19.529573845596232,0.45738696869549295,0.5963730916362805,0.3556608644278154,0.4095819165507474
GroupKFold,BNBUSDT,14,28,common_test,Persistence,6,21,20.55109175053763,0.4954728446032225,0.6106913226716093,0.3729438915863997,0.2794120379769973
GroupKFold,BNBUSDT,14,28,common_test,Persistence,7,21,20.36147732503438,0.4868263187165721,0.5904662026588258,0.34865033648233357,0.33668191907629863
GroupKFold,BNBUSDT,21,7,common_test,SVR,1,21,576.8368337614542,11.900792931944167,19.049024520714553,362.86533519078426,-230.6353691623772
GroupKFold,BNBUSDT,21,7,common_test,SVR,2,21,635.0655820490935,13.232391839763036,22.117424604047955,489.1804711157458,-364.5406769339144
GroupKFold,BNBUSDT,21,7,common_test,SVR,3,21,642.5285794439194,13.301415266973368,22.39973043637809,501.74792362240294,-418.2656470349765
GroupKFold,BNBUSDT,21,7,common_test,SVR,4,21,759.8831223323226,15.846936468845163,27.61908380900637,762.8137904489178,-806.3653878659633
GroupKFold,BNBUSDT,21,7,common_test,SVR,5,21,758.5382596138967,15.90178097499388,27.2597079112718,743.0916754078544,-1003.5247750413909
GroupKFold,BNBUSDT,21,7,common_test,SVR,6,21,714.3585756542557,15.243986749728844,25.52214017926625,651.3796393301166,-1016.886737674246
GroupKFold,BNBUSDT,21,7,common_test,SVR,7,21,630.32088853773,13.438409073039617,21.583660429673124,465.8543975434374,-869.9910465013361
GroupKFold,BNBUSDT,21,7,common_test,Persistence,1,21,5.399618167436344,0.12455354715085461,0.18894647586203325,0.03570077074068191,0.9772103852092916
GroupKFold,BNBUSDT,21,7,common_test,Persistence,2,21,8.733245094845813,0.23617974363288585,0.34636037040750495,0.11996550618882404,0.9103556357412181
GroupKFold,BNBUSDT,21,7,common_test,Persistence,3,21,10.078645059788785,0.28991738800647016,0.41429298877688836,0.17163868054968695,0.856576980055327
GroupKFold,BNBUSDT,21,7,common_test,Persistence,4,21,14.4188077919067,0.4134268693577981,0.6637493323510765,0.44056317619649976,0.5337060445380515
GroupKFold,BNBUSDT,21,7,common_test,Persistence,5,21,17.16873158093545,0.507682598087125,0.7964753063254515,0.6343729135862217,0.14244321474494703
GroupKFold,BNBUSDT,21,7,common_test,Persistence,6,21,19.283033846788545,0.5599369272736698,0.8929933261683436,0.7974370805812017,-0.24612526926391642
GroupKFold,BNBUSDT,21,7,common_test,Persistence,7,21,20.91755488225447,0.601035304995721,0.9757146818870979,0.9520191404500405,-0.7799556080235706
GroupKFold,BNBUSDT,21,14,common_test,SVR,1,21,653.026356471449,13.389083145914675,24.15135842525704,583.2881137852343,-371.34242144853084
GroupKFold,BNBUSDT,21,14,common_test,SVR,2,21,744.9702428181233,15.219407729940551,28.501229368498414,812.3200755157565,-606.0071227777602
GroupKFold,BNBUSDT,21,14,common_test,SVR,3,21,704.3188900175165,14.290757418538105,26.639855713664,709.6819124448366,-592.0173941967832
GroupKFold,BNBUSDT,21,14,common_test,SVR,4,21,271.5971604739675,5.951658727949809,9.099242646602908,82.79621674175709,-86.63187095005661
GroupKFold,BNBUSDT,21,14,common_test,SVR,5,21,180.28094966336155,4.084639039261946,5.23000090165606,27.352909431323194,-35.97615799308555
GroupKFold,BNBUSDT,21,14,common_test,SVR,6,21,244.52929288569595,5.335662039370927,7.801231094725351,60.85920659330969,-94.10241879898872
GroupKFold,BNBUSDT,21,14,common_test,SVR,7,21,290.46941367312456,6.160825198211181,9.685828200612494,93.81526793178028,-174.40299892969347
GroupKFold,BNBUSDT,21,14,common_test,Persistence,1,21,5.399618167436344,0.12455354715085461,0.18894647586203325,0.03570077074068191,0.9772103852092916
GroupKFold,BNBUSDT,21,14,common_test,Persistence,2,21,8.733245094845813,0.23617974363288585,0.34636037040750495,0.11996550618882404,0.9103556357412181
GroupKFold,BNBUSDT,21,14,common_test,Persistence,3,21,10.078645059788785,0.28991738800647016,0.41429298877688836,0.17163868054968695,0.856576980055327
GroupKFold,BNBUSDT,21,14,common_test,Persistence,4,21,14.4188077919067,0.4134268693577981,0.6637493323510765,0.44056317619649976,0.5337060445380515
GroupKFold,BNBUSDT,21,14,common_test,Persistence,5,21,17.16873158093545,0.507682598087125,0.7964753063254515,0.6343729135862217,0.14244321474494703
GroupKFold,BNBUSDT,21,14,common_test,Persistence,6,21,19.283033846788545,0.5599369272736698,0.8929933261683436,0.7974370805812017,-0.24612526926391642
GroupKFold,BNBUSDT,21,14,common_test,Persistence,7,21,20.91755488225447,0.601035304995721,0.9757146818870979,0.9520191404500405,-0.7799556080235706
GroupKFold,BNBUSDT,21,21,common_test,SVR,1,21,584.8714999688466,11.742115815467445,20.9224639949443,437.7494996197406,-278.4377338131574
GroupKFold,BNBUSDT,21,21,common_test,SVR,2,21,552.2411267951769,11.279355954099964,19.903288707872367,396.14090138891964,-295.01675006493474
GroupKFold,BNBUSDT,21,21,common_test,SVR,3,21,449.9342981732648,9.316237698239958,15.477966948399866,239.56746085575867,-199.18499679892116
GroupKFold,BNBUSDT,21,21,common_test,SVR,4,21,193.32287799748775,4.362235881609897,5.296749027306123,28.05555025826836,-28.694114736349547
GroupKFold,BNBUSDT,21,21,common_test,SVR,5,21,176.65806200657804,4.085227779287104,4.673811206047442,21.844511189774643,-28.529805561007873
GroupKFold,BNBUSDT,21,21,common_test,SVR,6,21,245.70252355231696,5.604496761649449,6.5657695820318684,43.10933020433494,-66.36534708106514
GroupKFold,BNBUSDT,21,21,common_test,SVR,7,21,339.9705163602051,7.600047579862284,9.596021635869896,92.08363123608315,-171.1654206955957
GroupKFold,BNBUSDT,21,21,common_test,Persistence,1,21,5.399618167436344,0.12455354715085461,0.18894647586203325,0.03570077074068191,0.9772103852092916
GroupKFold,BNBUSDT,21,21,common_test,Persistence,2,21,8.733245094845813,0.23617974363288585,0.34636037040750495,0.11996550618882404,0.9103556357412181
GroupKFold,BNBUSDT,21,21,common_test,Persistence,3,21,10.078645059788785,0.28991738800647016,0.41429298877688836,0.17163868054968695,0.856576980055327
GroupKFold,BNBUSDT,21,21,common_test,Persistence,4,21,14.4188077919067,0.4134268693577981,0.6637493323510765,0.44056317619649976,0.5337060445380515
GroupKFold,BNBUSDT,21,21,common_test,Persistence,5,21,17.16873158093545,0.507682598087125,0.7964753063254515,0.6343729135862217,0.14244321474494703
GroupKFold,BNBUSDT,21,21,common_test,Persistence,6,21,19.283033846788545,0.5599369272736698,0.8929933261683436,0.7974370805812017,-0.24612526926391642
GroupKFold,BNBUSDT,21,21,common_test,Persistence,7,21,20.91755488225447,0.601035304995721,0.9757146818870979,0.9520191404500405,-0.7799556080235706
GroupKFold,BNBUSDT,21,28,common_test,SVR,1,21,561.1823194103409,11.013576698351354,20.252483458619267,410.16308624164697,-260.8279253608262
GroupKFold,BNBUSDT,21,28,common_test,SVR,2,21,521.4983203550179,10.462936902270053,18.852350435140533,355.41111692934345,-264.58137117753193
GroupKFold,BNBUSDT,21,28,common_test,SVR,3,21,388.07236306087066,7.900281321116885,13.194127557605123,174.08500200635493,-144.46719093193013
GroupKFold,BNBUSDT,21,28,common_test,SVR,4,21,111.8036888256576,2.588535553342914,3.004378937289334,9.02629279882779,-8.553467016149025
GroupKFold,BNBUSDT,21,28,common_test,SVR,5,21,116.73283879209963,2.872072174707638,3.3120799236310985,10.969873420520182,-13.829273418965949
GroupKFold,BNBUSDT,21,28,common_test,SVR,6,21,179.19829780844924,4.117395081887107,4.554549857611976,20.74392440547327,-31.415759205128268
GroupKFold,BNBUSDT,21,28,common_test,SVR,7,21,291.70252362011314,6.476461814256207,7.925409988628749,62.81212348785634,-116.43754584726865
GroupKFold,BNBUSDT,21,28,common_test,Persistence,1,21,5.399618167436344,0.12455354715085461,0.18894647586203325,0.03570077074068191,0.9772103852092916
GroupKFold,BNBUSDT,21,28,common_test,Persistence,2,21,8.733245094845813,0.23617974363288585,0.34636037040750495,0.11996550618882404,0.9103556357412181
GroupKFold,BNBUSDT,21,28,common_test,Persistence,3,21,10.078645059788785,0.28991738800647016,0.41429298877688836,0.17163868054968695,0.856576980055327
GroupKFold,BNBUSDT,21,28,common_test,Persistence,4,21,14.4188077919067,0.4134268693577981,0.6637493323510765,0.44056317619649976,0.5337060445380515
GroupKFold,BNBUSDT,21,28,common_test,Persistence,5,21,17.16873158093545,0.507682598087125,0.7964753063254515,0.6343729135862217,0.14244321474494703
GroupKFold,BNBUSDT,21,28,common_test,Persistence,6,21,19.283033846788545,0.5599369272736698,0.8929933261683436,0.7974370805812017,-0.24612526926391642
GroupKFold,BNBUSDT,21,28,common_test,Persistence,7,21,20.91755488225447,0.601035304995721,0.9757146818870979,0.9520191404500405,-0.7799556080235706
GroupKFold,BNBUSDT,28,7,common_test,SVR,1,21,414.50356156111746,9.229566596079238,13.89814498180223,193.15843393519447,-125.15103790925279
GroupKFold,BNBUSDT,28,7,common_test,SVR,2,21,406.07818109525226,9.10283666664156,14.025765131946276,196.72208753651995,-137.21254919365106
GroupKFold,BNBUSDT,28,7,common_test,SVR,3,21,424.9501972384284,9.329932246970433,14.705823571990992,216.26124693052589,-158.68840006245821
GroupKFold,BNBUSDT,28,7,common_test,SVR,4,21,426.44555833031745,9.415831482270272,14.874901911355765,221.2627068724554,-174.39992681014252
GroupKFold,BNBUSDT,28,7,common_test,SVR,5,21,443.77374940218067,9.943267661737433,15.681875624712111,245.92122310893987,-198.42843889362476
GroupKFold,BNBUSDT,28,7,common_test,SVR,6,21,464.54220955889866,10.390070618368437,16.296177708295758,265.5654079003556,-213.62708217515188
GroupKFold,BNBUSDT,28,7,common_test,SVR,7,21,492.2089119947658,10.424105856725529,16.43484113372136,270.1040030906596,-208.3111690601141
GroupKFold,BNBUSDT,28,7,common_test,Persistence,1,21,3.5196299629209142,0.0804720342693898,0.12959323536206305,0.016794406651607065,0.9890316369468957
GroupKFold,BNBUSDT,28,7,common_test,Persistence,2,21,5.656820188431065,0.1439628862526418,0.2249313974871732,0.050594133575532704,0.9644536906694815
GroupKFold,BNBUSDT,28,7,common_test,Persistence,3,21,7.102695975285351,0.1866260925478101,0.2572099568560449,0.06615696190588849,0.9511493642541597
GroupKFold,BNBUSDT,28,7,common_test,Persistence,4,21,7.944608943997769,0.21482090048627903,0.2750773386740008,0.07566754225197095,0.9400166365109615
GroupKFold,BNBUSDT,28,7,common_test,Persistence,5,21,8.770550989258549,0.2419719423671006,0.3105980839389869,0.09647116974656995,0.9217672450649871
GroupKFold,BNBUSDT,28,7,common_test,Persistence,6,21,9.244815791169074,0.2544182924808093,0.32286565974192794,0.1042422342405904,0.9157525569637767
GroupKFold,BNBUSDT,28,7,common_test,Persistence,7,21,11.220627043346033,0.28767448175155186,0.3587704841137093,0.12871626027118535,0.9002541591160172
GroupKFold,BNBUSDT,28,14,common_test,SVR,1,21,486.0291366320383,11.013258169906546,19.492824070496834,379.97019024334077,-247.1570848200997
GroupKFold,BNBUSDT,28,14,common_test,SVR,2,21,477.01078506417883,10.831353125582321,19.33773298853017,373.94791713568804,-261.7274625854346
GroupKFold,BNBUSDT,28,14,common_test,SVR,3,21,503.10375279920834,11.121287831259835,20.081433025284543,403.2639523489887,-296.77214488253117
GroupKFold,BNBUSDT,28,14,common_test,SVR,4,21,523.1833603401269,11.558775092071393,21.10507057347772,445.4240039114752,-352.09763127226444
GroupKFold,BNBUSDT,28,14,common_test,SVR,5,21,515.1029333386406,11.497722878111713,20.95691126838758,439.19212991107025,-355.1603985831297
GroupKFold,BNBUSDT,28,14,common_test,SVR,6,21,480.7318506471459,10.57576940251672,19.14380010018737,366.48508227593396,-295.1892683670525
GroupKFold,BNBUSDT,28,14,common_test,SVR,7,21,533.3613234424125,10.920139409420663,20.20179990630552,408.1127194544057,-315.25799484590465
GroupKFold,BNBUSDT,28,14,common_test,Persistence,1,21,3.5196299629209142,0.0804720342693898,0.12959323536206305,0.016794406651607065,0.9890316369468957
GroupKFold,BNBUSDT,28,14,common_test,Persistence,2,21,5.656820188431065,0.1439628862526418,0.2249313974871732,0.050594133575532704,0.9644536906694815
GroupKFold,BNBUSDT,28,14,common_test,Persistence,3,21,7.102695975285351,0.1866260925478101,0.2572099568560449,0.06615696190588849,0.9511493642541597
GroupKFold,BNBUSDT,28,14,common_test,Persistence,4,21,7.944608943997769,0.21482090048627903,0.2750773386740008,0.07566754225197095,0.9400166365109615
GroupKFold,BNBUSDT,28,14,common_test,Persistence,5,21,8.770550989258549,0.2419719423671006,0.3105980839389869,0.09647116974656995,0.9217672450649871
GroupKFold,BNBUSDT,28,14,common_test,Persistence,6,21,9.244815791169074,0.2544182924808093,0.32286565974192794,0.1042422342405904,0.9157525569637767
GroupKFold,BNBUSDT,28,14,common_test,Persistence,7,21,11.220627043346033,0.28767448175155186,0.3587704841137093,0.12871626027118535,0.9002541591160172
GroupKFold,BNBUSDT,28,21,common_test,SVR,1,21,484.7229930179757,10.499294334595932,19.5360444124924,381.6570312868756,-248.25875428435538
GroupKFold,BNBUSDT,28,21,common_test,SVR,2,21,477.17158269908185,10.414469407472772,19.42445371531169,377.3094021382861,-264.0891669425981
GroupKFold,BNBUSDT,28,21,common_test,SVR,3,21,511.9313983058817,10.963393829107515,20.44120179925775,417.8427309979784,-307.5371888761495
GroupKFold,BNBUSDT,28,21,common_test,SVR,4,21,519.2311840560907,11.19644684932853,20.83322898744046,434.02343004312945,-343.0601398198338
GroupKFold,BNBUSDT,28,21,common_test,SVR,5,21,506.2387454981014,11.133585617184943,20.252208693384272,410.15195696038944,-331.6104329333996
GroupKFold,BNBUSDT,28,21,common_test,SVR,6,21,491.10741407282813,10.834368768464639,18.9189758506199,357.927647236339,-288.2732421873897
GroupKFold,BNBUSDT,28,21,common_test,SVR,7,21,563.269080055573,11.881869609084983,20.159720264703928,406.4143211511143,-313.9418583565379
GroupKFold,BNBUSDT,28,21,common_test,Persistence,1,21,3.5196299629209142,0.0804720342693898,0.12959323536206305,0.016794406651607065,0.9890316369468957
GroupKFold,BNBUSDT,28,21,common_test,Persistence,2,21,5.656820188431065,0.1439628862526418,0.2249313974871732,0.050594133575532704,0.9644536906694815
GroupKFold,BNBUSDT,28,21,common_test,Persistence,3,21,7.102695975285351,0.1866260925478101,0.2572099568560449,0.06615696190588849,0.9511493642541597
GroupKFold,BNBUSDT,28,21,common_test,Persistence,4,21,7.944608943997769,0.21482090048627903,0.2750773386740008,0.07566754225197095,0.9400166365109615
GroupKFold,BNBUSDT,28,21,common_test,Persistence,5,21,8.770550989258549,0.2419719423671006,0.3105980839389869,0.09647116974656995,0.9217672450649871
GroupKFold,BNBUSDT,28,21,common_test,Persistence,6,21,9.244815791169074,0.2544182924808093,0.32286565974192794,0.1042422342405904,0.9157525569637767
GroupKFold,BNBUSDT,28,21,common_test,Persistence,7,21,11.220627043346033,0.28767448175155186,0.3587704841137093,0.12871626027118535,0.9002541591160172
GroupKFold,BNBUSDT,28,28,common_test,SVR,1,21,482.25456844816176,10.389887481595967,19.404086954435595,376.5185905352977,-244.9028581899387
GroupKFold,BNBUSDT,28,28,common_test,SVR,2,21,475.49531205855794,10.315674121754826,19.288037990160902,372.0284095098902,-260.37885935800637
GroupKFold,BNBUSDT,28,28,common_test,SVR,3,21,511.2959807461396,10.823925339387381,20.485254503786276,419.6456520848959,-308.86847493823916
GroupKFold,BNBUSDT,28,28,common_test,SVR,4,21,518.2047333738135,11.094210758512391,20.785658798640107,432.04361169348493,-341.4906932622393
GroupKFold,BNBUSDT,28,28,common_test,SVR,5,21,502.21520111682827,10.939995072420054,20.15655064009927,406.2865337068863,-328.4757895896335
GroupKFold,BNBUSDT,28,28,common_test,SVR,6,21,477.03630466819493,10.367290588136349,18.479736201485725,341.5006500765021,-274.99712126038185
GroupKFold,BNBUSDT,28,28,common_test,SVR,7,21,545.7983595249922,11.308123120250778,19.712847387979654,388.59635214177626,-300.1342143344327
GroupKFold,BNBUSDT,28,28,common_test,Persistence,1,21,3.5196299629209142,0.0804720342693898,0.12959323536206305,0.016794406651607065,0.9890316369468957
GroupKFold,BNBUSDT,28,28,common_test,Persistence,2,21,5.656820188431065,0.1439628862526418,0.2249313974871732,0.050594133575532704,0.9644536906694815
GroupKFold,BNBUSDT,28,28,common_test,Persistence,3,21,7.102695975285351,0.1866260925478101,0.2572099568560449,0.06615696190588849,0.9511493642541597
GroupKFold,BNBUSDT,28,28,common_test,Persistence,4,21,7.944608943997769,0.21482090048627903,0.2750773386740008,0.07566754225197095,0.9400166365109615
GroupKFold,BNBUSDT,28,28,common_test,Persistence,5,21,8.770550989258549,0.2419719423671006,0.3105980839389869,0.09647116974656995,0.9217672450649871
GroupKFold,BNBUSDT,28,28,common_test,Persistence,6,21,9.244815791169074,0.2544182924808093,0.32286565974192794,0.1042422342405904,0.9157525569637767
GroupKFold,BNBUSDT,28,28,common_test,Persistence,7,21,11.220627043346033,0.28767448175155186,0.3587704841137093,0.12871626027118535,0.9002541591160172
GroupKFold,BTCUSDT,7,7,common_test,SVR,1,21,1037.2840054875019,13.882271768414284,16.41079170353188,269.31408433671083,-482.11873974211073
GroupKFold,BTCUSDT,7,7,common_test,SVR,2,21,975.8967939476943,14.215152728136967,16.45221144767228,270.6752615189188,-434.13320626760344
GroupKFold,BTCUSDT,7,7,common_test,SVR,3,21,957.5595184743613,14.32621151950909,16.558229169303353,274.17495322316836,-410.7707698867326
GroupKFold,BTCUSDT,7,7,common_test,SVR,4,21,1054.3687959270978,15.533501208235315,18.57022404151663,344.85322095212234,-695.6167257109032
GroupKFold,BTCUSDT,7,7,common_test,SVR,5,21,850.5861266225256,12.163640826280707,14.661936090644396,214.97236992614066,-414.50775205785396
GroupKFold,BTCUSDT,7,7,common_test,SVR,6,21,755.7989722165091,10.212644257758322,11.551321039548643,133.43301775871916,-277.5407552358196
GroupKFold,BTCUSDT,7,7,common_test,SVR,7,21,718.8394258492262,9.13237737918628,10.207401599496988,104.19104741341367,-310.35727883783363
GroupKFold,BTCUSDT,7,7,common_test,Persistence,1,21,12.967995960946675,0.1963512475221888,0.3114424929374681,0.09699642640710487,0.8259994778932503
GroupKFold,BTCUSDT,7,7,common_test,Persistence,2,21,11.883788587242666,0.2096519010932256,0.3137889951199922,0.09846353345841449,0.8417116038836718
GroupKFold,BTCUSDT,7,7,common_test,Persistence,3,21,21.404653062002392,0.2821793284280866,0.3924045606463666,0.153981339216068,0.7687424987154786
GroupKFold,BTCUSDT,7,7,common_test,Persistence,4,21,22.296216505731188,0.26872143482918837,0.359422465828526,0.12918450894225794,0.7390423398584969
GroupKFold,BTCUSDT,7,7,common_test,Persistence,5,21,28.547197934156365,0.32815968831158654,0.4808659721601427,0.23123208318151914,0.5530647816767427
GroupKFold,BTCUSDT,7,7,common_test,Persistence,6,21,34.055760129294434,0.40257968988140547,0.5746690135057274,0.33024447508364585,0.31061631485701235
GroupKFold,BTCUSDT,7,7,common_test,Persistence,7,21,46.253071603636585,0.5517978772896578,0.7771929683444033,0.6040289100439846,-0.8050379801294278
GroupKFold,BTCUSDT,7,14,common_test,SVR,1,21,1173.03662229032,15.967162169330063,19.07304530042763,363.78105703216454,-651.5817104897527
GroupKFold,BTCUSDT,7,14,common_test,SVR,2,21,1145.5121695202045,16.72300992472499,19.21779633056333,369.3236958030135,-592.7188459837652
GroupKFold,BTCUSDT,7,14,common_test,SVR,3,21,1141.999489890953,16.86556480899456,18.305678363148118,335.09786033502917,-502.26808599922776
GroupKFold,BTCUSDT,7,14,common_test,SVR,4,21,1114.4687596714768,15.99212138725752,17.41398259447654,303.24678980073185,-611.5701398701935
GroupKFold,BTCUSDT,7,14,common_test,SVR,5,21,985.4786555132255,13.354575039238826,14.544038468747527,211.5290549804079,-407.8523662832998
GroupKFold,BTCUSDT,7,14,common_test,SVR,6,21,929.8623733448829,12.248799957609052,13.002134316760865,169.05549679109052,-351.90250152406537
GroupKFold,BTCUSDT,7,14,common_test,SVR,7,21,880.5326332704578,11.15274208352103,11.926244404258988,142.2353055901188,-424.046093715588
GroupKFold,BTCUSDT,7,14,common_test,Persistence,1,21,12.967995960946675,0.1963512475221888,0.3114424929374681,0.09699642640710487,0.8259994778932503
GroupKFold,BTCUSDT,7,14,common_test,Persistence,2,21,11.883788587242666,0.2096519010932256,0.3137889951199922,0.09846353345841449,0.8417116038836718
GroupKFold,BTCUSDT,7,14,common_test,Persistence,3,21,21.404653062002392,0.2821793284280866,0.3924045606463666,0.153981339216068,0.7687424987154786
GroupKFold,BTCUSDT,7,14,common_test,Persistence,4,21,22.296216505731188,0.26872143482918837,0.359422465828526,0.12918450894225794,0.7390423398584969
GroupKFold,BTCUSDT,7,14,common_test,Persistence,5,21,28.547197934156365,0.32815968831158654,0.4808659721601427,0.23123208318151914,0.5530647816767427
GroupKFold,BTCUSDT,7,14,common_test,Persistence,6,21,34.055760129294434,0.40257968988140547,0.5746690135057274,0.33024447508364585,0.31061631485701235
GroupKFold,BTCUSDT,7,14,common_test,Persistence,7,21,46.253071603636585,0.5517978772896578,0.7771929683444033,0.6040289100439846,-0.8050379801294278
GroupKFold,BTCUSDT,7,21,common_test,SVR,1,21,1553.39664589681,21.110402038549513,25.706371122353694,660.8175162801799,-1184.4312278211366
GroupKFold,BTCUSDT,7,21,common_test,SVR,2,21,1329.0827848270878,19.395485100890145,23.249356347109547,540.5325705548829,-867.951485251179
GroupKFold,BTCUSDT,7,21,common_test,SVR,3,21,1189.1975166632337,17.480392297430623,19.94579234932049,397.8346324422119,-596.4895626406621
GroupKFold,BTCUSDT,7,21,common_test,SVR,4,21,1235.5297106171233,17.56433111249591,18.342861551124503,336.4605698837216,-678.6632488340985
GroupKFold,BTCUSDT,7,21,common_test,SVR,5,21,1170.3782411473042,15.671483810430047,16.304580312809783,265.8393391768643,-512.8255966005078
GroupKFold,BTCUSDT,7,21,common_test,SVR,6,21,972.9687517793731,13.076325766640114,13.966035324184414,195.05014267636685,-406.166194413522
GroupKFold,BTCUSDT,7,21,common_test,SVR,7,21,1294.4123037311806,15.962510249410851,17.44896076506469,304.4662317807669,-908.8457091915593
GroupKFold,BTCUSDT,7,21,common_test,Persistence,1,21,12.967995960946675,0.1963512475221888,0.3114424929374681,0.09699642640710487,0.8259994778932503
GroupKFold,BTCUSDT,7,21,common_test,Persistence,2,21,11.883788587242666,0.2096519010932256,0.3137889951199922,0.09846353345841449,0.8417116038836718
GroupKFold,BTCUSDT,7,21,common_test,Persistence,3,21,21.404653062002392,0.2821793284280866,0.3924045606463666,0.153981339216068,0.7687424987154786
GroupKFold,BTCUSDT,7,21,common_test,Persistence,4,21,22.296216505731188,0.26872143482918837,0.359422465828526,0.12918450894225794,0.7390423398584969
GroupKFold,BTCUSDT,7,21,common_test,Persistence,5,21,28.547197934156365,0.32815968831158654,0.4808659721601427,0.23123208318151914,0.5530647816767427
GroupKFold,BTCUSDT,7,21,common_test,Persistence,6,21,34.055760129294434,0.40257968988140547,0.5746690135057274,0.33024447508364585,0.31061631485701235
GroupKFold,BTCUSDT,7,21,common_test,Persistence,7,21,46.253071603636585,0.5517978772896578,0.7771929683444033,0.6040289100439846,-0.8050379801294278
GroupKFold,BTCUSDT,7,28,common_test,SVR,1,21,1414.2968431120719,19.445408020385486,22.385375707793926,501.1050455790904,-897.9252778770577
GroupKFold,BTCUSDT,7,28,common_test,SVR,2,21,1225.7633633298672,18.320350765127426,21.05245123076462,443.20570282372285,-711.4903747152885
GroupKFold,BTCUSDT,7,28,common_test,SVR,3,21,1317.884560542561,19.278567375930603,20.762900946818025,431.09805572737685,-646.4463703438511
GroupKFold,BTCUSDT,7,28,common_test,SVR,4,21,1284.8615410651678,18.165635581145427,18.675407505496917,348.7708454963706,-703.530477466053
GroupKFold,BTCUSDT,7,28,common_test,SVR,5,21,1207.342207398555,15.896801959582543,16.538314660740976,273.51585181767996,-527.6630871678998
GroupKFold,BTCUSDT,7,28,common_test,SVR,6,21,983.8870475608104,13.189849594168068,14.202598776364423,201.7138120023882,-420.07657070485396
GroupKFold,BTCUSDT,7,28,common_test,SVR,7,21,1358.7985107796217,16.734972614123805,18.42520169359318,339.488057449589,-1013.5024969951302
GroupKFold,BTCUSDT,7,28,common_test,Persistence,1,21,12.967995960946675,0.1963512475221888,0.3114424929374681,0.09699642640710487,0.8259994778932503
GroupKFold,BTCUSDT,7,28,common_test,Persistence,2,21,11.883788587242666,0.2096519010932256,0.3137889951199922,0.09846353345841449,0.8417116038836718
GroupKFold,BTCUSDT,7,28,common_test,Persistence,3,21,21.404653062002392,0.2821793284280866,0.3924045606463666,0.153981339216068,0.7687424987154786
GroupKFold,BTCUSDT,7,28,common_test,Persistence,4,21,22.296216505731188,0.26872143482918837,0.359422465828526,0.12918450894225794,0.7390423398584969
GroupKFold,BTCUSDT,7,28,common_test,Persistence,5,21,28.547197934156365,0.32815968831158654,0.4808659721601427,0.23123208318151914,0.5530647816767427
GroupKFold,BTCUSDT,7,28,common_test,Persistence,6,21,34.055760129294434,0.40257968988140547,0.5746690135057274,0.33024447508364585,0.31061631485701235
GroupKFold,BTCUSDT,7,28,common_test,Persistence,7,21,46.253071603636585,0.5517978772896578,0.7771929683444033,0.6040289100439846,-0.8050379801294278
GroupKFold,BTCUSDT,14,7,common_test,SVR,1,21,434.63021571990714,6.541736150338146,7.632573786266674,58.25618260280519,-242.69368367262865
GroupKFold,BTCUSDT,14,7,common_test,SVR,2,21,482.93308176793425,7.17435217172734,8.21706417685419,67.52014368654042,-234.9162596973
GroupKFold,BTCUSDT,14,7,common_test,SVR,3,21,430.78237719471076,6.370631674040135,7.249375533011148,52.55344561862066,-176.75692237715265
GroupKFold,BTCUSDT,14,7,common_test,SVR,4,21,336.50115531197906,4.971192292140242,6.218066986671357,38.664357050732214,-118.67121840138645
GroupKFold,BTCUSDT,14,7,common_test,SVR,5,21,171.9117185765088,2.5171063521179002,2.9968675386869856,8.98121504443579,-25.904160112505235
GroupKFold,BTCUSDT,14,7,common_test,SVR,6,21,295.1098825163121,4.374569728451101,5.333242825917509,28.44347904020058,-82.67732751992871
GroupKFold,BTCUSDT,14,7,common_test,SVR,7,21,422.01676542566037,6.344582337674133,7.5974639529143495,57.72145851583293,-174.686118317334
GroupKFold,BTCUSDT,14,7,common_test,Persistence,1,21,4.838159673862911,0.08081076205880608,0.18040866180243975,0.03254728525334708,0.8638501961069098
GroupKFold,BTCUSDT,14,7,common_test,Persistence,2,21,6.824743633455571,0.11615327646582119,0.2046337865691693,0.041874986605636336,0.8536882524904111
GroupKFold,BTCUSDT,14,7,common_test,Persistence,3,21,9.326479453947943,0.1540219690205264,0.24313514235634714,0.05911469744864119,0.8000502809657113
GroupKFold,BTCUSDT,14,7,common_test,Persistence,4,21,11.35083531176947,0.19058432743800222,0.28156351881443986,0.07927801512716942,0.7546242227624926
GroupKFold,BTCUSDT,14,7,common_test,Persistence,5,21,15.634103770020394,0.2371258247004533,0.34602985044581214,0.11973665739955111,0.6413164381350052
GroupKFold,BTCUSDT,14,7,common_test,Persistence,6,21,20.36048076266026,0.2932132002505128,0.4065686465067492,0.16529806432233,0.5137127829137631
GroupKFold,BTCUSDT,14,7,common_test,Persistence,7,21,23.979622038619848,0.3315612753684644,0.4487703446068521,0.20139482219855281,0.3870169695804191
GroupKFold,BTCUSDT,14,14,common_test,SVR,1,21,479.6422198038167,7.2663070834662395,8.480911727683475,71.9258637327591,-299.87585387937133
GroupKFold,BTCUSDT,14,14,common_test,SVR,2,21,544.7998074113918,8.209624521836389,9.554730566971083,91.29287620741154,-317.9784961336579
GroupKFold,BTCUSDT,14,14,common_test,SVR,3,21,505.651695933583,7.690925048692313,8.20538750639716,67.3283841301386,-226.73171598399725
GroupKFold,BTCUSDT,14,14,common_test,SVR,4,21,394.5866424303111,5.938073988506042,6.442267010909182,41.50280423984873,-127.4565819610045
GroupKFold,BTCUSDT,14,14,common_test,SVR,5,21,293.0545490544821,4.3307702219936095,4.9096169541610255,24.10433863658539,-71.20704357663882
GroupKFold,BTCUSDT,14,14,common_test,SVR,6,21,406.0519470025832,6.153193326096709,7.29880312464948,53.27252705239301,-155.721429459352
GroupKFold,BTCUSDT,14,14,common_test,SVR,7,21,533.7229849341725,8.192697065530016,9.081477153249562,82.47322728499377,-250.02278319646703
GroupKFold,BTCUSDT,14,14,common_test,Persistence,1,21,4.838159673862911,0.08081076205880608,0.18040866180243975,0.03254728525334708,0.8638501961069098
GroupKFold,BTCUSDT,14,14,common_test,Persistence,2,21,6.824743633455571,0.11615327646582119,0.2046337865691693,0.041874986605636336,0.8536882524904111
GroupKFold,BTCUSDT,14,14,common_test,Persistence,3,21,9.326479453947943,0.1540219690205264,0.24313514235634714,0.05911469744864119,0.8000502809657113
GroupKFold,BTCUSDT,14,14,common_test,Persistence,4,21,11.35083531176947,0.19058432743800222,0.28156351881443986,0.07927801512716942,0.7546242227624926
GroupKFold,BTCUSDT,14,14,common_test,Persistence,5,21,15.634103770020394,0.2371258247004533,0.34602985044581214,0.11973665739955111,0.6413164381350052
GroupKFold,BTCUSDT,14,14,common_test,Persistence,6,21,20.36048076266026,0.2932132002505128,0.4065686465067492,0.16529806432233,0.5137127829137631
GroupKFold,BTCUSDT,14,14,common_test,Persistence,7,21,23.979622038619848,0.3315612753684644,0.4487703446068521,0.20139482219855281,0.3870169695804191
GroupKFold,BTCUSDT,14,21,common_test,SVR,1,21,728.8954180032848,11.341140298156514,12.772908202168614,163.14718394102624,-681.4672757306648
GroupKFold,BTCUSDT,14,21,common_test,SVR,2,21,625.3879008240227,9.760998576398041,10.798513150149978,116.607886253962,-406.4294702919412
GroupKFold,BTCUSDT,14,21,common_test,SVR,3,21,656.3658113317751,10.204950938351868,10.591462728249805,112.17908272390481,-378.43484514415945
GroupKFold,BTCUSDT,14,21,common_test,SVR,4,21,688.3128562373224,10.541891252893132,11.002169511057522,121.04773395004369,-373.65849457993954
GroupKFold,BTCUSDT,14,21,common_test,SVR,5,21,467.75223365424444,7.093944559862805,7.6974207538460355,59.250286261739674,-176.49037078064475
GroupKFold,BTCUSDT,14,21,common_test,SVR,6,21,447.1159089639127,6.97308906796402,7.489525588811966,56.09299354546922,-164.01890594479036
GroupKFold,BTCUSDT,14,21,common_test,SVR,7,21,643.8426531799591,10.075302789432984,12.939729574995212,167.43660147400578,-508.62479697469234
GroupKFold,BTCUSDT,14,21,common_test,Persistence,1,21,4.838159673862911,0.08081076205880608,0.18040866180243975,0.03254728525334708,0.8638501961069098
GroupKFold,BTCUSDT,14,21,common_test,Persistence,2,21,6.824743633455571,0.11615327646582119,0.2046337865691693,0.041874986605636336,0.8536882524904111
GroupKFold,BTCUSDT,14,21,common_test,Persistence,3,21,9.326479453947943,0.1540219690205264,0.24313514235634714,0.05911469744864119,0.8000502809657113
GroupKFold,BTCUSDT,14,21,common_test,Persistence,4,21,11.35083531176947,0.19058432743800222,0.28156351881443986,0.07927801512716942,0.7546242227624926
GroupKFold,BTCUSDT,14,21,common_test,Persistence,5,21,15.634103770020394,0.2371258247004533,0.34602985044581214,0.11973665739955111,0.6413164381350052
GroupKFold,BTCUSDT,14,21,common_test,Persistence,6,21,20.36048076266026,0.2932132002505128,0.4065686465067492,0.16529806432233,0.5137127829137631
GroupKFold,BTCUSDT,14,21,common_test,Persistence,7,21,23.979622038619848,0.3315612753684644,0.4487703446068521,0.20139482219855281,0.3870169695804191
GroupKFold,BTCUSDT,14,28,common_test,SVR,1,21,738.8294107587119,11.444927808811402,12.297189560328732,151.22087108265796,-631.5778565611353
GroupKFold,BTCUSDT,14,28,common_test,SVR,2,21,614.2418915828594,9.577996199817258,10.379252630010544,107.72888515758079,-375.4061250480234
GroupKFold,BTCUSDT,14,28,common_test,SVR,3,21,619.8829584134334,9.64767821372043,10.548580313585662,111.27254663216696,-375.36857491593224
GroupKFold,BTCUSDT,14,28,common_test,SVR,4,21,643.2321758860741,9.881085097494033,10.601962901081846,112.40161735591577,-346.89763816890195
GroupKFold,BTCUSDT,14,28,common_test,SVR,5,21,486.123743759676,7.432707487323613,8.370953370273442,70.07286032729229,-208.9105126042688
GroupKFold,BTCUSDT,14,28,common_test,SVR,6,21,450.30003730894435,7.19730042039041,8.24243895141223,67.93779986775755,-198.864915346081
GroupKFold,BTCUSDT,14,28,common_test,SVR,7,21,670.1642461849286,10.599137960357458,13.527263399914432,182.98685509066456,-555.9549193764243
GroupKFold,BTCUSDT,14,28,common_test,Persistence,1,21,4.838159673862911,0.08081076205880608,0.18040866180243975,0.03254728525334708,0.8638501961069098
GroupKFold,BTCUSDT,14,28,common_test,Persistence,2,21,6.824743633455571,0.11615327646582119,0.2046337865691693,0.041874986605636336,0.8536882524904111
GroupKFold,BTCUSDT,14,28,common_test,Persistence,3,21,9.326479453947943,0.1540219690205264,0.24313514235634714,0.05911469744864119,0.8000502809657113
GroupKFold,BTCUSDT,14,28,common_test,Persistence,4,21,11.35083531176947,0.19058432743800222,0.28156351881443986,0.07927801512716942,0.7546242227624926
GroupKFold,BTCUSDT,14,28,common_test,Persistence,5,21,15.634103770020394,0.2371258247004533,0.34602985044581214,0.11973665739955111,0.6413164381350052
GroupKFold,BTCUSDT,14,28,common_test,Persistence,6,21,20.36048076266026,0.2932132002505128,0.4065686465067492,0.16529806432233,0.5137127829137631
GroupKFold,BTCUSDT,14,28,common_test,Persistence,7,21,23.979622038619848,0.3315612753684644,0.4487703446068521,0.20139482219855281,0.3870169695804191
GroupKFold,BTCUSDT,21,7,common_test,SVR,1,21,454.93908166970425,7.1555238895785465,8.795299803168838,77.3572986276218,-296.5810613890949
GroupKFold,BTCUSDT,21,7,common_test,SVR,2,21,485.3256357451689,7.5427422500240535,9.415803638305958,88.6573581551357,-322.8684901015164
GroupKFold,BTCUSDT,21,7,common_test,SVR,3,21,473.6844272882191,7.351171824463433,9.323053875284753,86.91933356146204,-347.8771300880164
GroupKFold,BTCUSDT,21,7,common_test,SVR,4,21,468.95855626373043,7.149737387530154,8.733198410614728,76.26875447916362,-334.71635616832805
GroupKFold,BTCUSDT,21,7,common_test,SVR,5,21,422.89393535222285,6.384184483895392,7.5019496027789,56.279247842634504,-296.6569829798181
GroupKFold,BTCUSDT,21,7,common_test,SVR,6,21,407.32560251139904,6.2801169445113105,7.188618596697164,51.676237328780296,-293.3599178088892
GroupKFold,BTCUSDT,21,7,common_test,SVR,7,21,417.7216297728021,6.550405187818267,7.613035605012545,57.95831112318873,-327.89212218345915
GroupKFold,BTCUSDT,21,7,common_test,Persistence,1,21,2.8379492877159174,0.05183983160357716,0.09956043263634268,0.009912279746735728,0.9618690572169747
GroupKFold,BTCUSDT,21,7,common_test,Persistence,2,21,4.756138104120875,0.0889048314488097,0.16290128721649944,0.02653682937679244,0.9030600162108995
GroupKFold,BTCUSDT,21,7,common_test,Persistence,3,21,8.846804964080503,0.1571648758766358,0.23909530956617897,0.057166567056546956,0.770544629894459
GroupKFold,BTCUSDT,21,7,common_test,Persistence,4,21,12.552904268625465,0.21285364772325593,0.3143419820443625,0.09881088167557829,0.565058727227969
GroupKFold,BTCUSDT,21,7,common_test,Persistence,5,21,15.442118050221517,0.2609072449497292,0.3625538141108178,0.13144526812630142,0.3047952231549119
GroupKFold,BTCUSDT,21,7,common_test,Persistence,6,21,15.544643604829668,0.2587689067111888,0.34898921871974314,0.12179347478261672,0.30623592041784864
GroupKFold,BTCUSDT,21,7,common_test,Persistence,7,21,15.297384280366781,0.25272091966970955,0.33612595871092416,0.11298066011933788,0.35887626205397993
GroupKFold,BTCUSDT,21,14,common_test,SVR,1,21,501.5161926404957,8.100709797218139,9.679028449446118,93.68359172518731,-359.3856798894133
GroupKFold,BTCUSDT,21,14,common_test,SVR,2,21,541.7184298051229,8.574848541332978,10.30001617420261,106.09033318883537,-386.55176940995455
GroupKFold,BTCUSDT,21,14,common_test,SVR,3,21,519.5530523171338,8.01341920079199,10.016653848976702,100.33335433021979,-401.71837434279496
GroupKFold,BTCUSDT,21,14,common_test,SVR,4,21,496.4143961884397,7.575747025507938,9.082069156867572,82.48398017012524,-362.0742556906476
GroupKFold,BTCUSDT,21,14,common_test,SVR,5,21,493.2671939317704,7.569704889422944,8.56245389438029,73.31561669338821,-386.7611394395132
GroupKFold,BTCUSDT,21,14,common_test,SVR,6,21,500.2263659041662,7.857229140725071,8.924566394226305,79.64788532495352,-452.69295811418783
GroupKFold,BTCUSDT,21,14,common_test,SVR,7,21,479.92690111064803,7.692148596359847,8.605984209916809,74.06296422133744,-419.2801117889634
GroupKFold,BTCUSDT,21,14,common_test,Persistence,1,21,2.8379492877159174,0.05183983160357716,0.09956043263634268,0.009912279746735728,0.9618690572169747
GroupKFold,BTCUSDT,21,14,common_test,Persistence,2,21,4.756138104120875,0.0889048314488097,0.16290128721649944,0.02653682937679244,0.9030600162108995
GroupKFold,BTCUSDT,21,14,common_test,Persistence,3,21,8.846804964080503,0.1571648758766358,0.23909530956617897,0.057166567056546956,0.770544629894459
GroupKFold,BTCUSDT,21,14,common_test,Persistence,4,21,12.552904268625465,0.21285364772325593,0.3143419820443625,0.09881088167557829,0.565058727227969
GroupKFold,BTCUSDT,21,14,common_test,Persistence,5,21,15.442118050221517,0.2609072449497292,0.3625538141108178,0.13144526812630142,0.3047952231549119
GroupKFold,BTCUSDT,21,14,common_test,Persistence,6,21,15.544643604829668,0.2587689067111888,0.34898921871974314,0.12179347478261672,0.30623592041784864
GroupKFold,BTCUSDT,21,14,common_test,Persistence,7,21,15.297384280366781,0.25272091966970955,0.33612595871092416,0.11298066011933788,0.35887626205397993
GroupKFold,BTCUSDT,21,21,common_test,SVR,1,21,402.20842350738593,6.411508301488398,8.065096844277381,65.04578710757298,-249.22066061972237
GroupKFold,BTCUSDT,21,21,common_test,SVR,2,21,292.7093651977724,4.646772717125529,5.664060348421536,32.081579630561095,-116.19515414434338
GroupKFold,BTCUSDT,21,21,common_test,SVR,3,21,276.64170617613655,4.325405095690216,4.777021884331981,22.819938083386678,-90.5947486146862
GroupKFold,BTCUSDT,21,21,common_test,SVR,4,21,280.92897524975916,4.296600571150251,4.90241760018249,24.03369832657905,-104.79044698641634
GroupKFold,BTCUSDT,21,21,common_test,SVR,5,21,289.1041124988119,4.538001968723004,5.6140445067852465,31.517495724165606,-165.69381784501292
GroupKFold,BTCUSDT,21,21,common_test,SVR,6,21,295.7541678720457,4.896004210489973,6.689478832432584,44.7491270495636,-253.90147969796053
GroupKFold,BTCUSDT,21,21,common_test,SVR,7,21,367.3996512047898,5.994947120540045,7.479477999454983,55.94259114433112,-316.45365186355997
GroupKFold,BTCUSDT,21,21,common_test,Persistence,1,21,2.8379492877159174,0.05183983160357716,0.09956043263634268,0.009912279746735728,0.9618690572169747
GroupKFold,BTCUSDT,21,21,common_test,Persistence,2,21,4.756138104120875,0.0889048314488097,0.16290128721649944,0.02653682937679244,0.9030600162108995
GroupKFold,BTCUSDT,21,21,common_test,Persistence,3,21,8.846804964080503,0.1571648758766358,0.23909530956617897,0.057166567056546956,0.770544629894459
GroupKFold,BTCUSDT,21,21,common_test,Persistence,4,21,12.552904268625465,0.21285364772325593,0.3143419820443625,0.09881088167557829,0.565058727227969
GroupKFold,BTCUSDT,21,21,common_test,Persistence,5,21,15.442118050221517,0.2609072449497292,0.3625538141108178,0.13144526812630142,0.3047952231549119
GroupKFold,BTCUSDT,21,21,common_test,Persistence,6,21,15.544643604829668,0.2587689067111888,0.34898921871974314,0.12179347478261672,0.30623592041784864
GroupKFold,BTCUSDT,21,21,common_test,Persistence,7,21,15.297384280366781,0.25272091966970955,0.33612595871092416,0.11298066011933788,0.35887626205397993
GroupKFold,BTCUSDT,21,28,common_test,SVR,1,21,397.2308181039284,6.110319271063451,7.02004148634063,49.28098246994356,-188.57599773871564
GroupKFold,BTCUSDT,21,28,common_test,SVR,2,21,324.6784622393153,5.087577507096073,5.8474845615985425,34.1930756981333,-123.90852455702
GroupKFold,BTCUSDT,21,28,common_test,SVR,3,21,279.42642775154064,4.384330860065279,5.022715377984421,25.227669768241192,-100.25891061197127
GroupKFold,BTCUSDT,21,28,common_test,SVR,4,21,286.09511518442775,4.446324175124643,5.497184881524412,30.219041621660566,-132.01681152921566
GroupKFold,BTCUSDT,21,28,common_test,SVR,5,21,286.7692450731493,4.579279242831023,6.145136645470663,37.762704391506425,-198.7242871788948
GroupKFold,BTCUSDT,21,28,common_test,SVR,6,21,307.37636278659915,5.18443466881307,7.555831467422375,57.09058916409016,-324.2013304893476
GroupKFold,BTCUSDT,21,28,common_test,SVR,7,21,378.7323863274111,6.275777173706489,8.160273120902776,66.59005740772832,-376.8741111105931
GroupKFold,BTCUSDT,21,28,common_test,Persistence,1,21,2.8379492877159174,0.05183983160357716,0.09956043263634268,0.009912279746735728,0.9618690572169747
GroupKFold,BTCUSDT,21,28,common_test,Persistence,2,21,4.756138104120875,0.0889048314488097,0.16290128721649944,0.02653682937679244,0.9030600162108995
GroupKFold,BTCUSDT,21,28,common_test,Persistence,3,21,8.846804964080503,0.1571648758766358,0.23909530956617897,0.057166567056546956,0.770544629894459
GroupKFold,BTCUSDT,21,28,common_test,Persistence,4,21,12.552904268625465,0.21285364772325593,0.3143419820443625,0.09881088167557829,0.565058727227969
GroupKFold,BTCUSDT,21,28,common_test,Persistence,5,21,15.442118050221517,0.2609072449497292,0.3625538141108178,0.13144526812630142,0.3047952231549119
GroupKFold,BTCUSDT,21,28,common_test,Persistence,6,21,15.544643604829668,0.2587689067111888,0.34898921871974314,0.12179347478261672,0.30623592041784864
GroupKFold,BTCUSDT,21,28,common_test,Persistence,7,21,15.297384280366781,0.25272091966970955,0.33612595871092416,0.11298066011933788,0.35887626205397993
GroupKFold,BTCUSDT,28,7,common_test,SVR,1,21,385.2693982049802,6.781637221501119,7.764970696200377,60.294769912850576,-367.65318732144664
GroupKFold,BTCUSDT,28,7,common_test,SVR,2,21,385.90739601846593,6.7035409549693314,7.928418250674209,62.85981595762389,-383.92097069167056
GroupKFold,BTCUSDT,28,7,common_test,SVR,3,21,367.23207167423647,6.259134677577859,7.954414459744507,63.272709397392504,-368.4386980012447
GroupKFold,BTCUSDT,28,7,common_test,SVR,4,21,404.2575768231068,6.793910489864571,8.188669345311316,67.05430564684127,-357.7533351381745
GroupKFold,BTCUSDT,28,7,common_test,SVR,5,21,405.8130654564396,6.604505881362216,7.964608542254518,63.43498923135363,-310.8454532965777
GroupKFold,BTCUSDT,28,7,common_test,SVR,6,21,415.4267716080817,6.747763599528632,8.451336992537259,71.42509696142872,-325.0130761473723
GroupKFold,BTCUSDT,28,7,common_test,SVR,7,21,448.23374869636496,7.29995299203106,9.002446697426755,81.04404654000989,-371.90963023044327
GroupKFold,BTCUSDT,28,7,common_test,Persistence,1,21,2.3259209787843513,0.04500916685901745,0.06261300042570045,0.0039203878223087645,0.9760300359663154
GroupKFold,BTCUSDT,28,7,common_test,Persistence,2,21,3.064145395130601,0.060616905060079385,0.07833842102899895,0.0061369082093167045,0.9624207511748312
GroupKFold,BTCUSDT,28,7,common_test,Persistence,3,21,6.397034201686649,0.11090678630644629,0.13268227816917388,0.017604586940162037,0.897209780646896
GroupKFold,BTCUSDT,28,7,common_test,Persistence,4,21,7.894231078970237,0.12933378798590162,0.15409630972599422,0.023745672671169542,0.8729561184221617
GroupKFold,BTCUSDT,28,7,common_test,Persistence,5,21,9.548014266157338,0.14994876629925796,0.18375749589452237,0.0337668172974254,0.8340028338604378
GroupKFold,BTCUSDT,28,7,common_test,Persistence,6,21,11.470652395709852,0.17891830820818488,0.2155970749313473,0.04648209871895299,0.7878368719984363
GroupKFold,BTCUSDT,28,7,common_test,Persistence,7,21,12.93450014029464,0.19726246278195575,0.2580977344290908,0.06661444051742949,0.6934856113200261
GroupKFold,BTCUSDT,28,14,common_test,SVR,1,21,425.47632037740794,7.566008111518879,8.595989887602546,73.89104214776523,-450.7832681283909
GroupKFold,BTCUSDT,28,14,common_test,SVR,2,21,436.29609686395054,7.6306906180044125,8.807038292420923,77.56392348416846,-473.96131293651257
GroupKFold,BTCUSDT,28,14,common_test,SVR,3,21,431.33947345928345,7.342764165939703,8.70940949687874,75.85381378432159,-441.8976484459426
GroupKFold,BTCUSDT,28,14,common_test,SVR,4,21,426.3525576596099,7.155165558416839,8.374610180132855,70.13409566918486,-374.23079965566865
GroupKFold,BTCUSDT,28,14,common_test,SVR,5,21,424.15901468785825,6.9282210557559765,8.40644535800856,70.66832355718367,-346.40441608693095
GroupKFold,BTCUSDT,28,14,common_test,SVR,6,21,446.21046955140145,7.200448453612343,9.239494320472096,85.36825529803612,-388.65529903412624
GroupKFold,BTCUSDT,28,14,common_test,SVR,7,21,447.3514480282195,7.3034509475923475,9.122701781299789,83.22368779053033,-381.93885813141355
GroupKFold,BTCUSDT,28,14,common_test,Persistence,1,21,2.3259209787843513,0.04500916685901745,0.06261300042570045,0.0039203878223087645,0.9760300359663154
GroupKFold,BTCUSDT,28,14,common_test,Persistence,2,21,3.064145395130601,0.060616905060079385,0.07833842102899895,0.0061369082093167045,0.9624207511748312
GroupKFold,BTCUSDT,28,14,common_test,Persistence,3,21,6.397034201686649,0.11090678630644629,0.13268227816917388,0.017604586940162037,0.897209780646896
GroupKFold,BTCUSDT,28,14,common_test,Persistence,4,21,7.894231078970237,0.12933378798590162,0.15409630972599422,0.023745672671169542,0.8729561184221617
GroupKFold,BTCUSDT,28,14,common_test,Persistence,5,21,9.548014266157338,0.14994876629925796,0.18375749589452237,0.0337668172974254,0.8340028338604378
GroupKFold,BTCUSDT,28,14,common_test,Persistence,6,21,11.470652395709852,0.17891830820818488,0.2155970749313473,0.04648209871895299,0.7878368719984363
GroupKFold,BTCUSDT,28,14,common_test,Persistence,7,21,12.93450014029464,0.19726246278195575,0.2580977344290908,0.06661444051742949,0.6934856113200261
GroupKFold,BTCUSDT,28,21,common_test,SVR,1,21,441.5927917665428,7.861603851846158,9.29461756759085,86.38991572776844,-527.2036540069006
GroupKFold,BTCUSDT,28,21,common_test,SVR,2,21,284.7209577706597,4.988864704196359,5.934861337380711,35.22257909393635,-214.68483980675362
GroupKFold,BTCUSDT,28,21,common_test,SVR,3,21,244.27765881528953,4.191010568869733,4.956950399567102,24.57135726376845,-142.4680183937901
GroupKFold,BTCUSDT,28,21,common_test,SVR,4,21,248.61032296087663,4.170472440867633,5.149193014898493,26.514188704679423,-140.85597083629995
GroupKFold,BTCUSDT,28,21,common_test,SVR,5,21,233.54388065372453,3.8961905125376175,4.690243856655262,21.99838743489242,-107.14374187734657
GroupKFold,BTCUSDT,28,21,common_test,SVR,6,21,196.78728135758624,3.2141194469394785,3.762897786533854,14.159399751901379,-63.62923630345985
GroupKFold,BTCUSDT,28,21,common_test,SVR,7,21,247.84128568000366,3.994020495784585,4.655658580519683,21.675156818366546,-98.73434273587979
GroupKFold,BTCUSDT,28,21,common_test,Persistence,1,21,2.3259209787843513,0.04500916685901745,0.06261300042570045,0.0039203878223087645,0.9760300359663154
GroupKFold,BTCUSDT,28,21,common_test,Persistence,2,21,3.064145395130601,0.060616905060079385,0.07833842102899895,0.0061369082093167045,0.9624207511748312
GroupKFold,BTCUSDT,28,21,common_test,Persistence,3,21,6.397034201686649,0.11090678630644629,0.13268227816917388,0.017604586940162037,0.897209780646896
GroupKFold,BTCUSDT,28,21,common_test,Persistence,4,21,7.894231078970237,0.12933378798590162,0.15409630972599422,0.023745672671169542,0.8729561184221617
GroupKFold,BTCUSDT,28,21,common_test,Persistence,5,21,9.548014266157338,0.14994876629925796,0.18375749589452237,0.0337668172974254,0.8340028338604378
GroupKFold,BTCUSDT,28,21,common_test,Persistence,6,21,11.470652395709852,0.17891830820818488,0.2155970749313473,0.04648209871895299,0.7878368719984363
GroupKFold,BTCUSDT,28,21,common_test,Persistence,7,21,12.93450014029464,0.19726246278195575,0.2580977344290908,0.06661444051742949,0.6934856113200261
GroupKFold,BTCUSDT,28,28,common_test,SVR,1,21,411.2044046832293,7.1718637022824145,7.959380681509419,63.351740833185346,-386.3440634116828
GroupKFold,BTCUSDT,28,28,common_test,SVR,2,21,314.36134119565975,5.449608192965404,6.3903939075792024,40.83713429402539,-249.06546922312285
GroupKFold,BTCUSDT,28,28,common_test,SVR,3,21,266.9398053395278,4.595239268619766,5.786150663793542,33.47953950411845,-194.48139477321757
GroupKFold,BTCUSDT,28,28,common_test,SVR,4,21,256.1004267288058,4.32619539407847,5.589129691219415,31.238370705270434,-166.13124633371456
GroupKFold,BTCUSDT,28,28,common_test,SVR,5,21,238.38707558925785,4.005731629540595,5.048041897657813,25.482727000508696,-124.27270279378908
GroupKFold,BTCUSDT,28,28,common_test,SVR,6,21,214.82854626871836,3.5910589362225833,4.2970930433988315,18.46500862362663,-83.28177935449119
GroupKFold,BTCUSDT,28,28,common_test,SVR,7,21,257.4291593262644,4.309599934773287,5.1159581284068265,26.17302757161188,-119.43048749944354
GroupKFold,BTCUSDT,28,28,common_test,Persistence,1,21,2.3259209787843513,0.04500916685901745,0.06261300042570045,0.0039203878223087645,0.9760300359663154
GroupKFold,BTCUSDT,28,28,common_test,Persistence,2,21,3.064145395130601,0.060616905060079385,0.07833842102899895,0.0061369082093167045,0.9624207511748312
GroupKFold,BTCUSDT,28,28,common_test,Persistence,3,21,6.397034201686649,0.11090678630644629,0.13268227816917388,0.017604586940162037,0.897209780646896
GroupKFold,BTCUSDT,28,28,common_test,Persistence,4,21,7.894231078970237,0.12933378798590162,0.15409630972599422,0.023745672671169542,0.8729561184221617
GroupKFold,BTCUSDT,28,28,common_test,Persistence,5,21,9.548014266157338,0.14994876629925796,0.18375749589452237,0.0337668172974254,0.8340028338604378
GroupKFold,BTCUSDT,28,28,common_test,Persistence,6,21,11.470652395709852,0.17891830820818488,0.2155970749313473,0.04648209871895299,0.7878368719984363
GroupKFold,BTCUSDT,28,28,common_test,Persistence,7,21,12.93450014029464,0.19726246278195575,0.2580977344290908,0.06661444051742949,0.6934856113200261
GroupKFold,ETHUSDT,7,7,common_test,SVR,1,21,124.77963143203226,4.115073613610827,5.051985838938401,25.522560916834138,-5.563830652260413
GroupKFold,ETHUSDT,7,7,common_test,SVR,2,21,114.69863117500604,4.194022857175134,4.918984908167868,24.196412526783245,-5.377255352405487
GroupKFold,ETHUSDT,7,7,common_test,SVR,3,21,127.69324405848032,4.3569420174730285,5.020785510249533,25.20828713993167,-5.029327040529151
GroupKFold,ETHUSDT,7,7,common_test,SVR,4,21,123.684775923558,4.042213316241105,4.6825700452644865,21.92646222880826,-4.338775228370915
GroupKFold,ETHUSDT,7,7,common_test,SVR,5,21,112.72634503088297,3.80839874898442,4.50179538517745,20.266161690004985,-4.61172149309576
GroupKFold,ETHUSDT,7,7,common_test,SVR,6,21,103.46449844179799,3.4311596408033362,4.0302230538979735,16.242697864170708,-4.6205035617612
GroupKFold,ETHUSDT,7,7,common_test,SVR,7,21,106.46032423692519,3.129762480768542,3.6090350429503486,13.025133941243624,-5.576021893196776
GroupKFold,ETHUSDT,7,7,common_test,Persistence,1,21,14.257460161844213,0.5714508659694613,1.3634386718367513,1.8589650118599643,0.521915862358548
GroupKFold,ETHUSDT,7,7,common_test,Persistence,2,21,13.515243517883201,0.6077820124394696,1.371682486599145,1.8815128440428135,0.5041046749384845
GroupKFold,ETHUSDT,7,7,common_test,Persistence,3,21,22.455068687618176,0.7348332237979538,1.474351925196287,2.173713599329998,0.48009041193261215
GroupKFold,ETHUSDT,7,7,common_test,Persistence,4,21,29.193480072501604,0.9047119499147808,1.5792483335184542,2.494025298920815,0.39274104751313965
GroupKFold,ETHUSDT,7,7,common_test,Persistence,5,21,33.76755518954588,1.0474055119439507,1.6892977666394389,2.8537269443729962,0.20980000682307332
GroupKFold,ETHUSDT,7,7,common_test,Persistence,6,21,35.70462371753261,1.1419972064270099,1.7347050167719797,3.009201495213875,-0.04128192639814521
GroupKFold,ETHUSDT,7,7,common_test,Persistence,7,21,47.75312946059912,1.5194459452361593,2.0893871356799685,4.365538602744944,-1.2040370223252705
GroupKFold,ETHUSDT,7,14,common_test,SVR,1,21,301.55670165550265,8.735720579264783,9.848945822944966,97.00173382330509,-23.946671921619743
GroupKFold,ETHUSDT,7,14,common_test,SVR,2,21,242.9938115352963,7.706504434813157,8.793644469245379,77.32818305148984,-19.380772096319717
GroupKFold,ETHUSDT,7,14,common_test,SVR,3,21,249.3728476095004,7.500240145081908,8.382171215089095,70.26079427906818,-15.805001644272366
GroupKFold,ETHUSDT,7,14,common_test,SVR,4,21,279.29512112625116,7.651140650148612,8.350120973630377,69.72452027426192,-15.976908439027614
GroupKFold,ETHUSDT,7,14,common_test,SVR,5,21,283.48760628651246,7.4964882479801975,8.17898947899843,66.895868897567,-17.523536475924587
GroupKFold,ETHUSDT,7,14,common_test,SVR,6,21,237.97159378592636,6.2097739911209615,6.931728081177801,48.04885419138888,-15.626471684667635
GroupKFold,ETHUSDT,7,14,common_test,SVR,7,21,201.62828463537858,5.140129065431661,6.109619726752601,37.32745320552453,-17.84557583853688
GroupKFold,ETHUSDT,7,14,common_test,Persistence,1,21,14.257460161844213,0.5714508659694613,1.3634386718367513,1.8589650118599643,0.521915862358548
GroupKFold,ETHUSDT,7,14,common_test,Persistence,2,21,13.515243517883201,0.6077820124394696,1.371682486599145,1.8815128440428135,0.5041046749384845
GroupKFold,ETHUSDT,7,14,common_test,Persistence,3,21,22.455068687618176,0.7348332237979538,1.474351925196287,2.173713599329998,0.48009041193261215
GroupKFold,ETHUSDT,7,14,common_test,Persistence,4,21,29.193480072501604,0.9047119499147808,1.5792483335184542,2.494025298920815,0.39274104751313965
GroupKFold,ETHUSDT,7,14,common_test,Persistence,5,21,33.76755518954588,1.0474055119439507,1.6892977666394389,2.8537269443729962,0.20980000682307332
GroupKFold,ETHUSDT,7,14,common_test,Persistence,6,21,35.70462371753261,1.1419972064270099,1.7347050167719797,3.009201495213875,-0.04128192639814521
GroupKFold,ETHUSDT,7,14,common_test,Persistence,7,21,47.75312946059912,1.5194459452361593,2.0893871356799685,4.365538602744944,-1.2040370223252705
GroupKFold,ETHUSDT,7,21,common_test,SVR,1,21,203.40490245949383,5.955760188830131,7.324532881576527,53.648781933295744,-12.79726432851557
GroupKFold,ETHUSDT,7,21,common_test,SVR,2,21,168.32895217635166,5.3180084266847425,6.5783854311864935,43.27515488124671,-10.405687218595967
GroupKFold,ETHUSDT,7,21,common_test,SVR,3,21,215.38935873627565,6.2760858623652105,6.652151778665524,44.251123286402894,-9.583999330198893
GroupKFold,ETHUSDT,7,21,common_test,SVR,4,21,232.16164512291877,6.270355658421916,6.708983110034195,45.0104543707241,-9.959392185777247
GroupKFold,ETHUSDT,7,21,common_test,SVR,5,21,229.2719213565444,5.921205388717198,6.552231361196726,42.9317358106499,-10.887842812551531
GroupKFold,ETHUSDT,7,21,common_test,SVR,6,21,178.9461757551226,4.593438703400722,5.269881222983353,27.771648104352526,-8.609896606573459
GroupKFold,ETHUSDT,7,21,common_test,SVR,7,21,157.23469552819196,3.8422748642950237,4.949435942682545,24.49691615071785,-11.367800411850922
GroupKFold,ETHUSDT,7,21,common_test,Persistence,1,21,14.257460161844213,0.5714508659694613,1.3634386718367513,1.8589650118599643,0.521915862358548
GroupKFold,ETHUSDT,7,21,common_test,Persistence,2,21,13.515243517883201,0.6077820124394696,1.371682486599145,1.8815128440428135,0.5041046749384845
GroupKFold,ETHUSDT,7,21,common_test,Persistence,3,21,22.455068687618176,0.7348332237979538,1.474351925196287,2.173713599329998,0.48009041193261215
GroupKFold,ETHUSDT,7,21,common_test,Persistence,4,21,29.193480072501604,0.9047119499147808,1.5792483335184542,2.494025298920815,0.39274104751313965
GroupKFold,ETHUSDT,7,21,common_test,Persistence,5,21,33.76755518954588,1.0474055119439507,1.6892977666394389,2.8537269443729962,0.20980000682307332
GroupKFold,ETHUSDT,7,21,common_test,Persistence,6,21,35.70462371753261,1.1419972064270099,1.7347050167719797,3.009201495213875,-0.04128192639814521
GroupKFold,ETHUSDT,7,21,common_test,Persistence,7,21,47.75312946059912,1.5194459452361593,2.0893871356799685,4.365538602744944,-1.2040370223252705
GroupKFold,ETHUSDT,7,28,common_test,SVR,1,21,165.22983060697663,5.101822617790689,6.307818586236727,39.7885753168735,-9.232729823848011
GroupKFold,ETHUSDT,7,28,common_test,SVR,2,21,181.512484074297,5.679854077091788,6.73093657968072,45.30550723968399,-10.940810986666166
GroupKFold,ETHUSDT,7,28,common_test,SVR,3,21,233.78373019078242,6.7880982850619755,7.446562959229927,55.45129990577516,-12.262861538290458
GroupKFold,ETHUSDT,7,28,common_test,SVR,4,21,246.12971141802007,6.616657665843517,7.26819375287736,52.82664042936548,-11.862520017105501
GroupKFold,ETHUSDT,7,28,common_test,SVR,5,21,228.6821386991979,5.8920006522191715,6.664022156695721,44.4091913049315,-11.296951793283759
GroupKFold,ETHUSDT,7,28,common_test,SVR,6,21,173.63614476029784,4.477861072557451,5.165801542708462,26.68550557864913,-8.234055845060414
GroupKFold,ETHUSDT,7,28,common_test,SVR,7,21,155.84562638491875,3.8512878754587856,4.999347253265978,24.993472958738078,-11.618497906056124
GroupKFold,ETHUSDT,7,28,common_test,Persistence,1,21,14.257460161844213,0.5714508659694613,1.3634386718367513,1.8589650118599643,0.521915862358548
GroupKFold,ETHUSDT,7,28,common_test,Persistence,2,21,13.515243517883201,0.6077820124394696,1.371682486599145,1.8815128440428135,0.5041046749384845
GroupKFold,ETHUSDT,7,28,common_test,Persistence,3,21,22.455068687618176,0.7348332237979538,1.474351925196287,2.173713599329998,0.48009041193261215
GroupKFold,ETHUSDT,7,28,common_test,Persistence,4,21,29.193480072501604,0.9047119499147808,1.5792483335184542,2.494025298920815,0.39274104751313965
GroupKFold,ETHUSDT,7,28,common_test,Persistence,5,21,33.76755518954588,1.0474055119439507,1.6892977666394389,2.8537269443729962,0.20980000682307332
GroupKFold,ETHUSDT,7,28,common_test,Persistence,6,21,35.70462371753261,1.1419972064270099,1.7347050167719797,3.009201495213875,-0.04128192639814521
GroupKFold,ETHUSDT,7,28,common_test,Persistence,7,21,47.75312946059912,1.5194459452361593,2.0893871356799685,4.365538602744944,-1.2040370223252705
GroupKFold,ETHUSDT,14,7,common_test,SVR,1,21,79.03185001267202,2.413471642360965,2.94692798797648,8.684384566319103,-4.978966271443495
GroupKFold,ETHUSDT,14,7,common_test,SVR,2,21,82.85434449261633,2.5482101511672024,3.1592414141107783,9.98080631263267,-5.423609201476131
GroupKFold,ETHUSDT,14,7,common_test,SVR,3,21,78.34898159150642,2.4021180968074676,3.030662707130729,9.18491644439296,-4.173148172387878
GroupKFold,ETHUSDT,14,7,common_test,SVR,4,21,80.3583704972309,2.45612931363628,3.0606410651964793,9.36752372996704,-4.004384973737016
GroupKFold,ETHUSDT,14,7,common_test,SVR,5,21,74.12936597469678,2.35906288230621,2.9279871982807872,8.573109033296173,-3.4318552869264805
GroupKFold,ETHUSDT,14,7,common_test,SVR,6,21,77.7281316435431,2.658382435063789,3.1630311965788622,10.004766350531108,-4.164308424280401
GroupKFold,ETHUSDT,14,7,common_test,SVR,7,21,80.98345196729765,2.913279006402207,3.6467213857128242,13.29857686501526,-5.92613138073566
GroupKFold,ETHUSDT,14,7,common_test,Persistence,1,21,7.943322987747778,0.33964734430056787,0.9008174387912624,0.8114720580304497,0.4413232131612834
GroupKFold,ETHUSDT,14,7,common_test,Persistence,2,21,9.760549601786481,0.4180982207493774,0.9506526451361901,0.903740451704435,0.418356062679316
GroupKFold,ETHUSDT,14,7,common_test,Persistence,3,21,15.148563188160686,0.5790637376530152,1.08622610430864,1.1798871496815249,0.33546145041689335
GroupKFold,ETHUSDT,14,7,common_test,Persistence,4,21,17.33547674518507,0.653727150959742,1.134218243634222,1.2864510241926996,0.3127430086647677
GroupKFold,ETHUSDT,14,7,common_test,Persistence,5,21,20.68549271586279,0.7712628229149937,1.1847256074145451,1.4035747648637629,0.27442422368604413
GroupKFold,ETHUSDT,14,7,common_test,Persistence,6,21,24.478554121811644,0.8990064504185403,1.2770458318028817,1.630846056525114,0.15818203710774104
GroupKFold,ETHUSDT,14,7,common_test,Persistence,7,21,27.45946060302449,1.0077139709454126,1.3665306134971182,1.8674059176248103,0.02742234316379788
GroupKFold,ETHUSDT,14,14,common_test,SVR,1,21,132.96836903915832,4.108036292513352,4.857239875857092,23.592779211616214,-15.24299685011017
GroupKFold,ETHUSDT,14,14,common_test,SVR,2,21,135.48681170370597,4.220442357847014,5.161276695411626,26.638777126599155,-16.144616227038885
GroupKFold,ETHUSDT,14,14,common_test,SVR,3,21,110.27585738151137,3.479983247301321,4.316394311485358,18.63125985222316,-9.493537795071568
GroupKFold,ETHUSDT,14,14,common_test,SVR,4,21,100.57329262012436,3.1892064929832094,4.041570399604107,16.334291294956106,-7.726220959720942
GroupKFold,ETHUSDT,14,14,common_test,SVR,5,21,99.53014566233936,3.1266334623352443,3.7250854402126707,13.876261536884426,-6.173311667467658
GroupKFold,ETHUSDT,14,14,common_test,SVR,6,21,125.67592350316542,3.9902333777449237,4.628034079212365,21.418699438351048,-10.056007314027308
GroupKFold,ETHUSDT,14,14,common_test,SVR,7,21,152.7981326493014,4.980476733456763,5.7110044016959485,32.6155712761905,-15.986759862321886
GroupKFold,ETHUSDT,14,14,common_test,Persistence,1,21,7.943322987747778,0.33964734430056787,0.9008174387912624,0.8114720580304497,0.4413232131612834
GroupKFold,ETHUSDT,14,14,common_test,Persistence,2,21,9.760549601786481,0.4180982207493774,0.9506526451361901,0.903740451704435,0.418356062679316
GroupKFold,ETHUSDT,14,14,common_test,Persistence,3,21,15.148563188160686,0.5790637376530152,1.08622610430864,1.1798871496815249,0.33546145041689335
GroupKFold,ETHUSDT,14,14,common_test,Persistence,4,21,17.33547674518507,0.653727150959742,1.134218243634222,1.2864510241926996,0.3127430086647677
GroupKFold,ETHUSDT,14,14,common_test,Persistence,5,21,20.68549271586279,0.7712628229149937,1.1847256074145451,1.4035747648637629,0.27442422368604413
GroupKFold,ETHUSDT,14,14,common_test,Persistence,6,21,24.478554121811644,0.8990064504185403,1.2770458318028817,1.630846056525114,0.15818203710774104
GroupKFold,ETHUSDT,14,14,common_test,Persistence,7,21,27.45946060302449,1.0077139709454126,1.3665306134971182,1.8674059176248103,0.02742234316379788
GroupKFold,ETHUSDT,14,21,common_test,SVR,1,21,106.71823375836762,3.287304318390236,3.7725206211991753,14.23191183737301,-8.798290276529881
GroupKFold,ETHUSDT,14,21,common_test,SVR,2,21,114.49136280610703,3.5336117409222716,4.18804690571097,17.53973688443523,-10.288508334213882
GroupKFold,ETHUSDT,14,21,common_test,SVR,3,21,108.3474047951934,3.369701178053686,3.9452750810712085,15.565195465321432,-7.766662490810429
GroupKFold,ETHUSDT,14,21,common_test,SVR,4,21,107.66746689389831,3.3472669448993138,3.880106107312986,15.055223404007533,-7.042908238198212
GroupKFold,ETHUSDT,14,21,common_test,SVR,5,21,106.51565420417096,3.417974686342111,3.881365927553525,15.065001463573433,-6.78782891067735
GroupKFold,ETHUSDT,14,21,common_test,SVR,6,21,110.41540361110091,3.5931562010719773,4.121915067355293,16.99018382249059,-7.770074819378754
GroupKFold,ETHUSDT,14,21,common_test,SVR,7,21,122.33639580036599,4.076776351381172,4.61083120652063,21.259764415024488,-10.072457072404147
GroupKFold,ETHUSDT,14,21,common_test,Persistence,1,21,7.943322987747778,0.33964734430056787,0.9008174387912624,0.8114720580304497,0.4413232131612834
GroupKFold,ETHUSDT,14,21,common_test,Persistence,2,21,9.760549601786481,0.4180982207493774,0.9506526451361901,0.903740451704435,0.418356062679316
GroupKFold,ETHUSDT,14,21,common_test,Persistence,3,21,15.148563188160686,0.5790637376530152,1.08622610430864,1.1798871496815249,0.33546145041689335
GroupKFold,ETHUSDT,14,21,common_test,Persistence,4,21,17.33547674518507,0.653727150959742,1.134218243634222,1.2864510241926996,0.3127430086647677
GroupKFold,ETHUSDT,14,21,common_test,Persistence,5,21,20.68549271586279,0.7712628229149937,1.1847256074145451,1.4035747648637629,0.27442422368604413
GroupKFold,ETHUSDT,14,21,common_test,Persistence,6,21,24.478554121811644,0.8990064504185403,1.2770458318028817,1.630846056525114,0.15818203710774104
GroupKFold,ETHUSDT,14,21,common_test,Persistence,7,21,27.45946060302449,1.0077139709454126,1.3665306134971182,1.8674059176248103,0.02742234316379788
GroupKFold,ETHUSDT,14,28,common_test,SVR,1,21,96.83396094478151,3.0791884238781946,3.6601815130935287,13.396928708791634,-8.223426747066396
GroupKFold,ETHUSDT,14,28,common_test,SVR,2,21,102.8067947783492,3.2973693358873546,3.9064608213533,15.260436148768301,-8.82155899966664
GroupKFold,ETHUSDT,14,28,common_test,SVR,3,21,103.40289795418104,3.338168243285619,3.9768990834874742,15.815726320243513,-7.9077670116967465
GroupKFold,ETHUSDT,14,28,common_test,SVR,4,21,102.91860135359978,3.3347009436775465,3.9546592915597434,15.639330112319813,-7.354953867160525
GroupKFold,ETHUSDT,14,28,common_test,SVR,5,21,101.26739381979199,3.3708887956049702,4.00809652719031,16.064837771275027,-7.304692723926287
GroupKFold,ETHUSDT,14,28,common_test,SVR,6,21,111.29699163529921,3.748914605248152,4.2981508636302745,18.474100846525676,-8.53605024745566
GroupKFold,ETHUSDT,14,28,common_test,SVR,7,21,120.07922695898385,4.1229747115279265,4.736763800268234,22.436931299531558,-10.685546170726843
GroupKFold,ETHUSDT,14,28,common_test,Persistence,1,21,7.943322987747778,0.33964734430056787,0.9008174387912624,0.8114720580304497,0.4413232131612834
GroupKFold,ETHUSDT,14,28,common_test,Persistence,2,21,9.760549601786481,0.4180982207493774,0.9506526451361901,0.903740451704435,0.418356062679316
GroupKFold,ETHUSDT,14,28,common_test,Persistence,3,21,15.148563188160686,0.5790637376530152,1.08622610430864,1.1798871496815249,0.33546145041689335
GroupKFold,ETHUSDT,14,28,common_test,Persistence,4,21,17.33547674518507,0.653727150959742,1.134218243634222,1.2864510241926996,0.3127430086647677
GroupKFold,ETHUSDT,14,28,common_test,Persistence,5,21,20.68549271586279,0.7712628229149937,1.1847256074145451,1.4035747648637629,0.27442422368604413
GroupKFold,ETHUSDT,14,28,common_test,Persistence,6,21,24.478554121811644,0.8990064504185403,1.2770458318028817,1.630846056525114,0.15818203710774104
GroupKFold,ETHUSDT,14,28,common_test,Persistence,7,21,27.45946060302449,1.0077139709454126,1.3665306134971182,1.8674059176248103,0.02742234316379788
GroupKFold,ETHUSDT,21,7,common_test,SVR,1,21,40.26445265938654,1.4472917137368395,1.8808663965518293,3.5376584016778634,-3.649593323493308
GroupKFold,ETHUSDT,21,7,common_test,SVR,2,21,36.4025039507869,1.3231867924457374,1.8079081116623053,3.268531740214362,-3.2095722553975197
GroupKFold,ETHUSDT,21,7,common_test,SVR,3,21,37.66470945677257,1.3905638468635415,1.9347126615642958,3.7431130828172017,-3.686604675462739
GroupKFold,ETHUSDT,21,7,common_test,SVR,4,21,38.362675028827766,1.389397701624653,1.9217013087132846,3.692935919910351,-3.3215627716844125
GroupKFold,ETHUSDT,21,7,common_test,SVR,5,21,41.75972283322174,1.4951024828063386,1.9486061607758716,3.797065969813682,-3.4743126567535887
GroupKFold,ETHUSDT,21,7,common_test,SVR,6,21,40.74242154128143,1.4705136240555365,1.895189754734747,3.5917442064515503,-3.3682501129176945
GroupKFold,ETHUSDT,21,7,common_test,SVR,7,21,42.53952050929195,1.5028193952739894,1.9691830922488704,3.8776820507988234,-3.338772513194896
GroupKFold,ETHUSDT,21,7,common_test,Persistence,1,21,5.156870245725821,0.21132293413066536,0.5169936504787939,0.26728243463538925,0.6487070026381516
GroupKFold,ETHUSDT,21,7,common_test,Persistence,2,21,8.722696408246147,0.3356122271151931,0.6056458269010603,0.366806867642669,0.5275860429562229
GroupKFold,ETHUSDT,21,7,common_test,Persistence,3,21,11.001583781102589,0.4217683334668932,0.7108077058252612,0.5052475946605711,0.36739935796426115
GroupKFold,ETHUSDT,21,7,common_test,Persistence,4,21,15.326851772118541,0.5151783368477068,0.8509015546342069,0.7240334556789102,0.15271856989277188
GroupKFold,ETHUSDT,21,7,common_test,Persistence,5,21,17.59992713797573,0.5700774989889057,0.9250092787742087,0.8556421658183818,-0.008254953326790382
GroupKFold,ETHUSDT,21,7,common_test,Persistence,6,21,18.58128125441324,0.5971145889483997,0.9118852453003424,0.8315347005964656,-0.011305744782994731
GroupKFold,ETHUSDT,21,7,common_test,Persistence,7,21,19.450324547024326,0.6133818183381893,0.9345167420603118,0.8733215411910193,0.022832855179548583
GroupKFold,ETHUSDT,21,14,common_test,SVR,1,21,111.10623229959906,3.733439589177906,4.215998973418048,17.77464734386204,-22.361464628204814
GroupKFold,ETHUSDT,21,14,common_test,SVR,2,21,111.35904154282728,3.7222753387015293,4.215710178135252,17.77221230603316,-21.888996585238925
GroupKFold,ETHUSDT,21,14,common_test,SVR,3,21,103.3841670855684,3.459901568337289,3.882170650281611,15.071248957907947,-17.87011807242366
GroupKFold,ETHUSDT,21,14,common_test,SVR,4,21,108.63595145801793,3.5106624771425885,4.145818749239625,17.18781310154681,-19.11359385518865
GroupKFold,ETHUSDT,21,14,common_test,SVR,5,21,115.44497888978324,3.626947772753588,4.481549460093436,20.084285563263762,-22.66652931815507
GroupKFold,ETHUSDT,21,14,common_test,SVR,6,21,104.98334355135991,3.3615473872658233,4.349978915519824,18.922316565467018,-22.013167620705016
GroupKFold,ETHUSDT,21,14,common_test,SVR,7,21,115.17229644903485,3.6190851375421964,4.328290232217175,18.73409633430661,-19.96174497289948
GroupKFold,ETHUSDT,21,14,common_test,Persistence,1,21,5.156870245725821,0.21132293413066536,0.5169936504787939,0.26728243463538925,0.6487070026381516
GroupKFold,ETHUSDT,21,14,common_test,Persistence,2,21,8.722696408246147,0.3356122271151931,0.6056458269010603,0.366806867642669,0.5275860429562229
GroupKFold,ETHUSDT,21,14,common_test,Persistence,3,21,11.001583781102589,0.4217683334668932,0.7108077058252612,0.5052475946605711,0.36739935796426115
GroupKFold,ETHUSDT,21,14,common_test,Persistence,4,21,15.326851772118541,0.5151783368477068,0.8509015546342069,0.7240334556789102,0.15271856989277188
GroupKFold,ETHUSDT,21,14,common_test,Persistence,5,21,17.59992713797573,0.5700774989889057,0.9250092787742087,0.8556421658183818,-0.008254953326790382
GroupKFold,ETHUSDT,21,14,common_test,Persistence,6,21,18.58128125441324,0.5971145889483997,0.9118852453003424,0.8315347005964656,-0.011305744782994731
GroupKFold,ETHUSDT,21,14,common_test,Persistence,7,21,19.450324547024326,0.6133818183381893,0.9345167420603118,0.8733215411910193,0.022832855179548583
GroupKFold,ETHUSDT,21,21,common_test,SVR,1,21,76.80998860913994,2.547252137094655,2.8791305175689668,8.289392537196946,-9.894863161035016
GroupKFold,ETHUSDT,21,21,common_test,SVR,2,21,77.42885540334531,2.575452497624385,3.0847265223694755,9.515537717809678,-11.255149025859915
GroupKFold,ETHUSDT,21,21,common_test,SVR,3,21,70.68292944615108,2.393956365411092,2.8565100577275047,8.159649709898392,-9.216376485149201
GroupKFold,ETHUSDT,21,21,common_test,SVR,4,21,72.27469195061101,2.3970974717420086,3.018878559956627,9.113627759765796,-9.664987233937595
GroupKFold,ETHUSDT,21,21,common_test,SVR,5,21,74.68897057060644,2.4321173048384006,3.0945702639916797,9.576365118781533,-10.284410646876458
GroupKFold,ETHUSDT,21,21,common_test,SVR,6,21,78.62934277465449,2.563360399944685,3.405432849752335,11.59697289417231,-13.104144182505545
GroupKFold,ETHUSDT,21,21,common_test,SVR,7,21,83.85854405382806,2.649618366560466,3.3916026057602866,11.502968235399967,-11.870772215485253
GroupKFold,ETHUSDT,21,21,common_test,Persistence,1,21,5.156870245725821,0.21132293413066536,0.5169936504787939,0.26728243463538925,0.6487070026381516
GroupKFold,ETHUSDT,21,21,common_test,Persistence,2,21,8.722696408246147,0.3356122271151931,0.6056458269010603,0.366806867642669,0.5275860429562229
GroupKFold,ETHUSDT,21,21,common_test,Persistence,3,21,11.001583781102589,0.4217683334668932,0.7108077058252612,0.5052475946605711,0.36739935796426115
GroupKFold,ETHUSDT,21,21,common_test,Persistence,4,21,15.326851772118541,0.5151783368477068,0.8509015546342069,0.7240334556789102,0.15271856989277188
GroupKFold,ETHUSDT,21,21,common_test,Persistence,5,21,17.59992713797573,0.5700774989889057,0.9250092787742087,0.8556421658183818,-0.008254953326790382
GroupKFold,ETHUSDT,21,21,common_test,Persistence,6,21,18.58128125441324,0.5971145889483997,0.9118852453003424,0.8315347005964656,-0.011305744782994731
GroupKFold,ETHUSDT,21,21,common_test,Persistence,7,21,19.450324547024326,0.6133818183381893,0.9345167420603118,0.8733215411910193,0.022832855179548583
GroupKFold,ETHUSDT,21,28,common_test,SVR,1,21,77.20815598298748,2.610574518717007,2.927560622997805,8.570611201327296,-10.264472737403958
GroupKFold,ETHUSDT,21,28,common_test,SVR,2,21,82.16241010024305,2.778688836060625,3.0956286885647195,9.582916977464924,-11.341927397489052
GroupKFold,ETHUSDT,21,28,common_test,SVR,3,21,82.47714071377018,2.79938594602581,3.1429600189009985,9.878197680410166,-11.36810280904258
GroupKFold,ETHUSDT,21,28,common_test,SVR,4,21,79.96493645399437,2.6897768545686915,3.1494541675202434,9.91906155331063,-10.607525304656244
GroupKFold,ETHUSDT,21,28,common_test,SVR,5,21,78.9290419350488,2.60408098389995,3.1809082970129623,10.118177594005905,-10.922861080647127
GroupKFold,ETHUSDT,21,28,common_test,SVR,6,21,79.92145765092852,2.6472823171502755,3.3999879385027563,11.559917981964222,-13.059078299432247
GroupKFold,ETHUSDT,21,28,common_test,SVR,7,21,86.16629557706183,2.796118225732536,3.454374644240431,11.932704182771202,-12.351607542353268
GroupKFold,ETHUSDT,21,28,common_test,Persistence,1,21,5.156870245725821,0.21132293413066536,0.5169936504787939,0.26728243463538925,0.6487070026381516
GroupKFold,ETHUSDT,21,28,common_test,Persistence,2,21,8.722696408246147,0.3356122271151931,0.6056458269010603,0.366806867642669,0.5275860429562229
GroupKFold,ETHUSDT,21,28,common_test,Persistence,3,21,11.001583781102589,0.4217683334668932,0.7108077058252612,0.5052475946605711,0.36739935796426115
GroupKFold,ETHUSDT,21,28,common_test,Persistence,4,21,15.326851772118541,0.5151783368477068,0.8509015546342069,0.7240334556789102,0.15271856989277188
GroupKFold,ETHUSDT,21,28,common_test,Persistence,5,21,17.59992713797573,0.5700774989889057,0.9250092787742087,0.8556421658183818,-0.008254953326790382
GroupKFold,ETHUSDT,21,28,common_test,Persistence,6,21,18.58128125441324,0.5971145889483997,0.9118852453003424,0.8315347005964656,-0.011305744782994731
GroupKFold,ETHUSDT,21,28,common_test,Persistence,7,21,19.450324547024326,0.6133818183381893,0.9345167420603118,0.8733215411910193,0.022832855179548583
GroupKFold,ETHUSDT,28,7,common_test,SVR,1,21,33.967003619538175,1.2471324576452976,1.5859241139698455,2.515155295271039,-5.053666579037463
GroupKFold,ETHUSDT,28,7,common_test,SVR,2,21,31.722339788311636,1.1709497916456761,1.5131285704680058,2.2895580707665504,-4.1388563885978815
GroupKFold,ETHUSDT,28,7,common_test,SVR,3,21,30.154239321691755,1.1297873798347713,1.5050353031321355,2.2651312636740393,-3.5924369246631525
GroupKFold,ETHUSDT,28,7,common_test,SVR,4,21,30.182247105248024,1.128081905882407,1.489544564461937,2.2187430095181013,-3.2468718986280516
GroupKFold,ETHUSDT,28,7,common_test,SVR,5,21,30.385410515105427,1.1322576268150326,1.514074246360107,2.292420823490926,-3.241318615282192
GroupKFold,ETHUSDT,28,7,common_test,SVR,6,21,33.51585206635649,1.2362822783876652,1.625317822610873,2.6416580244965497,-3.5572215660976507
GroupKFold,ETHUSDT,28,7,common_test,SVR,7,21,36.62122032514834,1.3603375458146154,1.7615867504959628,3.1031878795229257,-3.993201719871812
GroupKFold,ETHUSDT,28,7,common_test,Persistence,1,21,3.350097468826049,0.13278194362369805,0.28902143989366247,0.08353339271820595,0.7989454930744858
GroupKFold,ETHUSDT,28,7,common_test,Persistence,2,21,4.659173594400413,0.17967649341274466,0.3247691915141131,0.10547502775673066,0.7632639123043757
GroupKFold,ETHUSDT,28,7,common_test,Persistence,3,21,6.150658722171256,0.23316451257151619,0.38859071974043446,0.15100274746838888,0.6938497100275742
GroupKFold,ETHUSDT,28,7,common_test,Persistence,4,21,6.913231659792224,0.2580083896274533,0.40461687494695325,0.1637148154918384,0.686635249635164
GroupKFold,ETHUSDT,28,7,common_test,Persistence,5,21,6.931060420022311,0.2631557828806832,0.4104663791563711,0.16848264841774177,0.6882821052035163
GroupKFold,ETHUSDT,28,7,common_test,Persistence,6,21,7.656632768731602,0.2912043698269697,0.4346871958832819,0.1889529582648707,0.6740302914315612
GroupKFold,ETHUSDT,28,7,common_test,Persistence,7,21,8.700048182802837,0.32414253752673233,0.4620833054896334,0.21352098121222585,0.6564328774120147
GroupKFold,ETHUSDT,28,14,common_test,SVR,1,21,88.11247761404303,2.9169631058797987,3.364601858243781,11.320545664497503,-26.247148148063335
GroupKFold,ETHUSDT,28,14,common_test,SVR,2,21,84.20113447419835,2.7605720188838587,3.285590896025089,10.795107536042947,-23.229351522244823
GroupKFold,ETHUSDT,28,14,common_test,SVR,3,21,83.09090402046347,2.7489123348092788,3.170821772502339,10.054110712974875,-19.384191425632824
GroupKFold,ETHUSDT,28,14,common_test,SVR,4,21,87.51281326225273,2.897735710722801,3.284835034814197,10.790141205942788,-19.653292099701
GroupKFold,ETHUSDT,28,14,common_test,SVR,5,21,91.74998566968127,3.0286658589566224,3.5375392266065626,12.514183779780158,-22.153096532868823
GroupKFold,ETHUSDT,28,14,common_test,SVR,6,21,92.06396465497153,3.070782577215961,3.5632320107024418,12.696622362094567,-20.903410929263764
GroupKFold,ETHUSDT,28,14,common_test,SVR,7,21,100.73831485555677,3.3640158330812255,3.8445024717002476,14.780199254909313,-22.782161829984688
GroupKFold,ETHUSDT,28,14,common_test,Persistence,1,21,3.350097468826049,0.13278194362369805,0.28902143989366247,0.08353339271820595,0.7989454930744858
GroupKFold,ETHUSDT,28,14,common_test,Persistence,2,21,4.659173594400413,0.17967649341274466,0.3247691915141131,0.10547502775673066,0.7632639123043757
GroupKFold,ETHUSDT,28,14,common_test,Persistence,3,21,6.150658722171256,0.23316451257151619,0.38859071974043446,0.15100274746838888,0.6938497100275742
GroupKFold,ETHUSDT,28,14,common_test,Persistence,4,21,6.913231659792224,0.2580083896274533,0.40461687494695325,0.1637148154918384,0.686635249635164
GroupKFold,ETHUSDT,28,14,common_test,Persistence,5,21,6.931060420022311,0.2631557828806832,0.4104663791563711,0.16848264841774177,0.6882821052035163
GroupKFold,ETHUSDT,28,14,common_test,Persistence,6,21,7.656632768731602,0.2912043698269697,0.4346871958832819,0.1889529582648707,0.6740302914315612
GroupKFold,ETHUSDT,28,14,common_test,Persistence,7,21,8.700048182802837,0.32414253752673233,0.4620833054896334,0.21352098121222585,0.6564328774120147
GroupKFold,ETHUSDT,28,21,common_test,SVR,1,21,68.97058671686935,2.233546834436796,2.7425770279121604,7.521728754031498,-17.103867407502854
GroupKFold,ETHUSDT,28,21,common_test,SVR,2,21,67.26450119283618,2.1765198450651204,2.73470672219435,7.478620856414967,-15.785579303093378
GroupKFold,ETHUSDT,28,21,common_test,SVR,3,21,66.8523054811917,2.1948525478200773,2.6731071556533856,7.1455018656053335,-13.487136855649183
GroupKFold,ETHUSDT,28,21,common_test,SVR,4,21,68.05561466110194,2.2349786172817825,2.668215234976497,7.119372540160682,-12.62711366164011
GroupKFold,ETHUSDT,28,21,common_test,SVR,5,21,68.80472734199527,2.257342394121622,2.7456224107697698,7.538442422521203,-12.947236846410858
GroupKFold,ETHUSDT,28,21,common_test,SVR,6,21,68.0761305880437,2.254721871868707,2.658868545650144,7.069581943047713,-11.195996224867772
GroupKFold,ETHUSDT,28,21,common_test,SVR,7,21,72.39669388798639,2.379729751508358,2.828804338945465,8.00213398803669,-11.875878207494232
GroupKFold,ETHUSDT,28,21,common_test,Persistence,1,21,3.350097468826049,0.13278194362369805,0.28902143989366247,0.08353339271820595,0.7989454930744858
GroupKFold,ETHUSDT,28,21,common_test,Persistence,2,21,4.659173594400413,0.17967649341274466,0.3247691915141131,0.10547502775673066,0.7632639123043757
GroupKFold,ETHUSDT,28,21,common_test,Persistence,3,21,6.150658722171256,0.23316451257151619,0.38859071974043446,0.15100274746838888,0.6938497100275742
GroupKFold,ETHUSDT,28,21,common_test,Persistence,4,21,6.913231659792224,0.2580083896274533,0.40461687494695325,0.1637148154918384,0.686635249635164
GroupKFold,ETHUSDT,28,21,common_test,Persistence,5,21,6.931060420022311,0.2631557828806832,0.4104663791563711,0.16848264841774177,0.6882821052035163
GroupKFold,ETHUSDT,28,21,common_test,Persistence,6,21,7.656632768731602,0.2912043698269697,0.4346871958832819,0.1889529582648707,0.6740302914315612
GroupKFold,ETHUSDT,28,21,common_test,Persistence,7,21,8.700048182802837,0.32414253752673233,0.4620833054896334,0.21352098121222585,0.6564328774120147
GroupKFold,ETHUSDT,28,28,common_test,SVR,1,21,70.16653576108764,2.2983499089127846,2.7315337422509063,7.461276585055241,-16.958366540955982
GroupKFold,ETHUSDT,28,28,common_test,SVR,2,21,69.99864388096749,2.304888705920194,2.769972433190718,7.672747280636507,-16.221291254689582
GroupKFold,ETHUSDT,28,28,common_test,SVR,3,21,70.90812620310014,2.3557102571149704,2.8016025027256726,7.848976583278751,-14.913395598716574
GroupKFold,ETHUSDT,28,28,common_test,SVR,4,21,71.85202803478313,2.3869144602734633,2.808970513627542,7.890315346428976,-14.102766914560728
GroupKFold,ETHUSDT,28,28,common_test,SVR,5,21,72.23164212682403,2.413639052138278,2.8609339188297955,8.184942887910811,-14.143358618882793
GroupKFold,ETHUSDT,28,28,common_test,SVR,6,21,72.11774464819834,2.437969605087643,2.821022915279981,7.958170288534763,-12.728932711682097
GroupKFold,ETHUSDT,28,28,common_test,SVR,7,21,75.51327217314164,2.548190652284415,2.9682940182557886,8.810769378813095,-13.177017481277005
GroupKFold,ETHUSDT,28,28,common_test,Persistence,1,21,3.350097468826049,0.13278194362369805,0.28902143989366247,0.08353339271820595,0.7989454930744858
GroupKFold,ETHUSDT,28,28,common_test,Persistence,2,21,4.659173594400413,0.17967649341274466,0.3247691915141131,0.10547502775673066,0.7632639123043757
GroupKFold,ETHUSDT,28,28,common_test,Persistence,3,21,6.150658722171256,0.23316451257151619,0.38859071974043446,0.15100274746838888,0.6938497100275742
GroupKFold,ETHUSDT,28,28,common_test,Persistence,4,21,6.913231659792224,0.2580083896274533,0.40461687494695325,0.1637148154918384,0.686635249635164
GroupKFold,ETHUSDT,28,28,common_test,Persistence,5,21,6.931060420022311,0.2631557828806832,0.4104663791563711,0.16848264841774177,0.6882821052035163
GroupKFold,ETHUSDT,28,28,common_test,Persistence,6,21,7.656632768731602,0.2912043698269697,0.4346871958832819,0.1889529582648707,0.6740302914315612
GroupKFold,ETHUSDT,28,28,common_test,Persistence,7,21,8.700048182802837,0.32414253752673233,0.4620833054896334,0.21352098121222585,0.6564328774120147
GroupKFold,XRPUSDT,7,7,common_test,SVR,1,21,3318.0522017162593,93.2385356904845,198.3080916878632,39326.099228881954,-27325.61943402991
GroupKFold,XRPUSDT,7,7,common_test,SVR,2,21,3174.9056597677154,84.26583982120677,183.58284787983433,33702.66203567039,-16745.122446474623
GroupKFold,XRPUSDT,7,7,common_test,SVR,3,21,2583.520537630023,65.80939917330124,136.09168788476265,18520.94751132365,-7866.481109952925
GroupKFold,XRPUSDT,7,7,common_test,SVR,4,21,1701.3385949171086,51.2733343997181,102.14231169183988,10433.05183775297,-4624.622461996622
GroupKFold,XRPUSDT,7,7,common_test,SVR,5,21,1102.2543797355427,32.92915131482826,63.32239463900829,4009.725662818306,-1857.8239245680197
GroupKFold,XRPUSDT,7,7,common_test,SVR,6,21,456.96311814479367,13.819819592793792,22.623465754418483,511.82120274134587,-237.33331245842194
GroupKFold,XRPUSDT,7,7,common_test,SVR,7,21,191.72264772449992,5.845479563726013,8.348965627790035,69.70522705401946,-40.6117418869037
GroupKFold,XRPUSDT,7,7,common_test,Persistence,1,21,17.670725242050604,0.5161145539188269,0.7398039399125548,0.5473098695101389,0.6196894985809316
GroupKFold,XRPUSDT,7,7,common_test,Persistence,2,21,26.594509052627465,0.785252918836953,1.0025234932845835,1.0050533545875244,0.5006107670857172
GroupKFold,XRPUSDT,7,7,common_test,Persistence,3,21,33.34545152313623,0.9001634400120069,1.1472958113743714,1.3162876787971773,0.4408564442035684
GroupKFold,XRPUSDT,7,7,common_test,Persistence,4,21,36.297772193454676,1.0540208654079333,1.3152210929405859,1.7298065233158293,0.23306890125820545
GroupKFold,XRPUSDT,7,7,common_test,Persistence,5,21,38.62669724295787,1.2064814722542703,1.4865991337551614,2.2099769844815964,-0.024498541032786925
GroupKFold,XRPUSDT,7,7,common_test,Persistence,6,21,41.03294121651335,1.4322996482732266,1.7112251488902945,2.9282915101946108,-0.36358050766656524
GroupKFold,XRPUSDT,7,7,common_test,Persistence,7,21,45.4386844762411,1.590016203760481,1.893864135025915,3.5867213619374576,-1.1411554031309752
GroupKFold,XRPUSDT,7,14,common_test,SVR,1,21,4650.970825817759,131.05189807164598,281.8993342070987,79467.23462640552,-55218.584975153055
GroupKFold,XRPUSDT,7,14,common_test,SVR,2,21,4886.724814960621,130.563323690183,268.2699553430384,71968.76893975583,-35758.72176060239
GroupKFold,XRPUSDT,7,14,common_test,SVR,3,21,3974.57700149051,102.30819224350155,204.10356987408383,41658.26723534502,-17694.94295038443
GroupKFold,XRPUSDT,7,14,common_test,SVR,4,21,2477.8314628397297,77.09984015247153,150.9809937928037,22795.26048666263,-10105.560436383346
GroupKFold,XRPUSDT,7,14,common_test,SVR,5,21,2028.646301410346,61.39209595776829,116.52526556371333,13578.137514693917,-6293.537079538672
GroupKFold,XRPUSDT,7,14,common_test,SVR,6,21,382.1110497463863,11.568770731407595,16.751050233792167,280.59768393502867,-129.66237803788889
GroupKFold,XRPUSDT,7,14,common_test,SVR,7,21,669.7909928609387,21.28321473644986,40.8848454885123,1671.5705906195242,-996.8729989458932
GroupKFold,XRPUSDT,7,14,common_test,Persistence,1,21,17.670725242050604,0.5161145539188269,0.7398039399125548,0.5473098695101389,0.6196894985809316
GroupKFold,XRPUSDT,7,14,common_test,Persistence,2,21,26.594509052627465,0.785252918836953,1.0025234932845835,1.0050533545875244,0.5006107670857172
GroupKFold,XRPUSDT,7,14,common_test,Persistence,3,21,33.34545152313623,0.9001634400120069,1.1472958113743714,1.3162876787971773,0.4408564442035684
GroupKFold,XRPUSDT,7,14,common_test,Persistence,4,21,36.297772193454676,1.0540208654079333,1.3152210929405859,1.7298065233158293,0.23306890125820545
GroupKFold,XRPUSDT,7,14,common_test,Persistence,5,21,38.62669724295787,1.2064814722542703,1.4865991337551614,2.2099769844815964,-0.024498541032786925
GroupKFold,XRPUSDT,7,14,common_test,Persistence,6,21,41.03294121651335,1.4322996482732266,1.7112251488902945,2.9282915101946108,-0.36358050766656524
GroupKFold,XRPUSDT,7,14,common_test,Persistence,7,21,45.4386844762411,1.590016203760481,1.893864135025915,3.5867213619374576,-1.1411554031309752
GroupKFold,XRPUSDT,7,21,common_test,SVR,1,21,6569.069714146203,185.8580350569727,397.70656886301475,158170.5149167919,-109907.31919686956
GroupKFold,XRPUSDT,7,21,common_test,SVR,2,21,6432.24438667685,170.16856000264627,360.76982334951117,130154.86543963749,-64670.13224913073
GroupKFold,XRPUSDT,7,21,common_test,SVR,3,21,1887.569694289044,50.3693562465227,82.30477421967622,6774.075859351879,-2876.5479131537245
GroupKFold,XRPUSDT,7,21,common_test,SVR,4,21,987.3839704080012,27.643448410366254,41.07482443988796,1687.1412027676176,-747.0149016265889
GroupKFold,XRPUSDT,7,21,common_test,SVR,5,21,1019.9897952352688,28.612110984160132,47.75867108250105,2280.8906635665226,-1056.3726212933177
GroupKFold,XRPUSDT,7,21,common_test,SVR,6,21,767.9022449831547,22.187798075659156,31.974162214059746,1022.3470492910061,-475.06343276629514
GroupKFold,XRPUSDT,7,21,common_test,SVR,7,21,801.3230970044455,24.740955255273757,38.587987376348984,1489.0327697572684,-887.9038870537306
GroupKFold,XRPUSDT,7,21,common_test,Persistence,1,21,17.670725242050604,0.5161145539188269,0.7398039399125548,0.5473098695101389,0.6196894985809316
GroupKFold,XRPUSDT,7,21,common_test,Persistence,2,21,26.594509052627465,0.785252918836953,1.0025234932845835,1.0050533545875244,0.5006107670857172
GroupKFold,XRPUSDT,7,21,common_test,Persistence,3,21,33.34545152313623,0.9001634400120069,1.1472958113743714,1.3162876787971773,0.4408564442035684
GroupKFold,XRPUSDT,7,21,common_test,Persistence,4,21,36.297772193454676,1.0540208654079333,1.3152210929405859,1.7298065233158293,0.23306890125820545
GroupKFold,XRPUSDT,7,21,common_test,Persistence,5,21,38.62669724295787,1.2064814722542703,1.4865991337551614,2.2099769844815964,-0.024498541032786925
GroupKFold,XRPUSDT,7,21,common_test,Persistence,6,21,41.03294121651335,1.4322996482732266,1.7112251488902945,2.9282915101946108,-0.36358050766656524
GroupKFold,XRPUSDT,7,21,common_test,Persistence,7,21,45.4386844762411,1.590016203760481,1.893864135025915,3.5867213619374576,-1.1411554031309752
GroupKFold,XRPUSDT,7,28,common_test,SVR,1,21,6597.632852993616,188.02657077335556,378.28169227872525,143097.0387132562,-99433.17719349962
GroupKFold,XRPUSDT,7,28,common_test,SVR,2,21,6682.3391431247555,177.8278187484451,355.5455311335019,126412.62470900398,-62810.69392247729
GroupKFold,XRPUSDT,7,28,common_test,SVR,3,21,1877.5062590127698,51.63201198269117,76.35446422070856,5830.004206431464,-2475.517356199105
GroupKFold,XRPUSDT,7,28,common_test,SVR,4,21,1069.9028580456325,31.140902457365286,44.74872135391324,2002.448062810171,-886.8100945304309
GroupKFold,XRPUSDT,7,28,common_test,SVR,5,21,1197.4882026363844,34.80214211440333,59.62550788860527,3555.201190974129,-1647.1160024774695
GroupKFold,XRPUSDT,7,28,common_test,SVR,6,21,822.7595721086866,24.860628417422497,38.0183410341643,1445.394254990021,-672.0584797094348
GroupKFold,XRPUSDT,7,28,common_test,SVR,7,21,861.3568535656817,27.8030600538523,42.23695456965685,1783.960331319257,-1063.9660001222467
GroupKFold,XRPUSDT,7,28,common_test,Persistence,1,21,17.670725242050604,0.5161145539188269,0.7398039399125548,0.5473098695101389,0.6196894985809316
GroupKFold,XRPUSDT,7,28,common_test,Persistence,2,21,26.594509052627465,0.785252918836953,1.0025234932845835,1.0050533545875244,0.5006107670857172
GroupKFold,XRPUSDT,7,28,common_test,Persistence,3,21,33.34545152313623,0.9001634400120069,1.1472958113743714,1.3162876787971773,0.4408564442035684
GroupKFold,XRPUSDT,7,28,common_test,Persistence,4,21,36.297772193454676,1.0540208654079333,1.3152210929405859,1.7298065233158293,0.23306890125820545
GroupKFold,XRPUSDT,7,28,common_test,Persistence,5,21,38.62669724295787,1.2064814722542703,1.4865991337551614,2.2099769844815964,-0.024498541032786925
GroupKFold,XRPUSDT,7,28,common_test,Persistence,6,21,41.03294121651335,1.4322996482732266,1.7112251488902945,2.9282915101946108,-0.36358050766656524
GroupKFold,XRPUSDT,7,28,common_test,Persistence,7,21,45.4386844762411,1.590016203760481,1.893864135025915,3.5867213619374576,-1.1411554031309752
GroupKFold,XRPUSDT,14,7,common_test,SVR,1,21,1994.8251078493229,66.64973024175363,103.18508001401504,10647.160737498687,-13635.67403222478
GroupKFold,XRPUSDT,14,7,common_test,SVR,2,21,1837.320846214418,62.76548899669942,98.83541636168309,9768.439527387254,-10388.43621381155
GroupKFold,XRPUSDT,14,7,common_test,SVR,3,21,1899.919082097141,65.44605108460098,107.17812040003399,11487.14949248418,-11291.213869252531
GroupKFold,XRPUSDT,14,7,common_test,SVR,4,21,2134.4679906131473,75.87491758091502,131.27333410523812,17232.688247105474,-17835.97913169441
GroupKFold,XRPUSDT,14,7,common_test,SVR,5,21,2582.488729471091,88.73815110665879,163.50811050181932,26734.90219987516,-31095.518725494738
GroupKFold,XRPUSDT,14,7,common_test,SVR,6,21,2434.791015713225,85.33482554412774,166.36149628535173,27676.1474463011,-27469.00273819496
GroupKFold,XRPUSDT,14,7,common_test,SVR,7,21,1765.9853528192575,61.206959233254004,131.90839376822777,17399.82434651383,-19200.14964584309
GroupKFold,XRPUSDT,14,7,common_test,Persistence,1,21,6.368268520215539,0.20844061039567444,0.35040351900085637,0.1227826261281835,0.8427424277128069
GroupKFold,XRPUSDT,14,7,common_test,Persistence,2,21,11.246629107293927,0.3962124724526182,0.5282343970205171,0.27903157819562924,0.703229899189636
GroupKFold,XRPUSDT,14,7,common_test,Persistence,3,21,15.095576250727028,0.5182339130254617,0.645377507912923,0.41651212771989504,0.590556035818304
GroupKFold,XRPUSDT,14,7,common_test,Persistence,4,21,15.271136533725807,0.5339347903778803,0.6763115318183266,0.45739728807045144,0.5265633681049948
GroupKFold,XRPUSDT,14,7,common_test,Persistence,5,21,16.398760503504075,0.5870282162269627,0.7676794607918321,0.5893317545216382,0.31452279858737
GroupKFold,XRPUSDT,14,7,common_test,Persistence,6,21,21.14414943389386,0.7664931055567189,0.9193288463262891,0.8451655276876257,0.16112965488229614
GroupKFold,XRPUSDT,14,7,common_test,Persistence,7,21,21.88673037076132,0.8142370086624128,0.9850066368447172,0.9702380746281407,-0.07068244437549054
GroupKFold,XRPUSDT,14,14,common_test,SVR,1,21,2125.9462019375196,70.98670877889549,147.2364203438738,21678.56347567789,-27764.477660494438
GroupKFold,XRPUSDT,14,14,common_test,SVR,2,21,2049.125709862751,70.2311813879758,147.32044142482746,21703.312461606023,-23082.029773189086
GroupKFold,XRPUSDT,14,14,common_test,SVR,3,21,2114.1398695706366,73.29969330152865,150.05009561138044,22515.03119298441,-22131.953668829607
GroupKFold,XRPUSDT,14,14,common_test,SVR,4,21,2294.14660318601,83.34776836404187,171.78645530205299,29510.58622524425,-30544.42060506228
GroupKFold,XRPUSDT,14,14,common_test,SVR,5,21,2540.763036083708,87.79500730920107,183.24628327737614,33579.20033497238,-39056.417311535326
GroupKFold,XRPUSDT,14,14,common_test,SVR,6,21,2463.6312196925537,86.44751319361087,186.32378088981005,34716.551325073946,-34456.96644243286
GroupKFold,XRPUSDT,14,14,common_test,SVR,7,21,1973.8622215763687,68.74226028342716,149.414210397153,22324.6062686047,-24634.77201765775
GroupKFold,XRPUSDT,14,14,common_test,Persistence,1,21,6.368268520215539,0.20844061039567444,0.35040351900085637,0.1227826261281835,0.8427424277128069
GroupKFold,XRPUSDT,14,14,common_test,Persistence,2,21,11.246629107293927,0.3962124724526182,0.5282343970205171,0.27903157819562924,0.703229899189636
GroupKFold,XRPUSDT,14,14,common_test,Persistence,3,21,15.095576250727028,0.5182339130254617,0.645377507912923,0.41651212771989504,0.590556035818304
GroupKFold,XRPUSDT,14,14,common_test,Persistence,4,21,15.271136533725807,0.5339347903778803,0.6763115318183266,0.45739728807045144,0.5265633681049948
GroupKFold,XRPUSDT,14,14,common_test,Persistence,5,21,16.398760503504075,0.5870282162269627,0.7676794607918321,0.5893317545216382,0.31452279858737
GroupKFold,XRPUSDT,14,14,common_test,Persistence,6,21,21.14414943389386,0.7664931055567189,0.9193288463262891,0.8451655276876257,0.16112965488229614
GroupKFold,XRPUSDT,14,14,common_test,Persistence,7,21,21.88673037076132,0.8142370086624128,0.9850066368447172,0.9702380746281407,-0.07068244437549054
GroupKFold,XRPUSDT,14,21,common_test,SVR,1,21,3280.256113608981,110.34658501235951,240.19031925909033,57691.389465783745,-73888.99678010323
GroupKFold,XRPUSDT,14,21,common_test,SVR,2,21,3253.29515331691,111.56279121646011,240.60976250282621,57893.05781166643,-61572.42016301437
GroupKFold,XRPUSDT,14,21,common_test,SVR,3,21,3220.544735871924,111.80524217230405,239.3855128794259,57305.42377654578,-56331.95723854664
GroupKFold,XRPUSDT,14,21,common_test,SVR,4,21,3282.622111819458,119.20685965344137,256.6129168292834,65850.18908363272,-68158.32788084743
GroupKFold,XRPUSDT,14,21,common_test,SVR,5,21,3522.425918406967,121.40219544097482,259.60163520415307,67393.00900067018,-78386.71769909679
GroupKFold,XRPUSDT,14,21,common_test,SVR,6,21,3482.673633032738,120.76754760841281,257.4178489375441,66263.94895163226,-65769.38450444545
GroupKFold,XRPUSDT,14,21,common_test,SVR,7,21,3331.2086661959,114.57390806961645,249.9414754908968,62470.74117056657,-68937.05510991317
GroupKFold,XRPUSDT,14,21,common_test,Persistence,1,21,6.368268520215539,0.20844061039567444,0.35040351900085637,0.1227826261281835,0.8427424277128069
GroupKFold,XRPUSDT,14,21,common_test,Persistence,2,21,11.246629107293927,0.3962124724526182,0.5282343970205171,0.27903157819562924,0.703229899189636
GroupKFold,XRPUSDT,14,21,common_test,Persistence,3,21,15.095576250727028,0.5182339130254617,0.645377507912923,0.41651212771989504,0.590556035818304
GroupKFold,XRPUSDT,14,21,common_test,Persistence,4,21,15.271136533725807,0.5339347903778803,0.6763115318183266,0.45739728807045144,0.5265633681049948
GroupKFold,XRPUSDT,14,21,common_test,Persistence,5,21,16.398760503504075,0.5870282162269627,0.7676794607918321,0.5893317545216382,0.31452279858737
GroupKFold,XRPUSDT,14,21,common_test,Persistence,6,21,21.14414943389386,0.7664931055567189,0.9193288463262891,0.8451655276876257,0.16112965488229614
GroupKFold,XRPUSDT,14,21,common_test,Persistence,7,21,21.88673037076132,0.8142370086624128,0.9850066368447172,0.9702380746281407,-0.07068244437549054
GroupKFold,XRPUSDT,14,28,common_test,SVR,1,21,3410.9931421692954,115.24682631576363,243.7459973604612,59412.11122924596,-76092.86336641737
GroupKFold,XRPUSDT,14,28,common_test,SVR,2,21,3421.0367800997124,117.80481405283668,242.88749170124282,58994.333624921295,-62743.705994650685
GroupKFold,XRPUSDT,14,28,common_test,SVR,3,21,3421.1439651513383,119.461706419705,241.64413684534782,58391.88887173319,-57399.98514436967
GroupKFold,XRPUSDT,14,28,common_test,SVR,4,21,3414.425935996959,124.25295317967269,255.9383049031903,65504.4159167184,-67800.42964267866
GroupKFold,XRPUSDT,14,28,common_test,SVR,5,21,3581.4819766422797,124.29553003333996,261.0003086989648,68121.1611409549,-79233.66288318945
GroupKFold,XRPUSDT,14,28,common_test,SVR,6,21,3322.2445840140635,116.12035374344838,244.72259553280566,59889.148764313184,-59442.06676844657
GroupKFold,XRPUSDT,14,28,common_test,SVR,7,21,3260.9610406934726,113.4544593896105,238.96811494360756,57105.75995970123,-63016.66160332002
GroupKFold,XRPUSDT,14,28,common_test,Persistence,1,21,6.368268520215539,0.20844061039567444,0.35040351900085637,0.1227826261281835,0.8427424277128069
GroupKFold,XRPUSDT,14,28,common_test,Persistence,2,21,11.246629107293927,0.3962124724526182,0.5282343970205171,0.27903157819562924,0.703229899189636
GroupKFold,XRPUSDT,14,28,common_test,Persistence,3,21,15.095576250727028,0.5182339130254617,0.645377507912923,0.41651212771989504,0.590556035818304
GroupKFold,XRPUSDT,14,28,common_test,Persistence,4,21,15.271136533725807,0.5339347903778803,0.6763115318183266,0.45739728807045144,0.5265633681049948
GroupKFold,XRPUSDT,14,28,common_test,Persistence,5,21,16.398760503504075,0.5870282162269627,0.7676794607918321,0.5893317545216382,0.31452279858737
GroupKFold,XRPUSDT,14,28,common_test,Persistence,6,21,21.14414943389386,0.7664931055567189,0.9193288463262891,0.8451655276876257,0.16112965488229614
GroupKFold,XRPUSDT,14,28,common_test,Persistence,7,21,21.88673037076132,0.8142370086624128,0.9850066368447172,0.9702380746281407,-0.07068244437549054
GroupKFold,XRPUSDT,21,7,common_test,SVR,1,21,1393.0632255750756,52.51433363480406,86.13875030866973,7419.884304739349,-8528.670737356462
GroupKFold,XRPUSDT,21,7,common_test,SVR,2,21,1332.4720867791655,50.51670085100822,80.68322490324984,6509.782780788394,-6830.983381096979
GroupKFold,XRPUSDT,21,7,common_test,SVR,3,21,1382.9722269926574,52.751241812322306,83.11343766394332,6907.843520318192,-8083.384539705482
GroupKFold,XRPUSDT,21,7,common_test,SVR,4,21,1377.6489919213525,52.8758007692919,80.99186859636494,6559.682778730846,-8271.64336730646
GroupKFold,XRPUSDT,21,7,common_test,SVR,5,21,1436.2127894460916,52.93897652035449,79.67949420923222,6348.82179743907,-9273.20965913736
GroupKFold,XRPUSDT,21,7,common_test,SVR,6,21,1538.5882344426986,56.01008704853565,84.65341573533266,7166.200795659068,-10122.377118546608
GroupKFold,XRPUSDT,21,7,common_test,SVR,7,21,1330.6801505699518,48.68001445711182,68.97405553715434,4757.420337242451,-7104.895707655726
GroupKFold,XRPUSDT,21,7,common_test,Persistence,1,21,3.958959572409648,0.12859335462540233,0.2155789548525466,0.04647428577531633,0.9465745907703634
GroupKFold,XRPUSDT,21,7,common_test,Persistence,2,21,9.381488917737054,0.3280192610004655,0.514978078389061,0.2652024212212898,0.7216714296892253
GroupKFold,XRPUSDT,21,7,common_test,Persistence,3,21,13.36669277033548,0.46161848949369577,0.6387675481693025,0.4080239805942221,0.5224815456744629
GroupKFold,XRPUSDT,21,7,common_test,Persistence,4,21,17.89326477839606,0.6029556273763356,0.7885495522968835,0.6218103964276155,0.2158133517663231
GroupKFold,XRPUSDT,21,7,common_test,Persistence,5,21,20.288904203738124,0.6934879784733725,0.877454258131703,0.7699259751134572,-0.12468976812331167
GroupKFold,XRPUSDT,21,7,common_test,Persistence,6,21,20.69871203982344,0.7208048359452692,0.8926053802744037,0.7967443648948128,-0.12552577061375803
GroupKFold,XRPUSDT,21,7,common_test,Persistence,7,21,20.74741614639308,0.7397261360075907,0.8878531643527563,0.7882832414512024,-0.17741509153505297
GroupKFold,XRPUSDT,21,14,common_test,SVR,1,21,1636.8470608696343,60.01068047769271,122.45444474010345,14995.09103660705,-17236.895358725058
GroupKFold,XRPUSDT,21,14,common_test,SVR,2,21,1626.4182589232237,60.06663380414313,122.07723181761067,14902.850528250656,-15639.464600517742
GroupKFold,XRPUSDT,21,14,common_test,SVR,3,21,1662.5424698109312,62.43272376329217,123.61038116969634,15279.526332917618,-17880.928867747734
GroupKFold,XRPUSDT,21,14,common_test,SVR,4,21,1597.109026666872,62.29162895152885,122.73202192948632,15063.14920689991,-18995.659683186357
GroupKFold,XRPUSDT,21,14,common_test,SVR,5,21,1681.004503007235,62.30797958211409,123.09909238027106,15153.386544846508,-22134.710899862643
GroupKFold,XRPUSDT,21,14,common_test,SVR,6,21,1786.330946852826,64.47487623434392,124.97557501814218,15618.894351115285,-22063.126055029912
GroupKFold,XRPUSDT,21,14,common_test,SVR,7,21,1805.953297306933,64.21326650849838,123.52383948591314,15258.138921341635,-22789.23844481682
GroupKFold,XRPUSDT,21,14,common_test,Persistence,1,21,3.958959572409648,0.12859335462540233,0.2155789548525466,0.04647428577531633,0.9465745907703634
GroupKFold,XRPUSDT,21,14,common_test,Persistence,2,21,9.381488917737054,0.3280192610004655,0.514978078389061,0.2652024212212898,0.7216714296892253
GroupKFold,XRPUSDT,21,14,common_test,Persistence,3,21,13.36669277033548,0.46161848949369577,0.6387675481693025,0.4080239805942221,0.5224815456744629
GroupKFold,XRPUSDT,21,14,common_test,Persistence,4,21,17.89326477839606,0.6029556273763356,0.7885495522968835,0.6218103964276155,0.2158133517663231
GroupKFold,XRPUSDT,21,14,common_test,Persistence,5,21,20.288904203738124,0.6934879784733725,0.877454258131703,0.7699259751134572,-0.12468976812331167
GroupKFold,XRPUSDT,21,14,common_test,Persistence,6,21,20.69871203982344,0.7208048359452692,0.8926053802744037,0.7967443648948128,-0.12552577061375803
GroupKFold,XRPUSDT,21,14,common_test,Persistence,7,21,20.74741614639308,0.7397261360075907,0.8878531643527563,0.7882832414512024,-0.17741509153505297
GroupKFold,XRPUSDT,21,21,common_test,SVR,1,21,2340.1189037583067,88.38320906717136,195.27653059043462,38132.92339943695,-43835.43564931015
GroupKFold,XRPUSDT,21,21,common_test,SVR,2,21,2309.9289373182582,87.8656851668434,194.02185068393877,37644.47854282063,-39506.685656366055
GroupKFold,XRPUSDT,21,21,common_test,SVR,3,21,2284.0003751431555,88.5733872917102,194.16302177466284,37699.27902466819,-44119.204461584566
GroupKFold,XRPUSDT,21,21,common_test,SVR,4,21,2205.905880965887,89.2418363298525,194.76719241359655,37934.25924067494,-47839.20945625208
GroupKFold,XRPUSDT,21,21,common_test,SVR,5,21,2449.7722074711323,91.89116950467049,196.45413425119023,38594.22686438468,-56376.53948567178
GroupKFold,XRPUSDT,21,21,common_test,SVR,6,21,2516.508111699184,91.44123388809189,194.3185157318293,37759.68555622119,-53340.44934857478
GroupKFold,XRPUSDT,21,21,common_test,SVR,7,21,2536.5594457669226,90.38325007709327,192.92078589106075,37218.4296288245,-55590.11043327443
GroupKFold,XRPUSDT,21,21,common_test,Persistence,1,21,3.958959572409648,0.12859335462540233,0.2155789548525466,0.04647428577531633,0.9465745907703634
GroupKFold,XRPUSDT,21,21,common_test,Persistence,2,21,9.381488917737054,0.3280192610004655,0.514978078389061,0.2652024212212898,0.7216714296892253
GroupKFold,XRPUSDT,21,21,common_test,Persistence,3,21,13.36669277033548,0.46161848949369577,0.6387675481693025,0.4080239805942221,0.5224815456744629
GroupKFold,XRPUSDT,21,21,common_test,Persistence,4,21,17.89326477839606,0.6029556273763356,0.7885495522968835,0.6218103964276155,0.2158133517663231
GroupKFold,XRPUSDT,21,21,common_test,Persistence,5,21,20.288904203738124,0.6934879784733725,0.877454258131703,0.7699259751134572,-0.12468976812331167
GroupKFold,XRPUSDT,21,21,common_test,Persistence,6,21,20.69871203982344,0.7208048359452692,0.8926053802744037,0.7967443648948128,-0.12552577061375803
GroupKFold,XRPUSDT,21,21,common_test,Persistence,7,21,20.74741614639308,0.7397261360075907,0.8878531643527563,0.7882832414512024,-0.17741509153505297
GroupKFold,XRPUSDT,21,28,common_test,SVR,1,21,2479.654764670319,93.40460707409026,197.44748710945876,38985.510165839885,-44815.54316767124
GroupKFold,XRPUSDT,21,28,common_test,SVR,2,21,2445.898920424589,92.80274520220367,196.117698100884,38462.151508389485,-40364.8292073959
GroupKFold,XRPUSDT,21,28,common_test,SVR,3,21,2383.041143180721,92.24676764319395,195.92950993569468,38388.37286364148,-44925.66447501946
GroupKFold,XRPUSDT,21,28,common_test,SVR,4,21,2271.649591832059,91.68955370539034,196.49901043319556,38611.8611012251,-48693.756654102915
GroupKFold,XRPUSDT,21,28,common_test,SVR,5,21,2452.2108182567936,91.86517311112195,198.19901619361127,39282.85002011538,-57382.464006180366
GroupKFold,XRPUSDT,21,28,common_test,SVR,6,21,2491.7242843356835,90.27403088619772,195.20562058962432,38105.23430978036,-53828.59089594005
GroupKFold,XRPUSDT,21,28,common_test,SVR,7,21,2537.928591398246,89.96445000962548,193.97913241255557,37627.90381152777,-56201.719379090966
GroupKFold,XRPUSDT,21,28,common_test,Persistence,1,21,3.958959572409648,0.12859335462540233,0.2155789548525466,0.04647428577531633,0.9465745907703634
GroupKFold,XRPUSDT,21,28,common_test,Persistence,2,21,9.381488917737054,0.3280192610004655,0.514978078389061,0.2652024212212898,0.7216714296892253
GroupKFold,XRPUSDT,21,28,common_test,Persistence,3,21,13.36669277033548,0.46161848949369577,0.6387675481693025,0.4080239805942221,0.5224815456744629
GroupKFold,XRPUSDT,21,28,common_test,Persistence,4,21,17.89326477839606,0.6029556273763356,0.7885495522968835,0.6218103964276155,0.2158133517663231
GroupKFold,XRPUSDT,21,28,common_test,Persistence,5,21,20.288904203738124,0.6934879784733725,0.877454258131703,0.7699259751134572,-0.12468976812331167
GroupKFold,XRPUSDT,21,28,common_test,Persistence,6,21,20.69871203982344,0.7208048359452692,0.8926053802744037,0.7967443648948128,-0.12552577061375803
GroupKFold,XRPUSDT,21,28,common_test,Persistence,7,21,20.74741614639308,0.7397261360075907,0.8878531643527563,0.7882832414512024,-0.17741509153505297
GroupKFold,XRPUSDT,28,7,common_test,SVR,1,21,1385.9903654609063,53.56170166187754,82.0504772787889,6732.2808216770545,-8599.014527313422
GroupKFold,XRPUSDT,28,7,common_test,SVR,2,21,1306.453033567945,49.130737652122434,72.46164025341787,5250.689308215749,-6857.670738731091
GroupKFold,XRPUSDT,28,7,common_test,SVR,3,21,1216.9009715249533,45.75332816488056,65.10810876980021,4239.065827580135,-5505.876925476408
GroupKFold,XRPUSDT,28,7,common_test,SVR,4,21,1179.5415533873422,45.16718716297539,62.89998601195722,3956.4082403044135,-5389.681702366115
GroupKFold,XRPUSDT,28,7,common_test,SVR,5,21,1118.235983137171,43.57106192623009,59.00364658554327,3481.4303103916923,-4990.602171017022
GroupKFold,XRPUSDT,28,7,common_test,SVR,6,21,1154.0987557183407,44.9751650710683,61.91847371996308,3833.897387809759,-5093.080777837274
GroupKFold,XRPUSDT,28,7,common_test,SVR,7,21,1046.6541281033035,40.9210084334686,53.639854233809494,2877.2339622243303,-3952.5115110032916
GroupKFold,XRPUSDT,28,7,common_test,Persistence,1,21,3.648822501332425,0.1328918652255602,0.2757475335970952,0.07603670228488114,0.902868468862223
GroupKFold,XRPUSDT,28,7,common_test,Persistence,2,21,6.796003349495586,0.2518449010882195,0.4196453860279788,0.17610225001457133,0.7699678502573442
GroupKFold,XRPUSDT,28,7,common_test,Persistence,3,21,6.716788996878013,0.25729339554448055,0.39564567308606635,0.15653549863172647,0.7966481860638899
GroupKFold,XRPUSDT,28,7,common_test,Persistence,4,21,7.116180209159611,0.2691130659438319,0.37716572898416534,0.14225398712015686,0.8061762288215606
GroupKFold,XRPUSDT,28,7,common_test,Persistence,5,21,8.741353423778062,0.32920974304102824,0.46983709454563133,0.2207468954110805,0.6834977052132216
GroupKFold,XRPUSDT,28,7,common_test,Persistence,6,21,10.980488560786396,0.40884158423300543,0.5748444123905645,0.3304460984566534,0.5609378791379147
GroupKFold,XRPUSDT,28,7,common_test,Persistence,7,21,12.838124754336274,0.46692163777163537,0.6164078851070418,0.379958680822136,0.47791141142563087
GroupKFold,XRPUSDT,28,14,common_test,SVR,1,21,1611.103064607133,62.046547619130564,126.21652601459284,15930.611439192393,-20349.233960072914
GroupKFold,XRPUSDT,28,14,common_test,SVR,2,21,1516.4119754267522,55.21577088098341,110.36929894142237,12181.382148821056,-15910.832598948979
GroupKFold,XRPUSDT,28,14,common_test,SVR,3,21,1532.7149310074253,55.313907299006836,107.94043431827087,11651.137360816949,-15134.735583626307
GroupKFold,XRPUSDT,28,14,common_test,SVR,4,21,1479.3440457667039,55.04718440516002,107.43630351085709,11542.559312077003,-15725.957255882577
GroupKFold,XRPUSDT,28,14,common_test,SVR,5,21,1451.6720420300983,55.43182297197681,108.35782816426027,11741.418924475356,-16833.601577199905
GroupKFold,XRPUSDT,28,14,common_test,SVR,6,21,1469.6846507041812,55.74206484478326,109.55205765184871,12001.653335753983,-15945.5383070301
GroupKFold,XRPUSDT,28,14,common_test,SVR,7,21,1449.7582534412882,54.12963036268289,106.77207447608093,11400.275887925774,-15663.74000490536
GroupKFold,XRPUSDT,28,14,common_test,Persistence,1,21,3.648822501332425,0.1328918652255602,0.2757475335970952,0.07603670228488114,0.902868468862223
GroupKFold,XRPUSDT,28,14,common_test,Persistence,2,21,6.796003349495586,0.2518449010882195,0.4196453860279788,0.17610225001457133,0.7699678502573442
GroupKFold,XRPUSDT,28,14,common_test,Persistence,3,21,6.716788996878013,0.25729339554448055,0.39564567308606635,0.15653549863172647,0.7966481860638899
GroupKFold,XRPUSDT,28,14,common_test,Persistence,4,21,7.116180209159611,0.2691130659438319,0.37716572898416534,0.14225398712015686,0.8061762288215606
GroupKFold,XRPUSDT,28,14,common_test,Persistence,5,21,8.741353423778062,0.32920974304102824,0.46983709454563133,0.2207468954110805,0.6834977052132216
GroupKFold,XRPUSDT,28,14,common_test,Persistence,6,21,10.980488560786396,0.40884158423300543,0.5748444123905645,0.3304460984566534,0.5609378791379147
GroupKFold,XRPUSDT,28,14,common_test,Persistence,7,21,12.838124754336274,0.46692163777163537,0.6164078851070418,0.379958680822136,0.47791141142563087
GroupKFold,XRPUSDT,28,21,common_test,SVR,1,21,1900.4324695796913,75.69180595032442,163.18367856183585,26628.912948972564,-34015.56054963567
GroupKFold,XRPUSDT,28,21,common_test,SVR,2,21,2022.109840885697,76.09244728550287,164.77823017605974,27151.86513995452,-35465.90577292234
GroupKFold,XRPUSDT,28,21,common_test,SVR,3,21,2092.9251355251276,77.89994646248759,167.72372111116107,28131.246623374533,-36543.68206349618
GroupKFold,XRPUSDT,28,21,common_test,SVR,4,21,2024.498900238812,77.62000927037917,168.58670764800033,28421.477995592337,-38723.80595512368
GroupKFold,XRPUSDT,28,21,common_test,SVR,5,21,1980.9606410268905,77.85884468148504,170.04298984853233,28914.618396628066,-41456.17681951787
GroupKFold,XRPUSDT,28,21,common_test,SVR,6,21,1985.608419838009,76.8522695369503,167.62216136432266,28097.188980447023,-37331.5980897793
GroupKFold,XRPUSDT,28,21,common_test,SVR,7,21,1984.0099224869593,75.73411906587843,166.1470820362661,27604.852869165745,-37929.91038499634
GroupKFold,XRPUSDT,28,21,common_test,Persistence,1,21,3.648822501332425,0.1328918652255602,0.2757475335970952,0.07603670228488114,0.902868468862223
GroupKFold,XRPUSDT,28,21,common_test,Persistence,2,21,6.796003349495586,0.2518449010882195,0.4196453860279788,0.17610225001457133,0.7699678502573442
GroupKFold,XRPUSDT,28,21,common_test,Persistence,3,21,6.716788996878013,0.25729339554448055,0.39564567308606635,0.15653549863172647,0.7966481860638899
GroupKFold,XRPUSDT,28,21,common_test,Persistence,4,21,7.116180209159611,0.2691130659438319,0.37716572898416534,0.14225398712015686,0.8061762288215606
GroupKFold,XRPUSDT,28,21,common_test,Persistence,5,21,8.741353423778062,0.32920974304102824,0.46983709454563133,0.2207468954110805,0.6834977052132216
GroupKFold,XRPUSDT,28,21,common_test,Persistence,6,21,10.980488560786396,0.40884158423300543,0.5748444123905645,0.3304460984566534,0.5609378791379147
GroupKFold,XRPUSDT,28,21,common_test,Persistence,7,21,12.838124754336274,0.46692163777163537,0.6164078851070418,0.379958680822136,0.47791141142563087
GroupKFold,XRPUSDT,28,28,common_test,SVR,1,21,2041.712630883839,80.9726224917788,165.21070592133452,27294.577351025673,-34865.89993380683
GroupKFold,XRPUSDT,28,28,common_test,SVR,2,21,2172.832667404743,81.57596524049073,166.60652817086282,27757.735229148508,-36257.318710977
GroupKFold,XRPUSDT,28,28,common_test,SVR,3,21,2203.875338003346,81.97901819745724,167.78209803484407,28150.832420974028,-36569.125541199675
GroupKFold,XRPUSDT,28,28,common_test,SVR,4,21,2120.1382727466325,81.27268586187132,169.22200035199768,28636.085403131503,-39016.21264188273
GroupKFold,XRPUSDT,28,28,common_test,SVR,5,21,2070.5640661503758,81.29952732591859,171.146709327265,29291.19611355134,-41996.10609621201
GroupKFold,XRPUSDT,28,28,common_test,SVR,6,21,2032.807691312772,78.51120961102778,167.6068080390628,28092.042101043244,-37324.75945619458
GroupKFold,XRPUSDT,28,28,common_test,SVR,7,21,2040.2619779064505,77.71934298493787,166.7139593433232,27793.54423992723,-38189.18492301681
GroupKFold,XRPUSDT,28,28,common_test,Persistence,1,21,3.648822501332425,0.1328918652255602,0.2757475335970952,0.07603670228488114,0.902868468862223
GroupKFold,XRPUSDT,28,28,common_test,Persistence,2,21,6.796003349495586,0.2518449010882195,0.4196453860279788,0.17610225001457133,0.7699678502573442
GroupKFold,XRPUSDT,28,28,common_test,Persistence,3,21,6.716788996878013,0.25729339554448055,0.39564567308606635,0.15653549863172647,0.7966481860638899
GroupKFold,XRPUSDT,28,28,common_test,Persistence,4,21,7.116180209159611,0.2691130659438319,0.37716572898416534,0.14225398712015686,0.8061762288215606
GroupKFold,XRPUSDT,28,28,common_test,Persistence,5,21,8.741353423778062,0.32920974304102824,0.46983709454563133,0.2207468954110805,0.6834977052132216
GroupKFold,XRPUSDT,28,28,common_test,Persistence,6,21,10.980488560786396,0.40884158423300543,0.5748444123905645,0.3304460984566534,0.5609378791379147
GroupKFold,XRPUSDT,28,28,common_test,Persistence,7,21,12.838124754336274,0.46692163777163537,0.6164078851070418,0.379958680822136,0.47791141142563087
KFold,BNBUSDT,7,7,common_test,SVR,1,21,101.06852623178368,1.985602535208899,2.3799379971313965,5.664104870189804,-8.129862424630259
KFold,BNBUSDT,7,7,common_test,SVR,2,21,98.78506301335104,1.9803442238919196,2.283852746713081,5.215983368668884,-7.059475663616341
KFold,BNBUSDT,7,7,common_test,SVR,3,21,112.91566902447582,2.009309904960439,2.461890326717849,6.060903980786918,-6.643746639796565
KFold,BNBUSDT,7,7,common_test,SVR,4,21,138.2869008163335,2.3640602681969836,2.91145058382985,8.476544502083176,-10.669207420584463
KFold,BNBUSDT,7,7,common_test,SVR,5,21,142.97670313018753,2.554029029626728,3.1611808679184086,9.993064479693382,-12.049731740983846
KFold,BNBUSDT,7,7,common_test,SVR,6,21,155.60861504047045,3.0348072513834263,3.4358086376357386,11.804780994452349,-13.102506974477988
KFold,BNBUSDT,7,7,common_test,SVR,7,21,206.0568417799513,3.5901938017678,3.8920169170400642,15.147795682526047,-13.379371723246374
KFold,BNBUSDT,7,7,common_test,Persistence,1,21,22.171442148901765,0.4377769123416929,0.6308484196345947,0.39796972855546564,0.3585201979572291
KFold,BNBUSDT,7,7,common_test,Persistence,2,21,24.477591967036762,0.5654279240032604,0.7521576317790248,0.5657411030434311,0.12584524726933732
KFold,BNBUSDT,7,7,common_test,Persistence,3,21,28.449194348552677,0.5957816509322401,0.7605301505001872,0.5784061098198375,0.2705395478317476
KFold,BNBUSDT,7,7,common_test,Persistence,4,21,34.33068332153956,0.7112028081439749,0.8265943893754506,0.6832582845469741,0.05939470473470465
KFold,BNBUSDT,7,7,common_test,Persistence,5,21,30.62718749890034,0.6368636511286573,0.749535895079767,0.5618040580130275,0.2663519520999744
KFold,BNBUSDT,7,7,common_test,Persistence,6,21,39.70163428486661,0.8052891181199141,0.9462115201394048,0.8953162408445233,-0.06958388612266364
KFold,BNBUSDT,7,7,common_test,Persistence,7,21,61.49605776153509,1.0211954819234894,1.1921035370819706,1.421110843123345,-0.34902011497153684
KFold,BNBUSDT,7,14,common_test,SVR,1,21,88.4785750361162,1.668158775313644,2.0437794347699403,4.177034377988537,-5.732881909495515
KFold,BNBUSDT,7,14,common_test,SVR,2,21,90.388198415693,1.7813481929326433,2.1789331654244517,4.74774973938662,-6.335984564554379
KFold,BNBUSDT,7,14,common_test,SVR,3,21,106.80790689406062,1.882012749916355,2.4176649507695185,5.845103814179377,-6.371588921475517
KFold,BNBUSDT,7,14,common_test,SVR,4,21,129.3339182217715,2.270785888638743,2.832216795164573,8.021451974812285,-10.042705773011338
KFold,BNBUSDT,7,14,common_test,SVR,5,21,133.7446146373953,2.4122199775432196,2.9825056960735186,8.895340227110983,-10.616236835503978
KFold,BNBUSDT,7,14,common_test,SVR,6,21,139.76891941547268,2.6265550389505954,3.078729578710105,9.4785758188245,-10.323520669795558
KFold,BNBUSDT,7,14,common_test,SVR,7,21,191.35696751917754,3.15628743185592,3.5525596192024254,12.620679847987683,-10.980452518490546
KFold,BNBUSDT,7,14,common_test,Persistence,1,21,22.171442148901765,0.4377769123416929,0.6308484196345947,0.39796972855546564,0.3585201979572291
KFold,BNBUSDT,7,14,common_test,Persistence,2,21,24.477591967036762,0.5654279240032604,0.7521576317790248,0.5657411030434311,0.12584524726933732
KFold,BNBUSDT,7,14,common_test,Persistence,3,21,28.449194348552677,0.5957816509322401,0.7605301505001872,0.5784061098198375,0.2705395478317476
KFold,BNBUSDT,7,14,common_test,Persistence,4,21,34.33068332153956,0.7112028081439749,0.8265943893754506,0.6832582845469741,0.05939470473470465
KFold,BNBUSDT,7,14,common_test,Persistence,5,21,30.62718749890034,0.6368636511286573,0.749535895079767,0.5618040580130275,0.2663519520999744
KFold,BNBUSDT,7,14,common_test,Persistence,6,21,39.70163428486661,0.8052891181199141,0.9462115201394048,0.8953162408445233,-0.06958388612266364
KFold,BNBUSDT,7,14,common_test,Persistence,7,21,61.49605776153509,1.0211954819234894,1.1921035370819706,1.421110843123345,-0.34902011497153684
KFold,BNBUSDT,7,21,common_test,SVR,1,21,101.22617179551504,2.0512109746373204,2.671379411973899,7.136267962718013,-10.502813987045519
KFold,BNBUSDT,7,21,common_test,SVR,2,21,104.07983035665818,2.2202300582080707,2.8328104741313314,8.024815182348178,-11.399541581295203
KFold,BNBUSDT,7,21,common_test,SVR,3,21,130.55509329948052,2.5299440183942403,3.0674396806608515,9.409186194492747,-10.866453516730394
KFold,BNBUSDT,7,21,common_test,SVR,4,21,133.21174293551127,2.484089973435416,3.1782669102643304,10.101380552881173,-12.906032685472232
KFold,BNBUSDT,7,21,common_test,SVR,5,21,148.70300507885963,2.6671859480071385,3.321224977206627,11.03053534922116,-13.404543026744527
KFold,BNBUSDT,7,21,common_test,SVR,6,21,158.08895618283324,2.752478797184099,3.4709181910356905,12.047273088862472,-13.39219862180983
KFold,BNBUSDT,7,21,common_test,SVR,7,21,210.0147824824462,3.2249979832924294,3.921437322571284,15.37767067485504,-13.597585517111447
KFold,BNBUSDT,7,21,common_test,Persistence,1,21,22.171442148901765,0.4377769123416929,0.6308484196345947,0.39796972855546564,0.3585201979572291
KFold,BNBUSDT,7,21,common_test,Persistence,2,21,24.477591967036762,0.5654279240032604,0.7521576317790248,0.5657411030434311,0.12584524726933732
KFold,BNBUSDT,7,21,common_test,Persistence,3,21,28.449194348552677,0.5957816509322401,0.7605301505001872,0.5784061098198375,0.2705395478317476
KFold,BNBUSDT,7,21,common_test,Persistence,4,21,34.33068332153956,0.7112028081439749,0.8265943893754506,0.6832582845469741,0.05939470473470465
KFold,BNBUSDT,7,21,common_test,Persistence,5,21,30.62718749890034,0.6368636511286573,0.749535895079767,0.5618040580130275,0.2663519520999744
KFold,BNBUSDT,7,21,common_test,Persistence,6,21,39.70163428486661,0.8052891181199141,0.9462115201394048,0.8953162408445233,-0.06958388612266364
KFold,BNBUSDT,7,21,common_test,Persistence,7,21,61.49605776153509,1.0211954819234894,1.1921035370819706,1.421110843123345,-0.34902011497153684
KFold,BNBUSDT,7,28,common_test,SVR,1,21,114.52765407349162,2.449313300781126,3.066978935115707,9.406359788443476,-14.161931629663723
KFold,BNBUSDT,7,28,common_test,SVR,2,21,125.70167477075228,2.657917078020481,3.2405714997871913,10.501303645233007,-15.226087236662295
KFold,BNBUSDT,7,28,common_test,SVR,3,21,138.2570724330072,2.7003545338755006,3.228298334945633,10.421910139412748,-12.143656599894687
KFold,BNBUSDT,7,28,common_test,SVR,4,21,140.6007607409794,2.5921731437656126,3.1635116639497323,10.007806047946005,-12.77721364758496
KFold,BNBUSDT,7,28,common_test,SVR,5,21,139.98332682231458,2.45989196674148,3.150041007907343,9.92275835149791,-11.957920453809376
KFold,BNBUSDT,7,28,common_test,SVR,6,21,156.15330045478785,2.7399848393889954,3.3452178120806964,11.190482210261962,-12.368638816099656
KFold,BNBUSDT,7,28,common_test,SVR,7,21,200.81140758766693,3.2869553744436493,3.873798409989455,15.006314121236832,-13.24506730005497
KFold,BNBUSDT,7,28,common_test,Persistence,1,21,22.171442148901765,0.4377769123416929,0.6308484196345947,0.39796972855546564,0.3585201979572291
KFold,BNBUSDT,7,28,common_test,Persistence,2,21,24.477591967036762,0.5654279240032604,0.7521576317790248,0.5657411030434311,0.12584524726933732
KFold,BNBUSDT,7,28,common_test,Persistence,3,21,28.449194348552677,0.5957816509322401,0.7605301505001872,0.5784061098198375,0.2705395478317476
KFold,BNBUSDT,7,28,common_test,Persistence,4,21,34.33068332153956,0.7112028081439749,0.8265943893754506,0.6832582845469741,0.05939470473470465
KFold,BNBUSDT,7,28,common_test,Persistence,5,21,30.62718749890034,0.6368636511286573,0.749535895079767,0.5618040580130275,0.2663519520999744
KFold,BNBUSDT,7,28,common_test,Persistence,6,21,39.70163428486661,0.8052891181199141,0.9462115201394048,0.8953162408445233,-0.06958388612266364
KFold,BNBUSDT,7,28,common_test,Persistence,7,21,61.49605776153509,1.0211954819234894,1.1921035370819706,1.421110843123345,-0.34902011497153684
KFold,BNBUSDT,14,7,common_test,SVR,1,21,85.42226361177389,2.0659529669182866,2.2326846994868057,4.984880967322487,-6.741067933405175
KFold,BNBUSDT,14,7,common_test,SVR,2,21,85.58456132706009,2.0674548046155823,2.278383456223652,5.191031173593633,-7.023528505547837
KFold,BNBUSDT,14,7,common_test,SVR,3,21,92.201689782606,2.071395847625727,2.360506935467679,5.571992992391012,-7.340136120988609
KFold,BNBUSDT,14,7,common_test,SVR,4,21,94.63474293036647,2.092955920281874,2.419961473239991,5.856213531965868,-8.174848255519352
KFold,BNBUSDT,14,7,common_test,SVR,5,21,95.76813684134706,2.117353415716916,2.528188302373144,6.391736092256399,-9.610660184877789
KFold,BNBUSDT,14,7,common_test,SVR,6,21,95.38584990874695,2.1638090678222426,2.597915146320866,6.749163107483367,-12.040475521116246
KFold,BNBUSDT,14,7,common_test,SVR,7,21,102.47720304638348,2.3316716088960243,2.6900702243873997,7.236477812135676,-12.767623526260405
KFold,BNBUSDT,14,7,common_test,Persistence,1,21,6.7849370905489055,0.16191857506865806,0.2433263707722938,0.05920772271321579,0.9080557777187201
KFold,BNBUSDT,14,7,common_test,Persistence,2,21,11.228180963154196,0.28404206773273205,0.410244374704684,0.16830044697683716,0.7398660519157951
KFold,BNBUSDT,14,7,common_test,Persistence,3,21,16.040912694820925,0.3679902269735342,0.49089165759316916,0.24097461949456922,0.6393101838009081
KFold,BNBUSDT,14,7,common_test,Persistence,4,21,17.812634798820017,0.4077785500109557,0.5373380924438445,0.2887322255911895,0.5476472396681411
KFold,BNBUSDT,14,7,common_test,Persistence,5,21,19.529573845596232,0.45738696869549295,0.5963730916362805,0.3556608644278154,0.4095819165507474
KFold,BNBUSDT,14,7,common_test,Persistence,6,21,20.55109175053763,0.4954728446032225,0.6106913226716093,0.3729438915863997,0.2794120379769973
KFold,BNBUSDT,14,7,common_test,Persistence,7,21,20.36147732503438,0.4868263187165721,0.5904662026588258,0.34865033648233357,0.33668191907629863
KFold,BNBUSDT,14,14,common_test,SVR,1,21,77.0304477875982,1.8546559135659901,2.137634616971288,4.569481755673985,-6.095990641102002
KFold,BNBUSDT,14,14,common_test,SVR,2,21,72.32097507967622,1.728663879062797,1.9976971560092212,3.99079392712733,-5.168379222409183
KFold,BNBUSDT,14,14,common_test,SVR,3,21,79.47247051240618,1.7448777779700742,2.1257559863252418,4.5188385133976015,-5.763778842142716
KFold,BNBUSDT,14,14,common_test,SVR,4,21,80.31080892479413,1.712963147527231,2.1005051951569045,4.412122074881146,-5.912410263201728
KFold,BNBUSDT,14,14,common_test,SVR,5,21,78.56515011957408,1.7236324926271767,1.9845658797868828,3.9385017312142843,-5.538145959764585
KFold,BNBUSDT,14,14,common_test,SVR,6,21,80.63696060744257,1.848534509510632,2.119474888579984,4.492173803321137,-7.679606876570558
KFold,BNBUSDT,14,14,common_test,SVR,7,21,96.68914746415855,2.191294378750883,2.493785276936785,6.218965007466678,-10.831773850284165
KFold,BNBUSDT,14,14,common_test,Persistence,1,21,6.7849370905489055,0.16191857506865806,0.2433263707722938,0.05920772271321579,0.9080557777187201
KFold,BNBUSDT,14,14,common_test,Persistence,2,21,11.228180963154196,0.28404206773273205,0.410244374704684,0.16830044697683716,0.7398660519157951
KFold,BNBUSDT,14,14,common_test,Persistence,3,21,16.040912694820925,0.3679902269735342,0.49089165759316916,0.24097461949456922,0.6393101838009081
KFold,BNBUSDT,14,14,common_test,Persistence,4,21,17.812634798820017,0.4077785500109557,0.5373380924438445,0.2887322255911895,0.5476472396681411
KFold,BNBUSDT,14,14,common_test,Persistence,5,21,19.529573845596232,0.45738696869549295,0.5963730916362805,0.3556608644278154,0.4095819165507474
KFold,BNBUSDT,14,14,common_test,Persistence,6,21,20.55109175053763,0.4954728446032225,0.6106913226716093,0.3729438915863997,0.2794120379769973
KFold,BNBUSDT,14,14,common_test,Persistence,7,21,20.36147732503438,0.4868263187165721,0.5904662026588258,0.34865033648233357,0.33668191907629863
KFold,BNBUSDT,14,21,common_test,SVR,1,21,103.65015005487099,2.487443336489695,3.1523268727537213,9.937164712685256,-14.43151533819901
KFold,BNBUSDT,14,21,common_test,SVR,2,21,100.06989127890544,2.3941123319521256,2.845061290160972,8.094373744772414,-11.511086199233743
KFold,BNBUSDT,14,21,common_test,SVR,3,21,109.06645685086256,2.4602804572934196,2.7413061295245953,7.5147592957691165,-10.24806070803845
KFold,BNBUSDT,14,21,common_test,SVR,4,21,106.89948258857129,2.3670990550707005,2.6285897670164378,6.909484163263531,-9.82499269806791
KFold,BNBUSDT,14,21,common_test,SVR,5,21,107.95143712804463,2.382758652549905,2.753138673116457,7.579772553409446,-11.582871020023463
KFold,BNBUSDT,14,21,common_test,SVR,6,21,108.49777877609276,2.453379436458063,2.883284857315135,8.31333156842276,-15.062702158840526
KFold,BNBUSDT,14,21,common_test,SVR,7,21,122.38182259535668,2.7429556198752856,3.1671500016508807,10.030839132957173,-18.083982625281827
KFold,BNBUSDT,14,21,common_test,Persistence,1,21,6.7849370905489055,0.16191857506865806,0.2433263707722938,0.05920772271321579,0.9080557777187201
KFold,BNBUSDT,14,21,common_test,Persistence,2,21,11.228180963154196,0.28404206773273205,0.410244374704684,0.16830044697683716,0.7398660519157951
KFold,BNBUSDT,14,21,common_test,Persistence,3,21,16.040912694820925,0.3679902269735342,0.49089165759316916,0.24097461949456922,0.6393101838009081
KFold,BNBUSDT,14,21,common_test,Persistence,4,21,17.812634798820017,0.4077785500109557,0.5373380924438445,0.2887322255911895,0.5476472396681411
KFold,BNBUSDT,14,21,common_test,Persistence,5,21,19.529573845596232,0.45738696869549295,0.5963730916362805,0.3556608644278154,0.4095819165507474
KFold,BNBUSDT,14,21,common_test,Persistence,6,21,20.55109175053763,0.4954728446032225,0.6106913226716093,0.3729438915863997,0.2794120379769973
KFold,BNBUSDT,14,21,common_test,Persistence,7,21,20.36147732503438,0.4868263187165721,0.5904662026588258,0.34865033648233357,0.33668191907629863
KFold,BNBUSDT,14,28,common_test,SVR,1,21,133.4401663479823,3.5041512207829393,5.044288000929212,25.44484143631843,-38.513530494402524
KFold,BNBUSDT,14,28,common_test,SVR,2,21,126.94890633802909,3.2312462305439715,4.370778648194858,19.10370599151607,-28.52768428058244
KFold,BNBUSDT,14,28,common_test,SVR,3,21,128.8366654031842,3.0565962875847013,3.8646506746827507,14.93552483732584,-21.35543195258967
KFold,BNBUSDT,14,28,common_test,SVR,4,21,117.90168242928844,2.704306369145899,3.2631463811130734,10.648124304571349,-15.682268186958431
KFold,BNBUSDT,14,28,common_test,SVR,5,21,105.29419104898787,2.3087914668358227,2.860268820662994,8.181137726456875,-12.581172796900164
KFold,BNBUSDT,14,28,common_test,SVR,6,21,99.56105111048399,2.1909105676027827,2.7516721472707877,7.5716996060658275,-13.62974916944401
KFold,BNBUSDT,14,28,common_test,SVR,7,21,108.45564738960023,2.379525655773185,2.9098994949419934,8.467515070663667,-15.109710099619377
KFold,BNBUSDT,14,28,common_test,Persistence,1,21,6.7849370905489055,0.16191857506865806,0.2433263707722938,0.05920772271321579,0.9080557777187201
KFold,BNBUSDT,14,28,common_test,Persistence,2,21,11.228180963154196,0.28404206773273205,0.410244374704684,0.16830044697683716,0.7398660519157951
KFold,BNBUSDT,14,28,common_test,Persistence,3,21,16.040912694820925,0.3679902269735342,0.49089165759316916,0.24097461949456922,0.6393101838009081
KFold,BNBUSDT,14,28,common_test,Persistence,4,21,17.812634798820017,0.4077785500109557,0.5373380924438445,0.2887322255911895,0.5476472396681411
KFold,BNBUSDT,14,28,common_test,Persistence,5,21,19.529573845596232,0.45738696869549295,0.5963730916362805,0.3556608644278154,0.4095819165507474
KFold,BNBUSDT,14,28,common_test,Persistence,6,21,20.55109175053763,0.4954728446032225,0.6106913226716093,0.3729438915863997,0.2794120379769973
KFold,BNBUSDT,14,28,common_test,Persistence,7,21,20.36147732503438,0.4868263187165721,0.5904662026588258,0.34865033648233357,0.33668191907629863
KFold,BNBUSDT,21,7,common_test,SVR,1,21,86.89860776991178,1.8797516707012587,2.2109141781741526,4.888141503251489,-2.1203489333812575
KFold,BNBUSDT,21,7,common_test,SVR,2,21,83.72250832672269,1.8691684183227062,2.1873877554350365,4.784665192627127,-2.57534663930038
KFold,BNBUSDT,21,7,common_test,SVR,3,21,84.03501102447896,1.9034114478224637,2.197486023510977,4.828944823526087,-3.0351152054901434
KFold,BNBUSDT,21,7,common_test,SVR,4,21,89.9624328842289,2.0812369677510922,2.3373471383325954,5.463191645071572,-4.782265471254182
KFold,BNBUSDT,21,7,common_test,SVR,5,21,96.27175471748211,2.2248227794524915,2.4868733515818495,6.184539066807942,-7.36037183623424
KFold,BNBUSDT,21,7,common_test,SVR,6,21,102.45538654155469,2.3763132625646173,2.6407577825876167,6.973601666297067,-9.897387976766955
KFold,BNBUSDT,21,7,common_test,SVR,7,21,109.95875464749993,2.541431490502321,2.8278131163970683,7.9965270212673,-13.950816124860973
KFold,BNBUSDT,21,7,common_test,Persistence,1,21,5.399618167436344,0.12455354715085461,0.18894647586203325,0.03570077074068191,0.9772103852092916
KFold,BNBUSDT,21,7,common_test,Persistence,2,21,8.733245094845813,0.23617974363288585,0.34636037040750495,0.11996550618882404,0.9103556357412181
KFold,BNBUSDT,21,7,common_test,Persistence,3,21,10.078645059788785,0.28991738800647016,0.41429298877688836,0.17163868054968695,0.856576980055327
KFold,BNBUSDT,21,7,common_test,Persistence,4,21,14.4188077919067,0.4134268693577981,0.6637493323510765,0.44056317619649976,0.5337060445380515
KFold,BNBUSDT,21,7,common_test,Persistence,5,21,17.16873158093545,0.507682598087125,0.7964753063254515,0.6343729135862217,0.14244321474494703
KFold,BNBUSDT,21,7,common_test,Persistence,6,21,19.283033846788545,0.5599369272736698,0.8929933261683436,0.7974370805812017,-0.24612526926391642
KFold,BNBUSDT,21,7,common_test,Persistence,7,21,20.91755488225447,0.601035304995721,0.9757146818870979,0.9520191404500405,-0.7799556080235706
KFold,BNBUSDT,21,14,common_test,SVR,1,21,92.71820661165592,2.2014484391103792,2.4248390279839174,5.879844311633989,-2.7534031930235288
KFold,BNBUSDT,21,14,common_test,SVR,2,21,88.93619547451591,2.1857740591007206,2.37271429212785,5.629773112067765,-3.206854516648673
KFold,BNBUSDT,21,14,common_test,SVR,3,21,90.39395475476269,2.210429277049254,2.4033120685302083,5.775908898742948,-3.8264079782599723
KFold,BNBUSDT,21,14,common_test,SVR,4,21,93.32787456121667,2.2181611073982914,2.420102852003621,5.856897814276059,-5.198965769524798
KFold,BNBUSDT,21,14,common_test,SVR,5,21,99.649487644728,2.34525673964255,2.531504023100182,6.408512618972408,-7.663143337448735
KFold,BNBUSDT,21,14,common_test,SVR,6,21,101.86456327723101,2.365911417346784,2.528947715319917,6.395576546821828,-8.994129619226804
KFold,BNBUSDT,21,14,common_test,SVR,7,21,105.77740809762298,2.4507865882558995,2.61577310626391,6.842268943453545,-11.792741721293963
KFold,BNBUSDT,21,14,common_test,Persistence,1,21,5.399618167436344,0.12455354715085461,0.18894647586203325,0.03570077074068191,0.9772103852092916
KFold,BNBUSDT,21,14,common_test,Persistence,2,21,8.733245094845813,0.23617974363288585,0.34636037040750495,0.11996550618882404,0.9103556357412181
KFold,BNBUSDT,21,14,common_test,Persistence,3,21,10.078645059788785,0.28991738800647016,0.41429298877688836,0.17163868054968695,0.856576980055327
KFold,BNBUSDT,21,14,common_test,Persistence,4,21,14.4188077919067,0.4134268693577981,0.6637493323510765,0.44056317619649976,0.5337060445380515
KFold,BNBUSDT,21,14,common_test,Persistence,5,21,17.16873158093545,0.507682598087125,0.7964753063254515,0.6343729135862217,0.14244321474494703
KFold,BNBUSDT,21,14,common_test,Persistence,6,21,19.283033846788545,0.5599369272736698,0.8929933261683436,0.7974370805812017,-0.24612526926391642
KFold,BNBUSDT,21,14,common_test,Persistence,7,21,20.91755488225447,0.601035304995721,0.9757146818870979,0.9520191404500405,-0.7799556080235706
KFold,BNBUSDT,21,21,common_test,SVR,1,21,111.73098126081736,2.8930548814406665,3.4135043415879323,11.652011890039663,-6.438070859578469
KFold,BNBUSDT,21,21,common_test,SVR,2,21,108.51300297616565,2.864125607179011,3.358243443872697,11.277799028313954,-7.427348462484094
KFold,BNBUSDT,21,21,common_test,SVR,3,21,112.80079856470641,2.911226727019394,3.393385921226453,11.515068010377906,-8.6221074621848
KFold,BNBUSDT,21,21,common_test,SVR,4,21,116.863207655992,2.910188066276878,3.31136464298872,10.965135798835812,-10.605546763935795
KFold,BNBUSDT,21,21,common_test,SVR,5,21,125.00706079669564,2.9932003763014468,3.380109551465896,11.42514057991098,-14.444711804303486
KFold,BNBUSDT,21,21,common_test,SVR,6,21,130.47272567846335,3.017207229786808,3.3817144813249387,11.4359928332028,-16.870600697660855
KFold,BNBUSDT,21,21,common_test,SVR,7,21,131.92174044401875,2.9628495694114534,3.370254559799031,11.358615797846161,-20.236791393925106
KFold,BNBUSDT,21,21,common_test,Persistence,1,21,5.399618167436344,0.12455354715085461,0.18894647586203325,0.03570077074068191,0.9772103852092916
KFold,BNBUSDT,21,21,common_test,Persistence,2,21,8.733245094845813,0.23617974363288585,0.34636037040750495,0.11996550618882404,0.9103556357412181
KFold,BNBUSDT,21,21,common_test,Persistence,3,21,10.078645059788785,0.28991738800647016,0.41429298877688836,0.17163868054968695,0.856576980055327
KFold,BNBUSDT,21,21,common_test,Persistence,4,21,14.4188077919067,0.4134268693577981,0.6637493323510765,0.44056317619649976,0.5337060445380515
KFold,BNBUSDT,21,21,common_test,Persistence,5,21,17.16873158093545,0.507682598087125,0.7964753063254515,0.6343729135862217,0.14244321474494703
KFold,BNBUSDT,21,21,common_test,Persistence,6,21,19.283033846788545,0.5599369272736698,0.8929933261683436,0.7974370805812017,-0.24612526926391642
KFold,BNBUSDT,21,21,common_test,Persistence,7,21,20.91755488225447,0.601035304995721,0.9757146818870979,0.9520191404500405,-0.7799556080235706
KFold,BNBUSDT,21,28,common_test,SVR,1,21,121.03394635280232,3.6072713315862472,5.0510017535544875,25.51261871441051,-15.286000014590368
KFold,BNBUSDT,21,28,common_test,SVR,2,21,121.23679841645385,3.6979385519500156,5.227053267812204,27.322085864546246,-19.416460492368365
KFold,BNBUSDT,21,28,common_test,SVR,3,21,126.62753293795558,3.7685785283744027,5.1839374217864576,26.873207192998024,-21.455524121224748
KFold,BNBUSDT,21,28,common_test,SVR,4,21,133.7032736143909,3.719238333708098,5.033936863557565,25.34052034628377,-25.820515431508554
KFold,BNBUSDT,21,28,common_test,SVR,5,21,143.7149126160132,3.784075462352812,4.928084832816157,24.286020119432642,-31.83028151773304
KFold,BNBUSDT,21,28,common_test,SVR,6,21,147.2691996579878,3.698488218298413,4.617040901455908,21.317066685716785,-32.311387331393036
KFold,BNBUSDT,21,28,common_test,SVR,7,21,144.53270603051055,3.5130887746359356,4.256633518314068,18.118928909234803,-32.87630327277577
KFold,BNBUSDT,21,28,common_test,Persistence,1,21,5.399618167436344,0.12455354715085461,0.18894647586203325,0.03570077074068191,0.9772103852092916
KFold,BNBUSDT,21,28,common_test,Persistence,2,21,8.733245094845813,0.23617974363288585,0.34636037040750495,0.11996550618882404,0.9103556357412181
KFold,BNBUSDT,21,28,common_test,Persistence,3,21,10.078645059788785,0.28991738800647016,0.41429298877688836,0.17163868054968695,0.856576980055327
KFold,BNBUSDT,21,28,common_test,Persistence,4,21,14.4188077919067,0.4134268693577981,0.6637493323510765,0.44056317619649976,0.5337060445380515
KFold,BNBUSDT,21,28,common_test,Persistence,5,21,17.16873158093545,0.507682598087125,0.7964753063254515,0.6343729135862217,0.14244321474494703
KFold,BNBUSDT,21,28,common_test,Persistence,6,21,19.283033846788545,0.5599369272736698,0.8929933261683436,0.7974370805812017,-0.24612526926391642
KFold,BNBUSDT,21,28,common_test,Persistence,7,21,20.91755488225447,0.601035304995721,0.9757146818870979,0.9520191404500405,-0.7799556080235706
KFold,BNBUSDT,28,7,common_test,SVR,1,21,81.26221277494292,1.7056438749149563,2.0351018929644584,4.141639714747522,-1.7048891317729025
KFold,BNBUSDT,28,7,common_test,SVR,2,21,81.59817656350579,1.7657224510650527,2.0949529430706226,4.388827833680263,-2.083492506922434
KFold,BNBUSDT,28,7,common_test,SVR,3,21,85.71782786924638,1.8709325248220554,2.193083475655059,4.809615131191275,-2.5514441728103887
KFold,BNBUSDT,28,7,common_test,SVR,4,21,91.19937452804908,2.040979693156566,2.3211594020204167,5.387780969587779,-3.2710152157702748
KFold,BNBUSDT,28,7,common_test,SVR,5,21,95.71686431491833,2.1773015074043354,2.441284036217211,5.959867745488998,-3.8331213771200954
KFold,BNBUSDT,28,7,common_test,SVR,6,21,102.06700551489467,2.3440978966152617,2.585022059394206,6.682339047554662,-4.400593937369583
KFold,BNBUSDT,28,7,common_test,SVR,7,21,108.44084617132809,2.4391066414499614,2.6740682234409867,7.150640863616836,-4.54123219784454
KFold,BNBUSDT,28,7,common_test,Persistence,1,21,3.5196299629209142,0.0804720342693898,0.12959323536206305,0.016794406651607065,0.9890316369468957
KFold,BNBUSDT,28,7,common_test,Persistence,2,21,5.656820188431065,0.1439628862526418,0.2249313974871732,0.050594133575532704,0.9644536906694815
KFold,BNBUSDT,28,7,common_test,Persistence,3,21,7.102695975285351,0.1866260925478101,0.2572099568560449,0.06615696190588849,0.9511493642541597
KFold,BNBUSDT,28,7,common_test,Persistence,4,21,7.944608943997769,0.21482090048627903,0.2750773386740008,0.07566754225197095,0.9400166365109615
KFold,BNBUSDT,28,7,common_test,Persistence,5,21,8.770550989258549,0.2419719423671006,0.3105980839389869,0.09647116974656995,0.9217672450649871
KFold,BNBUSDT,28,7,common_test,Persistence,6,21,9.244815791169074,0.2544182924808093,0.32286565974192794,0.1042422342405904,0.9157525569637767
KFold,BNBUSDT,28,7,common_test,Persistence,7,21,11.220627043346033,0.28767448175155186,0.3587704841137093,0.12871626027118535,0.9002541591160172
KFold,BNBUSDT,28,14,common_test,SVR,1,21,102.60952579866208,2.5081473312263207,2.9070477302184212,8.450926505768074,-4.519267930879667
KFold,BNBUSDT,28,14,common_test,SVR,2,21,101.84267835860118,2.511986129058274,2.8401309326183948,8.066343714415833,-4.667233107388764
KFold,BNBUSDT,28,14,common_test,SVR,3,21,105.70042627304491,2.5562815989180625,2.8114420921674914,7.9042066376111215,-4.836506214766572
KFold,BNBUSDT,28,14,common_test,SVR,4,21,107.47189998189498,2.5637233638021364,2.785532640053843,7.759192088805333,-5.150886173813306
KFold,BNBUSDT,28,14,common_test,SVR,5,21,108.91361464575915,2.5675058732550844,2.7757578143318713,7.704831443824448,-5.248189917710947
KFold,BNBUSDT,28,14,common_test,SVR,6,21,112.14893231278529,2.605018815654105,2.809870535186089,7.8953724245069585,-5.38095435529732
KFold,BNBUSDT,28,14,common_test,SVR,7,21,116.65212131956481,2.6286905827228977,2.8368425028071833,8.047675385733324,-5.236369413002592
KFold,BNBUSDT,28,14,common_test,Persistence,1,21,3.5196299629209142,0.0804720342693898,0.12959323536206305,0.016794406651607065,0.9890316369468957
KFold,BNBUSDT,28,14,common_test,Persistence,2,21,5.656820188431065,0.1439628862526418,0.2249313974871732,0.050594133575532704,0.9644536906694815
KFold,BNBUSDT,28,14,common_test,Persistence,3,21,7.102695975285351,0.1866260925478101,0.2572099568560449,0.06615696190588849,0.9511493642541597
KFold,BNBUSDT,28,14,common_test,Persistence,4,21,7.944608943997769,0.21482090048627903,0.2750773386740008,0.07566754225197095,0.9400166365109615
KFold,BNBUSDT,28,14,common_test,Persistence,5,21,8.770550989258549,0.2419719423671006,0.3105980839389869,0.09647116974656995,0.9217672450649871
KFold,BNBUSDT,28,14,common_test,Persistence,6,21,9.244815791169074,0.2544182924808093,0.32286565974192794,0.1042422342405904,0.9157525569637767
KFold,BNBUSDT,28,14,common_test,Persistence,7,21,11.220627043346033,0.28767448175155186,0.3587704841137093,0.12871626027118535,0.9002541591160172
KFold,BNBUSDT,28,21,common_test,SVR,1,21,112.90850453268145,2.9196111168019745,3.4336501498465557,11.789953351541273,-6.699973653221925
KFold,BNBUSDT,28,21,common_test,SVR,2,21,113.34174714000392,2.9451228147993596,3.398848291918805,11.55216971147938,-7.116296672811805
KFold,BNBUSDT,28,21,common_test,SVR,3,21,119.40233784702916,3.047761613888343,3.459774834513742,11.970041905534591,-7.838739569412827
KFold,BNBUSDT,28,21,common_test,SVR,4,21,121.73652099124213,3.0558772536498733,3.4443197167066626,11.863338310894266,-8.40433523962213
KFold,BNBUSDT,28,21,common_test,SVR,5,21,125.12148532714689,3.072391091138525,3.4323348960092632,11.78092283836292,-8.553673410855605
KFold,BNBUSDT,28,21,common_test,SVR,6,21,129.2444004410348,3.129693198619766,3.436409762693042,11.808912057132048,-8.543834637665656
KFold,BNBUSDT,28,21,common_test,SVR,7,21,134.33878932471302,3.1345412792176757,3.3830000771508755,11.444689522002829,-7.868810961592478
KFold,BNBUSDT,28,21,common_test,Persistence,1,21,3.5196299629209142,0.0804720342693898,0.12959323536206305,0.016794406651607065,0.9890316369468957
KFold,BNBUSDT,28,21,common_test,Persistence,2,21,5.656820188431065,0.1439628862526418,0.2249313974871732,0.050594133575532704,0.9644536906694815
KFold,BNBUSDT,28,21,common_test,Persistence,3,21,7.102695975285351,0.1866260925478101,0.2572099568560449,0.06615696190588849,0.9511493642541597
KFold,BNBUSDT,28,21,common_test,Persistence,4,21,7.944608943997769,0.21482090048627903,0.2750773386740008,0.07566754225197095,0.9400166365109615
KFold,BNBUSDT,28,21,common_test,Persistence,5,21,8.770550989258549,0.2419719423671006,0.3105980839389869,0.09647116974656995,0.9217672450649871
KFold,BNBUSDT,28,21,common_test,Persistence,6,21,9.244815791169074,0.2544182924808093,0.32286565974192794,0.1042422342405904,0.9157525569637767
KFold,BNBUSDT,28,21,common_test,Persistence,7,21,11.220627043346033,0.28767448175155186,0.3587704841137093,0.12871626027118535,0.9002541591160172
KFold,BNBUSDT,28,28,common_test,SVR,1,21,116.59994472498217,3.1436379565732384,3.8416429633564566,14.758220657906179,-8.638537731742383
KFold,BNBUSDT,28,28,common_test,SVR,2,21,118.31881000175215,3.262488461645807,4.011299316303393,16.09052220497607,-10.304841869339851
KFold,BNBUSDT,28,28,common_test,SVR,3,21,126.07898004536484,3.45098873759653,4.225204933674605,17.852356731548223,-12.182270629934076
KFold,BNBUSDT,28,28,common_test,SVR,4,21,125.9557504626602,3.424832050475722,4.193017821353402,17.581398450187233,-12.937170185486362
KFold,BNBUSDT,28,28,common_test,SVR,5,21,128.1228491928861,3.432277275340191,4.113624524925243,16.921906732066436,-12.72272551354617
KFold,BNBUSDT,28,28,common_test,SVR,6,21,130.45635308173846,3.4583096894351812,4.060458914430101,16.487326595774874,-12.324878522761859
KFold,BNBUSDT,28,28,common_test,SVR,7,21,136.01199914817167,3.5115395687693325,4.06325216156872,16.510018128492874,-11.794076193378794
KFold,BNBUSDT,28,28,common_test,Persistence,1,21,3.5196299629209142,0.0804720342693898,0.12959323536206305,0.016794406651607065,0.9890316369468957
KFold,BNBUSDT,28,28,common_test,Persistence,2,21,5.656820188431065,0.1439628862526418,0.2249313974871732,0.050594133575532704,0.9644536906694815
KFold,BNBUSDT,28,28,common_test,Persistence,3,21,7.102695975285351,0.1866260925478101,0.2572099568560449,0.06615696190588849,0.9511493642541597
KFold,BNBUSDT,28,28,common_test,Persistence,4,21,7.944608943997769,0.21482090048627903,0.2750773386740008,0.07566754225197095,0.9400166365109615
KFold,BNBUSDT,28,28,common_test,Persistence,5,21,8.770550989258549,0.2419719423671006,0.3105980839389869,0.09647116974656995,0.9217672450649871
KFold,BNBUSDT,28,28,common_test,Persistence,6,21,9.244815791169074,0.2544182924808093,0.32286565974192794,0.1042422342405904,0.9157525569637767
KFold,BNBUSDT,28,28,common_test,Persistence,7,21,11.220627043346033,0.28767448175155186,0.3587704841137093,0.12871626027118535,0.9002541591160172
KFold,BTCUSDT,7,7,common_test,SVR,1,21,62.024498884484196,0.9083460215805307,1.1660742678974292,1.3597291982525257,-1.4391990425164924
KFold,BTCUSDT,7,7,common_test,SVR,2,21,66.54726155369012,1.0025249126144848,1.2060705489362642,1.4546061690114218,-1.3384015318826457
KFold,BTCUSDT,7,7,common_test,SVR,3,21,75.09767787256469,1.1991711535781668,1.4121107749238853,1.9940568406561359,-1.994782385561463
KFold,BTCUSDT,7,7,common_test,SVR,4,21,78.68087321877803,1.184179549707091,1.3503572688475216,1.823464753529338,-2.6834687016862815
KFold,BTCUSDT,7,7,common_test,SVR,5,21,93.23939007415323,1.3765247702428671,1.5619802315017062,2.4397822436021235,-3.715715028392185
KFold,BTCUSDT,7,7,common_test,SVR,6,21,101.59756401890735,1.4663766335235227,1.6211791293265627,2.628221769364032,-4.486399759687986
KFold,BTCUSDT,7,7,common_test,SVR,7,21,104.21466669780024,1.4289192845211576,1.616364950360708,2.6126356527545744,-6.807418656697806
KFold,BTCUSDT,7,7,common_test,Persistence,1,21,12.967995960946675,0.1963512475221888,0.3114424929374681,0.09699642640710487,0.8259994778932503
KFold,BTCUSDT,7,7,common_test,Persistence,2,21,11.883788587242666,0.2096519010932256,0.3137889951199922,0.09846353345841449,0.8417116038836718
KFold,BTCUSDT,7,7,common_test,Persistence,3,21,21.404653062002392,0.2821793284280866,0.3924045606463666,0.153981339216068,0.7687424987154786
KFold,BTCUSDT,7,7,common_test,Persistence,4,21,22.296216505731188,0.26872143482918837,0.359422465828526,0.12918450894225794,0.7390423398584969
KFold,BTCUSDT,7,7,common_test,Persistence,5,21,28.547197934156365,0.32815968831158654,0.4808659721601427,0.23123208318151914,0.5530647816767427
KFold,BTCUSDT,7,7,common_test,Persistence,6,21,34.055760129294434,0.40257968988140547,0.5746690135057274,0.33024447508364585,0.31061631485701235
KFold,BTCUSDT,7,7,common_test,Persistence,7,21,46.253071603636585,0.5517978772896578,0.7771929683444033,0.6040289100439846,-0.8050379801294278
KFold,BTCUSDT,7,14,common_test,SVR,1,21,96.35954623290452,1.397680758062186,1.564994380746015,2.4492074117666025,-3.3935986528663893
KFold,BTCUSDT,7,14,common_test,SVR,2,21,95.20736219023468,1.454509349803867,1.6554403245895746,2.740482668277236,-3.405555954676423
KFold,BTCUSDT,7,14,common_test,SVR,3,21,103.06550397800939,1.5896292488763666,1.8404063409753602,3.3870954999023133,-4.086923168140099
KFold,BTCUSDT,7,14,common_test,SVR,4,21,98.31481130489307,1.4327142420302177,1.6830098597197145,2.8325221879137734,-4.721803399719219
KFold,BTCUSDT,7,14,common_test,SVR,5,21,95.38690426770306,1.3818246205761855,1.5878127623605858,2.5211493683151542,-3.872984872384408
KFold,BTCUSDT,7,14,common_test,SVR,6,21,79.18180735980738,1.2101795085116724,1.4378074641933016,2.0672903040899726,-3.3154581397098086
KFold,BTCUSDT,7,14,common_test,SVR,7,21,75.56305882595316,1.0779382963723672,1.290658594854295,1.6657996084712632,-3.977959681360958
KFold,BTCUSDT,7,14,common_test,Persistence,1,21,12.967995960946675,0.1963512475221888,0.3114424929374681,0.09699642640710487,0.8259994778932503
KFold,BTCUSDT,7,14,common_test,Persistence,2,21,11.883788587242666,0.2096519010932256,0.3137889951199922,0.09846353345841449,0.8417116038836718
KFold,BTCUSDT,7,14,common_test,Persistence,3,21,21.404653062002392,0.2821793284280866,0.3924045606463666,0.153981339216068,0.7687424987154786
KFold,BTCUSDT,7,14,common_test,Persistence,4,21,22.296216505731188,0.26872143482918837,0.359422465828526,0.12918450894225794,0.7390423398584969
KFold,BTCUSDT,7,14,common_test,Persistence,5,21,28.547197934156365,0.32815968831158654,0.4808659721601427,0.23123208318151914,0.5530647816767427
KFold,BTCUSDT,7,14,common_test,Persistence,6,21,34.055760129294434,0.40257968988140547,0.5746690135057274,0.33024447508364585,0.31061631485701235
KFold,BTCUSDT,7,14,common_test,Persistence,7,21,46.253071603636585,0.5517978772896578,0.7771929683444033,0.6040289100439846,-0.8050379801294278
KFold,BTCUSDT,7,21,common_test,SVR,1,21,88.47077576149425,1.3618211921289334,1.5877592304916488,2.520979374011433,-3.5223493642669457
KFold,BTCUSDT,7,21,common_test,SVR,2,21,97.31409586812154,1.5548740480539212,1.8147133005955898,3.2931843633585394,-4.2940703292102675
KFold,BTCUSDT,7,21,common_test,SVR,3,21,117.70349669706404,1.8640868016525383,2.087566279053908,4.357932969442978,-5.544979374836174
KFold,BTCUSDT,7,21,common_test,SVR,4,21,118.544712303312,1.8291850053156846,2.051719487974348,4.209552857333721,-7.503458138179662
KFold,BTCUSDT,7,21,common_test,SVR,5,21,126.13379048461277,1.906278371227354,2.1871918198707636,4.783808056909583,-8.246347950137409
KFold,BTCUSDT,7,21,common_test,SVR,6,21,153.8105614695695,2.184187624632395,2.4252135007715316,5.8816605243245075,-11.277936840553856
KFold,BTCUSDT,7,21,common_test,SVR,7,21,178.39283480569014,2.445560719682226,2.8000452508154763,7.840253406614303,-22.429267933131577
KFold,BTCUSDT,7,21,common_test,Persistence,1,21,12.967995960946675,0.1963512475221888,0.3114424929374681,0.09699642640710487,0.8259994778932503
KFold,BTCUSDT,7,21,common_test,Persistence,2,21,11.883788587242666,0.2096519010932256,0.3137889951199922,0.09846353345841449,0.8417116038836718
KFold,BTCUSDT,7,21,common_test,Persistence,3,21,21.404653062002392,0.2821793284280866,0.3924045606463666,0.153981339216068,0.7687424987154786
KFold,BTCUSDT,7,21,common_test,Persistence,4,21,22.296216505731188,0.26872143482918837,0.359422465828526,0.12918450894225794,0.7390423398584969
KFold,BTCUSDT,7,21,common_test,Persistence,5,21,28.547197934156365,0.32815968831158654,0.4808659721601427,0.23123208318151914,0.5530647816767427
KFold,BTCUSDT,7,21,common_test,Persistence,6,21,34.055760129294434,0.40257968988140547,0.5746690135057274,0.33024447508364585,0.31061631485701235
KFold,BTCUSDT,7,21,common_test,Persistence,7,21,46.253071603636585,0.5517978772896578,0.7771929683444033,0.6040289100439846,-0.8050379801294278
KFold,BTCUSDT,7,28,common_test,SVR,1,21,112.62455437162869,1.9075697290438576,2.3082405347927795,5.327974366460456,-8.557778114881058
KFold,BTCUSDT,7,28,common_test,SVR,2,21,115.72264305101979,2.013333634411383,2.4026198856389827,5.772582314867877,-8.279910683439237
KFold,BTCUSDT,7,28,common_test,SVR,3,21,132.23899442335042,2.2244817286123215,2.6481126900699405,7.012500819309457,-9.531752909056006
KFold,BTCUSDT,7,28,common_test,SVR,4,21,147.8357191592592,2.3249076471319103,2.6420938430454077,6.980659875458453,-13.101200540674322
KFold,BTCUSDT,7,28,common_test,SVR,5,21,159.67090709354454,2.4015308986868025,2.729589050413605,7.4506563841378455,-13.400945975486334
KFold,BTCUSDT,7,28,common_test,SVR,6,21,172.93282320835303,2.546614178317872,2.8684352929352412,8.227921029756484,-16.17574387617637
KFold,BTCUSDT,7,28,common_test,SVR,7,21,185.84375820442793,2.6882578723214494,3.1613337304222875,9.994030955105696,-28.865466947999796
KFold,BTCUSDT,7,28,common_test,Persistence,1,21,12.967995960946675,0.1963512475221888,0.3114424929374681,0.09699642640710487,0.8259994778932503
KFold,BTCUSDT,7,28,common_test,Persistence,2,21,11.883788587242666,0.2096519010932256,0.3137889951199922,0.09846353345841449,0.8417116038836718
KFold,BTCUSDT,7,28,common_test,Persistence,3,21,21.404653062002392,0.2821793284280866,0.3924045606463666,0.153981339216068,0.7687424987154786
KFold,BTCUSDT,7,28,common_test,Persistence,4,21,22.296216505731188,0.26872143482918837,0.359422465828526,0.12918450894225794,0.7390423398584969
KFold,BTCUSDT,7,28,common_test,Persistence,5,21,28.547197934156365,0.32815968831158654,0.4808659721601427,0.23123208318151914,0.5530647816767427
KFold,BTCUSDT,7,28,common_test,Persistence,6,21,34.055760129294434,0.40257968988140547,0.5746690135057274,0.33024447508364585,0.31061631485701235
KFold,BTCUSDT,7,28,common_test,Persistence,7,21,46.253071603636585,0.5517978772896578,0.7771929683444033,0.6040289100439846,-0.8050379801294278
KFold,BTCUSDT,14,7,common_test,SVR,1,21,44.834670345055244,0.7572767227274037,0.8666624203502177,0.7511037508472974,-2.141971061033655
KFold,BTCUSDT,14,7,common_test,SVR,2,21,41.56013113465571,0.6991726140814196,0.800186398388078,0.6402982721652839,-1.2372104858240922
KFold,BTCUSDT,14,7,common_test,SVR,3,21,40.24025248494767,0.6735489287376961,0.813972475708043,0.6625511912102806,-1.2410150139637408
KFold,BTCUSDT,14,7,common_test,SVR,4,21,47.271082626225336,0.7684112351533966,0.9364766563965871,0.8769885279757313,-1.7143936605278856
KFold,BTCUSDT,14,7,common_test,SVR,5,21,61.249460742824795,0.9658313387445704,1.1498105152070772,1.3220642208807645,-2.9603803384740197
KFold,BTCUSDT,14,7,common_test,SVR,6,21,76.2040758700045,1.1880125325681394,1.3631492529136462,1.858175885719032,-4.466532134103121
KFold,BTCUSDT,14,7,common_test,SVR,7,21,90.89932120602172,1.378147981864353,1.560218973583251,2.4342832455291736,-6.409199027336306
KFold,BTCUSDT,14,7,common_test,Persistence,1,21,4.838159673862911,0.08081076205880608,0.18040866180243975,0.03254728525334708,0.8638501961069098
KFold,BTCUSDT,14,7,common_test,Persistence,2,21,6.824743633455571,0.11615327646582119,0.2046337865691693,0.041874986605636336,0.8536882524904111
KFold,BTCUSDT,14,7,common_test,Persistence,3,21,9.326479453947943,0.1540219690205264,0.24313514235634714,0.05911469744864119,0.8000502809657113
KFold,BTCUSDT,14,7,common_test,Persistence,4,21,11.35083531176947,0.19058432743800222,0.28156351881443986,0.07927801512716942,0.7546242227624926
KFold,BTCUSDT,14,7,common_test,Persistence,5,21,15.634103770020394,0.2371258247004533,0.34602985044581214,0.11973665739955111,0.6413164381350052
KFold,BTCUSDT,14,7,common_test,Persistence,6,21,20.36048076266026,0.2932132002505128,0.4065686465067492,0.16529806432233,0.5137127829137631
KFold,BTCUSDT,14,7,common_test,Persistence,7,21,23.979622038619848,0.3315612753684644,0.4487703446068521,0.20139482219855281,0.3870169695804191
KFold,BTCUSDT,14,14,common_test,SVR,1,21,65.98850246829875,1.054292116526928,1.2481164058589775,1.5577945625743321,-5.516470499744868
KFold,BTCUSDT,14,14,common_test,SVR,2,21,61.58670740640161,0.9676409588920973,1.1728639519462758,1.3756098497750358,-3.8063986958958935
KFold,BTCUSDT,14,14,common_test,SVR,3,21,60.64040228668573,0.9483104830797663,1.1513847710350191,1.3256868909713633,-3.4840070712948705
KFold,BTCUSDT,14,14,common_test,SVR,4,21,70.57382979667608,1.0735414611072673,1.2372819317298305,1.5308665785851008,-3.7382313490654937
KFold,BTCUSDT,14,14,common_test,SVR,5,21,73.007265034231,1.1042813730193535,1.2646162640416307,1.5992542952786117,-3.7907319230090284
KFold,BTCUSDT,14,14,common_test,SVR,6,21,81.13177863939144,1.241104909678658,1.3870498686216615,1.9239073380433684,-4.6599062377678075
KFold,BTCUSDT,14,14,common_test,SVR,7,21,91.52951671460283,1.3875174145615865,1.5915143465876118,2.5329179153941928,-6.709412201529464
KFold,BTCUSDT,14,14,common_test,Persistence,1,21,4.838159673862911,0.08081076205880608,0.18040866180243975,0.03254728525334708,0.8638501961069098
KFold,BTCUSDT,14,14,common_test,Persistence,2,21,6.824743633455571,0.11615327646582119,0.2046337865691693,0.041874986605636336,0.8536882524904111
KFold,BTCUSDT,14,14,common_test,Persistence,3,21,9.326479453947943,0.1540219690205264,0.24313514235634714,0.05911469744864119,0.8000502809657113
KFold,BTCUSDT,14,14,common_test,Persistence,4,21,11.35083531176947,0.19058432743800222,0.28156351881443986,0.07927801512716942,0.7546242227624926
KFold,BTCUSDT,14,14,common_test,Persistence,5,21,15.634103770020394,0.2371258247004533,0.34602985044581214,0.11973665739955111,0.6413164381350052
KFold,BTCUSDT,14,14,common_test,Persistence,6,21,20.36048076266026,0.2932132002505128,0.4065686465067492,0.16529806432233,0.5137127829137631
KFold,BTCUSDT,14,14,common_test,Persistence,7,21,23.979622038619848,0.3315612753684644,0.4487703446068521,0.20139482219855281,0.3870169695804191
KFold,BTCUSDT,14,21,common_test,SVR,1,21,71.10592506608634,1.1727974391725118,1.3860047442856698,1.921009151182385,-7.035847450085459
KFold,BTCUSDT,14,21,common_test,SVR,2,21,68.16910706597923,1.1187584300299578,1.344444409467117,1.807530770147385,-5.3155360059749945
KFold,BTCUSDT,14,21,common_test,SVR,3,21,65.30636127580959,1.084103155115408,1.2979317157728776,1.6846267388091258,-4.698086222892062
KFold,BTCUSDT,14,21,common_test,SVR,4,21,71.76248666808901,1.1673626618002952,1.3373810804171395,1.7885881542577153,-4.535913175989417
KFold,BTCUSDT,14,21,common_test,SVR,5,21,79.50878176549482,1.2646141872302243,1.374060126341349,1.8880412308012038,-4.655823106469009
KFold,BTCUSDT,14,21,common_test,SVR,6,21,92.10830341550466,1.4505074287761208,1.5723741696589149,2.4723605294105617,-6.273390202177357
KFold,BTCUSDT,14,21,common_test,SVR,7,21,121.42726958131107,1.8943072379601087,2.0559200126266783,4.226807098318881,-11.86508260660299
KFold,BTCUSDT,14,21,common_test,Persistence,1,21,4.838159673862911,0.08081076205880608,0.18040866180243975,0.03254728525334708,0.8638501961069098
KFold,BTCUSDT,14,21,common_test,Persistence,2,21,6.824743633455571,0.11615327646582119,0.2046337865691693,0.041874986605636336,0.8536882524904111
KFold,BTCUSDT,14,21,common_test,Persistence,3,21,9.326479453947943,0.1540219690205264,0.24313514235634714,0.05911469744864119,0.8000502809657113
KFold,BTCUSDT,14,21,common_test,Persistence,4,21,11.35083531176947,0.19058432743800222,0.28156351881443986,0.07927801512716942,0.7546242227624926
KFold,BTCUSDT,14,21,common_test,Persistence,5,21,15.634103770020394,0.2371258247004533,0.34602985044581214,0.11973665739955111,0.6413164381350052
KFold,BTCUSDT,14,21,common_test,Persistence,6,21,20.36048076266026,0.2932132002505128,0.4065686465067492,0.16529806432233,0.5137127829137631
KFold,BTCUSDT,14,21,common_test,Persistence,7,21,23.979622038619848,0.3315612753684644,0.4487703446068521,0.20139482219855281,0.3870169695804191
KFold,BTCUSDT,14,28,common_test,SVR,1,21,70.31404343361318,1.277746320792227,1.5835773529317363,2.5077172327182846,-9.490128648096873
KFold,BTCUSDT,14,28,common_test,SVR,2,21,70.67400018497756,1.2939540153984013,1.57955609686541,2.4949974631446885,-7.717553567302044
KFold,BTCUSDT,14,28,common_test,SVR,3,21,64.67602804479591,1.2239145090842882,1.5396935805542118,2.3706563219998493,-7.018514615972647
KFold,BTCUSDT,14,28,common_test,SVR,4,21,71.30174018067196,1.3304567841849182,1.735369016453931,3.0115056232682837,-8.321001942079814
KFold,BTCUSDT,14,28,common_test,SVR,5,21,76.45991230154429,1.4124222364482086,1.8009571781197085,3.243446757420903,-8.716080780417366
KFold,BTCUSDT,14,28,common_test,SVR,6,21,93.00330005677706,1.6593478011120688,1.9790758726881303,3.916741309856285,-10.522586422443762
KFold,BTCUSDT,14,28,common_test,SVR,7,21,117.20914885186328,2.0229555326971953,2.3587956391939304,5.5639168674803035,-15.93482774382472
KFold,BTCUSDT,14,28,common_test,Persistence,1,21,4.838159673862911,0.08081076205880608,0.18040866180243975,0.03254728525334708,0.8638501961069098
KFold,BTCUSDT,14,28,common_test,Persistence,2,21,6.824743633455571,0.11615327646582119,0.2046337865691693,0.041874986605636336,0.8536882524904111
KFold,BTCUSDT,14,28,common_test,Persistence,3,21,9.326479453947943,0.1540219690205264,0.24313514235634714,0.05911469744864119,0.8000502809657113
KFold,BTCUSDT,14,28,common_test,Persistence,4,21,11.35083531176947,0.19058432743800222,0.28156351881443986,0.07927801512716942,0.7546242227624926
KFold,BTCUSDT,14,28,common_test,Persistence,5,21,15.634103770020394,0.2371258247004533,0.34602985044581214,0.11973665739955111,0.6413164381350052
KFold,BTCUSDT,14,28,common_test,Persistence,6,21,20.36048076266026,0.2932132002505128,0.4065686465067492,0.16529806432233,0.5137127829137631
KFold,BTCUSDT,14,28,common_test,Persistence,7,21,23.979622038619848,0.3315612753684644,0.4487703446068521,0.20139482219855281,0.3870169695804191
KFold,BTCUSDT,21,7,common_test,SVR,1,21,36.322097568133714,0.6400134643577596,0.7399538377439997,0.5475316819920734,-1.106266143750509
KFold,BTCUSDT,21,7,common_test,SVR,2,21,37.12905670540538,0.6309308073236771,0.7092070573538993,0.5029746502005771,-0.837384328943745
KFold,BTCUSDT,21,7,common_test,SVR,3,21,37.79620586294539,0.6217673822860436,0.6962343976574609,0.4847423364814474,-0.9456605136557181
KFold,BTCUSDT,21,7,common_test,SVR,4,21,39.68346880553003,0.6312776231556134,0.7162950639047853,0.5130786185743604,-1.2584462724210557
KFold,BTCUSDT,21,7,common_test,SVR,5,21,45.75139136575086,0.7146437829227781,0.8323422565166156,0.6927936319831716,-2.664136786268892
KFold,BTCUSDT,21,7,common_test,SVR,6,21,49.3101098741735,0.7846689595942751,0.9281868315997889,0.8615307943552549,-3.907480631818391
KFold,BTCUSDT,21,7,common_test,SVR,7,21,55.771995255267115,0.8904748926630229,1.049987432688482,1.1024736088037492,-5.2561326895816
KFold,BTCUSDT,21,7,common_test,Persistence,1,21,2.8379492877159174,0.05183983160357716,0.09956043263634268,0.009912279746735728,0.9618690572169747
KFold,BTCUSDT,21,7,common_test,Persistence,2,21,4.756138104120875,0.0889048314488097,0.16290128721649944,0.02653682937679244,0.9030600162108995
KFold,BTCUSDT,21,7,common_test,Persistence,3,21,8.846804964080503,0.1571648758766358,0.23909530956617897,0.057166567056546956,0.770544629894459
KFold,BTCUSDT,21,7,common_test,Persistence,4,21,12.552904268625465,0.21285364772325593,0.3143419820443625,0.09881088167557829,0.565058727227969
KFold,BTCUSDT,21,7,common_test,Persistence,5,21,15.442118050221517,0.2609072449497292,0.3625538141108178,0.13144526812630142,0.3047952231549119
KFold,BTCUSDT,21,7,common_test,Persistence,6,21,15.544643604829668,0.2587689067111888,0.34898921871974314,0.12179347478261672,0.30623592041784864
KFold,BTCUSDT,21,7,common_test,Persistence,7,21,15.297384280366781,0.25272091966970955,0.33612595871092416,0.11298066011933788,0.35887626205397993
KFold,BTCUSDT,21,14,common_test,SVR,1,21,80.58700683570525,1.3602061921797262,1.5519578913432284,2.40857329650252,-8.265393320633926
KFold,BTCUSDT,21,14,common_test,SVR,2,21,79.82488534243545,1.3247740596435171,1.4881137373289615,2.2144824952271693,-7.089583504512717
KFold,BTCUSDT,21,14,common_test,SVR,3,21,79.15956839934931,1.2696887195063282,1.4230051367362768,2.02494361917783,-7.127725898280799
KFold,BTCUSDT,21,14,common_test,SVR,4,21,76.77303590581543,1.1885498723470636,1.3374080638215082,1.7886603291747953,-6.873244190679087
KFold,BTCUSDT,21,14,common_test,SVR,5,21,75.79007669593487,1.1565122259161373,1.3018368762947905,1.6947792524809777,-7.963568250251596
KFold,BTCUSDT,21,14,common_test,SVR,6,21,78.03162796638183,1.2165494488314832,1.3786609646473085,1.900706055442247,-9.826865638439923
KFold,BTCUSDT,21,14,common_test,SVR,7,21,88.16778041769237,1.3882520073059172,1.5491975063802352,2.400012913774739,-12.619191539266048
KFold,BTCUSDT,21,14,common_test,Persistence,1,21,2.8379492877159174,0.05183983160357716,0.09956043263634268,0.009912279746735728,0.9618690572169747
KFold,BTCUSDT,21,14,common_test,Persistence,2,21,4.756138104120875,0.0889048314488097,0.16290128721649944,0.02653682937679244,0.9030600162108995
KFold,BTCUSDT,21,14,common_test,Persistence,3,21,8.846804964080503,0.1571648758766358,0.23909530956617897,0.057166567056546956,0.770544629894459
KFold,BTCUSDT,21,14,common_test,Persistence,4,21,12.552904268625465,0.21285364772325593,0.3143419820443625,0.09881088167557829,0.565058727227969
KFold,BTCUSDT,21,14,common_test,Persistence,5,21,15.442118050221517,0.2609072449497292,0.3625538141108178,0.13144526812630142,0.3047952231549119
KFold,BTCUSDT,21,14,common_test,Persistence,6,21,15.544643604829668,0.2587689067111888,0.34898921871974314,0.12179347478261672,0.30623592041784864
KFold,BTCUSDT,21,14,common_test,Persistence,7,21,15.297384280366781,0.25272091966970955,0.33612595871092416,0.11298066011933788,0.35887626205397993
KFold,BTCUSDT,21,21,common_test,SVR,1,21,103.99164293418625,1.7082203255724957,1.910450072212315,3.6498194784160396,-13.040267350776132
KFold,BTCUSDT,21,21,common_test,SVR,2,21,101.77910575055942,1.6527026168539483,1.8148296928852756,3.2936068141780637,-11.031663113955807
KFold,BTCUSDT,21,21,common_test,SVR,3,21,99.91315211053247,1.5971649349586667,1.7292677468190976,2.9903669401887982,-11.00274545668758
KFold,BTCUSDT,21,21,common_test,SVR,4,21,100.51917719305678,1.5788552459664393,1.7134467209522843,2.9358996655421357,-11.923110447029652
KFold,BTCUSDT,21,21,common_test,SVR,5,21,101.01022622556023,1.5549429068601,1.7017417567470645,2.895925006656585,-14.316343651703958
KFold,BTCUSDT,21,21,common_test,SVR,6,21,107.03382002776077,1.6813646050093414,1.8311481322307266,3.3531034821720787,-18.10006061658765
KFold,BTCUSDT,21,21,common_test,SVR,7,21,122.21336832523409,1.9582702397110001,2.1375910501908466,4.569295497856006,-24.92907322608172
KFold,BTCUSDT,21,21,common_test,Persistence,1,21,2.8379492877159174,0.05183983160357716,0.09956043263634268,0.009912279746735728,0.9618690572169747
KFold,BTCUSDT,21,21,common_test,Persistence,2,21,4.756138104120875,0.0889048314488097,0.16290128721649944,0.02653682937679244,0.9030600162108995
KFold,BTCUSDT,21,21,common_test,Persistence,3,21,8.846804964080503,0.1571648758766358,0.23909530956617897,0.057166567056546956,0.770544629894459
KFold,BTCUSDT,21,21,common_test,Persistence,4,21,12.552904268625465,0.21285364772325593,0.3143419820443625,0.09881088167557829,0.565058727227969
KFold,BTCUSDT,21,21,common_test,Persistence,5,21,15.442118050221517,0.2609072449497292,0.3625538141108178,0.13144526812630142,0.3047952231549119
KFold,BTCUSDT,21,21,common_test,Persistence,6,21,15.544643604829668,0.2587689067111888,0.34898921871974314,0.12179347478261672,0.30623592041784864
KFold,BTCUSDT,21,21,common_test,Persistence,7,21,15.297384280366781,0.25272091966970955,0.33612595871092416,0.11298066011933788,0.35887626205397993
KFold,BTCUSDT,21,28,common_test,SVR,1,21,100.91790616165738,1.7577844130505518,1.975401723693254,3.902211969970279,-14.011180591747687
KFold,BTCUSDT,21,28,common_test,SVR,2,21,100.59956117569666,1.7606417990851373,1.9373471527948387,3.753313990442268,-12.71098981806305
KFold,BTCUSDT,21,28,common_test,SVR,3,21,100.23707602162213,1.7317938422647545,1.8726761654638655,3.506916020696447,-13.076071992603566
KFold,BTCUSDT,21,28,common_test,SVR,4,21,101.39148535861334,1.7171274680746862,1.8920072406235475,3.5796913985719305,-14.756923798512954
KFold,BTCUSDT,21,28,common_test,SVR,5,21,103.95612145526903,1.7138470841849527,1.9072994560159617,3.637791214918783,-18.240021841992764
KFold,BTCUSDT,21,28,common_test,SVR,6,21,110.14967644894634,1.8198650838540416,1.9975679549289709,3.9902777345591107,-21.72955398254774
KFold,BTCUSDT,21,28,common_test,SVR,7,21,125.06978154565198,2.083003052785248,2.2568707423572008,5.093465547707943,-27.903545682920427
KFold,BTCUSDT,21,28,common_test,Persistence,1,21,2.8379492877159174,0.05183983160357716,0.09956043263634268,0.009912279746735728,0.9618690572169747
KFold,BTCUSDT,21,28,common_test,Persistence,2,21,4.756138104120875,0.0889048314488097,0.16290128721649944,0.02653682937679244,0.9030600162108995
KFold,BTCUSDT,21,28,common_test,Persistence,3,21,8.846804964080503,0.1571648758766358,0.23909530956617897,0.057166567056546956,0.770544629894459
KFold,BTCUSDT,21,28,common_test,Persistence,4,21,12.552904268625465,0.21285364772325593,0.3143419820443625,0.09881088167557829,0.565058727227969
KFold,BTCUSDT,21,28,common_test,Persistence,5,21,15.442118050221517,0.2609072449497292,0.3625538141108178,0.13144526812630142,0.3047952231549119
KFold,BTCUSDT,21,28,common_test,Persistence,6,21,15.544643604829668,0.2587689067111888,0.34898921871974314,0.12179347478261672,0.30623592041784864
KFold,BTCUSDT,21,28,common_test,Persistence,7,21,15.297384280366781,0.25272091966970955,0.33612595871092416,0.11298066011933788,0.35887626205397993
KFold,BTCUSDT,28,7,common_test,SVR,1,21,25.58034142279223,0.5031782816729311,0.5753737982259451,0.33105500768495066,-1.024130516430942
KFold,BTCUSDT,28,7,common_test,SVR,2,21,26.91502647298386,0.501429129747863,0.5606321702801794,0.31430843035306405,-0.9246621114773299
KFold,BTCUSDT,28,7,common_test,SVR,3,21,29.521467854077795,0.5503397961095684,0.6560038231403589,0.4303410159747673,-1.512688742941719
KFold,BTCUSDT,28,7,common_test,SVR,4,21,33.53105911061145,0.5988692412799878,0.7431708829931117,0.5523029613287613,-1.9549262716542226
KFold,BTCUSDT,28,7,common_test,SVR,5,21,42.44759101342451,0.7345802382578019,0.8877645396739974,0.7881258779025844,-2.8744149660518534
KFold,BTCUSDT,28,7,common_test,SVR,6,21,50.59467637146075,0.8487654576619834,0.9950919218559011,0.9902079329428708,-3.5197101296000666
KFold,BTCUSDT,28,7,common_test,SVR,7,21,55.85870465116891,0.9158517019352834,1.0564465928203233,1.11607940348167,-4.1354390042048905
KFold,BTCUSDT,28,7,common_test,Persistence,1,21,2.3259209787843513,0.04500916685901745,0.06261300042570045,0.0039203878223087645,0.9760300359663154
KFold,BTCUSDT,28,7,common_test,Persistence,2,21,3.064145395130601,0.060616905060079385,0.07833842102899895,0.0061369082093167045,0.9624207511748312
KFold,BTCUSDT,28,7,common_test,Persistence,3,21,6.397034201686649,0.11090678630644629,0.13268227816917388,0.017604586940162037,0.897209780646896
KFold,BTCUSDT,28,7,common_test,Persistence,4,21,7.894231078970237,0.12933378798590162,0.15409630972599422,0.023745672671169542,0.8729561184221617
KFold,BTCUSDT,28,7,common_test,Persistence,5,21,9.548014266157338,0.14994876629925796,0.18375749589452237,0.0337668172974254,0.8340028338604378
KFold,BTCUSDT,28,7,common_test,Persistence,6,21,11.470652395709852,0.17891830820818488,0.2155970749313473,0.04648209871895299,0.7878368719984363
KFold,BTCUSDT,28,7,common_test,Persistence,7,21,12.93450014029464,0.19726246278195575,0.2580977344290908,0.06661444051742949,0.6934856113200261
KFold,BTCUSDT,28,14,common_test,SVR,1,21,62.615280137914134,1.1581637306903132,1.3269586992910951,1.7608193896243152,-9.765969937701994
KFold,BTCUSDT,28,14,common_test,SVR,2,21,67.73954391448089,1.2305844150284468,1.3690860013455017,1.874396479080215,-10.47783367159382
KFold,BTCUSDT,28,14,common_test,SVR,3,21,74.92435165003813,1.3305096128427156,1.471010617779863,2.1638722376210944,-11.634485700413542
KFold,BTCUSDT,28,14,common_test,SVR,4,21,80.91377226548941,1.3981009824046988,1.5254925795258079,2.3271276101883034,-11.450576937508135
KFold,BTCUSDT,28,14,common_test,SVR,5,21,87.53239943566629,1.4892621363401972,1.6056023981453604,2.577959060930133,-11.673207983117713
KFold,BTCUSDT,28,14,common_test,SVR,6,21,93.77884791250601,1.5676461771593886,1.6697082934581602,2.7879257852429613,-11.72522264559843
KFold,BTCUSDT,28,14,common_test,SVR,7,21,100.56540246522115,1.6593469820478388,1.7637213127802773,3.110712869155385,-13.313386797846265
KFold,BTCUSDT,28,14,common_test,Persistence,1,21,2.3259209787843513,0.04500916685901745,0.06261300042570045,0.0039203878223087645,0.9760300359663154
KFold,BTCUSDT,28,14,common_test,Persistence,2,21,3.064145395130601,0.060616905060079385,0.07833842102899895,0.0061369082093167045,0.9624207511748312
KFold,BTCUSDT,28,14,common_test,Persistence,3,21,6.397034201686649,0.11090678630644629,0.13268227816917388,0.017604586940162037,0.897209780646896
KFold,BTCUSDT,28,14,common_test,Persistence,4,21,7.894231078970237,0.12933378798590162,0.15409630972599422,0.023745672671169542,0.8729561184221617
KFold,BTCUSDT,28,14,common_test,Persistence,5,21,9.548014266157338,0.14994876629925796,0.18375749589452237,0.0337668172974254,0.8340028338604378
KFold,BTCUSDT,28,14,common_test,Persistence,6,21,11.470652395709852,0.17891830820818488,0.2155970749313473,0.04648209871895299,0.7878368719984363
KFold,BTCUSDT,28,14,common_test,Persistence,7,21,12.93450014029464,0.19726246278195575,0.2580977344290908,0.06661444051742949,0.6934856113200261
KFold,BTCUSDT,28,21,common_test,SVR,1,21,87.62367706221504,1.5775331526609788,1.7377868131833334,3.019903008073886,-17.46423613419887
KFold,BTCUSDT,28,21,common_test,SVR,2,21,91.68091811681919,1.6298703437635533,1.7698424067804879,3.1323421448385496,-18.18084169610826
KFold,BTCUSDT,28,21,common_test,SVR,3,21,99.11192049048222,1.726228962374063,1.8461552370078522,3.4082891591315194,-18.90042660340377
KFold,BTCUSDT,28,21,common_test,SVR,4,21,107.28056128500654,1.8266843984954397,1.9404199248379328,3.765229484708049,-19.144696483979388
KFold,BTCUSDT,28,21,common_test,SVR,5,21,115.50874009564205,1.9333246567995221,2.0573702568016072,4.232772373571912,-19.808245347432802
KFold,BTCUSDT,28,21,common_test,SVR,6,21,126.52540874014208,2.096357097275124,2.2337417884740023,4.989602377575034,-21.774566490878183
KFold,BTCUSDT,28,21,common_test,SVR,7,21,138.14847405640458,2.2828116685363025,2.4532621543380375,6.018495197907309,-26.6930251463606
KFold,BTCUSDT,28,21,common_test,Persistence,1,21,2.3259209787843513,0.04500916685901745,0.06261300042570045,0.0039203878223087645,0.9760300359663154
KFold,BTCUSDT,28,21,common_test,Persistence,2,21,3.064145395130601,0.060616905060079385,0.07833842102899895,0.0061369082093167045,0.9624207511748312
KFold,BTCUSDT,28,21,common_test,Persistence,3,21,6.397034201686649,0.11090678630644629,0.13268227816917388,0.017604586940162037,0.897209780646896
KFold,BTCUSDT,28,21,common_test,Persistence,4,21,7.894231078970237,0.12933378798590162,0.15409630972599422,0.023745672671169542,0.8729561184221617
KFold,BTCUSDT,28,21,common_test,Persistence,5,21,9.548014266157338,0.14994876629925796,0.18375749589452237,0.0337668172974254,0.8340028338604378
KFold,BTCUSDT,28,21,common_test,Persistence,6,21,11.470652395709852,0.17891830820818488,0.2155970749313473,0.04648209871895299,0.7878368719984363
KFold,BTCUSDT,28,21,common_test,Persistence,7,21,12.93450014029464,0.19726246278195575,0.2580977344290908,0.06661444051742949,0.6934856113200261
KFold,BTCUSDT,28,28,common_test,SVR,1,21,75.16691819290753,1.3925761624187607,1.5740513315617435,2.4776375943912976,-14.148726788741318
KFold,BTCUSDT,28,28,common_test,SVR,2,21,81.15299473902094,1.4850376151129123,1.61452011508428,2.6066752020117567,-14.961929473555513
KFold,BTCUSDT,28,28,common_test,SVR,3,21,90.927003148704,1.6354969991631958,1.7372920413561712,3.0181836369594928,-16.622666134997647
KFold,BTCUSDT,28,28,common_test,SVR,4,21,102.04157025990389,1.803249988467434,1.92379875505283,3.7010016499428184,-18.80106530759996
KFold,BTCUSDT,28,28,common_test,SVR,5,21,111.34897673212201,1.937885606121143,2.074369713669896,4.303009708990926,-20.153531032312532
KFold,BTCUSDT,28,28,common_test,SVR,6,21,123.02764930365531,2.122388767552795,2.2775742721252716,5.187344565046961,-22.677141937946132
KFold,BTCUSDT,28,28,common_test,SVR,7,21,136.42385651081315,2.347402595517804,2.5189170591286376,6.3449431507692635,-28.19511679390856
KFold,BTCUSDT,28,28,common_test,Persistence,1,21,2.3259209787843513,0.04500916685901745,0.06261300042570045,0.0039203878223087645,0.9760300359663154
KFold,BTCUSDT,28,28,common_test,Persistence,2,21,3.064145395130601,0.060616905060079385,0.07833842102899895,0.0061369082093167045,0.9624207511748312
KFold,BTCUSDT,28,28,common_test,Persistence,3,21,6.397034201686649,0.11090678630644629,0.13268227816917388,0.017604586940162037,0.897209780646896
KFold,BTCUSDT,28,28,common_test,Persistence,4,21,7.894231078970237,0.12933378798590162,0.15409630972599422,0.023745672671169542,0.8729561184221617
KFold,BTCUSDT,28,28,common_test,Persistence,5,21,9.548014266157338,0.14994876629925796,0.18375749589452237,0.0337668172974254,0.8340028338604378
KFold,BTCUSDT,28,28,common_test,Persistence,6,21,11.470652395709852,0.17891830820818488,0.2155970749313473,0.04648209871895299,0.7878368719984363
KFold,BTCUSDT,28,28,common_test,Persistence,7,21,12.93450014029464,0.19726246278195575,0.2580977344290908,0.06661444051742949,0.6934856113200261
KFold,ETHUSDT,7,7,common_test,SVR,1,21,45.81460328603913,2.0444672272149305,2.838818778923115,8.058892059566526,-1.0725664205957854
KFold,ETHUSDT,7,7,common_test,SVR,2,21,48.8180618824044,2.2010306032187303,2.8557861459258844,8.155514511262217,-1.1494838753884458
KFold,ETHUSDT,7,7,common_test,SVR,3,21,49.29535740767615,2.345097269540664,3.0671838457058493,9.407616743358924,-1.2501171024753135
KFold,ETHUSDT,7,7,common_test,SVR,4,21,52.91313195627206,2.3456088633085135,2.9745350184666246,8.847858576084242,-1.1543251116938213
KFold,ETHUSDT,7,7,common_test,SVR,5,21,49.4675333108052,2.149595914456341,2.8025243338888224,7.854142642038989,-1.1748203605770828
KFold,ETHUSDT,7,7,common_test,SVR,6,21,47.28348098292432,1.940660157562376,2.528419117077507,6.392903231603002,-1.2121531585266538
KFold,ETHUSDT,7,7,common_test,SVR,7,21,44.29755672723994,1.6059328692690673,2.088909382212443,4.363542407095172,-1.2030291995761746
KFold,ETHUSDT,7,7,common_test,Persistence,1,21,14.257460161844213,0.5714508659694613,1.3634386718367513,1.8589650118599643,0.521915862358548
KFold,ETHUSDT,7,7,common_test,Persistence,2,21,13.515243517883201,0.6077820124394696,1.371682486599145,1.8815128440428135,0.5041046749384845
KFold,ETHUSDT,7,7,common_test,Persistence,3,21,22.455068687618176,0.7348332237979538,1.474351925196287,2.173713599329998,0.48009041193261215
KFold,ETHUSDT,7,7,common_test,Persistence,4,21,29.193480072501604,0.9047119499147808,1.5792483335184542,2.494025298920815,0.39274104751313965
KFold,ETHUSDT,7,7,common_test,Persistence,5,21,33.76755518954588,1.0474055119439507,1.6892977666394389,2.8537269443729962,0.20980000682307332
KFold,ETHUSDT,7,7,common_test,Persistence,6,21,35.70462371753261,1.1419972064270099,1.7347050167719797,3.009201495213875,-0.04128192639814521
KFold,ETHUSDT,7,7,common_test,Persistence,7,21,47.75312946059912,1.5194459452361593,2.0893871356799685,4.365538602744944,-1.2040370223252705
KFold,ETHUSDT,7,14,common_test,SVR,1,21,79.72724048909625,2.992485567464586,3.485055736249503,12.145613484765567,-2.1235795789296708
KFold,ETHUSDT,7,14,common_test,SVR,2,21,87.38574712173525,3.3255548894970186,3.6962611642139755,13.662346594076455,-2.600875660681095
KFold,ETHUSDT,7,14,common_test,SVR,3,21,95.29120191259022,3.5073040082027207,3.9502932734762255,15.604816946471512,-2.7323656405368624
KFold,ETHUSDT,7,14,common_test,SVR,4,21,85.98432348956995,3.162874775784627,3.6355858536161567,13.217484499013919,-2.218265586502114
KFold,ETHUSDT,7,14,common_test,SVR,5,21,71.79054968871891,2.671644829388217,3.2551264934591857,10.595848488419895,-1.9340015938675519
KFold,ETHUSDT,7,14,common_test,SVR,6,21,68.5617126113874,2.390654330355816,2.860661367533901,8.183383459700929,-1.831717752009979
KFold,ETHUSDT,7,14,common_test,SVR,7,21,58.481242822128266,1.9123356010234682,2.402865094292185,5.773760661367791,-1.9150085278591553
KFold,ETHUSDT,7,14,common_test,Persistence,1,21,14.257460161844213,0.5714508659694613,1.3634386718367513,1.8589650118599643,0.521915862358548
KFold,ETHUSDT,7,14,common_test,Persistence,2,21,13.515243517883201,0.6077820124394696,1.371682486599145,1.8815128440428135,0.5041046749384845
KFold,ETHUSDT,7,14,common_test,Persistence,3,21,22.455068687618176,0.7348332237979538,1.474351925196287,2.173713599329998,0.48009041193261215
KFold,ETHUSDT,7,14,common_test,Persistence,4,21,29.193480072501604,0.9047119499147808,1.5792483335184542,2.494025298920815,0.39274104751313965
KFold,ETHUSDT,7,14,common_test,Persistence,5,21,33.76755518954588,1.0474055119439507,1.6892977666394389,2.8537269443729962,0.20980000682307332
KFold,ETHUSDT,7,14,common_test,Persistence,6,21,35.70462371753261,1.1419972064270099,1.7347050167719797,3.009201495213875,-0.04128192639814521
KFold,ETHUSDT,7,14,common_test,Persistence,7,21,47.75312946059912,1.5194459452361593,2.0893871356799685,4.365538602744944,-1.2040370223252705
KFold,ETHUSDT,7,21,common_test,SVR,1,21,86.65955043033675,3.114718780166604,3.491177295538474,12.188318908883335,-2.134562456892246
KFold,ETHUSDT,7,21,common_test,SVR,2,21,91.2200584992224,3.3388573796692484,3.654964708183493,13.358767018066844,-2.520863614521554
KFold,ETHUSDT,7,21,common_test,SVR,3,21,98.53591331504934,3.4559329217589245,3.7887366817619066,14.354525643728223,-2.4333205242097335
KFold,ETHUSDT,7,21,common_test,SVR,4,21,95.13597087008394,3.1896583214980856,3.537167437228601,12.511553478990349,-2.0463816317030235
KFold,ETHUSDT,7,21,common_test,SVR,5,21,91.51367316680155,2.958617579834451,3.369166033142356,11.351279758880198,-2.143181307413875
KFold,ETHUSDT,7,21,common_test,SVR,6,21,91.52356461131275,2.793348364301037,3.249972418475069,10.562320720848689,-2.654907683959753
KFold,ETHUSDT,7,21,common_test,SVR,7,21,86.6803386203675,2.5671139981246536,3.1688426595838513,10.041563801198457,-4.069701678039596
KFold,ETHUSDT,7,21,common_test,Persistence,1,21,14.257460161844213,0.5714508659694613,1.3634386718367513,1.8589650118599643,0.521915862358548
KFold,ETHUSDT,7,21,common_test,Persistence,2,21,13.515243517883201,0.6077820124394696,1.371682486599145,1.8815128440428135,0.5041046749384845
KFold,ETHUSDT,7,21,common_test,Persistence,3,21,22.455068687618176,0.7348332237979538,1.474351925196287,2.173713599329998,0.48009041193261215
KFold,ETHUSDT,7,21,common_test,Persistence,4,21,29.193480072501604,0.9047119499147808,1.5792483335184542,2.494025298920815,0.39274104751313965
KFold,ETHUSDT,7,21,common_test,Persistence,5,21,33.76755518954588,1.0474055119439507,1.6892977666394389,2.8537269443729962,0.20980000682307332
KFold,ETHUSDT,7,21,common_test,Persistence,6,21,35.70462371753261,1.1419972064270099,1.7347050167719797,3.009201495213875,-0.04128192639814521
KFold,ETHUSDT,7,21,common_test,Persistence,7,21,47.75312946059912,1.5194459452361593,2.0893871356799685,4.365538602744944,-1.2040370223252705
KFold,ETHUSDT,7,28,common_test,SVR,1,21,77.35399107971739,2.801553344350675,3.5127439584643136,12.339370117727537,-2.1734094424241173
KFold,ETHUSDT,7,28,common_test,SVR,2,21,72.95120850075726,2.832552829990507,3.5039060315268333,12.27735747777012,-2.235845132076443
KFold,ETHUSDT,7,28,common_test,SVR,3,21,76.35695373516653,2.9818369622561773,3.596443771802631,12.934407803737935,-2.0936562365942564
KFold,ETHUSDT,7,28,common_test,SVR,4,21,73.65468971310317,2.7711315718638523,3.2903520928944197,10.826416895214686,-1.6360753380564867
KFold,ETHUSDT,7,28,common_test,SVR,5,21,67.89461062035983,2.4931830081415054,3.1010897686597843,9.616757753286393,-1.6628903392509775
KFold,ETHUSDT,7,28,common_test,SVR,6,21,61.66238239035134,2.2590636233790247,2.8986485349945865,8.402163329426262,-1.9074227270896018
KFold,ETHUSDT,7,28,common_test,SVR,7,21,56.75582998759604,2.069690337479148,2.8875386517490047,8.33787946534446,-3.209559621749725
KFold,ETHUSDT,7,28,common_test,Persistence,1,21,14.257460161844213,0.5714508659694613,1.3634386718367513,1.8589650118599643,0.521915862358548
KFold,ETHUSDT,7,28,common_test,Persistence,2,21,13.515243517883201,0.6077820124394696,1.371682486599145,1.8815128440428135,0.5041046749384845
KFold,ETHUSDT,7,28,common_test,Persistence,3,21,22.455068687618176,0.7348332237979538,1.474351925196287,2.173713599329998,0.48009041193261215
KFold,ETHUSDT,7,28,common_test,Persistence,4,21,29.193480072501604,0.9047119499147808,1.5792483335184542,2.494025298920815,0.39274104751313965
KFold,ETHUSDT,7,28,common_test,Persistence,5,21,33.76755518954588,1.0474055119439507,1.6892977666394389,2.8537269443729962,0.20980000682307332
KFold,ETHUSDT,7,28,common_test,Persistence,6,21,35.70462371753261,1.1419972064270099,1.7347050167719797,3.009201495213875,-0.04128192639814521
KFold,ETHUSDT,7,28,common_test,Persistence,7,21,47.75312946059912,1.5194459452361593,2.0893871356799685,4.365538602744944,-1.2040370223252705
KFold,ETHUSDT,14,7,common_test,SVR,1,21,44.20310918895924,1.593203064168973,1.993944176918537,3.975813380667342,-1.737241070225806
KFold,ETHUSDT,14,7,common_test,SVR,2,21,46.85656983453478,1.7103396304212828,2.0514045090659767,4.208260459816222,-1.7084205188581882
KFold,ETHUSDT,14,7,common_test,SVR,3,21,46.15056240205858,1.7283860066926897,2.1199260640845976,4.494086517185214,-1.5311689653009375
KFold,ETHUSDT,14,7,common_test,SVR,4,21,45.52281645740534,1.7271949707389733,2.1155491206481027,4.47554808187496,-1.3909590427321374
KFold,ETHUSDT,14,7,common_test,SVR,5,21,44.88414183556141,1.7515036310890675,2.137827947888057,4.570308334771262,-1.3626137353058474
KFold,ETHUSDT,14,7,common_test,SVR,6,21,43.93215796649708,1.7894785354439775,2.216970430926787,4.914957891603704,-1.537026608646889
KFold,ETHUSDT,14,7,common_test,SVR,7,21,43.616111482701875,1.845722769757092,2.312390794891719,5.347151188299956,-1.7848898433824858
KFold,ETHUSDT,14,7,common_test,Persistence,1,21,7.943322987747778,0.33964734430056787,0.9008174387912624,0.8114720580304497,0.4413232131612834
KFold,ETHUSDT,14,7,common_test,Persistence,2,21,9.760549601786481,0.4180982207493774,0.9506526451361901,0.903740451704435,0.418356062679316
KFold,ETHUSDT,14,7,common_test,Persistence,3,21,15.148563188160686,0.5790637376530152,1.08622610430864,1.1798871496815249,0.33546145041689335
KFold,ETHUSDT,14,7,common_test,Persistence,4,21,17.33547674518507,0.653727150959742,1.134218243634222,1.2864510241926996,0.3127430086647677
KFold,ETHUSDT,14,7,common_test,Persistence,5,21,20.68549271586279,0.7712628229149937,1.1847256074145451,1.4035747648637629,0.27442422368604413
KFold,ETHUSDT,14,7,common_test,Persistence,6,21,24.478554121811644,0.8990064504185403,1.2770458318028817,1.630846056525114,0.15818203710774104
KFold,ETHUSDT,14,7,common_test,Persistence,7,21,27.45946060302449,1.0077139709454126,1.3665306134971182,1.8674059176248103,0.02742234316379788
KFold,ETHUSDT,14,14,common_test,SVR,1,21,42.43285709991919,1.586221439115926,1.9622548498858556,3.8504440959005617,-1.6509276741098984
KFold,ETHUSDT,14,14,common_test,SVR,2,21,46.94065121711059,1.7771436589566736,2.215193433062195,4.907081945881875,-2.158179384772548
KFold,ETHUSDT,14,14,common_test,SVR,3,21,54.1148961425317,2.01401583940417,2.401715832440347,5.768238939794629,-2.248799802366338
KFold,ETHUSDT,14,14,common_test,SVR,4,21,59.496723633354144,2.1661676516520765,2.4929460266186325,6.214779891633627,-2.3201037970451686
KFold,ETHUSDT,14,14,common_test,SVR,5,21,59.01046315025775,2.163804747651722,2.5436876884700004,6.470347056473853,-2.344835776509153
KFold,ETHUSDT,14,14,common_test,SVR,6,21,60.37995868358793,2.264305562821156,2.629214138112465,6.9127669840504735,-2.5682653167531644
KFold,ETHUSDT,14,14,common_test,SVR,7,21,61.55627556697137,2.3467792218223122,2.7410614486409415,7.513417865225578,-2.91311940977822
KFold,ETHUSDT,14,14,common_test,Persistence,1,21,7.943322987747778,0.33964734430056787,0.9008174387912624,0.8114720580304497,0.4413232131612834
KFold,ETHUSDT,14,14,common_test,Persistence,2,21,9.760549601786481,0.4180982207493774,0.9506526451361901,0.903740451704435,0.418356062679316
KFold,ETHUSDT,14,14,common_test,Persistence,3,21,15.148563188160686,0.5790637376530152,1.08622610430864,1.1798871496815249,0.33546145041689335
KFold,ETHUSDT,14,14,common_test,Persistence,4,21,17.33547674518507,0.653727150959742,1.134218243634222,1.2864510241926996,0.3127430086647677
KFold,ETHUSDT,14,14,common_test,Persistence,5,21,20.68549271586279,0.7712628229149937,1.1847256074145451,1.4035747648637629,0.27442422368604413
KFold,ETHUSDT,14,14,common_test,Persistence,6,21,24.478554121811644,0.8990064504185403,1.2770458318028817,1.630846056525114,0.15818203710774104
KFold,ETHUSDT,14,14,common_test,Persistence,7,21,27.45946060302449,1.0077139709454126,1.3665306134971182,1.8674059176248103,0.02742234316379788
KFold,ETHUSDT,14,21,common_test,SVR,1,21,47.788879706178065,1.6718982560785935,1.9247398191158696,3.7046233712901904,-1.550534009197337
KFold,ETHUSDT,14,21,common_test,SVR,2,21,56.256670185400495,1.9295482144113516,2.163771983919598,4.681909198395353,-2.013259055956493
KFold,ETHUSDT,14,21,common_test,SVR,3,21,60.61240361857161,2.032635300027063,2.2849143791600017,5.220833720092136,-1.9404890704175188
KFold,ETHUSDT,14,21,common_test,SVR,4,21,64.90435742318873,2.147707358797023,2.347619168833663,5.511315761875259,-1.944294199759189
KFold,ETHUSDT,14,21,common_test,SVR,5,21,64.05920609070667,2.16387230001762,2.341903849541026,5.484513640495076,-1.8352107362039645
KFold,ETHUSDT,14,21,common_test,SVR,6,21,66.45309440741697,2.3477748872028243,2.547560199461414,6.4900629698798795,-2.3500719252360844
KFold,ETHUSDT,14,21,common_test,SVR,7,21,72.66339831390245,2.6215085831176212,2.9213845976119854,8.534487967164543,-3.444910574107615
KFold,ETHUSDT,14,21,common_test,Persistence,1,21,7.943322987747778,0.33964734430056787,0.9008174387912624,0.8114720580304497,0.4413232131612834
KFold,ETHUSDT,14,21,common_test,Persistence,2,21,9.760549601786481,0.4180982207493774,0.9506526451361901,0.903740451704435,0.418356062679316
KFold,ETHUSDT,14,21,common_test,Persistence,3,21,15.148563188160686,0.5790637376530152,1.08622610430864,1.1798871496815249,0.33546145041689335
KFold,ETHUSDT,14,21,common_test,Persistence,4,21,17.33547674518507,0.653727150959742,1.134218243634222,1.2864510241926996,0.3127430086647677
KFold,ETHUSDT,14,21,common_test,Persistence,5,21,20.68549271586279,0.7712628229149937,1.1847256074145451,1.4035747648637629,0.27442422368604413
KFold,ETHUSDT,14,21,common_test,Persistence,6,21,24.478554121811644,0.8990064504185403,1.2770458318028817,1.630846056525114,0.15818203710774104
KFold,ETHUSDT,14,21,common_test,Persistence,7,21,27.45946060302449,1.0077139709454126,1.3665306134971182,1.8674059176248103,0.02742234316379788
KFold,ETHUSDT,14,28,common_test,SVR,1,21,55.702790887641704,1.9798868602345923,2.244388830288864,5.037281221525416,-2.4680332605355386
KFold,ETHUSDT,14,28,common_test,SVR,2,21,57.5154288583049,2.0631192689826867,2.3162501545127236,5.365014778280217,-2.4529032240808877
KFold,ETHUSDT,14,28,common_test,SVR,3,21,55.932426846812504,2.02493007745638,2.3609476853661837,5.57407397303594,-2.139441796878695
KFold,ETHUSDT,14,28,common_test,SVR,4,21,53.239950811872596,1.9305452605828217,2.34163344562277,5.483247193659166,-1.929299210147839
KFold,ETHUSDT,14,28,common_test,SVR,5,21,48.25265469768273,1.8271041187387578,2.2876035144135396,5.2331298391571766,-1.7052582738381967
KFold,ETHUSDT,14,28,common_test,SVR,6,21,47.93407460269924,1.885334301076069,2.438299147795404,5.945302734139794,-2.0688749660990875
KFold,ETHUSDT,14,28,common_test,SVR,7,21,54.485442338714705,2.152460131926879,2.786697978555485,7.765685623685226,-3.044504869737601
KFold,ETHUSDT,14,28,common_test,Persistence,1,21,7.943322987747778,0.33964734430056787,0.9008174387912624,0.8114720580304497,0.4413232131612834
KFold,ETHUSDT,14,28,common_test,Persistence,2,21,9.760549601786481,0.4180982207493774,0.9506526451361901,0.903740451704435,0.418356062679316
KFold,ETHUSDT,14,28,common_test,Persistence,3,21,15.148563188160686,0.5790637376530152,1.08622610430864,1.1798871496815249,0.33546145041689335
KFold,ETHUSDT,14,28,common_test,Persistence,4,21,17.33547674518507,0.653727150959742,1.134218243634222,1.2864510241926996,0.3127430086647677
KFold,ETHUSDT,14,28,common_test,Persistence,5,21,20.68549271586279,0.7712628229149937,1.1847256074145451,1.4035747648637629,0.27442422368604413
KFold,ETHUSDT,14,28,common_test,Persistence,6,21,24.478554121811644,0.8990064504185403,1.2770458318028817,1.630846056525114,0.15818203710774104
KFold,ETHUSDT,14,28,common_test,Persistence,7,21,27.45946060302449,1.0077139709454126,1.3665306134971182,1.8674059176248103,0.02742234316379788
KFold,ETHUSDT,21,7,common_test,SVR,1,21,24.65985926494715,1.0049074528210944,1.3186671861651653,1.738883147868755,-1.2854381505096524
KFold,ETHUSDT,21,7,common_test,SVR,2,21,26.062152011437142,1.06170175513453,1.3645221048235328,1.861920574552044,-1.3979847268896508
KFold,ETHUSDT,21,7,common_test,SVR,3,21,27.186724469452937,1.10186744114966,1.4304908344652918,2.0463040274892066,-1.5620967922858493
KFold,ETHUSDT,21,7,common_test,SVR,4,21,31.19053321563059,1.1955757072376327,1.4657733587231228,2.1484915391424644,-1.5142166699340982
KFold,ETHUSDT,21,7,common_test,SVR,5,21,34.57127837779914,1.2922895227009459,1.5055631164742453,2.266720297687642,-1.6710137242523961
KFold,ETHUSDT,21,7,common_test,SVR,6,21,35.62790672689656,1.3256137112667712,1.5787204355575932,2.492358213647157,-2.031185803443265
KFold,ETHUSDT,21,7,common_test,SVR,7,21,36.964267379054434,1.3765869505177921,1.6318710420647229,2.663003097929405,-1.9796575615240908
KFold,ETHUSDT,21,7,common_test,Persistence,1,21,5.156870245725821,0.21132293413066536,0.5169936504787939,0.26728243463538925,0.6487070026381516
KFold,ETHUSDT,21,7,common_test,Persistence,2,21,8.722696408246147,0.3356122271151931,0.6056458269010603,0.366806867642669,0.5275860429562229
KFold,ETHUSDT,21,7,common_test,Persistence,3,21,11.001583781102589,0.4217683334668932,0.7108077058252612,0.5052475946605711,0.36739935796426115
KFold,ETHUSDT,21,7,common_test,Persistence,4,21,15.326851772118541,0.5151783368477068,0.8509015546342069,0.7240334556789102,0.15271856989277188
KFold,ETHUSDT,21,7,common_test,Persistence,5,21,17.59992713797573,0.5700774989889057,0.9250092787742087,0.8556421658183818,-0.008254953326790382
KFold,ETHUSDT,21,7,common_test,Persistence,6,21,18.58128125441324,0.5971145889483997,0.9118852453003424,0.8315347005964656,-0.011305744782994731
KFold,ETHUSDT,21,7,common_test,Persistence,7,21,19.450324547024326,0.6133818183381893,0.9345167420603118,0.8733215411910193,0.022832855179548583
KFold,ETHUSDT,21,14,common_test,SVR,1,21,34.09455153610181,1.3129094719691783,1.5480007092171622,2.396306195736837,-2.1494983471154865
KFold,ETHUSDT,21,14,common_test,SVR,2,21,36.36102446955328,1.4033514519220998,1.6479600386795745,2.715772289084785,-2.497668246403186
KFold,ETHUSDT,21,14,common_test,SVR,3,21,38.23444474808444,1.4587495761827527,1.7298273434984006,2.992302638314734,-2.7465444470543625
KFold,ETHUSDT,21,14,common_test,SVR,4,21,40.205021551822945,1.4784939614177475,1.756342664274026,3.0847395543491842,-2.6098367010769628
KFold,ETHUSDT,21,14,common_test,SVR,5,21,42.18239311917268,1.521599282295252,1.7516993335587634,3.068450555190216,-2.61574101289155
KFold,ETHUSDT,21,14,common_test,SVR,6,21,44.99858991750652,1.6329091797167035,1.8506369289947449,3.4248570429591,-3.165283301010276
KFold,ETHUSDT,21,14,common_test,SVR,7,21,43.72269392774828,1.6130303969570146,1.9003330859309473,3.611265837483837,-3.040677071573424
KFold,ETHUSDT,21,14,common_test,Persistence,1,21,5.156870245725821,0.21132293413066536,0.5169936504787939,0.26728243463538925,0.6487070026381516
KFold,ETHUSDT,21,14,common_test,Persistence,2,21,8.722696408246147,0.3356122271151931,0.6056458269010603,0.366806867642669,0.5275860429562229
KFold,ETHUSDT,21,14,common_test,Persistence,3,21,11.001583781102589,0.4217683334668932,0.7108077058252612,0.5052475946605711,0.36739935796426115
KFold,ETHUSDT,21,14,common_test,Persistence,4,21,15.326851772118541,0.5151783368477068,0.8509015546342069,0.7240334556789102,0.15271856989277188
KFold,ETHUSDT,21,14,common_test,Persistence,5,21,17.59992713797573,0.5700774989889057,0.9250092787742087,0.8556421658183818,-0.008254953326790382
KFold,ETHUSDT,21,14,common_test,Persistence,6,21,18.58128125441324,0.5971145889483997,0.9118852453003424,0.8315347005964656,-0.011305744782994731
KFold,ETHUSDT,21,14,common_test,Persistence,7,21,19.450324547024326,0.6133818183381893,0.9345167420603118,0.8733215411910193,0.022832855179548583
KFold,ETHUSDT,21,21,common_test,SVR,1,21,41.597247763808944,1.5766727970616794,1.79883552836281,3.2358092581003097,-3.252868822898588
KFold,ETHUSDT,21,21,common_test,SVR,2,21,42.01501111876882,1.5898639963717789,1.84477208310224,3.403184038593378,-3.3829921957358184
KFold,ETHUSDT,21,21,common_test,SVR,3,21,42.587081687184686,1.5983137578740938,1.8765553071202172,3.521459820681053,-3.409081343499442
KFold,ETHUSDT,21,21,common_test,SVR,4,21,42.93375040672413,1.548912286652831,1.8352062964182925,3.3679821504133454,-2.9412940252906576
KFold,ETHUSDT,21,21,common_test,SVR,5,21,42.61228496416332,1.488193484120256,1.7437394076807535,3.040627121898825,-2.5829549773789466
KFold,ETHUSDT,21,21,common_test,SVR,6,21,47.113599598116615,1.6654937941176675,1.9047670675295438,3.628137581545098,-3.4125114399287577
KFold,ETHUSDT,21,21,common_test,SVR,7,21,52.46093015250354,1.8222650289093965,2.1086530292856156,4.446417597915404,-3.975135713369582
KFold,ETHUSDT,21,21,common_test,Persistence,1,21,5.156870245725821,0.21132293413066536,0.5169936504787939,0.26728243463538925,0.6487070026381516
KFold,ETHUSDT,21,21,common_test,Persistence,2,21,8.722696408246147,0.3356122271151931,0.6056458269010603,0.366806867642669,0.5275860429562229
KFold,ETHUSDT,21,21,common_test,Persistence,3,21,11.001583781102589,0.4217683334668932,0.7108077058252612,0.5052475946605711,0.36739935796426115
KFold,ETHUSDT,21,21,common_test,Persistence,4,21,15.326851772118541,0.5151783368477068,0.8509015546342069,0.7240334556789102,0.15271856989277188
KFold,ETHUSDT,21,21,common_test,Persistence,5,21,17.59992713797573,0.5700774989889057,0.9250092787742087,0.8556421658183818,-0.008254953326790382
KFold,ETHUSDT,21,21,common_test,Persistence,6,21,18.58128125441324,0.5971145889483997,0.9118852453003424,0.8315347005964656,-0.011305744782994731
KFold,ETHUSDT,21,21,common_test,Persistence,7,21,19.450324547024326,0.6133818183381893,0.9345167420603118,0.8733215411910193,0.022832855179548583
KFold,ETHUSDT,21,28,common_test,SVR,1,21,50.86993318745184,1.8636272104853495,2.153828914314058,4.638978992135273,-5.097074194452416
KFold,ETHUSDT,21,28,common_test,SVR,2,21,53.95686815631972,1.9713084876961127,2.170552527996196,4.711298276790677,-5.067724620468114
KFold,ETHUSDT,21,28,common_test,SVR,3,21,54.39116965561202,1.983958955945331,2.1505603260601713,4.62490971602403,-4.790667559099708
KFold,ETHUSDT,21,28,common_test,SVR,4,21,52.48865414778044,1.892257798645535,2.093832878611237,4.384136123553419,-4.130421937569175
KFold,ETHUSDT,21,28,common_test,SVR,5,21,50.360847240230605,1.7836917884947368,1.9876023650747434,3.9505631616507135,-3.6551876885998915
KFold,ETHUSDT,21,28,common_test,SVR,6,21,47.64540668542808,1.7450057373713983,1.986593473582028,3.946553629278708,-3.799766449338602
KFold,ETHUSDT,21,28,common_test,SVR,7,21,50.37729693042008,1.8401452391077104,2.102780043003467,4.421683909253663,-3.947460971833366
KFold,ETHUSDT,21,28,common_test,Persistence,1,21,5.156870245725821,0.21132293413066536,0.5169936504787939,0.26728243463538925,0.6487070026381516
KFold,ETHUSDT,21,28,common_test,Persistence,2,21,8.722696408246147,0.3356122271151931,0.6056458269010603,0.366806867642669,0.5275860429562229
KFold,ETHUSDT,21,28,common_test,Persistence,3,21,11.001583781102589,0.4217683334668932,0.7108077058252612,0.5052475946605711,0.36739935796426115
KFold,ETHUSDT,21,28,common_test,Persistence,4,21,15.326851772118541,0.5151783368477068,0.8509015546342069,0.7240334556789102,0.15271856989277188
KFold,ETHUSDT,21,28,common_test,Persistence,5,21,17.59992713797573,0.5700774989889057,0.9250092787742087,0.8556421658183818,-0.008254953326790382
KFold,ETHUSDT,21,28,common_test,Persistence,6,21,18.58128125441324,0.5971145889483997,0.9118852453003424,0.8315347005964656,-0.011305744782994731
KFold,ETHUSDT,21,28,common_test,Persistence,7,21,19.450324547024326,0.6133818183381893,0.9345167420603118,0.8733215411910193,0.022832855179548583
KFold,ETHUSDT,28,7,common_test,SVR,1,21,23.66607732558151,0.9096369175722665,1.1572383841121798,1.339200677662569,-2.223289790587892
KFold,ETHUSDT,28,7,common_test,SVR,2,21,24.763262074732314,0.9453871357910796,1.1747906029694055,1.3801329608252195,-2.097674251379292
KFold,ETHUSDT,28,7,common_test,SVR,3,21,25.572944220865093,0.9838867166102935,1.2416424290392507,1.5416759215904907,-2.1256684951195437
KFold,ETHUSDT,28,7,common_test,SVR,4,21,25.87739402166064,0.9907164601543806,1.238219897448792,1.5331885144380966,-1.934659484822737
KFold,ETHUSDT,28,7,common_test,SVR,5,21,27.562907801286563,1.0574452700543913,1.2906528286857644,1.665784724194565,-2.0819488670584776
KFold,ETHUSDT,28,7,common_test,SVR,6,21,27.652877248845638,1.070059979163105,1.3142747281334064,1.727318061010139,-1.9798600144867708
KFold,ETHUSDT,28,7,common_test,SVR,7,21,28.60415787841346,1.104289818251091,1.3489485006938664,1.8196620575242302,-1.9279373560238025
KFold,ETHUSDT,28,7,common_test,Persistence,1,21,3.350097468826049,0.13278194362369805,0.28902143989366247,0.08353339271820595,0.7989454930744858
KFold,ETHUSDT,28,7,common_test,Persistence,2,21,4.659173594400413,0.17967649341274466,0.3247691915141131,0.10547502775673066,0.7632639123043757
KFold,ETHUSDT,28,7,common_test,Persistence,3,21,6.150658722171256,0.23316451257151619,0.38859071974043446,0.15100274746838888,0.6938497100275742
KFold,ETHUSDT,28,7,common_test,Persistence,4,21,6.913231659792224,0.2580083896274533,0.40461687494695325,0.1637148154918384,0.686635249635164
KFold,ETHUSDT,28,7,common_test,Persistence,5,21,6.931060420022311,0.2631557828806832,0.4104663791563711,0.16848264841774177,0.6882821052035163
KFold,ETHUSDT,28,7,common_test,Persistence,6,21,7.656632768731602,0.2912043698269697,0.4346871958832819,0.1889529582648707,0.6740302914315612
KFold,ETHUSDT,28,7,common_test,Persistence,7,21,8.700048182802837,0.32414253752673233,0.4620833054896334,0.21352098121222585,0.6564328774120147
KFold,ETHUSDT,28,14,common_test,SVR,1,21,36.380042741700024,1.3229114137635407,1.518480803404791,2.3057839503088595,-4.549735741848706
KFold,ETHUSDT,28,14,common_test,SVR,2,21,38.98767077022686,1.4171296546385594,1.6168031320833984,2.614052367914687,-4.86717580239855
KFold,ETHUSDT,28,14,common_test,SVR,3,21,38.85542527230328,1.4132373941023035,1.651612137655338,2.7278226532504353,-4.530519876539324
KFold,ETHUSDT,28,14,common_test,SVR,4,21,38.0190073950189,1.38169727298585,1.6105203470557787,2.593775788280666,-3.9647180675437816
KFold,ETHUSDT,28,14,common_test,SVR,5,21,36.93832974085916,1.3581275817388763,1.5947843869930487,2.543337240996794,-3.7055512123439103
KFold,ETHUSDT,28,14,common_test,SVR,6,21,36.879234679920444,1.3620368401877307,1.559397358120626,2.431720120513588,-3.195049954670079
KFold,ETHUSDT,28,14,common_test,SVR,7,21,38.89971292293801,1.4339285890432154,1.6072307462565871,2.583190671712506,-3.156497320018749
KFold,ETHUSDT,28,14,common_test,Persistence,1,21,3.350097468826049,0.13278194362369805,0.28902143989366247,0.08353339271820595,0.7989454930744858
KFold,ETHUSDT,28,14,common_test,Persistence,2,21,4.659173594400413,0.17967649341274466,0.3247691915141131,0.10547502775673066,0.7632639123043757
KFold,ETHUSDT,28,14,common_test,Persistence,3,21,6.150658722171256,0.23316451257151619,0.38859071974043446,0.15100274746838888,0.6938497100275742
KFold,ETHUSDT,28,14,common_test,Persistence,4,21,6.913231659792224,0.2580083896274533,0.40461687494695325,0.1637148154918384,0.686635249635164
KFold,ETHUSDT,28,14,common_test,Persistence,5,21,6.931060420022311,0.2631557828806832,0.4104663791563711,0.16848264841774177,0.6882821052035163
KFold,ETHUSDT,28,14,common_test,Persistence,6,21,7.656632768731602,0.2912043698269697,0.4346871958832819,0.1889529582648707,0.6740302914315612
KFold,ETHUSDT,28,14,common_test,Persistence,7,21,8.700048182802837,0.32414253752673233,0.4620833054896334,0.21352098121222585,0.6564328774120147
KFold,ETHUSDT,28,21,common_test,SVR,1,21,39.164800794114605,1.4089922026240327,1.5568391358379754,2.423748094876734,-4.833660794444048
KFold,ETHUSDT,28,21,common_test,SVR,2,21,41.06259902962386,1.489199916758513,1.6271567536793146,2.6476391010442053,-4.942560393127438
KFold,ETHUSDT,28,21,common_test,SVR,3,21,42.49506725963782,1.5415696753746866,1.6859194739402625,2.8423244726110117,-4.762666415508419
KFold,ETHUSDT,28,21,common_test,SVR,4,21,42.20975176477325,1.534147550397562,1.692556774383408,2.8647484345111667,-4.483383866888943
KFold,ETHUSDT,28,21,common_test,SVR,5,21,42.54331456112355,1.5692041478138374,1.7675219901582953,3.124133985693141,-4.780111354065493
KFold,ETHUSDT,28,21,common_test,SVR,6,21,44.50479034422747,1.6512685939153446,1.8737498788166569,3.5109386083654366,-5.056849522124335
KFold,ETHUSDT,28,21,common_test,SVR,7,21,47.217035630127036,1.7560313317337783,2.0262270304850794,4.105595979068382,-5.60613204861275
KFold,ETHUSDT,28,21,common_test,Persistence,1,21,3.350097468826049,0.13278194362369805,0.28902143989366247,0.08353339271820595,0.7989454930744858
KFold,ETHUSDT,28,21,common_test,Persistence,2,21,4.659173594400413,0.17967649341274466,0.3247691915141131,0.10547502775673066,0.7632639123043757
KFold,ETHUSDT,28,21,common_test,Persistence,3,21,6.150658722171256,0.23316451257151619,0.38859071974043446,0.15100274746838888,0.6938497100275742
KFold,ETHUSDT,28,21,common_test,Persistence,4,21,6.913231659792224,0.2580083896274533,0.40461687494695325,0.1637148154918384,0.686635249635164
KFold,ETHUSDT,28,21,common_test,Persistence,5,21,6.931060420022311,0.2631557828806832,0.4104663791563711,0.16848264841774177,0.6882821052035163
KFold,ETHUSDT,28,21,common_test,Persistence,6,21,7.656632768731602,0.2912043698269697,0.4346871958832819,0.1889529582648707,0.6740302914315612
KFold,ETHUSDT,28,21,common_test,Persistence,7,21,8.700048182802837,0.32414253752673233,0.4620833054896334,0.21352098121222585,0.6564328774120147
KFold,ETHUSDT,28,28,common_test,SVR,1,21,36.09814598968136,1.3099411966245582,1.6212352341475238,2.628403684441376,-5.3262413937772495
KFold,ETHUSDT,28,28,common_test,SVR,2,21,37.49690681382175,1.3705460159336624,1.682757918156265,2.8316742111176074,-5.355622640031
KFold,ETHUSDT,28,28,common_test,SVR,3,21,39.27877220344782,1.4340187292023496,1.7231026759006183,2.9690828316958715,-5.019662457241916
KFold,ETHUSDT,28,28,common_test,SVR,4,21,40.68147899079379,1.492667556376527,1.8322926260432721,3.3572962674525506,-5.426164324776777
KFold,ETHUSDT,28,28,common_test,SVR,5,21,41.824388127451954,1.5548941452027851,1.9007277094722659,3.6127658255556865,-5.684152748730832
KFold,ETHUSDT,28,28,common_test,SVR,6,21,43.03159924754536,1.6132941383196677,1.943665800516894,3.777836744098979,-5.517285327530284
KFold,ETHUSDT,28,28,common_test,SVR,7,21,46.83702287551914,1.7467843200071205,2.0428363695776537,4.173180432869208,-5.71487918995785
KFold,ETHUSDT,28,28,common_test,Persistence,1,21,3.350097468826049,0.13278194362369805,0.28902143989366247,0.08353339271820595,0.7989454930744858
KFold,ETHUSDT,28,28,common_test,Persistence,2,21,4.659173594400413,0.17967649341274466,0.3247691915141131,0.10547502775673066,0.7632639123043757
KFold,ETHUSDT,28,28,common_test,Persistence,3,21,6.150658722171256,0.23316451257151619,0.38859071974043446,0.15100274746838888,0.6938497100275742
KFold,ETHUSDT,28,28,common_test,Persistence,4,21,6.913231659792224,0.2580083896274533,0.40461687494695325,0.1637148154918384,0.686635249635164
KFold,ETHUSDT,28,28,common_test,Persistence,5,21,6.931060420022311,0.2631557828806832,0.4104663791563711,0.16848264841774177,0.6882821052035163
KFold,ETHUSDT,28,28,common_test,Persistence,6,21,7.656632768731602,0.2912043698269697,0.4346871958832819,0.1889529582648707,0.6740302914315612
KFold,ETHUSDT,28,28,common_test,Persistence,7,21,8.700048182802837,0.32414253752673233,0.4620833054896334,0.21352098121222585,0.6564328774120147
KFold,XRPUSDT,7,7,common_test,SVR,1,21,203.1317808831055,5.665807285035574,6.474808291243686,41.92314240835798,-28.13123296069171
KFold,XRPUSDT,7,7,common_test,SVR,2,21,172.5919227781259,4.92550639493378,5.744564624045008,33.00002271982937,-15.396996196259504
KFold,XRPUSDT,7,7,common_test,SVR,3,21,129.56175901002476,3.866800471693279,4.508259468678358,20.324403436928073,-7.63356801877066
KFold,XRPUSDT,7,7,common_test,SVR,4,21,120.89476859014401,3.6261746237222363,4.393550804466809,19.30328867143095,-7.558351578957247
KFold,XRPUSDT,7,7,common_test,SVR,5,21,84.71885525869328,2.561526298435664,3.088023948484345,9.535891906412845,-3.4206375967566887
KFold,XRPUSDT,7,7,common_test,SVR,6,21,76.00087337634693,2.5187785019238027,3.1962958603547666,10.21630722692102,-3.757298700099957
KFold,XRPUSDT,7,7,common_test,SVR,7,21,94.72959244957431,3.2195561708431355,4.074632711568898,16.602631734187316,-8.911228405165653
KFold,XRPUSDT,7,7,common_test,Persistence,1,21,17.670725242050604,0.5161145539188269,0.7398039399125548,0.5473098695101389,0.6196894985809316
KFold,XRPUSDT,7,7,common_test,Persistence,2,21,26.594509052627465,0.785252918836953,1.0025234932845835,1.0050533545875244,0.5006107670857172
KFold,XRPUSDT,7,7,common_test,Persistence,3,21,33.34545152313623,0.9001634400120069,1.1472958113743714,1.3162876787971773,0.4408564442035684
KFold,XRPUSDT,7,7,common_test,Persistence,4,21,36.297772193454676,1.0540208654079333,1.3152210929405859,1.7298065233158293,0.23306890125820545
KFold,XRPUSDT,7,7,common_test,Persistence,5,21,38.62669724295787,1.2064814722542703,1.4865991337551614,2.2099769844815964,-0.024498541032786925
KFold,XRPUSDT,7,7,common_test,Persistence,6,21,41.03294121651335,1.4322996482732266,1.7112251488902945,2.9282915101946108,-0.36358050766656524
KFold,XRPUSDT,7,7,common_test,Persistence,7,21,45.4386844762411,1.590016203760481,1.893864135025915,3.5867213619374576,-1.1411554031309752
KFold,XRPUSDT,7,14,common_test,SVR,1,21,264.49055644765076,7.566032256168657,8.422930811335009,70.94576345253662,-48.29825017835348
KFold,XRPUSDT,7,14,common_test,SVR,2,21,262.3828586604069,7.580904674703821,8.412740007426118,70.774194432548,-34.16616357377528
KFold,XRPUSDT,7,14,common_test,SVR,3,21,238.85674166607092,6.782169108275903,7.905383131175941,62.495082450681124,-25.547177478100046
KFold,XRPUSDT,7,14,common_test,SVR,4,21,228.71407591119467,6.204916196671951,7.719201393310918,59.58607015049322,-25.41822055487749
KFold,XRPUSDT,7,14,common_test,SVR,5,21,179.56548110103495,4.837185113207676,6.208215961694745,38.541945427041405,-16.867229901415307
KFold,XRPUSDT,7,14,common_test,SVR,6,21,127.96219102984261,3.864542775344874,5.284465632060441,27.92557701642796,-12.003750600776742
KFold,XRPUSDT,7,14,common_test,SVR,7,21,98.23124580359035,3.217298005829255,4.531962495047871,20.538684056520527,-11.260922972021424
KFold,XRPUSDT,7,14,common_test,Persistence,1,21,17.670725242050604,0.5161145539188269,0.7398039399125548,0.5473098695101389,0.6196894985809316
KFold,XRPUSDT,7,14,common_test,Persistence,2,21,26.594509052627465,0.785252918836953,1.0025234932845835,1.0050533545875244,0.5006107670857172
KFold,XRPUSDT,7,14,common_test,Persistence,3,21,33.34545152313623,0.9001634400120069,1.1472958113743714,1.3162876787971773,0.4408564442035684
KFold,XRPUSDT,7,14,common_test,Persistence,4,21,36.297772193454676,1.0540208654079333,1.3152210929405859,1.7298065233158293,0.23306890125820545
KFold,XRPUSDT,7,14,common_test,Persistence,5,21,38.62669724295787,1.2064814722542703,1.4865991337551614,2.2099769844815964,-0.024498541032786925
KFold,XRPUSDT,7,14,common_test,Persistence,6,21,41.03294121651335,1.4322996482732266,1.7112251488902945,2.9282915101946108,-0.36358050766656524
KFold,XRPUSDT,7,14,common_test,Persistence,7,21,45.4386844762411,1.590016203760481,1.893864135025915,3.5867213619374576,-1.1411554031309752
KFold,XRPUSDT,7,21,common_test,SVR,1,21,373.4953971521663,10.243040262358814,12.24038980692198,149.82714262539952,-103.11074039109103
KFold,XRPUSDT,7,21,common_test,SVR,2,21,350.7410819136976,10.043208244332984,11.319409704293367,128.12903605365085,-62.66454152589666
KFold,XRPUSDT,7,21,common_test,SVR,3,21,312.0496146587762,8.809892422731346,10.150496885878963,103.03258703023855,-42.7670336074534
KFold,XRPUSDT,7,21,common_test,SVR,4,21,302.9914336271783,8.689548649563374,10.131480157934027,102.64689019061089,-44.5097672573294
KFold,XRPUSDT,7,21,common_test,SVR,5,21,221.8741662211358,6.998297127380226,9.339829162648199,87.23240878745376,-39.43909785534975
KFold,XRPUSDT,7,21,common_test,SVR,6,21,183.02504477106547,6.238265220134325,8.901141257724909,79.23031568997258,-35.8941800073501
KFold,XRPUSDT,7,21,common_test,SVR,7,21,200.30682987658392,6.579901233248632,9.218798185879297,84.98623999197143,-49.73400707444428
KFold,XRPUSDT,7,21,common_test,Persistence,1,21,17.670725242050604,0.5161145539188269,0.7398039399125548,0.5473098695101389,0.6196894985809316
KFold,XRPUSDT,7,21,common_test,Persistence,2,21,26.594509052627465,0.785252918836953,1.0025234932845835,1.0050533545875244,0.5006107670857172
KFold,XRPUSDT,7,21,common_test,Persistence,3,21,33.34545152313623,0.9001634400120069,1.1472958113743714,1.3162876787971773,0.4408564442035684
KFold,XRPUSDT,7,21,common_test,Persistence,4,21,36.297772193454676,1.0540208654079333,1.3152210929405859,1.7298065233158293,0.23306890125820545
KFold,XRPUSDT,7,21,common_test,Persistence,5,21,38.62669724295787,1.2064814722542703,1.4865991337551614,2.2099769844815964,-0.024498541032786925
KFold,XRPUSDT,7,21,common_test,Persistence,6,21,41.03294121651335,1.4322996482732266,1.7112251488902945,2.9282915101946108,-0.36358050766656524
KFold,XRPUSDT,7,21,common_test,Persistence,7,21,45.4386844762411,1.590016203760481,1.893864135025915,3.5867213619374576,-1.1411554031309752
KFold,XRPUSDT,7,28,common_test,SVR,1,21,388.9558246419605,10.725275918429402,12.346982438143286,152.4479753278187,-104.93188459973582
KFold,XRPUSDT,7,28,common_test,SVR,2,21,346.5575979457936,9.846001050456,11.170793463929947,124.78662661378,-61.00377070348834
KFold,XRPUSDT,7,28,common_test,SVR,3,21,339.08456428369345,9.660115839038632,11.273810239387902,127.09879731372753,-52.990077254531506
KFold,XRPUSDT,7,28,common_test,SVR,4,21,334.6740391580274,10.044723484266424,13.725100291076018,188.37837800009498,-82.51988183156591
KFold,XRPUSDT,7,28,common_test,SVR,5,21,297.4442477620499,9.842615400538964,13.88574019549652,192.81378077682777,-88.38438657233927
KFold,XRPUSDT,7,28,common_test,SVR,6,21,294.5913846486787,9.467411376095274,14.46809951950518,209.32590370630606,-96.47414868017626
KFold,XRPUSDT,7,28,common_test,SVR,7,21,367.63010515286186,12.14050160194968,17.33741523304626,300.5859669630645,-178.43999611964753
KFold,XRPUSDT,7,28,common_test,Persistence,1,21,17.670725242050604,0.5161145539188269,0.7398039399125548,0.5473098695101389,0.6196894985809316
KFold,XRPUSDT,7,28,common_test,Persistence,2,21,26.594509052627465,0.785252918836953,1.0025234932845835,1.0050533545875244,0.5006107670857172
KFold,XRPUSDT,7,28,common_test,Persistence,3,21,33.34545152313623,0.9001634400120069,1.1472958113743714,1.3162876787971773,0.4408564442035684
KFold,XRPUSDT,7,28,common_test,Persistence,4,21,36.297772193454676,1.0540208654079333,1.3152210929405859,1.7298065233158293,0.23306890125820545
KFold,XRPUSDT,7,28,common_test,Persistence,5,21,38.62669724295787,1.2064814722542703,1.4865991337551614,2.2099769844815964,-0.024498541032786925
KFold,XRPUSDT,7,28,common_test,Persistence,6,21,41.03294121651335,1.4322996482732266,1.7112251488902945,2.9282915101946108,-0.36358050766656524
KFold,XRPUSDT,7,28,common_test,Persistence,7,21,45.4386844762411,1.590016203760481,1.893864135025915,3.5867213619374576,-1.1411554031309752
KFold,XRPUSDT,14,7,common_test,SVR,1,21,409.92514445160185,13.437343091844758,14.370377515808427,206.50774994685239,-263.49106391672507
KFold,XRPUSDT,14,7,common_test,SVR,2,21,376.4112474125188,12.3192899824051,13.156641637680679,173.09721918235292,-183.10131039263572
KFold,XRPUSDT,14,7,common_test,SVR,3,21,346.3542113838274,10.998138438325098,11.829560369794876,139.9384985426215,-136.56375810372015
KFold,XRPUSDT,14,7,common_test,SVR,4,21,286.86030404890505,9.102174195393845,10.038536719823469,100.77221947524413,-103.30595331731685
KFold,XRPUSDT,14,7,common_test,SVR,5,21,228.39163436473115,7.38178773185197,8.333157542657558,69.44151463075055,-79.7704230184891
KFold,XRPUSDT,14,7,common_test,SVR,6,21,154.57944398362395,5.112084344407127,6.033020146425627,36.39733208717749,-35.12622797438464
KFold,XRPUSDT,14,7,common_test,SVR,7,21,94.25874303407852,3.2049957461156784,3.842675441688191,14.766154550153535,-15.294827899682296
KFold,XRPUSDT,14,7,common_test,Persistence,1,21,6.368268520215539,0.20844061039567444,0.35040351900085637,0.1227826261281835,0.8427424277128069
KFold,XRPUSDT,14,7,common_test,Persistence,2,21,11.246629107293927,0.3962124724526182,0.5282343970205171,0.27903157819562924,0.703229899189636
KFold,XRPUSDT,14,7,common_test,Persistence,3,21,15.095576250727028,0.5182339130254617,0.645377507912923,0.41651212771989504,0.590556035818304
KFold,XRPUSDT,14,7,common_test,Persistence,4,21,15.271136533725807,0.5339347903778803,0.6763115318183266,0.45739728807045144,0.5265633681049948
KFold,XRPUSDT,14,7,common_test,Persistence,5,21,16.398760503504075,0.5870282162269627,0.7676794607918321,0.5893317545216382,0.31452279858737
KFold,XRPUSDT,14,7,common_test,Persistence,6,21,21.14414943389386,0.7664931055567189,0.9193288463262891,0.8451655276876257,0.16112965488229614
KFold,XRPUSDT,14,7,common_test,Persistence,7,21,21.88673037076132,0.8142370086624128,0.9850066368447172,0.9702380746281407,-0.07068244437549054
KFold,XRPUSDT,14,14,common_test,SVR,1,21,236.57981575722002,7.350840243540921,8.814720430273413,77.6992962638795,-98.51573023144813
KFold,XRPUSDT,14,14,common_test,SVR,2,21,214.84764250773392,6.6254432049356815,8.50498113849945,72.33470416623138,-75.93314708792555
KFold,XRPUSDT,14,14,common_test,SVR,3,21,214.58541844182318,6.561915610871171,8.130624832713833,66.10706017034283,-63.98523086162274
KFold,XRPUSDT,14,14,common_test,SVR,4,21,205.84874993816075,6.389529094539703,7.631856592565944,58.24523504949226,-59.287694363236305
KFold,XRPUSDT,14,14,common_test,SVR,5,21,170.52837740923817,5.375407285414705,6.677212635989327,44.58516858621553,-50.8589340426712
KFold,XRPUSDT,14,14,common_test,SVR,6,21,147.55373544840523,4.769857107692564,5.617018024174627,31.55089148390262,-30.31588589549632
KFold,XRPUSDT,14,14,common_test,SVR,7,21,125.17966665134992,4.375104205372163,4.988095720874785,24.88109892060934,-26.45692681796321
KFold,XRPUSDT,14,14,common_test,Persistence,1,21,6.368268520215539,0.20844061039567444,0.35040351900085637,0.1227826261281835,0.8427424277128069
KFold,XRPUSDT,14,14,common_test,Persistence,2,21,11.246629107293927,0.3962124724526182,0.5282343970205171,0.27903157819562924,0.703229899189636
KFold,XRPUSDT,14,14,common_test,Persistence,3,21,15.095576250727028,0.5182339130254617,0.645377507912923,0.41651212771989504,0.590556035818304
KFold,XRPUSDT,14,14,common_test,Persistence,4,21,15.271136533725807,0.5339347903778803,0.6763115318183266,0.45739728807045144,0.5265633681049948
KFold,XRPUSDT,14,14,common_test,Persistence,5,21,16.398760503504075,0.5870282162269627,0.7676794607918321,0.5893317545216382,0.31452279858737
KFold,XRPUSDT,14,14,common_test,Persistence,6,21,21.14414943389386,0.7664931055567189,0.9193288463262891,0.8451655276876257,0.16112965488229614
KFold,XRPUSDT,14,14,common_test,Persistence,7,21,21.88673037076132,0.8142370086624128,0.9850066368447172,0.9702380746281407,-0.07068244437549054
KFold,XRPUSDT,14,21,common_test,SVR,1,21,318.8315510036611,9.858955455622532,11.791042004416399,139.02867154991188,-177.06518768728463
KFold,XRPUSDT,14,21,common_test,SVR,2,21,299.6767410001431,9.198907246170913,11.634965456707357,135.37242117877344,-142.97828138290959
KFold,XRPUSDT,14,21,common_test,SVR,3,21,297.71429313827963,9.153892382720029,11.35351489805023,128.90230054024855,-125.71484312896933
KFold,XRPUSDT,14,21,common_test,SVR,4,21,287.6581088378066,9.196149187778323,10.72790048523253,115.08784882105233,-118.12358236257873
KFold,XRPUSDT,14,21,common_test,SVR,5,21,256.13253724695085,8.383866119652781,9.821050067425503,96.45302442687849,-111.1886759785878
KFold,XRPUSDT,14,21,common_test,SVR,6,21,227.51746658116468,7.445901382213686,8.673494103093722,75.22949995640155,-73.6691559511684
KFold,XRPUSDT,14,21,common_test,SVR,7,21,195.7126769395217,6.580326357418905,8.202735343152089,67.28486710979642,-73.25056578428718
KFold,XRPUSDT,14,21,common_test,Persistence,1,21,6.368268520215539,0.20844061039567444,0.35040351900085637,0.1227826261281835,0.8427424277128069
KFold,XRPUSDT,14,21,common_test,Persistence,2,21,11.246629107293927,0.3962124724526182,0.5282343970205171,0.27903157819562924,0.703229899189636
KFold,XRPUSDT,14,21,common_test,Persistence,3,21,15.095576250727028,0.5182339130254617,0.645377507912923,0.41651212771989504,0.590556035818304
KFold,XRPUSDT,14,21,common_test,Persistence,4,21,15.271136533725807,0.5339347903778803,0.6763115318183266,0.45739728807045144,0.5265633681049948
KFold,XRPUSDT,14,21,common_test,Persistence,5,21,16.398760503504075,0.5870282162269627,0.7676794607918321,0.5893317545216382,0.31452279858737
KFold,XRPUSDT,14,21,common_test,Persistence,6,21,21.14414943389386,0.7664931055567189,0.9193288463262891,0.8451655276876257,0.16112965488229614
KFold,XRPUSDT,14,21,common_test,Persistence,7,21,21.88673037076132,0.8142370086624128,0.9850066368447172,0.9702380746281407,-0.07068244437549054
KFold,XRPUSDT,14,28,common_test,SVR,1,21,368.70009111722743,11.651071143197377,13.38414535093648,179.13534677499462,-228.43302837691866
KFold,XRPUSDT,14,28,common_test,SVR,2,21,324.6765694691804,10.002631638169706,12.28122891434212,150.82858364647296,-159.41701897433964
KFold,XRPUSDT,14,28,common_test,SVR,3,21,327.1388184191234,10.277925956535817,12.420327267604433,154.2645294343982,-150.64667787709874
KFold,XRPUSDT,14,28,common_test,SVR,4,21,312.9179055217147,10.33685362024544,12.080674086947013,145.94268639503304,-150.06039257043219
KFold,XRPUSDT,14,28,common_test,SVR,5,21,280.9404886146384,9.663047366786007,11.290263566827276,127.47005140842735,-147.26591886992009
KFold,XRPUSDT,14,28,common_test,SVR,6,21,244.20727114079477,8.328528957497188,10.069930451549894,101.40349929905183,-99.6481992774537
KFold,XRPUSDT,14,28,common_test,SVR,7,21,229.61137279154724,8.072259044671437,11.346832853842004,128.75061581302828,-141.07958609166766
KFold,XRPUSDT,14,28,common_test,Persistence,1,21,6.368268520215539,0.20844061039567444,0.35040351900085637,0.1227826261281835,0.8427424277128069
KFold,XRPUSDT,14,28,common_test,Persistence,2,21,11.246629107293927,0.3962124724526182,0.5282343970205171,0.27903157819562924,0.703229899189636
KFold,XRPUSDT,14,28,common_test,Persistence,3,21,15.095576250727028,0.5182339130254617,0.645377507912923,0.41651212771989504,0.590556035818304
KFold,XRPUSDT,14,28,common_test,Persistence,4,21,15.271136533725807,0.5339347903778803,0.6763115318183266,0.45739728807045144,0.5265633681049948
KFold,XRPUSDT,14,28,common_test,Persistence,5,21,16.398760503504075,0.5870282162269627,0.7676794607918321,0.5893317545216382,0.31452279858737
KFold,XRPUSDT,14,28,common_test,Persistence,6,21,21.14414943389386,0.7664931055567189,0.9193288463262891,0.8451655276876257,0.16112965488229614
KFold,XRPUSDT,14,28,common_test,Persistence,7,21,21.88673037076132,0.8142370086624128,0.9850066368447172,0.9702380746281407,-0.07068244437549054
KFold,XRPUSDT,21,7,common_test,SVR,1,21,420.00953170106436,14.999627319584922,15.76127061016877,248.41765124696983,-284.57328975206127
KFold,XRPUSDT,21,7,common_test,SVR,2,21,387.0983402511121,13.963784021921052,15.009333206711208,225.28008331008377,-235.430283020939
KFold,XRPUSDT,21,7,common_test,SVR,3,21,356.15461648926106,12.942993941340447,14.228987475292625,202.46408457203438,-235.94768278196076
KFold,XRPUSDT,21,7,common_test,SVR,4,21,321.0937381496728,11.487636852158879,12.985306381805483,168.61818182935818,-211.65023486208895
KFold,XRPUSDT,21,7,common_test,SVR,5,21,288.3130052459099,10.08181501760997,11.659494142010436,135.94380364757566,-197.58351314834147
KFold,XRPUSDT,21,7,common_test,SVR,6,21,259.89560490748516,9.21866363000182,10.506755308794244,110.39190711887602,-154.94579868274164
KFold,XRPUSDT,21,7,common_test,SVR,7,21,208.0126450848001,7.5388337781491215,8.914836420361501,79.47430840180387,-117.70638011957217
KFold,XRPUSDT,21,7,common_test,Persistence,1,21,3.958959572409648,0.12859335462540233,0.2155789548525466,0.04647428577531633,0.9465745907703634
KFold,XRPUSDT,21,7,common_test,Persistence,2,21,9.381488917737054,0.3280192610004655,0.514978078389061,0.2652024212212898,0.7216714296892253
KFold,XRPUSDT,21,7,common_test,Persistence,3,21,13.36669277033548,0.46161848949369577,0.6387675481693025,0.4080239805942221,0.5224815456744629
KFold,XRPUSDT,21,7,common_test,Persistence,4,21,17.89326477839606,0.6029556273763356,0.7885495522968835,0.6218103964276155,0.2158133517663231
KFold,XRPUSDT,21,7,common_test,Persistence,5,21,20.288904203738124,0.6934879784733725,0.877454258131703,0.7699259751134572,-0.12468976812331167
KFold,XRPUSDT,21,7,common_test,Persistence,6,21,20.69871203982344,0.7208048359452692,0.8926053802744037,0.7967443648948128,-0.12552577061375803
KFold,XRPUSDT,21,7,common_test,Persistence,7,21,20.74741614639308,0.7397261360075907,0.8878531643527563,0.7882832414512024,-0.17741509153505297
KFold,XRPUSDT,21,14,common_test,SVR,1,21,368.21166098128646,12.698140999527658,13.749122349241873,189.03836537442234,-216.3126894097242
KFold,XRPUSDT,21,14,common_test,SVR,2,21,315.5266602965618,10.920089416717234,12.205728572899767,148.9798099953018,-155.35354055294903
KFold,XRPUSDT,21,14,common_test,SVR,3,21,293.1385384668348,10.11221331845543,11.148662867086871,124.29268372396167,-144.46216163423085
KFold,XRPUSDT,21,14,common_test,SVR,4,21,265.5480179563224,8.933691146762866,10.003288249118874,100.06577579495975,-125.19641899584536
KFold,XRPUSDT,21,14,common_test,SVR,5,21,227.21082600110194,7.640956802291726,8.513462627325719,72.47904590687173,-104.87568671492875
KFold,XRPUSDT,21,14,common_test,SVR,6,21,186.88646232438109,6.349585016816381,7.191731649323454,51.72100411588065,-72.06399088511823
KFold,XRPUSDT,21,14,common_test,SVR,7,21,135.75647329450695,4.665864387568929,5.737595387961587,32.92000083595807,-48.170785016622744
KFold,XRPUSDT,21,14,common_test,Persistence,1,21,3.958959572409648,0.12859335462540233,0.2155789548525466,0.04647428577531633,0.9465745907703634
KFold,XRPUSDT,21,14,common_test,Persistence,2,21,9.381488917737054,0.3280192610004655,0.514978078389061,0.2652024212212898,0.7216714296892253
KFold,XRPUSDT,21,14,common_test,Persistence,3,21,13.36669277033548,0.46161848949369577,0.6387675481693025,0.4080239805942221,0.5224815456744629
KFold,XRPUSDT,21,14,common_test,Persistence,4,21,17.89326477839606,0.6029556273763356,0.7885495522968835,0.6218103964276155,0.2158133517663231
KFold,XRPUSDT,21,14,common_test,Persistence,5,21,20.288904203738124,0.6934879784733725,0.877454258131703,0.7699259751134572,-0.12468976812331167
KFold,XRPUSDT,21,14,common_test,Persistence,6,21,20.69871203982344,0.7208048359452692,0.8926053802744037,0.7967443648948128,-0.12552577061375803
KFold,XRPUSDT,21,14,common_test,Persistence,7,21,20.74741614639308,0.7397261360075907,0.8878531643527563,0.7882832414512024,-0.17741509153505297
KFold,XRPUSDT,21,21,common_test,SVR,1,21,310.4319806084418,11.107272648929744,12.46608931228257,155.4033827418057,-177.64694809490712
KFold,XRPUSDT,21,21,common_test,SVR,2,21,298.5300303847409,10.577432612662005,12.25706935978707,150.23574929063102,-156.67164235177998
KFold,XRPUSDT,21,21,common_test,SVR,3,21,300.2848195800727,10.474650123400066,11.960751430634277,143.0595747854199,-166.42542173260108
KFold,XRPUSDT,21,21,common_test,SVR,4,21,306.10801548164164,10.476801512245336,11.744467803428078,137.93252398575876,-172.95148792658503
KFold,XRPUSDT,21,21,common_test,SVR,5,21,287.04667940003554,9.797575163212045,10.782254253195726,116.25700678055732,-168.82550300302228
KFold,XRPUSDT,21,21,common_test,SVR,6,21,258.9232762376975,9.00801335779877,9.788780402551817,95.82022176938251,-134.36101879001515
KFold,XRPUSDT,21,21,common_test,SVR,7,21,226.14657868671134,8.007040094421834,8.879190843875929,78.84003004197014,-116.75899360438065
KFold,XRPUSDT,21,21,common_test,Persistence,1,21,3.958959572409648,0.12859335462540233,0.2155789548525466,0.04647428577531633,0.9465745907703634
KFold,XRPUSDT,21,21,common_test,Persistence,2,21,9.381488917737054,0.3280192610004655,0.514978078389061,0.2652024212212898,0.7216714296892253
KFold,XRPUSDT,21,21,common_test,Persistence,3,21,13.36669277033548,0.46161848949369577,0.6387675481693025,0.4080239805942221,0.5224815456744629
KFold,XRPUSDT,21,21,common_test,Persistence,4,21,17.89326477839606,0.6029556273763356,0.7885495522968835,0.6218103964276155,0.2158133517663231
KFold,XRPUSDT,21,21,common_test,Persistence,5,21,20.288904203738124,0.6934879784733725,0.877454258131703,0.7699259751134572,-0.12468976812331167
KFold,XRPUSDT,21,21,common_test,Persistence,6,21,20.69871203982344,0.7208048359452692,0.8926053802744037,0.7967443648948128,-0.12552577061375803
KFold,XRPUSDT,21,21,common_test,Persistence,7,21,20.74741614639308,0.7397261360075907,0.8878531643527563,0.7882832414512024,-0.17741509153505297
KFold,XRPUSDT,21,28,common_test,SVR,1,21,367.2590517012131,13.326411726098833,14.71981950713062,216.6730863225031,-248.0807144792386
KFold,XRPUSDT,21,28,common_test,SVR,2,21,342.2516171873824,12.280624338593704,14.016568095187901,196.4641811670394,-205.18814266356856
KFold,XRPUSDT,21,28,common_test,SVR,3,21,346.840699686096,12.332567175302607,14.029214856174892,196.8188694807183,-229.3409770172295
KFold,XRPUSDT,21,28,common_test,SVR,4,21,352.53101566004597,12.319946583834431,14.197893997519593,201.5801939648029,-253.21977111306597
KFold,XRPUSDT,21,28,common_test,SVR,5,21,325.9099971446388,11.445800563714336,13.270185539206993,176.0978242449784,-256.23956265785
KFold,XRPUSDT,21,28,common_test,SVR,6,21,271.2290088225697,9.685567783472688,11.140192973882606,124.10389949534337,-174.3161280709023
KFold,XRPUSDT,21,28,common_test,SVR,7,21,224.4626729519016,8.289719134285454,10.188363344416494,103.80274763784966,-154.04442462408298
KFold,XRPUSDT,21,28,common_test,Persistence,1,21,3.958959572409648,0.12859335462540233,0.2155789548525466,0.04647428577531633,0.9465745907703634
KFold,XRPUSDT,21,28,common_test,Persistence,2,21,9.381488917737054,0.3280192610004655,0.514978078389061,0.2652024212212898,0.7216714296892253
KFold,XRPUSDT,21,28,common_test,Persistence,3,21,13.36669277033548,0.46161848949369577,0.6387675481693025,0.4080239805942221,0.5224815456744629
KFold,XRPUSDT,21,28,common_test,Persistence,4,21,17.89326477839606,0.6029556273763356,0.7885495522968835,0.6218103964276155,0.2158133517663231
KFold,XRPUSDT,21,28,common_test,Persistence,5,21,20.288904203738124,0.6934879784733725,0.877454258131703,0.7699259751134572,-0.12468976812331167
KFold,XRPUSDT,21,28,common_test,Persistence,6,21,20.69871203982344,0.7208048359452692,0.8926053802744037,0.7967443648948128,-0.12552577061375803
KFold,XRPUSDT,21,28,common_test,Persistence,7,21,20.74741614639308,0.7397261360075907,0.8878531643527563,0.7882832414512024,-0.17741509153505297
KFold,XRPUSDT,28,7,common_test,SVR,1,21,638.4879392774013,22.61647210812361,23.330883587149774,544.3301289571348,-694.3433970865789
KFold,XRPUSDT,28,7,common_test,SVR,2,21,615.8081706868213,21.769405328629677,22.47383145795459,505.0731004005492,-658.747680979165
KFold,XRPUSDT,28,7,common_test,SVR,3,21,592.5531094300233,21.215080617692347,21.91461941267232,480.25054400227447,-622.8828899534523
KFold,XRPUSDT,28,7,common_test,SVR,4,21,559.9536075074459,20.280042681295452,20.97678974943172,440.02570819186377,-598.543421620733
KFold,XRPUSDT,28,7,common_test,SVR,5,21,522.3152917805671,19.07534340885106,19.70936243285619,388.45896750968285,-555.9643659919204
KFold,XRPUSDT,28,7,common_test,SVR,6,21,489.15903206254563,18.012903515279387,18.553027263365312,344.2148206351766,-456.35655493014616
KFold,XRPUSDT,28,7,common_test,SVR,7,21,446.8336233514477,16.51185121331948,16.975428488137805,288.16517235588054,-394.95818099494403
KFold,XRPUSDT,28,7,common_test,Persistence,1,21,3.648822501332425,0.1328918652255602,0.2757475335970952,0.07603670228488114,0.902868468862223
KFold,XRPUSDT,28,7,common_test,Persistence,2,21,6.796003349495586,0.2518449010882195,0.4196453860279788,0.17610225001457133,0.7699678502573442
KFold,XRPUSDT,28,7,common_test,Persistence,3,21,6.716788996878013,0.25729339554448055,0.39564567308606635,0.15653549863172647,0.7966481860638899
KFold,XRPUSDT,28,7,common_test,Persistence,4,21,7.116180209159611,0.2691130659438319,0.37716572898416534,0.14225398712015686,0.8061762288215606
KFold,XRPUSDT,28,7,common_test,Persistence,5,21,8.741353423778062,0.32920974304102824,0.46983709454563133,0.2207468954110805,0.6834977052132216
KFold,XRPUSDT,28,7,common_test,Persistence,6,21,10.980488560786396,0.40884158423300543,0.5748444123905645,0.3304460984566534,0.5609378791379147
KFold,XRPUSDT,28,7,common_test,Persistence,7,21,12.838124754336274,0.46692163777163537,0.6164078851070418,0.379958680822136,0.47791141142563087
KFold,XRPUSDT,28,14,common_test,SVR,1,21,511.27093862432605,18.074532187777486,18.567621634724095,344.75657317027424,-439.402237545488
KFold,XRPUSDT,28,14,common_test,SVR,2,21,471.8530002695349,16.618453482081744,17.176201805890578,295.02190847667873,-384.36999852333577
KFold,XRPUSDT,28,14,common_test,SVR,3,21,439.80922324800736,15.740473928867832,16.28811678164274,265.30274829243183,-343.64894914620186
KFold,XRPUSDT,28,14,common_test,SVR,4,21,408.1607807206216,14.825906977537397,15.448901864817646,238.66856882876613,-324.1904780220923
KFold,XRPUSDT,28,14,common_test,SVR,5,21,367.6272352837109,13.518431371868092,14.11403724715484,199.20604741407416,-284.61747618033985
KFold,XRPUSDT,28,14,common_test,SVR,6,21,329.232022438733,12.167530499092265,12.853603898447421,165.21513317818273,-218.5205424137887
KFold,XRPUSDT,28,14,common_test,SVR,7,21,286.82152783229543,10.582688041244827,11.343757998706016,128.6808455332067,-175.8160708307057
KFold,XRPUSDT,28,14,common_test,Persistence,1,21,3.648822501332425,0.1328918652255602,0.2757475335970952,0.07603670228488114,0.902868468862223
KFold,XRPUSDT,28,14,common_test,Persistence,2,21,6.796003349495586,0.2518449010882195,0.4196453860279788,0.17610225001457133,0.7699678502573442
KFold,XRPUSDT,28,14,common_test,Persistence,3,21,6.716788996878013,0.25729339554448055,0.39564567308606635,0.15653549863172647,0.7966481860638899
KFold,XRPUSDT,28,14,common_test,Persistence,4,21,7.116180209159611,0.2691130659438319,0.37716572898416534,0.14225398712015686,0.8061762288215606
KFold,XRPUSDT,28,14,common_test,Persistence,5,21,8.741353423778062,0.32920974304102824,0.46983709454563133,0.2207468954110805,0.6834977052132216
KFold,XRPUSDT,28,14,common_test,Persistence,6,21,10.980488560786396,0.40884158423300543,0.5748444123905645,0.3304460984566534,0.5609378791379147
KFold,XRPUSDT,28,14,common_test,Persistence,7,21,12.838124754336274,0.46692163777163537,0.6164078851070418,0.379958680822136,0.47791141142563087
KFold,XRPUSDT,28,21,common_test,SVR,1,21,409.0456217481221,14.665939012842511,16.010901535871906,256.3489679913854,-326.46774936796777
KFold,XRPUSDT,28,21,common_test,SVR,2,21,391.86978889145905,13.915736188685482,15.88984538307438,252.48718629801022,-328.8093592887085
KFold,XRPUSDT,28,21,common_test,SVR,3,21,359.2247258163153,13.037576611766942,15.277203363115152,233.39294259797694,-302.1956243282807
KFold,XRPUSDT,28,21,common_test,SVR,4,21,346.65200143755743,12.857787003815385,14.999715794716565,224.99147392226956,-305.5551752990591
KFold,XRPUSDT,28,21,common_test,SVR,5,21,325.9559855286289,12.34923659453529,14.08567952111177,198.4063675714675,-283.4709118999752
KFold,XRPUSDT,28,21,common_test,SVR,6,21,310.67835641264435,11.850918667181485,13.441189579665139,180.66557731649868,-239.04947225533752
KFold,XRPUSDT,28,21,common_test,SVR,7,21,301.33165844148925,11.518517596778018,12.943895144155904,167.5444215029028,-229.21721824249374
KFold,XRPUSDT,28,21,common_test,Persistence,1,21,3.648822501332425,0.1328918652255602,0.2757475335970952,0.07603670228488114,0.902868468862223
KFold,XRPUSDT,28,21,common_test,Persistence,2,21,6.796003349495586,0.2518449010882195,0.4196453860279788,0.17610225001457133,0.7699678502573442
KFold,XRPUSDT,28,21,common_test,Persistence,3,21,6.716788996878013,0.25729339554448055,0.39564567308606635,0.15653549863172647,0.7966481860638899
KFold,XRPUSDT,28,21,common_test,Persistence,4,21,7.116180209159611,0.2691130659438319,0.37716572898416534,0.14225398712015686,0.8061762288215606
KFold,XRPUSDT,28,21,common_test,Persistence,5,21,8.741353423778062,0.32920974304102824,0.46983709454563133,0.2207468954110805,0.6834977052132216
KFold,XRPUSDT,28,21,common_test,Persistence,6,21,10.980488560786396,0.40884158423300543,0.5748444123905645,0.3304460984566534,0.5609378791379147
KFold,XRPUSDT,28,21,common_test,Persistence,7,21,12.838124754336274,0.46692163777163537,0.6164078851070418,0.379958680822136,0.47791141142563087
KFold,XRPUSDT,28,28,common_test,SVR,1,21,422.22952552492234,15.246111790424404,16.647958197413075,277.1545121428132,-353.04536647728617
KFold,XRPUSDT,28,28,common_test,SVR,2,21,392.12367413942366,14.07867847854263,15.780886346629504,249.03637388523748,-324.30176328920777
KFold,XRPUSDT,28,28,common_test,SVR,3,21,373.4833271071221,13.811252488465227,15.718944636651504,247.08522049011506,-319.9829605594968
KFold,XRPUSDT,28,28,common_test,SVR,4,21,365.5770315373008,13.84587433558083,16.003211198595412,256.10276866684967,-347.9449078873278
KFold,XRPUSDT,28,28,common_test,SVR,5,21,340.13064233100295,13.352110710451852,15.523520252225923,240.9796810212684,-344.5116408236873
KFold,XRPUSDT,28,28,common_test,SVR,6,21,297.97425518839805,11.855108109471585,13.82251054086739,191.06179765239008,-252.86287955820748
KFold,XRPUSDT,28,28,common_test,SVR,7,21,284.97440939151846,11.480580570755368,13.933810230902843,194.15106755081274,-265.7765258277143
KFold,XRPUSDT,28,28,common_test,Persistence,1,21,3.648822501332425,0.1328918652255602,0.2757475335970952,0.07603670228488114,0.902868468862223
KFold,XRPUSDT,28,28,common_test,Persistence,2,21,6.796003349495586,0.2518449010882195,0.4196453860279788,0.17610225001457133,0.7699678502573442
KFold,XRPUSDT,28,28,common_test,Persistence,3,21,6.716788996878013,0.25729339554448055,0.39564567308606635,0.15653549863172647,0.7966481860638899
KFold,XRPUSDT,28,28,common_test,Persistence,4,21,7.116180209159611,0.2691130659438319,0.37716572898416534,0.14225398712015686,0.8061762288215606
KFold,XRPUSDT,28,28,common_test,Persistence,5,21,8.741353423778062,0.32920974304102824,0.46983709454563133,0.2207468954110805,0.6834977052132216
KFold,XRPUSDT,28,28,common_test,Persistence,6,21,10.980488560786396,0.40884158423300543,0.5748444123905645,0.3304460984566534,0.5609378791379147
KFold,XRPUSDT,28,28,common_test,Persistence,7,21,12.838124754336274,0.46692163777163537,0.6164078851070418,0.379958680822136,0.47791141142563087
ForwardChaining,BNBUSDT,7,7,all_available_test,SVR,1,358,135.63275599132126,2.112867516886388,2.45430932839688,6.023634279455944,-2.9508458838202505
ForwardChaining,BNBUSDT,7,7,all_available_test,SVR,2,358,137.92947033956895,2.1203690006840668,2.454301946479482,6.0235980444929735,-2.9390673949277653
ForwardChaining,BNBUSDT,7,7,all_available_test,SVR,3,358,143.91280901301278,2.2038935905123127,2.5981341316084374,6.750300965828729,-3.4041320205976184
ForwardChaining,BNBUSDT,7,7,all_available_test,SVR,4,358,153.09859862912526,2.3447439368223817,2.810083276784326,7.896568022462935,-4.146543018220397
ForwardChaining,BNBUSDT,7,7,all_available_test,SVR,5,358,168.6881381877477,2.5938433727830668,3.1166518267301955,9.713518609060664,-5.345381740198531
ForwardChaining,BNBUSDT,7,7,all_available_test,SVR,6,358,185.83422125028562,2.897657426030319,3.4411848746634988,11.841753341612838,-6.73776803338316
ForwardChaining,BNBUSDT,7,7,all_available_test,SVR,7,358,200.1663849325084,3.1596002828840093,3.7067879778995354,13.740277113100527,-7.960683884932946
ForwardChaining,BNBUSDT,7,7,all_available_test,Persistence,1,358,15.55765308963223,0.28845637838696125,0.47082922508908454,0.2216801591979878,0.8546020385933701
ForwardChaining,BNBUSDT,7,7,all_available_test,Persistence,2,358,26.135409502443803,0.4838117962008727,0.692277479475256,0.47924810858861344,0.6866008348036925
ForwardChaining,BNBUSDT,7,7,all_available_test,Persistence,3,358,35.208244682932275,0.6448497258915122,0.8873046618679903,0.7873095629726685,0.4863317541005441
ForwardChaining,BNBUSDT,7,7,all_available_test,Persistence,4,358,43.3881304195415,0.7912386500935131,1.0516125673333991,1.105888991773543,0.27924317838476065
ForwardChaining,BNBUSDT,7,7,all_available_test,Persistence,5,358,50.008060069770245,0.9095500791509541,1.1854222301787118,1.4052258638018706,0.08203248525146156
ForwardChaining,BNBUSDT,7,7,all_available_test,Persistence,6,358,54.97824967087356,1.0033191908436685,1.2981863082473561,1.6852876909208998,-0.10121912234373309
ForwardChaining,BNBUSDT,7,7,all_available_test,Persistence,7,358,58.809060183696914,1.0784029417729557,1.3968338409681138,1.951144779273734,-0.27243369525201544
ForwardChaining,BNBUSDT,7,14,all_available_test,SVR,1,358,136.745744808222,2.2062396422182604,2.734424035272757,7.477074804677347,-3.904144050681597
ForwardChaining,BNBUSDT,7,14,all_available_test,SVR,2,358,141.9911163645108,2.280753255538708,2.8415316595741458,8.074302172362199,-4.28010338489037
ForwardChaining,BNBUSDT,7,14,all_available_test,SVR,3,358,149.46453825710287,2.3865571196446025,3.0199883220723494,9.120329465453365,-4.950421357586362
ForwardChaining,BNBUSDT,7,14,all_available_test,SVR,4,358,155.51264771661474,2.4956270797086564,3.194593495648788,10.205427602441544,-5.651329036347294
ForwardChaining,BNBUSDT,7,14,all_available_test,SVR,5,358,166.00348995364686,2.6883010508555008,3.428482048427382,11.754489156388818,-6.678651152089992
ForwardChaining,BNBUSDT,7,14,all_available_test,SVR,6,358,180.36257569948873,2.946535282720162,3.7203896062284576,13.841298822132739,-8.044332919014815
ForwardChaining,BNBUSDT,7,14,all_available_test,SVR,7,358,194.21435986306778,3.197573259851588,4.029338435259333,16.235568225858124,-9.58798111323884
ForwardChaining,BNBUSDT,7,14,all_available_test,Persistence,1,358,15.55765308963223,0.28845637838696125,0.47082922508908454,0.2216801591979878,0.8546020385933701
ForwardChaining,BNBUSDT,7,14,all_available_test,Persistence,2,358,26.135409502443803,0.4838117962008727,0.692277479475256,0.47924810858861344,0.6866008348036925
ForwardChaining,BNBUSDT,7,14,all_available_test,Persistence,3,358,35.208244682932275,0.6448497258915122,0.8873046618679903,0.7873095629726685,0.4863317541005441
ForwardChaining,BNBUSDT,7,14,all_available_test,Persistence,4,358,43.3881304195415,0.7912386500935131,1.0516125673333991,1.105888991773543,0.27924317838476065
ForwardChaining,BNBUSDT,7,14,all_available_test,Persistence,5,358,50.008060069770245,0.9095500791509541,1.1854222301787118,1.4052258638018706,0.08203248525146156
ForwardChaining,BNBUSDT,7,14,all_available_test,Persistence,6,358,54.97824967087356,1.0033191908436685,1.2981863082473561,1.6852876909208998,-0.10121912234373309
ForwardChaining,BNBUSDT,7,14,all_available_test,Persistence,7,358,58.809060183696914,1.0784029417729557,1.3968338409681138,1.951144779273734,-0.27243369525201544
ForwardChaining,BNBUSDT,7,21,all_available_test,SVR,1,358,135.01403652229916,2.3656065678461005,3.285752621477396,10.796170289545582,-6.081108010648708
ForwardChaining,BNBUSDT,7,21,all_available_test,SVR,2,358,146.24784402453398,2.4758164935380407,3.336553396318295,11.13258856648315,-6.28003700105301
ForwardChaining,BNBUSDT,7,21,all_available_test,SVR,3,358,161.49355475734865,2.6576267758645042,3.4694126701461516,12.03682427577065,-6.853244394225324
ForwardChaining,BNBUSDT,7,21,all_available_test,SVR,4,358,173.4881562456259,2.8111915469444746,3.6305964364632186,13.181230484459421,-7.590791534800195
ForwardChaining,BNBUSDT,7,21,all_available_test,SVR,5,358,191.6258196442185,3.0743117094102432,3.888581660290607,15.121067328748452,-8.87787725352715
ForwardChaining,BNBUSDT,7,21,all_available_test,SVR,6,358,208.74809682785207,3.3418957746524427,4.130327976103601,17.059609190184066,-10.14727649240472
ForwardChaining,BNBUSDT,7,21,all_available_test,SVR,7,358,223.8719279735689,3.596436798084716,4.3778859739941725,19.165885601294903,-11.498979520889604
ForwardChaining,BNBUSDT,7,21,all_available_test,Persistence,1,358,15.55765308963223,0.28845637838696125,0.47082922508908454,0.2216801591979878,0.8546020385933701
ForwardChaining,BNBUSDT,7,21,all_available_test,Persistence,2,358,26.135409502443803,0.4838117962008727,0.692277479475256,0.47924810858861344,0.6866008348036925
ForwardChaining,BNBUSDT,7,21,all_available_test,Persistence,3,358,35.208244682932275,0.6448497258915122,0.8873046618679903,0.7873095629726685,0.4863317541005441
ForwardChaining,BNBUSDT,7,21,all_available_test,Persistence,4,358,43.3881304195415,0.7912386500935131,1.0516125673333991,1.105888991773543,0.27924317838476065
ForwardChaining,BNBUSDT,7,21,all_available_test,Persistence,5,358,50.008060069770245,0.9095500791509541,1.1854222301787118,1.4052258638018706,0.08203248525146156
ForwardChaining,BNBUSDT,7,21,all_available_test,Persistence,6,358,54.97824967087356,1.0033191908436685,1.2981863082473561,1.6852876909208998,-0.10121912234373309
ForwardChaining,BNBUSDT,7,21,all_available_test,Persistence,7,358,58.809060183696914,1.0784029417729557,1.3968338409681138,1.951144779273734,-0.27243369525201544
ForwardChaining,BNBUSDT,7,28,all_available_test,SVR,1,358,145.52056282402222,2.444427822600574,3.205780049221511,10.277025723986675,-5.740605902653647
ForwardChaining,BNBUSDT,7,28,all_available_test,SVR,2,358,157.42073681865187,2.5842788607419958,3.299672010286192,10.887835375466121,-6.119983274456641
ForwardChaining,BNBUSDT,7,28,all_available_test,SVR,3,358,171.85079955304033,2.7713820912934515,3.478130002752934,12.097388316050125,-6.892758488551168
ForwardChaining,BNBUSDT,7,28,all_available_test,SVR,4,358,182.42468209699433,2.910970678925977,3.648921845420876,13.31463063398969,-7.677734318835178
ForwardChaining,BNBUSDT,7,28,all_available_test,SVR,5,358,200.95764212565868,3.188310160027661,3.9673978125732416,15.740245403210942,-9.282356969452202
ForwardChaining,BNBUSDT,7,28,all_available_test,SVR,6,358,223.3177216291106,3.562544164706453,4.36599077589396,19.06187545519114,-11.45561922280507
ForwardChaining,BNBUSDT,7,28,all_available_test,SVR,7,358,236.99469064605856,3.8022493725180544,4.655608108958192,21.67468686419727,-13.135087356411699
ForwardChaining,BNBUSDT,7,28,all_available_test,Persistence,1,358,15.55765308963223,0.28845637838696125,0.47082922508908454,0.2216801591979878,0.8546020385933701
ForwardChaining,BNBUSDT,7,28,all_available_test,Persistence,2,358,26.135409502443803,0.4838117962008727,0.692277479475256,0.47924810858861344,0.6866008348036925
ForwardChaining,BNBUSDT,7,28,all_available_test,Persistence,3,358,35.208244682932275,0.6448497258915122,0.8873046618679903,0.7873095629726685,0.4863317541005441
ForwardChaining,BNBUSDT,7,28,all_available_test,Persistence,4,358,43.3881304195415,0.7912386500935131,1.0516125673333991,1.105888991773543,0.27924317838476065
ForwardChaining,BNBUSDT,7,28,all_available_test,Persistence,5,358,50.008060069770245,0.9095500791509541,1.1854222301787118,1.4052258638018706,0.08203248525146156
ForwardChaining,BNBUSDT,7,28,all_available_test,Persistence,6,358,54.97824967087356,1.0033191908436685,1.2981863082473561,1.6852876909208998,-0.10121912234373309
ForwardChaining,BNBUSDT,7,28,all_available_test,Persistence,7,358,58.809060183696914,1.0784029417729557,1.3968338409681138,1.951144779273734,-0.27243369525201544
ForwardChaining,BNBUSDT,14,7,all_available_test,SVR,1,358,100.46925090673295,1.9364341972834151,2.1853257851685224,4.775648787322419,-2.9941459329685167
ForwardChaining,BNBUSDT,14,7,all_available_test,SVR,2,358,101.98975962553783,1.9863752581424259,2.2205127094135553,4.930676692667127,-3.1207950116315937
ForwardChaining,BNBUSDT,14,7,all_available_test,SVR,3,358,104.44578345853819,2.0421047850523437,2.286590915981482,5.228498017049034,-3.366034836696353
ForwardChaining,BNBUSDT,14,7,all_available_test,SVR,4,358,106.7533699643627,2.074398285821832,2.327762225097807,5.418476976592294,-3.5207511613662543
ForwardChaining,BNBUSDT,14,7,all_available_test,SVR,5,358,113.28082560133265,2.200955205392112,2.485958393790181,6.179989135655857,-4.150472099406179
ForwardChaining,BNBUSDT,14,7,all_available_test,SVR,6,358,119.26967735733936,2.3144914898865925,2.634466935429043,6.940416033868892,-4.781022643473036
ForwardChaining,BNBUSDT,14,7,all_available_test,SVR,7,358,125.6723437775463,2.429639245848201,2.7437384228791957,7.528100533183616,-5.254019065297175
ForwardChaining,BNBUSDT,14,7,all_available_test,Persistence,1,358,6.470116498356941,0.14751488045213254,0.2633386991359932,0.06934727046263717,0.9420009446640847
ForwardChaining,BNBUSDT,14,7,all_available_test,Persistence,2,358,10.918717646252242,0.2483115324851507,0.3839212092923668,0.1473954949445133,0.8768147542085609
ForwardChaining,BNBUSDT,14,7,all_available_test,Persistence,3,358,14.487493958139455,0.33099449309016676,0.497591289842816,0.2475970917274373,0.7932451108479486
ForwardChaining,BNBUSDT,14,7,all_available_test,Persistence,4,358,17.744846753156775,0.4074750278137638,0.5922575289104428,0.35076898055110395,0.7073459418489697
ForwardChaining,BNBUSDT,14,7,all_available_test,Persistence,5,358,20.988563350927464,0.4835712697635637,0.6801977470417223,0.46266897508063487,0.6144064989265117
ForwardChaining,BNBUSDT,14,7,all_available_test,Persistence,6,358,23.77442511473677,0.5499310023547622,0.7633783014451297,0.5827464311172514,0.5146010992349728
ForwardChaining,BNBUSDT,14,7,all_available_test,Persistence,7,358,26.38804296374376,0.6055379044047994,0.8380162263316192,0.7022711955950877,0.41658358215318014
ForwardChaining,BNBUSDT,14,14,all_available_test,SVR,1,358,95.86812465531433,1.91289501229319,2.2804106782778835,5.200272861603796,-3.349283128951974
ForwardChaining,BNBUSDT,14,14,all_available_test,SVR,2,358,94.59764356606172,1.8737116571099266,2.231168912977632,4.978114718237788,-3.160441167994665
ForwardChaining,BNBUSDT,14,14,all_available_test,SVR,3,358,95.10306897592834,1.874165554170457,2.256246809427509,5.0906496650518145,-3.250925161788084
ForwardChaining,BNBUSDT,14,14,all_available_test,SVR,4,358,100.1780326594358,1.981218004637642,2.374507702815408,5.638286830729705,-3.7041432211026404
ForwardChaining,BNBUSDT,14,14,all_available_test,SVR,5,358,106.00430462831459,2.1014868379470433,2.507490332262603,6.28750776639042,-4.240079329388139
ForwardChaining,BNBUSDT,14,14,all_available_test,SVR,6,358,114.61164479184521,2.2874891577410845,2.7298547864355145,7.452107155024889,-5.207235991985798
ForwardChaining,BNBUSDT,14,14,all_available_test,SVR,7,358,125.0187879141016,2.4993944485135513,2.970836392488981,8.825868870936944,-6.332148653348251
ForwardChaining,BNBUSDT,14,14,all_available_test,Persistence,1,358,6.470116498356941,0.14751488045213254,0.2633386991359932,0.06934727046263717,0.9420009446640847
ForwardChaining,BNBUSDT,14,14,all_available_test,Persistence,2,358,10.918717646252242,0.2483115324851507,0.3839212092923668,0.1473954949445133,0.8768147542085609
ForwardChaining,BNBUSDT,14,14,all_available_test,Persistence,3,358,14.487493958139455,0.33099449309016676,0.497591289842816,0.2475970917274373,0.7932451108479486
ForwardChaining,BNBUSDT,14,14,all_available_test,Persistence,4,358,17.744846753156775,0.4074750278137638,0.5922575289104428,0.35076898055110395,0.7073459418489697
ForwardChaining,BNBUSDT,14,14,all_available_test,Persistence,5,358,20.988563350927464,0.4835712697635637,0.6801977470417223,0.46266897508063487,0.6144064989265117
ForwardChaining,BNBUSDT,14,14,all_available_test,Persistence,6,358,23.77442511473677,0.5499310023547622,0.7633783014451297,0.5827464311172514,0.5146010992349728
ForwardChaining,BNBUSDT,14,14,all_available_test,Persistence,7,358,26.38804296374376,0.6055379044047994,0.8380162263316192,0.7022711955950877,0.41658358215318014
ForwardChaining,BNBUSDT,14,21,all_available_test,SVR,1,358,104.43676914026749,2.203037851709034,2.8687570069002564,8.229766764639317,-5.883020698574745
ForwardChaining,BNBUSDT,14,21,all_available_test,SVR,2,358,108.32120801795794,2.26870613857589,2.942066447838978,8.655754983499861,-6.234015568483257
ForwardChaining,BNBUSDT,14,21,all_available_test,SVR,3,358,113.33667379447604,2.3524793817272847,3.024263239111227,9.146168139439531,-6.637468463957296
ForwardChaining,BNBUSDT,14,21,all_available_test,SVR,4,358,117.73938353310328,2.420785909637931,3.116908314279037,9.715117439621789,-7.105530140242658
ForwardChaining,BNBUSDT,14,21,all_available_test,SVR,5,358,124.15252472256485,2.533347780491045,3.240857560397499,10.50315772678563,-7.7534491792809295
ForwardChaining,BNBUSDT,14,21,all_available_test,SVR,6,358,132.3429374106171,2.6819764260553876,3.3934551665604715,11.515537967455957,-8.591872506888672
ForwardChaining,BNBUSDT,14,21,all_available_test,SVR,7,358,142.32203523694685,2.867090216062829,3.5695207060860934,12.741478071177362,-9.585066767633922
ForwardChaining,BNBUSDT,14,21,all_available_test,Persistence,1,358,6.470116498356941,0.14751488045213254,0.2633386991359932,0.06934727046263717,0.9420009446640847
ForwardChaining,BNBUSDT,14,21,all_available_test,Persistence,2,358,10.918717646252242,0.2483115324851507,0.3839212092923668,0.1473954949445133,0.8768147542085609
ForwardChaining,BNBUSDT,14,21,all_available_test,Persistence,3,358,14.487493958139455,0.33099449309016676,0.497591289842816,0.2475970917274373,0.7932451108479486
ForwardChaining,BNBUSDT,14,21,all_available_test,Persistence,4,358,17.744846753156775,0.4074750278137638,0.5922575289104428,0.35076898055110395,0.7073459418489697
ForwardChaining,BNBUSDT,14,21,all_available_test,Persistence,5,358,20.988563350927464,0.4835712697635637,0.6801977470417223,0.46266897508063487,0.6144064989265117
ForwardChaining,BNBUSDT,14,21,all_available_test,Persistence,6,358,23.77442511473677,0.5499310023547622,0.7633783014451297,0.5827464311172514,0.5146010992349728
ForwardChaining,BNBUSDT,14,21,all_available_test,Persistence,7,358,26.38804296374376,0.6055379044047994,0.8380162263316192,0.7022711955950877,0.41658358215318014
ForwardChaining,BNBUSDT,14,28,all_available_test,SVR,1,358,111.32625898425589,2.3449110321183113,3.0693454546579813,9.420881520029608,-6.879217522882741
ForwardChaining,BNBUSDT,14,28,all_available_test,SVR,2,358,111.97813224235341,2.3239582868048205,3.0207107617532474,9.124693506171884,-6.6259292236338
ForwardChaining,BNBUSDT,14,28,all_available_test,SVR,3,358,116.86027212811972,2.398398151362276,3.0772018656819373,9.469171322156397,-6.9071908858664415
ForwardChaining,BNBUSDT,14,28,all_available_test,SVR,4,358,122.14493526999404,2.4805167120976406,3.1589570938966602,9.979009921080033,-7.325701278217753
ForwardChaining,BNBUSDT,14,28,all_available_test,SVR,5,358,129.09126090690768,2.594827401571748,3.2798812321085835,10.75762089673812,-7.965521632548706
ForwardChaining,BNBUSDT,14,28,all_available_test,SVR,6,358,138.8543555056296,2.7780454924165534,3.4708519084881355,12.046812970655733,-9.034398258719868
ForwardChaining,BNBUSDT,14,28,all_available_test,SVR,7,358,151.54417153162822,3.024110008228696,3.728384812293635,13.900853308541844,-10.548225376681426
ForwardChaining,BNBUSDT,14,28,all_available_test,Persistence,1,358,6.470116498356941,0.14751488045213254,0.2633386991359932,0.06934727046263717,0.9420009446640847
ForwardChaining,BNBUSDT,14,28,all_available_test,Persistence,2,358,10.918717646252242,0.2483115324851507,0.3839212092923668,0.1473954949445133,0.8768147542085609
ForwardChaining,BNBUSDT,14,28,all_available_test,Persistence,3,358,14.487493958139455,0.33099449309016676,0.497591289842816,0.2475970917274373,0.7932451108479486
ForwardChaining,BNBUSDT,14,28,all_available_test,Persistence,4,358,17.744846753156775,0.4074750278137638,0.5922575289104428,0.35076898055110395,0.7073459418489697
ForwardChaining,BNBUSDT,14,28,all_available_test,Persistence,5,358,20.988563350927464,0.4835712697635637,0.6801977470417223,0.46266897508063487,0.6144064989265117
ForwardChaining,BNBUSDT,14,28,all_available_test,Persistence,6,358,23.77442511473677,0.5499310023547622,0.7633783014451297,0.5827464311172514,0.5146010992349728
ForwardChaining,BNBUSDT,14,28,all_available_test,Persistence,7,358,26.38804296374376,0.6055379044047994,0.8380162263316192,0.7022711955950877,0.41658358215318014
ForwardChaining,BNBUSDT,21,7,all_available_test,SVR,1,358,98.87375929092943,2.0530986099220865,2.3406120129809835,5.478464595310891,-4.3937132540354735
ForwardChaining,BNBUSDT,21,7,all_available_test,SVR,2,358,101.16187708046549,2.0997301359962215,2.3654877516980735,5.595532303433606,-4.495049111626493
ForwardChaining,BNBUSDT,21,7,all_available_test,SVR,3,358,102.76349135050454,2.1382941083394464,2.3869879943709553,5.697711685271076,-4.581858652913533
ForwardChaining,BNBUSDT,21,7,all_available_test,SVR,4,358,105.45819109703044,2.1957860127284317,2.4377368279477603,5.942560842332807,-4.809126805942662
ForwardChaining,BNBUSDT,21,7,all_available_test,SVR,5,358,109.13246667512824,2.270590957320558,2.4992459346352613,6.24623024179088,-5.0928857062333135
ForwardChaining,BNBUSDT,21,7,all_available_test,SVR,6,358,113.21580337558505,2.3574367531100187,2.5759400133620893,6.635466952439882,-5.459542936095822
ForwardChaining,BNBUSDT,21,7,all_available_test,SVR,7,358,118.41339165577891,2.467238764650581,2.686824261200902,7.2190246105777724,-6.0145793384726085
ForwardChaining,BNBUSDT,21,7,all_available_test,Persistence,1,358,4.276591948915297,0.1004883552643157,0.18534246770371243,0.03435183033450168,0.9661795893078935
ForwardChaining,BNBUSDT,21,7,all_available_test,Persistence,2,358,7.362775797028553,0.1702741317060496,0.26520668454322577,0.07033458552641007,0.930928465648147
ForwardChaining,BNBUSDT,21,7,all_available_test,Persistence,3,358,10.02378094861006,0.23242709689762076,0.34891239576499633,0.12173985991846945,0.8807355078623884
ForwardChaining,BNBUSDT,21,7,all_available_test,Persistence,4,358,12.555143069131422,0.2916281138083891,0.4210722015583091,0.1773017989251613,0.8266793289618746
ForwardChaining,BNBUSDT,21,7,all_available_test,Persistence,5,358,14.873492905868517,0.3469417537590858,0.48650811730036625,0.23669014819914694,0.7691205791422524
ForwardChaining,BNBUSDT,21,7,all_available_test,Persistence,6,358,17.014445559274,0.3981617252553164,0.5472956435837905,0.2995325214857954,0.7084088886038243
ForwardChaining,BNBUSDT,21,7,all_available_test,Persistence,7,358,18.86268014186821,0.4429667023279824,0.6022841153677083,0.362746155624263,0.6475269408800817
ForwardChaining,BNBUSDT,21,14,all_available_test,SVR,1,358,102.09684757752612,2.1898256736827406,2.5326181407436628,6.414154646823888,-5.3149282668758335
ForwardChaining,BNBUSDT,21,14,all_available_test,SVR,2,358,101.2665185431092,2.1583890311936624,2.461962284046345,6.061258288066696,-4.95241170366247
ForwardChaining,BNBUSDT,21,14,all_available_test,SVR,3,358,101.77823768101021,2.154775855363649,2.432474655883114,5.916932951513675,-4.796622436950227
ForwardChaining,BNBUSDT,21,14,all_available_test,SVR,4,358,102.73392050736574,2.1659272582644062,2.4234553862381323,5.873136009086616,-4.741260835276346
ForwardChaining,BNBUSDT,21,14,all_available_test,SVR,5,358,106.15572771956332,2.229766448150571,2.464969209047424,6.076073201551881,-4.926906009975764
ForwardChaining,BNBUSDT,21,14,all_available_test,SVR,6,358,109.06667598808356,2.2925010702877424,2.5107037537751578,6.303633339220667,-5.136507121496345
ForwardChaining,BNBUSDT,21,14,all_available_test,SVR,7,358,112.74721949632413,2.3691086053394943,2.583019668111346,6.6719906058500476,-5.483037525831812
ForwardChaining,BNBUSDT,21,14,all_available_test,Persistence,1,358,4.276591948915297,0.1004883552643157,0.18534246770371243,0.03435183033450168,0.9661795893078935
ForwardChaining,BNBUSDT,21,14,all_available_test,Persistence,2,358,7.362775797028553,0.1702741317060496,0.26520668454322577,0.07033458552641007,0.930928465648147
ForwardChaining,BNBUSDT,21,14,all_available_test,Persistence,3,358,10.02378094861006,0.23242709689762076,0.34891239576499633,0.12173985991846945,0.8807355078623884
ForwardChaining,BNBUSDT,21,14,all_available_test,Persistence,4,358,12.555143069131422,0.2916281138083891,0.4210722015583091,0.1773017989251613,0.8266793289618746
ForwardChaining,BNBUSDT,21,14,all_available_test,Persistence,5,358,14.873492905868517,0.3469417537590858,0.48650811730036625,0.23669014819914694,0.7691205791422524
ForwardChaining,BNBUSDT,21,14,all_available_test,Persistence,6,358,17.014445559274,0.3981617252553164,0.5472956435837905,0.2995325214857954,0.7084088886038243
ForwardChaining,BNBUSDT,21,14,all_available_test,Persistence,7,358,18.86268014186821,0.4429667023279824,0.6022841153677083,0.362746155624263,0.6475269408800817
ForwardChaining,BNBUSDT,21,21,all_available_test,SVR,1,358,110.87591982301625,2.425668304192005,2.8465519817689384,8.10285818491267,-6.977507717206148
ForwardChaining,BNBUSDT,21,21,all_available_test,SVR,2,358,111.78628332169335,2.434461403168279,2.819906683764741,7.951873705141058,-6.809075914437693
ForwardChaining,BNBUSDT,21,21,all_available_test,SVR,3,358,114.57353628866343,2.4821046706976544,2.861289361408326,8.186976809708467,-7.020508911429669
ForwardChaining,BNBUSDT,21,21,all_available_test,SVR,4,358,117.72539035953571,2.541581132418858,2.9363317483729654,8.622044136503035,-7.428445083570839
ForwardChaining,BNBUSDT,21,21,all_available_test,SVR,5,358,121.83840066446844,2.6130299911025117,3.0257175758766524,9.154966848968884,-7.9302130238365045
ForwardChaining,BNBUSDT,21,21,all_available_test,SVR,6,358,126.47563848982185,2.7086057065967815,3.1560111403481916,9.960406318001892,-8.696329246042803
ForwardChaining,BNBUSDT,21,21,all_available_test,SVR,7,358,130.02820564249498,2.785052922771248,3.2555616066233912,10.598681374520275,-9.298523054739134
ForwardChaining,BNBUSDT,21,21,all_available_test,Persistence,1,358,4.276591948915297,0.1004883552643157,0.18534246770371243,0.03435183033450168,0.9661795893078935
ForwardChaining,BNBUSDT,21,21,all_available_test,Persistence,2,358,7.362775797028553,0.1702741317060496,0.26520668454322577,0.07033458552641007,0.930928465648147
ForwardChaining,BNBUSDT,21,21,all_available_test,Persistence,3,358,10.02378094861006,0.23242709689762076,0.34891239576499633,0.12173985991846945,0.8807355078623884
ForwardChaining,BNBUSDT,21,21,all_available_test,Persistence,4,358,12.555143069131422,0.2916281138083891,0.4210722015583091,0.1773017989251613,0.8266793289618746
ForwardChaining,BNBUSDT,21,21,all_available_test,Persistence,5,358,14.873492905868517,0.3469417537590858,0.48650811730036625,0.23669014819914694,0.7691205791422524
ForwardChaining,BNBUSDT,21,21,all_available_test,Persistence,6,358,17.014445559274,0.3981617252553164,0.5472956435837905,0.2995325214857954,0.7084088886038243
ForwardChaining,BNBUSDT,21,21,all_available_test,Persistence,7,358,18.86268014186821,0.4429667023279824,0.6022841153677083,0.362746155624263,0.6475269408800817
ForwardChaining,BNBUSDT,21,28,all_available_test,SVR,1,358,118.4285069595081,2.6100288430053515,3.2194331541017105,10.364749833729288,-9.204408111133402
ForwardChaining,BNBUSDT,21,28,all_available_test,SVR,2,358,119.38821507967748,2.6126343409453265,3.210235046113349,10.305609051294375,-9.120543460598938
ForwardChaining,BNBUSDT,21,28,all_available_test,SVR,3,358,121.44514873433202,2.646804595053792,3.2262044348309264,10.408395055322739,-9.196758490374817
ForwardChaining,BNBUSDT,21,28,all_available_test,SVR,4,358,122.67383470846544,2.6633534123035774,3.2364039315024082,10.474310407844245,-9.239120638113034
ForwardChaining,BNBUSDT,21,28,all_available_test,SVR,5,358,124.96811929744231,2.707242911298094,3.2616971669254577,10.638668408729556,-9.377489809328479
ForwardChaining,BNBUSDT,21,28,all_available_test,SVR,6,358,128.73920629254798,2.7835401589251463,3.321248715550613,11.030693030546598,-9.738239788762517
ForwardChaining,BNBUSDT,21,28,all_available_test,SVR,7,358,132.8161329725906,2.866637530109685,3.3953397937275818,11.528332314870058,-10.201845959140107
ForwardChaining,BNBUSDT,21,28,all_available_test,Persistence,1,358,4.276591948915297,0.1004883552643157,0.18534246770371243,0.03435183033450168,0.9661795893078935
ForwardChaining,BNBUSDT,21,28,all_available_test,Persistence,2,358,7.362775797028553,0.1702741317060496,0.26520668454322577,0.07033458552641007,0.930928465648147
ForwardChaining,BNBUSDT,21,28,all_available_test,Persistence,3,358,10.02378094861006,0.23242709689762076,0.34891239576499633,0.12173985991846945,0.8807355078623884
ForwardChaining,BNBUSDT,21,28,all_available_test,Persistence,4,358,12.555143069131422,0.2916281138083891,0.4210722015583091,0.1773017989251613,0.8266793289618746
ForwardChaining,BNBUSDT,21,28,all_available_test,Persistence,5,358,14.873492905868517,0.3469417537590858,0.48650811730036625,0.23669014819914694,0.7691205791422524
ForwardChaining,BNBUSDT,21,28,all_available_test,Persistence,6,358,17.014445559274,0.3981617252553164,0.5472956435837905,0.2995325214857954,0.7084088886038243
ForwardChaining,BNBUSDT,21,28,all_available_test,Persistence,7,358,18.86268014186821,0.4429667023279824,0.6022841153677083,0.362746155624263,0.6475269408800817
ForwardChaining,BNBUSDT,28,7,all_available_test,SVR,1,358,83.58057005567417,1.7977206876124283,1.9950080117021987,3.98005696675596,-3.4966223476421545
ForwardChaining,BNBUSDT,28,7,all_available_test,SVR,2,358,87.25036388146182,1.8891186207549053,2.0964527326388938,4.395114060189084,-3.9663813348977257
ForwardChaining,BNBUSDT,28,7,all_available_test,SVR,3,358,91.77129037455785,2.0002024367532285,2.2096525728592393,4.882564492743455,-4.518003977950315
ForwardChaining,BNBUSDT,28,7,all_available_test,SVR,4,358,97.19476785222977,2.122475651354025,2.328890363237555,5.423730323980751,-5.1301852859753865
ForwardChaining,BNBUSDT,28,7,all_available_test,SVR,5,358,102.58826700254241,2.243579098921453,2.4458009534567995,5.98194230393019,-5.758215816970921
ForwardChaining,BNBUSDT,28,7,all_available_test,SVR,6,358,108.67719324296189,2.383024389718214,2.589304849081145,6.704499601475133,-6.561216498627508
ForwardChaining,BNBUSDT,28,7,all_available_test,SVR,7,358,114.19674895348713,2.5083873823474803,2.7106812365840725,7.347792766368955,-7.259816679086702
ForwardChaining,BNBUSDT,28,7,all_available_test,Persistence,1,358,2.810691407980291,0.06811315439382787,0.13272868845010508,0.017616904737685055,0.9800966246962226
ForwardChaining,BNBUSDT,28,7,all_available_test,Persistence,2,358,4.671482014088857,0.11453535389887642,0.19067193670070054,0.03635578744519595,0.9589187671330736
ForwardChaining,BNBUSDT,28,7,all_available_test,Persistence,3,358,6.312303641504628,0.15609001341637257,0.2523317667262387,0.06367132049918493,0.9280421998894194
ForwardChaining,BNBUSDT,28,7,all_available_test,Persistence,4,358,7.699751221671686,0.1914015396787779,0.3053255471042684,0.09322368971452082,0.8946336825661249
ForwardChaining,BNBUSDT,28,7,all_available_test,Persistence,5,358,9.105990829077639,0.2287546032868391,0.35524218302781296,0.12619700860236616,0.8574264718282913
ForwardChaining,BNBUSDT,28,7,all_available_test,Persistence,6,358,10.421430581488034,0.2638381327828887,0.4046271535104939,0.16372313335800479,0.8153559354554719
ForwardChaining,BNBUSDT,28,7,all_available_test,Persistence,7,358,11.862809006881841,0.30085123730587693,0.4509551507749807,0.20336054801048561,0.7713979014196823
ForwardChaining,BNBUSDT,28,14,all_available_test,SVR,1,358,100.59788924624941,2.2400084696611353,2.556539834061287,6.535895923142113,-6.384179652538655
ForwardChaining,BNBUSDT,28,14,all_available_test,SVR,2,358,102.50058355760322,2.278064090571041,2.5788429899259517,6.650431166690222,-6.51483960665437
ForwardChaining,BNBUSDT,28,14,all_available_test,SVR,3,358,104.57911432211127,2.3218395498642233,2.6012968867080906,6.766745492797205,-6.647400992352695
ForwardChaining,BNBUSDT,28,14,all_available_test,SVR,4,358,107.2196671560253,2.3769521005565184,2.640007969583195,6.9696420794627825,-6.877456062874353
ForwardChaining,BNBUSDT,28,14,all_available_test,SVR,5,358,110.10446877346013,2.437740832505343,2.6874082662797516,7.2221631896687395,-7.159379516097392
ForwardChaining,BNBUSDT,28,14,all_available_test,SVR,6,358,113.70310650444482,2.5167792192403535,2.7456772012465547,7.538743293445114,-7.5020618327388675
ForwardChaining,BNBUSDT,28,14,all_available_test,SVR,7,358,117.73445058688576,2.603314051852953,2.819975784130319,7.952263423081406,-7.939315539640344
ForwardChaining,BNBUSDT,28,14,all_available_test,Persistence,1,358,2.810691407980291,0.06811315439382787,0.13272868845010508,0.017616904737685055,0.9800966246962226
ForwardChaining,BNBUSDT,28,14,all_available_test,Persistence,2,358,4.671482014088857,0.11453535389887642,0.19067193670070054,0.03635578744519595,0.9589187671330736
ForwardChaining,BNBUSDT,28,14,all_available_test,Persistence,3,358,6.312303641504628,0.15609001341637257,0.2523317667262387,0.06367132049918493,0.9280421998894194
ForwardChaining,BNBUSDT,28,14,all_available_test,Persistence,4,358,7.699751221671686,0.1914015396787779,0.3053255471042684,0.09322368971452082,0.8946336825661249
ForwardChaining,BNBUSDT,28,14,all_available_test,Persistence,5,358,9.105990829077639,0.2287546032868391,0.35524218302781296,0.12619700860236616,0.8574264718282913
ForwardChaining,BNBUSDT,28,14,all_available_test,Persistence,6,358,10.421430581488034,0.2638381327828887,0.4046271535104939,0.16372313335800479,0.8153559354554719
ForwardChaining,BNBUSDT,28,14,all_available_test,Persistence,7,358,11.862809006881841,0.30085123730587693,0.4509551507749807,0.20336054801048561,0.7713979014196823
ForwardChaining,BNBUSDT,28,21,all_available_test,SVR,1,358,111.00662664668373,2.4988248314560053,2.924995396560143,8.555598069898027,-8.666015788187197
ForwardChaining,BNBUSDT,28,21,all_available_test,SVR,2,358,112.9699516294866,2.542075781120933,2.951533004677538,8.711547077700816,-8.843854837959507
ForwardChaining,BNBUSDT,28,21,all_available_test,SVR,3,358,115.67429953709555,2.596943125032327,2.9954745079180976,8.97286752758717,-9.140637934108847
ForwardChaining,BNBUSDT,28,21,all_available_test,SVR,4,358,119.3184418811043,2.6704680666007863,3.0597567677734565,9.36211147793547,-9.581550814565349
ForwardChaining,BNBUSDT,28,21,all_available_test,SVR,5,358,124.12148809654335,2.777946694545562,3.1501303336408957,9.923321118924502,-10.21106529207671
ForwardChaining,BNBUSDT,28,21,all_available_test,SVR,6,358,128.4651163629093,2.8760004320936505,3.2257001799765472,10.40514165110073,-10.734735386597505
ForwardChaining,BNBUSDT,28,21,all_available_test,SVR,7,358,132.9588863669835,2.975643404215877,3.3043572574004987,10.918776884535346,-11.27403906094088
ForwardChaining,BNBUSDT,28,21,all_available_test,Persistence,1,358,2.810691407980291,0.06811315439382787,0.13272868845010508,0.017616904737685055,0.9800966246962226
ForwardChaining,BNBUSDT,28,21,all_available_test,Persistence,2,358,4.671482014088857,0.11453535389887642,0.19067193670070054,0.03635578744519595,0.9589187671330736
ForwardChaining,BNBUSDT,28,21,all_available_test,Persistence,3,358,6.312303641504628,0.15609001341637257,0.2523317667262387,0.06367132049918493,0.9280421998894194
ForwardChaining,BNBUSDT,28,21,all_available_test,Persistence,4,358,7.699751221671686,0.1914015396787779,0.3053255471042684,0.09322368971452082,0.8946336825661249
ForwardChaining,BNBUSDT,28,21,all_available_test,Persistence,5,358,9.105990829077639,0.2287546032868391,0.35524218302781296,0.12619700860236616,0.8574264718282913
ForwardChaining,BNBUSDT,28,21,all_available_test,Persistence,6,358,10.421430581488034,0.2638381327828887,0.4046271535104939,0.16372313335800479,0.8153559354554719
ForwardChaining,BNBUSDT,28,21,all_available_test,Persistence,7,358,11.862809006881841,0.30085123730587693,0.4509551507749807,0.20336054801048561,0.7713979014196823
ForwardChaining,BNBUSDT,28,28,all_available_test,SVR,1,358,121.87581593891908,2.763025891707032,3.3049725678206494,10.922843674047016,-11.340502504052004
ForwardChaining,BNBUSDT,28,28,all_available_test,SVR,2,358,121.85564002543411,2.7551420859363183,3.285009184737771,10.791285343811515,-11.193912917189508
ForwardChaining,BNBUSDT,28,28,all_available_test,SVR,3,358,123.79844725984344,2.7929302498890456,3.3093611617815553,10.951871299108165,-11.37719839324077
ForwardChaining,BNBUSDT,28,28,all_available_test,SVR,4,358,126.02112444686266,2.8422420574439817,3.3411440870409104,11.163243810368439,-11.617285311458875
ForwardChaining,BNBUSDT,28,28,all_available_test,SVR,5,358,129.27732344670727,2.9122951406912514,3.391818518373133,11.504432861578916,-11.997357075697735
ForwardChaining,BNBUSDT,28,28,all_available_test,SVR,6,358,132.9395880804037,2.99423908878789,3.456877181321099,11.949999846738505,-12.476999234942905
ForwardChaining,BNBUSDT,28,28,all_available_test,SVR,7,358,137.68117389457254,3.0984098152016384,3.5470036406176555,12.581234826554903,-13.142844874385046
ForwardChaining,BNBUSDT,28,28,all_available_test,Persistence,1,358,2.810691407980291,0.06811315439382787,0.13272868845010508,0.017616904737685055,0.9800966246962226
ForwardChaining,BNBUSDT,28,28,all_available_test,Persistence,2,358,4.671482014088857,0.11453535389887642,0.19067193670070054,0.03635578744519595,0.9589187671330736
ForwardChaining,BNBUSDT,28,28,all_available_test,Persistence,3,358,6.312303641504628,0.15609001341637257,0.2523317667262387,0.06367132049918493,0.9280421998894194
ForwardChaining,BNBUSDT,28,28,all_available_test,Persistence,4,358,7.699751221671686,0.1914015396787779,0.3053255471042684,0.09322368971452082,0.8946336825661249
ForwardChaining,BNBUSDT,28,28,all_available_test,Persistence,5,358,9.105990829077639,0.2287546032868391,0.35524218302781296,0.12619700860236616,0.8574264718282913
ForwardChaining,BNBUSDT,28,28,all_available_test,Persistence,6,358,10.421430581488034,0.2638381327828887,0.4046271535104939,0.16372313335800479,0.8153559354554719
ForwardChaining,BNBUSDT,28,28,all_available_test,Persistence,7,358,11.862809006881841,0.30085123730587693,0.4509551507749807,0.20336054801048561,0.7713979014196823
ForwardChaining,BTCUSDT,7,7,all_available_test,SVR,1,358,63.036228215543936,1.176110765790606,1.6066521670639806,2.5813311859313854,-2.36841901527854
ForwardChaining,BTCUSDT,7,7,all_available_test,SVR,2,358,67.0273367284672,1.2649414928114437,1.7181556237455644,2.9520587474085094,-2.829673978049962
ForwardChaining,BTCUSDT,7,7,all_available_test,SVR,3,358,72.64587648728445,1.395902607922599,1.8550350272729172,3.441154952409433,-3.4424824547403006
ForwardChaining,BTCUSDT,7,7,all_available_test,SVR,4,358,75.16095172455012,1.4551641625577554,1.9184443141820764,3.6804285866175377,-3.727717843059236
ForwardChaining,BTCUSDT,7,7,all_available_test,SVR,5,358,82.68499009408873,1.5806796821036495,2.00520240130105,4.020836670183497,-4.149149550961591
ForwardChaining,BTCUSDT,7,7,all_available_test,SVR,6,358,91.16040755692394,1.718103483458286,2.0981008267759904,4.402027079318095,-4.616111638891116
ForwardChaining,BTCUSDT,7,7,all_available_test,SVR,7,358,94.15519190593038,1.7547288010066437,2.06526495119077,4.265319318617014,-4.431691105714941
ForwardChaining,BTCUSDT,7,7,all_available_test,Persistence,1,358,14.403087364008488,0.24118202983506548,0.38845289595074683,0.15089565237252173,0.8030939278366689
ForwardChaining,BTCUSDT,7,7,all_available_test,Persistence,2,358,23.638696355614012,0.392766014200084,0.5723476360160199,0.3275818164531264,0.5750316421534027
ForwardChaining,BTCUSDT,7,7,all_available_test,Persistence,3,358,30.465366050573742,0.5026500266206466,0.7038733877420092,0.49543774597141294,0.3603968654904649
ForwardChaining,BTCUSDT,7,7,all_available_test,Persistence,4,358,36.362286477358104,0.6028728081573382,0.8185885791662467,0.6700872619414145,0.13923516510922485
ForwardChaining,BTCUSDT,7,7,all_available_test,Persistence,5,358,41.92072339643964,0.6938488950564676,0.9159907314568434,0.839039020114843,-0.07448716474883121
ForwardChaining,BTCUSDT,7,7,all_available_test,Persistence,6,358,46.465718508855936,0.7715525278078036,1.0023893157614636,1.004784340352735,-0.28190511479194846
ForwardChaining,BTCUSDT,7,7,all_available_test,Persistence,7,358,50.614028779639675,0.840671076808359,1.0752321570777823,1.1561241916141405,-0.47227183232990244
ForwardChaining,BTCUSDT,7,14,all_available_test,SVR,1,358,88.77563735725383,1.6617709334919522,2.108276127217388,4.44482822859475,-4.800125147228341
ForwardChaining,BTCUSDT,7,14,all_available_test,SVR,2,358,92.2175093105527,1.725525983938376,2.1772627419690336,4.740473047566515,-5.149764563408414
ForwardChaining,BTCUSDT,7,14,all_available_test,SVR,3,358,92.2690774872782,1.7325866791183573,2.19452321030079,4.815932120548885,-5.217300367069637
ForwardChaining,BTCUSDT,7,14,all_available_test,SVR,4,358,89.82311923536125,1.696595836123558,2.1404897274782098,4.581696273439741,-4.8854469564172085
ForwardChaining,BTCUSDT,7,14,all_available_test,SVR,5,358,86.03993813841531,1.6271632281286879,2.031931390787893,4.128745176869221,-4.287338958869169
ForwardChaining,BTCUSDT,7,14,all_available_test,SVR,6,358,85.5396083157063,1.618182287632562,2.0027018181016114,4.010814572227499,-4.117002234345697
ForwardChaining,BTCUSDT,7,14,all_available_test,SVR,7,358,86.62206273875785,1.6079378123009365,1.961085901654071,3.8458579136663604,-3.8975259911556153
ForwardChaining,BTCUSDT,7,14,all_available_test,Persistence,1,358,14.403087364008488,0.24118202983506548,0.38845289595074683,0.15089565237252173,0.8030939278366689
ForwardChaining,BTCUSDT,7,14,all_available_test,Persistence,2,358,23.638696355614012,0.392766014200084,0.5723476360160199,0.3275818164531264,0.5750316421534027
ForwardChaining,BTCUSDT,7,14,all_available_test,Persistence,3,358,30.465366050573742,0.5026500266206466,0.7038733877420092,0.49543774597141294,0.3603968654904649
ForwardChaining,BTCUSDT,7,14,all_available_test,Persistence,4,358,36.362286477358104,0.6028728081573382,0.8185885791662467,0.6700872619414145,0.13923516510922485
ForwardChaining,BTCUSDT,7,14,all_available_test,Persistence,5,358,41.92072339643964,0.6938488950564676,0.9159907314568434,0.839039020114843,-0.07448716474883121
ForwardChaining,BTCUSDT,7,14,all_available_test,Persistence,6,358,46.465718508855936,0.7715525278078036,1.0023893157614636,1.004784340352735,-0.28190511479194846
ForwardChaining,BTCUSDT,7,14,all_available_test,Persistence,7,358,50.614028779639675,0.840671076808359,1.0752321570777823,1.1561241916141405,-0.47227183232990244
ForwardChaining,BTCUSDT,7,21,all_available_test,SVR,1,358,78.51219263499556,1.4768820863422916,1.9314540155759505,3.730514614284464,-3.8680062566230866
ForwardChaining,BTCUSDT,7,21,all_available_test,SVR,2,358,83.44616600241372,1.5614936060558002,2.024305567434372,4.097813030345794,-4.316048653505231
ForwardChaining,BTCUSDT,7,21,all_available_test,SVR,3,358,97.36909135014126,1.792319656786865,2.2834239860750283,5.214025100182771,-5.731232782737389
ForwardChaining,BTCUSDT,7,21,all_available_test,SVR,4,358,106.10776281226977,1.9397431478964224,2.421030649821527,5.861389407375244,-6.529284873812444
ForwardChaining,BTCUSDT,7,21,all_available_test,SVR,5,358,123.90530955555353,2.2179032401478342,2.67683546884659,7.165448127275143,-8.176190687027727
ForwardChaining,BTCUSDT,7,21,all_available_test,SVR,6,358,150.11879406384878,2.631253492930599,3.0749691455963464,9.455435246369523,-11.063256082046449
ForwardChaining,BTCUSDT,7,21,all_available_test,SVR,7,358,177.02226006559644,3.0511178004579116,3.469862722249466,12.039947311256475,-14.332327977974856
ForwardChaining,BTCUSDT,7,21,all_available_test,Persistence,1,358,14.403087364008488,0.24118202983506548,0.38845289595074683,0.15089565237252173,0.8030939278366689
ForwardChaining,BTCUSDT,7,21,all_available_test,Persistence,2,358,23.638696355614012,0.392766014200084,0.5723476360160199,0.3275818164531264,0.5750316421534027
ForwardChaining,BTCUSDT,7,21,all_available_test,Persistence,3,358,30.465366050573742,0.5026500266206466,0.7038733877420092,0.49543774597141294,0.3603968654904649
ForwardChaining,BTCUSDT,7,21,all_available_test,Persistence,4,358,36.362286477358104,0.6028728081573382,0.8185885791662467,0.6700872619414145,0.13923516510922485
ForwardChaining,BTCUSDT,7,21,all_available_test,Persistence,5,358,41.92072339643964,0.6938488950564676,0.9159907314568434,0.839039020114843,-0.07448716474883121
ForwardChaining,BTCUSDT,7,21,all_available_test,Persistence,6,358,46.465718508855936,0.7715525278078036,1.0023893157614636,1.004784340352735,-0.28190511479194846
ForwardChaining,BTCUSDT,7,21,all_available_test,Persistence,7,358,50.614028779639675,0.840671076808359,1.0752321570777823,1.1561241916141405,-0.47227183232990244
ForwardChaining,BTCUSDT,7,28,all_available_test,SVR,1,358,131.9646375157546,2.388954315015296,2.895505211261501,8.38395042844251,-9.940346670831676
ForwardChaining,BTCUSDT,7,28,all_available_test,SVR,2,358,138.99120807198912,2.498342260383287,3.008120509259951,9.048788998230348,-10.738896385381485
ForwardChaining,BTCUSDT,7,28,all_available_test,SVR,3,358,148.60662103959737,2.663271648853632,3.2020273444426732,10.252979114558597,-12.236451265687109
ForwardChaining,BTCUSDT,7,28,all_available_test,SVR,4,358,159.45913354345805,2.8364478007348928,3.3581837533700147,11.27739812139832,-13.486453158113695
ForwardChaining,BTCUSDT,7,28,all_available_test,SVR,5,358,174.271867538056,3.060007074659509,3.5609138774727414,12.680107642777955,-15.238354335336645
ForwardChaining,BTCUSDT,7,28,all_available_test,SVR,6,358,190.62053067716244,3.3077183654513633,3.78517175464771,14.327525212182824,-17.279074537885503
ForwardChaining,BTCUSDT,7,28,all_available_test,SVR,7,358,206.78339254349947,3.533155639319994,3.9627833641749057,15.703651991381385,-18.997890070393552
ForwardChaining,BTCUSDT,7,28,all_available_test,Persistence,1,358,14.403087364008488,0.24118202983506548,0.38845289595074683,0.15089565237252173,0.8030939278366689
ForwardChaining,BTCUSDT,7,28,all_available_test,Persistence,2,358,23.638696355614012,0.392766014200084,0.5723476360160199,0.3275818164531264,0.5750316421534027
ForwardChaining,BTCUSDT,7,28,all_available_test,Persistence,3,358,30.465366050573742,0.5026500266206466,0.7038733877420092,0.49543774597141294,0.3603968654904649
ForwardChaining,BTCUSDT,7,28,all_available_test,Persistence,4,358,36.362286477358104,0.6028728081573382,0.8185885791662467,0.6700872619414145,0.13923516510922485
ForwardChaining,BTCUSDT,7,28,all_available_test,Persistence,5,358,41.92072339643964,0.6938488950564676,0.9159907314568434,0.839039020114843,-0.07448716474883121
ForwardChaining,BTCUSDT,7,28,all_available_test,Persistence,6,358,46.465718508855936,0.7715525278078036,1.0023893157614636,1.004784340352735,-0.28190511479194846
ForwardChaining,BTCUSDT,7,28,all_available_test,Persistence,7,358,50.614028779639675,0.840671076808359,1.0752321570777823,1.1561241916141405,-0.47227183232990244
ForwardChaining,BTCUSDT,14,7,all_available_test,SVR,1,358,41.09959291705536,0.8249086106890174,1.1357280939689938,1.2898783034304435,-1.4102019162026012
ForwardChaining,BTCUSDT,14,7,all_available_test,SVR,2,358,41.28718011152485,0.8459682089356789,1.1730510273179846,1.376048712691779,-1.5660146199195943
ForwardChaining,BTCUSDT,14,7,all_available_test,SVR,3,358,42.543453775810455,0.8927944169607224,1.2401676458863082,1.5380157899031879,-1.8624837782787242
ForwardChaining,BTCUSDT,14,7,all_available_test,SVR,4,358,46.41465236028165,0.9862068773864437,1.3491793651902444,1.820284959455151,-2.3782069908105257
ForwardChaining,BTCUSDT,14,7,all_available_test,SVR,5,358,52.83472488738715,1.1166498314939042,1.488022701539088,2.214211560295686,-3.0950210825167632
ForwardChaining,BTCUSDT,14,7,all_available_test,SVR,6,358,63.056588534615194,1.304246286196569,1.6738873193912824,2.8018987580189334,-4.162144865687299
ForwardChaining,BTCUSDT,14,7,all_available_test,SVR,7,358,75.37453688436045,1.5171079875321478,1.8590935290809203,3.4562287498705504,-5.341356349083579
ForwardChaining,BTCUSDT,14,7,all_available_test,Persistence,1,358,5.8367038086877265,0.11138757661428128,0.2010107330332776,0.0404053147945756,0.9245006549194144
ForwardChaining,BTCUSDT,14,7,all_available_test,Persistence,2,358,9.758063350846493,0.18493757070038958,0.3019636387320583,0.091182039116305,0.8299664515590977
ForwardChaining,BTCUSDT,14,7,all_available_test,Persistence,3,358,12.658532631501416,0.24172130722288343,0.37563739627498977,0.14110345348025372,0.7373847854502474
ForwardChaining,BTCUSDT,14,7,all_available_test,Persistence,4,358,15.298040126819105,0.295578735526339,0.4409864305358498,0.19446903191674988,0.6390913193536685
ForwardChaining,BTCUSDT,14,7,all_available_test,Persistence,5,358,17.657427299463787,0.3425426270088841,0.5011198652119861,0.2511211193100792,0.5355699986939566
ForwardChaining,BTCUSDT,14,7,all_available_test,Persistence,6,358,19.975438769214115,0.3877302388344756,0.5544003715126047,0.30735977193331415,0.43372840861452167
ForwardChaining,BTCUSDT,14,7,all_available_test,Persistence,7,358,22.271559894805833,0.4330098082054798,0.6094716823683707,0.37145573160893214,0.3184672275728243
ForwardChaining,BTCUSDT,14,14,all_available_test,SVR,1,358,68.66580687608084,1.4191777286752043,1.8257430426120278,3.3333376576462244,-5.228507595206987
ForwardChaining,BTCUSDT,14,14,all_available_test,SVR,2,358,68.53340375794228,1.4257108688362718,1.8287758959381586,3.3444212775644147,-5.236577102429003
ForwardChaining,BTCUSDT,14,14,all_available_test,SVR,3,358,70.29418308933505,1.464406376731146,1.8620324586551842,3.46716487708547,-5.452926740043174
ForwardChaining,BTCUSDT,14,14,all_available_test,SVR,4,358,72.89488922689985,1.5114405633455767,1.8995335070127557,3.6082275442641785,-5.696390832189739
ForwardChaining,BTCUSDT,14,14,all_available_test,SVR,5,358,73.90545630647948,1.523661653336269,1.8997642463307198,3.6091041916365283,-5.674772193754408
ForwardChaining,BTCUSDT,14,14,all_available_test,SVR,6,358,82.751007860575,1.668264429953454,2.020948589396877,4.084233200985226,-6.524684247921359
ForwardChaining,BTCUSDT,14,14,all_available_test,SVR,7,358,90.5955824505185,1.794089810993566,2.1213742029652103,4.5002285090062815,-7.25684718610791
ForwardChaining,BTCUSDT,14,14,all_available_test,Persistence,1,358,5.8367038086877265,0.11138757661428128,0.2010107330332776,0.0404053147945756,0.9245006549194144
ForwardChaining,BTCUSDT,14,14,all_available_test,Persistence,2,358,9.758063350846493,0.18493757070038958,0.3019636387320583,0.091182039116305,0.8299664515590977
ForwardChaining,BTCUSDT,14,14,all_available_test,Persistence,3,358,12.658532631501416,0.24172130722288343,0.37563739627498977,0.14110345348025372,0.7373847854502474
ForwardChaining,BTCUSDT,14,14,all_available_test,Persistence,4,358,15.298040126819105,0.295578735526339,0.4409864305358498,0.19446903191674988,0.6390913193536685
ForwardChaining,BTCUSDT,14,14,all_available_test,Persistence,5,358,17.657427299463787,0.3425426270088841,0.5011198652119861,0.2511211193100792,0.5355699986939566
ForwardChaining,BTCUSDT,14,14,all_available_test,Persistence,6,358,19.975438769214115,0.3877302388344756,0.5544003715126047,0.30735977193331415,0.43372840861452167
ForwardChaining,BTCUSDT,14,14,all_available_test,Persistence,7,358,22.271559894805833,0.4330098082054798,0.6094716823683707,0.37145573160893214,0.3184672275728243
ForwardChaining,BTCUSDT,14,21,all_available_test,SVR,1,358,68.96564049755945,1.4294146726855423,1.8205676582057617,3.3144665981048114,-5.1932460796465465
ForwardChaining,BTCUSDT,14,21,all_available_test,SVR,2,358,67.05127637537821,1.3901441251262496,1.7724387326975268,3.1415390611664153,-4.858248393134562
ForwardChaining,BTCUSDT,14,21,all_available_test,SVR,3,358,67.61519689278963,1.4016966224242533,1.7909302448296451,3.2074311418455728,-4.969522337645754
ForwardChaining,BTCUSDT,14,21,all_available_test,SVR,4,358,69.32797723690167,1.429296727352523,1.8260924844636564,3.3346137618146487,-5.188600011938288
ForwardChaining,BTCUSDT,14,21,all_available_test,SVR,5,358,75.03109640213926,1.5241829937726714,1.9071052290390431,3.6370503546280615,-5.726456562437993
ForwardChaining,BTCUSDT,14,21,all_available_test,SVR,6,358,93.72469649895844,1.8488852585294797,2.2240873288807346,4.946564446487841,-8.113420742683378
ForwardChaining,BTCUSDT,14,21,all_available_test,SVR,7,358,115.59265859336915,2.2269061713016907,2.5766579121888062,6.639165996445177,-11.18128789819085
ForwardChaining,BTCUSDT,14,21,all_available_test,Persistence,1,358,5.8367038086877265,0.11138757661428128,0.2010107330332776,0.0404053147945756,0.9245006549194144
ForwardChaining,BTCUSDT,14,21,all_available_test,Persistence,2,358,9.758063350846493,0.18493757070038958,0.3019636387320583,0.091182039116305,0.8299664515590977
ForwardChaining,BTCUSDT,14,21,all_available_test,Persistence,3,358,12.658532631501416,0.24172130722288343,0.37563739627498977,0.14110345348025372,0.7373847854502474
ForwardChaining,BTCUSDT,14,21,all_available_test,Persistence,4,358,15.298040126819105,0.295578735526339,0.4409864305358498,0.19446903191674988,0.6390913193536685
ForwardChaining,BTCUSDT,14,21,all_available_test,Persistence,5,358,17.657427299463787,0.3425426270088841,0.5011198652119861,0.2511211193100792,0.5355699986939566
ForwardChaining,BTCUSDT,14,21,all_available_test,Persistence,6,358,19.975438769214115,0.3877302388344756,0.5544003715126047,0.30735977193331415,0.43372840861452167
ForwardChaining,BTCUSDT,14,21,all_available_test,Persistence,7,358,22.271559894805833,0.4330098082054798,0.6094716823683707,0.37145573160893214,0.3184672275728243
ForwardChaining,BTCUSDT,14,28,all_available_test,SVR,1,358,84.61600363768088,1.7309122665267769,2.128463172257028,4.530355475654451,-7.465195064884751
ForwardChaining,BTCUSDT,14,28,all_available_test,SVR,2,358,88.4160124211679,1.8047279902195799,2.1958420163858086,4.821722160925294,-7.991403751922219
ForwardChaining,BTCUSDT,14,28,all_available_test,SVR,3,358,94.2702227930676,1.9160611664424545,2.311503759741111,5.343049631297292,-8.94423659141324
ForwardChaining,BTCUSDT,14,28,all_available_test,SVR,4,358,100.45840760684406,2.0269068831826886,2.4303347869068896,5.9065271764497576,-9.9617295331976
ForwardChaining,BTCUSDT,14,28,all_available_test,SVR,5,358,110.65579229138879,2.2041568043799296,2.5978461901203653,6.748804827522896,-11.481417108492828
ForwardChaining,BTCUSDT,14,28,all_available_test,SVR,6,358,130.67070159745575,2.5517818231484006,2.9459577101120513,8.678666829768641,-14.989348397433467
ForwardChaining,BTCUSDT,14,28,all_available_test,SVR,7,358,154.22106927422337,2.9592546604679235,3.317333290231865,11.004700158480569,-19.19100304699321
ForwardChaining,BTCUSDT,14,28,all_available_test,Persistence,1,358,5.8367038086877265,0.11138757661428128,0.2010107330332776,0.0404053147945756,0.9245006549194144
ForwardChaining,BTCUSDT,14,28,all_available_test,Persistence,2,358,9.758063350846493,0.18493757070038958,0.3019636387320583,0.091182039116305,0.8299664515590977
ForwardChaining,BTCUSDT,14,28,all_available_test,Persistence,3,358,12.658532631501416,0.24172130722288343,0.37563739627498977,0.14110345348025372,0.7373847854502474
ForwardChaining,BTCUSDT,14,28,all_available_test,Persistence,4,358,15.298040126819105,0.295578735526339,0.4409864305358498,0.19446903191674988,0.6390913193536685
ForwardChaining,BTCUSDT,14,28,all_available_test,Persistence,5,358,17.657427299463787,0.3425426270088841,0.5011198652119861,0.2511211193100792,0.5355699986939566
ForwardChaining,BTCUSDT,14,28,all_available_test,Persistence,6,358,19.975438769214115,0.3877302388344756,0.5544003715126047,0.30735977193331415,0.43372840861452167
ForwardChaining,BTCUSDT,14,28,all_available_test,Persistence,7,358,22.271559894805833,0.4330098082054798,0.6094716823683707,0.37145573160893214,0.3184672275728243
ForwardChaining,BTCUSDT,21,7,all_available_test,SVR,1,358,36.696079577873356,0.7784757888225252,1.084317820060352,1.1757451349004342,-1.717609487312619
ForwardChaining,BTCUSDT,21,7,all_available_test,SVR,2,358,36.468327728728056,0.7833796108119778,1.1068632773664766,1.2251463147824575,-1.8239077486155764
ForwardChaining,BTCUSDT,21,7,all_available_test,SVR,3,358,37.04914368140527,0.8004030518241725,1.1258778634732074,1.2676009634589944,-1.9138759752037315
ForwardChaining,BTCUSDT,21,7,all_available_test,SVR,4,358,37.71311128405898,0.8210440762701553,1.1483485018345267,1.318704281665602,-2.0224022630757896
ForwardChaining,BTCUSDT,21,7,all_available_test,SVR,5,358,40.896741269006384,0.8891711021794411,1.2068879177779233,1.456578446078331,-2.3283248711857896
ForwardChaining,BTCUSDT,21,7,all_available_test,SVR,6,358,43.68517193620439,0.9473100646454009,1.2526902019244952,1.5692327419976326,-2.5739679403350935
ForwardChaining,BTCUSDT,21,7,all_available_test,SVR,7,358,48.08344717151129,1.0311426663499674,1.330594757546811,1.7704824088110562,-3.0235694695155635
ForwardChaining,BTCUSDT,21,7,all_available_test,Persistence,1,358,3.985395088139034,0.07838453327041445,0.13904883840771487,0.0193345794625348,0.9553101815853706
ForwardChaining,BTCUSDT,21,7,all_available_test,Persistence,2,358,6.718549079375914,0.13267723600977335,0.2132827512627018,0.04548953198618752,0.895148652608484
ForwardChaining,BTCUSDT,21,7,all_available_test,Persistence,3,358,9.111355854512958,0.1794686255873329,0.27447674778503733,0.07533748507465099,0.8268192482338732
ForwardChaining,BTCUSDT,21,7,all_available_test,Persistence,4,358,11.37264727384271,0.22386072438155438,0.32936077209726144,0.1084785181965042,0.7513728259999971
ForwardChaining,BTCUSDT,21,7,all_available_test,Persistence,5,358,13.433420622453216,0.2648111126661865,0.379669169807847,0.14414867850257976,0.6706160021106754
ForwardChaining,BTCUSDT,21,7,all_available_test,Persistence,6,358,15.280650582535905,0.30075715533648884,0.4240789106090703,0.17984292242337585,0.5904031175011729
ForwardChaining,BTCUSDT,21,7,all_available_test,Persistence,7,358,16.965090922281348,0.3339234127550692,0.4663356943283327,0.21746897980468818,0.5057835404891509
ForwardChaining,BTCUSDT,21,14,all_available_test,SVR,1,358,72.17644518582674,1.4955630205195007,1.8266980564485007,3.33682578943273,-6.712716943234241
ForwardChaining,BTCUSDT,21,14,all_available_test,SVR,2,358,73.30043429262044,1.517496553212091,1.8478649534480678,3.4146048861816296,-6.870512346324188
ForwardChaining,BTCUSDT,21,14,all_available_test,SVR,3,358,74.7758825426502,1.5470881007439947,1.872470216642074,3.5061447122116154,-7.059690026286036
ForwardChaining,BTCUSDT,21,14,all_available_test,SVR,4,358,76.16863849812978,1.5728795909072908,1.891844052307326,3.579073918250605,-7.203052997274826
ForwardChaining,BTCUSDT,21,14,all_available_test,SVR,5,358,76.35092079736549,1.5755976425836755,1.8788424205471725,3.530048841247558,-7.066266109084651
ForwardChaining,BTCUSDT,21,14,all_available_test,SVR,6,358,79.78965565588271,1.6376612433070061,1.9159713663491376,3.6709462766697807,-7.360674584707377
ForwardChaining,BTCUSDT,21,14,all_available_test,SVR,7,358,87.28819822352472,1.7741773990912462,2.0324605481554894,4.130895879808513,-8.387806657117109
ForwardChaining,BTCUSDT,21,14,all_available_test,Persistence,1,358,3.985395088139034,0.07838453327041445,0.13904883840771487,0.0193345794625348,0.9553101815853706
ForwardChaining,BTCUSDT,21,14,all_available_test,Persistence,2,358,6.718549079375914,0.13267723600977335,0.2132827512627018,0.04548953198618752,0.895148652608484
ForwardChaining,BTCUSDT,21,14,all_available_test,Persistence,3,358,9.111355854512958,0.1794686255873329,0.27447674778503733,0.07533748507465099,0.8268192482338732
ForwardChaining,BTCUSDT,21,14,all_available_test,Persistence,4,358,11.37264727384271,0.22386072438155438,0.32936077209726144,0.1084785181965042,0.7513728259999971
ForwardChaining,BTCUSDT,21,14,all_available_test,Persistence,5,358,13.433420622453216,0.2648111126661865,0.379669169807847,0.14414867850257976,0.6706160021106754
ForwardChaining,BTCUSDT,21,14,all_available_test,Persistence,6,358,15.280650582535905,0.30075715533648884,0.4240789106090703,0.17984292242337585,0.5904031175011729
ForwardChaining,BTCUSDT,21,14,all_available_test,Persistence,7,358,16.965090922281348,0.3339234127550692,0.4663356943283327,0.21746897980468818,0.5057835404891509
ForwardChaining,BTCUSDT,21,21,all_available_test,SVR,1,358,100.0203630517334,2.0262514007296857,2.3518211341060598,5.531062646827913,-11.784461425998485
ForwardChaining,BTCUSDT,21,21,all_available_test,SVR,2,358,98.66198180101051,1.999984930212519,2.3124751435368642,5.347541289475841,-11.325844759263674
ForwardChaining,BTCUSDT,21,21,all_available_test,SVR,3,358,101.25031706442127,2.048719187733514,2.350586278652718,5.525255853390434,-11.701087134010367
ForwardChaining,BTCUSDT,21,21,all_available_test,SVR,4,358,100.21874015666451,2.0287089197268444,2.3198014945268977,5.3814789740092275,-11.334072510325523
ForwardChaining,BTCUSDT,21,21,all_available_test,SVR,5,358,101.09810752923086,2.0431956378030467,2.3211103071340546,5.387553057883945,-11.310718235373283
ForwardChaining,BTCUSDT,21,21,all_available_test,SVR,6,358,105.90391959411598,2.1301074679746463,2.3984935071064695,5.752771103631891,-12.102084185608668
ForwardChaining,BTCUSDT,21,21,all_available_test,SVR,7,358,116.31478405208827,2.3183692194240497,2.5702241711252465,6.60605228983646,-14.012806778045732
ForwardChaining,BTCUSDT,21,21,all_available_test,Persistence,1,358,3.985395088139034,0.07838453327041445,0.13904883840771487,0.0193345794625348,0.9553101815853706
ForwardChaining,BTCUSDT,21,21,all_available_test,Persistence,2,358,6.718549079375914,0.13267723600977335,0.2132827512627018,0.04548953198618752,0.895148652608484
ForwardChaining,BTCUSDT,21,21,all_available_test,Persistence,3,358,9.111355854512958,0.1794686255873329,0.27447674778503733,0.07533748507465099,0.8268192482338732
ForwardChaining,BTCUSDT,21,21,all_available_test,Persistence,4,358,11.37264727384271,0.22386072438155438,0.32936077209726144,0.1084785181965042,0.7513728259999971
ForwardChaining,BTCUSDT,21,21,all_available_test,Persistence,5,358,13.433420622453216,0.2648111126661865,0.379669169807847,0.14414867850257976,0.6706160021106754
ForwardChaining,BTCUSDT,21,21,all_available_test,Persistence,6,358,15.280650582535905,0.30075715533648884,0.4240789106090703,0.17984292242337585,0.5904031175011729
ForwardChaining,BTCUSDT,21,21,all_available_test,Persistence,7,358,16.965090922281348,0.3339234127550692,0.4663356943283327,0.21746897980468818,0.5057835404891509
ForwardChaining,BTCUSDT,21,28,all_available_test,SVR,1,358,114.87100025238826,2.3186623606594488,2.6290307726351387,6.911802803462514,-14.975895043541337
ForwardChaining,BTCUSDT,21,28,all_available_test,SVR,2,358,116.27992845831241,2.3447930163378254,2.644497629878351,6.993367714432216,-15.119401445703886
ForwardChaining,BTCUSDT,21,28,all_available_test,SVR,3,358,118.81122078658449,2.3944974365049365,2.6883374455105704,7.2271582209342995,-15.613306013519637
ForwardChaining,BTCUSDT,21,28,all_available_test,SVR,4,358,117.9814594795415,2.379780316273659,2.6707356481770304,7.132828902443582,-15.348076302329506
ForwardChaining,BTCUSDT,21,28,all_available_test,SVR,5,358,119.17181830968346,2.4018582777742257,2.6827020198527873,7.196890127322225,-15.445107004329422
ForwardChaining,BTCUSDT,21,28,all_available_test,SVR,6,358,122.97988974090728,2.4711004560113303,2.7418125269520206,7.5175359329510245,-16.121381485121063
ForwardChaining,BTCUSDT,21,28,all_available_test,SVR,7,358,132.87822279234908,2.64988706301604,2.895489216023194,8.38385780010661,-18.053018608595966
ForwardChaining,BTCUSDT,21,28,all_available_test,Persistence,1,358,3.985395088139034,0.07838453327041445,0.13904883840771487,0.0193345794625348,0.9553101815853706
ForwardChaining,BTCUSDT,21,28,all_available_test,Persistence,2,358,6.718549079375914,0.13267723600977335,0.2132827512627018,0.04548953198618752,0.895148652608484
ForwardChaining,BTCUSDT,21,28,all_available_test,Persistence,3,358,9.111355854512958,0.1794686255873329,0.27447674778503733,0.07533748507465099,0.8268192482338732
ForwardChaining,BTCUSDT,21,28,all_available_test,Persistence,4,358,11.37264727384271,0.22386072438155438,0.32936077209726144,0.1084785181965042,0.7513728259999971
ForwardChaining,BTCUSDT,21,28,all_available_test,Persistence,5,358,13.433420622453216,0.2648111126661865,0.379669169807847,0.14414867850257976,0.6706160021106754
ForwardChaining,BTCUSDT,21,28,all_available_test,Persistence,6,358,15.280650582535905,0.30075715533648884,0.4240789106090703,0.17984292242337585,0.5904031175011729
ForwardChaining,BTCUSDT,21,28,all_available_test,Persistence,7,358,16.965090922281348,0.3339234127550692,0.4663356943283327,0.21746897980468818,0.5057835404891509
ForwardChaining,BTCUSDT,28,7,all_available_test,SVR,1,358,32.23172696335507,0.6768241324115211,0.894876437496979,0.8008038383872845,-1.2448674867340968
ForwardChaining,BTCUSDT,28,7,all_available_test,SVR,2,358,31.7691724708186,0.6859489705559026,0.9272962000033375,0.8598782425406296,-1.411186458865492
ForwardChaining,BTCUSDT,28,7,all_available_test,SVR,3,358,32.58881883613177,0.7223146546180139,0.9897154272078612,0.9795366268532392,-1.7471236202197375
ForwardChaining,BTCUSDT,28,7,all_available_test,SVR,4,358,35.041769438419976,0.7831107144596421,1.0762590318612184,1.1583335036628473,-2.249043742238772
ForwardChaining,BTCUSDT,28,7,all_available_test,SVR,5,358,39.274553295767845,0.8725183852677143,1.1656778963100325,1.3588049579457828,-2.80943432965328
ForwardChaining,BTCUSDT,28,7,all_available_test,SVR,6,358,43.74582615717309,0.9620498998729002,1.2542570019004384,1.5731606268162766,-3.3977332142575465
ForwardChaining,BTCUSDT,28,7,all_available_test,SVR,7,358,47.3769889769048,1.0285475232128527,1.3090153000058165,1.7135210556493177,-3.7774456408520063
ForwardChaining,BTCUSDT,28,7,all_available_test,Persistence,1,358,2.628518820618562,0.05261208111115806,0.09995864512401567,0.009991730735028903,0.9719905045554733
ForwardChaining,BTCUSDT,28,7,all_available_test,Persistence,2,358,4.4641122122656585,0.09005071284724929,0.14940217859108076,0.022321010967761193,0.9374096043706899
ForwardChaining,BTCUSDT,28,7,all_available_test,Persistence,3,358,6.096487763780098,0.12361802024119993,0.1894940963013802,0.03590801253307675,0.8992954967884615
ForwardChaining,BTCUSDT,28,7,all_available_test,Persistence,4,358,7.485999868913445,0.15280354465237422,0.22400829764416744,0.05017971741343791,0.8592494334888073
ForwardChaining,BTCUSDT,28,7,all_available_test,Persistence,5,358,8.812787581702498,0.18065703887576362,0.2570087424675285,0.06605349370474037,0.8148178330959439
ForwardChaining,BTCUSDT,28,7,all_available_test,Persistence,6,358,10.103205337533824,0.2072840405380742,0.2897774239958986,0.0839709554576988,0.7652611859498375
ForwardChaining,BTCUSDT,28,7,all_available_test,Persistence,7,358,11.183616763885897,0.22974762153189862,0.3224270701954793,0.10395921559484053,0.7101526708805094
ForwardChaining,BTCUSDT,28,14,all_available_test,SVR,1,358,65.1275276967799,1.3806036059503186,1.6655702629135698,2.774124300701978,-6.776612883557473
ForwardChaining,BTCUSDT,28,14,all_available_test,SVR,2,358,70.19973698956889,1.4762616182739985,1.7527842975861454,3.072252793864557,-7.614910772588685
ForwardChaining,BTCUSDT,28,14,all_available_test,SVR,3,358,74.82985049314046,1.565384417054281,1.837661899274334,3.3770012560445526,-8.470845358579593
ForwardChaining,BTCUSDT,28,14,all_available_test,SVR,4,358,79.7109419668853,1.6570219973240046,1.9233632089468362,3.699326033530271,-9.376348488354628
ForwardChaining,BTCUSDT,28,14,all_available_test,SVR,5,358,83.90537237229582,1.734681262995766,1.9811260072090537,3.9248602564400876,-10.003416871968186
ForwardChaining,BTCUSDT,28,14,all_available_test,SVR,6,358,87.95597758790258,1.808394840142024,2.0405923354518314,4.1640170795047595,-10.640410968289764
ForwardChaining,BTCUSDT,28,14,all_available_test,SVR,7,358,91.73766844970193,1.8757110189638786,2.091075128135883,4.372595191508498,-11.191175455948379
ForwardChaining,BTCUSDT,28,14,all_available_test,Persistence,1,358,2.628518820618562,0.05261208111115806,0.09995864512401567,0.009991730735028903,0.9719905045554733
ForwardChaining,BTCUSDT,28,14,all_available_test,Persistence,2,358,4.4641122122656585,0.09005071284724929,0.14940217859108076,0.022321010967761193,0.9374096043706899
ForwardChaining,BTCUSDT,28,14,all_available_test,Persistence,3,358,6.096487763780098,0.12361802024119993,0.1894940963013802,0.03590801253307675,0.8992954967884615
ForwardChaining,BTCUSDT,28,14,all_available_test,Persistence,4,358,7.485999868913445,0.15280354465237422,0.22400829764416744,0.05017971741343791,0.8592494334888073
ForwardChaining,BTCUSDT,28,14,all_available_test,Persistence,5,358,8.812787581702498,0.18065703887576362,0.2570087424675285,0.06605349370474037,0.8148178330959439
ForwardChaining,BTCUSDT,28,14,all_available_test,Persistence,6,358,10.103205337533824,0.2072840405380742,0.2897774239958986,0.0839709554576988,0.7652611859498375
ForwardChaining,BTCUSDT,28,14,all_available_test,Persistence,7,358,11.183616763885897,0.22974762153189862,0.3224270701954793,0.10395921559484053,0.7101526708805094
ForwardChaining,BTCUSDT,28,21,all_available_test,SVR,1,358,96.52181526640199,1.987118892670093,2.248778236666012,5.057003557702698,-13.176134432431683
ForwardChaining,BTCUSDT,28,21,all_available_test,SVR,2,358,99.80878717386531,2.049279262170403,2.2988094492558724,5.284524883988087,-13.818347774635953
ForwardChaining,BTCUSDT,28,21,all_available_test,SVR,3,358,104.85224204302826,2.1454826274865373,2.387312727781485,5.699262060227474,-14.983656960097392
ForwardChaining,BTCUSDT,28,21,all_available_test,SVR,4,358,110.63561570423313,2.25612440120057,2.492477935876972,6.21244626083353,-16.425473392532453
ForwardChaining,BTCUSDT,28,21,all_available_test,SVR,5,358,116.70533488377686,2.3726666948256523,2.6008316456737464,6.764325249138007,-17.963908447878193
ForwardChaining,BTCUSDT,28,21,all_available_test,SVR,6,358,124.63656503207831,2.52386220560804,2.750548366970637,7.565516319044839,-20.149221403159736
ForwardChaining,BTCUSDT,28,21,all_available_test,SVR,7,358,132.56393054078092,2.673171510105638,2.8936101890736214,8.372979926310679,-22.344595806403
ForwardChaining,BTCUSDT,28,21,all_available_test,Persistence,1,358,2.628518820618562,0.05261208111115806,0.09995864512401567,0.009991730735028903,0.9719905045554733
ForwardChaining,BTCUSDT,28,21,all_available_test,Persistence,2,358,4.4641122122656585,0.09005071284724929,0.14940217859108076,0.022321010967761193,0.9374096043706899
ForwardChaining,BTCUSDT,28,21,all_available_test,Persistence,3,358,6.096487763780098,0.12361802024119993,0.1894940963013802,0.03590801253307675,0.8992954967884615
ForwardChaining,BTCUSDT,28,21,all_available_test,Persistence,4,358,7.485999868913445,0.15280354465237422,0.22400829764416744,0.05017971741343791,0.8592494334888073
ForwardChaining,BTCUSDT,28,21,all_available_test,Persistence,5,358,8.812787581702498,0.18065703887576362,0.2570087424675285,0.06605349370474037,0.8148178330959439
ForwardChaining,BTCUSDT,28,21,all_available_test,Persistence,6,358,10.103205337533824,0.2072840405380742,0.2897774239958986,0.0839709554576988,0.7652611859498375
ForwardChaining,BTCUSDT,28,21,all_available_test,Persistence,7,358,11.183616763885897,0.22974762153189862,0.3224270701954793,0.10395921559484053,0.7101526708805094
ForwardChaining,BTCUSDT,28,28,all_available_test,SVR,1,358,105.95964991677852,2.1981692889650626,2.4804487167888727,6.152625836619566,-16.247456913396764
ForwardChaining,BTCUSDT,28,28,all_available_test,SVR,2,358,110.89446462027347,2.293843195925083,2.5733381884461557,6.622069432115342,-17.568959364766304
ForwardChaining,BTCUSDT,28,28,all_available_test,SVR,3,358,117.76619920300583,2.427148822259297,2.69937139225258,7.286605913311632,-19.435384106050698
ForwardChaining,BTCUSDT,28,28,all_available_test,SVR,4,358,124.40100892043493,2.5545708028283123,2.8216385236548507,7.961643958173125,-21.33184950485967
ForwardChaining,BTCUSDT,28,28,all_available_test,SVR,5,358,131.0888551830765,2.6810540869118347,2.938369846995199,8.63401735773059,-23.205624164843226
ForwardChaining,BTCUSDT,28,28,all_available_test,SVR,6,358,138.7973169763555,2.825186392192444,3.0716409500605573,9.434978126088923,-25.375257537983398
ForwardChaining,BTCUSDT,28,28,all_available_test,SVR,7,358,147.22443225819424,2.9807501152765563,3.208624507247658,10.295271228510275,-27.704111040758352
ForwardChaining,BTCUSDT,28,28,all_available_test,Persistence,1,358,2.628518820618562,0.05261208111115806,0.09995864512401567,0.009991730735028903,0.9719905045554733
ForwardChaining,BTCUSDT,28,28,all_available_test,Persistence,2,358,4.4641122122656585,0.09005071284724929,0.14940217859108076,0.022321010967761193,0.9374096043706899
ForwardChaining,BTCUSDT,28,28,all_available_test,Persistence,3,358,6.096487763780098,0.12361802024119993,0.1894940963013802,0.03590801253307675,0.8992954967884615
ForwardChaining,BTCUSDT,28,28,all_available_test,Persistence,4,358,7.485999868913445,0.15280354465237422,0.22400829764416744,0.05017971741343791,0.8592494334888073
ForwardChaining,BTCUSDT,28,28,all_available_test,Persistence,5,358,8.812787581702498,0.18065703887576362,0.2570087424675285,0.06605349370474037,0.8148178330959439
ForwardChaining,BTCUSDT,28,28,all_available_test,Persistence,6,358,10.103205337533824,0.2072840405380742,0.2897774239958986,0.0839709554576988,0.7652611859498375
ForwardChaining,BTCUSDT,28,28,all_available_test,Persistence,7,358,11.183616763885897,0.22974762153189862,0.3224270701954793,0.10395921559484053,0.7101526708805094
ForwardChaining,ETHUSDT,7,7,all_available_test,SVR,1,358,46.55017041258227,1.536243837792453,2.0682159901367534,4.2775173818573515,-0.7931374968894525
ForwardChaining,ETHUSDT,7,7,all_available_test,SVR,2,358,46.71877694721474,1.5862696958738907,2.1305831071167614,4.539384376331313,-0.8983050947189342
ForwardChaining,ETHUSDT,7,7,all_available_test,SVR,3,358,46.0491629449231,1.6148751848180216,2.180516413844036,4.754651831043255,-0.9802642048087038
ForwardChaining,ETHUSDT,7,7,all_available_test,SVR,4,358,46.08239269396439,1.6408212132515125,2.220802691667019,4.931964595315477,-1.0452761572418816
ForwardChaining,ETHUSDT,7,7,all_available_test,SVR,5,358,46.279721229933784,1.6604705869587522,2.241707328383217,5.0252517461270205,-1.0758013920674494
ForwardChaining,ETHUSDT,7,7,all_available_test,SVR,6,358,46.50342683868486,1.6614087499541643,2.2410662666307357,5.022378011430224,-1.066956372565456
ForwardChaining,ETHUSDT,7,7,all_available_test,SVR,7,358,44.03474769353345,1.5883147650575673,2.1553538700677586,4.645550305216064,-0.8994074565040548
ForwardChaining,ETHUSDT,7,7,all_available_test,Persistence,1,358,14.920061356503549,0.439590748686652,0.769223404027138,0.5917046453030975,0.7519571069244949
ForwardChaining,ETHUSDT,7,7,all_available_test,Persistence,2,358,25.303323176408327,0.7418705734617352,1.1189475160776605,1.2520435437363662,0.47641344269560004
ForwardChaining,ETHUSDT,7,7,all_available_test,Persistence,3,358,34.097279501704115,0.993284070448801,1.4053745309919203,1.97507757236076,0.17740024774678298
ForwardChaining,ETHUSDT,7,7,all_available_test,Persistence,4,358,41.791642920266966,1.2102644713015491,1.6684204347502187,2.783626747092109,-0.15436461605906793
ForwardChaining,ETHUSDT,7,7,all_available_test,Persistence,5,358,49.53849459442698,1.4176068741861128,1.8918911610520628,3.579252165266922,-0.4784964022842626
ForwardChaining,ETHUSDT,7,7,all_available_test,Persistence,6,358,55.746690288611816,1.5728292731330562,2.0746128214538415,4.304018358940668,-0.7713159293077088
ForwardChaining,ETHUSDT,7,7,all_available_test,Persistence,7,358,61.0323850874711,1.7028511828495416,2.2284567673581557,4.966019563984361,-1.0304364325548305
ForwardChaining,ETHUSDT,7,14,all_available_test,SVR,1,358,73.27061541495846,2.3226183833763994,2.9444342567488304,8.669693092316036,-2.634339824378483
ForwardChaining,ETHUSDT,7,14,all_available_test,SVR,2,358,79.35658493757809,2.4847630784485255,3.0921791961985723,9.561572181403248,-2.9985116219988197
ForwardChaining,ETHUSDT,7,14,all_available_test,SVR,3,358,77.75268123362747,2.451282535946061,3.053306713378643,9.32268188596309,-2.8828023349799006
ForwardChaining,ETHUSDT,7,14,all_available_test,SVR,4,358,74.1294856893307,2.355170063070603,2.923100399310848,8.544515944451241,-2.5433941989280155
ForwardChaining,ETHUSDT,7,14,all_available_test,SVR,5,358,72.3843581635864,2.2995816630964936,2.8139610805180375,7.918376962670241,-2.270876515727544
ForwardChaining,ETHUSDT,7,14,all_available_test,SVR,6,358,70.78573982982523,2.2534157934529357,2.7658360637896213,7.649849131759265,-2.1482903867587164
ForwardChaining,ETHUSDT,7,14,all_available_test,SVR,7,358,65.13738728807732,2.0849572607284363,2.5985943529965896,6.752692611425765,-1.7609462506994409
ForwardChaining,ETHUSDT,7,14,all_available_test,Persistence,1,358,14.920061356503549,0.439590748686652,0.769223404027138,0.5917046453030975,0.7519571069244949
ForwardChaining,ETHUSDT,7,14,all_available_test,Persistence,2,358,25.303323176408327,0.7418705734617352,1.1189475160776605,1.2520435437363662,0.47641344269560004
ForwardChaining,ETHUSDT,7,14,all_available_test,Persistence,3,358,34.097279501704115,0.993284070448801,1.4053745309919203,1.97507757236076,0.17740024774678298
ForwardChaining,ETHUSDT,7,14,all_available_test,Persistence,4,358,41.791642920266966,1.2102644713015491,1.6684204347502187,2.783626747092109,-0.15436461605906793
ForwardChaining,ETHUSDT,7,14,all_available_test,Persistence,5,358,49.53849459442698,1.4176068741861128,1.8918911610520628,3.579252165266922,-0.4784964022842626
ForwardChaining,ETHUSDT,7,14,all_available_test,Persistence,6,358,55.746690288611816,1.5728292731330562,2.0746128214538415,4.304018358940668,-0.7713159293077088
ForwardChaining,ETHUSDT,7,14,all_available_test,Persistence,7,358,61.0323850874711,1.7028511828495416,2.2284567673581557,4.966019563984361,-1.0304364325548305
ForwardChaining,ETHUSDT,7,21,all_available_test,SVR,1,358,86.34686165028933,2.6256176988776128,3.2064291742972846,10.281188049784765,-3.3098793432923106
ForwardChaining,ETHUSDT,7,21,all_available_test,SVR,2,358,85.81713483634644,2.6220186960119705,3.1886252506992045,10.167330989396566,-3.2518312213216545
ForwardChaining,ETHUSDT,7,21,all_available_test,SVR,3,358,87.42057941138306,2.6706245553222003,3.24557534963239,10.533759350141409,-3.3872038004888054
ForwardChaining,ETHUSDT,7,21,all_available_test,SVR,4,358,88.33716940205096,2.707740735298537,3.2898441374334784,10.823074448605428,-3.4883079936972967
ForwardChaining,ETHUSDT,7,21,all_available_test,SVR,5,358,91.3778836417368,2.80711340123211,3.391404818317668,11.501626641708294,-3.7510241874546404
ForwardChaining,ETHUSDT,7,21,all_available_test,SVR,6,358,96.06966154289292,2.9593395983558226,3.5652627757466173,12.711098660124474,-4.231244306593055
ForwardChaining,ETHUSDT,7,21,all_available_test,SVR,7,358,94.33454315338545,2.9392350440553683,3.5449514282248678,12.566680628473529,-4.138088131868271
ForwardChaining,ETHUSDT,7,21,all_available_test,Persistence,1,358,14.920061356503549,0.439590748686652,0.769223404027138,0.5917046453030975,0.7519571069244949
ForwardChaining,ETHUSDT,7,21,all_available_test,Persistence,2,358,25.303323176408327,0.7418705734617352,1.1189475160776605,1.2520435437363662,0.47641344269560004
ForwardChaining,ETHUSDT,7,21,all_available_test,Persistence,3,358,34.097279501704115,0.993284070448801,1.4053745309919203,1.97507757236076,0.17740024774678298
ForwardChaining,ETHUSDT,7,21,all_available_test,Persistence,4,358,41.791642920266966,1.2102644713015491,1.6684204347502187,2.783626747092109,-0.15436461605906793
ForwardChaining,ETHUSDT,7,21,all_available_test,Persistence,5,358,49.53849459442698,1.4176068741861128,1.8918911610520628,3.579252165266922,-0.4784964022842626
ForwardChaining,ETHUSDT,7,21,all_available_test,Persistence,6,358,55.746690288611816,1.5728292731330562,2.0746128214538415,4.304018358940668,-0.7713159293077088
ForwardChaining,ETHUSDT,7,21,all_available_test,Persistence,7,358,61.0323850874711,1.7028511828495416,2.2284567673581557,4.966019563984361,-1.0304364325548305
ForwardChaining,ETHUSDT,7,28,all_available_test,SVR,1,358,99.84391785308462,3.0763585012881416,3.6864482123569435,13.589900422389704,-4.696893279671409
ForwardChaining,ETHUSDT,7,28,all_available_test,SVR,2,358,98.08744621073804,3.0629628511475357,3.698670705460923,13.6801649874348,-4.72084774923402
ForwardChaining,ETHUSDT,7,28,all_available_test,SVR,3,358,96.50514404265905,3.0224957083349806,3.6558585084955952,13.365301434139639,-4.566512324562337
ForwardChaining,ETHUSDT,7,28,all_available_test,SVR,4,358,93.55280013283573,2.9541984936421235,3.6014665501190386,12.970561311626328,-4.3788666329662504
ForwardChaining,ETHUSDT,7,28,all_available_test,SVR,5,358,91.4361973437267,2.9238023820501224,3.5865700391973183,12.863484646067855,-4.313572470419073
ForwardChaining,ETHUSDT,7,28,all_available_test,SVR,6,358,90.27949904066257,2.9121919008549555,3.596991436977039,12.938347397686146,-4.324768375309419
ForwardChaining,ETHUSDT,7,28,all_available_test,SVR,7,358,85.65828761104063,2.8021853749394405,3.4710588184985274,12.048249321476394,-3.9261192098893494
ForwardChaining,ETHUSDT,7,28,all_available_test,Persistence,1,358,14.920061356503549,0.439590748686652,0.769223404027138,0.5917046453030975,0.7519571069244949
ForwardChaining,ETHUSDT,7,28,all_available_test,Persistence,2,358,25.303323176408327,0.7418705734617352,1.1189475160776605,1.2520435437363662,0.47641344269560004
ForwardChaining,ETHUSDT,7,28,all_available_test,Persistence,3,358,34.097279501704115,0.993284070448801,1.4053745309919203,1.97507757236076,0.17740024774678298
ForwardChaining,ETHUSDT,7,28,all_available_test,Persistence,4,358,41.791642920266966,1.2102644713015491,1.6684204347502187,2.783626747092109,-0.15436461605906793
ForwardChaining,ETHUSDT,7,28,all_available_test,Persistence,5,358,49.53849459442698,1.4176068741861128,1.8918911610520628,3.579252165266922,-0.4784964022842626
ForwardChaining,ETHUSDT,7,28,all_available_test,Persistence,6,358,55.746690288611816,1.5728292731330562,2.0746128214538415,4.304018358940668,-0.7713159293077088
ForwardChaining,ETHUSDT,7,28,all_available_test,Persistence,7,358,61.0323850874711,1.7028511828495416,2.2284567673581557,4.966019563984361,-1.0304364325548305
ForwardChaining,ETHUSDT,14,7,all_available_test,SVR,1,358,33.43092226028056,1.2661248883779408,1.7375568168038278,3.019103691621451,-1.1544450373382493
ForwardChaining,ETHUSDT,14,7,all_available_test,SVR,2,358,33.25170702435675,1.2713385301493598,1.742862120072087,3.03756836958217,-1.1649689165661195
ForwardChaining,ETHUSDT,14,7,all_available_test,SVR,3,358,32.76043729192912,1.2689139028378904,1.7499662060747017,3.0623817224034853,-1.1777894123100277
ForwardChaining,ETHUSDT,14,7,all_available_test,SVR,4,358,32.919799458190646,1.291293590440024,1.7663341538827235,3.1199363431725966,-1.216055935311768
ForwardChaining,ETHUSDT,14,7,all_available_test,SVR,5,358,33.53261363650918,1.325766501790904,1.8007484866435925,3.242695112149189,-1.2988783334210083
ForwardChaining,ETHUSDT,14,7,all_available_test,SVR,6,358,34.38975205424181,1.3598632538384792,1.8251058078811906,3.331011209961653,-1.3600509185175955
ForwardChaining,ETHUSDT,14,7,all_available_test,SVR,7,358,35.292174608173745,1.3979591303448047,1.8703711615848002,3.4982882820880747,-1.4594399442149566
ForwardChaining,ETHUSDT,14,7,all_available_test,Persistence,1,358,6.686778078175294,0.2202980823300131,0.4420055117529983,0.1953688724200299,0.8605839545015274
ForwardChaining,ETHUSDT,14,7,all_available_test,Persistence,2,358,11.421345233769618,0.37478431904025805,0.6466455060491272,0.41815041049353174,0.7019712707594513
ForwardChaining,ETHUSDT,14,7,all_available_test,Persistence,3,358,15.178012108496606,0.5026720397119571,0.7972251119276998,0.6355678790881336,0.5480207487666979
ForwardChaining,ETHUSDT,14,7,all_available_test,Persistence,4,358,18.687752974029138,0.6230335161718378,0.9430357592864548,0.8893164432929803,0.3683284638667591
ForwardChaining,ETHUSDT,14,7,all_available_test,Persistence,5,358,21.9002888680097,0.7311163328157502,1.0676746848523033,1.1399292326744652,0.19185784540449335
ForwardChaining,ETHUSDT,14,7,all_available_test,Persistence,6,358,24.815894140330457,0.829004698082944,1.180719845948294,1.394099354616163,0.012268270810010473
ForwardChaining,ETHUSDT,14,7,all_available_test,Persistence,7,358,27.963926849618794,0.9319038112287789,1.2917025749982451,1.668495542257097,-0.17302070397764457
ForwardChaining,ETHUSDT,14,14,all_available_test,SVR,1,358,44.17054707744726,1.6579896984393714,2.155831546357482,4.647609656270092,-2.3165537133502014
ForwardChaining,ETHUSDT,14,14,all_available_test,SVR,2,358,48.19842155113975,1.773536250572165,2.262640788607062,5.119543338268387,-2.648856863718529
ForwardChaining,ETHUSDT,14,14,all_available_test,SVR,3,358,50.47166381033803,1.843355079095416,2.3216277576958024,5.389955445303639,-2.8330257184242935
ForwardChaining,ETHUSDT,14,14,all_available_test,SVR,4,358,52.979828788426865,1.9201190184069183,2.3820880082797116,5.674343279190003,-3.0304226496039792
ForwardChaining,ETHUSDT,14,14,all_available_test,SVR,5,358,54.75191076247369,1.9818163388732462,2.4294542548810214,5.902247976559498,-3.1843434311644776
ForwardChaining,ETHUSDT,14,14,all_available_test,SVR,6,358,56.84598489084775,2.051822769141149,2.4975913769982174,6.237962686455851,-3.4196517633508954
ForwardChaining,ETHUSDT,14,14,all_available_test,SVR,7,358,57.65178985527975,2.079601597910764,2.54022118754711,6.452723681663251,-3.5365290370500233
ForwardChaining,ETHUSDT,14,14,all_available_test,Persistence,1,358,6.686778078175294,0.2202980823300131,0.4420055117529983,0.1953688724200299,0.8605839545015274
ForwardChaining,ETHUSDT,14,14,all_available_test,Persistence,2,358,11.421345233769618,0.37478431904025805,0.6466455060491272,0.41815041049353174,0.7019712707594513
ForwardChaining,ETHUSDT,14,14,all_available_test,Persistence,3,358,15.178012108496606,0.5026720397119571,0.7972251119276998,0.6355678790881336,0.5480207487666979
ForwardChaining,ETHUSDT,14,14,all_available_test,Persistence,4,358,18.687752974029138,0.6230335161718378,0.9430357592864548,0.8893164432929803,0.3683284638667591
ForwardChaining,ETHUSDT,14,14,all_available_test,Persistence,5,358,21.9002888680097,0.7311163328157502,1.0676746848523033,1.1399292326744652,0.19185784540449335
ForwardChaining,ETHUSDT,14,14,all_available_test,Persistence,6,358,24.815894140330457,0.829004698082944,1.180719845948294,1.394099354616163,0.012268270810010473
ForwardChaining,ETHUSDT,14,14,all_available_test,Persistence,7,358,27.963926849618794,0.9319038112287789,1.2917025749982451,1.668495542257097,-0.17302070397764457
ForwardChaining,ETHUSDT,14,21,all_available_test,SVR,1,358,65.1889007619438,2.292522907976854,2.8188079301278766,7.9456781469518045,-4.670069199509193
ForwardChaining,ETHUSDT,14,21,all_available_test,SVR,2,358,67.35542702326624,2.3532400772247053,2.8749448559831374,8.265307924943903,-4.890940570273508
ForwardChaining,ETHUSDT,14,21,all_available_test,SVR,3,358,69.35238928329635,2.415908453950949,2.9230887515735096,8.54444784957558,-5.076318939833711
ForwardChaining,ETHUSDT,14,21,all_available_test,SVR,4,358,71.52075702120042,2.486257854547675,2.9625161991580793,8.776502230274033,-5.23385150188617
ForwardChaining,ETHUSDT,14,21,all_available_test,SVR,5,358,74.44722556910261,2.583353526176893,3.030096128193168,9.181482546091228,-5.50912607072175
ForwardChaining,ETHUSDT,14,21,all_available_test,SVR,6,358,78.84088523221831,2.730951913605602,3.178995754177241,10.106014005076926,-6.160200351144437
ForwardChaining,ETHUSDT,14,21,all_available_test,SVR,7,358,80.30553081664975,2.780287864838582,3.2456226059458033,10.534066100226427,-6.405879919774226
ForwardChaining,ETHUSDT,14,21,all_available_test,Persistence,1,358,6.686778078175294,0.2202980823300131,0.4420055117529983,0.1953688724200299,0.8605839545015274
ForwardChaining,ETHUSDT,14,21,all_available_test,Persistence,2,358,11.421345233769618,0.37478431904025805,0.6466455060491272,0.41815041049353174,0.7019712707594513
ForwardChaining,ETHUSDT,14,21,all_available_test,Persistence,3,358,15.178012108496606,0.5026720397119571,0.7972251119276998,0.6355678790881336,0.5480207487666979
ForwardChaining,ETHUSDT,14,21,all_available_test,Persistence,4,358,18.687752974029138,0.6230335161718378,0.9430357592864548,0.8893164432929803,0.3683284638667591
ForwardChaining,ETHUSDT,14,21,all_available_test,Persistence,5,358,21.9002888680097,0.7311163328157502,1.0676746848523033,1.1399292326744652,0.19185784540449335
ForwardChaining,ETHUSDT,14,21,all_available_test,Persistence,6,358,24.815894140330457,0.829004698082944,1.180719845948294,1.394099354616163,0.012268270810010473
ForwardChaining,ETHUSDT,14,21,all_available_test,Persistence,7,358,27.963926849618794,0.9319038112287789,1.2917025749982451,1.668495542257097,-0.17302070397764457
ForwardChaining,ETHUSDT,14,28,all_available_test,SVR,1,358,74.5943776455318,2.6026691594158455,3.0749960246140438,9.455600551392173,-5.747556150368207
ForwardChaining,ETHUSDT,14,28,all_available_test,SVR,2,358,75.71787318229279,2.6480771641814225,3.114675892193105,9.701205913408913,-5.914349473103957
ForwardChaining,ETHUSDT,14,28,all_available_test,SVR,3,358,76.54158482481448,2.6867679790652064,3.149146138700366,9.917121402891423,-6.052485271124059
ForwardChaining,ETHUSDT,14,28,all_available_test,SVR,4,358,76.70172313396954,2.704972596904124,3.171654139314703,10.059389979432089,-6.145072340440051
ForwardChaining,ETHUSDT,14,28,all_available_test,SVR,5,358,77.72090448913457,2.7555601754109995,3.2228645854578404,10.386856136198336,-6.363664389663047
ForwardChaining,ETHUSDT,14,28,all_available_test,SVR,6,358,79.56880182973404,2.8271468336451835,3.3066458021569907,10.933906460922447,-6.746769482166516
ForwardChaining,ETHUSDT,14,28,all_available_test,SVR,7,358,80.30506532043046,2.8577916811946924,3.3428273740273013,11.174494852546264,-6.8561275631556935
ForwardChaining,ETHUSDT,14,28,all_available_test,Persistence,1,358,6.686778078175294,0.2202980823300131,0.4420055117529983,0.1953688724200299,0.8605839545015274
ForwardChaining,ETHUSDT,14,28,all_available_test,Persistence,2,358,11.421345233769618,0.37478431904025805,0.6466455060491272,0.41815041049353174,0.7019712707594513
ForwardChaining,ETHUSDT,14,28,all_available_test,Persistence,3,358,15.178012108496606,0.5026720397119571,0.7972251119276998,0.6355678790881336,0.5480207487666979
ForwardChaining,ETHUSDT,14,28,all_available_test,Persistence,4,358,18.687752974029138,0.6230335161718378,0.9430357592864548,0.8893164432929803,0.3683284638667591
ForwardChaining,ETHUSDT,14,28,all_available_test,Persistence,5,358,21.9002888680097,0.7311163328157502,1.0676746848523033,1.1399292326744652,0.19185784540449335
ForwardChaining,ETHUSDT,14,28,all_available_test,Persistence,6,358,24.815894140330457,0.829004698082944,1.180719845948294,1.394099354616163,0.012268270810010473
ForwardChaining,ETHUSDT,14,28,all_available_test,Persistence,7,358,27.963926849618794,0.9319038112287789,1.2917025749982451,1.668495542257097,-0.17302070397764457
ForwardChaining,ETHUSDT,21,7,all_available_test,SVR,1,358,29.525214528398745,1.1931753810737495,1.5929869012190585,2.537607267455498,-1.768756647229381
ForwardChaining,ETHUSDT,21,7,all_available_test,SVR,2,358,29.601879384687887,1.1991687492068555,1.5984415140736283,2.5550152739139933,-1.7827867978820064
ForwardChaining,ETHUSDT,21,7,all_available_test,SVR,3,358,29.46051475094523,1.1985183954320462,1.6086283662626524,2.58768522074485,-1.8111235212411625
ForwardChaining,ETHUSDT,21,7,all_available_test,SVR,4,358,29.315256016121708,1.194594844341062,1.6163122633210047,2.612465332561869,-1.830442282187711
ForwardChaining,ETHUSDT,21,7,all_available_test,SVR,5,358,29.386051275875737,1.1979240328931118,1.6131155902506955,2.60214190750985,-1.811361328680967
ForwardChaining,ETHUSDT,21,7,all_available_test,SVR,6,358,29.283812407375255,1.1909627108290015,1.6047169389390727,2.5751164541179876,-1.7650138696437097
ForwardChaining,ETHUSDT,21,7,all_available_test,SVR,7,358,29.47749988342734,1.1979704335395889,1.6068482121275243,2.581961176817421,-1.7519169276391886
ForwardChaining,ETHUSDT,21,7,all_available_test,Persistence,1,358,4.3717736656844,0.15142427671140324,0.2953123451019381,0.08720938116960618,0.904846759815507
ForwardChaining,ETHUSDT,21,7,all_available_test,Persistence,2,358,7.652798799424146,0.2653976707928192,0.44173534401777104,0.19513011415449852,0.7874746538377735
ForwardChaining,ETHUSDT,21,7,all_available_test,Persistence,3,358,10.367037550746742,0.36010501304373516,0.5682549787169133,0.32291372083655967,0.6492037174004245
ForwardChaining,ETHUSDT,21,7,all_available_test,Persistence,4,358,12.857549060192499,0.4455099330363258,0.6828883241528294,0.46633646326425987,0.4947536999257852
ForwardChaining,ETHUSDT,21,7,all_available_test,Persistence,5,358,15.154386740870445,0.5234220038820474,0.7842110874469914,0.6149870296747929,0.3355663087096481
ForwardChaining,ETHUSDT,21,7,all_available_test,Persistence,6,358,17.409463134170338,0.5973270285509636,0.8717973744349501,0.7600306620716726,0.18392221888758953
ForwardChaining,ETHUSDT,21,7,all_available_test,Persistence,7,358,19.448888958655306,0.6644158899084811,0.9537979551642048,0.9097305392754186,0.030387097567353027
ForwardChaining,ETHUSDT,21,14,all_available_test,SVR,1,358,34.74391345045534,1.4005178668925196,1.8430440096279457,3.3968112214254553,-2.7062250606397336
ForwardChaining,ETHUSDT,21,14,all_available_test,SVR,2,358,35.93756246087529,1.4391972818698775,1.8867115899533973,3.5596806236644762,-2.877014883372999
ForwardChaining,ETHUSDT,21,14,all_available_test,SVR,3,358,37.08816064643299,1.471139632813816,1.915970592645309,3.670943311881617,-2.98791746633037
ForwardChaining,ETHUSDT,21,14,all_available_test,SVR,4,358,38.085075246409154,1.500397018781765,1.9457744398337176,3.7860381707102175,-3.101934822555596
ForwardChaining,ETHUSDT,21,14,all_available_test,SVR,5,358,38.75864321958416,1.5177682508863524,1.9544938631037954,3.820046260910398,-3.127188567503275
ForwardChaining,ETHUSDT,21,14,all_available_test,SVR,6,358,39.59226875887945,1.5460958643985634,1.972962710673849,3.892581857709502,-3.179633432918566
ForwardChaining,ETHUSDT,21,14,all_available_test,SVR,7,358,41.75709486817479,1.6231192702959847,2.0475824400900446,4.1925938489651005,-3.468568345363183
ForwardChaining,ETHUSDT,21,14,all_available_test,Persistence,1,358,4.3717736656844,0.15142427671140324,0.2953123451019381,0.08720938116960618,0.904846759815507
ForwardChaining,ETHUSDT,21,14,all_available_test,Persistence,2,358,7.652798799424146,0.2653976707928192,0.44173534401777104,0.19513011415449852,0.7874746538377735
ForwardChaining,ETHUSDT,21,14,all_available_test,Persistence,3,358,10.367037550746742,0.36010501304373516,0.5682549787169133,0.32291372083655967,0.6492037174004245
ForwardChaining,ETHUSDT,21,14,all_available_test,Persistence,4,358,12.857549060192499,0.4455099330363258,0.6828883241528294,0.46633646326425987,0.4947536999257852
ForwardChaining,ETHUSDT,21,14,all_available_test,Persistence,5,358,15.154386740870445,0.5234220038820474,0.7842110874469914,0.6149870296747929,0.3355663087096481
ForwardChaining,ETHUSDT,21,14,all_available_test,Persistence,6,358,17.409463134170338,0.5973270285509636,0.8717973744349501,0.7600306620716726,0.18392221888758953
ForwardChaining,ETHUSDT,21,14,all_available_test,Persistence,7,358,19.448888958655306,0.6644158899084811,0.9537979551642048,0.9097305392754186,0.030387097567353027
ForwardChaining,ETHUSDT,21,21,all_available_test,SVR,1,358,53.50187965379134,2.0291233563091735,2.515278186264981,6.326624354300453,-5.902913409866274
ForwardChaining,ETHUSDT,21,21,all_available_test,SVR,2,358,54.53553445019416,2.0658533740381864,2.5633657754084838,6.570844098535536,-6.156614050425869
ForwardChaining,ETHUSDT,21,21,all_available_test,SVR,3,358,57.061458858782544,2.147397942945378,2.6500135096803414,7.0225716014883215,-6.628948084675314
ForwardChaining,ETHUSDT,21,21,all_available_test,SVR,4,358,58.61507885271414,2.198042197374825,2.686096436151906,7.215114064307972,-6.817123413614091
ForwardChaining,ETHUSDT,21,21,all_available_test,SVR,5,358,60.45160934144502,2.2579518737134414,2.72876471731438,7.446156882459828,-7.044848532750496
ForwardChaining,ETHUSDT,21,21,all_available_test,SVR,6,358,63.43102338352503,2.3545515836251676,2.8168340479141487,7.934554053488408,-7.519673730579932
ForwardChaining,ETHUSDT,21,21,all_available_test,SVR,7,358,66.55171797465599,2.45391074996066,2.9177666680199863,8.513362329008453,-8.073748325372604
ForwardChaining,ETHUSDT,21,21,all_available_test,Persistence,1,358,4.3717736656844,0.15142427671140324,0.2953123451019381,0.08720938116960618,0.904846759815507
ForwardChaining,ETHUSDT,21,21,all_available_test,Persistence,2,358,7.652798799424146,0.2653976707928192,0.44173534401777104,0.19513011415449852,0.7874746538377735
ForwardChaining,ETHUSDT,21,21,all_available_test,Persistence,3,358,10.367037550746742,0.36010501304373516,0.5682549787169133,0.32291372083655967,0.6492037174004245
ForwardChaining,ETHUSDT,21,21,all_available_test,Persistence,4,358,12.857549060192499,0.4455099330363258,0.6828883241528294,0.46633646326425987,0.4947536999257852
ForwardChaining,ETHUSDT,21,21,all_available_test,Persistence,5,358,15.154386740870445,0.5234220038820474,0.7842110874469914,0.6149870296747929,0.3355663087096481
ForwardChaining,ETHUSDT,21,21,all_available_test,Persistence,6,358,17.409463134170338,0.5973270285509636,0.8717973744349501,0.7600306620716726,0.18392221888758953
ForwardChaining,ETHUSDT,21,21,all_available_test,Persistence,7,358,19.448888958655306,0.6644158899084811,0.9537979551642048,0.9097305392754186,0.030387097567353027
ForwardChaining,ETHUSDT,21,28,all_available_test,SVR,1,358,67.8013360099325,2.497662480813097,3.009464015142833,9.056873658439622,-8.881859760776063
ForwardChaining,ETHUSDT,21,28,all_available_test,SVR,2,358,68.9891767363282,2.541598087274228,3.0433290389643615,9.261851639403744,-9.087516395388153
ForwardChaining,ETHUSDT,21,28,all_available_test,SVR,3,358,69.49361432147988,2.5608674319375755,3.049811384286568,9.301349479723951,-9.104491107388215
ForwardChaining,ETHUSDT,21,28,all_available_test,SVR,4,358,69.12604123196225,2.550172656473072,3.017949422389445,9.108018716100785,-8.867966843306684
ForwardChaining,ETHUSDT,21,28,all_available_test,SVR,5,358,68.97343938049687,2.545362849281429,3.000327407946621,9.001964554875688,-8.725747453932232
ForwardChaining,ETHUSDT,21,28,all_available_test,SVR,6,358,69.00572155805445,2.5454470589790117,2.995159865279817,8.970982618583012,-8.632531889984246
ForwardChaining,ETHUSDT,21,28,all_available_test,SVR,7,358,69.87062287640346,2.5738299245779737,3.0174733737233965,9.105145561129657,-8.704485266187005
ForwardChaining,ETHUSDT,21,28,all_available_test,Persistence,1,358,4.3717736656844,0.15142427671140324,0.2953123451019381,0.08720938116960618,0.904846759815507
ForwardChaining,ETHUSDT,21,28,all_available_test,Persistence,2,358,7.652798799424146,0.2653976707928192,0.44173534401777104,0.19513011415449852,0.7874746538377735
ForwardChaining,ETHUSDT,21,28,all_available_test,Persistence,3,358,10.367037550746742,0.36010501304373516,0.5682549787169133,0.32291372083655967,0.6492037174004245
ForwardChaining,ETHUSDT,21,28,all_available_test,Persistence,4,358,12.857549060192499,0.4455099330363258,0.6828883241528294,0.46633646326425987,0.4947536999257852
ForwardChaining,ETHUSDT,21,28,all_available_test,Persistence,5,358,15.154386740870445,0.5234220038820474,0.7842110874469914,0.6149870296747929,0.3355663087096481
ForwardChaining,ETHUSDT,21,28,all_available_test,Persistence,6,358,17.409463134170338,0.5973270285509636,0.8717973744349501,0.7600306620716726,0.18392221888758953
ForwardChaining,ETHUSDT,21,28,all_available_test,Persistence,7,358,19.448888958655306,0.6644158899084811,0.9537979551642048,0.9097305392754186,0.030387097567353027
ForwardChaining,ETHUSDT,28,7,all_available_test,SVR,1,358,28.1121066542844,1.138937246117469,1.4851892716071693,2.205787172497034,-2.6495678789530253
ForwardChaining,ETHUSDT,28,7,all_available_test,SVR,2,358,28.398923715407918,1.153450036683581,1.4958541538940051,2.2375796497219502,-2.70074310647558
ForwardChaining,ETHUSDT,28,7,all_available_test,SVR,3,358,28.875004106326,1.1742671346214975,1.5116123628484677,2.2849719355163276,-2.7787908713002847
ForwardChaining,ETHUSDT,28,7,all_available_test,SVR,4,358,29.092297444739522,1.1864059854349884,1.525221738991494,2.3263013530922367,-2.846503238273539
ForwardChaining,ETHUSDT,28,7,all_available_test,SVR,5,358,29.279585943228746,1.197117320615447,1.5368420446505824,2.361883470205783,-2.8980167486961537
ForwardChaining,ETHUSDT,28,7,all_available_test,SVR,6,358,29.20088249303912,1.1978602501026667,1.5436345714560498,2.3828076901943023,-2.922897690225043
ForwardChaining,ETHUSDT,28,7,all_available_test,SVR,7,358,29.324213721513228,1.2048803884220434,1.5544057866255343,2.416177349494946,-2.9455525166477767
ForwardChaining,ETHUSDT,28,7,all_available_test,Persistence,1,358,2.814744032006289,0.10140527024945444,0.20227751538787564,0.040916193231492266,0.9323024331592036
ForwardChaining,ETHUSDT,28,7,all_available_test,Persistence,2,358,4.67698226923668,0.16938204726082431,0.2944587441079519,0.0867059519816323,0.8565966337214849
ForwardChaining,ETHUSDT,28,7,all_available_test,Persistence,3,358,6.162312082661646,0.22424057967213365,0.371994187378345,0.13837967544327523,0.7711534893664307
ForwardChaining,ETHUSDT,28,7,all_available_test,Persistence,4,358,7.515016514847934,0.27350710397746725,0.44279160031211007,0.19606440130695943,0.6758105507117934
ForwardChaining,ETHUSDT,28,7,all_available_test,Persistence,5,358,8.8507869084088,0.3219178782266647,0.500273582201508,0.250273657048729,0.5869521425422463
ForwardChaining,ETHUSDT,28,7,all_available_test,Persistence,6,358,10.141157141855722,0.36796796947496296,0.5540418887782694,0.3069624145209923,0.49463729202078
ForwardChaining,ETHUSDT,28,7,all_available_test,Persistence,7,358,11.358507330809035,0.41112849785467,0.6024958571325314,0.36300125786186366,0.40722872565518997
ForwardChaining,ETHUSDT,28,14,all_available_test,SVR,1,358,37.15459062262659,1.4806315349473764,1.8461357968498624,3.4082173804104765,-4.639039355712014
ForwardChaining,ETHUSDT,28,14,all_available_test,SVR,2,358,38.104216523058916,1.513684996038476,1.8823924278216686,3.5434012523203555,-4.860447363127828
ForwardChaining,ETHUSDT,28,14,all_available_test,SVR,3,358,38.764901440557765,1.5355049025342904,1.8976457065917816,3.601059227746222,-4.955280905340398
ForwardChaining,ETHUSDT,28,14,all_available_test,SVR,4,358,38.946139779719566,1.5425438768186839,1.9023827420482537,3.619060097243033,-4.984059788749099
ForwardChaining,ETHUSDT,28,14,all_available_test,SVR,5,358,38.379032004774274,1.5239051786448357,1.8815824469887241,3.5403525048160747,-4.842944215558214
ForwardChaining,ETHUSDT,28,14,all_available_test,SVR,6,358,37.74616530928281,1.503763702278425,1.859709045492484,3.458517733886566,-4.693875878317157
ForwardChaining,ETHUSDT,28,14,all_available_test,SVR,7,358,37.6985430636199,1.503159941235023,1.8645916588968008,3.4767020544275233,-4.677360787836366
ForwardChaining,ETHUSDT,28,14,all_available_test,Persistence,1,358,2.814744032006289,0.10140527024945444,0.20227751538787564,0.040916193231492266,0.9323024331592036
ForwardChaining,ETHUSDT,28,14,all_available_test,Persistence,2,358,4.67698226923668,0.16938204726082431,0.2944587441079519,0.0867059519816323,0.8565966337214849
ForwardChaining,ETHUSDT,28,14,all_available_test,Persistence,3,358,6.162312082661646,0.22424057967213365,0.371994187378345,0.13837967544327523,0.7711534893664307
ForwardChaining,ETHUSDT,28,14,all_available_test,Persistence,4,358,7.515016514847934,0.27350710397746725,0.44279160031211007,0.19606440130695943,0.6758105507117934
ForwardChaining,ETHUSDT,28,14,all_available_test,Persistence,5,358,8.8507869084088,0.3219178782266647,0.500273582201508,0.250273657048729,0.5869521425422463
ForwardChaining,ETHUSDT,28,14,all_available_test,Persistence,6,358,10.141157141855722,0.36796796947496296,0.5540418887782694,0.3069624145209923,0.49463729202078
ForwardChaining,ETHUSDT,28,14,all_available_test,Persistence,7,358,11.358507330809035,0.41112849785467,0.6024958571325314,0.36300125786186366,0.40722872565518997
ForwardChaining,ETHUSDT,28,21,all_available_test,SVR,1,358,48.68153642858492,1.8871569333965643,2.2957511771415384,5.270473467346759,-7.720220569388941
ForwardChaining,ETHUSDT,28,21,all_available_test,SVR,2,358,49.13998435130001,1.904084732583066,2.3142351764101057,5.355684451733913,-7.857790746209025
ForwardChaining,ETHUSDT,28,21,all_available_test,SVR,3,358,50.61375874836575,1.955948817877698,2.364988794924841,5.593172000120051,-8.249753560272984
ForwardChaining,ETHUSDT,28,21,all_available_test,SVR,4,358,51.62534756572569,1.992423783912077,2.3996754778306215,5.758442398901622,-8.521495272030863
ForwardChaining,ETHUSDT,28,21,all_available_test,SVR,5,358,53.07064059511599,2.0429923761914943,2.448037414700706,5.992887183774517,-8.89057034780987
ForwardChaining,ETHUSDT,28,21,all_available_test,SVR,6,358,55.33487645705766,2.122993794047354,2.5280232143972445,6.390901372531377,-9.521559224410188
ForwardChaining,ETHUSDT,28,21,all_available_test,SVR,7,358,57.884441365285916,2.212477279533552,2.6360914410875314,6.948978085774937,-10.347493999225946
ForwardChaining,ETHUSDT,28,21,all_available_test,Persistence,1,358,2.814744032006289,0.10140527024945444,0.20227751538787564,0.040916193231492266,0.9323024331592036
ForwardChaining,ETHUSDT,28,21,all_available_test,Persistence,2,358,4.67698226923668,0.16938204726082431,0.2944587441079519,0.0867059519816323,0.8565966337214849
ForwardChaining,ETHUSDT,28,21,all_available_test,Persistence,3,358,6.162312082661646,0.22424057967213365,0.371994187378345,0.13837967544327523,0.7711534893664307
ForwardChaining,ETHUSDT,28,21,all_available_test,Persistence,4,358,7.515016514847934,0.27350710397746725,0.44279160031211007,0.19606440130695943,0.6758105507117934
ForwardChaining,ETHUSDT,28,21,all_available_test,Persistence,5,358,8.8507869084088,0.3219178782266647,0.500273582201508,0.250273657048729,0.5869521425422463
ForwardChaining,ETHUSDT,28,21,all_available_test,Persistence,6,358,10.141157141855722,0.36796796947496296,0.5540418887782694,0.3069624145209923,0.49463729202078
ForwardChaining,ETHUSDT,28,21,all_available_test,Persistence,7,358,11.358507330809035,0.41112849785467,0.6024958571325314,0.36300125786186366,0.40722872565518997
ForwardChaining,ETHUSDT,28,28,all_available_test,SVR,1,358,57.370133826822226,2.1883296377498613,2.677782147241639,7.170517228086044,-10.863923082605242
ForwardChaining,ETHUSDT,28,28,all_available_test,SVR,2,358,59.035412233281704,2.2507130887790603,2.7417596386597856,7.517245916183837,-11.432807032123295
ForwardChaining,ETHUSDT,28,28,all_available_test,SVR,3,358,60.9240522227005,2.319000619478722,2.8043397874290927,7.864321643357848,-12.005685703607863
ForwardChaining,ETHUSDT,28,28,all_available_test,SVR,4,358,62.16132062991868,2.364821765737577,2.841010572150594,8.071341071071444,-12.345837385091158
ForwardChaining,ETHUSDT,28,28,all_available_test,SVR,5,358,63.155384790339994,2.403314413184512,2.8745480682942373,8.26302659693413,-12.637174092659501
ForwardChaining,ETHUSDT,28,28,all_available_test,SVR,6,358,63.96884988869422,2.4342823386831367,2.9042387383182007,8.434602649148095,-12.886174443062577
ForwardChaining,ETHUSDT,28,28,all_available_test,SVR,7,358,64.96909003710134,2.4725107073587953,2.9398283153861184,8.642590523945982,-13.11311748255532
ForwardChaining,ETHUSDT,28,28,all_available_test,Persistence,1,358,2.814744032006289,0.10140527024945444,0.20227751538787564,0.040916193231492266,0.9323024331592036
ForwardChaining,ETHUSDT,28,28,all_available_test,Persistence,2,358,4.67698226923668,0.16938204726082431,0.2944587441079519,0.0867059519816323,0.8565966337214849
ForwardChaining,ETHUSDT,28,28,all_available_test,Persistence,3,358,6.162312082661646,0.22424057967213365,0.371994187378345,0.13837967544327523,0.7711534893664307
ForwardChaining,ETHUSDT,28,28,all_available_test,Persistence,4,358,7.515016514847934,0.27350710397746725,0.44279160031211007,0.19606440130695943,0.6758105507117934
ForwardChaining,ETHUSDT,28,28,all_available_test,Persistence,5,358,8.8507869084088,0.3219178782266647,0.500273582201508,0.250273657048729,0.5869521425422463
ForwardChaining,ETHUSDT,28,28,all_available_test,Persistence,6,358,10.141157141855722,0.36796796947496296,0.5540418887782694,0.3069624145209923,0.49463729202078
ForwardChaining,ETHUSDT,28,28,all_available_test,Persistence,7,358,11.358507330809035,0.41112849785467,0.6024958571325314,0.36300125786186366,0.40722872565518997
ForwardChaining,XRPUSDT,7,7,all_available_test,SVR,1,358,212.5444512649512,6.109335457956616,7.397735235793159,54.72648661889567,-12.530834156625458
ForwardChaining,XRPUSDT,7,7,all_available_test,SVR,2,358,194.89853374586028,5.610047252089414,6.764299091517886,45.7557421995097,-10.271456419295971
ForwardChaining,XRPUSDT,7,7,all_available_test,SVR,3,358,175.4601451206746,5.074643941588603,6.096075600534477,37.162137727431784,-8.12337647584727
ForwardChaining,XRPUSDT,7,7,all_available_test,SVR,4,358,143.8682475185301,4.259327713524805,5.405491400718902,29.219337283246002,-6.150925098431006
ForwardChaining,XRPUSDT,7,7,all_available_test,SVR,5,358,122.45489776521563,3.70530524492259,4.9826640103554105,24.82694064009106,-5.053653124349498
ForwardChaining,XRPUSDT,7,7,all_available_test,SVR,6,358,120.6845044538113,3.796671380422134,5.232802221449028,27.382219088801886,-5.65211395676857
ForwardChaining,XRPUSDT,7,7,all_available_test,SVR,7,358,136.76477366366188,4.310039051257649,5.8738576896275365,34.50220415799654,-7.367649949690971
ForwardChaining,XRPUSDT,7,7,all_available_test,Persistence,1,358,13.90395753946984,0.4506119725607619,0.8755271085028856,0.7665477177234237,0.810475134026342
ForwardChaining,XRPUSDT,7,7,all_available_test,Persistence,2,358,24.376459850902993,0.7778090561769906,1.3082926640501549,1.7116296948074512,0.5783576315542363
ForwardChaining,XRPUSDT,7,7,all_available_test,Persistence,3,358,32.59530445207484,1.0341567377252336,1.6260603184700853,2.6440721593030347,0.3508751860412662
ForwardChaining,XRPUSDT,7,7,all_available_test,Persistence,4,358,39.5863633908174,1.2464615291399184,1.8970930208918806,3.5989619299166815,0.11921660154504832
ForwardChaining,XRPUSDT,7,7,all_available_test,Persistence,5,358,46.96670113237321,1.4617416573512554,2.142802363760304,4.591601970136747,-0.1195888375953229
ForwardChaining,XRPUSDT,7,7,all_available_test,Persistence,6,358,53.71089537708604,1.6572529227661026,2.364336052913031,5.590084971104371,-0.3580302653780534
ForwardChaining,XRPUSDT,7,7,all_available_test,Persistence,7,358,59.9001867686327,1.8347664729791568,2.5798901180062344,6.655833020986222,-0.6142064602066533
ForwardChaining,XRPUSDT,7,14,all_available_test,SVR,1,358,243.07587529746436,7.1852937737886835,8.688932165084534,75.4975421694406,-17.66636770310821
ForwardChaining,XRPUSDT,7,14,all_available_test,SVR,2,358,223.387992226045,6.639593233245871,7.987438411732507,63.799172381219904,-14.71626983880019
ForwardChaining,XRPUSDT,7,14,all_available_test,SVR,3,358,204.94959237396034,6.095120332475386,7.3831506487702026,54.51091350243586,-12.382534384128332
ForwardChaining,XRPUSDT,7,14,all_available_test,SVR,4,358,184.09163443996803,5.44862212154066,6.761943999806743,45.72388665652241,-10.190126782150534
ForwardChaining,XRPUSDT,7,14,all_available_test,SVR,5,358,163.6257447964021,4.803555126598528,6.172122731355553,38.09509901091593,-8.288881723003502
ForwardChaining,XRPUSDT,7,14,all_available_test,SVR,6,358,154.99252090163588,4.686819960244981,6.171831121487014,38.09149939215566,-8.253778662680595
ForwardChaining,XRPUSDT,7,14,all_available_test,SVR,7,358,164.24335283463458,4.932107643989557,6.510569623634903,42.387516824197526,-9.280036063705134
ForwardChaining,XRPUSDT,7,14,all_available_test,Persistence,1,358,13.90395753946984,0.4506119725607619,0.8755271085028856,0.7665477177234237,0.810475134026342
ForwardChaining,XRPUSDT,7,14,all_available_test,Persistence,2,358,24.376459850902993,0.7778090561769906,1.3082926640501549,1.7116296948074512,0.5783576315542363
ForwardChaining,XRPUSDT,7,14,all_available_test,Persistence,3,358,32.59530445207484,1.0341567377252336,1.6260603184700853,2.6440721593030347,0.3508751860412662
ForwardChaining,XRPUSDT,7,14,all_available_test,Persistence,4,358,39.5863633908174,1.2464615291399184,1.8970930208918806,3.5989619299166815,0.11921660154504832
ForwardChaining,XRPUSDT,7,14,all_available_test,Persistence,5,358,46.96670113237321,1.4617416573512554,2.142802363760304,4.591601970136747,-0.1195888375953229
ForwardChaining,XRPUSDT,7,14,all_available_test,Persistence,6,358,53.71089537708604,1.6572529227661026,2.364336052913031,5.590084971104371,-0.3580302653780534
ForwardChaining,XRPUSDT,7,14,all_available_test,Persistence,7,358,59.9001867686327,1.8347664729791568,2.5798901180062344,6.655833020986222,-0.6142064602066533
ForwardChaining,XRPUSDT,7,21,all_available_test,SVR,1,358,289.98640746837515,8.62996962500895,10.431523495916307,108.81668244585398,-25.90434878274556
ForwardChaining,XRPUSDT,7,21,all_available_test,SVR,2,358,282.81707642647496,8.407626037716335,10.221595834949488,104.48102141305671,-24.73782486940879
ForwardChaining,XRPUSDT,7,21,all_available_test,SVR,3,358,276.50491969125267,8.19995039429162,10.047585392254193,100.95397221463985,-23.784394859139223
ForwardChaining,XRPUSDT,7,21,all_available_test,SVR,4,358,247.488613210146,7.387640236444631,9.205028755634254,84.73255439205352,-19.736820413915773
ForwardChaining,XRPUSDT,7,21,all_available_test,SVR,5,358,218.75995664422925,6.57241852320702,8.402759631483798,70.60636942449375,-16.216235985812297
ForwardChaining,XRPUSDT,7,21,all_available_test,SVR,6,358,212.00798150593744,6.4270868807827135,8.218666596960349,67.5464806319918,-15.40944019494846
ForwardChaining,XRPUSDT,7,21,all_available_test,SVR,7,358,226.38257672034166,6.719382079986363,8.5028774977883,72.29892574239462,-16.53430301382197
ForwardChaining,XRPUSDT,7,21,all_available_test,Persistence,1,358,13.90395753946984,0.4506119725607619,0.8755271085028856,0.7665477177234237,0.810475134026342
ForwardChaining,XRPUSDT,7,21,all_available_test,Persistence,2,358,24.376459850902993,0.7778090561769906,1.3082926640501549,1.7116296948074512,0.5783576315542363
ForwardChaining,XRPUSDT,7,21,all_available_test,Persistence,3,358,32.59530445207484,1.0341567377252336,1.6260603184700853,2.6440721593030347,0.3508751860412662
ForwardChaining,XRPUSDT,7,21,all_available_test,Persistence,4,358,39.5863633908174,1.2464615291399184,1.8970930208918806,3.5989619299166815,0.11921660154504832
ForwardChaining,XRPUSDT,7,21,all_available_test,Persistence,5,358,46.96670113237321,1.4617416573512554,2.142802363760304,4.591601970136747,-0.1195888375953229
ForwardChaining,XRPUSDT,7,21,all_available_test,Persistence,6,358,53.71089537708604,1.6572529227661026,2.364336052913031,5.590084971104371,-0.3580302653780534
ForwardChaining,XRPUSDT,7,21,all_available_test,Persistence,7,358,59.9001867686327,1.8347664729791568,2.5798901180062344,6.655833020986222,-0.6142064602066533
ForwardChaining,XRPUSDT,7,28,all_available_test,SVR,1,358,326.5070964216998,9.684335400466603,11.831437148778143,139.98290500548745,-33.61003235201155
ForwardChaining,XRPUSDT,7,28,all_available_test,SVR,2,358,341.7753529363115,10.01288392388594,12.396543345893422,153.67428692661446,-36.85607979665294
ForwardChaining,XRPUSDT,7,28,all_available_test,SVR,3,358,342.4490950496831,9.947438703320653,12.269163778228481,150.5323798169938,-35.95598953291373
ForwardChaining,XRPUSDT,7,28,all_available_test,SVR,4,358,314.01758468163115,9.19330531940797,11.507413384335443,132.4205627979825,-31.40763186656563
ForwardChaining,XRPUSDT,7,28,all_available_test,SVR,5,358,271.96229007006644,8.079171899393007,10.320381316676777,106.51027052161109,-24.970829079007153
ForwardChaining,XRPUSDT,7,28,all_available_test,SVR,6,358,275.77732922420216,8.155964183251545,10.590245150510155,112.15329234790387,-26.246019721978673
ForwardChaining,XRPUSDT,7,28,all_available_test,SVR,7,358,325.54293584936664,9.509881894072452,12.240587754883217,149.83198858499696,-35.338015565732185
ForwardChaining,XRPUSDT,7,28,all_available_test,Persistence,1,358,13.90395753946984,0.4506119725607619,0.8755271085028856,0.7665477177234237,0.810475134026342
ForwardChaining,XRPUSDT,7,28,all_available_test,Persistence,2,358,24.376459850902993,0.7778090561769906,1.3082926640501549,1.7116296948074512,0.5783576315542363
ForwardChaining,XRPUSDT,7,28,all_available_test,Persistence,3,358,32.59530445207484,1.0341567377252336,1.6260603184700853,2.6440721593030347,0.3508751860412662
ForwardChaining,XRPUSDT,7,28,all_available_test,Persistence,4,358,39.5863633908174,1.2464615291399184,1.8970930208918806,3.5989619299166815,0.11921660154504832
ForwardChaining,XRPUSDT,7,28,all_available_test,Persistence,5,358,46.96670113237321,1.4617416573512554,2.142802363760304,4.591601970136747,-0.1195888375953229
ForwardChaining,XRPUSDT,7,28,all_available_test,Persistence,6,358,53.71089537708604,1.6572529227661026,2.364336052913031,5.590084971104371,-0.3580302653780534
ForwardChaining,XRPUSDT,7,28,all_available_test,Persistence,7,358,59.9001867686327,1.8347664729791568,2.5798901180062344,6.655833020986222,-0.6142064602066533
ForwardChaining,XRPUSDT,14,7,all_available_test,SVR,1,358,420.7970298590816,13.841195737555406,15.089892075757783,227.70484285801754,-74.8151049859734
ForwardChaining,XRPUSDT,14,7,all_available_test,SVR,2,358,381.24481206503805,12.476686850436193,13.727348532043615,188.44009772020001,-61.62146678289502
ForwardChaining,XRPUSDT,14,7,all_available_test,SVR,3,358,342.62536680213407,11.141172020600395,12.34425152285539,152.38054565951762,-49.548046679557814
ForwardChaining,XRPUSDT,14,7,all_available_test,SVR,4,358,286.8659254018634,9.322224733150014,10.455647031125318,109.3205548394797,-35.19564121709582
ForwardChaining,XRPUSDT,14,7,all_available_test,SVR,5,358,226.90395147735728,7.391715771768277,8.501869885434957,72.28179154886581,-22.871858496272605
ForwardChaining,XRPUSDT,14,7,all_available_test,SVR,6,358,161.72518018906928,5.335493137352702,6.4891006976785945,42.10842786461282,-12.871367743197913
ForwardChaining,XRPUSDT,14,7,all_available_test,SVR,7,358,101.9400712701145,3.602234876471197,4.737827407052124,22.447008539014252,-6.373575146701475
ForwardChaining,XRPUSDT,14,7,all_available_test,Persistence,1,358,6.48712793061416,0.23501258852463736,0.5265433855561557,0.27724793687293836,0.9076893526841989
ForwardChaining,XRPUSDT,14,7,all_available_test,Persistence,2,358,11.296249630517305,0.4123755290444448,0.8013161970359867,0.6421076476322162,0.7866180116986143
ForwardChaining,XRPUSDT,14,7,all_available_test,Persistence,3,358,14.834409460823258,0.5477497455196071,0.9877341571089712,0.9756187651197696,0.6763653610289692
ForwardChaining,XRPUSDT,14,7,all_available_test,Persistence,4,358,18.262985942319396,0.6766477420437113,1.1451134125973073,1.311284727710251,0.565838358510445
ForwardChaining,XRPUSDT,14,7,all_available_test,Persistence,5,358,21.1923056059334,0.7882427036806843,1.2875477673297,1.6577792531556952,0.45250012622286473
ForwardChaining,XRPUSDT,14,7,all_available_test,Persistence,6,358,24.28996443576654,0.9043626667481737,1.4221847696731258,2.0226095190902016,0.3337115189766813
ForwardChaining,XRPUSDT,14,7,all_available_test,Persistence,7,358,27.481533425751284,1.026150596009743,1.5648961584722914,2.448899986801335,0.1955655004963588
ForwardChaining,XRPUSDT,14,14,all_available_test,SVR,1,358,273.0466878256508,8.986311596130918,10.426320888945416,108.70816727925951,-35.19475550745682
ForwardChaining,XRPUSDT,14,14,all_available_test,SVR,2,358,252.96774054929668,8.302196966285033,9.74526480382904,94.97018609674905,-30.560015230163064
ForwardChaining,XRPUSDT,14,14,all_available_test,SVR,3,358,228.26202035799884,7.475780564957183,8.850218185226316,78.32636192611058,-24.982612030590825
ForwardChaining,XRPUSDT,14,14,all_available_test,SVR,4,358,201.24311067947943,6.6001368062893615,7.898882011885538,62.392337037688925,-19.65787764641623
ForwardChaining,XRPUSDT,14,14,all_available_test,SVR,5,358,167.89577580601457,5.55132080402396,6.786187739037362,46.05234402946102,-14.209294298547421
ForwardChaining,XRPUSDT,14,14,all_available_test,SVR,6,358,141.5944353594394,4.762884608891027,5.868905065368118,34.44404666630355,-10.346565571347051
ForwardChaining,XRPUSDT,14,14,all_available_test,SVR,7,358,122.2362798321006,4.2153328315675225,5.1908723790266915,26.945156055342228,-7.851163070051971
ForwardChaining,XRPUSDT,14,14,all_available_test,Persistence,1,358,6.48712793061416,0.23501258852463736,0.5265433855561557,0.27724793687293836,0.9076893526841989
ForwardChaining,XRPUSDT,14,14,all_available_test,Persistence,2,358,11.296249630517305,0.4123755290444448,0.8013161970359867,0.6421076476322162,0.7866180116986143
ForwardChaining,XRPUSDT,14,14,all_available_test,Persistence,3,358,14.834409460823258,0.5477497455196071,0.9877341571089712,0.9756187651197696,0.6763653610289692
ForwardChaining,XRPUSDT,14,14,all_available_test,Persistence,4,358,18.262985942319396,0.6766477420437113,1.1451134125973073,1.311284727710251,0.565838358510445
ForwardChaining,XRPUSDT,14,14,all_available_test,Persistence,5,358,21.1923056059334,0.7882427036806843,1.2875477673297,1.6577792531556952,0.45250012622286473
ForwardChaining,XRPUSDT,14,14,all_available_test,Persistence,6,358,24.28996443576654,0.9043626667481737,1.4221847696731258,2.0226095190902016,0.3337115189766813
ForwardChaining,XRPUSDT,14,14,all_available_test,Persistence,7,358,27.481533425751284,1.026150596009743,1.5648961584722914,2.448899986801335,0.1955655004963588
ForwardChaining,XRPUSDT,14,21,all_available_test,SVR,1,358,314.9640812938713,10.385341986636012,11.98002135320489,143.52091162324513,-46.78577761380193
ForwardChaining,XRPUSDT,14,21,all_available_test,SVR,2,358,306.03167335262225,10.08186050918953,11.764834124231646,138.41132197068538,-44.99615530890663
ForwardChaining,XRPUSDT,14,21,all_available_test,SVR,3,358,295.5358602940083,9.738870209729841,11.464422161575413,131.43297549882146,-42.59926755737171
ForwardChaining,XRPUSDT,14,21,all_available_test,SVR,4,358,274.1027443983977,9.034121784697923,10.647420942432289,113.36757272534571,-36.53559423518163
ForwardChaining,XRPUSDT,14,21,all_available_test,SVR,5,358,242.77886695659177,8.051927091043598,9.609295917937562,92.33856803849149,-29.495830038649576
ForwardChaining,XRPUSDT,14,21,all_available_test,SVR,6,358,210.6332772989666,7.0960208337560315,8.557968609614433,73.23882672314599,-23.12635071115709
ForwardChaining,XRPUSDT,14,21,all_available_test,SVR,7,358,188.22321695000997,6.382381139978976,7.929512761389008,62.87717263303113,-19.654402862455385
ForwardChaining,XRPUSDT,14,21,all_available_test,Persistence,1,358,6.48712793061416,0.23501258852463736,0.5265433855561557,0.27724793687293836,0.9076893526841989
ForwardChaining,XRPUSDT,14,21,all_available_test,Persistence,2,358,11.296249630517305,0.4123755290444448,0.8013161970359867,0.6421076476322162,0.7866180116986143
ForwardChaining,XRPUSDT,14,21,all_available_test,Persistence,3,358,14.834409460823258,0.5477497455196071,0.9877341571089712,0.9756187651197696,0.6763653610289692
ForwardChaining,XRPUSDT,14,21,all_available_test,Persistence,4,358,18.262985942319396,0.6766477420437113,1.1451134125973073,1.311284727710251,0.565838358510445
ForwardChaining,XRPUSDT,14,21,all_available_test,Persistence,5,358,21.1923056059334,0.7882427036806843,1.2875477673297,1.6577792531556952,0.45250012622286473
ForwardChaining,XRPUSDT,14,21,all_available_test,Persistence,6,358,24.28996443576654,0.9043626667481737,1.4221847696731258,2.0226095190902016,0.3337115189766813
ForwardChaining,XRPUSDT,14,21,all_available_test,Persistence,7,358,27.481533425751284,1.026150596009743,1.5648961584722914,2.448899986801335,0.1955655004963588
ForwardChaining,XRPUSDT,14,28,all_available_test,SVR,1,358,358.79947930170044,11.841569612488835,13.584240624843956,184.53159335366092,-60.44042413740061
ForwardChaining,XRPUSDT,14,28,all_available_test,SVR,2,358,358.2767426186439,11.767895984480544,13.702128482070693,187.7483249391729,-61.39158032692044
ForwardChaining,XRPUSDT,14,28,all_available_test,SVR,3,358,346.6305274512607,11.398257132066524,13.378955524079839,178.99645091530644,-58.37713976007776
ForwardChaining,XRPUSDT,14,28,all_available_test,SVR,4,358,320.0163683527121,10.570037147329835,12.405594334743208,153.89877079821278,-49.95532765767186
ForwardChaining,XRPUSDT,14,28,all_available_test,SVR,5,358,271.1924675753064,9.085327375329731,10.900798646460851,118.82741113068273,-38.24406248387429
ForwardChaining,XRPUSDT,14,28,all_available_test,SVR,6,358,222.73554986892387,7.627506351986657,9.457074994263964,89.43626744713276,-28.46211526412175
ForwardChaining,XRPUSDT,14,28,all_available_test,SVR,7,358,197.2912338693186,6.931213191389761,8.776579644001105,77.02835024749456,-24.30289628522966
ForwardChaining,XRPUSDT,14,28,all_available_test,Persistence,1,358,6.48712793061416,0.23501258852463736,0.5265433855561557,0.27724793687293836,0.9076893526841989
ForwardChaining,XRPUSDT,14,28,all_available_test,Persistence,2,358,11.296249630517305,0.4123755290444448,0.8013161970359867,0.6421076476322162,0.7866180116986143
ForwardChaining,XRPUSDT,14,28,all_available_test,Persistence,3,358,14.834409460823258,0.5477497455196071,0.9877341571089712,0.9756187651197696,0.6763653610289692
ForwardChaining,XRPUSDT,14,28,all_available_test,Persistence,4,358,18.262985942319396,0.6766477420437113,1.1451134125973073,1.311284727710251,0.565838358510445
ForwardChaining,XRPUSDT,14,28,all_available_test,Persistence,5,358,21.1923056059334,0.7882427036806843,1.2875477673297,1.6577792531556952,0.45250012622286473
ForwardChaining,XRPUSDT,14,28,all_available_test,Persistence,6,358,24.28996443576654,0.9043626667481737,1.4221847696731258,2.0226095190902016,0.3337115189766813
ForwardChaining,XRPUSDT,14,28,all_available_test,Persistence,7,358,27.481533425751284,1.026150596009743,1.5648961584722914,2.448899986801335,0.1955655004963588
ForwardChaining,XRPUSDT,21,7,all_available_test,SVR,1,358,461.45546426003676,16.14248716005726,17.386016809155475,302.27358048823675,-124.82799980978616
ForwardChaining,XRPUSDT,21,7,all_available_test,SVR,2,358,421.36934379580265,14.710316750054593,15.995170426423634,255.84547697033724,-105.09997107602854
ForwardChaining,XRPUSDT,21,7,all_available_test,SVR,3,358,380.6987875349455,13.231191362328936,14.394401867861404,207.19880513349187,-84.61952826377555
ForwardChaining,XRPUSDT,21,7,all_available_test,SVR,4,358,328.2048165014362,11.349345414041286,12.489579999693378,155.98960856874083,-63.22824162318504
ForwardChaining,XRPUSDT,21,7,all_available_test,SVR,5,358,275.5430269792675,9.425519910438645,10.682638363250819,114.11876239999812,-45.81437458766452
ForwardChaining,XRPUSDT,21,7,all_available_test,SVR,6,358,241.13401114378354,8.261087072480018,9.536112913763949,90.93744950405555,-36.16696966288096
ForwardChaining,XRPUSDT,21,7,all_available_test,SVR,7,358,203.9898245137711,7.11674397205115,8.341509010709126,69.58077257574155,-27.33038647197512
ForwardChaining,XRPUSDT,21,7,all_available_test,Persistence,1,358,4.195968149508458,0.15768015827467388,0.3609965059373843,0.13031847729899995,0.9457520789269629
ForwardChaining,XRPUSDT,21,7,all_available_test,Persistence,2,358,7.211952900211756,0.2721382314266163,0.5604930608865044,0.31415247130192275,0.8697199242554468
ForwardChaining,XRPUSDT,21,7,all_available_test,Persistence,3,358,10.056840543384576,0.3786362766998213,0.7106921736358931,0.5050833656673105,0.7912874088513506
ForwardChaining,XRPUSDT,21,7,all_available_test,Persistence,4,358,12.425671167962909,0.46571648504041,0.834120320101987,0.6957567084070413,0.7135243149300758
ForwardChaining,XRPUSDT,21,7,all_available_test,Persistence,5,358,14.612002572232498,0.5451527776103569,0.9480088975979309,0.8987208699248442,0.6313221895366956
ForwardChaining,XRPUSDT,21,7,all_available_test,Persistence,6,358,16.601382239055003,0.6184361926672406,1.046976717065922,1.0961602460781357,0.5519892537801463
ForwardChaining,XRPUSDT,21,7,all_available_test,Persistence,7,358,18.528961245549873,0.6912965641429166,1.1497187248790215,1.321853146337443,0.46179656953116344
ForwardChaining,XRPUSDT,21,14,all_available_test,SVR,1,358,402.8608162173587,14.142445449687234,15.500091421148623,240.25283406396514,-99.01050541721968
ForwardChaining,XRPUSDT,21,14,all_available_test,SVR,2,358,367.69464349173114,12.867641115388558,14.222070852917643,202.26729934540958,-82.88092243922101
ForwardChaining,XRPUSDT,21,14,all_available_test,SVR,3,358,329.44641066253894,11.503820922753535,12.775574755174267,163.21531032504603,-66.44449064970661
ForwardChaining,XRPUSDT,21,14,all_available_test,SVR,4,358,290.7116024684263,10.14593923434592,11.31509224416912,128.03131249405618,-51.716499192816265
ForwardChaining,XRPUSDT,21,14,all_available_test,SVR,5,358,251.6973299423105,8.775589008432423,9.870019096464729,97.41727696457842,-38.96300695187097
ForwardChaining,XRPUSDT,21,14,all_available_test,SVR,6,358,211.56344509371402,7.383847264160599,8.435742215574463,71.16174672762514,-28.084458561434676
ForwardChaining,XRPUSDT,21,14,all_available_test,SVR,7,358,169.32286194751003,5.954611937050781,6.990704876751016,48.869954673830435,-18.8978058381061
ForwardChaining,XRPUSDT,21,14,all_available_test,Persistence,1,358,4.195968149508458,0.15768015827467388,0.3609965059373843,0.13031847729899995,0.9457520789269629
ForwardChaining,XRPUSDT,21,14,all_available_test,Persistence,2,358,7.211952900211756,0.2721382314266163,0.5604930608865044,0.31415247130192275,0.8697199242554468
ForwardChaining,XRPUSDT,21,14,all_available_test,Persistence,3,358,10.056840543384576,0.3786362766998213,0.7106921736358931,0.5050833656673105,0.7912874088513506
ForwardChaining,XRPUSDT,21,14,all_available_test,Persistence,4,358,12.425671167962909,0.46571648504041,0.834120320101987,0.6957567084070413,0.7135243149300758
ForwardChaining,XRPUSDT,21,14,all_available_test,Persistence,5,358,14.612002572232498,0.5451527776103569,0.9480088975979309,0.8987208699248442,0.6313221895366956
ForwardChaining,XRPUSDT,21,14,all_available_test,Persistence,6,358,16.601382239055003,0.6184361926672406,1.046976717065922,1.0961602460781357,0.5519892537801463
ForwardChaining,XRPUSDT,21,14,all_available_test,Persistence,7,358,18.528961245549873,0.6912965641429166,1.1497187248790215,1.321853146337443,0.46179656953116344
ForwardChaining,XRPUSDT,21,21,all_available_test,SVR,1,358,334.7935516544084,11.723142096956188,13.03972562917237,170.03444448409476,-69.7805624747095
ForwardChaining,XRPUSDT,21,21,all_available_test,SVR,2,358,326.3590640076037,11.36942050911,12.701822665029992,161.3362990138696,-65.90670033173849
ForwardChaining,XRPUSDT,21,21,all_available_test,SVR,3,358,312.62305293726143,10.863123580147453,12.213451729787224,149.16840315584253,-60.63997085714606
ForwardChaining,XRPUSDT,21,21,all_available_test,SVR,4,358,293.97536948794465,10.191519802254623,11.530910498983024,132.96189693555692,-53.746652173889174
ForwardChaining,XRPUSDT,21,21,all_available_test,SVR,5,358,269.6811186957971,9.387598130677818,10.718269203482675,114.88129471832514,-46.12718444324496
ForwardChaining,XRPUSDT,21,21,all_available_test,SVR,6,358,242.63542574226327,8.508262946434517,9.896735816199326,97.94537981564254,-39.0311750558277
ForwardChaining,XRPUSDT,21,21,all_available_test,SVR,7,358,218.69373933737052,7.718187701029512,9.200108734379901,84.64200072441334,-33.46268995753921
ForwardChaining,XRPUSDT,21,21,all_available_test,Persistence,1,358,4.195968149508458,0.15768015827467388,0.3609965059373843,0.13031847729899995,0.9457520789269629
ForwardChaining,XRPUSDT,21,21,all_available_test,Persistence,2,358,7.211952900211756,0.2721382314266163,0.5604930608865044,0.31415247130192275,0.8697199242554468
ForwardChaining,XRPUSDT,21,21,all_available_test,Persistence,3,358,10.056840543384576,0.3786362766998213,0.7106921736358931,0.5050833656673105,0.7912874088513506
ForwardChaining,XRPUSDT,21,21,all_available_test,Persistence,4,358,12.425671167962909,0.46571648504041,0.834120320101987,0.6957567084070413,0.7135243149300758
ForwardChaining,XRPUSDT,21,21,all_available_test,Persistence,5,358,14.612002572232498,0.5451527776103569,0.9480088975979309,0.8987208699248442,0.6313221895366956
ForwardChaining,XRPUSDT,21,21,all_available_test,Persistence,6,358,16.601382239055003,0.6184361926672406,1.046976717065922,1.0961602460781357,0.5519892537801463
ForwardChaining,XRPUSDT,21,21,all_available_test,Persistence,7,358,18.528961245549873,0.6912965641429166,1.1497187248790215,1.321853146337443,0.46179656953116344
ForwardChaining,XRPUSDT,21,28,all_available_test,SVR,1,358,374.590495036244,13.169271027945024,14.631567417766867,214.08276510065699,-88.11664090144413
ForwardChaining,XRPUSDT,21,28,all_available_test,SVR,2,358,374.526517556656,13.111221807476618,14.662748010394543,214.9961792163291,-88.1596312994577
ForwardChaining,XRPUSDT,21,28,all_available_test,SVR,3,358,361.8749075196504,12.672767100366755,14.27607865182943,203.80642167321997,-83.21771384997531
ForwardChaining,XRPUSDT,21,28,all_available_test,SVR,4,358,342.9152028743599,12.028529033936529,13.655700667450652,186.4781607190122,-75.78180921153992
ForwardChaining,XRPUSDT,21,28,all_available_test,SVR,5,358,309.71185710515,10.943361844693523,12.581752770430148,158.3005027762267,-63.938831078508315
ForwardChaining,XRPUSDT,21,28,all_available_test,SVR,6,358,265.61682204817504,9.443087613095697,11.209630620772984,125.6558186541713,-50.356685560834606
ForwardChaining,XRPUSDT,21,28,all_available_test,SVR,7,358,223.73917539083067,7.986517984111891,9.863523017147232,97.28908630979325,-38.61205535137611
ForwardChaining,XRPUSDT,21,28,all_available_test,Persistence,1,358,4.195968149508458,0.15768015827467388,0.3609965059373843,0.13031847729899995,0.9457520789269629
ForwardChaining,XRPUSDT,21,28,all_available_test,Persistence,2,358,7.211952900211756,0.2721382314266163,0.5604930608865044,0.31415247130192275,0.8697199242554468
ForwardChaining,XRPUSDT,21,28,all_available_test,Persistence,3,358,10.056840543384576,0.3786362766998213,0.7106921736358931,0.5050833656673105,0.7912874088513506
ForwardChaining,XRPUSDT,21,28,all_available_test,Persistence,4,358,12.425671167962909,0.46571648504041,0.834120320101987,0.6957567084070413,0.7135243149300758
ForwardChaining,XRPUSDT,21,28,all_available_test,Persistence,5,358,14.612002572232498,0.5451527776103569,0.9480088975979309,0.8987208699248442,0.6313221895366956
ForwardChaining,XRPUSDT,21,28,all_available_test,Persistence,6,358,16.601382239055003,0.6184361926672406,1.046976717065922,1.0961602460781357,0.5519892537801463
ForwardChaining,XRPUSDT,21,28,all_available_test,Persistence,7,358,18.528961245549873,0.6912965641429166,1.1497187248790215,1.321853146337443,0.46179656953116344
ForwardChaining,XRPUSDT,28,7,all_available_test,SVR,1,358,652.8291163416869,24.026315103746374,25.056036273420727,627.8049537349752,-309.3323266660384
ForwardChaining,XRPUSDT,28,7,all_available_test,SVR,2,358,631.861467585693,23.2063236727802,24.17042311246022,584.2093534353512,-287.7073062714501
ForwardChaining,XRPUSDT,28,7,all_available_test,SVR,3,358,615.1462896733775,22.530127190820547,23.40005988004269,547.5628023895835,-269.39109567007256
ForwardChaining,XRPUSDT,28,7,all_available_test,SVR,4,358,585.0606475705931,21.382008744626486,22.184977328333936,492.1732190586907,-241.7206528573051
ForwardChaining,XRPUSDT,28,7,all_available_test,SVR,5,358,548.4513265813529,19.989407930949415,20.749458723064407,430.5400373001536,-210.87667007036035
ForwardChaining,XRPUSDT,28,7,all_available_test,SVR,6,358,508.6195458520762,18.48789330742984,19.226164033680842,369.64538345000284,-180.07402572054997
ForwardChaining,XRPUSDT,28,7,all_available_test,SVR,7,358,464.67497675827303,16.837559520540548,17.570717132804226,308.7301005610199,-149.51658150653648
ForwardChaining,XRPUSDT,28,7,all_available_test,Persistence,1,358,3.1510339406749415,0.12176332524846636,0.28435152584248324,0.08085579024894843,0.9600319090139421
ForwardChaining,XRPUSDT,28,7,all_available_test,Persistence,2,358,5.490961543514858,0.21487553367074563,0.4396483579773375,0.19329067867216906,0.9044787098346283
ForwardChaining,XRPUSDT,28,7,all_available_test,Persistence,3,358,7.399575634599957,0.29159957383530466,0.5479876441870202,0.3002904581816402,0.8517140579077684
ForwardChaining,XRPUSDT,28,7,all_available_test,Persistence,4,358,9.1851472816685,0.36331513702026214,0.6423354841400395,0.4125948741854189,0.7965242858613962
ForwardChaining,XRPUSDT,28,7,all_available_test,Persistence,5,358,10.87529123196699,0.4307243044022119,0.7301316162185737,0.5330921770019466,0.7376555360286088
ForwardChaining,XRPUSDT,28,7,all_available_test,Persistence,6,358,12.38165257018975,0.4900034623889583,0.8079390897470797,0.6527655727413398,0.6802370720692575
ForwardChaining,XRPUSDT,28,7,all_available_test,Persistence,7,358,13.918904115183764,0.5502228543178658,0.8879827907189128,0.7885134366129485,0.6155724798609512
ForwardChaining,XRPUSDT,28,14,all_available_test,SVR,1,358,528.2644365647149,19.444598748028678,20.448569313722544,418.1439869781153,-205.69412623830817
ForwardChaining,XRPUSDT,28,14,all_available_test,SVR,2,358,498.97332026556103,18.307559793799026,19.23882699343386,370.1324640832794,-181.91378945017695
ForwardChaining,XRPUSDT,28,14,all_available_test,SVR,3,358,471.1148266681247,17.221848508432842,18.083342413427953,327.00727284128226,-160.47892882746837
ForwardChaining,XRPUSDT,28,14,all_available_test,SVR,4,358,438.2709236758543,15.975486152074716,16.784284004160018,281.7121895323018,-137.92947424469128
ForwardChaining,XRPUSDT,28,14,all_available_test,SVR,5,358,396.7990588431423,14.416525679067336,15.227824440244223,231.88663718289928,-113.11567859802614
ForwardChaining,XRPUSDT,28,14,all_available_test,SVR,6,358,352.9154140753762,12.784768264969562,13.646957680116948,186.23945392290295,-90.23102622050793
ForwardChaining,XRPUSDT,28,14,all_available_test,SVR,7,358,309.7023778953044,11.18605417919665,12.097739944594991,146.35531176704922,-70.35326672867018
ForwardChaining,XRPUSDT,28,14,all_available_test,Persistence,1,358,3.1510339406749415,0.12176332524846636,0.28435152584248324,0.08085579024894843,0.9600319090139421
ForwardChaining,XRPUSDT,28,14,all_available_test,Persistence,2,358,5.490961543514858,0.21487553367074563,0.4396483579773375,0.19329067867216906,0.9044787098346283
ForwardChaining,XRPUSDT,28,14,all_available_test,Persistence,3,358,7.399575634599957,0.29159957383530466,0.5479876441870202,0.3002904581816402,0.8517140579077684
ForwardChaining,XRPUSDT,28,14,all_available_test,Persistence,4,358,9.1851472816685,0.36331513702026214,0.6423354841400395,0.4125948741854189,0.7965242858613962
ForwardChaining,XRPUSDT,28,14,all_available_test,Persistence,5,358,10.87529123196699,0.4307243044022119,0.7301316162185737,0.5330921770019466,0.7376555360286088
ForwardChaining,XRPUSDT,28,14,all_available_test,Persistence,6,358,12.38165257018975,0.4900034623889583,0.8079390897470797,0.6527655727413398,0.6802370720692575
ForwardChaining,XRPUSDT,28,14,all_available_test,Persistence,7,358,13.918904115183764,0.5502228543178658,0.8879827907189128,0.7885134366129485,0.6155724798609512
ForwardChaining,XRPUSDT,28,21,all_available_test,SVR,1,358,396.9588636899726,14.405215586880864,15.831996615879223,250.65211684521117,-122.90067033013385
ForwardChaining,XRPUSDT,28,21,all_available_test,SVR,2,358,390.96476076688435,14.138419563171142,15.785990821364198,249.19750621219472,-122.14958725844357
ForwardChaining,XRPUSDT,28,21,all_available_test,SVR,3,358,367.82805188988414,13.252519353400178,15.067774058692706,227.03781508381283,-111.11317370564197
ForwardChaining,XRPUSDT,28,21,all_available_test,SVR,4,358,331.60597213087965,11.963540491734497,13.732494306466242,188.58139987712772,-92.00099786506804
ForwardChaining,XRPUSDT,28,21,all_available_test,SVR,5,358,299.45681888242797,10.854192288711875,12.685460474263161,160.92090744409296,-78.19213791999854
ForwardChaining,XRPUSDT,28,21,all_available_test,SVR,6,358,266.06867812555214,9.759239462861956,11.630418589577985,135.26663656880118,-65.2615455942906
ForwardChaining,XRPUSDT,28,21,all_available_test,SVR,7,358,236.75603325819088,8.762326253130619,10.687223354244939,114.21674302351845,-54.684605030317336
ForwardChaining,XRPUSDT,28,21,all_available_test,Persistence,1,358,3.1510339406749415,0.12176332524846636,0.28435152584248324,0.08085579024894843,0.9600319090139421
ForwardChaining,XRPUSDT,28,21,all_available_test,Persistence,2,358,5.490961543514858,0.21487553367074563,0.4396483579773375,0.19329067867216906,0.9044787098346283
ForwardChaining,XRPUSDT,28,21,all_available_test,Persistence,3,358,7.399575634599957,0.29159957383530466,0.5479876441870202,0.3002904581816402,0.8517140579077684
ForwardChaining,XRPUSDT,28,21,all_available_test,Persistence,4,358,9.1851472816685,0.36331513702026214,0.6423354841400395,0.4125948741854189,0.7965242858613962
ForwardChaining,XRPUSDT,28,21,all_available_test,Persistence,5,358,10.87529123196699,0.4307243044022119,0.7301316162185737,0.5330921770019466,0.7376555360286088
ForwardChaining,XRPUSDT,28,21,all_available_test,Persistence,6,358,12.38165257018975,0.4900034623889583,0.8079390897470797,0.6527655727413398,0.6802370720692575
ForwardChaining,XRPUSDT,28,21,all_available_test,Persistence,7,358,13.918904115183764,0.5502228543178658,0.8879827907189128,0.7885134366129485,0.6155724798609512
ForwardChaining,XRPUSDT,28,28,all_available_test,SVR,1,358,392.37227351391635,14.244597952003845,15.636378584839582,244.49633524842986,-119.85778573036758
ForwardChaining,XRPUSDT,28,28,all_available_test,SVR,2,358,399.6705966715129,14.46268246828847,16.030588159821313,256.9797567498033,-125.99545616867346
ForwardChaining,XRPUSDT,28,28,all_available_test,SVR,3,358,380.9646839331938,13.795336740696584,15.514969706688401,240.71428499945878,-117.86672904075989
ForwardChaining,XRPUSDT,28,28,all_available_test,SVR,4,358,346.8548831877665,12.640693433723412,14.492104140777402,210.0210824271375,-102.57421384692177
ForwardChaining,XRPUSDT,28,28,all_available_test,SVR,5,358,300.8683321858188,11.066300658553581,13.02354880786967,169.6128235509635,-82.46958968221588
ForwardChaining,XRPUSDT,28,28,all_available_test,SVR,6,358,253.28101016211994,9.46815529970813,11.500343755546478,132.25790649573685,-63.78769283965467
ForwardChaining,XRPUSDT,28,28,all_available_test,SVR,7,358,217.48023667866858,8.231559587152875,10.348558713730691,107.09266745153143,-51.21137226311661
ForwardChaining,XRPUSDT,28,28,all_available_test,Persistence,1,358,3.1510339406749415,0.12176332524846636,0.28435152584248324,0.08085579024894843,0.9600319090139421
ForwardChaining,XRPUSDT,28,28,all_available_test,Persistence,2,358,5.490961543514858,0.21487553367074563,0.4396483579773375,0.19329067867216906,0.9044787098346283
ForwardChaining,XRPUSDT,28,28,all_available_test,Persistence,3,358,7.399575634599957,0.29159957383530466,0.5479876441870202,0.3002904581816402,0.8517140579077684
ForwardChaining,XRPUSDT,28,28,all_available_test,Persistence,4,358,9.1851472816685,0.36331513702026214,0.6423354841400395,0.4125948741854189,0.7965242858613962
ForwardChaining,XRPUSDT,28,28,all_available_test,Persistence,5,358,10.87529123196699,0.4307243044022119,0.7301316162185737,0.5330921770019466,0.7376555360286088
ForwardChaining,XRPUSDT,28,28,all_available_test,Persistence,6,358,12.38165257018975,0.4900034623889583,0.8079390897470797,0.6527655727413398,0.6802370720692575
ForwardChaining,XRPUSDT,28,28,all_available_test,Persistence,7,358,13.918904115183764,0.5502228543178658,0.8879827907189128,0.7885134366129485,0.6155724798609512
GroupKFold,BNBUSDT,7,7,all_available_test,SVR,1,21,244.91634335500507,5.236483216156905,6.374483000104091,40.63403351861605,-64.49722229460549
GroupKFold,BNBUSDT,7,7,all_available_test,SVR,2,21,137.0413810681135,2.932606145209843,3.9931710281037245,15.945414859686956,-23.638054595774047
GroupKFold,BNBUSDT,7,7,all_available_test,SVR,3,21,391.1474849876269,6.502010050125263,10.314119603760311,106.38106320067276,-133.16313753786824
GroupKFold,BNBUSDT,7,7,all_available_test,SVR,4,21,541.7520011349159,8.279819934731758,14.220317175628537,202.21742057547596,-277.3819543648801
GroupKFold,BNBUSDT,7,7,all_available_test,SVR,5,21,407.1799588247008,6.715076163556608,10.618850625675755,112.75998861041435,-146.25088639950926
GroupKFold,BNBUSDT,7,7,all_available_test,SVR,6,21,311.43933332624044,5.70925630562544,8.215743219892873,67.49843665521573,-79.63658056374652
GroupKFold,BNBUSDT,7,7,all_available_test,SVR,7,21,328.6569570487128,5.098633246792223,7.062851136274571,49.883866173175,-46.353335741398254
GroupKFold,BNBUSDT,7,7,all_available_test,Persistence,1,21,22.171442148901765,0.4377769123416929,0.6308484196345947,0.39796972855546564,0.3585201979572291
GroupKFold,BNBUSDT,7,7,all_available_test,Persistence,2,21,24.477591967036762,0.5654279240032604,0.7521576317790248,0.5657411030434311,0.12584524726933732
GroupKFold,BNBUSDT,7,7,all_available_test,Persistence,3,21,28.449194348552677,0.5957816509322401,0.7605301505001872,0.5784061098198375,0.2705395478317476
GroupKFold,BNBUSDT,7,7,all_available_test,Persistence,4,21,34.33068332153956,0.7112028081439749,0.8265943893754506,0.6832582845469741,0.05939470473470465
GroupKFold,BNBUSDT,7,7,all_available_test,Persistence,5,21,30.62718749890034,0.6368636511286573,0.749535895079767,0.5618040580130275,0.2663519520999744
GroupKFold,BNBUSDT,7,7,all_available_test,Persistence,6,21,39.70163428486661,0.8052891181199141,0.9462115201394048,0.8953162408445233,-0.06958388612266364
GroupKFold,BNBUSDT,7,7,all_available_test,Persistence,7,21,61.49605776153509,1.0211954819234894,1.1921035370819706,1.421110843123345,-0.34902011497153684
GroupKFold,BNBUSDT,7,14,all_available_test,SVR,1,21,199.9360556104351,4.3463321717167105,5.406938226911331,29.234980989635044,-46.123307307886186
GroupKFold,BNBUSDT,7,14,all_available_test,SVR,2,21,204.37739541304936,4.251752168670564,5.060651430749711,25.61019290354909,-38.5715844660272
GroupKFold,BNBUSDT,7,14,all_available_test,SVR,3,21,271.61417238646993,5.100253160268224,5.9996046678410515,35.99525617038014,-44.395640530381264
GroupKFold,BNBUSDT,7,14,all_available_test,SVR,4,21,435.2713403907002,7.49199518379556,9.089959173066461,82.62735776801512,-112.7486833429413
GroupKFold,BNBUSDT,7,14,all_available_test,SVR,5,21,564.8910757275394,9.849382882149703,13.072807088692983,170.89828517818148,-222.1724593693258
GroupKFold,BNBUSDT,7,14,all_available_test,SVR,6,21,627.6437717137362,12.061539473508738,15.820741586267456,250.2958643394525,-298.0143717353971
GroupKFold,BNBUSDT,7,14,all_available_test,SVR,7,21,837.3476597402829,13.91061334376245,19.593647453460434,383.9110205304966,-363.43581551783245
GroupKFold,BNBUSDT,7,14,all_available_test,Persistence,1,21,22.171442148901765,0.4377769123416929,0.6308484196345947,0.39796972855546564,0.3585201979572291
GroupKFold,BNBUSDT,7,14,all_available_test,Persistence,2,21,24.477591967036762,0.5654279240032604,0.7521576317790248,0.5657411030434311,0.12584524726933732
GroupKFold,BNBUSDT,7,14,all_available_test,Persistence,3,21,28.449194348552677,0.5957816509322401,0.7605301505001872,0.5784061098198375,0.2705395478317476
GroupKFold,BNBUSDT,7,14,all_available_test,Persistence,4,21,34.33068332153956,0.7112028081439749,0.8265943893754506,0.6832582845469741,0.05939470473470465
GroupKFold,BNBUSDT,7,14,all_available_test,Persistence,5,21,30.62718749890034,0.6368636511286573,0.749535895079767,0.5618040580130275,0.2663519520999744
GroupKFold,BNBUSDT,7,14,all_available_test,Persistence,6,21,39.70163428486661,0.8052891181199141,0.9462115201394048,0.8953162408445233,-0.06958388612266364
GroupKFold,BNBUSDT,7,14,all_available_test,Persistence,7,21,61.49605776153509,1.0211954819234894,1.1921035370819706,1.421110843123345,-0.34902011497153684
GroupKFold,BNBUSDT,7,21,all_available_test,SVR,1,21,223.2496693275053,4.806307657849374,5.676331133002034,32.220735131488155,-50.93598736477494
GroupKFold,BNBUSDT,7,21,all_available_test,SVR,2,21,192.3037498343606,3.9095463279017983,4.753857338845427,22.599159598094527,-33.919086953589314
GroupKFold,BNBUSDT,7,21,all_available_test,SVR,3,21,241.0883541801188,4.19896570267768,5.521249655698038,30.484197760545705,-37.445335042052896
GroupKFold,BNBUSDT,7,21,all_available_test,SVR,4,21,422.99128313680626,6.545160437170531,10.314358985049907,106.38600127247975,-145.455942653287
GroupKFold,BNBUSDT,7,21,all_available_test,SVR,5,21,554.6243398815968,9.105432084215042,14.536983059175478,211.32387646275484,-274.96338479628986
GroupKFold,BNBUSDT,7,21,all_available_test,SVR,6,21,566.8980856106832,10.64525823463415,15.876324955889904,252.05769410501256,-300.1191305249358
GroupKFold,BNBUSDT,7,21,all_available_test,SVR,7,21,862.6342137855145,14.177308990812994,20.825625132285012,433.70666215046106,-410.7054021994783
GroupKFold,BNBUSDT,7,21,all_available_test,Persistence,1,21,22.171442148901765,0.4377769123416929,0.6308484196345947,0.39796972855546564,0.3585201979572291
GroupKFold,BNBUSDT,7,21,all_available_test,Persistence,2,21,24.477591967036762,0.5654279240032604,0.7521576317790248,0.5657411030434311,0.12584524726933732
GroupKFold,BNBUSDT,7,21,all_available_test,Persistence,3,21,28.449194348552677,0.5957816509322401,0.7605301505001872,0.5784061098198375,0.2705395478317476
GroupKFold,BNBUSDT,7,21,all_available_test,Persistence,4,21,34.33068332153956,0.7112028081439749,0.8265943893754506,0.6832582845469741,0.05939470473470465
GroupKFold,BNBUSDT,7,21,all_available_test,Persistence,5,21,30.62718749890034,0.6368636511286573,0.749535895079767,0.5618040580130275,0.2663519520999744
GroupKFold,BNBUSDT,7,21,all_available_test,Persistence,6,21,39.70163428486661,0.8052891181199141,0.9462115201394048,0.8953162408445233,-0.06958388612266364
GroupKFold,BNBUSDT,7,21,all_available_test,Persistence,7,21,61.49605776153509,1.0211954819234894,1.1921035370819706,1.421110843123345,-0.34902011497153684
GroupKFold,BNBUSDT,7,28,all_available_test,SVR,1,21,207.77568123228247,4.437513274634173,5.065345324926466,25.657723260754405,-40.35719392004719
GroupKFold,BNBUSDT,7,28,all_available_test,SVR,2,21,200.38942373403825,4.098420767282944,4.998113123681823,24.98113479712047,-37.599595458122074
GroupKFold,BNBUSDT,7,28,all_available_test,SVR,3,21,225.7163249661887,3.9376728907233147,5.085173400500955,25.85898851316245,-31.6122237182118
GroupKFold,BNBUSDT,7,28,all_available_test,SVR,4,21,416.94794797967387,6.519214887254182,9.668536355414501,93.48059525597192,-127.68975743282618
GroupKFold,BNBUSDT,7,28,all_available_test,SVR,5,21,552.4780908496597,9.130651412078867,14.171904984712953,200.8428908957318,-261.27648721760335
GroupKFold,BNBUSDT,7,28,all_available_test,SVR,6,21,593.7778445804632,11.153496727693694,16.64420663433526,277.0296144864499,-329.9516773134641
GroupKFold,BNBUSDT,7,28,all_available_test,SVR,7,21,895.1057927290864,14.643935501369453,21.94735112235579,481.68622128797205,-456.25103341971027
GroupKFold,BNBUSDT,7,28,all_available_test,Persistence,1,21,22.171442148901765,0.4377769123416929,0.6308484196345947,0.39796972855546564,0.3585201979572291
GroupKFold,BNBUSDT,7,28,all_available_test,Persistence,2,21,24.477591967036762,0.5654279240032604,0.7521576317790248,0.5657411030434311,0.12584524726933732
GroupKFold,BNBUSDT,7,28,all_available_test,Persistence,3,21,28.449194348552677,0.5957816509322401,0.7605301505001872,0.5784061098198375,0.2705395478317476
GroupKFold,BNBUSDT,7,28,all_available_test,Persistence,4,21,34.33068332153956,0.7112028081439749,0.8265943893754506,0.6832582845469741,0.05939470473470465
GroupKFold,BNBUSDT,7,28,all_available_test,Persistence,5,21,30.62718749890034,0.6368636511286573,0.749535895079767,0.5618040580130275,0.2663519520999744
GroupKFold,BNBUSDT,7,28,all_available_test,Persistence,6,21,39.70163428486661,0.8052891181199141,0.9462115201394048,0.8953162408445233,-0.06958388612266364
GroupKFold,BNBUSDT,7,28,all_available_test,Persistence,7,21,61.49605776153509,1.0211954819234894,1.1921035370819706,1.421110843123345,-0.34902011497153684
GroupKFold,BNBUSDT,14,7,all_available_test,SVR,1,21,723.0648958301824,15.756641580130168,24.847328552142226,617.3897361781022,-957.7502531096252
GroupKFold,BNBUSDT,14,7,all_available_test,SVR,2,21,655.9130871742219,14.219494965387504,22.16465899014386,491.272108149365,-758.3357912717437
GroupKFold,BNBUSDT,14,7,all_available_test,SVR,3,21,669.2083179011036,13.36092866420399,21.04668593700331,442.96298893085293,-662.0251741680643
GroupKFold,BNBUSDT,14,7,all_available_test,SVR,4,21,545.886408151068,11.051261367522555,16.592782224873876,275.32042196209045,-430.34067420177877
GroupKFold,BNBUSDT,14,7,all_available_test,SVR,5,21,420.1883351691975,8.84294290596363,12.23136049382322,149.6061795298594,-247.3551119190169
GroupKFold,BNBUSDT,14,7,all_available_test,SVR,6,21,345.07045803867794,7.568917261748308,9.948548749331431,98.973622217824,-190.23305767150205
GroupKFold,BNBUSDT,14,7,all_available_test,SVR,7,21,258.38189573965576,5.689470154735612,6.8272403646941955,46.611210997309726,-87.67927488672267
GroupKFold,BNBUSDT,14,7,all_available_test,Persistence,1,21,6.7849370905489055,0.16191857506865806,0.2433263707722938,0.05920772271321579,0.9080557777187201
GroupKFold,BNBUSDT,14,7,all_available_test,Persistence,2,21,11.228180963154196,0.28404206773273205,0.410244374704684,0.16830044697683716,0.7398660519157951
GroupKFold,BNBUSDT,14,7,all_available_test,Persistence,3,21,16.040912694820925,0.3679902269735342,0.49089165759316916,0.24097461949456922,0.6393101838009081
GroupKFold,BNBUSDT,14,7,all_available_test,Persistence,4,21,17.812634798820017,0.4077785500109557,0.5373380924438445,0.2887322255911895,0.5476472396681411
GroupKFold,BNBUSDT,14,7,all_available_test,Persistence,5,21,19.529573845596232,0.45738696869549295,0.5963730916362805,0.3556608644278154,0.4095819165507474
GroupKFold,BNBUSDT,14,7,all_available_test,Persistence,6,21,20.55109175053763,0.4954728446032225,0.6106913226716093,0.3729438915863997,0.2794120379769973
GroupKFold,BNBUSDT,14,7,all_available_test,Persistence,7,21,20.36147732503438,0.4868263187165721,0.5904662026588258,0.34865033648233357,0.33668191907629863
GroupKFold,BNBUSDT,14,14,all_available_test,SVR,1,21,222.231081177359,5.135748898774473,7.11546568417977,50.62985190273988,-77.62356706340135
GroupKFold,BNBUSDT,14,14,all_available_test,SVR,2,21,187.78132274017702,4.5034004632445965,5.7201747075827445,32.72039868526934,-49.57435464838536
GroupKFold,BNBUSDT,14,14,all_available_test,SVR,3,21,205.22398677820306,4.589369497797292,5.8136380001845875,33.79838679719025,-49.589285906016784
GroupKFold,BNBUSDT,14,14,all_available_test,SVR,4,21,261.58402669153645,5.576217209680097,7.492574002633543,56.138665184940024,-86.95166561597877
GroupKFold,BNBUSDT,14,14,all_available_test,SVR,5,21,211.06757730893992,4.66465300968247,5.490759847891045,30.14844370721249,-49.04820078033294
GroupKFold,BNBUSDT,14,14,all_available_test,SVR,6,21,211.915097258536,4.732289399829279,5.728963880630742,32.82102714557165,-62.41553674931298
GroupKFold,BNBUSDT,14,14,all_available_test,SVR,7,21,315.9856431209274,6.839908164494939,9.116940852578816,83.11861050942053,-157.13573498428883
GroupKFold,BNBUSDT,14,14,all_available_test,Persistence,1,21,6.7849370905489055,0.16191857506865806,0.2433263707722938,0.05920772271321579,0.9080557777187201
GroupKFold,BNBUSDT,14,14,all_available_test,Persistence,2,21,11.228180963154196,0.28404206773273205,0.410244374704684,0.16830044697683716,0.7398660519157951
GroupKFold,BNBUSDT,14,14,all_available_test,Persistence,3,21,16.040912694820925,0.3679902269735342,0.49089165759316916,0.24097461949456922,0.6393101838009081
GroupKFold,BNBUSDT,14,14,all_available_test,Persistence,4,21,17.812634798820017,0.4077785500109557,0.5373380924438445,0.2887322255911895,0.5476472396681411
GroupKFold,BNBUSDT,14,14,all_available_test,Persistence,5,21,19.529573845596232,0.45738696869549295,0.5963730916362805,0.3556608644278154,0.4095819165507474
GroupKFold,BNBUSDT,14,14,all_available_test,Persistence,6,21,20.55109175053763,0.4954728446032225,0.6106913226716093,0.3729438915863997,0.2794120379769973
GroupKFold,BNBUSDT,14,14,all_available_test,Persistence,7,21,20.36147732503438,0.4868263187165721,0.5904662026588258,0.34865033648233357,0.33668191907629863
GroupKFold,BNBUSDT,14,21,all_available_test,SVR,1,21,193.31603124899544,4.642903876744272,5.36902984443995,28.82648147048688,-43.76491069834774
GroupKFold,BNBUSDT,14,21,all_available_test,SVR,2,21,187.29299481805617,4.6131203446654485,5.775177221414691,33.352671938747115,-50.55162916339515
GroupKFold,BNBUSDT,14,21,all_available_test,SVR,3,21,261.7053059010184,5.951756074427287,6.924243411156859,47.945146816949176,-70.764097934113
GroupKFold,BNBUSDT,14,21,all_available_test,SVR,4,21,309.45695125653873,6.758492184122424,7.744231438053976,59.973120566143564,-92.95905350801357
GroupKFold,BNBUSDT,14,21,all_available_test,SVR,5,21,292.0262711310389,6.689542934239948,7.644901948988086,58.444525809641846,-96.02137167141865
GroupKFold,BNBUSDT,14,21,all_available_test,SVR,6,21,321.2574221627444,7.526480666672761,8.504217823459577,72.32172078884753,-138.73727032115505
GroupKFold,BNBUSDT,14,21,all_available_test,SVR,7,21,402.9495009954077,9.106144949759141,11.010672833549428,121.23491624746339,-229.65318908788117
GroupKFold,BNBUSDT,14,21,all_available_test,Persistence,1,21,6.7849370905489055,0.16191857506865806,0.2433263707722938,0.05920772271321579,0.9080557777187201
GroupKFold,BNBUSDT,14,21,all_available_test,Persistence,2,21,11.228180963154196,0.28404206773273205,0.410244374704684,0.16830044697683716,0.7398660519157951
GroupKFold,BNBUSDT,14,21,all_available_test,Persistence,3,21,16.040912694820925,0.3679902269735342,0.49089165759316916,0.24097461949456922,0.6393101838009081
GroupKFold,BNBUSDT,14,21,all_available_test,Persistence,4,21,17.812634798820017,0.4077785500109557,0.5373380924438445,0.2887322255911895,0.5476472396681411
GroupKFold,BNBUSDT,14,21,all_available_test,Persistence,5,21,19.529573845596232,0.45738696869549295,0.5963730916362805,0.3556608644278154,0.4095819165507474
GroupKFold,BNBUSDT,14,21,all_available_test,Persistence,6,21,20.55109175053763,0.4954728446032225,0.6106913226716093,0.3729438915863997,0.2794120379769973
GroupKFold,BNBUSDT,14,21,all_available_test,Persistence,7,21,20.36147732503438,0.4868263187165721,0.5904662026588258,0.34865033648233357,0.33668191907629863
GroupKFold,BNBUSDT,14,28,all_available_test,SVR,1,21,163.8214457606175,3.781795526626902,4.290691515940461,18.41003368496345,-27.58911222671128
GroupKFold,BNBUSDT,14,28,all_available_test,SVR,2,21,139.18116367030748,3.4222262581195704,4.006253357310464,16.050065962961366,-23.807818998434833
GroupKFold,BNBUSDT,14,28,all_available_test,SVR,3,21,185.4772959595329,4.2131320165647095,4.767110644556205,22.725343897441075,-33.01520098100583
GroupKFold,BNBUSDT,14,28,all_available_test,SVR,4,21,295.73690293572474,6.281457658377044,7.316928563310766,53.53744360059295,-82.87636795391512
GroupKFold,BNBUSDT,14,28,all_available_test,SVR,5,21,258.5844557725475,5.79163200808356,6.331103642631479,40.08287333374159,-65.53994189357886
GroupKFold,BNBUSDT,14,28,all_available_test,SVR,6,21,293.57339059077214,6.738619650337873,7.492903335014856,56.14360038787675,-107.47852316884365
GroupKFold,BNBUSDT,14,28,all_available_test,SVR,7,21,375.41429691623836,8.326522385586097,10.27992480675519,105.67685403254072,-200.0534930846709
GroupKFold,BNBUSDT,14,28,all_available_test,Persistence,1,21,6.7849370905489055,0.16191857506865806,0.2433263707722938,0.05920772271321579,0.9080557777187201
GroupKFold,BNBUSDT,14,28,all_available_test,Persistence,2,21,11.228180963154196,0.28404206773273205,0.410244374704684,0.16830044697683716,0.7398660519157951
GroupKFold,BNBUSDT,14,28,all_available_test,Persistence,3,21,16.040912694820925,0.3679902269735342,0.49089165759316916,0.24097461949456922,0.6393101838009081
GroupKFold,BNBUSDT,14,28,all_available_test,Persistence,4,21,17.812634798820017,0.4077785500109557,0.5373380924438445,0.2887322255911895,0.5476472396681411
GroupKFold,BNBUSDT,14,28,all_available_test,Persistence,5,21,19.529573845596232,0.45738696869549295,0.5963730916362805,0.3556608644278154,0.4095819165507474
GroupKFold,BNBUSDT,14,28,all_available_test,Persistence,6,21,20.55109175053763,0.4954728446032225,0.6106913226716093,0.3729438915863997,0.2794120379769973
GroupKFold,BNBUSDT,14,28,all_available_test,Persistence,7,21,20.36147732503438,0.4868263187165721,0.5904662026588258,0.34865033648233357,0.33668191907629863
GroupKFold,BNBUSDT,21,7,all_available_test,SVR,1,21,576.8368337614542,11.900792931944167,19.049024520714553,362.86533519078426,-230.6353691623772
GroupKFold,BNBUSDT,21,7,all_available_test,SVR,2,21,635.0655820490935,13.232391839763036,22.117424604047955,489.1804711157458,-364.5406769339144
GroupKFold,BNBUSDT,21,7,all_available_test,SVR,3,21,642.5285794439194,13.301415266973368,22.39973043637809,501.74792362240294,-418.2656470349765
GroupKFold,BNBUSDT,21,7,all_available_test,SVR,4,21,759.8831223323226,15.846936468845163,27.61908380900637,762.8137904489178,-806.3653878659633
GroupKFold,BNBUSDT,21,7,all_available_test,SVR,5,21,758.5382596138967,15.90178097499388,27.2597079112718,743.0916754078544,-1003.5247750413909
GroupKFold,BNBUSDT,21,7,all_available_test,SVR,6,21,714.3585756542557,15.243986749728844,25.52214017926625,651.3796393301166,-1016.886737674246
GroupKFold,BNBUSDT,21,7,all_available_test,SVR,7,21,630.32088853773,13.438409073039617,21.583660429673124,465.8543975434374,-869.9910465013361
GroupKFold,BNBUSDT,21,7,all_available_test,Persistence,1,21,5.399618167436344,0.12455354715085461,0.18894647586203325,0.03570077074068191,0.9772103852092916
GroupKFold,BNBUSDT,21,7,all_available_test,Persistence,2,21,8.733245094845813,0.23617974363288585,0.34636037040750495,0.11996550618882404,0.9103556357412181
GroupKFold,BNBUSDT,21,7,all_available_test,Persistence,3,21,10.078645059788785,0.28991738800647016,0.41429298877688836,0.17163868054968695,0.856576980055327
GroupKFold,BNBUSDT,21,7,all_available_test,Persistence,4,21,14.4188077919067,0.4134268693577981,0.6637493323510765,0.44056317619649976,0.5337060445380515
GroupKFold,BNBUSDT,21,7,all_available_test,Persistence,5,21,17.16873158093545,0.507682598087125,0.7964753063254515,0.6343729135862217,0.14244321474494703
GroupKFold,BNBUSDT,21,7,all_available_test,Persistence,6,21,19.283033846788545,0.5599369272736698,0.8929933261683436,0.7974370805812017,-0.24612526926391642
GroupKFold,BNBUSDT,21,7,all_available_test,Persistence,7,21,20.91755488225447,0.601035304995721,0.9757146818870979,0.9520191404500405,-0.7799556080235706
GroupKFold,BNBUSDT,21,14,all_available_test,SVR,1,21,653.026356471449,13.389083145914675,24.15135842525704,583.2881137852343,-371.34242144853084
GroupKFold,BNBUSDT,21,14,all_available_test,SVR,2,21,744.9702428181233,15.219407729940551,28.501229368498414,812.3200755157565,-606.0071227777602
GroupKFold,BNBUSDT,21,14,all_available_test,SVR,3,21,704.3188900175165,14.290757418538105,26.639855713664,709.6819124448366,-592.0173941967832
GroupKFold,BNBUSDT,21,14,all_available_test,SVR,4,21,271.5971604739675,5.951658727949809,9.099242646602908,82.79621674175709,-86.63187095005661
GroupKFold,BNBUSDT,21,14,all_available_test,SVR,5,21,180.28094966336155,4.084639039261946,5.23000090165606,27.352909431323194,-35.97615799308555
GroupKFold,BNBUSDT,21,14,all_available_test,SVR,6,21,244.52929288569595,5.335662039370927,7.801231094725351,60.85920659330969,-94.10241879898872
GroupKFold,BNBUSDT,21,14,all_available_test,SVR,7,21,290.46941367312456,6.160825198211181,9.685828200612494,93.81526793178028,-174.40299892969347
GroupKFold,BNBUSDT,21,14,all_available_test,Persistence,1,21,5.399618167436344,0.12455354715085461,0.18894647586203325,0.03570077074068191,0.9772103852092916
GroupKFold,BNBUSDT,21,14,all_available_test,Persistence,2,21,8.733245094845813,0.23617974363288585,0.34636037040750495,0.11996550618882404,0.9103556357412181
GroupKFold,BNBUSDT,21,14,all_available_test,Persistence,3,21,10.078645059788785,0.28991738800647016,0.41429298877688836,0.17163868054968695,0.856576980055327
GroupKFold,BNBUSDT,21,14,all_available_test,Persistence,4,21,14.4188077919067,0.4134268693577981,0.6637493323510765,0.44056317619649976,0.5337060445380515
GroupKFold,BNBUSDT,21,14,all_available_test,Persistence,5,21,17.16873158093545,0.507682598087125,0.7964753063254515,0.6343729135862217,0.14244321474494703
GroupKFold,BNBUSDT,21,14,all_available_test,Persistence,6,21,19.283033846788545,0.5599369272736698,0.8929933261683436,0.7974370805812017,-0.24612526926391642
GroupKFold,BNBUSDT,21,14,all_available_test,Persistence,7,21,20.91755488225447,0.601035304995721,0.9757146818870979,0.9520191404500405,-0.7799556080235706
GroupKFold,BNBUSDT,21,21,all_available_test,SVR,1,21,584.8714999688466,11.742115815467445,20.9224639949443,437.7494996197406,-278.4377338131574
GroupKFold,BNBUSDT,21,21,all_available_test,SVR,2,21,552.2411267951769,11.279355954099964,19.903288707872367,396.14090138891964,-295.01675006493474
GroupKFold,BNBUSDT,21,21,all_available_test,SVR,3,21,449.9342981732648,9.316237698239958,15.477966948399866,239.56746085575867,-199.18499679892116
GroupKFold,BNBUSDT,21,21,all_available_test,SVR,4,21,193.32287799748775,4.362235881609897,5.296749027306123,28.05555025826836,-28.694114736349547
GroupKFold,BNBUSDT,21,21,all_available_test,SVR,5,21,176.65806200657804,4.085227779287104,4.673811206047442,21.844511189774643,-28.529805561007873
GroupKFold,BNBUSDT,21,21,all_available_test,SVR,6,21,245.70252355231696,5.604496761649449,6.5657695820318684,43.10933020433494,-66.36534708106514
GroupKFold,BNBUSDT,21,21,all_available_test,SVR,7,21,339.9705163602051,7.600047579862284,9.596021635869896,92.08363123608315,-171.1654206955957
GroupKFold,BNBUSDT,21,21,all_available_test,Persistence,1,21,5.399618167436344,0.12455354715085461,0.18894647586203325,0.03570077074068191,0.9772103852092916
GroupKFold,BNBUSDT,21,21,all_available_test,Persistence,2,21,8.733245094845813,0.23617974363288585,0.34636037040750495,0.11996550618882404,0.9103556357412181
GroupKFold,BNBUSDT,21,21,all_available_test,Persistence,3,21,10.078645059788785,0.28991738800647016,0.41429298877688836,0.17163868054968695,0.856576980055327
GroupKFold,BNBUSDT,21,21,all_available_test,Persistence,4,21,14.4188077919067,0.4134268693577981,0.6637493323510765,0.44056317619649976,0.5337060445380515
GroupKFold,BNBUSDT,21,21,all_available_test,Persistence,5,21,17.16873158093545,0.507682598087125,0.7964753063254515,0.6343729135862217,0.14244321474494703
GroupKFold,BNBUSDT,21,21,all_available_test,Persistence,6,21,19.283033846788545,0.5599369272736698,0.8929933261683436,0.7974370805812017,-0.24612526926391642
GroupKFold,BNBUSDT,21,21,all_available_test,Persistence,7,21,20.91755488225447,0.601035304995721,0.9757146818870979,0.9520191404500405,-0.7799556080235706
GroupKFold,BNBUSDT,21,28,all_available_test,SVR,1,21,561.1823194103409,11.013576698351354,20.252483458619267,410.16308624164697,-260.8279253608262
GroupKFold,BNBUSDT,21,28,all_available_test,SVR,2,21,521.4983203550179,10.462936902270053,18.852350435140533,355.41111692934345,-264.58137117753193
GroupKFold,BNBUSDT,21,28,all_available_test,SVR,3,21,388.07236306087066,7.900281321116885,13.194127557605123,174.08500200635493,-144.46719093193013
GroupKFold,BNBUSDT,21,28,all_available_test,SVR,4,21,111.8036888256576,2.588535553342914,3.004378937289334,9.02629279882779,-8.553467016149025
GroupKFold,BNBUSDT,21,28,all_available_test,SVR,5,21,116.73283879209963,2.872072174707638,3.3120799236310985,10.969873420520182,-13.829273418965949
GroupKFold,BNBUSDT,21,28,all_available_test,SVR,6,21,179.19829780844924,4.117395081887107,4.554549857611976,20.74392440547327,-31.415759205128268
GroupKFold,BNBUSDT,21,28,all_available_test,SVR,7,21,291.70252362011314,6.476461814256207,7.925409988628749,62.81212348785634,-116.43754584726865
GroupKFold,BNBUSDT,21,28,all_available_test,Persistence,1,21,5.399618167436344,0.12455354715085461,0.18894647586203325,0.03570077074068191,0.9772103852092916
GroupKFold,BNBUSDT,21,28,all_available_test,Persistence,2,21,8.733245094845813,0.23617974363288585,0.34636037040750495,0.11996550618882404,0.9103556357412181
GroupKFold,BNBUSDT,21,28,all_available_test,Persistence,3,21,10.078645059788785,0.28991738800647016,0.41429298877688836,0.17163868054968695,0.856576980055327
GroupKFold,BNBUSDT,21,28,all_available_test,Persistence,4,21,14.4188077919067,0.4134268693577981,0.6637493323510765,0.44056317619649976,0.5337060445380515
GroupKFold,BNBUSDT,21,28,all_available_test,Persistence,5,21,17.16873158093545,0.507682598087125,0.7964753063254515,0.6343729135862217,0.14244321474494703
GroupKFold,BNBUSDT,21,28,all_available_test,Persistence,6,21,19.283033846788545,0.5599369272736698,0.8929933261683436,0.7974370805812017,-0.24612526926391642
GroupKFold,BNBUSDT,21,28,all_available_test,Persistence,7,21,20.91755488225447,0.601035304995721,0.9757146818870979,0.9520191404500405,-0.7799556080235706
GroupKFold,BNBUSDT,28,7,all_available_test,SVR,1,21,414.50356156111746,9.229566596079238,13.89814498180223,193.15843393519447,-125.15103790925279
GroupKFold,BNBUSDT,28,7,all_available_test,SVR,2,21,406.07818109525226,9.10283666664156,14.025765131946276,196.72208753651995,-137.21254919365106
GroupKFold,BNBUSDT,28,7,all_available_test,SVR,3,21,424.9501972384284,9.329932246970433,14.705823571990992,216.26124693052589,-158.68840006245821
GroupKFold,BNBUSDT,28,7,all_available_test,SVR,4,21,426.44555833031745,9.415831482270272,14.874901911355765,221.2627068724554,-174.39992681014252
GroupKFold,BNBUSDT,28,7,all_available_test,SVR,5,21,443.77374940218067,9.943267661737433,15.681875624712111,245.92122310893987,-198.42843889362476
GroupKFold,BNBUSDT,28,7,all_available_test,SVR,6,21,464.54220955889866,10.390070618368437,16.296177708295758,265.5654079003556,-213.62708217515188
GroupKFold,BNBUSDT,28,7,all_available_test,SVR,7,21,492.2089119947658,10.424105856725529,16.43484113372136,270.1040030906596,-208.3111690601141
GroupKFold,BNBUSDT,28,7,all_available_test,Persistence,1,21,3.5196299629209142,0.0804720342693898,0.12959323536206305,0.016794406651607065,0.9890316369468957
GroupKFold,BNBUSDT,28,7,all_available_test,Persistence,2,21,5.656820188431065,0.1439628862526418,0.2249313974871732,0.050594133575532704,0.9644536906694815
GroupKFold,BNBUSDT,28,7,all_available_test,Persistence,3,21,7.102695975285351,0.1866260925478101,0.2572099568560449,0.06615696190588849,0.9511493642541597
GroupKFold,BNBUSDT,28,7,all_available_test,Persistence,4,21,7.944608943997769,0.21482090048627903,0.2750773386740008,0.07566754225197095,0.9400166365109615
GroupKFold,BNBUSDT,28,7,all_available_test,Persistence,5,21,8.770550989258549,0.2419719423671006,0.3105980839389869,0.09647116974656995,0.9217672450649871
GroupKFold,BNBUSDT,28,7,all_available_test,Persistence,6,21,9.244815791169074,0.2544182924808093,0.32286565974192794,0.1042422342405904,0.9157525569637767
GroupKFold,BNBUSDT,28,7,all_available_test,Persistence,7,21,11.220627043346033,0.28767448175155186,0.3587704841137093,0.12871626027118535,0.9002541591160172
GroupKFold,BNBUSDT,28,14,all_available_test,SVR,1,21,486.0291366320383,11.013258169906546,19.492824070496834,379.97019024334077,-247.1570848200997
GroupKFold,BNBUSDT,28,14,all_available_test,SVR,2,21,477.01078506417883,10.831353125582321,19.33773298853017,373.94791713568804,-261.7274625854346
GroupKFold,BNBUSDT,28,14,all_available_test,SVR,3,21,503.10375279920834,11.121287831259835,20.081433025284543,403.2639523489887,-296.77214488253117
GroupKFold,BNBUSDT,28,14,all_available_test,SVR,4,21,523.1833603401269,11.558775092071393,21.10507057347772,445.4240039114752,-352.09763127226444
GroupKFold,BNBUSDT,28,14,all_available_test,SVR,5,21,515.1029333386406,11.497722878111713,20.95691126838758,439.19212991107025,-355.1603985831297
GroupKFold,BNBUSDT,28,14,all_available_test,SVR,6,21,480.7318506471459,10.57576940251672,19.14380010018737,366.48508227593396,-295.1892683670525
GroupKFold,BNBUSDT,28,14,all_available_test,SVR,7,21,533.3613234424125,10.920139409420663,20.20179990630552,408.1127194544057,-315.25799484590465
GroupKFold,BNBUSDT,28,14,all_available_test,Persistence,1,21,3.5196299629209142,0.0804720342693898,0.12959323536206305,0.016794406651607065,0.9890316369468957
GroupKFold,BNBUSDT,28,14,all_available_test,Persistence,2,21,5.656820188431065,0.1439628862526418,0.2249313974871732,0.050594133575532704,0.9644536906694815
GroupKFold,BNBUSDT,28,14,all_available_test,Persistence,3,21,7.102695975285351,0.1866260925478101,0.2572099568560449,0.06615696190588849,0.9511493642541597
GroupKFold,BNBUSDT,28,14,all_available_test,Persistence,4,21,7.944608943997769,0.21482090048627903,0.2750773386740008,0.07566754225197095,0.9400166365109615
GroupKFold,BNBUSDT,28,14,all_available_test,Persistence,5,21,8.770550989258549,0.2419719423671006,0.3105980839389869,0.09647116974656995,0.9217672450649871
GroupKFold,BNBUSDT,28,14,all_available_test,Persistence,6,21,9.244815791169074,0.2544182924808093,0.32286565974192794,0.1042422342405904,0.9157525569637767
GroupKFold,BNBUSDT,28,14,all_available_test,Persistence,7,21,11.220627043346033,0.28767448175155186,0.3587704841137093,0.12871626027118535,0.9002541591160172
GroupKFold,BNBUSDT,28,21,all_available_test,SVR,1,21,484.7229930179757,10.499294334595932,19.5360444124924,381.6570312868756,-248.25875428435538
GroupKFold,BNBUSDT,28,21,all_available_test,SVR,2,21,477.17158269908185,10.414469407472772,19.42445371531169,377.3094021382861,-264.0891669425981
GroupKFold,BNBUSDT,28,21,all_available_test,SVR,3,21,511.9313983058817,10.963393829107515,20.44120179925775,417.8427309979784,-307.5371888761495
GroupKFold,BNBUSDT,28,21,all_available_test,SVR,4,21,519.2311840560907,11.19644684932853,20.83322898744046,434.02343004312945,-343.0601398198338
GroupKFold,BNBUSDT,28,21,all_available_test,SVR,5,21,506.2387454981014,11.133585617184943,20.252208693384272,410.15195696038944,-331.6104329333996
GroupKFold,BNBUSDT,28,21,all_available_test,SVR,6,21,491.10741407282813,10.834368768464639,18.9189758506199,357.927647236339,-288.2732421873897
GroupKFold,BNBUSDT,28,21,all_available_test,SVR,7,21,563.269080055573,11.881869609084983,20.159720264703928,406.4143211511143,-313.9418583565379
GroupKFold,BNBUSDT,28,21,all_available_test,Persistence,1,21,3.5196299629209142,0.0804720342693898,0.12959323536206305,0.016794406651607065,0.9890316369468957
GroupKFold,BNBUSDT,28,21,all_available_test,Persistence,2,21,5.656820188431065,0.1439628862526418,0.2249313974871732,0.050594133575532704,0.9644536906694815
GroupKFold,BNBUSDT,28,21,all_available_test,Persistence,3,21,7.102695975285351,0.1866260925478101,0.2572099568560449,0.06615696190588849,0.9511493642541597
GroupKFold,BNBUSDT,28,21,all_available_test,Persistence,4,21,7.944608943997769,0.21482090048627903,0.2750773386740008,0.07566754225197095,0.9400166365109615
GroupKFold,BNBUSDT,28,21,all_available_test,Persistence,5,21,8.770550989258549,0.2419719423671006,0.3105980839389869,0.09647116974656995,0.9217672450649871
GroupKFold,BNBUSDT,28,21,all_available_test,Persistence,6,21,9.244815791169074,0.2544182924808093,0.32286565974192794,0.1042422342405904,0.9157525569637767
GroupKFold,BNBUSDT,28,21,all_available_test,Persistence,7,21,11.220627043346033,0.28767448175155186,0.3587704841137093,0.12871626027118535,0.9002541591160172
GroupKFold,BNBUSDT,28,28,all_available_test,SVR,1,21,482.25456844816176,10.389887481595967,19.404086954435595,376.5185905352977,-244.9028581899387
GroupKFold,BNBUSDT,28,28,all_available_test,SVR,2,21,475.49531205855794,10.315674121754826,19.288037990160902,372.0284095098902,-260.37885935800637
GroupKFold,BNBUSDT,28,28,all_available_test,SVR,3,21,511.2959807461396,10.823925339387381,20.485254503786276,419.6456520848959,-308.86847493823916
GroupKFold,BNBUSDT,28,28,all_available_test,SVR,4,21,518.2047333738135,11.094210758512391,20.785658798640107,432.04361169348493,-341.4906932622393
GroupKFold,BNBUSDT,28,28,all_available_test,SVR,5,21,502.21520111682827,10.939995072420054,20.15655064009927,406.2865337068863,-328.4757895896335
GroupKFold,BNBUSDT,28,28,all_available_test,SVR,6,21,477.03630466819493,10.367290588136349,18.479736201485725,341.5006500765021,-274.99712126038185
GroupKFold,BNBUSDT,28,28,all_available_test,SVR,7,21,545.7983595249922,11.308123120250778,19.712847387979654,388.59635214177626,-300.1342143344327
GroupKFold,BNBUSDT,28,28,all_available_test,Persistence,1,21,3.5196299629209142,0.0804720342693898,0.12959323536206305,0.016794406651607065,0.9890316369468957
GroupKFold,BNBUSDT,28,28,all_available_test,Persistence,2,21,5.656820188431065,0.1439628862526418,0.2249313974871732,0.050594133575532704,0.9644536906694815
GroupKFold,BNBUSDT,28,28,all_available_test,Persistence,3,21,7.102695975285351,0.1866260925478101,0.2572099568560449,0.06615696190588849,0.9511493642541597
GroupKFold,BNBUSDT,28,28,all_available_test,Persistence,4,21,7.944608943997769,0.21482090048627903,0.2750773386740008,0.07566754225197095,0.9400166365109615
GroupKFold,BNBUSDT,28,28,all_available_test,Persistence,5,21,8.770550989258549,0.2419719423671006,0.3105980839389869,0.09647116974656995,0.9217672450649871
GroupKFold,BNBUSDT,28,28,all_available_test,Persistence,6,21,9.244815791169074,0.2544182924808093,0.32286565974192794,0.1042422342405904,0.9157525569637767
GroupKFold,BNBUSDT,28,28,all_available_test,Persistence,7,21,11.220627043346033,0.28767448175155186,0.3587704841137093,0.12871626027118535,0.9002541591160172
GroupKFold,BTCUSDT,7,7,all_available_test,SVR,1,21,1037.2840054875019,13.882271768414284,16.41079170353188,269.31408433671083,-482.11873974211073
GroupKFold,BTCUSDT,7,7,all_available_test,SVR,2,21,975.8967939476943,14.215152728136967,16.45221144767228,270.6752615189188,-434.13320626760344
GroupKFold,BTCUSDT,7,7,all_available_test,SVR,3,21,957.5595184743613,14.32621151950909,16.558229169303353,274.17495322316836,-410.7707698867326
GroupKFold,BTCUSDT,7,7,all_available_test,SVR,4,21,1054.3687959270978,15.533501208235315,18.57022404151663,344.85322095212234,-695.6167257109032
GroupKFold,BTCUSDT,7,7,all_available_test,SVR,5,21,850.5861266225256,12.163640826280707,14.661936090644396,214.97236992614066,-414.50775205785396
GroupKFold,BTCUSDT,7,7,all_available_test,SVR,6,21,755.7989722165091,10.212644257758322,11.551321039548643,133.43301775871916,-277.5407552358196
GroupKFold,BTCUSDT,7,7,all_available_test,SVR,7,21,718.8394258492262,9.13237737918628,10.207401599496988,104.19104741341367,-310.35727883783363
GroupKFold,BTCUSDT,7,7,all_available_test,Persistence,1,21,12.967995960946675,0.1963512475221888,0.3114424929374681,0.09699642640710487,0.8259994778932503
GroupKFold,BTCUSDT,7,7,all_available_test,Persistence,2,21,11.883788587242666,0.2096519010932256,0.3137889951199922,0.09846353345841449,0.8417116038836718
GroupKFold,BTCUSDT,7,7,all_available_test,Persistence,3,21,21.404653062002392,0.2821793284280866,0.3924045606463666,0.153981339216068,0.7687424987154786
GroupKFold,BTCUSDT,7,7,all_available_test,Persistence,4,21,22.296216505731188,0.26872143482918837,0.359422465828526,0.12918450894225794,0.7390423398584969
GroupKFold,BTCUSDT,7,7,all_available_test,Persistence,5,21,28.547197934156365,0.32815968831158654,0.4808659721601427,0.23123208318151914,0.5530647816767427
GroupKFold,BTCUSDT,7,7,all_available_test,Persistence,6,21,34.055760129294434,0.40257968988140547,0.5746690135057274,0.33024447508364585,0.31061631485701235
GroupKFold,BTCUSDT,7,7,all_available_test,Persistence,7,21,46.253071603636585,0.5517978772896578,0.7771929683444033,0.6040289100439846,-0.8050379801294278
GroupKFold,BTCUSDT,7,14,all_available_test,SVR,1,21,1173.03662229032,15.967162169330063,19.07304530042763,363.78105703216454,-651.5817104897527
GroupKFold,BTCUSDT,7,14,all_available_test,SVR,2,21,1145.5121695202045,16.72300992472499,19.21779633056333,369.3236958030135,-592.7188459837652
GroupKFold,BTCUSDT,7,14,all_available_test,SVR,3,21,1141.999489890953,16.86556480899456,18.305678363148118,335.09786033502917,-502.26808599922776
GroupKFold,BTCUSDT,7,14,all_available_test,SVR,4,21,1114.4687596714768,15.99212138725752,17.41398259447654,303.24678980073185,-611.5701398701935
GroupKFold,BTCUSDT,7,14,all_available_test,SVR,5,21,985.4786555132255,13.354575039238826,14.544038468747527,211.5290549804079,-407.8523662832998
GroupKFold,BTCUSDT,7,14,all_available_test,SVR,6,21,929.8623733448829,12.248799957609052,13.002134316760865,169.05549679109052,-351.90250152406537
GroupKFold,BTCUSDT,7,14,all_available_test,SVR,7,21,880.5326332704578,11.15274208352103,11.926244404258988,142.2353055901188,-424.046093715588
GroupKFold,BTCUSDT,7,14,all_available_test,Persistence,1,21,12.967995960946675,0.1963512475221888,0.3114424929374681,0.09699642640710487,0.8259994778932503
GroupKFold,BTCUSDT,7,14,all_available_test,Persistence,2,21,11.883788587242666,0.2096519010932256,0.3137889951199922,0.09846353345841449,0.8417116038836718
GroupKFold,BTCUSDT,7,14,all_available_test,Persistence,3,21,21.404653062002392,0.2821793284280866,0.3924045606463666,0.153981339216068,0.7687424987154786
GroupKFold,BTCUSDT,7,14,all_available_test,Persistence,4,21,22.296216505731188,0.26872143482918837,0.359422465828526,0.12918450894225794,0.7390423398584969
GroupKFold,BTCUSDT,7,14,all_available_test,Persistence,5,21,28.547197934156365,0.32815968831158654,0.4808659721601427,0.23123208318151914,0.5530647816767427
GroupKFold,BTCUSDT,7,14,all_available_test,Persistence,6,21,34.055760129294434,0.40257968988140547,0.5746690135057274,0.33024447508364585,0.31061631485701235
GroupKFold,BTCUSDT,7,14,all_available_test,Persistence,7,21,46.253071603636585,0.5517978772896578,0.7771929683444033,0.6040289100439846,-0.8050379801294278
GroupKFold,BTCUSDT,7,21,all_available_test,SVR,1,21,1553.39664589681,21.110402038549513,25.706371122353694,660.8175162801799,-1184.4312278211366
GroupKFold,BTCUSDT,7,21,all_available_test,SVR,2,21,1329.0827848270878,19.395485100890145,23.249356347109547,540.5325705548829,-867.951485251179
GroupKFold,BTCUSDT,7,21,all_available_test,SVR,3,21,1189.1975166632337,17.480392297430623,19.94579234932049,397.8346324422119,-596.4895626406621
GroupKFold,BTCUSDT,7,21,all_available_test,SVR,4,21,1235.5297106171233,17.56433111249591,18.342861551124503,336.4605698837216,-678.6632488340985
GroupKFold,BTCUSDT,7,21,all_available_test,SVR,5,21,1170.3782411473042,15.671483810430047,16.304580312809783,265.8393391768643,-512.8255966005078
GroupKFold,BTCUSDT,7,21,all_available_test,SVR,6,21,972.9687517793731,13.076325766640114,13.966035324184414,195.05014267636685,-406.166194413522
GroupKFold,BTCUSDT,7,21,all_available_test,SVR,7,21,1294.4123037311806,15.962510249410851,17.44896076506469,304.4662317807669,-908.8457091915593
GroupKFold,BTCUSDT,7,21,all_available_test,Persistence,1,21,12.967995960946675,0.1963512475221888,0.3114424929374681,0.09699642640710487,0.8259994778932503
GroupKFold,BTCUSDT,7,21,all_available_test,Persistence,2,21,11.883788587242666,0.2096519010932256,0.3137889951199922,0.09846353345841449,0.8417116038836718
GroupKFold,BTCUSDT,7,21,all_available_test,Persistence,3,21,21.404653062002392,0.2821793284280866,0.3924045606463666,0.153981339216068,0.7687424987154786
GroupKFold,BTCUSDT,7,21,all_available_test,Persistence,4,21,22.296216505731188,0.26872143482918837,0.359422465828526,0.12918450894225794,0.7390423398584969
GroupKFold,BTCUSDT,7,21,all_available_test,Persistence,5,21,28.547197934156365,0.32815968831158654,0.4808659721601427,0.23123208318151914,0.5530647816767427
GroupKFold,BTCUSDT,7,21,all_available_test,Persistence,6,21,34.055760129294434,0.40257968988140547,0.5746690135057274,0.33024447508364585,0.31061631485701235
GroupKFold,BTCUSDT,7,21,all_available_test,Persistence,7,21,46.253071603636585,0.5517978772896578,0.7771929683444033,0.6040289100439846,-0.8050379801294278
GroupKFold,BTCUSDT,7,28,all_available_test,SVR,1,21,1414.2968431120719,19.445408020385486,22.385375707793926,501.1050455790904,-897.9252778770577
GroupKFold,BTCUSDT,7,28,all_available_test,SVR,2,21,1225.7633633298672,18.320350765127426,21.05245123076462,443.20570282372285,-711.4903747152885
GroupKFold,BTCUSDT,7,28,all_available_test,SVR,3,21,1317.884560542561,19.278567375930603,20.762900946818025,431.09805572737685,-646.4463703438511
GroupKFold,BTCUSDT,7,28,all_available_test,SVR,4,21,1284.8615410651678,18.165635581145427,18.675407505496917,348.7708454963706,-703.530477466053
GroupKFold,BTCUSDT,7,28,all_available_test,SVR,5,21,1207.342207398555,15.896801959582543,16.538314660740976,273.51585181767996,-527.6630871678998
GroupKFold,BTCUSDT,7,28,all_available_test,SVR,6,21,983.8870475608104,13.189849594168068,14.202598776364423,201.7138120023882,-420.07657070485396
GroupKFold,BTCUSDT,7,28,all_available_test,SVR,7,21,1358.7985107796217,16.734972614123805,18.42520169359318,339.488057449589,-1013.5024969951302
GroupKFold,BTCUSDT,7,28,all_available_test,Persistence,1,21,12.967995960946675,0.1963512475221888,0.3114424929374681,0.09699642640710487,0.8259994778932503
GroupKFold,BTCUSDT,7,28,all_available_test,Persistence,2,21,11.883788587242666,0.2096519010932256,0.3137889951199922,0.09846353345841449,0.8417116038836718
GroupKFold,BTCUSDT,7,28,all_available_test,Persistence,3,21,21.404653062002392,0.2821793284280866,0.3924045606463666,0.153981339216068,0.7687424987154786
GroupKFold,BTCUSDT,7,28,all_available_test,Persistence,4,21,22.296216505731188,0.26872143482918837,0.359422465828526,0.12918450894225794,0.7390423398584969
GroupKFold,BTCUSDT,7,28,all_available_test,Persistence,5,21,28.547197934156365,0.32815968831158654,0.4808659721601427,0.23123208318151914,0.5530647816767427
GroupKFold,BTCUSDT,7,28,all_available_test,Persistence,6,21,34.055760129294434,0.40257968988140547,0.5746690135057274,0.33024447508364585,0.31061631485701235
GroupKFold,BTCUSDT,7,28,all_available_test,Persistence,7,21,46.253071603636585,0.5517978772896578,0.7771929683444033,0.6040289100439846,-0.8050379801294278
GroupKFold,BTCUSDT,14,7,all_available_test,SVR,1,21,434.63021571990714,6.541736150338146,7.632573786266674,58.25618260280519,-242.69368367262865
GroupKFold,BTCUSDT,14,7,all_available_test,SVR,2,21,482.93308176793425,7.17435217172734,8.21706417685419,67.52014368654042,-234.9162596973
GroupKFold,BTCUSDT,14,7,all_available_test,SVR,3,21,430.78237719471076,6.370631674040135,7.249375533011148,52.55344561862066,-176.75692237715265
GroupKFold,BTCUSDT,14,7,all_available_test,SVR,4,21,336.50115531197906,4.971192292140242,6.218066986671357,38.664357050732214,-118.67121840138645
GroupKFold,BTCUSDT,14,7,all_available_test,SVR,5,21,171.9117185765088,2.5171063521179002,2.9968675386869856,8.98121504443579,-25.904160112505235
GroupKFold,BTCUSDT,14,7,all_available_test,SVR,6,21,295.1098825163121,4.374569728451101,5.333242825917509,28.44347904020058,-82.67732751992871
GroupKFold,BTCUSDT,14,7,all_available_test,SVR,7,21,422.01676542566037,6.344582337674133,7.5974639529143495,57.72145851583293,-174.686118317334
GroupKFold,BTCUSDT,14,7,all_available_test,Persistence,1,21,4.838159673862911,0.08081076205880608,0.18040866180243975,0.03254728525334708,0.8638501961069098
GroupKFold,BTCUSDT,14,7,all_available_test,Persistence,2,21,6.824743633455571,0.11615327646582119,0.2046337865691693,0.041874986605636336,0.8536882524904111
GroupKFold,BTCUSDT,14,7,all_available_test,Persistence,3,21,9.326479453947943,0.1540219690205264,0.24313514235634714,0.05911469744864119,0.8000502809657113
GroupKFold,BTCUSDT,14,7,all_available_test,Persistence,4,21,11.35083531176947,0.19058432743800222,0.28156351881443986,0.07927801512716942,0.7546242227624926
GroupKFold,BTCUSDT,14,7,all_available_test,Persistence,5,21,15.634103770020394,0.2371258247004533,0.34602985044581214,0.11973665739955111,0.6413164381350052
GroupKFold,BTCUSDT,14,7,all_available_test,Persistence,6,21,20.36048076266026,0.2932132002505128,0.4065686465067492,0.16529806432233,0.5137127829137631
GroupKFold,BTCUSDT,14,7,all_available_test,Persistence,7,21,23.979622038619848,0.3315612753684644,0.4487703446068521,0.20139482219855281,0.3870169695804191
GroupKFold,BTCUSDT,14,14,all_available_test,SVR,1,21,479.6422198038167,7.2663070834662395,8.480911727683475,71.9258637327591,-299.87585387937133
GroupKFold,BTCUSDT,14,14,all_available_test,SVR,2,21,544.7998074113918,8.209624521836389,9.554730566971083,91.29287620741154,-317.9784961336579
GroupKFold,BTCUSDT,14,14,all_available_test,SVR,3,21,505.651695933583,7.690925048692313,8.20538750639716,67.3283841301386,-226.73171598399725
GroupKFold,BTCUSDT,14,14,all_available_test,SVR,4,21,394.5866424303111,5.938073988506042,6.442267010909182,41.50280423984873,-127.4565819610045
GroupKFold,BTCUSDT,14,14,all_available_test,SVR,5,21,293.0545490544821,4.3307702219936095,4.9096169541610255,24.10433863658539,-71.20704357663882
GroupKFold,BTCUSDT,14,14,all_available_test,SVR,6,21,406.0519470025832,6.153193326096709,7.29880312464948,53.27252705239301,-155.721429459352
GroupKFold,BTCUSDT,14,14,all_available_test,SVR,7,21,533.7229849341725,8.192697065530016,9.081477153249562,82.47322728499377,-250.02278319646703
GroupKFold,BTCUSDT,14,14,all_available_test,Persistence,1,21,4.838159673862911,0.08081076205880608,0.18040866180243975,0.03254728525334708,0.8638501961069098
GroupKFold,BTCUSDT,14,14,all_available_test,Persistence,2,21,6.824743633455571,0.11615327646582119,0.2046337865691693,0.041874986605636336,0.8536882524904111
GroupKFold,BTCUSDT,14,14,all_available_test,Persistence,3,21,9.326479453947943,0.1540219690205264,0.24313514235634714,0.05911469744864119,0.8000502809657113
GroupKFold,BTCUSDT,14,14,all_available_test,Persistence,4,21,11.35083531176947,0.19058432743800222,0.28156351881443986,0.07927801512716942,0.7546242227624926
GroupKFold,BTCUSDT,14,14,all_available_test,Persistence,5,21,15.634103770020394,0.2371258247004533,0.34602985044581214,0.11973665739955111,0.6413164381350052
GroupKFold,BTCUSDT,14,14,all_available_test,Persistence,6,21,20.36048076266026,0.2932132002505128,0.4065686465067492,0.16529806432233,0.5137127829137631
GroupKFold,BTCUSDT,14,14,all_available_test,Persistence,7,21,23.979622038619848,0.3315612753684644,0.4487703446068521,0.20139482219855281,0.3870169695804191
GroupKFold,BTCUSDT,14,21,all_available_test,SVR,1,21,728.8954180032848,11.341140298156514,12.772908202168614,163.14718394102624,-681.4672757306648
GroupKFold,BTCUSDT,14,21,all_available_test,SVR,2,21,625.3879008240227,9.760998576398041,10.798513150149978,116.607886253962,-406.4294702919412
GroupKFold,BTCUSDT,14,21,all_available_test,SVR,3,21,656.3658113317751,10.204950938351868,10.591462728249805,112.17908272390481,-378.43484514415945
GroupKFold,BTCUSDT,14,21,all_available_test,SVR,4,21,688.3128562373224,10.541891252893132,11.002169511057522,121.04773395004369,-373.65849457993954
GroupKFold,BTCUSDT,14,21,all_available_test,SVR,5,21,467.75223365424444,7.093944559862805,7.6974207538460355,59.250286261739674,-176.49037078064475
GroupKFold,BTCUSDT,14,21,all_available_test,SVR,6,21,447.1159089639127,6.97308906796402,7.489525588811966,56.09299354546922,-164.01890594479036
GroupKFold,BTCUSDT,14,21,all_available_test,SVR,7,21,643.8426531799591,10.075302789432984,12.939729574995212,167.43660147400578,-508.62479697469234
GroupKFold,BTCUSDT,14,21,all_available_test,Persistence,1,21,4.838159673862911,0.08081076205880608,0.18040866180243975,0.03254728525334708,0.8638501961069098
GroupKFold,BTCUSDT,14,21,all_available_test,Persistence,2,21,6.824743633455571,0.11615327646582119,0.2046337865691693,0.041874986605636336,0.8536882524904111
GroupKFold,BTCUSDT,14,21,all_available_test,Persistence,3,21,9.326479453947943,0.1540219690205264,0.24313514235634714,0.05911469744864119,0.8000502809657113
GroupKFold,BTCUSDT,14,21,all_available_test,Persistence,4,21,11.35083531176947,0.19058432743800222,0.28156351881443986,0.07927801512716942,0.7546242227624926
GroupKFold,BTCUSDT,14,21,all_available_test,Persistence,5,21,15.634103770020394,0.2371258247004533,0.34602985044581214,0.11973665739955111,0.6413164381350052
GroupKFold,BTCUSDT,14,21,all_available_test,Persistence,6,21,20.36048076266026,0.2932132002505128,0.4065686465067492,0.16529806432233,0.5137127829137631
GroupKFold,BTCUSDT,14,21,all_available_test,Persistence,7,21,23.979622038619848,0.3315612753684644,0.4487703446068521,0.20139482219855281,0.3870169695804191
GroupKFold,BTCUSDT,14,28,all_available_test,SVR,1,21,738.8294107587119,11.444927808811402,12.297189560328732,151.22087108265796,-631.5778565611353
GroupKFold,BTCUSDT,14,28,all_available_test,SVR,2,21,614.2418915828594,9.577996199817258,10.379252630010544,107.72888515758079,-375.4061250480234
GroupKFold,BTCUSDT,14,28,all_available_test,SVR,3,21,619.8829584134334,9.64767821372043,10.548580313585662,111.27254663216696,-375.36857491593224
GroupKFold,BTCUSDT,14,28,all_available_test,SVR,4,21,643.2321758860741,9.881085097494033,10.601962901081846,112.40161735591577,-346.89763816890195
GroupKFold,BTCUSDT,14,28,all_available_test,SVR,5,21,486.123743759676,7.432707487323613,8.370953370273442,70.07286032729229,-208.9105126042688
GroupKFold,BTCUSDT,14,28,all_available_test,SVR,6,21,450.30003730894435,7.19730042039041,8.24243895141223,67.93779986775755,-198.864915346081
GroupKFold,BTCUSDT,14,28,all_available_test,SVR,7,21,670.1642461849286,10.599137960357458,13.527263399914432,182.98685509066456,-555.9549193764243
GroupKFold,BTCUSDT,14,28,all_available_test,Persistence,1,21,4.838159673862911,0.08081076205880608,0.18040866180243975,0.03254728525334708,0.8638501961069098
GroupKFold,BTCUSDT,14,28,all_available_test,Persistence,2,21,6.824743633455571,0.11615327646582119,0.2046337865691693,0.041874986605636336,0.8536882524904111
GroupKFold,BTCUSDT,14,28,all_available_test,Persistence,3,21,9.326479453947943,0.1540219690205264,0.24313514235634714,0.05911469744864119,0.8000502809657113
GroupKFold,BTCUSDT,14,28,all_available_test,Persistence,4,21,11.35083531176947,0.19058432743800222,0.28156351881443986,0.07927801512716942,0.7546242227624926
GroupKFold,BTCUSDT,14,28,all_available_test,Persistence,5,21,15.634103770020394,0.2371258247004533,0.34602985044581214,0.11973665739955111,0.6413164381350052
GroupKFold,BTCUSDT,14,28,all_available_test,Persistence,6,21,20.36048076266026,0.2932132002505128,0.4065686465067492,0.16529806432233,0.5137127829137631
GroupKFold,BTCUSDT,14,28,all_available_test,Persistence,7,21,23.979622038619848,0.3315612753684644,0.4487703446068521,0.20139482219855281,0.3870169695804191
GroupKFold,BTCUSDT,21,7,all_available_test,SVR,1,21,454.93908166970425,7.1555238895785465,8.795299803168838,77.3572986276218,-296.5810613890949
GroupKFold,BTCUSDT,21,7,all_available_test,SVR,2,21,485.3256357451689,7.5427422500240535,9.415803638305958,88.6573581551357,-322.8684901015164
GroupKFold,BTCUSDT,21,7,all_available_test,SVR,3,21,473.6844272882191,7.351171824463433,9.323053875284753,86.91933356146204,-347.8771300880164
GroupKFold,BTCUSDT,21,7,all_available_test,SVR,4,21,468.95855626373043,7.149737387530154,8.733198410614728,76.26875447916362,-334.71635616832805
GroupKFold,BTCUSDT,21,7,all_available_test,SVR,5,21,422.89393535222285,6.384184483895392,7.5019496027789,56.279247842634504,-296.6569829798181
GroupKFold,BTCUSDT,21,7,all_available_test,SVR,6,21,407.32560251139904,6.2801169445113105,7.188618596697164,51.676237328780296,-293.3599178088892
GroupKFold,BTCUSDT,21,7,all_available_test,SVR,7,21,417.7216297728021,6.550405187818267,7.613035605012545,57.95831112318873,-327.89212218345915
GroupKFold,BTCUSDT,21,7,all_available_test,Persistence,1,21,2.8379492877159174,0.05183983160357716,0.09956043263634268,0.009912279746735728,0.9618690572169747
GroupKFold,BTCUSDT,21,7,all_available_test,Persistence,2,21,4.756138104120875,0.0889048314488097,0.16290128721649944,0.02653682937679244,0.9030600162108995
GroupKFold,BTCUSDT,21,7,all_available_test,Persistence,3,21,8.846804964080503,0.1571648758766358,0.23909530956617897,0.057166567056546956,0.770544629894459
GroupKFold,BTCUSDT,21,7,all_available_test,Persistence,4,21,12.552904268625465,0.21285364772325593,0.3143419820443625,0.09881088167557829,0.565058727227969
GroupKFold,BTCUSDT,21,7,all_available_test,Persistence,5,21,15.442118050221517,0.2609072449497292,0.3625538141108178,0.13144526812630142,0.3047952231549119
GroupKFold,BTCUSDT,21,7,all_available_test,Persistence,6,21,15.544643604829668,0.2587689067111888,0.34898921871974314,0.12179347478261672,0.30623592041784864
GroupKFold,BTCUSDT,21,7,all_available_test,Persistence,7,21,15.297384280366781,0.25272091966970955,0.33612595871092416,0.11298066011933788,0.35887626205397993
GroupKFold,BTCUSDT,21,14,all_available_test,SVR,1,21,501.5161926404957,8.100709797218139,9.679028449446118,93.68359172518731,-359.3856798894133
GroupKFold,BTCUSDT,21,14,all_available_test,SVR,2,21,541.7184298051229,8.574848541332978,10.30001617420261,106.09033318883537,-386.55176940995455
GroupKFold,BTCUSDT,21,14,all_available_test,SVR,3,21,519.5530523171338,8.01341920079199,10.016653848976702,100.33335433021979,-401.71837434279496
GroupKFold,BTCUSDT,21,14,all_available_test,SVR,4,21,496.4143961884397,7.575747025507938,9.082069156867572,82.48398017012524,-362.0742556906476
GroupKFold,BTCUSDT,21,14,all_available_test,SVR,5,21,493.2671939317704,7.569704889422944,8.56245389438029,73.31561669338821,-386.7611394395132
GroupKFold,BTCUSDT,21,14,all_available_test,SVR,6,21,500.2263659041662,7.857229140725071,8.924566394226305,79.64788532495352,-452.69295811418783
GroupKFold,BTCUSDT,21,14,all_available_test,SVR,7,21,479.92690111064803,7.692148596359847,8.605984209916809,74.06296422133744,-419.2801117889634
GroupKFold,BTCUSDT,21,14,all_available_test,Persistence,1,21,2.8379492877159174,0.05183983160357716,0.09956043263634268,0.009912279746735728,0.9618690572169747
GroupKFold,BTCUSDT,21,14,all_available_test,Persistence,2,21,4.756138104120875,0.0889048314488097,0.16290128721649944,0.02653682937679244,0.9030600162108995
GroupKFold,BTCUSDT,21,14,all_available_test,Persistence,3,21,8.846804964080503,0.1571648758766358,0.23909530956617897,0.057166567056546956,0.770544629894459
GroupKFold,BTCUSDT,21,14,all_available_test,Persistence,4,21,12.552904268625465,0.21285364772325593,0.3143419820443625,0.09881088167557829,0.565058727227969
GroupKFold,BTCUSDT,21,14,all_available_test,Persistence,5,21,15.442118050221517,0.2609072449497292,0.3625538141108178,0.13144526812630142,0.3047952231549119
GroupKFold,BTCUSDT,21,14,all_available_test,Persistence,6,21,15.544643604829668,0.2587689067111888,0.34898921871974314,0.12179347478261672,0.30623592041784864
GroupKFold,BTCUSDT,21,14,all_available_test,Persistence,7,21,15.297384280366781,0.25272091966970955,0.33612595871092416,0.11298066011933788,0.35887626205397993
GroupKFold,BTCUSDT,21,21,all_available_test,SVR,1,21,402.20842350738593,6.411508301488398,8.065096844277381,65.04578710757298,-249.22066061972237
GroupKFold,BTCUSDT,21,21,all_available_test,SVR,2,21,292.7093651977724,4.646772717125529,5.664060348421536,32.081579630561095,-116.19515414434338
GroupKFold,BTCUSDT,21,21,all_available_test,SVR,3,21,276.64170617613655,4.325405095690216,4.777021884331981,22.819938083386678,-90.5947486146862
GroupKFold,BTCUSDT,21,21,all_available_test,SVR,4,21,280.92897524975916,4.296600571150251,4.90241760018249,24.03369832657905,-104.79044698641634
GroupKFold,BTCUSDT,21,21,all_available_test,SVR,5,21,289.1041124988119,4.538001968723004,5.6140445067852465,31.517495724165606,-165.69381784501292
GroupKFold,BTCUSDT,21,21,all_available_test,SVR,6,21,295.7541678720457,4.896004210489973,6.689478832432584,44.7491270495636,-253.90147969796053
GroupKFold,BTCUSDT,21,21,all_available_test,SVR,7,21,367.3996512047898,5.994947120540045,7.479477999454983,55.94259114433112,-316.45365186355997
GroupKFold,BTCUSDT,21,21,all_available_test,Persistence,1,21,2.8379492877159174,0.05183983160357716,0.09956043263634268,0.009912279746735728,0.9618690572169747
GroupKFold,BTCUSDT,21,21,all_available_test,Persistence,2,21,4.756138104120875,0.0889048314488097,0.16290128721649944,0.02653682937679244,0.9030600162108995
GroupKFold,BTCUSDT,21,21,all_available_test,Persistence,3,21,8.846804964080503,0.1571648758766358,0.23909530956617897,0.057166567056546956,0.770544629894459
GroupKFold,BTCUSDT,21,21,all_available_test,Persistence,4,21,12.552904268625465,0.21285364772325593,0.3143419820443625,0.09881088167557829,0.565058727227969
GroupKFold,BTCUSDT,21,21,all_available_test,Persistence,5,21,15.442118050221517,0.2609072449497292,0.3625538141108178,0.13144526812630142,0.3047952231549119
GroupKFold,BTCUSDT,21,21,all_available_test,Persistence,6,21,15.544643604829668,0.2587689067111888,0.34898921871974314,0.12179347478261672,0.30623592041784864
GroupKFold,BTCUSDT,21,21,all_available_test,Persistence,7,21,15.297384280366781,0.25272091966970955,0.33612595871092416,0.11298066011933788,0.35887626205397993
GroupKFold,BTCUSDT,21,28,all_available_test,SVR,1,21,397.2308181039284,6.110319271063451,7.02004148634063,49.28098246994356,-188.57599773871564
GroupKFold,BTCUSDT,21,28,all_available_test,SVR,2,21,324.6784622393153,5.087577507096073,5.8474845615985425,34.1930756981333,-123.90852455702
GroupKFold,BTCUSDT,21,28,all_available_test,SVR,3,21,279.42642775154064,4.384330860065279,5.022715377984421,25.227669768241192,-100.25891061197127
GroupKFold,BTCUSDT,21,28,all_available_test,SVR,4,21,286.09511518442775,4.446324175124643,5.497184881524412,30.219041621660566,-132.01681152921566
GroupKFold,BTCUSDT,21,28,all_available_test,SVR,5,21,286.7692450731493,4.579279242831023,6.145136645470663,37.762704391506425,-198.7242871788948
GroupKFold,BTCUSDT,21,28,all_available_test,SVR,6,21,307.37636278659915,5.18443466881307,7.555831467422375,57.09058916409016,-324.2013304893476
GroupKFold,BTCUSDT,21,28,all_available_test,SVR,7,21,378.7323863274111,6.275777173706489,8.160273120902776,66.59005740772832,-376.8741111105931
GroupKFold,BTCUSDT,21,28,all_available_test,Persistence,1,21,2.8379492877159174,0.05183983160357716,0.09956043263634268,0.009912279746735728,0.9618690572169747
GroupKFold,BTCUSDT,21,28,all_available_test,Persistence,2,21,4.756138104120875,0.0889048314488097,0.16290128721649944,0.02653682937679244,0.9030600162108995
GroupKFold,BTCUSDT,21,28,all_available_test,Persistence,3,21,8.846804964080503,0.1571648758766358,0.23909530956617897,0.057166567056546956,0.770544629894459
GroupKFold,BTCUSDT,21,28,all_available_test,Persistence,4,21,12.552904268625465,0.21285364772325593,0.3143419820443625,0.09881088167557829,0.565058727227969
GroupKFold,BTCUSDT,21,28,all_available_test,Persistence,5,21,15.442118050221517,0.2609072449497292,0.3625538141108178,0.13144526812630142,0.3047952231549119
GroupKFold,BTCUSDT,21,28,all_available_test,Persistence,6,21,15.544643604829668,0.2587689067111888,0.34898921871974314,0.12179347478261672,0.30623592041784864
GroupKFold,BTCUSDT,21,28,all_available_test,Persistence,7,21,15.297384280366781,0.25272091966970955,0.33612595871092416,0.11298066011933788,0.35887626205397993
GroupKFold,BTCUSDT,28,7,all_available_test,SVR,1,21,385.2693982049802,6.781637221501119,7.764970696200377,60.294769912850576,-367.65318732144664
GroupKFold,BTCUSDT,28,7,all_available_test,SVR,2,21,385.90739601846593,6.7035409549693314,7.928418250674209,62.85981595762389,-383.92097069167056
GroupKFold,BTCUSDT,28,7,all_available_test,SVR,3,21,367.23207167423647,6.259134677577859,7.954414459744507,63.272709397392504,-368.4386980012447
GroupKFold,BTCUSDT,28,7,all_available_test,SVR,4,21,404.2575768231068,6.793910489864571,8.188669345311316,67.05430564684127,-357.7533351381745
GroupKFold,BTCUSDT,28,7,all_available_test,SVR,5,21,405.8130654564396,6.604505881362216,7.964608542254518,63.43498923135363,-310.8454532965777
GroupKFold,BTCUSDT,28,7,all_available_test,SVR,6,21,415.4267716080817,6.747763599528632,8.451336992537259,71.42509696142872,-325.0130761473723
GroupKFold,BTCUSDT,28,7,all_available_test,SVR,7,21,448.23374869636496,7.29995299203106,9.002446697426755,81.04404654000989,-371.90963023044327
GroupKFold,BTCUSDT,28,7,all_available_test,Persistence,1,21,2.3259209787843513,0.04500916685901745,0.06261300042570045,0.0039203878223087645,0.9760300359663154
GroupKFold,BTCUSDT,28,7,all_available_test,Persistence,2,21,3.064145395130601,0.060616905060079385,0.07833842102899895,0.0061369082093167045,0.9624207511748312
GroupKFold,BTCUSDT,28,7,all_available_test,Persistence,3,21,6.397034201686649,0.11090678630644629,0.13268227816917388,0.017604586940162037,0.897209780646896
GroupKFold,BTCUSDT,28,7,all_available_test,Persistence,4,21,7.894231078970237,0.12933378798590162,0.15409630972599422,0.023745672671169542,0.8729561184221617
GroupKFold,BTCUSDT,28,7,all_available_test,Persistence,5,21,9.548014266157338,0.14994876629925796,0.18375749589452237,0.0337668172974254,0.8340028338604378
GroupKFold,BTCUSDT,28,7,all_available_test,Persistence,6,21,11.470652395709852,0.17891830820818488,0.2155970749313473,0.04648209871895299,0.7878368719984363
GroupKFold,BTCUSDT,28,7,all_available_test,Persistence,7,21,12.93450014029464,0.19726246278195575,0.2580977344290908,0.06661444051742949,0.6934856113200261
GroupKFold,BTCUSDT,28,14,all_available_test,SVR,1,21,425.47632037740794,7.566008111518879,8.595989887602546,73.89104214776523,-450.7832681283909
GroupKFold,BTCUSDT,28,14,all_available_test,SVR,2,21,436.29609686395054,7.6306906180044125,8.807038292420923,77.56392348416846,-473.96131293651257
GroupKFold,BTCUSDT,28,14,all_available_test,SVR,3,21,431.33947345928345,7.342764165939703,8.70940949687874,75.85381378432159,-441.8976484459426
GroupKFold,BTCUSDT,28,14,all_available_test,SVR,4,21,426.3525576596099,7.155165558416839,8.374610180132855,70.13409566918486,-374.23079965566865
GroupKFold,BTCUSDT,28,14,all_available_test,SVR,5,21,424.15901468785825,6.9282210557559765,8.40644535800856,70.66832355718367,-346.40441608693095
GroupKFold,BTCUSDT,28,14,all_available_test,SVR,6,21,446.21046955140145,7.200448453612343,9.239494320472096,85.36825529803612,-388.65529903412624
GroupKFold,BTCUSDT,28,14,all_available_test,SVR,7,21,447.3514480282195,7.3034509475923475,9.122701781299789,83.22368779053033,-381.93885813141355
GroupKFold,BTCUSDT,28,14,all_available_test,Persistence,1,21,2.3259209787843513,0.04500916685901745,0.06261300042570045,0.0039203878223087645,0.9760300359663154
GroupKFold,BTCUSDT,28,14,all_available_test,Persistence,2,21,3.064145395130601,0.060616905060079385,0.07833842102899895,0.0061369082093167045,0.9624207511748312
GroupKFold,BTCUSDT,28,14,all_available_test,Persistence,3,21,6.397034201686649,0.11090678630644629,0.13268227816917388,0.017604586940162037,0.897209780646896
GroupKFold,BTCUSDT,28,14,all_available_test,Persistence,4,21,7.894231078970237,0.12933378798590162,0.15409630972599422,0.023745672671169542,0.8729561184221617
GroupKFold,BTCUSDT,28,14,all_available_test,Persistence,5,21,9.548014266157338,0.14994876629925796,0.18375749589452237,0.0337668172974254,0.8340028338604378
GroupKFold,BTCUSDT,28,14,all_available_test,Persistence,6,21,11.470652395709852,0.17891830820818488,0.2155970749313473,0.04648209871895299,0.7878368719984363
GroupKFold,BTCUSDT,28,14,all_available_test,Persistence,7,21,12.93450014029464,0.19726246278195575,0.2580977344290908,0.06661444051742949,0.6934856113200261
GroupKFold,BTCUSDT,28,21,all_available_test,SVR,1,21,441.5927917665428,7.861603851846158,9.29461756759085,86.38991572776844,-527.2036540069006
GroupKFold,BTCUSDT,28,21,all_available_test,SVR,2,21,284.7209577706597,4.988864704196359,5.934861337380711,35.22257909393635,-214.68483980675362
GroupKFold,BTCUSDT,28,21,all_available_test,SVR,3,21,244.27765881528953,4.191010568869733,4.956950399567102,24.57135726376845,-142.4680183937901
GroupKFold,BTCUSDT,28,21,all_available_test,SVR,4,21,248.61032296087663,4.170472440867633,5.149193014898493,26.514188704679423,-140.85597083629995
GroupKFold,BTCUSDT,28,21,all_available_test,SVR,5,21,233.54388065372453,3.8961905125376175,4.690243856655262,21.99838743489242,-107.14374187734657
GroupKFold,BTCUSDT,28,21,all_available_test,SVR,6,21,196.78728135758624,3.2141194469394785,3.762897786533854,14.159399751901379,-63.62923630345985
GroupKFold,BTCUSDT,28,21,all_available_test,SVR,7,21,247.84128568000366,3.994020495784585,4.655658580519683,21.675156818366546,-98.73434273587979
GroupKFold,BTCUSDT,28,21,all_available_test,Persistence,1,21,2.3259209787843513,0.04500916685901745,0.06261300042570045,0.0039203878223087645,0.9760300359663154
GroupKFold,BTCUSDT,28,21,all_available_test,Persistence,2,21,3.064145395130601,0.060616905060079385,0.07833842102899895,0.0061369082093167045,0.9624207511748312
GroupKFold,BTCUSDT,28,21,all_available_test,Persistence,3,21,6.397034201686649,0.11090678630644629,0.13268227816917388,0.017604586940162037,0.897209780646896
GroupKFold,BTCUSDT,28,21,all_available_test,Persistence,4,21,7.894231078970237,0.12933378798590162,0.15409630972599422,0.023745672671169542,0.8729561184221617
GroupKFold,BTCUSDT,28,21,all_available_test,Persistence,5,21,9.548014266157338,0.14994876629925796,0.18375749589452237,0.0337668172974254,0.8340028338604378
GroupKFold,BTCUSDT,28,21,all_available_test,Persistence,6,21,11.470652395709852,0.17891830820818488,0.2155970749313473,0.04648209871895299,0.7878368719984363
GroupKFold,BTCUSDT,28,21,all_available_test,Persistence,7,21,12.93450014029464,0.19726246278195575,0.2580977344290908,0.06661444051742949,0.6934856113200261
GroupKFold,BTCUSDT,28,28,all_available_test,SVR,1,21,411.2044046832293,7.1718637022824145,7.959380681509419,63.351740833185346,-386.3440634116828
GroupKFold,BTCUSDT,28,28,all_available_test,SVR,2,21,314.36134119565975,5.449608192965404,6.3903939075792024,40.83713429402539,-249.06546922312285
GroupKFold,BTCUSDT,28,28,all_available_test,SVR,3,21,266.9398053395278,4.595239268619766,5.786150663793542,33.47953950411845,-194.48139477321757
GroupKFold,BTCUSDT,28,28,all_available_test,SVR,4,21,256.1004267288058,4.32619539407847,5.589129691219415,31.238370705270434,-166.13124633371456
GroupKFold,BTCUSDT,28,28,all_available_test,SVR,5,21,238.38707558925785,4.005731629540595,5.048041897657813,25.482727000508696,-124.27270279378908
GroupKFold,BTCUSDT,28,28,all_available_test,SVR,6,21,214.82854626871836,3.5910589362225833,4.2970930433988315,18.46500862362663,-83.28177935449119
GroupKFold,BTCUSDT,28,28,all_available_test,SVR,7,21,257.4291593262644,4.309599934773287,5.1159581284068265,26.17302757161188,-119.43048749944354
GroupKFold,BTCUSDT,28,28,all_available_test,Persistence,1,21,2.3259209787843513,0.04500916685901745,0.06261300042570045,0.0039203878223087645,0.9760300359663154
GroupKFold,BTCUSDT,28,28,all_available_test,Persistence,2,21,3.064145395130601,0.060616905060079385,0.07833842102899895,0.0061369082093167045,0.9624207511748312
GroupKFold,BTCUSDT,28,28,all_available_test,Persistence,3,21,6.397034201686649,0.11090678630644629,0.13268227816917388,0.017604586940162037,0.897209780646896
GroupKFold,BTCUSDT,28,28,all_available_test,Persistence,4,21,7.894231078970237,0.12933378798590162,0.15409630972599422,0.023745672671169542,0.8729561184221617
GroupKFold,BTCUSDT,28,28,all_available_test,Persistence,5,21,9.548014266157338,0.14994876629925796,0.18375749589452237,0.0337668172974254,0.8340028338604378
GroupKFold,BTCUSDT,28,28,all_available_test,Persistence,6,21,11.470652395709852,0.17891830820818488,0.2155970749313473,0.04648209871895299,0.7878368719984363
GroupKFold,BTCUSDT,28,28,all_available_test,Persistence,7,21,12.93450014029464,0.19726246278195575,0.2580977344290908,0.06661444051742949,0.6934856113200261
GroupKFold,ETHUSDT,7,7,all_available_test,SVR,1,21,124.77963143203226,4.115073613610827,5.051985838938401,25.522560916834138,-5.563830652260413
GroupKFold,ETHUSDT,7,7,all_available_test,SVR,2,21,114.69863117500604,4.194022857175134,4.918984908167868,24.196412526783245,-5.377255352405487
GroupKFold,ETHUSDT,7,7,all_available_test,SVR,3,21,127.69324405848032,4.3569420174730285,5.020785510249533,25.20828713993167,-5.029327040529151
GroupKFold,ETHUSDT,7,7,all_available_test,SVR,4,21,123.684775923558,4.042213316241105,4.6825700452644865,21.92646222880826,-4.338775228370915
GroupKFold,ETHUSDT,7,7,all_available_test,SVR,5,21,112.72634503088297,3.80839874898442,4.50179538517745,20.266161690004985,-4.61172149309576
GroupKFold,ETHUSDT,7,7,all_available_test,SVR,6,21,103.46449844179799,3.4311596408033362,4.0302230538979735,16.242697864170708,-4.6205035617612
GroupKFold,ETHUSDT,7,7,all_available_test,SVR,7,21,106.46032423692519,3.129762480768542,3.6090350429503486,13.025133941243624,-5.576021893196776
GroupKFold,ETHUSDT,7,7,all_available_test,Persistence,1,21,14.257460161844213,0.5714508659694613,1.3634386718367513,1.8589650118599643,0.521915862358548
GroupKFold,ETHUSDT,7,7,all_available_test,Persistence,2,21,13.515243517883201,0.6077820124394696,1.371682486599145,1.8815128440428135,0.5041046749384845
GroupKFold,ETHUSDT,7,7,all_available_test,Persistence,3,21,22.455068687618176,0.7348332237979538,1.474351925196287,2.173713599329998,0.48009041193261215
GroupKFold,ETHUSDT,7,7,all_available_test,Persistence,4,21,29.193480072501604,0.9047119499147808,1.5792483335184542,2.494025298920815,0.39274104751313965
GroupKFold,ETHUSDT,7,7,all_available_test,Persistence,5,21,33.76755518954588,1.0474055119439507,1.6892977666394389,2.8537269443729962,0.20980000682307332
GroupKFold,ETHUSDT,7,7,all_available_test,Persistence,6,21,35.70462371753261,1.1419972064270099,1.7347050167719797,3.009201495213875,-0.04128192639814521
GroupKFold,ETHUSDT,7,7,all_available_test,Persistence,7,21,47.75312946059912,1.5194459452361593,2.0893871356799685,4.365538602744944,-1.2040370223252705
GroupKFold,ETHUSDT,7,14,all_available_test,SVR,1,21,301.55670165550265,8.735720579264783,9.848945822944966,97.00173382330509,-23.946671921619743
GroupKFold,ETHUSDT,7,14,all_available_test,SVR,2,21,242.9938115352963,7.706504434813157,8.793644469245379,77.32818305148984,-19.380772096319717
GroupKFold,ETHUSDT,7,14,all_available_test,SVR,3,21,249.3728476095004,7.500240145081908,8.382171215089095,70.26079427906818,-15.805001644272366
GroupKFold,ETHUSDT,7,14,all_available_test,SVR,4,21,279.29512112625116,7.651140650148612,8.350120973630377,69.72452027426192,-15.976908439027614
GroupKFold,ETHUSDT,7,14,all_available_test,SVR,5,21,283.48760628651246,7.4964882479801975,8.17898947899843,66.895868897567,-17.523536475924587
GroupKFold,ETHUSDT,7,14,all_available_test,SVR,6,21,237.97159378592636,6.2097739911209615,6.931728081177801,48.04885419138888,-15.626471684667635
GroupKFold,ETHUSDT,7,14,all_available_test,SVR,7,21,201.62828463537858,5.140129065431661,6.109619726752601,37.32745320552453,-17.84557583853688
GroupKFold,ETHUSDT,7,14,all_available_test,Persistence,1,21,14.257460161844213,0.5714508659694613,1.3634386718367513,1.8589650118599643,0.521915862358548
GroupKFold,ETHUSDT,7,14,all_available_test,Persistence,2,21,13.515243517883201,0.6077820124394696,1.371682486599145,1.8815128440428135,0.5041046749384845
GroupKFold,ETHUSDT,7,14,all_available_test,Persistence,3,21,22.455068687618176,0.7348332237979538,1.474351925196287,2.173713599329998,0.48009041193261215
GroupKFold,ETHUSDT,7,14,all_available_test,Persistence,4,21,29.193480072501604,0.9047119499147808,1.5792483335184542,2.494025298920815,0.39274104751313965
GroupKFold,ETHUSDT,7,14,all_available_test,Persistence,5,21,33.76755518954588,1.0474055119439507,1.6892977666394389,2.8537269443729962,0.20980000682307332
GroupKFold,ETHUSDT,7,14,all_available_test,Persistence,6,21,35.70462371753261,1.1419972064270099,1.7347050167719797,3.009201495213875,-0.04128192639814521
GroupKFold,ETHUSDT,7,14,all_available_test,Persistence,7,21,47.75312946059912,1.5194459452361593,2.0893871356799685,4.365538602744944,-1.2040370223252705
GroupKFold,ETHUSDT,7,21,all_available_test,SVR,1,21,203.40490245949383,5.955760188830131,7.324532881576527,53.648781933295744,-12.79726432851557
GroupKFold,ETHUSDT,7,21,all_available_test,SVR,2,21,168.32895217635166,5.3180084266847425,6.5783854311864935,43.27515488124671,-10.405687218595967
GroupKFold,ETHUSDT,7,21,all_available_test,SVR,3,21,215.38935873627565,6.2760858623652105,6.652151778665524,44.251123286402894,-9.583999330198893
GroupKFold,ETHUSDT,7,21,all_available_test,SVR,4,21,232.16164512291877,6.270355658421916,6.708983110034195,45.0104543707241,-9.959392185777247
GroupKFold,ETHUSDT,7,21,all_available_test,SVR,5,21,229.2719213565444,5.921205388717198,6.552231361196726,42.9317358106499,-10.887842812551531
GroupKFold,ETHUSDT,7,21,all_available_test,SVR,6,21,178.9461757551226,4.593438703400722,5.269881222983353,27.771648104352526,-8.609896606573459
GroupKFold,ETHUSDT,7,21,all_available_test,SVR,7,21,157.23469552819196,3.8422748642950237,4.949435942682545,24.49691615071785,-11.367800411850922
GroupKFold,ETHUSDT,7,21,all_available_test,Persistence,1,21,14.257460161844213,0.5714508659694613,1.3634386718367513,1.8589650118599643,0.521915862358548
GroupKFold,ETHUSDT,7,21,all_available_test,Persistence,2,21,13.515243517883201,0.6077820124394696,1.371682486599145,1.8815128440428135,0.5041046749384845
GroupKFold,ETHUSDT,7,21,all_available_test,Persistence,3,21,22.455068687618176,0.7348332237979538,1.474351925196287,2.173713599329998,0.48009041193261215
GroupKFold,ETHUSDT,7,21,all_available_test,Persistence,4,21,29.193480072501604,0.9047119499147808,1.5792483335184542,2.494025298920815,0.39274104751313965
GroupKFold,ETHUSDT,7,21,all_available_test,Persistence,5,21,33.76755518954588,1.0474055119439507,1.6892977666394389,2.8537269443729962,0.20980000682307332
GroupKFold,ETHUSDT,7,21,all_available_test,Persistence,6,21,35.70462371753261,1.1419972064270099,1.7347050167719797,3.009201495213875,-0.04128192639814521
GroupKFold,ETHUSDT,7,21,all_available_test,Persistence,7,21,47.75312946059912,1.5194459452361593,2.0893871356799685,4.365538602744944,-1.2040370223252705
GroupKFold,ETHUSDT,7,28,all_available_test,SVR,1,21,165.22983060697663,5.101822617790689,6.307818586236727,39.7885753168735,-9.232729823848011
GroupKFold,ETHUSDT,7,28,all_available_test,SVR,2,21,181.512484074297,5.679854077091788,6.73093657968072,45.30550723968399,-10.940810986666166
GroupKFold,ETHUSDT,7,28,all_available_test,SVR,3,21,233.78373019078242,6.7880982850619755,7.446562959229927,55.45129990577516,-12.262861538290458
GroupKFold,ETHUSDT,7,28,all_available_test,SVR,4,21,246.12971141802007,6.616657665843517,7.26819375287736,52.82664042936548,-11.862520017105501
GroupKFold,ETHUSDT,7,28,all_available_test,SVR,5,21,228.6821386991979,5.8920006522191715,6.664022156695721,44.4091913049315,-11.296951793283759
GroupKFold,ETHUSDT,7,28,all_available_test,SVR,6,21,173.63614476029784,4.477861072557451,5.165801542708462,26.68550557864913,-8.234055845060414
GroupKFold,ETHUSDT,7,28,all_available_test,SVR,7,21,155.84562638491875,3.8512878754587856,4.999347253265978,24.993472958738078,-11.618497906056124
GroupKFold,ETHUSDT,7,28,all_available_test,Persistence,1,21,14.257460161844213,0.5714508659694613,1.3634386718367513,1.8589650118599643,0.521915862358548
GroupKFold,ETHUSDT,7,28,all_available_test,Persistence,2,21,13.515243517883201,0.6077820124394696,1.371682486599145,1.8815128440428135,0.5041046749384845
GroupKFold,ETHUSDT,7,28,all_available_test,Persistence,3,21,22.455068687618176,0.7348332237979538,1.474351925196287,2.173713599329998,0.48009041193261215
GroupKFold,ETHUSDT,7,28,all_available_test,Persistence,4,21,29.193480072501604,0.9047119499147808,1.5792483335184542,2.494025298920815,0.39274104751313965
GroupKFold,ETHUSDT,7,28,all_available_test,Persistence,5,21,33.76755518954588,1.0474055119439507,1.6892977666394389,2.8537269443729962,0.20980000682307332
GroupKFold,ETHUSDT,7,28,all_available_test,Persistence,6,21,35.70462371753261,1.1419972064270099,1.7347050167719797,3.009201495213875,-0.04128192639814521
GroupKFold,ETHUSDT,7,28,all_available_test,Persistence,7,21,47.75312946059912,1.5194459452361593,2.0893871356799685,4.365538602744944,-1.2040370223252705
GroupKFold,ETHUSDT,14,7,all_available_test,SVR,1,21,79.03185001267202,2.413471642360965,2.94692798797648,8.684384566319103,-4.978966271443495
GroupKFold,ETHUSDT,14,7,all_available_test,SVR,2,21,82.85434449261633,2.5482101511672024,3.1592414141107783,9.98080631263267,-5.423609201476131
GroupKFold,ETHUSDT,14,7,all_available_test,SVR,3,21,78.34898159150642,2.4021180968074676,3.030662707130729,9.18491644439296,-4.173148172387878
GroupKFold,ETHUSDT,14,7,all_available_test,SVR,4,21,80.3583704972309,2.45612931363628,3.0606410651964793,9.36752372996704,-4.004384973737016
GroupKFold,ETHUSDT,14,7,all_available_test,SVR,5,21,74.12936597469678,2.35906288230621,2.9279871982807872,8.573109033296173,-3.4318552869264805
GroupKFold,ETHUSDT,14,7,all_available_test,SVR,6,21,77.7281316435431,2.658382435063789,3.1630311965788622,10.004766350531108,-4.164308424280401
GroupKFold,ETHUSDT,14,7,all_available_test,SVR,7,21,80.98345196729765,2.913279006402207,3.6467213857128242,13.29857686501526,-5.92613138073566
GroupKFold,ETHUSDT,14,7,all_available_test,Persistence,1,21,7.943322987747778,0.33964734430056787,0.9008174387912624,0.8114720580304497,0.4413232131612834
GroupKFold,ETHUSDT,14,7,all_available_test,Persistence,2,21,9.760549601786481,0.4180982207493774,0.9506526451361901,0.903740451704435,0.418356062679316
GroupKFold,ETHUSDT,14,7,all_available_test,Persistence,3,21,15.148563188160686,0.5790637376530152,1.08622610430864,1.1798871496815249,0.33546145041689335
GroupKFold,ETHUSDT,14,7,all_available_test,Persistence,4,21,17.33547674518507,0.653727150959742,1.134218243634222,1.2864510241926996,0.3127430086647677
GroupKFold,ETHUSDT,14,7,all_available_test,Persistence,5,21,20.68549271586279,0.7712628229149937,1.1847256074145451,1.4035747648637629,0.27442422368604413
GroupKFold,ETHUSDT,14,7,all_available_test,Persistence,6,21,24.478554121811644,0.8990064504185403,1.2770458318028817,1.630846056525114,0.15818203710774104
GroupKFold,ETHUSDT,14,7,all_available_test,Persistence,7,21,27.45946060302449,1.0077139709454126,1.3665306134971182,1.8674059176248103,0.02742234316379788
GroupKFold,ETHUSDT,14,14,all_available_test,SVR,1,21,132.96836903915832,4.108036292513352,4.857239875857092,23.592779211616214,-15.24299685011017
GroupKFold,ETHUSDT,14,14,all_available_test,SVR,2,21,135.48681170370597,4.220442357847014,5.161276695411626,26.638777126599155,-16.144616227038885
GroupKFold,ETHUSDT,14,14,all_available_test,SVR,3,21,110.27585738151137,3.479983247301321,4.316394311485358,18.63125985222316,-9.493537795071568
GroupKFold,ETHUSDT,14,14,all_available_test,SVR,4,21,100.57329262012436,3.1892064929832094,4.041570399604107,16.334291294956106,-7.726220959720942
GroupKFold,ETHUSDT,14,14,all_available_test,SVR,5,21,99.53014566233936,3.1266334623352443,3.7250854402126707,13.876261536884426,-6.173311667467658
GroupKFold,ETHUSDT,14,14,all_available_test,SVR,6,21,125.67592350316542,3.9902333777449237,4.628034079212365,21.418699438351048,-10.056007314027308
GroupKFold,ETHUSDT,14,14,all_available_test,SVR,7,21,152.7981326493014,4.980476733456763,5.7110044016959485,32.6155712761905,-15.986759862321886
GroupKFold,ETHUSDT,14,14,all_available_test,Persistence,1,21,7.943322987747778,0.33964734430056787,0.9008174387912624,0.8114720580304497,0.4413232131612834
GroupKFold,ETHUSDT,14,14,all_available_test,Persistence,2,21,9.760549601786481,0.4180982207493774,0.9506526451361901,0.903740451704435,0.418356062679316
GroupKFold,ETHUSDT,14,14,all_available_test,Persistence,3,21,15.148563188160686,0.5790637376530152,1.08622610430864,1.1798871496815249,0.33546145041689335
GroupKFold,ETHUSDT,14,14,all_available_test,Persistence,4,21,17.33547674518507,0.653727150959742,1.134218243634222,1.2864510241926996,0.3127430086647677
GroupKFold,ETHUSDT,14,14,all_available_test,Persistence,5,21,20.68549271586279,0.7712628229149937,1.1847256074145451,1.4035747648637629,0.27442422368604413
GroupKFold,ETHUSDT,14,14,all_available_test,Persistence,6,21,24.478554121811644,0.8990064504185403,1.2770458318028817,1.630846056525114,0.15818203710774104
GroupKFold,ETHUSDT,14,14,all_available_test,Persistence,7,21,27.45946060302449,1.0077139709454126,1.3665306134971182,1.8674059176248103,0.02742234316379788
GroupKFold,ETHUSDT,14,21,all_available_test,SVR,1,21,106.71823375836762,3.287304318390236,3.7725206211991753,14.23191183737301,-8.798290276529881
GroupKFold,ETHUSDT,14,21,all_available_test,SVR,2,21,114.49136280610703,3.5336117409222716,4.18804690571097,17.53973688443523,-10.288508334213882
GroupKFold,ETHUSDT,14,21,all_available_test,SVR,3,21,108.3474047951934,3.369701178053686,3.9452750810712085,15.565195465321432,-7.766662490810429
GroupKFold,ETHUSDT,14,21,all_available_test,SVR,4,21,107.66746689389831,3.3472669448993138,3.880106107312986,15.055223404007533,-7.042908238198212
GroupKFold,ETHUSDT,14,21,all_available_test,SVR,5,21,106.51565420417096,3.417974686342111,3.881365927553525,15.065001463573433,-6.78782891067735
GroupKFold,ETHUSDT,14,21,all_available_test,SVR,6,21,110.41540361110091,3.5931562010719773,4.121915067355293,16.99018382249059,-7.770074819378754
GroupKFold,ETHUSDT,14,21,all_available_test,SVR,7,21,122.33639580036599,4.076776351381172,4.61083120652063,21.259764415024488,-10.072457072404147
GroupKFold,ETHUSDT,14,21,all_available_test,Persistence,1,21,7.943322987747778,0.33964734430056787,0.9008174387912624,0.8114720580304497,0.4413232131612834
GroupKFold,ETHUSDT,14,21,all_available_test,Persistence,2,21,9.760549601786481,0.4180982207493774,0.9506526451361901,0.903740451704435,0.418356062679316
GroupKFold,ETHUSDT,14,21,all_available_test,Persistence,3,21,15.148563188160686,0.5790637376530152,1.08622610430864,1.1798871496815249,0.33546145041689335
GroupKFold,ETHUSDT,14,21,all_available_test,Persistence,4,21,17.33547674518507,0.653727150959742,1.134218243634222,1.2864510241926996,0.3127430086647677
GroupKFold,ETHUSDT,14,21,all_available_test,Persistence,5,21,20.68549271586279,0.7712628229149937,1.1847256074145451,1.4035747648637629,0.27442422368604413
GroupKFold,ETHUSDT,14,21,all_available_test,Persistence,6,21,24.478554121811644,0.8990064504185403,1.2770458318028817,1.630846056525114,0.15818203710774104
GroupKFold,ETHUSDT,14,21,all_available_test,Persistence,7,21,27.45946060302449,1.0077139709454126,1.3665306134971182,1.8674059176248103,0.02742234316379788
GroupKFold,ETHUSDT,14,28,all_available_test,SVR,1,21,96.83396094478151,3.0791884238781946,3.6601815130935287,13.396928708791634,-8.223426747066396
GroupKFold,ETHUSDT,14,28,all_available_test,SVR,2,21,102.8067947783492,3.2973693358873546,3.9064608213533,15.260436148768301,-8.82155899966664
GroupKFold,ETHUSDT,14,28,all_available_test,SVR,3,21,103.40289795418104,3.338168243285619,3.9768990834874742,15.815726320243513,-7.9077670116967465
GroupKFold,ETHUSDT,14,28,all_available_test,SVR,4,21,102.91860135359978,3.3347009436775465,3.9546592915597434,15.639330112319813,-7.354953867160525
GroupKFold,ETHUSDT,14,28,all_available_test,SVR,5,21,101.26739381979199,3.3708887956049702,4.00809652719031,16.064837771275027,-7.304692723926287
GroupKFold,ETHUSDT,14,28,all_available_test,SVR,6,21,111.29699163529921,3.748914605248152,4.2981508636302745,18.474100846525676,-8.53605024745566
GroupKFold,ETHUSDT,14,28,all_available_test,SVR,7,21,120.07922695898385,4.1229747115279265,4.736763800268234,22.436931299531558,-10.685546170726843
GroupKFold,ETHUSDT,14,28,all_available_test,Persistence,1,21,7.943322987747778,0.33964734430056787,0.9008174387912624,0.8114720580304497,0.4413232131612834
GroupKFold,ETHUSDT,14,28,all_available_test,Persistence,2,21,9.760549601786481,0.4180982207493774,0.9506526451361901,0.903740451704435,0.418356062679316
GroupKFold,ETHUSDT,14,28,all_available_test,Persistence,3,21,15.148563188160686,0.5790637376530152,1.08622610430864,1.1798871496815249,0.33546145041689335
GroupKFold,ETHUSDT,14,28,all_available_test,Persistence,4,21,17.33547674518507,0.653727150959742,1.134218243634222,1.2864510241926996,0.3127430086647677
GroupKFold,ETHUSDT,14,28,all_available_test,Persistence,5,21,20.68549271586279,0.7712628229149937,1.1847256074145451,1.4035747648637629,0.27442422368604413
GroupKFold,ETHUSDT,14,28,all_available_test,Persistence,6,21,24.478554121811644,0.8990064504185403,1.2770458318028817,1.630846056525114,0.15818203710774104
GroupKFold,ETHUSDT,14,28,all_available_test,Persistence,7,21,27.45946060302449,1.0077139709454126,1.3665306134971182,1.8674059176248103,0.02742234316379788
GroupKFold,ETHUSDT,21,7,all_available_test,SVR,1,21,40.26445265938654,1.4472917137368395,1.8808663965518293,3.5376584016778634,-3.649593323493308
GroupKFold,ETHUSDT,21,7,all_available_test,SVR,2,21,36.4025039507869,1.3231867924457374,1.8079081116623053,3.268531740214362,-3.2095722553975197
GroupKFold,ETHUSDT,21,7,all_available_test,SVR,3,21,37.66470945677257,1.3905638468635415,1.9347126615642958,3.7431130828172017,-3.686604675462739
GroupKFold,ETHUSDT,21,7,all_available_test,SVR,4,21,38.362675028827766,1.389397701624653,1.9217013087132846,3.692935919910351,-3.3215627716844125
GroupKFold,ETHUSDT,21,7,all_available_test,SVR,5,21,41.75972283322174,1.4951024828063386,1.9486061607758716,3.797065969813682,-3.4743126567535887
GroupKFold,ETHUSDT,21,7,all_available_test,SVR,6,21,40.74242154128143,1.4705136240555365,1.895189754734747,3.5917442064515503,-3.3682501129176945
GroupKFold,ETHUSDT,21,7,all_available_test,SVR,7,21,42.53952050929195,1.5028193952739894,1.9691830922488704,3.8776820507988234,-3.338772513194896
GroupKFold,ETHUSDT,21,7,all_available_test,Persistence,1,21,5.156870245725821,0.21132293413066536,0.5169936504787939,0.26728243463538925,0.6487070026381516
GroupKFold,ETHUSDT,21,7,all_available_test,Persistence,2,21,8.722696408246147,0.3356122271151931,0.6056458269010603,0.366806867642669,0.5275860429562229
GroupKFold,ETHUSDT,21,7,all_available_test,Persistence,3,21,11.001583781102589,0.4217683334668932,0.7108077058252612,0.5052475946605711,0.36739935796426115
GroupKFold,ETHUSDT,21,7,all_available_test,Persistence,4,21,15.326851772118541,0.5151783368477068,0.8509015546342069,0.7240334556789102,0.15271856989277188
GroupKFold,ETHUSDT,21,7,all_available_test,Persistence,5,21,17.59992713797573,0.5700774989889057,0.9250092787742087,0.8556421658183818,-0.008254953326790382
GroupKFold,ETHUSDT,21,7,all_available_test,Persistence,6,21,18.58128125441324,0.5971145889483997,0.9118852453003424,0.8315347005964656,-0.011305744782994731
GroupKFold,ETHUSDT,21,7,all_available_test,Persistence,7,21,19.450324547024326,0.6133818183381893,0.9345167420603118,0.8733215411910193,0.022832855179548583
GroupKFold,ETHUSDT,21,14,all_available_test,SVR,1,21,111.10623229959906,3.733439589177906,4.215998973418048,17.77464734386204,-22.361464628204814
GroupKFold,ETHUSDT,21,14,all_available_test,SVR,2,21,111.35904154282728,3.7222753387015293,4.215710178135252,17.77221230603316,-21.888996585238925
GroupKFold,ETHUSDT,21,14,all_available_test,SVR,3,21,103.3841670855684,3.459901568337289,3.882170650281611,15.071248957907947,-17.87011807242366
GroupKFold,ETHUSDT,21,14,all_available_test,SVR,4,21,108.63595145801793,3.5106624771425885,4.145818749239625,17.18781310154681,-19.11359385518865
GroupKFold,ETHUSDT,21,14,all_available_test,SVR,5,21,115.44497888978324,3.626947772753588,4.481549460093436,20.084285563263762,-22.66652931815507
GroupKFold,ETHUSDT,21,14,all_available_test,SVR,6,21,104.98334355135991,3.3615473872658233,4.349978915519824,18.922316565467018,-22.013167620705016
GroupKFold,ETHUSDT,21,14,all_available_test,SVR,7,21,115.17229644903485,3.6190851375421964,4.328290232217175,18.73409633430661,-19.96174497289948
GroupKFold,ETHUSDT,21,14,all_available_test,Persistence,1,21,5.156870245725821,0.21132293413066536,0.5169936504787939,0.26728243463538925,0.6487070026381516
GroupKFold,ETHUSDT,21,14,all_available_test,Persistence,2,21,8.722696408246147,0.3356122271151931,0.6056458269010603,0.366806867642669,0.5275860429562229
GroupKFold,ETHUSDT,21,14,all_available_test,Persistence,3,21,11.001583781102589,0.4217683334668932,0.7108077058252612,0.5052475946605711,0.36739935796426115
GroupKFold,ETHUSDT,21,14,all_available_test,Persistence,4,21,15.326851772118541,0.5151783368477068,0.8509015546342069,0.7240334556789102,0.15271856989277188
GroupKFold,ETHUSDT,21,14,all_available_test,Persistence,5,21,17.59992713797573,0.5700774989889057,0.9250092787742087,0.8556421658183818,-0.008254953326790382
GroupKFold,ETHUSDT,21,14,all_available_test,Persistence,6,21,18.58128125441324,0.5971145889483997,0.9118852453003424,0.8315347005964656,-0.011305744782994731
GroupKFold,ETHUSDT,21,14,all_available_test,Persistence,7,21,19.450324547024326,0.6133818183381893,0.9345167420603118,0.8733215411910193,0.022832855179548583
GroupKFold,ETHUSDT,21,21,all_available_test,SVR,1,21,76.80998860913994,2.547252137094655,2.8791305175689668,8.289392537196946,-9.894863161035016
GroupKFold,ETHUSDT,21,21,all_available_test,SVR,2,21,77.42885540334531,2.575452497624385,3.0847265223694755,9.515537717809678,-11.255149025859915
GroupKFold,ETHUSDT,21,21,all_available_test,SVR,3,21,70.68292944615108,2.393956365411092,2.8565100577275047,8.159649709898392,-9.216376485149201
GroupKFold,ETHUSDT,21,21,all_available_test,SVR,4,21,72.27469195061101,2.3970974717420086,3.018878559956627,9.113627759765796,-9.664987233937595
GroupKFold,ETHUSDT,21,21,all_available_test,SVR,5,21,74.68897057060644,2.4321173048384006,3.0945702639916797,9.576365118781533,-10.284410646876458
GroupKFold,ETHUSDT,21,21,all_available_test,SVR,6,21,78.62934277465449,2.563360399944685,3.405432849752335,11.59697289417231,-13.104144182505545
GroupKFold,ETHUSDT,21,21,all_available_test,SVR,7,21,83.85854405382806,2.649618366560466,3.3916026057602866,11.502968235399967,-11.870772215485253
GroupKFold,ETHUSDT,21,21,all_available_test,Persistence,1,21,5.156870245725821,0.21132293413066536,0.5169936504787939,0.26728243463538925,0.6487070026381516
GroupKFold,ETHUSDT,21,21,all_available_test,Persistence,2,21,8.722696408246147,0.3356122271151931,0.6056458269010603,0.366806867642669,0.5275860429562229
GroupKFold,ETHUSDT,21,21,all_available_test,Persistence,3,21,11.001583781102589,0.4217683334668932,0.7108077058252612,0.5052475946605711,0.36739935796426115
GroupKFold,ETHUSDT,21,21,all_available_test,Persistence,4,21,15.326851772118541,0.5151783368477068,0.8509015546342069,0.7240334556789102,0.15271856989277188
GroupKFold,ETHUSDT,21,21,all_available_test,Persistence,5,21,17.59992713797573,0.5700774989889057,0.9250092787742087,0.8556421658183818,-0.008254953326790382
GroupKFold,ETHUSDT,21,21,all_available_test,Persistence,6,21,18.58128125441324,0.5971145889483997,0.9118852453003424,0.8315347005964656,-0.011305744782994731
GroupKFold,ETHUSDT,21,21,all_available_test,Persistence,7,21,19.450324547024326,0.6133818183381893,0.9345167420603118,0.8733215411910193,0.022832855179548583
GroupKFold,ETHUSDT,21,28,all_available_test,SVR,1,21,77.20815598298748,2.610574518717007,2.927560622997805,8.570611201327296,-10.264472737403958
GroupKFold,ETHUSDT,21,28,all_available_test,SVR,2,21,82.16241010024305,2.778688836060625,3.0956286885647195,9.582916977464924,-11.341927397489052
GroupKFold,ETHUSDT,21,28,all_available_test,SVR,3,21,82.47714071377018,2.79938594602581,3.1429600189009985,9.878197680410166,-11.36810280904258
GroupKFold,ETHUSDT,21,28,all_available_test,SVR,4,21,79.96493645399437,2.6897768545686915,3.1494541675202434,9.91906155331063,-10.607525304656244
GroupKFold,ETHUSDT,21,28,all_available_test,SVR,5,21,78.9290419350488,2.60408098389995,3.1809082970129623,10.118177594005905,-10.922861080647127
GroupKFold,ETHUSDT,21,28,all_available_test,SVR,6,21,79.92145765092852,2.6472823171502755,3.3999879385027563,11.559917981964222,-13.059078299432247
GroupKFold,ETHUSDT,21,28,all_available_test,SVR,7,21,86.16629557706183,2.796118225732536,3.454374644240431,11.932704182771202,-12.351607542353268
GroupKFold,ETHUSDT,21,28,all_available_test,Persistence,1,21,5.156870245725821,0.21132293413066536,0.5169936504787939,0.26728243463538925,0.6487070026381516
GroupKFold,ETHUSDT,21,28,all_available_test,Persistence,2,21,8.722696408246147,0.3356122271151931,0.6056458269010603,0.366806867642669,0.5275860429562229
GroupKFold,ETHUSDT,21,28,all_available_test,Persistence,3,21,11.001583781102589,0.4217683334668932,0.7108077058252612,0.5052475946605711,0.36739935796426115
GroupKFold,ETHUSDT,21,28,all_available_test,Persistence,4,21,15.326851772118541,0.5151783368477068,0.8509015546342069,0.7240334556789102,0.15271856989277188
GroupKFold,ETHUSDT,21,28,all_available_test,Persistence,5,21,17.59992713797573,0.5700774989889057,0.9250092787742087,0.8556421658183818,-0.008254953326790382
GroupKFold,ETHUSDT,21,28,all_available_test,Persistence,6,21,18.58128125441324,0.5971145889483997,0.9118852453003424,0.8315347005964656,-0.011305744782994731
GroupKFold,ETHUSDT,21,28,all_available_test,Persistence,7,21,19.450324547024326,0.6133818183381893,0.9345167420603118,0.8733215411910193,0.022832855179548583
GroupKFold,ETHUSDT,28,7,all_available_test,SVR,1,21,33.967003619538175,1.2471324576452976,1.5859241139698455,2.515155295271039,-5.053666579037463
GroupKFold,ETHUSDT,28,7,all_available_test,SVR,2,21,31.722339788311636,1.1709497916456761,1.5131285704680058,2.2895580707665504,-4.1388563885978815
GroupKFold,ETHUSDT,28,7,all_available_test,SVR,3,21,30.154239321691755,1.1297873798347713,1.5050353031321355,2.2651312636740393,-3.5924369246631525
GroupKFold,ETHUSDT,28,7,all_available_test,SVR,4,21,30.182247105248024,1.128081905882407,1.489544564461937,2.2187430095181013,-3.2468718986280516
GroupKFold,ETHUSDT,28,7,all_available_test,SVR,5,21,30.385410515105427,1.1322576268150326,1.514074246360107,2.292420823490926,-3.241318615282192
GroupKFold,ETHUSDT,28,7,all_available_test,SVR,6,21,33.51585206635649,1.2362822783876652,1.625317822610873,2.6416580244965497,-3.5572215660976507
GroupKFold,ETHUSDT,28,7,all_available_test,SVR,7,21,36.62122032514834,1.3603375458146154,1.7615867504959628,3.1031878795229257,-3.993201719871812
GroupKFold,ETHUSDT,28,7,all_available_test,Persistence,1,21,3.350097468826049,0.13278194362369805,0.28902143989366247,0.08353339271820595,0.7989454930744858
GroupKFold,ETHUSDT,28,7,all_available_test,Persistence,2,21,4.659173594400413,0.17967649341274466,0.3247691915141131,0.10547502775673066,0.7632639123043757
GroupKFold,ETHUSDT,28,7,all_available_test,Persistence,3,21,6.150658722171256,0.23316451257151619,0.38859071974043446,0.15100274746838888,0.6938497100275742
GroupKFold,ETHUSDT,28,7,all_available_test,Persistence,4,21,6.913231659792224,0.2580083896274533,0.40461687494695325,0.1637148154918384,0.686635249635164
GroupKFold,ETHUSDT,28,7,all_available_test,Persistence,5,21,6.931060420022311,0.2631557828806832,0.4104663791563711,0.16848264841774177,0.6882821052035163
GroupKFold,ETHUSDT,28,7,all_available_test,Persistence,6,21,7.656632768731602,0.2912043698269697,0.4346871958832819,0.1889529582648707,0.6740302914315612
GroupKFold,ETHUSDT,28,7,all_available_test,Persistence,7,21,8.700048182802837,0.32414253752673233,0.4620833054896334,0.21352098121222585,0.6564328774120147
GroupKFold,ETHUSDT,28,14,all_available_test,SVR,1,21,88.11247761404303,2.9169631058797987,3.364601858243781,11.320545664497503,-26.247148148063335
GroupKFold,ETHUSDT,28,14,all_available_test,SVR,2,21,84.20113447419835,2.7605720188838587,3.285590896025089,10.795107536042947,-23.229351522244823
GroupKFold,ETHUSDT,28,14,all_available_test,SVR,3,21,83.09090402046347,2.7489123348092788,3.170821772502339,10.054110712974875,-19.384191425632824
GroupKFold,ETHUSDT,28,14,all_available_test,SVR,4,21,87.51281326225273,2.897735710722801,3.284835034814197,10.790141205942788,-19.653292099701
GroupKFold,ETHUSDT,28,14,all_available_test,SVR,5,21,91.74998566968127,3.0286658589566224,3.5375392266065626,12.514183779780158,-22.153096532868823
GroupKFold,ETHUSDT,28,14,all_available_test,SVR,6,21,92.06396465497153,3.070782577215961,3.5632320107024418,12.696622362094567,-20.903410929263764
GroupKFold,ETHUSDT,28,14,all_available_test,SVR,7,21,100.73831485555677,3.3640158330812255,3.8445024717002476,14.780199254909313,-22.782161829984688
GroupKFold,ETHUSDT,28,14,all_available_test,Persistence,1,21,3.350097468826049,0.13278194362369805,0.28902143989366247,0.08353339271820595,0.7989454930744858
GroupKFold,ETHUSDT,28,14,all_available_test,Persistence,2,21,4.659173594400413,0.17967649341274466,0.3247691915141131,0.10547502775673066,0.7632639123043757
GroupKFold,ETHUSDT,28,14,all_available_test,Persistence,3,21,6.150658722171256,0.23316451257151619,0.38859071974043446,0.15100274746838888,0.6938497100275742
GroupKFold,ETHUSDT,28,14,all_available_test,Persistence,4,21,6.913231659792224,0.2580083896274533,0.40461687494695325,0.1637148154918384,0.686635249635164
GroupKFold,ETHUSDT,28,14,all_available_test,Persistence,5,21,6.931060420022311,0.2631557828806832,0.4104663791563711,0.16848264841774177,0.6882821052035163
GroupKFold,ETHUSDT,28,14,all_available_test,Persistence,6,21,7.656632768731602,0.2912043698269697,0.4346871958832819,0.1889529582648707,0.6740302914315612
GroupKFold,ETHUSDT,28,14,all_available_test,Persistence,7,21,8.700048182802837,0.32414253752673233,0.4620833054896334,0.21352098121222585,0.6564328774120147
GroupKFold,ETHUSDT,28,21,all_available_test,SVR,1,21,68.97058671686935,2.233546834436796,2.7425770279121604,7.521728754031498,-17.103867407502854
GroupKFold,ETHUSDT,28,21,all_available_test,SVR,2,21,67.26450119283618,2.1765198450651204,2.73470672219435,7.478620856414967,-15.785579303093378
GroupKFold,ETHUSDT,28,21,all_available_test,SVR,3,21,66.8523054811917,2.1948525478200773,2.6731071556533856,7.1455018656053335,-13.487136855649183
GroupKFold,ETHUSDT,28,21,all_available_test,SVR,4,21,68.05561466110194,2.2349786172817825,2.668215234976497,7.119372540160682,-12.62711366164011
GroupKFold,ETHUSDT,28,21,all_available_test,SVR,5,21,68.80472734199527,2.257342394121622,2.7456224107697698,7.538442422521203,-12.947236846410858
GroupKFold,ETHUSDT,28,21,all_available_test,SVR,6,21,68.0761305880437,2.254721871868707,2.658868545650144,7.069581943047713,-11.195996224867772
GroupKFold,ETHUSDT,28,21,all_available_test,SVR,7,21,72.39669388798639,2.379729751508358,2.828804338945465,8.00213398803669,-11.875878207494232
GroupKFold,ETHUSDT,28,21,all_available_test,Persistence,1,21,3.350097468826049,0.13278194362369805,0.28902143989366247,0.08353339271820595,0.7989454930744858
GroupKFold,ETHUSDT,28,21,all_available_test,Persistence,2,21,4.659173594400413,0.17967649341274466,0.3247691915141131,0.10547502775673066,0.7632639123043757
GroupKFold,ETHUSDT,28,21,all_available_test,Persistence,3,21,6.150658722171256,0.23316451257151619,0.38859071974043446,0.15100274746838888,0.6938497100275742
GroupKFold,ETHUSDT,28,21,all_available_test,Persistence,4,21,6.913231659792224,0.2580083896274533,0.40461687494695325,0.1637148154918384,0.686635249635164
GroupKFold,ETHUSDT,28,21,all_available_test,Persistence,5,21,6.931060420022311,0.2631557828806832,0.4104663791563711,0.16848264841774177,0.6882821052035163
GroupKFold,ETHUSDT,28,21,all_available_test,Persistence,6,21,7.656632768731602,0.2912043698269697,0.4346871958832819,0.1889529582648707,0.6740302914315612
GroupKFold,ETHUSDT,28,21,all_available_test,Persistence,7,21,8.700048182802837,0.32414253752673233,0.4620833054896334,0.21352098121222585,0.6564328774120147
GroupKFold,ETHUSDT,28,28,all_available_test,SVR,1,21,70.16653576108764,2.2983499089127846,2.7315337422509063,7.461276585055241,-16.958366540955982
GroupKFold,ETHUSDT,28,28,all_available_test,SVR,2,21,69.99864388096749,2.304888705920194,2.769972433190718,7.672747280636507,-16.221291254689582
GroupKFold,ETHUSDT,28,28,all_available_test,SVR,3,21,70.90812620310014,2.3557102571149704,2.8016025027256726,7.848976583278751,-14.913395598716574
GroupKFold,ETHUSDT,28,28,all_available_test,SVR,4,21,71.85202803478313,2.3869144602734633,2.808970513627542,7.890315346428976,-14.102766914560728
GroupKFold,ETHUSDT,28,28,all_available_test,SVR,5,21,72.23164212682403,2.413639052138278,2.8609339188297955,8.184942887910811,-14.143358618882793
GroupKFold,ETHUSDT,28,28,all_available_test,SVR,6,21,72.11774464819834,2.437969605087643,2.821022915279981,7.958170288534763,-12.728932711682097
GroupKFold,ETHUSDT,28,28,all_available_test,SVR,7,21,75.51327217314164,2.548190652284415,2.9682940182557886,8.810769378813095,-13.177017481277005
GroupKFold,ETHUSDT,28,28,all_available_test,Persistence,1,21,3.350097468826049,0.13278194362369805,0.28902143989366247,0.08353339271820595,0.7989454930744858
GroupKFold,ETHUSDT,28,28,all_available_test,Persistence,2,21,4.659173594400413,0.17967649341274466,0.3247691915141131,0.10547502775673066,0.7632639123043757
GroupKFold,ETHUSDT,28,28,all_available_test,Persistence,3,21,6.150658722171256,0.23316451257151619,0.38859071974043446,0.15100274746838888,0.6938497100275742
GroupKFold,ETHUSDT,28,28,all_available_test,Persistence,4,21,6.913231659792224,0.2580083896274533,0.40461687494695325,0.1637148154918384,0.686635249635164
GroupKFold,ETHUSDT,28,28,all_available_test,Persistence,5,21,6.931060420022311,0.2631557828806832,0.4104663791563711,0.16848264841774177,0.6882821052035163
GroupKFold,ETHUSDT,28,28,all_available_test,Persistence,6,21,7.656632768731602,0.2912043698269697,0.4346871958832819,0.1889529582648707,0.6740302914315612
GroupKFold,ETHUSDT,28,28,all_available_test,Persistence,7,21,8.700048182802837,0.32414253752673233,0.4620833054896334,0.21352098121222585,0.6564328774120147
GroupKFold,XRPUSDT,7,7,all_available_test,SVR,1,21,3318.0522017162593,93.2385356904845,198.3080916878632,39326.099228881954,-27325.61943402991
GroupKFold,XRPUSDT,7,7,all_available_test,SVR,2,21,3174.9056597677154,84.26583982120677,183.58284787983433,33702.66203567039,-16745.122446474623
GroupKFold,XRPUSDT,7,7,all_available_test,SVR,3,21,2583.520537630023,65.80939917330124,136.09168788476265,18520.94751132365,-7866.481109952925
GroupKFold,XRPUSDT,7,7,all_available_test,SVR,4,21,1701.3385949171086,51.2733343997181,102.14231169183988,10433.05183775297,-4624.622461996622
GroupKFold,XRPUSDT,7,7,all_available_test,SVR,5,21,1102.2543797355427,32.92915131482826,63.32239463900829,4009.725662818306,-1857.8239245680197
GroupKFold,XRPUSDT,7,7,all_available_test,SVR,6,21,456.96311814479367,13.819819592793792,22.623465754418483,511.82120274134587,-237.33331245842194
GroupKFold,XRPUSDT,7,7,all_available_test,SVR,7,21,191.72264772449992,5.845479563726013,8.348965627790035,69.70522705401946,-40.6117418869037
GroupKFold,XRPUSDT,7,7,all_available_test,Persistence,1,21,17.670725242050604,0.5161145539188269,0.7398039399125548,0.5473098695101389,0.6196894985809316
GroupKFold,XRPUSDT,7,7,all_available_test,Persistence,2,21,26.594509052627465,0.785252918836953,1.0025234932845835,1.0050533545875244,0.5006107670857172
GroupKFold,XRPUSDT,7,7,all_available_test,Persistence,3,21,33.34545152313623,0.9001634400120069,1.1472958113743714,1.3162876787971773,0.4408564442035684
GroupKFold,XRPUSDT,7,7,all_available_test,Persistence,4,21,36.297772193454676,1.0540208654079333,1.3152210929405859,1.7298065233158293,0.23306890125820545
GroupKFold,XRPUSDT,7,7,all_available_test,Persistence,5,21,38.62669724295787,1.2064814722542703,1.4865991337551614,2.2099769844815964,-0.024498541032786925
GroupKFold,XRPUSDT,7,7,all_available_test,Persistence,6,21,41.03294121651335,1.4322996482732266,1.7112251488902945,2.9282915101946108,-0.36358050766656524
GroupKFold,XRPUSDT,7,7,all_available_test,Persistence,7,21,45.4386844762411,1.590016203760481,1.893864135025915,3.5867213619374576,-1.1411554031309752
GroupKFold,XRPUSDT,7,14,all_available_test,SVR,1,21,4650.970825817759,131.05189807164598,281.8993342070987,79467.23462640552,-55218.584975153055
GroupKFold,XRPUSDT,7,14,all_available_test,SVR,2,21,4886.724814960621,130.563323690183,268.2699553430384,71968.76893975583,-35758.72176060239
GroupKFold,XRPUSDT,7,14,all_available_test,SVR,3,21,3974.57700149051,102.30819224350155,204.10356987408383,41658.26723534502,-17694.94295038443
GroupKFold,XRPUSDT,7,14,all_available_test,SVR,4,21,2477.8314628397297,77.09984015247153,150.9809937928037,22795.26048666263,-10105.560436383346
GroupKFold,XRPUSDT,7,14,all_available_test,SVR,5,21,2028.646301410346,61.39209595776829,116.52526556371333,13578.137514693917,-6293.537079538672
GroupKFold,XRPUSDT,7,14,all_available_test,SVR,6,21,382.1110497463863,11.568770731407595,16.751050233792167,280.59768393502867,-129.66237803788889
GroupKFold,XRPUSDT,7,14,all_available_test,SVR,7,21,669.7909928609387,21.28321473644986,40.8848454885123,1671.5705906195242,-996.8729989458932
GroupKFold,XRPUSDT,7,14,all_available_test,Persistence,1,21,17.670725242050604,0.5161145539188269,0.7398039399125548,0.5473098695101389,0.6196894985809316
GroupKFold,XRPUSDT,7,14,all_available_test,Persistence,2,21,26.594509052627465,0.785252918836953,1.0025234932845835,1.0050533545875244,0.5006107670857172
GroupKFold,XRPUSDT,7,14,all_available_test,Persistence,3,21,33.34545152313623,0.9001634400120069,1.1472958113743714,1.3162876787971773,0.4408564442035684
GroupKFold,XRPUSDT,7,14,all_available_test,Persistence,4,21,36.297772193454676,1.0540208654079333,1.3152210929405859,1.7298065233158293,0.23306890125820545
GroupKFold,XRPUSDT,7,14,all_available_test,Persistence,5,21,38.62669724295787,1.2064814722542703,1.4865991337551614,2.2099769844815964,-0.024498541032786925
GroupKFold,XRPUSDT,7,14,all_available_test,Persistence,6,21,41.03294121651335,1.4322996482732266,1.7112251488902945,2.9282915101946108,-0.36358050766656524
GroupKFold,XRPUSDT,7,14,all_available_test,Persistence,7,21,45.4386844762411,1.590016203760481,1.893864135025915,3.5867213619374576,-1.1411554031309752
GroupKFold,XRPUSDT,7,21,all_available_test,SVR,1,21,6569.069714146203,185.8580350569727,397.70656886301475,158170.5149167919,-109907.31919686956
GroupKFold,XRPUSDT,7,21,all_available_test,SVR,2,21,6432.24438667685,170.16856000264627,360.76982334951117,130154.86543963749,-64670.13224913073
GroupKFold,XRPUSDT,7,21,all_available_test,SVR,3,21,1887.569694289044,50.3693562465227,82.30477421967622,6774.075859351879,-2876.5479131537245
GroupKFold,XRPUSDT,7,21,all_available_test,SVR,4,21,987.3839704080012,27.643448410366254,41.07482443988796,1687.1412027676176,-747.0149016265889
GroupKFold,XRPUSDT,7,21,all_available_test,SVR,5,21,1019.9897952352688,28.612110984160132,47.75867108250105,2280.8906635665226,-1056.3726212933177
GroupKFold,XRPUSDT,7,21,all_available_test,SVR,6,21,767.9022449831547,22.187798075659156,31.974162214059746,1022.3470492910061,-475.06343276629514
GroupKFold,XRPUSDT,7,21,all_available_test,SVR,7,21,801.3230970044455,24.740955255273757,38.587987376348984,1489.0327697572684,-887.9038870537306
GroupKFold,XRPUSDT,7,21,all_available_test,Persistence,1,21,17.670725242050604,0.5161145539188269,0.7398039399125548,0.5473098695101389,0.6196894985809316
GroupKFold,XRPUSDT,7,21,all_available_test,Persistence,2,21,26.594509052627465,0.785252918836953,1.0025234932845835,1.0050533545875244,0.5006107670857172
GroupKFold,XRPUSDT,7,21,all_available_test,Persistence,3,21,33.34545152313623,0.9001634400120069,1.1472958113743714,1.3162876787971773,0.4408564442035684
GroupKFold,XRPUSDT,7,21,all_available_test,Persistence,4,21,36.297772193454676,1.0540208654079333,1.3152210929405859,1.7298065233158293,0.23306890125820545
GroupKFold,XRPUSDT,7,21,all_available_test,Persistence,5,21,38.62669724295787,1.2064814722542703,1.4865991337551614,2.2099769844815964,-0.024498541032786925
GroupKFold,XRPUSDT,7,21,all_available_test,Persistence,6,21,41.03294121651335,1.4322996482732266,1.7112251488902945,2.9282915101946108,-0.36358050766656524
GroupKFold,XRPUSDT,7,21,all_available_test,Persistence,7,21,45.4386844762411,1.590016203760481,1.893864135025915,3.5867213619374576,-1.1411554031309752
GroupKFold,XRPUSDT,7,28,all_available_test,SVR,1,21,6597.632852993616,188.02657077335556,378.28169227872525,143097.0387132562,-99433.17719349962
GroupKFold,XRPUSDT,7,28,all_available_test,SVR,2,21,6682.3391431247555,177.8278187484451,355.5455311335019,126412.62470900398,-62810.69392247729
GroupKFold,XRPUSDT,7,28,all_available_test,SVR,3,21,1877.5062590127698,51.63201198269117,76.35446422070856,5830.004206431464,-2475.517356199105
GroupKFold,XRPUSDT,7,28,all_available_test,SVR,4,21,1069.9028580456325,31.140902457365286,44.74872135391324,2002.448062810171,-886.8100945304309
GroupKFold,XRPUSDT,7,28,all_available_test,SVR,5,21,1197.4882026363844,34.80214211440333,59.62550788860527,3555.201190974129,-1647.1160024774695
GroupKFold,XRPUSDT,7,28,all_available_test,SVR,6,21,822.7595721086866,24.860628417422497,38.0183410341643,1445.394254990021,-672.0584797094348
GroupKFold,XRPUSDT,7,28,all_available_test,SVR,7,21,861.3568535656817,27.8030600538523,42.23695456965685,1783.960331319257,-1063.9660001222467
GroupKFold,XRPUSDT,7,28,all_available_test,Persistence,1,21,17.670725242050604,0.5161145539188269,0.7398039399125548,0.5473098695101389,0.6196894985809316
GroupKFold,XRPUSDT,7,28,all_available_test,Persistence,2,21,26.594509052627465,0.785252918836953,1.0025234932845835,1.0050533545875244,0.5006107670857172
GroupKFold,XRPUSDT,7,28,all_available_test,Persistence,3,21,33.34545152313623,0.9001634400120069,1.1472958113743714,1.3162876787971773,0.4408564442035684
GroupKFold,XRPUSDT,7,28,all_available_test,Persistence,4,21,36.297772193454676,1.0540208654079333,1.3152210929405859,1.7298065233158293,0.23306890125820545
GroupKFold,XRPUSDT,7,28,all_available_test,Persistence,5,21,38.62669724295787,1.2064814722542703,1.4865991337551614,2.2099769844815964,-0.024498541032786925
GroupKFold,XRPUSDT,7,28,all_available_test,Persistence,6,21,41.03294121651335,1.4322996482732266,1.7112251488902945,2.9282915101946108,-0.36358050766656524
GroupKFold,XRPUSDT,7,28,all_available_test,Persistence,7,21,45.4386844762411,1.590016203760481,1.893864135025915,3.5867213619374576,-1.1411554031309752
GroupKFold,XRPUSDT,14,7,all_available_test,SVR,1,21,1994.8251078493229,66.64973024175363,103.18508001401504,10647.160737498687,-13635.67403222478
GroupKFold,XRPUSDT,14,7,all_available_test,SVR,2,21,1837.320846214418,62.76548899669942,98.83541636168309,9768.439527387254,-10388.43621381155
GroupKFold,XRPUSDT,14,7,all_available_test,SVR,3,21,1899.919082097141,65.44605108460098,107.17812040003399,11487.14949248418,-11291.213869252531
GroupKFold,XRPUSDT,14,7,all_available_test,SVR,4,21,2134.4679906131473,75.87491758091502,131.27333410523812,17232.688247105474,-17835.97913169441
GroupKFold,XRPUSDT,14,7,all_available_test,SVR,5,21,2582.488729471091,88.73815110665879,163.50811050181932,26734.90219987516,-31095.518725494738
GroupKFold,XRPUSDT,14,7,all_available_test,SVR,6,21,2434.791015713225,85.33482554412774,166.36149628535173,27676.1474463011,-27469.00273819496
GroupKFold,XRPUSDT,14,7,all_available_test,SVR,7,21,1765.9853528192575,61.206959233254004,131.90839376822777,17399.82434651383,-19200.14964584309
GroupKFold,XRPUSDT,14,7,all_available_test,Persistence,1,21,6.368268520215539,0.20844061039567444,0.35040351900085637,0.1227826261281835,0.8427424277128069
GroupKFold,XRPUSDT,14,7,all_available_test,Persistence,2,21,11.246629107293927,0.3962124724526182,0.5282343970205171,0.27903157819562924,0.703229899189636
GroupKFold,XRPUSDT,14,7,all_available_test,Persistence,3,21,15.095576250727028,0.5182339130254617,0.645377507912923,0.41651212771989504,0.590556035818304
GroupKFold,XRPUSDT,14,7,all_available_test,Persistence,4,21,15.271136533725807,0.5339347903778803,0.6763115318183266,0.45739728807045144,0.5265633681049948
GroupKFold,XRPUSDT,14,7,all_available_test,Persistence,5,21,16.398760503504075,0.5870282162269627,0.7676794607918321,0.5893317545216382,0.31452279858737
GroupKFold,XRPUSDT,14,7,all_available_test,Persistence,6,21,21.14414943389386,0.7664931055567189,0.9193288463262891,0.8451655276876257,0.16112965488229614
GroupKFold,XRPUSDT,14,7,all_available_test,Persistence,7,21,21.88673037076132,0.8142370086624128,0.9850066368447172,0.9702380746281407,-0.07068244437549054
GroupKFold,XRPUSDT,14,14,all_available_test,SVR,1,21,2125.9462019375196,70.98670877889549,147.2364203438738,21678.56347567789,-27764.477660494438
GroupKFold,XRPUSDT,14,14,all_available_test,SVR,2,21,2049.125709862751,70.2311813879758,147.32044142482746,21703.312461606023,-23082.029773189086
GroupKFold,XRPUSDT,14,14,all_available_test,SVR,3,21,2114.1398695706366,73.29969330152865,150.05009561138044,22515.03119298441,-22131.953668829607
GroupKFold,XRPUSDT,14,14,all_available_test,SVR,4,21,2294.14660318601,83.34776836404187,171.78645530205299,29510.58622524425,-30544.42060506228
GroupKFold,XRPUSDT,14,14,all_available_test,SVR,5,21,2540.763036083708,87.79500730920107,183.24628327737614,33579.20033497238,-39056.417311535326
GroupKFold,XRPUSDT,14,14,all_available_test,SVR,6,21,2463.6312196925537,86.44751319361087,186.32378088981005,34716.551325073946,-34456.96644243286
GroupKFold,XRPUSDT,14,14,all_available_test,SVR,7,21,1973.8622215763687,68.74226028342716,149.414210397153,22324.6062686047,-24634.77201765775
GroupKFold,XRPUSDT,14,14,all_available_test,Persistence,1,21,6.368268520215539,0.20844061039567444,0.35040351900085637,0.1227826261281835,0.8427424277128069
GroupKFold,XRPUSDT,14,14,all_available_test,Persistence,2,21,11.246629107293927,0.3962124724526182,0.5282343970205171,0.27903157819562924,0.703229899189636
GroupKFold,XRPUSDT,14,14,all_available_test,Persistence,3,21,15.095576250727028,0.5182339130254617,0.645377507912923,0.41651212771989504,0.590556035818304
GroupKFold,XRPUSDT,14,14,all_available_test,Persistence,4,21,15.271136533725807,0.5339347903778803,0.6763115318183266,0.45739728807045144,0.5265633681049948
GroupKFold,XRPUSDT,14,14,all_available_test,Persistence,5,21,16.398760503504075,0.5870282162269627,0.7676794607918321,0.5893317545216382,0.31452279858737
GroupKFold,XRPUSDT,14,14,all_available_test,Persistence,6,21,21.14414943389386,0.7664931055567189,0.9193288463262891,0.8451655276876257,0.16112965488229614
GroupKFold,XRPUSDT,14,14,all_available_test,Persistence,7,21,21.88673037076132,0.8142370086624128,0.9850066368447172,0.9702380746281407,-0.07068244437549054
GroupKFold,XRPUSDT,14,21,all_available_test,SVR,1,21,3280.256113608981,110.34658501235951,240.19031925909033,57691.389465783745,-73888.99678010323
GroupKFold,XRPUSDT,14,21,all_available_test,SVR,2,21,3253.29515331691,111.56279121646011,240.60976250282621,57893.05781166643,-61572.42016301437
GroupKFold,XRPUSDT,14,21,all_available_test,SVR,3,21,3220.544735871924,111.80524217230405,239.3855128794259,57305.42377654578,-56331.95723854664
GroupKFold,XRPUSDT,14,21,all_available_test,SVR,4,21,3282.622111819458,119.20685965344137,256.6129168292834,65850.18908363272,-68158.32788084743
GroupKFold,XRPUSDT,14,21,all_available_test,SVR,5,21,3522.425918406967,121.40219544097482,259.60163520415307,67393.00900067018,-78386.71769909679
GroupKFold,XRPUSDT,14,21,all_available_test,SVR,6,21,3482.673633032738,120.76754760841281,257.4178489375441,66263.94895163226,-65769.38450444545
GroupKFold,XRPUSDT,14,21,all_available_test,SVR,7,21,3331.2086661959,114.57390806961645,249.9414754908968,62470.74117056657,-68937.05510991317
GroupKFold,XRPUSDT,14,21,all_available_test,Persistence,1,21,6.368268520215539,0.20844061039567444,0.35040351900085637,0.1227826261281835,0.8427424277128069
GroupKFold,XRPUSDT,14,21,all_available_test,Persistence,2,21,11.246629107293927,0.3962124724526182,0.5282343970205171,0.27903157819562924,0.703229899189636
GroupKFold,XRPUSDT,14,21,all_available_test,Persistence,3,21,15.095576250727028,0.5182339130254617,0.645377507912923,0.41651212771989504,0.590556035818304
GroupKFold,XRPUSDT,14,21,all_available_test,Persistence,4,21,15.271136533725807,0.5339347903778803,0.6763115318183266,0.45739728807045144,0.5265633681049948
GroupKFold,XRPUSDT,14,21,all_available_test,Persistence,5,21,16.398760503504075,0.5870282162269627,0.7676794607918321,0.5893317545216382,0.31452279858737
GroupKFold,XRPUSDT,14,21,all_available_test,Persistence,6,21,21.14414943389386,0.7664931055567189,0.9193288463262891,0.8451655276876257,0.16112965488229614
GroupKFold,XRPUSDT,14,21,all_available_test,Persistence,7,21,21.88673037076132,0.8142370086624128,0.9850066368447172,0.9702380746281407,-0.07068244437549054
GroupKFold,XRPUSDT,14,28,all_available_test,SVR,1,21,3410.9931421692954,115.24682631576363,243.7459973604612,59412.11122924596,-76092.86336641737
GroupKFold,XRPUSDT,14,28,all_available_test,SVR,2,21,3421.0367800997124,117.80481405283668,242.88749170124282,58994.333624921295,-62743.705994650685
GroupKFold,XRPUSDT,14,28,all_available_test,SVR,3,21,3421.1439651513383,119.461706419705,241.64413684534782,58391.88887173319,-57399.98514436967
GroupKFold,XRPUSDT,14,28,all_available_test,SVR,4,21,3414.425935996959,124.25295317967269,255.9383049031903,65504.4159167184,-67800.42964267866
GroupKFold,XRPUSDT,14,28,all_available_test,SVR,5,21,3581.4819766422797,124.29553003333996,261.0003086989648,68121.1611409549,-79233.66288318945
GroupKFold,XRPUSDT,14,28,all_available_test,SVR,6,21,3322.2445840140635,116.12035374344838,244.72259553280566,59889.148764313184,-59442.06676844657
GroupKFold,XRPUSDT,14,28,all_available_test,SVR,7,21,3260.9610406934726,113.4544593896105,238.96811494360756,57105.75995970123,-63016.66160332002
GroupKFold,XRPUSDT,14,28,all_available_test,Persistence,1,21,6.368268520215539,0.20844061039567444,0.35040351900085637,0.1227826261281835,0.8427424277128069
GroupKFold,XRPUSDT,14,28,all_available_test,Persistence,2,21,11.246629107293927,0.3962124724526182,0.5282343970205171,0.27903157819562924,0.703229899189636
GroupKFold,XRPUSDT,14,28,all_available_test,Persistence,3,21,15.095576250727028,0.5182339130254617,0.645377507912923,0.41651212771989504,0.590556035818304
GroupKFold,XRPUSDT,14,28,all_available_test,Persistence,4,21,15.271136533725807,0.5339347903778803,0.6763115318183266,0.45739728807045144,0.5265633681049948
GroupKFold,XRPUSDT,14,28,all_available_test,Persistence,5,21,16.398760503504075,0.5870282162269627,0.7676794607918321,0.5893317545216382,0.31452279858737
GroupKFold,XRPUSDT,14,28,all_available_test,Persistence,6,21,21.14414943389386,0.7664931055567189,0.9193288463262891,0.8451655276876257,0.16112965488229614
GroupKFold,XRPUSDT,14,28,all_available_test,Persistence,7,21,21.88673037076132,0.8142370086624128,0.9850066368447172,0.9702380746281407,-0.07068244437549054
GroupKFold,XRPUSDT,21,7,all_available_test,SVR,1,21,1393.0632255750756,52.51433363480406,86.13875030866973,7419.884304739349,-8528.670737356462
GroupKFold,XRPUSDT,21,7,all_available_test,SVR,2,21,1332.4720867791655,50.51670085100822,80.68322490324984,6509.782780788394,-6830.983381096979
GroupKFold,XRPUSDT,21,7,all_available_test,SVR,3,21,1382.9722269926574,52.751241812322306,83.11343766394332,6907.843520318192,-8083.384539705482
GroupKFold,XRPUSDT,21,7,all_available_test,SVR,4,21,1377.6489919213525,52.8758007692919,80.99186859636494,6559.682778730846,-8271.64336730646
GroupKFold,XRPUSDT,21,7,all_available_test,SVR,5,21,1436.2127894460916,52.93897652035449,79.67949420923222,6348.82179743907,-9273.20965913736
GroupKFold,XRPUSDT,21,7,all_available_test,SVR,6,21,1538.5882344426986,56.01008704853565,84.65341573533266,7166.200795659068,-10122.377118546608
GroupKFold,XRPUSDT,21,7,all_available_test,SVR,7,21,1330.6801505699518,48.68001445711182,68.97405553715434,4757.420337242451,-7104.895707655726
GroupKFold,XRPUSDT,21,7,all_available_test,Persistence,1,21,3.958959572409648,0.12859335462540233,0.2155789548525466,0.04647428577531633,0.9465745907703634
GroupKFold,XRPUSDT,21,7,all_available_test,Persistence,2,21,9.381488917737054,0.3280192610004655,0.514978078389061,0.2652024212212898,0.7216714296892253
GroupKFold,XRPUSDT,21,7,all_available_test,Persistence,3,21,13.36669277033548,0.46161848949369577,0.6387675481693025,0.4080239805942221,0.5224815456744629
GroupKFold,XRPUSDT,21,7,all_available_test,Persistence,4,21,17.89326477839606,0.6029556273763356,0.7885495522968835,0.6218103964276155,0.2158133517663231
GroupKFold,XRPUSDT,21,7,all_available_test,Persistence,5,21,20.288904203738124,0.6934879784733725,0.877454258131703,0.7699259751134572,-0.12468976812331167
GroupKFold,XRPUSDT,21,7,all_available_test,Persistence,6,21,20.69871203982344,0.7208048359452692,0.8926053802744037,0.7967443648948128,-0.12552577061375803
GroupKFold,XRPUSDT,21,7,all_available_test,Persistence,7,21,20.74741614639308,0.7397261360075907,0.8878531643527563,0.7882832414512024,-0.17741509153505297
GroupKFold,XRPUSDT,21,14,all_available_test,SVR,1,21,1636.8470608696343,60.01068047769271,122.45444474010345,14995.09103660705,-17236.895358725058
GroupKFold,XRPUSDT,21,14,all_available_test,SVR,2,21,1626.4182589232237,60.06663380414313,122.07723181761067,14902.850528250656,-15639.464600517742
GroupKFold,XRPUSDT,21,14,all_available_test,SVR,3,21,1662.5424698109312,62.43272376329217,123.61038116969634,15279.526332917618,-17880.928867747734
GroupKFold,XRPUSDT,21,14,all_available_test,SVR,4,21,1597.109026666872,62.29162895152885,122.73202192948632,15063.14920689991,-18995.659683186357
GroupKFold,XRPUSDT,21,14,all_available_test,SVR,5,21,1681.004503007235,62.30797958211409,123.09909238027106,15153.386544846508,-22134.710899862643
GroupKFold,XRPUSDT,21,14,all_available_test,SVR,6,21,1786.330946852826,64.47487623434392,124.97557501814218,15618.894351115285,-22063.126055029912
GroupKFold,XRPUSDT,21,14,all_available_test,SVR,7,21,1805.953297306933,64.21326650849838,123.52383948591314,15258.138921341635,-22789.23844481682
GroupKFold,XRPUSDT,21,14,all_available_test,Persistence,1,21,3.958959572409648,0.12859335462540233,0.2155789548525466,0.04647428577531633,0.9465745907703634
GroupKFold,XRPUSDT,21,14,all_available_test,Persistence,2,21,9.381488917737054,0.3280192610004655,0.514978078389061,0.2652024212212898,0.7216714296892253
GroupKFold,XRPUSDT,21,14,all_available_test,Persistence,3,21,13.36669277033548,0.46161848949369577,0.6387675481693025,0.4080239805942221,0.5224815456744629
GroupKFold,XRPUSDT,21,14,all_available_test,Persistence,4,21,17.89326477839606,0.6029556273763356,0.7885495522968835,0.6218103964276155,0.2158133517663231
GroupKFold,XRPUSDT,21,14,all_available_test,Persistence,5,21,20.288904203738124,0.6934879784733725,0.877454258131703,0.7699259751134572,-0.12468976812331167
GroupKFold,XRPUSDT,21,14,all_available_test,Persistence,6,21,20.69871203982344,0.7208048359452692,0.8926053802744037,0.7967443648948128,-0.12552577061375803
GroupKFold,XRPUSDT,21,14,all_available_test,Persistence,7,21,20.74741614639308,0.7397261360075907,0.8878531643527563,0.7882832414512024,-0.17741509153505297
GroupKFold,XRPUSDT,21,21,all_available_test,SVR,1,21,2340.1189037583067,88.38320906717136,195.27653059043462,38132.92339943695,-43835.43564931015
GroupKFold,XRPUSDT,21,21,all_available_test,SVR,2,21,2309.9289373182582,87.8656851668434,194.02185068393877,37644.47854282063,-39506.685656366055
GroupKFold,XRPUSDT,21,21,all_available_test,SVR,3,21,2284.0003751431555,88.5733872917102,194.16302177466284,37699.27902466819,-44119.204461584566
GroupKFold,XRPUSDT,21,21,all_available_test,SVR,4,21,2205.905880965887,89.2418363298525,194.76719241359655,37934.25924067494,-47839.20945625208
GroupKFold,XRPUSDT,21,21,all_available_test,SVR,5,21,2449.7722074711323,91.89116950467049,196.45413425119023,38594.22686438468,-56376.53948567178
GroupKFold,XRPUSDT,21,21,all_available_test,SVR,6,21,2516.508111699184,91.44123388809189,194.3185157318293,37759.68555622119,-53340.44934857478
GroupKFold,XRPUSDT,21,21,all_available_test,SVR,7,21,2536.5594457669226,90.38325007709327,192.92078589106075,37218.4296288245,-55590.11043327443
GroupKFold,XRPUSDT,21,21,all_available_test,Persistence,1,21,3.958959572409648,0.12859335462540233,0.2155789548525466,0.04647428577531633,0.9465745907703634
GroupKFold,XRPUSDT,21,21,all_available_test,Persistence,2,21,9.381488917737054,0.3280192610004655,0.514978078389061,0.2652024212212898,0.7216714296892253
GroupKFold,XRPUSDT,21,21,all_available_test,Persistence,3,21,13.36669277033548,0.46161848949369577,0.6387675481693025,0.4080239805942221,0.5224815456744629
GroupKFold,XRPUSDT,21,21,all_available_test,Persistence,4,21,17.89326477839606,0.6029556273763356,0.7885495522968835,0.6218103964276155,0.2158133517663231
GroupKFold,XRPUSDT,21,21,all_available_test,Persistence,5,21,20.288904203738124,0.6934879784733725,0.877454258131703,0.7699259751134572,-0.12468976812331167
GroupKFold,XRPUSDT,21,21,all_available_test,Persistence,6,21,20.69871203982344,0.7208048359452692,0.8926053802744037,0.7967443648948128,-0.12552577061375803
GroupKFold,XRPUSDT,21,21,all_available_test,Persistence,7,21,20.74741614639308,0.7397261360075907,0.8878531643527563,0.7882832414512024,-0.17741509153505297
GroupKFold,XRPUSDT,21,28,all_available_test,SVR,1,21,2479.654764670319,93.40460707409026,197.44748710945876,38985.510165839885,-44815.54316767124
GroupKFold,XRPUSDT,21,28,all_available_test,SVR,2,21,2445.898920424589,92.80274520220367,196.117698100884,38462.151508389485,-40364.8292073959
GroupKFold,XRPUSDT,21,28,all_available_test,SVR,3,21,2383.041143180721,92.24676764319395,195.92950993569468,38388.37286364148,-44925.66447501946
GroupKFold,XRPUSDT,21,28,all_available_test,SVR,4,21,2271.649591832059,91.68955370539034,196.49901043319556,38611.8611012251,-48693.756654102915
GroupKFold,XRPUSDT,21,28,all_available_test,SVR,5,21,2452.2108182567936,91.86517311112195,198.19901619361127,39282.85002011538,-57382.464006180366
GroupKFold,XRPUSDT,21,28,all_available_test,SVR,6,21,2491.7242843356835,90.27403088619772,195.20562058962432,38105.23430978036,-53828.59089594005
GroupKFold,XRPUSDT,21,28,all_available_test,SVR,7,21,2537.928591398246,89.96445000962548,193.97913241255557,37627.90381152777,-56201.719379090966
GroupKFold,XRPUSDT,21,28,all_available_test,Persistence,1,21,3.958959572409648,0.12859335462540233,0.2155789548525466,0.04647428577531633,0.9465745907703634
GroupKFold,XRPUSDT,21,28,all_available_test,Persistence,2,21,9.381488917737054,0.3280192610004655,0.514978078389061,0.2652024212212898,0.7216714296892253
GroupKFold,XRPUSDT,21,28,all_available_test,Persistence,3,21,13.36669277033548,0.46161848949369577,0.6387675481693025,0.4080239805942221,0.5224815456744629
GroupKFold,XRPUSDT,21,28,all_available_test,Persistence,4,21,17.89326477839606,0.6029556273763356,0.7885495522968835,0.6218103964276155,0.2158133517663231
GroupKFold,XRPUSDT,21,28,all_available_test,Persistence,5,21,20.288904203738124,0.6934879784733725,0.877454258131703,0.7699259751134572,-0.12468976812331167
GroupKFold,XRPUSDT,21,28,all_available_test,Persistence,6,21,20.69871203982344,0.7208048359452692,0.8926053802744037,0.7967443648948128,-0.12552577061375803
GroupKFold,XRPUSDT,21,28,all_available_test,Persistence,7,21,20.74741614639308,0.7397261360075907,0.8878531643527563,0.7882832414512024,-0.17741509153505297
GroupKFold,XRPUSDT,28,7,all_available_test,SVR,1,21,1385.9903654609063,53.56170166187754,82.0504772787889,6732.2808216770545,-8599.014527313422
GroupKFold,XRPUSDT,28,7,all_available_test,SVR,2,21,1306.453033567945,49.130737652122434,72.46164025341787,5250.689308215749,-6857.670738731091
GroupKFold,XRPUSDT,28,7,all_available_test,SVR,3,21,1216.9009715249533,45.75332816488056,65.10810876980021,4239.065827580135,-5505.876925476408
GroupKFold,XRPUSDT,28,7,all_available_test,SVR,4,21,1179.5415533873422,45.16718716297539,62.89998601195722,3956.4082403044135,-5389.681702366115
GroupKFold,XRPUSDT,28,7,all_available_test,SVR,5,21,1118.235983137171,43.57106192623009,59.00364658554327,3481.4303103916923,-4990.602171017022
GroupKFold,XRPUSDT,28,7,all_available_test,SVR,6,21,1154.0987557183407,44.9751650710683,61.91847371996308,3833.897387809759,-5093.080777837274
GroupKFold,XRPUSDT,28,7,all_available_test,SVR,7,21,1046.6541281033035,40.9210084334686,53.639854233809494,2877.2339622243303,-3952.5115110032916
GroupKFold,XRPUSDT,28,7,all_available_test,Persistence,1,21,3.648822501332425,0.1328918652255602,0.2757475335970952,0.07603670228488114,0.902868468862223
GroupKFold,XRPUSDT,28,7,all_available_test,Persistence,2,21,6.796003349495586,0.2518449010882195,0.4196453860279788,0.17610225001457133,0.7699678502573442
GroupKFold,XRPUSDT,28,7,all_available_test,Persistence,3,21,6.716788996878013,0.25729339554448055,0.39564567308606635,0.15653549863172647,0.7966481860638899
GroupKFold,XRPUSDT,28,7,all_available_test,Persistence,4,21,7.116180209159611,0.2691130659438319,0.37716572898416534,0.14225398712015686,0.8061762288215606
GroupKFold,XRPUSDT,28,7,all_available_test,Persistence,5,21,8.741353423778062,0.32920974304102824,0.46983709454563133,0.2207468954110805,0.6834977052132216
GroupKFold,XRPUSDT,28,7,all_available_test,Persistence,6,21,10.980488560786396,0.40884158423300543,0.5748444123905645,0.3304460984566534,0.5609378791379147
GroupKFold,XRPUSDT,28,7,all_available_test,Persistence,7,21,12.838124754336274,0.46692163777163537,0.6164078851070418,0.379958680822136,0.47791141142563087
GroupKFold,XRPUSDT,28,14,all_available_test,SVR,1,21,1611.103064607133,62.046547619130564,126.21652601459284,15930.611439192393,-20349.233960072914
GroupKFold,XRPUSDT,28,14,all_available_test,SVR,2,21,1516.4119754267522,55.21577088098341,110.36929894142237,12181.382148821056,-15910.832598948979
GroupKFold,XRPUSDT,28,14,all_available_test,SVR,3,21,1532.7149310074253,55.313907299006836,107.94043431827087,11651.137360816949,-15134.735583626307
GroupKFold,XRPUSDT,28,14,all_available_test,SVR,4,21,1479.3440457667039,55.04718440516002,107.43630351085709,11542.559312077003,-15725.957255882577
GroupKFold,XRPUSDT,28,14,all_available_test,SVR,5,21,1451.6720420300983,55.43182297197681,108.35782816426027,11741.418924475356,-16833.601577199905
GroupKFold,XRPUSDT,28,14,all_available_test,SVR,6,21,1469.6846507041812,55.74206484478326,109.55205765184871,12001.653335753983,-15945.5383070301
GroupKFold,XRPUSDT,28,14,all_available_test,SVR,7,21,1449.7582534412882,54.12963036268289,106.77207447608093,11400.275887925774,-15663.74000490536
GroupKFold,XRPUSDT,28,14,all_available_test,Persistence,1,21,3.648822501332425,0.1328918652255602,0.2757475335970952,0.07603670228488114,0.902868468862223
GroupKFold,XRPUSDT,28,14,all_available_test,Persistence,2,21,6.796003349495586,0.2518449010882195,0.4196453860279788,0.17610225001457133,0.7699678502573442
GroupKFold,XRPUSDT,28,14,all_available_test,Persistence,3,21,6.716788996878013,0.25729339554448055,0.39564567308606635,0.15653549863172647,0.7966481860638899
GroupKFold,XRPUSDT,28,14,all_available_test,Persistence,4,21,7.116180209159611,0.2691130659438319,0.37716572898416534,0.14225398712015686,0.8061762288215606
GroupKFold,XRPUSDT,28,14,all_available_test,Persistence,5,21,8.741353423778062,0.32920974304102824,0.46983709454563133,0.2207468954110805,0.6834977052132216
GroupKFold,XRPUSDT,28,14,all_available_test,Persistence,6,21,10.980488560786396,0.40884158423300543,0.5748444123905645,0.3304460984566534,0.5609378791379147
GroupKFold,XRPUSDT,28,14,all_available_test,Persistence,7,21,12.838124754336274,0.46692163777163537,0.6164078851070418,0.379958680822136,0.47791141142563087
GroupKFold,XRPUSDT,28,21,all_available_test,SVR,1,21,1900.4324695796913,75.69180595032442,163.18367856183585,26628.912948972564,-34015.56054963567
GroupKFold,XRPUSDT,28,21,all_available_test,SVR,2,21,2022.109840885697,76.09244728550287,164.77823017605974,27151.86513995452,-35465.90577292234
GroupKFold,XRPUSDT,28,21,all_available_test,SVR,3,21,2092.9251355251276,77.89994646248759,167.72372111116107,28131.246623374533,-36543.68206349618
GroupKFold,XRPUSDT,28,21,all_available_test,SVR,4,21,2024.498900238812,77.62000927037917,168.58670764800033,28421.477995592337,-38723.80595512368
GroupKFold,XRPUSDT,28,21,all_available_test,SVR,5,21,1980.9606410268905,77.85884468148504,170.04298984853233,28914.618396628066,-41456.17681951787
GroupKFold,XRPUSDT,28,21,all_available_test,SVR,6,21,1985.608419838009,76.8522695369503,167.62216136432266,28097.188980447023,-37331.5980897793
GroupKFold,XRPUSDT,28,21,all_available_test,SVR,7,21,1984.0099224869593,75.73411906587843,166.1470820362661,27604.852869165745,-37929.91038499634
GroupKFold,XRPUSDT,28,21,all_available_test,Persistence,1,21,3.648822501332425,0.1328918652255602,0.2757475335970952,0.07603670228488114,0.902868468862223
GroupKFold,XRPUSDT,28,21,all_available_test,Persistence,2,21,6.796003349495586,0.2518449010882195,0.4196453860279788,0.17610225001457133,0.7699678502573442
GroupKFold,XRPUSDT,28,21,all_available_test,Persistence,3,21,6.716788996878013,0.25729339554448055,0.39564567308606635,0.15653549863172647,0.7966481860638899
GroupKFold,XRPUSDT,28,21,all_available_test,Persistence,4,21,7.116180209159611,0.2691130659438319,0.37716572898416534,0.14225398712015686,0.8061762288215606
GroupKFold,XRPUSDT,28,21,all_available_test,Persistence,5,21,8.741353423778062,0.32920974304102824,0.46983709454563133,0.2207468954110805,0.6834977052132216
GroupKFold,XRPUSDT,28,21,all_available_test,Persistence,6,21,10.980488560786396,0.40884158423300543,0.5748444123905645,0.3304460984566534,0.5609378791379147
GroupKFold,XRPUSDT,28,21,all_available_test,Persistence,7,21,12.838124754336274,0.46692163777163537,0.6164078851070418,0.379958680822136,0.47791141142563087
GroupKFold,XRPUSDT,28,28,all_available_test,SVR,1,21,2041.712630883839,80.9726224917788,165.21070592133452,27294.577351025673,-34865.89993380683
GroupKFold,XRPUSDT,28,28,all_available_test,SVR,2,21,2172.832667404743,81.57596524049073,166.60652817086282,27757.735229148508,-36257.318710977
GroupKFold,XRPUSDT,28,28,all_available_test,SVR,3,21,2203.875338003346,81.97901819745724,167.78209803484407,28150.832420974028,-36569.125541199675
GroupKFold,XRPUSDT,28,28,all_available_test,SVR,4,21,2120.1382727466325,81.27268586187132,169.22200035199768,28636.085403131503,-39016.21264188273
GroupKFold,XRPUSDT,28,28,all_available_test,SVR,5,21,2070.5640661503758,81.29952732591859,171.146709327265,29291.19611355134,-41996.10609621201
GroupKFold,XRPUSDT,28,28,all_available_test,SVR,6,21,2032.807691312772,78.51120961102778,167.6068080390628,28092.042101043244,-37324.75945619458
GroupKFold,XRPUSDT,28,28,all_available_test,SVR,7,21,2040.2619779064505,77.71934298493787,166.7139593433232,27793.54423992723,-38189.18492301681
GroupKFold,XRPUSDT,28,28,all_available_test,Persistence,1,21,3.648822501332425,0.1328918652255602,0.2757475335970952,0.07603670228488114,0.902868468862223
GroupKFold,XRPUSDT,28,28,all_available_test,Persistence,2,21,6.796003349495586,0.2518449010882195,0.4196453860279788,0.17610225001457133,0.7699678502573442
GroupKFold,XRPUSDT,28,28,all_available_test,Persistence,3,21,6.716788996878013,0.25729339554448055,0.39564567308606635,0.15653549863172647,0.7966481860638899
GroupKFold,XRPUSDT,28,28,all_available_test,Persistence,4,21,7.116180209159611,0.2691130659438319,0.37716572898416534,0.14225398712015686,0.8061762288215606
GroupKFold,XRPUSDT,28,28,all_available_test,Persistence,5,21,8.741353423778062,0.32920974304102824,0.46983709454563133,0.2207468954110805,0.6834977052132216
GroupKFold,XRPUSDT,28,28,all_available_test,Persistence,6,21,10.980488560786396,0.40884158423300543,0.5748444123905645,0.3304460984566534,0.5609378791379147
GroupKFold,XRPUSDT,28,28,all_available_test,Persistence,7,21,12.838124754336274,0.46692163777163537,0.6164078851070418,0.379958680822136,0.47791141142563087
KFold,BNBUSDT,7,7,all_available_test,SVR,1,358,135.63275599132126,2.112867516886388,2.45430932839688,6.023634279455944,-2.9508458838202505
KFold,BNBUSDT,7,7,all_available_test,SVR,2,358,137.92947033956895,2.1203690006840668,2.454301946479482,6.0235980444929735,-2.9390673949277653
KFold,BNBUSDT,7,7,all_available_test,SVR,3,358,143.91280901301278,2.2038935905123127,2.5981341316084374,6.750300965828729,-3.4041320205976184
KFold,BNBUSDT,7,7,all_available_test,SVR,4,358,153.09859862912526,2.3447439368223817,2.810083276784326,7.896568022462935,-4.146543018220397
KFold,BNBUSDT,7,7,all_available_test,SVR,5,358,168.6881381877477,2.5938433727830668,3.1166518267301955,9.713518609060664,-5.345381740198531
KFold,BNBUSDT,7,7,all_available_test,SVR,6,358,185.83422125028562,2.897657426030319,3.4411848746634988,11.841753341612838,-6.73776803338316
KFold,BNBUSDT,7,7,all_available_test,SVR,7,358,200.1663849325084,3.1596002828840093,3.7067879778995354,13.740277113100527,-7.960683884932946
KFold,BNBUSDT,7,7,all_available_test,Persistence,1,358,15.55765308963223,0.28845637838696125,0.47082922508908454,0.2216801591979878,0.8546020385933701
KFold,BNBUSDT,7,7,all_available_test,Persistence,2,358,26.135409502443803,0.4838117962008727,0.692277479475256,0.47924810858861344,0.6866008348036925
KFold,BNBUSDT,7,7,all_available_test,Persistence,3,358,35.208244682932275,0.6448497258915122,0.8873046618679903,0.7873095629726685,0.4863317541005441
KFold,BNBUSDT,7,7,all_available_test,Persistence,4,358,43.3881304195415,0.7912386500935131,1.0516125673333991,1.105888991773543,0.27924317838476065
KFold,BNBUSDT,7,7,all_available_test,Persistence,5,358,50.008060069770245,0.9095500791509541,1.1854222301787118,1.4052258638018706,0.08203248525146156
KFold,BNBUSDT,7,7,all_available_test,Persistence,6,358,54.97824967087356,1.0033191908436685,1.2981863082473561,1.6852876909208998,-0.10121912234373309
KFold,BNBUSDT,7,7,all_available_test,Persistence,7,358,58.809060183696914,1.0784029417729557,1.3968338409681138,1.951144779273734,-0.27243369525201544
KFold,BNBUSDT,7,14,all_available_test,SVR,1,358,136.745744808222,2.2062396422182604,2.734424035272757,7.477074804677347,-3.904144050681597
KFold,BNBUSDT,7,14,all_available_test,SVR,2,358,141.9911163645108,2.280753255538708,2.8415316595741458,8.074302172362199,-4.28010338489037
KFold,BNBUSDT,7,14,all_available_test,SVR,3,358,149.46453825710287,2.3865571196446025,3.0199883220723494,9.120329465453365,-4.950421357586362
KFold,BNBUSDT,7,14,all_available_test,SVR,4,358,155.51264771661474,2.4956270797086564,3.194593495648788,10.205427602441544,-5.651329036347294
KFold,BNBUSDT,7,14,all_available_test,SVR,5,358,166.00348995364686,2.6883010508555008,3.428482048427382,11.754489156388818,-6.678651152089992
KFold,BNBUSDT,7,14,all_available_test,SVR,6,358,180.36257569948873,2.946535282720162,3.7203896062284576,13.841298822132739,-8.044332919014815
KFold,BNBUSDT,7,14,all_available_test,SVR,7,358,194.21435986306778,3.197573259851588,4.029338435259333,16.235568225858124,-9.58798111323884
KFold,BNBUSDT,7,14,all_available_test,Persistence,1,358,15.55765308963223,0.28845637838696125,0.47082922508908454,0.2216801591979878,0.8546020385933701
KFold,BNBUSDT,7,14,all_available_test,Persistence,2,358,26.135409502443803,0.4838117962008727,0.692277479475256,0.47924810858861344,0.6866008348036925
KFold,BNBUSDT,7,14,all_available_test,Persistence,3,358,35.208244682932275,0.6448497258915122,0.8873046618679903,0.7873095629726685,0.4863317541005441
KFold,BNBUSDT,7,14,all_available_test,Persistence,4,358,43.3881304195415,0.7912386500935131,1.0516125673333991,1.105888991773543,0.27924317838476065
KFold,BNBUSDT,7,14,all_available_test,Persistence,5,358,50.008060069770245,0.9095500791509541,1.1854222301787118,1.4052258638018706,0.08203248525146156
KFold,BNBUSDT,7,14,all_available_test,Persistence,6,358,54.97824967087356,1.0033191908436685,1.2981863082473561,1.6852876909208998,-0.10121912234373309
KFold,BNBUSDT,7,14,all_available_test,Persistence,7,358,58.809060183696914,1.0784029417729557,1.3968338409681138,1.951144779273734,-0.27243369525201544
KFold,BNBUSDT,7,21,all_available_test,SVR,1,358,135.01403652229916,2.3656065678461005,3.285752621477396,10.796170289545582,-6.081108010648708
KFold,BNBUSDT,7,21,all_available_test,SVR,2,358,146.24784402453398,2.4758164935380407,3.336553396318295,11.13258856648315,-6.28003700105301
KFold,BNBUSDT,7,21,all_available_test,SVR,3,358,161.49355475734865,2.6576267758645042,3.4694126701461516,12.03682427577065,-6.853244394225324
KFold,BNBUSDT,7,21,all_available_test,SVR,4,358,173.4881562456259,2.8111915469444746,3.6305964364632186,13.181230484459421,-7.590791534800195
KFold,BNBUSDT,7,21,all_available_test,SVR,5,358,191.6258196442185,3.0743117094102432,3.888581660290607,15.121067328748452,-8.87787725352715
KFold,BNBUSDT,7,21,all_available_test,SVR,6,358,208.74809682785207,3.3418957746524427,4.130327976103601,17.059609190184066,-10.14727649240472
KFold,BNBUSDT,7,21,all_available_test,SVR,7,358,223.8719279735689,3.596436798084716,4.3778859739941725,19.165885601294903,-11.498979520889604
KFold,BNBUSDT,7,21,all_available_test,Persistence,1,358,15.55765308963223,0.28845637838696125,0.47082922508908454,0.2216801591979878,0.8546020385933701
KFold,BNBUSDT,7,21,all_available_test,Persistence,2,358,26.135409502443803,0.4838117962008727,0.692277479475256,0.47924810858861344,0.6866008348036925
KFold,BNBUSDT,7,21,all_available_test,Persistence,3,358,35.208244682932275,0.6448497258915122,0.8873046618679903,0.7873095629726685,0.4863317541005441
KFold,BNBUSDT,7,21,all_available_test,Persistence,4,358,43.3881304195415,0.7912386500935131,1.0516125673333991,1.105888991773543,0.27924317838476065
KFold,BNBUSDT,7,21,all_available_test,Persistence,5,358,50.008060069770245,0.9095500791509541,1.1854222301787118,1.4052258638018706,0.08203248525146156
KFold,BNBUSDT,7,21,all_available_test,Persistence,6,358,54.97824967087356,1.0033191908436685,1.2981863082473561,1.6852876909208998,-0.10121912234373309
KFold,BNBUSDT,7,21,all_available_test,Persistence,7,358,58.809060183696914,1.0784029417729557,1.3968338409681138,1.951144779273734,-0.27243369525201544
KFold,BNBUSDT,7,28,all_available_test,SVR,1,358,145.52056282402222,2.444427822600574,3.205780049221511,10.277025723986675,-5.740605902653647
KFold,BNBUSDT,7,28,all_available_test,SVR,2,358,157.42073681865187,2.5842788607419958,3.299672010286192,10.887835375466121,-6.119983274456641
KFold,BNBUSDT,7,28,all_available_test,SVR,3,358,171.85079955304033,2.7713820912934515,3.478130002752934,12.097388316050125,-6.892758488551168
KFold,BNBUSDT,7,28,all_available_test,SVR,4,358,182.42468209699433,2.910970678925977,3.648921845420876,13.31463063398969,-7.677734318835178
KFold,BNBUSDT,7,28,all_available_test,SVR,5,358,200.95764212565868,3.188310160027661,3.9673978125732416,15.740245403210942,-9.282356969452202
KFold,BNBUSDT,7,28,all_available_test,SVR,6,358,223.3177216291106,3.562544164706453,4.36599077589396,19.06187545519114,-11.45561922280507
KFold,BNBUSDT,7,28,all_available_test,SVR,7,358,236.99469064605856,3.8022493725180544,4.655608108958192,21.67468686419727,-13.135087356411699
KFold,BNBUSDT,7,28,all_available_test,Persistence,1,358,15.55765308963223,0.28845637838696125,0.47082922508908454,0.2216801591979878,0.8546020385933701
KFold,BNBUSDT,7,28,all_available_test,Persistence,2,358,26.135409502443803,0.4838117962008727,0.692277479475256,0.47924810858861344,0.6866008348036925
KFold,BNBUSDT,7,28,all_available_test,Persistence,3,358,35.208244682932275,0.6448497258915122,0.8873046618679903,0.7873095629726685,0.4863317541005441
KFold,BNBUSDT,7,28,all_available_test,Persistence,4,358,43.3881304195415,0.7912386500935131,1.0516125673333991,1.105888991773543,0.27924317838476065
KFold,BNBUSDT,7,28,all_available_test,Persistence,5,358,50.008060069770245,0.9095500791509541,1.1854222301787118,1.4052258638018706,0.08203248525146156
KFold,BNBUSDT,7,28,all_available_test,Persistence,6,358,54.97824967087356,1.0033191908436685,1.2981863082473561,1.6852876909208998,-0.10121912234373309
KFold,BNBUSDT,7,28,all_available_test,Persistence,7,358,58.809060183696914,1.0784029417729557,1.3968338409681138,1.951144779273734,-0.27243369525201544
KFold,BNBUSDT,14,7,all_available_test,SVR,1,358,100.46925090673295,1.9364341972834151,2.1853257851685224,4.775648787322419,-2.9941459329685167
KFold,BNBUSDT,14,7,all_available_test,SVR,2,358,101.98975962553783,1.9863752581424259,2.2205127094135553,4.930676692667127,-3.1207950116315937
KFold,BNBUSDT,14,7,all_available_test,SVR,3,358,104.44578345853819,2.0421047850523437,2.286590915981482,5.228498017049034,-3.366034836696353
KFold,BNBUSDT,14,7,all_available_test,SVR,4,358,106.7533699643627,2.074398285821832,2.327762225097807,5.418476976592294,-3.5207511613662543
KFold,BNBUSDT,14,7,all_available_test,SVR,5,358,113.28082560133265,2.200955205392112,2.485958393790181,6.179989135655857,-4.150472099406179
KFold,BNBUSDT,14,7,all_available_test,SVR,6,358,119.26967735733936,2.3144914898865925,2.634466935429043,6.940416033868892,-4.781022643473036
KFold,BNBUSDT,14,7,all_available_test,SVR,7,358,125.6723437775463,2.429639245848201,2.7437384228791957,7.528100533183616,-5.254019065297175
KFold,BNBUSDT,14,7,all_available_test,Persistence,1,358,6.470116498356941,0.14751488045213254,0.2633386991359932,0.06934727046263717,0.9420009446640847
KFold,BNBUSDT,14,7,all_available_test,Persistence,2,358,10.918717646252242,0.2483115324851507,0.3839212092923668,0.1473954949445133,0.8768147542085609
KFold,BNBUSDT,14,7,all_available_test,Persistence,3,358,14.487493958139455,0.33099449309016676,0.497591289842816,0.2475970917274373,0.7932451108479486
KFold,BNBUSDT,14,7,all_available_test,Persistence,4,358,17.744846753156775,0.4074750278137638,0.5922575289104428,0.35076898055110395,0.7073459418489697
KFold,BNBUSDT,14,7,all_available_test,Persistence,5,358,20.988563350927464,0.4835712697635637,0.6801977470417223,0.46266897508063487,0.6144064989265117
KFold,BNBUSDT,14,7,all_available_test,Persistence,6,358,23.77442511473677,0.5499310023547622,0.7633783014451297,0.5827464311172514,0.5146010992349728
KFold,BNBUSDT,14,7,all_available_test,Persistence,7,358,26.38804296374376,0.6055379044047994,0.8380162263316192,0.7022711955950877,0.41658358215318014
KFold,BNBUSDT,14,14,all_available_test,SVR,1,358,95.86812465531433,1.91289501229319,2.2804106782778835,5.200272861603796,-3.349283128951974
KFold,BNBUSDT,14,14,all_available_test,SVR,2,358,94.59764356606172,1.8737116571099266,2.231168912977632,4.978114718237788,-3.160441167994665
KFold,BNBUSDT,14,14,all_available_test,SVR,3,358,95.10306897592834,1.874165554170457,2.256246809427509,5.0906496650518145,-3.250925161788084
KFold,BNBUSDT,14,14,all_available_test,SVR,4,358,100.1780326594358,1.981218004637642,2.374507702815408,5.638286830729705,-3.7041432211026404
KFold,BNBUSDT,14,14,all_available_test,SVR,5,358,106.00430462831459,2.1014868379470433,2.507490332262603,6.28750776639042,-4.240079329388139
KFold,BNBUSDT,14,14,all_available_test,SVR,6,358,114.61164479184521,2.2874891577410845,2.7298547864355145,7.452107155024889,-5.207235991985798
KFold,BNBUSDT,14,14,all_available_test,SVR,7,358,125.0187879141016,2.4993944485135513,2.970836392488981,8.825868870936944,-6.332148653348251
KFold,BNBUSDT,14,14,all_available_test,Persistence,1,358,6.470116498356941,0.14751488045213254,0.2633386991359932,0.06934727046263717,0.9420009446640847
KFold,BNBUSDT,14,14,all_available_test,Persistence,2,358,10.918717646252242,0.2483115324851507,0.3839212092923668,0.1473954949445133,0.8768147542085609
KFold,BNBUSDT,14,14,all_available_test,Persistence,3,358,14.487493958139455,0.33099449309016676,0.497591289842816,0.2475970917274373,0.7932451108479486
KFold,BNBUSDT,14,14,all_available_test,Persistence,4,358,17.744846753156775,0.4074750278137638,0.5922575289104428,0.35076898055110395,0.7073459418489697
KFold,BNBUSDT,14,14,all_available_test,Persistence,5,358,20.988563350927464,0.4835712697635637,0.6801977470417223,0.46266897508063487,0.6144064989265117
KFold,BNBUSDT,14,14,all_available_test,Persistence,6,358,23.77442511473677,0.5499310023547622,0.7633783014451297,0.5827464311172514,0.5146010992349728
KFold,BNBUSDT,14,14,all_available_test,Persistence,7,358,26.38804296374376,0.6055379044047994,0.8380162263316192,0.7022711955950877,0.41658358215318014
KFold,BNBUSDT,14,21,all_available_test,SVR,1,358,104.43676914026749,2.203037851709034,2.8687570069002564,8.229766764639317,-5.883020698574745
KFold,BNBUSDT,14,21,all_available_test,SVR,2,358,108.32120801795794,2.26870613857589,2.942066447838978,8.655754983499861,-6.234015568483257
KFold,BNBUSDT,14,21,all_available_test,SVR,3,358,113.33667379447604,2.3524793817272847,3.024263239111227,9.146168139439531,-6.637468463957296
KFold,BNBUSDT,14,21,all_available_test,SVR,4,358,117.73938353310328,2.420785909637931,3.116908314279037,9.715117439621789,-7.105530140242658
KFold,BNBUSDT,14,21,all_available_test,SVR,5,358,124.15252472256485,2.533347780491045,3.240857560397499,10.50315772678563,-7.7534491792809295
KFold,BNBUSDT,14,21,all_available_test,SVR,6,358,132.3429374106171,2.6819764260553876,3.3934551665604715,11.515537967455957,-8.591872506888672
KFold,BNBUSDT,14,21,all_available_test,SVR,7,358,142.32203523694685,2.867090216062829,3.5695207060860934,12.741478071177362,-9.585066767633922
KFold,BNBUSDT,14,21,all_available_test,Persistence,1,358,6.470116498356941,0.14751488045213254,0.2633386991359932,0.06934727046263717,0.9420009446640847
KFold,BNBUSDT,14,21,all_available_test,Persistence,2,358,10.918717646252242,0.2483115324851507,0.3839212092923668,0.1473954949445133,0.8768147542085609
KFold,BNBUSDT,14,21,all_available_test,Persistence,3,358,14.487493958139455,0.33099449309016676,0.497591289842816,0.2475970917274373,0.7932451108479486
KFold,BNBUSDT,14,21,all_available_test,Persistence,4,358,17.744846753156775,0.4074750278137638,0.5922575289104428,0.35076898055110395,0.7073459418489697
KFold,BNBUSDT,14,21,all_available_test,Persistence,5,358,20.988563350927464,0.4835712697635637,0.6801977470417223,0.46266897508063487,0.6144064989265117
KFold,BNBUSDT,14,21,all_available_test,Persistence,6,358,23.77442511473677,0.5499310023547622,0.7633783014451297,0.5827464311172514,0.5146010992349728
KFold,BNBUSDT,14,21,all_available_test,Persistence,7,358,26.38804296374376,0.6055379044047994,0.8380162263316192,0.7022711955950877,0.41658358215318014
KFold,BNBUSDT,14,28,all_available_test,SVR,1,358,111.32625898425589,2.3449110321183113,3.0693454546579813,9.420881520029608,-6.879217522882741
KFold,BNBUSDT,14,28,all_available_test,SVR,2,358,111.97813224235341,2.3239582868048205,3.0207107617532474,9.124693506171884,-6.6259292236338
KFold,BNBUSDT,14,28,all_available_test,SVR,3,358,116.86027212811972,2.398398151362276,3.0772018656819373,9.469171322156397,-6.9071908858664415
KFold,BNBUSDT,14,28,all_available_test,SVR,4,358,122.14493526999404,2.4805167120976406,3.1589570938966602,9.979009921080033,-7.325701278217753
KFold,BNBUSDT,14,28,all_available_test,SVR,5,358,129.09126090690768,2.594827401571748,3.2798812321085835,10.75762089673812,-7.965521632548706
KFold,BNBUSDT,14,28,all_available_test,SVR,6,358,138.8543555056296,2.7780454924165534,3.4708519084881355,12.046812970655733,-9.034398258719868
KFold,BNBUSDT,14,28,all_available_test,SVR,7,358,151.54417153162822,3.024110008228696,3.728384812293635,13.900853308541844,-10.548225376681426
KFold,BNBUSDT,14,28,all_available_test,Persistence,1,358,6.470116498356941,0.14751488045213254,0.2633386991359932,0.06934727046263717,0.9420009446640847
KFold,BNBUSDT,14,28,all_available_test,Persistence,2,358,10.918717646252242,0.2483115324851507,0.3839212092923668,0.1473954949445133,0.8768147542085609
KFold,BNBUSDT,14,28,all_available_test,Persistence,3,358,14.487493958139455,0.33099449309016676,0.497591289842816,0.2475970917274373,0.7932451108479486
KFold,BNBUSDT,14,28,all_available_test,Persistence,4,358,17.744846753156775,0.4074750278137638,0.5922575289104428,0.35076898055110395,0.7073459418489697
KFold,BNBUSDT,14,28,all_available_test,Persistence,5,358,20.988563350927464,0.4835712697635637,0.6801977470417223,0.46266897508063487,0.6144064989265117
KFold,BNBUSDT,14,28,all_available_test,Persistence,6,358,23.77442511473677,0.5499310023547622,0.7633783014451297,0.5827464311172514,0.5146010992349728
KFold,BNBUSDT,14,28,all_available_test,Persistence,7,358,26.38804296374376,0.6055379044047994,0.8380162263316192,0.7022711955950877,0.41658358215318014
KFold,BNBUSDT,21,7,all_available_test,SVR,1,358,98.87375929092943,2.0530986099220865,2.3406120129809835,5.478464595310891,-4.3937132540354735
KFold,BNBUSDT,21,7,all_available_test,SVR,2,358,101.16187708046549,2.0997301359962215,2.3654877516980735,5.595532303433606,-4.495049111626493
KFold,BNBUSDT,21,7,all_available_test,SVR,3,358,102.76349135050454,2.1382941083394464,2.3869879943709553,5.697711685271076,-4.581858652913533
KFold,BNBUSDT,21,7,all_available_test,SVR,4,358,105.45819109703044,2.1957860127284317,2.4377368279477603,5.942560842332807,-4.809126805942662
KFold,BNBUSDT,21,7,all_available_test,SVR,5,358,109.13246667512824,2.270590957320558,2.4992459346352613,6.24623024179088,-5.0928857062333135
KFold,BNBUSDT,21,7,all_available_test,SVR,6,358,113.21580337558505,2.3574367531100187,2.5759400133620893,6.635466952439882,-5.459542936095822
KFold,BNBUSDT,21,7,all_available_test,SVR,7,358,118.41339165577891,2.467238764650581,2.686824261200902,7.2190246105777724,-6.0145793384726085
KFold,BNBUSDT,21,7,all_available_test,Persistence,1,358,4.276591948915297,0.1004883552643157,0.18534246770371243,0.03435183033450168,0.9661795893078935
KFold,BNBUSDT,21,7,all_available_test,Persistence,2,358,7.362775797028553,0.1702741317060496,0.26520668454322577,0.07033458552641007,0.930928465648147
KFold,BNBUSDT,21,7,all_available_test,Persistence,3,358,10.02378094861006,0.23242709689762076,0.34891239576499633,0.12173985991846945,0.8807355078623884
KFold,BNBUSDT,21,7,all_available_test,Persistence,4,358,12.555143069131422,0.2916281138083891,0.4210722015583091,0.1773017989251613,0.8266793289618746
KFold,BNBUSDT,21,7,all_available_test,Persistence,5,358,14.873492905868517,0.3469417537590858,0.48650811730036625,0.23669014819914694,0.7691205791422524
KFold,BNBUSDT,21,7,all_available_test,Persistence,6,358,17.014445559274,0.3981617252553164,0.5472956435837905,0.2995325214857954,0.7084088886038243
KFold,BNBUSDT,21,7,all_available_test,Persistence,7,358,18.86268014186821,0.4429667023279824,0.6022841153677083,0.362746155624263,0.6475269408800817
KFold,BNBUSDT,21,14,all_available_test,SVR,1,358,102.09684757752612,2.1898256736827406,2.5326181407436628,6.414154646823888,-5.3149282668758335
KFold,BNBUSDT,21,14,all_available_test,SVR,2,358,101.2665185431092,2.1583890311936624,2.461962284046345,6.061258288066696,-4.95241170366247
KFold,BNBUSDT,21,14,all_available_test,SVR,3,358,101.77823768101021,2.154775855363649,2.432474655883114,5.916932951513675,-4.796622436950227
KFold,BNBUSDT,21,14,all_available_test,SVR,4,358,102.73392050736574,2.1659272582644062,2.4234553862381323,5.873136009086616,-4.741260835276346
KFold,BNBUSDT,21,14,all_available_test,SVR,5,358,106.15572771956332,2.229766448150571,2.464969209047424,6.076073201551881,-4.926906009975764
KFold,BNBUSDT,21,14,all_available_test,SVR,6,358,109.06667598808356,2.2925010702877424,2.5107037537751578,6.303633339220667,-5.136507121496345
KFold,BNBUSDT,21,14,all_available_test,SVR,7,358,112.74721949632413,2.3691086053394943,2.583019668111346,6.6719906058500476,-5.483037525831812
KFold,BNBUSDT,21,14,all_available_test,Persistence,1,358,4.276591948915297,0.1004883552643157,0.18534246770371243,0.03435183033450168,0.9661795893078935
KFold,BNBUSDT,21,14,all_available_test,Persistence,2,358,7.362775797028553,0.1702741317060496,0.26520668454322577,0.07033458552641007,0.930928465648147
KFold,BNBUSDT,21,14,all_available_test,Persistence,3,358,10.02378094861006,0.23242709689762076,0.34891239576499633,0.12173985991846945,0.8807355078623884
KFold,BNBUSDT,21,14,all_available_test,Persistence,4,358,12.555143069131422,0.2916281138083891,0.4210722015583091,0.1773017989251613,0.8266793289618746
KFold,BNBUSDT,21,14,all_available_test,Persistence,5,358,14.873492905868517,0.3469417537590858,0.48650811730036625,0.23669014819914694,0.7691205791422524
KFold,BNBUSDT,21,14,all_available_test,Persistence,6,358,17.014445559274,0.3981617252553164,0.5472956435837905,0.2995325214857954,0.7084088886038243
KFold,BNBUSDT,21,14,all_available_test,Persistence,7,358,18.86268014186821,0.4429667023279824,0.6022841153677083,0.362746155624263,0.6475269408800817
KFold,BNBUSDT,21,21,all_available_test,SVR,1,358,110.87591982301625,2.425668304192005,2.8465519817689384,8.10285818491267,-6.977507717206148
KFold,BNBUSDT,21,21,all_available_test,SVR,2,358,111.78628332169335,2.434461403168279,2.819906683764741,7.951873705141058,-6.809075914437693
KFold,BNBUSDT,21,21,all_available_test,SVR,3,358,114.57353628866343,2.4821046706976544,2.861289361408326,8.186976809708467,-7.020508911429669
KFold,BNBUSDT,21,21,all_available_test,SVR,4,358,117.72539035953571,2.541581132418858,2.9363317483729654,8.622044136503035,-7.428445083570839
KFold,BNBUSDT,21,21,all_available_test,SVR,5,358,121.83840066446844,2.6130299911025117,3.0257175758766524,9.154966848968884,-7.9302130238365045
KFold,BNBUSDT,21,21,all_available_test,SVR,6,358,126.47563848982185,2.7086057065967815,3.1560111403481916,9.960406318001892,-8.696329246042803
KFold,BNBUSDT,21,21,all_available_test,SVR,7,358,130.02820564249498,2.785052922771248,3.2555616066233912,10.598681374520275,-9.298523054739134
KFold,BNBUSDT,21,21,all_available_test,Persistence,1,358,4.276591948915297,0.1004883552643157,0.18534246770371243,0.03435183033450168,0.9661795893078935
KFold,BNBUSDT,21,21,all_available_test,Persistence,2,358,7.362775797028553,0.1702741317060496,0.26520668454322577,0.07033458552641007,0.930928465648147
KFold,BNBUSDT,21,21,all_available_test,Persistence,3,358,10.02378094861006,0.23242709689762076,0.34891239576499633,0.12173985991846945,0.8807355078623884
KFold,BNBUSDT,21,21,all_available_test,Persistence,4,358,12.555143069131422,0.2916281138083891,0.4210722015583091,0.1773017989251613,0.8266793289618746
KFold,BNBUSDT,21,21,all_available_test,Persistence,5,358,14.873492905868517,0.3469417537590858,0.48650811730036625,0.23669014819914694,0.7691205791422524
KFold,BNBUSDT,21,21,all_available_test,Persistence,6,358,17.014445559274,0.3981617252553164,0.5472956435837905,0.2995325214857954,0.7084088886038243
KFold,BNBUSDT,21,21,all_available_test,Persistence,7,358,18.86268014186821,0.4429667023279824,0.6022841153677083,0.362746155624263,0.6475269408800817
KFold,BNBUSDT,21,28,all_available_test,SVR,1,358,118.4285069595081,2.6100288430053515,3.2194331541017105,10.364749833729288,-9.204408111133402
KFold,BNBUSDT,21,28,all_available_test,SVR,2,358,119.38821507967748,2.6126343409453265,3.210235046113349,10.305609051294375,-9.120543460598938
KFold,BNBUSDT,21,28,all_available_test,SVR,3,358,121.44514873433202,2.646804595053792,3.2262044348309264,10.408395055322739,-9.196758490374817
KFold,BNBUSDT,21,28,all_available_test,SVR,4,358,122.67383470846544,2.6633534123035774,3.2364039315024082,10.474310407844245,-9.239120638113034
KFold,BNBUSDT,21,28,all_available_test,SVR,5,358,124.96811929744231,2.707242911298094,3.2616971669254577,10.638668408729556,-9.377489809328479
KFold,BNBUSDT,21,28,all_available_test,SVR,6,358,128.73920629254798,2.7835401589251463,3.321248715550613,11.030693030546598,-9.738239788762517
KFold,BNBUSDT,21,28,all_available_test,SVR,7,358,132.8161329725906,2.866637530109685,3.3953397937275818,11.528332314870058,-10.201845959140107
KFold,BNBUSDT,21,28,all_available_test,Persistence,1,358,4.276591948915297,0.1004883552643157,0.18534246770371243,0.03435183033450168,0.9661795893078935
KFold,BNBUSDT,21,28,all_available_test,Persistence,2,358,7.362775797028553,0.1702741317060496,0.26520668454322577,0.07033458552641007,0.930928465648147
KFold,BNBUSDT,21,28,all_available_test,Persistence,3,358,10.02378094861006,0.23242709689762076,0.34891239576499633,0.12173985991846945,0.8807355078623884
KFold,BNBUSDT,21,28,all_available_test,Persistence,4,358,12.555143069131422,0.2916281138083891,0.4210722015583091,0.1773017989251613,0.8266793289618746
KFold,BNBUSDT,21,28,all_available_test,Persistence,5,358,14.873492905868517,0.3469417537590858,0.48650811730036625,0.23669014819914694,0.7691205791422524
KFold,BNBUSDT,21,28,all_available_test,Persistence,6,358,17.014445559274,0.3981617252553164,0.5472956435837905,0.2995325214857954,0.7084088886038243
KFold,BNBUSDT,21,28,all_available_test,Persistence,7,358,18.86268014186821,0.4429667023279824,0.6022841153677083,0.362746155624263,0.6475269408800817
KFold,BNBUSDT,28,7,all_available_test,SVR,1,358,83.58057005567417,1.7977206876124283,1.9950080117021987,3.98005696675596,-3.4966223476421545
KFold,BNBUSDT,28,7,all_available_test,SVR,2,358,87.25036388146182,1.8891186207549053,2.0964527326388938,4.395114060189084,-3.9663813348977257
KFold,BNBUSDT,28,7,all_available_test,SVR,3,358,91.77129037455785,2.0002024367532285,2.2096525728592393,4.882564492743455,-4.518003977950315
KFold,BNBUSDT,28,7,all_available_test,SVR,4,358,97.19476785222977,2.122475651354025,2.328890363237555,5.423730323980751,-5.1301852859753865
KFold,BNBUSDT,28,7,all_available_test,SVR,5,358,102.58826700254241,2.243579098921453,2.4458009534567995,5.98194230393019,-5.758215816970921
KFold,BNBUSDT,28,7,all_available_test,SVR,6,358,108.67719324296189,2.383024389718214,2.589304849081145,6.704499601475133,-6.561216498627508
KFold,BNBUSDT,28,7,all_available_test,SVR,7,358,114.19674895348713,2.5083873823474803,2.7106812365840725,7.347792766368955,-7.259816679086702
KFold,BNBUSDT,28,7,all_available_test,Persistence,1,358,2.810691407980291,0.06811315439382787,0.13272868845010508,0.017616904737685055,0.9800966246962226
KFold,BNBUSDT,28,7,all_available_test,Persistence,2,358,4.671482014088857,0.11453535389887642,0.19067193670070054,0.03635578744519595,0.9589187671330736
KFold,BNBUSDT,28,7,all_available_test,Persistence,3,358,6.312303641504628,0.15609001341637257,0.2523317667262387,0.06367132049918493,0.9280421998894194
KFold,BNBUSDT,28,7,all_available_test,Persistence,4,358,7.699751221671686,0.1914015396787779,0.3053255471042684,0.09322368971452082,0.8946336825661249
KFold,BNBUSDT,28,7,all_available_test,Persistence,5,358,9.105990829077639,0.2287546032868391,0.35524218302781296,0.12619700860236616,0.8574264718282913
KFold,BNBUSDT,28,7,all_available_test,Persistence,6,358,10.421430581488034,0.2638381327828887,0.4046271535104939,0.16372313335800479,0.8153559354554719
KFold,BNBUSDT,28,7,all_available_test,Persistence,7,358,11.862809006881841,0.30085123730587693,0.4509551507749807,0.20336054801048561,0.7713979014196823
KFold,BNBUSDT,28,14,all_available_test,SVR,1,358,100.59788924624941,2.2400084696611353,2.556539834061287,6.535895923142113,-6.384179652538655
KFold,BNBUSDT,28,14,all_available_test,SVR,2,358,102.50058355760322,2.278064090571041,2.5788429899259517,6.650431166690222,-6.51483960665437
KFold,BNBUSDT,28,14,all_available_test,SVR,3,358,104.57911432211127,2.3218395498642233,2.6012968867080906,6.766745492797205,-6.647400992352695
KFold,BNBUSDT,28,14,all_available_test,SVR,4,358,107.2196671560253,2.3769521005565184,2.640007969583195,6.9696420794627825,-6.877456062874353
KFold,BNBUSDT,28,14,all_available_test,SVR,5,358,110.10446877346013,2.437740832505343,2.6874082662797516,7.2221631896687395,-7.159379516097392
KFold,BNBUSDT,28,14,all_available_test,SVR,6,358,113.70310650444482,2.5167792192403535,2.7456772012465547,7.538743293445114,-7.5020618327388675
KFold,BNBUSDT,28,14,all_available_test,SVR,7,358,117.73445058688576,2.603314051852953,2.819975784130319,7.952263423081406,-7.939315539640344
KFold,BNBUSDT,28,14,all_available_test,Persistence,1,358,2.810691407980291,0.06811315439382787,0.13272868845010508,0.017616904737685055,0.9800966246962226
KFold,BNBUSDT,28,14,all_available_test,Persistence,2,358,4.671482014088857,0.11453535389887642,0.19067193670070054,0.03635578744519595,0.9589187671330736
KFold,BNBUSDT,28,14,all_available_test,Persistence,3,358,6.312303641504628,0.15609001341637257,0.2523317667262387,0.06367132049918493,0.9280421998894194
KFold,BNBUSDT,28,14,all_available_test,Persistence,4,358,7.699751221671686,0.1914015396787779,0.3053255471042684,0.09322368971452082,0.8946336825661249
KFold,BNBUSDT,28,14,all_available_test,Persistence,5,358,9.105990829077639,0.2287546032868391,0.35524218302781296,0.12619700860236616,0.8574264718282913
KFold,BNBUSDT,28,14,all_available_test,Persistence,6,358,10.421430581488034,0.2638381327828887,0.4046271535104939,0.16372313335800479,0.8153559354554719
KFold,BNBUSDT,28,14,all_available_test,Persistence,7,358,11.862809006881841,0.30085123730587693,0.4509551507749807,0.20336054801048561,0.7713979014196823
KFold,BNBUSDT,28,21,all_available_test,SVR,1,358,111.00662664668373,2.4988248314560053,2.924995396560143,8.555598069898027,-8.666015788187197
KFold,BNBUSDT,28,21,all_available_test,SVR,2,358,112.9699516294866,2.542075781120933,2.951533004677538,8.711547077700816,-8.843854837959507
KFold,BNBUSDT,28,21,all_available_test,SVR,3,358,115.67429953709555,2.596943125032327,2.9954745079180976,8.97286752758717,-9.140637934108847
KFold,BNBUSDT,28,21,all_available_test,SVR,4,358,119.3184418811043,2.6704680666007863,3.0597567677734565,9.36211147793547,-9.581550814565349
KFold,BNBUSDT,28,21,all_available_test,SVR,5,358,124.12148809654335,2.777946694545562,3.1501303336408957,9.923321118924502,-10.21106529207671
KFold,BNBUSDT,28,21,all_available_test,SVR,6,358,128.4651163629093,2.8760004320936505,3.2257001799765472,10.40514165110073,-10.734735386597505
KFold,BNBUSDT,28,21,all_available_test,SVR,7,358,132.9588863669835,2.975643404215877,3.3043572574004987,10.918776884535346,-11.27403906094088
KFold,BNBUSDT,28,21,all_available_test,Persistence,1,358,2.810691407980291,0.06811315439382787,0.13272868845010508,0.017616904737685055,0.9800966246962226
KFold,BNBUSDT,28,21,all_available_test,Persistence,2,358,4.671482014088857,0.11453535389887642,0.19067193670070054,0.03635578744519595,0.9589187671330736
KFold,BNBUSDT,28,21,all_available_test,Persistence,3,358,6.312303641504628,0.15609001341637257,0.2523317667262387,0.06367132049918493,0.9280421998894194
KFold,BNBUSDT,28,21,all_available_test,Persistence,4,358,7.699751221671686,0.1914015396787779,0.3053255471042684,0.09322368971452082,0.8946336825661249
KFold,BNBUSDT,28,21,all_available_test,Persistence,5,358,9.105990829077639,0.2287546032868391,0.35524218302781296,0.12619700860236616,0.8574264718282913
KFold,BNBUSDT,28,21,all_available_test,Persistence,6,358,10.421430581488034,0.2638381327828887,0.4046271535104939,0.16372313335800479,0.8153559354554719
KFold,BNBUSDT,28,21,all_available_test,Persistence,7,358,11.862809006881841,0.30085123730587693,0.4509551507749807,0.20336054801048561,0.7713979014196823
KFold,BNBUSDT,28,28,all_available_test,SVR,1,358,121.87581593891908,2.763025891707032,3.3049725678206494,10.922843674047016,-11.340502504052004
KFold,BNBUSDT,28,28,all_available_test,SVR,2,358,121.85564002543411,2.7551420859363183,3.285009184737771,10.791285343811515,-11.193912917189508
KFold,BNBUSDT,28,28,all_available_test,SVR,3,358,123.79844725984344,2.7929302498890456,3.3093611617815553,10.951871299108165,-11.37719839324077
KFold,BNBUSDT,28,28,all_available_test,SVR,4,358,126.02112444686266,2.8422420574439817,3.3411440870409104,11.163243810368439,-11.617285311458875
KFold,BNBUSDT,28,28,all_available_test,SVR,5,358,129.27732344670727,2.9122951406912514,3.391818518373133,11.504432861578916,-11.997357075697735
KFold,BNBUSDT,28,28,all_available_test,SVR,6,358,132.9395880804037,2.99423908878789,3.456877181321099,11.949999846738505,-12.476999234942905
KFold,BNBUSDT,28,28,all_available_test,SVR,7,358,137.68117389457254,3.0984098152016384,3.5470036406176555,12.581234826554903,-13.142844874385046
KFold,BNBUSDT,28,28,all_available_test,Persistence,1,358,2.810691407980291,0.06811315439382787,0.13272868845010508,0.017616904737685055,0.9800966246962226
KFold,BNBUSDT,28,28,all_available_test,Persistence,2,358,4.671482014088857,0.11453535389887642,0.19067193670070054,0.03635578744519595,0.9589187671330736
KFold,BNBUSDT,28,28,all_available_test,Persistence,3,358,6.312303641504628,0.15609001341637257,0.2523317667262387,0.06367132049918493,0.9280421998894194
KFold,BNBUSDT,28,28,all_available_test,Persistence,4,358,7.699751221671686,0.1914015396787779,0.3053255471042684,0.09322368971452082,0.8946336825661249
KFold,BNBUSDT,28,28,all_available_test,Persistence,5,358,9.105990829077639,0.2287546032868391,0.35524218302781296,0.12619700860236616,0.8574264718282913
KFold,BNBUSDT,28,28,all_available_test,Persistence,6,358,10.421430581488034,0.2638381327828887,0.4046271535104939,0.16372313335800479,0.8153559354554719
KFold,BNBUSDT,28,28,all_available_test,Persistence,7,358,11.862809006881841,0.30085123730587693,0.4509551507749807,0.20336054801048561,0.7713979014196823
KFold,BTCUSDT,7,7,all_available_test,SVR,1,358,63.036228215543936,1.176110765790606,1.6066521670639806,2.5813311859313854,-2.36841901527854
KFold,BTCUSDT,7,7,all_available_test,SVR,2,358,67.0273367284672,1.2649414928114437,1.7181556237455644,2.9520587474085094,-2.829673978049962
KFold,BTCUSDT,7,7,all_available_test,SVR,3,358,72.64587648728445,1.395902607922599,1.8550350272729172,3.441154952409433,-3.4424824547403006
KFold,BTCUSDT,7,7,all_available_test,SVR,4,358,75.16095172455012,1.4551641625577554,1.9184443141820764,3.6804285866175377,-3.727717843059236
KFold,BTCUSDT,7,7,all_available_test,SVR,5,358,82.68499009408873,1.5806796821036495,2.00520240130105,4.020836670183497,-4.149149550961591
KFold,BTCUSDT,7,7,all_available_test,SVR,6,358,91.16040755692394,1.718103483458286,2.0981008267759904,4.402027079318095,-4.616111638891116
KFold,BTCUSDT,7,7,all_available_test,SVR,7,358,94.15519190593038,1.7547288010066437,2.06526495119077,4.265319318617014,-4.431691105714941
KFold,BTCUSDT,7,7,all_available_test,Persistence,1,358,14.403087364008488,0.24118202983506548,0.38845289595074683,0.15089565237252173,0.8030939278366689
KFold,BTCUSDT,7,7,all_available_test,Persistence,2,358,23.638696355614012,0.392766014200084,0.5723476360160199,0.3275818164531264,0.5750316421534027
KFold,BTCUSDT,7,7,all_available_test,Persistence,3,358,30.465366050573742,0.5026500266206466,0.7038733877420092,0.49543774597141294,0.3603968654904649
KFold,BTCUSDT,7,7,all_available_test,Persistence,4,358,36.362286477358104,0.6028728081573382,0.8185885791662467,0.6700872619414145,0.13923516510922485
KFold,BTCUSDT,7,7,all_available_test,Persistence,5,358,41.92072339643964,0.6938488950564676,0.9159907314568434,0.839039020114843,-0.07448716474883121
KFold,BTCUSDT,7,7,all_available_test,Persistence,6,358,46.465718508855936,0.7715525278078036,1.0023893157614636,1.004784340352735,-0.28190511479194846
KFold,BTCUSDT,7,7,all_available_test,Persistence,7,358,50.614028779639675,0.840671076808359,1.0752321570777823,1.1561241916141405,-0.47227183232990244
KFold,BTCUSDT,7,14,all_available_test,SVR,1,358,88.77563735725383,1.6617709334919522,2.108276127217388,4.44482822859475,-4.800125147228341
KFold,BTCUSDT,7,14,all_available_test,SVR,2,358,92.2175093105527,1.725525983938376,2.1772627419690336,4.740473047566515,-5.149764563408414
KFold,BTCUSDT,7,14,all_available_test,SVR,3,358,92.2690774872782,1.7325866791183573,2.19452321030079,4.815932120548885,-5.217300367069637
KFold,BTCUSDT,7,14,all_available_test,SVR,4,358,89.82311923536125,1.696595836123558,2.1404897274782098,4.581696273439741,-4.8854469564172085
KFold,BTCUSDT,7,14,all_available_test,SVR,5,358,86.03993813841531,1.6271632281286879,2.031931390787893,4.128745176869221,-4.287338958869169
KFold,BTCUSDT,7,14,all_available_test,SVR,6,358,85.5396083157063,1.618182287632562,2.0027018181016114,4.010814572227499,-4.117002234345697
KFold,BTCUSDT,7,14,all_available_test,SVR,7,358,86.62206273875785,1.6079378123009365,1.961085901654071,3.8458579136663604,-3.8975259911556153
KFold,BTCUSDT,7,14,all_available_test,Persistence,1,358,14.403087364008488,0.24118202983506548,0.38845289595074683,0.15089565237252173,0.8030939278366689
KFold,BTCUSDT,7,14,all_available_test,Persistence,2,358,23.638696355614012,0.392766014200084,0.5723476360160199,0.3275818164531264,0.5750316421534027
KFold,BTCUSDT,7,14,all_available_test,Persistence,3,358,30.465366050573742,0.5026500266206466,0.7038733877420092,0.49543774597141294,0.3603968654904649
KFold,BTCUSDT,7,14,all_available_test,Persistence,4,358,36.362286477358104,0.6028728081573382,0.8185885791662467,0.6700872619414145,0.13923516510922485
KFold,BTCUSDT,7,14,all_available_test,Persistence,5,358,41.92072339643964,0.6938488950564676,0.9159907314568434,0.839039020114843,-0.07448716474883121
KFold,BTCUSDT,7,14,all_available_test,Persistence,6,358,46.465718508855936,0.7715525278078036,1.0023893157614636,1.004784340352735,-0.28190511479194846
KFold,BTCUSDT,7,14,all_available_test,Persistence,7,358,50.614028779639675,0.840671076808359,1.0752321570777823,1.1561241916141405,-0.47227183232990244
KFold,BTCUSDT,7,21,all_available_test,SVR,1,358,78.51219263499556,1.4768820863422916,1.9314540155759505,3.730514614284464,-3.8680062566230866
KFold,BTCUSDT,7,21,all_available_test,SVR,2,358,83.44616600241372,1.5614936060558002,2.024305567434372,4.097813030345794,-4.316048653505231
KFold,BTCUSDT,7,21,all_available_test,SVR,3,358,97.36909135014126,1.792319656786865,2.2834239860750283,5.214025100182771,-5.731232782737389
KFold,BTCUSDT,7,21,all_available_test,SVR,4,358,106.10776281226977,1.9397431478964224,2.421030649821527,5.861389407375244,-6.529284873812444
KFold,BTCUSDT,7,21,all_available_test,SVR,5,358,123.90530955555353,2.2179032401478342,2.67683546884659,7.165448127275143,-8.176190687027727
KFold,BTCUSDT,7,21,all_available_test,SVR,6,358,150.11879406384878,2.631253492930599,3.0749691455963464,9.455435246369523,-11.063256082046449
KFold,BTCUSDT,7,21,all_available_test,SVR,7,358,177.02226006559644,3.0511178004579116,3.469862722249466,12.039947311256475,-14.332327977974856
KFold,BTCUSDT,7,21,all_available_test,Persistence,1,358,14.403087364008488,0.24118202983506548,0.38845289595074683,0.15089565237252173,0.8030939278366689
KFold,BTCUSDT,7,21,all_available_test,Persistence,2,358,23.638696355614012,0.392766014200084,0.5723476360160199,0.3275818164531264,0.5750316421534027
KFold,BTCUSDT,7,21,all_available_test,Persistence,3,358,30.465366050573742,0.5026500266206466,0.7038733877420092,0.49543774597141294,0.3603968654904649
KFold,BTCUSDT,7,21,all_available_test,Persistence,4,358,36.362286477358104,0.6028728081573382,0.8185885791662467,0.6700872619414145,0.13923516510922485
KFold,BTCUSDT,7,21,all_available_test,Persistence,5,358,41.92072339643964,0.6938488950564676,0.9159907314568434,0.839039020114843,-0.07448716474883121
KFold,BTCUSDT,7,21,all_available_test,Persistence,6,358,46.465718508855936,0.7715525278078036,1.0023893157614636,1.004784340352735,-0.28190511479194846
KFold,BTCUSDT,7,21,all_available_test,Persistence,7,358,50.614028779639675,0.840671076808359,1.0752321570777823,1.1561241916141405,-0.47227183232990244
KFold,BTCUSDT,7,28,all_available_test,SVR,1,358,131.9646375157546,2.388954315015296,2.895505211261501,8.38395042844251,-9.940346670831676
KFold,BTCUSDT,7,28,all_available_test,SVR,2,358,138.99120807198912,2.498342260383287,3.008120509259951,9.048788998230348,-10.738896385381485
KFold,BTCUSDT,7,28,all_available_test,SVR,3,358,148.60662103959737,2.663271648853632,3.2020273444426732,10.252979114558597,-12.236451265687109
KFold,BTCUSDT,7,28,all_available_test,SVR,4,358,159.45913354345805,2.8364478007348928,3.3581837533700147,11.27739812139832,-13.486453158113695
KFold,BTCUSDT,7,28,all_available_test,SVR,5,358,174.271867538056,3.060007074659509,3.5609138774727414,12.680107642777955,-15.238354335336645
KFold,BTCUSDT,7,28,all_available_test,SVR,6,358,190.62053067716244,3.3077183654513633,3.78517175464771,14.327525212182824,-17.279074537885503
KFold,BTCUSDT,7,28,all_available_test,SVR,7,358,206.78339254349947,3.533155639319994,3.9627833641749057,15.703651991381385,-18.997890070393552
KFold,BTCUSDT,7,28,all_available_test,Persistence,1,358,14.403087364008488,0.24118202983506548,0.38845289595074683,0.15089565237252173,0.8030939278366689
KFold,BTCUSDT,7,28,all_available_test,Persistence,2,358,23.638696355614012,0.392766014200084,0.5723476360160199,0.3275818164531264,0.5750316421534027
KFold,BTCUSDT,7,28,all_available_test,Persistence,3,358,30.465366050573742,0.5026500266206466,0.7038733877420092,0.49543774597141294,0.3603968654904649
KFold,BTCUSDT,7,28,all_available_test,Persistence,4,358,36.362286477358104,0.6028728081573382,0.8185885791662467,0.6700872619414145,0.13923516510922485
KFold,BTCUSDT,7,28,all_available_test,Persistence,5,358,41.92072339643964,0.6938488950564676,0.9159907314568434,0.839039020114843,-0.07448716474883121
KFold,BTCUSDT,7,28,all_available_test,Persistence,6,358,46.465718508855936,0.7715525278078036,1.0023893157614636,1.004784340352735,-0.28190511479194846
KFold,BTCUSDT,7,28,all_available_test,Persistence,7,358,50.614028779639675,0.840671076808359,1.0752321570777823,1.1561241916141405,-0.47227183232990244
KFold,BTCUSDT,14,7,all_available_test,SVR,1,358,41.09959291705536,0.8249086106890174,1.1357280939689938,1.2898783034304435,-1.4102019162026012
KFold,BTCUSDT,14,7,all_available_test,SVR,2,358,41.28718011152485,0.8459682089356789,1.1730510273179846,1.376048712691779,-1.5660146199195943
KFold,BTCUSDT,14,7,all_available_test,SVR,3,358,42.543453775810455,0.8927944169607224,1.2401676458863082,1.5380157899031879,-1.8624837782787242
KFold,BTCUSDT,14,7,all_available_test,SVR,4,358,46.41465236028165,0.9862068773864437,1.3491793651902444,1.820284959455151,-2.3782069908105257
KFold,BTCUSDT,14,7,all_available_test,SVR,5,358,52.83472488738715,1.1166498314939042,1.488022701539088,2.214211560295686,-3.0950210825167632
KFold,BTCUSDT,14,7,all_available_test,SVR,6,358,63.056588534615194,1.304246286196569,1.6738873193912824,2.8018987580189334,-4.162144865687299
KFold,BTCUSDT,14,7,all_available_test,SVR,7,358,75.37453688436045,1.5171079875321478,1.8590935290809203,3.4562287498705504,-5.341356349083579
KFold,BTCUSDT,14,7,all_available_test,Persistence,1,358,5.8367038086877265,0.11138757661428128,0.2010107330332776,0.0404053147945756,0.9245006549194144
KFold,BTCUSDT,14,7,all_available_test,Persistence,2,358,9.758063350846493,0.18493757070038958,0.3019636387320583,0.091182039116305,0.8299664515590977
KFold,BTCUSDT,14,7,all_available_test,Persistence,3,358,12.658532631501416,0.24172130722288343,0.37563739627498977,0.14110345348025372,0.7373847854502474
KFold,BTCUSDT,14,7,all_available_test,Persistence,4,358,15.298040126819105,0.295578735526339,0.4409864305358498,0.19446903191674988,0.6390913193536685
KFold,BTCUSDT,14,7,all_available_test,Persistence,5,358,17.657427299463787,0.3425426270088841,0.5011198652119861,0.2511211193100792,0.5355699986939566
KFold,BTCUSDT,14,7,all_available_test,Persistence,6,358,19.975438769214115,0.3877302388344756,0.5544003715126047,0.30735977193331415,0.43372840861452167
KFold,BTCUSDT,14,7,all_available_test,Persistence,7,358,22.271559894805833,0.4330098082054798,0.6094716823683707,0.37145573160893214,0.3184672275728243
KFold,BTCUSDT,14,14,all_available_test,SVR,1,358,68.66580687608084,1.4191777286752043,1.8257430426120278,3.3333376576462244,-5.228507595206987
KFold,BTCUSDT,14,14,all_available_test,SVR,2,358,68.53340375794228,1.4257108688362718,1.8287758959381586,3.3444212775644147,-5.236577102429003
KFold,BTCUSDT,14,14,all_available_test,SVR,3,358,70.29418308933505,1.464406376731146,1.8620324586551842,3.46716487708547,-5.452926740043174
KFold,BTCUSDT,14,14,all_available_test,SVR,4,358,72.89488922689985,1.5114405633455767,1.8995335070127557,3.6082275442641785,-5.696390832189739
KFold,BTCUSDT,14,14,all_available_test,SVR,5,358,73.90545630647948,1.523661653336269,1.8997642463307198,3.6091041916365283,-5.674772193754408
KFold,BTCUSDT,14,14,all_available_test,SVR,6,358,82.751007860575,1.668264429953454,2.020948589396877,4.084233200985226,-6.524684247921359
KFold,BTCUSDT,14,14,all_available_test,SVR,7,358,90.5955824505185,1.794089810993566,2.1213742029652103,4.5002285090062815,-7.25684718610791
KFold,BTCUSDT,14,14,all_available_test,Persistence,1,358,5.8367038086877265,0.11138757661428128,0.2010107330332776,0.0404053147945756,0.9245006549194144
KFold,BTCUSDT,14,14,all_available_test,Persistence,2,358,9.758063350846493,0.18493757070038958,0.3019636387320583,0.091182039116305,0.8299664515590977
KFold,BTCUSDT,14,14,all_available_test,Persistence,3,358,12.658532631501416,0.24172130722288343,0.37563739627498977,0.14110345348025372,0.7373847854502474
KFold,BTCUSDT,14,14,all_available_test,Persistence,4,358,15.298040126819105,0.295578735526339,0.4409864305358498,0.19446903191674988,0.6390913193536685
KFold,BTCUSDT,14,14,all_available_test,Persistence,5,358,17.657427299463787,0.3425426270088841,0.5011198652119861,0.2511211193100792,0.5355699986939566
KFold,BTCUSDT,14,14,all_available_test,Persistence,6,358,19.975438769214115,0.3877302388344756,0.5544003715126047,0.30735977193331415,0.43372840861452167
KFold,BTCUSDT,14,14,all_available_test,Persistence,7,358,22.271559894805833,0.4330098082054798,0.6094716823683707,0.37145573160893214,0.3184672275728243
KFold,BTCUSDT,14,21,all_available_test,SVR,1,358,68.96564049755945,1.4294146726855423,1.8205676582057617,3.3144665981048114,-5.1932460796465465
KFold,BTCUSDT,14,21,all_available_test,SVR,2,358,67.05127637537821,1.3901441251262496,1.7724387326975268,3.1415390611664153,-4.858248393134562
KFold,BTCUSDT,14,21,all_available_test,SVR,3,358,67.61519689278963,1.4016966224242533,1.7909302448296451,3.2074311418455728,-4.969522337645754
KFold,BTCUSDT,14,21,all_available_test,SVR,4,358,69.32797723690167,1.429296727352523,1.8260924844636564,3.3346137618146487,-5.188600011938288
KFold,BTCUSDT,14,21,all_available_test,SVR,5,358,75.03109640213926,1.5241829937726714,1.9071052290390431,3.6370503546280615,-5.726456562437993
KFold,BTCUSDT,14,21,all_available_test,SVR,6,358,93.72469649895844,1.8488852585294797,2.2240873288807346,4.946564446487841,-8.113420742683378
KFold,BTCUSDT,14,21,all_available_test,SVR,7,358,115.59265859336915,2.2269061713016907,2.5766579121888062,6.639165996445177,-11.18128789819085
KFold,BTCUSDT,14,21,all_available_test,Persistence,1,358,5.8367038086877265,0.11138757661428128,0.2010107330332776,0.0404053147945756,0.9245006549194144
KFold,BTCUSDT,14,21,all_available_test,Persistence,2,358,9.758063350846493,0.18493757070038958,0.3019636387320583,0.091182039116305,0.8299664515590977
KFold,BTCUSDT,14,21,all_available_test,Persistence,3,358,12.658532631501416,0.24172130722288343,0.37563739627498977,0.14110345348025372,0.7373847854502474
KFold,BTCUSDT,14,21,all_available_test,Persistence,4,358,15.298040126819105,0.295578735526339,0.4409864305358498,0.19446903191674988,0.6390913193536685
KFold,BTCUSDT,14,21,all_available_test,Persistence,5,358,17.657427299463787,0.3425426270088841,0.5011198652119861,0.2511211193100792,0.5355699986939566
KFold,BTCUSDT,14,21,all_available_test,Persistence,6,358,19.975438769214115,0.3877302388344756,0.5544003715126047,0.30735977193331415,0.43372840861452167
KFold,BTCUSDT,14,21,all_available_test,Persistence,7,358,22.271559894805833,0.4330098082054798,0.6094716823683707,0.37145573160893214,0.3184672275728243
KFold,BTCUSDT,14,28,all_available_test,SVR,1,358,84.61600363768088,1.7309122665267769,2.128463172257028,4.530355475654451,-7.465195064884751
KFold,BTCUSDT,14,28,all_available_test,SVR,2,358,88.4160124211679,1.8047279902195799,2.1958420163858086,4.821722160925294,-7.991403751922219
KFold,BTCUSDT,14,28,all_available_test,SVR,3,358,94.2702227930676,1.9160611664424545,2.311503759741111,5.343049631297292,-8.94423659141324
KFold,BTCUSDT,14,28,all_available_test,SVR,4,358,100.45840760684406,2.0269068831826886,2.4303347869068896,5.9065271764497576,-9.9617295331976
KFold,BTCUSDT,14,28,all_available_test,SVR,5,358,110.65579229138879,2.2041568043799296,2.5978461901203653,6.748804827522896,-11.481417108492828
KFold,BTCUSDT,14,28,all_available_test,SVR,6,358,130.67070159745575,2.5517818231484006,2.9459577101120513,8.678666829768641,-14.989348397433467
KFold,BTCUSDT,14,28,all_available_test,SVR,7,358,154.22106927422337,2.9592546604679235,3.317333290231865,11.004700158480569,-19.19100304699321
KFold,BTCUSDT,14,28,all_available_test,Persistence,1,358,5.8367038086877265,0.11138757661428128,0.2010107330332776,0.0404053147945756,0.9245006549194144
KFold,BTCUSDT,14,28,all_available_test,Persistence,2,358,9.758063350846493,0.18493757070038958,0.3019636387320583,0.091182039116305,0.8299664515590977
KFold,BTCUSDT,14,28,all_available_test,Persistence,3,358,12.658532631501416,0.24172130722288343,0.37563739627498977,0.14110345348025372,0.7373847854502474
KFold,BTCUSDT,14,28,all_available_test,Persistence,4,358,15.298040126819105,0.295578735526339,0.4409864305358498,0.19446903191674988,0.6390913193536685
KFold,BTCUSDT,14,28,all_available_test,Persistence,5,358,17.657427299463787,0.3425426270088841,0.5011198652119861,0.2511211193100792,0.5355699986939566
KFold,BTCUSDT,14,28,all_available_test,Persistence,6,358,19.975438769214115,0.3877302388344756,0.5544003715126047,0.30735977193331415,0.43372840861452167
KFold,BTCUSDT,14,28,all_available_test,Persistence,7,358,22.271559894805833,0.4330098082054798,0.6094716823683707,0.37145573160893214,0.3184672275728243
KFold,BTCUSDT,21,7,all_available_test,SVR,1,358,36.696079577873356,0.7784757888225252,1.084317820060352,1.1757451349004342,-1.717609487312619
KFold,BTCUSDT,21,7,all_available_test,SVR,2,358,36.468327728728056,0.7833796108119778,1.1068632773664766,1.2251463147824575,-1.8239077486155764
KFold,BTCUSDT,21,7,all_available_test,SVR,3,358,37.04914368140527,0.8004030518241725,1.1258778634732074,1.2676009634589944,-1.9138759752037315
KFold,BTCUSDT,21,7,all_available_test,SVR,4,358,37.71311128405898,0.8210440762701553,1.1483485018345267,1.318704281665602,-2.0224022630757896
KFold,BTCUSDT,21,7,all_available_test,SVR,5,358,40.896741269006384,0.8891711021794411,1.2068879177779233,1.456578446078331,-2.3283248711857896
KFold,BTCUSDT,21,7,all_available_test,SVR,6,358,43.68517193620439,0.9473100646454009,1.2526902019244952,1.5692327419976326,-2.5739679403350935
KFold,BTCUSDT,21,7,all_available_test,SVR,7,358,48.08344717151129,1.0311426663499674,1.330594757546811,1.7704824088110562,-3.0235694695155635
KFold,BTCUSDT,21,7,all_available_test,Persistence,1,358,3.985395088139034,0.07838453327041445,0.13904883840771487,0.0193345794625348,0.9553101815853706
KFold,BTCUSDT,21,7,all_available_test,Persistence,2,358,6.718549079375914,0.13267723600977335,0.2132827512627018,0.04548953198618752,0.895148652608484
KFold,BTCUSDT,21,7,all_available_test,Persistence,3,358,9.111355854512958,0.1794686255873329,0.27447674778503733,0.07533748507465099,0.8268192482338732
KFold,BTCUSDT,21,7,all_available_test,Persistence,4,358,11.37264727384271,0.22386072438155438,0.32936077209726144,0.1084785181965042,0.7513728259999971
KFold,BTCUSDT,21,7,all_available_test,Persistence,5,358,13.433420622453216,0.2648111126661865,0.379669169807847,0.14414867850257976,0.6706160021106754
KFold,BTCUSDT,21,7,all_available_test,Persistence,6,358,15.280650582535905,0.30075715533648884,0.4240789106090703,0.17984292242337585,0.5904031175011729
KFold,BTCUSDT,21,7,all_available_test,Persistence,7,358,16.965090922281348,0.3339234127550692,0.4663356943283327,0.21746897980468818,0.5057835404891509
KFold,BTCUSDT,21,14,all_available_test,SVR,1,358,72.17644518582674,1.4955630205195007,1.8266980564485007,3.33682578943273,-6.712716943234241
KFold,BTCUSDT,21,14,all_available_test,SVR,2,358,73.30043429262044,1.517496553212091,1.8478649534480678,3.4146048861816296,-6.870512346324188
KFold,BTCUSDT,21,14,all_available_test,SVR,3,358,74.7758825426502,1.5470881007439947,1.872470216642074,3.5061447122116154,-7.059690026286036
KFold,BTCUSDT,21,14,all_available_test,SVR,4,358,76.16863849812978,1.5728795909072908,1.891844052307326,3.579073918250605,-7.203052997274826
KFold,BTCUSDT,21,14,all_available_test,SVR,5,358,76.35092079736549,1.5755976425836755,1.8788424205471725,3.530048841247558,-7.066266109084651
KFold,BTCUSDT,21,14,all_available_test,SVR,6,358,79.78965565588271,1.6376612433070061,1.9159713663491376,3.6709462766697807,-7.360674584707377
KFold,BTCUSDT,21,14,all_available_test,SVR,7,358,87.28819822352472,1.7741773990912462,2.0324605481554894,4.130895879808513,-8.387806657117109
KFold,BTCUSDT,21,14,all_available_test,Persistence,1,358,3.985395088139034,0.07838453327041445,0.13904883840771487,0.0193345794625348,0.9553101815853706
KFold,BTCUSDT,21,14,all_available_test,Persistence,2,358,6.718549079375914,0.13267723600977335,0.2132827512627018,0.04548953198618752,0.895148652608484
KFold,BTCUSDT,21,14,all_available_test,Persistence,3,358,9.111355854512958,0.1794686255873329,0.27447674778503733,0.07533748507465099,0.8268192482338732
KFold,BTCUSDT,21,14,all_available_test,Persistence,4,358,11.37264727384271,0.22386072438155438,0.32936077209726144,0.1084785181965042,0.7513728259999971
KFold,BTCUSDT,21,14,all_available_test,Persistence,5,358,13.433420622453216,0.2648111126661865,0.379669169807847,0.14414867850257976,0.6706160021106754
KFold,BTCUSDT,21,14,all_available_test,Persistence,6,358,15.280650582535905,0.30075715533648884,0.4240789106090703,0.17984292242337585,0.5904031175011729
KFold,BTCUSDT,21,14,all_available_test,Persistence,7,358,16.965090922281348,0.3339234127550692,0.4663356943283327,0.21746897980468818,0.5057835404891509
KFold,BTCUSDT,21,21,all_available_test,SVR,1,358,100.0203630517334,2.0262514007296857,2.3518211341060598,5.531062646827913,-11.784461425998485
KFold,BTCUSDT,21,21,all_available_test,SVR,2,358,98.66198180101051,1.999984930212519,2.3124751435368642,5.347541289475841,-11.325844759263674
KFold,BTCUSDT,21,21,all_available_test,SVR,3,358,101.25031706442127,2.048719187733514,2.350586278652718,5.525255853390434,-11.701087134010367
KFold,BTCUSDT,21,21,all_available_test,SVR,4,358,100.21874015666451,2.0287089197268444,2.3198014945268977,5.3814789740092275,-11.334072510325523
KFold,BTCUSDT,21,21,all_available_test,SVR,5,358,101.09810752923086,2.0431956378030467,2.3211103071340546,5.387553057883945,-11.310718235373283
KFold,BTCUSDT,21,21,all_available_test,SVR,6,358,105.90391959411598,2.1301074679746463,2.3984935071064695,5.752771103631891,-12.102084185608668
KFold,BTCUSDT,21,21,all_available_test,SVR,7,358,116.31478405208827,2.3183692194240497,2.5702241711252465,6.60605228983646,-14.012806778045732
KFold,BTCUSDT,21,21,all_available_test,Persistence,1,358,3.985395088139034,0.07838453327041445,0.13904883840771487,0.0193345794625348,0.9553101815853706
KFold,BTCUSDT,21,21,all_available_test,Persistence,2,358,6.718549079375914,0.13267723600977335,0.2132827512627018,0.04548953198618752,0.895148652608484
KFold,BTCUSDT,21,21,all_available_test,Persistence,3,358,9.111355854512958,0.1794686255873329,0.27447674778503733,0.07533748507465099,0.8268192482338732
KFold,BTCUSDT,21,21,all_available_test,Persistence,4,358,11.37264727384271,0.22386072438155438,0.32936077209726144,0.1084785181965042,0.7513728259999971
KFold,BTCUSDT,21,21,all_available_test,Persistence,5,358,13.433420622453216,0.2648111126661865,0.379669169807847,0.14414867850257976,0.6706160021106754
KFold,BTCUSDT,21,21,all_available_test,Persistence,6,358,15.280650582535905,0.30075715533648884,0.4240789106090703,0.17984292242337585,0.5904031175011729
KFold,BTCUSDT,21,21,all_available_test,Persistence,7,358,16.965090922281348,0.3339234127550692,0.4663356943283327,0.21746897980468818,0.5057835404891509
KFold,BTCUSDT,21,28,all_available_test,SVR,1,358,114.87100025238826,2.3186623606594488,2.6290307726351387,6.911802803462514,-14.975895043541337
KFold,BTCUSDT,21,28,all_available_test,SVR,2,358,116.27992845831241,2.3447930163378254,2.644497629878351,6.993367714432216,-15.119401445703886
KFold,BTCUSDT,21,28,all_available_test,SVR,3,358,118.81122078658449,2.3944974365049365,2.6883374455105704,7.2271582209342995,-15.613306013519637
KFold,BTCUSDT,21,28,all_available_test,SVR,4,358,117.9814594795415,2.379780316273659,2.6707356481770304,7.132828902443582,-15.348076302329506
KFold,BTCUSDT,21,28,all_available_test,SVR,5,358,119.17181830968346,2.4018582777742257,2.6827020198527873,7.196890127322225,-15.445107004329422
KFold,BTCUSDT,21,28,all_available_test,SVR,6,358,122.97988974090728,2.4711004560113303,2.7418125269520206,7.5175359329510245,-16.121381485121063
KFold,BTCUSDT,21,28,all_available_test,SVR,7,358,132.87822279234908,2.64988706301604,2.895489216023194,8.38385780010661,-18.053018608595966
KFold,BTCUSDT,21,28,all_available_test,Persistence,1,358,3.985395088139034,0.07838453327041445,0.13904883840771487,0.0193345794625348,0.9553101815853706
KFold,BTCUSDT,21,28,all_available_test,Persistence,2,358,6.718549079375914,0.13267723600977335,0.2132827512627018,0.04548953198618752,0.895148652608484
KFold,BTCUSDT,21,28,all_available_test,Persistence,3,358,9.111355854512958,0.1794686255873329,0.27447674778503733,0.07533748507465099,0.8268192482338732
KFold,BTCUSDT,21,28,all_available_test,Persistence,4,358,11.37264727384271,0.22386072438155438,0.32936077209726144,0.1084785181965042,0.7513728259999971
KFold,BTCUSDT,21,28,all_available_test,Persistence,5,358,13.433420622453216,0.2648111126661865,0.379669169807847,0.14414867850257976,0.6706160021106754
KFold,BTCUSDT,21,28,all_available_test,Persistence,6,358,15.280650582535905,0.30075715533648884,0.4240789106090703,0.17984292242337585,0.5904031175011729
KFold,BTCUSDT,21,28,all_available_test,Persistence,7,358,16.965090922281348,0.3339234127550692,0.4663356943283327,0.21746897980468818,0.5057835404891509
KFold,BTCUSDT,28,7,all_available_test,SVR,1,358,32.23172696335507,0.6768241324115211,0.894876437496979,0.8008038383872845,-1.2448674867340968
KFold,BTCUSDT,28,7,all_available_test,SVR,2,358,31.7691724708186,0.6859489705559026,0.9272962000033375,0.8598782425406296,-1.411186458865492
KFold,BTCUSDT,28,7,all_available_test,SVR,3,358,32.58881883613177,0.7223146546180139,0.9897154272078612,0.9795366268532392,-1.7471236202197375
KFold,BTCUSDT,28,7,all_available_test,SVR,4,358,35.041769438419976,0.7831107144596421,1.0762590318612184,1.1583335036628473,-2.249043742238772
KFold,BTCUSDT,28,7,all_available_test,SVR,5,358,39.274553295767845,0.8725183852677143,1.1656778963100325,1.3588049579457828,-2.80943432965328
KFold,BTCUSDT,28,7,all_available_test,SVR,6,358,43.74582615717309,0.9620498998729002,1.2542570019004384,1.5731606268162766,-3.3977332142575465
KFold,BTCUSDT,28,7,all_available_test,SVR,7,358,47.3769889769048,1.0285475232128527,1.3090153000058165,1.7135210556493177,-3.7774456408520063
KFold,BTCUSDT,28,7,all_available_test,Persistence,1,358,2.628518820618562,0.05261208111115806,0.09995864512401567,0.009991730735028903,0.9719905045554733
KFold,BTCUSDT,28,7,all_available_test,Persistence,2,358,4.4641122122656585,0.09005071284724929,0.14940217859108076,0.022321010967761193,0.9374096043706899
KFold,BTCUSDT,28,7,all_available_test,Persistence,3,358,6.096487763780098,0.12361802024119993,0.1894940963013802,0.03590801253307675,0.8992954967884615
KFold,BTCUSDT,28,7,all_available_test,Persistence,4,358,7.485999868913445,0.15280354465237422,0.22400829764416744,0.05017971741343791,0.8592494334888073
KFold,BTCUSDT,28,7,all_available_test,Persistence,5,358,8.812787581702498,0.18065703887576362,0.2570087424675285,0.06605349370474037,0.8148178330959439
KFold,BTCUSDT,28,7,all_available_test,Persistence,6,358,10.103205337533824,0.2072840405380742,0.2897774239958986,0.0839709554576988,0.7652611859498375
KFold,BTCUSDT,28,7,all_available_test,Persistence,7,358,11.183616763885897,0.22974762153189862,0.3224270701954793,0.10395921559484053,0.7101526708805094
KFold,BTCUSDT,28,14,all_available_test,SVR,1,358,65.1275276967799,1.3806036059503186,1.6655702629135698,2.774124300701978,-6.776612883557473
KFold,BTCUSDT,28,14,all_available_test,SVR,2,358,70.19973698956889,1.4762616182739985,1.7527842975861454,3.072252793864557,-7.614910772588685
KFold,BTCUSDT,28,14,all_available_test,SVR,3,358,74.82985049314046,1.565384417054281,1.837661899274334,3.3770012560445526,-8.470845358579593
KFold,BTCUSDT,28,14,all_available_test,SVR,4,358,79.7109419668853,1.6570219973240046,1.9233632089468362,3.699326033530271,-9.376348488354628
KFold,BTCUSDT,28,14,all_available_test,SVR,5,358,83.90537237229582,1.734681262995766,1.9811260072090537,3.9248602564400876,-10.003416871968186
KFold,BTCUSDT,28,14,all_available_test,SVR,6,358,87.95597758790258,1.808394840142024,2.0405923354518314,4.1640170795047595,-10.640410968289764
KFold,BTCUSDT,28,14,all_available_test,SVR,7,358,91.73766844970193,1.8757110189638786,2.091075128135883,4.372595191508498,-11.191175455948379
KFold,BTCUSDT,28,14,all_available_test,Persistence,1,358,2.628518820618562,0.05261208111115806,0.09995864512401567,0.009991730735028903,0.9719905045554733
KFold,BTCUSDT,28,14,all_available_test,Persistence,2,358,4.4641122122656585,0.09005071284724929,0.14940217859108076,0.022321010967761193,0.9374096043706899
KFold,BTCUSDT,28,14,all_available_test,Persistence,3,358,6.096487763780098,0.12361802024119993,0.1894940963013802,0.03590801253307675,0.8992954967884615
KFold,BTCUSDT,28,14,all_available_test,Persistence,4,358,7.485999868913445,0.15280354465237422,0.22400829764416744,0.05017971741343791,0.8592494334888073
KFold,BTCUSDT,28,14,all_available_test,Persistence,5,358,8.812787581702498,0.18065703887576362,0.2570087424675285,0.06605349370474037,0.8148178330959439
KFold,BTCUSDT,28,14,all_available_test,Persistence,6,358,10.103205337533824,0.2072840405380742,0.2897774239958986,0.0839709554576988,0.7652611859498375
KFold,BTCUSDT,28,14,all_available_test,Persistence,7,358,11.183616763885897,0.22974762153189862,0.3224270701954793,0.10395921559484053,0.7101526708805094
KFold,BTCUSDT,28,21,all_available_test,SVR,1,358,96.52181526640199,1.987118892670093,2.248778236666012,5.057003557702698,-13.176134432431683
KFold,BTCUSDT,28,21,all_available_test,SVR,2,358,99.80878717386531,2.049279262170403,2.2988094492558724,5.284524883988087,-13.818347774635953
KFold,BTCUSDT,28,21,all_available_test,SVR,3,358,104.85224204302826,2.1454826274865373,2.387312727781485,5.699262060227474,-14.983656960097392
KFold,BTCUSDT,28,21,all_available_test,SVR,4,358,110.63561570423313,2.25612440120057,2.492477935876972,6.21244626083353,-16.425473392532453
KFold,BTCUSDT,28,21,all_available_test,SVR,5,358,116.70533488377686,2.3726666948256523,2.6008316456737464,6.764325249138007,-17.963908447878193
KFold,BTCUSDT,28,21,all_available_test,SVR,6,358,124.63656503207831,2.52386220560804,2.750548366970637,7.565516319044839,-20.149221403159736
KFold,BTCUSDT,28,21,all_available_test,SVR,7,358,132.56393054078092,2.673171510105638,2.8936101890736214,8.372979926310679,-22.344595806403
KFold,BTCUSDT,28,21,all_available_test,Persistence,1,358,2.628518820618562,0.05261208111115806,0.09995864512401567,0.009991730735028903,0.9719905045554733
KFold,BTCUSDT,28,21,all_available_test,Persistence,2,358,4.4641122122656585,0.09005071284724929,0.14940217859108076,0.022321010967761193,0.9374096043706899
KFold,BTCUSDT,28,21,all_available_test,Persistence,3,358,6.096487763780098,0.12361802024119993,0.1894940963013802,0.03590801253307675,0.8992954967884615
KFold,BTCUSDT,28,21,all_available_test,Persistence,4,358,7.485999868913445,0.15280354465237422,0.22400829764416744,0.05017971741343791,0.8592494334888073
KFold,BTCUSDT,28,21,all_available_test,Persistence,5,358,8.812787581702498,0.18065703887576362,0.2570087424675285,0.06605349370474037,0.8148178330959439
KFold,BTCUSDT,28,21,all_available_test,Persistence,6,358,10.103205337533824,0.2072840405380742,0.2897774239958986,0.0839709554576988,0.7652611859498375
KFold,BTCUSDT,28,21,all_available_test,Persistence,7,358,11.183616763885897,0.22974762153189862,0.3224270701954793,0.10395921559484053,0.7101526708805094
KFold,BTCUSDT,28,28,all_available_test,SVR,1,358,105.95964991677852,2.1981692889650626,2.4804487167888727,6.152625836619566,-16.247456913396764
KFold,BTCUSDT,28,28,all_available_test,SVR,2,358,110.89446462027347,2.293843195925083,2.5733381884461557,6.622069432115342,-17.568959364766304
KFold,BTCUSDT,28,28,all_available_test,SVR,3,358,117.76619920300583,2.427148822259297,2.69937139225258,7.286605913311632,-19.435384106050698
KFold,BTCUSDT,28,28,all_available_test,SVR,4,358,124.40100892043493,2.5545708028283123,2.8216385236548507,7.961643958173125,-21.33184950485967
KFold,BTCUSDT,28,28,all_available_test,SVR,5,358,131.0888551830765,2.6810540869118347,2.938369846995199,8.63401735773059,-23.205624164843226
KFold,BTCUSDT,28,28,all_available_test,SVR,6,358,138.7973169763555,2.825186392192444,3.0716409500605573,9.434978126088923,-25.375257537983398
KFold,BTCUSDT,28,28,all_available_test,SVR,7,358,147.22443225819424,2.9807501152765563,3.208624507247658,10.295271228510275,-27.704111040758352
KFold,BTCUSDT,28,28,all_available_test,Persistence,1,358,2.628518820618562,0.05261208111115806,0.09995864512401567,0.009991730735028903,0.9719905045554733
KFold,BTCUSDT,28,28,all_available_test,Persistence,2,358,4.4641122122656585,0.09005071284724929,0.14940217859108076,0.022321010967761193,0.9374096043706899
KFold,BTCUSDT,28,28,all_available_test,Persistence,3,358,6.096487763780098,0.12361802024119993,0.1894940963013802,0.03590801253307675,0.8992954967884615
KFold,BTCUSDT,28,28,all_available_test,Persistence,4,358,7.485999868913445,0.15280354465237422,0.22400829764416744,0.05017971741343791,0.8592494334888073
KFold,BTCUSDT,28,28,all_available_test,Persistence,5,358,8.812787581702498,0.18065703887576362,0.2570087424675285,0.06605349370474037,0.8148178330959439
KFold,BTCUSDT,28,28,all_available_test,Persistence,6,358,10.103205337533824,0.2072840405380742,0.2897774239958986,0.0839709554576988,0.7652611859498375
KFold,BTCUSDT,28,28,all_available_test,Persistence,7,358,11.183616763885897,0.22974762153189862,0.3224270701954793,0.10395921559484053,0.7101526708805094
KFold,ETHUSDT,7,7,all_available_test,SVR,1,358,46.55017041258227,1.536243837792453,2.0682159901367534,4.2775173818573515,-0.7931374968894525
KFold,ETHUSDT,7,7,all_available_test,SVR,2,358,46.71877694721474,1.5862696958738907,2.1305831071167614,4.539384376331313,-0.8983050947189342
KFold,ETHUSDT,7,7,all_available_test,SVR,3,358,46.0491629449231,1.6148751848180216,2.180516413844036,4.754651831043255,-0.9802642048087038
KFold,ETHUSDT,7,7,all_available_test,SVR,4,358,46.08239269396439,1.6408212132515125,2.220802691667019,4.931964595315477,-1.0452761572418816
KFold,ETHUSDT,7,7,all_available_test,SVR,5,358,46.279721229933784,1.6604705869587522,2.241707328383217,5.0252517461270205,-1.0758013920674494
KFold,ETHUSDT,7,7,all_available_test,SVR,6,358,46.50342683868486,1.6614087499541643,2.2410662666307357,5.022378011430224,-1.066956372565456
KFold,ETHUSDT,7,7,all_available_test,SVR,7,358,44.03474769353345,1.5883147650575673,2.1553538700677586,4.645550305216064,-0.8994074565040548
KFold,ETHUSDT,7,7,all_available_test,Persistence,1,358,14.920061356503549,0.439590748686652,0.769223404027138,0.5917046453030975,0.7519571069244949
KFold,ETHUSDT,7,7,all_available_test,Persistence,2,358,25.303323176408327,0.7418705734617352,1.1189475160776605,1.2520435437363662,0.47641344269560004
KFold,ETHUSDT,7,7,all_available_test,Persistence,3,358,34.097279501704115,0.993284070448801,1.4053745309919203,1.97507757236076,0.17740024774678298
KFold,ETHUSDT,7,7,all_available_test,Persistence,4,358,41.791642920266966,1.2102644713015491,1.6684204347502187,2.783626747092109,-0.15436461605906793
KFold,ETHUSDT,7,7,all_available_test,Persistence,5,358,49.53849459442698,1.4176068741861128,1.8918911610520628,3.579252165266922,-0.4784964022842626
KFold,ETHUSDT,7,7,all_available_test,Persistence,6,358,55.746690288611816,1.5728292731330562,2.0746128214538415,4.304018358940668,-0.7713159293077088
KFold,ETHUSDT,7,7,all_available_test,Persistence,7,358,61.0323850874711,1.7028511828495416,2.2284567673581557,4.966019563984361,-1.0304364325548305
KFold,ETHUSDT,7,14,all_available_test,SVR,1,358,73.27061541495846,2.3226183833763994,2.9444342567488304,8.669693092316036,-2.634339824378483
KFold,ETHUSDT,7,14,all_available_test,SVR,2,358,79.35658493757809,2.4847630784485255,3.0921791961985723,9.561572181403248,-2.9985116219988197
KFold,ETHUSDT,7,14,all_available_test,SVR,3,358,77.75268123362747,2.451282535946061,3.053306713378643,9.32268188596309,-2.8828023349799006
KFold,ETHUSDT,7,14,all_available_test,SVR,4,358,74.1294856893307,2.355170063070603,2.923100399310848,8.544515944451241,-2.5433941989280155
KFold,ETHUSDT,7,14,all_available_test,SVR,5,358,72.3843581635864,2.2995816630964936,2.8139610805180375,7.918376962670241,-2.270876515727544
KFold,ETHUSDT,7,14,all_available_test,SVR,6,358,70.78573982982523,2.2534157934529357,2.7658360637896213,7.649849131759265,-2.1482903867587164
KFold,ETHUSDT,7,14,all_available_test,SVR,7,358,65.13738728807732,2.0849572607284363,2.5985943529965896,6.752692611425765,-1.7609462506994409
KFold,ETHUSDT,7,14,all_available_test,Persistence,1,358,14.920061356503549,0.439590748686652,0.769223404027138,0.5917046453030975,0.7519571069244949
KFold,ETHUSDT,7,14,all_available_test,Persistence,2,358,25.303323176408327,0.7418705734617352,1.1189475160776605,1.2520435437363662,0.47641344269560004
KFold,ETHUSDT,7,14,all_available_test,Persistence,3,358,34.097279501704115,0.993284070448801,1.4053745309919203,1.97507757236076,0.17740024774678298
KFold,ETHUSDT,7,14,all_available_test,Persistence,4,358,41.791642920266966,1.2102644713015491,1.6684204347502187,2.783626747092109,-0.15436461605906793
KFold,ETHUSDT,7,14,all_available_test,Persistence,5,358,49.53849459442698,1.4176068741861128,1.8918911610520628,3.579252165266922,-0.4784964022842626
KFold,ETHUSDT,7,14,all_available_test,Persistence,6,358,55.746690288611816,1.5728292731330562,2.0746128214538415,4.304018358940668,-0.7713159293077088
KFold,ETHUSDT,7,14,all_available_test,Persistence,7,358,61.0323850874711,1.7028511828495416,2.2284567673581557,4.966019563984361,-1.0304364325548305
KFold,ETHUSDT,7,21,all_available_test,SVR,1,358,86.34686165028933,2.6256176988776128,3.2064291742972846,10.281188049784765,-3.3098793432923106
KFold,ETHUSDT,7,21,all_available_test,SVR,2,358,85.81713483634644,2.6220186960119705,3.1886252506992045,10.167330989396566,-3.2518312213216545
KFold,ETHUSDT,7,21,all_available_test,SVR,3,358,87.42057941138306,2.6706245553222003,3.24557534963239,10.533759350141409,-3.3872038004888054
KFold,ETHUSDT,7,21,all_available_test,SVR,4,358,88.33716940205096,2.707740735298537,3.2898441374334784,10.823074448605428,-3.4883079936972967
KFold,ETHUSDT,7,21,all_available_test,SVR,5,358,91.3778836417368,2.80711340123211,3.391404818317668,11.501626641708294,-3.7510241874546404
KFold,ETHUSDT,7,21,all_available_test,SVR,6,358,96.06966154289292,2.9593395983558226,3.5652627757466173,12.711098660124474,-4.231244306593055
KFold,ETHUSDT,7,21,all_available_test,SVR,7,358,94.33454315338545,2.9392350440553683,3.5449514282248678,12.566680628473529,-4.138088131868271
KFold,ETHUSDT,7,21,all_available_test,Persistence,1,358,14.920061356503549,0.439590748686652,0.769223404027138,0.5917046453030975,0.7519571069244949
KFold,ETHUSDT,7,21,all_available_test,Persistence,2,358,25.303323176408327,0.7418705734617352,1.1189475160776605,1.2520435437363662,0.47641344269560004
KFold,ETHUSDT,7,21,all_available_test,Persistence,3,358,34.097279501704115,0.993284070448801,1.4053745309919203,1.97507757236076,0.17740024774678298
KFold,ETHUSDT,7,21,all_available_test,Persistence,4,358,41.791642920266966,1.2102644713015491,1.6684204347502187,2.783626747092109,-0.15436461605906793
KFold,ETHUSDT,7,21,all_available_test,Persistence,5,358,49.53849459442698,1.4176068741861128,1.8918911610520628,3.579252165266922,-0.4784964022842626
KFold,ETHUSDT,7,21,all_available_test,Persistence,6,358,55.746690288611816,1.5728292731330562,2.0746128214538415,4.304018358940668,-0.7713159293077088
KFold,ETHUSDT,7,21,all_available_test,Persistence,7,358,61.0323850874711,1.7028511828495416,2.2284567673581557,4.966019563984361,-1.0304364325548305
KFold,ETHUSDT,7,28,all_available_test,SVR,1,358,99.84391785308462,3.0763585012881416,3.6864482123569435,13.589900422389704,-4.696893279671409
KFold,ETHUSDT,7,28,all_available_test,SVR,2,358,98.08744621073804,3.0629628511475357,3.698670705460923,13.6801649874348,-4.72084774923402
KFold,ETHUSDT,7,28,all_available_test,SVR,3,358,96.50514404265905,3.0224957083349806,3.6558585084955952,13.365301434139639,-4.566512324562337
KFold,ETHUSDT,7,28,all_available_test,SVR,4,358,93.55280013283573,2.9541984936421235,3.6014665501190386,12.970561311626328,-4.3788666329662504
KFold,ETHUSDT,7,28,all_available_test,SVR,5,358,91.4361973437267,2.9238023820501224,3.5865700391973183,12.863484646067855,-4.313572470419073
KFold,ETHUSDT,7,28,all_available_test,SVR,6,358,90.27949904066257,2.9121919008549555,3.596991436977039,12.938347397686146,-4.324768375309419
KFold,ETHUSDT,7,28,all_available_test,SVR,7,358,85.65828761104063,2.8021853749394405,3.4710588184985274,12.048249321476394,-3.9261192098893494
KFold,ETHUSDT,7,28,all_available_test,Persistence,1,358,14.920061356503549,0.439590748686652,0.769223404027138,0.5917046453030975,0.7519571069244949
KFold,ETHUSDT,7,28,all_available_test,Persistence,2,358,25.303323176408327,0.7418705734617352,1.1189475160776605,1.2520435437363662,0.47641344269560004
KFold,ETHUSDT,7,28,all_available_test,Persistence,3,358,34.097279501704115,0.993284070448801,1.4053745309919203,1.97507757236076,0.17740024774678298
KFold,ETHUSDT,7,28,all_available_test,Persistence,4,358,41.791642920266966,1.2102644713015491,1.6684204347502187,2.783626747092109,-0.15436461605906793
KFold,ETHUSDT,7,28,all_available_test,Persistence,5,358,49.53849459442698,1.4176068741861128,1.8918911610520628,3.579252165266922,-0.4784964022842626
KFold,ETHUSDT,7,28,all_available_test,Persistence,6,358,55.746690288611816,1.5728292731330562,2.0746128214538415,4.304018358940668,-0.7713159293077088
KFold,ETHUSDT,7,28,all_available_test,Persistence,7,358,61.0323850874711,1.7028511828495416,2.2284567673581557,4.966019563984361,-1.0304364325548305
KFold,ETHUSDT,14,7,all_available_test,SVR,1,358,33.43092226028056,1.2661248883779408,1.7375568168038278,3.019103691621451,-1.1544450373382493
KFold,ETHUSDT,14,7,all_available_test,SVR,2,358,33.25170702435675,1.2713385301493598,1.742862120072087,3.03756836958217,-1.1649689165661195
KFold,ETHUSDT,14,7,all_available_test,SVR,3,358,32.76043729192912,1.2689139028378904,1.7499662060747017,3.0623817224034853,-1.1777894123100277
KFold,ETHUSDT,14,7,all_available_test,SVR,4,358,32.919799458190646,1.291293590440024,1.7663341538827235,3.1199363431725966,-1.216055935311768
KFold,ETHUSDT,14,7,all_available_test,SVR,5,358,33.53261363650918,1.325766501790904,1.8007484866435925,3.242695112149189,-1.2988783334210083
KFold,ETHUSDT,14,7,all_available_test,SVR,6,358,34.38975205424181,1.3598632538384792,1.8251058078811906,3.331011209961653,-1.3600509185175955
KFold,ETHUSDT,14,7,all_available_test,SVR,7,358,35.292174608173745,1.3979591303448047,1.8703711615848002,3.4982882820880747,-1.4594399442149566
KFold,ETHUSDT,14,7,all_available_test,Persistence,1,358,6.686778078175294,0.2202980823300131,0.4420055117529983,0.1953688724200299,0.8605839545015274
KFold,ETHUSDT,14,7,all_available_test,Persistence,2,358,11.421345233769618,0.37478431904025805,0.6466455060491272,0.41815041049353174,0.7019712707594513
KFold,ETHUSDT,14,7,all_available_test,Persistence,3,358,15.178012108496606,0.5026720397119571,0.7972251119276998,0.6355678790881336,0.5480207487666979
KFold,ETHUSDT,14,7,all_available_test,Persistence,4,358,18.687752974029138,0.6230335161718378,0.9430357592864548,0.8893164432929803,0.3683284638667591
KFold,ETHUSDT,14,7,all_available_test,Persistence,5,358,21.9002888680097,0.7311163328157502,1.0676746848523033,1.1399292326744652,0.19185784540449335
KFold,ETHUSDT,14,7,all_available_test,Persistence,6,358,24.815894140330457,0.829004698082944,1.180719845948294,1.394099354616163,0.012268270810010473
KFold,ETHUSDT,14,7,all_available_test,Persistence,7,358,27.963926849618794,0.9319038112287789,1.2917025749982451,1.668495542257097,-0.17302070397764457
KFold,ETHUSDT,14,14,all_available_test,SVR,1,358,44.17054707744726,1.6579896984393714,2.155831546357482,4.647609656270092,-2.3165537133502014
KFold,ETHUSDT,14,14,all_available_test,SVR,2,358,48.19842155113975,1.773536250572165,2.262640788607062,5.119543338268387,-2.648856863718529
KFold,ETHUSDT,14,14,all_available_test,SVR,3,358,50.47166381033803,1.843355079095416,2.3216277576958024,5.389955445303639,-2.8330257184242935
KFold,ETHUSDT,14,14,all_available_test,SVR,4,358,52.979828788426865,1.9201190184069183,2.3820880082797116,5.674343279190003,-3.0304226496039792
KFold,ETHUSDT,14,14,all_available_test,SVR,5,358,54.75191076247369,1.9818163388732462,2.4294542548810214,5.902247976559498,-3.1843434311644776
KFold,ETHUSDT,14,14,all_available_test,SVR,6,358,56.84598489084775,2.051822769141149,2.4975913769982174,6.237962686455851,-3.4196517633508954
KFold,ETHUSDT,14,14,all_available_test,SVR,7,358,57.65178985527975,2.079601597910764,2.54022118754711,6.452723681663251,-3.5365290370500233
KFold,ETHUSDT,14,14,all_available_test,Persistence,1,358,6.686778078175294,0.2202980823300131,0.4420055117529983,0.1953688724200299,0.8605839545015274
KFold,ETHUSDT,14,14,all_available_test,Persistence,2,358,11.421345233769618,0.37478431904025805,0.6466455060491272,0.41815041049353174,0.7019712707594513
KFold,ETHUSDT,14,14,all_available_test,Persistence,3,358,15.178012108496606,0.5026720397119571,0.7972251119276998,0.6355678790881336,0.5480207487666979
KFold,ETHUSDT,14,14,all_available_test,Persistence,4,358,18.687752974029138,0.6230335161718378,0.9430357592864548,0.8893164432929803,0.3683284638667591
KFold,ETHUSDT,14,14,all_available_test,Persistence,5,358,21.9002888680097,0.7311163328157502,1.0676746848523033,1.1399292326744652,0.19185784540449335
KFold,ETHUSDT,14,14,all_available_test,Persistence,6,358,24.815894140330457,0.829004698082944,1.180719845948294,1.394099354616163,0.012268270810010473
KFold,ETHUSDT,14,14,all_available_test,Persistence,7,358,27.963926849618794,0.9319038112287789,1.2917025749982451,1.668495542257097,-0.17302070397764457
KFold,ETHUSDT,14,21,all_available_test,SVR,1,358,65.1889007619438,2.292522907976854,2.8188079301278766,7.9456781469518045,-4.670069199509193
KFold,ETHUSDT,14,21,all_available_test,SVR,2,358,67.35542702326624,2.3532400772247053,2.8749448559831374,8.265307924943903,-4.890940570273508
KFold,ETHUSDT,14,21,all_available_test,SVR,3,358,69.35238928329635,2.415908453950949,2.9230887515735096,8.54444784957558,-5.076318939833711
KFold,ETHUSDT,14,21,all_available_test,SVR,4,358,71.52075702120042,2.486257854547675,2.9625161991580793,8.776502230274033,-5.23385150188617
KFold,ETHUSDT,14,21,all_available_test,SVR,5,358,74.44722556910261,2.583353526176893,3.030096128193168,9.181482546091228,-5.50912607072175
KFold,ETHUSDT,14,21,all_available_test,SVR,6,358,78.84088523221831,2.730951913605602,3.178995754177241,10.106014005076926,-6.160200351144437
KFold,ETHUSDT,14,21,all_available_test,SVR,7,358,80.30553081664975,2.780287864838582,3.2456226059458033,10.534066100226427,-6.405879919774226
KFold,ETHUSDT,14,21,all_available_test,Persistence,1,358,6.686778078175294,0.2202980823300131,0.4420055117529983,0.1953688724200299,0.8605839545015274
KFold,ETHUSDT,14,21,all_available_test,Persistence,2,358,11.421345233769618,0.37478431904025805,0.6466455060491272,0.41815041049353174,0.7019712707594513
KFold,ETHUSDT,14,21,all_available_test,Persistence,3,358,15.178012108496606,0.5026720397119571,0.7972251119276998,0.6355678790881336,0.5480207487666979
KFold,ETHUSDT,14,21,all_available_test,Persistence,4,358,18.687752974029138,0.6230335161718378,0.9430357592864548,0.8893164432929803,0.3683284638667591
KFold,ETHUSDT,14,21,all_available_test,Persistence,5,358,21.9002888680097,0.7311163328157502,1.0676746848523033,1.1399292326744652,0.19185784540449335
KFold,ETHUSDT,14,21,all_available_test,Persistence,6,358,24.815894140330457,0.829004698082944,1.180719845948294,1.394099354616163,0.012268270810010473
KFold,ETHUSDT,14,21,all_available_test,Persistence,7,358,27.963926849618794,0.9319038112287789,1.2917025749982451,1.668495542257097,-0.17302070397764457
KFold,ETHUSDT,14,28,all_available_test,SVR,1,358,74.5943776455318,2.6026691594158455,3.0749960246140438,9.455600551392173,-5.747556150368207
KFold,ETHUSDT,14,28,all_available_test,SVR,2,358,75.71787318229279,2.6480771641814225,3.114675892193105,9.701205913408913,-5.914349473103957
KFold,ETHUSDT,14,28,all_available_test,SVR,3,358,76.54158482481448,2.6867679790652064,3.149146138700366,9.917121402891423,-6.052485271124059
KFold,ETHUSDT,14,28,all_available_test,SVR,4,358,76.70172313396954,2.704972596904124,3.171654139314703,10.059389979432089,-6.145072340440051
KFold,ETHUSDT,14,28,all_available_test,SVR,5,358,77.72090448913457,2.7555601754109995,3.2228645854578404,10.386856136198336,-6.363664389663047
KFold,ETHUSDT,14,28,all_available_test,SVR,6,358,79.56880182973404,2.8271468336451835,3.3066458021569907,10.933906460922447,-6.746769482166516
KFold,ETHUSDT,14,28,all_available_test,SVR,7,358,80.30506532043046,2.8577916811946924,3.3428273740273013,11.174494852546264,-6.8561275631556935
KFold,ETHUSDT,14,28,all_available_test,Persistence,1,358,6.686778078175294,0.2202980823300131,0.4420055117529983,0.1953688724200299,0.8605839545015274
KFold,ETHUSDT,14,28,all_available_test,Persistence,2,358,11.421345233769618,0.37478431904025805,0.6466455060491272,0.41815041049353174,0.7019712707594513
KFold,ETHUSDT,14,28,all_available_test,Persistence,3,358,15.178012108496606,0.5026720397119571,0.7972251119276998,0.6355678790881336,0.5480207487666979
KFold,ETHUSDT,14,28,all_available_test,Persistence,4,358,18.687752974029138,0.6230335161718378,0.9430357592864548,0.8893164432929803,0.3683284638667591
KFold,ETHUSDT,14,28,all_available_test,Persistence,5,358,21.9002888680097,0.7311163328157502,1.0676746848523033,1.1399292326744652,0.19185784540449335
KFold,ETHUSDT,14,28,all_available_test,Persistence,6,358,24.815894140330457,0.829004698082944,1.180719845948294,1.394099354616163,0.012268270810010473
KFold,ETHUSDT,14,28,all_available_test,Persistence,7,358,27.963926849618794,0.9319038112287789,1.2917025749982451,1.668495542257097,-0.17302070397764457
KFold,ETHUSDT,21,7,all_available_test,SVR,1,358,29.525214528398745,1.1931753810737495,1.5929869012190585,2.537607267455498,-1.768756647229381
KFold,ETHUSDT,21,7,all_available_test,SVR,2,358,29.601879384687887,1.1991687492068555,1.5984415140736283,2.5550152739139933,-1.7827867978820064
KFold,ETHUSDT,21,7,all_available_test,SVR,3,358,29.46051475094523,1.1985183954320462,1.6086283662626524,2.58768522074485,-1.8111235212411625
KFold,ETHUSDT,21,7,all_available_test,SVR,4,358,29.315256016121708,1.194594844341062,1.6163122633210047,2.612465332561869,-1.830442282187711
KFold,ETHUSDT,21,7,all_available_test,SVR,5,358,29.386051275875737,1.1979240328931118,1.6131155902506955,2.60214190750985,-1.811361328680967
KFold,ETHUSDT,21,7,all_available_test,SVR,6,358,29.283812407375255,1.1909627108290015,1.6047169389390727,2.5751164541179876,-1.7650138696437097
KFold,ETHUSDT,21,7,all_available_test,SVR,7,358,29.47749988342734,1.1979704335395889,1.6068482121275243,2.581961176817421,-1.7519169276391886
KFold,ETHUSDT,21,7,all_available_test,Persistence,1,358,4.3717736656844,0.15142427671140324,0.2953123451019381,0.08720938116960618,0.904846759815507
KFold,ETHUSDT,21,7,all_available_test,Persistence,2,358,7.652798799424146,0.2653976707928192,0.44173534401777104,0.19513011415449852,0.7874746538377735
KFold,ETHUSDT,21,7,all_available_test,Persistence,3,358,10.367037550746742,0.36010501304373516,0.5682549787169133,0.32291372083655967,0.6492037174004245
KFold,ETHUSDT,21,7,all_available_test,Persistence,4,358,12.857549060192499,0.4455099330363258,0.6828883241528294,0.46633646326425987,0.4947536999257852
KFold,ETHUSDT,21,7,all_available_test,Persistence,5,358,15.154386740870445,0.5234220038820474,0.7842110874469914,0.6149870296747929,0.3355663087096481
KFold,ETHUSDT,21,7,all_available_test,Persistence,6,358,17.409463134170338,0.5973270285509636,0.8717973744349501,0.7600306620716726,0.18392221888758953
KFold,ETHUSDT,21,7,all_available_test,Persistence,7,358,19.448888958655306,0.6644158899084811,0.9537979551642048,0.9097305392754186,0.030387097567353027
KFold,ETHUSDT,21,14,all_available_test,SVR,1,358,34.74391345045534,1.4005178668925196,1.8430440096279457,3.3968112214254553,-2.7062250606397336
KFold,ETHUSDT,21,14,all_available_test,SVR,2,358,35.93756246087529,1.4391972818698775,1.8867115899533973,3.5596806236644762,-2.877014883372999
KFold,ETHUSDT,21,14,all_available_test,SVR,3,358,37.08816064643299,1.471139632813816,1.915970592645309,3.670943311881617,-2.98791746633037
KFold,ETHUSDT,21,14,all_available_test,SVR,4,358,38.085075246409154,1.500397018781765,1.9457744398337176,3.7860381707102175,-3.101934822555596
KFold,ETHUSDT,21,14,all_available_test,SVR,5,358,38.75864321958416,1.5177682508863524,1.9544938631037954,3.820046260910398,-3.127188567503275
KFold,ETHUSDT,21,14,all_available_test,SVR,6,358,39.59226875887945,1.5460958643985634,1.972962710673849,3.892581857709502,-3.179633432918566
KFold,ETHUSDT,21,14,all_available_test,SVR,7,358,41.75709486817479,1.6231192702959847,2.0475824400900446,4.1925938489651005,-3.468568345363183
KFold,ETHUSDT,21,14,all_available_test,Persistence,1,358,4.3717736656844,0.15142427671140324,0.2953123451019381,0.08720938116960618,0.904846759815507
KFold,ETHUSDT,21,14,all_available_test,Persistence,2,358,7.652798799424146,0.2653976707928192,0.44173534401777104,0.19513011415449852,0.7874746538377735
KFold,ETHUSDT,21,14,all_available_test,Persistence,3,358,10.367037550746742,0.36010501304373516,0.5682549787169133,0.32291372083655967,0.6492037174004245
KFold,ETHUSDT,21,14,all_available_test,Persistence,4,358,12.857549060192499,0.4455099330363258,0.6828883241528294,0.46633646326425987,0.4947536999257852
KFold,ETHUSDT,21,14,all_available_test,Persistence,5,358,15.154386740870445,0.5234220038820474,0.7842110874469914,0.6149870296747929,0.3355663087096481
KFold,ETHUSDT,21,14,all_available_test,Persistence,6,358,17.409463134170338,0.5973270285509636,0.8717973744349501,0.7600306620716726,0.18392221888758953
KFold,ETHUSDT,21,14,all_available_test,Persistence,7,358,19.448888958655306,0.6644158899084811,0.9537979551642048,0.9097305392754186,0.030387097567353027
KFold,ETHUSDT,21,21,all_available_test,SVR,1,358,53.50187965379134,2.0291233563091735,2.515278186264981,6.326624354300453,-5.902913409866274
KFold,ETHUSDT,21,21,all_available_test,SVR,2,358,54.53553445019416,2.0658533740381864,2.5633657754084838,6.570844098535536,-6.156614050425869
KFold,ETHUSDT,21,21,all_available_test,SVR,3,358,57.061458858782544,2.147397942945378,2.6500135096803414,7.0225716014883215,-6.628948084675314
KFold,ETHUSDT,21,21,all_available_test,SVR,4,358,58.61507885271414,2.198042197374825,2.686096436151906,7.215114064307972,-6.817123413614091
KFold,ETHUSDT,21,21,all_available_test,SVR,5,358,60.45160934144502,2.2579518737134414,2.72876471731438,7.446156882459828,-7.044848532750496
KFold,ETHUSDT,21,21,all_available_test,SVR,6,358,63.43102338352503,2.3545515836251676,2.8168340479141487,7.934554053488408,-7.519673730579932
KFold,ETHUSDT,21,21,all_available_test,SVR,7,358,66.55171797465599,2.45391074996066,2.9177666680199863,8.513362329008453,-8.073748325372604
KFold,ETHUSDT,21,21,all_available_test,Persistence,1,358,4.3717736656844,0.15142427671140324,0.2953123451019381,0.08720938116960618,0.904846759815507
KFold,ETHUSDT,21,21,all_available_test,Persistence,2,358,7.652798799424146,0.2653976707928192,0.44173534401777104,0.19513011415449852,0.7874746538377735
KFold,ETHUSDT,21,21,all_available_test,Persistence,3,358,10.367037550746742,0.36010501304373516,0.5682549787169133,0.32291372083655967,0.6492037174004245
KFold,ETHUSDT,21,21,all_available_test,Persistence,4,358,12.857549060192499,0.4455099330363258,0.6828883241528294,0.46633646326425987,0.4947536999257852
KFold,ETHUSDT,21,21,all_available_test,Persistence,5,358,15.154386740870445,0.5234220038820474,0.7842110874469914,0.6149870296747929,0.3355663087096481
KFold,ETHUSDT,21,21,all_available_test,Persistence,6,358,17.409463134170338,0.5973270285509636,0.8717973744349501,0.7600306620716726,0.18392221888758953
KFold,ETHUSDT,21,21,all_available_test,Persistence,7,358,19.448888958655306,0.6644158899084811,0.9537979551642048,0.9097305392754186,0.030387097567353027
KFold,ETHUSDT,21,28,all_available_test,SVR,1,358,67.8013360099325,2.497662480813097,3.009464015142833,9.056873658439622,-8.881859760776063
KFold,ETHUSDT,21,28,all_available_test,SVR,2,358,68.9891767363282,2.541598087274228,3.0433290389643615,9.261851639403744,-9.087516395388153
KFold,ETHUSDT,21,28,all_available_test,SVR,3,358,69.49361432147988,2.5608674319375755,3.049811384286568,9.301349479723951,-9.104491107388215
KFold,ETHUSDT,21,28,all_available_test,SVR,4,358,69.12604123196225,2.550172656473072,3.017949422389445,9.108018716100785,-8.867966843306684
KFold,ETHUSDT,21,28,all_available_test,SVR,5,358,68.97343938049687,2.545362849281429,3.000327407946621,9.001964554875688,-8.725747453932232
KFold,ETHUSDT,21,28,all_available_test,SVR,6,358,69.00572155805445,2.5454470589790117,2.995159865279817,8.970982618583012,-8.632531889984246
KFold,ETHUSDT,21,28,all_available_test,SVR,7,358,69.87062287640346,2.5738299245779737,3.0174733737233965,9.105145561129657,-8.704485266187005
KFold,ETHUSDT,21,28,all_available_test,Persistence,1,358,4.3717736656844,0.15142427671140324,0.2953123451019381,0.08720938116960618,0.904846759815507
KFold,ETHUSDT,21,28,all_available_test,Persistence,2,358,7.652798799424146,0.2653976707928192,0.44173534401777104,0.19513011415449852,0.7874746538377735
KFold,ETHUSDT,21,28,all_available_test,Persistence,3,358,10.367037550746742,0.36010501304373516,0.5682549787169133,0.32291372083655967,0.6492037174004245
KFold,ETHUSDT,21,28,all_available_test,Persistence,4,358,12.857549060192499,0.4455099330363258,0.6828883241528294,0.46633646326425987,0.4947536999257852
KFold,ETHUSDT,21,28,all_available_test,Persistence,5,358,15.154386740870445,0.5234220038820474,0.7842110874469914,0.6149870296747929,0.3355663087096481
KFold,ETHUSDT,21,28,all_available_test,Persistence,6,358,17.409463134170338,0.5973270285509636,0.8717973744349501,0.7600306620716726,0.18392221888758953
KFold,ETHUSDT,21,28,all_available_test,Persistence,7,358,19.448888958655306,0.6644158899084811,0.9537979551642048,0.9097305392754186,0.030387097567353027
KFold,ETHUSDT,28,7,all_available_test,SVR,1,358,28.1121066542844,1.138937246117469,1.4851892716071693,2.205787172497034,-2.6495678789530253
KFold,ETHUSDT,28,7,all_available_test,SVR,2,358,28.398923715407918,1.153450036683581,1.4958541538940051,2.2375796497219502,-2.70074310647558
KFold,ETHUSDT,28,7,all_available_test,SVR,3,358,28.875004106326,1.1742671346214975,1.5116123628484677,2.2849719355163276,-2.7787908713002847
KFold,ETHUSDT,28,7,all_available_test,SVR,4,358,29.092297444739522,1.1864059854349884,1.525221738991494,2.3263013530922367,-2.846503238273539
KFold,ETHUSDT,28,7,all_available_test,SVR,5,358,29.279585943228746,1.197117320615447,1.5368420446505824,2.361883470205783,-2.8980167486961537
KFold,ETHUSDT,28,7,all_available_test,SVR,6,358,29.20088249303912,1.1978602501026667,1.5436345714560498,2.3828076901943023,-2.922897690225043
KFold,ETHUSDT,28,7,all_available_test,SVR,7,358,29.324213721513228,1.2048803884220434,1.5544057866255343,2.416177349494946,-2.9455525166477767
KFold,ETHUSDT,28,7,all_available_test,Persistence,1,358,2.814744032006289,0.10140527024945444,0.20227751538787564,0.040916193231492266,0.9323024331592036
KFold,ETHUSDT,28,7,all_available_test,Persistence,2,358,4.67698226923668,0.16938204726082431,0.2944587441079519,0.0867059519816323,0.8565966337214849
KFold,ETHUSDT,28,7,all_available_test,Persistence,3,358,6.162312082661646,0.22424057967213365,0.371994187378345,0.13837967544327523,0.7711534893664307
KFold,ETHUSDT,28,7,all_available_test,Persistence,4,358,7.515016514847934,0.27350710397746725,0.44279160031211007,0.19606440130695943,0.6758105507117934
KFold,ETHUSDT,28,7,all_available_test,Persistence,5,358,8.8507869084088,0.3219178782266647,0.500273582201508,0.250273657048729,0.5869521425422463
KFold,ETHUSDT,28,7,all_available_test,Persistence,6,358,10.141157141855722,0.36796796947496296,0.5540418887782694,0.3069624145209923,0.49463729202078
KFold,ETHUSDT,28,7,all_available_test,Persistence,7,358,11.358507330809035,0.41112849785467,0.6024958571325314,0.36300125786186366,0.40722872565518997
KFold,ETHUSDT,28,14,all_available_test,SVR,1,358,37.15459062262659,1.4806315349473764,1.8461357968498624,3.4082173804104765,-4.639039355712014
KFold,ETHUSDT,28,14,all_available_test,SVR,2,358,38.104216523058916,1.513684996038476,1.8823924278216686,3.5434012523203555,-4.860447363127828
KFold,ETHUSDT,28,14,all_available_test,SVR,3,358,38.764901440557765,1.5355049025342904,1.8976457065917816,3.601059227746222,-4.955280905340398
KFold,ETHUSDT,28,14,all_available_test,SVR,4,358,38.946139779719566,1.5425438768186839,1.9023827420482537,3.619060097243033,-4.984059788749099
KFold,ETHUSDT,28,14,all_available_test,SVR,5,358,38.379032004774274,1.5239051786448357,1.8815824469887241,3.5403525048160747,-4.842944215558214
KFold,ETHUSDT,28,14,all_available_test,SVR,6,358,37.74616530928281,1.503763702278425,1.859709045492484,3.458517733886566,-4.693875878317157
KFold,ETHUSDT,28,14,all_available_test,SVR,7,358,37.6985430636199,1.503159941235023,1.8645916588968008,3.4767020544275233,-4.677360787836366
KFold,ETHUSDT,28,14,all_available_test,Persistence,1,358,2.814744032006289,0.10140527024945444,0.20227751538787564,0.040916193231492266,0.9323024331592036
KFold,ETHUSDT,28,14,all_available_test,Persistence,2,358,4.67698226923668,0.16938204726082431,0.2944587441079519,0.0867059519816323,0.8565966337214849
KFold,ETHUSDT,28,14,all_available_test,Persistence,3,358,6.162312082661646,0.22424057967213365,0.371994187378345,0.13837967544327523,0.7711534893664307
KFold,ETHUSDT,28,14,all_available_test,Persistence,4,358,7.515016514847934,0.27350710397746725,0.44279160031211007,0.19606440130695943,0.6758105507117934
KFold,ETHUSDT,28,14,all_available_test,Persistence,5,358,8.8507869084088,0.3219178782266647,0.500273582201508,0.250273657048729,0.5869521425422463
KFold,ETHUSDT,28,14,all_available_test,Persistence,6,358,10.141157141855722,0.36796796947496296,0.5540418887782694,0.3069624145209923,0.49463729202078
KFold,ETHUSDT,28,14,all_available_test,Persistence,7,358,11.358507330809035,0.41112849785467,0.6024958571325314,0.36300125786186366,0.40722872565518997
KFold,ETHUSDT,28,21,all_available_test,SVR,1,358,48.68153642858492,1.8871569333965643,2.2957511771415384,5.270473467346759,-7.720220569388941
KFold,ETHUSDT,28,21,all_available_test,SVR,2,358,49.13998435130001,1.904084732583066,2.3142351764101057,5.355684451733913,-7.857790746209025
KFold,ETHUSDT,28,21,all_available_test,SVR,3,358,50.61375874836575,1.955948817877698,2.364988794924841,5.593172000120051,-8.249753560272984
KFold,ETHUSDT,28,21,all_available_test,SVR,4,358,51.62534756572569,1.992423783912077,2.3996754778306215,5.758442398901622,-8.521495272030863
KFold,ETHUSDT,28,21,all_available_test,SVR,5,358,53.07064059511599,2.0429923761914943,2.448037414700706,5.992887183774517,-8.89057034780987
KFold,ETHUSDT,28,21,all_available_test,SVR,6,358,55.33487645705766,2.122993794047354,2.5280232143972445,6.390901372531377,-9.521559224410188
KFold,ETHUSDT,28,21,all_available_test,SVR,7,358,57.884441365285916,2.212477279533552,2.6360914410875314,6.948978085774937,-10.347493999225946
KFold,ETHUSDT,28,21,all_available_test,Persistence,1,358,2.814744032006289,0.10140527024945444,0.20227751538787564,0.040916193231492266,0.9323024331592036
KFold,ETHUSDT,28,21,all_available_test,Persistence,2,358,4.67698226923668,0.16938204726082431,0.2944587441079519,0.0867059519816323,0.8565966337214849
KFold,ETHUSDT,28,21,all_available_test,Persistence,3,358,6.162312082661646,0.22424057967213365,0.371994187378345,0.13837967544327523,0.7711534893664307
KFold,ETHUSDT,28,21,all_available_test,Persistence,4,358,7.515016514847934,0.27350710397746725,0.44279160031211007,0.19606440130695943,0.6758105507117934
KFold,ETHUSDT,28,21,all_available_test,Persistence,5,358,8.8507869084088,0.3219178782266647,0.500273582201508,0.250273657048729,0.5869521425422463
KFold,ETHUSDT,28,21,all_available_test,Persistence,6,358,10.141157141855722,0.36796796947496296,0.5540418887782694,0.3069624145209923,0.49463729202078
KFold,ETHUSDT,28,21,all_available_test,Persistence,7,358,11.358507330809035,0.41112849785467,0.6024958571325314,0.36300125786186366,0.40722872565518997
KFold,ETHUSDT,28,28,all_available_test,SVR,1,358,57.370133826822226,2.1883296377498613,2.677782147241639,7.170517228086044,-10.863923082605242
KFold,ETHUSDT,28,28,all_available_test,SVR,2,358,59.035412233281704,2.2507130887790603,2.7417596386597856,7.517245916183837,-11.432807032123295
KFold,ETHUSDT,28,28,all_available_test,SVR,3,358,60.9240522227005,2.319000619478722,2.8043397874290927,7.864321643357848,-12.005685703607863
KFold,ETHUSDT,28,28,all_available_test,SVR,4,358,62.16132062991868,2.364821765737577,2.841010572150594,8.071341071071444,-12.345837385091158
KFold,ETHUSDT,28,28,all_available_test,SVR,5,358,63.155384790339994,2.403314413184512,2.8745480682942373,8.26302659693413,-12.637174092659501
KFold,ETHUSDT,28,28,all_available_test,SVR,6,358,63.96884988869422,2.4342823386831367,2.9042387383182007,8.434602649148095,-12.886174443062577
KFold,ETHUSDT,28,28,all_available_test,SVR,7,358,64.96909003710134,2.4725107073587953,2.9398283153861184,8.642590523945982,-13.11311748255532
KFold,ETHUSDT,28,28,all_available_test,Persistence,1,358,2.814744032006289,0.10140527024945444,0.20227751538787564,0.040916193231492266,0.9323024331592036
KFold,ETHUSDT,28,28,all_available_test,Persistence,2,358,4.67698226923668,0.16938204726082431,0.2944587441079519,0.0867059519816323,0.8565966337214849
KFold,ETHUSDT,28,28,all_available_test,Persistence,3,358,6.162312082661646,0.22424057967213365,0.371994187378345,0.13837967544327523,0.7711534893664307
KFold,ETHUSDT,28,28,all_available_test,Persistence,4,358,7.515016514847934,0.27350710397746725,0.44279160031211007,0.19606440130695943,0.6758105507117934
KFold,ETHUSDT,28,28,all_available_test,Persistence,5,358,8.8507869084088,0.3219178782266647,0.500273582201508,0.250273657048729,0.5869521425422463
KFold,ETHUSDT,28,28,all_available_test,Persistence,6,358,10.141157141855722,0.36796796947496296,0.5540418887782694,0.3069624145209923,0.49463729202078
KFold,ETHUSDT,28,28,all_available_test,Persistence,7,358,11.358507330809035,0.41112849785467,0.6024958571325314,0.36300125786186366,0.40722872565518997
KFold,XRPUSDT,7,7,all_available_test,SVR,1,358,212.5444512649512,6.109335457956616,7.397735235793159,54.72648661889567,-12.530834156625458
KFold,XRPUSDT,7,7,all_available_test,SVR,2,358,194.89853374586028,5.610047252089414,6.764299091517886,45.7557421995097,-10.271456419295971
KFold,XRPUSDT,7,7,all_available_test,SVR,3,358,175.4601451206746,5.074643941588603,6.096075600534477,37.162137727431784,-8.12337647584727
KFold,XRPUSDT,7,7,all_available_test,SVR,4,358,143.8682475185301,4.259327713524805,5.405491400718902,29.219337283246002,-6.150925098431006
KFold,XRPUSDT,7,7,all_available_test,SVR,5,358,122.45489776521563,3.70530524492259,4.9826640103554105,24.82694064009106,-5.053653124349498
KFold,XRPUSDT,7,7,all_available_test,SVR,6,358,120.6845044538113,3.796671380422134,5.232802221449028,27.382219088801886,-5.65211395676857
KFold,XRPUSDT,7,7,all_available_test,SVR,7,358,136.76477366366188,4.310039051257649,5.8738576896275365,34.50220415799654,-7.367649949690971
KFold,XRPUSDT,7,7,all_available_test,Persistence,1,358,13.90395753946984,0.4506119725607619,0.8755271085028856,0.7665477177234237,0.810475134026342
KFold,XRPUSDT,7,7,all_available_test,Persistence,2,358,24.376459850902993,0.7778090561769906,1.3082926640501549,1.7116296948074512,0.5783576315542363
KFold,XRPUSDT,7,7,all_available_test,Persistence,3,358,32.59530445207484,1.0341567377252336,1.6260603184700853,2.6440721593030347,0.3508751860412662
KFold,XRPUSDT,7,7,all_available_test,Persistence,4,358,39.5863633908174,1.2464615291399184,1.8970930208918806,3.5989619299166815,0.11921660154504832
KFold,XRPUSDT,7,7,all_available_test,Persistence,5,358,46.96670113237321,1.4617416573512554,2.142802363760304,4.591601970136747,-0.1195888375953229
KFold,XRPUSDT,7,7,all_available_test,Persistence,6,358,53.71089537708604,1.6572529227661026,2.364336052913031,5.590084971104371,-0.3580302653780534
KFold,XRPUSDT,7,7,all_available_test,Persistence,7,358,59.9001867686327,1.8347664729791568,2.5798901180062344,6.655833020986222,-0.6142064602066533
KFold,XRPUSDT,7,14,all_available_test,SVR,1,358,243.07587529746436,7.1852937737886835,8.688932165084534,75.4975421694406,-17.66636770310821
KFold,XRPUSDT,7,14,all_available_test,SVR,2,358,223.387992226045,6.639593233245871,7.987438411732507,63.799172381219904,-14.71626983880019
KFold,XRPUSDT,7,14,all_available_test,SVR,3,358,204.94959237396034,6.095120332475386,7.3831506487702026,54.51091350243586,-12.382534384128332
KFold,XRPUSDT,7,14,all_available_test,SVR,4,358,184.09163443996803,5.44862212154066,6.761943999806743,45.72388665652241,-10.190126782150534
KFold,XRPUSDT,7,14,all_available_test,SVR,5,358,163.6257447964021,4.803555126598528,6.172122731355553,38.09509901091593,-8.288881723003502
KFold,XRPUSDT,7,14,all_available_test,SVR,6,358,154.99252090163588,4.686819960244981,6.171831121487014,38.09149939215566,-8.253778662680595
KFold,XRPUSDT,7,14,all_available_test,SVR,7,358,164.24335283463458,4.932107643989557,6.510569623634903,42.387516824197526,-9.280036063705134
KFold,XRPUSDT,7,14,all_available_test,Persistence,1,358,13.90395753946984,0.4506119725607619,0.8755271085028856,0.7665477177234237,0.810475134026342
KFold,XRPUSDT,7,14,all_available_test,Persistence,2,358,24.376459850902993,0.7778090561769906,1.3082926640501549,1.7116296948074512,0.5783576315542363
KFold,XRPUSDT,7,14,all_available_test,Persistence,3,358,32.59530445207484,1.0341567377252336,1.6260603184700853,2.6440721593030347,0.3508751860412662
KFold,XRPUSDT,7,14,all_available_test,Persistence,4,358,39.5863633908174,1.2464615291399184,1.8970930208918806,3.5989619299166815,0.11921660154504832
KFold,XRPUSDT,7,14,all_available_test,Persistence,5,358,46.96670113237321,1.4617416573512554,2.142802363760304,4.591601970136747,-0.1195888375953229
KFold,XRPUSDT,7,14,all_available_test,Persistence,6,358,53.71089537708604,1.6572529227661026,2.364336052913031,5.590084971104371,-0.3580302653780534
KFold,XRPUSDT,7,14,all_available_test,Persistence,7,358,59.9001867686327,1.8347664729791568,2.5798901180062344,6.655833020986222,-0.6142064602066533
KFold,XRPUSDT,7,21,all_available_test,SVR,1,358,289.98640746837515,8.62996962500895,10.431523495916307,108.81668244585398,-25.90434878274556
KFold,XRPUSDT,7,21,all_available_test,SVR,2,358,282.81707642647496,8.407626037716335,10.221595834949488,104.48102141305671,-24.73782486940879
KFold,XRPUSDT,7,21,all_available_test,SVR,3,358,276.50491969125267,8.19995039429162,10.047585392254193,100.95397221463985,-23.784394859139223
KFold,XRPUSDT,7,21,all_available_test,SVR,4,358,247.488613210146,7.387640236444631,9.205028755634254,84.73255439205352,-19.736820413915773
KFold,XRPUSDT,7,21,all_available_test,SVR,5,358,218.75995664422925,6.57241852320702,8.402759631483798,70.60636942449375,-16.216235985812297
KFold,XRPUSDT,7,21,all_available_test,SVR,6,358,212.00798150593744,6.4270868807827135,8.218666596960349,67.5464806319918,-15.40944019494846
KFold,XRPUSDT,7,21,all_available_test,SVR,7,358,226.38257672034166,6.719382079986363,8.5028774977883,72.29892574239462,-16.53430301382197
KFold,XRPUSDT,7,21,all_available_test,Persistence,1,358,13.90395753946984,0.4506119725607619,0.8755271085028856,0.7665477177234237,0.810475134026342
KFold,XRPUSDT,7,21,all_available_test,Persistence,2,358,24.376459850902993,0.7778090561769906,1.3082926640501549,1.7116296948074512,0.5783576315542363
KFold,XRPUSDT,7,21,all_available_test,Persistence,3,358,32.59530445207484,1.0341567377252336,1.6260603184700853,2.6440721593030347,0.3508751860412662
KFold,XRPUSDT,7,21,all_available_test,Persistence,4,358,39.5863633908174,1.2464615291399184,1.8970930208918806,3.5989619299166815,0.11921660154504832
KFold,XRPUSDT,7,21,all_available_test,Persistence,5,358,46.96670113237321,1.4617416573512554,2.142802363760304,4.591601970136747,-0.1195888375953229
KFold,XRPUSDT,7,21,all_available_test,Persistence,6,358,53.71089537708604,1.6572529227661026,2.364336052913031,5.590084971104371,-0.3580302653780534
KFold,XRPUSDT,7,21,all_available_test,Persistence,7,358,59.9001867686327,1.8347664729791568,2.5798901180062344,6.655833020986222,-0.6142064602066533
KFold,XRPUSDT,7,28,all_available_test,SVR,1,358,326.5070964216998,9.684335400466603,11.831437148778143,139.98290500548745,-33.61003235201155
KFold,XRPUSDT,7,28,all_available_test,SVR,2,358,341.7753529363115,10.01288392388594,12.396543345893422,153.67428692661446,-36.85607979665294
KFold,XRPUSDT,7,28,all_available_test,SVR,3,358,342.4490950496831,9.947438703320653,12.269163778228481,150.5323798169938,-35.95598953291373
KFold,XRPUSDT,7,28,all_available_test,SVR,4,358,314.01758468163115,9.19330531940797,11.507413384335443,132.4205627979825,-31.40763186656563
KFold,XRPUSDT,7,28,all_available_test,SVR,5,358,271.96229007006644,8.079171899393007,10.320381316676777,106.51027052161109,-24.970829079007153
KFold,XRPUSDT,7,28,all_available_test,SVR,6,358,275.77732922420216,8.155964183251545,10.590245150510155,112.15329234790387,-26.246019721978673
KFold,XRPUSDT,7,28,all_available_test,SVR,7,358,325.54293584936664,9.509881894072452,12.240587754883217,149.83198858499696,-35.338015565732185
KFold,XRPUSDT,7,28,all_available_test,Persistence,1,358,13.90395753946984,0.4506119725607619,0.8755271085028856,0.7665477177234237,0.810475134026342
KFold,XRPUSDT,7,28,all_available_test,Persistence,2,358,24.376459850902993,0.7778090561769906,1.3082926640501549,1.7116296948074512,0.5783576315542363
KFold,XRPUSDT,7,28,all_available_test,Persistence,3,358,32.59530445207484,1.0341567377252336,1.6260603184700853,2.6440721593030347,0.3508751860412662
KFold,XRPUSDT,7,28,all_available_test,Persistence,4,358,39.5863633908174,1.2464615291399184,1.8970930208918806,3.5989619299166815,0.11921660154504832
KFold,XRPUSDT,7,28,all_available_test,Persistence,5,358,46.96670113237321,1.4617416573512554,2.142802363760304,4.591601970136747,-0.1195888375953229
KFold,XRPUSDT,7,28,all_available_test,Persistence,6,358,53.71089537708604,1.6572529227661026,2.364336052913031,5.590084971104371,-0.3580302653780534
KFold,XRPUSDT,7,28,all_available_test,Persistence,7,358,59.9001867686327,1.8347664729791568,2.5798901180062344,6.655833020986222,-0.6142064602066533
KFold,XRPUSDT,14,7,all_available_test,SVR,1,358,420.7970298590816,13.841195737555406,15.089892075757783,227.70484285801754,-74.8151049859734
KFold,XRPUSDT,14,7,all_available_test,SVR,2,358,381.24481206503805,12.476686850436193,13.727348532043615,188.44009772020001,-61.62146678289502
KFold,XRPUSDT,14,7,all_available_test,SVR,3,358,342.62536680213407,11.141172020600395,12.34425152285539,152.38054565951762,-49.548046679557814
KFold,XRPUSDT,14,7,all_available_test,SVR,4,358,286.8659254018634,9.322224733150014,10.455647031125318,109.3205548394797,-35.19564121709582
KFold,XRPUSDT,14,7,all_available_test,SVR,5,358,226.90395147735728,7.391715771768277,8.501869885434957,72.28179154886581,-22.871858496272605
KFold,XRPUSDT,14,7,all_available_test,SVR,6,358,161.72518018906928,5.335493137352702,6.4891006976785945,42.10842786461282,-12.871367743197913
KFold,XRPUSDT,14,7,all_available_test,SVR,7,358,101.9400712701145,3.602234876471197,4.737827407052124,22.447008539014252,-6.373575146701475
KFold,XRPUSDT,14,7,all_available_test,Persistence,1,358,6.48712793061416,0.23501258852463736,0.5265433855561557,0.27724793687293836,0.9076893526841989
KFold,XRPUSDT,14,7,all_available_test,Persistence,2,358,11.296249630517305,0.4123755290444448,0.8013161970359867,0.6421076476322162,0.7866180116986143
KFold,XRPUSDT,14,7,all_available_test,Persistence,3,358,14.834409460823258,0.5477497455196071,0.9877341571089712,0.9756187651197696,0.6763653610289692
KFold,XRPUSDT,14,7,all_available_test,Persistence,4,358,18.262985942319396,0.6766477420437113,1.1451134125973073,1.311284727710251,0.565838358510445
KFold,XRPUSDT,14,7,all_available_test,Persistence,5,358,21.1923056059334,0.7882427036806843,1.2875477673297,1.6577792531556952,0.45250012622286473
KFold,XRPUSDT,14,7,all_available_test,Persistence,6,358,24.28996443576654,0.9043626667481737,1.4221847696731258,2.0226095190902016,0.3337115189766813
KFold,XRPUSDT,14,7,all_available_test,Persistence,7,358,27.481533425751284,1.026150596009743,1.5648961584722914,2.448899986801335,0.1955655004963588
KFold,XRPUSDT,14,14,all_available_test,SVR,1,358,273.0466878256508,8.986311596130918,10.426320888945416,108.70816727925951,-35.19475550745682
KFold,XRPUSDT,14,14,all_available_test,SVR,2,358,252.96774054929668,8.302196966285033,9.74526480382904,94.97018609674905,-30.560015230163064
KFold,XRPUSDT,14,14,all_available_test,SVR,3,358,228.26202035799884,7.475780564957183,8.850218185226316,78.32636192611058,-24.982612030590825
KFold,XRPUSDT,14,14,all_available_test,SVR,4,358,201.24311067947943,6.6001368062893615,7.898882011885538,62.392337037688925,-19.65787764641623
KFold,XRPUSDT,14,14,all_available_test,SVR,5,358,167.89577580601457,5.55132080402396,6.786187739037362,46.05234402946102,-14.209294298547421
KFold,XRPUSDT,14,14,all_available_test,SVR,6,358,141.5944353594394,4.762884608891027,5.868905065368118,34.44404666630355,-10.346565571347051
KFold,XRPUSDT,14,14,all_available_test,SVR,7,358,122.2362798321006,4.2153328315675225,5.1908723790266915,26.945156055342228,-7.851163070051971
KFold,XRPUSDT,14,14,all_available_test,Persistence,1,358,6.48712793061416,0.23501258852463736,0.5265433855561557,0.27724793687293836,0.9076893526841989
KFold,XRPUSDT,14,14,all_available_test,Persistence,2,358,11.296249630517305,0.4123755290444448,0.8013161970359867,0.6421076476322162,0.7866180116986143
KFold,XRPUSDT,14,14,all_available_test,Persistence,3,358,14.834409460823258,0.5477497455196071,0.9877341571089712,0.9756187651197696,0.6763653610289692
KFold,XRPUSDT,14,14,all_available_test,Persistence,4,358,18.262985942319396,0.6766477420437113,1.1451134125973073,1.311284727710251,0.565838358510445
KFold,XRPUSDT,14,14,all_available_test,Persistence,5,358,21.1923056059334,0.7882427036806843,1.2875477673297,1.6577792531556952,0.45250012622286473
KFold,XRPUSDT,14,14,all_available_test,Persistence,6,358,24.28996443576654,0.9043626667481737,1.4221847696731258,2.0226095190902016,0.3337115189766813
KFold,XRPUSDT,14,14,all_available_test,Persistence,7,358,27.481533425751284,1.026150596009743,1.5648961584722914,2.448899986801335,0.1955655004963588
KFold,XRPUSDT,14,21,all_available_test,SVR,1,358,314.9640812938713,10.385341986636012,11.98002135320489,143.52091162324513,-46.78577761380193
KFold,XRPUSDT,14,21,all_available_test,SVR,2,358,306.03167335262225,10.08186050918953,11.764834124231646,138.41132197068538,-44.99615530890663
KFold,XRPUSDT,14,21,all_available_test,SVR,3,358,295.5358602940083,9.738870209729841,11.464422161575413,131.43297549882146,-42.59926755737171
KFold,XRPUSDT,14,21,all_available_test,SVR,4,358,274.1027443983977,9.034121784697923,10.647420942432289,113.36757272534571,-36.53559423518163
KFold,XRPUSDT,14,21,all_available_test,SVR,5,358,242.77886695659177,8.051927091043598,9.609295917937562,92.33856803849149,-29.495830038649576
KFold,XRPUSDT,14,21,all_available_test,SVR,6,358,210.6332772989666,7.0960208337560315,8.557968609614433,73.23882672314599,-23.12635071115709
KFold,XRPUSDT,14,21,all_available_test,SVR,7,358,188.22321695000997,6.382381139978976,7.929512761389008,62.87717263303113,-19.654402862455385
KFold,XRPUSDT,14,21,all_available_test,Persistence,1,358,6.48712793061416,0.23501258852463736,0.5265433855561557,0.27724793687293836,0.9076893526841989
KFold,XRPUSDT,14,21,all_available_test,Persistence,2,358,11.296249630517305,0.4123755290444448,0.8013161970359867,0.6421076476322162,0.7866180116986143
KFold,XRPUSDT,14,21,all_available_test,Persistence,3,358,14.834409460823258,0.5477497455196071,0.9877341571089712,0.9756187651197696,0.6763653610289692
KFold,XRPUSDT,14,21,all_available_test,Persistence,4,358,18.262985942319396,0.6766477420437113,1.1451134125973073,1.311284727710251,0.565838358510445
KFold,XRPUSDT,14,21,all_available_test,Persistence,5,358,21.1923056059334,0.7882427036806843,1.2875477673297,1.6577792531556952,0.45250012622286473
KFold,XRPUSDT,14,21,all_available_test,Persistence,6,358,24.28996443576654,0.9043626667481737,1.4221847696731258,2.0226095190902016,0.3337115189766813
KFold,XRPUSDT,14,21,all_available_test,Persistence,7,358,27.481533425751284,1.026150596009743,1.5648961584722914,2.448899986801335,0.1955655004963588
KFold,XRPUSDT,14,28,all_available_test,SVR,1,358,358.79947930170044,11.841569612488835,13.584240624843956,184.53159335366092,-60.44042413740061
KFold,XRPUSDT,14,28,all_available_test,SVR,2,358,358.2767426186439,11.767895984480544,13.702128482070693,187.7483249391729,-61.39158032692044
KFold,XRPUSDT,14,28,all_available_test,SVR,3,358,346.6305274512607,11.398257132066524,13.378955524079839,178.99645091530644,-58.37713976007776
KFold,XRPUSDT,14,28,all_available_test,SVR,4,358,320.0163683527121,10.570037147329835,12.405594334743208,153.89877079821278,-49.95532765767186
KFold,XRPUSDT,14,28,all_available_test,SVR,5,358,271.1924675753064,9.085327375329731,10.900798646460851,118.82741113068273,-38.24406248387429
KFold,XRPUSDT,14,28,all_available_test,SVR,6,358,222.73554986892387,7.627506351986657,9.457074994263964,89.43626744713276,-28.46211526412175
KFold,XRPUSDT,14,28,all_available_test,SVR,7,358,197.2912338693186,6.931213191389761,8.776579644001105,77.02835024749456,-24.30289628522966
KFold,XRPUSDT,14,28,all_available_test,Persistence,1,358,6.48712793061416,0.23501258852463736,0.5265433855561557,0.27724793687293836,0.9076893526841989
KFold,XRPUSDT,14,28,all_available_test,Persistence,2,358,11.296249630517305,0.4123755290444448,0.8013161970359867,0.6421076476322162,0.7866180116986143
KFold,XRPUSDT,14,28,all_available_test,Persistence,3,358,14.834409460823258,0.5477497455196071,0.9877341571089712,0.9756187651197696,0.6763653610289692
KFold,XRPUSDT,14,28,all_available_test,Persistence,4,358,18.262985942319396,0.6766477420437113,1.1451134125973073,1.311284727710251,0.565838358510445
KFold,XRPUSDT,14,28,all_available_test,Persistence,5,358,21.1923056059334,0.7882427036806843,1.2875477673297,1.6577792531556952,0.45250012622286473
KFold,XRPUSDT,14,28,all_available_test,Persistence,6,358,24.28996443576654,0.9043626667481737,1.4221847696731258,2.0226095190902016,0.3337115189766813
KFold,XRPUSDT,14,28,all_available_test,Persistence,7,358,27.481533425751284,1.026150596009743,1.5648961584722914,2.448899986801335,0.1955655004963588
KFold,XRPUSDT,21,7,all_available_test,SVR,1,358,461.45546426003676,16.14248716005726,17.386016809155475,302.27358048823675,-124.82799980978616
KFold,XRPUSDT,21,7,all_available_test,SVR,2,358,421.36934379580265,14.710316750054593,15.995170426423634,255.84547697033724,-105.09997107602854
KFold,XRPUSDT,21,7,all_available_test,SVR,3,358,380.6987875349455,13.231191362328936,14.394401867861404,207.19880513349187,-84.61952826377555
KFold,XRPUSDT,21,7,all_available_test,SVR,4,358,328.2048165014362,11.349345414041286,12.489579999693378,155.98960856874083,-63.22824162318504
KFold,XRPUSDT,21,7,all_available_test,SVR,5,358,275.5430269792675,9.425519910438645,10.682638363250819,114.11876239999812,-45.81437458766452
KFold,XRPUSDT,21,7,all_available_test,SVR,6,358,241.13401114378354,8.261087072480018,9.536112913763949,90.93744950405555,-36.16696966288096
KFold,XRPUSDT,21,7,all_available_test,SVR,7,358,203.9898245137711,7.11674397205115,8.341509010709126,69.58077257574155,-27.33038647197512
KFold,XRPUSDT,21,7,all_available_test,Persistence,1,358,4.195968149508458,0.15768015827467388,0.3609965059373843,0.13031847729899995,0.9457520789269629
KFold,XRPUSDT,21,7,all_available_test,Persistence,2,358,7.211952900211756,0.2721382314266163,0.5604930608865044,0.31415247130192275,0.8697199242554468
KFold,XRPUSDT,21,7,all_available_test,Persistence,3,358,10.056840543384576,0.3786362766998213,0.7106921736358931,0.5050833656673105,0.7912874088513506
KFold,XRPUSDT,21,7,all_available_test,Persistence,4,358,12.425671167962909,0.46571648504041,0.834120320101987,0.6957567084070413,0.7135243149300758
KFold,XRPUSDT,21,7,all_available_test,Persistence,5,358,14.612002572232498,0.5451527776103569,0.9480088975979309,0.8987208699248442,0.6313221895366956
KFold,XRPUSDT,21,7,all_available_test,Persistence,6,358,16.601382239055003,0.6184361926672406,1.046976717065922,1.0961602460781357,0.5519892537801463
KFold,XRPUSDT,21,7,all_available_test,Persistence,7,358,18.528961245549873,0.6912965641429166,1.1497187248790215,1.321853146337443,0.46179656953116344
KFold,XRPUSDT,21,14,all_available_test,SVR,1,358,402.8608162173587,14.142445449687234,15.500091421148623,240.25283406396514,-99.01050541721968
KFold,XRPUSDT,21,14,all_available_test,SVR,2,358,367.69464349173114,12.867641115388558,14.222070852917643,202.26729934540958,-82.88092243922101
KFold,XRPUSDT,21,14,all_available_test,SVR,3,358,329.44641066253894,11.503820922753535,12.775574755174267,163.21531032504603,-66.44449064970661
KFold,XRPUSDT,21,14,all_available_test,SVR,4,358,290.7116024684263,10.14593923434592,11.31509224416912,128.03131249405618,-51.716499192816265
KFold,XRPUSDT,21,14,all_available_test,SVR,5,358,251.6973299423105,8.775589008432423,9.870019096464729,97.41727696457842,-38.96300695187097
KFold,XRPUSDT,21,14,all_available_test,SVR,6,358,211.56344509371402,7.383847264160599,8.435742215574463,71.16174672762514,-28.084458561434676
KFold,XRPUSDT,21,14,all_available_test,SVR,7,358,169.32286194751003,5.954611937050781,6.990704876751016,48.869954673830435,-18.8978058381061
KFold,XRPUSDT,21,14,all_available_test,Persistence,1,358,4.195968149508458,0.15768015827467388,0.3609965059373843,0.13031847729899995,0.9457520789269629
KFold,XRPUSDT,21,14,all_available_test,Persistence,2,358,7.211952900211756,0.2721382314266163,0.5604930608865044,0.31415247130192275,0.8697199242554468
KFold,XRPUSDT,21,14,all_available_test,Persistence,3,358,10.056840543384576,0.3786362766998213,0.7106921736358931,0.5050833656673105,0.7912874088513506
KFold,XRPUSDT,21,14,all_available_test,Persistence,4,358,12.425671167962909,0.46571648504041,0.834120320101987,0.6957567084070413,0.7135243149300758
KFold,XRPUSDT,21,14,all_available_test,Persistence,5,358,14.612002572232498,0.5451527776103569,0.9480088975979309,0.8987208699248442,0.6313221895366956
KFold,XRPUSDT,21,14,all_available_test,Persistence,6,358,16.601382239055003,0.6184361926672406,1.046976717065922,1.0961602460781357,0.5519892537801463
KFold,XRPUSDT,21,14,all_available_test,Persistence,7,358,18.528961245549873,0.6912965641429166,1.1497187248790215,1.321853146337443,0.46179656953116344
KFold,XRPUSDT,21,21,all_available_test,SVR,1,358,334.7935516544084,11.723142096956188,13.03972562917237,170.03444448409476,-69.7805624747095
KFold,XRPUSDT,21,21,all_available_test,SVR,2,358,326.3590640076037,11.36942050911,12.701822665029992,161.3362990138696,-65.90670033173849
KFold,XRPUSDT,21,21,all_available_test,SVR,3,358,312.62305293726143,10.863123580147453,12.213451729787224,149.16840315584253,-60.63997085714606
KFold,XRPUSDT,21,21,all_available_test,SVR,4,358,293.97536948794465,10.191519802254623,11.530910498983024,132.96189693555692,-53.746652173889174
KFold,XRPUSDT,21,21,all_available_test,SVR,5,358,269.6811186957971,9.387598130677818,10.718269203482675,114.88129471832514,-46.12718444324496
KFold,XRPUSDT,21,21,all_available_test,SVR,6,358,242.63542574226327,8.508262946434517,9.896735816199326,97.94537981564254,-39.0311750558277
KFold,XRPUSDT,21,21,all_available_test,SVR,7,358,218.69373933737052,7.718187701029512,9.200108734379901,84.64200072441334,-33.46268995753921
KFold,XRPUSDT,21,21,all_available_test,Persistence,1,358,4.195968149508458,0.15768015827467388,0.3609965059373843,0.13031847729899995,0.9457520789269629
KFold,XRPUSDT,21,21,all_available_test,Persistence,2,358,7.211952900211756,0.2721382314266163,0.5604930608865044,0.31415247130192275,0.8697199242554468
KFold,XRPUSDT,21,21,all_available_test,Persistence,3,358,10.056840543384576,0.3786362766998213,0.7106921736358931,0.5050833656673105,0.7912874088513506
KFold,XRPUSDT,21,21,all_available_test,Persistence,4,358,12.425671167962909,0.46571648504041,0.834120320101987,0.6957567084070413,0.7135243149300758
KFold,XRPUSDT,21,21,all_available_test,Persistence,5,358,14.612002572232498,0.5451527776103569,0.9480088975979309,0.8987208699248442,0.6313221895366956
KFold,XRPUSDT,21,21,all_available_test,Persistence,6,358,16.601382239055003,0.6184361926672406,1.046976717065922,1.0961602460781357,0.5519892537801463
KFold,XRPUSDT,21,21,all_available_test,Persistence,7,358,18.528961245549873,0.6912965641429166,1.1497187248790215,1.321853146337443,0.46179656953116344
KFold,XRPUSDT,21,28,all_available_test,SVR,1,358,374.590495036244,13.169271027945024,14.631567417766867,214.08276510065699,-88.11664090144413
KFold,XRPUSDT,21,28,all_available_test,SVR,2,358,374.526517556656,13.111221807476618,14.662748010394543,214.9961792163291,-88.1596312994577
KFold,XRPUSDT,21,28,all_available_test,SVR,3,358,361.8749075196504,12.672767100366755,14.27607865182943,203.80642167321997,-83.21771384997531
KFold,XRPUSDT,21,28,all_available_test,SVR,4,358,342.9152028743599,12.028529033936529,13.655700667450652,186.4781607190122,-75.78180921153992
KFold,XRPUSDT,21,28,all_available_test,SVR,5,358,309.71185710515,10.943361844693523,12.581752770430148,158.3005027762267,-63.938831078508315
KFold,XRPUSDT,21,28,all_available_test,SVR,6,358,265.61682204817504,9.443087613095697,11.209630620772984,125.6558186541713,-50.356685560834606
KFold,XRPUSDT,21,28,all_available_test,SVR,7,358,223.73917539083067,7.986517984111891,9.863523017147232,97.28908630979325,-38.61205535137611
KFold,XRPUSDT,21,28,all_available_test,Persistence,1,358,4.195968149508458,0.15768015827467388,0.3609965059373843,0.13031847729899995,0.9457520789269629
KFold,XRPUSDT,21,28,all_available_test,Persistence,2,358,7.211952900211756,0.2721382314266163,0.5604930608865044,0.31415247130192275,0.8697199242554468
KFold,XRPUSDT,21,28,all_available_test,Persistence,3,358,10.056840543384576,0.3786362766998213,0.7106921736358931,0.5050833656673105,0.7912874088513506
KFold,XRPUSDT,21,28,all_available_test,Persistence,4,358,12.425671167962909,0.46571648504041,0.834120320101987,0.6957567084070413,0.7135243149300758
KFold,XRPUSDT,21,28,all_available_test,Persistence,5,358,14.612002572232498,0.5451527776103569,0.9480088975979309,0.8987208699248442,0.6313221895366956
KFold,XRPUSDT,21,28,all_available_test,Persistence,6,358,16.601382239055003,0.6184361926672406,1.046976717065922,1.0961602460781357,0.5519892537801463
KFold,XRPUSDT,21,28,all_available_test,Persistence,7,358,18.528961245549873,0.6912965641429166,1.1497187248790215,1.321853146337443,0.46179656953116344
KFold,XRPUSDT,28,7,all_available_test,SVR,1,358,652.8291163416869,24.026315103746374,25.056036273420727,627.8049537349752,-309.3323266660384
KFold,XRPUSDT,28,7,all_available_test,SVR,2,358,631.861467585693,23.2063236727802,24.17042311246022,584.2093534353512,-287.7073062714501
KFold,XRPUSDT,28,7,all_available_test,SVR,3,358,615.1462896733775,22.530127190820547,23.40005988004269,547.5628023895835,-269.39109567007256
KFold,XRPUSDT,28,7,all_available_test,SVR,4,358,585.0606475705931,21.382008744626486,22.184977328333936,492.1732190586907,-241.7206528573051
KFold,XRPUSDT,28,7,all_available_test,SVR,5,358,548.4513265813529,19.989407930949415,20.749458723064407,430.5400373001536,-210.87667007036035
KFold,XRPUSDT,28,7,all_available_test,SVR,6,358,508.6195458520762,18.48789330742984,19.226164033680842,369.64538345000284,-180.07402572054997
KFold,XRPUSDT,28,7,all_available_test,SVR,7,358,464.67497675827303,16.837559520540548,17.570717132804226,308.7301005610199,-149.51658150653648
KFold,XRPUSDT,28,7,all_available_test,Persistence,1,358,3.1510339406749415,0.12176332524846636,0.28435152584248324,0.08085579024894843,0.9600319090139421
KFold,XRPUSDT,28,7,all_available_test,Persistence,2,358,5.490961543514858,0.21487553367074563,0.4396483579773375,0.19329067867216906,0.9044787098346283
KFold,XRPUSDT,28,7,all_available_test,Persistence,3,358,7.399575634599957,0.29159957383530466,0.5479876441870202,0.3002904581816402,0.8517140579077684
KFold,XRPUSDT,28,7,all_available_test,Persistence,4,358,9.1851472816685,0.36331513702026214,0.6423354841400395,0.4125948741854189,0.7965242858613962
KFold,XRPUSDT,28,7,all_available_test,Persistence,5,358,10.87529123196699,0.4307243044022119,0.7301316162185737,0.5330921770019466,0.7376555360286088
KFold,XRPUSDT,28,7,all_available_test,Persistence,6,358,12.38165257018975,0.4900034623889583,0.8079390897470797,0.6527655727413398,0.6802370720692575
KFold,XRPUSDT,28,7,all_available_test,Persistence,7,358,13.918904115183764,0.5502228543178658,0.8879827907189128,0.7885134366129485,0.6155724798609512
KFold,XRPUSDT,28,14,all_available_test,SVR,1,358,528.2644365647149,19.444598748028678,20.448569313722544,418.1439869781153,-205.69412623830817
KFold,XRPUSDT,28,14,all_available_test,SVR,2,358,498.97332026556103,18.307559793799026,19.23882699343386,370.1324640832794,-181.91378945017695
KFold,XRPUSDT,28,14,all_available_test,SVR,3,358,471.1148266681247,17.221848508432842,18.083342413427953,327.00727284128226,-160.47892882746837
KFold,XRPUSDT,28,14,all_available_test,SVR,4,358,438.2709236758543,15.975486152074716,16.784284004160018,281.7121895323018,-137.92947424469128
KFold,XRPUSDT,28,14,all_available_test,SVR,5,358,396.7990588431423,14.416525679067336,15.227824440244223,231.88663718289928,-113.11567859802614
KFold,XRPUSDT,28,14,all_available_test,SVR,6,358,352.9154140753762,12.784768264969562,13.646957680116948,186.23945392290295,-90.23102622050793
KFold,XRPUSDT,28,14,all_available_test,SVR,7,358,309.7023778953044,11.18605417919665,12.097739944594991,146.35531176704922,-70.35326672867018
KFold,XRPUSDT,28,14,all_available_test,Persistence,1,358,3.1510339406749415,0.12176332524846636,0.28435152584248324,0.08085579024894843,0.9600319090139421
KFold,XRPUSDT,28,14,all_available_test,Persistence,2,358,5.490961543514858,0.21487553367074563,0.4396483579773375,0.19329067867216906,0.9044787098346283
KFold,XRPUSDT,28,14,all_available_test,Persistence,3,358,7.399575634599957,0.29159957383530466,0.5479876441870202,0.3002904581816402,0.8517140579077684
KFold,XRPUSDT,28,14,all_available_test,Persistence,4,358,9.1851472816685,0.36331513702026214,0.6423354841400395,0.4125948741854189,0.7965242858613962
KFold,XRPUSDT,28,14,all_available_test,Persistence,5,358,10.87529123196699,0.4307243044022119,0.7301316162185737,0.5330921770019466,0.7376555360286088
KFold,XRPUSDT,28,14,all_available_test,Persistence,6,358,12.38165257018975,0.4900034623889583,0.8079390897470797,0.6527655727413398,0.6802370720692575
KFold,XRPUSDT,28,14,all_available_test,Persistence,7,358,13.918904115183764,0.5502228543178658,0.8879827907189128,0.7885134366129485,0.6155724798609512
KFold,XRPUSDT,28,21,all_available_test,SVR,1,358,396.9588636899726,14.405215586880864,15.831996615879223,250.65211684521117,-122.90067033013385
KFold,XRPUSDT,28,21,all_available_test,SVR,2,358,390.96476076688435,14.138419563171142,15.785990821364198,249.19750621219472,-122.14958725844357
KFold,XRPUSDT,28,21,all_available_test,SVR,3,358,367.82805188988414,13.252519353400178,15.067774058692706,227.03781508381283,-111.11317370564197
KFold,XRPUSDT,28,21,all_available_test,SVR,4,358,331.60597213087965,11.963540491734497,13.732494306466242,188.58139987712772,-92.00099786506804
KFold,XRPUSDT,28,21,all_available_test,SVR,5,358,299.45681888242797,10.854192288711875,12.685460474263161,160.92090744409296,-78.19213791999854
KFold,XRPUSDT,28,21,all_available_test,SVR,6,358,266.06867812555214,9.759239462861956,11.630418589577985,135.26663656880118,-65.2615455942906
KFold,XRPUSDT,28,21,all_available_test,SVR,7,358,236.75603325819088,8.762326253130619,10.687223354244939,114.21674302351845,-54.684605030317336
KFold,XRPUSDT,28,21,all_available_test,Persistence,1,358,3.1510339406749415,0.12176332524846636,0.28435152584248324,0.08085579024894843,0.9600319090139421
KFold,XRPUSDT,28,21,all_available_test,Persistence,2,358,5.490961543514858,0.21487553367074563,0.4396483579773375,0.19329067867216906,0.9044787098346283
KFold,XRPUSDT,28,21,all_available_test,Persistence,3,358,7.399575634599957,0.29159957383530466,0.5479876441870202,0.3002904581816402,0.8517140579077684
KFold,XRPUSDT,28,21,all_available_test,Persistence,4,358,9.1851472816685,0.36331513702026214,0.6423354841400395,0.4125948741854189,0.7965242858613962
KFold,XRPUSDT,28,21,all_available_test,Persistence,5,358,10.87529123196699,0.4307243044022119,0.7301316162185737,0.5330921770019466,0.7376555360286088
KFold,XRPUSDT,28,21,all_available_test,Persistence,6,358,12.38165257018975,0.4900034623889583,0.8079390897470797,0.6527655727413398,0.6802370720692575
KFold,XRPUSDT,28,21,all_available_test,Persistence,7,358,13.918904115183764,0.5502228543178658,0.8879827907189128,0.7885134366129485,0.6155724798609512
KFold,XRPUSDT,28,28,all_available_test,SVR,1,358,392.37227351391635,14.244597952003845,15.636378584839582,244.49633524842986,-119.85778573036758
KFold,XRPUSDT,28,28,all_available_test,SVR,2,358,399.6705966715129,14.46268246828847,16.030588159821313,256.9797567498033,-125.99545616867346
KFold,XRPUSDT,28,28,all_available_test,SVR,3,358,380.9646839331938,13.795336740696584,15.514969706688401,240.71428499945878,-117.86672904075989
KFold,XRPUSDT,28,28,all_available_test,SVR,4,358,346.8548831877665,12.640693433723412,14.492104140777402,210.0210824271375,-102.57421384692177
KFold,XRPUSDT,28,28,all_available_test,SVR,5,358,300.8683321858188,11.066300658553581,13.02354880786967,169.6128235509635,-82.46958968221588
KFold,XRPUSDT,28,28,all_available_test,SVR,6,358,253.28101016211994,9.46815529970813,11.500343755546478,132.25790649573685,-63.78769283965467
KFold,XRPUSDT,28,28,all_available_test,SVR,7,358,217.48023667866858,8.231559587152875,10.348558713730691,107.09266745153143,-51.21137226311661
KFold,XRPUSDT,28,28,all_available_test,Persistence,1,358,3.1510339406749415,0.12176332524846636,0.28435152584248324,0.08085579024894843,0.9600319090139421
KFold,XRPUSDT,28,28,all_available_test,Persistence,2,358,5.490961543514858,0.21487553367074563,0.4396483579773375,0.19329067867216906,0.9044787098346283
KFold,XRPUSDT,28,28,all_available_test,Persistence,3,358,7.399575634599957,0.29159957383530466,0.5479876441870202,0.3002904581816402,0.8517140579077684
KFold,XRPUSDT,28,28,all_available_test,Persistence,4,358,9.1851472816685,0.36331513702026214,0.6423354841400395,0.4125948741854189,0.7965242858613962
KFold,XRPUSDT,28,28,all_available_test,Persistence,5,358,10.87529123196699,0.4307243044022119,0.7301316162185737,0.5330921770019466,0.7376555360286088
KFold,XRPUSDT,28,28,all_available_test,Persistence,6,358,12.38165257018975,0.4900034623889583,0.8079390897470797,0.6527655727413398,0.6802370720692575
KFold,XRPUSDT,28,28,all_available_test,Persistence,7,358,13.918904115183764,0.5502228543178658,0.8879827907189128,0.7885134366129485,0.6155724798609512
