method,symbol,volatility_window,input_window,C,epsilon,fold,val_rmse
GroupKFold,BTCUSDT,7,7,0.01,0.01,1,5.491656275734292
GroupKFold,BTCUSDT,7,7,0.01,0.01,2,7.101045467298433
GroupKFold,BTCUSDT,7,7,0.01,0.01,3,8.05354190362875
GroupKFold,BTCUSDT,7,7,0.01,0.01,4,8.965976872681832
GroupKFold,BTCUSDT,7,7,0.01,0.01,5,2.0261110848330515
KFold,BTCUSDT,7,7,0.01,0.01,1,1.5985549768002605
KFold,BTCUSDT,7,7,0.01,0.01,2,1.6257403202331575
KFold,BTCUSDT,7,7,0.01,0.01,3,1.6132450729277619
KFold,BTCUSDT,7,7,0.01,0.01,4,1.642390510277068
KFold,BTCUSDT,7,7,0.01,0.01,5,1.5609812568601626
ForwardChaining,BTCUSDT,7,7,0.01,0.01,1,1.5985549768002605
ForwardChaining,BTCUSDT,7,7,0.01,0.01,2,1.6257403202331575
ForwardChaining,BTCUSDT,7,7,0.01,0.01,3,1.6132450729277619
ForwardChaining,BTCUSDT,7,7,0.01,0.01,4,1.642390510277068
ForwardChaining,BTCUSDT,7,7,0.01,0.01,5,1.5609812568601626
GroupKFold,BTCUSDT,14,7,0.01,0.1,1,3.72111344605129
GroupKFold,BTCUSDT,14,7,0.01,0.1,2,4.062547891723502
GroupKFold,BTCUSDT,14,7,0.01,0.1,3,4.206309281116577
GroupKFold,BTCUSDT,14,7,0.01,0.1,4,1.483935246686912
GroupKFold,BTCUSDT,14,7,0.01,0.1,5,1.497537681605605
KFold,BTCUSDT,14,7,0.01,0.01,1,1.3240671039200074
KFold,BTCUSDT,14,7,0.01,0.01,2,1.3483329493688498
KFold,BTCUSDT,14,7,0.01,0.01,3,1.326441509184146
KFold,BTCUSDT,14,7,0.01,0.01,4,1.34307383168596
KFold,BTCUSDT,14,7,0.01,0.01,5,1.3091965106832752
ForwardChaining,BTCUSDT,14,7,0.01,0.01,1,1.3240671039200074
ForwardChaining,BTCUSDT,14,7,0.01,0.01,2,1.3483329493688498
ForwardChaining,BTCUSDT,14,7,0.01,0.01,3,1.326441509184146
ForwardChaining,BTCUSDT,14,7,0.01,0.01,4,1.34307383168596
ForwardChaining,BTCUSDT,14,7,0.01,0.01,5,1.3091965106832752
GroupKFold,BTCUSDT,21,7,0.1,0.1,1,5.228090991459515
GroupKFold,BTCUSDT,21,7,0.1,0.1,2,5.370177539513435
GroupKFold,BTCUSDT,21,7,0.1,0.1,3,5.262712890753782
GroupKFold,BTCUSDT,21,7,0.1,0.1,4,1.8980438209997903
GroupKFold,BTCUSDT,21,7,0.1,0.1,5,1.562310593076181
KFold,BTCUSDT,21,7,0.01,0.01,1,1.2163263852300734
KFold,BTCUSDT,21,7,0.01,0.01,2,1.2526192999688968
KFold,BTCUSDT,21,7,0.01,0.01,3,1.2428815377936717
KFold,BTCUSDT,21,7,0.01,0.01,4,1.2430085317442692
KFold,BTCUSDT,21,7,0.01,0.01,5,1.188213173168636
ForwardChaining,BTCUSDT,21,7,0.01,0.01,1,1.2163263852300734
ForwardChaining,BTCUSDT,21,7,0.01,0.01,2,1.2526192999688968
ForwardChaining,BTCUSDT,21,7,0.01,0.01,3,1.2428815377936717
ForwardChaining,BTCUSDT,21,7,0.01,0.01,4,1.2430085317442692
ForwardChaining,BTCUSDT,21,7,0.01,0.01,5,1.188213173168636
GroupKFold,BTCUSDT,28,7,0.01,0.01,1,5.31114972462161
GroupKFold,BTCUSDT,28,7,0.01,0.01,2,5.532761122637306
GroupKFold,BTCUSDT,28,7,0.01,0.01,3,5.252268087432838
GroupKFold,BTCUSDT,28,7,0.01,0.01,4,1.9702237423537703
GroupKFold,BTCUSDT,28,7,0.01,0.01,5,1.0661991092112069
KFold,BTCUSDT,28,7,0.01,0.01,1,1.118779794030194
KFold,BTCUSDT,28,7,0.01,0.01,2,1.1611480285333253
KFold,BTCUSDT,28,7,0.01,0.01,3,1.13459176717507
KFold,BTCUSDT,28,7,0.01,0.01,4,1.1448650404001746
KFold,BTCUSDT,28,7,0.01,0.01,5,1.1046285659764359
ForwardChaining,BTCUSDT,28,7,0.01,0.01,1,1.118779794030194
ForwardChaining,BTCUSDT,28,7,0.01,0.01,2,1.1611480285333253
ForwardChaining,BTCUSDT,28,7,0.01,0.01,3,1.13459176717507
ForwardChaining,BTCUSDT,28,7,0.01,0.01,4,1.1448650404001746
ForwardChaining,BTCUSDT,28,7,0.01,0.01,5,1.1046285659764359
GroupKFold,BTCUSDT,7,14,0.01,0.1,1,7.383994017859793
GroupKFold,BTCUSDT,7,14,0.01,0.1,2,8.47698899691002
GroupKFold,BTCUSDT,7,14,0.01,0.1,3,7.843065800308722
GroupKFold,BTCUSDT,7,14,0.01,0.1,4,8.328842030006596
GroupKFold,BTCUSDT,7,14,0.01,0.1,5,4.140104206719783
KFold,BTCUSDT,7,14,0.01,0.01,1,1.712686748246042
KFold,BTCUSDT,7,14,0.01,0.01,2,1.712922580349774
KFold,BTCUSDT,7,14,0.01,0.01,3,1.7052165613262384
KFold,BTCUSDT,7,14,0.01,0.01,4,1.7692760961738239
KFold,BTCUSDT,7,14,0.01,0.01,5,1.7047314449803277
ForwardChaining,BTCUSDT,7,14,0.01,0.01,1,1.712686748246042
ForwardChaining,BTCUSDT,7,14,0.01,0.01,2,1.712922580349774
ForwardChaining,BTCUSDT,7,14,0.01,0.01,3,1.7052165613262384
ForwardChaining,BTCUSDT,7,14,0.01,0.01,4,1.7692760961738239
ForwardChaining,BTCUSDT,7,14,0.01,0.01,5,1.7047314449803277
GroupKFold,BTCUSDT,14,14,0.01,0.01,1,5.776816872145203
GroupKFold,BTCUSDT,14,14,0.01,0.01,2,4.135136549721129
GroupKFold,BTCUSDT,14,14,0.01,0.01,3,3.354371211521221
GroupKFold,BTCUSDT,14,14,0.01,0.01,4,1.6867676413827788
GroupKFold,BTCUSDT,14,14,0.01,0.01,5,2.5713820614735203
KFold,BTCUSDT,14,14,0.01,0.01,1,1.4919463801700117
KFold,BTCUSDT,14,14,0.01,0.01,2,1.4855714217538676
KFold,BTCUSDT,14,14,0.01,0.01,3,1.4873313580834189
KFold,BTCUSDT,14,14,0.01,0.01,4,1.5232835558978093
KFold,BTCUSDT,14,14,0.01,0.01,5,1.4697830721170182
ForwardChaining,BTCUSDT,14,14,0.01,0.01,1,1.4919463801700117
ForwardChaining,BTCUSDT,14,14,0.01,0.01,2,1.4855714217538676
ForwardChaining,BTCUSDT,14,14,0.01,0.01,3,1.4873313580834189
ForwardChaining,BTCUSDT,14,14,0.01,0.01,4,1.5232835558978093
ForwardChaining,BTCUSDT,14,14,0.01,0.01,5,1.4697830721170182
GroupKFold,BTCUSDT,21,14,0.01,0.01,1,6.754540152047016
GroupKFold,BTCUSDT,21,14,0.01,0.01,2,5.186371625744621
GroupKFold,BTCUSDT,21,14,0.01,0.01,3,4.581978675972975
GroupKFold,BTCUSDT,21,14,0.01,0.01,4,1.5948607037750395
GroupKFold,BTCUSDT,21,14,0.01,0.01,5,2.3365877045007033
KFold,BTCUSDT,21,14,0.01,0.01,1,1.5439488670664099
KFold,BTCUSDT,21,14,0.01,0.01,2,1.5486185309715332
KFold,BTCUSDT,21,14,0.01,0.01,3,1.5180155371685533
KFold,BTCUSDT,21,14,0.01,0.01,4,1.5850338000708295
KFold,BTCUSDT,21,14,0.01,0.01,5,1.4996073112488735
ForwardChaining,BTCUSDT,21,14,0.01,0.01,1,1.5439488670664099
ForwardChaining,BTCUSDT,21,14,0.01,0.01,2,1.5486185309715332
ForwardChaining,BTCUSDT,21,14,0.01,0.01,3,1.5180155371685533
ForwardChaining,BTCUSDT,21,14,0.01,0.01,4,1.5850338000708295
ForwardChaining,BTCUSDT,21,14,0.01,0.01,5,1.4996073112488735
GroupKFold,BTCUSDT,28,14,0.01,0.01,1,6.6589451180253905
GroupKFold,BTCUSDT,28,14,0.01,0.01,2,4.947527510314584
GroupKFold,BTCUSDT,28,14,0.01,0.01,3,4.2840235258015955
GroupKFold,BTCUSDT,28,14,0.01,0.01,4,1.7147074470469847
GroupKFold,BTCUSDT,28,14,0.01,0.01,5,1.6616919945756268
KFold,BTCUSDT,28,14,0.01,0.01,1,1.527647570741651
KFold,BTCUSDT,28,14,0.01,0.01,2,1.5317484243963657
KFold,BTCUSDT,28,14,0.01,0.01,3,1.516995666816664
KFold,BTCUSDT,28,14,0.01,0.01,4,1.5888370786339914
KFold,BTCUSDT,28,14,0.01,0.01,5,1.5154521359818993
ForwardChaining,BTCUSDT,28,14,0.01,0.01,1,1.527647570741651
ForwardChaining,BTCUSDT,28,14,0.01,0.01,2,1.5317484243963657
ForwardChaining,BTCUSDT,28,14,0.01,0.01,3,1.516995666816664
ForwardChaining,BTCUSDT,28,14,0.01,0.01,4,1.5888370786339914
ForwardChaining,BTCUSDT,28,14,0.01,0.01,5,1.5154521359818993
GroupKFold,BTCUSDT,7,21,0.01,0.1,1,9.126290094848377
GroupKFold,BTCUSDT,7,21,0.01,0.1,2,7.788290529147515
GroupKFold,BTCUSDT,7,21,0.01,0.1,3,9.139073985650489
GroupKFold,BTCUSDT,7,21,0.01,0.1,4,8.902814866235062
GroupKFold,BTCUSDT,7,21,0.01,0.1,5,7.726481437132902
KFold,BTCUSDT,7,21,0.01,0.01,1,2.0304887397583538
KFold,BTCUSDT,7,21,0.01,0.01,2,2.1043480788422397
KFold,BTCUSDT,7,21,0.01,0.01,3,2.0825153808889523
KFold,BTCUSDT,7,21,0.01,0.01,4,2.0758157594847275
KFold,BTCUSDT,7,21,0.01,0.01,5,1.930599213788693
ForwardChaining,BTCUSDT,7,21,0.01,0.01,1,2.0304887397583538
ForwardChaining,BTCUSDT,7,21,0.01,0.01,2,2.1043480788422397
ForwardChaining,BTCUSDT,7,21,0.01,0.01,3,2.0825153808889523
ForwardChaining,BTCUSDT,7,21,0.01,0.01,4,2.0758157594847275
ForwardChaining,BTCUSDT,7,21,0.01,0.01,5,1.930599213788693
GroupKFold,BTCUSDT,14,21,0.01,0.1,1,5.2109030762328326
GroupKFold,BTCUSDT,14,21,0.01,0.1,2,4.216861946990106
GroupKFold,BTCUSDT,14,21,0.01,0.1,3,4.1554525673246205
GroupKFold,BTCUSDT,14,21,0.01,0.1,4,3.483422371490535
GroupKFold,BTCUSDT,14,21,0.01,0.1,5,5.6862521579606655
KFold,BTCUSDT,14,21,0.01,0.01,1,1.6353844800882473
KFold,BTCUSDT,14,21,0.01,0.01,2,1.687348309486597
KFold,BTCUSDT,14,21,0.01,0.01,3,1.6510623362616401
KFold,BTCUSDT,14,21,0.01,0.01,4,1.6399208992352465
KFold,BTCUSDT,14,21,0.01,0.01,5,1.5626014331889386
ForwardChaining,BTCUSDT,14,21,0.01,0.01,1,1.6353844800882473
ForwardChaining,BTCUSDT,14,21,0.01,0.01,2,1.687348309486597
ForwardChaining,BTCUSDT,14,21,0.01,0.01,3,1.6510623362616401
ForwardChaining,BTCUSDT,14,21,0.01,0.01,4,1.6399208992352465
ForwardChaining,BTCUSDT,14,21,0.01,0.01,5,1.5626014331889386
GroupKFold,BTCUSDT,21,21,0.01,0.1,1,2.025529086759572
GroupKFold,BTCUSDT,21,21,0.01,0.1,2,2.3835730869582927
GroupKFold,BTCUSDT,21,21,0.01,0.1,3,2.242609108302108
GroupKFold,BTCUSDT,21,21,0.01,0.1,4,1.656861197057722
GroupKFold,BTCUSDT,21,21,0.01,0.1,5,4.24317763096263
KFold,BTCUSDT,21,21,0.01,0.01,1,1.7173168612307776
KFold,BTCUSDT,21,21,0.01,0.01,2,1.753599176172394
KFold,BTCUSDT,21,21,0.01,0.01,3,1.7180461594414118
KFold,BTCUSDT,21,21,0.01,0.01,4,1.7418527746543033
KFold,BTCUSDT,21,21,0.01,0.01,5,1.6484553997162141
ForwardChaining,BTCUSDT,21,21,0.01,0.01,1,1.7173168612307776
ForwardChaining,BTCUSDT,21,21,0.01,0.01,2,1.753599176172394
ForwardChaining,BTCUSDT,21,21,0.01,0.01,3,1.7180461594414118
ForwardChaining,BTCUSDT,21,21,0.01,0.01,4,1.7418527746543033
ForwardChaining,BTCUSDT,21,21,0.01,0.01,5,1.6484553997162141
GroupKFold,BTCUSDT,28,21,0.01,0.1,1,1.5021234402650805
GroupKFold,BTCUSDT,28,21,0.01,0.1,2,2.280044275179929
GroupKFold,BTCUSDT,28,21,0.01,0.1,3,2.1878756943525395
GroupKFold,BTCUSDT,28,21,0.01,0.1,4,1.73730742018421
GroupKFold,BTCUSDT,28,21,0.01,0.1,5,3.701162271383461
KFold,BTCUSDT,28,21,0.01,0.01,1,1.7589301925334322
KFold,BTCUSDT,28,21,0.01,0.01,2,1.7863477586828884
KFold,BTCUSDT,28,21,0.01,0.01,3,1.7707659387263308
KFold,BTCUSDT,28,21,0.01,0.01,4,1.795611506176293
KFold,BTCUSDT,28,21,0.01,0.01,5,1.7051920880895217
ForwardChaining,BTCUSDT,28,21,0.01,0.01,1,1.7589301925334322
ForwardChaining,BTCUSDT,28,21,0.01,0.01,2,1.7863477586828884
ForwardChaining,BTCUSDT,28,21,0.01,0.01,3,1.7707659387263308
ForwardChaining,BTCUSDT,28,21,0.01,0.01,4,1.795611506176293
ForwardChaining,BTCUSDT,28,21,0.01,0.01,5,1.7051920880895217
GroupKFold,BTCUSDT,7,28,0.01,0.1,1,9.061791407724238
GroupKFold,BTCUSDT,7,28,0.01,0.1,2,7.710191099443295
GroupKFold,BTCUSDT,7,28,0.01,0.1,3,7.9353388039495245
GroupKFold,BTCUSDT,7,28,0.01,0.1,4,7.457309242228144
GroupKFold,BTCUSDT,7,28,0.01,0.1,5,10.466351809139525
KFold,BTCUSDT,7,28,0.01,0.1,1,2.288124416428075
KFold,BTCUSDT,7,28,0.01,0.1,2,2.3510059256059286
KFold,BTCUSDT,7,28,0.01,0.1,3,2.4239765137803695
KFold,BTCUSDT,7,28,0.01,0.1,4,2.3847007651813645
KFold,BTCUSDT,7,28,0.01,0.1,5,2.2354331243813763
ForwardChaining,BTCUSDT,7,28,0.01,0.1,1,2.288124416428075
ForwardChaining,BTCUSDT,7,28,0.01,0.1,2,2.3510059256059286
ForwardChaining,BTCUSDT,7,28,0.01,0.1,3,2.4239765137803695
ForwardChaining,BTCUSDT,7,28,0.01,0.1,4,2.3847007651813645
ForwardChaining,BTCUSDT,7,28,0.01,0.1,5,2.2354331243813763
GroupKFold,BTCUSDT,14,28,0.01,0.1,1,4.473419558820272
GroupKFold,BTCUSDT,14,28,0.01,0.1,2,2.4827243035321236
GroupKFold,BTCUSDT,14,28,0.01,0.1,3,2.2951957460532566
GroupKFold,BTCUSDT,14,28,0.01,0.1,4,2.780433031621974
GroupKFold,BTCUSDT,14,28,0.01,0.1,5,8.089276658122264
KFold,BTCUSDT,14,28,0.01,0.01,1,1.8570363316169949
KFold,BTCUSDT,14,28,0.01,0.01,2,1.8671283337617992
KFold,BTCUSDT,14,28,0.01,0.01,3,1.9135258602939071
KFold,BTCUSDT,14,28,0.01,0.01,4,1.9161395190416388
KFold,BTCUSDT,14,28,0.01,0.01,5,1.8304643833806609
ForwardChaining,BTCUSDT,14,28,0.01,0.01,1,1.8570363316169949
ForwardChaining,BTCUSDT,14,28,0.01,0.01,2,1.8671283337617992
ForwardChaining,BTCUSDT,14,28,0.01,0.01,3,1.9135258602939071
ForwardChaining,BTCUSDT,14,28,0.01,0.01,4,1.9161395190416388
ForwardChaining,BTCUSDT,14,28,0.01,0.01,5,1.8304643833806609
GroupKFold,BTCUSDT,21,28,0.01,0.1,1,1.8349290989995788
GroupKFold,BTCUSDT,21,28,0.01,0.1,2,1.2094078170876228
GroupKFold,BTCUSDT,21,28,0.01,0.1,3,1.3354625221635021
GroupKFold,BTCUSDT,21,28,0.01,0.1,4,1.2878426417709061
GroupKFold,BTCUSDT,21,28,0.01,0.1,5,6.1385219022098285
KFold,BTCUSDT,21,28,0.01,0.01,1,1.84576761497331
KFold,BTCUSDT,21,28,0.01,0.01,2,1.854166016017647
KFold,BTCUSDT,21,28,0.01,0.01,3,1.8838785568258019
KFold,BTCUSDT,21,28,0.01,0.01,4,1.9208182413568673
KFold,BTCUSDT,21,28,0.01,0.01,5,1.804814383474857
ForwardChaining,BTCUSDT,21,28,0.01,0.01,1,1.84576761497331
ForwardChaining,BTCUSDT,21,28,0.01,0.01,2,1.854166016017647
ForwardChaining,BTCUSDT,21,28,0.01,0.01,3,1.8838785568258019
ForwardChaining,BTCUSDT,21,28,0.01,0.01,4,1.9208182413568673
ForwardChaining,BTCUSDT,21,28,0.01,0.01,5,1.804814383474857
GroupKFold,BTCUSDT,28,28,0.01,0.1,1,1.5376543544887211
GroupKFold,BTCUSDT,28,28,0.01,0.1,2,1.172974161085732
GroupKFold,BTCUSDT,28,28,0.01,0.1,3,1.401762337796564
GroupKFold,BTCUSDT,28,28,0.01,0.1,4,1.3757981880043426
GroupKFold,BTCUSDT,28,28,0.01,0.1,5,5.478745651913477
KFold,BTCUSDT,28,28,0.01,0.01,1,1.8216646361988673
KFold,BTCUSDT,28,28,0.01,0.01,2,1.8374954220135695
KFold,BTCUSDT,28,28,0.01,0.01,3,1.850263262593541
KFold,BTCUSDT,28,28,0.01,0.01,4,1.880498185551467
KFold,BTCUSDT,28,28,0.01,0.01,5,1.7846064302636273
ForwardChaining,BTCUSDT,28,28,0.01,0.01,1,1.8216646361988673
ForwardChaining,BTCUSDT,28,28,0.01,0.01,2,1.8374954220135695
ForwardChaining,BTCUSDT,28,28,0.01,0.01,3,1.850263262593541
ForwardChaining,BTCUSDT,28,28,0.01,0.01,4,1.880498185551467
ForwardChaining,BTCUSDT,28,28,0.01,0.01,5,1.7846064302636273
GroupKFold,ETHUSDT,7,7,0.01,0.1,1,4.402413777973427
GroupKFold,ETHUSDT,7,7,0.01,0.1,2,3.889592655470804
GroupKFold,ETHUSDT,7,7,0.01,0.1,3,2.0761730670550222
GroupKFold,ETHUSDT,7,7,0.01,0.1,4,2.657299074698311
GroupKFold,ETHUSDT,7,7,0.01,0.1,5,2.1692020790043745
KFold,ETHUSDT,7,7,0.01,0.01,1,1.6338342684762837
KFold,ETHUSDT,7,7,0.01,0.01,2,1.5763185488493385
KFold,ETHUSDT,7,7,0.01,0.01,3,1.596636518107836
KFold,ETHUSDT,7,7,0.01,0.01,4,1.627006115515353
KFold,ETHUSDT,7,7,0.01,0.01,5,1.5408850933364904
ForwardChaining,ETHUSDT,7,7,0.01,0.01,1,1.6338342684762837
ForwardChaining,ETHUSDT,7,7,0.01,0.01,2,1.5763185488493385
ForwardChaining,ETHUSDT,7,7,0.01,0.01,3,1.596636518107836
ForwardChaining,ETHUSDT,7,7,0.01,0.01,4,1.627006115515353
ForwardChaining,ETHUSDT,7,7,0.01,0.01,5,1.5408850933364904
GroupKFold,ETHUSDT,14,7,0.01,0.1,1,1.7788945869842328
GroupKFold,ETHUSDT,14,7,0.01,0.1,2,1.626084448571577
GroupKFold,ETHUSDT,14,7,0.01,0.1,3,2.667255449779296
GroupKFold,ETHUSDT,14,7,0.01,0.1,4,2.6513761359104104
GroupKFold,ETHUSDT,14,7,0.01,0.1,5,1.3987976650189877
KFold,ETHUSDT,14,7,0.01,0.01,1,1.4026516211983284
KFold,ETHUSDT,14,7,0.01,0.01,2,1.3664926876420893
KFold,ETHUSDT,14,7,0.01,0.01,3,1.3622936435660513
KFold,ETHUSDT,14,7,0.01,0.01,4,1.3631298848502797
KFold,ETHUSDT,14,7,0.01,0.01,5,1.344739360486662
ForwardChaining,ETHUSDT,14,7,0.01,0.01,1,1.4026516211983284
ForwardChaining,ETHUSDT,14,7,0.01,0.01,2,1.3664926876420893
ForwardChaining,ETHUSDT,14,7,0.01,0.01,3,1.3622936435660513
ForwardChaining,ETHUSDT,14,7,0.01,0.01,4,1.3631298848502797
ForwardChaining,ETHUSDT,14,7,0.01,0.01,5,1.344739360486662
GroupKFold,ETHUSDT,21,7,0.01,0.1,1,1.0931331007843392
GroupKFold,ETHUSDT,21,7,0.01,0.1,2,1.125124997667523
GroupKFold,ETHUSDT,21,7,0.01,0.1,3,1.1656083243302213
GroupKFold,ETHUSDT,21,7,0.01,0.1,4,1.1846963449229289
GroupKFold,ETHUSDT,21,7,0.01,0.1,5,1.856287874720879
KFold,ETHUSDT,21,7,0.01,0.01,1,1.1760377137569893
KFold,ETHUSDT,21,7,0.01,0.01,2,1.1532786847381662
KFold,ETHUSDT,21,7,0.01,0.01,3,1.1564152471208697
KFold,ETHUSDT,21,7,0.01,0.01,4,1.1634695799564259
KFold,ETHUSDT,21,7,0.01,0.01,5,1.1008941603223623
ForwardChaining,ETHUSDT,21,7,0.01,0.01,1,1.1760377137569893
ForwardChaining,ETHUSDT,21,7,0.01,0.01,2,1.1532786847381662
ForwardChaining,ETHUSDT,21,7,0.01,0.01,3,1.1564152471208697
ForwardChaining,ETHUSDT,21,7,0.01,0.01,4,1.1634695799564259
ForwardChaining,ETHUSDT,21,7,0.01,0.01,5,1.1008941603223623
GroupKFold,ETHUSDT,28,7,0.01,0.1,1,1.2971419436204958
GroupKFold,ETHUSDT,28,7,0.01,0.1,2,1.1694104001112873
GroupKFold,ETHUSDT,28,7,0.01,0.1,3,1.1022696707312731
GroupKFold,ETHUSDT,28,7,0.01,0.1,4,1.1158798315052791
GroupKFold,ETHUSDT,28,7,0.01,0.1,5,1.0437421312607549
KFold,ETHUSDT,28,7,0.01,0.01,1,0.9855538726993694
KFold,ETHUSDT,28,7,0.01,0.01,2,1.0181425096913392
KFold,ETHUSDT,28,7,0.01,0.01,3,1.0034976392716202
KFold,ETHUSDT,28,7,0.01,0.01,4,1.0062441823464146
KFold,ETHUSDT,28,7,0.01,0.01,5,0.936141788555599
ForwardChaining,ETHUSDT,28,7,0.01,0.01,1,0.9855538726993694
ForwardChaining,ETHUSDT,28,7,0.01,0.01,2,1.0181425096913392
ForwardChaining,ETHUSDT,28,7,0.01,0.01,3,1.0034976392716202
ForwardChaining,ETHUSDT,28,7,0.01,0.01,4,1.0062441823464146
ForwardChaining,ETHUSDT,28,7,0.01,0.01,5,0.936141788555599
GroupKFold,ETHUSDT,7,14,0.01,0.1,1,4.881941184607674
GroupKFold,ETHUSDT,7,14,0.01,0.1,2,4.932368197463594
GroupKFold,ETHUSDT,7,14,0.01,0.1,3,4.023325789619472
GroupKFold,ETHUSDT,7,14,0.01,0.1,4,3.538217356832899
GroupKFold,ETHUSDT,7,14,0.01,0.1,5,5.266556726658799
KFold,ETHUSDT,7,14,0.01,0.01,1,2.290667896077988
KFold,ETHUSDT,7,14,0.01,0.01,2,2.2547585526935485
KFold,ETHUSDT,7,14,0.01,0.01,3,2.264572556713671
KFold,ETHUSDT,7,14,0.01,0.01,4,2.2328971554130663
KFold,ETHUSDT,7,14,0.01,0.01,5,2.194027824403157
ForwardChaining,ETHUSDT,7,14,0.01,0.01,1,2.290667896077988
ForwardChaining,ETHUSDT,7,14,0.01,0.01,2,2.2547585526935485
ForwardChaining,ETHUSDT,7,14,0.01,0.01,3,2.264572556713671
ForwardChaining,ETHUSDT,7,14,0.01,0.01,4,2.2328971554130663
ForwardChaining,ETHUSDT,7,14,0.01,0.01,5,2.194027824403157
GroupKFold,ETHUSDT,14,14,0.01,0.1,1,1.8149011816189708
GroupKFold,ETHUSDT,14,14,0.01,0.1,2,0.9588837771369787
GroupKFold,ETHUSDT,14,14,0.01,0.1,3,0.7234378589579814
GroupKFold,ETHUSDT,14,14,0.01,0.1,4,2.886405839763392
GroupKFold,ETHUSDT,14,14,0.01,0.1,5,5.06183564548592
KFold,ETHUSDT,14,14,0.01,0.01,1,1.9420406194963158
KFold,ETHUSDT,14,14,0.01,0.01,2,1.940582121734572
KFold,ETHUSDT,14,14,0.01,0.01,3,1.9343832605323712
KFold,ETHUSDT,14,14,0.01,0.01,4,1.874348671506032
KFold,ETHUSDT,14,14,0.01,0.01,5,1.8366296148241177
ForwardChaining,ETHUSDT,14,14,0.01,0.01,1,1.9420406194963158
ForwardChaining,ETHUSDT,14,14,0.01,0.01,2,1.940582121734572
ForwardChaining,ETHUSDT,14,14,0.01,0.01,3,1.9343832605323712
ForwardChaining,ETHUSDT,14,14,0.01,0.01,4,1.874348671506032
ForwardChaining,ETHUSDT,14,14,0.01,0.01,5,1.8366296148241177
GroupKFold,ETHUSDT,21,14,0.01,0.1,1,1.601500105812272
GroupKFold,ETHUSDT,21,14,0.01,0.1,2,1.3024256290840108
GroupKFold,ETHUSDT,21,14,0.01,0.1,3,0.6296909516292122
GroupKFold,ETHUSDT,21,14,0.01,0.1,4,1.653413974633395
GroupKFold,ETHUSDT,21,14,0.01,0.1,5,4.230220845755989
KFold,ETHUSDT,21,14,0.01,0.1,1,1.5424060755988873
KFold,ETHUSDT,21,14,0.01,0.1,2,1.6012066348896536
KFold,ETHUSDT,21,14,0.01,0.1,3,1.5972340138686913
KFold,ETHUSDT,21,14,0.01,0.1,4,1.5715627639230827
KFold,ETHUSDT,21,14,0.01,0.1,5,1.4560175791662076
ForwardChaining,ETHUSDT,21,14,0.01,0.1,1,1.5424060755988873
ForwardChaining,ETHUSDT,21,14,0.01,0.1,2,1.6012066348896536
ForwardChaining,ETHUSDT,21,14,0.01,0.1,3,1.5972340138686913
ForwardChaining,ETHUSDT,21,14,0.01,0.1,4,1.5715627639230827
ForwardChaining,ETHUSDT,21,14,0.01,0.1,5,1.4560175791662076
GroupKFold,ETHUSDT,28,14,0.01,0.1,1,1.520539480532958
GroupKFold,ETHUSDT,28,14,0.01,0.1,2,1.1973407642842417
GroupKFold,ETHUSDT,28,14,0.01,0.1,3,0.535898852271237
GroupKFold,ETHUSDT,28,14,0.01,0.1,4,1.4646810083721482
GroupKFold,ETHUSDT,28,14,0.01,0.1,5,3.4229388234214233
KFold,ETHUSDT,28,14,0.01,0.1,1,1.385914572168878
KFold,ETHUSDT,28,14,0.01,0.1,2,1.4149615072421367
KFold,ETHUSDT,28,14,0.01,0.1,3,1.4221531584615135
KFold,ETHUSDT,28,14,0.01,0.1,4,1.4300994609541444
KFold,ETHUSDT,28,14,0.01,0.1,5,1.329054527763526
ForwardChaining,ETHUSDT,28,14,0.01,0.1,1,1.385914572168878
ForwardChaining,ETHUSDT,28,14,0.01,0.1,2,1.4149615072421367
ForwardChaining,ETHUSDT,28,14,0.01,0.1,3,1.4221531584615135
ForwardChaining,ETHUSDT,28,14,0.01,0.1,4,1.4300994609541444
ForwardChaining,ETHUSDT,28,14,0.01,0.1,5,1.329054527763526
GroupKFold,ETHUSDT,7,21,0.01,0.1,1,2.733172080728477
GroupKFold,ETHUSDT,7,21,0.01,0.1,2,2.7993897235973764
GroupKFold,ETHUSDT,7,21,0.01,0.1,3,3.2720485229378875
GroupKFold,ETHUSDT,7,21,0.01,0.1,4,3.853884186211413
GroupKFold,ETHUSDT,7,21,0.01,0.1,5,5.1242008171781235
KFold,ETHUSDT,7,21,0.01,0.1,1,2.490907602414356
KFold,ETHUSDT,7,21,0.01,0.1,2,2.4924465226523584
KFold,ETHUSDT,7,21,0.01,0.1,3,2.4076207639558924
KFold,ETHUSDT,7,21,0.01,0.1,4,2.4457120902170857
KFold,ETHUSDT,7,21,0.01,0.1,5,2.4006879615379977
ForwardChaining,ETHUSDT,7,21,0.01,0.1,1,2.490907602414356
ForwardChaining,ETHUSDT,7,21,0.01,0.1,2,2.4924465226523584
ForwardChaining,ETHUSDT,7,21,0.01,0.1,3,2.4076207639558924
ForwardChaining,ETHUSDT,7,21,0.01,0.1,4,2.4457120902170857
ForwardChaining,ETHUSDT,7,21,0.01,0.1,5,2.4006879615379977
GroupKFold,ETHUSDT,14,21,0.01,0.1,1,2.3770647761988224
GroupKFold,ETHUSDT,14,21,0.01,0.1,2,2.384324875254267
GroupKFold,ETHUSDT,14,21,0.01,0.1,3,2.464226016865054
GroupKFold,ETHUSDT,14,21,0.01,0.1,4,2.8470664918612933
GroupKFold,ETHUSDT,14,21,0.01,0.1,5,5.130919206965652
KFold,ETHUSDT,14,21,0.01,0.01,1,2.3313888121625976
KFold,ETHUSDT,14,21,0.01,0.01,2,2.336499586304421
KFold,ETHUSDT,14,21,0.01,0.01,3,2.265195953047751
KFold,ETHUSDT,14,21,0.01,0.01,4,2.276415071147152
KFold,ETHUSDT,14,21,0.01,0.01,5,2.262850072531934
ForwardChaining,ETHUSDT,14,21,0.01,0.01,1,2.3313888121625976
ForwardChaining,ETHUSDT,14,21,0.01,0.01,2,2.336499586304421
ForwardChaining,ETHUSDT,14,21,0.01,0.01,3,2.265195953047751
ForwardChaining,ETHUSDT,14,21,0.01,0.01,4,2.276415071147152
ForwardChaining,ETHUSDT,14,21,0.01,0.01,5,2.262850072531934
GroupKFold,ETHUSDT,21,21,0.01,0.1,1,0.966610815969348
GroupKFold,ETHUSDT,21,21,0.01,0.1,2,1.19075118331439
GroupKFold,ETHUSDT,21,21,0.01,0.1,3,1.3346734016489397
GroupKFold,ETHUSDT,21,21,0.01,0.1,4,1.6052033027397248
GroupKFold,ETHUSDT,21,21,0.01,0.1,5,4.1264280998678915
KFold,ETHUSDT,21,21,0.01,0.01,1,2.1511515744419745
KFold,ETHUSDT,21,21,0.01,0.01,2,2.1703388407468274
KFold,ETHUSDT,21,21,0.01,0.01,3,2.1516399520155396
KFold,ETHUSDT,21,21,0.01,0.01,4,2.1858147925384293
KFold,ETHUSDT,21,21,0.01,0.01,5,2.093072853079745
ForwardChaining,ETHUSDT,21,21,0.01,0.01,1,2.1511515744419745
ForwardChaining,ETHUSDT,21,21,0.01,0.01,2,2.1703388407468274
ForwardChaining,ETHUSDT,21,21,0.01,0.01,3,2.1516399520155396
ForwardChaining,ETHUSDT,21,21,0.01,0.01,4,2.1858147925384293
ForwardChaining,ETHUSDT,21,21,0.01,0.01,5,2.093072853079745
GroupKFold,ETHUSDT,28,21,0.01,0.1,1,0.9319794244003347
GroupKFold,ETHUSDT,28,21,0.01,0.1,2,1.1222980843067258
GroupKFold,ETHUSDT,28,21,0.01,0.1,3,1.2350376373715648
GroupKFold,ETHUSDT,28,21,0.01,0.1,4,1.4758853860192291
GroupKFold,ETHUSDT,28,21,0.01,0.1,5,3.523887402311293
KFold,ETHUSDT,28,21,0.01,0.1,1,1.9041973767023759
KFold,ETHUSDT,28,21,0.01,0.1,2,1.9174269449916221
KFold,ETHUSDT,28,21,0.01,0.1,3,1.9295267925922548
KFold,ETHUSDT,28,21,0.01,0.1,4,1.9737299044286245
KFold,ETHUSDT,28,21,0.01,0.1,5,1.860606516136505
ForwardChaining,ETHUSDT,28,21,0.01,0.1,1,1.9041973767023759
ForwardChaining,ETHUSDT,28,21,0.01,0.1,2,1.9174269449916221
ForwardChaining,ETHUSDT,28,21,0.01,0.1,3,1.9295267925922548
ForwardChaining,ETHUSDT,28,21,0.01,0.1,4,1.9737299044286245
ForwardChaining,ETHUSDT,28,21,0.01,0.1,5,1.860606516136505
GroupKFold,ETHUSDT,7,28,0.01,0.1,1,3.444418877062717
GroupKFold,ETHUSDT,7,28,0.01,0.1,2,3.5086847131674985
GroupKFold,ETHUSDT,7,28,0.01,0.1,3,3.5855068573158357
GroupKFold,ETHUSDT,7,28,0.01,0.1,4,4.400826590786994
GroupKFold,ETHUSDT,7,28,0.01,0.1,5,5.313663191267797
KFold,ETHUSDT,7,28,0.01,0.1,1,2.6038732598831458
KFold,ETHUSDT,7,28,0.01,0.1,2,2.5200235112676266
KFold,ETHUSDT,7,28,0.01,0.1,3,2.487390036295593
KFold,ETHUSDT,7,28,0.01,0.1,4,2.588214087337248
KFold,ETHUSDT,7,28,0.01,0.1,5,2.5063317000897145
ForwardChaining,ETHUSDT,7,28,0.01,0.1,1,2.6038732598831458
ForwardChaining,ETHUSDT,7,28,0.01,0.1,2,2.5200235112676266
ForwardChaining,ETHUSDT,7,28,0.01,0.1,3,2.487390036295593
ForwardChaining,ETHUSDT,7,28,0.01,0.1,4,2.588214087337248
ForwardChaining,ETHUSDT,7,28,0.01,0.1,5,2.5063317000897145
GroupKFold,ETHUSDT,14,28,0.01,0.1,1,1.9931326198309112
GroupKFold,ETHUSDT,14,28,0.01,0.1,2,1.6264015469847235
GroupKFold,ETHUSDT,14,28,0.01,0.1,3,1.4659362720927376
GroupKFold,ETHUSDT,14,28,0.01,0.1,4,1.8471734976140646
GroupKFold,ETHUSDT,14,28,0.01,0.1,5,5.184792668828252
KFold,ETHUSDT,14,28,0.01,0.01,1,2.286012356886556
KFold,ETHUSDT,14,28,0.01,0.01,2,2.2664463772994
KFold,ETHUSDT,14,28,0.01,0.01,3,2.206578835226687
KFold,ETHUSDT,14,28,0.01,0.01,4,2.2697543482137736
KFold,ETHUSDT,14,28,0.01,0.01,5,2.223195302746541
ForwardChaining,ETHUSDT,14,28,0.01,0.01,1,2.286012356886556
ForwardChaining,ETHUSDT,14,28,0.01,0.01,2,2.2664463772994
ForwardChaining,ETHUSDT,14,28,0.01,0.01,3,2.206578835226687
ForwardChaining,ETHUSDT,14,28,0.01,0.01,4,2.2697543482137736
ForwardChaining,ETHUSDT,14,28,0.01,0.01,5,2.223195302746541
GroupKFold,ETHUSDT,21,28,0.01,0.1,1,0.7955057070576909
GroupKFold,ETHUSDT,21,28,0.01,0.1,2,0.749008711266708
GroupKFold,ETHUSDT,21,28,0.01,0.1,3,0.7004426709936317
GroupKFold,ETHUSDT,21,28,0.01,0.1,4,0.5701549662428776
GroupKFold,ETHUSDT,21,28,0.01,0.1,5,4.45950019053957
KFold,ETHUSDT,21,28,0.01,0.01,1,2.2041743511028953
KFold,ETHUSDT,21,28,0.01,0.01,2,2.2315947691678306
KFold,ETHUSDT,21,28,0.01,0.01,3,2.188029398988971
KFold,ETHUSDT,21,28,0.01,0.01,4,2.2441523980285
KFold,ETHUSDT,21,28,0.01,0.01,5,2.163522210601849
ForwardChaining,ETHUSDT,21,28,0.01,0.01,1,2.2041743511028953
ForwardChaining,ETHUSDT,21,28,0.01,0.01,2,2.2315947691678306
ForwardChaining,ETHUSDT,21,28,0.01,0.01,3,2.188029398988971
ForwardChaining,ETHUSDT,21,28,0.01,0.01,4,2.2441523980285
ForwardChaining,ETHUSDT,21,28,0.01,0.01,5,2.163522210601849
GroupKFold,ETHUSDT,28,28,0.01,0.1,1,0.9033184958810673
GroupKFold,ETHUSDT,28,28,0.01,0.1,2,0.7929229425566996
GroupKFold,ETHUSDT,28,28,0.01,0.1,3,0.7007233858986799
GroupKFold,ETHUSDT,28,28,0.01,0.1,4,0.7851876567386825
GroupKFold,ETHUSDT,28,28,0.01,0.1,5,3.820886163746042
KFold,ETHUSDT,28,28,0.01,0.01,1,2.1178118923021056
KFold,ETHUSDT,28,28,0.01,0.01,2,2.1492386264045336
KFold,ETHUSDT,28,28,0.01,0.01,3,2.1334062682223673
KFold,ETHUSDT,28,28,0.01,0.01,4,2.1559977080770003
KFold,ETHUSDT,28,28,0.01,0.01,5,2.0860216269927525
ForwardChaining,ETHUSDT,28,28,0.01,0.01,1,2.1178118923021056
ForwardChaining,ETHUSDT,28,28,0.01,0.01,2,2.1492386264045336
ForwardChaining,ETHUSDT,28,28,0.01,0.01,3,2.1334062682223673
ForwardChaining,ETHUSDT,28,28,0.01,0.01,4,2.1559977080770003
ForwardChaining,ETHUSDT,28,28,0.01,0.01,5,2.0860216269927525
GroupKFold,BNBUSDT,7,7,0.01,0.01,1,1.433221803494654
GroupKFold,BNBUSDT,7,7,0.01,0.01,2,1.5855857356133074
GroupKFold,BNBUSDT,7,7,0.01,0.01,3,1.976244924278323
GroupKFold,BNBUSDT,7,7,0.01,0.01,4,2.4728938349952005
GroupKFold,BNBUSDT,7,7,0.01,0.01,5,9.25118624798803
KFold,BNBUSDT,7,7,0.01,0.01,1,1.788301845842049
KFold,BNBUSDT,7,7,0.01,0.01,2,1.8509760336638519
KFold,BNBUSDT,7,7,0.01,0.01,3,1.820036551763441
KFold,BNBUSDT,7,7,0.01,0.01,4,1.8764214548953888
KFold,BNBUSDT,7,7,0.01,0.01,5,1.8173111668987136
ForwardChaining,BNBUSDT,7,7,0.01,0.01,1,1.788301845842049
ForwardChaining,BNBUSDT,7,7,0.01,0.01,2,1.8509760336638519
ForwardChaining,BNBUSDT,7,7,0.01,0.01,3,1.820036551763441
ForwardChaining,BNBUSDT,7,7,0.01,0.01,4,1.8764214548953888
ForwardChaining,BNBUSDT,7,7,0.01,0.01,5,1.8173111668987136
GroupKFold,BNBUSDT,14,7,0.01,0.1,1,2.8723680936960068
GroupKFold,BNBUSDT,14,7,0.01,0.1,2,3.5744025845469025
GroupKFold,BNBUSDT,14,7,0.01,0.1,3,3.9021714773071303
GroupKFold,BNBUSDT,14,7,0.01,0.1,4,4.3791315854926625
GroupKFold,BNBUSDT,14,7,0.01,0.1,5,18.864986471956335
KFold,BNBUSDT,14,7,0.01,0.1,1,1.5211497430404528
KFold,BNBUSDT,14,7,0.01,0.1,2,1.5980007848329651
KFold,BNBUSDT,14,7,0.01,0.1,3,1.528557121384622
KFold,BNBUSDT,14,7,0.01,0.1,4,1.52908347446426
KFold,BNBUSDT,14,7,0.01,0.1,5,1.5189746575310061
ForwardChaining,BNBUSDT,14,7,0.01,0.1,1,1.5211497430404528
ForwardChaining,BNBUSDT,14,7,0.01,0.1,2,1.5980007848329651
ForwardChaining,BNBUSDT,14,7,0.01,0.1,3,1.528557121384622
ForwardChaining,BNBUSDT,14,7,0.01,0.1,4,1.52908347446426
ForwardChaining,BNBUSDT,14,7,0.01,0.1,5,1.5189746575310061
GroupKFold,BNBUSDT,21,7,0.01,0.1,1,3.013122799086101
GroupKFold,BNBUSDT,21,7,0.01,0.1,2,3.290110056346933
GroupKFold,BNBUSDT,21,7,0.01,0.1,3,3.21828792977891
GroupKFold,BNBUSDT,21,7,0.01,0.1,4,3.4100419756432743
GroupKFold,BNBUSDT,21,7,0.01,0.1,5,28.375449640659898
KFold,BNBUSDT,21,7,0.01,0.1,1,1.3930175037595163
KFold,BNBUSDT,21,7,0.01,0.1,2,1.4497774948295448
KFold,BNBUSDT,21,7,0.01,0.1,3,1.4099949844210773
KFold,BNBUSDT,21,7,0.01,0.1,4,1.4444991831003808
KFold,BNBUSDT,21,7,0.01,0.1,5,1.4210467443181767
ForwardChaining,BNBUSDT,21,7,0.01,0.1,1,1.3930175037595163
ForwardChaining,BNBUSDT,21,7,0.01,0.1,2,1.4497774948295448
ForwardChaining,BNBUSDT,21,7,0.01,0.1,3,1.4099949844210773
ForwardChaining,BNBUSDT,21,7,0.01,0.1,4,1.4444991831003808
ForwardChaining,BNBUSDT,21,7,0.01,0.1,5,1.4210467443181767
GroupKFold,BNBUSDT,28,7,0.01,0.1,1,2.583506508841192
GroupKFold,BNBUSDT,28,7,0.01,0.1,2,2.695605782031489
GroupKFold,BNBUSDT,28,7,0.01,0.1,3,2.4988757422774635
GroupKFold,BNBUSDT,28,7,0.01,0.1,4,2.7180520212051724
GroupKFold,BNBUSDT,28,7,0.01,0.1,5,18.366808792062137
KFold,BNBUSDT,28,7,0.01,0.1,1,1.2594851031178362
KFold,BNBUSDT,28,7,0.01,0.1,2,1.3252630510929961
KFold,BNBUSDT,28,7,0.01,0.1,3,1.2928120734885986
KFold,BNBUSDT,28,7,0.01,0.1,4,1.334501045019633
KFold,BNBUSDT,28,7,0.01,0.1,5,1.3090065353068054
ForwardChaining,BNBUSDT,28,7,0.01,0.1,1,1.2594851031178362
ForwardChaining,BNBUSDT,28,7,0.01,0.1,2,1.3252630510929961
ForwardChaining,BNBUSDT,28,7,0.01,0.1,3,1.2928120734885986
ForwardChaining,BNBUSDT,28,7,0.01,0.1,4,1.334501045019633
ForwardChaining,BNBUSDT,28,7,0.01,0.1,5,1.3090065353068054
GroupKFold,BNBUSDT,7,14,0.01,0.01,1,2.126951812287478
GroupKFold,BNBUSDT,7,14,0.01,0.01,2,2.375238758829794
GroupKFold,BNBUSDT,7,14,0.01,0.01,3,2.519499455940331
GroupKFold,BNBUSDT,7,14,0.01,0.01,4,2.8053072314671175
GroupKFold,BNBUSDT,7,14,0.01,0.01,5,10.799597232363551
KFold,BNBUSDT,7,14,0.01,0.1,1,1.894213069113531
KFold,BNBUSDT,7,14,0.01,0.1,2,1.9976880747735835
KFold,BNBUSDT,7,14,0.01,0.1,3,2.0226819988622435
KFold,BNBUSDT,7,14,0.01,0.1,4,2.040746096690143
KFold,BNBUSDT,7,14,0.01,0.1,5,1.9648669502934835
ForwardChaining,BNBUSDT,7,14,0.01,0.1,1,1.894213069113531
ForwardChaining,BNBUSDT,7,14,0.01,0.1,2,1.9976880747735835
ForwardChaining,BNBUSDT,7,14,0.01,0.1,3,2.0226819988622435
ForwardChaining,BNBUSDT,7,14,0.01,0.1,4,2.040746096690143
ForwardChaining,BNBUSDT,7,14,0.01,0.1,5,1.9648669502934835
GroupKFold,BNBUSDT,14,14,1.0,0.01,1,2.8592995322808434
GroupKFold,BNBUSDT,14,14,1.0,0.01,2,2.7447336861041576
GroupKFold,BNBUSDT,14,14,1.0,0.01,3,2.7328884451229034
GroupKFold,BNBUSDT,14,14,1.0,0.01,4,2.9715476041107993
GroupKFold,BNBUSDT,14,14,1.0,0.01,5,6.854432277400491
KFold,BNBUSDT,14,14,0.01,0.1,1,1.6003918489002646
KFold,BNBUSDT,14,14,0.01,0.1,2,1.6804933813692906
KFold,BNBUSDT,14,14,0.01,0.1,3,1.6317992599588713
KFold,BNBUSDT,14,14,0.01,0.1,4,1.6447751330156988
KFold,BNBUSDT,14,14,0.01,0.1,5,1.6149131476527785
ForwardChaining,BNBUSDT,14,14,0.01,0.1,1,1.6003918489002646
ForwardChaining,BNBUSDT,14,14,0.01,0.1,2,1.6804933813692906
ForwardChaining,BNBUSDT,14,14,0.01,0.1,3,1.6317992599588713
ForwardChaining,BNBUSDT,14,14,0.01,0.1,4,1.6447751330156988
ForwardChaining,BNBUSDT,14,14,0.01,0.1,5,1.6149131476527785
GroupKFold,BNBUSDT,21,14,1.0,0.01,1,2.303348114340148
GroupKFold,BNBUSDT,21,14,1.0,0.01,2,1.8998885503897849
GroupKFold,BNBUSDT,21,14,1.0,0.01,3,1.7171496493070033
GroupKFold,BNBUSDT,21,14,1.0,0.01,4,1.7365634265815864
GroupKFold,BNBUSDT,21,14,1.0,0.01,5,18.73261975821817
KFold,BNBUSDT,21,14,0.01,0.1,1,1.4700225201786166
KFold,BNBUSDT,21,14,0.01,0.1,2,1.4746279431047298
KFold,BNBUSDT,21,14,0.01,0.1,3,1.4775734623169519
KFold,BNBUSDT,21,14,0.01,0.1,4,1.526699953502057
KFold,BNBUSDT,21,14,0.01,0.1,5,1.4898915116080163
ForwardChaining,BNBUSDT,21,14,0.01,0.1,1,1.4700225201786166
ForwardChaining,BNBUSDT,21,14,0.01,0.1,2,1.4746279431047298
ForwardChaining,BNBUSDT,21,14,0.01,0.1,3,1.4775734623169519
ForwardChaining,BNBUSDT,21,14,0.01,0.1,4,1.526699953502057
ForwardChaining,BNBUSDT,21,14,0.01,0.1,5,1.4898915116080163
GroupKFold,BNBUSDT,28,14,0.01,0.1,1,1.4681269994426818
GroupKFold,BNBUSDT,28,14,0.01,0.1,2,1.2010695122894877
GroupKFold,BNBUSDT,28,14,0.01,0.1,3,1.039233364115112
GroupKFold,BNBUSDT,28,14,0.01,0.1,4,1.0258972629162957
GroupKFold,BNBUSDT,28,14,0.01,0.1,5,24.926487746455766
KFold,BNBUSDT,28,14,0.01,0.1,1,1.5036300292049625
KFold,BNBUSDT,28,14,0.01,0.1,2,1.5019154505493009
KFold,BNBUSDT,28,14,0.01,0.1,3,1.4874005103232264
KFold,BNBUSDT,28,14,0.01,0.1,4,1.5274794721913558
KFold,BNBUSDT,28,14,0.01,0.1,5,1.5114877358027197
ForwardChaining,BNBUSDT,28,14,0.01,0.1,1,1.5036300292049625
ForwardChaining,BNBUSDT,28,14,0.01,0.1,2,1.5019154505493009
ForwardChaining,BNBUSDT,28,14,0.01,0.1,3,1.4874005103232264
ForwardChaining,BNBUSDT,28,14,0.01,0.1,4,1.5274794721913558
ForwardChaining,BNBUSDT,28,14,0.01,0.1,5,1.5114877358027197
GroupKFold,BNBUSDT,7,21,0.01,0.01,1,1.977680770693145
GroupKFold,BNBUSDT,7,21,0.01,0.01,2,2.010335646890479
GroupKFold,BNBUSDT,7,21,0.01,0.01,3,2.2188478694650895
GroupKFold,BNBUSDT,7,21,0.01,0.01,4,2.6111505367368655
GroupKFold,BNBUSDT,7,21,0.01,0.01,5,12.446323348274532
KFold,BNBUSDT,7,21,0.01,0.1,1,2.400011566600213
KFold,BNBUSDT,7,21,0.01,0.1,2,2.4636340503861835
KFold,BNBUSDT,7,21,0.01,0.1,3,2.496055256047014
KFold,BNBUSDT,7,21,0.01,0.1,4,2.5399351224551574
KFold,BNBUSDT,7,21,0.01,0.1,5,2.481070918727831
ForwardChaining,BNBUSDT,7,21,0.01,0.1,1,2.400011566600213
ForwardChaining,BNBUSDT,7,21,0.01,0.1,2,2.4636340503861835
ForwardChaining,BNBUSDT,7,21,0.01,0.1,3,2.496055256047014
ForwardChaining,BNBUSDT,7,21,0.01,0.1,4,2.5399351224551574
ForwardChaining,BNBUSDT,7,21,0.01,0.1,5,2.481070918727831
GroupKFold,BNBUSDT,14,21,0.01,0.01,1,3.6072001878581696
GroupKFold,BNBUSDT,14,21,0.01,0.01,2,3.716166375429998
GroupKFold,BNBUSDT,14,21,0.01,0.01,3,3.7112108357900664
GroupKFold,BNBUSDT,14,21,0.01,0.01,4,3.376253812584018
GroupKFold,BNBUSDT,14,21,0.01,0.01,5,5.214465824335769
KFold,BNBUSDT,14,21,0.01,0.1,1,2.043232677476427
KFold,BNBUSDT,14,21,0.01,0.1,2,2.1088313129576997
KFold,BNBUSDT,14,21,0.01,0.1,3,2.0967705448619363
KFold,BNBUSDT,14,21,0.01,0.1,4,2.1768059891072356
KFold,BNBUSDT,14,21,0.01,0.1,5,2.0637693037061444
ForwardChaining,BNBUSDT,14,21,0.01,0.1,1,2.043232677476427
ForwardChaining,BNBUSDT,14,21,0.01,0.1,2,2.1088313129576997
ForwardChaining,BNBUSDT,14,21,0.01,0.1,3,2.0967705448619363
ForwardChaining,BNBUSDT,14,21,0.01,0.1,4,2.1768059891072356
ForwardChaining,BNBUSDT,14,21,0.01,0.1,5,2.0637693037061444
GroupKFold,BNBUSDT,21,21,0.01,0.1,1,2.6743868333026195
GroupKFold,BNBUSDT,21,21,0.01,0.1,2,2.6237279184899243
GroupKFold,BNBUSDT,21,21,0.01,0.1,3,2.4190766097799035
GroupKFold,BNBUSDT,21,21,0.01,0.1,4,2.12708741454006
GroupKFold,BNBUSDT,21,21,0.01,0.1,5,13.040115607033995
KFold,BNBUSDT,21,21,0.01,0.1,1,1.7507770351194532
KFold,BNBUSDT,21,21,0.01,0.1,2,1.7942711256500667
KFold,BNBUSDT,21,21,0.01,0.1,3,1.7830152145242164
KFold,BNBUSDT,21,21,0.01,0.1,4,1.8711161525329554
KFold,BNBUSDT,21,21,0.01,0.1,5,1.7681914223971735
ForwardChaining,BNBUSDT,21,21,0.01,0.1,1,1.7507770351194532
ForwardChaining,BNBUSDT,21,21,0.01,0.1,2,1.7942711256500667
ForwardChaining,BNBUSDT,21,21,0.01,0.1,3,1.7830152145242164
ForwardChaining,BNBUSDT,21,21,0.01,0.1,4,1.8711161525329554
ForwardChaining,BNBUSDT,21,21,0.01,0.1,5,1.7681914223971735
GroupKFold,BNBUSDT,28,21,0.01,0.1,1,1.8149113558778012
GroupKFold,BNBUSDT,28,21,0.01,0.1,2,1.7168185863486936
GroupKFold,BNBUSDT,28,21,0.01,0.1,3,1.4777001586276504
GroupKFold,BNBUSDT,28,21,0.01,0.1,4,1.2686352054793961
GroupKFold,BNBUSDT,28,21,0.01,0.1,5,24.82495549174812
KFold,BNBUSDT,28,21,0.01,0.1,1,1.721630848156513
KFold,BNBUSDT,28,21,0.01,0.1,2,1.7313499704358708
KFold,BNBUSDT,28,21,0.01,0.1,3,1.7352563719337264
KFold,BNBUSDT,28,21,0.01,0.1,4,1.7564410498987773
KFold,BNBUSDT,28,21,0.01,0.1,5,1.7362355190832894
ForwardChaining,BNBUSDT,28,21,0.01,0.1,1,1.721630848156513
ForwardChaining,BNBUSDT,28,21,0.01,0.1,2,1.7313499704358708
ForwardChaining,BNBUSDT,28,21,0.01,0.1,3,1.7352563719337264
ForwardChaining,BNBUSDT,28,21,0.01,0.1,4,1.7564410498987773
ForwardChaining,BNBUSDT,28,21,0.01,0.1,5,1.7362355190832894
GroupKFold,BNBUSDT,7,28,0.01,0.01,1,1.9330592456606017
GroupKFold,BNBUSDT,7,28,0.01,0.01,2,2.0521492433778428
GroupKFold,BNBUSDT,7,28,0.01,0.01,3,2.3069358528129698
GroupKFold,BNBUSDT,7,28,0.01,0.01,4,3.0571620219646607
GroupKFold,BNBUSDT,7,28,0.01,0.01,5,12.662987365000292
KFold,BNBUSDT,7,28,0.01,0.1,1,2.402726190965009
KFold,BNBUSDT,7,28,0.01,0.1,2,2.46783744739908
KFold,BNBUSDT,7,28,0.01,0.1,3,2.4769627726922847
KFold,BNBUSDT,7,28,0.01,0.1,4,2.4542232005424442
KFold,BNBUSDT,7,28,0.01,0.1,5,2.4131013487540613
ForwardChaining,BNBUSDT,7,28,0.01,0.1,1,2.402726190965009
ForwardChaining,BNBUSDT,7,28,0.01,0.1,2,2.46783744739908
ForwardChaining,BNBUSDT,7,28,0.01,0.1,3,2.4769627726922847
ForwardChaining,BNBUSDT,7,28,0.01,0.1,4,2.4542232005424442
ForwardChaining,BNBUSDT,7,28,0.01,0.1,5,2.4131013487540613
GroupKFold,BNBUSDT,14,28,0.01,0.1,1,3.640291590075155
GroupKFold,BNBUSDT,14,28,0.01,0.1,2,3.8298566837843446
GroupKFold,BNBUSDT,14,28,0.01,0.1,3,3.6691237060985893
GroupKFold,BNBUSDT,14,28,0.01,0.1,4,3.1163480675320625
GroupKFold,BNBUSDT,14,28,0.01,0.1,5,5.2046259525965155
KFold,BNBUSDT,14,28,0.01,0.1,1,2.1202881910859115
KFold,BNBUSDT,14,28,0.01,0.1,2,2.155707445623883
KFold,BNBUSDT,14,28,0.01,0.1,3,2.192119665396042
KFold,BNBUSDT,14,28,0.01,0.1,4,2.1075642062538855
KFold,BNBUSDT,14,28,0.01,0.1,5,2.10743742252018
ForwardChaining,BNBUSDT,14,28,0.01,0.1,1,2.1202881910859115
ForwardChaining,BNBUSDT,14,28,0.01,0.1,2,2.155707445623883
ForwardChaining,BNBUSDT,14,28,0.01,0.1,3,2.192119665396042
ForwardChaining,BNBUSDT,14,28,0.01,0.1,4,2.1075642062538855
ForwardChaining,BNBUSDT,14,28,0.01,0.1,5,2.10743742252018
GroupKFold,BNBUSDT,21,28,0.01,0.1,1,2.49414873826279
GroupKFold,BNBUSDT,21,28,0.01,0.1,2,2.4680917278593646
GroupKFold,BNBUSDT,21,28,0.01,0.1,3,2.2349294081577153
GroupKFold,BNBUSDT,21,28,0.01,0.1,4,1.8400173955481325
GroupKFold,BNBUSDT,21,28,0.01,0.1,5,11.425324675730105
KFold,BNBUSDT,21,28,0.01,0.1,1,1.99641438189748
KFold,BNBUSDT,21,28,0.01,0.1,2,1.9582613215022098
KFold,BNBUSDT,21,28,0.01,0.1,3,1.956761383112107
KFold,BNBUSDT,21,28,0.01,0.1,4,1.9090561864973339
KFold,BNBUSDT,21,28,0.01,0.1,5,1.9426001869331806
ForwardChaining,BNBUSDT,21,28,0.01,0.1,1,1.99641438189748
ForwardChaining,BNBUSDT,21,28,0.01,0.1,2,1.9582613215022098
ForwardChaining,BNBUSDT,21,28,0.01,0.1,3,1.956761383112107
ForwardChaining,BNBUSDT,21,28,0.01,0.1,4,1.9090561864973339
ForwardChaining,BNBUSDT,21,28,0.01,0.1,5,1.9426001869331806
GroupKFold,BNBUSDT,28,28,0.01,0.1,1,1.3909473712634022
GroupKFold,BNBUSDT,28,28,0.01,0.1,2,1.2992005910792817
GroupKFold,BNBUSDT,28,28,0.01,0.1,3,1.106726978195217
GroupKFold,BNBUSDT,28,28,0.01,0.1,4,0.9271502891925133
GroupKFold,BNBUSDT,28,28,0.01,0.1,5,24.618989183381778
KFold,BNBUSDT,28,28,0.01,0.1,1,1.9401861135920448
KFold,BNBUSDT,28,28,0.01,0.1,2,1.9100258042575795
KFold,BNBUSDT,28,28,0.01,0.1,3,1.8819693599953224
KFold,BNBUSDT,28,28,0.01,0.1,4,1.8593787922065752
KFold,BNBUSDT,28,28,0.01,0.1,5,1.903762993009062
ForwardChaining,BNBUSDT,28,28,0.01,0.1,1,1.9401861135920448
ForwardChaining,BNBUSDT,28,28,0.01,0.1,2,1.9100258042575795
ForwardChaining,BNBUSDT,28,28,0.01,0.1,3,1.8819693599953224
ForwardChaining,BNBUSDT,28,28,0.01,0.1,4,1.8593787922065752
ForwardChaining,BNBUSDT,28,28,0.01,0.1,5,1.903762993009062
GroupKFold,XRPUSDT,7,7,0.01,0.1,1,0.6829473228778541
GroupKFold,XRPUSDT,7,7,0.01,0.1,2,0.6162850856325333
GroupKFold,XRPUSDT,7,7,0.01,0.1,3,0.6715149130880909
GroupKFold,XRPUSDT,7,7,0.01,0.1,4,2.592170194881032
GroupKFold,XRPUSDT,7,7,0.01,0.1,5,8.140136266594487
KFold,XRPUSDT,7,7,0.01,0.01,1,2.9088895228283738
KFold,XRPUSDT,7,7,0.01,0.01,2,2.49356102426137
KFold,XRPUSDT,7,7,0.01,0.01,3,2.5282858124530105
KFold,XRPUSDT,7,7,0.01,0.01,4,2.6439151587772542
KFold,XRPUSDT,7,7,0.01,0.01,5,2.7019615624158417
ForwardChaining,XRPUSDT,7,7,0.01,0.01,1,2.9088895228283738
ForwardChaining,XRPUSDT,7,7,0.01,0.01,2,2.49356102426137
ForwardChaining,XRPUSDT,7,7,0.01,0.01,3,2.5282858124530105
ForwardChaining,XRPUSDT,7,7,0.01,0.01,4,2.6439151587772542
ForwardChaining,XRPUSDT,7,7,0.01,0.01,5,2.7019615624158417
GroupKFold,XRPUSDT,14,7,1.0,0.1,1,2.0237196921963005
GroupKFold,XRPUSDT,14,7,1.0,0.1,2,1.8424672790810026
GroupKFold,XRPUSDT,14,7,1.0,0.1,3,2.104724191981558
GroupKFold,XRPUSDT,14,7,1.0,0.1,4,2.7250592232380524
GroupKFold,XRPUSDT,14,7,1.0,0.1,5,3.3244827816943654
KFold,XRPUSDT,14,7,0.01,0.01,1,3.4260113443051763
KFold,XRPUSDT,14,7,0.01,0.01,2,3.6433789791791287
KFold,XRPUSDT,14,7,0.01,0.01,3,2.904528049000888
KFold,XRPUSDT,14,7,0.01,0.01,4,3.0162476780604295
KFold,XRPUSDT,14,7,0.01,0.01,5,3.55353202795108
ForwardChaining,XRPUSDT,14,7,0.01,0.01,1,3.4260113443051763
ForwardChaining,XRPUSDT,14,7,0.01,0.01,2,3.6433789791791287
ForwardChaining,XRPUSDT,14,7,0.01,0.01,3,2.904528049000888
ForwardChaining,XRPUSDT,14,7,0.01,0.01,4,3.0162476780604295
ForwardChaining,XRPUSDT,14,7,0.01,0.01,5,3.55353202795108
GroupKFold,XRPUSDT,21,7,10.0,0.1,1,2.1764868615291317
GroupKFold,XRPUSDT,21,7,10.0,0.1,2,1.7676237860935582
GroupKFold,XRPUSDT,21,7,10.0,0.1,3,1.7000326565370607
GroupKFold,XRPUSDT,21,7,10.0,0.1,4,2.0138624060566555
GroupKFold,XRPUSDT,21,7,10.0,0.1,5,5.247656532777513
KFold,XRPUSDT,21,7,0.1,0.01,1,3.7719295168874516
KFold,XRPUSDT,21,7,0.1,0.01,2,3.637093906470722
KFold,XRPUSDT,21,7,0.1,0.01,3,4.20593270183179
KFold,XRPUSDT,21,7,0.1,0.01,4,3.3905291601226955
KFold,XRPUSDT,21,7,0.1,0.01,5,3.2633600834351233
ForwardChaining,XRPUSDT,21,7,0.1,0.01,1,3.7719295168874516
ForwardChaining,XRPUSDT,21,7,0.1,0.01,2,3.637093906470722
ForwardChaining,XRPUSDT,21,7,0.1,0.01,3,4.20593270183179
ForwardChaining,XRPUSDT,21,7,0.1,0.01,4,3.3905291601226955
ForwardChaining,XRPUSDT,21,7,0.1,0.01,5,3.2633600834351233
GroupKFold,XRPUSDT,28,7,0.01,0.1,1,1.4652987777533344
GroupKFold,XRPUSDT,28,7,0.01,0.1,2,1.4251705501380711
GroupKFold,XRPUSDT,28,7,0.01,0.1,3,1.329685222234824
GroupKFold,XRPUSDT,28,7,0.01,0.1,4,2.0594459000158234
GroupKFold,XRPUSDT,28,7,0.01,0.1,5,3.725324512909453
KFold,XRPUSDT,28,7,0.01,0.01,1,4.347030081526031
KFold,XRPUSDT,28,7,0.01,0.01,2,4.6583869617303915
KFold,XRPUSDT,28,7,0.01,0.01,3,4.518314286569237
KFold,XRPUSDT,28,7,0.01,0.01,4,3.856902646410576
KFold,XRPUSDT,28,7,0.01,0.01,5,4.171408082563802
ForwardChaining,XRPUSDT,28,7,0.01,0.01,1,4.347030081526031
ForwardChaining,XRPUSDT,28,7,0.01,0.01,2,4.6583869617303915
ForwardChaining,XRPUSDT,28,7,0.01,0.01,3,4.518314286569237
ForwardChaining,XRPUSDT,28,7,0.01,0.01,4,3.856902646410576
ForwardChaining,XRPUSDT,28,7,0.01,0.01,5,4.171408082563802
GroupKFold,XRPUSDT,7,14,0.01,0.01,1,0.6861373994821466
GroupKFold,XRPUSDT,7,14,0.01,0.01,2,0.6746117922982802
GroupKFold,XRPUSDT,7,14,0.01,0.01,3,0.606566537556638
GroupKFold,XRPUSDT,7,14,0.01,0.01,4,3.269837225916901
GroupKFold,XRPUSDT,7,14,0.01,0.01,5,8.51713526706491
GroupKFold,XRPUSDT,7,14,0.01,0.1,1,0.6480167048997295
GroupKFold,XRPUSDT,7,14,0.01,0.1,2,0.640820007966744
GroupKFold,XRPUSDT,7,14,0.01,0.1,3,0.63725330657041
GroupKFold,XRPUSDT,7,14,0.01,0.1,4,2.7114566505844104
GroupKFold,XRPUSDT,7,14,0.01,0.1,5,8.109442904211056
GroupKFold,XRPUSDT,7,14,0.1,0.01,1,0.7835344569838725
GroupKFold,XRPUSDT,7,14,0.1,0.01,2,0.7004888451027179
GroupKFold,XRPUSDT,7,14,0.1,0.01,3,0.5468960639756077
GroupKFold,XRPUSDT,7,14,0.1,0.01,4,3.317502645403586
GroupKFold,XRPUSDT,7,14,0.1,0.01,5,8.669046468210572
GroupKFold,XRPUSDT,7,14,0.1,0.1,1,0.7380814986173941
GroupKFold,XRPUSDT,7,14,0.1,0.1,2,0.6576165262050565
GroupKFold,XRPUSDT,7,14,0.1,0.1,3,0.5656170433821737
GroupKFold,XRPUSDT,7,14,0.1,0.1,4,2.7530414740531763
GroupKFold,XRPUSDT,7,14,0.1,0.1,5,8.180187800293886
GroupKFold,XRPUSDT,7,14,1.0,0.01,1,0.8047189239936998
GroupKFold,XRPUSDT,7,14,1.0,0.01,2,0.7092138603644081
GroupKFold,XRPUSDT,7,14,1.0,0.01,3,0.5538496275111576
GroupKFold,XRPUSDT,7,14,1.0,0.01,4,3.325076958399239
GroupKFold,XRPUSDT,7,14,1.0,0.01,5,8.691037548776883
GroupKFold,XRPUSDT,7,14,1.0,0.1,1,0.7613602960740798
GroupKFold,XRPUSDT,7,14,1.0,0.1,2,0.6669868000660786
GroupKFold,XRPUSDT,7,14,1.0,0.1,3,0.564029059055502
GroupKFold,XRPUSDT,7,14,1.0,0.1,4,2.7888271883605986
GroupKFold,XRPUSDT,7,14,1.0,0.1,5,8.20281996292616
GroupKFold,XRPUSDT,7,14,10.0,0.01,1,0.8062164967031465
GroupKFold,XRPUSDT,7,14,10.0,0.01,2,0.7103109335600603
GroupKFold,XRPUSDT,7,14,10.0,0.01,3,0.5545634775538691
GroupKFold,XRPUSDT,7,14,10.0,0.01,4,3.3716277065144324
GroupKFold,XRPUSDT,7,14,10.0,0.01,5,8.698184750436807
GroupKFold,XRPUSDT,7,14,10.0,0.1,1,0.7664965452807836
GroupKFold,XRPUSDT,7,14,10.0,0.1,2,0.6769164964770024
GroupKFold,XRPUSDT,7,14,10.0,0.1,3,0.5633309140159338
GroupKFold,XRPUSDT,7,14,10.0,0.1,4,2.9091723759553427
GroupKFold,XRPUSDT,7,14,10.0,0.1,5,8.071656665100512
KFold,XRPUSDT,7,14,0.01,0.01,1,3.539758430046278
KFold,XRPUSDT,7,14,0.01,0.01,2,3.1926380789340976
KFold,XRPUSDT,7,14,0.01,0.01,3,3.3596708046031423
KFold,XRPUSDT,7,14,0.01,0.01,4,3.179824418631497
KFold,XRPUSDT,7,14,0.01,0.01,5,3.3530993392124846
KFold,XRPUSDT,7,14,0.01,0.1,1,3.6515125403326536
KFold,XRPUSDT,7,14,0.01,0.1,2,3.383313435639042
KFold,XRPUSDT,7,14,0.01,0.1,3,3.520035121251239
KFold,XRPUSDT,7,14,0.01,0.1,4,3.3211534332017685
KFold,XRPUSDT,7,14,0.01,0.1,5,3.476021006518682
KFold,XRPUSDT,7,14,0.1,0.01,1,5.550649543208281
KFold,XRPUSDT,7,14,0.1,0.01,2,5.764469318583515
KFold,XRPUSDT,7,14,0.1,0.01,3,6.224291301514285
KFold,XRPUSDT,7,14,0.1,0.01,4,6.13418921106661
KFold,XRPUSDT,7,14,0.1,0.01,5,5.865527651574597
KFold,XRPUSDT,7,14,0.1,0.1,1,5.678135247906183
KFold,XRPUSDT,7,14,0.1,0.1,2,6.047804877795791
KFold,XRPUSDT,7,14,0.1,0.1,3,6.433418775790384
KFold,XRPUSDT,7,14,0.1,0.1,4,6.249814995190478
KFold,XRPUSDT,7,14,0.1,0.1,5,6.135920116214211
KFold,XRPUSDT,7,14,1.0,0.01,1,8.079835868920853
KFold,XRPUSDT,7,14,1.0,0.01,2,8.833861724092703
KFold,XRPUSDT,7,14,1.0,0.01,3,8.971488091622339
KFold,XRPUSDT,7,14,1.0,0.01,4,9.000245314019633
KFold,XRPUSDT,7,14,1.0,0.01,5,8.74368392719384
KFold,XRPUSDT,7,14,1.0,0.1,1,8.093455854344963
KFold,XRPUSDT,7,14,1.0,0.1,2,9.061333481808992
KFold,XRPUSDT,7,14,1.0,0.1,3,9.163252114390561
KFold,XRPUSDT,7,14,1.0,0.1,4,9.187275449699372
KFold,XRPUSDT,7,14,1.0,0.1,5,8.851669420530808
KFold,XRPUSDT,7,14,10.0,0.01,1,8.8078611923217
KFold,XRPUSDT,7,14,10.0,0.01,2,9.673007169460607
KFold,XRPUSDT,7,14,10.0,0.01,3,9.66479226978353
KFold,XRPUSDT,7,14,10.0,0.01,4,9.669636220738283
KFold,XRPUSDT,7,14,10.0,0.01,5,9.528824288603701
KFold,XRPUSDT,7,14,10.0,0.1,1,8.722817411763712
KFold,XRPUSDT,7,14,10.0,0.1,2,9.74013757665507
KFold,XRPUSDT,7,14,10.0,0.1,3,9.80389453811824
KFold,XRPUSDT,7,14,10.0,0.1,4,9.88208312971787
KFold,XRPUSDT,7,14,10.0,0.1,5,9.557137332359014
ForwardChaining,XRPUSDT,7,14,0.01,0.01,1,3.539758430046278
ForwardChaining,XRPUSDT,7,14,0.01,0.01,2,3.1926380789340976
ForwardChaining,XRPUSDT,7,14,0.01,0.01,3,3.3596708046031423
ForwardChaining,XRPUSDT,7,14,0.01,0.01,4,3.179824418631497
ForwardChaining,XRPUSDT,7,14,0.01,0.01,5,3.3530993392124846
ForwardChaining,XRPUSDT,7,14,0.01,0.1,1,3.6515125403326536
ForwardChaining,XRPUSDT,7,14,0.01,0.1,2,3.383313435639042
ForwardChaining,XRPUSDT,7,14,0.01,0.1,3,3.520035121251239
ForwardChaining,XRPUSDT,7,14,0.01,0.1,4,3.3211534332017685
ForwardChaining,XRPUSDT,7,14,0.01,0.1,5,3.476021006518682
ForwardChaining,XRPUSDT,7,14,0.1,0.01,1,5.550649543208281
ForwardChaining,XRPUSDT,7,14,0.1,0.01,2,5.764469318583515
ForwardChaining,XRPUSDT,7,14,0.1,0.01,3,6.224291301514285
ForwardChaining,XRPUSDT,7,14,0.1,0.01,4,6.13418921106661
ForwardChaining,XRPUSDT,7,14,0.1,0.01,5,5.865527651574597
ForwardChaining,XRPUSDT,7,14,0.1,0.1,1,5.678135247906183
ForwardChaining,XRPUSDT,7,14,0.1,0.1,2,6.047804877795791
ForwardChaining,XRPUSDT,7,14,0.1,0.1,3,6.433418775790384
ForwardChaining,XRPUSDT,7,14,0.1,0.1,4,6.249814995190478
ForwardChaining,XRPUSDT,7,14,0.1,0.1,5,6.135920116214211
ForwardChaining,XRPUSDT,7,14,1.0,0.01,1,8.079835868920853
ForwardChaining,XRPUSDT,7,14,1.0,0.01,2,8.833861724092703
ForwardChaining,XRPUSDT,7,14,1.0,0.01,3,8.971488091622339
ForwardChaining,XRPUSDT,7,14,1.0,0.01,4,9.000245314019633
ForwardChaining,XRPUSDT,7,14,1.0,0.01,5,8.74368392719384
ForwardChaining,XRPUSDT,7,14,1.0,0.1,1,8.093455854344963
ForwardChaining,XRPUSDT,7,14,1.0,0.1,2,9.061333481808992
ForwardChaining,XRPUSDT,7,14,1.0,0.1,3,9.163252114390561
ForwardChaining,XRPUSDT,7,14,1.0,0.1,4,9.187275449699372
ForwardChaining,XRPUSDT,7,14,1.0,0.1,5,8.851669420530808
ForwardChaining,XRPUSDT,7,14,10.0,0.01,1,8.8078611923217
ForwardChaining,XRPUSDT,7,14,10.0,0.01,2,9.673007169460607
ForwardChaining,XRPUSDT,7,14,10.0,0.01,3,9.66479226978353
ForwardChaining,XRPUSDT,7,14,10.0,0.01,4,9.669636220738283
ForwardChaining,XRPUSDT,7,14,10.0,0.01,5,9.528824288603701
ForwardChaining,XRPUSDT,7,14,10.0,0.1,1,8.722817411763712
ForwardChaining,XRPUSDT,7,14,10.0,0.1,2,9.74013757665507
ForwardChaining,XRPUSDT,7,14,10.0,0.1,3,9.80389453811824
ForwardChaining,XRPUSDT,7,14,10.0,0.1,4,9.88208312971787
ForwardChaining,XRPUSDT,7,14,10.0,0.1,5,9.557137332359014
GroupKFold,XRPUSDT,14,14,0.01,0.01,1,1.6164501274387706
GroupKFold,XRPUSDT,14,14,0.01,0.01,2,1.9244337274999157
GroupKFold,XRPUSDT,14,14,0.01,0.01,3,1.474750990111424
GroupKFold,XRPUSDT,14,14,0.01,0.01,4,3.659208561806185
GroupKFold,XRPUSDT,14,14,0.01,0.01,5,6.422290631621104
GroupKFold,XRPUSDT,14,14,0.01,0.1,1,1.566982191309327
GroupKFold,XRPUSDT,14,14,0.01,0.1,2,1.900800500770639
GroupKFold,XRPUSDT,14,14,0.01,0.1,3,1.6814188023502596
GroupKFold,XRPUSDT,14,14,0.01,0.1,4,2.3503959915420394
GroupKFold,XRPUSDT,14,14,0.01,0.1,5,6.053099462739533
GroupKFold,XRPUSDT,14,14,0.1,0.01,1,1.3868756891249425
GroupKFold,XRPUSDT,14,14,0.1,0.01,2,1.7005202023943868
GroupKFold,XRPUSDT,14,14,0.1,0.01,3,1.2283425075316978
GroupKFold,XRPUSDT,14,14,0.1,0.01,4,3.6984415712315113
GroupKFold,XRPUSDT,14,14,0.1,0.01,5,6.841374779035466
GroupKFold,XRPUSDT,14,14,0.1,0.1,1,1.3671049586998343
GroupKFold,XRPUSDT,14,14,0.1,0.1,2,1.7303724896869512
GroupKFold,XRPUSDT,14,14,0.1,0.1,3,1.5470187541266556
GroupKFold,XRPUSDT,14,14,0.1,0.1,4,2.3676241744883733
GroupKFold,XRPUSDT,14,14,0.1,0.1,5,6.5046331011917875
GroupKFold,XRPUSDT,14,14,1.0,0.01,1,1.3503025471119199
GroupKFold,XRPUSDT,14,14,1.0,0.01,2,1.6611477251606612
GroupKFold,XRPUSDT,14,14,1.0,0.01,3,1.1961589369626504
GroupKFold,XRPUSDT,14,14,1.0,0.01,4,3.7727324933680064
GroupKFold,XRPUSDT,14,14,1.0,0.01,5,6.900122008846814
GroupKFold,XRPUSDT,14,14,1.0,0.1,1,1.335143197475753
GroupKFold,XRPUSDT,14,14,1.0,0.1,2,1.7032480539631905
GroupKFold,XRPUSDT,14,14,1.0,0.1,3,1.528298173938676
GroupKFold,XRPUSDT,14,14,1.0,0.1,4,2.3847993744438116
GroupKFold,XRPUSDT,14,14,1.0,0.1,5,6.560414254713052
GroupKFold,XRPUSDT,14,14,10.0,0.01,1,1.3512095598761191
GroupKFold,XRPUSDT,14,14,10.0,0.01,2,1.6604204371674156
GroupKFold,XRPUSDT,14,14,10.0,0.01,3,1.1918473744932019
GroupKFold,XRPUSDT,14,14,10.0,0.01,4,3.842736478877529
GroupKFold,XRPUSDT,14,14,10.0,0.01,5,6.904297866591141
GroupKFold,XRPUSDT,14,14,10.0,0.1,1,1.3352757638544757
GroupKFold,XRPUSDT,14,14,10.0,0.1,2,1.7055849796650076
GroupKFold,XRPUSDT,14,14,10.0,0.1,3,1.5208789505155393
GroupKFold,XRPUSDT,14,14,10.0,0.1,4,2.420336242946842
GroupKFold,XRPUSDT,14,14,10.0,0.1,5,6.609505945564433
KFold,XRPUSDT,14,14,0.01,0.01,1,3.7682532284786183
KFold,XRPUSDT,14,14,0.01,0.01,2,3.281556000671849
KFold,XRPUSDT,14,14,0.01,0.01,3,2.8462517973947223
KFold,XRPUSDT,14,14,0.01,0.01,4,2.780734359199902
KFold,XRPUSDT,14,14,0.01,0.01,5,3.3990823760243427
KFold,XRPUSDT,14,14,0.01,0.1,1,3.8796666780202025
KFold,XRPUSDT,14,14,0.01,0.1,2,3.3481299109909726
KFold,XRPUSDT,14,14,0.01,0.1,3,2.919861075618176
KFold,XRPUSDT,14,14,0.01,0.1,4,2.8745551434560883
KFold,XRPUSDT,14,14,0.01,0.1,5,3.4896557611612926
KFold,XRPUSDT,14,14,0.1,0.01,1,4.288956351256015
KFold,XRPUSDT,14,14,0.1,0.01,2,3.911840385909795
KFold,XRPUSDT,14,14,0.1,0.01,3,3.9750264124229893
KFold,XRPUSDT,14,14,0.1,0.01,4,3.809525395124805
KFold,XRPUSDT,14,14,0.1,0.01,5,4.244542387115979
KFold,XRPUSDT,14,14,0.1,0.1,1,4.372443576507208
KFold,XRPUSDT,14,14,0.1,0.1,2,3.9744794462960127
KFold,XRPUSDT,14,14,0.1,0.1,3,4.12491306678597
KFold,XRPUSDT,14,14,0.1,0.1,4,4.128625044048605
KFold,XRPUSDT,14,14,0.1,0.1,5,4.47678356037131
KFold,XRPUSDT,14,14,1.0,0.01,1,5.817797343511358
KFold,XRPUSDT,14,14,1.0,0.01,2,5.951413887565122
KFold,XRPUSDT,14,14,1.0,0.01,3,5.796057694862485
KFold,XRPUSDT,14,14,1.0,0.01,4,5.439889540893651
KFold,XRPUSDT,14,14,1.0,0.01,5,6.065225598005012
KFold,XRPUSDT,14,14,1.0,0.1,1,5.731981201916177
KFold,XRPUSDT,14,14,1.0,0.1,2,5.908155944781669
KFold,XRPUSDT,14,14,1.0,0.1,3,5.841196332771514
KFold,XRPUSDT,14,14,1.0,0.1,4,5.9022862269299
KFold,XRPUSDT,14,14,1.0,0.1,5,6.186516948053052
KFold,XRPUSDT,14,14,10.0,0.01,1,6.280550996884183
KFold,XRPUSDT,14,14,10.0,0.01,2,6.5490087366524445
KFold,XRPUSDT,14,14,10.0,0.01,3,6.252696483470106
KFold,XRPUSDT,14,14,10.0,0.01,4,5.848732041909973
KFold,XRPUSDT,14,14,10.0,0.01,5,6.631338384310474
KFold,XRPUSDT,14,14,10.0,0.1,1,6.089842113005932
KFold,XRPUSDT,14,14,10.0,0.1,2,6.444783146622949
KFold,XRPUSDT,14,14,10.0,0.1,3,6.2605945625293815
KFold,XRPUSDT,14,14,10.0,0.1,4,6.302285105758348
KFold,XRPUSDT,14,14,10.0,0.1,5,6.6098177974486685
ForwardChaining,XRPUSDT,14,14,0.01,0.01,1,3.7682532284786183
ForwardChaining,XRPUSDT,14,14,0.01,0.01,2,3.281556000671849
ForwardChaining,XRPUSDT,14,14,0.01,0.01,3,2.8462517973947223
ForwardChaining,XRPUSDT,14,14,0.01,0.01,4,2.780734359199902
ForwardChaining,XRPUSDT,14,14,0.01,0.01,5,3.3990823760243427
ForwardChaining,XRPUSDT,14,14,0.01,0.1,1,3.8796666780202025
ForwardChaining,XRPUSDT,14,14,0.01,0.1,2,3.3481299109909726
ForwardChaining,XRPUSDT,14,14,0.01,0.1,3,2.919861075618176
ForwardChaining,XRPUSDT,14,14,0.01,0.1,4,2.8745551434560883
ForwardChaining,XRPUSDT,14,14,0.01,0.1,5,3.4896557611612926
ForwardChaining,XRPUSDT,14,14,0.1,0.01,1,4.288956351256015
ForwardChaining,XRPUSDT,14,14,0.1,0.01,2,3.911840385909795
ForwardChaining,XRPUSDT,14,14,0.1,0.01,3,3.9750264124229893
ForwardChaining,XRPUSDT,14,14,0.1,0.01,4,3.809525395124805
ForwardChaining,XRPUSDT,14,14,0.1,0.01,5,4.244542387115979
ForwardChaining,XRPUSDT,14,14,0.1,0.1,1,4.372443576507208
ForwardChaining,XRPUSDT,14,14,0.1,0.1,2,3.9744794462960127
ForwardChaining,XRPUSDT,14,14,0.1,0.1,3,4.12491306678597
ForwardChaining,XRPUSDT,14,14,0.1,0.1,4,4.128625044048605
ForwardChaining,XRPUSDT,14,14,0.1,0.1,5,4.47678356037131
ForwardChaining,XRPUSDT,14,14,1.0,0.01,1,5.817797343511358
ForwardChaining,XRPUSDT,14,14,1.0,0.01,2,5.951413887565122
ForwardChaining,XRPUSDT,14,14,1.0,0.01,3,5.796057694862485
ForwardChaining,XRPUSDT,14,14,1.0,0.01,4,5.439889540893651
ForwardChaining,XRPUSDT,14,14,1.0,0.01,5,6.065225598005012
ForwardChaining,XRPUSDT,14,14,1.0,0.1,1,5.731981201916177
ForwardChaining,XRPUSDT,14,14,1.0,0.1,2,5.908155944781669
ForwardChaining,XRPUSDT,14,14,1.0,0.1,3,5.841196332771514
ForwardChaining,XRPUSDT,14,14,1.0,0.1,4,5.9022862269299
ForwardChaining,XRPUSDT,14,14,1.0,0.1,5,6.186516948053052
ForwardChaining,XRPUSDT,14,14,10.0,0.01,1,6.280550996884183
ForwardChaining,XRPUSDT,14,14,10.0,0.01,2,6.5490087366524445
ForwardChaining,XRPUSDT,14,14,10.0,0.01,3,6.252696483470106
ForwardChaining,XRPUSDT,14,14,10.0,0.01,4,5.848732041909973
ForwardChaining,XRPUSDT,14,14,10.0,0.01,5,6.631338384310474
ForwardChaining,XRPUSDT,14,14,10.0,0.1,1,6.089842113005932
ForwardChaining,XRPUSDT,14,14,10.0,0.1,2,6.444783146622949
ForwardChaining,XRPUSDT,14,14,10.0,0.1,3,6.2605945625293815
ForwardChaining,XRPUSDT,14,14,10.0,0.1,4,6.302285105758348
ForwardChaining,XRPUSDT,14,14,10.0,0.1,5,6.6098177974486685
GroupKFold,XRPUSDT,21,14,0.01,0.01,1,1.3724254412322183
GroupKFold,XRPUSDT,21,14,0.01,0.01,2,1.3575637720460692
GroupKFold,XRPUSDT,21,14,0.01,0.01,3,1.0560838221982922
GroupKFold,XRPUSDT,21,14,0.01,0.01,4,3.168071650158434
GroupKFold,XRPUSDT,21,14,0.01,0.01,5,7.976828240275705
GroupKFold,XRPUSDT,21,14,0.01,0.1,1,1.3831340046445628
GroupKFold,XRPUSDT,21,14,0.01,0.1,2,1.387382311530821
GroupKFold,XRPUSDT,21,14,0.01,0.1,3,1.2160710677924704
GroupKFold,XRPUSDT,21,14,0.01,0.1,4,2.2696454303549833
GroupKFold,XRPUSDT,21,14,0.01,0.1,5,7.48941452988776
GroupKFold,XRPUSDT,21,14,0.1,0.01,1,1.2082733471770832
GroupKFold,XRPUSDT,21,14,0.1,0.01,2,1.1981459250671735
GroupKFold,XRPUSDT,21,14,0.1,0.01,3,0.9125435927141285
GroupKFold,XRPUSDT,21,14,0.1,0.01,4,3.195661304541928
GroupKFold,XRPUSDT,21,14,0.1,0.01,5,8.714649158749397
GroupKFold,XRPUSDT,21,14,0.1,0.1,1,1.2761513233522155
GroupKFold,XRPUSDT,21,14,0.1,0.1,2,1.3038806687686666
GroupKFold,XRPUSDT,21,14,0.1,0.1,3,1.1551589243806595
GroupKFold,XRPUSDT,21,14,0.1,0.1,4,2.2769204890942705
GroupKFold,XRPUSDT,21,14,0.1,0.1,5,8.160467939286628
GroupKFold,XRPUSDT,21,14,1.0,0.01,1,1.1799578403112416
GroupKFold,XRPUSDT,21,14,1.0,0.01,2,1.1706894773379128
GroupKFold,XRPUSDT,21,14,1.0,0.01,3,0.893642633741783
GroupKFold,XRPUSDT,21,14,1.0,0.01,4,3.2917359084959776
GroupKFold,XRPUSDT,21,14,1.0,0.01,5,8.814696684192613
GroupKFold,XRPUSDT,21,14,1.0,0.1,1,1.2573285795634896
GroupKFold,XRPUSDT,21,14,1.0,0.1,2,1.2819024372793284
GroupKFold,XRPUSDT,21,14,1.0,0.1,3,1.146140214523136
GroupKFold,XRPUSDT,21,14,1.0,0.1,4,2.2350120722679696
GroupKFold,XRPUSDT,21,14,1.0,0.1,5,8.24014444015962
GroupKFold,XRPUSDT,21,14,10.0,0.01,1,1.1822559181565044
GroupKFold,XRPUSDT,21,14,10.0,0.01,2,1.1779795356867677
GroupKFold,XRPUSDT,21,14,10.0,0.01,3,0.8900317570294424
GroupKFold,XRPUSDT,21,14,10.0,0.01,4,3.2995315247580663
GroupKFold,XRPUSDT,21,14,10.0,0.01,5,8.829485304870285
GroupKFold,XRPUSDT,21,14,10.0,0.1,1,1.2548341447885398
GroupKFold,XRPUSDT,21,14,10.0,0.1,2,1.2825502232375194
GroupKFold,XRPUSDT,21,14,10.0,0.1,3,1.1462465310908385
GroupKFold,XRPUSDT,21,14,10.0,0.1,4,2.2723498374178726
GroupKFold,XRPUSDT,21,14,10.0,0.1,5,8.245260206340353
KFold,XRPUSDT,21,14,0.01,0.01,1,4.021552862511312
KFold,XRPUSDT,21,14,0.01,0.01,2,3.611057745737168
KFold,XRPUSDT,21,14,0.01,0.01,3,3.5305169082519443
KFold,XRPUSDT,21,14,0.01,0.01,4,3.2584281489596703
KFold,XRPUSDT,21,14,0.01,0.01,5,3.5487822804349753
KFold,XRPUSDT,21,14,0.01,0.1,1,4.169151140114755
KFold,XRPUSDT,21,14,0.01,0.1,2,3.7615646693340743
KFold,XRPUSDT,21,14,0.01,0.1,3,3.738417193478104
KFold,XRPUSDT,21,14,0.01,0.1,4,3.4350095129492573
KFold,XRPUSDT,21,14,0.01,0.1,5,3.675279708270032
KFold,XRPUSDT,21,14,0.1,0.01,1,3.998838807415146
KFold,XRPUSDT,21,14,0.1,0.01,2,3.3202232902586153
KFold,XRPUSDT,21,14,0.1,0.01,3,3.6053973723558808
KFold,XRPUSDT,21,14,0.1,0.01,4,3.4837785080818615
KFold,XRPUSDT,21,14,0.1,0.01,5,3.7658338144257963
KFold,XRPUSDT,21,14,0.1,0.1,1,3.970126666007799
KFold,XRPUSDT,21,14,0.1,0.1,2,3.2953651394074157
KFold,XRPUSDT,21,14,0.1,0.1,3,3.7074182917054226
KFold,XRPUSDT,21,14,0.1,0.1,4,3.6667632961425483
KFold,XRPUSDT,21,14,0.1,0.1,5,3.8549915728543516
KFold,XRPUSDT,21,14,1.0,0.01,1,5.119053954530988
KFold,XRPUSDT,21,14,1.0,0.01,2,4.944066954122418
KFold,XRPUSDT,21,14,1.0,0.01,3,4.906790488068062
KFold,XRPUSDT,21,14,1.0,0.01,4,4.806142399422705
KFold,XRPUSDT,21,14,1.0,0.01,5,5.363151895597722
KFold,XRPUSDT,21,14,1.0,0.1,1,5.061176966717885
KFold,XRPUSDT,21,14,1.0,0.1,2,5.011662467608708
KFold,XRPUSDT,21,14,1.0,0.1,3,4.826031317307126
KFold,XRPUSDT,21,14,1.0,0.1,4,4.945562564731185
KFold,XRPUSDT,21,14,1.0,0.1,5,5.368545077969847
KFold,XRPUSDT,21,14,10.0,0.01,1,5.479460618688792
KFold,XRPUSDT,21,14,10.0,0.01,2,5.409443916494039
KFold,XRPUSDT,21,14,10.0,0.01,3,5.296239012284874
KFold,XRPUSDT,21,14,10.0,0.01,4,5.14010035927675
KFold,XRPUSDT,21,14,10.0,0.01,5,5.85031230806866
KFold,XRPUSDT,21,14,10.0,0.1,1,5.3636370532015585
KFold,XRPUSDT,21,14,10.0,0.1,2,5.4239702296607515
KFold,XRPUSDT,21,14,10.0,0.1,3,5.127743892925181
KFold,XRPUSDT,21,14,10.0,0.1,4,5.297726522650005
KFold,XRPUSDT,21,14,10.0,0.1,5,5.757305954192039
ForwardChaining,XRPUSDT,21,14,0.01,0.01,1,4.021552862511312
ForwardChaining,XRPUSDT,21,14,0.01,0.01,2,3.611057745737168
ForwardChaining,XRPUSDT,21,14,0.01,0.01,3,3.5305169082519443
ForwardChaining,XRPUSDT,21,14,0.01,0.01,4,3.2584281489596703
ForwardChaining,XRPUSDT,21,14,0.01,0.01,5,3.5487822804349753
ForwardChaining,XRPUSDT,21,14,0.01,0.1,1,4.169151140114755
ForwardChaining,XRPUSDT,21,14,0.01,0.1,2,3.7615646693340743
ForwardChaining,XRPUSDT,21,14,0.01,0.1,3,3.738417193478104
ForwardChaining,XRPUSDT,21,14,0.01,0.1,4,3.4350095129492573
ForwardChaining,XRPUSDT,21,14,0.01,0.1,5,3.675279708270032
ForwardChaining,XRPUSDT,21,14,0.1,0.01,1,3.998838807415146
ForwardChaining,XRPUSDT,21,14,0.1,0.01,2,3.3202232902586153
ForwardChaining,XRPUSDT,21,14,0.1,0.01,3,3.6053973723558808
ForwardChaining,XRPUSDT,21,14,0.1,0.01,4,3.4837785080818615
ForwardChaining,XRPUSDT,21,14,0.1,0.01,5,3.7658338144257963
ForwardChaining,XRPUSDT,21,14,0.1,0.1,1,3.970126666007799
ForwardChaining,XRPUSDT,21,14,0.1,0.1,2,3.2953651394074157
ForwardChaining,XRPUSDT,21,14,0.1,0.1,3,3.7074182917054226
ForwardChaining,XRPUSDT,21,14,0.1,0.1,4,3.6667632961425483
ForwardChaining,XRPUSDT,21,14,0.1,0.1,5,3.8549915728543516
ForwardChaining,XRPUSDT,21,14,1.0,0.01,1,5.119053954530988
ForwardChaining,XRPUSDT,21,14,1.0,0.01,2,4.944066954122418
ForwardChaining,XRPUSDT,21,14,1.0,0.01,3,4.906790488068062
ForwardChaining,XRPUSDT,21,14,1.0,0.01,4,4.806142399422705
ForwardChaining,XRPUSDT,21,14,1.0,0.01,5,5.363151895597722
ForwardChaining,XRPUSDT,21,14,1.0,0.1,1,5.061176966717885
ForwardChaining,XRPUSDT,21,14,1.0,0.1,2,5.011662467608708
ForwardChaining,XRPUSDT,21,14,1.0,0.1,3,4.826031317307126
ForwardChaining,XRPUSDT,21,14,1.0,0.1,4,4.945562564731185
ForwardChaining,XRPUSDT,21,14,1.0,0.1,5,5.368545077969847
ForwardChaining,XRPUSDT,21,14,10.0,0.01,1,5.479460618688792
ForwardChaining,XRPUSDT,21,14,10.0,0.01,2,5.409443916494039
ForwardChaining,XRPUSDT,21,14,10.0,0.01,3,5.296239012284874
ForwardChaining,XRPUSDT,21,14,10.0,0.01,4,5.14010035927675
ForwardChaining,XRPUSDT,21,14,10.0,0.01,5,5.85031230806866
ForwardChaining,XRPUSDT,21,14,10.0,0.1,1,5.3636370532015585
ForwardChaining,XRPUSDT,21,14,10.0,0.1,2,5.4239702296607515
ForwardChaining,XRPUSDT,21,14,10.0,0.1,3,5.127743892925181
ForwardChaining,XRPUSDT,21,14,10.0,0.1,4,5.297726522650005
ForwardChaining,XRPUSDT,21,14,10.0,0.1,5,5.757305954192039
GroupKFold,XRPUSDT,28,14,0.01,0.01,1,0.9104055193616523
GroupKFold,XRPUSDT,28,14,0.01,0.01,2,0.872926604217346
GroupKFold,XRPUSDT,28,14,0.01,0.01,3,0.7487339353727472
GroupKFold,XRPUSDT,28,14,0.01,0.01,4,3.278319918413202
GroupKFold,XRPUSDT,28,14,0.01,0.01,5,10.437254406946579
GroupKFold,XRPUSDT,28,14,0.01,0.1,1,0.8970270555825098
GroupKFold,XRPUSDT,28,14,0.01,0.1,2,0.8833239149135756
GroupKFold,XRPUSDT,28,14,0.01,0.1,3,0.8158445369244101
GroupKFold,XRPUSDT,28,14,0.01,0.1,4,2.3989684854330378
GroupKFold,XRPUSDT,28,14,0.01,0.1,5,10.03699440678477
GroupKFold,XRPUSDT,28,14,0.1,0.01,1,0.9048298734762094
GroupKFold,XRPUSDT,28,14,0.1,0.01,2,0.8165922429060124
GroupKFold,XRPUSDT,28,14,0.1,0.01,3,0.7105033315598107
GroupKFold,XRPUSDT,28,14,0.1,0.01,4,3.3066225695929856
GroupKFold,XRPUSDT,28,14,0.1,0.01,5,11.16449031844659
GroupKFold,XRPUSDT,28,14,0.1,0.1,1,0.9075723577633804
GroupKFold,XRPUSDT,28,14,0.1,0.1,2,0.863137991257384
GroupKFold,XRPUSDT,28,14,0.1,0.1,3,0.7800920711772125
GroupKFold,XRPUSDT,28,14,0.1,0.1,4,2.405640686663628
GroupKFold,XRPUSDT,28,14,0.1,0.1,5,10.680859283502533
GroupKFold,XRPUSDT,28,14,1.0,0.01,1,0.9078921479613984
GroupKFold,XRPUSDT,28,14,1.0,0.01,2,0.8093450560495098
GroupKFold,XRPUSDT,28,14,1.0,0.01,3,0.7092462150161004
GroupKFold,XRPUSDT,28,14,1.0,0.01,4,3.35864442185684
GroupKFold,XRPUSDT,28,14,1.0,0.01,5,11.260094676691157
GroupKFold,XRPUSDT,28,14,1.0,0.1,1,0.9126332305762688
GroupKFold,XRPUSDT,28,14,1.0,0.1,2,0.8607115986224686
GroupKFold,XRPUSDT,28,14,1.0,0.1,3,0.7744309005242185
GroupKFold,XRPUSDT,28,14,1.0,0.1,4,2.4162849514099376
GroupKFold,XRPUSDT,28,14,1.0,0.1,5,10.762580753402021
GroupKFold,XRPUSDT,28,14,10.0,0.01,1,0.9142201928742789
GroupKFold,XRPUSDT,28,14,10.0,0.01,2,0.8240223258622172
GroupKFold,XRPUSDT,28,14,10.0,0.01,3,0.7154829797779074
GroupKFold,XRPUSDT,28,14,10.0,0.01,4,3.3930827300939126
GroupKFold,XRPUSDT,28,14,10.0,0.01,5,11.277245166733024
GroupKFold,XRPUSDT,28,14,10.0,0.1,1,0.9080928936592044
GroupKFold,XRPUSDT,28,14,10.0,0.1,2,0.8842807628262503
GroupKFold,XRPUSDT,28,14,10.0,0.1,3,0.7838869434392743
GroupKFold,XRPUSDT,28,14,10.0,0.1,4,2.446745788654573
GroupKFold,XRPUSDT,28,14,10.0,0.1,5,10.822552137612343
KFold,XRPUSDT,28,14,0.01,0.01,1,3.3121180222221405
KFold,XRPUSDT,28,14,0.01,0.01,2,3.0400931824232407
KFold,XRPUSDT,28,14,0.01,0.01,3,3.401907921065099
KFold,XRPUSDT,28,14,0.01,0.01,4,3.395688828806361
KFold,XRPUSDT,28,14,0.01,0.01,5,3.434861617549675
KFold,XRPUSDT,28,14,0.01,0.1,1,3.4286273352100793
KFold,XRPUSDT,28,14,0.01,0.1,2,3.15826596526858
KFold,XRPUSDT,28,14,0.01,0.1,3,3.617554264242902
KFold,XRPUSDT,28,14,0.01,0.1,4,3.6012109598514335
KFold,XRPUSDT,28,14,0.01,0.1,5,3.6180847363488167
KFold,XRPUSDT,28,14,0.1,0.01,1,3.4231503853447114
KFold,XRPUSDT,28,14,0.1,0.01,2,3.056428871848538
KFold,XRPUSDT,28,14,0.1,0.01,3,3.2143879240429882
KFold,XRPUSDT,28,14,0.1,0.01,4,3.751909847264752
KFold,XRPUSDT,28,14,0.1,0.01,5,3.816604786766294
KFold,XRPUSDT,28,14,0.1,0.1,1,3.3268668598089044
KFold,XRPUSDT,28,14,0.1,0.1,2,2.964575830247661
KFold,XRPUSDT,28,14,0.1,0.1,3,3.323851966250314
KFold,XRPUSDT,28,14,0.1,0.1,4,3.9031449039628296
KFold,XRPUSDT,28,14,0.1,0.1,5,3.7276075081338824
KFold,XRPUSDT,28,14,1.0,0.01,1,4.2439463857847555
KFold,XRPUSDT,28,14,1.0,0.01,2,4.251283542649301
KFold,XRPUSDT,28,14,1.0,0.01,3,4.4143110828242245
KFold,XRPUSDT,28,14,1.0,0.01,4,5.072801277497988
KFold,XRPUSDT,28,14,1.0,0.01,5,5.39262944207704
KFold,XRPUSDT,28,14,1.0,0.1,1,4.177664275089145
KFold,XRPUSDT,28,14,1.0,0.1,2,4.385898879388235
KFold,XRPUSDT,28,14,1.0,0.1,3,4.562817315705796
KFold,XRPUSDT,28,14,1.0,0.1,4,5.288985641578155
KFold,XRPUSDT,28,14,1.0,0.1,5,5.292021105096997
KFold,XRPUSDT,28,14,10.0,0.01,1,4.442750315023088
KFold,XRPUSDT,28,14,10.0,0.01,2,4.49441461925761
KFold,XRPUSDT,28,14,10.0,0.01,3,4.711873850229218
KFold,XRPUSDT,28,14,10.0,0.01,4,5.404101688573578
KFold,XRPUSDT,28,14,10.0,0.01,5,5.817858533010361
KFold,XRPUSDT,28,14,10.0,0.1,1,4.362756879451113
KFold,XRPUSDT,28,14,10.0,0.1,2,4.658919011794367
KFold,XRPUSDT,28,14,10.0,0.1,3,4.8314096336975405
KFold,XRPUSDT,28,14,10.0,0.1,4,5.535482243397781
KFold,XRPUSDT,28,14,10.0,0.1,5,5.685393783948122
ForwardChaining,XRPUSDT,28,14,0.01,0.01,1,3.3121180222221405
ForwardChaining,XRPUSDT,28,14,0.01,0.01,2,3.0400931824232407
ForwardChaining,XRPUSDT,28,14,0.01,0.01,3,3.401907921065099
ForwardChaining,XRPUSDT,28,14,0.01,0.01,4,3.395688828806361
ForwardChaining,XRPUSDT,28,14,0.01,0.01,5,3.434861617549675
ForwardChaining,XRPUSDT,28,14,0.01,0.1,1,3.4286273352100793
ForwardChaining,XRPUSDT,28,14,0.01,0.1,2,3.15826596526858
ForwardChaining,XRPUSDT,28,14,0.01,0.1,3,3.617554264242902
ForwardChaining,XRPUSDT,28,14,0.01,0.1,4,3.6012109598514335
ForwardChaining,XRPUSDT,28,14,0.01,0.1,5,3.6180847363488167
ForwardChaining,XRPUSDT,28,14,0.1,0.01,1,3.4231503853447114
ForwardChaining,XRPUSDT,28,14,0.1,0.01,2,3.056428871848538
ForwardChaining,XRPUSDT,28,14,0.1,0.01,3,3.2143879240429882
ForwardChaining,XRPUSDT,28,14,0.1,0.01,4,3.751909847264752
ForwardChaining,XRPUSDT,28,14,0.1,0.01,5,3.816604786766294
ForwardChaining,XRPUSDT,28,14,0.1,0.1,1,3.3268668598089044
ForwardChaining,XRPUSDT,28,14,0.1,0.1,2,2.964575830247661
ForwardChaining,XRPUSDT,28,14,0.1,0.1,3,3.323851966250314
ForwardChaining,XRPUSDT,28,14,0.1,0.1,4,3.9031449039628296
ForwardChaining,XRPUSDT,28,14,0.1,0.1,5,3.7276075081338824
ForwardChaining,XRPUSDT,28,14,1.0,0.01,1,4.2439463857847555
ForwardChaining,XRPUSDT,28,14,1.0,0.01,2,4.251283542649301
ForwardChaining,XRPUSDT,28,14,1.0,0.01,3,4.4143110828242245
ForwardChaining,XRPUSDT,28,14,1.0,0.01,4,5.072801277497988
ForwardChaining,XRPUSDT,28,14,1.0,0.01,5,5.39262944207704
ForwardChaining,XRPUSDT,28,14,1.0,0.1,1,4.177664275089145
ForwardChaining,XRPUSDT,28,14,1.0,0.1,2,4.385898879388235
ForwardChaining,XRPUSDT,28,14,1.0,0.1,3,4.562817315705796
ForwardChaining,XRPUSDT,28,14,1.0,0.1,4,5.288985641578155
ForwardChaining,XRPUSDT,28,14,1.0,0.1,5,5.292021105096997
ForwardChaining,XRPUSDT,28,14,10.0,0.01,1,4.442750315023088
ForwardChaining,XRPUSDT,28,14,10.0,0.01,2,4.49441461925761
ForwardChaining,XRPUSDT,28,14,10.0,0.01,3,4.711873850229218
ForwardChaining,XRPUSDT,28,14,10.0,0.01,4,5.404101688573578
ForwardChaining,XRPUSDT,28,14,10.0,0.01,5,5.817858533010361
ForwardChaining,XRPUSDT,28,14,10.0,0.1,1,4.362756879451113
ForwardChaining,XRPUSDT,28,14,10.0,0.1,2,4.658919011794367
ForwardChaining,XRPUSDT,28,14,10.0,0.1,3,4.8314096336975405
ForwardChaining,XRPUSDT,28,14,10.0,0.1,4,5.535482243397781
ForwardChaining,XRPUSDT,28,14,10.0,0.1,5,5.685393783948122
GroupKFold,XRPUSDT,7,21,0.01,0.01,1,1.9638004071226953
GroupKFold,XRPUSDT,7,21,0.01,0.01,2,2.862988613935343
GroupKFold,XRPUSDT,7,21,0.01,0.01,3,4.317393517195416
GroupKFold,XRPUSDT,7,21,0.01,0.01,4,4.938056334320819
GroupKFold,XRPUSDT,7,21,0.01,0.01,5,5.5474318207101545
GroupKFold,XRPUSDT,7,21,0.01,0.1,1,1.7772127071486767
GroupKFold,XRPUSDT,7,21,0.01,0.1,2,2.5386909076621094
GroupKFold,XRPUSDT,7,21,0.01,0.1,3,3.5844363905612053
GroupKFold,XRPUSDT,7,21,0.01,0.1,4,4.537573639462271
GroupKFold,XRPUSDT,7,21,0.01,0.1,5,5.608709786481889
GroupKFold,XRPUSDT,7,21,0.1,0.01,1,2.2218174773514314
GroupKFold,XRPUSDT,7,21,0.1,0.01,2,3.153523112789153
GroupKFold,XRPUSDT,7,21,0.1,0.01,3,4.568075508608307
GroupKFold,XRPUSDT,7,21,0.1,0.01,4,4.970106201885247
GroupKFold,XRPUSDT,7,21,0.1,0.01,5,5.523379430081696
GroupKFold,XRPUSDT,7,21,0.1,0.1,1,2.0025071553380025
GroupKFold,XRPUSDT,7,21,0.1,0.1,2,2.7934672809986147
GroupKFold,XRPUSDT,7,21,0.1,0.1,3,3.7944239449069994
GroupKFold,XRPUSDT,7,21,0.1,0.1,4,4.566980113713667
GroupKFold,XRPUSDT,7,21,0.1,0.1,5,5.580771692882679
GroupKFold,XRPUSDT,7,21,1.0,0.01,1,2.2515746448054674
GroupKFold,XRPUSDT,7,21,1.0,0.01,2,3.1870716819344125
GroupKFold,XRPUSDT,7,21,1.0,0.01,3,4.596431281083105
GroupKFold,XRPUSDT,7,21,1.0,0.01,4,4.979574928407566
GroupKFold,XRPUSDT,7,21,1.0,0.01,5,5.518174863495036
GroupKFold,XRPUSDT,7,21,1.0,0.1,1,2.027677573420803
GroupKFold,XRPUSDT,7,21,1.0,0.1,2,2.825279869985459
GroupKFold,XRPUSDT,7,21,1.0,0.1,3,3.818589173910769
GroupKFold,XRPUSDT,7,21,1.0,0.1,4,4.597626796804145
GroupKFold,XRPUSDT,7,21,1.0,0.1,5,5.581465672950027
GroupKFold,XRPUSDT,7,21,10.0,0.01,1,2.2520391258489227
GroupKFold,XRPUSDT,7,21,10.0,0.01,2,3.192511641660158
GroupKFold,XRPUSDT,7,21,10.0,0.01,3,4.64229478054591
GroupKFold,XRPUSDT,7,21,10.0,0.01,4,5.045542823769078
GroupKFold,XRPUSDT,7,21,10.0,0.01,5,5.530561986460794
GroupKFold,XRPUSDT,7,21,10.0,0.1,1,2.042601087908023
GroupKFold,XRPUSDT,7,21,10.0,0.1,2,2.8433869858880705
GroupKFold,XRPUSDT,7,21,10.0,0.1,3,3.9040920743720053
GroupKFold,XRPUSDT,7,21,10.0,0.1,4,4.771268601801425
GroupKFold,XRPUSDT,7,21,10.0,0.1,5,5.84859103264198
KFold,XRPUSDT,7,21,0.01,0.01,1,3.679907314728864
KFold,XRPUSDT,7,21,0.01,0.01,2,3.629820389476772
KFold,XRPUSDT,7,21,0.01,0.01,3,3.6028394897486296
KFold,XRPUSDT,7,21,0.01,0.01,4,3.609997250388583
KFold,XRPUSDT,7,21,0.01,0.01,5,3.6133171253892526
KFold,XRPUSDT,7,21,0.01,0.1,1,3.7961976865924263
KFold,XRPUSDT,7,21,0.01,0.1,2,3.8595178313635925
KFold,XRPUSDT,7,21,0.01,0.1,3,3.7528021876691815
KFold,XRPUSDT,7,21,0.01,0.1,4,3.7786101831686145
KFold,XRPUSDT,7,21,0.01,0.1,5,3.7919249172517553
KFold,XRPUSDT,7,21,0.1,0.01,1,5.087529667382894
KFold,XRPUSDT,7,21,0.1,0.01,2,6.48507450345754
KFold,XRPUSDT,7,21,0.1,0.01,3,6.321323861170593
KFold,XRPUSDT,7,21,0.1,0.01,4,6.5161992388093655
KFold,XRPUSDT,7,21,0.1,0.01,5,5.613882966476323
KFold,XRPUSDT,7,21,0.1,0.1,1,5.128469865311177
KFold,XRPUSDT,7,21,0.1,0.1,2,6.527610939248783
KFold,XRPUSDT,7,21,0.1,0.1,3,6.3928277211086595
KFold,XRPUSDT,7,21,0.1,0.1,4,6.551973249574856
KFold,XRPUSDT,7,21,0.1,0.1,5,5.759548219527972
KFold,XRPUSDT,7,21,1.0,0.01,1,6.640979539420223
KFold,XRPUSDT,7,21,1.0,0.01,2,8.583979453635317
KFold,XRPUSDT,7,21,1.0,0.01,3,8.21349160923412
KFold,XRPUSDT,7,21,1.0,0.01,4,8.819189395012861
KFold,XRPUSDT,7,21,1.0,0.01,5,7.121526804967409
KFold,XRPUSDT,7,21,1.0,0.1,1,6.621419005196373
KFold,XRPUSDT,7,21,1.0,0.1,2,8.527968777240252
KFold,XRPUSDT,7,21,1.0,0.1,3,8.227516598142465
KFold,XRPUSDT,7,21,1.0,0.1,4,8.655502156047262
KFold,XRPUSDT,7,21,1.0,0.1,5,7.180775674240779
KFold,XRPUSDT,7,21,10.0,0.01,1,6.946959869276706
KFold,XRPUSDT,7,21,10.0,0.01,2,8.922842643892988
KFold,XRPUSDT,7,21,10.0,0.01,3,8.518651459118939
KFold,XRPUSDT,7,21,10.0,0.01,4,9.232936230038026
KFold,XRPUSDT,7,21,10.0,0.01,5,7.408830112171713
KFold,XRPUSDT,7,21,10.0,0.1,1,6.912778779646503
KFold,XRPUSDT,7,21,10.0,0.1,2,8.881924749565673
KFold,XRPUSDT,7,21,10.0,0.1,3,8.52508556178166
KFold,XRPUSDT,7,21,10.0,0.1,4,9.050796036684442
KFold,XRPUSDT,7,21,10.0,0.1,5,7.462100223728898
ForwardChaining,XRPUSDT,7,21,0.01,0.01,1,3.679907314728864
ForwardChaining,XRPUSDT,7,21,0.01,0.01,2,3.629820389476772
ForwardChaining,XRPUSDT,7,21,0.01,0.01,3,3.6028394897486296
ForwardChaining,XRPUSDT,7,21,0.01,0.01,4,3.609997250388583
ForwardChaining,XRPUSDT,7,21,0.01,0.01,5,3.6133171253892526
ForwardChaining,XRPUSDT,7,21,0.01,0.1,1,3.7961976865924263
ForwardChaining,XRPUSDT,7,21,0.01,0.1,2,3.8595178313635925
ForwardChaining,XRPUSDT,7,21,0.01,0.1,3,3.7528021876691815
ForwardChaining,XRPUSDT,7,21,0.01,0.1,4,3.7786101831686145
ForwardChaining,XRPUSDT,7,21,0.01,0.1,5,3.7919249172517553
ForwardChaining,XRPUSDT,7,21,0.1,0.01,1,5.087529667382894
ForwardChaining,XRPUSDT,7,21,0.1,0.01,2,6.48507450345754
ForwardChaining,XRPUSDT,7,21,0.1,0.01,3,6.321323861170593
ForwardChaining,XRPUSDT,7,21,0.1,0.01,4,6.5161992388093655
ForwardChaining,XRPUSDT,7,21,0.1,0.01,5,5.613882966476323
ForwardChaining,XRPUSDT,7,21,0.1,0.1,1,5.128469865311177
ForwardChaining,XRPUSDT,7,21,0.1,0.1,2,6.527610939248783
ForwardChaining,XRPUSDT,7,21,0.1,0.1,3,6.3928277211086595
ForwardChaining,XRPUSDT,7,21,0.1,0.1,4,6.551973249574856
ForwardChaining,XRPUSDT,7,21,0.1,0.1,5,5.759548219527972
ForwardChaining,XRPUSDT,7,21,1.0,0.01,1,6.640979539420223
ForwardChaining,XRPUSDT,7,21,1.0,0.01,2,8.583979453635317
ForwardChaining,XRPUSDT,7,21,1.0,0.01,3,8.21349160923412
ForwardChaining,XRPUSDT,7,21,1.0,0.01,4,8.819189395012861
ForwardChaining,XRPUSDT,7,21,1.0,0.01,5,7.121526804967409
ForwardChaining,XRPUSDT,7,21,1.0,0.1,1,6.621419005196373
ForwardChaining,XRPUSDT,7,21,1.0,0.1,2,8.527968777240252
ForwardChaining,XRPUSDT,7,21,1.0,0.1,3,8.227516598142465
ForwardChaining,XRPUSDT,7,21,1.0,0.1,4,8.655502156047262
ForwardChaining,XRPUSDT,7,21,1.0,0.1,5,7.180775674240779
ForwardChaining,XRPUSDT,7,21,10.0,0.01,1,6.946959869276706
ForwardChaining,XRPUSDT,7,21,10.0,0.01,2,8.922842643892988
ForwardChaining,XRPUSDT,7,21,10.0,0.01,3,8.518651459118939
ForwardChaining,XRPUSDT,7,21,10.0,0.01,4,9.232936230038026
ForwardChaining,XRPUSDT,7,21,10.0,0.01,5,7.408830112171713
ForwardChaining,XRPUSDT,7,21,10.0,0.1,1,6.912778779646503
ForwardChaining,XRPUSDT,7,21,10.0,0.1,2,8.881924749565673
ForwardChaining,XRPUSDT,7,21,10.0,0.1,3,8.52508556178166
ForwardChaining,XRPUSDT,7,21,10.0,0.1,4,9.050796036684442
ForwardChaining,XRPUSDT,7,21,10.0,0.1,5,7.462100223728898
GroupKFold,XRPUSDT,14,21,0.01,0.01,1,4.33642031662817
GroupKFold,XRPUSDT,14,21,0.01,0.01,2,5.633074308337933
GroupKFold,XRPUSDT,14,21,0.01,0.01,3,6.5350300598813575
GroupKFold,XRPUSDT,14,21,0.01,0.01,4,8.672743487128454
GroupKFold,XRPUSDT,14,21,0.01,0.01,5,9.124475113834487
GroupKFold,XRPUSDT,14,21,0.01,0.1,1,2.807971102859344
GroupKFold,XRPUSDT,14,21,0.01,0.1,2,3.338901566281598
GroupKFold,XRPUSDT,14,21,0.01,0.1,3,3.63454026015634
GroupKFold,XRPUSDT,14,21,0.01,0.1,4,8.362184521199556
GroupKFold,XRPUSDT,14,21,0.01,0.1,5,8.383319821735958
GroupKFold,XRPUSDT,14,21,0.1,0.01,1,4.802444625663166
GroupKFold,XRPUSDT,14,21,0.1,0.01,2,6.133357562200835
GroupKFold,XRPUSDT,14,21,0.1,0.01,3,6.890961545277713
GroupKFold,XRPUSDT,14,21,0.1,0.01,4,8.686413680731167
GroupKFold,XRPUSDT,14,21,0.1,0.01,5,9.356477515466798
GroupKFold,XRPUSDT,14,21,0.1,0.1,1,3.0624361541582945
GroupKFold,XRPUSDT,14,21,0.1,0.1,2,3.5814483591920494
GroupKFold,XRPUSDT,14,21,0.1,0.1,3,3.806492969893943
GroupKFold,XRPUSDT,14,21,0.1,0.1,4,8.368271821997121
GroupKFold,XRPUSDT,14,21,0.1,0.1,5,8.615259602404638
GroupKFold,XRPUSDT,14,21,1.0,0.01,1,4.85864383183785
GroupKFold,XRPUSDT,14,21,1.0,0.01,2,6.192501700299531
GroupKFold,XRPUSDT,14,21,1.0,0.01,3,6.931677814605763
GroupKFold,XRPUSDT,14,21,1.0,0.01,4,8.732117595138627
GroupKFold,XRPUSDT,14,21,1.0,0.01,5,9.381841360745216
GroupKFold,XRPUSDT,14,21,1.0,0.1,1,3.1096086081770364
GroupKFold,XRPUSDT,14,21,1.0,0.1,2,3.6247653547110184
GroupKFold,XRPUSDT,14,21,1.0,0.1,3,3.8259442552149596
GroupKFold,XRPUSDT,14,21,1.0,0.1,4,8.479411562603627
GroupKFold,XRPUSDT,14,21,1.0,0.1,5,8.629295191130067
GroupKFold,XRPUSDT,14,21,10.0,0.01,1,4.908972048855924
GroupKFold,XRPUSDT,14,21,10.0,0.01,2,6.254158394528657
GroupKFold,XRPUSDT,14,21,10.0,0.01,3,7.035808073073115
GroupKFold,XRPUSDT,14,21,10.0,0.01,4,8.766334924029758
GroupKFold,XRPUSDT,14,21,10.0,0.01,5,9.401009445862154
GroupKFold,XRPUSDT,14,21,10.0,0.1,1,3.200822269457437
GroupKFold,XRPUSDT,14,21,10.0,0.1,2,3.729129117578981
GroupKFold,XRPUSDT,14,21,10.0,0.1,3,3.9047647357886768
GroupKFold,XRPUSDT,14,21,10.0,0.1,4,8.49479538098116
GroupKFold,XRPUSDT,14,21,10.0,0.1,5,8.745471000388095
KFold,XRPUSDT,14,21,0.01,0.01,1,3.6576576498418203
KFold,XRPUSDT,14,21,0.01,0.01,2,3.524733542190222
KFold,XRPUSDT,14,21,0.01,0.01,3,3.064389881607936
KFold,XRPUSDT,14,21,0.01,0.01,4,2.89327932100534
KFold,XRPUSDT,14,21,0.01,0.01,5,3.4473895446488325
KFold,XRPUSDT,14,21,0.01,0.1,1,3.7473580763803973
KFold,XRPUSDT,14,21,0.01,0.1,2,3.5938686616382496
KFold,XRPUSDT,14,21,0.01,0.1,3,3.1164491960179532
KFold,XRPUSDT,14,21,0.01,0.1,4,2.945497025664711
KFold,XRPUSDT,14,21,0.01,0.1,5,3.4818768907092905
KFold,XRPUSDT,14,21,0.1,0.01,1,3.880233473747757
KFold,XRPUSDT,14,21,0.1,0.01,2,4.632635727977591
KFold,XRPUSDT,14,21,0.1,0.01,3,4.266278521532926
KFold,XRPUSDT,14,21,0.1,0.01,4,4.279611604103709
KFold,XRPUSDT,14,21,0.1,0.01,5,4.343013482032459
KFold,XRPUSDT,14,21,0.1,0.1,1,3.8762697074890746
KFold,XRPUSDT,14,21,0.1,0.1,2,4.609354569004613
KFold,XRPUSDT,14,21,0.1,0.1,3,4.24089091019368
KFold,XRPUSDT,14,21,0.1,0.1,4,4.26446778365577
KFold,XRPUSDT,14,21,0.1,0.1,5,4.401954674984912
KFold,XRPUSDT,14,21,1.0,0.01,1,4.870282743157641
KFold,XRPUSDT,14,21,1.0,0.01,2,6.061867268084745
KFold,XRPUSDT,14,21,1.0,0.01,3,5.598608253809848
KFold,XRPUSDT,14,21,1.0,0.01,4,5.764768086533884
KFold,XRPUSDT,14,21,1.0,0.01,5,5.235088381005868
KFold,XRPUSDT,14,21,1.0,0.1,1,4.777016846689244
KFold,XRPUSDT,14,21,1.0,0.1,2,5.960139767772252
KFold,XRPUSDT,14,21,1.0,0.1,3,5.391134023664861
KFold,XRPUSDT,14,21,1.0,0.1,4,5.604675304185703
KFold,XRPUSDT,14,21,1.0,0.1,5,5.1981157706393715
KFold,XRPUSDT,14,21,10.0,0.01,1,5.082726037304922
KFold,XRPUSDT,14,21,10.0,0.01,2,6.299237436891835
KFold,XRPUSDT,14,21,10.0,0.01,3,5.82913861332363
KFold,XRPUSDT,14,21,10.0,0.01,4,6.040557412025714
KFold,XRPUSDT,14,21,10.0,0.01,5,5.40762738151488
KFold,XRPUSDT,14,21,10.0,0.1,1,4.999620203352395
KFold,XRPUSDT,14,21,10.0,0.1,2,6.1994161410565995
KFold,XRPUSDT,14,21,10.0,0.1,3,5.585455774531861
KFold,XRPUSDT,14,21,10.0,0.1,4,5.873448728372092
KFold,XRPUSDT,14,21,10.0,0.1,5,5.36671743897296
ForwardChaining,XRPUSDT,14,21,0.01,0.01,1,3.6576576498418203
ForwardChaining,XRPUSDT,14,21,0.01,0.01,2,3.524733542190222
ForwardChaining,XRPUSDT,14,21,0.01,0.01,3,3.064389881607936
ForwardChaining,XRPUSDT,14,21,0.01,0.01,4,2.89327932100534
ForwardChaining,XRPUSDT,14,21,0.01,0.01,5,3.4473895446488325
ForwardChaining,XRPUSDT,14,21,0.01,0.1,1,3.7473580763803973
ForwardChaining,XRPUSDT,14,21,0.01,0.1,2,3.5938686616382496
ForwardChaining,XRPUSDT,14,21,0.01,0.1,3,3.1164491960179532
ForwardChaining,XRPUSDT,14,21,0.01,0.1,4,2.945497025664711
ForwardChaining,XRPUSDT,14,21,0.01,0.1,5,3.4818768907092905
ForwardChaining,XRPUSDT,14,21,0.1,0.01,1,3.880233473747757
ForwardChaining,XRPUSDT,14,21,0.1,0.01,2,4.632635727977591
ForwardChaining,XRPUSDT,14,21,0.1,0.01,3,4.266278521532926
ForwardChaining,XRPUSDT,14,21,0.1,0.01,4,4.279611604103709
ForwardChaining,XRPUSDT,14,21,0.1,0.01,5,4.343013482032459
ForwardChaining,XRPUSDT,14,21,0.1,0.1,1,3.8762697074890746
ForwardChaining,XRPUSDT,14,21,0.1,0.1,2,4.609354569004613
ForwardChaining,XRPUSDT,14,21,0.1,0.1,3,4.24089091019368
ForwardChaining,XRPUSDT,14,21,0.1,0.1,4,4.26446778365577
ForwardChaining,XRPUSDT,14,21,0.1,0.1,5,4.401954674984912
ForwardChaining,XRPUSDT,14,21,1.0,0.01,1,4.870282743157641
ForwardChaining,XRPUSDT,14,21,1.0,0.01,2,6.061867268084745
ForwardChaining,XRPUSDT,14,21,1.0,0.01,3,5.598608253809848
ForwardChaining,XRPUSDT,14,21,1.0,0.01,4,5.764768086533884
ForwardChaining,XRPUSDT,14,21,1.0,0.01,5,5.235088381005868
ForwardChaining,XRPUSDT,14,21,1.0,0.1,1,4.777016846689244
ForwardChaining,XRPUSDT,14,21,1.0,0.1,2,5.960139767772252
ForwardChaining,XRPUSDT,14,21,1.0,0.1,3,5.391134023664861
ForwardChaining,XRPUSDT,14,21,1.0,0.1,4,5.604675304185703
ForwardChaining,XRPUSDT,14,21,1.0,0.1,5,5.1981157706393715
ForwardChaining,XRPUSDT,14,21,10.0,0.01,1,5.082726037304922
ForwardChaining,XRPUSDT,14,21,10.0,0.01,2,6.299237436891835
ForwardChaining,XRPUSDT,14,21,10.0,0.01,3,5.82913861332363
ForwardChaining,XRPUSDT,14,21,10.0,0.01,4,6.040557412025714
ForwardChaining,XRPUSDT,14,21,10.0,0.01,5,5.40762738151488
ForwardChaining,XRPUSDT,14,21,10.0,0.1,1,4.999620203352395
ForwardChaining,XRPUSDT,14,21,10.0,0.1,2,6.1994161410565995
ForwardChaining,XRPUSDT,14,21,10.0,0.1,3,5.585455774531861
ForwardChaining,XRPUSDT,14,21,10.0,0.1,4,5.873448728372092
ForwardChaining,XRPUSDT,14,21,10.0,0.1,5,5.36671743897296
GroupKFold,XRPUSDT,21,21,0.01,0.01,1,3.4387213354493427
GroupKFold,XRPUSDT,21,21,0.01,0.01,2,4.015676860826772
GroupKFold,XRPUSDT,21,21,0.01,0.01,3,4.666721554476831
GroupKFold,XRPUSDT,21,21,0.01,0.01,4,7.322630780031537
GroupKFold,XRPUSDT,21,21,0.01,0.01,5,10.051445668359422
GroupKFold,XRPUSDT,21,21,0.01,0.1,1,1.9473184765801865
GroupKFold,XRPUSDT,21,21,0.01,0.1,2,2.067464550874081
GroupKFold,XRPUSDT,21,21,0.01,0.1,3,2.3584110839966064
GroupKFold,XRPUSDT,21,21,0.01,0.1,4,6.748442325281144
GroupKFold,XRPUSDT,21,21,0.01,0.1,5,9.195544272947155
GroupKFold,XRPUSDT,21,21,0.1,0.01,1,3.766701455427206
GroupKFold,XRPUSDT,21,21,0.1,0.01,2,4.344165608736552
GroupKFold,XRPUSDT,21,21,0.1,0.01,3,4.899408558678095
GroupKFold,XRPUSDT,21,21,0.1,0.01,4,7.333468914269403
GroupKFold,XRPUSDT,21,21,0.1,0.01,5,10.382820379257398
GroupKFold,XRPUSDT,21,21,0.1,0.1,1,2.0505378793693856
GroupKFold,XRPUSDT,21,21,0.1,0.1,2,2.176882210118957
GroupKFold,XRPUSDT,21,21,0.1,0.1,3,2.4431920497669495
GroupKFold,XRPUSDT,21,21,0.1,0.1,4,6.758118371927262
GroupKFold,XRPUSDT,21,21,0.1,0.1,5,9.516631494192591
GroupKFold,XRPUSDT,21,21,1.0,0.01,1,3.8070661341942733
GroupKFold,XRPUSDT,21,21,1.0,0.01,2,4.38556710487515
GroupKFold,XRPUSDT,21,21,1.0,0.01,3,4.929586859336311
GroupKFold,XRPUSDT,21,21,1.0,0.01,4,7.3598681068526846
GroupKFold,XRPUSDT,21,21,1.0,0.01,5,10.41907142202092
GroupKFold,XRPUSDT,21,21,1.0,0.1,1,2.065156895724352
GroupKFold,XRPUSDT,21,21,1.0,0.1,2,2.190258059828565
GroupKFold,XRPUSDT,21,21,1.0,0.1,3,2.44159660771781
GroupKFold,XRPUSDT,21,21,1.0,0.1,4,6.962950023987744
GroupKFold,XRPUSDT,21,21,1.0,0.1,5,9.550437229301737
GroupKFold,XRPUSDT,21,21,10.0,0.01,1,3.846923424457945
GroupKFold,XRPUSDT,21,21,10.0,0.01,2,4.450989257510403
GroupKFold,XRPUSDT,21,21,10.0,0.01,3,5.065977387376838
GroupKFold,XRPUSDT,21,21,10.0,0.01,4,7.368102555239104
GroupKFold,XRPUSDT,21,21,10.0,0.01,5,10.431739958529823
GroupKFold,XRPUSDT,21,21,10.0,0.1,1,2.101891406586447
GroupKFold,XRPUSDT,21,21,10.0,0.1,2,2.2319332200702173
GroupKFold,XRPUSDT,21,21,10.0,0.1,3,2.478045019936298
GroupKFold,XRPUSDT,21,21,10.0,0.1,4,6.963227621842812
GroupKFold,XRPUSDT,21,21,10.0,0.1,5,9.577637827486859
KFold,XRPUSDT,21,21,0.01,0.01,1,4.061733947145613
KFold,XRPUSDT,21,21,0.01,0.01,2,3.7695998906071346
KFold,XRPUSDT,21,21,0.01,0.01,3,3.686786673398525
KFold,XRPUSDT,21,21,0.01,0.01,4,3.566543118553401
KFold,XRPUSDT,21,21,0.01,0.01,5,3.9277987054968335
KFold,XRPUSDT,21,21,0.01,0.1,1,4.128879545247353
KFold,XRPUSDT,21,21,0.01,0.1,2,3.811669758976895
KFold,XRPUSDT,21,21,0.01,0.1,3,3.7029938008856766
KFold,XRPUSDT,21,21,0.01,0.1,4,3.608067900738287
KFold,XRPUSDT,21,21,0.01,0.1,5,3.961131097808401
KFold,XRPUSDT,21,21,0.1,0.01,1,3.478567148971496
KFold,XRPUSDT,21,21,0.1,0.01,2,4.018146700005471
KFold,XRPUSDT,21,21,0.1,0.01,3,4.157856810986811
KFold,XRPUSDT,21,21,0.1,0.01,4,3.9457498822961576
KFold,XRPUSDT,21,21,0.1,0.01,5,4.201917812969126
KFold,XRPUSDT,21,21,0.1,0.1,1,3.5136114930873816
KFold,XRPUSDT,21,21,0.1,0.1,2,3.9829930488500405
KFold,XRPUSDT,21,21,0.1,0.1,3,4.005809290492071
KFold,XRPUSDT,21,21,0.1,0.1,4,4.027002880644088
KFold,XRPUSDT,21,21,0.1,0.1,5,4.321433868844678
KFold,XRPUSDT,21,21,1.0,0.01,1,3.939017297171826
KFold,XRPUSDT,21,21,1.0,0.01,2,5.0027147250957515
KFold,XRPUSDT,21,21,1.0,0.01,3,5.165992704971203
KFold,XRPUSDT,21,21,1.0,0.01,4,4.935928681287861
KFold,XRPUSDT,21,21,1.0,0.01,5,4.763149647426251
KFold,XRPUSDT,21,21,1.0,0.1,1,3.9444600154867393
KFold,XRPUSDT,21,21,1.0,0.1,2,4.928832550312461
KFold,XRPUSDT,21,21,1.0,0.1,3,4.838759778188579
KFold,XRPUSDT,21,21,1.0,0.1,4,4.833167726834903
KFold,XRPUSDT,21,21,1.0,0.1,5,4.881270303275541
KFold,XRPUSDT,21,21,10.0,0.01,1,4.063556558698567
KFold,XRPUSDT,21,21,10.0,0.01,2,5.183129445903786
KFold,XRPUSDT,21,21,10.0,0.01,3,5.360874627139597
KFold,XRPUSDT,21,21,10.0,0.01,4,5.1221790353806425
KFold,XRPUSDT,21,21,10.0,0.01,5,4.856901870193776
KFold,XRPUSDT,21,21,10.0,0.1,1,4.085619801022884
KFold,XRPUSDT,21,21,10.0,0.1,2,5.1171737239786035
KFold,XRPUSDT,21,21,10.0,0.1,3,5.002888153899759
KFold,XRPUSDT,21,21,10.0,0.1,4,5.003175521649466
KFold,XRPUSDT,21,21,10.0,0.1,5,4.96523585814289
ForwardChaining,XRPUSDT,21,21,0.01,0.01,1,4.061733947145613
ForwardChaining,XRPUSDT,21,21,0.01,0.01,2,3.7695998906071346
ForwardChaining,XRPUSDT,21,21,0.01,0.01,3,3.686786673398525
ForwardChaining,XRPUSDT,21,21,0.01,0.01,4,3.566543118553401
ForwardChaining,XRPUSDT,21,21,0.01,0.01,5,3.9277987054968335
ForwardChaining,XRPUSDT,21,21,0.01,0.1,1,4.128879545247353
ForwardChaining,XRPUSDT,21,21,0.01,0.1,2,3.811669758976895
ForwardChaining,XRPUSDT,21,21,0.01,0.1,3,3.7029938008856766
ForwardChaining,XRPUSDT,21,21,0.01,0.1,4,3.608067900738287
ForwardChaining,XRPUSDT,21,21,0.01,0.1,5,3.961131097808401
ForwardChaining,XRPUSDT,21,21,0.1,0.01,1,3.478567148971496
ForwardChaining,XRPUSDT,21,21,0.1,0.01,2,4.018146700005471
ForwardChaining,XRPUSDT,21,21,0.1,0.01,3,4.157856810986811
ForwardChaining,XRPUSDT,21,21,0.1,0.01,4,3.9457498822961576
ForwardChaining,XRPUSDT,21,21,0.1,0.01,5,4.201917812969126
ForwardChaining,XRPUSDT,21,21,0.1,0.1,1,3.5136114930873816
ForwardChaining,XRPUSDT,21,21,0.1,0.1,2,3.9829930488500405
ForwardChaining,XRPUSDT,21,21,0.1,0.1,3,4.005809290492071
ForwardChaining,XRPUSDT,21,21,0.1,0.1,4,4.027002880644088
ForwardChaining,XRPUSDT,21,21,0.1,0.1,5,4.321433868844678
ForwardChaining,XRPUSDT,21,21,1.0,0.01,1,3.939017297171826
ForwardChaining,XRPUSDT,21,21,1.0,0.01,2,5.0027147250957515
ForwardChaining,XRPUSDT,21,21,1.0,0.01,3,5.165992704971203
ForwardChaining,XRPUSDT,21,21,1.0,0.01,4,4.935928681287861
ForwardChaining,XRPUSDT,21,21,1.0,0.01,5,4.763149647426251
ForwardChaining,XRPUSDT,21,21,1.0,0.1,1,3.9444600154867393
ForwardChaining,XRPUSDT,21,21,1.0,0.1,2,4.928832550312461
ForwardChaining,XRPUSDT,21,21,1.0,0.1,3,4.838759778188579
ForwardChaining,XRPUSDT,21,21,1.0,0.1,4,4.833167726834903
ForwardChaining,XRPUSDT,21,21,1.0,0.1,5,4.881270303275541
ForwardChaining,XRPUSDT,21,21,10.0,0.01,1,4.063556558698567
ForwardChaining,XRPUSDT,21,21,10.0,0.01,2,5.183129445903786
ForwardChaining,XRPUSDT,21,21,10.0,0.01,3,5.360874627139597
ForwardChaining,XRPUSDT,21,21,10.0,0.01,4,5.1221790353806425
ForwardChaining,XRPUSDT,21,21,10.0,0.01,5,4.856901870193776
ForwardChaining,XRPUSDT,21,21,10.0,0.1,1,4.085619801022884
ForwardChaining,XRPUSDT,21,21,10.0,0.1,2,5.1171737239786035
ForwardChaining,XRPUSDT,21,21,10.0,0.1,3,5.002888153899759
ForwardChaining,XRPUSDT,21,21,10.0,0.1,4,5.003175521649466
ForwardChaining,XRPUSDT,21,21,10.0,0.1,5,4.96523585814289
GroupKFold,XRPUSDT,28,21,0.01,0.01,1,3.1828534517767966
GroupKFold,XRPUSDT,28,21,0.01,0.01,2,3.8102360381857343
GroupKFold,XRPUSDT,28,21,0.01,0.01,3,4.554267007865581
GroupKFold,XRPUSDT,28,21,0.01,0.01,4,6.496939806531755
GroupKFold,XRPUSDT,28,21,0.01,0.01,5,12.349721923125399
GroupKFold,XRPUSDT,28,21,0.01,0.1,1,1.725521569008293
GroupKFold,XRPUSDT,28,21,0.01,0.1,2,2.0488802315439747
GroupKFold,XRPUSDT,28,21,0.01,0.1,3,2.538405276698176
GroupKFold,XRPUSDT,28,21,0.01,0.1,4,6.108454937575514
GroupKFold,XRPUSDT,28,21,0.01,0.1,5,11.459892591522967
GroupKFold,XRPUSDT,28,21,0.1,0.01,1,3.507338909533568
GroupKFold,XRPUSDT,28,21,0.1,0.01,2,4.127818413814599
GroupKFold,XRPUSDT,28,21,0.1,0.01,3,4.783559193452492
GroupKFold,XRPUSDT,28,21,0.1,0.01,4,6.508013917981822
GroupKFold,XRPUSDT,28,21,0.1,0.01,5,12.674919427564916
GroupKFold,XRPUSDT,28,21,0.1,0.1,1,1.8643943379855472
GroupKFold,XRPUSDT,28,21,0.1,0.1,2,2.1860166550116253
GroupKFold,XRPUSDT,28,21,0.1,0.1,3,2.6454056295215738
GroupKFold,XRPUSDT,28,21,0.1,0.1,4,6.114282990841559
GroupKFold,XRPUSDT,28,21,0.1,0.1,5,11.77176669299294
GroupKFold,XRPUSDT,28,21,1.0,0.01,1,3.5447784676059912
GroupKFold,XRPUSDT,28,21,1.0,0.01,2,4.166208201017236
GroupKFold,XRPUSDT,28,21,1.0,0.01,3,4.8108923036774565
GroupKFold,XRPUSDT,28,21,1.0,0.01,4,6.546575519004416
GroupKFold,XRPUSDT,28,21,1.0,0.01,5,12.710416721864505
GroupKFold,XRPUSDT,28,21,1.0,0.1,1,1.8946974441126556
GroupKFold,XRPUSDT,28,21,1.0,0.1,2,2.204929121634007
GroupKFold,XRPUSDT,28,21,1.0,0.1,3,2.648312805393096
GroupKFold,XRPUSDT,28,21,1.0,0.1,4,6.188500032288922
GroupKFold,XRPUSDT,28,21,1.0,0.1,5,11.808819451415356
GroupKFold,XRPUSDT,28,21,10.0,0.01,1,3.5747690794435854
GroupKFold,XRPUSDT,28,21,10.0,0.01,2,4.224646394097251
GroupKFold,XRPUSDT,28,21,10.0,0.01,3,4.920182615733475
GroupKFold,XRPUSDT,28,21,10.0,0.01,4,6.564436889473681
GroupKFold,XRPUSDT,28,21,10.0,0.01,5,12.731342326380144
GroupKFold,XRPUSDT,28,21,10.0,0.1,1,1.9435927832019964
GroupKFold,XRPUSDT,28,21,10.0,0.1,2,2.2519054300699195
GroupKFold,XRPUSDT,28,21,10.0,0.1,3,2.6978661670154773
GroupKFold,XRPUSDT,28,21,10.0,0.1,4,6.1842950463931805
GroupKFold,XRPUSDT,28,21,10.0,0.1,5,11.914732165379602
KFold,XRPUSDT,28,21,0.01,0.01,1,4.143686708991329
KFold,XRPUSDT,28,21,0.01,0.01,2,3.855104788729841
KFold,XRPUSDT,28,21,0.01,0.01,3,3.9373369643394804
KFold,XRPUSDT,28,21,0.01,0.01,4,3.895204078786054
KFold,XRPUSDT,28,21,0.01,0.01,5,4.197545313829441
KFold,XRPUSDT,28,21,0.01,0.1,1,4.253714381972957
KFold,XRPUSDT,28,21,0.01,0.1,2,3.945850014675426
KFold,XRPUSDT,28,21,0.01,0.1,3,4.013474264035903
KFold,XRPUSDT,28,21,0.01,0.1,4,3.9778267725970244
KFold,XRPUSDT,28,21,0.01,0.1,5,4.308662572955265
KFold,XRPUSDT,28,21,0.1,0.01,1,3.219876313571261
KFold,XRPUSDT,28,21,0.1,0.01,2,3.7430863529376883
KFold,XRPUSDT,28,21,0.1,0.01,3,3.9272428586909993
KFold,XRPUSDT,28,21,0.1,0.01,4,3.718541584353154
KFold,XRPUSDT,28,21,0.1,0.01,5,4.022521162326057
KFold,XRPUSDT,28,21,0.1,0.1,1,3.3784384708170303
KFold,XRPUSDT,28,21,0.1,0.1,2,3.789890532787002
KFold,XRPUSDT,28,21,0.1,0.1,3,3.9643558856354018
KFold,XRPUSDT,28,21,0.1,0.1,4,3.8380946997455374
KFold,XRPUSDT,28,21,0.1,0.1,5,4.129287868475709
KFold,XRPUSDT,28,21,1.0,0.01,1,3.4249430709704747
KFold,XRPUSDT,28,21,1.0,0.01,2,4.540885779827655
KFold,XRPUSDT,28,21,1.0,0.01,3,4.610150242918466
KFold,XRPUSDT,28,21,1.0,0.01,4,4.446834287015905
KFold,XRPUSDT,28,21,1.0,0.01,5,4.517000589965635
KFold,XRPUSDT,28,21,1.0,0.1,1,3.465824873209482
KFold,XRPUSDT,28,21,1.0,0.1,2,4.529053194762723
KFold,XRPUSDT,28,21,1.0,0.1,3,4.449107439326544
KFold,XRPUSDT,28,21,1.0,0.1,4,4.4126083818680835
KFold,XRPUSDT,28,21,1.0,0.1,5,4.470184065462552
KFold,XRPUSDT,28,21,10.0,0.01,1,3.5210558561344194
KFold,XRPUSDT,28,21,10.0,0.01,2,4.700261342525786
KFold,XRPUSDT,28,21,10.0,0.01,3,4.747066343661605
KFold,XRPUSDT,28,21,10.0,0.01,4,4.609913343670827
KFold,XRPUSDT,28,21,10.0,0.01,5,4.638313427056005
KFold,XRPUSDT,28,21,10.0,0.1,1,3.5325178006325832
KFold,XRPUSDT,28,21,10.0,0.1,2,4.66901716854736
KFold,XRPUSDT,28,21,10.0,0.1,3,4.545773858776177
KFold,XRPUSDT,28,21,10.0,0.1,4,4.618904973110432
KFold,XRPUSDT,28,21,10.0,0.1,5,4.560625474631548
ForwardChaining,XRPUSDT,28,21,0.01,0.01,1,4.143686708991329
ForwardChaining,XRPUSDT,28,21,0.01,0.01,2,3.855104788729841
ForwardChaining,XRPUSDT,28,21,0.01,0.01,3,3.9373369643394804
ForwardChaining,XRPUSDT,28,21,0.01,0.01,4,3.895204078786054
ForwardChaining,XRPUSDT,28,21,0.01,0.01,5,4.197545313829441
ForwardChaining,XRPUSDT,28,21,0.01,0.1,1,4.253714381972957
ForwardChaining,XRPUSDT,28,21,0.01,0.1,2,3.945850014675426
ForwardChaining,XRPUSDT,28,21,0.01,0.1,3,4.013474264035903
ForwardChaining,XRPUSDT,28,21,0.01,0.1,4,3.9778267725970244
ForwardChaining,XRPUSDT,28,21,0.01,0.1,5,4.308662572955265
ForwardChaining,XRPUSDT,28,21,0.1,0.01,1,3.219876313571261
ForwardChaining,XRPUSDT,28,21,0.1,0.01,2,3.7430863529376883
ForwardChaining,XRPUSDT,28,21,0.1,0.01,3,3.9272428586909993
ForwardChaining,XRPUSDT,28,21,0.1,0.01,4,3.718541584353154
ForwardChaining,XRPUSDT,28,21,0.1,0.01,5,4.022521162326057
ForwardChaining,XRPUSDT,28,21,0.1,0.1,1,3.3784384708170303
ForwardChaining,XRPUSDT,28,21,0.1,0.1,2,3.789890532787002
ForwardChaining,XRPUSDT,28,21,0.1,0.1,3,3.9643558856354018
ForwardChaining,XRPUSDT,28,21,0.1,0.1,4,3.8380946997455374
ForwardChaining,XRPUSDT,28,21,0.1,0.1,5,4.129287868475709
ForwardChaining,XRPUSDT,28,21,1.0,0.01,1,3.4249430709704747
ForwardChaining,XRPUSDT,28,21,1.0,0.01,2,4.540885779827655
ForwardChaining,XRPUSDT,28,21,1.0,0.01,3,4.610150242918466
ForwardChaining,XRPUSDT,28,21,1.0,0.01,4,4.446834287015905
ForwardChaining,XRPUSDT,28,21,1.0,0.01,5,4.517000589965635
ForwardChaining,XRPUSDT,28,21,1.0,0.1,1,3.465824873209482
ForwardChaining,XRPUSDT,28,21,1.0,0.1,2,4.529053194762723
ForwardChaining,XRPUSDT,28,21,1.0,0.1,3,4.449107439326544
ForwardChaining,XRPUSDT,28,21,1.0,0.1,4,4.4126083818680835
ForwardChaining,XRPUSDT,28,21,1.0,0.1,5,4.470184065462552
ForwardChaining,XRPUSDT,28,21,10.0,0.01,1,3.5210558561344194
ForwardChaining,XRPUSDT,28,21,10.0,0.01,2,4.700261342525786
ForwardChaining,XRPUSDT,28,21,10.0,0.01,3,4.747066343661605
ForwardChaining,XRPUSDT,28,21,10.0,0.01,4,4.609913343670827
ForwardChaining,XRPUSDT,28,21,10.0,0.01,5,4.638313427056005
ForwardChaining,XRPUSDT,28,21,10.0,0.1,1,3.5325178006325832
ForwardChaining,XRPUSDT,28,21,10.0,0.1,2,4.66901716854736
ForwardChaining,XRPUSDT,28,21,10.0,0.1,3,4.545773858776177
ForwardChaining,XRPUSDT,28,21,10.0,0.1,4,4.618904973110432
ForwardChaining,XRPUSDT,28,21,10.0,0.1,5,4.560625474631548
GroupKFold,XRPUSDT,7,28,0.01,0.01,1,1.4306544138401942
GroupKFold,XRPUSDT,7,28,0.01,0.01,2,1.781592573853608
GroupKFold,XRPUSDT,7,28,0.01,0.01,3,2.543354582213263
GroupKFold,XRPUSDT,7,28,0.01,0.01,4,4.341052142678492
GroupKFold,XRPUSDT,7,28,0.01,0.01,5,5.933580376391476
GroupKFold,XRPUSDT,7,28,0.01,0.1,1,1.2855153074805712
GroupKFold,XRPUSDT,7,28,0.01,0.1,2,1.606965583013673
GroupKFold,XRPUSDT,7,28,0.01,0.1,3,2.2073987087451097
GroupKFold,XRPUSDT,7,28,0.01,0.1,4,4.431898261502235
GroupKFold,XRPUSDT,7,28,0.01,0.1,5,5.328929190369796
GroupKFold,XRPUSDT,7,28,0.1,0.01,1,1.5226662678246359
GroupKFold,XRPUSDT,7,28,0.1,0.01,2,1.8503446354414703
GroupKFold,XRPUSDT,7,28,0.1,0.01,3,2.594697056776232
GroupKFold,XRPUSDT,7,28,0.1,0.01,4,4.345071259103959
GroupKFold,XRPUSDT,7,28,0.1,0.01,5,5.964494615016029
GroupKFold,XRPUSDT,7,28,0.1,0.1,1,1.3671095457382676
GroupKFold,XRPUSDT,7,28,0.1,0.1,2,1.666541014743323
GroupKFold,XRPUSDT,7,28,0.1,0.1,3,2.2457683250537013
GroupKFold,XRPUSDT,7,28,0.1,0.1,4,4.437269921438682
GroupKFold,XRPUSDT,7,28,0.1,0.1,5,5.371380858230295
GroupKFold,XRPUSDT,7,28,1.0,0.01,1,1.5335801488527818
GroupKFold,XRPUSDT,7,28,1.0,0.01,2,1.856906120780869
GroupKFold,XRPUSDT,7,28,1.0,0.01,3,2.5997054315064765
GroupKFold,XRPUSDT,7,28,1.0,0.01,4,4.342737780827563
GroupKFold,XRPUSDT,7,28,1.0,0.01,5,5.969949145985808
GroupKFold,XRPUSDT,7,28,1.0,0.1,1,1.3791900839984328
GroupKFold,XRPUSDT,7,28,1.0,0.1,2,1.6713545153867353
GroupKFold,XRPUSDT,7,28,1.0,0.1,3,2.2615847568092504
GroupKFold,XRPUSDT,7,28,1.0,0.1,4,4.393741127873141
GroupKFold,XRPUSDT,7,28,1.0,0.1,5,5.2385905470208245
GroupKFold,XRPUSDT,7,28,10.0,0.01,1,1.5388337673796695
GroupKFold,XRPUSDT,7,28,10.0,0.01,2,1.860166047914493
GroupKFold,XRPUSDT,7,28,10.0,0.01,3,2.610808854143553
GroupKFold,XRPUSDT,7,28,10.0,0.01,4,4.339661666176214
GroupKFold,XRPUSDT,7,28,10.0,0.01,5,6.00079527061853
GroupKFold,XRPUSDT,7,28,10.0,0.1,1,1.38504024440979
GroupKFold,XRPUSDT,7,28,10.0,0.1,2,1.6707462400682227
GroupKFold,XRPUSDT,7,28,10.0,0.1,3,2.3232535244739974
GroupKFold,XRPUSDT,7,28,10.0,0.1,4,4.36983218513885
GroupKFold,XRPUSDT,7,28,10.0,0.1,5,5.485586398802405
KFold,XRPUSDT,7,28,0.01,0.01,1,4.541487061544468
KFold,XRPUSDT,7,28,0.01,0.01,2,3.9677613312615447
KFold,XRPUSDT,7,28,0.01,0.01,3,3.8877334606416034
KFold,XRPUSDT,7,28,0.01,0.01,4,3.9492557322365043
KFold,XRPUSDT,7,28,0.01,0.01,5,4.492473018279049
KFold,XRPUSDT,7,28,0.01,0.1,1,4.679121338948893
KFold,XRPUSDT,7,28,0.01,0.1,2,4.140967877385878
KFold,XRPUSDT,7,28,0.01,0.1,3,3.9712618484609368
KFold,XRPUSDT,7,28,0.01,0.1,4,4.14329586797083
KFold,XRPUSDT,7,28,0.01,0.1,5,4.707197066647157
KFold,XRPUSDT,7,28,0.1,0.01,1,6.238135002338238
KFold,XRPUSDT,7,28,0.1,0.01,2,5.529369284741997
KFold,XRPUSDT,7,28,0.1,0.01,3,6.269966929742432
KFold,XRPUSDT,7,28,0.1,0.01,4,5.412947900940493
KFold,XRPUSDT,7,28,0.1,0.01,5,6.407880888181885
KFold,XRPUSDT,7,28,0.1,0.1,1,6.412655716088341
KFold,XRPUSDT,7,28,0.1,0.1,2,5.6507143311733
KFold,XRPUSDT,7,28,0.1,0.1,3,6.285114083479909
KFold,XRPUSDT,7,28,0.1,0.1,4,5.479651946645046
KFold,XRPUSDT,7,28,0.1,0.1,5,6.602870906485426
KFold,XRPUSDT,7,28,1.0,0.01,1,7.14564744882692
KFold,XRPUSDT,7,28,1.0,0.01,2,6.451381081135422
KFold,XRPUSDT,7,28,1.0,0.01,3,7.486965631249689
KFold,XRPUSDT,7,28,1.0,0.01,4,6.295110809449403
KFold,XRPUSDT,7,28,1.0,0.01,5,7.493392980319549
KFold,XRPUSDT,7,28,1.0,0.1,1,7.224442594948412
KFold,XRPUSDT,7,28,1.0,0.1,2,6.471011365221004
KFold,XRPUSDT,7,28,1.0,0.1,3,7.4017704711801455
KFold,XRPUSDT,7,28,1.0,0.1,4,6.24639786065471
KFold,XRPUSDT,7,28,1.0,0.1,5,7.5735144618062575
KFold,XRPUSDT,7,28,10.0,0.01,1,7.282059118301618
KFold,XRPUSDT,7,28,10.0,0.01,2,6.594405902931355
KFold,XRPUSDT,7,28,10.0,0.01,3,7.66949142357589
KFold,XRPUSDT,7,28,10.0,0.01,4,6.435608473593978
KFold,XRPUSDT,7,28,10.0,0.01,5,7.676656917190316
KFold,XRPUSDT,7,28,10.0,0.1,1,7.342192405487429
KFold,XRPUSDT,7,28,10.0,0.1,2,6.574165574628215
KFold,XRPUSDT,7,28,10.0,0.1,3,7.573912477895222
KFold,XRPUSDT,7,28,10.0,0.1,4,6.3754268341721545
KFold,XRPUSDT,7,28,10.0,0.1,5,7.757731555406309
ForwardChaining,XRPUSDT,7,28,0.01,0.01,1,4.541487061544468
ForwardChaining,XRPUSDT,7,28,0.01,0.01,2,3.9677613312615447
ForwardChaining,XRPUSDT,7,28,0.01,0.01,3,3.8877334606416034
ForwardChaining,XRPUSDT,7,28,0.01,0.01,4,3.9492557322365043
ForwardChaining,XRPUSDT,7,28,0.01,0.01,5,4.492473018279049
ForwardChaining,XRPUSDT,7,28,0.01,0.1,1,4.679121338948893
ForwardChaining,XRPUSDT,7,28,0.01,0.1,2,4.140967877385878
ForwardChaining,XRPUSDT,7,28,0.01,0.1,3,3.9712618484609368
ForwardChaining,XRPUSDT,7,28,0.01,0.1,4,4.14329586797083
ForwardChaining,XRPUSDT,7,28,0.01,0.1,5,4.707197066647157
ForwardChaining,XRPUSDT,7,28,0.1,0.01,1,6.238135002338238
ForwardChaining,XRPUSDT,7,28,0.1,0.01,2,5.529369284741997
ForwardChaining,XRPUSDT,7,28,0.1,0.01,3,6.269966929742432
ForwardChaining,XRPUSDT,7,28,0.1,0.01,4,5.412947900940493
ForwardChaining,XRPUSDT,7,28,0.1,0.01,5,6.407880888181885
ForwardChaining,XRPUSDT,7,28,0.1,0.1,1,6.412655716088341
ForwardChaining,XRPUSDT,7,28,0.1,0.1,2,5.6507143311733
ForwardChaining,XRPUSDT,7,28,0.1,0.1,3,6.285114083479909
ForwardChaining,XRPUSDT,7,28,0.1,0.1,4,5.479651946645046
ForwardChaining,XRPUSDT,7,28,0.1,0.1,5,6.602870906485426
ForwardChaining,XRPUSDT,7,28,1.0,0.01,1,7.14564744882692
ForwardChaining,XRPUSDT,7,28,1.0,0.01,2,6.451381081135422
ForwardChaining,XRPUSDT,7,28,1.0,0.01,3,7.486965631249689
ForwardChaining,XRPUSDT,7,28,1.0,0.01,4,6.295110809449403
ForwardChaining,XRPUSDT,7,28,1.0,0.01,5,7.493392980319549
ForwardChaining,XRPUSDT,7,28,1.0,0.1,1,7.224442594948412
ForwardChaining,XRPUSDT,7,28,1.0,0.1,2,6.471011365221004
ForwardChaining,XRPUSDT,7,28,1.0,0.1,3,7.4017704711801455
ForwardChaining,XRPUSDT,7,28,1.0,0.1,4,6.24639786065471
ForwardChaining,XRPUSDT,7,28,1.0,0.1,5,7.5735144618062575
ForwardChaining,XRPUSDT,7,28,10.0,0.01,1,7.282059118301618
ForwardChaining,XRPUSDT,7,28,10.0,0.01,2,6.594405902931355
ForwardChaining,XRPUSDT,7,28,10.0,0.01,3,7.66949142357589
ForwardChaining,XRPUSDT,7,28,10.0,0.01,4,6.435608473593978
ForwardChaining,XRPUSDT,7,28,10.0,0.01,5,7.676656917190316
ForwardChaining,XRPUSDT,7,28,10.0,0.1,1,7.342192405487429
ForwardChaining,XRPUSDT,7,28,10.0,0.1,2,6.574165574628215
ForwardChaining,XRPUSDT,7,28,10.0,0.1,3,7.573912477895222
ForwardChaining,XRPUSDT,7,28,10.0,0.1,4,6.3754268341721545
ForwardChaining,XRPUSDT,7,28,10.0,0.1,5,7.757731555406309
GroupKFold,XRPUSDT,14,28,0.01,0.01,1,3.576979960101247
GroupKFold,XRPUSDT,14,28,0.01,0.01,2,3.7334063826778836
GroupKFold,XRPUSDT,14,28,0.01,0.01,3,3.9932503045368937
GroupKFold,XRPUSDT,14,28,0.01,0.01,4,9.139726919379155
GroupKFold,XRPUSDT,14,28,0.01,0.01,5,8.837833960888258
GroupKFold,XRPUSDT,14,28,0.01,0.1,1,2.6672548546883603
GroupKFold,XRPUSDT,14,28,0.01,0.1,2,2.6999505901811465
GroupKFold,XRPUSDT,14,28,0.01,0.1,3,2.81626848785598
GroupKFold,XRPUSDT,14,28,0.01,0.1,4,8.752759612230188
GroupKFold,XRPUSDT,14,28,0.01,0.1,5,8.310817474837256
GroupKFold,XRPUSDT,14,28,0.1,0.01,1,3.7026720264019164
GroupKFold,XRPUSDT,14,28,0.1,0.01,2,3.791321622878748
GroupKFold,XRPUSDT,14,28,0.1,0.01,3,4.0226650660556516
GroupKFold,XRPUSDT,14,28,0.1,0.01,4,9.128467429963067
GroupKFold,XRPUSDT,14,28,0.1,0.01,5,8.87823928355669
GroupKFold,XRPUSDT,14,28,0.1,0.1,1,2.7322561660526077
GroupKFold,XRPUSDT,14,28,0.1,0.1,2,2.7266205817462685
GroupKFold,XRPUSDT,14,28,0.1,0.1,3,2.8237032937974793
GroupKFold,XRPUSDT,14,28,0.1,0.1,4,8.785209861423196
GroupKFold,XRPUSDT,14,28,0.1,0.1,5,8.367045656581167
GroupKFold,XRPUSDT,14,28,1.0,0.01,1,3.6971863183049836
GroupKFold,XRPUSDT,14,28,1.0,0.01,2,3.8229212518276805
GroupKFold,XRPUSDT,14,28,1.0,0.01,3,4.050176242232587
GroupKFold,XRPUSDT,14,28,1.0,0.01,4,9.127537674106934
GroupKFold,XRPUSDT,14,28,1.0,0.01,5,8.884862933037647
GroupKFold,XRPUSDT,14,28,1.0,0.1,1,2.787403491524547
GroupKFold,XRPUSDT,14,28,1.0,0.1,2,2.772478399688322
GroupKFold,XRPUSDT,14,28,1.0,0.1,3,2.855164384114704
GroupKFold,XRPUSDT,14,28,1.0,0.1,4,9.448274842025183
GroupKFold,XRPUSDT,14,28,1.0,0.1,5,8.367049800495067
GroupKFold,XRPUSDT,14,28,10.0,0.01,1,3.7249942431695113
GroupKFold,XRPUSDT,14,28,10.0,0.01,2,3.859426557448574
GroupKFold,XRPUSDT,14,28,10.0,0.01,3,4.074828905250576
GroupKFold,XRPUSDT,14,28,10.0,0.01,4,9.127391063673532
GroupKFold,XRPUSDT,14,28,10.0,0.01,5,8.918147507680823
GroupKFold,XRPUSDT,14,28,10.0,0.1,1,2.8372895442058774
GroupKFold,XRPUSDT,14,28,10.0,0.1,2,2.7997394606838335
GroupKFold,XRPUSDT,14,28,10.0,0.1,3,2.975503482108767
GroupKFold,XRPUSDT,14,28,10.0,0.1,4,9.543236465222977
GroupKFold,XRPUSDT,14,28,10.0,0.1,5,8.729017799744126
KFold,XRPUSDT,14,28,0.01,0.01,1,4.284365128744034
KFold,XRPUSDT,14,28,0.01,0.01,2,3.8057759533285775
KFold,XRPUSDT,14,28,0.01,0.01,3,3.1680127029683076
KFold,XRPUSDT,14,28,0.01,0.01,4,3.0930660721790098
KFold,XRPUSDT,14,28,0.01,0.01,5,3.7861062489611172
KFold,XRPUSDT,14,28,0.01,0.1,1,4.390729871966772
KFold,XRPUSDT,14,28,0.01,0.1,2,3.9003314425163333
KFold,XRPUSDT,14,28,0.01,0.1,3,3.147892732773403
KFold,XRPUSDT,14,28,0.01,0.1,4,3.1722831776479814
KFold,XRPUSDT,14,28,0.01,0.1,5,3.8748471974704066
KFold,XRPUSDT,14,28,0.1,0.01,1,4.861560138412179
KFold,XRPUSDT,14,28,0.1,0.01,2,4.196787425808286
KFold,XRPUSDT,14,28,0.1,0.01,3,4.5984973176713835
KFold,XRPUSDT,14,28,0.1,0.01,4,3.601696866955981
KFold,XRPUSDT,14,28,0.1,0.01,5,4.621130868802482
KFold,XRPUSDT,14,28,0.1,0.1,1,4.976104988862195
KFold,XRPUSDT,14,28,0.1,0.1,2,4.253564151573655
KFold,XRPUSDT,14,28,0.1,0.1,3,4.467122353593843
KFold,XRPUSDT,14,28,0.1,0.1,4,3.685993535485243
KFold,XRPUSDT,14,28,0.1,0.1,5,4.772436968392567
KFold,XRPUSDT,14,28,1.0,0.01,1,5.359026407891611
KFold,XRPUSDT,14,28,1.0,0.01,2,4.690106284875613
KFold,XRPUSDT,14,28,1.0,0.01,3,5.508251066472851
KFold,XRPUSDT,14,28,1.0,0.01,4,4.073961355217491
KFold,XRPUSDT,14,28,1.0,0.01,5,5.2213915532460575
KFold,XRPUSDT,14,28,1.0,0.1,1,5.364505144053986
KFold,XRPUSDT,14,28,1.0,0.1,2,4.655754645598293
KFold,XRPUSDT,14,28,1.0,0.1,3,5.298989004833958
KFold,XRPUSDT,14,28,1.0,0.1,4,4.0610254391061025
KFold,XRPUSDT,14,28,1.0,0.1,5,5.305713930710775
KFold,XRPUSDT,14,28,10.0,0.01,1,5.440946761549698
KFold,XRPUSDT,14,28,10.0,0.01,2,4.776359387326226
KFold,XRPUSDT,14,28,10.0,0.01,3,5.64624213372627
KFold,XRPUSDT,14,28,10.0,0.01,4,4.1581193403951655
KFold,XRPUSDT,14,28,10.0,0.01,5,5.321363238548277
KFold,XRPUSDT,14,28,10.0,0.1,1,5.447027391638356
KFold,XRPUSDT,14,28,10.0,0.1,2,4.65974499788599
KFold,XRPUSDT,14,28,10.0,0.1,3,5.4625078225160975
KFold,XRPUSDT,14,28,10.0,0.1,4,4.105485160440384
KFold,XRPUSDT,14,28,10.0,0.1,5,5.394740491142689
ForwardChaining,XRPUSDT,14,28,0.01,0.01,1,4.284365128744034
ForwardChaining,XRPUSDT,14,28,0.01,0.01,2,3.8057759533285775
ForwardChaining,XRPUSDT,14,28,0.01,0.01,3,3.1680127029683076
ForwardChaining,XRPUSDT,14,28,0.01,0.01,4,3.0930660721790098
ForwardChaining,XRPUSDT,14,28,0.01,0.01,5,3.7861062489611172
ForwardChaining,XRPUSDT,14,28,0.01,0.1,1,4.390729871966772
ForwardChaining,XRPUSDT,14,28,0.01,0.1,2,3.9003314425163333
ForwardChaining,XRPUSDT,14,28,0.01,0.1,3,3.147892732773403
ForwardChaining,XRPUSDT,14,28,0.01,0.1,4,3.1722831776479814
ForwardChaining,XRPUSDT,14,28,0.01,0.1,5,3.8748471974704066
ForwardChaining,XRPUSDT,14,28,0.1,0.01,1,4.861560138412179
ForwardChaining,XRPUSDT,14,28,0.1,0.01,2,4.196787425808286
ForwardChaining,XRPUSDT,14,28,0.1,0.01,3,4.5984973176713835
ForwardChaining,XRPUSDT,14,28,0.1,0.01,4,3.601696866955981
ForwardChaining,XRPUSDT,14,28,0.1,0.01,5,4.621130868802482
ForwardChaining,XRPUSDT,14,28,0.1,0.1,1,4.976104988862195
ForwardChaining,XRPUSDT,14,28,0.1,0.1,2,4.253564151573655
ForwardChaining,XRPUSDT,14,28,0.1,0.1,3,4.467122353593843
ForwardChaining,XRPUSDT,14,28,0.1,0.1,4,3.685993535485243
ForwardChaining,XRPUSDT,14,28,0.1,0.1,5,4.772436968392567
ForwardChaining,XRPUSDT,14,28,1.0,0.01,1,5.359026407891611
ForwardChaining,XRPUSDT,14,28,1.0,0.01,2,4.690106284875613
ForwardChaining,XRPUSDT,14,28,1.0,0.01,3,5.508251066472851
ForwardChaining,XRPUSDT,14,28,1.0,0.01,4,4.073961355217491
ForwardChaining,XRPUSDT,14,28,1.0,0.01,5,5.2213915532460575
ForwardChaining,XRPUSDT,14,28,1.0,0.1,1,5.364505144053986
ForwardChaining,XRPUSDT,14,28,1.0,0.1,2,4.655754645598293
ForwardChaining,XRPUSDT,14,28,1.0,0.1,3,5.298989004833958
ForwardChaining,XRPUSDT,14,28,1.0,0.1,4,4.0610254391061025
ForwardChaining,XRPUSDT,14,28,1.0,0.1,5,5.305713930710775
ForwardChaining,XRPUSDT,14,28,10.0,0.01,1,5.440946761549698
ForwardChaining,XRPUSDT,14,28,10.0,0.01,2,4.776359387326226
ForwardChaining,XRPUSDT,14,28,10.0,0.01,3,5.64624213372627
ForwardChaining,XRPUSDT,14,28,10.0,0.01,4,4.1581193403951655
ForwardChaining,XRPUSDT,14,28,10.0,0.01,5,5.321363238548277
ForwardChaining,XRPUSDT,14,28,10.0,0.1,1,5.447027391638356
ForwardChaining,XRPUSDT,14,28,10.0,0.1,2,4.65974499788599
ForwardChaining,XRPUSDT,14,28,10.0,0.1,3,5.4625078225160975
ForwardChaining,XRPUSDT,14,28,10.0,0.1,4,4.105485160440384
ForwardChaining,XRPUSDT,14,28,10.0,0.1,5,5.394740491142689
GroupKFold,XRPUSDT,21,28,0.01,0.01,1,2.595944705737188
GroupKFold,XRPUSDT,21,28,0.01,0.01,2,2.4439180774499882
GroupKFold,XRPUSDT,21,28,0.01,0.01,3,2.640964588902661
GroupKFold,XRPUSDT,21,28,0.01,0.01,4,7.709745939983406
GroupKFold,XRPUSDT,21,28,0.01,0.01,5,9.785152359239191
GroupKFold,XRPUSDT,21,28,0.01,0.1,1,1.735100758496305
GroupKFold,XRPUSDT,21,28,0.01,0.1,2,1.6435337723975079
GroupKFold,XRPUSDT,21,28,0.01,0.1,3,1.7717517676209056
GroupKFold,XRPUSDT,21,28,0.01,0.1,4,7.20396631001354
GroupKFold,XRPUSDT,21,28,0.01,0.1,5,8.81438785747706
GroupKFold,XRPUSDT,21,28,0.1,0.01,1,2.6722638153072906
GroupKFold,XRPUSDT,21,28,0.1,0.01,2,2.474682884679423
GroupKFold,XRPUSDT,21,28,0.1,0.01,3,2.6549430820568927
GroupKFold,XRPUSDT,21,28,0.1,0.01,4,7.706935804634377
GroupKFold,XRPUSDT,21,28,0.1,0.01,5,9.871009619830668
GroupKFold,XRPUSDT,21,28,0.1,0.1,1,1.7518416412519389
GroupKFold,XRPUSDT,21,28,0.1,0.1,2,1.6459558537086392
GroupKFold,XRPUSDT,21,28,0.1,0.1,3,1.767601359752474
GroupKFold,XRPUSDT,21,28,0.1,0.1,4,7.276634202289669
GroupKFold,XRPUSDT,21,28,0.1,0.1,5,8.90285926711035
GroupKFold,XRPUSDT,21,28,1.0,0.01,1,2.6833392012841952
GroupKFold,XRPUSDT,21,28,1.0,0.01,2,2.5040935867442142
GroupKFold,XRPUSDT,21,28,1.0,0.01,3,2.6818740908430274
GroupKFold,XRPUSDT,21,28,1.0,0.01,4,7.695392711915028
GroupKFold,XRPUSDT,21,28,1.0,0.01,5,9.879308753413172
GroupKFold,XRPUSDT,21,28,1.0,0.1,1,1.7433111602663474
GroupKFold,XRPUSDT,21,28,1.0,0.1,2,1.656286845081158
GroupKFold,XRPUSDT,21,28,1.0,0.1,3,1.7728119189979321
GroupKFold,XRPUSDT,21,28,1.0,0.1,4,7.96380295611452
GroupKFold,XRPUSDT,21,28,1.0,0.1,5,8.919016489474567
GroupKFold,XRPUSDT,21,28,10.0,0.01,1,2.668687522154919
GroupKFold,XRPUSDT,21,28,10.0,0.01,2,2.5208199073475845
GroupKFold,XRPUSDT,21,28,10.0,0.01,3,2.731333572133621
GroupKFold,XRPUSDT,21,28,10.0,0.01,4,7.6955545483659
GroupKFold,XRPUSDT,21,28,10.0,0.01,5,9.897774139174885
GroupKFold,XRPUSDT,21,28,10.0,0.1,1,1.7453587512509332
GroupKFold,XRPUSDT,21,28,10.0,0.1,2,1.6813476776644396
GroupKFold,XRPUSDT,21,28,10.0,0.1,3,1.7891330857129155
GroupKFold,XRPUSDT,21,28,10.0,0.1,4,7.987095709127627
GroupKFold,XRPUSDT,21,28,10.0,0.1,5,9.1070669784639
KFold,XRPUSDT,21,28,0.01,0.01,1,4.713721044956111
KFold,XRPUSDT,21,28,0.01,0.01,2,3.991525343831767
KFold,XRPUSDT,21,28,0.01,0.01,3,3.5202948034970314
KFold,XRPUSDT,21,28,0.01,0.01,4,3.710292567454853
KFold,XRPUSDT,21,28,0.01,0.01,5,4.329281544803375
KFold,XRPUSDT,21,28,0.01,0.1,1,4.856877929722526
KFold,XRPUSDT,21,28,0.01,0.1,2,4.144628246534085
KFold,XRPUSDT,21,28,0.01,0.1,3,3.6438168935995754
KFold,XRPUSDT,21,28,0.01,0.1,4,3.88953005636311
KFold,XRPUSDT,21,28,0.01,0.1,5,4.431235655098238
KFold,XRPUSDT,21,28,0.1,0.01,1,4.639959212721506
KFold,XRPUSDT,21,28,0.1,0.01,2,3.770276841677351
KFold,XRPUSDT,21,28,0.1,0.01,3,3.77100754001188
KFold,XRPUSDT,21,28,0.1,0.01,4,3.628577829961216
KFold,XRPUSDT,21,28,0.1,0.01,5,4.7073226191808315
KFold,XRPUSDT,21,28,0.1,0.1,1,4.850590445264536
KFold,XRPUSDT,21,28,0.1,0.1,2,3.8991115735316932
KFold,XRPUSDT,21,28,0.1,0.1,3,3.8448294696014367
KFold,XRPUSDT,21,28,0.1,0.1,4,3.872113180313696
KFold,XRPUSDT,21,28,0.1,0.1,5,4.924598186282577
KFold,XRPUSDT,21,28,1.0,0.01,1,4.801832199727259
KFold,XRPUSDT,21,28,1.0,0.01,2,3.984240485438009
KFold,XRPUSDT,21,28,1.0,0.01,3,4.223351252224652
KFold,XRPUSDT,21,28,1.0,0.01,4,3.76460362258338
KFold,XRPUSDT,21,28,1.0,0.01,5,4.980988940756321
KFold,XRPUSDT,21,28,1.0,0.1,1,4.986139488647282
KFold,XRPUSDT,21,28,1.0,0.1,2,4.043914065276914
KFold,XRPUSDT,21,28,1.0,0.1,3,4.228409879450545
KFold,XRPUSDT,21,28,1.0,0.1,4,3.923457202876363
KFold,XRPUSDT,21,28,1.0,0.1,5,5.168206510581546
KFold,XRPUSDT,21,28,10.0,0.01,1,4.82730967246204
KFold,XRPUSDT,21,28,10.0,0.01,2,4.0282643783350185
KFold,XRPUSDT,21,28,10.0,0.01,3,4.302280159627876
KFold,XRPUSDT,21,28,10.0,0.01,4,3.7921473958673837
KFold,XRPUSDT,21,28,10.0,0.01,5,5.023206199058259
KFold,XRPUSDT,21,28,10.0,0.1,1,4.960303836554842
KFold,XRPUSDT,21,28,10.0,0.1,2,4.04457093367459
KFold,XRPUSDT,21,28,10.0,0.1,3,4.264492848708278
KFold,XRPUSDT,21,28,10.0,0.1,4,3.8906144806142438
KFold,XRPUSDT,21,28,10.0,0.1,5,5.240209279455806
ForwardChaining,XRPUSDT,21,28,0.01,0.01,1,4.713721044956111
ForwardChaining,XRPUSDT,21,28,0.01,0.01,2,3.991525343831767
ForwardChaining,XRPUSDT,21,28,0.01,0.01,3,3.5202948034970314
ForwardChaining,XRPUSDT,21,28,0.01,0.01,4,3.710292567454853
ForwardChaining,XRPUSDT,21,28,0.01,0.01,5,4.329281544803375
ForwardChaining,XRPUSDT,21,28,0.01,0.1,1,4.856877929722526
ForwardChaining,XRPUSDT,21,28,0.01,0.1,2,4.144628246534085
ForwardChaining,XRPUSDT,21,28,0.01,0.1,3,3.6438168935995754
ForwardChaining,XRPUSDT,21,28,0.01,0.1,4,3.88953005636311
ForwardChaining,XRPUSDT,21,28,0.01,0.1,5,4.431235655098238
ForwardChaining,XRPUSDT,21,28,0.1,0.01,1,4.639959212721506
ForwardChaining,XRPUSDT,21,28,0.1,0.01,2,3.770276841677351
ForwardChaining,XRPUSDT,21,28,0.1,0.01,3,3.77100754001188
ForwardChaining,XRPUSDT,21,28,0.1,0.01,4,3.628577829961216
ForwardChaining,XRPUSDT,21,28,0.1,0.01,5,4.7073226191808315
ForwardChaining,XRPUSDT,21,28,0.1,0.1,1,4.850590445264536
ForwardChaining,XRPUSDT,21,28,0.1,0.1,2,3.8991115735316932
ForwardChaining,XRPUSDT,21,28,0.1,0.1,3,3.8448294696014367
ForwardChaining,XRPUSDT,21,28,0.1,0.1,4,3.872113180313696
ForwardChaining,XRPUSDT,21,28,0.1,0.1,5,4.924598186282577
ForwardChaining,XRPUSDT,21,28,1.0,0.01,1,4.801832199727259
ForwardChaining,XRPUSDT,21,28,1.0,0.01,2,3.984240485438009
ForwardChaining,XRPUSDT,21,28,1.0,0.01,3,4.223351252224652
ForwardChaining,XRPUSDT,21,28,1.0,0.01,4,3.76460362258338
ForwardChaining,XRPUSDT,21,28,1.0,0.01,5,4.980988940756321
ForwardChaining,XRPUSDT,21,28,1.0,0.1,1,4.986139488647282
ForwardChaining,XRPUSDT,21,28,1.0,0.1,2,4.043914065276914
ForwardChaining,XRPUSDT,21,28,1.0,0.1,3,4.228409879450545
ForwardChaining,XRPUSDT,21,28,1.0,0.1,4,3.923457202876363
ForwardChaining,XRPUSDT,21,28,1.0,0.1,5,5.168206510581546
ForwardChaining,XRPUSDT,21,28,10.0,0.01,1,4.82730967246204
ForwardChaining,XRPUSDT,21,28,10.0,0.01,2,4.0282643783350185
ForwardChaining,XRPUSDT,21,28,10.0,0.01,3,4.302280159627876
ForwardChaining,XRPUSDT,21,28,10.0,0.01,4,3.7921473958673837
ForwardChaining,XRPUSDT,21,28,10.0,0.01,5,5.023206199058259
ForwardChaining,XRPUSDT,21,28,10.0,0.1,1,4.960303836554842
ForwardChaining,XRPUSDT,21,28,10.0,0.1,2,4.04457093367459
ForwardChaining,XRPUSDT,21,28,10.0,0.1,3,4.264492848708278
ForwardChaining,XRPUSDT,21,28,10.0,0.1,4,3.8906144806142438
ForwardChaining,XRPUSDT,21,28,10.0,0.1,5,5.240209279455806
GroupKFold,XRPUSDT,28,28,0.01,0.01,1,1.946446577502493
GroupKFold,XRPUSDT,28,28,0.01,0.01,2,1.8896753510960942
GroupKFold,XRPUSDT,28,28,0.01,0.01,3,2.1605774664477817
GroupKFold,XRPUSDT,28,28,0.01,0.01,4,6.8934664171750075
GroupKFold,XRPUSDT,28,28,0.01,0.01,5,12.104314670245783
GroupKFold,XRPUSDT,28,28,0.01,0.1,1,1.1537185357657658
GroupKFold,XRPUSDT,28,28,0.01,0.1,2,1.1627477410353144
GroupKFold,XRPUSDT,28,28,0.01,0.1,3,1.35397508666294
GroupKFold,XRPUSDT,28,28,0.01,0.1,4,6.493327193858151
GroupKFold,XRPUSDT,28,28,0.01,0.1,5,11.102637336580475
GroupKFold,XRPUSDT,28,28,0.1,0.01,1,2.027308476970074
GroupKFold,XRPUSDT,28,28,0.1,0.01,2,1.9270006318834094
GroupKFold,XRPUSDT,28,28,0.1,0.01,3,2.1802651947179847
GroupKFold,XRPUSDT,28,28,0.1,0.01,4,6.891540495603313
GroupKFold,XRPUSDT,28,28,0.1,0.01,5,12.194796300555394
GroupKFold,XRPUSDT,28,28,0.1,0.1,1,1.1797428317313794
GroupKFold,XRPUSDT,28,28,0.1,0.1,2,1.1740670601771173
GroupKFold,XRPUSDT,28,28,0.1,0.1,3,1.3581220950139363
GroupKFold,XRPUSDT,28,28,0.1,0.1,4,6.533930648993883
GroupKFold,XRPUSDT,28,28,0.1,0.1,5,11.20132448203564
GroupKFold,XRPUSDT,28,28,1.0,0.01,1,2.0393566778730157
GroupKFold,XRPUSDT,28,28,1.0,0.01,2,1.948556856326995
GroupKFold,XRPUSDT,28,28,1.0,0.01,3,2.2038034374518927
GroupKFold,XRPUSDT,28,28,1.0,0.01,4,6.898668664093532
GroupKFold,XRPUSDT,28,28,1.0,0.01,5,12.210449731911565
GroupKFold,XRPUSDT,28,28,1.0,0.1,1,1.192629198869108
GroupKFold,XRPUSDT,28,28,1.0,0.1,2,1.1696404443342645
GroupKFold,XRPUSDT,28,28,1.0,0.1,3,1.3464048276287215
GroupKFold,XRPUSDT,28,28,1.0,0.1,4,7.132801879843775
GroupKFold,XRPUSDT,28,28,1.0,0.1,5,11.224778492028053
GroupKFold,XRPUSDT,28,28,10.0,0.01,1,2.048072870169046
GroupKFold,XRPUSDT,28,28,10.0,0.01,2,1.9750106207220988
GroupKFold,XRPUSDT,28,28,10.0,0.01,3,2.2361032534785887
GroupKFold,XRPUSDT,28,28,10.0,0.01,4,6.90678086291569
GroupKFold,XRPUSDT,28,28,10.0,0.01,5,12.25477395014464
GroupKFold,XRPUSDT,28,28,10.0,0.1,1,1.2105694906934414
GroupKFold,XRPUSDT,28,28,10.0,0.1,2,1.18766712953616
GroupKFold,XRPUSDT,28,28,10.0,0.1,3,1.3774478684489924
GroupKFold,XRPUSDT,28,28,10.0,0.1,4,7.176863990529648
GroupKFold,XRPUSDT,28,28,10.0,0.1,5,11.389337835670176
KFold,XRPUSDT,28,28,0.01,0.01,1,4.926644686335247
KFold,XRPUSDT,28,28,0.01,0.01,2,4.454881689439608
KFold,XRPUSDT,28,28,0.01,0.01,3,3.9755510732805823
KFold,XRPUSDT,28,28,0.01,0.01,4,4.0633760909778385
KFold,XRPUSDT,28,28,0.01,0.01,5,4.678743754092207
KFold,XRPUSDT,28,28,0.01,0.1,1,5.107274515839689
KFold,XRPUSDT,28,28,0.01,0.1,2,4.595695750700773
KFold,XRPUSDT,28,28,0.01,0.1,3,4.112444268319921
KFold,XRPUSDT,28,28,0.01,0.1,4,4.264006460099279
KFold,XRPUSDT,28,28,0.01,0.1,5,4.834703143933948
KFold,XRPUSDT,28,28,0.1,0.01,1,4.534846661019834
KFold,XRPUSDT,28,28,0.1,0.01,2,3.932675029453093
KFold,XRPUSDT,28,28,0.1,0.01,3,3.652388680127082
KFold,XRPUSDT,28,28,0.1,0.01,4,3.3866677319166256
KFold,XRPUSDT,28,28,0.1,0.01,5,4.471119877272008
KFold,XRPUSDT,28,28,0.1,0.1,1,4.759010010737504
KFold,XRPUSDT,28,28,0.1,0.1,2,4.056213719749211
KFold,XRPUSDT,28,28,0.1,0.1,3,3.757306489769815
KFold,XRPUSDT,28,28,0.1,0.1,4,3.6852310292958856
KFold,XRPUSDT,28,28,0.1,0.1,5,4.819358987092613
KFold,XRPUSDT,28,28,1.0,0.01,1,4.5531786644869
KFold,XRPUSDT,28,28,1.0,0.01,2,3.9683244587752893
KFold,XRPUSDT,28,28,1.0,0.01,3,3.8844412804630304
KFold,XRPUSDT,28,28,1.0,0.01,4,3.272294542442334
KFold,XRPUSDT,28,28,1.0,0.01,5,4.444176879982002
KFold,XRPUSDT,28,28,1.0,0.1,1,4.691189482453885
KFold,XRPUSDT,28,28,1.0,0.1,2,4.03629904006032
KFold,XRPUSDT,28,28,1.0,0.1,3,3.8744321764714864
KFold,XRPUSDT,28,28,1.0,0.1,4,3.545215905310577
KFold,XRPUSDT,28,28,1.0,0.1,5,4.836072142595976
KFold,XRPUSDT,28,28,10.0,0.01,1,4.559713363711791
KFold,XRPUSDT,28,28,10.0,0.01,2,3.986541865092768
KFold,XRPUSDT,28,28,10.0,0.01,3,3.940440311386904
KFold,XRPUSDT,28,28,10.0,0.01,4,3.2717442328548647
KFold,XRPUSDT,28,28,10.0,0.01,5,4.449028833608475
KFold,XRPUSDT,28,28,10.0,0.1,1,4.617729217640117
KFold,XRPUSDT,28,28,10.0,0.1,2,4.004121247286964
KFold,XRPUSDT,28,28,10.0,0.1,3,3.860440001286065
KFold,XRPUSDT,28,28,10.0,0.1,4,3.539372279047376
KFold,XRPUSDT,28,28,10.0,0.1,5,4.893324323178008
ForwardChaining,XRPUSDT,28,28,0.01,0.01,1,4.926644686335247
ForwardChaining,XRPUSDT,28,28,0.01,0.01,2,4.454881689439608
ForwardChaining,XRPUSDT,28,28,0.01,0.01,3,3.9755510732805823
ForwardChaining,XRPUSDT,28,28,0.01,0.01,4,4.0633760909778385
ForwardChaining,XRPUSDT,28,28,0.01,0.01,5,4.678743754092207
ForwardChaining,XRPUSDT,28,28,0.01,0.1,1,5.107274515839689
ForwardChaining,XRPUSDT,28,28,0.01,0.1,2,4.595695750700773
ForwardChaining,XRPUSDT,28,28,0.01,0.1,3,4.112444268319921
ForwardChaining,XRPUSDT,28,28,0.01,0.1,4,4.264006460099279
ForwardChaining,XRPUSDT,28,28,0.01,0.1,5,4.834703143933948
ForwardChaining,XRPUSDT,28,28,0.1,0.01,1,4.534846661019834
ForwardChaining,XRPUSDT,28,28,0.1,0.01,2,3.932675029453093
ForwardChaining,XRPUSDT,28,28,0.1,0.01,3,3.652388680127082
ForwardChaining,XRPUSDT,28,28,0.1,0.01,4,3.3866677319166256
ForwardChaining,XRPUSDT,28,28,0.1,0.01,5,4.471119877272008
ForwardChaining,XRPUSDT,28,28,0.1,0.1,1,4.759010010737504
ForwardChaining,XRPUSDT,28,28,0.1,0.1,2,4.056213719749211
ForwardChaining,XRPUSDT,28,28,0.1,0.1,3,3.757306489769815
ForwardChaining,XRPUSDT,28,28,0.1,0.1,4,3.6852310292958856
ForwardChaining,XRPUSDT,28,28,0.1,0.1,5,4.819358987092613
ForwardChaining,XRPUSDT,28,28,1.0,0.01,1,4.5531786644869
ForwardChaining,XRPUSDT,28,28,1.0,0.01,2,3.9683244587752893
ForwardChaining,XRPUSDT,28,28,1.0,0.01,3,3.8844412804630304
ForwardChaining,XRPUSDT,28,28,1.0,0.01,4,3.272294542442334
ForwardChaining,XRPUSDT,28,28,1.0,0.01,5,4.444176879982002
ForwardChaining,XRPUSDT,28,28,1.0,0.1,1,4.691189482453885
ForwardChaining,XRPUSDT,28,28,1.0,0.1,2,4.03629904006032
ForwardChaining,XRPUSDT,28,28,1.0,0.1,3,3.8744321764714864
ForwardChaining,XRPUSDT,28,28,1.0,0.1,4,3.545215905310577
ForwardChaining,XRPUSDT,28,28,1.0,0.1,5,4.836072142595976
ForwardChaining,XRPUSDT,28,28,10.0,0.01,1,4.559713363711791
ForwardChaining,XRPUSDT,28,28,10.0,0.01,2,3.986541865092768
ForwardChaining,XRPUSDT,28,28,10.0,0.01,3,3.940440311386904
ForwardChaining,XRPUSDT,28,28,10.0,0.01,4,3.2717442328548647
ForwardChaining,XRPUSDT,28,28,10.0,0.01,5,4.449028833608475
ForwardChaining,XRPUSDT,28,28,10.0,0.1,1,4.617729217640117
ForwardChaining,XRPUSDT,28,28,10.0,0.1,2,4.004121247286964
ForwardChaining,XRPUSDT,28,28,10.0,0.1,3,3.860440001286065
ForwardChaining,XRPUSDT,28,28,10.0,0.1,4,3.539372279047376
ForwardChaining,XRPUSDT,28,28,10.0,0.1,5,4.893324323178008
