date,close,minutes,invalid_close_times,complete,symbol
2020-01-01 00:00:00+00:00,13.7184,1440,0,True,BNBUSDT
2020-01-02 00:00:00+00:00,13.0105,1440,0,True,BNBUSDT
2020-01-03 00:00:00+00:00,13.6474,1440,0,True,BNBUSDT
2020-01-04 00:00:00+00:00,13.8092,1440,0,True,BNBUSDT
2020-01-05 00:00:00+00:00,14.0532,1440,0,True,BNBUSDT
2020-01-06 00:00:00+00:00,14.9471,1440,0,True,BNBUSDT
2020-01-07 00:00:00+00:00,15.0226,1440,0,True,BNBUSDT
2020-01-08 00:00:00+00:00,14.5334,1440,0,True,BNBUSDT
2020-01-09 00:00:00+00:00,14.3978,1440,0,True,BNBUSDT
2020-01-10 00:00:00+00:00,15.07,1440,0,True,BNBUSDT
2020-01-11 00:00:00+00:00,14.9177,1440,0,True,BNBUSDT
2020-01-12 00:00:00+00:00,15.3366,1440,0,True,BNBUSDT
2020-01-13 00:00:00+00:00,15.1736,1440,0,True,BNBUSDT
2020-01-14 00:00:00+00:00,16.6371,1440,0,True,BNBUSDT
2020-01-15 00:00:00+00:00,17.6655,1440,0,True,BNBUSDT
2020-01-16 00:00:00+00:00,17.0333,1440,0,True,BNBUSDT
2020-01-17 00:00:00+00:00,18.0724,1440,0,True,BNBUSDT
2020-01-18 00:00:00+00:00,17.8088,1440,0,True,BNBUSDT
2020-01-19 00:00:00+00:00,17.388,1440,0,True,BNBUSDT
2020-01-20 00:00:00+00:00,17.3235,1440,0,True,BNBUSDT
2020-01-21 00:00:00+00:00,18.1166,1440,0,True,BNBUSDT
2020-01-22 00:00:00+00:00,17.8344,1440,0,True,BNBUSDT
2020-01-23 00:00:00+00:00,17.0524,1440,0,True,BNBUSDT
2020-01-24 00:00:00+00:00,17.1148,1440,0,True,BNBUSDT
2020-01-25 00:00:00+00:00,16.9555,1440,0,True,BNBUSDT
2020-01-26 00:00:00+00:00,17.499,1440,0,True,BNBUSDT
2020-01-27 00:00:00+00:00,17.67,1440,0,True,BNBUSDT
2020-01-28 00:00:00+00:00,18.0662,1440,0,True,BNBUSDT
2020-01-29 00:00:00+00:00,17.9134,1440,0,True,BNBUSDT
2020-01-30 00:00:00+00:00,18.5555,1440,0,True,BNBUSDT
2020-01-31 00:00:00+00:00,18.2644,1440,0,True,BNBUSDT
2020-02-01 00:00:00+00:00,18.2752,1440,0,True,BNBUSDT
2020-02-02 00:00:00+00:00,18.4333,1440,0,True,BNBUSDT
2020-02-03 00:00:00+00:00,18.46,1440,0,True,BNBUSDT
2020-02-04 00:00:00+00:00,18.1778,1440,0,True,BNBUSDT
2020-02-05 00:00:00+00:00,19.262,1440,0,True,BNBUSDT
2020-02-06 00:00:00+00:00,20.6675,1440,0,True,BNBUSDT
2020-02-07 00:00:00+00:00,22.0555,1440,0,True,BNBUSDT
2020-02-08 00:00:00+00:00,21.7888,1440,0,True,BNBUSDT
2020-02-09 00:00:00+00:00,,1380,0,False,BNBUSDT
2020-02-10 00:00:00+00:00,25.1465,1440,0,True,BNBUSDT
2020-02-11 00:00:00+00:00,25.6963,1440,0,True,BNBUSDT
2020-02-12 00:00:00+00:00,26.4243,1440,0,True,BNBUSDT
2020-02-13 00:00:00+00:00,25.4579,1440,0,True,BNBUSDT
2020-02-14 00:00:00+00:00,26.3547,1440,0,True,BNBUSDT
2020-02-15 00:00:00+00:00,24.2576,1440,0,True,BNBUSDT
2020-02-16 00:00:00+00:00,23.3193,1440,0,True,BNBUSDT
2020-02-17 00:00:00+00:00,23.4555,1440,0,True,BNBUSDT
2020-02-18 00:00:00+00:00,24.0821,1440,0,True,BNBUSDT
2020-02-19 00:00:00+00:00,,1086,1,False,BNBUSDT
2020-02-20 00:00:00+00:00,22.1626,1440,0,True,BNBUSDT
2020-02-21 00:00:00+00:00,22.1888,1440,0,True,BNBUSDT
2020-02-22 00:00:00+00:00,21.9689,1440,0,True,BNBUSDT
2020-02-23 00:00:00+00:00,22.8452,1440,0,True,BNBUSDT
2020-02-24 00:00:00+00:00,22.0965,1440,0,True,BNBUSDT
2020-02-25 00:00:00+00:00,20.3193,1440,0,True,BNBUSDT
2020-02-26 00:00:00+00:00,18.7441,1440,0,True,BNBUSDT
2020-02-27 00:00:00+00:00,19.2,1440,0,True,BNBUSDT
2020-02-28 00:00:00+00:00,18.9838,1440,0,True,BNBUSDT
2020-02-29 00:00:00+00:00,19.23,1440,0,True,BNBUSDT
2020-03-01 00:00:00+00:00,18.902,1440,0,True,BNBUSDT
2020-03-02 00:00:00+00:00,19.9289,1440,0,True,BNBUSDT
2020-03-03 00:00:00+00:00,19.6882,1440,0,True,BNBUSDT
2020-03-04 00:00:00+00:00,,1312,1,False,BNBUSDT
2020-03-05 00:00:00+00:00,20.7462,1440,0,True,BNBUSDT
2020-03-06 00:00:00+00:00,21.3389,1440,0,True,BNBUSDT
2020-03-07 00:00:00+00:00,20.25,1440,0,True,BNBUSDT
2020-03-08 00:00:00+00:00,16.894,1440,0,True,BNBUSDT
2020-03-09 00:00:00+00:00,16.5888,1440,0,True,BNBUSDT
2020-03-10 00:00:00+00:00,16.8671,1440,0,True,BNBUSDT
2020-03-11 00:00:00+00:00,16.5705,1440,0,True,BNBUSDT
2020-03-12 00:00:00+00:00,9.2566,1440,0,True,BNBUSDT
2020-03-13 00:00:00+00:00,10.9204,1440,0,True,BNBUSDT
2020-03-14 00:00:00+00:00,10.1487,1440,0,True,BNBUSDT
2020-03-15 00:00:00+00:00,10.3898,1440,0,True,BNBUSDT
2020-03-16 00:00:00+00:00,9.4285,1440,0,True,BNBUSDT
2020-03-17 00:00:00+00:00,10.2576,1440,0,True,BNBUSDT
2020-03-18 00:00:00+00:00,10.3866,1440,0,True,BNBUSDT
2020-03-19 00:00:00+00:00,12.2597,1440,0,True,BNBUSDT
2020-03-20 00:00:00+00:00,11.9147,1440,0,True,BNBUSDT
2020-03-21 00:00:00+00:00,12.1,1440,0,True,BNBUSDT
2020-03-22 00:00:00+00:00,11.167,1440,0,True,BNBUSDT
2020-03-23 00:00:00+00:00,12.1887,1440,0,True,BNBUSDT
2020-03-24 00:00:00+00:00,12.426,1440,0,True,BNBUSDT
2020-03-25 00:00:00+00:00,12.3251,1440,0,True,BNBUSDT
2020-03-26 00:00:00+00:00,13.199,1440,0,True,BNBUSDT
2020-03-27 00:00:00+00:00,12.3354,1440,0,True,BNBUSDT
2020-03-28 00:00:00+00:00,12.1888,1440,0,True,BNBUSDT
2020-03-29 00:00:00+00:00,11.3008,1440,0,True,BNBUSDT
2020-03-30 00:00:00+00:00,12.1365,1440,0,True,BNBUSDT
2020-03-31 00:00:00+00:00,12.5451,1440,0,True,BNBUSDT
2020-04-01 00:00:00+00:00,12.72,1440,0,True,BNBUSDT
2020-04-02 00:00:00+00:00,13.0166,1440,0,True,BNBUSDT
2020-04-03 00:00:00+00:00,13.3615,1440,0,True,BNBUSDT
2020-04-04 00:00:00+00:00,13.7606,1440,0,True,BNBUSDT
2020-04-05 00:00:00+00:00,13.6888,1440,0,True,BNBUSDT
2020-04-06 00:00:00+00:00,15.1989,1440,0,True,BNBUSDT
2020-04-07 00:00:00+00:00,14.7266,1440,0,True,BNBUSDT
2020-04-08 00:00:00+00:00,15.0888,1440,0,True,BNBUSDT
2020-04-09 00:00:00+00:00,15.0096,1440,0,True,BNBUSDT
2020-04-10 00:00:00+00:00,13.72,1440,0,True,BNBUSDT
2020-04-11 00:00:00+00:00,13.807,1440,0,True,BNBUSDT
2020-04-12 00:00:00+00:00,14.2808,1440,0,True,BNBUSDT
2020-04-13 00:00:00+00:00,15.0277,1440,0,True,BNBUSDT
2020-04-14 00:00:00+00:00,15.6148,1440,0,True,BNBUSDT
2020-04-15 00:00:00+00:00,14.5755,1440,0,True,BNBUSDT
2020-04-16 00:00:00+00:00,15.7394,1440,0,True,BNBUSDT
2020-04-17 00:00:00+00:00,15.64,1440,0,True,BNBUSDT
2020-04-18 00:00:00+00:00,16.6137,1440,0,True,BNBUSDT
2020-04-19 00:00:00+00:00,16.0683,1440,0,True,BNBUSDT
2020-04-20 00:00:00+00:00,14.9892,1440,0,True,BNBUSDT
2020-04-21 00:00:00+00:00,15.1283,1440,0,True,BNBUSDT
2020-04-22 00:00:00+00:00,15.7104,1440,0,True,BNBUSDT
2020-04-23 00:00:00+00:00,16.034,1440,0,True,BNBUSDT
2020-04-24 00:00:00+00:00,15.9319,1440,0,True,BNBUSDT
2020-04-25 00:00:00+00:00,,1290,0,False,BNBUSDT
2020-04-26 00:00:00+00:00,16.3588,1440,0,True,BNBUSDT
2020-04-27 00:00:00+00:00,16.4229,1440,0,True,BNBUSDT
2020-04-28 00:00:00+00:00,16.34,1440,0,True,BNBUSDT
2020-04-29 00:00:00+00:00,17.3667,1440,0,True,BNBUSDT
2020-04-30 00:00:00+00:00,16.9542,1440,0,True,BNBUSDT
2020-05-01 00:00:00+00:00,17.466,1440,0,True,BNBUSDT
2020-05-02 00:00:00+00:00,17.5333,1440,0,True,BNBUSDT
2020-05-03 00:00:00+00:00,17.1071,1440,0,True,BNBUSDT
2020-05-04 00:00:00+00:00,17.0074,1440,0,True,BNBUSDT
2020-05-05 00:00:00+00:00,16.8886,1440,0,True,BNBUSDT
2020-05-06 00:00:00+00:00,16.3743,1440,0,True,BNBUSDT
2020-05-07 00:00:00+00:00,17.0003,1440,0,True,BNBUSDT
2020-05-08 00:00:00+00:00,17.1371,1440,0,True,BNBUSDT
2020-05-09 00:00:00+00:00,16.7751,1440,0,True,BNBUSDT
2020-05-10 00:00:00+00:00,15.3506,1440,0,True,BNBUSDT
2020-05-11 00:00:00+00:00,15.0811,1440,0,True,BNBUSDT
2020-05-12 00:00:00+00:00,15.7892,1440,0,True,BNBUSDT
2020-05-13 00:00:00+00:00,16.2164,1440,0,True,BNBUSDT
2020-05-14 00:00:00+00:00,16.3777,1440,0,True,BNBUSDT
2020-05-15 00:00:00+00:00,15.7222,1440,0,True,BNBUSDT
2020-05-16 00:00:00+00:00,16.058,1440,0,True,BNBUSDT
2020-05-17 00:00:00+00:00,16.2959,1440,0,True,BNBUSDT
2020-05-18 00:00:00+00:00,16.6299,1440,0,True,BNBUSDT
2020-05-19 00:00:00+00:00,17.2098,1440,0,True,BNBUSDT
2020-05-20 00:00:00+00:00,16.8998,1440,0,True,BNBUSDT
2020-05-21 00:00:00+00:00,16.0888,1440,0,True,BNBUSDT
2020-05-22 00:00:00+00:00,16.5864,1440,0,True,BNBUSDT
2020-05-23 00:00:00+00:00,16.48,1440,0,True,BNBUSDT
2020-05-24 00:00:00+00:00,15.9624,1440,0,True,BNBUSDT
2020-05-25 00:00:00+00:00,16.3807,1440,0,True,BNBUSDT
2020-05-26 00:00:00+00:00,16.2159,1440,0,True,BNBUSDT
2020-05-27 00:00:00+00:00,16.47,1440,0,True,BNBUSDT
2020-05-28 00:00:00+00:00,17.0772,1440,0,True,BNBUSDT
2020-05-29 00:00:00+00:00,17.0031,1440,0,True,BNBUSDT
2020-05-30 00:00:00+00:00,17.7277,1440,0,True,BNBUSDT
2020-05-31 00:00:00+00:00,17.0916,1440,0,True,BNBUSDT
2020-06-01 00:00:00+00:00,17.9477,1440,0,True,BNBUSDT
2020-06-02 00:00:00+00:00,17.2669,1440,0,True,BNBUSDT
2020-06-03 00:00:00+00:00,17.5779,1440,0,True,BNBUSDT
2020-06-04 00:00:00+00:00,17.517,1440,0,True,BNBUSDT
2020-06-05 00:00:00+00:00,17.6914,1440,0,True,BNBUSDT
2020-06-06 00:00:00+00:00,17.5511,1440,0,True,BNBUSDT
2020-06-07 00:00:00+00:00,17.4135,1440,0,True,BNBUSDT
2020-06-08 00:00:00+00:00,17.4489,1440,0,True,BNBUSDT
2020-06-09 00:00:00+00:00,17.3733,1440,0,True,BNBUSDT
2020-06-10 00:00:00+00:00,17.406,1440,0,True,BNBUSDT
2020-06-11 00:00:00+00:00,16.2298,1440,0,True,BNBUSDT
2020-06-12 00:00:00+00:00,16.6377,1440,0,True,BNBUSDT
2020-06-13 00:00:00+00:00,16.8101,1440,0,True,BNBUSDT
2020-06-14 00:00:00+00:00,16.5729,1440,0,True,BNBUSDT
2020-06-15 00:00:00+00:00,16.377,1440,0,True,BNBUSDT
2020-06-16 00:00:00+00:00,16.4329,1440,0,True,BNBUSDT
2020-06-17 00:00:00+00:00,16.3983,1440,0,True,BNBUSDT
2020-06-18 00:00:00+00:00,16.1608,1440,0,True,BNBUSDT
2020-06-19 00:00:00+00:00,15.9512,1440,0,True,BNBUSDT
2020-06-20 00:00:00+00:00,16.059,1440,0,True,BNBUSDT
2020-06-21 00:00:00+00:00,15.9775,1440,0,True,BNBUSDT
2020-06-22 00:00:00+00:00,16.5051,1440,0,True,BNBUSDT
2020-06-23 00:00:00+00:00,16.3898,1440,0,True,BNBUSDT
2020-06-24 00:00:00+00:00,15.9968,1440,0,True,BNBUSDT
2020-06-25 00:00:00+00:00,15.906,1440,0,True,BNBUSDT
2020-06-26 00:00:00+00:00,15.7694,1440,0,True,BNBUSDT
2020-06-27 00:00:00+00:00,15.1242,1440,0,True,BNBUSDT
2020-06-28 00:00:00+00:00,,1230,0,False,BNBUSDT
2020-06-29 00:00:00+00:00,15.4656,1440,0,True,BNBUSDT
2020-06-30 00:00:00+00:00,15.3838,1440,0,True,BNBUSDT
2020-07-01 00:00:00+00:00,15.8144,1440,0,True,BNBUSDT
2020-07-02 00:00:00+00:00,15.3634,1440,0,True,BNBUSDT
2020-07-03 00:00:00+00:00,15.2863,1440,0,True,BNBUSDT
2020-07-04 00:00:00+00:00,15.5548,1440,0,True,BNBUSDT
2020-07-05 00:00:00+00:00,15.4885,1440,0,True,BNBUSDT
2020-07-06 00:00:00+00:00,16.311,1440,0,True,BNBUSDT
2020-07-07 00:00:00+00:00,16.8048,1440,0,True,BNBUSDT
2020-07-08 00:00:00+00:00,17.2819,1440,0,True,BNBUSDT
2020-07-09 00:00:00+00:00,16.8274,1440,0,True,BNBUSDT
2020-07-10 00:00:00+00:00,17.3123,1440,0,True,BNBUSDT
2020-07-11 00:00:00+00:00,17.6205,1440,0,True,BNBUSDT
2020-07-12 00:00:00+00:00,18.2994,1440,0,True,BNBUSDT
2020-07-13 00:00:00+00:00,18.4046,1440,0,True,BNBUSDT
2020-07-14 00:00:00+00:00,18.079,1440,0,True,BNBUSDT
2020-07-15 00:00:00+00:00,17.6351,1440,0,True,BNBUSDT
2020-07-16 00:00:00+00:00,17.1647,1440,0,True,BNBUSDT
2020-07-17 00:00:00+00:00,17.0676,1440,0,True,BNBUSDT
2020-07-18 00:00:00+00:00,17.1507,1440,0,True,BNBUSDT
2020-07-19 00:00:00+00:00,18.0154,1440,0,True,BNBUSDT
2020-07-20 00:00:00+00:00,17.4645,1440,0,True,BNBUSDT
2020-07-21 00:00:00+00:00,17.7285,1440,0,True,BNBUSDT
2020-07-22 00:00:00+00:00,18.09,1440,0,True,BNBUSDT
2020-07-23 00:00:00+00:00,18.75,1440,0,True,BNBUSDT
2020-07-24 00:00:00+00:00,19.1853,1440,0,True,BNBUSDT
2020-07-25 00:00:00+00:00,19.8242,1440,0,True,BNBUSDT
2020-07-26 00:00:00+00:00,19.5557,1440,0,True,BNBUSDT
2020-07-27 00:00:00+00:00,19.7474,1440,0,True,BNBUSDT
2020-07-28 00:00:00+00:00,20.1732,1440,0,True,BNBUSDT
2020-07-29 00:00:00+00:00,19.899,1440,0,True,BNBUSDT
2020-07-30 00:00:00+00:00,19.97,1440,0,True,BNBUSDT
2020-07-31 00:00:00+00:00,20.6615,1440,0,True,BNBUSDT
2020-08-01 00:00:00+00:00,21.6168,1440,0,True,BNBUSDT
2020-08-02 00:00:00+00:00,20.9898,1440,0,True,BNBUSDT
2020-08-03 00:00:00+00:00,22.0504,1440,0,True,BNBUSDT
2020-08-04 00:00:00+00:00,22.2818,1440,0,True,BNBUSDT
2020-08-05 00:00:00+00:00,23.2728,1440,0,True,BNBUSDT
2020-08-06 00:00:00+00:00,22.7487,1440,0,True,BNBUSDT
2020-08-07 00:00:00+00:00,22.3323,1440,0,True,BNBUSDT
2020-08-08 00:00:00+00:00,22.9234,1440,0,True,BNBUSDT
2020-08-09 00:00:00+00:00,22.422,1440,0,True,BNBUSDT
2020-08-10 00:00:00+00:00,22.6369,1440,0,True,BNBUSDT
2020-08-11 00:00:00+00:00,21.2902,1440,0,True,BNBUSDT
2020-08-12 00:00:00+00:00,21.4919,1440,0,True,BNBUSDT
2020-08-13 00:00:00+00:00,21.7667,1440,0,True,BNBUSDT
2020-08-14 00:00:00+00:00,23.1047,1440,0,True,BNBUSDT
2020-08-15 00:00:00+00:00,23.0881,1440,0,True,BNBUSDT
2020-08-16 00:00:00+00:00,23.529,1440,0,True,BNBUSDT
2020-08-17 00:00:00+00:00,23.4961,1440,0,True,BNBUSDT
2020-08-18 00:00:00+00:00,22.9705,1440,0,True,BNBUSDT
2020-08-19 00:00:00+00:00,22.3761,1440,0,True,BNBUSDT
2020-08-20 00:00:00+00:00,23.0888,1440,0,True,BNBUSDT
2020-08-21 00:00:00+00:00,22.0988,1440,0,True,BNBUSDT
2020-08-22 00:00:00+00:00,22.2044,1440,0,True,BNBUSDT
2020-08-23 00:00:00+00:00,21.8555,1440,0,True,BNBUSDT
2020-08-24 00:00:00+00:00,22.5953,1440,0,True,BNBUSDT
2020-08-25 00:00:00+00:00,21.3882,1440,0,True,BNBUSDT
2020-08-26 00:00:00+00:00,22.1999,1440,0,True,BNBUSDT
2020-08-27 00:00:00+00:00,23.1127,1440,0,True,BNBUSDT
2020-08-28 00:00:00+00:00,23.0811,1440,0,True,BNBUSDT
2020-08-29 00:00:00+00:00,22.9398,1440,0,True,BNBUSDT
2020-08-30 00:00:00+00:00,23.6208,1440,0,True,BNBUSDT
2020-08-31 00:00:00+00:00,23.1477,1440,0,True,BNBUSDT
2020-09-01 00:00:00+00:00,24.7028,1440,0,True,BNBUSDT
2020-09-02 00:00:00+00:00,24.7652,1440,0,True,BNBUSDT
2020-09-03 00:00:00+00:00,20.3592,1440,0,True,BNBUSDT
2020-09-04 00:00:00+00:00,20.9712,1440,0,True,BNBUSDT
2020-09-05 00:00:00+00:00,19.4698,1440,0,True,BNBUSDT
2020-09-06 00:00:00+00:00,23.142,1440,0,True,BNBUSDT
2020-09-07 00:00:00+00:00,22.4426,1440,0,True,BNBUSDT
2020-09-08 00:00:00+00:00,23.2837,1440,0,True,BNBUSDT
2020-09-09 00:00:00+00:00,24.4716,1440,0,True,BNBUSDT
2020-09-10 00:00:00+00:00,24.5489,1440,0,True,BNBUSDT
2020-09-11 00:00:00+00:00,25.399,1440,0,True,BNBUSDT
2020-09-12 00:00:00+00:00,28.505,1440,0,True,BNBUSDT
2020-09-13 00:00:00+00:00,31.1656,1440,0,True,BNBUSDT
2020-09-14 00:00:00+00:00,31.2523,1440,0,True,BNBUSDT
2020-09-15 00:00:00+00:00,27.1181,1440,0,True,BNBUSDT
2020-09-16 00:00:00+00:00,27.8695,1440,0,True,BNBUSDT
2020-09-17 00:00:00+00:00,27.095,1440,0,True,BNBUSDT
2020-09-18 00:00:00+00:00,27.629,1440,0,True,BNBUSDT
2020-09-19 00:00:00+00:00,27.2035,1440,0,True,BNBUSDT
2020-09-20 00:00:00+00:00,26.316,1440,0,True,BNBUSDT
2020-09-21 00:00:00+00:00,23.1232,1440,0,True,BNBUSDT
2020-09-22 00:00:00+00:00,24.0468,1440,0,True,BNBUSDT
2020-09-23 00:00:00+00:00,22.8331,1440,0,True,BNBUSDT
2020-09-24 00:00:00+00:00,24.5745,1440,0,True,BNBUSDT
2020-09-25 00:00:00+00:00,24.6924,1440,0,True,BNBUSDT
2020-09-26 00:00:00+00:00,26.1998,1440,0,True,BNBUSDT
2020-09-27 00:00:00+00:00,26.251,1440,0,True,BNBUSDT
2020-09-28 00:00:00+00:00,26.9855,1440,0,True,BNBUSDT
2020-09-29 00:00:00+00:00,28.8946,1440,0,True,BNBUSDT
2020-09-30 00:00:00+00:00,29.2656,1440,0,True,BNBUSDT
2020-10-01 00:00:00+00:00,27.4673,1440,0,True,BNBUSDT
2020-10-02 00:00:00+00:00,27.3369,1440,0,True,BNBUSDT
2020-10-03 00:00:00+00:00,28.1867,1440,0,True,BNBUSDT
2020-10-04 00:00:00+00:00,28.9668,1440,0,True,BNBUSDT
2020-10-05 00:00:00+00:00,28.6158,1440,0,True,BNBUSDT
2020-10-06 00:00:00+00:00,27.6812,1440,0,True,BNBUSDT
2020-10-07 00:00:00+00:00,27.6898,1440,0,True,BNBUSDT
2020-10-08 00:00:00+00:00,27.7424,1440,0,True,BNBUSDT
2020-10-09 00:00:00+00:00,28.4076,1440,0,True,BNBUSDT
2020-10-10 00:00:00+00:00,28.4414,1440,0,True,BNBUSDT
2020-10-11 00:00:00+00:00,28.5271,1440,0,True,BNBUSDT
2020-10-12 00:00:00+00:00,30.6503,1440,0,True,BNBUSDT
2020-10-13 00:00:00+00:00,30.7256,1440,0,True,BNBUSDT
2020-10-14 00:00:00+00:00,30.838,1440,0,True,BNBUSDT
2020-10-15 00:00:00+00:00,31.3256,1440,0,True,BNBUSDT
2020-10-16 00:00:00+00:00,30.0516,1440,0,True,BNBUSDT
2020-10-17 00:00:00+00:00,30.2414,1440,0,True,BNBUSDT
2020-10-18 00:00:00+00:00,30.6593,1440,0,True,BNBUSDT
2020-10-19 00:00:00+00:00,29.9107,1440,0,True,BNBUSDT
2020-10-20 00:00:00+00:00,28.8227,1440,0,True,BNBUSDT
2020-10-21 00:00:00+00:00,29.7329,1440,0,True,BNBUSDT
2020-10-22 00:00:00+00:00,30.6396,1440,0,True,BNBUSDT
2020-10-23 00:00:00+00:00,30.6377,1440,0,True,BNBUSDT
2020-10-24 00:00:00+00:00,30.6639,1440,0,True,BNBUSDT
2020-10-25 00:00:00+00:00,30.128,1440,0,True,BNBUSDT
2020-10-26 00:00:00+00:00,31.0467,1440,0,True,BNBUSDT
2020-10-27 00:00:00+00:00,31.4826,1440,0,True,BNBUSDT
2020-10-28 00:00:00+00:00,30.3338,1440,0,True,BNBUSDT
2020-10-29 00:00:00+00:00,29.8702,1440,0,True,BNBUSDT
2020-10-30 00:00:00+00:00,28.4909,1440,0,True,BNBUSDT
2020-10-31 00:00:00+00:00,28.5058,1440,0,True,BNBUSDT
2020-11-01 00:00:00+00:00,28.5318,1440,0,True,BNBUSDT
2020-11-02 00:00:00+00:00,27.7983,1440,0,True,BNBUSDT
2020-11-03 00:00:00+00:00,26.8638,1440,0,True,BNBUSDT
2020-11-04 00:00:00+00:00,26.96,1440,0,True,BNBUSDT
2020-11-05 00:00:00+00:00,27.6875,1440,0,True,BNBUSDT
2020-11-06 00:00:00+00:00,29.0435,1440,0,True,BNBUSDT
2020-11-07 00:00:00+00:00,27.7651,1440,0,True,BNBUSDT
2020-11-08 00:00:00+00:00,28.4101,1440,0,True,BNBUSDT
2020-11-09 00:00:00+00:00,28.0941,1440,0,True,BNBUSDT
2020-11-10 00:00:00+00:00,28.2188,1440,0,True,BNBUSDT
2020-11-11 00:00:00+00:00,28.016,1440,0,True,BNBUSDT
2020-11-12 00:00:00+00:00,27.6874,1440,0,True,BNBUSDT
2020-11-13 00:00:00+00:00,28.1974,1440,0,True,BNBUSDT
2020-11-14 00:00:00+00:00,27.9311,1440,0,True,BNBUSDT
2020-11-15 00:00:00+00:00,27.6786,1440,0,True,BNBUSDT
2020-11-16 00:00:00+00:00,27.9451,1440,0,True,BNBUSDT
2020-11-17 00:00:00+00:00,28.5552,1440,0,True,BNBUSDT
2020-11-18 00:00:00+00:00,28.0931,1440,0,True,BNBUSDT
2020-11-19 00:00:00+00:00,28.1387,1440,0,True,BNBUSDT
2020-11-20 00:00:00+00:00,28.9715,1440,0,True,BNBUSDT
2020-11-21 00:00:00+00:00,30.5161,1440,0,True,BNBUSDT
2020-11-22 00:00:00+00:00,30.0226,1440,0,True,BNBUSDT
2020-11-23 00:00:00+00:00,30.995,1440,0,True,BNBUSDT
2020-11-24 00:00:00+00:00,33.9407,1440,0,True,BNBUSDT
2020-11-25 00:00:00+00:00,31.2953,1440,0,True,BNBUSDT
2020-11-26 00:00:00+00:00,28.2356,1440,0,True,BNBUSDT
2020-11-27 00:00:00+00:00,28.4606,1440,0,True,BNBUSDT
2020-11-28 00:00:00+00:00,29.1766,1440,0,True,BNBUSDT
2020-11-29 00:00:00+00:00,30.1045,1440,0,True,BNBUSDT
2020-11-30 00:00:00+00:00,,1380,0,False,BNBUSDT
2020-12-01 00:00:00+00:00,30.1996,1440,0,True,BNBUSDT
2020-12-02 00:00:00+00:00,30.2875,1440,0,True,BNBUSDT
2020-12-03 00:00:00+00:00,30.7065,1440,0,True,BNBUSDT
2020-12-04 00:00:00+00:00,29.0231,1440,0,True,BNBUSDT
2020-12-05 00:00:00+00:00,29.728,1440,0,True,BNBUSDT
2020-12-06 00:00:00+00:00,29.5026,1440,0,True,BNBUSDT
2020-12-07 00:00:00+00:00,29.37,1440,0,True,BNBUSDT
2020-12-08 00:00:00+00:00,27.6705,1440,0,True,BNBUSDT
2020-12-09 00:00:00+00:00,28.1452,1440,0,True,BNBUSDT
2020-12-10 00:00:00+00:00,27.6926,1440,0,True,BNBUSDT
2020-12-11 00:00:00+00:00,27.3419,1440,0,True,BNBUSDT
2020-12-12 00:00:00+00:00,28.1603,1440,0,True,BNBUSDT
2020-12-13 00:00:00+00:00,29.1571,1440,0,True,BNBUSDT
2020-12-14 00:00:00+00:00,30.0338,1440,0,True,BNBUSDT
2020-12-15 00:00:00+00:00,29.5053,1440,0,True,BNBUSDT
2020-12-16 00:00:00+00:00,30.5577,1440,0,True,BNBUSDT
2020-12-17 00:00:00+00:00,30.2255,1440,0,True,BNBUSDT
2020-12-18 00:00:00+00:00,30.9882,1440,0,True,BNBUSDT
2020-12-19 00:00:00+00:00,33.3167,1440,0,True,BNBUSDT
2020-12-20 00:00:00+00:00,34.3148,1440,0,True,BNBUSDT
2020-12-21 00:00:00+00:00,,1209,1,False,BNBUSDT
2020-12-22 00:00:00+00:00,33.5151,1440,0,True,BNBUSDT
2020-12-23 00:00:00+00:00,31.1843,1440,0,True,BNBUSDT
2020-12-24 00:00:00+00:00,32.4895,1440,0,True,BNBUSDT
2020-12-25 00:00:00+00:00,,1380,0,False,BNBUSDT
2020-12-26 00:00:00+00:00,33.6361,1440,0,True,BNBUSDT
2020-12-27 00:00:00+00:00,33.674,1440,0,True,BNBUSDT
2020-12-28 00:00:00+00:00,35.951,1440,0,True,BNBUSDT
2020-12-29 00:00:00+00:00,39.0667,1440,0,True,BNBUSDT
2020-12-30 00:00:00+00:00,38.1558,1440,0,True,BNBUSDT
2020-12-31 00:00:00+00:00,37.3588,1440,0,True,BNBUSDT
2021-01-01 00:00:00+00:00,37.7762,1440,0,True,BNBUSDT
2021-01-02 00:00:00+00:00,38.2331,1440,0,True,BNBUSDT
2021-01-03 00:00:00+00:00,41.2575,1440,0,True,BNBUSDT
2021-01-04 00:00:00+00:00,41.1333,1440,0,True,BNBUSDT
2021-01-05 00:00:00+00:00,41.8219,1440,0,True,BNBUSDT
2021-01-06 00:00:00+00:00,42.2417,1440,0,True,BNBUSDT
2021-01-07 00:00:00+00:00,43.5728,1440,0,True,BNBUSDT
2021-01-08 00:00:00+00:00,42.356,1440,0,True,BNBUSDT
2021-01-09 00:00:00+00:00,43.8479,1440,0,True,BNBUSDT
2021-01-10 00:00:00+00:00,42.4031,1440,0,True,BNBUSDT
2021-01-11 00:00:00+00:00,38.1674,1440,0,True,BNBUSDT
2021-01-12 00:00:00+00:00,38.2541,1440,0,True,BNBUSDT
2021-01-13 00:00:00+00:00,40.1114,1440,0,True,BNBUSDT
2021-01-14 00:00:00+00:00,41.8723,1440,0,True,BNBUSDT
2021-01-15 00:00:00+00:00,40.8668,1440,0,True,BNBUSDT
2021-01-16 00:00:00+00:00,43.142,1440,0,True,BNBUSDT
2021-01-17 00:00:00+00:00,45.8675,1440,0,True,BNBUSDT
2021-01-18 00:00:00+00:00,45.3412,1440,0,True,BNBUSDT
2021-01-19 00:00:00+00:00,42.5241,1440,0,True,BNBUSDT
2021-01-20 00:00:00+00:00,42.6069,1440,0,True,BNBUSDT
2021-01-21 00:00:00+00:00,38.6343,1440,0,True,BNBUSDT
2021-01-22 00:00:00+00:00,40.8936,1440,0,True,BNBUSDT
2021-01-23 00:00:00+00:00,40.9109,1440,0,True,BNBUSDT
2021-01-24 00:00:00+00:00,41.8263,1440,0,True,BNBUSDT
2021-01-25 00:00:00+00:00,41.8347,1440,0,True,BNBUSDT
2021-01-26 00:00:00+00:00,41.8396,1440,0,True,BNBUSDT
2021-01-27 00:00:00+00:00,40.8826,1440,0,True,BNBUSDT
2021-01-28 00:00:00+00:00,42.5254,1440,0,True,BNBUSDT
2021-01-29 00:00:00+00:00,42.8618,1440,0,True,BNBUSDT
2021-01-30 00:00:00+00:00,44.7849,1440,0,True,BNBUSDT
2021-01-31 00:00:00+00:00,44.3292,1440,0,True,BNBUSDT
2021-02-01 00:00:00+00:00,51.4781,1440,0,True,BNBUSDT
2021-02-02 00:00:00+00:00,51.0071,1440,0,True,BNBUSDT
2021-02-03 00:00:00+00:00,52.12,1440,0,True,BNBUSDT
2021-02-04 00:00:00+00:00,55.9599,1440,0,True,BNBUSDT
2021-02-05 00:00:00+00:00,67.7005,1440,0,True,BNBUSDT
2021-02-06 00:00:00+00:00,72.8356,1440,0,True,BNBUSDT
2021-02-07 00:00:00+00:00,68.3542,1440,0,True,BNBUSDT
2021-02-08 00:00:00+00:00,79.8374,1440,0,True,BNBUSDT
2021-02-09 00:00:00+00:00,107.3469,1440,0,True,BNBUSDT
2021-02-10 00:00:00+00:00,128.9711,1440,0,True,BNBUSDT
2021-02-11 00:00:00+00:00,,1361,1,False,BNBUSDT
2021-02-12 00:00:00+00:00,136.6139,1440,0,True,BNBUSDT
2021-02-13 00:00:00+00:00,133.3496,1440,0,True,BNBUSDT
2021-02-14 00:00:00+00:00,135.8623,1440,0,True,BNBUSDT
2021-02-15 00:00:00+00:00,130.303,1440,0,True,BNBUSDT
2021-02-16 00:00:00+00:00,130.183,1440,0,True,BNBUSDT
2021-02-17 00:00:00+00:00,165.3233,1440,0,True,BNBUSDT
2021-02-18 00:00:00+00:00,195.6,1440,0,True,BNBUSDT
2021-02-19 00:00:00+00:00,333.111,1440,0,True,BNBUSDT
2021-02-20 00:00:00+00:00,253.0,1440,0,True,BNBUSDT
2021-02-21 00:00:00+00:00,295.2597,1440,0,True,BNBUSDT
2021-02-22 00:00:00+00:00,267.5147,1440,0,True,BNBUSDT
2021-02-23 00:00:00+00:00,231.3646,1440,0,True,BNBUSDT
2021-02-24 00:00:00+00:00,254.5056,1440,0,True,BNBUSDT
2021-02-25 00:00:00+00:00,234.9146,1440,0,True,BNBUSDT
2021-02-26 00:00:00+00:00,221.717,1440,0,True,BNBUSDT
2021-02-27 00:00:00+00:00,225.3853,1440,0,True,BNBUSDT
2021-02-28 00:00:00+00:00,210.2138,1440,0,True,BNBUSDT
2021-03-01 00:00:00+00:00,254.9637,1440,0,True,BNBUSDT
2021-03-02 00:00:00+00:00,239.6841,1440,0,True,BNBUSDT
2021-03-03 00:00:00+00:00,240.5701,1440,0,True,BNBUSDT
2021-03-04 00:00:00+00:00,229.6369,1440,0,True,BNBUSDT
2021-03-05 00:00:00+00:00,225.4714,1440,0,True,BNBUSDT
2021-03-06 00:00:00+00:00,,1350,0,False,BNBUSDT
2021-03-07 00:00:00+00:00,240.11,1440,0,True,BNBUSDT
2021-03-08 00:00:00+00:00,240.5509,1440,0,True,BNBUSDT
2021-03-09 00:00:00+00:00,293.2052,1440,0,True,BNBUSDT
2021-03-10 00:00:00+00:00,278.4499,1440,0,True,BNBUSDT
2021-03-11 00:00:00+00:00,290.0301,1440,0,True,BNBUSDT
2021-03-12 00:00:00+00:00,263.2201,1440,0,True,BNBUSDT
2021-03-13 00:00:00+00:00,276.2822,1440,0,True,BNBUSDT
2021-03-14 00:00:00+00:00,263.238,1440,0,True,BNBUSDT
2021-03-15 00:00:00+00:00,254.5144,1440,0,True,BNBUSDT
2021-03-16 00:00:00+00:00,258.5352,1440,0,True,BNBUSDT
2021-03-17 00:00:00+00:00,269.7896,1440,0,True,BNBUSDT
2021-03-18 00:00:00+00:00,261.4816,1440,0,True,BNBUSDT
2021-03-19 00:00:00+00:00,262.935,1440,0,True,BNBUSDT
2021-03-20 00:00:00+00:00,264.3023,1440,0,True,BNBUSDT
2021-03-21 00:00:00+00:00,264.6513,1440,0,True,BNBUSDT
2021-03-22 00:00:00+00:00,254.7976,1440,0,True,BNBUSDT
2021-03-23 00:00:00+00:00,255.4646,1440,0,True,BNBUSDT
2021-03-24 00:00:00+00:00,248.5236,1440,0,True,BNBUSDT
2021-03-25 00:00:00+00:00,233.9466,1440,0,True,BNBUSDT
2021-03-26 00:00:00+00:00,255.2105,1440,0,True,BNBUSDT
2021-03-27 00:00:00+00:00,269.2234,1440,0,True,BNBUSDT
2021-03-28 00:00:00+00:00,268.4263,1440,0,True,BNBUSDT
2021-03-29 00:00:00+00:00,275.2991,1440,0,True,BNBUSDT
2021-03-30 00:00:00+00:00,311.2962,1440,0,True,BNBUSDT
2021-03-31 00:00:00+00:00,302.3724,1440,0,True,BNBUSDT
2021-04-01 00:00:00+00:00,334.7991,1440,0,True,BNBUSDT
2021-04-02 00:00:00+00:00,338.2932,1440,0,True,BNBUSDT
2021-04-03 00:00:00+00:00,321.9497,1440,0,True,BNBUSDT
2021-04-04 00:00:00+00:00,348.8617,1440,0,True,BNBUSDT
2021-04-05 00:00:00+00:00,368.0263,1440,0,True,BNBUSDT
2021-04-06 00:00:00+00:00,403.3648,1440,0,True,BNBUSDT
2021-04-07 00:00:00+00:00,375.5538,1440,0,True,BNBUSDT
2021-04-08 00:00:00+00:00,418.7048,1440,0,True,BNBUSDT
2021-04-09 00:00:00+00:00,453.9937,1440,0,True,BNBUSDT
2021-04-10 00:00:00+00:00,471.2975,1440,0,True,BNBUSDT
2021-04-11 00:00:00+00:00,525.9275,1440,0,True,BNBUSDT
2021-04-12 00:00:00+00:00,596.7104,1440,0,True,BNBUSDT
2021-04-13 00:00:00+00:00,551.6442,1440,0,True,BNBUSDT
2021-04-14 00:00:00+00:00,550.0182,1440,0,True,BNBUSDT
2021-04-15 00:00:00+00:00,541.8824,1440,0,True,BNBUSDT
2021-04-16 00:00:00+00:00,508.2743,1440,0,True,BNBUSDT
2021-04-17 00:00:00+00:00,514.6861,1440,0,True,BNBUSDT
2021-04-18 00:00:00+00:00,481.4367,1440,0,True,BNBUSDT
2021-04-19 00:00:00+00:00,504.0322,1440,0,True,BNBUSDT
2021-04-20 00:00:00+00:00,,1290,0,False,BNBUSDT
2021-04-21 00:00:00+00:00,543.6327,1440,0,True,BNBUSDT
2021-04-22 00:00:00+00:00,505.2411,1440,0,True,BNBUSDT
2021-04-23 00:00:00+00:00,526.5357,1440,0,True,BNBUSDT
2021-04-24 00:00:00+00:00,496.992,1440,0,True,BNBUSDT
2021-04-25 00:00:00+00:00,,1156,1,False,BNBUSDT
2021-04-26 00:00:00+00:00,535.33,1440,0,True,BNBUSDT
2021-04-27 00:00:00+00:00,568.78,1440,0,True,BNBUSDT
2021-04-28 00:00:00+00:00,562.78,1440,0,True,BNBUSDT
2021-04-29 00:00:00+00:00,599.7,1440,0,True,BNBUSDT
2021-04-30 00:00:00+00:00,622.65,1440,0,True,BNBUSDT
2021-05-01 00:00:00+00:00,620.0,1440,0,True,BNBUSDT
2021-05-02 00:00:00+00:00,621.78,1440,0,True,BNBUSDT
2021-05-03 00:00:00+00:00,676.15,1440,0,True,BNBUSDT
2021-05-04 00:00:00+00:00,609.3,1440,0,True,BNBUSDT
2021-05-05 00:00:00+00:00,651.1,1440,0,True,BNBUSDT
2021-05-06 00:00:00+00:00,633.99,1440,0,True,BNBUSDT
2021-05-07 00:00:00+00:00,624.3,1440,0,True,BNBUSDT
2021-05-08 00:00:00+00:00,646.1,1440,0,True,BNBUSDT
2021-05-09 00:00:00+00:00,661.74,1440,0,True,BNBUSDT
2021-05-10 00:00:00+00:00,631.1,1440,0,True,BNBUSDT
2021-05-11 00:00:00+00:00,671.91,1440,0,True,BNBUSDT
2021-05-12 00:00:00+00:00,594.65,1440,0,True,BNBUSDT
2021-05-13 00:00:00+00:00,571.1,1440,0,True,BNBUSDT
2021-05-14 00:00:00+00:00,602.61,1440,0,True,BNBUSDT
2021-05-15 00:00:00+00:00,563.41,1440,0,True,BNBUSDT
2021-05-16 00:00:00+00:00,564.32,1440,0,True,BNBUSDT
2021-05-17 00:00:00+00:00,512.07,1440,0,True,BNBUSDT
2021-05-18 00:00:00+00:00,507.88,1440,0,True,BNBUSDT
2021-05-19 00:00:00+00:00,334.8,1440,0,True,BNBUSDT
2021-05-20 00:00:00+00:00,391.17,1440,0,True,BNBUSDT
2021-05-21 00:00:00+00:00,326.01,1440,0,True,BNBUSDT
2021-05-22 00:00:00+00:00,299.76,1440,0,True,BNBUSDT
2021-05-23 00:00:00+00:00,260.72,1440,0,True,BNBUSDT
2021-05-24 00:00:00+00:00,345.64,1440,0,True,BNBUSDT
2021-05-25 00:00:00+00:00,343.18,1440,0,True,BNBUSDT
2021-05-26 00:00:00+00:00,379.16,1440,0,True,BNBUSDT
2021-05-27 00:00:00+00:00,369.67,1440,0,True,BNBUSDT
2021-05-28 00:00:00+00:00,328.82,1440,0,True,BNBUSDT
2021-05-29 00:00:00+00:00,305.04,1440,0,True,BNBUSDT
2021-05-30 00:00:00+00:00,325.57,1440,0,True,BNBUSDT
2021-05-31 00:00:00+00:00,353.33,1440,0,True,BNBUSDT
2021-06-01 00:00:00+00:00,362.39,1440,0,True,BNBUSDT
2021-06-02 00:00:00+00:00,401.54,1440,0,True,BNBUSDT
2021-06-03 00:00:00+00:00,428.48,1440,0,True,BNBUSDT
2021-06-04 00:00:00+00:00,390.7,1440,0,True,BNBUSDT
2021-06-05 00:00:00+00:00,390.08,1440,0,True,BNBUSDT
2021-06-06 00:00:00+00:00,393.73,1440,0,True,BNBUSDT
2021-06-07 00:00:00+00:00,357.96,1440,0,True,BNBUSDT
2021-06-08 00:00:00+00:00,352.5,1440,0,True,BNBUSDT
2021-06-09 00:00:00+00:00,375.54,1440,0,True,BNBUSDT
2021-06-10 00:00:00+00:00,351.94,1440,0,True,BNBUSDT
2021-06-11 00:00:00+00:00,345.75,1440,0,True,BNBUSDT
2021-06-12 00:00:00+00:00,343.7,1440,0,True,BNBUSDT
2021-06-13 00:00:00+00:00,365.8,1440,0,True,BNBUSDT
2021-06-14 00:00:00+00:00,370.19,1440,0,True,BNBUSDT
2021-06-15 00:00:00+00:00,366.48,1440,0,True,BNBUSDT
2021-06-16 00:00:00+00:00,347.22,1440,0,True,BNBUSDT
2021-06-17 00:00:00+00:00,352.85,1440,0,True,BNBUSDT
2021-06-18 00:00:00+00:00,337.16,1440,0,True,BNBUSDT
2021-06-19 00:00:00+00:00,334.01,1440,0,True,BNBUSDT
2021-06-20 00:00:00+00:00,339.08,1440,0,True,BNBUSDT
2021-06-21 00:00:00+00:00,270.76,1440,0,True,BNBUSDT
2021-06-22 00:00:00+00:00,262.1,1440,0,True,BNBUSDT
2021-06-23 00:00:00+00:00,296.25,1440,0,True,BNBUSDT
2021-06-24 00:00:00+00:00,308.62,1440,0,True,BNBUSDT
2021-06-25 00:00:00+00:00,280.81,1440,0,True,BNBUSDT
2021-06-26 00:00:00+00:00,279.65,1440,0,True,BNBUSDT
2021-06-27 00:00:00+00:00,290.87,1440,0,True,BNBUSDT
2021-06-28 00:00:00+00:00,290.0,1440,0,True,BNBUSDT
2021-06-29 00:00:00+00:00,300.79,1440,0,True,BNBUSDT
2021-06-30 00:00:00+00:00,303.71,1440,0,True,BNBUSDT
2021-07-01 00:00:00+00:00,287.43,1440,0,True,BNBUSDT
2021-07-02 00:00:00+00:00,287.17,1440,0,True,BNBUSDT
2021-07-03 00:00:00+00:00,298.13,1440,0,True,BNBUSDT
2021-07-04 00:00:00+00:00,307.62,1440,0,True,BNBUSDT
2021-07-05 00:00:00+00:00,302.02,1440,0,True,BNBUSDT
2021-07-06 00:00:00+00:00,319.92,1440,0,True,BNBUSDT
2021-07-07 00:00:00+00:00,327.51,1440,0,True,BNBUSDT
2021-07-08 00:00:00+00:00,310.14,1440,0,True,BNBUSDT
2021-07-09 00:00:00+00:00,317.09,1440,0,True,BNBUSDT
2021-07-10 00:00:00+00:00,316.12,1440,0,True,BNBUSDT
2021-07-11 00:00:00+00:00,322.16,1440,0,True,BNBUSDT
2021-07-12 00:00:00+00:00,316.12,1440,0,True,BNBUSDT
2021-07-13 00:00:00+00:00,308.94,1440,0,True,BNBUSDT
2021-07-14 00:00:00+00:00,309.4,1440,0,True,BNBUSDT
2021-07-15 00:00:00+00:00,316.11,1440,0,True,BNBUSDT
2021-07-16 00:00:00+00:00,302.88,1440,0,True,BNBUSDT
2021-07-17 00:00:00+00:00,300.52,1440,0,True,BNBUSDT
2021-07-18 00:00:00+00:00,302.1,1440,0,True,BNBUSDT
2021-07-19 00:00:00+00:00,280.54,1440,0,True,BNBUSDT
2021-07-20 00:00:00+00:00,264.44,1440,0,True,BNBUSDT
2021-07-21 00:00:00+00:00,293.26,1440,0,True,BNBUSDT
2021-07-22 00:00:00+00:00,293.36,1440,0,True,BNBUSDT
2021-07-23 00:00:00+00:00,299.27,1440,0,True,BNBUSDT
2021-07-24 00:00:00+00:00,301.56,1440,0,True,BNBUSDT
2021-07-25 00:00:00+00:00,302.56,1440,0,True,BNBUSDT
2021-07-26 00:00:00+00:00,304.0,1440,0,True,BNBUSDT
2021-07-27 00:00:00+00:00,313.48,1440,0,True,BNBUSDT
2021-07-28 00:00:00+00:00,313.8,1440,0,True,BNBUSDT
2021-07-29 00:00:00+00:00,317.03,1440,0,True,BNBUSDT
2021-07-30 00:00:00+00:00,322.58,1440,0,True,BNBUSDT
2021-07-31 00:00:00+00:00,332.38,1440,0,True,BNBUSDT
2021-08-01 00:00:00+00:00,332.59,1440,0,True,BNBUSDT
2021-08-02 00:00:00+00:00,330.55,1440,0,True,BNBUSDT
2021-08-03 00:00:00+00:00,323.43,1440,0,True,BNBUSDT
2021-08-04 00:00:00+00:00,334.77,1440,0,True,BNBUSDT
2021-08-05 00:00:00+00:00,337.91,1440,0,True,BNBUSDT
2021-08-06 00:00:00+00:00,342.39,1440,0,True,BNBUSDT
2021-08-07 00:00:00+00:00,356.18,1440,0,True,BNBUSDT
2021-08-08 00:00:00+00:00,341.79,1440,0,True,BNBUSDT
2021-08-09 00:00:00+00:00,354.32,1440,0,True,BNBUSDT
2021-08-10 00:00:00+00:00,371.92,1440,0,True,BNBUSDT
2021-08-11 00:00:00+00:00,390.96,1440,0,True,BNBUSDT
2021-08-12 00:00:00+00:00,385.66,1440,0,True,BNBUSDT
2021-08-13 00:00:00+00:00,,1170,1,False,BNBUSDT
2021-08-14 00:00:00+00:00,408.67,1440,0,True,BNBUSDT
2021-08-15 00:00:00+00:00,414.05,1440,0,True,BNBUSDT
2021-08-16 00:00:00+00:00,415.72,1440,0,True,BNBUSDT
2021-08-17 00:00:00+00:00,401.8,1440,0,True,BNBUSDT
2021-08-18 00:00:00+00:00,396.15,1440,0,True,BNBUSDT
2021-08-19 00:00:00+00:00,431.27,1440,0,True,BNBUSDT
2021-08-20 00:00:00+00:00,454.93,1440,0,True,BNBUSDT
2021-08-21 00:00:00+00:00,448.74,1440,0,True,BNBUSDT
2021-08-22 00:00:00+00:00,448.68,1440,0,True,BNBUSDT
2021-08-23 00:00:00+00:00,499.06,1440,0,True,BNBUSDT
2021-08-24 00:00:00+00:00,471.62,1440,0,True,BNBUSDT
2021-08-25 00:00:00+00:00,503.19,1440,0,True,BNBUSDT
2021-08-26 00:00:00+00:00,478.1,1440,0,True,BNBUSDT
2021-08-27 00:00:00+00:00,494.5,1440,0,True,BNBUSDT
2021-08-28 00:00:00+00:00,486.2,1440,0,True,BNBUSDT
2021-08-29 00:00:00+00:00,479.7,1440,0,True,BNBUSDT
2021-08-30 00:00:00+00:00,460.3,1440,0,True,BNBUSDT
2021-08-31 00:00:00+00:00,463.9,1440,0,True,BNBUSDT
2021-09-01 00:00:00+00:00,489.4,1440,0,True,BNBUSDT
2021-09-02 00:00:00+00:00,483.7,1440,0,True,BNBUSDT
2021-09-03 00:00:00+00:00,488.5,1440,0,True,BNBUSDT
2021-09-04 00:00:00+00:00,497.7,1440,0,True,BNBUSDT
2021-09-05 00:00:00+00:00,504.8,1440,0,True,BNBUSDT
2021-09-06 00:00:00+00:00,496.1,1440,0,True,BNBUSDT
2021-09-07 00:00:00+00:00,418.7,1440,0,True,BNBUSDT
2021-09-08 00:00:00+00:00,415.0,1440,0,True,BNBUSDT
2021-09-09 00:00:00+00:00,421.3,1440,0,True,BNBUSDT
2021-09-10 00:00:00+00:00,401.4,1440,0,True,BNBUSDT
2021-09-11 00:00:00+00:00,405.1,1440,0,True,BNBUSDT
2021-09-12 00:00:00+00:00,416.3,1440,0,True,BNBUSDT
2021-09-13 00:00:00+00:00,399.1,1440,0,True,BNBUSDT
2021-09-14 00:00:00+00:00,414.3,1440,0,True,BNBUSDT
2021-09-15 00:00:00+00:00,431.3,1440,0,True,BNBUSDT
2021-09-16 00:00:00+00:00,424.3,1440,0,True,BNBUSDT
2021-09-17 00:00:00+00:00,406.6,1440,0,True,BNBUSDT
2021-09-18 00:00:00+00:00,410.7,1440,0,True,BNBUSDT
2021-09-19 00:00:00+00:00,408.6,1440,0,True,BNBUSDT
2021-09-20 00:00:00+00:00,364.1,1440,0,True,BNBUSDT
2021-09-21 00:00:00+00:00,344.4,1440,0,True,BNBUSDT
2021-09-22 00:00:00+00:00,379.0,1440,0,True,BNBUSDT
2021-09-23 00:00:00+00:00,383.5,1440,0,True,BNBUSDT
2021-09-24 00:00:00+00:00,355.0,1440,0,True,BNBUSDT
2021-09-25 00:00:00+00:00,349.6,1440,0,True,BNBUSDT
2021-09-26 00:00:00+00:00,344.0,1440,0,True,BNBUSDT
2021-09-27 00:00:00+00:00,335.5,1440,0,True,BNBUSDT
2021-09-28 00:00:00+00:00,333.0,1440,0,True,BNBUSDT
2021-09-29 00:00:00+00:00,,1320,0,False,BNBUSDT
2021-09-30 00:00:00+00:00,387.5,1440,0,True,BNBUSDT
2021-10-01 00:00:00+00:00,421.5,1440,0,True,BNBUSDT
2021-10-02 00:00:00+00:00,427.1,1440,0,True,BNBUSDT
2021-10-03 00:00:00+00:00,430.5,1440,0,True,BNBUSDT
2021-10-04 00:00:00+00:00,426.3,1440,0,True,BNBUSDT
2021-10-05 00:00:00+00:00,442.1,1440,0,True,BNBUSDT
2021-10-06 00:00:00+00:00,434.9,1440,0,True,BNBUSDT
2021-10-07 00:00:00+00:00,438.5,1440,0,True,BNBUSDT
2021-10-08 00:00:00+00:00,419.2,1440,0,True,BNBUSDT
2021-10-09 00:00:00+00:00,421.9,1440,0,True,BNBUSDT
2021-10-10 00:00:00+00:00,404.1,1440,0,True,BNBUSDT
2021-10-11 00:00:00+00:00,413.1,1440,0,True,BNBUSDT
2021-10-12 00:00:00+00:00,444.2,1440,0,True,BNBUSDT
2021-10-13 00:00:00+00:00,470.8,1440,0,True,BNBUSDT
2021-10-14 00:00:00+00:00,472.7,1440,0,True,BNBUSDT
2021-10-15 00:00:00+00:00,474.5,1440,0,True,BNBUSDT
2021-10-16 00:00:00+00:00,465.8,1440,0,True,BNBUSDT
2021-10-17 00:00:00+00:00,470.9,1440,0,True,BNBUSDT
2021-10-18 00:00:00+00:00,484.9,1440,0,True,BNBUSDT
2021-10-19 00:00:00+00:00,488.1,1440,0,True,BNBUSDT
2021-10-20 00:00:00+00:00,501.3,1440,0,True,BNBUSDT
2021-10-21 00:00:00+00:00,470.9,1440,0,True,BNBUSDT
2021-10-22 00:00:00+00:00,479.3,1440,0,True,BNBUSDT
2021-10-23 00:00:00+00:00,485.5,1440,0,True,BNBUSDT
2021-10-24 00:00:00+00:00,475.8,1440,0,True,BNBUSDT
2021-10-25 00:00:00+00:00,485.1,1440,0,True,BNBUSDT
2021-10-26 00:00:00+00:00,478.1,1440,0,True,BNBUSDT
2021-10-27 00:00:00+00:00,448.7,1440,0,True,BNBUSDT
2021-10-28 00:00:00+00:00,491.9,1440,0,True,BNBUSDT
2021-10-29 00:00:00+00:00,530.3,1440,0,True,BNBUSDT
2021-10-30 00:00:00+00:00,528.3,1440,0,True,BNBUSDT
2021-10-31 00:00:00+00:00,524.6,1440,0,True,BNBUSDT
2021-11-01 00:00:00+00:00,551.3,1440,0,True,BNBUSDT
2021-11-02 00:00:00+00:00,554.4,1440,0,True,BNBUSDT
2021-11-03 00:00:00+00:00,568.4,1440,0,True,BNBUSDT
2021-11-04 00:00:00+00:00,558.7,1440,0,True,BNBUSDT
2021-11-05 00:00:00+00:00,607.3,1440,0,True,BNBUSDT
2021-11-06 00:00:00+00:00,637.7,1440,0,True,BNBUSDT
2021-11-07 00:00:00+00:00,649.6,1440,0,True,BNBUSDT
2021-11-08 00:00:00+00:00,653.5,1440,0,True,BNBUSDT
2021-11-09 00:00:00+00:00,635.0,1440,0,True,BNBUSDT
2021-11-10 00:00:00+00:00,614.1,1440,0,True,BNBUSDT
2021-11-11 00:00:00+00:00,628.4,1440,0,True,BNBUSDT
2021-11-12 00:00:00+00:00,626.9,1440,0,True,BNBUSDT
2021-11-13 00:00:00+00:00,649.5,1440,0,True,BNBUSDT
2021-11-14 00:00:00+00:00,650.8,1440,0,True,BNBUSDT
2021-11-15 00:00:00+00:00,633.8,1440,0,True,BNBUSDT
2021-11-16 00:00:00+00:00,588.7,1440,0,True,BNBUSDT
2021-11-17 00:00:00+00:00,578.0,1440,0,True,BNBUSDT
2021-11-18 00:00:00+00:00,531.8,1440,0,True,BNBUSDT
2021-11-19 00:00:00+00:00,581.0,1440,0,True,BNBUSDT
2021-11-20 00:00:00+00:00,604.3,1440,0,True,BNBUSDT
2021-11-21 00:00:00+00:00,584.0,1440,0,True,BNBUSDT
2021-11-22 00:00:00+00:00,559.3,1440,0,True,BNBUSDT
2021-11-23 00:00:00+00:00,591.1,1440,0,True,BNBUSDT
2021-11-24 00:00:00+00:00,590.3,1440,0,True,BNBUSDT
2021-11-25 00:00:00+00:00,639.1,1440,0,True,BNBUSDT
2021-11-26 00:00:00+00:00,587.3,1440,0,True,BNBUSDT
2021-11-27 00:00:00+00:00,599.9,1440,0,True,BNBUSDT
2021-11-28 00:00:00+00:00,611.3,1440,0,True,BNBUSDT
2021-11-29 00:00:00+00:00,623.4,1440,0,True,BNBUSDT
2021-11-30 00:00:00+00:00,622.5,1440,0,True,BNBUSDT
2021-12-01 00:00:00+00:00,627.5,1440,0,True,BNBUSDT
2021-12-02 00:00:00+00:00,619.9,1440,0,True,BNBUSDT
2021-12-03 00:00:00+00:00,595.0,1440,0,True,BNBUSDT
2021-12-04 00:00:00+00:00,568.6,1440,0,True,BNBUSDT
2021-12-05 00:00:00+00:00,557.8,1440,0,True,BNBUSDT
2021-12-06 00:00:00+00:00,587.5,1440,0,True,BNBUSDT
2021-12-07 00:00:00+00:00,578.7,1440,0,True,BNBUSDT
2021-12-08 00:00:00+00:00,607.2,1440,0,True,BNBUSDT
2021-12-09 00:00:00+00:00,570.2,1440,0,True,BNBUSDT
2021-12-10 00:00:00+00:00,552.4,1440,0,True,BNBUSDT
2021-12-11 00:00:00+00:00,564.5,1440,0,True,BNBUSDT
2021-12-12 00:00:00+00:00,570.3,1440,0,True,BNBUSDT
2021-12-13 00:00:00+00:00,521.0,1440,0,True,BNBUSDT
2021-12-14 00:00:00+00:00,528.1,1440,0,True,BNBUSDT
2021-12-15 00:00:00+00:00,541.1,1440,0,True,BNBUSDT
2021-12-16 00:00:00+00:00,526.2,1440,0,True,BNBUSDT
2021-12-17 00:00:00+00:00,525.5,1440,0,True,BNBUSDT
2021-12-18 00:00:00+00:00,533.9,1440,0,True,BNBUSDT
2021-12-19 00:00:00+00:00,529.8,1440,0,True,BNBUSDT
2021-12-20 00:00:00+00:00,524.0,1440,0,True,BNBUSDT
2021-12-21 00:00:00+00:00,528.3,1440,0,True,BNBUSDT
2021-12-22 00:00:00+00:00,533.6,1440,0,True,BNBUSDT
2021-12-23 00:00:00+00:00,549.0,1440,0,True,BNBUSDT
2021-12-24 00:00:00+00:00,,1440,1,False,BNBUSDT
2021-12-25 00:00:00+00:00,547.4,1440,0,True,BNBUSDT
2021-12-26 00:00:00+00:00,546.4,1440,0,True,BNBUSDT
2021-12-27 00:00:00+00:00,563.7,1440,0,True,BNBUSDT
2021-12-28 00:00:00+00:00,534.2,1440,0,True,BNBUSDT
2021-12-29 00:00:00+00:00,514.5,1440,0,True,BNBUSDT
2021-12-30 00:00:00+00:00,518.5,1440,0,True,BNBUSDT
2021-12-31 00:00:00+00:00,511.4,1440,0,True,BNBUSDT
2022-01-01 00:00:00+00:00,527.3,1440,0,True,BNBUSDT
2022-01-02 00:00:00+00:00,531.0,1440,0,True,BNBUSDT
2022-01-03 00:00:00+00:00,511.9,1440,0,True,BNBUSDT
2022-01-04 00:00:00+00:00,506.9,1440,0,True,BNBUSDT
2022-01-05 00:00:00+00:00,474.1,1440,0,True,BNBUSDT
2022-01-06 00:00:00+00:00,472.6,1440,0,True,BNBUSDT
2022-01-07 00:00:00+00:00,448.1,1440,0,True,BNBUSDT
2022-01-08 00:00:00+00:00,429.9,1440,0,True,BNBUSDT
2022-01-09 00:00:00+00:00,438.7,1440,0,True,BNBUSDT
2022-01-10 00:00:00+00:00,424.7,1440,0,True,BNBUSDT
2022-01-11 00:00:00+00:00,463.6,1440,0,True,BNBUSDT
2022-01-12 00:00:00+00:00,487.8,1440,0,True,BNBUSDT
2022-01-13 00:00:00+00:00,475.2,1440,0,True,BNBUSDT
2022-01-14 00:00:00+00:00,490.0,1440,0,True,BNBUSDT
2022-01-15 00:00:00+00:00,494.5,1440,0,True,BNBUSDT
2022-01-16 00:00:00+00:00,498.6,1440,0,True,BNBUSDT
2022-01-17 00:00:00+00:00,475.2,1440,0,True,BNBUSDT
2022-01-18 00:00:00+00:00,471.4,1440,0,True,BNBUSDT
2022-01-19 00:00:00+00:00,461.9,1440,0,True,BNBUSDT
2022-01-20 00:00:00+00:00,440.2,1440,0,True,BNBUSDT
2022-01-21 00:00:00+00:00,383.9,1440,0,True,BNBUSDT
2022-01-22 00:00:00+00:00,358.3,1440,0,True,BNBUSDT
2022-01-23 00:00:00+00:00,383.9,1440,0,True,BNBUSDT
2022-01-24 00:00:00+00:00,371.3,1440,0,True,BNBUSDT
2022-01-25 00:00:00+00:00,385.1,1440,0,True,BNBUSDT
2022-01-26 00:00:00+00:00,375.1,1440,0,True,BNBUSDT
2022-01-27 00:00:00+00:00,389.9,1440,0,True,BNBUSDT
2022-01-28 00:00:00+00:00,385.9,1440,0,True,BNBUSDT
2022-01-29 00:00:00+00:00,389.3,1440,0,True,BNBUSDT
2022-01-30 00:00:00+00:00,377.2,1440,0,True,BNBUSDT
2022-01-31 00:00:00+00:00,374.3,1440,0,True,BNBUSDT
2022-02-01 00:00:00+00:00,384.2,1440,0,True,BNBUSDT
2022-02-02 00:00:00+00:00,366.9,1440,0,True,BNBUSDT
2022-02-03 00:00:00+00:00,372.3,1440,0,True,BNBUSDT
2022-02-04 00:00:00+00:00,399.5,1440,0,True,BNBUSDT
2022-02-05 00:00:00+00:00,413.7,1440,0,True,BNBUSDT
2022-02-06 00:00:00+00:00,419.9,1440,0,True,BNBUSDT
2022-02-07 00:00:00+00:00,433.5,1440,0,True,BNBUSDT
2022-02-08 00:00:00+00:00,407.8,1440,0,True,BNBUSDT
2022-02-09 00:00:00+00:00,422.9,1440,0,True,BNBUSDT
2022-02-10 00:00:00+00:00,414.7,1440,0,True,BNBUSDT
2022-02-11 00:00:00+00:00,400.0,1440,0,True,BNBUSDT
2022-02-12 00:00:00+00:00,403.6,1440,0,True,BNBUSDT
2022-02-13 00:00:00+00:00,397.9,1440,0,True,BNBUSDT
2022-02-14 00:00:00+00:00,403.4,1440,0,True,BNBUSDT
2022-02-15 00:00:00+00:00,432.4,1440,0,True,BNBUSDT
2022-02-16 00:00:00+00:00,427.3,1440,0,True,BNBUSDT
2022-02-17 00:00:00+00:00,402.4,1440,0,True,BNBUSDT
2022-02-18 00:00:00+00:00,399.2,1440,0,True,BNBUSDT
2022-02-19 00:00:00+00:00,399.8,1440,0,True,BNBUSDT
2022-02-20 00:00:00+00:00,380.6,1440,0,True,BNBUSDT
2022-02-21 00:00:00+00:00,356.6,1440,0,True,BNBUSDT
2022-02-22 00:00:00+00:00,374.3,1440,0,True,BNBUSDT
2022-02-23 00:00:00+00:00,365.6,1440,0,True,BNBUSDT
2022-02-24 00:00:00+00:00,361.2,1440,0,True,BNBUSDT
2022-02-25 00:00:00+00:00,375.0,1440,0,True,BNBUSDT
2022-02-26 00:00:00+00:00,373.7,1440,0,True,BNBUSDT
2022-02-27 00:00:00+00:00,360.1,1440,0,True,BNBUSDT
2022-02-28 00:00:00+00:00,395.6,1440,0,True,BNBUSDT
2022-03-01 00:00:00+00:00,408.7,1440,0,True,BNBUSDT
2022-03-02 00:00:00+00:00,409.3,1440,0,True,BNBUSDT
2022-03-03 00:00:00+00:00,402.6,1440,0,True,BNBUSDT
2022-03-04 00:00:00+00:00,374.2,1440,0,True,BNBUSDT
2022-03-05 00:00:00+00:00,384.7,1440,0,True,BNBUSDT
2022-03-06 00:00:00+00:00,375.0,1440,0,True,BNBUSDT
2022-03-07 00:00:00+00:00,380.6,1440,0,True,BNBUSDT
2022-03-08 00:00:00+00:00,381.4,1440,0,True,BNBUSDT
2022-03-09 00:00:00+00:00,393.2,1440,0,True,BNBUSDT
2022-03-10 00:00:00+00:00,372.0,1440,0,True,BNBUSDT
2022-03-11 00:00:00+00:00,371.9,1440,0,True,BNBUSDT
2022-03-12 00:00:00+00:00,372.4,1440,0,True,BNBUSDT
2022-03-13 00:00:00+00:00,361.4,1440,0,True,BNBUSDT
2022-03-14 00:00:00+00:00,373.4,1440,0,True,BNBUSDT
2022-03-15 00:00:00+00:00,371.7,1440,0,True,BNBUSDT
2022-03-16 00:00:00+00:00,385.4,1440,0,True,BNBUSDT
2022-03-17 00:00:00+00:00,391.8,1440,0,True,BNBUSDT
2022-03-18 00:00:00+00:00,397.2,1440,0,True,BNBUSDT
2022-03-19 00:00:00+00:00,399.9,1440,0,True,BNBUSDT
2022-03-20 00:00:00+00:00,390.8,1440,0,True,BNBUSDT
2022-03-21 00:00:00+00:00,396.0,1440,0,True,BNBUSDT
2022-03-22 00:00:00+00:00,404.3,1440,0,True,BNBUSDT
2022-03-23 00:00:00+00:00,408.4,1440,0,True,BNBUSDT
2022-03-24 00:00:00+00:00,414.2,1440,0,True,BNBUSDT
2022-03-25 00:00:00+00:00,410.3,1440,0,True,BNBUSDT
2022-03-26 00:00:00+00:00,415.8,1440,0,True,BNBUSDT
2022-03-27 00:00:00+00:00,430.5,1440,0,True,BNBUSDT
2022-03-28 00:00:00+00:00,430.2,1440,0,True,BNBUSDT
2022-03-29 00:00:00+00:00,434.2,1440,0,True,BNBUSDT
2022-03-30 00:00:00+00:00,442.1,1440,0,True,BNBUSDT
2022-03-31 00:00:00+00:00,428.9,1440,0,True,BNBUSDT
2022-04-01 00:00:00+00:00,447.7,1440,0,True,BNBUSDT
2022-04-02 00:00:00+00:00,437.2,1440,0,True,BNBUSDT
2022-04-03 00:00:00+00:00,450.4,1440,0,True,BNBUSDT
2022-04-04 00:00:00+00:00,447.6,1440,0,True,BNBUSDT
2022-04-05 00:00:00+00:00,444.7,1440,0,True,BNBUSDT
2022-04-06 00:00:00+00:00,420.1,1440,0,True,BNBUSDT
2022-04-07 00:00:00+00:00,436.0,1440,0,True,BNBUSDT
2022-04-08 00:00:00+00:00,421.5,1440,0,True,BNBUSDT
2022-04-09 00:00:00+00:00,426.6,1440,0,True,BNBUSDT
2022-04-10 00:00:00+00:00,418.1,1440,0,True,BNBUSDT
2022-04-11 00:00:00+00:00,394.6,1440,0,True,BNBUSDT
2022-04-12 00:00:00+00:00,413.6,1440,0,True,BNBUSDT
2022-04-13 00:00:00+00:00,423.4,1440,0,True,BNBUSDT
2022-04-14 00:00:00+00:00,414.7,1440,0,True,BNBUSDT
2022-04-15 00:00:00+00:00,417.3,1440,0,True,BNBUSDT
2022-04-16 00:00:00+00:00,417.3,1440,0,True,BNBUSDT
2022-04-17 00:00:00+00:00,406.6,1440,0,True,BNBUSDT
2022-04-18 00:00:00+00:00,416.8,1440,0,True,BNBUSDT
2022-04-19 00:00:00+00:00,422.3,1440,0,True,BNBUSDT
2022-04-20 00:00:00+00:00,418.4,1440,0,True,BNBUSDT
2022-04-21 00:00:00+00:00,404.9,1440,0,True,BNBUSDT
2022-04-22 00:00:00+00:00,406.6,1440,0,True,BNBUSDT
2022-04-23 00:00:00+00:00,401.1,1440,0,True,BNBUSDT
2022-04-24 00:00:00+00:00,398.8,1440,0,True,BNBUSDT
2022-04-25 00:00:00+00:00,404.3,1440,0,True,BNBUSDT
2022-04-26 00:00:00+00:00,385.9,1440,0,True,BNBUSDT
2022-04-27 00:00:00+00:00,391.3,1440,0,True,BNBUSDT
2022-04-28 00:00:00+00:00,407.1,1440,0,True,BNBUSDT
2022-04-29 00:00:00+00:00,393.0,1440,0,True,BNBUSDT
2022-04-30 00:00:00+00:00,377.1,1440,0,True,BNBUSDT
2022-05-01 00:00:00+00:00,389.9,1440,0,True,BNBUSDT
2022-05-02 00:00:00+00:00,389.5,1440,0,True,BNBUSDT
2022-05-03 00:00:00+00:00,383.9,1440,0,True,BNBUSDT
2022-05-04 00:00:00+00:00,402.6,1440,0,True,BNBUSDT
2022-05-05 00:00:00+00:00,378.4,1440,0,True,BNBUSDT
2022-05-06 00:00:00+00:00,379.1,1440,0,True,BNBUSDT
2022-05-07 00:00:00+00:00,365.5,1440,0,True,BNBUSDT
2022-05-08 00:00:00+00:00,355.9,1440,0,True,BNBUSDT
2022-05-09 00:00:00+00:00,296.1,1440,0,True,BNBUSDT
2022-05-10 00:00:00+00:00,319.1,1440,0,True,BNBUSDT
2022-05-11 00:00:00+00:00,271.5,1440,0,True,BNBUSDT
2022-05-12 00:00:00+00:00,269.0,1440,0,True,BNBUSDT
2022-05-13 00:00:00+00:00,290.6,1440,0,True,BNBUSDT
2022-05-14 00:00:00+00:00,296.9,1440,0,True,BNBUSDT
2022-05-15 00:00:00+00:00,312.4,1440,0,True,BNBUSDT
2022-05-16 00:00:00+00:00,297.2,1440,0,True,BNBUSDT
2022-05-17 00:00:00+00:00,306.2,1440,0,True,BNBUSDT
2022-05-18 00:00:00+00:00,287.7,1440,0,True,BNBUSDT
2022-05-19 00:00:00+00:00,307.1,1440,0,True,BNBUSDT
2022-05-20 00:00:00+00:00,302.2,1440,0,True,BNBUSDT
2022-05-21 00:00:00+00:00,312.4,1440,0,True,BNBUSDT
2022-05-22 00:00:00+00:00,319.4,1440,0,True,BNBUSDT
2022-05-23 00:00:00+00:00,317.2,1440,0,True,BNBUSDT
2022-05-24 00:00:00+00:00,328.3,1440,0,True,BNBUSDT
2022-05-25 00:00:00+00:00,325.7,1440,0,True,BNBUSDT
2022-05-26 00:00:00+00:00,303.0,1440,0,True,BNBUSDT
2022-05-27 00:00:00+00:00,301.6,1440,0,True,BNBUSDT
2022-05-28 00:00:00+00:00,307.5,1440,0,True,BNBUSDT
2022-05-29 00:00:00+00:00,305.8,1440,0,True,BNBUSDT
2022-05-30 00:00:00+00:00,321.8,1440,0,True,BNBUSDT
2022-05-31 00:00:00+00:00,320.9,1440,0,True,BNBUSDT
2022-06-01 00:00:00+00:00,300.4,1440,0,True,BNBUSDT
2022-06-02 00:00:00+00:00,308.3,1440,0,True,BNBUSDT
2022-06-03 00:00:00+00:00,298.6,1440,0,True,BNBUSDT
2022-06-04 00:00:00+00:00,301.3,1440,0,True,BNBUSDT
2022-06-05 00:00:00+00:00,299.1,1440,0,True,BNBUSDT
2022-06-06 00:00:00+00:00,295.1,1440,0,True,BNBUSDT
2022-06-07 00:00:00+00:00,290.3,1440,0,True,BNBUSDT
2022-06-08 00:00:00+00:00,288.5,1440,0,True,BNBUSDT
2022-06-09 00:00:00+00:00,289.9,1440,0,True,BNBUSDT
2022-06-10 00:00:00+00:00,286.4,1440,0,True,BNBUSDT
2022-06-11 00:00:00+00:00,269.9,1440,0,True,BNBUSDT
2022-06-12 00:00:00+00:00,254.8,1440,0,True,BNBUSDT
2022-06-13 00:00:00+00:00,223.0,1440,0,True,BNBUSDT
2022-06-14 00:00:00+00:00,223.0,1440,0,True,BNBUSDT
2022-06-15 00:00:00+00:00,233.6,1440,0,True,BNBUSDT
2022-06-16 00:00:00+00:00,210.2,1440,0,True,BNBUSDT
2022-06-17 00:00:00+00:00,215.8,1440,0,True,BNBUSDT
2022-06-18 00:00:00+00:00,197.0,1440,0,True,BNBUSDT
2022-06-19 00:00:00+00:00,215.1,1440,0,True,BNBUSDT
2022-06-20 00:00:00+00:00,216.5,1440,0,True,BNBUSDT
2022-06-21 00:00:00+00:00,220.1,1440,0,True,BNBUSDT
2022-06-22 00:00:00+00:00,214.4,1440,0,True,BNBUSDT
2022-06-23 00:00:00+00:00,228.9,1440,0,True,BNBUSDT
2022-06-24 00:00:00+00:00,240.2,1440,0,True,BNBUSDT
2022-06-25 00:00:00+00:00,239.7,1440,0,True,BNBUSDT
2022-06-26 00:00:00+00:00,233.9,1440,0,True,BNBUSDT
2022-06-27 00:00:00+00:00,233.8,1440,0,True,BNBUSDT
2022-06-28 00:00:00+00:00,226.9,1440,0,True,BNBUSDT
2022-06-29 00:00:00+00:00,219.7,1440,0,True,BNBUSDT
2022-06-30 00:00:00+00:00,219.6,1440,0,True,BNBUSDT
2022-07-01 00:00:00+00:00,216.9,1440,0,True,BNBUSDT
2022-07-02 00:00:00+00:00,218.3,1440,0,True,BNBUSDT
2022-07-03 00:00:00+00:00,219.2,1440,0,True,BNBUSDT
2022-07-04 00:00:00+00:00,231.5,1440,0,True,BNBUSDT
2022-07-05 00:00:00+00:00,230.8,1440,0,True,BNBUSDT
2022-07-06 00:00:00+00:00,238.6,1440,0,True,BNBUSDT
2022-07-07 00:00:00+00:00,241.4,1440,0,True,BNBUSDT
2022-07-08 00:00:00+00:00,240.7,1440,0,True,BNBUSDT
2022-07-09 00:00:00+00:00,243.3,1440,0,True,BNBUSDT
2022-07-10 00:00:00+00:00,234.7,1440,0,True,BNBUSDT
2022-07-11 00:00:00+00:00,225.6,1440,0,True,BNBUSDT
2022-07-12 00:00:00+00:00,220.6,1440,0,True,BNBUSDT
2022-07-13 00:00:00+00:00,230.5,1440,0,True,BNBUSDT
2022-07-14 00:00:00+00:00,238.5,1440,0,True,BNBUSDT
2022-07-15 00:00:00+00:00,238.5,1440,0,True,BNBUSDT
2022-07-16 00:00:00+00:00,249.8,1440,0,True,BNBUSDT
2022-07-17 00:00:00+00:00,247.8,1440,0,True,BNBUSDT
2022-07-18 00:00:00+00:00,264.1,1440,0,True,BNBUSDT
2022-07-19 00:00:00+00:00,268.6,1440,0,True,BNBUSDT
2022-07-20 00:00:00+00:00,258.2,1440,0,True,BNBUSDT
2022-07-21 00:00:00+00:00,265.6,1440,0,True,BNBUSDT
2022-07-22 00:00:00+00:00,262.4,1440,0,True,BNBUSDT
2022-07-23 00:00:00+00:00,259.2,1440,0,True,BNBUSDT
2022-07-24 00:00:00+00:00,261.4,1440,0,True,BNBUSDT
2022-07-25 00:00:00+00:00,244.6,1440,0,True,BNBUSDT
2022-07-26 00:00:00+00:00,249.4,1440,0,True,BNBUSDT
2022-07-27 00:00:00+00:00,271.6,1440,0,True,BNBUSDT
2022-07-28 00:00:00+00:00,277.2,1440,0,True,BNBUSDT
2022-07-29 00:00:00+00:00,293.6,1440,0,True,BNBUSDT
2022-07-30 00:00:00+00:00,287.8,1440,0,True,BNBUSDT
2022-07-31 00:00:00+00:00,283.4,1440,0,True,BNBUSDT
2022-08-01 00:00:00+00:00,283.2,1440,0,True,BNBUSDT
2022-08-02 00:00:00+00:00,283.8,1440,0,True,BNBUSDT
2022-08-03 00:00:00+00:00,297.5,1440,0,True,BNBUSDT
2022-08-04 00:00:00+00:00,311.8,1440,0,True,BNBUSDT
2022-08-05 00:00:00+00:00,315.9,1440,0,True,BNBUSDT
2022-08-06 00:00:00+00:00,315.2,1440,0,True,BNBUSDT
2022-08-07 00:00:00+00:00,322.8,1440,0,True,BNBUSDT
2022-08-08 00:00:00+00:00,324.9,1440,0,True,BNBUSDT
2022-08-09 00:00:00+00:00,324.4,1440,0,True,BNBUSDT
2022-08-10 00:00:00+00:00,328.8,1440,0,True,BNBUSDT
2022-08-11 00:00:00+00:00,323.6,1440,0,True,BNBUSDT
2022-08-12 00:00:00+00:00,327.9,1440,0,True,BNBUSDT
2022-08-13 00:00:00+00:00,324.3,1440,0,True,BNBUSDT
2022-08-14 00:00:00+00:00,317.6,1440,0,True,BNBUSDT
2022-08-15 00:00:00+00:00,319.5,1440,0,True,BNBUSDT
2022-08-16 00:00:00+00:00,316.1,1440,0,True,BNBUSDT
2022-08-17 00:00:00+00:00,306.9,1440,0,True,BNBUSDT
2022-08-18 00:00:00+00:00,298.1,1440,0,True,BNBUSDT
2022-08-19 00:00:00+00:00,279.1,1440,0,True,BNBUSDT
2022-08-20 00:00:00+00:00,283.7,1440,0,True,BNBUSDT
2022-08-21 00:00:00+00:00,301.9,1440,0,True,BNBUSDT
2022-08-22 00:00:00+00:00,300.0,1440,0,True,BNBUSDT
2022-08-23 00:00:00+00:00,299.3,1440,0,True,BNBUSDT
2022-08-24 00:00:00+00:00,296.4,1440,0,True,BNBUSDT
2022-08-25 00:00:00+00:00,301.2,1440,0,True,BNBUSDT
2022-08-26 00:00:00+00:00,279.6,1440,0,True,BNBUSDT
2022-08-27 00:00:00+00:00,277.9,1440,0,True,BNBUSDT
2022-08-28 00:00:00+00:00,276.5,1440,0,True,BNBUSDT
2022-08-29 00:00:00+00:00,285.9,1440,0,True,BNBUSDT
2022-08-30 00:00:00+00:00,281.6,1440,0,True,BNBUSDT
2022-08-31 00:00:00+00:00,279.2,1440,0,True,BNBUSDT
2022-09-01 00:00:00+00:00,278.3,1440,0,True,BNBUSDT
2022-09-02 00:00:00+00:00,277.5,1440,0,True,BNBUSDT
2022-09-03 00:00:00+00:00,277.8,1440,0,True,BNBUSDT
2022-09-04 00:00:00+00:00,279.1,1440,0,True,BNBUSDT
2022-09-05 00:00:00+00:00,276.9,1440,0,True,BNBUSDT
2022-09-06 00:00:00+00:00,262.5,1440,0,True,BNBUSDT
2022-09-07 00:00:00+00:00,278.9,1440,0,True,BNBUSDT
2022-09-08 00:00:00+00:00,280.5,1440,0,True,BNBUSDT
2022-09-09 00:00:00+00:00,293.4,1440,0,True,BNBUSDT
2022-09-10 00:00:00+00:00,296.7,1440,0,True,BNBUSDT
2022-09-11 00:00:00+00:00,295.3,1440,0,True,BNBUSDT
2022-09-12 00:00:00+00:00,294.1,1440,0,True,BNBUSDT
2022-09-13 00:00:00+00:00,277.4,1440,0,True,BNBUSDT
2022-09-14 00:00:00+00:00,279.3,1440,0,True,BNBUSDT
2022-09-15 00:00:00+00:00,271.1,1440,0,True,BNBUSDT
2022-09-16 00:00:00+00:00,274.9,1440,0,True,BNBUSDT
2022-09-17 00:00:00+00:00,279.1,1440,0,True,BNBUSDT
2022-09-18 00:00:00+00:00,266.2,1440,0,True,BNBUSDT
2022-09-19 00:00:00+00:00,271.9,1440,0,True,BNBUSDT
2022-09-20 00:00:00+00:00,266.3,1440,0,True,BNBUSDT
2022-09-21 00:00:00+00:00,264.0,1440,0,True,BNBUSDT
2022-09-22 00:00:00+00:00,275.3,1440,0,True,BNBUSDT
2022-09-23 00:00:00+00:00,276.7,1440,0,True,BNBUSDT
2022-09-24 00:00:00+00:00,274.4,1440,0,True,BNBUSDT
2022-09-25 00:00:00+00:00,274.3,1440,0,True,BNBUSDT
2022-09-26 00:00:00+00:00,276.1,1440,0,True,BNBUSDT
2022-09-27 00:00:00+00:00,272.3,1440,0,True,BNBUSDT
2022-09-28 00:00:00+00:00,281.6,1440,0,True,BNBUSDT
2022-09-29 00:00:00+00:00,284.1,1440,0,True,BNBUSDT
2022-09-30 00:00:00+00:00,284.8,1440,0,True,BNBUSDT
2022-10-01 00:00:00+00:00,282.9,1440,0,True,BNBUSDT
2022-10-02 00:00:00+00:00,284.7,1440,0,True,BNBUSDT
2022-10-03 00:00:00+00:00,286.9,1440,0,True,BNBUSDT
2022-10-04 00:00:00+00:00,296.2,1440,0,True,BNBUSDT
2022-10-05 00:00:00+00:00,294.2,1440,0,True,BNBUSDT
2022-10-06 00:00:00+00:00,287.0,1440,0,True,BNBUSDT
2022-10-07 00:00:00+00:00,282.3,1440,0,True,BNBUSDT
2022-10-08 00:00:00+00:00,276.4,1440,0,True,BNBUSDT
2022-10-09 00:00:00+00:00,278.2,1440,0,True,BNBUSDT
2022-10-10 00:00:00+00:00,271.5,1440,0,True,BNBUSDT
2022-10-11 00:00:00+00:00,271.4,1440,0,True,BNBUSDT
2022-10-12 00:00:00+00:00,270.9,1440,0,True,BNBUSDT
2022-10-13 00:00:00+00:00,271.6,1440,0,True,BNBUSDT
2022-10-14 00:00:00+00:00,269.4,1440,0,True,BNBUSDT
2022-10-15 00:00:00+00:00,268.2,1440,0,True,BNBUSDT
2022-10-16 00:00:00+00:00,272.5,1440,0,True,BNBUSDT
2022-10-17 00:00:00+00:00,275.6,1440,0,True,BNBUSDT
2022-10-18 00:00:00+00:00,273.1,1440,0,True,BNBUSDT
2022-10-19 00:00:00+00:00,272.0,1440,0,True,BNBUSDT
2022-10-20 00:00:00+00:00,269.0,1440,0,True,BNBUSDT
2022-10-21 00:00:00+00:00,270.1,1440,0,True,BNBUSDT
2022-10-22 00:00:00+00:00,270.4,1440,0,True,BNBUSDT
2022-10-23 00:00:00+00:00,276.0,1440,0,True,BNBUSDT
2022-10-24 00:00:00+00:00,274.1,1440,0,True,BNBUSDT
2022-10-25 00:00:00+00:00,284.2,1440,0,True,BNBUSDT
2022-10-26 00:00:00+00:00,290.2,1440,0,True,BNBUSDT
2022-10-27 00:00:00+00:00,286.7,1440,0,True,BNBUSDT
2022-10-28 00:00:00+00:00,297.9,1440,0,True,BNBUSDT
2022-10-29 00:00:00+00:00,304.4,1440,0,True,BNBUSDT
2022-10-30 00:00:00+00:00,313.5,1440,0,True,BNBUSDT
2022-10-31 00:00:00+00:00,325.7,1440,0,True,BNBUSDT
2022-11-01 00:00:00+00:00,323.9,1440,0,True,BNBUSDT
2022-11-02 00:00:00+00:00,320.2,1440,0,True,BNBUSDT
2022-11-03 00:00:00+00:00,329.5,1440,0,True,BNBUSDT
2022-11-04 00:00:00+00:00,354.6,1440,0,True,BNBUSDT
2022-11-05 00:00:00+00:00,349.2,1440,0,True,BNBUSDT
2022-11-06 00:00:00+00:00,337.9,1440,0,True,BNBUSDT
2022-11-07 00:00:00+00:00,337.0,1440,0,True,BNBUSDT
2022-11-08 00:00:00+00:00,327.4,1440,0,True,BNBUSDT
2022-11-09 00:00:00+00:00,267.3,1440,0,True,BNBUSDT
2022-11-10 00:00:00+00:00,304.0,1440,0,True,BNBUSDT
2022-11-11 00:00:00+00:00,290.4,1440,0,True,BNBUSDT
2022-11-12 00:00:00+00:00,282.8,1440,0,True,BNBUSDT
2022-11-13 00:00:00+00:00,276.4,1440,0,True,BNBUSDT
2022-11-14 00:00:00+00:00,279.0,1440,0,True,BNBUSDT
2022-11-15 00:00:00+00:00,277.0,1440,0,True,BNBUSDT
2022-11-16 00:00:00+00:00,271.8,1440,0,True,BNBUSDT
2022-11-17 00:00:00+00:00,267.9,1440,0,True,BNBUSDT
2022-11-18 00:00:00+00:00,274.1,1440,0,True,BNBUSDT
2022-11-19 00:00:00+00:00,272.6,1440,0,True,BNBUSDT
2022-11-20 00:00:00+00:00,264.2,1440,0,True,BNBUSDT
2022-11-21 00:00:00+00:00,253.9,1440,0,True,BNBUSDT
2022-11-22 00:00:00+00:00,266.7,1440,0,True,BNBUSDT
2022-11-23 00:00:00+00:00,298.8,1440,0,True,BNBUSDT
2022-11-24 00:00:00+00:00,300.2,1440,0,True,BNBUSDT
2022-11-25 00:00:00+00:00,300.8,1440,0,True,BNBUSDT
2022-11-26 00:00:00+00:00,311.4,1440,0,True,BNBUSDT
2022-11-27 00:00:00+00:00,307.6,1440,0,True,BNBUSDT
2022-11-28 00:00:00+00:00,293.5,1440,0,True,BNBUSDT
2022-11-29 00:00:00+00:00,295.4,1440,0,True,BNBUSDT
2022-11-30 00:00:00+00:00,300.6,1440,0,True,BNBUSDT
2022-12-01 00:00:00+00:00,292.3,1440,0,True,BNBUSDT
2022-12-02 00:00:00+00:00,293.4,1440,0,True,BNBUSDT
2022-12-03 00:00:00+00:00,290.4,1440,0,True,BNBUSDT
2022-12-04 00:00:00+00:00,291.8,1440,0,True,BNBUSDT
2022-12-05 00:00:00+00:00,288.4,1440,0,True,BNBUSDT
2022-12-06 00:00:00+00:00,290.2,1440,0,True,BNBUSDT
2022-12-07 00:00:00+00:00,284.2,1440,0,True,BNBUSDT
2022-12-08 00:00:00+00:00,290.4,1440,0,True,BNBUSDT
2022-12-09 00:00:00+00:00,286.0,1440,0,True,BNBUSDT
2022-12-10 00:00:00+00:00,288.2,1440,0,True,BNBUSDT
2022-12-11 00:00:00+00:00,284.4,1440,0,True,BNBUSDT
2022-12-12 00:00:00+00:00,276.1,1440,0,True,BNBUSDT
2022-12-13 00:00:00+00:00,272.2,1440,0,True,BNBUSDT
2022-12-14 00:00:00+00:00,267.7,1440,0,True,BNBUSDT
2022-12-15 00:00:00+00:00,258.8,1440,0,True,BNBUSDT
2022-12-16 00:00:00+00:00,231.2,1440,0,True,BNBUSDT
2022-12-17 00:00:00+00:00,242.1,1440,0,True,BNBUSDT
2022-12-18 00:00:00+00:00,251.0,1440,0,True,BNBUSDT
2022-12-19 00:00:00+00:00,240.4,1440,0,True,BNBUSDT
2022-12-20 00:00:00+00:00,251.4,1440,0,True,BNBUSDT
2022-12-21 00:00:00+00:00,246.2,1440,0,True,BNBUSDT
2022-12-22 00:00:00+00:00,245.8,1440,0,True,BNBUSDT
2022-12-23 00:00:00+00:00,246.2,1440,0,True,BNBUSDT
2022-12-24 00:00:00+00:00,244.5,1440,0,True,BNBUSDT
2022-12-25 00:00:00+00:00,243.2,1440,0,True,BNBUSDT
2022-12-26 00:00:00+00:00,244.3,1440,0,True,BNBUSDT
2022-12-27 00:00:00+00:00,246.7,1440,0,True,BNBUSDT
2022-12-28 00:00:00+00:00,244.5,1440,0,True,BNBUSDT
2022-12-29 00:00:00+00:00,246.3,1440,0,True,BNBUSDT
2022-12-30 00:00:00+00:00,245.8,1440,0,True,BNBUSDT
2022-12-31 00:00:00+00:00,246.3,1440,0,True,BNBUSDT
2023-01-01 00:00:00+00:00,244.4,1440,0,True,BNBUSDT
2023-01-02 00:00:00+00:00,245.2,1440,0,True,BNBUSDT
2023-01-03 00:00:00+00:00,246.1,1440,0,True,BNBUSDT
2023-01-04 00:00:00+00:00,258.9,1440,0,True,BNBUSDT
2023-01-05 00:00:00+00:00,256.7,1440,0,True,BNBUSDT
2023-01-06 00:00:00+00:00,259.9,1440,0,True,BNBUSDT
2023-01-07 00:00:00+00:00,261.3,1440,0,True,BNBUSDT
2023-01-08 00:00:00+00:00,274.9,1440,0,True,BNBUSDT
2023-01-09 00:00:00+00:00,272.6,1440,0,True,BNBUSDT
2023-01-10 00:00:00+00:00,277.1,1440,0,True,BNBUSDT
2023-01-11 00:00:00+00:00,284.8,1440,0,True,BNBUSDT
2023-01-12 00:00:00+00:00,287.7,1440,0,True,BNBUSDT
2023-01-13 00:00:00+00:00,293.7,1440,0,True,BNBUSDT
2023-01-14 00:00:00+00:00,305.1,1440,0,True,BNBUSDT
2023-01-15 00:00:00+00:00,302.2,1440,0,True,BNBUSDT
2023-01-16 00:00:00+00:00,299.0,1440,0,True,BNBUSDT
2023-01-17 00:00:00+00:00,299.4,1440,0,True,BNBUSDT
2023-01-18 00:00:00+00:00,286.7,1440,0,True,BNBUSDT
2023-01-19 00:00:00+00:00,294.6,1440,0,True,BNBUSDT
2023-01-20 00:00:00+00:00,305.1,1440,0,True,BNBUSDT
2023-01-21 00:00:00+00:00,299.0,1440,0,True,BNBUSDT
2023-01-22 00:00:00+00:00,303.0,1440,0,True,BNBUSDT
2023-01-23 00:00:00+00:00,305.1,1440,0,True,BNBUSDT
2023-01-24 00:00:00+00:00,300.3,1440,0,True,BNBUSDT
2023-01-25 00:00:00+00:00,306.9,1440,0,True,BNBUSDT
2023-01-26 00:00:00+00:00,304.7,1440,0,True,BNBUSDT
2023-01-27 00:00:00+00:00,308.0,1440,0,True,BNBUSDT
2023-01-28 00:00:00+00:00,306.1,1440,0,True,BNBUSDT
2023-01-29 00:00:00+00:00,317.2,1440,0,True,BNBUSDT
2023-01-30 00:00:00+00:00,307.2,1440,0,True,BNBUSDT
2023-01-31 00:00:00+00:00,312.0,1440,0,True,BNBUSDT
2023-02-01 00:00:00+00:00,317.0,1440,0,True,BNBUSDT
2023-02-02 00:00:00+00:00,323.5,1440,0,True,BNBUSDT
2023-02-03 00:00:00+00:00,332.2,1440,0,True,BNBUSDT
2023-02-04 00:00:00+00:00,330.4,1440,0,True,BNBUSDT
2023-02-05 00:00:00+00:00,327.8,1440,0,True,BNBUSDT
2023-02-06 00:00:00+00:00,324.3,1440,0,True,BNBUSDT
2023-02-07 00:00:00+00:00,333.0,1440,0,True,BNBUSDT
2023-02-08 00:00:00+00:00,328.2,1440,0,True,BNBUSDT
2023-02-09 00:00:00+00:00,306.2,1440,0,True,BNBUSDT
2023-02-10 00:00:00+00:00,305.8,1440,0,True,BNBUSDT
2023-02-11 00:00:00+00:00,310.4,1440,0,True,BNBUSDT
2023-02-12 00:00:00+00:00,312.6,1440,0,True,BNBUSDT
2023-02-13 00:00:00+00:00,294.3,1440,0,True,BNBUSDT
2023-02-14 00:00:00+00:00,296.2,1440,0,True,BNBUSDT
2023-02-15 00:00:00+00:00,317.4,1440,0,True,BNBUSDT
2023-02-16 00:00:00+00:00,304.4,1440,0,True,BNBUSDT
2023-02-17 00:00:00+00:00,313.0,1440,0,True,BNBUSDT
2023-02-18 00:00:00+00:00,316.5,1440,0,True,BNBUSDT
2023-02-19 00:00:00+00:00,311.5,1440,0,True,BNBUSDT
2023-02-20 00:00:00+00:00,315.4,1440,0,True,BNBUSDT
2023-02-21 00:00:00+00:00,311.5,1440,0,True,BNBUSDT
2023-02-22 00:00:00+00:00,312.4,1440,0,True,BNBUSDT
2023-02-23 00:00:00+00:00,308.3,1440,0,True,BNBUSDT
2023-02-24 00:00:00+00:00,302.3,1440,0,True,BNBUSDT
2023-02-25 00:00:00+00:00,302.4,1440,0,True,BNBUSDT
2023-02-26 00:00:00+00:00,308.7,1440,0,True,BNBUSDT
2023-02-27 00:00:00+00:00,304.6,1440,0,True,BNBUSDT
2023-02-28 00:00:00+00:00,301.4,1440,0,True,BNBUSDT
2023-03-01 00:00:00+00:00,302.7,1440,0,True,BNBUSDT
2023-03-02 00:00:00+00:00,299.8,1440,0,True,BNBUSDT
2023-03-03 00:00:00+00:00,290.4,1440,0,True,BNBUSDT
2023-03-04 00:00:00+00:00,289.6,1440,0,True,BNBUSDT
2023-03-05 00:00:00+00:00,288.7,1440,0,True,BNBUSDT
2023-03-06 00:00:00+00:00,287.8,1440,0,True,BNBUSDT
2023-03-07 00:00:00+00:00,289.3,1440,0,True,BNBUSDT
2023-03-08 00:00:00+00:00,287.1,1440,0,True,BNBUSDT
2023-03-09 00:00:00+00:00,277.1,1440,0,True,BNBUSDT
2023-03-10 00:00:00+00:00,277.4,1440,0,True,BNBUSDT
2023-03-11 00:00:00+00:00,276.0,1440,0,True,BNBUSDT
2023-03-12 00:00:00+00:00,288.1,1440,0,True,BNBUSDT
2023-03-13 00:00:00+00:00,307.9,1440,0,True,BNBUSDT
2023-03-14 00:00:00+00:00,308.4,1440,0,True,BNBUSDT
2023-03-15 00:00:00+00:00,306.3,1440,0,True,BNBUSDT
2023-03-16 00:00:00+00:00,329.4,1440,0,True,BNBUSDT
2023-03-17 00:00:00+00:00,338.9,1440,0,True,BNBUSDT
2023-03-18 00:00:00+00:00,331.0,1440,0,True,BNBUSDT
2023-03-19 00:00:00+00:00,336.7,1440,0,True,BNBUSDT
2023-03-20 00:00:00+00:00,332.5,1440,0,True,BNBUSDT
2023-03-21 00:00:00+00:00,334.4,1440,0,True,BNBUSDT
2023-03-22 00:00:00+00:00,321.1,1440,0,True,BNBUSDT
2023-03-23 00:00:00+00:00,329.4,1440,0,True,BNBUSDT
2023-03-24 00:00:00+00:00,,1360,1,False,BNBUSDT
2023-03-25 00:00:00+00:00,322.4,1440,0,True,BNBUSDT
2023-03-26 00:00:00+00:00,328.6,1440,0,True,BNBUSDT
2023-03-27 00:00:00+00:00,310.6,1440,0,True,BNBUSDT
2023-03-28 00:00:00+00:00,313.2,1440,0,True,BNBUSDT
2023-03-29 00:00:00+00:00,313.7,1440,0,True,BNBUSDT
2023-03-30 00:00:00+00:00,316.4,1440,0,True,BNBUSDT
2023-03-31 00:00:00+00:00,316.9,1440,0,True,BNBUSDT
2023-04-01 00:00:00+00:00,314.9,1440,0,True,BNBUSDT
2023-04-02 00:00:00+00:00,313.7,1440,0,True,BNBUSDT
2023-04-03 00:00:00+00:00,308.8,1440,0,True,BNBUSDT
2023-04-04 00:00:00+00:00,310.8,1440,0,True,BNBUSDT
2023-04-05 00:00:00+00:00,313.9,1440,0,True,BNBUSDT
2023-04-06 00:00:00+00:00,312.3,1440,0,True,BNBUSDT
2023-04-07 00:00:00+00:00,310.3,1440,0,True,BNBUSDT
2023-04-08 00:00:00+00:00,310.5,1440,0,True,BNBUSDT
2023-04-09 00:00:00+00:00,312.8,1440,0,True,BNBUSDT
2023-04-10 00:00:00+00:00,318.5,1440,0,True,BNBUSDT
2023-04-11 00:00:00+00:00,322.3,1440,0,True,BNBUSDT
2023-04-12 00:00:00+00:00,319.9,1440,0,True,BNBUSDT
2023-04-13 00:00:00+00:00,324.7,1440,0,True,BNBUSDT
2023-04-14 00:00:00+00:00,328.9,1440,0,True,BNBUSDT
2023-04-15 00:00:00+00:00,333.0,1440,0,True,BNBUSDT
2023-04-16 00:00:00+00:00,347.7,1440,0,True,BNBUSDT
2023-04-17 00:00:00+00:00,340.0,1440,0,True,BNBUSDT
2023-04-18 00:00:00+00:00,343.1,1440,0,True,BNBUSDT
2023-04-19 00:00:00+00:00,322.4,1440,0,True,BNBUSDT
2023-04-20 00:00:00+00:00,318.1,1440,0,True,BNBUSDT
2023-04-21 00:00:00+00:00,321.2,1440,0,True,BNBUSDT
2023-04-22 00:00:00+00:00,332.2,1440,0,True,BNBUSDT
2023-04-23 00:00:00+00:00,330.7,1440,0,True,BNBUSDT
2023-04-24 00:00:00+00:00,331.2,1440,0,True,BNBUSDT
2023-04-25 00:00:00+00:00,338.4,1440,0,True,BNBUSDT
2023-04-26 00:00:00+00:00,330.6,1440,0,True,BNBUSDT
2023-04-27 00:00:00+00:00,330.9,1440,0,True,BNBUSDT
2023-04-28 00:00:00+00:00,324.1,1440,0,True,BNBUSDT
2023-04-29 00:00:00+00:00,321.9,1440,0,True,BNBUSDT
2023-04-30 00:00:00+00:00,337.5,1440,0,True,BNBUSDT
2023-05-01 00:00:00+00:00,328.5,1440,0,True,BNBUSDT
2023-05-02 00:00:00+00:00,321.5,1440,0,True,BNBUSDT
2023-05-03 00:00:00+00:00,325.9,1440,0,True,BNBUSDT
2023-05-04 00:00:00+00:00,323.8,1440,0,True,BNBUSDT
2023-05-05 00:00:00+00:00,326.5,1440,0,True,BNBUSDT
2023-05-06 00:00:00+00:00,321.9,1440,0,True,BNBUSDT
2023-05-07 00:00:00+00:00,321.0,1440,0,True,BNBUSDT
2023-05-08 00:00:00+00:00,313.8,1440,0,True,BNBUSDT
2023-05-09 00:00:00+00:00,312.1,1440,0,True,BNBUSDT
2023-05-10 00:00:00+00:00,314.3,1440,0,True,BNBUSDT
2023-05-11 00:00:00+00:00,307.5,1440,0,True,BNBUSDT
2023-05-12 00:00:00+00:00,308.5,1440,0,True,BNBUSDT
2023-05-13 00:00:00+00:00,310.7,1440,0,True,BNBUSDT
2023-05-14 00:00:00+00:00,312.1,1440,0,True,BNBUSDT
2023-05-15 00:00:00+00:00,313.4,1440,0,True,BNBUSDT
2023-05-16 00:00:00+00:00,311.4,1440,0,True,BNBUSDT
2023-05-17 00:00:00+00:00,314.3,1440,0,True,BNBUSDT
2023-05-18 00:00:00+00:00,309.3,1440,0,True,BNBUSDT
2023-05-19 00:00:00+00:00,308.9,1440,0,True,BNBUSDT
2023-05-20 00:00:00+00:00,310.6,1440,0,True,BNBUSDT
2023-05-21 00:00:00+00:00,306.4,1440,0,True,BNBUSDT
2023-05-22 00:00:00+00:00,309.0,1440,0,True,BNBUSDT
2023-05-23 00:00:00+00:00,313.5,1440,0,True,BNBUSDT
2023-05-24 00:00:00+00:00,306.0,1440,0,True,BNBUSDT
2023-05-25 00:00:00+00:00,304.5,1440,0,True,BNBUSDT
2023-05-26 00:00:00+00:00,306.8,1440,0,True,BNBUSDT
2023-05-27 00:00:00+00:00,307.4,1440,0,True,BNBUSDT
2023-05-28 00:00:00+00:00,314.1,1440,0,True,BNBUSDT
2023-05-29 00:00:00+00:00,311.6,1440,0,True,BNBUSDT
2023-05-30 00:00:00+00:00,311.5,1440,0,True,BNBUSDT
2023-05-31 00:00:00+00:00,306.8,1440,0,True,BNBUSDT
2023-06-01 00:00:00+00:00,304.9,1440,0,True,BNBUSDT
2023-06-02 00:00:00+00:00,307.2,1440,0,True,BNBUSDT
2023-06-03 00:00:00+00:00,306.6,1440,0,True,BNBUSDT
2023-06-04 00:00:00+00:00,305.0,1440,0,True,BNBUSDT
2023-06-05 00:00:00+00:00,276.9,1440,0,True,BNBUSDT
2023-06-06 00:00:00+00:00,281.2,1440,0,True,BNBUSDT
2023-06-07 00:00:00+00:00,259.3,1440,0,True,BNBUSDT
2023-06-08 00:00:00+00:00,262.0,1440,0,True,BNBUSDT
2023-06-09 00:00:00+00:00,260.5,1440,0,True,BNBUSDT
2023-06-10 00:00:00+00:00,238.7,1440,0,True,BNBUSDT
2023-06-11 00:00:00+00:00,235.4,1440,0,True,BNBUSDT
2023-06-12 00:00:00+00:00,231.3,1440,0,True,BNBUSDT
2023-06-13 00:00:00+00:00,244.2,1440,0,True,BNBUSDT
2023-06-14 00:00:00+00:00,237.9,1440,0,True,BNBUSDT
2023-06-15 00:00:00+00:00,236.4,1440,0,True,BNBUSDT
2023-06-16 00:00:00+00:00,239.3,1440,0,True,BNBUSDT
2023-06-17 00:00:00+00:00,244.5,1440,0,True,BNBUSDT
2023-06-18 00:00:00+00:00,244.1,1440,0,True,BNBUSDT
2023-06-19 00:00:00+00:00,243.1,1440,0,True,BNBUSDT
2023-06-20 00:00:00+00:00,247.7,1440,0,True,BNBUSDT
2023-06-21 00:00:00+00:00,248.8,1440,0,True,BNBUSDT
2023-06-22 00:00:00+00:00,240.8,1440,0,True,BNBUSDT
2023-06-23 00:00:00+00:00,244.3,1440,0,True,BNBUSDT
2023-06-24 00:00:00+00:00,236.4,1440,0,True,BNBUSDT
2023-06-25 00:00:00+00:00,238.8,1440,0,True,BNBUSDT
2023-06-26 00:00:00+00:00,236.1,1440,0,True,BNBUSDT
2023-06-27 00:00:00+00:00,237.5,1440,0,True,BNBUSDT
2023-06-28 00:00:00+00:00,230.6,1440,0,True,BNBUSDT
2023-06-29 00:00:00+00:00,233.1,1440,0,True,BNBUSDT
2023-06-30 00:00:00+00:00,240.3,1440,0,True,BNBUSDT
2023-07-01 00:00:00+00:00,247.9,1440,0,True,BNBUSDT
2023-07-02 00:00:00+00:00,246.5,1440,0,True,BNBUSDT
2023-07-03 00:00:00+00:00,246.5,1440,0,True,BNBUSDT
2023-07-04 00:00:00+00:00,242.5,1440,0,True,BNBUSDT
2023-07-05 00:00:00+00:00,238.9,1440,0,True,BNBUSDT
2023-07-06 00:00:00+00:00,232.2,1440,0,True,BNBUSDT
2023-07-07 00:00:00+00:00,235.6,1440,0,True,BNBUSDT
2023-07-08 00:00:00+00:00,236.3,1440,0,True,BNBUSDT
2023-07-09 00:00:00+00:00,234.1,1440,0,True,BNBUSDT
2023-07-10 00:00:00+00:00,246.2,1440,0,True,BNBUSDT
2023-07-11 00:00:00+00:00,248.6,1440,0,True,BNBUSDT
2023-07-12 00:00:00+00:00,243.9,1440,0,True,BNBUSDT
2023-07-13 00:00:00+00:00,256.1,1440,0,True,BNBUSDT
2023-07-14 00:00:00+00:00,248.1,1440,0,True,BNBUSDT
2023-07-15 00:00:00+00:00,251.1,1440,0,True,BNBUSDT
2023-07-16 00:00:00+00:00,242.3,1440,0,True,BNBUSDT
2023-07-17 00:00:00+00:00,244.1,1440,0,True,BNBUSDT
2023-07-18 00:00:00+00:00,240.2,1440,0,True,BNBUSDT
2023-07-19 00:00:00+00:00,240.8,1440,0,True,BNBUSDT
2023-07-20 00:00:00+00:00,242.8,1440,0,True,BNBUSDT
2023-07-21 00:00:00+00:00,243.7,1440,0,True,BNBUSDT
2023-07-22 00:00:00+00:00,241.1,1440,0,True,BNBUSDT
2023-07-23 00:00:00+00:00,242.5,1440,0,True,BNBUSDT
2023-07-24 00:00:00+00:00,238.9,1440,0,True,BNBUSDT
2023-07-25 00:00:00+00:00,237.7,1440,0,True,BNBUSDT
2023-07-26 00:00:00+00:00,239.0,1440,0,True,BNBUSDT
2023-07-27 00:00:00+00:00,240.6,1440,0,True,BNBUSDT
2023-07-28 00:00:00+00:00,241.9,1440,0,True,BNBUSDT
2023-07-29 00:00:00+00:00,242.4,1440,0,True,BNBUSDT
2023-07-30 00:00:00+00:00,242.5,1440,0,True,BNBUSDT
2023-07-31 00:00:00+00:00,241.0,1440,0,True,BNBUSDT
2023-08-01 00:00:00+00:00,247.7,1440,0,True,BNBUSDT
2023-08-02 00:00:00+00:00,240.7,1440,0,True,BNBUSDT
2023-08-03 00:00:00+00:00,241.1,1440,0,True,BNBUSDT
2023-08-04 00:00:00+00:00,241.7,1440,0,True,BNBUSDT
2023-08-05 00:00:00+00:00,243.2,1440,0,True,BNBUSDT
2023-08-06 00:00:00+00:00,243.2,1440,0,True,BNBUSDT
2023-08-07 00:00:00+00:00,242.1,1440,0,True,BNBUSDT
2023-08-08 00:00:00+00:00,245.2,1440,0,True,BNBUSDT
2023-08-09 00:00:00+00:00,243.8,1440,0,True,BNBUSDT
2023-08-10 00:00:00+00:00,241.5,1440,0,True,BNBUSDT
2023-08-11 00:00:00+00:00,239.7,1440,0,True,BNBUSDT
2023-08-12 00:00:00+00:00,240.3,1440,0,True,BNBUSDT
2023-08-13 00:00:00+00:00,240.2,1440,0,True,BNBUSDT
2023-08-14 00:00:00+00:00,240.4,1440,0,True,BNBUSDT
2023-08-15 00:00:00+00:00,236.7,1440,0,True,BNBUSDT
2023-08-16 00:00:00+00:00,232.0,1440,0,True,BNBUSDT
2023-08-17 00:00:00+00:00,218.1,1440,0,True,BNBUSDT
2023-08-18 00:00:00+00:00,216.1,1440,0,True,BNBUSDT
2023-08-19 00:00:00+00:00,216.8,1440,0,True,BNBUSDT
2023-08-20 00:00:00+00:00,216.5,1440,0,True,BNBUSDT
2023-08-21 00:00:00+00:00,210.4,1440,0,True,BNBUSDT
2023-08-22 00:00:00+00:00,210.9,1440,0,True,BNBUSDT
2023-08-23 00:00:00+00:00,216.6,1440,0,True,BNBUSDT
2023-08-24 00:00:00+00:00,219.0,1440,0,True,BNBUSDT
2023-08-25 00:00:00+00:00,218.4,1440,0,True,BNBUSDT
2023-08-26 00:00:00+00:00,216.5,1440,0,True,BNBUSDT
2023-08-27 00:00:00+00:00,218.4,1440,0,True,BNBUSDT
2023-08-28 00:00:00+00:00,218.8,1440,0,True,BNBUSDT
2023-08-29 00:00:00+00:00,226.9,1440,0,True,BNBUSDT
2023-08-30 00:00:00+00:00,223.8,1440,0,True,BNBUSDT
2023-08-31 00:00:00+00:00,216.7,1440,0,True,BNBUSDT
2023-09-01 00:00:00+00:00,213.7,1440,0,True,BNBUSDT
2023-09-02 00:00:00+00:00,214.4,1440,0,True,BNBUSDT
2023-09-03 00:00:00+00:00,214.4,1440,0,True,BNBUSDT
2023-09-04 00:00:00+00:00,215.2,1440,0,True,BNBUSDT
2023-09-05 00:00:00+00:00,214.6,1440,0,True,BNBUSDT
2023-09-06 00:00:00+00:00,215.2,1440,0,True,BNBUSDT
2023-09-07 00:00:00+00:00,217.1,1440,0,True,BNBUSDT
2023-09-08 00:00:00+00:00,214.7,1440,0,True,BNBUSDT
2023-09-09 00:00:00+00:00,214.1,1440,0,True,BNBUSDT
2023-09-10 00:00:00+00:00,212.4,1440,0,True,BNBUSDT
2023-09-11 00:00:00+00:00,206.1,1440,0,True,BNBUSDT
2023-09-12 00:00:00+00:00,210.7,1440,0,True,BNBUSDT
2023-09-13 00:00:00+00:00,212.5,1440,0,True,BNBUSDT
2023-09-14 00:00:00+00:00,212.2,1440,0,True,BNBUSDT
2023-09-15 00:00:00+00:00,214.1,1440,0,True,BNBUSDT
2023-09-16 00:00:00+00:00,214.9,1440,0,True,BNBUSDT
2023-09-17 00:00:00+00:00,216.5,1440,0,True,BNBUSDT
2023-09-18 00:00:00+00:00,216.0,1440,0,True,BNBUSDT
2023-09-19 00:00:00+00:00,217.2,1440,0,True,BNBUSDT
2023-09-20 00:00:00+00:00,214.4,1440,0,True,BNBUSDT
2023-09-21 00:00:00+00:00,210.8,1440,0,True,BNBUSDT
2023-09-22 00:00:00+00:00,211.1,1440,0,True,BNBUSDT
2023-09-23 00:00:00+00:00,210.5,1440,0,True,BNBUSDT
2023-09-24 00:00:00+00:00,208.3,1440,0,True,BNBUSDT
2023-09-25 00:00:00+00:00,209.9,1440,0,True,BNBUSDT
2023-09-26 00:00:00+00:00,212.6,1440,0,True,BNBUSDT
2023-09-27 00:00:00+00:00,212.0,1440,0,True,BNBUSDT
2023-09-28 00:00:00+00:00,215.0,1440,0,True,BNBUSDT
2023-09-29 00:00:00+00:00,215.2,1440,0,True,BNBUSDT
2023-09-30 00:00:00+00:00,214.6,1440,0,True,BNBUSDT
2023-10-01 00:00:00+00:00,218.2,1440,0,True,BNBUSDT
2023-10-02 00:00:00+00:00,214.6,1440,0,True,BNBUSDT
2023-10-03 00:00:00+00:00,213.5,1440,0,True,BNBUSDT
2023-10-04 00:00:00+00:00,213.4,1440,0,True,BNBUSDT
2023-10-05 00:00:00+00:00,210.6,1440,0,True,BNBUSDT
2023-10-06 00:00:00+00:00,213.4,1440,0,True,BNBUSDT
2023-10-07 00:00:00+00:00,212.3,1440,0,True,BNBUSDT
2023-10-08 00:00:00+00:00,211.4,1440,0,True,BNBUSDT
2023-10-09 00:00:00+00:00,205.8,1440,0,True,BNBUSDT
2023-10-10 00:00:00+00:00,208.6,1440,0,True,BNBUSDT
2023-10-11 00:00:00+00:00,206.6,1440,0,True,BNBUSDT
2023-10-12 00:00:00+00:00,205.1,1440,0,True,BNBUSDT
2023-10-13 00:00:00+00:00,206.1,1440,0,True,BNBUSDT
2023-10-14 00:00:00+00:00,206.5,1440,0,True,BNBUSDT
2023-10-15 00:00:00+00:00,209.7,1440,0,True,BNBUSDT
2023-10-16 00:00:00+00:00,214.6,1440,0,True,BNBUSDT
2023-10-17 00:00:00+00:00,211.4,1440,0,True,BNBUSDT
2023-10-18 00:00:00+00:00,210.2,1440,0,True,BNBUSDT
2023-10-19 00:00:00+00:00,211.2,1440,0,True,BNBUSDT
2023-10-20 00:00:00+00:00,212.1,1440,0,True,BNBUSDT
2023-10-21 00:00:00+00:00,214.2,1440,0,True,BNBUSDT
2023-10-22 00:00:00+00:00,217.8,1440,0,True,BNBUSDT
2023-10-23 00:00:00+00:00,228.5,1440,0,True,BNBUSDT
2023-10-24 00:00:00+00:00,225.2,1440,0,True,BNBUSDT
2023-10-25 00:00:00+00:00,222.1,1440,0,True,BNBUSDT
2023-10-26 00:00:00+00:00,223.2,1440,0,True,BNBUSDT
2023-10-27 00:00:00+00:00,224.1,1440,0,True,BNBUSDT
2023-10-28 00:00:00+00:00,225.7,1440,0,True,BNBUSDT
2023-10-29 00:00:00+00:00,227.1,1440,0,True,BNBUSDT
2023-10-30 00:00:00+00:00,228.0,1440,0,True,BNBUSDT
2023-10-31 00:00:00+00:00,226.2,1440,0,True,BNBUSDT
2023-11-01 00:00:00+00:00,227.9,1440,0,True,BNBUSDT
2023-11-02 00:00:00+00:00,231.9,1440,0,True,BNBUSDT
2023-11-03 00:00:00+00:00,230.2,1440,0,True,BNBUSDT
2023-11-04 00:00:00+00:00,237.1,1440,0,True,BNBUSDT
2023-11-05 00:00:00+00:00,244.0,1440,0,True,BNBUSDT
2023-11-06 00:00:00+00:00,255.1,1440,0,True,BNBUSDT
2023-11-07 00:00:00+00:00,246.2,1440,0,True,BNBUSDT
2023-11-08 00:00:00+00:00,246.7,1440,0,True,BNBUSDT
2023-11-09 00:00:00+00:00,251.6,1440,0,True,BNBUSDT
2023-11-10 00:00:00+00:00,251.0,1440,0,True,BNBUSDT
2023-11-11 00:00:00+00:00,251.5,1440,0,True,BNBUSDT
2023-11-12 00:00:00+00:00,247.4,1440,0,True,BNBUSDT
2023-11-13 00:00:00+00:00,241.1,1440,0,True,BNBUSDT
2023-11-14 00:00:00+00:00,242.3,1440,0,True,BNBUSDT
2023-11-15 00:00:00+00:00,253.7,1440,0,True,BNBUSDT
2023-11-16 00:00:00+00:00,242.7,1440,0,True,BNBUSDT
2023-11-17 00:00:00+00:00,244.9,1440,0,True,BNBUSDT
2023-11-18 00:00:00+00:00,244.8,1440,0,True,BNBUSDT
2023-11-19 00:00:00+00:00,246.4,1440,0,True,BNBUSDT
2023-11-20 00:00:00+00:00,253.1,1440,0,True,BNBUSDT
2023-11-21 00:00:00+00:00,225.5,1440,0,True,BNBUSDT
2023-11-22 00:00:00+00:00,236.1,1440,0,True,BNBUSDT
2023-11-23 00:00:00+00:00,233.8,1440,0,True,BNBUSDT
2023-11-24 00:00:00+00:00,232.7,1440,0,True,BNBUSDT
2023-11-25 00:00:00+00:00,234.4,1440,0,True,BNBUSDT
2023-11-26 00:00:00+00:00,231.7,1440,0,True,BNBUSDT
2023-11-27 00:00:00+00:00,227.2,1440,0,True,BNBUSDT
2023-11-28 00:00:00+00:00,229.6,1440,0,True,BNBUSDT
2023-11-29 00:00:00+00:00,227.3,1440,0,True,BNBUSDT
2023-11-30 00:00:00+00:00,227.6,1440,0,True,BNBUSDT
2023-12-01 00:00:00+00:00,228.5,1440,0,True,BNBUSDT
2023-12-02 00:00:00+00:00,229.0,1440,0,True,BNBUSDT
2023-12-03 00:00:00+00:00,228.1,1440,0,True,BNBUSDT
2023-12-04 00:00:00+00:00,233.5,1440,0,True,BNBUSDT
2023-12-05 00:00:00+00:00,231.2,1440,0,True,BNBUSDT
2023-12-06 00:00:00+00:00,229.4,1440,0,True,BNBUSDT
2023-12-07 00:00:00+00:00,232.6,1440,0,True,BNBUSDT
2023-12-08 00:00:00+00:00,238.9,1440,0,True,BNBUSDT
2023-12-09 00:00:00+00:00,237.7,1440,0,True,BNBUSDT
2023-12-10 00:00:00+00:00,239.8,1440,0,True,BNBUSDT
2023-12-11 00:00:00+00:00,246.4,1440,0,True,BNBUSDT
2023-12-12 00:00:00+00:00,254.6,1440,0,True,BNBUSDT
2023-12-13 00:00:00+00:00,252.0,1440,0,True,BNBUSDT
2023-12-14 00:00:00+00:00,253.3,1440,0,True,BNBUSDT
2023-12-15 00:00:00+00:00,244.9,1440,0,True,BNBUSDT
2023-12-16 00:00:00+00:00,244.4,1440,0,True,BNBUSDT
2023-12-17 00:00:00+00:00,238.8,1440,0,True,BNBUSDT
2023-12-18 00:00:00+00:00,241.7,1440,0,True,BNBUSDT
2023-12-19 00:00:00+00:00,252.9,1440,0,True,BNBUSDT
2023-12-20 00:00:00+00:00,260.3,1440,0,True,BNBUSDT
2023-12-21 00:00:00+00:00,272.1,1440,0,True,BNBUSDT
2023-12-22 00:00:00+00:00,271.1,1440,0,True,BNBUSDT
2023-12-23 00:00:00+00:00,271.0,1440,0,True,BNBUSDT
2023-12-24 00:00:00+00:00,264.5,1440,0,True,BNBUSDT
2023-12-25 00:00:00+00:00,266.9,1440,0,True,BNBUSDT
2023-12-26 00:00:00+00:00,297.7,1440,0,True,BNBUSDT
2023-12-27 00:00:00+00:00,324.1,1440,0,True,BNBUSDT
2023-12-28 00:00:00+00:00,322.6,1440,0,True,BNBUSDT
2023-12-29 00:00:00+00:00,313.7,1440,0,True,BNBUSDT
2023-12-30 00:00:00+00:00,317.1,1440,0,True,BNBUSDT
2023-12-31 00:00:00+00:00,311.8,1440,0,True,BNBUSDT
2024-01-01 00:00:00+00:00,313.5,1440,0,True,BNBUSDT
2024-01-02 00:00:00+00:00,312.2,1440,0,True,BNBUSDT
2024-01-03 00:00:00+00:00,315.8,1440,0,True,BNBUSDT
2024-01-04 00:00:00+00:00,323.7,1440,0,True,BNBUSDT
2024-01-05 00:00:00+00:00,317.5,1440,0,True,BNBUSDT
2024-01-06 00:00:00+00:00,307.5,1440,0,True,BNBUSDT
2024-01-07 00:00:00+00:00,302.4,1440,0,True,BNBUSDT
2024-01-08 00:00:00+00:00,303.7,1440,0,True,BNBUSDT
2024-01-09 00:00:00+00:00,301.1,1440,0,True,BNBUSDT
2024-01-10 00:00:00+00:00,305.8,1440,0,True,BNBUSDT
2024-01-11 00:00:00+00:00,308.2,1440,0,True,BNBUSDT
2024-01-12 00:00:00+00:00,296.6,1440,0,True,BNBUSDT
2024-01-13 00:00:00+00:00,302.2,1440,0,True,BNBUSDT
2024-01-14 00:00:00+00:00,299.5,1440,0,True,BNBUSDT
2024-01-15 00:00:00+00:00,317.5,1440,0,True,BNBUSDT
2024-01-16 00:00:00+00:00,315.2,1440,0,True,BNBUSDT
2024-01-17 00:00:00+00:00,309.4,1440,0,True,BNBUSDT
2024-01-18 00:00:00+00:00,313.0,1440,0,True,BNBUSDT
2024-01-19 00:00:00+00:00,314.7,1440,0,True,BNBUSDT
2024-01-20 00:00:00+00:00,317.2,1440,0,True,BNBUSDT
2024-01-21 00:00:00+00:00,318.6,1440,0,True,BNBUSDT
2024-01-22 00:00:00+00:00,305.9,1440,0,True,BNBUSDT
2024-01-23 00:00:00+00:00,298.8,1440,0,True,BNBUSDT
2024-01-24 00:00:00+00:00,293.1,1440,0,True,BNBUSDT
2024-01-25 00:00:00+00:00,292.1,1440,0,True,BNBUSDT
2024-01-26 00:00:00+00:00,302.2,1440,0,True,BNBUSDT
2024-01-27 00:00:00+00:00,305.6,1440,0,True,BNBUSDT
2024-01-28 00:00:00+00:00,305.3,1440,0,True,BNBUSDT
2024-01-29 00:00:00+00:00,310.7,1440,0,True,BNBUSDT
2024-01-30 00:00:00+00:00,307.6,1440,0,True,BNBUSDT
2024-01-31 00:00:00+00:00,300.5,1440,0,True,BNBUSDT
2024-02-01 00:00:00+00:00,300.2,1440,0,True,BNBUSDT
2024-02-02 00:00:00+00:00,301.4,1440,0,True,BNBUSDT
2024-02-03 00:00:00+00:00,299.7,1440,0,True,BNBUSDT
2024-02-04 00:00:00+00:00,304.7,1440,0,True,BNBUSDT
2024-02-05 00:00:00+00:00,301.2,1440,0,True,BNBUSDT
2024-02-06 00:00:00+00:00,302.7,1440,0,True,BNBUSDT
2024-02-07 00:00:00+00:00,307.3,1440,0,True,BNBUSDT
2024-02-08 00:00:00+00:00,319.2,1440,0,True,BNBUSDT
2024-02-09 00:00:00+00:00,324.0,1440,0,True,BNBUSDT
2024-02-10 00:00:00+00:00,323.0,1440,0,True,BNBUSDT
2024-02-11 00:00:00+00:00,320.7,1440,0,True,BNBUSDT
2024-02-12 00:00:00+00:00,327.8,1440,0,True,BNBUSDT
2024-02-13 00:00:00+00:00,324.7,1440,0,True,BNBUSDT
2024-02-14 00:00:00+00:00,333.9,1440,0,True,BNBUSDT
2024-02-15 00:00:00+00:00,354.2,1440,0,True,BNBUSDT
2024-02-16 00:00:00+00:00,360.4,1440,0,True,BNBUSDT
2024-02-17 00:00:00+00:00,352.9,1440,0,True,BNBUSDT
2024-02-18 00:00:00+00:00,349.8,1440,0,True,BNBUSDT
2024-02-19 00:00:00+00:00,351.6,1440,0,True,BNBUSDT
2024-02-20 00:00:00+00:00,354.6,1440,0,True,BNBUSDT
2024-02-21 00:00:00+00:00,379.2,1440,0,True,BNBUSDT
2024-02-22 00:00:00+00:00,382.6,1440,0,True,BNBUSDT
2024-02-23 00:00:00+00:00,375.5,1440,0,True,BNBUSDT
2024-02-24 00:00:00+00:00,381.7,1440,0,True,BNBUSDT
2024-02-25 00:00:00+00:00,388.5,1440,0,True,BNBUSDT
2024-02-26 00:00:00+00:00,401.6,1440,0,True,BNBUSDT
2024-02-27 00:00:00+00:00,394.6,1440,0,True,BNBUSDT
2024-02-28 00:00:00+00:00,414.6,1440,0,True,BNBUSDT
2024-02-29 00:00:00+00:00,399.4,1440,0,True,BNBUSDT
2024-03-01 00:00:00+00:00,407.4,1440,0,True,BNBUSDT
2024-03-02 00:00:00+00:00,410.9,1440,0,True,BNBUSDT
2024-03-03 00:00:00+00:00,414.5,1440,0,True,BNBUSDT
2024-03-04 00:00:00+00:00,418.4,1440,0,True,BNBUSDT
2024-03-05 00:00:00+00:00,394.1,1440,0,True,BNBUSDT
2024-03-06 00:00:00+00:00,429.4,1440,0,True,BNBUSDT
2024-03-07 00:00:00+00:00,474.6,1440,0,True,BNBUSDT
2024-03-08 00:00:00+00:00,485.8,1440,0,True,BNBUSDT
2024-03-09 00:00:00+00:00,488.3,1440,0,True,BNBUSDT
2024-03-10 00:00:00+00:00,528.9,1440,0,True,BNBUSDT
2024-03-11 00:00:00+00:00,523.0,1440,0,True,BNBUSDT
2024-03-12 00:00:00+00:00,537.5,1440,0,True,BNBUSDT
2024-03-13 00:00:00+00:00,630.5,1440,0,True,BNBUSDT
2024-03-14 00:00:00+00:00,603.2,1440,0,True,BNBUSDT
2024-03-15 00:00:00+00:00,632.7,1440,0,True,BNBUSDT
2024-03-16 00:00:00+00:00,576.4,1440,0,True,BNBUSDT
2024-03-17 00:00:00+00:00,571.7,1440,0,True,BNBUSDT
2024-03-18 00:00:00+00:00,555.4,1440,0,True,BNBUSDT
2024-03-19 00:00:00+00:00,507.7,1440,0,True,BNBUSDT
2024-03-20 00:00:00+00:00,556.8,1440,0,True,BNBUSDT
2024-03-21 00:00:00+00:00,553.8,1440,0,True,BNBUSDT
2024-03-22 00:00:00+00:00,553.8,1440,0,True,BNBUSDT
2024-03-23 00:00:00+00:00,551.9,1440,0,True,BNBUSDT
2024-03-24 00:00:00+00:00,567.7,1440,0,True,BNBUSDT
2024-03-25 00:00:00+00:00,587.0,1440,0,True,BNBUSDT
2024-03-26 00:00:00+00:00,580.4,1440,0,True,BNBUSDT
2024-03-27 00:00:00+00:00,574.3,1440,0,True,BNBUSDT
2024-03-28 00:00:00+00:00,583.4,1440,0,True,BNBUSDT
2024-03-29 00:00:00+00:00,612.5,1440,0,True,BNBUSDT
2024-03-30 00:00:00+00:00,600.7,1440,0,True,BNBUSDT
2024-03-31 00:00:00+00:00,606.7,1440,0,True,BNBUSDT
2024-04-01 00:00:00+00:00,575.8,1440,0,True,BNBUSDT
2024-04-02 00:00:00+00:00,551.4,1440,0,True,BNBUSDT
2024-04-03 00:00:00+00:00,561.5,1440,0,True,BNBUSDT
2024-04-04 00:00:00+00:00,585.5,1440,0,True,BNBUSDT
2024-04-05 00:00:00+00:00,577.8,1440,0,True,BNBUSDT
2024-04-06 00:00:00+00:00,585.4,1440,0,True,BNBUSDT
2024-04-07 00:00:00+00:00,583.9,1440,0,True,BNBUSDT
2024-04-08 00:00:00+00:00,586.4,1440,0,True,BNBUSDT
2024-04-09 00:00:00+00:00,580.5,1440,0,True,BNBUSDT
2024-04-10 00:00:00+00:00,609.7,1440,0,True,BNBUSDT
2024-04-11 00:00:00+00:00,604.6,1440,0,True,BNBUSDT
2024-04-12 00:00:00+00:00,595.6,1440,0,True,BNBUSDT
2024-04-13 00:00:00+00:00,553.1,1440,0,True,BNBUSDT
2024-04-14 00:00:00+00:00,566.4,1440,0,True,BNBUSDT
2024-04-15 00:00:00+00:00,552.7,1440,0,True,BNBUSDT
2024-04-16 00:00:00+00:00,537.6,1440,0,True,BNBUSDT
2024-04-17 00:00:00+00:00,534.1,1440,0,True,BNBUSDT
2024-04-18 00:00:00+00:00,552.1,1440,0,True,BNBUSDT
2024-04-19 00:00:00+00:00,554.0,1440,0,True,BNBUSDT
2024-04-20 00:00:00+00:00,570.9,1440,0,True,BNBUSDT
2024-04-21 00:00:00+00:00,579.6,1440,0,True,BNBUSDT
2024-04-22 00:00:00+00:00,604.5,1440,0,True,BNBUSDT
2024-04-23 00:00:00+00:00,606.2,1440,0,True,BNBUSDT
2024-04-24 00:00:00+00:00,608.8,1440,0,True,BNBUSDT
2024-04-25 00:00:00+00:00,613.2,1440,0,True,BNBUSDT
2024-04-26 00:00:00+00:00,598.0,1440,0,True,BNBUSDT
2024-04-27 00:00:00+00:00,596.2,1440,0,True,BNBUSDT
2024-04-28 00:00:00+00:00,600.2,1440,0,True,BNBUSDT
2024-04-29 00:00:00+00:00,592.8,1440,0,True,BNBUSDT
2024-04-30 00:00:00+00:00,578.4,1440,0,True,BNBUSDT
2024-05-01 00:00:00+00:00,561.8,1440,0,True,BNBUSDT
2024-05-02 00:00:00+00:00,560.5,1440,0,True,BNBUSDT
2024-05-03 00:00:00+00:00,587.0,1440,0,True,BNBUSDT
2024-05-04 00:00:00+00:00,585.7,1440,0,True,BNBUSDT
2024-05-05 00:00:00+00:00,592.0,1440,0,True,BNBUSDT
2024-05-06 00:00:00+00:00,588.2,1440,0,True,BNBUSDT
2024-05-07 00:00:00+00:00,576.5,1440,0,True,BNBUSDT
2024-05-08 00:00:00+00:00,588.6,1440,0,True,BNBUSDT
2024-05-09 00:00:00+00:00,596.8,1440,0,True,BNBUSDT
2024-05-10 00:00:00+00:00,585.6,1440,0,True,BNBUSDT
2024-05-11 00:00:00+00:00,592.2,1440,0,True,BNBUSDT
2024-05-12 00:00:00+00:00,594.8,1440,0,True,BNBUSDT
2024-05-13 00:00:00+00:00,591.7,1440,0,True,BNBUSDT
2024-05-14 00:00:00+00:00,567.1,1440,0,True,BNBUSDT
2024-05-15 00:00:00+00:00,581.0,1440,0,True,BNBUSDT
2024-05-16 00:00:00+00:00,569.2,1440,0,True,BNBUSDT
2024-05-17 00:00:00+00:00,580.9,1440,0,True,BNBUSDT
2024-05-18 00:00:00+00:00,580.3,1440,0,True,BNBUSDT
2024-05-19 00:00:00+00:00,574.5,1440,0,True,BNBUSDT
2024-05-20 00:00:00+00:00,599.6,1440,0,True,BNBUSDT
2024-05-21 00:00:00+00:00,618.5,1440,0,True,BNBUSDT
2024-05-22 00:00:00+00:00,614.8,1440,0,True,BNBUSDT
2024-05-23 00:00:00+00:00,599.3,1440,0,True,BNBUSDT
2024-05-24 00:00:00+00:00,600.3,1440,0,True,BNBUSDT
2024-05-25 00:00:00+00:00,602.4,1440,0,True,BNBUSDT
2024-05-26 00:00:00+00:00,600.2,1440,0,True,BNBUSDT
2024-05-27 00:00:00+00:00,603.9,1440,0,True,BNBUSDT
2024-05-28 00:00:00+00:00,601.7,1440,0,True,BNBUSDT
2024-05-29 00:00:00+00:00,595.7,1440,0,True,BNBUSDT
2024-05-30 00:00:00+00:00,595.1,1440,0,True,BNBUSDT
2024-05-31 00:00:00+00:00,593.7,1440,0,True,BNBUSDT
2024-06-01 00:00:00+00:00,601.9,1440,0,True,BNBUSDT
2024-06-02 00:00:00+00:00,602.9,1440,0,True,BNBUSDT
2024-06-03 00:00:00+00:00,626.4,1440,0,True,BNBUSDT
2024-06-04 00:00:00+00:00,685.7,1440,0,True,BNBUSDT
2024-06-05 00:00:00+00:00,698.8,1440,0,True,BNBUSDT
2024-06-06 00:00:00+00:00,711.2,1440,0,True,BNBUSDT
2024-06-07 00:00:00+00:00,684.0,1440,0,True,BNBUSDT
2024-06-08 00:00:00+00:00,682.7,1440,0,True,BNBUSDT
2024-06-09 00:00:00+00:00,673.0,1440,0,True,BNBUSDT
2024-06-10 00:00:00+00:00,625.1,1440,0,True,BNBUSDT
2024-06-11 00:00:00+00:00,602.5,1440,0,True,BNBUSDT
2024-06-12 00:00:00+00:00,619.4,1440,0,True,BNBUSDT
2024-06-13 00:00:00+00:00,599.8,1440,0,True,BNBUSDT
2024-06-14 00:00:00+00:00,603.3,1440,0,True,BNBUSDT
2024-06-15 00:00:00+00:00,608.2,1440,0,True,BNBUSDT
2024-06-16 00:00:00+00:00,610.8,1440,0,True,BNBUSDT
2024-06-17 00:00:00+00:00,604.3,1440,0,True,BNBUSDT
2024-06-18 00:00:00+00:00,588.6,1440,0,True,BNBUSDT
2024-06-19 00:00:00+00:00,599.3,1440,0,True,BNBUSDT
2024-06-20 00:00:00+00:00,587.7,1440,0,True,BNBUSDT
2024-06-21 00:00:00+00:00,586.1,1440,0,True,BNBUSDT
2024-06-22 00:00:00+00:00,591.1,1440,0,True,BNBUSDT
2024-06-23 00:00:00+00:00,577.5,1440,0,True,BNBUSDT
2024-06-24 00:00:00+00:00,568.1,1440,0,True,BNBUSDT
2024-06-25 00:00:00+00:00,578.2,1440,0,True,BNBUSDT
2024-06-26 00:00:00+00:00,573.0,1440,0,True,BNBUSDT
2024-06-27 00:00:00+00:00,581.7,1440,0,True,BNBUSDT
2024-06-28 00:00:00+00:00,567.4,1440,0,True,BNBUSDT
2024-06-29 00:00:00+00:00,570.0,1440,0,True,BNBUSDT
2024-06-30 00:00:00+00:00,582.2,1440,0,True,BNBUSDT
2024-07-01 00:00:00+00:00,576.9,1440,0,True,BNBUSDT
2024-07-02 00:00:00+00:00,580.1,1440,0,True,BNBUSDT
2024-07-03 00:00:00+00:00,556.7,1440,0,True,BNBUSDT
2024-07-04 00:00:00+00:00,513.6,1440,0,True,BNBUSDT
2024-07-05 00:00:00+00:00,497.7,1440,0,True,BNBUSDT
2024-07-06 00:00:00+00:00,526.0,1440,0,True,BNBUSDT
2024-07-07 00:00:00+00:00,490.7,1440,0,True,BNBUSDT
2024-07-08 00:00:00+00:00,510.6,1440,0,True,BNBUSDT
2024-07-09 00:00:00+00:00,516.9,1440,0,True,BNBUSDT
2024-07-10 00:00:00+00:00,524.7,1440,0,True,BNBUSDT
2024-07-11 00:00:00+00:00,524.8,1440,0,True,BNBUSDT
2024-07-12 00:00:00+00:00,533.8,1440,0,True,BNBUSDT
2024-07-13 00:00:00+00:00,532.4,1440,0,True,BNBUSDT
2024-07-14 00:00:00+00:00,544.8,1440,0,True,BNBUSDT
2024-07-15 00:00:00+00:00,585.3,1440,0,True,BNBUSDT
2024-07-16 00:00:00+00:00,576.2,1440,0,True,BNBUSDT
2024-07-17 00:00:00+00:00,568.9,1440,0,True,BNBUSDT
2024-07-18 00:00:00+00:00,571.9,1440,0,True,BNBUSDT
2024-07-19 00:00:00+00:00,593.4,1440,0,True,BNBUSDT
2024-07-20 00:00:00+00:00,593.1,1440,0,True,BNBUSDT
2024-07-21 00:00:00+00:00,602.5,1440,0,True,BNBUSDT
2024-07-22 00:00:00+00:00,587.2,1440,0,True,BNBUSDT
2024-07-23 00:00:00+00:00,581.9,1440,0,True,BNBUSDT
2024-07-24 00:00:00+00:00,574.9,1440,0,True,BNBUSDT
2024-07-25 00:00:00+00:00,570.6,1440,0,True,BNBUSDT
2024-07-26 00:00:00+00:00,580.9,1440,0,True,BNBUSDT
2024-07-27 00:00:00+00:00,581.6,1440,0,True,BNBUSDT
2024-07-28 00:00:00+00:00,583.9,1440,0,True,BNBUSDT
2024-07-29 00:00:00+00:00,574.3,1440,0,True,BNBUSDT
2024-07-30 00:00:00+00:00,588.2,1440,0,True,BNBUSDT
2024-07-31 00:00:00+00:00,576.5,1440,0,True,BNBUSDT
2024-08-01 00:00:00+00:00,575.1,1440,0,True,BNBUSDT
2024-08-02 00:00:00+00:00,542.9,1440,0,True,BNBUSDT
2024-08-03 00:00:00+00:00,529.6,1440,0,True,BNBUSDT
2024-08-04 00:00:00+00:00,496.9,1440,0,True,BNBUSDT
2024-08-05 00:00:00+00:00,464.2,1440,0,True,BNBUSDT
2024-08-06 00:00:00+00:00,484.8,1440,0,True,BNBUSDT
2024-08-07 00:00:00+00:00,475.0,1440,0,True,BNBUSDT
2024-08-08 00:00:00+00:00,517.1,1440,0,True,BNBUSDT
2024-08-09 00:00:00+00:00,508.7,1440,0,True,BNBUSDT
2024-08-10 00:00:00+00:00,523.1,1440,0,True,BNBUSDT
2024-08-11 00:00:00+00:00,503.4,1440,0,True,BNBUSDT
2024-08-12 00:00:00+00:00,518.2,1440,0,True,BNBUSDT
2024-08-13 00:00:00+00:00,524.2,1440,0,True,BNBUSDT
2024-08-14 00:00:00+00:00,523.4,1440,0,True,BNBUSDT
2024-08-15 00:00:00+00:00,519.2,1440,0,True,BNBUSDT
2024-08-16 00:00:00+00:00,519.7,1440,0,True,BNBUSDT
2024-08-17 00:00:00+00:00,541.6,1440,0,True,BNBUSDT
2024-08-18 00:00:00+00:00,531.2,1440,0,True,BNBUSDT
2024-08-19 00:00:00+00:00,558.4,1440,0,True,BNBUSDT
2024-08-20 00:00:00+00:00,569.4,1440,0,True,BNBUSDT
2024-08-21 00:00:00+00:00,570.1,1440,0,True,BNBUSDT
2024-08-22 00:00:00+00:00,582.9,1440,0,True,BNBUSDT
2024-08-23 00:00:00+00:00,591.7,1440,0,True,BNBUSDT
2024-08-24 00:00:00+00:00,580.5,1440,0,True,BNBUSDT
2024-08-25 00:00:00+00:00,573.9,1440,0,True,BNBUSDT
2024-08-26 00:00:00+00:00,548.2,1440,0,True,BNBUSDT
2024-08-27 00:00:00+00:00,533.3,1440,0,True,BNBUSDT
2024-08-28 00:00:00+00:00,537.0,1440,0,True,BNBUSDT
2024-08-29 00:00:00+00:00,536.4,1440,0,True,BNBUSDT
2024-08-30 00:00:00+00:00,535.2,1440,0,True,BNBUSDT
2024-08-31 00:00:00+00:00,532.9,1440,0,True,BNBUSDT
2024-09-01 00:00:00+00:00,512.4,1440,0,True,BNBUSDT
2024-09-02 00:00:00+00:00,526.3,1440,0,True,BNBUSDT
2024-09-03 00:00:00+00:00,518.7,1440,0,True,BNBUSDT
2024-09-04 00:00:00+00:00,507.6,1440,0,True,BNBUSDT
2024-09-05 00:00:00+00:00,502.4,1440,0,True,BNBUSDT
2024-09-06 00:00:00+00:00,487.2,1440,0,True,BNBUSDT
2024-09-07 00:00:00+00:00,493.5,1440,0,True,BNBUSDT
2024-09-08 00:00:00+00:00,503.1,1440,0,True,BNBUSDT
2024-09-09 00:00:00+00:00,518.7,1440,0,True,BNBUSDT
2024-09-10 00:00:00+00:00,517.0,1440,0,True,BNBUSDT
2024-09-11 00:00:00+00:00,530.1,1440,0,True,BNBUSDT
2024-09-12 00:00:00+00:00,544.5,1440,0,True,BNBUSDT
2024-09-13 00:00:00+00:00,556.4,1440,0,True,BNBUSDT
2024-09-14 00:00:00+00:00,553.3,1440,0,True,BNBUSDT
2024-09-15 00:00:00+00:00,553.4,1440,0,True,BNBUSDT
2024-09-16 00:00:00+00:00,533.7,1440,0,True,BNBUSDT
2024-09-17 00:00:00+00:00,546.2,1440,0,True,BNBUSDT
2024-09-18 00:00:00+00:00,559.5,1440,0,True,BNBUSDT
2024-09-19 00:00:00+00:00,567.0,1440,0,True,BNBUSDT
2024-09-20 00:00:00+00:00,569.0,1440,0,True,BNBUSDT
2024-09-21 00:00:00+00:00,588.6,1440,0,True,BNBUSDT
2024-09-22 00:00:00+00:00,588.7,1440,0,True,BNBUSDT
2024-09-23 00:00:00+00:00,604.5,1440,0,True,BNBUSDT
2024-09-24 00:00:00+00:00,605.9,1440,0,True,BNBUSDT
2024-09-25 00:00:00+00:00,587.4,1440,0,True,BNBUSDT
2024-09-26 00:00:00+00:00,596.3,1440,0,True,BNBUSDT
2024-09-27 00:00:00+00:00,606.8,1440,0,True,BNBUSDT
2024-09-28 00:00:00+00:00,601.1,1440,0,True,BNBUSDT
2024-09-29 00:00:00+00:00,595.6,1440,0,True,BNBUSDT
2024-09-30 00:00:00+00:00,567.4,1440,0,True,BNBUSDT
2024-10-01 00:00:00+00:00,547.3,1440,0,True,BNBUSDT
2024-10-02 00:00:00+00:00,542.5,1440,0,True,BNBUSDT
2024-10-03 00:00:00+00:00,544.8,1440,0,True,BNBUSDT
2024-10-04 00:00:00+00:00,555.3,1440,0,True,BNBUSDT
2024-10-05 00:00:00+00:00,563.0,1440,0,True,BNBUSDT
2024-10-06 00:00:00+00:00,570.3,1440,0,True,BNBUSDT
2024-10-07 00:00:00+00:00,564.3,1440,0,True,BNBUSDT
2024-10-08 00:00:00+00:00,580.8,1440,0,True,BNBUSDT
2024-10-09 00:00:00+00:00,570.7,1440,0,True,BNBUSDT
2024-10-10 00:00:00+00:00,563.9,1440,0,True,BNBUSDT
2024-10-11 00:00:00+00:00,573.6,1440,0,True,BNBUSDT
2024-10-12 00:00:00+00:00,576.6,1440,0,True,BNBUSDT
2024-10-13 00:00:00+00:00,572.2,1440,0,True,BNBUSDT
2024-10-14 00:00:00+00:00,589.1,1440,0,True,BNBUSDT
2024-10-15 00:00:00+00:00,594.5,1440,0,True,BNBUSDT
2024-10-16 00:00:00+00:00,600.9,1440,0,True,BNBUSDT
2024-10-17 00:00:00+00:00,592.9,1440,0,True,BNBUSDT
2024-10-18 00:00:00+00:00,599.2,1440,0,True,BNBUSDT
2024-10-19 00:00:00+00:00,597.7,1440,0,True,BNBUSDT
2024-10-20 00:00:00+00:00,605.9,1440,0,True,BNBUSDT
2024-10-21 00:00:00+00:00,598.8,1440,0,True,BNBUSDT
2024-10-22 00:00:00+00:00,593.8,1440,0,True,BNBUSDT
2024-10-23 00:00:00+00:00,584.9,1440,0,True,BNBUSDT
2024-10-24 00:00:00+00:00,594.5,1440,0,True,BNBUSDT
2024-10-25 00:00:00+00:00,575.3,1440,0,True,BNBUSDT
2024-10-26 00:00:00+00:00,583.4,1440,0,True,BNBUSDT
2024-10-27 00:00:00+00:00,589.2,1440,0,True,BNBUSDT
2024-10-28 00:00:00+00:00,601.1,1440,0,True,BNBUSDT
2024-10-29 00:00:00+00:00,606.3,1440,0,True,BNBUSDT
2024-10-30 00:00:00+00:00,595.6,1440,0,True,BNBUSDT
2024-10-31 00:00:00+00:00,576.6,1440,0,True,BNBUSDT
2024-11-01 00:00:00+00:00,573.1,1440,0,True,BNBUSDT
2024-11-02 00:00:00+00:00,568.6,1440,0,True,BNBUSDT
2024-11-03 00:00:00+00:00,557.7,1440,0,True,BNBUSDT
2024-11-04 00:00:00+00:00,552.5,1440,0,True,BNBUSDT
2024-11-05 00:00:00+00:00,563.21,1440,0,True,BNBUSDT
2024-11-06 00:00:00+00:00,592.22,1440,0,True,BNBUSDT
2024-11-07 00:00:00+00:00,598.26,1440,0,True,BNBUSDT
2024-11-08 00:00:00+00:00,597.82,1440,0,True,BNBUSDT
2024-11-09 00:00:00+00:00,624.66,1440,0,True,BNBUSDT
2024-11-10 00:00:00+00:00,627.33,1440,0,True,BNBUSDT
2024-11-11 00:00:00+00:00,659.63,1440,0,True,BNBUSDT
2024-11-12 00:00:00+00:00,625.33,1440,0,True,BNBUSDT
2024-11-13 00:00:00+00:00,620.68,1440,0,True,BNBUSDT
2024-11-14 00:00:00+00:00,622.3,1440,0,True,BNBUSDT
2024-11-15 00:00:00+00:00,619.37,1440,0,True,BNBUSDT
2024-11-16 00:00:00+00:00,622.69,1440,0,True,BNBUSDT
2024-11-17 00:00:00+00:00,618.9,1440,0,True,BNBUSDT
2024-11-18 00:00:00+00:00,618.93,1440,0,True,BNBUSDT
2024-11-19 00:00:00+00:00,615.5,1440,0,True,BNBUSDT
2024-11-20 00:00:00+00:00,605.39,1440,0,True,BNBUSDT
2024-11-21 00:00:00+00:00,621.86,1440,0,True,BNBUSDT
2024-11-22 00:00:00+00:00,633.0,1440,0,True,BNBUSDT
2024-11-23 00:00:00+00:00,650.42,1440,0,True,BNBUSDT
2024-11-24 00:00:00+00:00,659.65,1440,0,True,BNBUSDT
2024-11-25 00:00:00+00:00,636.2,1440,0,True,BNBUSDT
2024-11-26 00:00:00+00:00,613.51,1440,0,True,BNBUSDT
2024-11-27 00:00:00+00:00,644.14,1440,0,True,BNBUSDT
2024-11-28 00:00:00+00:00,653.83,1440,0,True,BNBUSDT
2024-11-29 00:00:00+00:00,654.67,1440,0,True,BNBUSDT
2024-11-30 00:00:00+00:00,653.43,1440,0,True,BNBUSDT
2024-12-01 00:00:00+00:00,655.99,1440,0,True,BNBUSDT
2024-12-02 00:00:00+00:00,647.82,1440,0,True,BNBUSDT
2024-12-03 00:00:00+00:00,734.64,1440,0,True,BNBUSDT
2024-12-04 00:00:00+00:00,739.53,1440,0,True,BNBUSDT
2024-12-05 00:00:00+00:00,717.1,1440,0,True,BNBUSDT
2024-12-06 00:00:00+00:00,730.22,1440,0,True,BNBUSDT
2024-12-07 00:00:00+00:00,749.72,1440,0,True,BNBUSDT
2024-12-08 00:00:00+00:00,742.0,1440,0,True,BNBUSDT
2024-12-09 00:00:00+00:00,689.19,1440,0,True,BNBUSDT
2024-12-10 00:00:00+00:00,676.8,1440,0,True,BNBUSDT
2024-12-11 00:00:00+00:00,711.21,1440,0,True,BNBUSDT
2024-12-12 00:00:00+00:00,705.77,1440,0,True,BNBUSDT
2024-12-13 00:00:00+00:00,725.72,1440,0,True,BNBUSDT
2024-12-14 00:00:00+00:00,715.79,1440,0,True,BNBUSDT
2024-12-15 00:00:00+00:00,718.87,1440,0,True,BNBUSDT
2024-12-16 00:00:00+00:00,720.58,1440,0,True,BNBUSDT
2024-12-17 00:00:00+00:00,717.69,1440,0,True,BNBUSDT
2024-12-18 00:00:00+00:00,686.38,1440,0,True,BNBUSDT
2024-12-19 00:00:00+00:00,665.62,1440,0,True,BNBUSDT
2024-12-20 00:00:00+00:00,678.6,1440,0,True,BNBUSDT
2024-12-21 00:00:00+00:00,663.49,1440,0,True,BNBUSDT
2024-12-22 00:00:00+00:00,649.77,1440,0,True,BNBUSDT
2024-12-23 00:00:00+00:00,694.16,1440,0,True,BNBUSDT
2024-12-24 00:00:00+00:00,696.9,1440,0,True,BNBUSDT
2024-12-25 00:00:00+00:00,702.72,1440,0,True,BNBUSDT
2024-12-26 00:00:00+00:00,689.4,1440,0,True,BNBUSDT
2024-12-27 00:00:00+00:00,691.85,1440,0,True,BNBUSDT
2024-12-28 00:00:00+00:00,722.13,1440,0,True,BNBUSDT
2024-12-29 00:00:00+00:00,694.71,1440,0,True,BNBUSDT
2024-12-30 00:00:00+00:00,705.36,1440,0,True,BNBUSDT
2024-12-31 00:00:00+00:00,702.3,1440,0,True,BNBUSDT
2025-01-01 00:00:00+00:00,707.84,1440,0,True,BNBUSDT
2025-01-02 00:00:00+00:00,706.25,1440,0,True,BNBUSDT
2025-01-03 00:00:00+00:00,714.88,1440,0,True,BNBUSDT
2025-01-04 00:00:00+00:00,713.41,1440,0,True,BNBUSDT
2025-01-05 00:00:00+00:00,709.29,1440,0,True,BNBUSDT
2025-01-06 00:00:00+00:00,729.42,1440,0,True,BNBUSDT
2025-01-07 00:00:00+00:00,698.01,1440,0,True,BNBUSDT
2025-01-08 00:00:00+00:00,696.03,1440,0,True,BNBUSDT
2025-01-09 00:00:00+00:00,685.48,1440,0,True,BNBUSDT
2025-01-10 00:00:00+00:00,693.21,1440,0,True,BNBUSDT
2025-01-11 00:00:00+00:00,696.7,1440,0,True,BNBUSDT
2025-01-12 00:00:00+00:00,693.34,1440,0,True,BNBUSDT
2025-01-13 00:00:00+00:00,688.64,1440,0,True,BNBUSDT
2025-01-14 00:00:00+00:00,698.89,1440,0,True,BNBUSDT
2025-01-15 00:00:00+00:00,714.59,1440,0,True,BNBUSDT
2025-01-16 00:00:00+00:00,708.1,1440,0,True,BNBUSDT
2025-01-17 00:00:00+00:00,721.76,1440,0,True,BNBUSDT
2025-01-18 00:00:00+00:00,709.52,1440,0,True,BNBUSDT
2025-01-19 00:00:00+00:00,683.19,1440,0,True,BNBUSDT
2025-01-20 00:00:00+00:00,682.51,1440,0,True,BNBUSDT
2025-01-21 00:00:00+00:00,692.21,1440,0,True,BNBUSDT
2025-01-22 00:00:00+00:00,695.52,1440,0,True,BNBUSDT
2025-01-23 00:00:00+00:00,689.74,1440,0,True,BNBUSDT
2025-01-24 00:00:00+00:00,680.45,1440,0,True,BNBUSDT
2025-01-25 00:00:00+00:00,686.4,1440,0,True,BNBUSDT
2025-01-26 00:00:00+00:00,667.37,1440,0,True,BNBUSDT
2025-01-27 00:00:00+00:00,679.74,1440,0,True,BNBUSDT
2025-01-28 00:00:00+00:00,661.29,1440,0,True,BNBUSDT
2025-01-29 00:00:00+00:00,667.97,1440,0,True,BNBUSDT
2025-01-30 00:00:00+00:00,677.53,1440,0,True,BNBUSDT
2025-01-31 00:00:00+00:00,677.47,1440,0,True,BNBUSDT
2025-02-01 00:00:00+00:00,652.94,1440,0,True,BNBUSDT
2025-02-02 00:00:00+00:00,617.8,1440,0,True,BNBUSDT
2025-02-03 00:00:00+00:00,617.21,1440,0,True,BNBUSDT
2025-02-04 00:00:00+00:00,572.69,1440,0,True,BNBUSDT
2025-02-05 00:00:00+00:00,569.55,1440,0,True,BNBUSDT
2025-02-06 00:00:00+00:00,571.72,1440,0,True,BNBUSDT
2025-02-07 00:00:00+00:00,577.71,1440,0,True,BNBUSDT
2025-02-08 00:00:00+00:00,612.39,1440,0,True,BNBUSDT
2025-02-09 00:00:00+00:00,615.81,1440,0,True,BNBUSDT
2025-02-10 00:00:00+00:00,618.65,1440,0,True,BNBUSDT
2025-02-11 00:00:00+00:00,642.11,1440,0,True,BNBUSDT
2025-02-12 00:00:00+00:00,696.93,1440,0,True,BNBUSDT
2025-02-13 00:00:00+00:00,664.72,1440,0,True,BNBUSDT
2025-02-14 00:00:00+00:00,659.71,1440,0,True,BNBUSDT
2025-02-15 00:00:00+00:00,662.21,1440,0,True,BNBUSDT
2025-02-16 00:00:00+00:00,673.1,1440,0,True,BNBUSDT
2025-02-17 00:00:00+00:00,667.51,1440,0,True,BNBUSDT
2025-02-18 00:00:00+00:00,648.18,1440,0,True,BNBUSDT
2025-02-19 00:00:00+00:00,653.38,1440,0,True,BNBUSDT
2025-02-20 00:00:00+00:00,656.36,1440,0,True,BNBUSDT
2025-02-21 00:00:00+00:00,647.47,1440,0,True,BNBUSDT
2025-02-22 00:00:00+00:00,668.57,1440,0,True,BNBUSDT
2025-02-23 00:00:00+00:00,658.42,1440,0,True,BNBUSDT
2025-02-24 00:00:00+00:00,614.2,1440,0,True,BNBUSDT
2025-02-25 00:00:00+00:00,623.49,1440,0,True,BNBUSDT
2025-02-26 00:00:00+00:00,611.57,1440,0,True,BNBUSDT
2025-02-27 00:00:00+00:00,605.41,1440,0,True,BNBUSDT
2025-02-28 00:00:00+00:00,588.07,1440,0,True,BNBUSDT
2025-03-01 00:00:00+00:00,607.93,1440,0,True,BNBUSDT
2025-03-02 00:00:00+00:00,623.94,1440,0,True,BNBUSDT
2025-03-03 00:00:00+00:00,576.1,1440,0,True,BNBUSDT
2025-03-04 00:00:00+00:00,584.01,1440,0,True,BNBUSDT
2025-03-05 00:00:00+00:00,598.24,1440,0,True,BNBUSDT
2025-03-06 00:00:00+00:00,596.5,1440,0,True,BNBUSDT
2025-03-07 00:00:00+00:00,594.77,1440,0,True,BNBUSDT
2025-03-08 00:00:00+00:00,593.1,1440,0,True,BNBUSDT
2025-03-09 00:00:00+00:00,554.65,1440,0,True,BNBUSDT
2025-03-10 00:00:00+00:00,531.49,1440,0,True,BNBUSDT
2025-03-11 00:00:00+00:00,551.61,1440,0,True,BNBUSDT
2025-03-12 00:00:00+00:00,569.87,1440,0,True,BNBUSDT
2025-03-13 00:00:00+00:00,579.8,1440,0,True,BNBUSDT
2025-03-14 00:00:00+00:00,587.76,1440,0,True,BNBUSDT
2025-03-15 00:00:00+00:00,619.83,1440,0,True,BNBUSDT
2025-03-16 00:00:00+00:00,602.2,1440,0,True,BNBUSDT
2025-03-17 00:00:00+00:00,631.69,1440,0,True,BNBUSDT
2025-03-18 00:00:00+00:00,627.81,1440,0,True,BNBUSDT
2025-03-19 00:00:00+00:00,618.7,1440,0,True,BNBUSDT
2025-03-20 00:00:00+00:00,630.47,1440,0,True,BNBUSDT
2025-03-21 00:00:00+00:00,635.17,1440,0,True,BNBUSDT
2025-03-22 00:00:00+00:00,627.01,1440,0,True,BNBUSDT
2025-03-23 00:00:00+00:00,623.79,1440,0,True,BNBUSDT
2025-03-24 00:00:00+00:00,637.08,1440,0,True,BNBUSDT
2025-03-25 00:00:00+00:00,629.82,1440,0,True,BNBUSDT
2025-03-26 00:00:00+00:00,617.99,1440,0,True,BNBUSDT
2025-03-27 00:00:00+00:00,637.36,1440,0,True,BNBUSDT
2025-03-28 00:00:00+00:00,619.81,1440,0,True,BNBUSDT
2025-03-29 00:00:00+00:00,602.99,1440,0,True,BNBUSDT
2025-03-30 00:00:00+00:00,602.2,1440,0,True,BNBUSDT
2025-03-31 00:00:00+00:00,604.81,1440,0,True,BNBUSDT
2025-04-01 00:00:00+00:00,611.13,1440,0,True,BNBUSDT
2025-04-02 00:00:00+00:00,590.68,1440,0,True,BNBUSDT
2025-04-03 00:00:00+00:00,592.67,1440,0,True,BNBUSDT
2025-04-04 00:00:00+00:00,597.71,1440,0,True,BNBUSDT
2025-04-05 00:00:00+00:00,593.13,1440,0,True,BNBUSDT
2025-04-06 00:00:00+00:00,555.54,1440,0,True,BNBUSDT
2025-04-07 00:00:00+00:00,554.6,1440,0,True,BNBUSDT
2025-04-08 00:00:00+00:00,553.72,1440,0,True,BNBUSDT
2025-04-09 00:00:00+00:00,582.32,1440,0,True,BNBUSDT
2025-04-10 00:00:00+00:00,578.03,1440,0,True,BNBUSDT
2025-04-11 00:00:00+00:00,585.93,1440,0,True,BNBUSDT
2025-04-12 00:00:00+00:00,597.29,1440,0,True,BNBUSDT
2025-04-13 00:00:00+00:00,584.28,1440,0,True,BNBUSDT
2025-04-14 00:00:00+00:00,584.54,1440,0,True,BNBUSDT
2025-04-15 00:00:00+00:00,579.52,1440,0,True,BNBUSDT
2025-04-16 00:00:00+00:00,582.8,1440,0,True,BNBUSDT
2025-04-17 00:00:00+00:00,590.49,1440,0,True,BNBUSDT
2025-04-18 00:00:00+00:00,591.71,1440,0,True,BNBUSDT
2025-04-19 00:00:00+00:00,591.73,1440,0,True,BNBUSDT
2025-04-20 00:00:00+00:00,592.77,1440,0,True,BNBUSDT
2025-04-21 00:00:00+00:00,597.34,1440,0,True,BNBUSDT
2025-04-22 00:00:00+00:00,618.51,1440,0,True,BNBUSDT
2025-04-23 00:00:00+00:00,605.71,1440,0,True,BNBUSDT
2025-04-24 00:00:00+00:00,601.55,1440,0,True,BNBUSDT
2025-04-25 00:00:00+00:00,599.91,1440,0,True,BNBUSDT
2025-04-26 00:00:00+00:00,607.23,1440,0,True,BNBUSDT
2025-04-27 00:00:00+00:00,603.46,1440,0,True,BNBUSDT
2025-04-28 00:00:00+00:00,606.16,1440,0,True,BNBUSDT
2025-04-29 00:00:00+00:00,601.0,1440,0,True,BNBUSDT
2025-04-30 00:00:00+00:00,599.88,1440,0,True,BNBUSDT
2025-05-01 00:00:00+00:00,599.63,1440,0,True,BNBUSDT
2025-05-02 00:00:00+00:00,600.69,1440,0,True,BNBUSDT
2025-05-03 00:00:00+00:00,599.36,1440,0,True,BNBUSDT
2025-05-04 00:00:00+00:00,586.03,1440,0,True,BNBUSDT
2025-05-05 00:00:00+00:00,597.61,1440,0,True,BNBUSDT
2025-05-06 00:00:00+00:00,602.57,1440,0,True,BNBUSDT
2025-05-07 00:00:00+00:00,602.7,1440,0,True,BNBUSDT
2025-05-08 00:00:00+00:00,629.17,1440,0,True,BNBUSDT
2025-05-09 00:00:00+00:00,666.29,1440,0,True,BNBUSDT
2025-05-10 00:00:00+00:00,663.9,1440,0,True,BNBUSDT
2025-05-11 00:00:00+00:00,651.15,1440,0,True,BNBUSDT
2025-05-12 00:00:00+00:00,660.07,1440,0,True,BNBUSDT
2025-05-13 00:00:00+00:00,664.13,1440,0,True,BNBUSDT
2025-05-14 00:00:00+00:00,652.47,1440,0,True,BNBUSDT
2025-05-15 00:00:00+00:00,651.88,1440,0,True,BNBUSDT
2025-05-16 00:00:00+00:00,646.76,1440,0,True,BNBUSDT
2025-05-17 00:00:00+00:00,639.51,1440,0,True,BNBUSDT
2025-05-18 00:00:00+00:00,651.53,1440,0,True,BNBUSDT
2025-05-19 00:00:00+00:00,649.62,1440,0,True,BNBUSDT
2025-05-20 00:00:00+00:00,650.0,1440,0,True,BNBUSDT
2025-05-21 00:00:00+00:00,673.31,1440,0,True,BNBUSDT
2025-05-22 00:00:00+00:00,686.57,1440,0,True,BNBUSDT
2025-05-23 00:00:00+00:00,656.98,1440,0,True,BNBUSDT
2025-05-24 00:00:00+00:00,668.01,1440,0,True,BNBUSDT
2025-05-25 00:00:00+00:00,669.44,1440,0,True,BNBUSDT
2025-05-26 00:00:00+00:00,674.29,1440,0,True,BNBUSDT
2025-05-27 00:00:00+00:00,686.91,1440,0,True,BNBUSDT
2025-05-28 00:00:00+00:00,686.89,1440,0,True,BNBUSDT
2025-05-29 00:00:00+00:00,675.02,1440,0,True,BNBUSDT
2025-05-30 00:00:00+00:00,655.36,1440,0,True,BNBUSDT
2025-05-31 00:00:00+00:00,658.01,1440,0,True,BNBUSDT
2025-06-01 00:00:00+00:00,660.77,1440,0,True,BNBUSDT
2025-06-02 00:00:00+00:00,665.93,1440,0,True,BNBUSDT
2025-06-03 00:00:00+00:00,661.59,1440,0,True,BNBUSDT
2025-06-04 00:00:00+00:00,663.23,1440,0,True,BNBUSDT
2025-06-05 00:00:00+00:00,633.32,1440,0,True,BNBUSDT
2025-06-06 00:00:00+00:00,642.7,1440,0,True,BNBUSDT
2025-06-07 00:00:00+00:00,650.82,1440,0,True,BNBUSDT
2025-06-08 00:00:00+00:00,652.0,1440,0,True,BNBUSDT
2025-06-09 00:00:00+00:00,665.58,1440,0,True,BNBUSDT
2025-06-10 00:00:00+00:00,673.51,1440,0,True,BNBUSDT
2025-06-11 00:00:00+00:00,667.43,1440,0,True,BNBUSDT
2025-06-12 00:00:00+00:00,654.75,1440,0,True,BNBUSDT
2025-06-13 00:00:00+00:00,655.35,1440,0,True,BNBUSDT
2025-06-14 00:00:00+00:00,645.61,1440,0,True,BNBUSDT
2025-06-15 00:00:00+00:00,648.19,1440,0,True,BNBUSDT
2025-06-16 00:00:00+00:00,650.74,1440,0,True,BNBUSDT
2025-06-17 00:00:00+00:00,648.08,1440,0,True,BNBUSDT
2025-06-18 00:00:00+00:00,644.77,1440,0,True,BNBUSDT
2025-06-19 00:00:00+00:00,644.65,1440,0,True,BNBUSDT
2025-06-20 00:00:00+00:00,641.61,1440,0,True,BNBUSDT
2025-06-21 00:00:00+00:00,628.97,1440,0,True,BNBUSDT
2025-06-22 00:00:00+00:00,615.81,1440,0,True,BNBUSDT
2025-06-23 00:00:00+00:00,640.49,1440,0,True,BNBUSDT
2025-06-24 00:00:00+00:00,643.53,1440,0,True,BNBUSDT
2025-06-25 00:00:00+00:00,646.07,1440,0,True,BNBUSDT
2025-06-26 00:00:00+00:00,642.3,1440,0,True,BNBUSDT
2025-06-27 00:00:00+00:00,645.71,1440,0,True,BNBUSDT
2025-06-28 00:00:00+00:00,648.6,1440,0,True,BNBUSDT
2025-06-29 00:00:00+00:00,654.9,1440,0,True,BNBUSDT
2025-06-30 00:00:00+00:00,656.9,1440,0,True,BNBUSDT
2025-07-01 00:00:00+00:00,646.33,1440,0,True,BNBUSDT
2025-07-02 00:00:00+00:00,659.71,1440,0,True,BNBUSDT
2025-07-03 00:00:00+00:00,663.59,1440,0,True,BNBUSDT
2025-07-04 00:00:00+00:00,653.6,1440,0,True,BNBUSDT
2025-07-05 00:00:00+00:00,656.16,1440,0,True,BNBUSDT
2025-07-06 00:00:00+00:00,663.13,1440,0,True,BNBUSDT
2025-07-07 00:00:00+00:00,661.06,1440,0,True,BNBUSDT
2025-07-08 00:00:00+00:00,660.63,1440,0,True,BNBUSDT
2025-07-09 00:00:00+00:00,668.68,1440,0,True,BNBUSDT
2025-07-10 00:00:00+00:00,685.8,1440,0,True,BNBUSDT
2025-07-11 00:00:00+00:00,689.99,1440,0,True,BNBUSDT
2025-07-12 00:00:00+00:00,685.86,1440,0,True,BNBUSDT
2025-07-13 00:00:00+00:00,692.0,1440,0,True,BNBUSDT
2025-07-14 00:00:00+00:00,689.12,1440,0,True,BNBUSDT
2025-07-15 00:00:00+00:00,689.92,1440,0,True,BNBUSDT
2025-07-16 00:00:00+00:00,708.61,1440,0,True,BNBUSDT
2025-07-17 00:00:00+00:00,720.65,1440,0,True,BNBUSDT
2025-07-18 00:00:00+00:00,729.92,1440,0,True,BNBUSDT
2025-07-19 00:00:00+00:00,733.2,1440,0,True,BNBUSDT
2025-07-20 00:00:00+00:00,756.82,1440,0,True,BNBUSDT
2025-07-21 00:00:00+00:00,766.22,1440,0,True,BNBUSDT
2025-07-22 00:00:00+00:00,786.68,1440,0,True,BNBUSDT
2025-07-23 00:00:00+00:00,776.74,1440,0,True,BNBUSDT
2025-07-24 00:00:00+00:00,770.74,1440,0,True,BNBUSDT
2025-07-25 00:00:00+00:00,785.45,1440,0,True,BNBUSDT
2025-07-26 00:00:00+00:00,793.29,1440,0,True,BNBUSDT
2025-07-27 00:00:00+00:00,844.0,1440,0,True,BNBUSDT
2025-07-28 00:00:00+00:00,824.07,1440,0,True,BNBUSDT
2025-07-29 00:00:00+00:00,805.1,1440,0,True,BNBUSDT
2025-07-30 00:00:00+00:00,793.51,1440,0,True,BNBUSDT
2025-07-31 00:00:00+00:00,783.14,1440,0,True,BNBUSDT
2025-08-01 00:00:00+00:00,757.08,1440,0,True,BNBUSDT
2025-08-02 00:00:00+00:00,736.42,1440,0,True,BNBUSDT
2025-08-03 00:00:00+00:00,751.21,1440,0,True,BNBUSDT
2025-08-04 00:00:00+00:00,768.63,1440,0,True,BNBUSDT
2025-08-05 00:00:00+00:00,755.13,1440,0,True,BNBUSDT
2025-08-06 00:00:00+00:00,769.55,1440,0,True,BNBUSDT
2025-08-07 00:00:00+00:00,788.67,1440,0,True,BNBUSDT
2025-08-08 00:00:00+00:00,793.5,1440,0,True,BNBUSDT
2025-08-09 00:00:00+00:00,798.83,1440,0,True,BNBUSDT
2025-08-10 00:00:00+00:00,807.22,1440,0,True,BNBUSDT
2025-08-11 00:00:00+00:00,805.09,1440,0,True,BNBUSDT
2025-08-12 00:00:00+00:00,832.47,1440,0,True,BNBUSDT
2025-08-13 00:00:00+00:00,848.01,1440,0,True,BNBUSDT
2025-08-14 00:00:00+00:00,840.42,1440,0,True,BNBUSDT
2025-08-15 00:00:00+00:00,827.81,1440,0,True,BNBUSDT
2025-08-16 00:00:00+00:00,838.71,1440,0,True,BNBUSDT
2025-08-17 00:00:00+00:00,855.38,1440,0,True,BNBUSDT
2025-08-18 00:00:00+00:00,846.99,1440,0,True,BNBUSDT
2025-08-19 00:00:00+00:00,824.11,1440,0,True,BNBUSDT
2025-08-20 00:00:00+00:00,869.05,1440,0,True,BNBUSDT
2025-08-21 00:00:00+00:00,839.49,1440,0,True,BNBUSDT
2025-08-22 00:00:00+00:00,900.21,1440,0,True,BNBUSDT
2025-08-23 00:00:00+00:00,880.42,1440,0,True,BNBUSDT
2025-08-24 00:00:00+00:00,876.51,1440,0,True,BNBUSDT
2025-08-25 00:00:00+00:00,839.32,1440,0,True,BNBUSDT
2025-08-26 00:00:00+00:00,863.7,1440,0,True,BNBUSDT
2025-08-27 00:00:00+00:00,855.18,1440,0,True,BNBUSDT
2025-08-28 00:00:00+00:00,873.47,1440,0,True,BNBUSDT
2025-08-29 00:00:00+00:00,862.3,1440,0,True,BNBUSDT
2025-08-30 00:00:00+00:00,862.0,1440,0,True,BNBUSDT
2025-08-31 00:00:00+00:00,857.65,1440,0,True,BNBUSDT
2025-09-01 00:00:00+00:00,845.68,1440,0,True,BNBUSDT
2025-09-02 00:00:00+00:00,851.8,1440,0,True,BNBUSDT
2025-09-03 00:00:00+00:00,854.76,1440,0,True,BNBUSDT
2025-09-04 00:00:00+00:00,843.63,1440,0,True,BNBUSDT
2025-09-05 00:00:00+00:00,850.14,1440,0,True,BNBUSDT
2025-09-06 00:00:00+00:00,860.85,1440,0,True,BNBUSDT
2025-09-07 00:00:00+00:00,880.05,1440,0,True,BNBUSDT
2025-09-08 00:00:00+00:00,878.08,1440,0,True,BNBUSDT
2025-09-09 00:00:00+00:00,880.01,1440,0,True,BNBUSDT
2025-09-10 00:00:00+00:00,893.77,1440,0,True,BNBUSDT
2025-09-11 00:00:00+00:00,902.77,1440,0,True,BNBUSDT
2025-09-12 00:00:00+00:00,924.8,1440,0,True,BNBUSDT
2025-09-13 00:00:00+00:00,933.68,1440,0,True,BNBUSDT
2025-09-14 00:00:00+00:00,926.51,1440,0,True,BNBUSDT
2025-09-15 00:00:00+00:00,919.68,1440,0,True,BNBUSDT
2025-09-16 00:00:00+00:00,955.65,1440,0,True,BNBUSDT
2025-09-17 00:00:00+00:00,989.98,1440,0,True,BNBUSDT
2025-09-18 00:00:00+00:00,981.04,1440,0,True,BNBUSDT
2025-09-19 00:00:00+00:00,984.1,1440,0,True,BNBUSDT
2025-09-20 00:00:00+00:00,1043.77,1440,0,True,BNBUSDT
2025-09-21 00:00:00+00:00,1047.8,1440,0,True,BNBUSDT
2025-09-22 00:00:00+00:00,992.9,1440,0,True,BNBUSDT
2025-09-23 00:00:00+00:00,1015.98,1440,0,True,BNBUSDT
2025-09-24 00:00:00+00:00,1018.49,1440,0,True,BNBUSDT
2025-09-25 00:00:00+00:00,945.9,1440,0,True,BNBUSDT
2025-09-26 00:00:00+00:00,960.8,1440,0,True,BNBUSDT
2025-09-27 00:00:00+00:00,968.45,1440,0,True,BNBUSDT
2025-09-28 00:00:00+00:00,993.01,1440,0,True,BNBUSDT
2025-09-29 00:00:00+00:00,1029.79,1440,0,True,BNBUSDT
2025-09-30 00:00:00+00:00,1008.51,1440,0,True,BNBUSDT
2025-10-01 00:00:00+00:00,1026.5,1440,0,True,BNBUSDT
2025-10-02 00:00:00+00:00,1090.22,1440,0,True,BNBUSDT
2025-10-03 00:00:00+00:00,1189.4,1440,0,True,BNBUSDT
2025-10-04 00:00:00+00:00,1150.75,1440,0,True,BNBUSDT
2025-10-05 00:00:00+00:00,1167.38,1440,0,True,BNBUSDT
2025-10-06 00:00:00+00:00,1223.19,1440,0,True,BNBUSDT
2025-10-07 00:00:00+00:00,1304.43,1440,0,True,BNBUSDT
2025-10-08 00:00:00+00:00,1307.4,1440,0,True,BNBUSDT
2025-10-09 00:00:00+00:00,1255.35,1440,0,True,BNBUSDT
2025-10-10 00:00:00+00:00,1102.47,1440,0,True,BNBUSDT
2025-10-11 00:00:00+00:00,1135.07,1440,0,True,BNBUSDT
2025-10-12 00:00:00+00:00,1302.65,1440,0,True,BNBUSDT
2025-10-13 00:00:00+00:00,1294.55,1440,0,True,BNBUSDT
2025-10-14 00:00:00+00:00,1208.52,1440,0,True,BNBUSDT
2025-10-15 00:00:00+00:00,1162.57,1440,0,True,BNBUSDT
2025-10-16 00:00:00+00:00,1144.83,1440,0,True,BNBUSDT
2025-10-17 00:00:00+00:00,1071.15,1440,0,True,BNBUSDT
2025-10-18 00:00:00+00:00,1092.43,1440,0,True,BNBUSDT
2025-10-19 00:00:00+00:00,1109.88,1440,0,True,BNBUSDT
2025-10-20 00:00:00+00:00,1100.19,1440,0,True,BNBUSDT
2025-10-21 00:00:00+00:00,1057.16,1440,0,True,BNBUSDT
2025-10-22 00:00:00+00:00,1071.82,1440,0,True,BNBUSDT
2025-10-23 00:00:00+00:00,1126.72,1440,0,True,BNBUSDT
2025-10-24 00:00:00+00:00,1109.01,1440,0,True,BNBUSDT
2025-10-25 00:00:00+00:00,1116.53,1440,0,True,BNBUSDT
2025-10-26 00:00:00+00:00,1138.19,1440,0,True,BNBUSDT
2025-10-27 00:00:00+00:00,1138.88,1440,0,True,BNBUSDT
2025-10-28 00:00:00+00:00,1103.45,1440,0,True,BNBUSDT
2025-10-29 00:00:00+00:00,1107.7,1440,0,True,BNBUSDT
2025-10-30 00:00:00+00:00,1079.05,1440,0,True,BNBUSDT
2025-10-31 00:00:00+00:00,1088.9,1440,0,True,BNBUSDT
2025-11-01 00:00:00+00:00,1094.53,1440,0,True,BNBUSDT
2025-11-02 00:00:00+00:00,1083.25,1440,0,True,BNBUSDT
2025-11-03 00:00:00+00:00,993.54,1440,0,True,BNBUSDT
2025-11-04 00:00:00+00:00,936.77,1440,0,True,BNBUSDT
2025-11-05 00:00:00+00:00,959.33,1440,0,True,BNBUSDT
2025-11-06 00:00:00+00:00,950.4,1440,0,True,BNBUSDT
2025-11-07 00:00:00+00:00,991.15,1440,0,True,BNBUSDT
2025-11-08 00:00:00+00:00,991.03,1440,0,True,BNBUSDT
2025-11-09 00:00:00+00:00,996.63,1440,0,True,BNBUSDT
2025-11-10 00:00:00+00:00,991.98,1440,0,True,BNBUSDT
2025-11-11 00:00:00+00:00,958.08,1440,0,True,BNBUSDT
2025-11-12 00:00:00+00:00,952.86,1440,0,True,BNBUSDT
2025-11-13 00:00:00+00:00,927.15,1440,0,True,BNBUSDT
2025-11-14 00:00:00+00:00,915.25,1440,0,True,BNBUSDT
2025-11-15 00:00:00+00:00,932.28,1440,0,True,BNBUSDT
2025-11-16 00:00:00+00:00,926.56,1440,0,True,BNBUSDT
2025-11-17 00:00:00+00:00,907.36,1440,0,True,BNBUSDT
2025-11-18 00:00:00+00:00,932.79,1440,0,True,BNBUSDT
2025-11-19 00:00:00+00:00,897.77,1440,0,True,BNBUSDT
2025-11-20 00:00:00+00:00,866.51,1440,0,True,BNBUSDT
2025-11-21 00:00:00+00:00,830.46,1440,0,True,BNBUSDT
2025-11-22 00:00:00+00:00,833.78,1440,0,True,BNBUSDT
2025-11-23 00:00:00+00:00,843.6,1440,0,True,BNBUSDT
2025-11-24 00:00:00+00:00,864.92,1440,0,True,BNBUSDT
2025-11-25 00:00:00+00:00,862.57,1440,0,True,BNBUSDT
2025-11-26 00:00:00+00:00,891.78,1440,0,True,BNBUSDT
2025-11-27 00:00:00+00:00,895.74,1440,0,True,BNBUSDT
2025-11-28 00:00:00+00:00,887.19,1440,0,True,BNBUSDT
2025-11-29 00:00:00+00:00,872.9,1440,0,True,BNBUSDT
2025-11-30 00:00:00+00:00,875.31,1440,0,True,BNBUSDT
2025-12-01 00:00:00+00:00,826.61,1440,0,True,BNBUSDT
2025-12-02 00:00:00+00:00,876.61,1440,0,True,BNBUSDT
2025-12-03 00:00:00+00:00,920.76,1440,0,True,BNBUSDT
2025-12-04 00:00:00+00:00,899.92,1440,0,True,BNBUSDT
2025-12-05 00:00:00+00:00,883.57,1440,0,True,BNBUSDT
2025-12-06 00:00:00+00:00,890.38,1440,0,True,BNBUSDT
2025-12-07 00:00:00+00:00,894.37,1440,0,True,BNBUSDT
2025-12-08 00:00:00+00:00,897.12,1440,0,True,BNBUSDT
2025-12-09 00:00:00+00:00,897.3,1440,0,True,BNBUSDT
2025-12-10 00:00:00+00:00,893.43,1440,0,True,BNBUSDT
2025-12-11 00:00:00+00:00,885.91,1440,0,True,BNBUSDT
2025-12-12 00:00:00+00:00,881.58,1440,0,True,BNBUSDT
2025-12-13 00:00:00+00:00,896.82,1440,0,True,BNBUSDT
2025-12-14 00:00:00+00:00,877.27,1440,0,True,BNBUSDT
2025-12-15 00:00:00+00:00,858.6,1440,0,True,BNBUSDT
2025-12-16 00:00:00+00:00,875.63,1440,0,True,BNBUSDT
2025-12-17 00:00:00+00:00,843.07,1440,0,True,BNBUSDT
2025-12-18 00:00:00+00:00,830.07,1440,0,True,BNBUSDT
2025-12-19 00:00:00+00:00,856.17,1440,0,True,BNBUSDT
2025-12-20 00:00:00+00:00,854.17,1440,0,True,BNBUSDT
2025-12-21 00:00:00+00:00,858.64,1440,0,True,BNBUSDT
2025-12-22 00:00:00+00:00,858.66,1440,0,True,BNBUSDT
2025-12-23 00:00:00+00:00,844.3,1440,0,True,BNBUSDT
2025-12-24 00:00:00+00:00,846.58,1440,0,True,BNBUSDT
2025-12-25 00:00:00+00:00,829.64,1440,0,True,BNBUSDT
2025-12-26 00:00:00+00:00,834.72,1440,0,True,BNBUSDT
2025-12-27 00:00:00+00:00,845.04,1440,0,True,BNBUSDT
2025-12-28 00:00:00+00:00,859.32,1440,0,True,BNBUSDT
2025-12-29 00:00:00+00:00,852.46,1440,0,True,BNBUSDT
2025-12-30 00:00:00+00:00,861.65,1440,0,True,BNBUSDT
2025-12-31 00:00:00+00:00,864.3,1440,0,True,BNBUSDT
2020-01-01 00:00:00+00:00,7200.85,1440,0,True,BTCUSDT
2020-01-02 00:00:00+00:00,6965.71,1440,0,True,BTCUSDT
2020-01-03 00:00:00+00:00,7344.96,1440,0,True,BTCUSDT
2020-01-04 00:00:00+00:00,7354.11,1440,0,True,BTCUSDT
2020-01-05 00:00:00+00:00,7358.75,1440,0,True,BTCUSDT
2020-01-06 00:00:00+00:00,7758.0,1440,0,True,BTCUSDT
2020-01-07 00:00:00+00:00,8145.28,1440,0,True,BTCUSDT
2020-01-08 00:00:00+00:00,8055.98,1440,0,True,BTCUSDT
2020-01-09 00:00:00+00:00,7817.76,1440,0,True,BTCUSDT
2020-01-10 00:00:00+00:00,8197.02,1440,0,True,BTCUSDT
2020-01-11 00:00:00+00:00,8020.01,1440,0,True,BTCUSDT
2020-01-12 00:00:00+00:00,8184.98,1440,0,True,BTCUSDT
2020-01-13 00:00:00+00:00,8110.34,1440,0,True,BTCUSDT
2020-01-14 00:00:00+00:00,8810.01,1440,0,True,BTCUSDT
2020-01-15 00:00:00+00:00,8821.41,1440,0,True,BTCUSDT
2020-01-16 00:00:00+00:00,8720.01,1440,0,True,BTCUSDT
2020-01-17 00:00:00+00:00,8913.28,1440,0,True,BTCUSDT
2020-01-18 00:00:00+00:00,8915.96,1440,0,True,BTCUSDT
2020-01-19 00:00:00+00:00,8701.7,1440,0,True,BTCUSDT
2020-01-20 00:00:00+00:00,8642.35,1440,0,True,BTCUSDT
2020-01-21 00:00:00+00:00,8736.03,1440,0,True,BTCUSDT
2020-01-22 00:00:00+00:00,8682.36,1440,0,True,BTCUSDT
2020-01-23 00:00:00+00:00,8404.52,1440,0,True,BTCUSDT
2020-01-24 00:00:00+00:00,8439.0,1440,0,True,BTCUSDT
2020-01-25 00:00:00+00:00,8340.58,1440,0,True,BTCUSDT
2020-01-26 00:00:00+00:00,8615.0,1440,0,True,BTCUSDT
2020-01-27 00:00:00+00:00,8907.57,1440,0,True,BTCUSDT
2020-01-28 00:00:00+00:00,9374.21,1440,0,True,BTCUSDT
2020-01-29 00:00:00+00:00,9301.53,1440,0,True,BTCUSDT
2020-01-30 00:00:00+00:00,9513.21,1440,0,True,BTCUSDT
2020-01-31 00:00:00+00:00,9352.89,1440,0,True,BTCUSDT
2020-02-01 00:00:00+00:00,9384.61,1440,0,True,BTCUSDT
2020-02-02 00:00:00+00:00,9331.51,1440,0,True,BTCUSDT
2020-02-03 00:00:00+00:00,9292.24,1440,0,True,BTCUSDT
2020-02-04 00:00:00+00:00,9197.02,1440,0,True,BTCUSDT
2020-02-05 00:00:00+00:00,9612.04,1440,0,True,BTCUSDT
2020-02-06 00:00:00+00:00,9772.0,1440,0,True,BTCUSDT
2020-02-07 00:00:00+00:00,9813.73,1440,0,True,BTCUSDT
2020-02-08 00:00:00+00:00,9895.05,1440,0,True,BTCUSDT
2020-02-09 00:00:00+00:00,,1380,0,False,BTCUSDT
2020-02-10 00:00:00+00:00,9851.83,1440,0,True,BTCUSDT
2020-02-11 00:00:00+00:00,10223.08,1440,0,True,BTCUSDT
2020-02-12 00:00:00+00:00,10326.46,1440,0,True,BTCUSDT
2020-02-13 00:00:00+00:00,10229.63,1440,0,True,BTCUSDT
2020-02-14 00:00:00+00:00,10344.36,1440,0,True,BTCUSDT
2020-02-15 00:00:00+00:00,9904.72,1440,0,True,BTCUSDT
2020-02-16 00:00:00+00:00,9917.27,1440,0,True,BTCUSDT
2020-02-17 00:00:00+00:00,9706.0,1440,0,True,BTCUSDT
2020-02-18 00:00:00+00:00,10164.71,1440,0,True,BTCUSDT
2020-02-19 00:00:00+00:00,,1086,1,False,BTCUSDT
2020-02-20 00:00:00+00:00,9596.42,1440,0,True,BTCUSDT
2020-02-21 00:00:00+00:00,9677.05,1440,0,True,BTCUSDT
2020-02-22 00:00:00+00:00,9650.86,1440,0,True,BTCUSDT
2020-02-23 00:00:00+00:00,9936.4,1440,0,True,BTCUSDT
2020-02-24 00:00:00+00:00,9656.13,1440,0,True,BTCUSDT
2020-02-25 00:00:00+00:00,9315.84,1440,0,True,BTCUSDT
2020-02-26 00:00:00+00:00,8785.25,1440,0,True,BTCUSDT
2020-02-27 00:00:00+00:00,8823.21,1440,0,True,BTCUSDT
2020-02-28 00:00:00+00:00,8692.91,1440,0,True,BTCUSDT
2020-02-29 00:00:00+00:00,8523.61,1440,0,True,BTCUSDT
2020-03-01 00:00:00+00:00,8531.88,1440,0,True,BTCUSDT
2020-03-02 00:00:00+00:00,8915.24,1440,0,True,BTCUSDT
2020-03-03 00:00:00+00:00,8760.07,1440,0,True,BTCUSDT
2020-03-04 00:00:00+00:00,,1312,1,False,BTCUSDT
2020-03-05 00:00:00+00:00,9054.68,1440,0,True,BTCUSDT
2020-03-06 00:00:00+00:00,9131.88,1440,0,True,BTCUSDT
2020-03-07 00:00:00+00:00,8886.66,1440,0,True,BTCUSDT
2020-03-08 00:00:00+00:00,8033.31,1440,0,True,BTCUSDT
2020-03-09 00:00:00+00:00,7929.87,1440,0,True,BTCUSDT
2020-03-10 00:00:00+00:00,7894.56,1440,0,True,BTCUSDT
2020-03-11 00:00:00+00:00,7934.52,1440,0,True,BTCUSDT
2020-03-12 00:00:00+00:00,4800.0,1440,0,True,BTCUSDT
2020-03-13 00:00:00+00:00,5578.6,1440,0,True,BTCUSDT
2020-03-14 00:00:00+00:00,5172.06,1440,0,True,BTCUSDT
2020-03-15 00:00:00+00:00,5361.3,1440,0,True,BTCUSDT
2020-03-16 00:00:00+00:00,5028.97,1440,0,True,BTCUSDT
2020-03-17 00:00:00+00:00,5312.64,1440,0,True,BTCUSDT
2020-03-18 00:00:00+00:00,5393.04,1440,0,True,BTCUSDT
2020-03-19 00:00:00+00:00,6162.37,1440,0,True,BTCUSDT
2020-03-20 00:00:00+00:00,6208.36,1440,0,True,BTCUSDT
2020-03-21 00:00:00+00:00,6186.98,1440,0,True,BTCUSDT
2020-03-22 00:00:00+00:00,5816.19,1440,0,True,BTCUSDT
2020-03-23 00:00:00+00:00,6467.31,1440,0,True,BTCUSDT
2020-03-24 00:00:00+00:00,6744.72,1440,0,True,BTCUSDT
2020-03-25 00:00:00+00:00,6677.43,1440,0,True,BTCUSDT
2020-03-26 00:00:00+00:00,6737.36,1440,0,True,BTCUSDT
2020-03-27 00:00:00+00:00,6359.11,1440,0,True,BTCUSDT
2020-03-28 00:00:00+00:00,6236.65,1440,0,True,BTCUSDT
2020-03-29 00:00:00+00:00,5881.42,1440,0,True,BTCUSDT
2020-03-30 00:00:00+00:00,6394.38,1440,0,True,BTCUSDT
2020-03-31 00:00:00+00:00,6410.44,1440,0,True,BTCUSDT
2020-04-01 00:00:00+00:00,6642.92,1440,0,True,BTCUSDT
2020-04-02 00:00:00+00:00,6794.09,1440,0,True,BTCUSDT
2020-04-03 00:00:00+00:00,6734.1,1440,0,True,BTCUSDT
2020-04-04 00:00:00+00:00,6856.99,1440,0,True,BTCUSDT
2020-04-05 00:00:00+00:00,6772.78,1440,0,True,BTCUSDT
2020-04-06 00:00:00+00:00,7329.9,1440,0,True,BTCUSDT
2020-04-07 00:00:00+00:00,7197.32,1440,0,True,BTCUSDT
2020-04-08 00:00:00+00:00,7361.28,1440,0,True,BTCUSDT
2020-04-09 00:00:00+00:00,7283.54,1440,0,True,BTCUSDT
2020-04-10 00:00:00+00:00,6858.92,1440,0,True,BTCUSDT
2020-04-11 00:00:00+00:00,6876.83,1440,0,True,BTCUSDT
2020-04-12 00:00:00+00:00,6903.79,1440,0,True,BTCUSDT
2020-04-13 00:00:00+00:00,6837.91,1440,0,True,BTCUSDT
2020-04-14 00:00:00+00:00,6868.7,1440,0,True,BTCUSDT
2020-04-15 00:00:00+00:00,6621.24,1440,0,True,BTCUSDT
2020-04-16 00:00:00+00:00,7101.94,1440,0,True,BTCUSDT
2020-04-17 00:00:00+00:00,7027.55,1440,0,True,BTCUSDT
2020-04-18 00:00:00+00:00,7248.6,1440,0,True,BTCUSDT
2020-04-19 00:00:00+00:00,7120.74,1440,0,True,BTCUSDT
2020-04-20 00:00:00+00:00,6826.83,1440,0,True,BTCUSDT
2020-04-21 00:00:00+00:00,6841.37,1440,0,True,BTCUSDT
2020-04-22 00:00:00+00:00,7125.14,1440,0,True,BTCUSDT
2020-04-23 00:00:00+00:00,7482.39,1440,0,True,BTCUSDT
2020-04-24 00:00:00+00:00,7505.0,1440,0,True,BTCUSDT
2020-04-25 00:00:00+00:00,,1290,0,False,BTCUSDT
2020-04-26 00:00:00+00:00,7693.1,1440,0,True,BTCUSDT
2020-04-27 00:00:00+00:00,7774.62,1440,0,True,BTCUSDT
2020-04-28 00:00:00+00:00,7738.98,1440,0,True,BTCUSDT
2020-04-29 00:00:00+00:00,8778.57,1440,0,True,BTCUSDT
2020-04-30 00:00:00+00:00,8620.0,1440,0,True,BTCUSDT
2020-05-01 00:00:00+00:00,8826.96,1440,0,True,BTCUSDT
2020-05-02 00:00:00+00:00,8972.05,1440,0,True,BTCUSDT
2020-05-03 00:00:00+00:00,8894.16,1440,0,True,BTCUSDT
2020-05-04 00:00:00+00:00,8871.96,1440,0,True,BTCUSDT
2020-05-05 00:00:00+00:00,9021.83,1440,0,True,BTCUSDT
2020-05-06 00:00:00+00:00,9142.92,1440,0,True,BTCUSDT
2020-05-07 00:00:00+00:00,9986.4,1440,0,True,BTCUSDT
2020-05-08 00:00:00+00:00,9800.01,1440,0,True,BTCUSDT
2020-05-09 00:00:00+00:00,9539.4,1440,0,True,BTCUSDT
2020-05-10 00:00:00+00:00,8722.77,1440,0,True,BTCUSDT
2020-05-11 00:00:00+00:00,8561.52,1440,0,True,BTCUSDT
2020-05-12 00:00:00+00:00,8810.79,1440,0,True,BTCUSDT
2020-05-13 00:00:00+00:00,9309.37,1440,0,True,BTCUSDT
2020-05-14 00:00:00+00:00,9791.98,1440,0,True,BTCUSDT
2020-05-15 00:00:00+00:00,9316.42,1440,0,True,BTCUSDT
2020-05-16 00:00:00+00:00,9381.27,1440,0,True,BTCUSDT
2020-05-17 00:00:00+00:00,9680.04,1440,0,True,BTCUSDT
2020-05-18 00:00:00+00:00,9733.93,1440,0,True,BTCUSDT
2020-05-19 00:00:00+00:00,9775.53,1440,0,True,BTCUSDT
2020-05-20 00:00:00+00:00,9511.43,1440,0,True,BTCUSDT
2020-05-21 00:00:00+00:00,9068.65,1440,0,True,BTCUSDT
2020-05-22 00:00:00+00:00,9170.0,1440,0,True,BTCUSDT
2020-05-23 00:00:00+00:00,9179.15,1440,0,True,BTCUSDT
2020-05-24 00:00:00+00:00,8720.34,1440,0,True,BTCUSDT
2020-05-25 00:00:00+00:00,8900.35,1440,0,True,BTCUSDT
2020-05-26 00:00:00+00:00,8841.18,1440,0,True,BTCUSDT
2020-05-27 00:00:00+00:00,9204.07,1440,0,True,BTCUSDT
2020-05-28 00:00:00+00:00,9575.89,1440,0,True,BTCUSDT
2020-05-29 00:00:00+00:00,9427.07,1440,0,True,BTCUSDT
2020-05-30 00:00:00+00:00,9697.72,1440,0,True,BTCUSDT
2020-05-31 00:00:00+00:00,9448.27,1440,0,True,BTCUSDT
2020-06-01 00:00:00+00:00,10200.77,1440,0,True,BTCUSDT
2020-06-02 00:00:00+00:00,9518.04,1440,0,True,BTCUSDT
2020-06-03 00:00:00+00:00,9666.24,1440,0,True,BTCUSDT
2020-06-04 00:00:00+00:00,9789.06,1440,0,True,BTCUSDT
2020-06-05 00:00:00+00:00,9621.16,1440,0,True,BTCUSDT
2020-06-06 00:00:00+00:00,9666.3,1440,0,True,BTCUSDT
2020-06-07 00:00:00+00:00,9746.99,1440,0,True,BTCUSDT
2020-06-08 00:00:00+00:00,9782.01,1440,0,True,BTCUSDT
2020-06-09 00:00:00+00:00,9772.43,1440,0,True,BTCUSDT
2020-06-10 00:00:00+00:00,9885.0,1440,0,True,BTCUSDT
2020-06-11 00:00:00+00:00,9280.4,1440,0,True,BTCUSDT
2020-06-12 00:00:00+00:00,9465.13,1440,0,True,BTCUSDT
2020-06-13 00:00:00+00:00,9473.34,1440,0,True,BTCUSDT
2020-06-14 00:00:00+00:00,9342.1,1440,0,True,BTCUSDT
2020-06-15 00:00:00+00:00,9426.02,1440,0,True,BTCUSDT
2020-06-16 00:00:00+00:00,9525.59,1440,0,True,BTCUSDT
2020-06-17 00:00:00+00:00,9465.14,1440,0,True,BTCUSDT
2020-06-18 00:00:00+00:00,9386.32,1440,0,True,BTCUSDT
2020-06-19 00:00:00+00:00,9310.23,1440,0,True,BTCUSDT
2020-06-20 00:00:00+00:00,9358.95,1440,0,True,BTCUSDT
2020-06-21 00:00:00+00:00,9294.69,1440,0,True,BTCUSDT
2020-06-22 00:00:00+00:00,9685.69,1440,0,True,BTCUSDT
2020-06-23 00:00:00+00:00,9624.89,1440,0,True,BTCUSDT
2020-06-24 00:00:00+00:00,9296.49,1440,0,True,BTCUSDT
2020-06-25 00:00:00+00:00,9249.49,1440,0,True,BTCUSDT
2020-06-26 00:00:00+00:00,9162.21,1440,0,True,BTCUSDT
2020-06-27 00:00:00+00:00,9012.0,1440,0,True,BTCUSDT
2020-06-28 00:00:00+00:00,,1230,0,False,BTCUSDT
2020-06-29 00:00:00+00:00,9192.56,1440,0,True,BTCUSDT
2020-06-30 00:00:00+00:00,9138.55,1440,0,True,BTCUSDT
2020-07-01 00:00:00+00:00,9232.0,1440,0,True,BTCUSDT
2020-07-02 00:00:00+00:00,9086.54,1440,0,True,BTCUSDT
2020-07-03 00:00:00+00:00,9058.26,1440,0,True,BTCUSDT
2020-07-04 00:00:00+00:00,9135.46,1440,0,True,BTCUSDT
2020-07-05 00:00:00+00:00,9069.41,1440,0,True,BTCUSDT
2020-07-06 00:00:00+00:00,9344.2,1440,0,True,BTCUSDT
2020-07-07 00:00:00+00:00,9257.39,1440,0,True,BTCUSDT
2020-07-08 00:00:00+00:00,9436.06,1440,0,True,BTCUSDT
2020-07-09 00:00:00+00:00,9232.43,1440,0,True,BTCUSDT
2020-07-10 00:00:00+00:00,9288.34,1440,0,True,BTCUSDT
2020-07-11 00:00:00+00:00,9234.03,1440,0,True,BTCUSDT
2020-07-12 00:00:00+00:00,9302.75,1440,0,True,BTCUSDT
2020-07-13 00:00:00+00:00,9242.62,1440,0,True,BTCUSDT
2020-07-14 00:00:00+00:00,9255.85,1440,0,True,BTCUSDT
2020-07-15 00:00:00+00:00,9197.6,1440,0,True,BTCUSDT
2020-07-16 00:00:00+00:00,9133.72,1440,0,True,BTCUSDT
2020-07-17 00:00:00+00:00,9154.32,1440,0,True,BTCUSDT
2020-07-18 00:00:00+00:00,9170.28,1440,0,True,BTCUSDT
2020-07-19 00:00:00+00:00,9208.99,1440,0,True,BTCUSDT
2020-07-20 00:00:00+00:00,9160.78,1440,0,True,BTCUSDT
2020-07-21 00:00:00+00:00,9390.0,1440,0,True,BTCUSDT
2020-07-22 00:00:00+00:00,9518.16,1440,0,True,BTCUSDT
2020-07-23 00:00:00+00:00,9603.27,1440,0,True,BTCUSDT
2020-07-24 00:00:00+00:00,9537.8,1440,0,True,BTCUSDT
2020-07-25 00:00:00+00:00,9700.42,1440,0,True,BTCUSDT
2020-07-26 00:00:00+00:00,9931.54,1440,0,True,BTCUSDT
2020-07-27 00:00:00+00:00,11029.96,1440,0,True,BTCUSDT
2020-07-28 00:00:00+00:00,10906.27,1440,0,True,BTCUSDT
2020-07-29 00:00:00+00:00,11100.53,1440,0,True,BTCUSDT
2020-07-30 00:00:00+00:00,11099.61,1440,0,True,BTCUSDT
2020-07-31 00:00:00+00:00,11335.46,1440,0,True,BTCUSDT
2020-08-01 00:00:00+00:00,11801.17,1440,0,True,BTCUSDT
2020-08-02 00:00:00+00:00,11071.35,1440,0,True,BTCUSDT
2020-08-03 00:00:00+00:00,11219.81,1440,0,True,BTCUSDT
2020-08-04 00:00:00+00:00,11191.97,1440,0,True,BTCUSDT
2020-08-05 00:00:00+00:00,11744.91,1440,0,True,BTCUSDT
2020-08-06 00:00:00+00:00,11762.46,1440,0,True,BTCUSDT
2020-08-07 00:00:00+00:00,11594.23,1440,0,True,BTCUSDT
2020-08-08 00:00:00+00:00,11761.41,1440,0,True,BTCUSDT
2020-08-09 00:00:00+00:00,11681.68,1440,0,True,BTCUSDT
2020-08-10 00:00:00+00:00,11892.92,1440,0,True,BTCUSDT
2020-08-11 00:00:00+00:00,11392.08,1440,0,True,BTCUSDT
2020-08-12 00:00:00+00:00,11564.33,1440,0,True,BTCUSDT
2020-08-13 00:00:00+00:00,11780.0,1440,0,True,BTCUSDT
2020-08-14 00:00:00+00:00,11760.54,1440,0,True,BTCUSDT
2020-08-15 00:00:00+00:00,11852.4,1440,0,True,BTCUSDT
2020-08-16 00:00:00+00:00,11911.0,1440,0,True,BTCUSDT
2020-08-17 00:00:00+00:00,12281.13,1440,0,True,BTCUSDT
2020-08-18 00:00:00+00:00,11945.01,1440,0,True,BTCUSDT
2020-08-19 00:00:00+00:00,11754.59,1440,0,True,BTCUSDT
2020-08-20 00:00:00+00:00,11853.55,1440,0,True,BTCUSDT
2020-08-21 00:00:00+00:00,11531.34,1440,0,True,BTCUSDT
2020-08-22 00:00:00+00:00,11662.96,1440,0,True,BTCUSDT
2020-08-23 00:00:00+00:00,11648.13,1440,0,True,BTCUSDT
2020-08-24 00:00:00+00:00,11748.2,1440,0,True,BTCUSDT
2020-08-25 00:00:00+00:00,11318.42,1440,0,True,BTCUSDT
2020-08-26 00:00:00+00:00,11461.43,1440,0,True,BTCUSDT
2020-08-27 00:00:00+00:00,11330.38,1440,0,True,BTCUSDT
2020-08-28 00:00:00+00:00,11526.91,1440,0,True,BTCUSDT
2020-08-29 00:00:00+00:00,11465.84,1440,0,True,BTCUSDT
2020-08-30 00:00:00+00:00,11711.16,1440,0,True,BTCUSDT
2020-08-31 00:00:00+00:00,11649.51,1440,0,True,BTCUSDT
2020-09-01 00:00:00+00:00,11921.97,1440,0,True,BTCUSDT
2020-09-02 00:00:00+00:00,11388.54,1440,0,True,BTCUSDT
2020-09-03 00:00:00+00:00,10140.85,1440,0,True,BTCUSDT
2020-09-04 00:00:00+00:00,10446.25,1440,0,True,BTCUSDT
2020-09-05 00:00:00+00:00,10166.69,1440,0,True,BTCUSDT
2020-09-06 00:00:00+00:00,10256.2,1440,0,True,BTCUSDT
2020-09-07 00:00:00+00:00,10373.44,1440,0,True,BTCUSDT
2020-09-08 00:00:00+00:00,10126.65,1440,0,True,BTCUSDT
2020-09-09 00:00:00+00:00,10219.2,1440,0,True,BTCUSDT
2020-09-10 00:00:00+00:00,10336.87,1440,0,True,BTCUSDT
2020-09-11 00:00:00+00:00,10387.89,1440,0,True,BTCUSDT
2020-09-12 00:00:00+00:00,10440.92,1440,0,True,BTCUSDT
2020-09-13 00:00:00+00:00,10332.83,1440,0,True,BTCUSDT
2020-09-14 00:00:00+00:00,10671.77,1440,0,True,BTCUSDT
2020-09-15 00:00:00+00:00,10785.31,1440,0,True,BTCUSDT
2020-09-16 00:00:00+00:00,10954.01,1440,0,True,BTCUSDT
2020-09-17 00:00:00+00:00,10939.99,1440,0,True,BTCUSDT
2020-09-18 00:00:00+00:00,10933.39,1440,0,True,BTCUSDT
2020-09-19 00:00:00+00:00,11080.65,1440,0,True,BTCUSDT
2020-09-20 00:00:00+00:00,10920.28,1440,0,True,BTCUSDT
2020-09-21 00:00:00+00:00,10417.22,1440,0,True,BTCUSDT
2020-09-22 00:00:00+00:00,10529.61,1440,0,True,BTCUSDT
2020-09-23 00:00:00+00:00,10241.46,1440,0,True,BTCUSDT
2020-09-24 00:00:00+00:00,10736.32,1440,0,True,BTCUSDT
2020-09-25 00:00:00+00:00,10686.67,1440,0,True,BTCUSDT
2020-09-26 00:00:00+00:00,10728.6,1440,0,True,BTCUSDT
2020-09-27 00:00:00+00:00,10774.25,1440,0,True,BTCUSDT
2020-09-28 00:00:00+00:00,10696.12,1440,0,True,BTCUSDT
2020-09-29 00:00:00+00:00,10840.48,1440,0,True,BTCUSDT
2020-09-30 00:00:00+00:00,10776.59,1440,0,True,BTCUSDT
2020-10-01 00:00:00+00:00,10619.13,1440,0,True,BTCUSDT
2020-10-02 00:00:00+00:00,10570.4,1440,0,True,BTCUSDT
2020-10-03 00:00:00+00:00,10542.06,1440,0,True,BTCUSDT
2020-10-04 00:00:00+00:00,10666.63,1440,0,True,BTCUSDT
2020-10-05 00:00:00+00:00,10792.21,1440,0,True,BTCUSDT
2020-10-06 00:00:00+00:00,10599.66,1440,0,True,BTCUSDT
2020-10-07 00:00:00+00:00,10666.39,1440,0,True,BTCUSDT
2020-10-08 00:00:00+00:00,10925.57,1440,0,True,BTCUSDT
2020-10-09 00:00:00+00:00,11050.64,1440,0,True,BTCUSDT
2020-10-10 00:00:00+00:00,11293.22,1440,0,True,BTCUSDT
2020-10-11 00:00:00+00:00,11369.02,1440,0,True,BTCUSDT
2020-10-12 00:00:00+00:00,11528.25,1440,0,True,BTCUSDT
2020-10-13 00:00:00+00:00,11420.56,1440,0,True,BTCUSDT
2020-10-14 00:00:00+00:00,11417.89,1440,0,True,BTCUSDT
2020-10-15 00:00:00+00:00,11505.12,1440,0,True,BTCUSDT
2020-10-16 00:00:00+00:00,11319.32,1440,0,True,BTCUSDT
2020-10-17 00:00:00+00:00,11360.2,1440,0,True,BTCUSDT
2020-10-18 00:00:00+00:00,11503.14,1440,0,True,BTCUSDT
2020-10-19 00:00:00+00:00,11751.47,1440,0,True,BTCUSDT
2020-10-20 00:00:00+00:00,11909.99,1440,0,True,BTCUSDT
2020-10-21 00:00:00+00:00,12780.96,1440,0,True,BTCUSDT
2020-10-22 00:00:00+00:00,12968.52,1440,0,True,BTCUSDT
2020-10-23 00:00:00+00:00,12923.07,1440,0,True,BTCUSDT
2020-10-24 00:00:00+00:00,13111.73,1440,0,True,BTCUSDT
2020-10-25 00:00:00+00:00,13028.83,1440,0,True,BTCUSDT
2020-10-26 00:00:00+00:00,13052.19,1440,0,True,BTCUSDT
2020-10-27 00:00:00+00:00,13636.17,1440,0,True,BTCUSDT
2020-10-28 00:00:00+00:00,13266.4,1440,0,True,BTCUSDT
2020-10-29 00:00:00+00:00,13455.7,1440,0,True,BTCUSDT
2020-10-30 00:00:00+00:00,13560.1,1440,0,True,BTCUSDT
2020-10-31 00:00:00+00:00,13791.0,1440,0,True,BTCUSDT
2020-11-01 00:00:00+00:00,13761.5,1440,0,True,BTCUSDT
2020-11-02 00:00:00+00:00,13549.37,1440,0,True,BTCUSDT
2020-11-03 00:00:00+00:00,14023.53,1440,0,True,BTCUSDT
2020-11-04 00:00:00+00:00,14144.01,1440,0,True,BTCUSDT
2020-11-05 00:00:00+00:00,15590.02,1440,0,True,BTCUSDT
2020-11-06 00:00:00+00:00,15579.92,1440,0,True,BTCUSDT
2020-11-07 00:00:00+00:00,14818.3,1440,0,True,BTCUSDT
2020-11-08 00:00:00+00:00,15475.1,1440,0,True,BTCUSDT
2020-11-09 00:00:00+00:00,15328.41,1440,0,True,BTCUSDT
2020-11-10 00:00:00+00:00,15297.21,1440,0,True,BTCUSDT
2020-11-11 00:00:00+00:00,15684.24,1440,0,True,BTCUSDT
2020-11-12 00:00:00+00:00,16291.86,1440,0,True,BTCUSDT
2020-11-13 00:00:00+00:00,16320.7,1440,0,True,BTCUSDT
2020-11-14 00:00:00+00:00,16070.45,1440,0,True,BTCUSDT
2020-11-15 00:00:00+00:00,15957.0,1440,0,True,BTCUSDT
2020-11-16 00:00:00+00:00,16713.57,1440,0,True,BTCUSDT
2020-11-17 00:00:00+00:00,17659.38,1440,0,True,BTCUSDT
2020-11-18 00:00:00+00:00,17776.12,1440,0,True,BTCUSDT
2020-11-19 00:00:00+00:00,17802.82,1440,0,True,BTCUSDT
2020-11-20 00:00:00+00:00,18655.67,1440,0,True,BTCUSDT
2020-11-21 00:00:00+00:00,18703.8,1440,0,True,BTCUSDT
2020-11-22 00:00:00+00:00,18414.43,1440,0,True,BTCUSDT
2020-11-23 00:00:00+00:00,18368.0,1440,0,True,BTCUSDT
2020-11-24 00:00:00+00:00,19160.01,1440,0,True,BTCUSDT
2020-11-25 00:00:00+00:00,18719.11,1440,0,True,BTCUSDT
2020-11-26 00:00:00+00:00,17149.47,1440,0,True,BTCUSDT
2020-11-27 00:00:00+00:00,17139.52,1440,0,True,BTCUSDT
2020-11-28 00:00:00+00:00,17719.85,1440,0,True,BTCUSDT
2020-11-29 00:00:00+00:00,18184.99,1440,0,True,BTCUSDT
2020-11-30 00:00:00+00:00,,1380,0,False,BTCUSDT
2020-12-01 00:00:00+00:00,18764.96,1440,0,True,BTCUSDT
2020-12-02 00:00:00+00:00,19204.09,1440,0,True,BTCUSDT
2020-12-03 00:00:00+00:00,19421.9,1440,0,True,BTCUSDT
2020-12-04 00:00:00+00:00,18650.52,1440,0,True,BTCUSDT
2020-12-05 00:00:00+00:00,19147.66,1440,0,True,BTCUSDT
2020-12-06 00:00:00+00:00,19359.4,1440,0,True,BTCUSDT
2020-12-07 00:00:00+00:00,19166.9,1440,0,True,BTCUSDT
2020-12-08 00:00:00+00:00,18324.11,1440,0,True,BTCUSDT
2020-12-09 00:00:00+00:00,18541.28,1440,0,True,BTCUSDT
2020-12-10 00:00:00+00:00,18254.63,1440,0,True,BTCUSDT
2020-12-11 00:00:00+00:00,18036.53,1440,0,True,BTCUSDT
2020-12-12 00:00:00+00:00,18808.69,1440,0,True,BTCUSDT
2020-12-13 00:00:00+00:00,19174.99,1440,0,True,BTCUSDT
2020-12-14 00:00:00+00:00,19273.14,1440,0,True,BTCUSDT
2020-12-15 00:00:00+00:00,19426.43,1440,0,True,BTCUSDT
2020-12-16 00:00:00+00:00,21335.52,1440,0,True,BTCUSDT
2020-12-17 00:00:00+00:00,22797.16,1440,0,True,BTCUSDT
2020-12-18 00:00:00+00:00,23107.39,1440,0,True,BTCUSDT
2020-12-19 00:00:00+00:00,23821.61,1440,0,True,BTCUSDT
2020-12-20 00:00:00+00:00,23455.52,1440,0,True,BTCUSDT
2020-12-21 00:00:00+00:00,,1210,1,False,BTCUSDT
2020-12-22 00:00:00+00:00,23810.79,1440,0,True,BTCUSDT
2020-12-23 00:00:00+00:00,23232.76,1440,0,True,BTCUSDT
2020-12-24 00:00:00+00:00,23729.2,1440,0,True,BTCUSDT
2020-12-25 00:00:00+00:00,,1380,0,False,BTCUSDT
2020-12-26 00:00:00+00:00,26493.39,1440,0,True,BTCUSDT
2020-12-27 00:00:00+00:00,26281.66,1440,0,True,BTCUSDT
2020-12-28 00:00:00+00:00,27079.41,1440,0,True,BTCUSDT
2020-12-29 00:00:00+00:00,27385.0,1440,0,True,BTCUSDT
2020-12-30 00:00:00+00:00,28875.54,1440,0,True,BTCUSDT
2020-12-31 00:00:00+00:00,28923.63,1440,0,True,BTCUSDT
2021-01-01 00:00:00+00:00,29331.69,1440,0,True,BTCUSDT
2021-01-02 00:00:00+00:00,32178.33,1440,0,True,BTCUSDT
2021-01-03 00:00:00+00:00,33000.05,1440,0,True,BTCUSDT
2021-01-04 00:00:00+00:00,31988.71,1440,0,True,BTCUSDT
2021-01-05 00:00:00+00:00,33949.53,1440,0,True,BTCUSDT
2021-01-06 00:00:00+00:00,36769.36,1440,0,True,BTCUSDT
2021-01-07 00:00:00+00:00,39432.28,1440,0,True,BTCUSDT
2021-01-08 00:00:00+00:00,40582.81,1440,0,True,BTCUSDT
2021-01-09 00:00:00+00:00,40088.22,1440,0,True,BTCUSDT
2021-01-10 00:00:00+00:00,38150.02,1440,0,True,BTCUSDT
2021-01-11 00:00:00+00:00,35404.47,1440,0,True,BTCUSDT
2021-01-12 00:00:00+00:00,34051.24,1440,0,True,BTCUSDT
2021-01-13 00:00:00+00:00,37371.38,1440,0,True,BTCUSDT
2021-01-14 00:00:00+00:00,39144.5,1440,0,True,BTCUSDT
2021-01-15 00:00:00+00:00,36742.22,1440,0,True,BTCUSDT
2021-01-16 00:00:00+00:00,35994.98,1440,0,True,BTCUSDT
2021-01-17 00:00:00+00:00,35828.61,1440,0,True,BTCUSDT
2021-01-18 00:00:00+00:00,36631.27,1440,0,True,BTCUSDT
2021-01-19 00:00:00+00:00,35891.49,1440,0,True,BTCUSDT
2021-01-20 00:00:00+00:00,35468.23,1440,0,True,BTCUSDT
2021-01-21 00:00:00+00:00,30850.13,1440,0,True,BTCUSDT
2021-01-22 00:00:00+00:00,32945.17,1440,0,True,BTCUSDT
2021-01-23 00:00:00+00:00,32078.0,1440,0,True,BTCUSDT
2021-01-24 00:00:00+00:00,32259.9,1440,0,True,BTCUSDT
2021-01-25 00:00:00+00:00,32254.2,1440,0,True,BTCUSDT
2021-01-26 00:00:00+00:00,32467.77,1440,0,True,BTCUSDT
2021-01-27 00:00:00+00:00,30366.15,1440,0,True,BTCUSDT
2021-01-28 00:00:00+00:00,33364.86,1440,0,True,BTCUSDT
2021-01-29 00:00:00+00:00,34252.2,1440,0,True,BTCUSDT
2021-01-30 00:00:00+00:00,34262.88,1440,0,True,BTCUSDT
2021-01-31 00:00:00+00:00,33092.98,1440,0,True,BTCUSDT
2021-02-01 00:00:00+00:00,33526.37,1440,0,True,BTCUSDT
2021-02-02 00:00:00+00:00,35466.24,1440,0,True,BTCUSDT
2021-02-03 00:00:00+00:00,37618.87,1440,0,True,BTCUSDT
2021-02-04 00:00:00+00:00,36936.66,1440,0,True,BTCUSDT
2021-02-05 00:00:00+00:00,38290.24,1440,0,True,BTCUSDT
2021-02-06 00:00:00+00:00,39186.94,1440,0,True,BTCUSDT
2021-02-07 00:00:00+00:00,38795.69,1440,0,True,BTCUSDT
2021-02-08 00:00:00+00:00,46374.87,1440,0,True,BTCUSDT
2021-02-09 00:00:00+00:00,46420.42,1440,0,True,BTCUSDT
2021-02-10 00:00:00+00:00,44807.58,1440,0,True,BTCUSDT
2021-02-11 00:00:00+00:00,,1361,1,False,BTCUSDT
2021-02-12 00:00:00+00:00,47287.6,1440,0,True,BTCUSDT
2021-02-13 00:00:00+00:00,47153.69,1440,0,True,BTCUSDT
2021-02-14 00:00:00+00:00,48577.79,1440,0,True,BTCUSDT
2021-02-15 00:00:00+00:00,47911.1,1440,0,True,BTCUSDT
2021-02-16 00:00:00+00:00,49133.45,1440,0,True,BTCUSDT
2021-02-17 00:00:00+00:00,52119.71,1440,0,True,BTCUSDT
2021-02-18 00:00:00+00:00,51552.6,1440,0,True,BTCUSDT
2021-02-19 00:00:00+00:00,55906.0,1440,0,True,BTCUSDT
2021-02-20 00:00:00+00:00,55841.19,1440,0,True,BTCUSDT
2021-02-21 00:00:00+00:00,57408.57,1440,0,True,BTCUSDT
2021-02-22 00:00:00+00:00,54087.67,1440,0,True,BTCUSDT
2021-02-23 00:00:00+00:00,48891.0,1440,0,True,BTCUSDT
2021-02-24 00:00:00+00:00,49676.2,1440,0,True,BTCUSDT
2021-02-25 00:00:00+00:00,47073.73,1440,0,True,BTCUSDT
2021-02-26 00:00:00+00:00,46276.87,1440,0,True,BTCUSDT
2021-02-27 00:00:00+00:00,46106.43,1440,0,True,BTCUSDT
2021-02-28 00:00:00+00:00,45135.66,1440,0,True,BTCUSDT
2021-03-01 00:00:00+00:00,49587.03,1440,0,True,BTCUSDT
2021-03-02 00:00:00+00:00,48440.65,1440,0,True,BTCUSDT
2021-03-03 00:00:00+00:00,50349.37,1440,0,True,BTCUSDT
2021-03-04 00:00:00+00:00,48374.09,1440,0,True,BTCUSDT
2021-03-05 00:00:00+00:00,48751.71,1440,0,True,BTCUSDT
2021-03-06 00:00:00+00:00,,1350,0,False,BTCUSDT
2021-03-07 00:00:00+00:00,50971.75,1440,0,True,BTCUSDT
2021-03-08 00:00:00+00:00,52375.17,1440,0,True,BTCUSDT
2021-03-09 00:00:00+00:00,54884.5,1440,0,True,BTCUSDT
2021-03-10 00:00:00+00:00,55851.59,1440,0,True,BTCUSDT
2021-03-11 00:00:00+00:00,57773.16,1440,0,True,BTCUSDT
2021-03-12 00:00:00+00:00,57221.72,1440,0,True,BTCUSDT
2021-03-13 00:00:00+00:00,61188.39,1440,0,True,BTCUSDT
2021-03-14 00:00:00+00:00,58968.31,1440,0,True,BTCUSDT
2021-03-15 00:00:00+00:00,55605.2,1440,0,True,BTCUSDT
2021-03-16 00:00:00+00:00,56900.75,1440,0,True,BTCUSDT
2021-03-17 00:00:00+00:00,58912.97,1440,0,True,BTCUSDT
2021-03-18 00:00:00+00:00,57648.16,1440,0,True,BTCUSDT
2021-03-19 00:00:00+00:00,58030.01,1440,0,True,BTCUSDT
2021-03-20 00:00:00+00:00,58102.28,1440,0,True,BTCUSDT
2021-03-21 00:00:00+00:00,57351.56,1440,0,True,BTCUSDT
2021-03-22 00:00:00+00:00,54083.25,1440,0,True,BTCUSDT
2021-03-23 00:00:00+00:00,54340.89,1440,0,True,BTCUSDT
2021-03-24 00:00:00+00:00,52303.65,1440,0,True,BTCUSDT
2021-03-25 00:00:00+00:00,51293.78,1440,0,True,BTCUSDT
2021-03-26 00:00:00+00:00,55025.59,1440,0,True,BTCUSDT
2021-03-27 00:00:00+00:00,55817.14,1440,0,True,BTCUSDT
2021-03-28 00:00:00+00:00,55777.63,1440,0,True,BTCUSDT
2021-03-29 00:00:00+00:00,57635.47,1440,0,True,BTCUSDT
2021-03-30 00:00:00+00:00,58746.57,1440,0,True,BTCUSDT
2021-03-31 00:00:00+00:00,58740.55,1440,0,True,BTCUSDT
2021-04-01 00:00:00+00:00,58720.44,1440,0,True,BTCUSDT
2021-04-02 00:00:00+00:00,58950.01,1440,0,True,BTCUSDT
2021-04-03 00:00:00+00:00,57051.94,1440,0,True,BTCUSDT
2021-04-04 00:00:00+00:00,58202.01,1440,0,True,BTCUSDT
2021-04-05 00:00:00+00:00,59129.99,1440,0,True,BTCUSDT
2021-04-06 00:00:00+00:00,57991.15,1440,0,True,BTCUSDT
2021-04-07 00:00:00+00:00,55953.45,1440,0,True,BTCUSDT
2021-04-08 00:00:00+00:00,58077.52,1440,0,True,BTCUSDT
2021-04-09 00:00:00+00:00,58142.54,1440,0,True,BTCUSDT
2021-04-10 00:00:00+00:00,59769.13,1440,0,True,BTCUSDT
2021-04-11 00:00:00+00:00,60002.43,1440,0,True,BTCUSDT
2021-04-12 00:00:00+00:00,59860.0,1440,0,True,BTCUSDT
2021-04-13 00:00:00+00:00,63575.0,1440,0,True,BTCUSDT
2021-04-14 00:00:00+00:00,62959.53,1440,0,True,BTCUSDT
2021-04-15 00:00:00+00:00,63159.98,1440,0,True,BTCUSDT
2021-04-16 00:00:00+00:00,61334.8,1440,0,True,BTCUSDT
2021-04-17 00:00:00+00:00,60006.66,1440,0,True,BTCUSDT
2021-04-18 00:00:00+00:00,56150.01,1440,0,True,BTCUSDT
2021-04-19 00:00:00+00:00,55633.14,1440,0,True,BTCUSDT
2021-04-20 00:00:00+00:00,,1290,0,False,BTCUSDT
2021-04-21 00:00:00+00:00,53787.63,1440,0,True,BTCUSDT
2021-04-22 00:00:00+00:00,51690.96,1440,0,True,BTCUSDT
2021-04-23 00:00:00+00:00,51125.14,1440,0,True,BTCUSDT
2021-04-24 00:00:00+00:00,50047.84,1440,0,True,BTCUSDT
2021-04-25 00:00:00+00:00,,1156,1,False,BTCUSDT
2021-04-26 00:00:00+00:00,54001.39,1440,0,True,BTCUSDT
2021-04-27 00:00:00+00:00,55011.97,1440,0,True,BTCUSDT
2021-04-28 00:00:00+00:00,54846.22,1440,0,True,BTCUSDT
2021-04-29 00:00:00+00:00,53555.0,1440,0,True,BTCUSDT
2021-04-30 00:00:00+00:00,57694.27,1440,0,True,BTCUSDT
2021-05-01 00:00:00+00:00,57800.37,1440,0,True,BTCUSDT
2021-05-02 00:00:00+00:00,56578.21,1440,0,True,BTCUSDT
2021-05-03 00:00:00+00:00,57169.39,1440,0,True,BTCUSDT
2021-05-04 00:00:00+00:00,53200.01,1440,0,True,BTCUSDT
2021-05-05 00:00:00+00:00,57436.11,1440,0,True,BTCUSDT
2021-05-06 00:00:00+00:00,56393.68,1440,0,True,BTCUSDT
2021-05-07 00:00:00+00:00,57314.75,1440,0,True,BTCUSDT
2021-05-08 00:00:00+00:00,58862.05,1440,0,True,BTCUSDT
2021-05-09 00:00:00+00:00,58240.84,1440,0,True,BTCUSDT
2021-05-10 00:00:00+00:00,55816.14,1440,0,True,BTCUSDT
2021-05-11 00:00:00+00:00,56670.02,1440,0,True,BTCUSDT
2021-05-12 00:00:00+00:00,49631.32,1440,0,True,BTCUSDT
2021-05-13 00:00:00+00:00,49670.97,1440,0,True,BTCUSDT
2021-05-14 00:00:00+00:00,49841.45,1440,0,True,BTCUSDT
2021-05-15 00:00:00+00:00,46762.99,1440,0,True,BTCUSDT
2021-05-16 00:00:00+00:00,46431.5,1440,0,True,BTCUSDT
2021-05-17 00:00:00+00:00,43538.04,1440,0,True,BTCUSDT
2021-05-18 00:00:00+00:00,42849.78,1440,0,True,BTCUSDT
2021-05-19 00:00:00+00:00,36690.09,1440,0,True,BTCUSDT
2021-05-20 00:00:00+00:00,40526.64,1440,0,True,BTCUSDT
2021-05-21 00:00:00+00:00,37252.01,1440,0,True,BTCUSDT
2021-05-22 00:00:00+00:00,37449.73,1440,0,True,BTCUSDT
2021-05-23 00:00:00+00:00,34655.25,1440,0,True,BTCUSDT
2021-05-24 00:00:00+00:00,38796.29,1440,0,True,BTCUSDT
2021-05-25 00:00:00+00:00,38324.72,1440,0,True,BTCUSDT
2021-05-26 00:00:00+00:00,39241.91,1440,0,True,BTCUSDT
2021-05-27 00:00:00+00:00,38529.98,1440,0,True,BTCUSDT
2021-05-28 00:00:00+00:00,35663.49,1440,0,True,BTCUSDT
2021-05-29 00:00:00+00:00,34605.15,1440,0,True,BTCUSDT
2021-05-30 00:00:00+00:00,35641.27,1440,0,True,BTCUSDT
2021-05-31 00:00:00+00:00,37253.81,1440,0,True,BTCUSDT
2021-06-01 00:00:00+00:00,36693.09,1440,0,True,BTCUSDT
2021-06-02 00:00:00+00:00,37568.68,1440,0,True,BTCUSDT
2021-06-03 00:00:00+00:00,39246.79,1440,0,True,BTCUSDT
2021-06-04 00:00:00+00:00,36829.0,1440,0,True,BTCUSDT
2021-06-05 00:00:00+00:00,35513.2,1440,0,True,BTCUSDT
2021-06-06 00:00:00+00:00,35796.31,1440,0,True,BTCUSDT
2021-06-07 00:00:00+00:00,33552.79,1440,0,True,BTCUSDT
2021-06-08 00:00:00+00:00,33380.81,1440,0,True,BTCUSDT
2021-06-09 00:00:00+00:00,37388.05,1440,0,True,BTCUSDT
2021-06-10 00:00:00+00:00,36675.72,1440,0,True,BTCUSDT
2021-06-11 00:00:00+00:00,37331.98,1440,0,True,BTCUSDT
2021-06-12 00:00:00+00:00,35546.11,1440,0,True,BTCUSDT
2021-06-13 00:00:00+00:00,39020.57,1440,0,True,BTCUSDT
2021-06-14 00:00:00+00:00,40516.29,1440,0,True,BTCUSDT
2021-06-15 00:00:00+00:00,40144.04,1440,0,True,BTCUSDT
2021-06-16 00:00:00+00:00,38349.01,1440,0,True,BTCUSDT
2021-06-17 00:00:00+00:00,38092.97,1440,0,True,BTCUSDT
2021-06-18 00:00:00+00:00,35819.84,1440,0,True,BTCUSDT
2021-06-19 00:00:00+00:00,35483.72,1440,0,True,BTCUSDT
2021-06-20 00:00:00+00:00,35600.16,1440,0,True,BTCUSDT
2021-06-21 00:00:00+00:00,31608.93,1440,0,True,BTCUSDT
2021-06-22 00:00:00+00:00,32509.56,1440,0,True,BTCUSDT
2021-06-23 00:00:00+00:00,33678.07,1440,0,True,BTCUSDT
2021-06-24 00:00:00+00:00,34663.09,1440,0,True,BTCUSDT
2021-06-25 00:00:00+00:00,31584.45,1440,0,True,BTCUSDT
2021-06-26 00:00:00+00:00,32283.65,1440,0,True,BTCUSDT
2021-06-27 00:00:00+00:00,34700.34,1440,0,True,BTCUSDT
2021-06-28 00:00:00+00:00,34494.89,1440,0,True,BTCUSDT
2021-06-29 00:00:00+00:00,35911.73,1440,0,True,BTCUSDT
2021-06-30 00:00:00+00:00,35045.0,1440,0,True,BTCUSDT
2021-07-01 00:00:00+00:00,33504.69,1440,0,True,BTCUSDT
2021-07-02 00:00:00+00:00,33786.55,1440,0,True,BTCUSDT
2021-07-03 00:00:00+00:00,34669.13,1440,0,True,BTCUSDT
2021-07-04 00:00:00+00:00,35286.51,1440,0,True,BTCUSDT
2021-07-05 00:00:00+00:00,33690.14,1440,0,True,BTCUSDT
2021-07-06 00:00:00+00:00,34220.01,1440,0,True,BTCUSDT
2021-07-07 00:00:00+00:00,33862.12,1440,0,True,BTCUSDT
2021-07-08 00:00:00+00:00,32875.71,1440,0,True,BTCUSDT
2021-07-09 00:00:00+00:00,33815.81,1440,0,True,BTCUSDT
2021-07-10 00:00:00+00:00,33502.87,1440,0,True,BTCUSDT
2021-07-11 00:00:00+00:00,34258.99,1440,0,True,BTCUSDT
2021-07-12 00:00:00+00:00,33086.63,1440,0,True,BTCUSDT
2021-07-13 00:00:00+00:00,32729.77,1440,0,True,BTCUSDT
2021-07-14 00:00:00+00:00,32820.02,1440,0,True,BTCUSDT
2021-07-15 00:00:00+00:00,31880.0,1440,0,True,BTCUSDT
2021-07-16 00:00:00+00:00,31383.87,1440,0,True,BTCUSDT
2021-07-17 00:00:00+00:00,31520.07,1440,0,True,BTCUSDT
2021-07-18 00:00:00+00:00,31778.56,1440,0,True,BTCUSDT
2021-07-19 00:00:00+00:00,30839.65,1440,0,True,BTCUSDT
2021-07-20 00:00:00+00:00,29790.35,1440,0,True,BTCUSDT
2021-07-21 00:00:00+00:00,32144.51,1440,0,True,BTCUSDT
2021-07-22 00:00:00+00:00,32287.83,1440,0,True,BTCUSDT
2021-07-23 00:00:00+00:00,33634.09,1440,0,True,BTCUSDT
2021-07-24 00:00:00+00:00,34258.14,1440,0,True,BTCUSDT
2021-07-25 00:00:00+00:00,35381.02,1440,0,True,BTCUSDT
2021-07-26 00:00:00+00:00,37237.6,1440,0,True,BTCUSDT
2021-07-27 00:00:00+00:00,39457.87,1440,0,True,BTCUSDT
2021-07-28 00:00:00+00:00,40019.56,1440,0,True,BTCUSDT
2021-07-29 00:00:00+00:00,40016.48,1440,0,True,BTCUSDT
2021-07-30 00:00:00+00:00,42206.37,1440,0,True,BTCUSDT
2021-07-31 00:00:00+00:00,41461.83,1440,0,True,BTCUSDT
2021-08-01 00:00:00+00:00,39845.44,1440,0,True,BTCUSDT
2021-08-02 00:00:00+00:00,39147.82,1440,0,True,BTCUSDT
2021-08-03 00:00:00+00:00,38207.05,1440,0,True,BTCUSDT
2021-08-04 00:00:00+00:00,39723.18,1440,0,True,BTCUSDT
2021-08-05 00:00:00+00:00,40862.46,1440,0,True,BTCUSDT
2021-08-06 00:00:00+00:00,42836.87,1440,0,True,BTCUSDT
2021-08-07 00:00:00+00:00,44572.54,1440,0,True,BTCUSDT
2021-08-08 00:00:00+00:00,43794.37,1440,0,True,BTCUSDT
2021-08-09 00:00:00+00:00,46253.4,1440,0,True,BTCUSDT
2021-08-10 00:00:00+00:00,45584.99,1440,0,True,BTCUSDT
2021-08-11 00:00:00+00:00,45511.0,1440,0,True,BTCUSDT
2021-08-12 00:00:00+00:00,44399.0,1440,0,True,BTCUSDT
2021-08-13 00:00:00+00:00,,1170,1,False,BTCUSDT
2021-08-14 00:00:00+00:00,47068.51,1440,0,True,BTCUSDT
2021-08-15 00:00:00+00:00,46973.82,1440,0,True,BTCUSDT
2021-08-16 00:00:00+00:00,45901.29,1440,0,True,BTCUSDT
2021-08-17 00:00:00+00:00,44695.95,1440,0,True,BTCUSDT
2021-08-18 00:00:00+00:00,44705.29,1440,0,True,BTCUSDT
2021-08-19 00:00:00+00:00,46760.62,1440,0,True,BTCUSDT
2021-08-20 00:00:00+00:00,49322.47,1440,0,True,BTCUSDT
2021-08-21 00:00:00+00:00,48821.87,1440,0,True,BTCUSDT
2021-08-22 00:00:00+00:00,49239.22,1440,0,True,BTCUSDT
2021-08-23 00:00:00+00:00,49488.85,1440,0,True,BTCUSDT
2021-08-24 00:00:00+00:00,47674.01,1440,0,True,BTCUSDT
2021-08-25 00:00:00+00:00,48973.32,1440,0,True,BTCUSDT
2021-08-26 00:00:00+00:00,46843.87,1440,0,True,BTCUSDT
2021-08-27 00:00:00+00:00,49069.9,1440,0,True,BTCUSDT
2021-08-28 00:00:00+00:00,48895.35,1440,0,True,BTCUSDT
2021-08-29 00:00:00+00:00,48767.83,1440,0,True,BTCUSDT
2021-08-30 00:00:00+00:00,46982.91,1440,0,True,BTCUSDT
2021-08-31 00:00:00+00:00,47100.89,1440,0,True,BTCUSDT
2021-09-01 00:00:00+00:00,48810.52,1440,0,True,BTCUSDT
2021-09-02 00:00:00+00:00,49246.64,1440,0,True,BTCUSDT
2021-09-03 00:00:00+00:00,49999.14,1440,0,True,BTCUSDT
2021-09-04 00:00:00+00:00,49915.64,1440,0,True,BTCUSDT
2021-09-05 00:00:00+00:00,51756.88,1440,0,True,BTCUSDT
2021-09-06 00:00:00+00:00,52663.9,1440,0,True,BTCUSDT
2021-09-07 00:00:00+00:00,46863.73,1440,0,True,BTCUSDT
2021-09-08 00:00:00+00:00,46048.31,1440,0,True,BTCUSDT
2021-09-09 00:00:00+00:00,46395.14,1440,0,True,BTCUSDT
2021-09-10 00:00:00+00:00,44850.91,1440,0,True,BTCUSDT
2021-09-11 00:00:00+00:00,45173.69,1440,0,True,BTCUSDT
2021-09-12 00:00:00+00:00,46025.24,1440,0,True,BTCUSDT
2021-09-13 00:00:00+00:00,44940.73,1440,0,True,BTCUSDT
2021-09-14 00:00:00+00:00,47111.52,1440,0,True,BTCUSDT
2021-09-15 00:00:00+00:00,48121.41,1440,0,True,BTCUSDT
2021-09-16 00:00:00+00:00,47737.82,1440,0,True,BTCUSDT
2021-09-17 00:00:00+00:00,47299.98,1440,0,True,BTCUSDT
2021-09-18 00:00:00+00:00,48292.74,1440,0,True,BTCUSDT
2021-09-19 00:00:00+00:00,47241.75,1440,0,True,BTCUSDT
2021-09-20 00:00:00+00:00,43015.62,1440,0,True,BTCUSDT
2021-09-21 00:00:00+00:00,40734.38,1440,0,True,BTCUSDT
2021-09-22 00:00:00+00:00,43543.61,1440,0,True,BTCUSDT
2021-09-23 00:00:00+00:00,44865.26,1440,0,True,BTCUSDT
2021-09-24 00:00:00+00:00,42810.57,1440,0,True,BTCUSDT
2021-09-25 00:00:00+00:00,42670.64,1440,0,True,BTCUSDT
2021-09-26 00:00:00+00:00,43160.9,1440,0,True,BTCUSDT
2021-09-27 00:00:00+00:00,42147.35,1440,0,True,BTCUSDT
2021-09-28 00:00:00+00:00,41026.54,1440,0,True,BTCUSDT
2021-09-29 00:00:00+00:00,,1320,0,False,BTCUSDT
2021-09-30 00:00:00+00:00,43824.1,1440,0,True,BTCUSDT
2021-10-01 00:00:00+00:00,48141.61,1440,0,True,BTCUSDT
2021-10-02 00:00:00+00:00,47634.9,1440,0,True,BTCUSDT
2021-10-03 00:00:00+00:00,48200.01,1440,0,True,BTCUSDT
2021-10-04 00:00:00+00:00,49224.94,1440,0,True,BTCUSDT
2021-10-05 00:00:00+00:00,51471.99,1440,0,True,BTCUSDT
2021-10-06 00:00:00+00:00,55315.0,1440,0,True,BTCUSDT
2021-10-07 00:00:00+00:00,53785.22,1440,0,True,BTCUSDT
2021-10-08 00:00:00+00:00,53951.43,1440,0,True,BTCUSDT
2021-10-09 00:00:00+00:00,54949.72,1440,0,True,BTCUSDT
2021-10-10 00:00:00+00:00,54659.0,1440,0,True,BTCUSDT
2021-10-11 00:00:00+00:00,57471.35,1440,0,True,BTCUSDT
2021-10-12 00:00:00+00:00,55996.93,1440,0,True,BTCUSDT
2021-10-13 00:00:00+00:00,57367.0,1440,0,True,BTCUSDT
2021-10-14 00:00:00+00:00,57347.94,1440,0,True,BTCUSDT
2021-10-15 00:00:00+00:00,61672.42,1440,0,True,BTCUSDT
2021-10-16 00:00:00+00:00,60875.57,1440,0,True,BTCUSDT
2021-10-17 00:00:00+00:00,61528.33,1440,0,True,BTCUSDT
2021-10-18 00:00:00+00:00,62009.84,1440,0,True,BTCUSDT
2021-10-19 00:00:00+00:00,64280.59,1440,0,True,BTCUSDT
2021-10-20 00:00:00+00:00,66001.41,1440,0,True,BTCUSDT
2021-10-21 00:00:00+00:00,62193.15,1440,0,True,BTCUSDT
2021-10-22 00:00:00+00:00,60688.22,1440,0,True,BTCUSDT
2021-10-23 00:00:00+00:00,61286.75,1440,0,True,BTCUSDT
2021-10-24 00:00:00+00:00,60852.22,1440,0,True,BTCUSDT
2021-10-25 00:00:00+00:00,63078.78,1440,0,True,BTCUSDT
2021-10-26 00:00:00+00:00,60328.81,1440,0,True,BTCUSDT
2021-10-27 00:00:00+00:00,58413.44,1440,0,True,BTCUSDT
2021-10-28 00:00:00+00:00,60575.89,1440,0,True,BTCUSDT
2021-10-29 00:00:00+00:00,62253.71,1440,0,True,BTCUSDT
2021-10-30 00:00:00+00:00,61859.19,1440,0,True,BTCUSDT
2021-10-31 00:00:00+00:00,61299.8,1440,0,True,BTCUSDT
2021-11-01 00:00:00+00:00,60911.11,1440,0,True,BTCUSDT
2021-11-02 00:00:00+00:00,63219.99,1440,0,True,BTCUSDT
2021-11-03 00:00:00+00:00,62896.48,1440,0,True,BTCUSDT
2021-11-04 00:00:00+00:00,61395.01,1440,0,True,BTCUSDT
2021-11-05 00:00:00+00:00,60937.12,1440,0,True,BTCUSDT
2021-11-06 00:00:00+00:00,61470.61,1440,0,True,BTCUSDT
2021-11-07 00:00:00+00:00,63273.59,1440,0,True,BTCUSDT
2021-11-08 00:00:00+00:00,67525.83,1440,0,True,BTCUSDT
2021-11-09 00:00:00+00:00,66947.66,1440,0,True,BTCUSDT
2021-11-10 00:00:00+00:00,64882.43,1440,0,True,BTCUSDT
2021-11-11 00:00:00+00:00,64774.26,1440,0,True,BTCUSDT
2021-11-12 00:00:00+00:00,64122.23,1440,0,True,BTCUSDT
2021-11-13 00:00:00+00:00,64380.0,1440,0,True,BTCUSDT
2021-11-14 00:00:00+00:00,65519.1,1440,0,True,BTCUSDT
2021-11-15 00:00:00+00:00,63606.74,1440,0,True,BTCUSDT
2021-11-16 00:00:00+00:00,60058.87,1440,0,True,BTCUSDT
2021-11-17 00:00:00+00:00,60344.87,1440,0,True,BTCUSDT
2021-11-18 00:00:00+00:00,56891.62,1440,0,True,BTCUSDT
2021-11-19 00:00:00+00:00,58052.24,1440,0,True,BTCUSDT
2021-11-20 00:00:00+00:00,59707.51,1440,0,True,BTCUSDT
2021-11-21 00:00:00+00:00,58622.02,1440,0,True,BTCUSDT
2021-11-22 00:00:00+00:00,56247.18,1440,0,True,BTCUSDT
2021-11-23 00:00:00+00:00,57541.27,1440,0,True,BTCUSDT
2021-11-24 00:00:00+00:00,57138.29,1440,0,True,BTCUSDT
2021-11-25 00:00:00+00:00,58960.36,1440,0,True,BTCUSDT
2021-11-26 00:00:00+00:00,53726.53,1440,0,True,BTCUSDT
2021-11-27 00:00:00+00:00,54721.03,1440,0,True,BTCUSDT
2021-11-28 00:00:00+00:00,57274.88,1440,0,True,BTCUSDT
2021-11-29 00:00:00+00:00,57776.25,1440,0,True,BTCUSDT
2021-11-30 00:00:00+00:00,56950.56,1440,0,True,BTCUSDT
2021-12-01 00:00:00+00:00,57184.07,1440,0,True,BTCUSDT
2021-12-02 00:00:00+00:00,56480.34,1440,0,True,BTCUSDT
2021-12-03 00:00:00+00:00,53601.05,1440,0,True,BTCUSDT
2021-12-04 00:00:00+00:00,49152.47,1440,0,True,BTCUSDT
2021-12-05 00:00:00+00:00,49396.33,1440,0,True,BTCUSDT
2021-12-06 00:00:00+00:00,50441.92,1440,0,True,BTCUSDT
2021-12-07 00:00:00+00:00,50588.95,1440,0,True,BTCUSDT
2021-12-08 00:00:00+00:00,50471.19,1440,0,True,BTCUSDT
2021-12-09 00:00:00+00:00,47545.59,1440,0,True,BTCUSDT
2021-12-10 00:00:00+00:00,47140.54,1440,0,True,BTCUSDT
2021-12-11 00:00:00+00:00,49389.99,1440,0,True,BTCUSDT
2021-12-12 00:00:00+00:00,50053.9,1440,0,True,BTCUSDT
2021-12-13 00:00:00+00:00,46702.75,1440,0,True,BTCUSDT
2021-12-14 00:00:00+00:00,48343.28,1440,0,True,BTCUSDT
2021-12-15 00:00:00+00:00,48864.98,1440,0,True,BTCUSDT
2021-12-16 00:00:00+00:00,47632.38,1440,0,True,BTCUSDT
2021-12-17 00:00:00+00:00,46131.2,1440,0,True,BTCUSDT
2021-12-18 00:00:00+00:00,46834.48,1440,0,True,BTCUSDT
2021-12-19 00:00:00+00:00,46681.23,1440,0,True,BTCUSDT
2021-12-20 00:00:00+00:00,46914.16,1440,0,True,BTCUSDT
2021-12-21 00:00:00+00:00,48889.88,1440,0,True,BTCUSDT
2021-12-22 00:00:00+00:00,48588.16,1440,0,True,BTCUSDT
2021-12-23 00:00:00+00:00,50838.81,1440,0,True,BTCUSDT
2021-12-24 00:00:00+00:00,,1440,1,False,BTCUSDT
2021-12-25 00:00:00+00:00,50399.66,1440,0,True,BTCUSDT
2021-12-26 00:00:00+00:00,50775.49,1440,0,True,BTCUSDT
2021-12-27 00:00:00+00:00,50701.44,1440,0,True,BTCUSDT
2021-12-28 00:00:00+00:00,47543.74,1440,0,True,BTCUSDT
2021-12-29 00:00:00+00:00,46464.66,1440,0,True,BTCUSDT
2021-12-30 00:00:00+00:00,47120.87,1440,0,True,BTCUSDT
2021-12-31 00:00:00+00:00,46216.93,1440,0,True,BTCUSDT
2022-01-01 00:00:00+00:00,47722.65,1440,0,True,BTCUSDT
2022-01-02 00:00:00+00:00,47286.18,1440,0,True,BTCUSDT
2022-01-03 00:00:00+00:00,46446.1,1440,0,True,BTCUSDT
2022-01-04 00:00:00+00:00,45832.01,1440,0,True,BTCUSDT
2022-01-05 00:00:00+00:00,43451.13,1440,0,True,BTCUSDT
2022-01-06 00:00:00+00:00,43082.31,1440,0,True,BTCUSDT
2022-01-07 00:00:00+00:00,41566.48,1440,0,True,BTCUSDT
2022-01-08 00:00:00+00:00,41679.74,1440,0,True,BTCUSDT
2022-01-09 00:00:00+00:00,41864.62,1440,0,True,BTCUSDT
2022-01-10 00:00:00+00:00,41822.49,1440,0,True,BTCUSDT
2022-01-11 00:00:00+00:00,42729.29,1440,0,True,BTCUSDT
2022-01-12 00:00:00+00:00,43902.66,1440,0,True,BTCUSDT
2022-01-13 00:00:00+00:00,42560.11,1440,0,True,BTCUSDT
2022-01-14 00:00:00+00:00,43059.96,1440,0,True,BTCUSDT
2022-01-15 00:00:00+00:00,43084.29,1440,0,True,BTCUSDT
2022-01-16 00:00:00+00:00,43071.66,1440,0,True,BTCUSDT
2022-01-17 00:00:00+00:00,42201.62,1440,0,True,BTCUSDT
2022-01-18 00:00:00+00:00,42352.12,1440,0,True,BTCUSDT
2022-01-19 00:00:00+00:00,41660.01,1440,0,True,BTCUSDT
2022-01-20 00:00:00+00:00,40680.91,1440,0,True,BTCUSDT
2022-01-21 00:00:00+00:00,36445.31,1440,0,True,BTCUSDT
2022-01-22 00:00:00+00:00,35071.42,1440,0,True,BTCUSDT
2022-01-23 00:00:00+00:00,36244.55,1440,0,True,BTCUSDT
2022-01-24 00:00:00+00:00,36660.35,1440,0,True,BTCUSDT
2022-01-25 00:00:00+00:00,36958.32,1440,0,True,BTCUSDT
2022-01-26 00:00:00+00:00,36809.34,1440,0,True,BTCUSDT
2022-01-27 00:00:00+00:00,37160.1,1440,0,True,BTCUSDT
2022-01-28 00:00:00+00:00,37716.56,1440,0,True,BTCUSDT
2022-01-29 00:00:00+00:00,38166.84,1440,0,True,BTCUSDT
2022-01-30 00:00:00+00:00,37881.76,1440,0,True,BTCUSDT
2022-01-31 00:00:00+00:00,38466.9,1440,0,True,BTCUSDT
2022-02-01 00:00:00+00:00,38694.59,1440,0,True,BTCUSDT
2022-02-02 00:00:00+00:00,36896.36,1440,0,True,BTCUSDT
2022-02-03 00:00:00+00:00,37311.61,1440,0,True,BTCUSDT
2022-02-04 00:00:00+00:00,41574.25,1440,0,True,BTCUSDT
2022-02-05 00:00:00+00:00,41382.59,1440,0,True,BTCUSDT
2022-02-06 00:00:00+00:00,42380.87,1440,0,True,BTCUSDT
2022-02-07 00:00:00+00:00,43839.99,1440,0,True,BTCUSDT
2022-02-08 00:00:00+00:00,44042.99,1440,0,True,BTCUSDT
2022-02-09 00:00:00+00:00,44372.72,1440,0,True,BTCUSDT
2022-02-10 00:00:00+00:00,43495.44,1440,0,True,BTCUSDT
2022-02-11 00:00:00+00:00,42373.73,1440,0,True,BTCUSDT
2022-02-12 00:00:00+00:00,42217.87,1440,0,True,BTCUSDT
2022-02-13 00:00:00+00:00,42053.66,1440,0,True,BTCUSDT
2022-02-14 00:00:00+00:00,42535.94,1440,0,True,BTCUSDT
2022-02-15 00:00:00+00:00,44544.86,1440,0,True,BTCUSDT
2022-02-16 00:00:00+00:00,43873.56,1440,0,True,BTCUSDT
2022-02-17 00:00:00+00:00,40515.7,1440,0,True,BTCUSDT
2022-02-18 00:00:00+00:00,39974.44,1440,0,True,BTCUSDT
2022-02-19 00:00:00+00:00,40079.17,1440,0,True,BTCUSDT
2022-02-20 00:00:00+00:00,38386.89,1440,0,True,BTCUSDT
2022-02-21 00:00:00+00:00,37008.16,1440,0,True,BTCUSDT
2022-02-22 00:00:00+00:00,38230.33,1440,0,True,BTCUSDT
2022-02-23 00:00:00+00:00,37250.01,1440,0,True,BTCUSDT
2022-02-24 00:00:00+00:00,38327.21,1440,0,True,BTCUSDT
2022-02-25 00:00:00+00:00,39219.17,1440,0,True,BTCUSDT
2022-02-26 00:00:00+00:00,39116.72,1440,0,True,BTCUSDT
2022-02-27 00:00:00+00:00,37699.07,1440,0,True,BTCUSDT
2022-02-28 00:00:00+00:00,43160.0,1440,0,True,BTCUSDT
2022-03-01 00:00:00+00:00,44421.2,1440,0,True,BTCUSDT
2022-03-02 00:00:00+00:00,43892.98,1440,0,True,BTCUSDT
2022-03-03 00:00:00+00:00,42454.0,1440,0,True,BTCUSDT
2022-03-04 00:00:00+00:00,39148.66,1440,0,True,BTCUSDT
2022-03-05 00:00:00+00:00,39397.96,1440,0,True,BTCUSDT
2022-03-06 00:00:00+00:00,38420.81,1440,0,True,BTCUSDT
2022-03-07 00:00:00+00:00,37988.0,1440,0,True,BTCUSDT
2022-03-08 00:00:00+00:00,38730.63,1440,0,True,BTCUSDT
2022-03-09 00:00:00+00:00,41941.71,1440,0,True,BTCUSDT
2022-03-10 00:00:00+00:00,39422.0,1440,0,True,BTCUSDT
2022-03-11 00:00:00+00:00,38729.57,1440,0,True,BTCUSDT
2022-03-12 00:00:00+00:00,38807.36,1440,0,True,BTCUSDT
2022-03-13 00:00:00+00:00,37777.34,1440,0,True,BTCUSDT
2022-03-14 00:00:00+00:00,39671.37,1440,0,True,BTCUSDT
2022-03-15 00:00:00+00:00,39280.33,1440,0,True,BTCUSDT
2022-03-16 00:00:00+00:00,41114.0,1440,0,True,BTCUSDT
2022-03-17 00:00:00+00:00,40917.9,1440,0,True,BTCUSDT
2022-03-18 00:00:00+00:00,41757.51,1440,0,True,BTCUSDT
2022-03-19 00:00:00+00:00,42201.13,1440,0,True,BTCUSDT
2022-03-20 00:00:00+00:00,41262.11,1440,0,True,BTCUSDT
2022-03-21 00:00:00+00:00,41002.25,1440,0,True,BTCUSDT
2022-03-22 00:00:00+00:00,42364.13,1440,0,True,BTCUSDT
2022-03-23 00:00:00+00:00,42882.76,1440,0,True,BTCUSDT
2022-03-24 00:00:00+00:00,43991.46,1440,0,True,BTCUSDT
2022-03-25 00:00:00+00:00,44313.16,1440,0,True,BTCUSDT
2022-03-26 00:00:00+00:00,44511.27,1440,0,True,BTCUSDT
2022-03-27 00:00:00+00:00,46827.76,1440,0,True,BTCUSDT
2022-03-28 00:00:00+00:00,47122.21,1440,0,True,BTCUSDT
2022-03-29 00:00:00+00:00,47434.8,1440,0,True,BTCUSDT
2022-03-30 00:00:00+00:00,47067.99,1440,0,True,BTCUSDT
2022-03-31 00:00:00+00:00,45510.34,1440,0,True,BTCUSDT
2022-04-01 00:00:00+00:00,46283.49,1440,0,True,BTCUSDT
2022-04-02 00:00:00+00:00,45811.0,1440,0,True,BTCUSDT
2022-04-03 00:00:00+00:00,46407.35,1440,0,True,BTCUSDT
2022-04-04 00:00:00+00:00,46580.51,1440,0,True,BTCUSDT
2022-04-05 00:00:00+00:00,45497.55,1440,0,True,BTCUSDT
2022-04-06 00:00:00+00:00,43170.47,1440,0,True,BTCUSDT
2022-04-07 00:00:00+00:00,43444.19,1440,0,True,BTCUSDT
2022-04-08 00:00:00+00:00,42252.01,1440,0,True,BTCUSDT
2022-04-09 00:00:00+00:00,42753.97,1440,0,True,BTCUSDT
2022-04-10 00:00:00+00:00,42158.85,1440,0,True,BTCUSDT
2022-04-11 00:00:00+00:00,39530.45,1440,0,True,BTCUSDT
2022-04-12 00:00:00+00:00,40074.94,1440,0,True,BTCUSDT
2022-04-13 00:00:00+00:00,41147.79,1440,0,True,BTCUSDT
2022-04-14 00:00:00+00:00,39942.38,1440,0,True,BTCUSDT
2022-04-15 00:00:00+00:00,40551.9,1440,0,True,BTCUSDT
2022-04-16 00:00:00+00:00,40378.71,1440,0,True,BTCUSDT
2022-04-17 00:00:00+00:00,39678.12,1440,0,True,BTCUSDT
2022-04-18 00:00:00+00:00,40801.13,1440,0,True,BTCUSDT
2022-04-19 00:00:00+00:00,41493.18,1440,0,True,BTCUSDT
2022-04-20 00:00:00+00:00,41358.19,1440,0,True,BTCUSDT
2022-04-21 00:00:00+00:00,40480.01,1440,0,True,BTCUSDT
2022-04-22 00:00:00+00:00,39709.18,1440,0,True,BTCUSDT
2022-04-23 00:00:00+00:00,39441.6,1440,0,True,BTCUSDT
2022-04-24 00:00:00+00:00,39450.13,1440,0,True,BTCUSDT
2022-04-25 00:00:00+00:00,40426.08,1440,0,True,BTCUSDT
2022-04-26 00:00:00+00:00,38112.65,1440,0,True,BTCUSDT
2022-04-27 00:00:00+00:00,39235.72,1440,0,True,BTCUSDT
2022-04-28 00:00:00+00:00,39742.07,1440,0,True,BTCUSDT
2022-04-29 00:00:00+00:00,38596.11,1440,0,True,BTCUSDT
2022-04-30 00:00:00+00:00,37630.8,1440,0,True,BTCUSDT
2022-05-01 00:00:00+00:00,38468.35,1440,0,True,BTCUSDT
2022-05-02 00:00:00+00:00,38525.16,1440,0,True,BTCUSDT
2022-05-03 00:00:00+00:00,37728.95,1440,0,True,BTCUSDT
2022-05-04 00:00:00+00:00,39690.0,1440,0,True,BTCUSDT
2022-05-05 00:00:00+00:00,36552.97,1440,0,True,BTCUSDT
2022-05-06 00:00:00+00:00,36013.77,1440,0,True,BTCUSDT
2022-05-07 00:00:00+00:00,35472.39,1440,0,True,BTCUSDT
2022-05-08 00:00:00+00:00,34038.4,1440,0,True,BTCUSDT
2022-05-09 00:00:00+00:00,30076.31,1440,0,True,BTCUSDT
2022-05-10 00:00:00+00:00,31017.1,1440,0,True,BTCUSDT
2022-05-11 00:00:00+00:00,29103.94,1440,0,True,BTCUSDT
2022-05-12 00:00:00+00:00,29029.75,1440,0,True,BTCUSDT
2022-05-13 00:00:00+00:00,29287.05,1440,0,True,BTCUSDT
2022-05-14 00:00:00+00:00,30086.74,1440,0,True,BTCUSDT
2022-05-15 00:00:00+00:00,31328.89,1440,0,True,BTCUSDT
2022-05-16 00:00:00+00:00,29874.01,1440,0,True,BTCUSDT
2022-05-17 00:00:00+00:00,30444.93,1440,0,True,BTCUSDT
2022-05-18 00:00:00+00:00,28715.32,1440,0,True,BTCUSDT
2022-05-19 00:00:00+00:00,30319.23,1440,0,True,BTCUSDT
2022-05-20 00:00:00+00:00,29201.01,1440,0,True,BTCUSDT
2022-05-21 00:00:00+00:00,29445.06,1440,0,True,BTCUSDT
2022-05-22 00:00:00+00:00,30293.94,1440,0,True,BTCUSDT
2022-05-23 00:00:00+00:00,29109.15,1440,0,True,BTCUSDT
2022-05-24 00:00:00+00:00,29654.58,1440,0,True,BTCUSDT
2022-05-25 00:00:00+00:00,29542.15,1440,0,True,BTCUSDT
2022-05-26 00:00:00+00:00,29201.35,1440,0,True,BTCUSDT
2022-05-27 00:00:00+00:00,28629.8,1440,0,True,BTCUSDT
2022-05-28 00:00:00+00:00,29031.33,1440,0,True,BTCUSDT
2022-05-29 00:00:00+00:00,29468.1,1440,0,True,BTCUSDT
2022-05-30 00:00:00+00:00,31734.22,1440,0,True,BTCUSDT
2022-05-31 00:00:00+00:00,31801.04,1440,0,True,BTCUSDT
2022-06-01 00:00:00+00:00,29805.83,1440,0,True,BTCUSDT
2022-06-02 00:00:00+00:00,30452.62,1440,0,True,BTCUSDT
2022-06-03 00:00:00+00:00,29700.21,1440,0,True,BTCUSDT
2022-06-04 00:00:00+00:00,29864.04,1440,0,True,BTCUSDT
2022-06-05 00:00:00+00:00,29919.21,1440,0,True,BTCUSDT
2022-06-06 00:00:00+00:00,31373.1,1440,0,True,BTCUSDT
2022-06-07 00:00:00+00:00,31125.33,1440,0,True,BTCUSDT
2022-06-08 00:00:00+00:00,30204.77,1440,0,True,BTCUSDT
2022-06-09 00:00:00+00:00,30109.93,1440,0,True,BTCUSDT
2022-06-10 00:00:00+00:00,29091.88,1440,0,True,BTCUSDT
2022-06-11 00:00:00+00:00,28424.7,1440,0,True,BTCUSDT
2022-06-12 00:00:00+00:00,26574.53,1440,0,True,BTCUSDT
2022-06-13 00:00:00+00:00,22487.41,1440,0,True,BTCUSDT
2022-06-14 00:00:00+00:00,22136.41,1440,0,True,BTCUSDT
2022-06-15 00:00:00+00:00,22583.72,1440,0,True,BTCUSDT
2022-06-16 00:00:00+00:00,20401.31,1440,0,True,BTCUSDT
2022-06-17 00:00:00+00:00,20468.81,1440,0,True,BTCUSDT
2022-06-18 00:00:00+00:00,18970.79,1440,0,True,BTCUSDT
2022-06-19 00:00:00+00:00,20574.0,1440,0,True,BTCUSDT
2022-06-20 00:00:00+00:00,20573.89,1440,0,True,BTCUSDT
2022-06-21 00:00:00+00:00,20723.52,1440,0,True,BTCUSDT
2022-06-22 00:00:00+00:00,19987.99,1440,0,True,BTCUSDT
2022-06-23 00:00:00+00:00,21110.13,1440,0,True,BTCUSDT
2022-06-24 00:00:00+00:00,21237.69,1440,0,True,BTCUSDT
2022-06-25 00:00:00+00:00,21491.19,1440,0,True,BTCUSDT
2022-06-26 00:00:00+00:00,21038.07,1440,0,True,BTCUSDT
2022-06-27 00:00:00+00:00,20742.56,1440,0,True,BTCUSDT
2022-06-28 00:00:00+00:00,20281.29,1440,0,True,BTCUSDT
2022-06-29 00:00:00+00:00,20123.01,1440,0,True,BTCUSDT
2022-06-30 00:00:00+00:00,19942.21,1440,0,True,BTCUSDT
2022-07-01 00:00:00+00:00,19279.8,1440,0,True,BTCUSDT
2022-07-02 00:00:00+00:00,19252.81,1440,0,True,BTCUSDT
2022-07-03 00:00:00+00:00,19315.83,1440,0,True,BTCUSDT
2022-07-04 00:00:00+00:00,20236.71,1440,0,True,BTCUSDT
2022-07-05 00:00:00+00:00,20175.83,1440,0,True,BTCUSDT
2022-07-06 00:00:00+00:00,20564.51,1440,0,True,BTCUSDT
2022-07-07 00:00:00+00:00,21624.98,1440,0,True,BTCUSDT
2022-07-08 00:00:00+00:00,21594.75,1440,0,True,BTCUSDT
2022-07-09 00:00:00+00:00,21591.83,1440,0,True,BTCUSDT
2022-07-10 00:00:00+00:00,20862.47,1440,0,True,BTCUSDT
2022-07-11 00:00:00+00:00,19963.61,1440,0,True,BTCUSDT
2022-07-12 00:00:00+00:00,19328.75,1440,0,True,BTCUSDT
2022-07-13 00:00:00+00:00,20234.87,1440,0,True,BTCUSDT
2022-07-14 00:00:00+00:00,20588.84,1440,0,True,BTCUSDT
2022-07-15 00:00:00+00:00,20830.04,1440,0,True,BTCUSDT
2022-07-16 00:00:00+00:00,21195.6,1440,0,True,BTCUSDT
2022-07-17 00:00:00+00:00,20798.16,1440,0,True,BTCUSDT
2022-07-18 00:00:00+00:00,22432.58,1440,0,True,BTCUSDT
2022-07-19 00:00:00+00:00,23396.62,1440,0,True,BTCUSDT
2022-07-20 00:00:00+00:00,23223.3,1440,0,True,BTCUSDT
2022-07-21 00:00:00+00:00,23152.19,1440,0,True,BTCUSDT
2022-07-22 00:00:00+00:00,22684.83,1440,0,True,BTCUSDT
2022-07-23 00:00:00+00:00,22451.07,1440,0,True,BTCUSDT
2022-07-24 00:00:00+00:00,22579.68,1440,0,True,BTCUSDT
2022-07-25 00:00:00+00:00,21310.9,1440,0,True,BTCUSDT
2022-07-26 00:00:00+00:00,21254.67,1440,0,True,BTCUSDT
2022-07-27 00:00:00+00:00,22952.45,1440,0,True,BTCUSDT
2022-07-28 00:00:00+00:00,23842.93,1440,0,True,BTCUSDT
2022-07-29 00:00:00+00:00,23773.75,1440,0,True,BTCUSDT
2022-07-30 00:00:00+00:00,23643.51,1440,0,True,BTCUSDT
2022-07-31 00:00:00+00:00,23293.32,1440,0,True,BTCUSDT
2022-08-01 00:00:00+00:00,23268.01,1440,0,True,BTCUSDT
2022-08-02 00:00:00+00:00,22987.79,1440,0,True,BTCUSDT
2022-08-03 00:00:00+00:00,22818.37,1440,0,True,BTCUSDT
2022-08-04 00:00:00+00:00,22622.98,1440,0,True,BTCUSDT
2022-08-05 00:00:00+00:00,23312.42,1440,0,True,BTCUSDT
2022-08-06 00:00:00+00:00,22954.21,1440,0,True,BTCUSDT
2022-08-07 00:00:00+00:00,23174.39,1440,0,True,BTCUSDT
2022-08-08 00:00:00+00:00,23810.0,1440,0,True,BTCUSDT
2022-08-09 00:00:00+00:00,23149.95,1440,0,True,BTCUSDT
2022-08-10 00:00:00+00:00,23954.05,1440,0,True,BTCUSDT
2022-08-11 00:00:00+00:00,23934.39,1440,0,True,BTCUSDT
2022-08-12 00:00:00+00:00,24403.68,1440,0,True,BTCUSDT
2022-08-13 00:00:00+00:00,24441.38,1440,0,True,BTCUSDT
2022-08-14 00:00:00+00:00,24305.24,1440,0,True,BTCUSDT
2022-08-15 00:00:00+00:00,24094.82,1440,0,True,BTCUSDT
2022-08-16 00:00:00+00:00,23854.74,1440,0,True,BTCUSDT
2022-08-17 00:00:00+00:00,23342.66,1440,0,True,BTCUSDT
2022-08-18 00:00:00+00:00,23191.2,1440,0,True,BTCUSDT
2022-08-19 00:00:00+00:00,20834.39,1440,0,True,BTCUSDT
2022-08-20 00:00:00+00:00,21140.07,1440,0,True,BTCUSDT
2022-08-21 00:00:00+00:00,21515.61,1440,0,True,BTCUSDT
2022-08-22 00:00:00+00:00,21399.83,1440,0,True,BTCUSDT
2022-08-23 00:00:00+00:00,21529.12,1440,0,True,BTCUSDT
2022-08-24 00:00:00+00:00,21368.08,1440,0,True,BTCUSDT
2022-08-25 00:00:00+00:00,21559.04,1440,0,True,BTCUSDT
2022-08-26 00:00:00+00:00,20241.05,1440,0,True,BTCUSDT
2022-08-27 00:00:00+00:00,20037.6,1440,0,True,BTCUSDT
2022-08-28 00:00:00+00:00,19555.61,1440,0,True,BTCUSDT
2022-08-29 00:00:00+00:00,20285.73,1440,0,True,BTCUSDT
2022-08-30 00:00:00+00:00,19811.66,1440,0,True,BTCUSDT
2022-08-31 00:00:00+00:00,20050.02,1440,0,True,BTCUSDT
2022-09-01 00:00:00+00:00,20131.46,1440,0,True,BTCUSDT
2022-09-02 00:00:00+00:00,19951.86,1440,0,True,BTCUSDT
2022-09-03 00:00:00+00:00,19831.9,1440,0,True,BTCUSDT
2022-09-04 00:00:00+00:00,20000.3,1440,0,True,BTCUSDT
2022-09-05 00:00:00+00:00,19796.84,1440,0,True,BTCUSDT
2022-09-06 00:00:00+00:00,18790.61,1440,0,True,BTCUSDT
2022-09-07 00:00:00+00:00,19292.84,1440,0,True,BTCUSDT
2022-09-08 00:00:00+00:00,19319.77,1440,0,True,BTCUSDT
2022-09-09 00:00:00+00:00,21360.11,1440,0,True,BTCUSDT
2022-09-10 00:00:00+00:00,21648.34,1440,0,True,BTCUSDT
2022-09-11 00:00:00+00:00,21826.87,1440,0,True,BTCUSDT
2022-09-12 00:00:00+00:00,22395.74,1440,0,True,BTCUSDT
2022-09-13 00:00:00+00:00,20173.57,1440,0,True,BTCUSDT
2022-09-14 00:00:00+00:00,20226.71,1440,0,True,BTCUSDT
2022-09-15 00:00:00+00:00,19701.88,1440,0,True,BTCUSDT
2022-09-16 00:00:00+00:00,19803.3,1440,0,True,BTCUSDT
2022-09-17 00:00:00+00:00,20113.62,1440,0,True,BTCUSDT
2022-09-18 00:00:00+00:00,19416.18,1440,0,True,BTCUSDT
2022-09-19 00:00:00+00:00,19537.02,1440,0,True,BTCUSDT
2022-09-20 00:00:00+00:00,18875.0,1440,0,True,BTCUSDT
2022-09-21 00:00:00+00:00,18461.36,1440,0,True,BTCUSDT
2022-09-22 00:00:00+00:00,19401.63,1440,0,True,BTCUSDT
2022-09-23 00:00:00+00:00,19289.91,1440,0,True,BTCUSDT
2022-09-24 00:00:00+00:00,18920.5,1440,0,True,BTCUSDT
2022-09-25 00:00:00+00:00,18807.38,1440,0,True,BTCUSDT
2022-09-26 00:00:00+00:00,19227.82,1440,0,True,BTCUSDT
2022-09-27 00:00:00+00:00,19079.13,1440,0,True,BTCUSDT
2022-09-28 00:00:00+00:00,19412.82,1440,0,True,BTCUSDT
2022-09-29 00:00:00+00:00,19591.51,1440,0,True,BTCUSDT
2022-09-30 00:00:00+00:00,19422.61,1440,0,True,BTCUSDT
2022-10-01 00:00:00+00:00,19310.95,1440,0,True,BTCUSDT
2022-10-02 00:00:00+00:00,19056.8,1440,0,True,BTCUSDT
2022-10-03 00:00:00+00:00,19629.08,1440,0,True,BTCUSDT
2022-10-04 00:00:00+00:00,20337.82,1440,0,True,BTCUSDT
2022-10-05 00:00:00+00:00,20158.26,1440,0,True,BTCUSDT
2022-10-06 00:00:00+00:00,19960.67,1440,0,True,BTCUSDT
2022-10-07 00:00:00+00:00,19530.09,1440,0,True,BTCUSDT
2022-10-08 00:00:00+00:00,19417.96,1440,0,True,BTCUSDT
2022-10-09 00:00:00+00:00,19439.02,1440,0,True,BTCUSDT
2022-10-10 00:00:00+00:00,19131.87,1440,0,True,BTCUSDT
2022-10-11 00:00:00+00:00,19060.0,1440,0,True,BTCUSDT
2022-10-12 00:00:00+00:00,19155.53,1440,0,True,BTCUSDT
2022-10-13 00:00:00+00:00,19375.13,1440,0,True,BTCUSDT
2022-10-14 00:00:00+00:00,19176.93,1440,0,True,BTCUSDT
2022-10-15 00:00:00+00:00,19069.39,1440,0,True,BTCUSDT
2022-10-16 00:00:00+00:00,19262.98,1440,0,True,BTCUSDT
2022-10-17 00:00:00+00:00,19549.86,1440,0,True,BTCUSDT
2022-10-18 00:00:00+00:00,19327.44,1440,0,True,BTCUSDT
2022-10-19 00:00:00+00:00,19123.97,1440,0,True,BTCUSDT
2022-10-20 00:00:00+00:00,19041.92,1440,0,True,BTCUSDT
2022-10-21 00:00:00+00:00,19164.37,1440,0,True,BTCUSDT
2022-10-22 00:00:00+00:00,19204.35,1440,0,True,BTCUSDT
2022-10-23 00:00:00+00:00,19570.4,1440,0,True,BTCUSDT
2022-10-24 00:00:00+00:00,19329.72,1440,0,True,BTCUSDT
2022-10-25 00:00:00+00:00,20080.07,1440,0,True,BTCUSDT
2022-10-26 00:00:00+00:00,20771.59,1440,0,True,BTCUSDT
2022-10-27 00:00:00+00:00,20295.11,1440,0,True,BTCUSDT
2022-10-28 00:00:00+00:00,20591.84,1440,0,True,BTCUSDT
2022-10-29 00:00:00+00:00,20809.67,1440,0,True,BTCUSDT
2022-10-30 00:00:00+00:00,20627.48,1440,0,True,BTCUSDT
2022-10-31 00:00:00+00:00,20490.74,1440,0,True,BTCUSDT
2022-11-01 00:00:00+00:00,20483.62,1440,0,True,BTCUSDT
2022-11-02 00:00:00+00:00,20151.84,1440,0,True,BTCUSDT
2022-11-03 00:00:00+00:00,20207.82,1440,0,True,BTCUSDT
2022-11-04 00:00:00+00:00,21148.52,1440,0,True,BTCUSDT
2022-11-05 00:00:00+00:00,21299.37,1440,0,True,BTCUSDT
2022-11-06 00:00:00+00:00,20905.58,1440,0,True,BTCUSDT
2022-11-07 00:00:00+00:00,20591.13,1440,0,True,BTCUSDT
2022-11-08 00:00:00+00:00,18547.23,1440,0,True,BTCUSDT
2022-11-09 00:00:00+00:00,15922.81,1440,0,True,BTCUSDT
2022-11-10 00:00:00+00:00,17601.15,1440,0,True,BTCUSDT
2022-11-11 00:00:00+00:00,17070.31,1440,0,True,BTCUSDT
2022-11-12 00:00:00+00:00,16812.08,1440,0,True,BTCUSDT
2022-11-13 00:00:00+00:00,16329.85,1440,0,True,BTCUSDT
2022-11-14 00:00:00+00:00,16619.46,1440,0,True,BTCUSDT
2022-11-15 00:00:00+00:00,16900.57,1440,0,True,BTCUSDT
2022-11-16 00:00:00+00:00,16662.76,1440,0,True,BTCUSDT
2022-11-17 00:00:00+00:00,16692.56,1440,0,True,BTCUSDT
2022-11-18 00:00:00+00:00,16700.45,1440,0,True,BTCUSDT
2022-11-19 00:00:00+00:00,16700.68,1440,0,True,BTCUSDT
2022-11-20 00:00:00+00:00,16280.23,1440,0,True,BTCUSDT
2022-11-21 00:00:00+00:00,15781.29,1440,0,True,BTCUSDT
2022-11-22 00:00:00+00:00,16226.94,1440,0,True,BTCUSDT
2022-11-23 00:00:00+00:00,16603.11,1440,0,True,BTCUSDT
2022-11-24 00:00:00+00:00,16598.95,1440,0,True,BTCUSDT
2022-11-25 00:00:00+00:00,16522.14,1440,0,True,BTCUSDT
2022-11-26 00:00:00+00:00,16458.57,1440,0,True,BTCUSDT
2022-11-27 00:00:00+00:00,16428.78,1440,0,True,BTCUSDT
2022-11-28 00:00:00+00:00,16212.91,1440,0,True,BTCUSDT
2022-11-29 00:00:00+00:00,16442.53,1440,0,True,BTCUSDT
2022-11-30 00:00:00+00:00,17163.64,1440,0,True,BTCUSDT
2022-12-01 00:00:00+00:00,16977.37,1440,0,True,BTCUSDT
2022-12-02 00:00:00+00:00,17092.74,1440,0,True,BTCUSDT
2022-12-03 00:00:00+00:00,16885.2,1440,0,True,BTCUSDT
2022-12-04 00:00:00+00:00,17105.7,1440,0,True,BTCUSDT
2022-12-05 00:00:00+00:00,16966.35,1440,0,True,BTCUSDT
2022-12-06 00:00:00+00:00,17088.96,1440,0,True,BTCUSDT
2022-12-07 00:00:00+00:00,16836.64,1440,0,True,BTCUSDT
2022-12-08 00:00:00+00:00,17224.1,1440,0,True,BTCUSDT
2022-12-09 00:00:00+00:00,17128.56,1440,0,True,BTCUSDT
2022-12-10 00:00:00+00:00,17127.49,1440,0,True,BTCUSDT
2022-12-11 00:00:00+00:00,17085.05,1440,0,True,BTCUSDT
2022-12-12 00:00:00+00:00,17209.83,1440,0,True,BTCUSDT
2022-12-13 00:00:00+00:00,17774.7,1440,0,True,BTCUSDT
2022-12-14 00:00:00+00:00,17803.15,1440,0,True,BTCUSDT
2022-12-15 00:00:00+00:00,17356.34,1440,0,True,BTCUSDT
2022-12-16 00:00:00+00:00,16632.12,1440,0,True,BTCUSDT
2022-12-17 00:00:00+00:00,16776.52,1440,0,True,BTCUSDT
2022-12-18 00:00:00+00:00,16738.21,1440,0,True,BTCUSDT
2022-12-19 00:00:00+00:00,16438.88,1440,0,True,BTCUSDT
2022-12-20 00:00:00+00:00,16895.56,1440,0,True,BTCUSDT
2022-12-21 00:00:00+00:00,16824.67,1440,0,True,BTCUSDT
2022-12-22 00:00:00+00:00,16821.43,1440,0,True,BTCUSDT
2022-12-23 00:00:00+00:00,16778.5,1440,0,True,BTCUSDT
2022-12-24 00:00:00+00:00,16836.12,1440,0,True,BTCUSDT
2022-12-25 00:00:00+00:00,16832.11,1440,0,True,BTCUSDT
2022-12-26 00:00:00+00:00,16919.39,1440,0,True,BTCUSDT
2022-12-27 00:00:00+00:00,16706.36,1440,0,True,BTCUSDT
2022-12-28 00:00:00+00:00,16547.31,1440,0,True,BTCUSDT
2022-12-29 00:00:00+00:00,16633.47,1440,0,True,BTCUSDT
2022-12-30 00:00:00+00:00,16607.48,1440,0,True,BTCUSDT
2022-12-31 00:00:00+00:00,16542.4,1440,0,True,BTCUSDT
2023-01-01 00:00:00+00:00,16616.75,1440,0,True,BTCUSDT
2023-01-02 00:00:00+00:00,16672.87,1440,0,True,BTCUSDT
2023-01-03 00:00:00+00:00,16675.18,1440,0,True,BTCUSDT
2023-01-04 00:00:00+00:00,16850.36,1440,0,True,BTCUSDT
2023-01-05 00:00:00+00:00,16831.85,1440,0,True,BTCUSDT
2023-01-06 00:00:00+00:00,16950.65,1440,0,True,BTCUSDT
2023-01-07 00:00:00+00:00,16943.57,1440,0,True,BTCUSDT
2023-01-08 00:00:00+00:00,17127.83,1440,0,True,BTCUSDT
2023-01-09 00:00:00+00:00,17178.26,1440,0,True,BTCUSDT
2023-01-10 00:00:00+00:00,17440.66,1440,0,True,BTCUSDT
2023-01-11 00:00:00+00:00,17943.26,1440,0,True,BTCUSDT
2023-01-12 00:00:00+00:00,18846.62,1440,0,True,BTCUSDT
2023-01-13 00:00:00+00:00,19930.01,1440,0,True,BTCUSDT
2023-01-14 00:00:00+00:00,20954.92,1440,0,True,BTCUSDT
2023-01-15 00:00:00+00:00,20871.5,1440,0,True,BTCUSDT
2023-01-16 00:00:00+00:00,21185.65,1440,0,True,BTCUSDT
2023-01-17 00:00:00+00:00,21134.81,1440,0,True,BTCUSDT
2023-01-18 00:00:00+00:00,20677.47,1440,0,True,BTCUSDT
2023-01-19 00:00:00+00:00,21071.59,1440,0,True,BTCUSDT
2023-01-20 00:00:00+00:00,22667.21,1440,0,True,BTCUSDT
2023-01-21 00:00:00+00:00,22783.55,1440,0,True,BTCUSDT
2023-01-22 00:00:00+00:00,22707.88,1440,0,True,BTCUSDT
2023-01-23 00:00:00+00:00,22916.45,1440,0,True,BTCUSDT
2023-01-24 00:00:00+00:00,22632.89,1440,0,True,BTCUSDT
2023-01-25 00:00:00+00:00,23060.94,1440,0,True,BTCUSDT
2023-01-26 00:00:00+00:00,23009.65,1440,0,True,BTCUSDT
2023-01-27 00:00:00+00:00,23074.16,1440,0,True,BTCUSDT
2023-01-28 00:00:00+00:00,23022.6,1440,0,True,BTCUSDT
2023-01-29 00:00:00+00:00,23742.3,1440,0,True,BTCUSDT
2023-01-30 00:00:00+00:00,22826.15,1440,0,True,BTCUSDT
2023-01-31 00:00:00+00:00,23125.13,1440,0,True,BTCUSDT
2023-02-01 00:00:00+00:00,23732.66,1440,0,True,BTCUSDT
2023-02-02 00:00:00+00:00,23488.94,1440,0,True,BTCUSDT
2023-02-03 00:00:00+00:00,23431.9,1440,0,True,BTCUSDT
2023-02-04 00:00:00+00:00,23326.84,1440,0,True,BTCUSDT
2023-02-05 00:00:00+00:00,22932.91,1440,0,True,BTCUSDT
2023-02-06 00:00:00+00:00,22762.52,1440,0,True,BTCUSDT
2023-02-07 00:00:00+00:00,23240.46,1440,0,True,BTCUSDT
2023-02-08 00:00:00+00:00,22963.0,1440,0,True,BTCUSDT
2023-02-09 00:00:00+00:00,21796.35,1440,0,True,BTCUSDT
2023-02-10 00:00:00+00:00,21625.19,1440,0,True,BTCUSDT
2023-02-11 00:00:00+00:00,21862.55,1440,0,True,BTCUSDT
2023-02-12 00:00:00+00:00,21783.54,1440,0,True,BTCUSDT
2023-02-13 00:00:00+00:00,21773.97,1440,0,True,BTCUSDT
2023-02-14 00:00:00+00:00,22199.84,1440,0,True,BTCUSDT
2023-02-15 00:00:00+00:00,24324.05,1440,0,True,BTCUSDT
2023-02-16 00:00:00+00:00,23517.72,1440,0,True,BTCUSDT
2023-02-17 00:00:00+00:00,24569.97,1440,0,True,BTCUSDT
2023-02-18 00:00:00+00:00,24631.95,1440,0,True,BTCUSDT
2023-02-19 00:00:00+00:00,24271.76,1440,0,True,BTCUSDT
2023-02-20 00:00:00+00:00,24842.2,1440,0,True,BTCUSDT
2023-02-21 00:00:00+00:00,24452.16,1440,0,True,BTCUSDT
2023-02-22 00:00:00+00:00,24182.21,1440,0,True,BTCUSDT
2023-02-23 00:00:00+00:00,23940.2,1440,0,True,BTCUSDT
2023-02-24 00:00:00+00:00,23185.29,1440,0,True,BTCUSDT
2023-02-25 00:00:00+00:00,23157.07,1440,0,True,BTCUSDT
2023-02-26 00:00:00+00:00,23554.85,1440,0,True,BTCUSDT
2023-02-27 00:00:00+00:00,23492.09,1440,0,True,BTCUSDT
2023-02-28 00:00:00+00:00,23141.57,1440,0,True,BTCUSDT
2023-03-01 00:00:00+00:00,23628.97,1440,0,True,BTCUSDT
2023-03-02 00:00:00+00:00,23465.32,1440,0,True,BTCUSDT
2023-03-03 00:00:00+00:00,22354.34,1440,0,True,BTCUSDT
2023-03-04 00:00:00+00:00,22346.57,1440,0,True,BTCUSDT
2023-03-05 00:00:00+00:00,22430.24,1440,0,True,BTCUSDT
2023-03-06 00:00:00+00:00,22410.0,1440,0,True,BTCUSDT
2023-03-07 00:00:00+00:00,22197.96,1440,0,True,BTCUSDT
2023-03-08 00:00:00+00:00,21705.44,1440,0,True,BTCUSDT
2023-03-09 00:00:00+00:00,20362.22,1440,0,True,BTCUSDT
2023-03-10 00:00:00+00:00,20150.69,1440,0,True,BTCUSDT
2023-03-11 00:00:00+00:00,20455.73,1440,0,True,BTCUSDT
2023-03-12 00:00:00+00:00,21997.11,1440,0,True,BTCUSDT
2023-03-13 00:00:00+00:00,24113.48,1440,0,True,BTCUSDT
2023-03-14 00:00:00+00:00,24670.41,1440,0,True,BTCUSDT
2023-03-15 00:00:00+00:00,24285.66,1440,0,True,BTCUSDT
2023-03-16 00:00:00+00:00,24998.78,1440,0,True,BTCUSDT
2023-03-17 00:00:00+00:00,27395.13,1440,0,True,BTCUSDT
2023-03-18 00:00:00+00:00,26907.49,1440,0,True,BTCUSDT
2023-03-19 00:00:00+00:00,27972.87,1440,0,True,BTCUSDT
2023-03-20 00:00:00+00:00,27717.01,1440,0,True,BTCUSDT
2023-03-21 00:00:00+00:00,28105.47,1440,0,True,BTCUSDT
2023-03-22 00:00:00+00:00,27250.97,1440,0,True,BTCUSDT
2023-03-23 00:00:00+00:00,28295.41,1440,0,True,BTCUSDT
2023-03-24 00:00:00+00:00,,1360,1,False,BTCUSDT
2023-03-25 00:00:00+00:00,27462.95,1440,0,True,BTCUSDT
2023-03-26 00:00:00+00:00,27968.05,1440,0,True,BTCUSDT
2023-03-27 00:00:00+00:00,27124.91,1440,0,True,BTCUSDT
2023-03-28 00:00:00+00:00,27261.07,1440,0,True,BTCUSDT
2023-03-29 00:00:00+00:00,28348.6,1440,0,True,BTCUSDT
2023-03-30 00:00:00+00:00,28028.53,1440,0,True,BTCUSDT
2023-03-31 00:00:00+00:00,28465.36,1440,0,True,BTCUSDT
2023-04-01 00:00:00+00:00,28452.73,1440,0,True,BTCUSDT
2023-04-02 00:00:00+00:00,28171.87,1440,0,True,BTCUSDT
2023-04-03 00:00:00+00:00,27800.0,1440,0,True,BTCUSDT
2023-04-04 00:00:00+00:00,28165.47,1440,0,True,BTCUSDT
2023-04-05 00:00:00+00:00,28170.01,1440,0,True,BTCUSDT
2023-04-06 00:00:00+00:00,28033.82,1440,0,True,BTCUSDT
2023-04-07 00:00:00+00:00,27906.33,1440,0,True,BTCUSDT
2023-04-08 00:00:00+00:00,27938.38,1440,0,True,BTCUSDT
2023-04-09 00:00:00+00:00,28323.76,1440,0,True,BTCUSDT
2023-04-10 00:00:00+00:00,29637.34,1440,0,True,BTCUSDT
2023-04-11 00:00:00+00:00,30200.42,1440,0,True,BTCUSDT
2023-04-12 00:00:00+00:00,29888.07,1440,0,True,BTCUSDT
2023-04-13 00:00:00+00:00,30373.84,1440,0,True,BTCUSDT
2023-04-14 00:00:00+00:00,30466.93,1440,0,True,BTCUSDT
2023-04-15 00:00:00+00:00,30295.09,1440,0,True,BTCUSDT
2023-04-16 00:00:00+00:00,30304.65,1440,0,True,BTCUSDT
2023-04-17 00:00:00+00:00,29430.27,1440,0,True,BTCUSDT
2023-04-18 00:00:00+00:00,30380.01,1440,0,True,BTCUSDT
2023-04-19 00:00:00+00:00,28797.1,1440,0,True,BTCUSDT
2023-04-20 00:00:00+00:00,28243.65,1440,0,True,BTCUSDT
2023-04-21 00:00:00+00:00,27262.84,1440,0,True,BTCUSDT
2023-04-22 00:00:00+00:00,27816.85,1440,0,True,BTCUSDT
2023-04-23 00:00:00+00:00,27590.6,1440,0,True,BTCUSDT
2023-04-24 00:00:00+00:00,27510.93,1440,0,True,BTCUSDT
2023-04-25 00:00:00+00:00,28300.79,1440,0,True,BTCUSDT
2023-04-26 00:00:00+00:00,28415.29,1440,0,True,BTCUSDT
2023-04-27 00:00:00+00:00,29472.77,1440,0,True,BTCUSDT
2023-04-28 00:00:00+00:00,29311.7,1440,0,True,BTCUSDT
2023-04-29 00:00:00+00:00,29230.45,1440,0,True,BTCUSDT
2023-04-30 00:00:00+00:00,29233.21,1440,0,True,BTCUSDT
2023-05-01 00:00:00+00:00,28068.26,1440,0,True,BTCUSDT
2023-05-02 00:00:00+00:00,28669.86,1440,0,True,BTCUSDT
2023-05-03 00:00:00+00:00,29026.16,1440,0,True,BTCUSDT
2023-05-04 00:00:00+00:00,28838.16,1440,0,True,BTCUSDT
2023-05-05 00:00:00+00:00,29505.61,1440,0,True,BTCUSDT
2023-05-06 00:00:00+00:00,28848.2,1440,0,True,BTCUSDT
2023-05-07 00:00:00+00:00,28430.1,1440,0,True,BTCUSDT
2023-05-08 00:00:00+00:00,27668.79,1440,0,True,BTCUSDT
2023-05-09 00:00:00+00:00,27628.27,1440,0,True,BTCUSDT
2023-05-10 00:00:00+00:00,27598.75,1440,0,True,BTCUSDT
2023-05-11 00:00:00+00:00,26968.62,1440,0,True,BTCUSDT
2023-05-12 00:00:00+00:00,26795.01,1440,0,True,BTCUSDT
2023-05-13 00:00:00+00:00,26775.28,1440,0,True,BTCUSDT
2023-05-14 00:00:00+00:00,26917.62,1440,0,True,BTCUSDT
2023-05-15 00:00:00+00:00,27162.14,1440,0,True,BTCUSDT
2023-05-16 00:00:00+00:00,27033.84,1440,0,True,BTCUSDT
2023-05-17 00:00:00+00:00,27405.61,1440,0,True,BTCUSDT
2023-05-18 00:00:00+00:00,26821.28,1440,0,True,BTCUSDT
2023-05-19 00:00:00+00:00,26880.26,1440,0,True,BTCUSDT
2023-05-20 00:00:00+00:00,27102.43,1440,0,True,BTCUSDT
2023-05-21 00:00:00+00:00,26747.78,1440,0,True,BTCUSDT
2023-05-22 00:00:00+00:00,26849.27,1440,0,True,BTCUSDT
2023-05-23 00:00:00+00:00,27219.61,1440,0,True,BTCUSDT
2023-05-24 00:00:00+00:00,26329.01,1440,0,True,BTCUSDT
2023-05-25 00:00:00+00:00,26473.79,1440,0,True,BTCUSDT
2023-05-26 00:00:00+00:00,26705.92,1440,0,True,BTCUSDT
2023-05-27 00:00:00+00:00,26854.27,1440,0,True,BTCUSDT
2023-05-28 00:00:00+00:00,28065.0,1440,0,True,BTCUSDT
2023-05-29 00:00:00+00:00,27736.4,1440,0,True,BTCUSDT
2023-05-30 00:00:00+00:00,27694.4,1440,0,True,BTCUSDT
2023-05-31 00:00:00+00:00,27210.35,1440,0,True,BTCUSDT
2023-06-01 00:00:00+00:00,26817.93,1440,0,True,BTCUSDT
2023-06-02 00:00:00+00:00,27242.59,1440,0,True,BTCUSDT
2023-06-03 00:00:00+00:00,27069.22,1440,0,True,BTCUSDT
2023-06-04 00:00:00+00:00,27115.21,1440,0,True,BTCUSDT
2023-06-05 00:00:00+00:00,25728.2,1440,0,True,BTCUSDT
2023-06-06 00:00:00+00:00,27230.08,1440,0,True,BTCUSDT
2023-06-07 00:00:00+00:00,26339.34,1440,0,True,BTCUSDT
2023-06-08 00:00:00+00:00,26498.61,1440,0,True,BTCUSDT
2023-06-09 00:00:00+00:00,26477.81,1440,0,True,BTCUSDT
2023-06-10 00:00:00+00:00,25841.21,1440,0,True,BTCUSDT
2023-06-11 00:00:00+00:00,25925.55,1440,0,True,BTCUSDT
2023-06-12 00:00:00+00:00,25905.19,1440,0,True,BTCUSDT
2023-06-13 00:00:00+00:00,25934.25,1440,0,True,BTCUSDT
2023-06-14 00:00:00+00:00,25128.6,1440,0,True,BTCUSDT
2023-06-15 00:00:00+00:00,25598.49,1440,0,True,BTCUSDT
2023-06-16 00:00:00+00:00,26345.0,1440,0,True,BTCUSDT
2023-06-17 00:00:00+00:00,26516.99,1440,0,True,BTCUSDT
2023-06-18 00:00:00+00:00,26339.97,1440,0,True,BTCUSDT
2023-06-19 00:00:00+00:00,26844.35,1440,0,True,BTCUSDT
2023-06-20 00:00:00+00:00,28307.99,1440,0,True,BTCUSDT
2023-06-21 00:00:00+00:00,29993.89,1440,0,True,BTCUSDT
2023-06-22 00:00:00+00:00,29884.92,1440,0,True,BTCUSDT
2023-06-23 00:00:00+00:00,30688.5,1440,0,True,BTCUSDT
2023-06-24 00:00:00+00:00,30527.43,1440,0,True,BTCUSDT
2023-06-25 00:00:00+00:00,30462.66,1440,0,True,BTCUSDT
2023-06-26 00:00:00+00:00,30267.99,1440,0,True,BTCUSDT
2023-06-27 00:00:00+00:00,30692.44,1440,0,True,BTCUSDT
2023-06-28 00:00:00+00:00,30077.41,1440,0,True,BTCUSDT
2023-06-29 00:00:00+00:00,30447.31,1440,0,True,BTCUSDT
2023-06-30 00:00:00+00:00,30472.0,1440,0,True,BTCUSDT
2023-07-01 00:00:00+00:00,30585.9,1440,0,True,BTCUSDT
2023-07-02 00:00:00+00:00,30617.03,1440,0,True,BTCUSDT
2023-07-03 00:00:00+00:00,31156.2,1440,0,True,BTCUSDT
2023-07-04 00:00:00+00:00,30766.51,1440,0,True,BTCUSDT
2023-07-05 00:00:00+00:00,30504.81,1440,0,True,BTCUSDT
2023-07-06 00:00:00+00:00,29895.43,1440,0,True,BTCUSDT
2023-07-07 00:00:00+00:00,30344.7,1440,0,True,BTCUSDT
2023-07-08 00:00:00+00:00,30284.63,1440,0,True,BTCUSDT
2023-07-09 00:00:00+00:00,30160.71,1440,0,True,BTCUSDT
2023-07-10 00:00:00+00:00,30411.57,1440,0,True,BTCUSDT
2023-07-11 00:00:00+00:00,30622.1,1440,0,True,BTCUSDT
2023-07-12 00:00:00+00:00,30380.0,1440,0,True,BTCUSDT
2023-07-13 00:00:00+00:00,31454.23,1440,0,True,BTCUSDT
2023-07-14 00:00:00+00:00,30312.01,1440,0,True,BTCUSDT
2023-07-15 00:00:00+00:00,30289.52,1440,0,True,BTCUSDT
2023-07-16 00:00:00+00:00,30231.99,1440,0,True,BTCUSDT
2023-07-17 00:00:00+00:00,30138.0,1440,0,True,BTCUSDT
2023-07-18 00:00:00+00:00,29859.13,1440,0,True,BTCUSDT
2023-07-19 00:00:00+00:00,29909.21,1440,0,True,BTCUSDT
2023-07-20 00:00:00+00:00,29800.0,1440,0,True,BTCUSDT
2023-07-21 00:00:00+00:00,29901.72,1440,0,True,BTCUSDT
2023-07-22 00:00:00+00:00,29794.0,1440,0,True,BTCUSDT
2023-07-23 00:00:00+00:00,30083.75,1440,0,True,BTCUSDT
2023-07-24 00:00:00+00:00,29176.5,1440,0,True,BTCUSDT
2023-07-25 00:00:00+00:00,29228.91,1440,0,True,BTCUSDT
2023-07-26 00:00:00+00:00,29351.96,1440,0,True,BTCUSDT
2023-07-27 00:00:00+00:00,29222.78,1440,0,True,BTCUSDT
2023-07-28 00:00:00+00:00,29314.14,1440,0,True,BTCUSDT
2023-07-29 00:00:00+00:00,29352.9,1440,0,True,BTCUSDT
2023-07-30 00:00:00+00:00,29281.09,1440,0,True,BTCUSDT
2023-07-31 00:00:00+00:00,29232.25,1440,0,True,BTCUSDT
2023-08-01 00:00:00+00:00,29705.99,1440,0,True,BTCUSDT
2023-08-02 00:00:00+00:00,29186.01,1440,0,True,BTCUSDT
2023-08-03 00:00:00+00:00,29193.64,1440,0,True,BTCUSDT
2023-08-04 00:00:00+00:00,29113.99,1440,0,True,BTCUSDT
2023-08-05 00:00:00+00:00,29072.13,1440,0,True,BTCUSDT
2023-08-06 00:00:00+00:00,29088.42,1440,0,True,BTCUSDT
2023-08-07 00:00:00+00:00,29211.06,1440,0,True,BTCUSDT
2023-08-08 00:00:00+00:00,29770.42,1440,0,True,BTCUSDT
2023-08-09 00:00:00+00:00,29581.99,1440,0,True,BTCUSDT
2023-08-10 00:00:00+00:00,29455.75,1440,0,True,BTCUSDT
2023-08-11 00:00:00+00:00,29426.03,1440,0,True,BTCUSDT
2023-08-12 00:00:00+00:00,29430.17,1440,0,True,BTCUSDT
2023-08-13 00:00:00+00:00,29303.84,1440,0,True,BTCUSDT
2023-08-14 00:00:00+00:00,29430.93,1440,0,True,BTCUSDT
2023-08-15 00:00:00+00:00,29200.0,1440,0,True,BTCUSDT
2023-08-16 00:00:00+00:00,28730.51,1440,0,True,BTCUSDT
2023-08-17 00:00:00+00:00,26623.41,1440,0,True,BTCUSDT
2023-08-18 00:00:00+00:00,26054.0,1440,0,True,BTCUSDT
2023-08-19 00:00:00+00:00,26100.01,1440,0,True,BTCUSDT
2023-08-20 00:00:00+00:00,26189.99,1440,0,True,BTCUSDT
2023-08-21 00:00:00+00:00,26126.92,1440,0,True,BTCUSDT
2023-08-22 00:00:00+00:00,26056.0,1440,0,True,BTCUSDT
2023-08-23 00:00:00+00:00,26432.72,1440,0,True,BTCUSDT
2023-08-24 00:00:00+00:00,26180.05,1440,0,True,BTCUSDT
2023-08-25 00:00:00+00:00,26060.01,1440,0,True,BTCUSDT
2023-08-26 00:00:00+00:00,26017.37,1440,0,True,BTCUSDT
2023-08-27 00:00:00+00:00,26101.77,1440,0,True,BTCUSDT
2023-08-28 00:00:00+00:00,26120.0,1440,0,True,BTCUSDT
2023-08-29 00:00:00+00:00,27716.34,1440,0,True,BTCUSDT
2023-08-30 00:00:00+00:00,27299.99,1440,0,True,BTCUSDT
2023-08-31 00:00:00+00:00,25940.78,1440,0,True,BTCUSDT
2023-09-01 00:00:00+00:00,25805.05,1440,0,True,BTCUSDT
2023-09-02 00:00:00+00:00,25869.51,1440,0,True,BTCUSDT
2023-09-03 00:00:00+00:00,25971.21,1440,0,True,BTCUSDT
2023-09-04 00:00:00+00:00,25826.02,1440,0,True,BTCUSDT
2023-09-05 00:00:00+00:00,25792.1,1440,0,True,BTCUSDT
2023-09-06 00:00:00+00:00,25759.95,1440,0,True,BTCUSDT
2023-09-07 00:00:00+00:00,26255.0,1440,0,True,BTCUSDT
2023-09-08 00:00:00+00:00,25910.5,1440,0,True,BTCUSDT
2023-09-09 00:00:00+00:00,25901.61,1440,0,True,BTCUSDT
2023-09-10 00:00:00+00:00,25841.61,1440,0,True,BTCUSDT
2023-09-11 00:00:00+00:00,25162.52,1440,0,True,BTCUSDT
2023-09-12 00:00:00+00:00,25840.1,1440,0,True,BTCUSDT
2023-09-13 00:00:00+00:00,26222.0,1440,0,True,BTCUSDT
2023-09-14 00:00:00+00:00,26522.73,1440,0,True,BTCUSDT
2023-09-15 00:00:00+00:00,26600.0,1440,0,True,BTCUSDT
2023-09-16 00:00:00+00:00,26559.67,1440,0,True,BTCUSDT
2023-09-17 00:00:00+00:00,26527.51,1440,0,True,BTCUSDT
2023-09-18 00:00:00+00:00,26762.51,1440,0,True,BTCUSDT
2023-09-19 00:00:00+00:00,27210.26,1440,0,True,BTCUSDT
2023-09-20 00:00:00+00:00,27125.0,1440,0,True,BTCUSDT
2023-09-21 00:00:00+00:00,26568.08,1440,0,True,BTCUSDT
2023-09-22 00:00:00+00:00,26580.14,1440,0,True,BTCUSDT
2023-09-23 00:00:00+00:00,26575.96,1440,0,True,BTCUSDT
2023-09-24 00:00:00+00:00,26248.38,1440,0,True,BTCUSDT
2023-09-25 00:00:00+00:00,26304.81,1440,0,True,BTCUSDT
2023-09-26 00:00:00+00:00,26221.67,1440,0,True,BTCUSDT
2023-09-27 00:00:00+00:00,26372.99,1440,0,True,BTCUSDT
2023-09-28 00:00:00+00:00,27021.39,1440,0,True,BTCUSDT
2023-09-29 00:00:00+00:00,26906.96,1440,0,True,BTCUSDT
2023-09-30 00:00:00+00:00,26962.56,1440,0,True,BTCUSDT
2023-10-01 00:00:00+00:00,27992.57,1440,0,True,BTCUSDT
2023-10-02 00:00:00+00:00,27494.51,1440,0,True,BTCUSDT
2023-10-03 00:00:00+00:00,27426.46,1440,0,True,BTCUSDT
2023-10-04 00:00:00+00:00,27778.57,1440,0,True,BTCUSDT
2023-10-05 00:00:00+00:00,27410.39,1440,0,True,BTCUSDT
2023-10-06 00:00:00+00:00,27931.09,1440,0,True,BTCUSDT
2023-10-07 00:00:00+00:00,27956.67,1440,0,True,BTCUSDT
2023-10-08 00:00:00+00:00,27917.05,1440,0,True,BTCUSDT
2023-10-09 00:00:00+00:00,27590.12,1440,0,True,BTCUSDT
2023-10-10 00:00:00+00:00,27390.12,1440,0,True,BTCUSDT
2023-10-11 00:00:00+00:00,26875.52,1440,0,True,BTCUSDT
2023-10-12 00:00:00+00:00,26759.63,1440,0,True,BTCUSDT
2023-10-13 00:00:00+00:00,26862.0,1440,0,True,BTCUSDT
2023-10-14 00:00:00+00:00,26852.48,1440,0,True,BTCUSDT
2023-10-15 00:00:00+00:00,27154.15,1440,0,True,BTCUSDT
2023-10-16 00:00:00+00:00,28500.78,1440,0,True,BTCUSDT
2023-10-17 00:00:00+00:00,28395.91,1440,0,True,BTCUSDT
2023-10-18 00:00:00+00:00,28320.0,1440,0,True,BTCUSDT
2023-10-19 00:00:00+00:00,28713.71,1440,0,True,BTCUSDT
2023-10-20 00:00:00+00:00,29669.04,1440,0,True,BTCUSDT
2023-10-21 00:00:00+00:00,29909.8,1440,0,True,BTCUSDT
2023-10-22 00:00:00+00:00,29992.46,1440,0,True,BTCUSDT
2023-10-23 00:00:00+00:00,33069.99,1440,0,True,BTCUSDT
2023-10-24 00:00:00+00:00,33922.73,1440,0,True,BTCUSDT
2023-10-25 00:00:00+00:00,34496.05,1440,0,True,BTCUSDT
2023-10-26 00:00:00+00:00,34151.66,1440,0,True,BTCUSDT
2023-10-27 00:00:00+00:00,33892.02,1440,0,True,BTCUSDT
2023-10-28 00:00:00+00:00,34081.0,1440,0,True,BTCUSDT
2023-10-29 00:00:00+00:00,34525.89,1440,0,True,BTCUSDT
2023-10-30 00:00:00+00:00,34474.73,1440,0,True,BTCUSDT
2023-10-31 00:00:00+00:00,34639.77,1440,0,True,BTCUSDT
2023-11-01 00:00:00+00:00,35421.43,1440,0,True,BTCUSDT
2023-11-02 00:00:00+00:00,34941.59,1440,0,True,BTCUSDT
2023-11-03 00:00:00+00:00,34716.78,1440,0,True,BTCUSDT
2023-11-04 00:00:00+00:00,35062.07,1440,0,True,BTCUSDT
2023-11-05 00:00:00+00:00,35011.88,1440,0,True,BTCUSDT
2023-11-06 00:00:00+00:00,35046.09,1440,0,True,BTCUSDT
2023-11-07 00:00:00+00:00,35399.12,1440,0,True,BTCUSDT
2023-11-08 00:00:00+00:00,35624.72,1440,0,True,BTCUSDT
2023-11-09 00:00:00+00:00,36701.09,1440,0,True,BTCUSDT
2023-11-10 00:00:00+00:00,37301.63,1440,0,True,BTCUSDT
2023-11-11 00:00:00+00:00,37130.0,1440,0,True,BTCUSDT
2023-11-12 00:00:00+00:00,37064.13,1440,0,True,BTCUSDT
2023-11-13 00:00:00+00:00,36462.93,1440,0,True,BTCUSDT
2023-11-14 00:00:00+00:00,35551.19,1440,0,True,BTCUSDT
2023-11-15 00:00:00+00:00,37858.2,1440,0,True,BTCUSDT
2023-11-16 00:00:00+00:00,36163.51,1440,0,True,BTCUSDT
2023-11-17 00:00:00+00:00,36613.92,1440,0,True,BTCUSDT
2023-11-18 00:00:00+00:00,36568.1,1440,0,True,BTCUSDT
2023-11-19 00:00:00+00:00,37359.86,1440,0,True,BTCUSDT
2023-11-20 00:00:00+00:00,37448.78,1440,0,True,BTCUSDT
2023-11-21 00:00:00+00:00,35741.65,1440,0,True,BTCUSDT
2023-11-22 00:00:00+00:00,37408.34,1440,0,True,BTCUSDT
2023-11-23 00:00:00+00:00,37294.28,1440,0,True,BTCUSDT
2023-11-24 00:00:00+00:00,37713.57,1440,0,True,BTCUSDT
2023-11-25 00:00:00+00:00,37780.67,1440,0,True,BTCUSDT
2023-11-26 00:00:00+00:00,37447.43,1440,0,True,BTCUSDT
2023-11-27 00:00:00+00:00,37242.7,1440,0,True,BTCUSDT
2023-11-28 00:00:00+00:00,37818.87,1440,0,True,BTCUSDT
2023-11-29 00:00:00+00:00,37854.64,1440,0,True,BTCUSDT
2023-11-30 00:00:00+00:00,37723.96,1440,0,True,BTCUSDT
2023-12-01 00:00:00+00:00,38682.52,1440,0,True,BTCUSDT
2023-12-02 00:00:00+00:00,39450.35,1440,0,True,BTCUSDT
2023-12-03 00:00:00+00:00,39972.26,1440,0,True,BTCUSDT
2023-12-04 00:00:00+00:00,41991.1,1440,0,True,BTCUSDT
2023-12-05 00:00:00+00:00,44073.32,1440,0,True,BTCUSDT
2023-12-06 00:00:00+00:00,43762.69,1440,0,True,BTCUSDT
2023-12-07 00:00:00+00:00,43273.14,1440,0,True,BTCUSDT
2023-12-08 00:00:00+00:00,44170.99,1440,0,True,BTCUSDT
2023-12-09 00:00:00+00:00,43713.6,1440,0,True,BTCUSDT
2023-12-10 00:00:00+00:00,43789.51,1440,0,True,BTCUSDT
2023-12-11 00:00:00+00:00,41253.4,1440,0,True,BTCUSDT
2023-12-12 00:00:00+00:00,41492.39,1440,0,True,BTCUSDT
2023-12-13 00:00:00+00:00,42869.03,1440,0,True,BTCUSDT
2023-12-14 00:00:00+00:00,43022.26,1440,0,True,BTCUSDT
2023-12-15 00:00:00+00:00,41940.3,1440,0,True,BTCUSDT
2023-12-16 00:00:00+00:00,42278.03,1440,0,True,BTCUSDT
2023-12-17 00:00:00+00:00,41374.65,1440,0,True,BTCUSDT
2023-12-18 00:00:00+00:00,42657.8,1440,0,True,BTCUSDT
2023-12-19 00:00:00+00:00,42275.99,1440,0,True,BTCUSDT
2023-12-20 00:00:00+00:00,43668.93,1440,0,True,BTCUSDT
2023-12-21 00:00:00+00:00,43861.8,1440,0,True,BTCUSDT
2023-12-22 00:00:00+00:00,43969.04,1440,0,True,BTCUSDT
2023-12-23 00:00:00+00:00,43702.16,1440,0,True,BTCUSDT
2023-12-24 00:00:00+00:00,42991.5,1440,0,True,BTCUSDT
2023-12-25 00:00:00+00:00,43576.13,1440,0,True,BTCUSDT
2023-12-26 00:00:00+00:00,42508.93,1440,0,True,BTCUSDT
2023-12-27 00:00:00+00:00,43428.85,1440,0,True,BTCUSDT
2023-12-28 00:00:00+00:00,42563.76,1440,0,True,BTCUSDT
2023-12-29 00:00:00+00:00,42066.95,1440,0,True,BTCUSDT
2023-12-30 00:00:00+00:00,42140.28,1440,0,True,BTCUSDT
2023-12-31 00:00:00+00:00,42283.58,1440,0,True,BTCUSDT
2024-01-01 00:00:00+00:00,44179.55,1440,0,True,BTCUSDT
2024-01-02 00:00:00+00:00,44946.91,1440,0,True,BTCUSDT
2024-01-03 00:00:00+00:00,42845.23,1440,0,True,BTCUSDT
2024-01-04 00:00:00+00:00,44151.1,1440,0,True,BTCUSDT
2024-01-05 00:00:00+00:00,44145.11,1440,0,True,BTCUSDT
2024-01-06 00:00:00+00:00,43968.32,1440,0,True,BTCUSDT
2024-01-07 00:00:00+00:00,43929.02,1440,0,True,BTCUSDT
2024-01-08 00:00:00+00:00,46951.04,1440,0,True,BTCUSDT
2024-01-09 00:00:00+00:00,46110.0,1440,0,True,BTCUSDT
2024-01-10 00:00:00+00:00,46653.99,1440,0,True,BTCUSDT
2024-01-11 00:00:00+00:00,46339.16,1440,0,True,BTCUSDT
2024-01-12 00:00:00+00:00,42782.73,1440,0,True,BTCUSDT
2024-01-13 00:00:00+00:00,42847.99,1440,0,True,BTCUSDT
2024-01-14 00:00:00+00:00,41732.35,1440,0,True,BTCUSDT
2024-01-15 00:00:00+00:00,42511.1,1440,0,True,BTCUSDT
2024-01-16 00:00:00+00:00,43137.95,1440,0,True,BTCUSDT
2024-01-17 00:00:00+00:00,42776.1,1440,0,True,BTCUSDT
2024-01-18 00:00:00+00:00,41327.5,1440,0,True,BTCUSDT
2024-01-19 00:00:00+00:00,41659.03,1440,0,True,BTCUSDT
2024-01-20 00:00:00+00:00,41696.04,1440,0,True,BTCUSDT
2024-01-21 00:00:00+00:00,41580.33,1440,0,True,BTCUSDT
2024-01-22 00:00:00+00:00,39568.02,1440,0,True,BTCUSDT
2024-01-23 00:00:00+00:00,39897.6,1440,0,True,BTCUSDT
2024-01-24 00:00:00+00:00,40084.88,1440,0,True,BTCUSDT
2024-01-25 00:00:00+00:00,39961.09,1440,0,True,BTCUSDT
2024-01-26 00:00:00+00:00,41823.51,1440,0,True,BTCUSDT
2024-01-27 00:00:00+00:00,42120.63,1440,0,True,BTCUSDT
2024-01-28 00:00:00+00:00,42031.06,1440,0,True,BTCUSDT
2024-01-29 00:00:00+00:00,43302.7,1440,0,True,BTCUSDT
2024-01-30 00:00:00+00:00,42941.1,1440,0,True,BTCUSDT
2024-01-31 00:00:00+00:00,42580.0,1440,0,True,BTCUSDT
2024-02-01 00:00:00+00:00,43082.94,1440,0,True,BTCUSDT
2024-02-02 00:00:00+00:00,43200.0,1440,0,True,BTCUSDT
2024-02-03 00:00:00+00:00,43011.09,1440,0,True,BTCUSDT
2024-02-04 00:00:00+00:00,42582.88,1440,0,True,BTCUSDT
2024-02-05 00:00:00+00:00,42708.7,1440,0,True,BTCUSDT
2024-02-06 00:00:00+00:00,43098.95,1440,0,True,BTCUSDT
2024-02-07 00:00:00+00:00,44349.6,1440,0,True,BTCUSDT
2024-02-08 00:00:00+00:00,45288.65,1440,0,True,BTCUSDT
2024-02-09 00:00:00+00:00,47132.77,1440,0,True,BTCUSDT
2024-02-10 00:00:00+00:00,47751.09,1440,0,True,BTCUSDT
2024-02-11 00:00:00+00:00,48299.99,1440,0,True,BTCUSDT
2024-02-12 00:00:00+00:00,49917.27,1440,0,True,BTCUSDT
2024-02-13 00:00:00+00:00,49699.59,1440,0,True,BTCUSDT
2024-02-14 00:00:00+00:00,51795.17,1440,0,True,BTCUSDT
2024-02-15 00:00:00+00:00,51880.0,1440,0,True,BTCUSDT
2024-02-16 00:00:00+00:00,52124.11,1440,0,True,BTCUSDT
2024-02-17 00:00:00+00:00,51642.64,1440,0,True,BTCUSDT
2024-02-18 00:00:00+00:00,52137.67,1440,0,True,BTCUSDT
2024-02-19 00:00:00+00:00,51774.73,1440,0,True,BTCUSDT
2024-02-20 00:00:00+00:00,52258.82,1440,0,True,BTCUSDT
2024-02-21 00:00:00+00:00,51849.39,1440,0,True,BTCUSDT
2024-02-22 00:00:00+00:00,51288.42,1440,0,True,BTCUSDT
2024-02-23 00:00:00+00:00,50744.15,1440,0,True,BTCUSDT
2024-02-24 00:00:00+00:00,51568.22,1440,0,True,BTCUSDT
2024-02-25 00:00:00+00:00,51728.85,1440,0,True,BTCUSDT
2024-02-26 00:00:00+00:00,54476.47,1440,0,True,BTCUSDT
2024-02-27 00:00:00+00:00,57037.34,1440,0,True,BTCUSDT
2024-02-28 00:00:00+00:00,62432.1,1440,0,True,BTCUSDT
2024-02-29 00:00:00+00:00,61130.98,1440,0,True,BTCUSDT
2024-03-01 00:00:00+00:00,62387.9,1440,0,True,BTCUSDT
2024-03-02 00:00:00+00:00,61987.28,1440,0,True,BTCUSDT
2024-03-03 00:00:00+00:00,63113.97,1440,0,True,BTCUSDT
2024-03-04 00:00:00+00:00,68245.71,1440,0,True,BTCUSDT
2024-03-05 00:00:00+00:00,63724.01,1440,0,True,BTCUSDT
2024-03-06 00:00:00+00:00,66074.04,1440,0,True,BTCUSDT
2024-03-07 00:00:00+00:00,66823.17,1440,0,True,BTCUSDT
2024-03-08 00:00:00+00:00,68124.19,1440,0,True,BTCUSDT
2024-03-09 00:00:00+00:00,68313.27,1440,0,True,BTCUSDT
2024-03-10 00:00:00+00:00,68955.88,1440,0,True,BTCUSDT
2024-03-11 00:00:00+00:00,72078.1,1440,0,True,BTCUSDT
2024-03-12 00:00:00+00:00,71452.01,1440,0,True,BTCUSDT
2024-03-13 00:00:00+00:00,73072.41,1440,0,True,BTCUSDT
2024-03-14 00:00:00+00:00,71388.94,1440,0,True,BTCUSDT
2024-03-15 00:00:00+00:00,69499.85,1440,0,True,BTCUSDT
2024-03-16 00:00:00+00:00,65300.63,1440,0,True,BTCUSDT
2024-03-17 00:00:00+00:00,68393.48,1440,0,True,BTCUSDT
2024-03-18 00:00:00+00:00,67609.99,1440,0,True,BTCUSDT
2024-03-19 00:00:00+00:00,61937.4,1440,0,True,BTCUSDT
2024-03-20 00:00:00+00:00,67840.51,1440,0,True,BTCUSDT
2024-03-21 00:00:00+00:00,65501.27,1440,0,True,BTCUSDT
2024-03-22 00:00:00+00:00,63796.64,1440,0,True,BTCUSDT
2024-03-23 00:00:00+00:00,63990.01,1440,0,True,BTCUSDT
2024-03-24 00:00:00+00:00,67209.99,1440,0,True,BTCUSDT
2024-03-25 00:00:00+00:00,69880.01,1440,0,True,BTCUSDT
2024-03-26 00:00:00+00:00,69988.0,1440,0,True,BTCUSDT
2024-03-27 00:00:00+00:00,69469.99,1440,0,True,BTCUSDT
2024-03-28 00:00:00+00:00,70780.6,1440,0,True,BTCUSDT
2024-03-29 00:00:00+00:00,69850.54,1440,0,True,BTCUSDT
2024-03-30 00:00:00+00:00,69582.18,1440,0,True,BTCUSDT
2024-03-31 00:00:00+00:00,71280.01,1440,0,True,BTCUSDT
2024-04-01 00:00:00+00:00,69649.8,1440,0,True,BTCUSDT
2024-04-02 00:00:00+00:00,65463.99,1440,0,True,BTCUSDT
2024-04-03 00:00:00+00:00,65963.28,1440,0,True,BTCUSDT
2024-04-04 00:00:00+00:00,68487.79,1440,0,True,BTCUSDT
2024-04-05 00:00:00+00:00,67820.62,1440,0,True,BTCUSDT
2024-04-06 00:00:00+00:00,68896.0,1440,0,True,BTCUSDT
2024-04-07 00:00:00+00:00,69360.39,1440,0,True,BTCUSDT
2024-04-08 00:00:00+00:00,71620.0,1440,0,True,BTCUSDT
2024-04-09 00:00:00+00:00,69146.0,1440,0,True,BTCUSDT
2024-04-10 00:00:00+00:00,70631.08,1440,0,True,BTCUSDT
2024-04-11 00:00:00+00:00,70006.23,1440,0,True,BTCUSDT
2024-04-12 00:00:00+00:00,67116.52,1440,0,True,BTCUSDT
2024-04-13 00:00:00+00:00,63924.51,1440,0,True,BTCUSDT
2024-04-14 00:00:00+00:00,65661.84,1440,0,True,BTCUSDT
2024-04-15 00:00:00+00:00,63419.99,1440,0,True,BTCUSDT
2024-04-16 00:00:00+00:00,63793.39,1440,0,True,BTCUSDT
2024-04-17 00:00:00+00:00,61277.37,1440,0,True,BTCUSDT
2024-04-18 00:00:00+00:00,63470.08,1440,0,True,BTCUSDT
2024-04-19 00:00:00+00:00,63818.01,1440,0,True,BTCUSDT
2024-04-20 00:00:00+00:00,64940.59,1440,0,True,BTCUSDT
2024-04-21 00:00:00+00:00,64941.15,1440,0,True,BTCUSDT
2024-04-22 00:00:00+00:00,66819.32,1440,0,True,BTCUSDT
2024-04-23 00:00:00+00:00,66414.0,1440,0,True,BTCUSDT
2024-04-24 00:00:00+00:00,64289.59,1440,0,True,BTCUSDT
2024-04-25 00:00:00+00:00,64498.34,1440,0,True,BTCUSDT
2024-04-26 00:00:00+00:00,63770.01,1440,0,True,BTCUSDT
2024-04-27 00:00:00+00:00,63461.98,1440,0,True,BTCUSDT
2024-04-28 00:00:00+00:00,63118.62,1440,0,True,BTCUSDT
2024-04-29 00:00:00+00:00,63866.0,1440,0,True,BTCUSDT
2024-04-30 00:00:00+00:00,60672.0,1440,0,True,BTCUSDT
2024-05-01 00:00:00+00:00,58364.97,1440,0,True,BTCUSDT
2024-05-02 00:00:00+00:00,59060.61,1440,0,True,BTCUSDT
2024-05-03 00:00:00+00:00,62882.01,1440,0,True,BTCUSDT
2024-05-04 00:00:00+00:00,63892.04,1440,0,True,BTCUSDT
2024-05-05 00:00:00+00:00,64012.0,1440,0,True,BTCUSDT
2024-05-06 00:00:00+00:00,63165.19,1440,0,True,BTCUSDT
2024-05-07 00:00:00+00:00,62312.08,1440,0,True,BTCUSDT
2024-05-08 00:00:00+00:00,61193.03,1440,0,True,BTCUSDT
2024-05-09 00:00:00+00:00,63074.01,1440,0,True,BTCUSDT
2024-05-10 00:00:00+00:00,60799.99,1440,0,True,BTCUSDT
2024-05-11 00:00:00+00:00,60825.99,1440,0,True,BTCUSDT
2024-05-12 00:00:00+00:00,61483.99,1440,0,True,BTCUSDT
2024-05-13 00:00:00+00:00,62940.08,1440,0,True,BTCUSDT
2024-05-14 00:00:00+00:00,61577.49,1440,0,True,BTCUSDT
2024-05-15 00:00:00+00:00,66206.5,1440,0,True,BTCUSDT
2024-05-16 00:00:00+00:00,65235.21,1440,0,True,BTCUSDT
2024-05-17 00:00:00+00:00,67024.0,1440,0,True,BTCUSDT
2024-05-18 00:00:00+00:00,66915.2,1440,0,True,BTCUSDT
2024-05-19 00:00:00+00:00,66274.01,1440,0,True,BTCUSDT
2024-05-20 00:00:00+00:00,71446.62,1440,0,True,BTCUSDT
2024-05-21 00:00:00+00:00,70148.34,1440,0,True,BTCUSDT
2024-05-22 00:00:00+00:00,69166.62,1440,0,True,BTCUSDT
2024-05-23 00:00:00+00:00,67969.65,1440,0,True,BTCUSDT
2024-05-24 00:00:00+00:00,68549.99,1440,0,True,BTCUSDT
2024-05-25 00:00:00+00:00,69290.57,1440,0,True,BTCUSDT
2024-05-26 00:00:00+00:00,68507.67,1440,0,True,BTCUSDT
2024-05-27 00:00:00+00:00,69436.43,1440,0,True,BTCUSDT
2024-05-28 00:00:00+00:00,68398.39,1440,0,True,BTCUSDT
2024-05-29 00:00:00+00:00,67652.42,1440,0,True,BTCUSDT
2024-05-30 00:00:00+00:00,68352.17,1440,0,True,BTCUSDT
2024-05-31 00:00:00+00:00,67540.01,1440,0,True,BTCUSDT
2024-06-01 00:00:00+00:00,67766.85,1440,0,True,BTCUSDT
2024-06-02 00:00:00+00:00,67765.63,1440,0,True,BTCUSDT
2024-06-03 00:00:00+00:00,68809.9,1440,0,True,BTCUSDT
2024-06-04 00:00:00+00:00,70537.84,1440,0,True,BTCUSDT
2024-06-05 00:00:00+00:00,71108.0,1440,0,True,BTCUSDT
2024-06-06 00:00:00+00:00,70799.06,1440,0,True,BTCUSDT
2024-06-07 00:00:00+00:00,69355.6,1440,0,True,BTCUSDT
2024-06-08 00:00:00+00:00,69310.46,1440,0,True,BTCUSDT
2024-06-09 00:00:00+00:00,69648.14,1440,0,True,BTCUSDT
2024-06-10 00:00:00+00:00,69540.0,1440,0,True,BTCUSDT
2024-06-11 00:00:00+00:00,67314.24,1440,0,True,BTCUSDT
2024-06-12 00:00:00+00:00,68263.99,1440,0,True,BTCUSDT
2024-06-13 00:00:00+00:00,66773.01,1440,0,True,BTCUSDT
2024-06-14 00:00:00+00:00,66043.99,1440,0,True,BTCUSDT
2024-06-15 00:00:00+00:00,66228.25,1440,0,True,BTCUSDT
2024-06-16 00:00:00+00:00,66676.87,1440,0,True,BTCUSDT
2024-06-17 00:00:00+00:00,66504.33,1440,0,True,BTCUSDT
2024-06-18 00:00:00+00:00,65175.32,1440,0,True,BTCUSDT
2024-06-19 00:00:00+00:00,64974.37,1440,0,True,BTCUSDT
2024-06-20 00:00:00+00:00,64869.99,1440,0,True,BTCUSDT
2024-06-21 00:00:00+00:00,64143.56,1440,0,True,BTCUSDT
2024-06-22 00:00:00+00:00,64262.01,1440,0,True,BTCUSDT
2024-06-23 00:00:00+00:00,63210.01,1440,0,True,BTCUSDT
2024-06-24 00:00:00+00:00,60293.3,1440,0,True,BTCUSDT
2024-06-25 00:00:00+00:00,61806.01,1440,0,True,BTCUSDT
2024-06-26 00:00:00+00:00,60864.99,1440,0,True,BTCUSDT
2024-06-27 00:00:00+00:00,61706.47,1440,0,True,BTCUSDT
2024-06-28 00:00:00+00:00,60427.84,1440,0,True,BTCUSDT
2024-06-29 00:00:00+00:00,60986.68,1440,0,True,BTCUSDT
2024-06-30 00:00:00+00:00,62772.01,1440,0,True,BTCUSDT
2024-07-01 00:00:00+00:00,62899.99,1440,0,True,BTCUSDT
2024-07-02 00:00:00+00:00,62135.47,1440,0,True,BTCUSDT
2024-07-03 00:00:00+00:00,60208.58,1440,0,True,BTCUSDT
2024-07-04 00:00:00+00:00,57050.01,1440,0,True,BTCUSDT
2024-07-05 00:00:00+00:00,56628.79,1440,0,True,BTCUSDT
2024-07-06 00:00:00+00:00,58230.13,1440,0,True,BTCUSDT
2024-07-07 00:00:00+00:00,55857.81,1440,0,True,BTCUSDT
2024-07-08 00:00:00+00:00,56714.62,1440,0,True,BTCUSDT
2024-07-09 00:00:00+00:00,58050.0,1440,0,True,BTCUSDT
2024-07-10 00:00:00+00:00,57725.85,1440,0,True,BTCUSDT
2024-07-11 00:00:00+00:00,57339.89,1440,0,True,BTCUSDT
2024-07-12 00:00:00+00:00,57889.1,1440,0,True,BTCUSDT
2024-07-13 00:00:00+00:00,59204.02,1440,0,True,BTCUSDT
2024-07-14 00:00:00+00:00,60797.91,1440,0,True,BTCUSDT
2024-07-15 00:00:00+00:00,64724.14,1440,0,True,BTCUSDT
2024-07-16 00:00:00+00:00,65043.99,1440,0,True,BTCUSDT
2024-07-17 00:00:00+00:00,64087.99,1440,0,True,BTCUSDT
2024-07-18 00:00:00+00:00,63987.92,1440,0,True,BTCUSDT
2024-07-19 00:00:00+00:00,66660.0,1440,0,True,BTCUSDT
2024-07-20 00:00:00+00:00,67139.96,1440,0,True,BTCUSDT
2024-07-21 00:00:00+00:00,68165.34,1440,0,True,BTCUSDT
2024-07-22 00:00:00+00:00,67532.01,1440,0,True,BTCUSDT
2024-07-23 00:00:00+00:00,65936.01,1440,0,True,BTCUSDT
2024-07-24 00:00:00+00:00,65376.0,1440,0,True,BTCUSDT
2024-07-25 00:00:00+00:00,65799.95,1440,0,True,BTCUSDT
2024-07-26 00:00:00+00:00,67907.99,1440,0,True,BTCUSDT
2024-07-27 00:00:00+00:00,67896.5,1440,0,True,BTCUSDT
2024-07-28 00:00:00+00:00,68249.88,1440,0,True,BTCUSDT
2024-07-29 00:00:00+00:00,66784.69,1440,0,True,BTCUSDT
2024-07-30 00:00:00+00:00,66188.0,1440,0,True,BTCUSDT
2024-07-31 00:00:00+00:00,64628.0,1440,0,True,BTCUSDT
2024-08-01 00:00:00+00:00,65354.02,1440,0,True,BTCUSDT
2024-08-02 00:00:00+00:00,61498.33,1440,0,True,BTCUSDT
2024-08-03 00:00:00+00:00,60697.99,1440,0,True,BTCUSDT
2024-08-04 00:00:00+00:00,58161.0,1440,0,True,BTCUSDT
2024-08-05 00:00:00+00:00,54018.81,1440,0,True,BTCUSDT
2024-08-06 00:00:00+00:00,56022.01,1440,0,True,BTCUSDT
2024-08-07 00:00:00+00:00,55134.16,1440,0,True,BTCUSDT
2024-08-08 00:00:00+00:00,61685.99,1440,0,True,BTCUSDT
2024-08-09 00:00:00+00:00,60837.99,1440,0,True,BTCUSDT
2024-08-10 00:00:00+00:00,60923.51,1440,0,True,BTCUSDT
2024-08-11 00:00:00+00:00,58712.59,1440,0,True,BTCUSDT
2024-08-12 00:00:00+00:00,59346.64,1440,0,True,BTCUSDT
2024-08-13 00:00:00+00:00,60587.15,1440,0,True,BTCUSDT
2024-08-14 00:00:00+00:00,58683.39,1440,0,True,BTCUSDT
2024-08-15 00:00:00+00:00,57541.06,1440,0,True,BTCUSDT
2024-08-16 00:00:00+00:00,58874.6,1440,0,True,BTCUSDT
2024-08-17 00:00:00+00:00,59491.99,1440,0,True,BTCUSDT
2024-08-18 00:00:00+00:00,58427.35,1440,0,True,BTCUSDT
2024-08-19 00:00:00+00:00,59438.5,1440,0,True,BTCUSDT
2024-08-20 00:00:00+00:00,59013.8,1440,0,True,BTCUSDT
2024-08-21 00:00:00+00:00,61156.03,1440,0,True,BTCUSDT
2024-08-22 00:00:00+00:00,60375.84,1440,0,True,BTCUSDT
2024-08-23 00:00:00+00:00,64037.24,1440,0,True,BTCUSDT
2024-08-24 00:00:00+00:00,64157.01,1440,0,True,BTCUSDT
2024-08-25 00:00:00+00:00,64220.0,1440,0,True,BTCUSDT
2024-08-26 00:00:00+00:00,62834.0,1440,0,True,BTCUSDT
2024-08-27 00:00:00+00:00,59415.0,1440,0,True,BTCUSDT
2024-08-28 00:00:00+00:00,59034.9,1440,0,True,BTCUSDT
2024-08-29 00:00:00+00:00,59359.01,1440,0,True,BTCUSDT
2024-08-30 00:00:00+00:00,59123.99,1440,0,True,BTCUSDT
2024-08-31 00:00:00+00:00,58973.99,1440,0,True,BTCUSDT
2024-09-01 00:00:00+00:00,57301.86,1440,0,True,BTCUSDT
2024-09-02 00:00:00+00:00,59132.13,1440,0,True,BTCUSDT
2024-09-03 00:00:00+00:00,57487.73,1440,0,True,BTCUSDT
2024-09-04 00:00:00+00:00,57970.9,1440,0,True,BTCUSDT
2024-09-05 00:00:00+00:00,56180.0,1440,0,True,BTCUSDT
2024-09-06 00:00:00+00:00,53962.97,1440,0,True,BTCUSDT
2024-09-07 00:00:00+00:00,54160.86,1440,0,True,BTCUSDT
2024-09-08 00:00:00+00:00,54869.95,1440,0,True,BTCUSDT
2024-09-09 00:00:00+00:00,57042.0,1440,0,True,BTCUSDT
2024-09-10 00:00:00+00:00,57635.99,1440,0,True,BTCUSDT
2024-09-11 00:00:00+00:00,57338.0,1440,0,True,BTCUSDT
2024-09-12 00:00:00+00:00,58132.32,1440,0,True,BTCUSDT
2024-09-13 00:00:00+00:00,60498.0,1440,0,True,BTCUSDT
2024-09-14 00:00:00+00:00,59993.03,1440,0,True,BTCUSDT
2024-09-15 00:00:00+00:00,59132.0,1440,0,True,BTCUSDT
2024-09-16 00:00:00+00:00,58213.99,1440,0,True,BTCUSDT
2024-09-17 00:00:00+00:00,60313.99,1440,0,True,BTCUSDT
2024-09-18 00:00:00+00:00,61759.99,1440,0,True,BTCUSDT
2024-09-19 00:00:00+00:00,62947.99,1440,0,True,BTCUSDT
2024-09-20 00:00:00+00:00,63201.05,1440,0,True,BTCUSDT
2024-09-21 00:00:00+00:00,63348.96,1440,0,True,BTCUSDT
2024-09-22 00:00:00+00:00,63578.76,1440,0,True,BTCUSDT
2024-09-23 00:00:00+00:00,63339.99,1440,0,True,BTCUSDT
2024-09-24 00:00:00+00:00,64262.7,1440,0,True,BTCUSDT
2024-09-25 00:00:00+00:00,63152.01,1440,0,True,BTCUSDT
2024-09-26 00:00:00+00:00,65173.99,1440,0,True,BTCUSDT
2024-09-27 00:00:00+00:00,65769.95,1440,0,True,BTCUSDT
2024-09-28 00:00:00+00:00,65858.0,1440,0,True,BTCUSDT
2024-09-29 00:00:00+00:00,65602.01,1440,0,True,BTCUSDT
2024-09-30 00:00:00+00:00,63327.59,1440,0,True,BTCUSDT
2024-10-01 00:00:00+00:00,60805.78,1440,0,True,BTCUSDT
2024-10-02 00:00:00+00:00,60649.28,1440,0,True,BTCUSDT
2024-10-03 00:00:00+00:00,60752.71,1440,0,True,BTCUSDT
2024-10-04 00:00:00+00:00,62086.0,1440,0,True,BTCUSDT
2024-10-05 00:00:00+00:00,62058.0,1440,0,True,BTCUSDT
2024-10-06 00:00:00+00:00,62819.91,1440,0,True,BTCUSDT
2024-10-07 00:00:00+00:00,62224.0,1440,0,True,BTCUSDT
2024-10-08 00:00:00+00:00,62160.49,1440,0,True,BTCUSDT
2024-10-09 00:00:00+00:00,60636.02,1440,0,True,BTCUSDT
2024-10-10 00:00:00+00:00,60326.39,1440,0,True,BTCUSDT
2024-10-11 00:00:00+00:00,62540.0,1440,0,True,BTCUSDT
2024-10-12 00:00:00+00:00,63206.22,1440,0,True,BTCUSDT
2024-10-13 00:00:00+00:00,62870.02,1440,0,True,BTCUSDT
2024-10-14 00:00:00+00:00,66083.99,1440,0,True,BTCUSDT
2024-10-15 00:00:00+00:00,67074.14,1440,0,True,BTCUSDT
2024-10-16 00:00:00+00:00,67620.01,1440,0,True,BTCUSDT
2024-10-17 00:00:00+00:00,67421.78,1440,0,True,BTCUSDT
2024-10-18 00:00:00+00:00,68428.0,1440,0,True,BTCUSDT
2024-10-19 00:00:00+00:00,68378.0,1440,0,True,BTCUSDT
2024-10-20 00:00:00+00:00,69031.99,1440,0,True,BTCUSDT
2024-10-21 00:00:00+00:00,67377.5,1440,0,True,BTCUSDT
2024-10-22 00:00:00+00:00,67426.0,1440,0,True,BTCUSDT
2024-10-23 00:00:00+00:00,66668.65,1440,0,True,BTCUSDT
2024-10-24 00:00:00+00:00,68198.28,1440,0,True,BTCUSDT
2024-10-25 00:00:00+00:00,66698.33,1440,0,True,BTCUSDT
2024-10-26 00:00:00+00:00,67092.76,1440,0,True,BTCUSDT
2024-10-27 00:00:00+00:00,68021.7,1440,0,True,BTCUSDT
2024-10-28 00:00:00+00:00,69962.21,1440,0,True,BTCUSDT
2024-10-29 00:00:00+00:00,72736.42,1440,0,True,BTCUSDT
2024-10-30 00:00:00+00:00,72344.74,1440,0,True,BTCUSDT
2024-10-31 00:00:00+00:00,70292.01,1440,0,True,BTCUSDT
2024-11-01 00:00:00+00:00,69496.01,1440,0,True,BTCUSDT
2024-11-02 00:00:00+00:00,69374.74,1440,0,True,BTCUSDT
2024-11-03 00:00:00+00:00,68775.99,1440,0,True,BTCUSDT
2024-11-04 00:00:00+00:00,67850.01,1440,0,True,BTCUSDT
2024-11-05 00:00:00+00:00,69372.01,1440,0,True,BTCUSDT
2024-11-06 00:00:00+00:00,75571.99,1440,0,True,BTCUSDT
2024-11-07 00:00:00+00:00,75857.89,1440,0,True,BTCUSDT
2024-11-08 00:00:00+00:00,76509.78,1440,0,True,BTCUSDT
2024-11-09 00:00:00+00:00,76677.46,1440,0,True,BTCUSDT
2024-11-10 00:00:00+00:00,80370.01,1440,0,True,BTCUSDT
2024-11-11 00:00:00+00:00,88647.99,1440,0,True,BTCUSDT
2024-11-12 00:00:00+00:00,87952.01,1440,0,True,BTCUSDT
2024-11-13 00:00:00+00:00,90375.2,1440,0,True,BTCUSDT
2024-11-14 00:00:00+00:00,87325.59,1440,0,True,BTCUSDT
2024-11-15 00:00:00+00:00,91032.07,1440,0,True,BTCUSDT
2024-11-16 00:00:00+00:00,90586.92,1440,0,True,BTCUSDT
2024-11-17 00:00:00+00:00,89855.99,1440,0,True,BTCUSDT
2024-11-18 00:00:00+00:00,90464.08,1440,0,True,BTCUSDT
2024-11-19 00:00:00+00:00,92310.79,1440,0,True,BTCUSDT
2024-11-20 00:00:00+00:00,94286.56,1440,0,True,BTCUSDT
2024-11-21 00:00:00+00:00,98317.12,1440,0,True,BTCUSDT
2024-11-22 00:00:00+00:00,98892.0,1440,0,True,BTCUSDT
2024-11-23 00:00:00+00:00,97672.4,1440,0,True,BTCUSDT
2024-11-24 00:00:00+00:00,97900.04,1440,0,True,BTCUSDT
2024-11-25 00:00:00+00:00,93010.01,1440,0,True,BTCUSDT
2024-11-26 00:00:00+00:00,91965.16,1440,0,True,BTCUSDT
2024-11-27 00:00:00+00:00,95863.11,1440,0,True,BTCUSDT
2024-11-28 00:00:00+00:00,95643.98,1440,0,True,BTCUSDT
2024-11-29 00:00:00+00:00,97460.0,1440,0,True,BTCUSDT
2024-11-30 00:00:00+00:00,96407.99,1440,0,True,BTCUSDT
2024-12-01 00:00:00+00:00,97185.18,1440,0,True,BTCUSDT
2024-12-02 00:00:00+00:00,95840.62,1440,0,True,BTCUSDT
2024-12-03 00:00:00+00:00,95849.69,1440,0,True,BTCUSDT
2024-12-04 00:00:00+00:00,98587.32,1440,0,True,BTCUSDT
2024-12-05 00:00:00+00:00,96945.63,1440,0,True,BTCUSDT
2024-12-06 00:00:00+00:00,99740.84,1440,0,True,BTCUSDT
2024-12-07 00:00:00+00:00,99831.99,1440,0,True,BTCUSDT
2024-12-08 00:00:00+00:00,101109.59,1440,0,True,BTCUSDT
2024-12-09 00:00:00+00:00,97276.47,1440,0,True,BTCUSDT
2024-12-10 00:00:00+00:00,96593.0,1440,0,True,BTCUSDT
2024-12-11 00:00:00+00:00,101125.0,1440,0,True,BTCUSDT
2024-12-12 00:00:00+00:00,100004.29,1440,0,True,BTCUSDT
2024-12-13 00:00:00+00:00,101424.25,1440,0,True,BTCUSDT
2024-12-14 00:00:00+00:00,101420.0,1440,0,True,BTCUSDT
2024-12-15 00:00:00+00:00,104463.99,1440,0,True,BTCUSDT
2024-12-16 00:00:00+00:00,106058.66,1440,0,True,BTCUSDT
2024-12-17 00:00:00+00:00,106133.74,1440,0,True,BTCUSDT
2024-12-18 00:00:00+00:00,100204.01,1440,0,True,BTCUSDT
2024-12-19 00:00:00+00:00,97461.86,1440,0,True,BTCUSDT
2024-12-20 00:00:00+00:00,97805.44,1440,0,True,BTCUSDT
2024-12-21 00:00:00+00:00,97291.99,1440,0,True,BTCUSDT
2024-12-22 00:00:00+00:00,95186.27,1440,0,True,BTCUSDT
2024-12-23 00:00:00+00:00,94881.47,1440,0,True,BTCUSDT
2024-12-24 00:00:00+00:00,98663.58,1440,0,True,BTCUSDT
2024-12-25 00:00:00+00:00,99429.6,1440,0,True,BTCUSDT
2024-12-26 00:00:00+00:00,95791.6,1440,0,True,BTCUSDT
2024-12-27 00:00:00+00:00,94299.03,1440,0,True,BTCUSDT
2024-12-28 00:00:00+00:00,95300.0,1440,0,True,BTCUSDT
2024-12-29 00:00:00+00:00,93738.2,1440,0,True,BTCUSDT
2024-12-30 00:00:00+00:00,92792.05,1440,0,True,BTCUSDT
2024-12-31 00:00:00+00:00,93576.0,1440,0,True,BTCUSDT
2025-01-01 00:00:00+00:00,94591.79,1440,0,True,BTCUSDT
2025-01-02 00:00:00+00:00,96984.79,1440,0,True,BTCUSDT
2025-01-03 00:00:00+00:00,98174.18,1440,0,True,BTCUSDT
2025-01-04 00:00:00+00:00,98220.5,1440,0,True,BTCUSDT
2025-01-05 00:00:00+00:00,98363.61,1440,0,True,BTCUSDT
2025-01-06 00:00:00+00:00,102235.6,1440,0,True,BTCUSDT
2025-01-07 00:00:00+00:00,96954.61,1440,0,True,BTCUSDT
2025-01-08 00:00:00+00:00,95060.61,1440,0,True,BTCUSDT
2025-01-09 00:00:00+00:00,92552.49,1440,0,True,BTCUSDT
2025-01-10 00:00:00+00:00,94726.11,1440,0,True,BTCUSDT
2025-01-11 00:00:00+00:00,94599.99,1440,0,True,BTCUSDT
2025-01-12 00:00:00+00:00,94545.06,1440,0,True,BTCUSDT
2025-01-13 00:00:00+00:00,94536.1,1440,0,True,BTCUSDT
2025-01-14 00:00:00+00:00,96560.86,1440,0,True,BTCUSDT
2025-01-15 00:00:00+00:00,100497.35,1440,0,True,BTCUSDT
2025-01-16 00:00:00+00:00,99987.3,1440,0,True,BTCUSDT
2025-01-17 00:00:00+00:00,104077.48,1440,0,True,BTCUSDT
2025-01-18 00:00:00+00:00,104556.23,1440,0,True,BTCUSDT
2025-01-19 00:00:00+00:00,101331.57,1440,0,True,BTCUSDT
2025-01-20 00:00:00+00:00,102260.01,1440,0,True,BTCUSDT
2025-01-21 00:00:00+00:00,106143.82,1440,0,True,BTCUSDT
2025-01-22 00:00:00+00:00,103706.66,1440,0,True,BTCUSDT
2025-01-23 00:00:00+00:00,103910.34,1440,0,True,BTCUSDT
2025-01-24 00:00:00+00:00,104870.5,1440,0,True,BTCUSDT
2025-01-25 00:00:00+00:00,104746.85,1440,0,True,BTCUSDT
2025-01-26 00:00:00+00:00,102620.0,1440,0,True,BTCUSDT
2025-01-27 00:00:00+00:00,102082.83,1440,0,True,BTCUSDT
2025-01-28 00:00:00+00:00,101335.52,1440,0,True,BTCUSDT
2025-01-29 00:00:00+00:00,103733.24,1440,0,True,BTCUSDT
2025-01-30 00:00:00+00:00,104722.94,1440,0,True,BTCUSDT
2025-01-31 00:00:00+00:00,102429.56,1440,0,True,BTCUSDT
2025-02-01 00:00:00+00:00,100635.65,1440,0,True,BTCUSDT
2025-02-02 00:00:00+00:00,97700.59,1440,0,True,BTCUSDT
2025-02-03 00:00:00+00:00,101328.52,1440,0,True,BTCUSDT
2025-02-04 00:00:00+00:00,97763.13,1440,0,True,BTCUSDT
2025-02-05 00:00:00+00:00,96612.43,1440,0,True,BTCUSDT
2025-02-06 00:00:00+00:00,96554.35,1440,0,True,BTCUSDT
2025-02-07 00:00:00+00:00,96506.8,1440,0,True,BTCUSDT
2025-02-08 00:00:00+00:00,96444.74,1440,0,True,BTCUSDT
2025-02-09 00:00:00+00:00,96462.75,1440,0,True,BTCUSDT
2025-02-10 00:00:00+00:00,97430.82,1440,0,True,BTCUSDT
2025-02-11 00:00:00+00:00,95778.2,1440,0,True,BTCUSDT
2025-02-12 00:00:00+00:00,97869.99,1440,0,True,BTCUSDT
2025-02-13 00:00:00+00:00,96608.14,1440,0,True,BTCUSDT
2025-02-14 00:00:00+00:00,97500.48,1440,0,True,BTCUSDT
2025-02-15 00:00:00+00:00,97569.66,1440,0,True,BTCUSDT
2025-02-16 00:00:00+00:00,96118.12,1440,0,True,BTCUSDT
2025-02-17 00:00:00+00:00,95780.0,1440,0,True,BTCUSDT
2025-02-18 00:00:00+00:00,95671.74,1440,0,True,BTCUSDT
2025-02-19 00:00:00+00:00,96644.37,1440,0,True,BTCUSDT
2025-02-20 00:00:00+00:00,98305.0,1440,0,True,BTCUSDT
2025-02-21 00:00:00+00:00,96181.98,1440,0,True,BTCUSDT
2025-02-22 00:00:00+00:00,96551.01,1440,0,True,BTCUSDT
2025-02-23 00:00:00+00:00,96258.0,1440,0,True,BTCUSDT
2025-02-24 00:00:00+00:00,91552.88,1440,0,True,BTCUSDT
2025-02-25 00:00:00+00:00,88680.4,1440,0,True,BTCUSDT
2025-02-26 00:00:00+00:00,84250.09,1440,0,True,BTCUSDT
2025-02-27 00:00:00+00:00,84708.58,1440,0,True,BTCUSDT
2025-02-28 00:00:00+00:00,84349.94,1440,0,True,BTCUSDT
2025-03-01 00:00:00+00:00,86064.53,1440,0,True,BTCUSDT
2025-03-02 00:00:00+00:00,94270.0,1440,0,True,BTCUSDT
2025-03-03 00:00:00+00:00,86220.61,1440,0,True,BTCUSDT
2025-03-04 00:00:00+00:00,87281.98,1440,0,True,BTCUSDT
2025-03-05 00:00:00+00:00,90606.01,1440,0,True,BTCUSDT
2025-03-06 00:00:00+00:00,89931.89,1440,0,True,BTCUSDT
2025-03-07 00:00:00+00:00,86801.75,1440,0,True,BTCUSDT
2025-03-08 00:00:00+00:00,86222.45,1440,0,True,BTCUSDT
2025-03-09 00:00:00+00:00,80734.37,1440,0,True,BTCUSDT
2025-03-10 00:00:00+00:00,78595.86,1440,0,True,BTCUSDT
2025-03-11 00:00:00+00:00,82932.99,1440,0,True,BTCUSDT
2025-03-12 00:00:00+00:00,83680.12,1440,0,True,BTCUSDT
2025-03-13 00:00:00+00:00,81115.78,1440,0,True,BTCUSDT
2025-03-14 00:00:00+00:00,83983.2,1440,0,True,BTCUSDT
2025-03-15 00:00:00+00:00,84338.44,1440,0,True,BTCUSDT
2025-03-16 00:00:00+00:00,82574.53,1440,0,True,BTCUSDT
2025-03-17 00:00:00+00:00,84010.03,1440,0,True,BTCUSDT
2025-03-18 00:00:00+00:00,82715.03,1440,0,True,BTCUSDT
2025-03-19 00:00:00+00:00,86845.94,1440,0,True,BTCUSDT
2025-03-20 00:00:00+00:00,84223.39,1440,0,True,BTCUSDT
2025-03-21 00:00:00+00:00,84088.79,1440,0,True,BTCUSDT
2025-03-22 00:00:00+00:00,83840.59,1440,0,True,BTCUSDT
2025-03-23 00:00:00+00:00,86082.5,1440,0,True,BTCUSDT
2025-03-24 00:00:00+00:00,87498.16,1440,0,True,BTCUSDT
2025-03-25 00:00:00+00:00,87392.87,1440,0,True,BTCUSDT
2025-03-26 00:00:00+00:00,86909.17,1440,0,True,BTCUSDT
2025-03-27 00:00:00+00:00,87232.01,1440,0,True,BTCUSDT
2025-03-28 00:00:00+00:00,84424.38,1440,0,True,BTCUSDT
2025-03-29 00:00:00+00:00,82648.54,1440,0,True,BTCUSDT
2025-03-30 00:00:00+00:00,82389.99,1440,0,True,BTCUSDT
2025-03-31 00:00:00+00:00,82550.01,1440,0,True,BTCUSDT
2025-04-01 00:00:00+00:00,85158.34,1440,0,True,BTCUSDT
2025-04-02 00:00:00+00:00,82516.29,1440,0,True,BTCUSDT
2025-04-03 00:00:00+00:00,83213.09,1440,0,True,BTCUSDT
2025-04-04 00:00:00+00:00,83889.87,1440,0,True,BTCUSDT
2025-04-05 00:00:00+00:00,83537.99,1440,0,True,BTCUSDT
2025-04-06 00:00:00+00:00,78430.0,1440,0,True,BTCUSDT
2025-04-07 00:00:00+00:00,79163.24,1440,0,True,BTCUSDT
2025-04-08 00:00:00+00:00,76322.42,1440,0,True,BTCUSDT
2025-04-09 00:00:00+00:00,82615.22,1440,0,True,BTCUSDT
2025-04-10 00:00:00+00:00,79607.3,1440,0,True,BTCUSDT
2025-04-11 00:00:00+00:00,83423.84,1440,0,True,BTCUSDT
2025-04-12 00:00:00+00:00,85276.9,1440,0,True,BTCUSDT
2025-04-13 00:00:00+00:00,83760.0,1440,0,True,BTCUSDT
2025-04-14 00:00:00+00:00,84591.58,1440,0,True,BTCUSDT
2025-04-15 00:00:00+00:00,83643.99,1440,0,True,BTCUSDT
2025-04-16 00:00:00+00:00,84030.38,1440,0,True,BTCUSDT
2025-04-17 00:00:00+00:00,84947.91,1440,0,True,BTCUSDT
2025-04-18 00:00:00+00:00,84474.69,1440,0,True,BTCUSDT
2025-04-19 00:00:00+00:00,85077.01,1440,0,True,BTCUSDT
2025-04-20 00:00:00+00:00,85179.24,1440,0,True,BTCUSDT
2025-04-21 00:00:00+00:00,87516.23,1440,0,True,BTCUSDT
2025-04-22 00:00:00+00:00,93442.99,1440,0,True,BTCUSDT
2025-04-23 00:00:00+00:00,93691.08,1440,0,True,BTCUSDT
2025-04-24 00:00:00+00:00,93980.47,1440,0,True,BTCUSDT
2025-04-25 00:00:00+00:00,94638.68,1440,0,True,BTCUSDT
2025-04-26 00:00:00+00:00,94628.0,1440,0,True,BTCUSDT
2025-04-27 00:00:00+00:00,93749.3,1440,0,True,BTCUSDT
2025-04-28 00:00:00+00:00,95011.18,1440,0,True,BTCUSDT
2025-04-29 00:00:00+00:00,94256.82,1440,0,True,BTCUSDT
2025-04-30 00:00:00+00:00,94172.0,1440,0,True,BTCUSDT
2025-05-01 00:00:00+00:00,96489.91,1440,0,True,BTCUSDT
2025-05-02 00:00:00+00:00,96887.14,1440,0,True,BTCUSDT
2025-05-03 00:00:00+00:00,95856.42,1440,0,True,BTCUSDT
2025-05-04 00:00:00+00:00,94277.62,1440,0,True,BTCUSDT
2025-05-05 00:00:00+00:00,94733.68,1440,0,True,BTCUSDT
2025-05-06 00:00:00+00:00,96834.02,1440,0,True,BTCUSDT
2025-05-07 00:00:00+00:00,97030.5,1440,0,True,BTCUSDT
2025-05-08 00:00:00+00:00,103261.6,1440,0,True,BTCUSDT
2025-05-09 00:00:00+00:00,102971.99,1440,0,True,BTCUSDT
2025-05-10 00:00:00+00:00,104809.53,1440,0,True,BTCUSDT
2025-05-11 00:00:00+00:00,104118.0,1440,0,True,BTCUSDT
2025-05-12 00:00:00+00:00,102791.32,1440,0,True,BTCUSDT
2025-05-13 00:00:00+00:00,104103.72,1440,0,True,BTCUSDT
2025-05-14 00:00:00+00:00,103507.82,1440,0,True,BTCUSDT
2025-05-15 00:00:00+00:00,103763.71,1440,0,True,BTCUSDT
2025-05-16 00:00:00+00:00,103463.9,1440,0,True,BTCUSDT
2025-05-17 00:00:00+00:00,103126.65,1440,0,True,BTCUSDT
2025-05-18 00:00:00+00:00,106454.26,1440,0,True,BTCUSDT
2025-05-19 00:00:00+00:00,105573.74,1440,0,True,BTCUSDT
2025-05-20 00:00:00+00:00,106849.99,1440,0,True,BTCUSDT
2025-05-21 00:00:00+00:00,109643.99,1440,0,True,BTCUSDT
2025-05-22 00:00:00+00:00,111696.21,1440,0,True,BTCUSDT
2025-05-23 00:00:00+00:00,107318.3,1440,0,True,BTCUSDT
2025-05-24 00:00:00+00:00,107761.91,1440,0,True,BTCUSDT
2025-05-25 00:00:00+00:00,109004.19,1440,0,True,BTCUSDT
2025-05-26 00:00:00+00:00,109434.79,1440,0,True,BTCUSDT
2025-05-27 00:00:00+00:00,108938.17,1440,0,True,BTCUSDT
2025-05-28 00:00:00+00:00,107781.78,1440,0,True,BTCUSDT
2025-05-29 00:00:00+00:00,105589.75,1440,0,True,BTCUSDT
2025-05-30 00:00:00+00:00,103985.48,1440,0,True,BTCUSDT
2025-05-31 00:00:00+00:00,104591.88,1440,0,True,BTCUSDT
2025-06-01 00:00:00+00:00,105642.93,1440,0,True,BTCUSDT
2025-06-02 00:00:00+00:00,105857.99,1440,0,True,BTCUSDT
2025-06-03 00:00:00+00:00,105376.89,1440,0,True,BTCUSDT
2025-06-04 00:00:00+00:00,104696.86,1440,0,True,BTCUSDT
2025-06-05 00:00:00+00:00,101508.68,1440,0,True,BTCUSDT
2025-06-06 00:00:00+00:00,104288.44,1440,0,True,BTCUSDT
2025-06-07 00:00:00+00:00,105552.15,1440,0,True,BTCUSDT
2025-06-08 00:00:00+00:00,105734.0,1440,0,True,BTCUSDT
2025-06-09 00:00:00+00:00,110263.02,1440,0,True,BTCUSDT
2025-06-10 00:00:00+00:00,110274.39,1440,0,True,BTCUSDT
2025-06-11 00:00:00+00:00,108645.12,1440,0,True,BTCUSDT
2025-06-12 00:00:00+00:00,105671.73,1440,0,True,BTCUSDT
2025-06-13 00:00:00+00:00,106066.59,1440,0,True,BTCUSDT
2025-06-14 00:00:00+00:00,105414.64,1440,0,True,BTCUSDT
2025-06-15 00:00:00+00:00,105594.01,1440,0,True,BTCUSDT
2025-06-16 00:00:00+00:00,106794.53,1440,0,True,BTCUSDT
2025-06-17 00:00:00+00:00,104551.17,1440,0,True,BTCUSDT
2025-06-18 00:00:00+00:00,104886.78,1440,0,True,BTCUSDT
2025-06-19 00:00:00+00:00,104658.59,1440,0,True,BTCUSDT
2025-06-20 00:00:00+00:00,103297.99,1440,0,True,BTCUSDT
2025-06-21 00:00:00+00:00,102120.01,1440,0,True,BTCUSDT
2025-06-22 00:00:00+00:00,100963.87,1440,0,True,BTCUSDT
2025-06-23 00:00:00+00:00,105333.93,1440,0,True,BTCUSDT
2025-06-24 00:00:00+00:00,106083.0,1440,0,True,BTCUSDT
2025-06-25 00:00:00+00:00,107340.58,1440,0,True,BTCUSDT
2025-06-26 00:00:00+00:00,106947.06,1440,0,True,BTCUSDT
2025-06-27 00:00:00+00:00,107047.59,1440,0,True,BTCUSDT
2025-06-28 00:00:00+00:00,107296.79,1440,0,True,BTCUSDT
2025-06-29 00:00:00+00:00,108356.93,1440,0,True,BTCUSDT
2025-06-30 00:00:00+00:00,107146.5,1440,0,True,BTCUSDT
2025-07-01 00:00:00+00:00,105681.14,1440,0,True,BTCUSDT
2025-07-02 00:00:00+00:00,108849.6,1440,0,True,BTCUSDT
2025-07-03 00:00:00+00:00,109584.78,1440,0,True,BTCUSDT
2025-07-04 00:00:00+00:00,107984.24,1440,0,True,BTCUSDT
2025-07-05 00:00:00+00:00,108198.12,1440,0,True,BTCUSDT
2025-07-06 00:00:00+00:00,109203.84,1440,0,True,BTCUSDT
2025-07-07 00:00:00+00:00,108262.94,1440,0,True,BTCUSDT
2025-07-08 00:00:00+00:00,108922.98,1440,0,True,BTCUSDT
2025-07-09 00:00:00+00:00,111233.99,1440,0,True,BTCUSDT
2025-07-10 00:00:00+00:00,116010.0,1440,0,True,BTCUSDT
2025-07-11 00:00:00+00:00,117527.66,1440,0,True,BTCUSDT
2025-07-12 00:00:00+00:00,117420.0,1440,0,True,BTCUSDT
2025-07-13 00:00:00+00:00,119086.64,1440,0,True,BTCUSDT
2025-07-14 00:00:00+00:00,119841.18,1440,0,True,BTCUSDT
2025-07-15 00:00:00+00:00,117758.09,1440,0,True,BTCUSDT
2025-07-16 00:00:00+00:00,118630.43,1440,0,True,BTCUSDT
2025-07-17 00:00:00+00:00,119177.56,1440,0,True,BTCUSDT
2025-07-18 00:00:00+00:00,117924.84,1440,0,True,BTCUSDT
2025-07-19 00:00:00+00:00,117840.0,1440,0,True,BTCUSDT
2025-07-20 00:00:00+00:00,117265.12,1440,0,True,BTCUSDT
2025-07-21 00:00:00+00:00,117380.36,1440,0,True,BTCUSDT
2025-07-22 00:00:00+00:00,119954.42,1440,0,True,BTCUSDT
2025-07-23 00:00:00+00:00,118755.99,1440,0,True,BTCUSDT
2025-07-24 00:00:00+00:00,118340.99,1440,0,True,BTCUSDT
2025-07-25 00:00:00+00:00,117614.31,1440,0,True,BTCUSDT
2025-07-26 00:00:00+00:00,117919.99,1440,0,True,BTCUSDT
2025-07-27 00:00:00+00:00,119415.55,1440,0,True,BTCUSDT
2025-07-28 00:00:00+00:00,118062.32,1440,0,True,BTCUSDT
2025-07-29 00:00:00+00:00,117950.76,1440,0,True,BTCUSDT
2025-07-30 00:00:00+00:00,117840.3,1440,0,True,BTCUSDT
2025-07-31 00:00:00+00:00,115764.08,1440,0,True,BTCUSDT
2025-08-01 00:00:00+00:00,113297.93,1440,0,True,BTCUSDT
2025-08-02 00:00:00+00:00,112546.35,1440,0,True,BTCUSDT
2025-08-03 00:00:00+00:00,114208.8,1440,0,True,BTCUSDT
2025-08-04 00:00:00+00:00,115055.03,1440,0,True,BTCUSDT
2025-08-05 00:00:00+00:00,114129.75,1440,0,True,BTCUSDT
2025-08-06 00:00:00+00:00,114992.27,1440,0,True,BTCUSDT
2025-08-07 00:00:00+00:00,117472.01,1440,0,True,BTCUSDT
2025-08-08 00:00:00+00:00,116674.74,1440,0,True,BTCUSDT
2025-08-09 00:00:00+00:00,116462.25,1440,0,True,BTCUSDT
2025-08-10 00:00:00+00:00,119294.01,1440,0,True,BTCUSDT
2025-08-11 00:00:00+00:00,118686.0,1440,0,True,BTCUSDT
2025-08-12 00:00:00+00:00,120134.08,1440,0,True,BTCUSDT
2025-08-13 00:00:00+00:00,123306.43,1440,0,True,BTCUSDT
2025-08-14 00:00:00+00:00,118295.09,1440,0,True,BTCUSDT
2025-08-15 00:00:00+00:00,117342.05,1440,0,True,BTCUSDT
2025-08-16 00:00:00+00:00,117380.66,1440,0,True,BTCUSDT
2025-08-17 00:00:00+00:00,117405.01,1440,0,True,BTCUSDT
2025-08-18 00:00:00+00:00,116227.05,1440,0,True,BTCUSDT
2025-08-19 00:00:00+00:00,112872.94,1440,0,True,BTCUSDT
2025-08-20 00:00:00+00:00,114271.24,1440,0,True,BTCUSDT
2025-08-21 00:00:00+00:00,112500.0,1440,0,True,BTCUSDT
2025-08-22 00:00:00+00:00,116935.99,1440,0,True,BTCUSDT
2025-08-23 00:00:00+00:00,115438.05,1440,0,True,BTCUSDT
2025-08-24 00:00:00+00:00,113493.59,1440,0,True,BTCUSDT
2025-08-25 00:00:00+00:00,110111.98,1440,0,True,BTCUSDT
2025-08-26 00:00:00+00:00,111763.22,1440,0,True,BTCUSDT
2025-08-27 00:00:00+00:00,111262.01,1440,0,True,BTCUSDT
2025-08-28 00:00:00+00:00,112566.9,1440,0,True,BTCUSDT
2025-08-29 00:00:00+00:00,108377.4,1440,0,True,BTCUSDT
2025-08-30 00:00:00+00:00,108816.33,1440,0,True,BTCUSDT
2025-08-31 00:00:00+00:00,108246.35,1440,0,True,BTCUSDT
2025-09-01 00:00:00+00:00,109237.42,1440,0,True,BTCUSDT
2025-09-02 00:00:00+00:00,111240.01,1440,0,True,BTCUSDT
2025-09-03 00:00:00+00:00,111705.71,1440,0,True,BTCUSDT
2025-09-04 00:00:00+00:00,110730.87,1440,0,True,BTCUSDT
2025-09-05 00:00:00+00:00,110659.99,1440,0,True,BTCUSDT
2025-09-06 00:00:00+00:00,110187.97,1440,0,True,BTCUSDT
2025-09-07 00:00:00+00:00,111137.34,1440,0,True,BTCUSDT
2025-09-08 00:00:00+00:00,112065.23,1440,0,True,BTCUSDT
2025-09-09 00:00:00+00:00,111546.39,1440,0,True,BTCUSDT
2025-09-10 00:00:00+00:00,113960.0,1440,0,True,BTCUSDT
2025-09-11 00:00:00+00:00,115482.69,1440,0,True,BTCUSDT
2025-09-12 00:00:00+00:00,116029.42,1440,0,True,BTCUSDT
2025-09-13 00:00:00+00:00,115918.29,1440,0,True,BTCUSDT
2025-09-14 00:00:00+00:00,115268.01,1440,0,True,BTCUSDT
2025-09-15 00:00:00+00:00,115349.71,1440,0,True,BTCUSDT
2025-09-16 00:00:00+00:00,116788.96,1440,0,True,BTCUSDT
2025-09-17 00:00:00+00:00,116447.59,1440,0,True,BTCUSDT
2025-09-18 00:00:00+00:00,117073.53,1440,0,True,BTCUSDT
2025-09-19 00:00:00+00:00,115632.38,1440,0,True,BTCUSDT
2025-09-20 00:00:00+00:00,115685.63,1440,0,True,BTCUSDT
2025-09-21 00:00:00+00:00,115232.29,1440,0,True,BTCUSDT
2025-09-22 00:00:00+00:00,112650.99,1440,0,True,BTCUSDT
2025-09-23 00:00:00+00:00,111998.8,1440,0,True,BTCUSDT
2025-09-24 00:00:00+00:00,113307.0,1440,0,True,BTCUSDT
2025-09-25 00:00:00+00:00,108994.49,1440,0,True,BTCUSDT
2025-09-26 00:00:00+00:00,109643.46,1440,0,True,BTCUSDT
2025-09-27 00:00:00+00:00,109635.85,1440,0,True,BTCUSDT
2025-09-28 00:00:00+00:00,112163.95,1440,0,True,BTCUSDT
2025-09-29 00:00:00+00:00,114311.96,1440,0,True,BTCUSDT
2025-09-30 00:00:00+00:00,114048.93,1440,0,True,BTCUSDT
2025-10-01 00:00:00+00:00,118594.99,1440,0,True,BTCUSDT
2025-10-02 00:00:00+00:00,120529.35,1440,0,True,BTCUSDT
2025-10-03 00:00:00+00:00,122232.0,1440,0,True,BTCUSDT
2025-10-04 00:00:00+00:00,122391.0,1440,0,True,BTCUSDT
2025-10-05 00:00:00+00:00,123482.31,1440,0,True,BTCUSDT
2025-10-06 00:00:00+00:00,124658.54,1440,0,True,BTCUSDT
2025-10-07 00:00:00+00:00,121332.95,1440,0,True,BTCUSDT
2025-10-08 00:00:00+00:00,123306.0,1440,0,True,BTCUSDT
2025-10-09 00:00:00+00:00,121662.4,1440,0,True,BTCUSDT
2025-10-10 00:00:00+00:00,112774.5,1440,0,True,BTCUSDT
2025-10-11 00:00:00+00:00,110644.4,1440,0,True,BTCUSDT
2025-10-12 00:00:00+00:00,114958.8,1440,0,True,BTCUSDT
2025-10-13 00:00:00+00:00,115166.0,1440,0,True,BTCUSDT
2025-10-14 00:00:00+00:00,113028.14,1440,0,True,BTCUSDT
2025-10-15 00:00:00+00:00,110763.28,1440,0,True,BTCUSDT
2025-10-16 00:00:00+00:00,108194.28,1440,0,True,BTCUSDT
2025-10-17 00:00:00+00:00,106431.68,1440,0,True,BTCUSDT
2025-10-18 00:00:00+00:00,107185.01,1440,0,True,BTCUSDT
2025-10-19 00:00:00+00:00,108642.78,1440,0,True,BTCUSDT
2025-10-20 00:00:00+00:00,110532.09,1440,0,True,BTCUSDT
2025-10-21 00:00:00+00:00,108297.67,1440,0,True,BTCUSDT
2025-10-22 00:00:00+00:00,107567.44,1440,0,True,BTCUSDT
2025-10-23 00:00:00+00:00,110078.18,1440,0,True,BTCUSDT
2025-10-24 00:00:00+00:00,111004.89,1440,0,True,BTCUSDT
2025-10-25 00:00:00+00:00,111646.27,1440,0,True,BTCUSDT
2025-10-26 00:00:00+00:00,114559.4,1440,0,True,BTCUSDT
2025-10-27 00:00:00+00:00,114107.65,1440,0,True,BTCUSDT
2025-10-28 00:00:00+00:00,112898.45,1440,0,True,BTCUSDT
2025-10-29 00:00:00+00:00,110021.29,1440,0,True,BTCUSDT
2025-10-30 00:00:00+00:00,108322.88,1440,0,True,BTCUSDT
2025-10-31 00:00:00+00:00,109608.01,1440,0,True,BTCUSDT
2025-11-01 00:00:00+00:00,110098.1,1440,0,True,BTCUSDT
2025-11-02 00:00:00+00:00,110540.68,1440,0,True,BTCUSDT
2025-11-03 00:00:00+00:00,106583.04,1440,0,True,BTCUSDT
2025-11-04 00:00:00+00:00,101497.22,1440,0,True,BTCUSDT
2025-11-05 00:00:00+00:00,103885.16,1440,0,True,BTCUSDT
2025-11-06 00:00:00+00:00,101346.04,1440,0,True,BTCUSDT
2025-11-07 00:00:00+00:00,103339.08,1440,0,True,BTCUSDT
2025-11-08 00:00:00+00:00,102312.94,1440,0,True,BTCUSDT
2025-11-09 00:00:00+00:00,104722.96,1440,0,True,BTCUSDT
2025-11-10 00:00:00+00:00,106011.13,1440,0,True,BTCUSDT
2025-11-11 00:00:00+00:00,103058.99,1440,0,True,BTCUSDT
2025-11-12 00:00:00+00:00,101654.37,1440,0,True,BTCUSDT
2025-11-13 00:00:00+00:00,99692.02,1440,0,True,BTCUSDT
2025-11-14 00:00:00+00:00,94594.0,1440,0,True,BTCUSDT
2025-11-15 00:00:00+00:00,95596.24,1440,0,True,BTCUSDT
2025-11-16 00:00:00+00:00,94261.44,1440,0,True,BTCUSDT
2025-11-17 00:00:00+00:00,92215.14,1440,0,True,BTCUSDT
2025-11-18 00:00:00+00:00,92960.83,1440,0,True,BTCUSDT
2025-11-19 00:00:00+00:00,91554.96,1440,0,True,BTCUSDT
2025-11-20 00:00:00+00:00,86637.23,1440,0,True,BTCUSDT
2025-11-21 00:00:00+00:00,85129.43,1440,0,True,BTCUSDT
2025-11-22 00:00:00+00:00,84739.74,1440,0,True,BTCUSDT
2025-11-23 00:00:00+00:00,86830.0,1440,0,True,BTCUSDT
2025-11-24 00:00:00+00:00,88300.01,1440,0,True,BTCUSDT
2025-11-25 00:00:00+00:00,87369.96,1440,0,True,BTCUSDT
2025-11-26 00:00:00+00:00,90484.02,1440,0,True,BTCUSDT
2025-11-27 00:00:00+00:00,91333.95,1440,0,True,BTCUSDT
2025-11-28 00:00:00+00:00,90890.7,1440,0,True,BTCUSDT
2025-11-29 00:00:00+00:00,90802.44,1440,0,True,BTCUSDT
2025-11-30 00:00:00+00:00,90360.0,1440,0,True,BTCUSDT
2025-12-01 00:00:00+00:00,86286.01,1440,0,True,BTCUSDT
2025-12-02 00:00:00+00:00,91277.88,1440,0,True,BTCUSDT
2025-12-03 00:00:00+00:00,93429.95,1440,0,True,BTCUSDT
2025-12-04 00:00:00+00:00,92078.06,1440,0,True,BTCUSDT
2025-12-05 00:00:00+00:00,89330.04,1440,0,True,BTCUSDT
2025-12-06 00:00:00+00:00,89236.79,1440,0,True,BTCUSDT
2025-12-07 00:00:00+00:00,90395.31,1440,0,True,BTCUSDT
2025-12-08 00:00:00+00:00,90634.34,1440,0,True,BTCUSDT
2025-12-09 00:00:00+00:00,92678.8,1440,0,True,BTCUSDT
2025-12-10 00:00:00+00:00,92015.37,1440,0,True,BTCUSDT
2025-12-11 00:00:00+00:00,92513.38,1440,0,True,BTCUSDT
2025-12-12 00:00:00+00:00,90268.42,1440,0,True,BTCUSDT
2025-12-13 00:00:00+00:00,90240.01,1440,0,True,BTCUSDT
2025-12-14 00:00:00+00:00,88172.17,1440,0,True,BTCUSDT
2025-12-15 00:00:00+00:00,86432.08,1440,0,True,BTCUSDT
2025-12-16 00:00:00+00:00,87863.42,1440,0,True,BTCUSDT
2025-12-17 00:00:00+00:00,86243.22,1440,0,True,BTCUSDT
2025-12-18 00:00:00+00:00,85516.41,1440,0,True,BTCUSDT
2025-12-19 00:00:00+00:00,88136.94,1440,0,True,BTCUSDT
2025-12-20 00:00:00+00:00,88360.9,1440,0,True,BTCUSDT
2025-12-21 00:00:00+00:00,88658.86,1440,0,True,BTCUSDT
2025-12-22 00:00:00+00:00,88620.79,1440,0,True,BTCUSDT
2025-12-23 00:00:00+00:00,87486.0,1440,0,True,BTCUSDT
2025-12-24 00:00:00+00:00,87669.45,1440,0,True,BTCUSDT
2025-12-25 00:00:00+00:00,87225.27,1440,0,True,BTCUSDT
2025-12-26 00:00:00+00:00,87369.56,1440,0,True,BTCUSDT
2025-12-27 00:00:00+00:00,87877.01,1440,0,True,BTCUSDT
2025-12-28 00:00:00+00:00,87952.71,1440,0,True,BTCUSDT
2025-12-29 00:00:00+00:00,87237.13,1440,0,True,BTCUSDT
2025-12-30 00:00:00+00:00,88485.49,1440,0,True,BTCUSDT
2025-12-31 00:00:00+00:00,87648.22,1440,0,True,BTCUSDT
2020-01-01 00:00:00+00:00,130.77,1440,0,True,ETHUSDT
2020-01-02 00:00:00+00:00,127.19,1440,0,True,ETHUSDT
2020-01-03 00:00:00+00:00,134.35,1440,0,True,ETHUSDT
2020-01-04 00:00:00+00:00,134.2,1440,0,True,ETHUSDT
2020-01-05 00:00:00+00:00,135.37,1440,0,True,ETHUSDT
2020-01-06 00:00:00+00:00,144.15,1440,0,True,ETHUSDT
2020-01-07 00:00:00+00:00,142.8,1440,0,True,ETHUSDT
2020-01-08 00:00:00+00:00,140.72,1440,0,True,ETHUSDT
2020-01-09 00:00:00+00:00,137.74,1440,0,True,ETHUSDT
2020-01-10 00:00:00+00:00,144.84,1440,0,True,ETHUSDT
2020-01-11 00:00:00+00:00,142.38,1440,0,True,ETHUSDT
2020-01-12 00:00:00+00:00,146.54,1440,0,True,ETHUSDT
2020-01-13 00:00:00+00:00,143.58,1440,0,True,ETHUSDT
2020-01-14 00:00:00+00:00,165.64,1440,0,True,ETHUSDT
2020-01-15 00:00:00+00:00,166.4,1440,0,True,ETHUSDT
2020-01-16 00:00:00+00:00,164.21,1440,0,True,ETHUSDT
2020-01-17 00:00:00+00:00,169.85,1440,0,True,ETHUSDT
2020-01-18 00:00:00+00:00,174.14,1440,0,True,ETHUSDT
2020-01-19 00:00:00+00:00,166.79,1440,0,True,ETHUSDT
2020-01-20 00:00:00+00:00,166.87,1440,0,True,ETHUSDT
2020-01-21 00:00:00+00:00,169.49,1440,0,True,ETHUSDT
2020-01-22 00:00:00+00:00,168.07,1440,0,True,ETHUSDT
2020-01-23 00:00:00+00:00,162.81,1440,0,True,ETHUSDT
2020-01-24 00:00:00+00:00,162.54,1440,0,True,ETHUSDT
2020-01-25 00:00:00+00:00,160.35,1440,0,True,ETHUSDT
2020-01-26 00:00:00+00:00,167.86,1440,0,True,ETHUSDT
2020-01-27 00:00:00+00:00,170.08,1440,0,True,ETHUSDT
2020-01-28 00:00:00+00:00,175.64,1440,0,True,ETHUSDT
2020-01-29 00:00:00+00:00,173.72,1440,0,True,ETHUSDT
2020-01-30 00:00:00+00:00,184.69,1440,0,True,ETHUSDT
2020-01-31 00:00:00+00:00,179.99,1440,0,True,ETHUSDT
2020-02-01 00:00:00+00:00,183.6,1440,0,True,ETHUSDT
2020-02-02 00:00:00+00:00,188.44,1440,0,True,ETHUSDT
2020-02-03 00:00:00+00:00,189.69,1440,0,True,ETHUSDT
2020-02-04 00:00:00+00:00,188.91,1440,0,True,ETHUSDT
2020-02-05 00:00:00+00:00,203.78,1440,0,True,ETHUSDT
2020-02-06 00:00:00+00:00,213.19,1440,0,True,ETHUSDT
2020-02-07 00:00:00+00:00,223.33,1440,0,True,ETHUSDT
2020-02-08 00:00:00+00:00,223.05,1440,0,True,ETHUSDT
2020-02-09 00:00:00+00:00,,1380,0,False,ETHUSDT
2020-02-10 00:00:00+00:00,222.89,1440,0,True,ETHUSDT
2020-02-11 00:00:00+00:00,236.69,1440,0,True,ETHUSDT
2020-02-12 00:00:00+00:00,265.74,1440,0,True,ETHUSDT
2020-02-13 00:00:00+00:00,268.32,1440,0,True,ETHUSDT
2020-02-14 00:00:00+00:00,285.15,1440,0,True,ETHUSDT
2020-02-15 00:00:00+00:00,264.88,1440,0,True,ETHUSDT
2020-02-16 00:00:00+00:00,258.85,1440,0,True,ETHUSDT
2020-02-17 00:00:00+00:00,267.85,1440,0,True,ETHUSDT
2020-02-18 00:00:00+00:00,282.61,1440,0,True,ETHUSDT
2020-02-19 00:00:00+00:00,,1086,1,False,ETHUSDT
2020-02-20 00:00:00+00:00,256.96,1440,0,True,ETHUSDT
2020-02-21 00:00:00+00:00,265.27,1440,0,True,ETHUSDT
2020-02-22 00:00:00+00:00,261.57,1440,0,True,ETHUSDT
2020-02-23 00:00:00+00:00,274.48,1440,0,True,ETHUSDT
2020-02-24 00:00:00+00:00,265.52,1440,0,True,ETHUSDT
2020-02-25 00:00:00+00:00,246.67,1440,0,True,ETHUSDT
2020-02-26 00:00:00+00:00,223.93,1440,0,True,ETHUSDT
2020-02-27 00:00:00+00:00,227.79,1440,0,True,ETHUSDT
2020-02-28 00:00:00+00:00,226.76,1440,0,True,ETHUSDT
2020-02-29 00:00:00+00:00,217.21,1440,0,True,ETHUSDT
2020-03-01 00:00:00+00:00,217.81,1440,0,True,ETHUSDT
2020-03-02 00:00:00+00:00,231.97,1440,0,True,ETHUSDT
2020-03-03 00:00:00+00:00,223.91,1440,0,True,ETHUSDT
2020-03-04 00:00:00+00:00,,1312,1,False,ETHUSDT
2020-03-05 00:00:00+00:00,228.38,1440,0,True,ETHUSDT
2020-03-06 00:00:00+00:00,244.88,1440,0,True,ETHUSDT
2020-03-07 00:00:00+00:00,237.23,1440,0,True,ETHUSDT
2020-03-08 00:00:00+00:00,199.43,1440,0,True,ETHUSDT
2020-03-09 00:00:00+00:00,202.81,1440,0,True,ETHUSDT
2020-03-10 00:00:00+00:00,200.7,1440,0,True,ETHUSDT
2020-03-11 00:00:00+00:00,194.61,1440,0,True,ETHUSDT
2020-03-12 00:00:00+00:00,107.82,1440,0,True,ETHUSDT
2020-03-13 00:00:00+00:00,134.06,1440,0,True,ETHUSDT
2020-03-14 00:00:00+00:00,122.54,1440,0,True,ETHUSDT
2020-03-15 00:00:00+00:00,123.78,1440,0,True,ETHUSDT
2020-03-16 00:00:00+00:00,111.02,1440,0,True,ETHUSDT
2020-03-17 00:00:00+00:00,115.67,1440,0,True,ETHUSDT
2020-03-18 00:00:00+00:00,118.11,1440,0,True,ETHUSDT
2020-03-19 00:00:00+00:00,136.3,1440,0,True,ETHUSDT
2020-03-20 00:00:00+00:00,133.48,1440,0,True,ETHUSDT
2020-03-21 00:00:00+00:00,132.66,1440,0,True,ETHUSDT
2020-03-22 00:00:00+00:00,122.32,1440,0,True,ETHUSDT
2020-03-23 00:00:00+00:00,135.92,1440,0,True,ETHUSDT
2020-03-24 00:00:00+00:00,138.42,1440,0,True,ETHUSDT
2020-03-25 00:00:00+00:00,136.1,1440,0,True,ETHUSDT
2020-03-26 00:00:00+00:00,138.4,1440,0,True,ETHUSDT
2020-03-27 00:00:00+00:00,131.33,1440,0,True,ETHUSDT
2020-03-28 00:00:00+00:00,130.98,1440,0,True,ETHUSDT
2020-03-29 00:00:00+00:00,124.5,1440,0,True,ETHUSDT
2020-03-30 00:00:00+00:00,132.06,1440,0,True,ETHUSDT
2020-03-31 00:00:00+00:00,132.72,1440,0,True,ETHUSDT
2020-04-01 00:00:00+00:00,135.69,1440,0,True,ETHUSDT
2020-04-02 00:00:00+00:00,141.28,1440,0,True,ETHUSDT
2020-04-03 00:00:00+00:00,141.31,1440,0,True,ETHUSDT
2020-04-04 00:00:00+00:00,144.1,1440,0,True,ETHUSDT
2020-04-05 00:00:00+00:00,142.68,1440,0,True,ETHUSDT
2020-04-06 00:00:00+00:00,171.32,1440,0,True,ETHUSDT
2020-04-07 00:00:00+00:00,164.63,1440,0,True,ETHUSDT
2020-04-08 00:00:00+00:00,173.11,1440,0,True,ETHUSDT
2020-04-09 00:00:00+00:00,169.52,1440,0,True,ETHUSDT
2020-04-10 00:00:00+00:00,157.81,1440,0,True,ETHUSDT
2020-04-11 00:00:00+00:00,158.33,1440,0,True,ETHUSDT
2020-04-12 00:00:00+00:00,158.59,1440,0,True,ETHUSDT
2020-04-13 00:00:00+00:00,156.29,1440,0,True,ETHUSDT
2020-04-14 00:00:00+00:00,158.45,1440,0,True,ETHUSDT
2020-04-15 00:00:00+00:00,152.73,1440,0,True,ETHUSDT
2020-04-16 00:00:00+00:00,172.29,1440,0,True,ETHUSDT
2020-04-17 00:00:00+00:00,170.69,1440,0,True,ETHUSDT
2020-04-18 00:00:00+00:00,187.4,1440,0,True,ETHUSDT
2020-04-19 00:00:00+00:00,180.03,1440,0,True,ETHUSDT
2020-04-20 00:00:00+00:00,170.2,1440,0,True,ETHUSDT
2020-04-21 00:00:00+00:00,170.74,1440,0,True,ETHUSDT
2020-04-22 00:00:00+00:00,182.7,1440,0,True,ETHUSDT
2020-04-23 00:00:00+00:00,185.51,1440,0,True,ETHUSDT
2020-04-24 00:00:00+00:00,187.59,1440,0,True,ETHUSDT
2020-04-25 00:00:00+00:00,,1290,0,False,ETHUSDT
2020-04-26 00:00:00+00:00,197.38,1440,0,True,ETHUSDT
2020-04-27 00:00:00+00:00,196.34,1440,0,True,ETHUSDT
2020-04-28 00:00:00+00:00,196.24,1440,0,True,ETHUSDT
2020-04-29 00:00:00+00:00,215.36,1440,0,True,ETHUSDT
2020-04-30 00:00:00+00:00,206.08,1440,0,True,ETHUSDT
2020-05-01 00:00:00+00:00,212.02,1440,0,True,ETHUSDT
2020-05-02 00:00:00+00:00,213.9,1440,0,True,ETHUSDT
2020-05-03 00:00:00+00:00,209.86,1440,0,True,ETHUSDT
2020-05-04 00:00:00+00:00,206.48,1440,0,True,ETHUSDT
2020-05-05 00:00:00+00:00,205.29,1440,0,True,ETHUSDT
2020-05-06 00:00:00+00:00,198.97,1440,0,True,ETHUSDT
2020-05-07 00:00:00+00:00,212.0,1440,0,True,ETHUSDT
2020-05-08 00:00:00+00:00,211.31,1440,0,True,ETHUSDT
2020-05-09 00:00:00+00:00,210.07,1440,0,True,ETHUSDT
2020-05-10 00:00:00+00:00,187.54,1440,0,True,ETHUSDT
2020-05-11 00:00:00+00:00,185.73,1440,0,True,ETHUSDT
2020-05-12 00:00:00+00:00,189.76,1440,0,True,ETHUSDT
2020-05-13 00:00:00+00:00,199.58,1440,0,True,ETHUSDT
2020-05-14 00:00:00+00:00,203.29,1440,0,True,ETHUSDT
2020-05-15 00:00:00+00:00,194.86,1440,0,True,ETHUSDT
2020-05-16 00:00:00+00:00,200.45,1440,0,True,ETHUSDT
2020-05-17 00:00:00+00:00,207.0,1440,0,True,ETHUSDT
2020-05-18 00:00:00+00:00,214.91,1440,0,True,ETHUSDT
2020-05-19 00:00:00+00:00,214.58,1440,0,True,ETHUSDT
2020-05-20 00:00:00+00:00,209.98,1440,0,True,ETHUSDT
2020-05-21 00:00:00+00:00,198.74,1440,0,True,ETHUSDT
2020-05-22 00:00:00+00:00,207.36,1440,0,True,ETHUSDT
2020-05-23 00:00:00+00:00,206.6,1440,0,True,ETHUSDT
2020-05-24 00:00:00+00:00,199.9,1440,0,True,ETHUSDT
2020-05-25 00:00:00+00:00,204.15,1440,0,True,ETHUSDT
2020-05-26 00:00:00+00:00,200.89,1440,0,True,ETHUSDT
2020-05-27 00:00:00+00:00,208.29,1440,0,True,ETHUSDT
2020-05-28 00:00:00+00:00,220.21,1440,0,True,ETHUSDT
2020-05-29 00:00:00+00:00,220.67,1440,0,True,ETHUSDT
2020-05-30 00:00:00+00:00,243.66,1440,0,True,ETHUSDT
2020-05-31 00:00:00+00:00,231.57,1440,0,True,ETHUSDT
2020-06-01 00:00:00+00:00,248.23,1440,0,True,ETHUSDT
2020-06-02 00:00:00+00:00,237.71,1440,0,True,ETHUSDT
2020-06-03 00:00:00+00:00,244.52,1440,0,True,ETHUSDT
2020-06-04 00:00:00+00:00,243.21,1440,0,True,ETHUSDT
2020-06-05 00:00:00+00:00,240.03,1440,0,True,ETHUSDT
2020-06-06 00:00:00+00:00,241.94,1440,0,True,ETHUSDT
2020-06-07 00:00:00+00:00,244.56,1440,0,True,ETHUSDT
2020-06-08 00:00:00+00:00,246.4,1440,0,True,ETHUSDT
2020-06-09 00:00:00+00:00,243.8,1440,0,True,ETHUSDT
2020-06-10 00:00:00+00:00,247.78,1440,0,True,ETHUSDT
2020-06-11 00:00:00+00:00,230.51,1440,0,True,ETHUSDT
2020-06-12 00:00:00+00:00,237.55,1440,0,True,ETHUSDT
2020-06-13 00:00:00+00:00,238.11,1440,0,True,ETHUSDT
2020-06-14 00:00:00+00:00,231.77,1440,0,True,ETHUSDT
2020-06-15 00:00:00+00:00,230.86,1440,0,True,ETHUSDT
2020-06-16 00:00:00+00:00,235.3,1440,0,True,ETHUSDT
2020-06-17 00:00:00+00:00,233.82,1440,0,True,ETHUSDT
2020-06-18 00:00:00+00:00,231.27,1440,0,True,ETHUSDT
2020-06-19 00:00:00+00:00,229.0,1440,0,True,ETHUSDT
2020-06-20 00:00:00+00:00,228.89,1440,0,True,ETHUSDT
2020-06-21 00:00:00+00:00,228.04,1440,0,True,ETHUSDT
2020-06-22 00:00:00+00:00,243.13,1440,0,True,ETHUSDT
2020-06-23 00:00:00+00:00,243.14,1440,0,True,ETHUSDT
2020-06-24 00:00:00+00:00,234.58,1440,0,True,ETHUSDT
2020-06-25 00:00:00+00:00,232.5,1440,0,True,ETHUSDT
2020-06-26 00:00:00+00:00,229.64,1440,0,True,ETHUSDT
2020-06-27 00:00:00+00:00,220.94,1440,0,True,ETHUSDT
2020-06-28 00:00:00+00:00,,1230,0,False,ETHUSDT
2020-06-29 00:00:00+00:00,227.93,1440,0,True,ETHUSDT
2020-06-30 00:00:00+00:00,225.6,1440,0,True,ETHUSDT
2020-07-01 00:00:00+00:00,230.99,1440,0,True,ETHUSDT
2020-07-02 00:00:00+00:00,226.46,1440,0,True,ETHUSDT
2020-07-03 00:00:00+00:00,224.87,1440,0,True,ETHUSDT
2020-07-04 00:00:00+00:00,229.17,1440,0,True,ETHUSDT
2020-07-05 00:00:00+00:00,227.56,1440,0,True,ETHUSDT
2020-07-06 00:00:00+00:00,241.6,1440,0,True,ETHUSDT
2020-07-07 00:00:00+00:00,239.39,1440,0,True,ETHUSDT
2020-07-08 00:00:00+00:00,246.95,1440,0,True,ETHUSDT
2020-07-09 00:00:00+00:00,241.98,1440,0,True,ETHUSDT
2020-07-10 00:00:00+00:00,241.26,1440,0,True,ETHUSDT
2020-07-11 00:00:00+00:00,239.19,1440,0,True,ETHUSDT
2020-07-12 00:00:00+00:00,242.79,1440,0,True,ETHUSDT
2020-07-13 00:00:00+00:00,239.5,1440,0,True,ETHUSDT
2020-07-14 00:00:00+00:00,240.44,1440,0,True,ETHUSDT
2020-07-15 00:00:00+00:00,238.61,1440,0,True,ETHUSDT
2020-07-16 00:00:00+00:00,233.57,1440,0,True,ETHUSDT
2020-07-17 00:00:00+00:00,232.67,1440,0,True,ETHUSDT
2020-07-18 00:00:00+00:00,235.67,1440,0,True,ETHUSDT
2020-07-19 00:00:00+00:00,239.11,1440,0,True,ETHUSDT
2020-07-20 00:00:00+00:00,236.01,1440,0,True,ETHUSDT
2020-07-21 00:00:00+00:00,245.59,1440,0,True,ETHUSDT
2020-07-22 00:00:00+00:00,263.74,1440,0,True,ETHUSDT
2020-07-23 00:00:00+00:00,275.3,1440,0,True,ETHUSDT
2020-07-24 00:00:00+00:00,279.15,1440,0,True,ETHUSDT
2020-07-25 00:00:00+00:00,305.26,1440,0,True,ETHUSDT
2020-07-26 00:00:00+00:00,311.0,1440,0,True,ETHUSDT
2020-07-27 00:00:00+00:00,321.93,1440,0,True,ETHUSDT
2020-07-28 00:00:00+00:00,316.77,1440,0,True,ETHUSDT
2020-07-29 00:00:00+00:00,317.71,1440,0,True,ETHUSDT
2020-07-30 00:00:00+00:00,334.87,1440,0,True,ETHUSDT
2020-07-31 00:00:00+00:00,346.33,1440,0,True,ETHUSDT
2020-08-01 00:00:00+00:00,387.0,1440,0,True,ETHUSDT
2020-08-02 00:00:00+00:00,372.42,1440,0,True,ETHUSDT
2020-08-03 00:00:00+00:00,385.94,1440,0,True,ETHUSDT
2020-08-04 00:00:00+00:00,389.61,1440,0,True,ETHUSDT
2020-08-05 00:00:00+00:00,400.72,1440,0,True,ETHUSDT
2020-08-06 00:00:00+00:00,394.77,1440,0,True,ETHUSDT
2020-08-07 00:00:00+00:00,379.34,1440,0,True,ETHUSDT
2020-08-08 00:00:00+00:00,397.03,1440,0,True,ETHUSDT
2020-08-09 00:00:00+00:00,390.14,1440,0,True,ETHUSDT
2020-08-10 00:00:00+00:00,395.44,1440,0,True,ETHUSDT
2020-08-11 00:00:00+00:00,379.0,1440,0,True,ETHUSDT
2020-08-12 00:00:00+00:00,387.18,1440,0,True,ETHUSDT
2020-08-13 00:00:00+00:00,424.54,1440,0,True,ETHUSDT
2020-08-14 00:00:00+00:00,438.11,1440,0,True,ETHUSDT
2020-08-15 00:00:00+00:00,432.32,1440,0,True,ETHUSDT
2020-08-16 00:00:00+00:00,433.62,1440,0,True,ETHUSDT
2020-08-17 00:00:00+00:00,430.89,1440,0,True,ETHUSDT
2020-08-18 00:00:00+00:00,421.95,1440,0,True,ETHUSDT
2020-08-19 00:00:00+00:00,407.46,1440,0,True,ETHUSDT
2020-08-20 00:00:00+00:00,415.94,1440,0,True,ETHUSDT
2020-08-21 00:00:00+00:00,387.97,1440,0,True,ETHUSDT
2020-08-22 00:00:00+00:00,395.24,1440,0,True,ETHUSDT
2020-08-23 00:00:00+00:00,390.71,1440,0,True,ETHUSDT
2020-08-24 00:00:00+00:00,407.68,1440,0,True,ETHUSDT
2020-08-25 00:00:00+00:00,382.93,1440,0,True,ETHUSDT
2020-08-26 00:00:00+00:00,385.81,1440,0,True,ETHUSDT
2020-08-27 00:00:00+00:00,383.27,1440,0,True,ETHUSDT
2020-08-28 00:00:00+00:00,395.11,1440,0,True,ETHUSDT
2020-08-29 00:00:00+00:00,398.65,1440,0,True,ETHUSDT
2020-08-30 00:00:00+00:00,428.94,1440,0,True,ETHUSDT
2020-08-31 00:00:00+00:00,433.79,1440,0,True,ETHUSDT
2020-09-01 00:00:00+00:00,475.4,1440,0,True,ETHUSDT
2020-09-02 00:00:00+00:00,439.5,1440,0,True,ETHUSDT
2020-09-03 00:00:00+00:00,381.4,1440,0,True,ETHUSDT
2020-09-04 00:00:00+00:00,385.26,1440,0,True,ETHUSDT
2020-09-05 00:00:00+00:00,335.01,1440,0,True,ETHUSDT
2020-09-06 00:00:00+00:00,352.8,1440,0,True,ETHUSDT
2020-09-07 00:00:00+00:00,353.59,1440,0,True,ETHUSDT
2020-09-08 00:00:00+00:00,337.39,1440,0,True,ETHUSDT
2020-09-09 00:00:00+00:00,350.85,1440,0,True,ETHUSDT
2020-09-10 00:00:00+00:00,367.93,1440,0,True,ETHUSDT
2020-09-11 00:00:00+00:00,373.63,1440,0,True,ETHUSDT
2020-09-12 00:00:00+00:00,387.78,1440,0,True,ETHUSDT
2020-09-13 00:00:00+00:00,366.42,1440,0,True,ETHUSDT
2020-09-14 00:00:00+00:00,377.12,1440,0,True,ETHUSDT
2020-09-15 00:00:00+00:00,364.06,1440,0,True,ETHUSDT
2020-09-16 00:00:00+00:00,365.11,1440,0,True,ETHUSDT
2020-09-17 00:00:00+00:00,389.36,1440,0,True,ETHUSDT
2020-09-18 00:00:00+00:00,384.39,1440,0,True,ETHUSDT
2020-09-19 00:00:00+00:00,385.25,1440,0,True,ETHUSDT
2020-09-20 00:00:00+00:00,371.04,1440,0,True,ETHUSDT
2020-09-21 00:00:00+00:00,340.36,1440,0,True,ETHUSDT
2020-09-22 00:00:00+00:00,344.21,1440,0,True,ETHUSDT
2020-09-23 00:00:00+00:00,320.72,1440,0,True,ETHUSDT
2020-09-24 00:00:00+00:00,348.97,1440,0,True,ETHUSDT
2020-09-25 00:00:00+00:00,351.92,1440,0,True,ETHUSDT
2020-09-26 00:00:00+00:00,353.92,1440,0,True,ETHUSDT
2020-09-27 00:00:00+00:00,357.49,1440,0,True,ETHUSDT
2020-09-28 00:00:00+00:00,353.96,1440,0,True,ETHUSDT
2020-09-29 00:00:00+00:00,359.79,1440,0,True,ETHUSDT
2020-09-30 00:00:00+00:00,359.83,1440,0,True,ETHUSDT
2020-10-01 00:00:00+00:00,352.85,1440,0,True,ETHUSDT
2020-10-02 00:00:00+00:00,345.6,1440,0,True,ETHUSDT
2020-10-03 00:00:00+00:00,345.95,1440,0,True,ETHUSDT
2020-10-04 00:00:00+00:00,352.37,1440,0,True,ETHUSDT
2020-10-05 00:00:00+00:00,353.62,1440,0,True,ETHUSDT
2020-10-06 00:00:00+00:00,340.75,1440,0,True,ETHUSDT
2020-10-07 00:00:00+00:00,341.58,1440,0,True,ETHUSDT
2020-10-08 00:00:00+00:00,350.95,1440,0,True,ETHUSDT
2020-10-09 00:00:00+00:00,365.02,1440,0,True,ETHUSDT
2020-10-10 00:00:00+00:00,370.52,1440,0,True,ETHUSDT
2020-10-11 00:00:00+00:00,374.16,1440,0,True,ETHUSDT
2020-10-12 00:00:00+00:00,386.51,1440,0,True,ETHUSDT
2020-10-13 00:00:00+00:00,381.04,1440,0,True,ETHUSDT
2020-10-14 00:00:00+00:00,378.69,1440,0,True,ETHUSDT
2020-10-15 00:00:00+00:00,377.64,1440,0,True,ETHUSDT
2020-10-16 00:00:00+00:00,365.5,1440,0,True,ETHUSDT
2020-10-17 00:00:00+00:00,368.32,1440,0,True,ETHUSDT
2020-10-18 00:00:00+00:00,378.11,1440,0,True,ETHUSDT
2020-10-19 00:00:00+00:00,379.3,1440,0,True,ETHUSDT
2020-10-20 00:00:00+00:00,368.52,1440,0,True,ETHUSDT
2020-10-21 00:00:00+00:00,390.38,1440,0,True,ETHUSDT
2020-10-22 00:00:00+00:00,413.98,1440,0,True,ETHUSDT
2020-10-23 00:00:00+00:00,409.11,1440,0,True,ETHUSDT
2020-10-24 00:00:00+00:00,412.14,1440,0,True,ETHUSDT
2020-10-25 00:00:00+00:00,405.86,1440,0,True,ETHUSDT
2020-10-26 00:00:00+00:00,392.52,1440,0,True,ETHUSDT
2020-10-27 00:00:00+00:00,403.45,1440,0,True,ETHUSDT
2020-10-28 00:00:00+00:00,388.23,1440,0,True,ETHUSDT
2020-10-29 00:00:00+00:00,387.13,1440,0,True,ETHUSDT
2020-10-30 00:00:00+00:00,382.49,1440,0,True,ETHUSDT
2020-10-31 00:00:00+00:00,386.46,1440,0,True,ETHUSDT
2020-11-01 00:00:00+00:00,396.67,1440,0,True,ETHUSDT
2020-11-02 00:00:00+00:00,383.02,1440,0,True,ETHUSDT
2020-11-03 00:00:00+00:00,387.88,1440,0,True,ETHUSDT
2020-11-04 00:00:00+00:00,402.49,1440,0,True,ETHUSDT
2020-11-05 00:00:00+00:00,416.69,1440,0,True,ETHUSDT
2020-11-06 00:00:00+00:00,455.91,1440,0,True,ETHUSDT
2020-11-07 00:00:00+00:00,435.21,1440,0,True,ETHUSDT
2020-11-08 00:00:00+00:00,454.3,1440,0,True,ETHUSDT
2020-11-09 00:00:00+00:00,444.32,1440,0,True,ETHUSDT
2020-11-10 00:00:00+00:00,450.34,1440,0,True,ETHUSDT
2020-11-11 00:00:00+00:00,463.09,1440,0,True,ETHUSDT
2020-11-12 00:00:00+00:00,462.39,1440,0,True,ETHUSDT
2020-11-13 00:00:00+00:00,476.43,1440,0,True,ETHUSDT
2020-11-14 00:00:00+00:00,460.89,1440,0,True,ETHUSDT
2020-11-15 00:00:00+00:00,448.08,1440,0,True,ETHUSDT
2020-11-16 00:00:00+00:00,460.55,1440,0,True,ETHUSDT
2020-11-17 00:00:00+00:00,482.15,1440,0,True,ETHUSDT
2020-11-18 00:00:00+00:00,478.41,1440,0,True,ETHUSDT
2020-11-19 00:00:00+00:00,471.25,1440,0,True,ETHUSDT
2020-11-20 00:00:00+00:00,510.12,1440,0,True,ETHUSDT
2020-11-21 00:00:00+00:00,552.35,1440,0,True,ETHUSDT
2020-11-22 00:00:00+00:00,560.03,1440,0,True,ETHUSDT
2020-11-23 00:00:00+00:00,608.58,1440,0,True,ETHUSDT
2020-11-24 00:00:00+00:00,604.97,1440,0,True,ETHUSDT
2020-11-25 00:00:00+00:00,569.5,1440,0,True,ETHUSDT
2020-11-26 00:00:00+00:00,519.83,1440,0,True,ETHUSDT
2020-11-27 00:00:00+00:00,518.68,1440,0,True,ETHUSDT
2020-11-28 00:00:00+00:00,537.52,1440,0,True,ETHUSDT
2020-11-29 00:00:00+00:00,576.3,1440,0,True,ETHUSDT
2020-11-30 00:00:00+00:00,,1380,0,False,ETHUSDT
2020-12-01 00:00:00+00:00,585.26,1440,0,True,ETHUSDT
2020-12-02 00:00:00+00:00,596.89,1440,0,True,ETHUSDT
2020-12-03 00:00:00+00:00,615.85,1440,0,True,ETHUSDT
2020-12-04 00:00:00+00:00,567.24,1440,0,True,ETHUSDT
2020-12-05 00:00:00+00:00,596.8,1440,0,True,ETHUSDT
2020-12-06 00:00:00+00:00,601.54,1440,0,True,ETHUSDT
2020-12-07 00:00:00+00:00,591.28,1440,0,True,ETHUSDT
2020-12-08 00:00:00+00:00,554.94,1440,0,True,ETHUSDT
2020-12-09 00:00:00+00:00,573.09,1440,0,True,ETHUSDT
2020-12-10 00:00:00+00:00,558.99,1440,0,True,ETHUSDT
2020-12-11 00:00:00+00:00,544.43,1440,0,True,ETHUSDT
2020-12-12 00:00:00+00:00,568.04,1440,0,True,ETHUSDT
2020-12-13 00:00:00+00:00,590.7,1440,0,True,ETHUSDT
2020-12-14 00:00:00+00:00,586.29,1440,0,True,ETHUSDT
2020-12-15 00:00:00+00:00,588.64,1440,0,True,ETHUSDT
2020-12-16 00:00:00+00:00,637.18,1440,0,True,ETHUSDT
2020-12-17 00:00:00+00:00,642.7,1440,0,True,ETHUSDT
2020-12-18 00:00:00+00:00,653.85,1440,0,True,ETHUSDT
2020-12-19 00:00:00+00:00,658.03,1440,0,True,ETHUSDT
2020-12-20 00:00:00+00:00,638.18,1440,0,True,ETHUSDT
2020-12-21 00:00:00+00:00,,1209,1,False,ETHUSDT
2020-12-22 00:00:00+00:00,636.45,1440,0,True,ETHUSDT
2020-12-23 00:00:00+00:00,585.56,1440,0,True,ETHUSDT
2020-12-24 00:00:00+00:00,612.31,1440,0,True,ETHUSDT
2020-12-25 00:00:00+00:00,,1380,0,False,ETHUSDT
2020-12-26 00:00:00+00:00,637.44,1440,0,True,ETHUSDT
2020-12-27 00:00:00+00:00,685.11,1440,0,True,ETHUSDT
2020-12-28 00:00:00+00:00,730.41,1440,0,True,ETHUSDT
2020-12-29 00:00:00+00:00,732.0,1440,0,True,ETHUSDT
2020-12-30 00:00:00+00:00,752.17,1440,0,True,ETHUSDT
2020-12-31 00:00:00+00:00,736.42,1440,0,True,ETHUSDT
2021-01-01 00:00:00+00:00,728.91,1440,0,True,ETHUSDT
2021-01-02 00:00:00+00:00,774.56,1440,0,True,ETHUSDT
2021-01-03 00:00:00+00:00,978.28,1440,0,True,ETHUSDT
2021-01-04 00:00:00+00:00,1041.43,1440,0,True,ETHUSDT
2021-01-05 00:00:00+00:00,1099.56,1440,0,True,ETHUSDT
2021-01-06 00:00:00+00:00,1208.42,1440,0,True,ETHUSDT
2021-01-07 00:00:00+00:00,1224.87,1440,0,True,ETHUSDT
2021-01-08 00:00:00+00:00,1216.93,1440,0,True,ETHUSDT
2021-01-09 00:00:00+00:00,1276.0,1440,0,True,ETHUSDT
2021-01-10 00:00:00+00:00,1254.25,1440,0,True,ETHUSDT
2021-01-11 00:00:00+00:00,1087.01,1440,0,True,ETHUSDT
2021-01-12 00:00:00+00:00,1050.16,1440,0,True,ETHUSDT
2021-01-13 00:00:00+00:00,1129.89,1440,0,True,ETHUSDT
2021-01-14 00:00:00+00:00,1231.62,1440,0,True,ETHUSDT
2021-01-15 00:00:00+00:00,1168.53,1440,0,True,ETHUSDT
2021-01-16 00:00:00+00:00,1227.83,1440,0,True,ETHUSDT
2021-01-17 00:00:00+00:00,1232.45,1440,0,True,ETHUSDT
2021-01-18 00:00:00+00:00,1258.45,1440,0,True,ETHUSDT
2021-01-19 00:00:00+00:00,1365.36,1440,0,True,ETHUSDT
2021-01-20 00:00:00+00:00,1376.99,1440,0,True,ETHUSDT
2021-01-21 00:00:00+00:00,1110.96,1440,0,True,ETHUSDT
2021-01-22 00:00:00+00:00,1232.62,1440,0,True,ETHUSDT
2021-01-23 00:00:00+00:00,1233.6,1440,0,True,ETHUSDT
2021-01-24 00:00:00+00:00,1392.51,1440,0,True,ETHUSDT
2021-01-25 00:00:00+00:00,1317.88,1440,0,True,ETHUSDT
2021-01-26 00:00:00+00:00,1365.97,1440,0,True,ETHUSDT
2021-01-27 00:00:00+00:00,1239.03,1440,0,True,ETHUSDT
2021-01-28 00:00:00+00:00,1329.69,1440,0,True,ETHUSDT
2021-01-29 00:00:00+00:00,1379.5,1440,0,True,ETHUSDT
2021-01-30 00:00:00+00:00,1378.05,1440,0,True,ETHUSDT
2021-01-31 00:00:00+00:00,1312.55,1440,0,True,ETHUSDT
2021-02-01 00:00:00+00:00,1374.17,1440,0,True,ETHUSDT
2021-02-02 00:00:00+00:00,1511.87,1440,0,True,ETHUSDT
2021-02-03 00:00:00+00:00,1664.49,1440,0,True,ETHUSDT
2021-02-04 00:00:00+00:00,1595.67,1440,0,True,ETHUSDT
2021-02-05 00:00:00+00:00,1719.19,1440,0,True,ETHUSDT
2021-02-06 00:00:00+00:00,1676.35,1440,0,True,ETHUSDT
2021-02-07 00:00:00+00:00,1611.62,1440,0,True,ETHUSDT
2021-02-08 00:00:00+00:00,1750.15,1440,0,True,ETHUSDT
2021-02-09 00:00:00+00:00,1769.13,1440,0,True,ETHUSDT
2021-02-10 00:00:00+00:00,1740.78,1440,0,True,ETHUSDT
2021-02-11 00:00:00+00:00,,1361,1,False,ETHUSDT
2021-02-12 00:00:00+00:00,1840.26,1440,0,True,ETHUSDT
2021-02-13 00:00:00+00:00,1814.96,1440,0,True,ETHUSDT
2021-02-14 00:00:00+00:00,1800.42,1440,0,True,ETHUSDT
2021-02-15 00:00:00+00:00,1779.25,1440,0,True,ETHUSDT
2021-02-16 00:00:00+00:00,1781.99,1440,0,True,ETHUSDT
2021-02-17 00:00:00+00:00,1849.88,1440,0,True,ETHUSDT
2021-02-18 00:00:00+00:00,1939.61,1440,0,True,ETHUSDT
2021-02-19 00:00:00+00:00,1955.0,1440,0,True,ETHUSDT
2021-02-20 00:00:00+00:00,1913.0,1440,0,True,ETHUSDT
2021-02-21 00:00:00+00:00,1933.53,1440,0,True,ETHUSDT
2021-02-22 00:00:00+00:00,1777.58,1440,0,True,ETHUSDT
2021-02-23 00:00:00+00:00,1577.89,1440,0,True,ETHUSDT
2021-02-24 00:00:00+00:00,1623.39,1440,0,True,ETHUSDT
2021-02-25 00:00:00+00:00,1481.75,1440,0,True,ETHUSDT
2021-02-26 00:00:00+00:00,1444.59,1440,0,True,ETHUSDT
2021-02-27 00:00:00+00:00,1458.13,1440,0,True,ETHUSDT
2021-02-28 00:00:00+00:00,1419.18,1440,0,True,ETHUSDT
2021-03-01 00:00:00+00:00,1569.86,1440,0,True,ETHUSDT
2021-03-02 00:00:00+00:00,1486.78,1440,0,True,ETHUSDT
2021-03-03 00:00:00+00:00,1567.69,1440,0,True,ETHUSDT
2021-03-04 00:00:00+00:00,1539.23,1440,0,True,ETHUSDT
2021-03-05 00:00:00+00:00,1528.31,1440,0,True,ETHUSDT
2021-03-06 00:00:00+00:00,,1350,0,False,ETHUSDT
2021-03-07 00:00:00+00:00,1726.16,1440,0,True,ETHUSDT
2021-03-08 00:00:00+00:00,1833.18,1440,0,True,ETHUSDT
2021-03-09 00:00:00+00:00,1870.51,1440,0,True,ETHUSDT
2021-03-10 00:00:00+00:00,1795.12,1440,0,True,ETHUSDT
2021-03-11 00:00:00+00:00,1825.78,1440,0,True,ETHUSDT
2021-03-12 00:00:00+00:00,1766.1,1440,0,True,ETHUSDT
2021-03-13 00:00:00+00:00,1922.35,1440,0,True,ETHUSDT
2021-03-14 00:00:00+00:00,1848.1,1440,0,True,ETHUSDT
2021-03-15 00:00:00+00:00,1793.48,1440,0,True,ETHUSDT
2021-03-16 00:00:00+00:00,1805.12,1440,0,True,ETHUSDT
2021-03-17 00:00:00+00:00,1823.58,1440,0,True,ETHUSDT
2021-03-18 00:00:00+00:00,1776.08,1440,0,True,ETHUSDT
2021-03-19 00:00:00+00:00,1809.1,1440,0,True,ETHUSDT
2021-03-20 00:00:00+00:00,1806.1,1440,0,True,ETHUSDT
2021-03-21 00:00:00+00:00,1782.98,1440,0,True,ETHUSDT
2021-03-22 00:00:00+00:00,1680.97,1440,0,True,ETHUSDT
2021-03-23 00:00:00+00:00,1668.08,1440,0,True,ETHUSDT
2021-03-24 00:00:00+00:00,1581.84,1440,0,True,ETHUSDT
2021-03-25 00:00:00+00:00,1585.74,1440,0,True,ETHUSDT
2021-03-26 00:00:00+00:00,1698.84,1440,0,True,ETHUSDT
2021-03-27 00:00:00+00:00,1712.63,1440,0,True,ETHUSDT
2021-03-28 00:00:00+00:00,1687.01,1440,0,True,ETHUSDT
2021-03-29 00:00:00+00:00,1816.74,1440,0,True,ETHUSDT
2021-03-30 00:00:00+00:00,1840.46,1440,0,True,ETHUSDT
2021-03-31 00:00:00+00:00,1919.37,1440,0,True,ETHUSDT
2021-04-01 00:00:00+00:00,1968.05,1440,0,True,ETHUSDT
2021-04-02 00:00:00+00:00,2133.69,1440,0,True,ETHUSDT
2021-04-03 00:00:00+00:00,2008.52,1440,0,True,ETHUSDT
2021-04-04 00:00:00+00:00,2075.69,1440,0,True,ETHUSDT
2021-04-05 00:00:00+00:00,2107.38,1440,0,True,ETHUSDT
2021-04-06 00:00:00+00:00,2112.21,1440,0,True,ETHUSDT
2021-04-07 00:00:00+00:00,1963.47,1440,0,True,ETHUSDT
2021-04-08 00:00:00+00:00,2080.46,1440,0,True,ETHUSDT
2021-04-09 00:00:00+00:00,2066.87,1440,0,True,ETHUSDT
2021-04-10 00:00:00+00:00,2133.49,1440,0,True,ETHUSDT
2021-04-11 00:00:00+00:00,2151.36,1440,0,True,ETHUSDT
2021-04-12 00:00:00+00:00,2137.69,1440,0,True,ETHUSDT
2021-04-13 00:00:00+00:00,2299.19,1440,0,True,ETHUSDT
2021-04-14 00:00:00+00:00,2432.6,1440,0,True,ETHUSDT
2021-04-15 00:00:00+00:00,2514.04,1440,0,True,ETHUSDT
2021-04-16 00:00:00+00:00,2422.67,1440,0,True,ETHUSDT
2021-04-17 00:00:00+00:00,2317.6,1440,0,True,ETHUSDT
2021-04-18 00:00:00+00:00,2235.64,1440,0,True,ETHUSDT
2021-04-19 00:00:00+00:00,2161.12,1440,0,True,ETHUSDT
2021-04-20 00:00:00+00:00,,1290,0,False,ETHUSDT
2021-04-21 00:00:00+00:00,2357.06,1440,0,True,ETHUSDT
2021-04-22 00:00:00+00:00,2397.94,1440,0,True,ETHUSDT
2021-04-23 00:00:00+00:00,2367.39,1440,0,True,ETHUSDT
2021-04-24 00:00:00+00:00,2213.35,1440,0,True,ETHUSDT
2021-04-25 00:00:00+00:00,,1156,1,False,ETHUSDT
2021-04-26 00:00:00+00:00,2532.6,1440,0,True,ETHUSDT
2021-04-27 00:00:00+00:00,2666.13,1440,0,True,ETHUSDT
2021-04-28 00:00:00+00:00,2748.24,1440,0,True,ETHUSDT
2021-04-29 00:00:00+00:00,2757.04,1440,0,True,ETHUSDT
2021-04-30 00:00:00+00:00,2772.42,1440,0,True,ETHUSDT
2021-05-01 00:00:00+00:00,2944.77,1440,0,True,ETHUSDT
2021-05-02 00:00:00+00:00,2949.56,1440,0,True,ETHUSDT
2021-05-03 00:00:00+00:00,3431.04,1440,0,True,ETHUSDT
2021-05-04 00:00:00+00:00,3239.01,1440,0,True,ETHUSDT
2021-05-05 00:00:00+00:00,3524.26,1440,0,True,ETHUSDT
2021-05-06 00:00:00+00:00,3489.73,1440,0,True,ETHUSDT
2021-05-07 00:00:00+00:00,3479.53,1440,0,True,ETHUSDT
2021-05-08 00:00:00+00:00,3910.26,1440,0,True,ETHUSDT
2021-05-09 00:00:00+00:00,3923.95,1440,0,True,ETHUSDT
2021-05-10 00:00:00+00:00,3945.88,1440,0,True,ETHUSDT
2021-05-11 00:00:00+00:00,4173.45,1440,0,True,ETHUSDT
2021-05-12 00:00:00+00:00,3823.21,1440,0,True,ETHUSDT
2021-05-13 00:00:00+00:00,3717.91,1440,0,True,ETHUSDT
2021-05-14 00:00:00+00:00,4075.01,1440,0,True,ETHUSDT
2021-05-15 00:00:00+00:00,3646.68,1440,0,True,ETHUSDT
2021-05-16 00:00:00+00:00,3582.1,1440,0,True,ETHUSDT
2021-05-17 00:00:00+00:00,3282.51,1440,0,True,ETHUSDT
2021-05-18 00:00:00+00:00,3375.07,1440,0,True,ETHUSDT
2021-05-19 00:00:00+00:00,2438.92,1440,0,True,ETHUSDT
2021-05-20 00:00:00+00:00,2768.62,1440,0,True,ETHUSDT
2021-05-21 00:00:00+00:00,2430.98,1440,0,True,ETHUSDT
2021-05-22 00:00:00+00:00,2294.87,1440,0,True,ETHUSDT
2021-05-23 00:00:00+00:00,2096.39,1440,0,True,ETHUSDT
2021-05-24 00:00:00+00:00,2648.43,1440,0,True,ETHUSDT
2021-05-25 00:00:00+00:00,2705.11,1440,0,True,ETHUSDT
2021-05-26 00:00:00+00:00,2884.94,1440,0,True,ETHUSDT
2021-05-27 00:00:00+00:00,2742.23,1440,0,True,ETHUSDT
2021-05-28 00:00:00+00:00,2412.1,1440,0,True,ETHUSDT
2021-05-29 00:00:00+00:00,2278.74,1440,0,True,ETHUSDT
2021-05-30 00:00:00+00:00,2385.98,1440,0,True,ETHUSDT
2021-05-31 00:00:00+00:00,2706.15,1440,0,True,ETHUSDT
2021-06-01 00:00:00+00:00,2634.57,1440,0,True,ETHUSDT
2021-06-02 00:00:00+00:00,2706.22,1440,0,True,ETHUSDT
2021-06-03 00:00:00+00:00,2857.25,1440,0,True,ETHUSDT
2021-06-04 00:00:00+00:00,2689.51,1440,0,True,ETHUSDT
2021-06-05 00:00:00+00:00,2627.73,1440,0,True,ETHUSDT
2021-06-06 00:00:00+00:00,2711.92,1440,0,True,ETHUSDT
2021-06-07 00:00:00+00:00,2592.05,1440,0,True,ETHUSDT
2021-06-08 00:00:00+00:00,2507.23,1440,0,True,ETHUSDT
2021-06-09 00:00:00+00:00,2610.18,1440,0,True,ETHUSDT
2021-06-10 00:00:00+00:00,2471.09,1440,0,True,ETHUSDT
2021-06-11 00:00:00+00:00,2354.01,1440,0,True,ETHUSDT
2021-06-12 00:00:00+00:00,2370.74,1440,0,True,ETHUSDT
2021-06-13 00:00:00+00:00,2509.33,1440,0,True,ETHUSDT
2021-06-14 00:00:00+00:00,2580.77,1440,0,True,ETHUSDT
2021-06-15 00:00:00+00:00,2543.54,1440,0,True,ETHUSDT
2021-06-16 00:00:00+00:00,2367.89,1440,0,True,ETHUSDT
2021-06-17 00:00:00+00:00,2373.28,1440,0,True,ETHUSDT
2021-06-18 00:00:00+00:00,2234.09,1440,0,True,ETHUSDT
2021-06-19 00:00:00+00:00,2164.67,1440,0,True,ETHUSDT
2021-06-20 00:00:00+00:00,2243.47,1440,0,True,ETHUSDT
2021-06-21 00:00:00+00:00,1885.49,1440,0,True,ETHUSDT
2021-06-22 00:00:00+00:00,1879.28,1440,0,True,ETHUSDT
2021-06-23 00:00:00+00:00,1968.14,1440,0,True,ETHUSDT
2021-06-24 00:00:00+00:00,1989.52,1440,0,True,ETHUSDT
2021-06-25 00:00:00+00:00,1808.82,1440,0,True,ETHUSDT
2021-06-26 00:00:00+00:00,1829.64,1440,0,True,ETHUSDT
2021-06-27 00:00:00+00:00,1982.28,1440,0,True,ETHUSDT
2021-06-28 00:00:00+00:00,2084.41,1440,0,True,ETHUSDT
2021-06-29 00:00:00+00:00,2165.33,1440,0,True,ETHUSDT
2021-06-30 00:00:00+00:00,2275.68,1440,0,True,ETHUSDT
2021-07-01 00:00:00+00:00,2106.41,1440,0,True,ETHUSDT
2021-07-02 00:00:00+00:00,2154.13,1440,0,True,ETHUSDT
2021-07-03 00:00:00+00:00,2226.99,1440,0,True,ETHUSDT
2021-07-04 00:00:00+00:00,2322.69,1440,0,True,ETHUSDT
2021-07-05 00:00:00+00:00,2196.53,1440,0,True,ETHUSDT
2021-07-06 00:00:00+00:00,2322.5,1440,0,True,ETHUSDT
2021-07-07 00:00:00+00:00,2316.57,1440,0,True,ETHUSDT
2021-07-08 00:00:00+00:00,2116.33,1440,0,True,ETHUSDT
2021-07-09 00:00:00+00:00,2146.99,1440,0,True,ETHUSDT
2021-07-10 00:00:00+00:00,2110.69,1440,0,True,ETHUSDT
2021-07-11 00:00:00+00:00,2140.45,1440,0,True,ETHUSDT
2021-07-12 00:00:00+00:00,2031.58,1440,0,True,ETHUSDT
2021-07-13 00:00:00+00:00,1940.15,1440,0,True,ETHUSDT
2021-07-14 00:00:00+00:00,1994.58,1440,0,True,ETHUSDT
2021-07-15 00:00:00+00:00,1919.51,1440,0,True,ETHUSDT
2021-07-16 00:00:00+00:00,1876.26,1440,0,True,ETHUSDT
2021-07-17 00:00:00+00:00,1899.59,1440,0,True,ETHUSDT
2021-07-18 00:00:00+00:00,1891.64,1440,0,True,ETHUSDT
2021-07-19 00:00:00+00:00,1818.73,1440,0,True,ETHUSDT
2021-07-20 00:00:00+00:00,1786.03,1440,0,True,ETHUSDT
2021-07-21 00:00:00+00:00,1995.5,1440,0,True,ETHUSDT
2021-07-22 00:00:00+00:00,2024.56,1440,0,True,ETHUSDT
2021-07-23 00:00:00+00:00,2124.25,1440,0,True,ETHUSDT
2021-07-24 00:00:00+00:00,2184.75,1440,0,True,ETHUSDT
2021-07-25 00:00:00+00:00,2189.79,1440,0,True,ETHUSDT
2021-07-26 00:00:00+00:00,2228.08,1440,0,True,ETHUSDT
2021-07-27 00:00:00+00:00,2299.49,1440,0,True,ETHUSDT
2021-07-28 00:00:00+00:00,2300.9,1440,0,True,ETHUSDT
2021-07-29 00:00:00+00:00,2382.92,1440,0,True,ETHUSDT
2021-07-30 00:00:00+00:00,2461.81,1440,0,True,ETHUSDT
2021-07-31 00:00:00+00:00,2531.05,1440,0,True,ETHUSDT
2021-08-01 00:00:00+00:00,2555.69,1440,0,True,ETHUSDT
2021-08-02 00:00:00+00:00,2606.93,1440,0,True,ETHUSDT
2021-08-03 00:00:00+00:00,2509.04,1440,0,True,ETHUSDT
2021-08-04 00:00:00+00:00,2724.78,1440,0,True,ETHUSDT
2021-08-05 00:00:00+00:00,2826.99,1440,0,True,ETHUSDT
2021-08-06 00:00:00+00:00,2891.58,1440,0,True,ETHUSDT
2021-08-07 00:00:00+00:00,3160.31,1440,0,True,ETHUSDT
2021-08-08 00:00:00+00:00,3011.85,1440,0,True,ETHUSDT
2021-08-09 00:00:00+00:00,3160.52,1440,0,True,ETHUSDT
2021-08-10 00:00:00+00:00,3141.66,1440,0,True,ETHUSDT
2021-08-11 00:00:00+00:00,3160.5,1440,0,True,ETHUSDT
2021-08-12 00:00:00+00:00,3045.96,1440,0,True,ETHUSDT
2021-08-13 00:00:00+00:00,,1170,1,False,ETHUSDT
2021-08-14 00:00:00+00:00,3263.16,1440,0,True,ETHUSDT
2021-08-15 00:00:00+00:00,3307.09,1440,0,True,ETHUSDT
2021-08-16 00:00:00+00:00,3146.53,1440,0,True,ETHUSDT
2021-08-17 00:00:00+00:00,3011.72,1440,0,True,ETHUSDT
2021-08-18 00:00:00+00:00,3014.55,1440,0,True,ETHUSDT
2021-08-19 00:00:00+00:00,3184.12,1440,0,True,ETHUSDT
2021-08-20 00:00:00+00:00,3284.82,1440,0,True,ETHUSDT
2021-08-21 00:00:00+00:00,3223.43,1440,0,True,ETHUSDT
2021-08-22 00:00:00+00:00,3238.0,1440,0,True,ETHUSDT
2021-08-23 00:00:00+00:00,3321.28,1440,0,True,ETHUSDT
2021-08-24 00:00:00+00:00,3170.62,1440,0,True,ETHUSDT
2021-08-25 00:00:00+00:00,3226.87,1440,0,True,ETHUSDT
2021-08-26 00:00:00+00:00,3093.2,1440,0,True,ETHUSDT
2021-08-27 00:00:00+00:00,3273.45,1440,0,True,ETHUSDT
2021-08-28 00:00:00+00:00,3244.48,1440,0,True,ETHUSDT
2021-08-29 00:00:00+00:00,3223.47,1440,0,True,ETHUSDT
2021-08-30 00:00:00+00:00,3229.64,1440,0,True,ETHUSDT
2021-08-31 00:00:00+00:00,3429.2,1440,0,True,ETHUSDT
2021-09-01 00:00:00+00:00,3826.82,1440,0,True,ETHUSDT
2021-09-02 00:00:00+00:00,3785.82,1440,0,True,ETHUSDT
2021-09-03 00:00:00+00:00,3938.11,1440,0,True,ETHUSDT
2021-09-04 00:00:00+00:00,3885.52,1440,0,True,ETHUSDT
2021-09-05 00:00:00+00:00,3950.29,1440,0,True,ETHUSDT
2021-09-06 00:00:00+00:00,3926.77,1440,0,True,ETHUSDT
2021-09-07 00:00:00+00:00,3434.57,1440,0,True,ETHUSDT
2021-09-08 00:00:00+00:00,3499.0,1440,0,True,ETHUSDT
2021-09-09 00:00:00+00:00,3424.93,1440,0,True,ETHUSDT
2021-09-10 00:00:00+00:00,3208.86,1440,0,True,ETHUSDT
2021-09-11 00:00:00+00:00,3267.21,1440,0,True,ETHUSDT
2021-09-12 00:00:00+00:00,3404.21,1440,0,True,ETHUSDT
2021-09-13 00:00:00+00:00,3285.35,1440,0,True,ETHUSDT
2021-09-14 00:00:00+00:00,3434.37,1440,0,True,ETHUSDT
2021-09-15 00:00:00+00:00,3613.55,1440,0,True,ETHUSDT
2021-09-16 00:00:00+00:00,3567.98,1440,0,True,ETHUSDT
2021-09-17 00:00:00+00:00,3399.81,1440,0,True,ETHUSDT
2021-09-18 00:00:00+00:00,3435.64,1440,0,True,ETHUSDT
2021-09-19 00:00:00+00:00,3328.62,1440,0,True,ETHUSDT
2021-09-20 00:00:00+00:00,2977.28,1440,0,True,ETHUSDT
2021-09-21 00:00:00+00:00,2765.9,1440,0,True,ETHUSDT
2021-09-22 00:00:00+00:00,3076.92,1440,0,True,ETHUSDT
2021-09-23 00:00:00+00:00,3152.5,1440,0,True,ETHUSDT
2021-09-24 00:00:00+00:00,2928.53,1440,0,True,ETHUSDT
2021-09-25 00:00:00+00:00,2921.73,1440,0,True,ETHUSDT
2021-09-26 00:00:00+00:00,3059.37,1440,0,True,ETHUSDT
2021-09-27 00:00:00+00:00,2925.59,1440,0,True,ETHUSDT
2021-09-28 00:00:00+00:00,2804.91,1440,0,True,ETHUSDT
2021-09-29 00:00:00+00:00,,1320,0,False,ETHUSDT
2021-09-30 00:00:00+00:00,3000.61,1440,0,True,ETHUSDT
2021-10-01 00:00:00+00:00,3309.91,1440,0,True,ETHUSDT
2021-10-02 00:00:00+00:00,3387.76,1440,0,True,ETHUSDT
2021-10-03 00:00:00+00:00,3417.73,1440,0,True,ETHUSDT
2021-10-04 00:00:00+00:00,3386.31,1440,0,True,ETHUSDT
2021-10-05 00:00:00+00:00,3515.27,1440,0,True,ETHUSDT
2021-10-06 00:00:00+00:00,3574.89,1440,0,True,ETHUSDT
2021-10-07 00:00:00+00:00,3587.47,1440,0,True,ETHUSDT
2021-10-08 00:00:00+00:00,3563.13,1440,0,True,ETHUSDT
2021-10-09 00:00:00+00:00,3574.82,1440,0,True,ETHUSDT
2021-10-10 00:00:00+00:00,3414.22,1440,0,True,ETHUSDT
2021-10-11 00:00:00+00:00,3542.12,1440,0,True,ETHUSDT
2021-10-12 00:00:00+00:00,3491.46,1440,0,True,ETHUSDT
2021-10-13 00:00:00+00:00,3607.42,1440,0,True,ETHUSDT
2021-10-14 00:00:00+00:00,3790.82,1440,0,True,ETHUSDT
2021-10-15 00:00:00+00:00,3868.99,1440,0,True,ETHUSDT
2021-10-16 00:00:00+00:00,3829.96,1440,0,True,ETHUSDT
2021-10-17 00:00:00+00:00,3846.85,1440,0,True,ETHUSDT
2021-10-18 00:00:00+00:00,3744.96,1440,0,True,ETHUSDT
2021-10-19 00:00:00+00:00,3877.03,1440,0,True,ETHUSDT
2021-10-20 00:00:00+00:00,4161.15,1440,0,True,ETHUSDT
2021-10-21 00:00:00+00:00,4052.99,1440,0,True,ETHUSDT
2021-10-22 00:00:00+00:00,3972.2,1440,0,True,ETHUSDT
2021-10-23 00:00:00+00:00,4167.12,1440,0,True,ETHUSDT
2021-10-24 00:00:00+00:00,4082.33,1440,0,True,ETHUSDT
2021-10-25 00:00:00+00:00,4220.37,1440,0,True,ETHUSDT
2021-10-26 00:00:00+00:00,4131.52,1440,0,True,ETHUSDT
2021-10-27 00:00:00+00:00,3922.0,1440,0,True,ETHUSDT
2021-10-28 00:00:00+00:00,4286.02,1440,0,True,ETHUSDT
2021-10-29 00:00:00+00:00,4418.89,1440,0,True,ETHUSDT
2021-10-30 00:00:00+00:00,4322.68,1440,0,True,ETHUSDT
2021-10-31 00:00:00+00:00,4287.21,1440,0,True,ETHUSDT
2021-11-01 00:00:00+00:00,4319.43,1440,0,True,ETHUSDT
2021-11-02 00:00:00+00:00,4589.89,1440,0,True,ETHUSDT
2021-11-03 00:00:00+00:00,4603.35,1440,0,True,ETHUSDT
2021-11-04 00:00:00+00:00,4532.32,1440,0,True,ETHUSDT
2021-11-05 00:00:00+00:00,4474.24,1440,0,True,ETHUSDT
2021-11-06 00:00:00+00:00,4518.0,1440,0,True,ETHUSDT
2021-11-07 00:00:00+00:00,4612.59,1440,0,True,ETHUSDT
2021-11-08 00:00:00+00:00,4807.98,1440,0,True,ETHUSDT
2021-11-09 00:00:00+00:00,4732.33,1440,0,True,ETHUSDT
2021-11-10 00:00:00+00:00,4628.78,1440,0,True,ETHUSDT
2021-11-11 00:00:00+00:00,4719.0,1440,0,True,ETHUSDT
2021-11-12 00:00:00+00:00,4665.46,1440,0,True,ETHUSDT
2021-11-13 00:00:00+00:00,4644.28,1440,0,True,ETHUSDT
2021-11-14 00:00:00+00:00,4626.5,1440,0,True,ETHUSDT
2021-11-15 00:00:00+00:00,4563.78,1440,0,True,ETHUSDT
2021-11-16 00:00:00+00:00,4209.76,1440,0,True,ETHUSDT
2021-11-17 00:00:00+00:00,4287.8,1440,0,True,ETHUSDT
2021-11-18 00:00:00+00:00,3996.9,1440,0,True,ETHUSDT
2021-11-19 00:00:00+00:00,4294.76,1440,0,True,ETHUSDT
2021-11-20 00:00:00+00:00,4412.17,1440,0,True,ETHUSDT
2021-11-21 00:00:00+00:00,4258.31,1440,0,True,ETHUSDT
2021-11-22 00:00:00+00:00,4085.97,1440,0,True,ETHUSDT
2021-11-23 00:00:00+00:00,4339.44,1440,0,True,ETHUSDT
2021-11-24 00:00:00+00:00,4269.36,1440,0,True,ETHUSDT
2021-11-25 00:00:00+00:00,4524.85,1440,0,True,ETHUSDT
2021-11-26 00:00:00+00:00,4041.2,1440,0,True,ETHUSDT
2021-11-27 00:00:00+00:00,4095.29,1440,0,True,ETHUSDT
2021-11-28 00:00:00+00:00,4294.78,1440,0,True,ETHUSDT
2021-11-29 00:00:00+00:00,4444.53,1440,0,True,ETHUSDT
2021-11-30 00:00:00+00:00,4630.26,1440,0,True,ETHUSDT
2021-12-01 00:00:00+00:00,4582.95,1440,0,True,ETHUSDT
2021-12-02 00:00:00+00:00,4511.21,1440,0,True,ETHUSDT
2021-12-03 00:00:00+00:00,4215.73,1440,0,True,ETHUSDT
2021-12-04 00:00:00+00:00,4117.25,1440,0,True,ETHUSDT
2021-12-05 00:00:00+00:00,4196.44,1440,0,True,ETHUSDT
2021-12-06 00:00:00+00:00,4347.59,1440,0,True,ETHUSDT
2021-12-07 00:00:00+00:00,4306.4,1440,0,True,ETHUSDT
2021-12-08 00:00:00+00:00,4436.91,1440,0,True,ETHUSDT
2021-12-09 00:00:00+00:00,4105.64,1440,0,True,ETHUSDT
2021-12-10 00:00:00+00:00,3897.94,1440,0,True,ETHUSDT
2021-12-11 00:00:00+00:00,4089.37,1440,0,True,ETHUSDT
2021-12-12 00:00:00+00:00,4130.0,1440,0,True,ETHUSDT
2021-12-13 00:00:00+00:00,3781.93,1440,0,True,ETHUSDT
2021-12-14 00:00:00+00:00,3858.99,1440,0,True,ETHUSDT
2021-12-15 00:00:00+00:00,4019.08,1440,0,True,ETHUSDT
2021-12-16 00:00:00+00:00,3958.11,1440,0,True,ETHUSDT
2021-12-17 00:00:00+00:00,3875.42,1440,0,True,ETHUSDT
2021-12-18 00:00:00+00:00,3959.93,1440,0,True,ETHUSDT
2021-12-19 00:00:00+00:00,3924.14,1440,0,True,ETHUSDT
2021-12-20 00:00:00+00:00,3944.73,1440,0,True,ETHUSDT
2021-12-21 00:00:00+00:00,4014.15,1440,0,True,ETHUSDT
2021-12-22 00:00:00+00:00,3979.51,1440,0,True,ETHUSDT
2021-12-23 00:00:00+00:00,4111.41,1440,0,True,ETHUSDT
2021-12-24 00:00:00+00:00,,1440,1,False,ETHUSDT
2021-12-25 00:00:00+00:00,4094.83,1440,0,True,ETHUSDT
2021-12-26 00:00:00+00:00,4063.56,1440,0,True,ETHUSDT
2021-12-27 00:00:00+00:00,4037.23,1440,0,True,ETHUSDT
2021-12-28 00:00:00+00:00,3792.75,1440,0,True,ETHUSDT
2021-12-29 00:00:00+00:00,3630.19,1440,0,True,ETHUSDT
2021-12-30 00:00:00+00:00,3709.27,1440,0,True,ETHUSDT
2021-12-31 00:00:00+00:00,3676.23,1440,0,True,ETHUSDT
2022-01-01 00:00:00+00:00,3765.54,1440,0,True,ETHUSDT
2022-01-02 00:00:00+00:00,3828.27,1440,0,True,ETHUSDT
2022-01-03 00:00:00+00:00,3765.89,1440,0,True,ETHUSDT
2022-01-04 00:00:00+00:00,3785.11,1440,0,True,ETHUSDT
2022-01-05 00:00:00+00:00,3540.63,1440,0,True,ETHUSDT
2022-01-06 00:00:00+00:00,3406.81,1440,0,True,ETHUSDT
2022-01-07 00:00:00+00:00,3199.24,1440,0,True,ETHUSDT
2022-01-08 00:00:00+00:00,3080.95,1440,0,True,ETHUSDT
2022-01-09 00:00:00+00:00,3151.97,1440,0,True,ETHUSDT
2022-01-10 00:00:00+00:00,3082.68,1440,0,True,ETHUSDT
2022-01-11 00:00:00+00:00,3239.72,1440,0,True,ETHUSDT
2022-01-12 00:00:00+00:00,3371.26,1440,0,True,ETHUSDT
2022-01-13 00:00:00+00:00,3240.61,1440,0,True,ETHUSDT
2022-01-14 00:00:00+00:00,3307.42,1440,0,True,ETHUSDT
2022-01-15 00:00:00+00:00,3326.04,1440,0,True,ETHUSDT
2022-01-16 00:00:00+00:00,3346.88,1440,0,True,ETHUSDT
2022-01-17 00:00:00+00:00,3209.67,1440,0,True,ETHUSDT
2022-01-18 00:00:00+00:00,3159.85,1440,0,True,ETHUSDT
2022-01-19 00:00:00+00:00,3084.02,1440,0,True,ETHUSDT
2022-01-20 00:00:00+00:00,3001.48,1440,0,True,ETHUSDT
2022-01-21 00:00:00+00:00,2568.15,1440,0,True,ETHUSDT
2022-01-22 00:00:00+00:00,2412.18,1440,0,True,ETHUSDT
2022-01-23 00:00:00+00:00,2539.01,1440,0,True,ETHUSDT
2022-01-24 00:00:00+00:00,2439.29,1440,0,True,ETHUSDT
2022-01-25 00:00:00+00:00,2458.83,1440,0,True,ETHUSDT
2022-01-26 00:00:00+00:00,2462.99,1440,0,True,ETHUSDT
2022-01-27 00:00:00+00:00,2424.25,1440,0,True,ETHUSDT
2022-01-28 00:00:00+00:00,2544.99,1440,0,True,ETHUSDT
2022-01-29 00:00:00+00:00,2601.43,1440,0,True,ETHUSDT
2022-01-30 00:00:00+00:00,2601.68,1440,0,True,ETHUSDT
2022-01-31 00:00:00+00:00,2686.94,1440,0,True,ETHUSDT
2022-02-01 00:00:00+00:00,2787.23,1440,0,True,ETHUSDT
2022-02-02 00:00:00+00:00,2680.67,1440,0,True,ETHUSDT
2022-02-03 00:00:00+00:00,2695.46,1440,0,True,ETHUSDT
2022-02-04 00:00:00+00:00,2994.99,1440,0,True,ETHUSDT
2022-02-05 00:00:00+00:00,3012.65,1440,0,True,ETHUSDT
2022-02-06 00:00:00+00:00,3054.99,1440,0,True,ETHUSDT
2022-02-07 00:00:00+00:00,3139.77,1440,0,True,ETHUSDT
2022-02-08 00:00:00+00:00,3116.69,1440,0,True,ETHUSDT
2022-02-09 00:00:00+00:00,3243.94,1440,0,True,ETHUSDT
2022-02-10 00:00:00+00:00,3072.49,1440,0,True,ETHUSDT
2022-02-11 00:00:00+00:00,2927.54,1440,0,True,ETHUSDT
2022-02-12 00:00:00+00:00,2918.88,1440,0,True,ETHUSDT
2022-02-13 00:00:00+00:00,2871.13,1440,0,True,ETHUSDT
2022-02-14 00:00:00+00:00,2929.75,1440,0,True,ETHUSDT
2022-02-15 00:00:00+00:00,3183.52,1440,0,True,ETHUSDT
2022-02-16 00:00:00+00:00,3122.3,1440,0,True,ETHUSDT
2022-02-17 00:00:00+00:00,2891.87,1440,0,True,ETHUSDT
2022-02-18 00:00:00+00:00,2779.48,1440,0,True,ETHUSDT
2022-02-19 00:00:00+00:00,2763.63,1440,0,True,ETHUSDT
2022-02-20 00:00:00+00:00,2621.99,1440,0,True,ETHUSDT
2022-02-21 00:00:00+00:00,2568.02,1440,0,True,ETHUSDT
2022-02-22 00:00:00+00:00,2636.29,1440,0,True,ETHUSDT
2022-02-23 00:00:00+00:00,2579.71,1440,0,True,ETHUSDT
2022-02-24 00:00:00+00:00,2596.2,1440,0,True,ETHUSDT
2022-02-25 00:00:00+00:00,2768.49,1440,0,True,ETHUSDT
2022-02-26 00:00:00+00:00,2779.47,1440,0,True,ETHUSDT
2022-02-27 00:00:00+00:00,2616.79,1440,0,True,ETHUSDT
2022-02-28 00:00:00+00:00,2920.95,1440,0,True,ETHUSDT
2022-03-01 00:00:00+00:00,2976.33,1440,0,True,ETHUSDT
2022-03-02 00:00:00+00:00,2947.3,1440,0,True,ETHUSDT
2022-03-03 00:00:00+00:00,2833.99,1440,0,True,ETHUSDT
2022-03-04 00:00:00+00:00,2622.1,1440,0,True,ETHUSDT
2022-03-05 00:00:00+00:00,2665.15,1440,0,True,ETHUSDT
2022-03-06 00:00:00+00:00,2551.29,1440,0,True,ETHUSDT
2022-03-07 00:00:00+00:00,2491.12,1440,0,True,ETHUSDT
2022-03-08 00:00:00+00:00,2575.97,1440,0,True,ETHUSDT
2022-03-09 00:00:00+00:00,2726.98,1440,0,True,ETHUSDT
2022-03-10 00:00:00+00:00,2606.7,1440,0,True,ETHUSDT
2022-03-11 00:00:00+00:00,2556.86,1440,0,True,ETHUSDT
2022-03-12 00:00:00+00:00,2568.8,1440,0,True,ETHUSDT
2022-03-13 00:00:00+00:00,2515.65,1440,0,True,ETHUSDT
2022-03-14 00:00:00+00:00,2589.41,1440,0,True,ETHUSDT
2022-03-15 00:00:00+00:00,2617.73,1440,0,True,ETHUSDT
2022-03-16 00:00:00+00:00,2773.81,1440,0,True,ETHUSDT
2022-03-17 00:00:00+00:00,2811.92,1440,0,True,ETHUSDT
2022-03-18 00:00:00+00:00,2938.92,1440,0,True,ETHUSDT
2022-03-19 00:00:00+00:00,2950.84,1440,0,True,ETHUSDT
2022-03-20 00:00:00+00:00,2861.38,1440,0,True,ETHUSDT
2022-03-21 00:00:00+00:00,2890.03,1440,0,True,ETHUSDT
2022-03-22 00:00:00+00:00,2969.64,1440,0,True,ETHUSDT
2022-03-23 00:00:00+00:00,3036.0,1440,0,True,ETHUSDT
2022-03-24 00:00:00+00:00,3110.76,1440,0,True,ETHUSDT
2022-03-25 00:00:00+00:00,3102.14,1440,0,True,ETHUSDT
2022-03-26 00:00:00+00:00,3145.0,1440,0,True,ETHUSDT
2022-03-27 00:00:00+00:00,3295.65,1440,0,True,ETHUSDT
2022-03-28 00:00:00+00:00,3332.92,1440,0,True,ETHUSDT
2022-03-29 00:00:00+00:00,3400.51,1440,0,True,ETHUSDT
2022-03-30 00:00:00+00:00,3385.79,1440,0,True,ETHUSDT
2022-03-31 00:00:00+00:00,3281.51,1440,0,True,ETHUSDT
2022-04-01 00:00:00+00:00,3455.21,1440,0,True,ETHUSDT
2022-04-02 00:00:00+00:00,3443.77,1440,0,True,ETHUSDT
2022-04-03 00:00:00+00:00,3521.91,1440,0,True,ETHUSDT
2022-04-04 00:00:00+00:00,3519.5,1440,0,True,ETHUSDT
2022-04-05 00:00:00+00:00,3406.99,1440,0,True,ETHUSDT
2022-04-06 00:00:00+00:00,3168.51,1440,0,True,ETHUSDT
2022-04-07 00:00:00+00:00,3227.19,1440,0,True,ETHUSDT
2022-04-08 00:00:00+00:00,3192.39,1440,0,True,ETHUSDT
2022-04-09 00:00:00+00:00,3258.57,1440,0,True,ETHUSDT
2022-04-10 00:00:00+00:00,3203.04,1440,0,True,ETHUSDT
2022-04-11 00:00:00+00:00,2979.74,1440,0,True,ETHUSDT
2022-04-12 00:00:00+00:00,3027.66,1440,0,True,ETHUSDT
2022-04-13 00:00:00+00:00,3118.28,1440,0,True,ETHUSDT
2022-04-14 00:00:00+00:00,3021.98,1440,0,True,ETHUSDT
2022-04-15 00:00:00+00:00,3040.56,1440,0,True,ETHUSDT
2022-04-16 00:00:00+00:00,3059.3,1440,0,True,ETHUSDT
2022-04-17 00:00:00+00:00,2988.06,1440,0,True,ETHUSDT
2022-04-18 00:00:00+00:00,3055.56,1440,0,True,ETHUSDT
2022-04-19 00:00:00+00:00,3101.77,1440,0,True,ETHUSDT
2022-04-20 00:00:00+00:00,3076.04,1440,0,True,ETHUSDT
2022-04-21 00:00:00+00:00,2983.58,1440,0,True,ETHUSDT
2022-04-22 00:00:00+00:00,2962.39,1440,0,True,ETHUSDT
2022-04-23 00:00:00+00:00,2933.03,1440,0,True,ETHUSDT
2022-04-24 00:00:00+00:00,2921.0,1440,0,True,ETHUSDT
2022-04-25 00:00:00+00:00,3006.62,1440,0,True,ETHUSDT
2022-04-26 00:00:00+00:00,2809.67,1440,0,True,ETHUSDT
2022-04-27 00:00:00+00:00,2888.96,1440,0,True,ETHUSDT
2022-04-28 00:00:00+00:00,2936.93,1440,0,True,ETHUSDT
2022-04-29 00:00:00+00:00,2817.13,1440,0,True,ETHUSDT
2022-04-30 00:00:00+00:00,2726.66,1440,0,True,ETHUSDT
2022-05-01 00:00:00+00:00,2824.81,1440,0,True,ETHUSDT
2022-05-02 00:00:00+00:00,2856.54,1440,0,True,ETHUSDT
2022-05-03 00:00:00+00:00,2781.7,1440,0,True,ETHUSDT
2022-05-04 00:00:00+00:00,2940.64,1440,0,True,ETHUSDT
2022-05-05 00:00:00+00:00,2747.97,1440,0,True,ETHUSDT
2022-05-06 00:00:00+00:00,2692.85,1440,0,True,ETHUSDT
2022-05-07 00:00:00+00:00,2635.34,1440,0,True,ETHUSDT
2022-05-08 00:00:00+00:00,2519.71,1440,0,True,ETHUSDT
2022-05-09 00:00:00+00:00,2228.55,1440,0,True,ETHUSDT
2022-05-10 00:00:00+00:00,2342.05,1440,0,True,ETHUSDT
2022-05-11 00:00:00+00:00,2084.99,1440,0,True,ETHUSDT
2022-05-12 00:00:00+00:00,1960.22,1440,0,True,ETHUSDT
2022-05-13 00:00:00+00:00,2009.69,1440,0,True,ETHUSDT
2022-05-14 00:00:00+00:00,2056.48,1440,0,True,ETHUSDT
2022-05-15 00:00:00+00:00,2145.29,1440,0,True,ETHUSDT
2022-05-16 00:00:00+00:00,2023.66,1440,0,True,ETHUSDT
2022-05-17 00:00:00+00:00,2090.72,1440,0,True,ETHUSDT
2022-05-18 00:00:00+00:00,1915.11,1440,0,True,ETHUSDT
2022-05-19 00:00:00+00:00,2019.55,1440,0,True,ETHUSDT
2022-05-20 00:00:00+00:00,1959.08,1440,0,True,ETHUSDT
2022-05-21 00:00:00+00:00,1975.07,1440,0,True,ETHUSDT
2022-05-22 00:00:00+00:00,2043.19,1440,0,True,ETHUSDT
2022-05-23 00:00:00+00:00,1973.32,1440,0,True,ETHUSDT
2022-05-24 00:00:00+00:00,1979.41,1440,0,True,ETHUSDT
2022-05-25 00:00:00+00:00,1942.63,1440,0,True,ETHUSDT
2022-05-26 00:00:00+00:00,1792.23,1440,0,True,ETHUSDT
2022-05-27 00:00:00+00:00,1727.27,1440,0,True,ETHUSDT
2022-05-28 00:00:00+00:00,1792.22,1440,0,True,ETHUSDT
2022-05-29 00:00:00+00:00,1813.64,1440,0,True,ETHUSDT
2022-05-30 00:00:00+00:00,1998.78,1440,0,True,ETHUSDT
2022-05-31 00:00:00+00:00,1941.9,1440,0,True,ETHUSDT
2022-06-01 00:00:00+00:00,1817.95,1440,0,True,ETHUSDT
2022-06-02 00:00:00+00:00,1834.08,1440,0,True,ETHUSDT
2022-06-03 00:00:00+00:00,1775.12,1440,0,True,ETHUSDT
2022-06-04 00:00:00+00:00,1804.58,1440,0,True,ETHUSDT
2022-06-05 00:00:00+00:00,1806.23,1440,0,True,ETHUSDT
2022-06-06 00:00:00+00:00,1859.84,1440,0,True,ETHUSDT
2022-06-07 00:00:00+00:00,1813.33,1440,0,True,ETHUSDT
2022-06-08 00:00:00+00:00,1791.88,1440,0,True,ETHUSDT
2022-06-09 00:00:00+00:00,1788.81,1440,0,True,ETHUSDT
2022-06-10 00:00:00+00:00,1662.91,1440,0,True,ETHUSDT
2022-06-11 00:00:00+00:00,1532.89,1440,0,True,ETHUSDT
2022-06-12 00:00:00+00:00,1434.84,1440,0,True,ETHUSDT
2022-06-13 00:00:00+00:00,1209.82,1440,0,True,ETHUSDT
2022-06-14 00:00:00+00:00,1208.9,1440,0,True,ETHUSDT
2022-06-15 00:00:00+00:00,1237.52,1440,0,True,ETHUSDT
2022-06-16 00:00:00+00:00,1068.5,1440,0,True,ETHUSDT
2022-06-17 00:00:00+00:00,1086.94,1440,0,True,ETHUSDT
2022-06-18 00:00:00+00:00,995.13,1440,0,True,ETHUSDT
2022-06-19 00:00:00+00:00,1128.53,1440,0,True,ETHUSDT
2022-06-20 00:00:00+00:00,1128.24,1440,0,True,ETHUSDT
2022-06-21 00:00:00+00:00,1125.85,1440,0,True,ETHUSDT
2022-06-22 00:00:00+00:00,1050.19,1440,0,True,ETHUSDT
2022-06-23 00:00:00+00:00,1144.72,1440,0,True,ETHUSDT
2022-06-24 00:00:00+00:00,1225.02,1440,0,True,ETHUSDT
2022-06-25 00:00:00+00:00,1242.36,1440,0,True,ETHUSDT
2022-06-26 00:00:00+00:00,1197.79,1440,0,True,ETHUSDT
2022-06-27 00:00:00+00:00,1192.51,1440,0,True,ETHUSDT
2022-06-28 00:00:00+00:00,1144.05,1440,0,True,ETHUSDT
2022-06-29 00:00:00+00:00,1100.21,1440,0,True,ETHUSDT
2022-06-30 00:00:00+00:00,1071.01,1440,0,True,ETHUSDT
2022-07-01 00:00:00+00:00,1059.73,1440,0,True,ETHUSDT
2022-07-02 00:00:00+00:00,1067.01,1440,0,True,ETHUSDT
2022-07-03 00:00:00+00:00,1074.26,1440,0,True,ETHUSDT
2022-07-04 00:00:00+00:00,1151.0,1440,0,True,ETHUSDT
2022-07-05 00:00:00+00:00,1132.5,1440,0,True,ETHUSDT
2022-07-06 00:00:00+00:00,1186.57,1440,0,True,ETHUSDT
2022-07-07 00:00:00+00:00,1237.49,1440,0,True,ETHUSDT
2022-07-08 00:00:00+00:00,1214.04,1440,0,True,ETHUSDT
2022-07-09 00:00:00+00:00,1217.02,1440,0,True,ETHUSDT
2022-07-10 00:00:00+00:00,1168.36,1440,0,True,ETHUSDT
2022-07-11 00:00:00+00:00,1096.4,1440,0,True,ETHUSDT
2022-07-12 00:00:00+00:00,1038.58,1440,0,True,ETHUSDT
2022-07-13 00:00:00+00:00,1115.0,1440,0,True,ETHUSDT
2022-07-14 00:00:00+00:00,1193.42,1440,0,True,ETHUSDT
2022-07-15 00:00:00+00:00,1231.25,1440,0,True,ETHUSDT
2022-07-16 00:00:00+00:00,1355.85,1440,0,True,ETHUSDT
2022-07-17 00:00:00+00:00,1338.65,1440,0,True,ETHUSDT
2022-07-18 00:00:00+00:00,1581.04,1440,0,True,ETHUSDT
2022-07-19 00:00:00+00:00,1542.32,1440,0,True,ETHUSDT
2022-07-20 00:00:00+00:00,1521.58,1440,0,True,ETHUSDT
2022-07-21 00:00:00+00:00,1575.45,1440,0,True,ETHUSDT
2022-07-22 00:00:00+00:00,1535.27,1440,0,True,ETHUSDT
2022-07-23 00:00:00+00:00,1548.67,1440,0,True,ETHUSDT
2022-07-24 00:00:00+00:00,1597.7,1440,0,True,ETHUSDT
2022-07-25 00:00:00+00:00,1440.79,1440,0,True,ETHUSDT
2022-07-26 00:00:00+00:00,1449.12,1440,0,True,ETHUSDT
2022-07-27 00:00:00+00:00,1635.74,1440,0,True,ETHUSDT
2022-07-28 00:00:00+00:00,1724.52,1440,0,True,ETHUSDT
2022-07-29 00:00:00+00:00,1721.68,1440,0,True,ETHUSDT
2022-07-30 00:00:00+00:00,1697.0,1440,0,True,ETHUSDT
2022-07-31 00:00:00+00:00,1678.12,1440,0,True,ETHUSDT
2022-08-01 00:00:00+00:00,1630.28,1440,0,True,ETHUSDT
2022-08-02 00:00:00+00:00,1630.91,1440,0,True,ETHUSDT
2022-08-03 00:00:00+00:00,1618.16,1440,0,True,ETHUSDT
2022-08-04 00:00:00+00:00,1607.96,1440,0,True,ETHUSDT
2022-08-05 00:00:00+00:00,1736.81,1440,0,True,ETHUSDT
2022-08-06 00:00:00+00:00,1690.6,1440,0,True,ETHUSDT
2022-08-07 00:00:00+00:00,1700.19,1440,0,True,ETHUSDT
2022-08-08 00:00:00+00:00,1777.05,1440,0,True,ETHUSDT
2022-08-09 00:00:00+00:00,1702.76,1440,0,True,ETHUSDT
2022-08-10 00:00:00+00:00,1853.57,1440,0,True,ETHUSDT
2022-08-11 00:00:00+00:00,1880.19,1440,0,True,ETHUSDT
2022-08-12 00:00:00+00:00,1958.28,1440,0,True,ETHUSDT
2022-08-13 00:00:00+00:00,1983.55,1440,0,True,ETHUSDT
2022-08-14 00:00:00+00:00,1935.31,1440,0,True,ETHUSDT
2022-08-15 00:00:00+00:00,1899.06,1440,0,True,ETHUSDT
2022-08-16 00:00:00+00:00,1876.67,1440,0,True,ETHUSDT
2022-08-17 00:00:00+00:00,1834.25,1440,0,True,ETHUSDT
2022-08-18 00:00:00+00:00,1846.39,1440,0,True,ETHUSDT
2022-08-19 00:00:00+00:00,1609.01,1440,0,True,ETHUSDT
2022-08-20 00:00:00+00:00,1576.04,1440,0,True,ETHUSDT
2022-08-21 00:00:00+00:00,1618.13,1440,0,True,ETHUSDT
2022-08-22 00:00:00+00:00,1624.66,1440,0,True,ETHUSDT
2022-08-23 00:00:00+00:00,1665.41,1440,0,True,ETHUSDT
2022-08-24 00:00:00+00:00,1656.56,1440,0,True,ETHUSDT
2022-08-25 00:00:00+00:00,1695.11,1440,0,True,ETHUSDT
2022-08-26 00:00:00+00:00,1508.18,1440,0,True,ETHUSDT
2022-08-27 00:00:00+00:00,1491.06,1440,0,True,ETHUSDT
2022-08-28 00:00:00+00:00,1426.76,1440,0,True,ETHUSDT
2022-08-29 00:00:00+00:00,1551.8,1440,0,True,ETHUSDT
2022-08-30 00:00:00+00:00,1524.59,1440,0,True,ETHUSDT
2022-08-31 00:00:00+00:00,1554.1,1440,0,True,ETHUSDT
2022-09-01 00:00:00+00:00,1586.16,1440,0,True,ETHUSDT
2022-09-02 00:00:00+00:00,1575.35,1440,0,True,ETHUSDT
2022-09-03 00:00:00+00:00,1557.46,1440,0,True,ETHUSDT
2022-09-04 00:00:00+00:00,1579.28,1440,0,True,ETHUSDT
2022-09-05 00:00:00+00:00,1617.8,1440,0,True,ETHUSDT
2022-09-06 00:00:00+00:00,1559.01,1440,0,True,ETHUSDT
2022-09-07 00:00:00+00:00,1630.0,1440,0,True,ETHUSDT
2022-09-08 00:00:00+00:00,1635.37,1440,0,True,ETHUSDT
2022-09-09 00:00:00+00:00,1718.23,1440,0,True,ETHUSDT
2022-09-10 00:00:00+00:00,1774.12,1440,0,True,ETHUSDT
2022-09-11 00:00:00+00:00,1766.11,1440,0,True,ETHUSDT
2022-09-12 00:00:00+00:00,1716.37,1440,0,True,ETHUSDT
2022-09-13 00:00:00+00:00,1574.4,1440,0,True,ETHUSDT
2022-09-14 00:00:00+00:00,1638.39,1440,0,True,ETHUSDT
2022-09-15 00:00:00+00:00,1472.75,1440,0,True,ETHUSDT
2022-09-16 00:00:00+00:00,1433.9,1440,0,True,ETHUSDT
2022-09-17 00:00:00+00:00,1468.83,1440,0,True,ETHUSDT
2022-09-18 00:00:00+00:00,1334.51,1440,0,True,ETHUSDT
2022-09-19 00:00:00+00:00,1375.98,1440,0,True,ETHUSDT
2022-09-20 00:00:00+00:00,1322.93,1440,0,True,ETHUSDT
2022-09-21 00:00:00+00:00,1245.78,1440,0,True,ETHUSDT
2022-09-22 00:00:00+00:00,1326.46,1440,0,True,ETHUSDT
2022-09-23 00:00:00+00:00,1327.25,1440,0,True,ETHUSDT
2022-09-24 00:00:00+00:00,1317.13,1440,0,True,ETHUSDT
2022-09-25 00:00:00+00:00,1294.63,1440,0,True,ETHUSDT
2022-09-26 00:00:00+00:00,1336.17,1440,0,True,ETHUSDT
2022-09-27 00:00:00+00:00,1328.02,1440,0,True,ETHUSDT
2022-09-28 00:00:00+00:00,1337.2,1440,0,True,ETHUSDT
2022-09-29 00:00:00+00:00,1335.7,1440,0,True,ETHUSDT
2022-09-30 00:00:00+00:00,1328.72,1440,0,True,ETHUSDT
2022-10-01 00:00:00+00:00,1311.79,1440,0,True,ETHUSDT
2022-10-02 00:00:00+00:00,1276.72,1440,0,True,ETHUSDT
2022-10-03 00:00:00+00:00,1323.09,1440,0,True,ETHUSDT
2022-10-04 00:00:00+00:00,1361.49,1440,0,True,ETHUSDT
2022-10-05 00:00:00+00:00,1352.2,1440,0,True,ETHUSDT
2022-10-06 00:00:00+00:00,1352.06,1440,0,True,ETHUSDT
2022-10-07 00:00:00+00:00,1331.1,1440,0,True,ETHUSDT
2022-10-08 00:00:00+00:00,1315.48,1440,0,True,ETHUSDT
2022-10-09 00:00:00+00:00,1323.13,1440,0,True,ETHUSDT
2022-10-10 00:00:00+00:00,1290.03,1440,0,True,ETHUSDT
2022-10-11 00:00:00+00:00,1280.11,1440,0,True,ETHUSDT
2022-10-12 00:00:00+00:00,1294.44,1440,0,True,ETHUSDT
2022-10-13 00:00:00+00:00,1287.08,1440,0,True,ETHUSDT
2022-10-14 00:00:00+00:00,1296.27,1440,0,True,ETHUSDT
2022-10-15 00:00:00+00:00,1274.92,1440,0,True,ETHUSDT
2022-10-16 00:00:00+00:00,1305.95,1440,0,True,ETHUSDT
2022-10-17 00:00:00+00:00,1331.4,1440,0,True,ETHUSDT
2022-10-18 00:00:00+00:00,1310.71,1440,0,True,ETHUSDT
2022-10-19 00:00:00+00:00,1285.09,1440,0,True,ETHUSDT
2022-10-20 00:00:00+00:00,1282.57,1440,0,True,ETHUSDT
2022-10-21 00:00:00+00:00,1299.75,1440,0,True,ETHUSDT
2022-10-22 00:00:00+00:00,1313.61,1440,0,True,ETHUSDT
2022-10-23 00:00:00+00:00,1364.2,1440,0,True,ETHUSDT
2022-10-24 00:00:00+00:00,1343.61,1440,0,True,ETHUSDT
2022-10-25 00:00:00+00:00,1459.74,1440,0,True,ETHUSDT
2022-10-26 00:00:00+00:00,1566.1,1440,0,True,ETHUSDT
2022-10-27 00:00:00+00:00,1514.05,1440,0,True,ETHUSDT
2022-10-28 00:00:00+00:00,1554.41,1440,0,True,ETHUSDT
2022-10-29 00:00:00+00:00,1619.55,1440,0,True,ETHUSDT
2022-10-30 00:00:00+00:00,1590.44,1440,0,True,ETHUSDT
2022-10-31 00:00:00+00:00,1572.69,1440,0,True,ETHUSDT
2022-11-01 00:00:00+00:00,1578.48,1440,0,True,ETHUSDT
2022-11-02 00:00:00+00:00,1518.34,1440,0,True,ETHUSDT
2022-11-03 00:00:00+00:00,1531.01,1440,0,True,ETHUSDT
2022-11-04 00:00:00+00:00,1644.78,1440,0,True,ETHUSDT
2022-11-05 00:00:00+00:00,1626.98,1440,0,True,ETHUSDT
2022-11-06 00:00:00+00:00,1568.29,1440,0,True,ETHUSDT
2022-11-07 00:00:00+00:00,1568.1,1440,0,True,ETHUSDT
2022-11-08 00:00:00+00:00,1334.77,1440,0,True,ETHUSDT
2022-11-09 00:00:00+00:00,1102.73,1440,0,True,ETHUSDT
2022-11-10 00:00:00+00:00,1299.28,1440,0,True,ETHUSDT
2022-11-11 00:00:00+00:00,1289.28,1440,0,True,ETHUSDT
2022-11-12 00:00:00+00:00,1257.25,1440,0,True,ETHUSDT
2022-11-13 00:00:00+00:00,1221.49,1440,0,True,ETHUSDT
2022-11-14 00:00:00+00:00,1243.28,1440,0,True,ETHUSDT
2022-11-15 00:00:00+00:00,1253.23,1440,0,True,ETHUSDT
2022-11-16 00:00:00+00:00,1216.17,1440,0,True,ETHUSDT
2022-11-17 00:00:00+00:00,1200.43,1440,0,True,ETHUSDT
2022-11-18 00:00:00+00:00,1212.58,1440,0,True,ETHUSDT
2022-11-19 00:00:00+00:00,1217.67,1440,0,True,ETHUSDT
2022-11-20 00:00:00+00:00,1142.21,1440,0,True,ETHUSDT
2022-11-21 00:00:00+00:00,1107.34,1440,0,True,ETHUSDT
2022-11-22 00:00:00+00:00,1139.6,1440,0,True,ETHUSDT
2022-11-23 00:00:00+00:00,1184.52,1440,0,True,ETHUSDT
2022-11-24 00:00:00+00:00,1203.73,1440,0,True,ETHUSDT
2022-11-25 00:00:00+00:00,1199.3,1440,0,True,ETHUSDT
2022-11-26 00:00:00+00:00,1205.6,1440,0,True,ETHUSDT
2022-11-27 00:00:00+00:00,1193.88,1440,0,True,ETHUSDT
2022-11-28 00:00:00+00:00,1167.77,1440,0,True,ETHUSDT
2022-11-29 00:00:00+00:00,1216.49,1440,0,True,ETHUSDT
2022-11-30 00:00:00+00:00,1294.46,1440,0,True,ETHUSDT
2022-12-01 00:00:00+00:00,1276.41,1440,0,True,ETHUSDT
2022-12-02 00:00:00+00:00,1295.59,1440,0,True,ETHUSDT
2022-12-03 00:00:00+00:00,1240.51,1440,0,True,ETHUSDT
2022-12-04 00:00:00+00:00,1279.41,1440,0,True,ETHUSDT
2022-12-05 00:00:00+00:00,1259.41,1440,0,True,ETHUSDT
2022-12-06 00:00:00+00:00,1271.32,1440,0,True,ETHUSDT
2022-12-07 00:00:00+00:00,1231.18,1440,0,True,ETHUSDT
2022-12-08 00:00:00+00:00,1280.18,1440,0,True,ETHUSDT
2022-12-09 00:00:00+00:00,1263.1,1440,0,True,ETHUSDT
2022-12-10 00:00:00+00:00,1266.35,1440,0,True,ETHUSDT
2022-12-11 00:00:00+00:00,1263.01,1440,0,True,ETHUSDT
2022-12-12 00:00:00+00:00,1275.4,1440,0,True,ETHUSDT
2022-12-13 00:00:00+00:00,1320.69,1440,0,True,ETHUSDT
2022-12-14 00:00:00+00:00,1307.44,1440,0,True,ETHUSDT
2022-12-15 00:00:00+00:00,1266.54,1440,0,True,ETHUSDT
2022-12-16 00:00:00+00:00,1166.83,1440,0,True,ETHUSDT
2022-12-17 00:00:00+00:00,1187.16,1440,0,True,ETHUSDT
2022-12-18 00:00:00+00:00,1183.06,1440,0,True,ETHUSDT
2022-12-19 00:00:00+00:00,1167.82,1440,0,True,ETHUSDT
2022-12-20 00:00:00+00:00,1216.94,1440,0,True,ETHUSDT
2022-12-21 00:00:00+00:00,1213.78,1440,0,True,ETHUSDT
2022-12-22 00:00:00+00:00,1217.71,1440,0,True,ETHUSDT
2022-12-23 00:00:00+00:00,1219.99,1440,0,True,ETHUSDT
2022-12-24 00:00:00+00:00,1220.41,1440,0,True,ETHUSDT
2022-12-25 00:00:00+00:00,1218.51,1440,0,True,ETHUSDT
2022-12-26 00:00:00+00:00,1228.11,1440,0,True,ETHUSDT
2022-12-27 00:00:00+00:00,1211.55,1440,0,True,ETHUSDT
2022-12-28 00:00:00+00:00,1190.15,1440,0,True,ETHUSDT
2022-12-29 00:00:00+00:00,1200.49,1440,0,True,ETHUSDT
2022-12-30 00:00:00+00:00,1199.99,1440,0,True,ETHUSDT
2022-12-31 00:00:00+00:00,1196.13,1440,0,True,ETHUSDT
2023-01-01 00:00:00+00:00,1200.34,1440,0,True,ETHUSDT
2023-01-02 00:00:00+00:00,1214.0,1440,0,True,ETHUSDT
2023-01-03 00:00:00+00:00,1214.55,1440,0,True,ETHUSDT
2023-01-04 00:00:00+00:00,1256.9,1440,0,True,ETHUSDT
2023-01-05 00:00:00+00:00,1251.24,1440,0,True,ETHUSDT
2023-01-06 00:00:00+00:00,1269.14,1440,0,True,ETHUSDT
2023-01-07 00:00:00+00:00,1264.07,1440,0,True,ETHUSDT
2023-01-08 00:00:00+00:00,1290.16,1440,0,True,ETHUSDT
2023-01-09 00:00:00+00:00,1320.39,1440,0,True,ETHUSDT
2023-01-10 00:00:00+00:00,1335.62,1440,0,True,ETHUSDT
2023-01-11 00:00:00+00:00,1389.39,1440,0,True,ETHUSDT
2023-01-12 00:00:00+00:00,1415.92,1440,0,True,ETHUSDT
2023-01-13 00:00:00+00:00,1451.2,1440,0,True,ETHUSDT
2023-01-14 00:00:00+00:00,1549.9,1440,0,True,ETHUSDT
2023-01-15 00:00:00+00:00,1552.52,1440,0,True,ETHUSDT
2023-01-16 00:00:00+00:00,1576.94,1440,0,True,ETHUSDT
2023-01-17 00:00:00+00:00,1565.57,1440,0,True,ETHUSDT
2023-01-18 00:00:00+00:00,1511.43,1440,0,True,ETHUSDT
2023-01-19 00:00:00+00:00,1551.09,1440,0,True,ETHUSDT
2023-01-20 00:00:00+00:00,1658.52,1440,0,True,ETHUSDT
2023-01-21 00:00:00+00:00,1626.66,1440,0,True,ETHUSDT
2023-01-22 00:00:00+00:00,1627.44,1440,0,True,ETHUSDT
2023-01-23 00:00:00+00:00,1626.29,1440,0,True,ETHUSDT
2023-01-24 00:00:00+00:00,1555.97,1440,0,True,ETHUSDT
2023-01-25 00:00:00+00:00,1611.94,1440,0,True,ETHUSDT
2023-01-26 00:00:00+00:00,1601.09,1440,0,True,ETHUSDT
2023-01-27 00:00:00+00:00,1597.62,1440,0,True,ETHUSDT
2023-01-28 00:00:00+00:00,1572.1,1440,0,True,ETHUSDT
2023-01-29 00:00:00+00:00,1644.72,1440,0,True,ETHUSDT
2023-01-30 00:00:00+00:00,1566.2,1440,0,True,ETHUSDT
2023-01-31 00:00:00+00:00,1585.33,1440,0,True,ETHUSDT
2023-02-01 00:00:00+00:00,1641.68,1440,0,True,ETHUSDT
2023-02-02 00:00:00+00:00,1643.12,1440,0,True,ETHUSDT
2023-02-03 00:00:00+00:00,1663.52,1440,0,True,ETHUSDT
2023-02-04 00:00:00+00:00,1666.38,1440,0,True,ETHUSDT
2023-02-05 00:00:00+00:00,1629.02,1440,0,True,ETHUSDT
2023-02-06 00:00:00+00:00,1614.29,1440,0,True,ETHUSDT
2023-02-07 00:00:00+00:00,1671.03,1440,0,True,ETHUSDT
2023-02-08 00:00:00+00:00,1650.43,1440,0,True,ETHUSDT
2023-02-09 00:00:00+00:00,1545.35,1440,0,True,ETHUSDT
2023-02-10 00:00:00+00:00,1513.06,1440,0,True,ETHUSDT
2023-02-11 00:00:00+00:00,1538.51,1440,0,True,ETHUSDT
2023-02-12 00:00:00+00:00,1514.83,1440,0,True,ETHUSDT
2023-02-13 00:00:00+00:00,1505.24,1440,0,True,ETHUSDT
2023-02-14 00:00:00+00:00,1555.71,1440,0,True,ETHUSDT
2023-02-15 00:00:00+00:00,1674.92,1440,0,True,ETHUSDT
2023-02-16 00:00:00+00:00,1637.84,1440,0,True,ETHUSDT
2023-02-17 00:00:00+00:00,1693.87,1440,0,True,ETHUSDT
2023-02-18 00:00:00+00:00,1691.62,1440,0,True,ETHUSDT
2023-02-19 00:00:00+00:00,1679.75,1440,0,True,ETHUSDT
2023-02-20 00:00:00+00:00,1703.27,1440,0,True,ETHUSDT
2023-02-21 00:00:00+00:00,1659.76,1440,0,True,ETHUSDT
2023-02-22 00:00:00+00:00,1643.14,1440,0,True,ETHUSDT
2023-02-23 00:00:00+00:00,1650.53,1440,0,True,ETHUSDT
2023-02-24 00:00:00+00:00,1607.8,1440,0,True,ETHUSDT
2023-02-25 00:00:00+00:00,1594.58,1440,0,True,ETHUSDT
2023-02-26 00:00:00+00:00,1641.36,1440,0,True,ETHUSDT
2023-02-27 00:00:00+00:00,1633.45,1440,0,True,ETHUSDT
2023-02-28 00:00:00+00:00,1605.23,1440,0,True,ETHUSDT
2023-03-01 00:00:00+00:00,1665.22,1440,0,True,ETHUSDT
2023-03-02 00:00:00+00:00,1647.86,1440,0,True,ETHUSDT
2023-03-03 00:00:00+00:00,1569.45,1440,0,True,ETHUSDT
2023-03-04 00:00:00+00:00,1566.73,1440,0,True,ETHUSDT
2023-03-05 00:00:00+00:00,1564.58,1440,0,True,ETHUSDT
2023-03-06 00:00:00+00:00,1565.84,1440,0,True,ETHUSDT
2023-03-07 00:00:00+00:00,1561.96,1440,0,True,ETHUSDT
2023-03-08 00:00:00+00:00,1532.38,1440,0,True,ETHUSDT
2023-03-09 00:00:00+00:00,1437.32,1440,0,True,ETHUSDT
2023-03-10 00:00:00+00:00,1426.44,1440,0,True,ETHUSDT
2023-03-11 00:00:00+00:00,1471.97,1440,0,True,ETHUSDT
2023-03-12 00:00:00+00:00,1580.33,1440,0,True,ETHUSDT
2023-03-13 00:00:00+00:00,1673.45,1440,0,True,ETHUSDT
2023-03-14 00:00:00+00:00,1699.4,1440,0,True,ETHUSDT
2023-03-15 00:00:00+00:00,1649.96,1440,0,True,ETHUSDT
2023-03-16 00:00:00+00:00,1673.73,1440,0,True,ETHUSDT
2023-03-17 00:00:00+00:00,1789.27,1440,0,True,ETHUSDT
2023-03-18 00:00:00+00:00,1758.84,1440,0,True,ETHUSDT
2023-03-19 00:00:00+00:00,1780.68,1440,0,True,ETHUSDT
2023-03-20 00:00:00+00:00,1732.78,1440,0,True,ETHUSDT
2023-03-21 00:00:00+00:00,1801.23,1440,0,True,ETHUSDT
2023-03-22 00:00:00+00:00,1734.33,1440,0,True,ETHUSDT
2023-03-23 00:00:00+00:00,1813.79,1440,0,True,ETHUSDT
2023-03-24 00:00:00+00:00,,1360,1,False,ETHUSDT
2023-03-25 00:00:00+00:00,1741.88,1440,0,True,ETHUSDT
2023-03-26 00:00:00+00:00,1773.88,1440,0,True,ETHUSDT
2023-03-27 00:00:00+00:00,1715.22,1440,0,True,ETHUSDT
2023-03-28 00:00:00+00:00,1772.99,1440,0,True,ETHUSDT
2023-03-29 00:00:00+00:00,1793.07,1440,0,True,ETHUSDT
2023-03-30 00:00:00+00:00,1793.61,1440,0,True,ETHUSDT
2023-03-31 00:00:00+00:00,1821.52,1440,0,True,ETHUSDT
2023-04-01 00:00:00+00:00,1820.79,1440,0,True,ETHUSDT
2023-04-02 00:00:00+00:00,1794.51,1440,0,True,ETHUSDT
2023-04-03 00:00:00+00:00,1810.51,1440,0,True,ETHUSDT
2023-04-04 00:00:00+00:00,1870.37,1440,0,True,ETHUSDT
2023-04-05 00:00:00+00:00,1908.69,1440,0,True,ETHUSDT
2023-04-06 00:00:00+00:00,1872.41,1440,0,True,ETHUSDT
2023-04-07 00:00:00+00:00,1863.72,1440,0,True,ETHUSDT
2023-04-08 00:00:00+00:00,1848.82,1440,0,True,ETHUSDT
2023-04-09 00:00:00+00:00,1858.92,1440,0,True,ETHUSDT
2023-04-10 00:00:00+00:00,1910.2,1440,0,True,ETHUSDT
2023-04-11 00:00:00+00:00,1889.86,1440,0,True,ETHUSDT
2023-04-12 00:00:00+00:00,1917.39,1440,0,True,ETHUSDT
2023-04-13 00:00:00+00:00,2012.01,1440,0,True,ETHUSDT
2023-04-14 00:00:00+00:00,2099.99,1440,0,True,ETHUSDT
2023-04-15 00:00:00+00:00,2090.6,1440,0,True,ETHUSDT
2023-04-16 00:00:00+00:00,2118.67,1440,0,True,ETHUSDT
2023-04-17 00:00:00+00:00,2074.0,1440,0,True,ETHUSDT
2023-04-18 00:00:00+00:00,2103.5,1440,0,True,ETHUSDT
2023-04-19 00:00:00+00:00,1933.73,1440,0,True,ETHUSDT
2023-04-20 00:00:00+00:00,1942.98,1440,0,True,ETHUSDT
2023-04-21 00:00:00+00:00,1848.78,1440,0,True,ETHUSDT
2023-04-22 00:00:00+00:00,1874.16,1440,0,True,ETHUSDT
2023-04-23 00:00:00+00:00,1862.0,1440,0,True,ETHUSDT
2023-04-24 00:00:00+00:00,1841.84,1440,0,True,ETHUSDT
2023-04-25 00:00:00+00:00,1866.1,1440,0,True,ETHUSDT
2023-04-26 00:00:00+00:00,1866.01,1440,0,True,ETHUSDT
2023-04-27 00:00:00+00:00,1908.68,1440,0,True,ETHUSDT
2023-04-28 00:00:00+00:00,1890.94,1440,0,True,ETHUSDT
2023-04-29 00:00:00+00:00,1907.8,1440,0,True,ETHUSDT
2023-04-30 00:00:00+00:00,1870.09,1440,0,True,ETHUSDT
2023-05-01 00:00:00+00:00,1830.73,1440,0,True,ETHUSDT
2023-05-02 00:00:00+00:00,1870.08,1440,0,True,ETHUSDT
2023-05-03 00:00:00+00:00,1905.12,1440,0,True,ETHUSDT
2023-05-04 00:00:00+00:00,1877.07,1440,0,True,ETHUSDT
2023-05-05 00:00:00+00:00,1993.3,1440,0,True,ETHUSDT
2023-05-06 00:00:00+00:00,1896.33,1440,0,True,ETHUSDT
2023-05-07 00:00:00+00:00,1870.4,1440,0,True,ETHUSDT
2023-05-08 00:00:00+00:00,1847.56,1440,0,True,ETHUSDT
2023-05-09 00:00:00+00:00,1846.52,1440,0,True,ETHUSDT
2023-05-10 00:00:00+00:00,1840.84,1440,0,True,ETHUSDT
2023-05-11 00:00:00+00:00,1794.3,1440,0,True,ETHUSDT
2023-05-12 00:00:00+00:00,1807.45,1440,0,True,ETHUSDT
2023-05-13 00:00:00+00:00,1795.11,1440,0,True,ETHUSDT
2023-05-14 00:00:00+00:00,1799.21,1440,0,True,ETHUSDT
2023-05-15 00:00:00+00:00,1816.2,1440,0,True,ETHUSDT
2023-05-16 00:00:00+00:00,1824.21,1440,0,True,ETHUSDT
2023-05-17 00:00:00+00:00,1822.12,1440,0,True,ETHUSDT
2023-05-18 00:00:00+00:00,1800.56,1440,0,True,ETHUSDT
2023-05-19 00:00:00+00:00,1812.32,1440,0,True,ETHUSDT
2023-05-20 00:00:00+00:00,1819.42,1440,0,True,ETHUSDT
2023-05-21 00:00:00+00:00,1804.91,1440,0,True,ETHUSDT
2023-05-22 00:00:00+00:00,1817.35,1440,0,True,ETHUSDT
2023-05-23 00:00:00+00:00,1854.05,1440,0,True,ETHUSDT
2023-05-24 00:00:00+00:00,1799.89,1440,0,True,ETHUSDT
2023-05-25 00:00:00+00:00,1805.6,1440,0,True,ETHUSDT
2023-05-26 00:00:00+00:00,1827.79,1440,0,True,ETHUSDT
2023-05-27 00:00:00+00:00,1829.89,1440,0,True,ETHUSDT
2023-05-28 00:00:00+00:00,1908.64,1440,0,True,ETHUSDT
2023-05-29 00:00:00+00:00,1892.6,1440,0,True,ETHUSDT
2023-05-30 00:00:00+00:00,1900.59,1440,0,True,ETHUSDT
2023-05-31 00:00:00+00:00,1873.63,1440,0,True,ETHUSDT
2023-06-01 00:00:00+00:00,1861.78,1440,0,True,ETHUSDT
2023-06-02 00:00:00+00:00,1906.68,1440,0,True,ETHUSDT
2023-06-03 00:00:00+00:00,1892.06,1440,0,True,ETHUSDT
2023-06-04 00:00:00+00:00,1890.01,1440,0,True,ETHUSDT
2023-06-05 00:00:00+00:00,1810.5,1440,0,True,ETHUSDT
2023-06-06 00:00:00+00:00,1884.64,1440,0,True,ETHUSDT
2023-06-07 00:00:00+00:00,1832.13,1440,0,True,ETHUSDT
2023-06-08 00:00:00+00:00,1845.64,1440,0,True,ETHUSDT
2023-06-09 00:00:00+00:00,1840.37,1440,0,True,ETHUSDT
2023-06-10 00:00:00+00:00,1751.53,1440,0,True,ETHUSDT
2023-06-11 00:00:00+00:00,1752.76,1440,0,True,ETHUSDT
2023-06-12 00:00:00+00:00,1742.57,1440,0,True,ETHUSDT
2023-06-13 00:00:00+00:00,1740.12,1440,0,True,ETHUSDT
2023-06-14 00:00:00+00:00,1650.95,1440,0,True,ETHUSDT
2023-06-15 00:00:00+00:00,1666.96,1440,0,True,ETHUSDT
2023-06-16 00:00:00+00:00,1717.92,1440,0,True,ETHUSDT
2023-06-17 00:00:00+00:00,1727.76,1440,0,True,ETHUSDT
2023-06-18 00:00:00+00:00,1720.95,1440,0,True,ETHUSDT
2023-06-19 00:00:00+00:00,1737.11,1440,0,True,ETHUSDT
2023-06-20 00:00:00+00:00,1791.99,1440,0,True,ETHUSDT
2023-06-21 00:00:00+00:00,1889.11,1440,0,True,ETHUSDT
2023-06-22 00:00:00+00:00,1872.01,1440,0,True,ETHUSDT
2023-06-23 00:00:00+00:00,1892.63,1440,0,True,ETHUSDT
2023-06-24 00:00:00+00:00,1874.96,1440,0,True,ETHUSDT
2023-06-25 00:00:00+00:00,1898.8,1440,0,True,ETHUSDT
2023-06-26 00:00:00+00:00,1858.97,1440,0,True,ETHUSDT
2023-06-27 00:00:00+00:00,1889.58,1440,0,True,ETHUSDT
2023-06-28 00:00:00+00:00,1828.02,1440,0,True,ETHUSDT
2023-06-29 00:00:00+00:00,1851.99,1440,0,True,ETHUSDT
2023-06-30 00:00:00+00:00,1933.79,1440,0,True,ETHUSDT
2023-07-01 00:00:00+00:00,1924.5,1440,0,True,ETHUSDT
2023-07-02 00:00:00+00:00,1937.48,1440,0,True,ETHUSDT
2023-07-03 00:00:00+00:00,1955.54,1440,0,True,ETHUSDT
2023-07-04 00:00:00+00:00,1936.2,1440,0,True,ETHUSDT
2023-07-05 00:00:00+00:00,1910.36,1440,0,True,ETHUSDT
2023-07-06 00:00:00+00:00,1846.17,1440,0,True,ETHUSDT
2023-07-07 00:00:00+00:00,1870.91,1440,0,True,ETHUSDT
2023-07-08 00:00:00+00:00,1865.24,1440,0,True,ETHUSDT
2023-07-09 00:00:00+00:00,1862.8,1440,0,True,ETHUSDT
2023-07-10 00:00:00+00:00,1880.4,1440,0,True,ETHUSDT
2023-07-11 00:00:00+00:00,1878.3,1440,0,True,ETHUSDT
2023-07-12 00:00:00+00:00,1871.82,1440,0,True,ETHUSDT
2023-07-13 00:00:00+00:00,2004.49,1440,0,True,ETHUSDT
2023-07-14 00:00:00+00:00,1937.83,1440,0,True,ETHUSDT
2023-07-15 00:00:00+00:00,1931.41,1440,0,True,ETHUSDT
2023-07-16 00:00:00+00:00,1922.11,1440,0,True,ETHUSDT
2023-07-17 00:00:00+00:00,1911.2,1440,0,True,ETHUSDT
2023-07-18 00:00:00+00:00,1897.21,1440,0,True,ETHUSDT
2023-07-19 00:00:00+00:00,1888.63,1440,0,True,ETHUSDT
2023-07-20 00:00:00+00:00,1891.59,1440,0,True,ETHUSDT
2023-07-21 00:00:00+00:00,1891.73,1440,0,True,ETHUSDT
2023-07-22 00:00:00+00:00,1866.52,1440,0,True,ETHUSDT
2023-07-23 00:00:00+00:00,1888.73,1440,0,True,ETHUSDT
2023-07-24 00:00:00+00:00,1850.0,1440,0,True,ETHUSDT
2023-07-25 00:00:00+00:00,1857.66,1440,0,True,ETHUSDT
2023-07-26 00:00:00+00:00,1872.0,1440,0,True,ETHUSDT
2023-07-27 00:00:00+00:00,1861.28,1440,0,True,ETHUSDT
2023-07-28 00:00:00+00:00,1874.19,1440,0,True,ETHUSDT
2023-07-29 00:00:00+00:00,1880.46,1440,0,True,ETHUSDT
2023-07-30 00:00:00+00:00,1861.79,1440,0,True,ETHUSDT
2023-07-31 00:00:00+00:00,1856.14,1440,0,True,ETHUSDT
2023-08-01 00:00:00+00:00,1873.47,1440,0,True,ETHUSDT
2023-08-02 00:00:00+00:00,1839.9,1440,0,True,ETHUSDT
2023-08-03 00:00:00+00:00,1835.81,1440,0,True,ETHUSDT
2023-08-04 00:00:00+00:00,1830.23,1440,0,True,ETHUSDT
2023-08-05 00:00:00+00:00,1836.48,1440,0,True,ETHUSDT
2023-08-06 00:00:00+00:00,1830.28,1440,0,True,ETHUSDT
2023-08-07 00:00:00+00:00,1829.1,1440,0,True,ETHUSDT
2023-08-08 00:00:00+00:00,1856.3,1440,0,True,ETHUSDT
2023-08-09 00:00:00+00:00,1855.35,1440,0,True,ETHUSDT
2023-08-10 00:00:00+00:00,1852.47,1440,0,True,ETHUSDT
2023-08-11 00:00:00+00:00,1848.84,1440,0,True,ETHUSDT
2023-08-12 00:00:00+00:00,1849.93,1440,0,True,ETHUSDT
2023-08-13 00:00:00+00:00,1840.73,1440,0,True,ETHUSDT
2023-08-14 00:00:00+00:00,1845.5,1440,0,True,ETHUSDT
2023-08-15 00:00:00+00:00,1828.98,1440,0,True,ETHUSDT
2023-08-16 00:00:00+00:00,1807.81,1440,0,True,ETHUSDT
2023-08-17 00:00:00+00:00,1681.49,1440,0,True,ETHUSDT
2023-08-18 00:00:00+00:00,1661.59,1440,0,True,ETHUSDT
2023-08-19 00:00:00+00:00,1669.67,1440,0,True,ETHUSDT
2023-08-20 00:00:00+00:00,1685.24,1440,0,True,ETHUSDT
2023-08-21 00:00:00+00:00,1667.55,1440,0,True,ETHUSDT
2023-08-22 00:00:00+00:00,1634.99,1440,0,True,ETHUSDT
2023-08-23 00:00:00+00:00,1679.61,1440,0,True,ETHUSDT
2023-08-24 00:00:00+00:00,1661.16,1440,0,True,ETHUSDT
2023-08-25 00:00:00+00:00,1653.8,1440,0,True,ETHUSDT
2023-08-26 00:00:00+00:00,1647.04,1440,0,True,ETHUSDT
2023-08-27 00:00:00+00:00,1658.33,1440,0,True,ETHUSDT
2023-08-28 00:00:00+00:00,1653.08,1440,0,True,ETHUSDT
2023-08-29 00:00:00+00:00,1729.42,1440,0,True,ETHUSDT
2023-08-30 00:00:00+00:00,1705.23,1440,0,True,ETHUSDT
2023-08-31 00:00:00+00:00,1645.76,1440,0,True,ETHUSDT
2023-09-01 00:00:00+00:00,1629.12,1440,0,True,ETHUSDT
2023-09-02 00:00:00+00:00,1637.03,1440,0,True,ETHUSDT
2023-09-03 00:00:00+00:00,1635.84,1440,0,True,ETHUSDT
2023-09-04 00:00:00+00:00,1630.51,1440,0,True,ETHUSDT
2023-09-05 00:00:00+00:00,1634.45,1440,0,True,ETHUSDT
2023-09-06 00:00:00+00:00,1633.15,1440,0,True,ETHUSDT
2023-09-07 00:00:00+00:00,1648.11,1440,0,True,ETHUSDT
2023-09-08 00:00:00+00:00,1636.44,1440,0,True,ETHUSDT
2023-09-09 00:00:00+00:00,1635.54,1440,0,True,ETHUSDT
2023-09-10 00:00:00+00:00,1617.42,1440,0,True,ETHUSDT
2023-09-11 00:00:00+00:00,1551.85,1440,0,True,ETHUSDT
2023-09-12 00:00:00+00:00,1592.97,1440,0,True,ETHUSDT
2023-09-13 00:00:00+00:00,1607.62,1440,0,True,ETHUSDT
2023-09-14 00:00:00+00:00,1626.47,1440,0,True,ETHUSDT
2023-09-15 00:00:00+00:00,1641.29,1440,0,True,ETHUSDT
2023-09-16 00:00:00+00:00,1634.4,1440,0,True,ETHUSDT
2023-09-17 00:00:00+00:00,1622.48,1440,0,True,ETHUSDT
2023-09-18 00:00:00+00:00,1636.66,1440,0,True,ETHUSDT
2023-09-19 00:00:00+00:00,1643.12,1440,0,True,ETHUSDT
2023-09-20 00:00:00+00:00,1622.26,1440,0,True,ETHUSDT
2023-09-21 00:00:00+00:00,1583.94,1440,0,True,ETHUSDT
2023-09-22 00:00:00+00:00,1593.08,1440,0,True,ETHUSDT
2023-09-23 00:00:00+00:00,1593.86,1440,0,True,ETHUSDT
2023-09-24 00:00:00+00:00,1580.71,1440,0,True,ETHUSDT
2023-09-25 00:00:00+00:00,1588.33,1440,0,True,ETHUSDT
2023-09-26 00:00:00+00:00,1594.01,1440,0,True,ETHUSDT
2023-09-27 00:00:00+00:00,1598.64,1440,0,True,ETHUSDT
2023-09-28 00:00:00+00:00,1652.99,1440,0,True,ETHUSDT
2023-09-29 00:00:00+00:00,1667.45,1440,0,True,ETHUSDT
2023-09-30 00:00:00+00:00,1670.89,1440,0,True,ETHUSDT
2023-10-01 00:00:00+00:00,1733.79,1440,0,True,ETHUSDT
2023-10-02 00:00:00+00:00,1662.4,1440,0,True,ETHUSDT
2023-10-03 00:00:00+00:00,1656.88,1440,0,True,ETHUSDT
2023-10-04 00:00:00+00:00,1646.58,1440,0,True,ETHUSDT
2023-10-05 00:00:00+00:00,1611.79,1440,0,True,ETHUSDT
2023-10-06 00:00:00+00:00,1645.03,1440,0,True,ETHUSDT
2023-10-07 00:00:00+00:00,1633.57,1440,0,True,ETHUSDT
2023-10-08 00:00:00+00:00,1632.84,1440,0,True,ETHUSDT
2023-10-09 00:00:00+00:00,1580.13,1440,0,True,ETHUSDT
2023-10-10 00:00:00+00:00,1567.63,1440,0,True,ETHUSDT
2023-10-11 00:00:00+00:00,1566.87,1440,0,True,ETHUSDT
2023-10-12 00:00:00+00:00,1539.61,1440,0,True,ETHUSDT
2023-10-13 00:00:00+00:00,1552.16,1440,0,True,ETHUSDT
2023-10-14 00:00:00+00:00,1554.94,1440,0,True,ETHUSDT
2023-10-15 00:00:00+00:00,1557.77,1440,0,True,ETHUSDT
2023-10-16 00:00:00+00:00,1599.42,1440,0,True,ETHUSDT
2023-10-17 00:00:00+00:00,1565.01,1440,0,True,ETHUSDT
2023-10-18 00:00:00+00:00,1563.44,1440,0,True,ETHUSDT
2023-10-19 00:00:00+00:00,1566.57,1440,0,True,ETHUSDT
2023-10-20 00:00:00+00:00,1603.89,1440,0,True,ETHUSDT
2023-10-21 00:00:00+00:00,1628.94,1440,0,True,ETHUSDT
2023-10-22 00:00:00+00:00,1663.7,1440,0,True,ETHUSDT
2023-10-23 00:00:00+00:00,1765.46,1440,0,True,ETHUSDT
2023-10-24 00:00:00+00:00,1784.98,1440,0,True,ETHUSDT
2023-10-25 00:00:00+00:00,1787.15,1440,0,True,ETHUSDT
2023-10-26 00:00:00+00:00,1803.38,1440,0,True,ETHUSDT
2023-10-27 00:00:00+00:00,1779.4,1440,0,True,ETHUSDT
2023-10-28 00:00:00+00:00,1776.2,1440,0,True,ETHUSDT
2023-10-29 00:00:00+00:00,1795.14,1440,0,True,ETHUSDT
2023-10-30 00:00:00+00:00,1809.04,1440,0,True,ETHUSDT
2023-10-31 00:00:00+00:00,1814.67,1440,0,True,ETHUSDT
2023-11-01 00:00:00+00:00,1846.99,1440,0,True,ETHUSDT
2023-11-02 00:00:00+00:00,1800.8,1440,0,True,ETHUSDT
2023-11-03 00:00:00+00:00,1832.71,1440,0,True,ETHUSDT
2023-11-04 00:00:00+00:00,1855.54,1440,0,True,ETHUSDT
2023-11-05 00:00:00+00:00,1891.71,1440,0,True,ETHUSDT
2023-11-06 00:00:00+00:00,1900.95,1440,0,True,ETHUSDT
2023-11-07 00:00:00+00:00,1885.27,1440,0,True,ETHUSDT
2023-11-08 00:00:00+00:00,1888.12,1440,0,True,ETHUSDT
2023-11-09 00:00:00+00:00,2121.32,1440,0,True,ETHUSDT
2023-11-10 00:00:00+00:00,2077.72,1440,0,True,ETHUSDT
2023-11-11 00:00:00+00:00,2053.17,1440,0,True,ETHUSDT
2023-11-12 00:00:00+00:00,2044.68,1440,0,True,ETHUSDT
2023-11-13 00:00:00+00:00,2053.65,1440,0,True,ETHUSDT
2023-11-14 00:00:00+00:00,1979.39,1440,0,True,ETHUSDT
2023-11-15 00:00:00+00:00,2058.48,1440,0,True,ETHUSDT
2023-11-16 00:00:00+00:00,1961.77,1440,0,True,ETHUSDT
2023-11-17 00:00:00+00:00,1960.82,1440,0,True,ETHUSDT
2023-11-18 00:00:00+00:00,1962.6,1440,0,True,ETHUSDT
2023-11-19 00:00:00+00:00,2011.47,1440,0,True,ETHUSDT
2023-11-20 00:00:00+00:00,2021.4,1440,0,True,ETHUSDT
2023-11-21 00:00:00+00:00,1933.01,1440,0,True,ETHUSDT
2023-11-22 00:00:00+00:00,2063.21,1440,0,True,ETHUSDT
2023-11-23 00:00:00+00:00,2062.2,1440,0,True,ETHUSDT
2023-11-24 00:00:00+00:00,2080.84,1440,0,True,ETHUSDT
2023-11-25 00:00:00+00:00,2083.09,1440,0,True,ETHUSDT
2023-11-26 00:00:00+00:00,2062.33,1440,0,True,ETHUSDT
2023-11-27 00:00:00+00:00,2027.5,1440,0,True,ETHUSDT
2023-11-28 00:00:00+00:00,2048.14,1440,0,True,ETHUSDT
2023-11-29 00:00:00+00:00,2028.81,1440,0,True,ETHUSDT
2023-11-30 00:00:00+00:00,2051.96,1440,0,True,ETHUSDT
2023-12-01 00:00:00+00:00,2087.24,1440,0,True,ETHUSDT
2023-12-02 00:00:00+00:00,2164.74,1440,0,True,ETHUSDT
2023-12-03 00:00:00+00:00,2192.95,1440,0,True,ETHUSDT
2023-12-04 00:00:00+00:00,2243.37,1440,0,True,ETHUSDT
2023-12-05 00:00:00+00:00,2293.33,1440,0,True,ETHUSDT
2023-12-06 00:00:00+00:00,2232.7,1440,0,True,ETHUSDT
2023-12-07 00:00:00+00:00,2355.73,1440,0,True,ETHUSDT
2023-12-08 00:00:00+00:00,2358.72,1440,0,True,ETHUSDT
2023-12-09 00:00:00+00:00,2340.49,1440,0,True,ETHUSDT
2023-12-10 00:00:00+00:00,2352.39,1440,0,True,ETHUSDT
2023-12-11 00:00:00+00:00,2225.12,1440,0,True,ETHUSDT
2023-12-12 00:00:00+00:00,2203.46,1440,0,True,ETHUSDT
2023-12-13 00:00:00+00:00,2260.16,1440,0,True,ETHUSDT
2023-12-14 00:00:00+00:00,2315.32,1440,0,True,ETHUSDT
2023-12-15 00:00:00+00:00,2220.5,1440,0,True,ETHUSDT
2023-12-16 00:00:00+00:00,2228.96,1440,0,True,ETHUSDT
2023-12-17 00:00:00+00:00,2196.52,1440,0,True,ETHUSDT
2023-12-18 00:00:00+00:00,2219.43,1440,0,True,ETHUSDT
2023-12-19 00:00:00+00:00,2177.91,1440,0,True,ETHUSDT
2023-12-20 00:00:00+00:00,2202.17,1440,0,True,ETHUSDT
2023-12-21 00:00:00+00:00,2239.61,1440,0,True,ETHUSDT
2023-12-22 00:00:00+00:00,2324.54,1440,0,True,ETHUSDT
2023-12-23 00:00:00+00:00,2308.2,1440,0,True,ETHUSDT
2023-12-24 00:00:00+00:00,2264.05,1440,0,True,ETHUSDT
2023-12-25 00:00:00+00:00,2271.35,1440,0,True,ETHUSDT
2023-12-26 00:00:00+00:00,2230.88,1440,0,True,ETHUSDT
2023-12-27 00:00:00+00:00,2378.35,1440,0,True,ETHUSDT
2023-12-28 00:00:00+00:00,2344.15,1440,0,True,ETHUSDT
2023-12-29 00:00:00+00:00,2299.2,1440,0,True,ETHUSDT
2023-12-30 00:00:00+00:00,2291.68,1440,0,True,ETHUSDT
2023-12-31 00:00:00+00:00,2281.87,1440,0,True,ETHUSDT
2024-01-01 00:00:00+00:00,2352.04,1440,0,True,ETHUSDT
2024-01-02 00:00:00+00:00,2355.34,1440,0,True,ETHUSDT
2024-01-03 00:00:00+00:00,2209.72,1440,0,True,ETHUSDT
2024-01-04 00:00:00+00:00,2267.11,1440,0,True,ETHUSDT
2024-01-05 00:00:00+00:00,2268.78,1440,0,True,ETHUSDT
2024-01-06 00:00:00+00:00,2240.78,1440,0,True,ETHUSDT
2024-01-07 00:00:00+00:00,2221.42,1440,0,True,ETHUSDT
2024-01-08 00:00:00+00:00,2330.44,1440,0,True,ETHUSDT
2024-01-09 00:00:00+00:00,2344.29,1440,0,True,ETHUSDT
2024-01-10 00:00:00+00:00,2584.38,1440,0,True,ETHUSDT
2024-01-11 00:00:00+00:00,2618.01,1440,0,True,ETHUSDT
2024-01-12 00:00:00+00:00,2522.54,1440,0,True,ETHUSDT
2024-01-13 00:00:00+00:00,2578.19,1440,0,True,ETHUSDT
2024-01-14 00:00:00+00:00,2472.87,1440,0,True,ETHUSDT
2024-01-15 00:00:00+00:00,2511.78,1440,0,True,ETHUSDT
2024-01-16 00:00:00+00:00,2587.4,1440,0,True,ETHUSDT
2024-01-17 00:00:00+00:00,2530.19,1440,0,True,ETHUSDT
2024-01-18 00:00:00+00:00,2470.81,1440,0,True,ETHUSDT
2024-01-19 00:00:00+00:00,2492.0,1440,0,True,ETHUSDT
2024-01-20 00:00:00+00:00,2472.01,1440,0,True,ETHUSDT
2024-01-21 00:00:00+00:00,2457.05,1440,0,True,ETHUSDT
2024-01-22 00:00:00+00:00,2314.2,1440,0,True,ETHUSDT
2024-01-23 00:00:00+00:00,2242.6,1440,0,True,ETHUSDT
2024-01-24 00:00:00+00:00,2235.02,1440,0,True,ETHUSDT
2024-01-25 00:00:00+00:00,2218.64,1440,0,True,ETHUSDT
2024-01-26 00:00:00+00:00,2267.68,1440,0,True,ETHUSDT
2024-01-27 00:00:00+00:00,2267.94,1440,0,True,ETHUSDT
2024-01-28 00:00:00+00:00,2256.9,1440,0,True,ETHUSDT
2024-01-29 00:00:00+00:00,2317.6,1440,0,True,ETHUSDT
2024-01-30 00:00:00+00:00,2343.01,1440,0,True,ETHUSDT
2024-01-31 00:00:00+00:00,2283.14,1440,0,True,ETHUSDT
2024-02-01 00:00:00+00:00,2304.28,1440,0,True,ETHUSDT
2024-02-02 00:00:00+00:00,2309.06,1440,0,True,ETHUSDT
2024-02-03 00:00:00+00:00,2296.49,1440,0,True,ETHUSDT
2024-02-04 00:00:00+00:00,2289.79,1440,0,True,ETHUSDT
2024-02-05 00:00:00+00:00,2301.83,1440,0,True,ETHUSDT
2024-02-06 00:00:00+00:00,2372.64,1440,0,True,ETHUSDT
2024-02-07 00:00:00+00:00,2425.1,1440,0,True,ETHUSDT
2024-02-08 00:00:00+00:00,2419.55,1440,0,True,ETHUSDT
2024-02-09 00:00:00+00:00,2486.56,1440,0,True,ETHUSDT
2024-02-10 00:00:00+00:00,2500.24,1440,0,True,ETHUSDT
2024-02-11 00:00:00+00:00,2507.21,1440,0,True,ETHUSDT
2024-02-12 00:00:00+00:00,2659.99,1440,0,True,ETHUSDT
2024-02-13 00:00:00+00:00,2639.99,1440,0,True,ETHUSDT
2024-02-14 00:00:00+00:00,2774.81,1440,0,True,ETHUSDT
2024-02-15 00:00:00+00:00,2822.59,1440,0,True,ETHUSDT
2024-02-16 00:00:00+00:00,2801.8,1440,0,True,ETHUSDT
2024-02-17 00:00:00+00:00,2785.93,1440,0,True,ETHUSDT
2024-02-18 00:00:00+00:00,2881.2,1440,0,True,ETHUSDT
2024-02-19 00:00:00+00:00,2944.8,1440,0,True,ETHUSDT
2024-02-20 00:00:00+00:00,3014.81,1440,0,True,ETHUSDT
2024-02-21 00:00:00+00:00,2967.9,1440,0,True,ETHUSDT
2024-02-22 00:00:00+00:00,2971.4,1440,0,True,ETHUSDT
2024-02-23 00:00:00+00:00,2922.24,1440,0,True,ETHUSDT
2024-02-24 00:00:00+00:00,2992.62,1440,0,True,ETHUSDT
2024-02-25 00:00:00+00:00,3112.59,1440,0,True,ETHUSDT
2024-02-26 00:00:00+00:00,3175.94,1440,0,True,ETHUSDT
2024-02-27 00:00:00+00:00,3242.36,1440,0,True,ETHUSDT
2024-02-28 00:00:00+00:00,3383.1,1440,0,True,ETHUSDT
2024-02-29 00:00:00+00:00,3340.09,1440,0,True,ETHUSDT
2024-03-01 00:00:00+00:00,3433.43,1440,0,True,ETHUSDT
2024-03-02 00:00:00+00:00,3421.4,1440,0,True,ETHUSDT
2024-03-03 00:00:00+00:00,3487.81,1440,0,True,ETHUSDT
2024-03-04 00:00:00+00:00,3627.76,1440,0,True,ETHUSDT
2024-03-05 00:00:00+00:00,3553.65,1440,0,True,ETHUSDT
2024-03-06 00:00:00+00:00,3818.59,1440,0,True,ETHUSDT
2024-03-07 00:00:00+00:00,3868.76,1440,0,True,ETHUSDT
2024-03-08 00:00:00+00:00,3883.36,1440,0,True,ETHUSDT
2024-03-09 00:00:00+00:00,3905.21,1440,0,True,ETHUSDT
2024-03-10 00:00:00+00:00,3878.47,1440,0,True,ETHUSDT
2024-03-11 00:00:00+00:00,4064.8,1440,0,True,ETHUSDT
2024-03-12 00:00:00+00:00,3979.96,1440,0,True,ETHUSDT
2024-03-13 00:00:00+00:00,4004.79,1440,0,True,ETHUSDT
2024-03-14 00:00:00+00:00,3881.7,1440,0,True,ETHUSDT
2024-03-15 00:00:00+00:00,3742.19,1440,0,True,ETHUSDT
2024-03-16 00:00:00+00:00,3523.09,1440,0,True,ETHUSDT
2024-03-17 00:00:00+00:00,3644.71,1440,0,True,ETHUSDT
2024-03-18 00:00:00+00:00,3520.46,1440,0,True,ETHUSDT
2024-03-19 00:00:00+00:00,3158.64,1440,0,True,ETHUSDT
2024-03-20 00:00:00+00:00,3516.53,1440,0,True,ETHUSDT
2024-03-21 00:00:00+00:00,3492.85,1440,0,True,ETHUSDT
2024-03-22 00:00:00+00:00,3336.35,1440,0,True,ETHUSDT
2024-03-23 00:00:00+00:00,3329.53,1440,0,True,ETHUSDT
2024-03-24 00:00:00+00:00,3454.98,1440,0,True,ETHUSDT
2024-03-25 00:00:00+00:00,3590.42,1440,0,True,ETHUSDT
2024-03-26 00:00:00+00:00,3587.33,1440,0,True,ETHUSDT
2024-03-27 00:00:00+00:00,3501.19,1440,0,True,ETHUSDT
2024-03-28 00:00:00+00:00,3560.49,1440,0,True,ETHUSDT
2024-03-29 00:00:00+00:00,3509.74,1440,0,True,ETHUSDT
2024-03-30 00:00:00+00:00,3505.64,1440,0,True,ETHUSDT
2024-03-31 00:00:00+00:00,3645.29,1440,0,True,ETHUSDT
2024-04-01 00:00:00+00:00,3503.8,1440,0,True,ETHUSDT
2024-04-02 00:00:00+00:00,3278.96,1440,0,True,ETHUSDT
2024-04-03 00:00:00+00:00,3310.83,1440,0,True,ETHUSDT
2024-04-04 00:00:00+00:00,3327.4,1440,0,True,ETHUSDT
2024-04-05 00:00:00+00:00,3317.85,1440,0,True,ETHUSDT
2024-04-06 00:00:00+00:00,3351.59,1440,0,True,ETHUSDT
2024-04-07 00:00:00+00:00,3454.2,1440,0,True,ETHUSDT
2024-04-08 00:00:00+00:00,3694.61,1440,0,True,ETHUSDT
2024-04-09 00:00:00+00:00,3506.39,1440,0,True,ETHUSDT
2024-04-10 00:00:00+00:00,3545.64,1440,0,True,ETHUSDT
2024-04-11 00:00:00+00:00,3502.52,1440,0,True,ETHUSDT
2024-04-12 00:00:00+00:00,3237.43,1440,0,True,ETHUSDT
2024-04-13 00:00:00+00:00,3007.01,1440,0,True,ETHUSDT
2024-04-14 00:00:00+00:00,3155.11,1440,0,True,ETHUSDT
2024-04-15 00:00:00+00:00,3101.99,1440,0,True,ETHUSDT
2024-04-16 00:00:00+00:00,3084.22,1440,0,True,ETHUSDT
2024-04-17 00:00:00+00:00,2985.41,1440,0,True,ETHUSDT
2024-04-18 00:00:00+00:00,3064.4,1440,0,True,ETHUSDT
2024-04-19 00:00:00+00:00,3056.46,1440,0,True,ETHUSDT
2024-04-20 00:00:00+00:00,3155.79,1440,0,True,ETHUSDT
2024-04-21 00:00:00+00:00,3147.67,1440,0,True,ETHUSDT
2024-04-22 00:00:00+00:00,3200.2,1440,0,True,ETHUSDT
2024-04-23 00:00:00+00:00,3219.46,1440,0,True,ETHUSDT
2024-04-24 00:00:00+00:00,3140.8,1440,0,True,ETHUSDT
2024-04-25 00:00:00+00:00,3155.8,1440,0,True,ETHUSDT
2024-04-26 00:00:00+00:00,3131.3,1440,0,True,ETHUSDT
2024-04-27 00:00:00+00:00,3255.56,1440,0,True,ETHUSDT
2024-04-28 00:00:00+00:00,3263.45,1440,0,True,ETHUSDT
2024-04-29 00:00:00+00:00,3216.73,1440,0,True,ETHUSDT
2024-04-30 00:00:00+00:00,3014.05,1440,0,True,ETHUSDT
2024-05-01 00:00:00+00:00,2972.46,1440,0,True,ETHUSDT
2024-05-02 00:00:00+00:00,2986.19,1440,0,True,ETHUSDT
2024-05-03 00:00:00+00:00,3102.61,1440,0,True,ETHUSDT
2024-05-04 00:00:00+00:00,3117.23,1440,0,True,ETHUSDT
2024-05-05 00:00:00+00:00,3136.41,1440,0,True,ETHUSDT
2024-05-06 00:00:00+00:00,3062.6,1440,0,True,ETHUSDT
2024-05-07 00:00:00+00:00,3005.69,1440,0,True,ETHUSDT
2024-05-08 00:00:00+00:00,2974.21,1440,0,True,ETHUSDT
2024-05-09 00:00:00+00:00,3036.23,1440,0,True,ETHUSDT
2024-05-10 00:00:00+00:00,2909.99,1440,0,True,ETHUSDT
2024-05-11 00:00:00+00:00,2912.45,1440,0,True,ETHUSDT
2024-05-12 00:00:00+00:00,2929.29,1440,0,True,ETHUSDT
2024-05-13 00:00:00+00:00,2950.99,1440,0,True,ETHUSDT
2024-05-14 00:00:00+00:00,2881.93,1440,0,True,ETHUSDT
2024-05-15 00:00:00+00:00,3032.55,1440,0,True,ETHUSDT
2024-05-16 00:00:00+00:00,2944.7,1440,0,True,ETHUSDT
2024-05-17 00:00:00+00:00,3092.01,1440,0,True,ETHUSDT
2024-05-18 00:00:00+00:00,3122.94,1440,0,True,ETHUSDT
2024-05-19 00:00:00+00:00,3071.19,1440,0,True,ETHUSDT
2024-05-20 00:00:00+00:00,3661.78,1440,0,True,ETHUSDT
2024-05-21 00:00:00+00:00,3789.6,1440,0,True,ETHUSDT
2024-05-22 00:00:00+00:00,3737.73,1440,0,True,ETHUSDT
2024-05-23 00:00:00+00:00,3783.61,1440,0,True,ETHUSDT
2024-05-24 00:00:00+00:00,3728.28,1440,0,True,ETHUSDT
2024-05-25 00:00:00+00:00,3749.26,1440,0,True,ETHUSDT
2024-05-26 00:00:00+00:00,3826.47,1440,0,True,ETHUSDT
2024-05-27 00:00:00+00:00,3894.22,1440,0,True,ETHUSDT
2024-05-28 00:00:00+00:00,3844.69,1440,0,True,ETHUSDT
2024-05-29 00:00:00+00:00,3767.43,1440,0,True,ETHUSDT
2024-05-30 00:00:00+00:00,3747.91,1440,0,True,ETHUSDT
2024-05-31 00:00:00+00:00,3762.29,1440,0,True,ETHUSDT
2024-06-01 00:00:00+00:00,3815.82,1440,0,True,ETHUSDT
2024-06-02 00:00:00+00:00,3780.91,1440,0,True,ETHUSDT
2024-06-03 00:00:00+00:00,3767.06,1440,0,True,ETHUSDT
2024-06-04 00:00:00+00:00,3810.23,1440,0,True,ETHUSDT
2024-06-05 00:00:00+00:00,3865.99,1440,0,True,ETHUSDT
2024-06-06 00:00:00+00:00,3813.46,1440,0,True,ETHUSDT
2024-06-07 00:00:00+00:00,3678.32,1440,0,True,ETHUSDT
2024-06-08 00:00:00+00:00,3681.57,1440,0,True,ETHUSDT
2024-06-09 00:00:00+00:00,3706.4,1440,0,True,ETHUSDT
2024-06-10 00:00:00+00:00,3667.85,1440,0,True,ETHUSDT
2024-06-11 00:00:00+00:00,3497.33,1440,0,True,ETHUSDT
2024-06-12 00:00:00+00:00,3560.12,1440,0,True,ETHUSDT
2024-06-13 00:00:00+00:00,3469.4,1440,0,True,ETHUSDT
2024-06-14 00:00:00+00:00,3481.8,1440,0,True,ETHUSDT
2024-06-15 00:00:00+00:00,3568.74,1440,0,True,ETHUSDT
2024-06-16 00:00:00+00:00,3624.41,1440,0,True,ETHUSDT
2024-06-17 00:00:00+00:00,3511.46,1440,0,True,ETHUSDT
2024-06-18 00:00:00+00:00,3483.42,1440,0,True,ETHUSDT
2024-06-19 00:00:00+00:00,3560.51,1440,0,True,ETHUSDT
2024-06-20 00:00:00+00:00,3513.08,1440,0,True,ETHUSDT
2024-06-21 00:00:00+00:00,3518.5,1440,0,True,ETHUSDT
2024-06-22 00:00:00+00:00,3495.75,1440,0,True,ETHUSDT
2024-06-23 00:00:00+00:00,3420.91,1440,0,True,ETHUSDT
2024-06-24 00:00:00+00:00,3352.73,1440,0,True,ETHUSDT
2024-06-25 00:00:00+00:00,3394.91,1440,0,True,ETHUSDT
2024-06-26 00:00:00+00:00,3371.44,1440,0,True,ETHUSDT
2024-06-27 00:00:00+00:00,3450.44,1440,0,True,ETHUSDT
2024-06-28 00:00:00+00:00,3380.15,1440,0,True,ETHUSDT
2024-06-29 00:00:00+00:00,3378.8,1440,0,True,ETHUSDT
2024-06-30 00:00:00+00:00,3438.16,1440,0,True,ETHUSDT
2024-07-01 00:00:00+00:00,3442.2,1440,0,True,ETHUSDT
2024-07-02 00:00:00+00:00,3421.35,1440,0,True,ETHUSDT
2024-07-03 00:00:00+00:00,3295.48,1440,0,True,ETHUSDT
2024-07-04 00:00:00+00:00,3059.7,1440,0,True,ETHUSDT
2024-07-05 00:00:00+00:00,2981.78,1440,0,True,ETHUSDT
2024-07-06 00:00:00+00:00,3066.83,1440,0,True,ETHUSDT
2024-07-07 00:00:00+00:00,2931.0,1440,0,True,ETHUSDT
2024-07-08 00:00:00+00:00,3019.01,1440,0,True,ETHUSDT
2024-07-09 00:00:00+00:00,3066.65,1440,0,True,ETHUSDT
2024-07-10 00:00:00+00:00,3101.05,1440,0,True,ETHUSDT
2024-07-11 00:00:00+00:00,3099.57,1440,0,True,ETHUSDT
2024-07-12 00:00:00+00:00,3133.88,1440,0,True,ETHUSDT
2024-07-13 00:00:00+00:00,3175.93,1440,0,True,ETHUSDT
2024-07-14 00:00:00+00:00,3245.08,1440,0,True,ETHUSDT
2024-07-15 00:00:00+00:00,3483.39,1440,0,True,ETHUSDT
2024-07-16 00:00:00+00:00,3444.13,1440,0,True,ETHUSDT
2024-07-17 00:00:00+00:00,3387.05,1440,0,True,ETHUSDT
2024-07-18 00:00:00+00:00,3426.5,1440,0,True,ETHUSDT
2024-07-19 00:00:00+00:00,3503.53,1440,0,True,ETHUSDT
2024-07-20 00:00:00+00:00,3517.5,1440,0,True,ETHUSDT
2024-07-21 00:00:00+00:00,3535.92,1440,0,True,ETHUSDT
2024-07-22 00:00:00+00:00,3439.6,1440,0,True,ETHUSDT
2024-07-23 00:00:00+00:00,3482.51,1440,0,True,ETHUSDT
2024-07-24 00:00:00+00:00,3335.81,1440,0,True,ETHUSDT
2024-07-25 00:00:00+00:00,3175.48,1440,0,True,ETHUSDT
2024-07-26 00:00:00+00:00,3274.61,1440,0,True,ETHUSDT
2024-07-27 00:00:00+00:00,3249.01,1440,0,True,ETHUSDT
2024-07-28 00:00:00+00:00,3270.16,1440,0,True,ETHUSDT
2024-07-29 00:00:00+00:00,3317.66,1440,0,True,ETHUSDT
2024-07-30 00:00:00+00:00,3279.21,1440,0,True,ETHUSDT
2024-07-31 00:00:00+00:00,3232.74,1440,0,True,ETHUSDT
2024-08-01 00:00:00+00:00,3203.4,1440,0,True,ETHUSDT
2024-08-02 00:00:00+00:00,2989.61,1440,0,True,ETHUSDT
2024-08-03 00:00:00+00:00,2903.64,1440,0,True,ETHUSDT
2024-08-04 00:00:00+00:00,2688.92,1440,0,True,ETHUSDT
2024-08-05 00:00:00+00:00,2419.59,1440,0,True,ETHUSDT
2024-08-06 00:00:00+00:00,2461.33,1440,0,True,ETHUSDT
2024-08-07 00:00:00+00:00,2342.8,1440,0,True,ETHUSDT
2024-08-08 00:00:00+00:00,2682.5,1440,0,True,ETHUSDT
2024-08-09 00:00:00+00:00,2598.78,1440,0,True,ETHUSDT
2024-08-10 00:00:00+00:00,2609.92,1440,0,True,ETHUSDT
2024-08-11 00:00:00+00:00,2555.38,1440,0,True,ETHUSDT
2024-08-12 00:00:00+00:00,2722.3,1440,0,True,ETHUSDT
2024-08-13 00:00:00+00:00,2702.44,1440,0,True,ETHUSDT
2024-08-14 00:00:00+00:00,2661.45,1440,0,True,ETHUSDT
2024-08-15 00:00:00+00:00,2569.89,1440,0,True,ETHUSDT
2024-08-16 00:00:00+00:00,2592.73,1440,0,True,ETHUSDT
2024-08-17 00:00:00+00:00,2614.51,1440,0,True,ETHUSDT
2024-08-18 00:00:00+00:00,2612.15,1440,0,True,ETHUSDT
2024-08-19 00:00:00+00:00,2636.36,1440,0,True,ETHUSDT
2024-08-20 00:00:00+00:00,2572.82,1440,0,True,ETHUSDT
2024-08-21 00:00:00+00:00,2630.71,1440,0,True,ETHUSDT
2024-08-22 00:00:00+00:00,2622.88,1440,0,True,ETHUSDT
2024-08-23 00:00:00+00:00,2762.48,1440,0,True,ETHUSDT
2024-08-24 00:00:00+00:00,2768.0,1440,0,True,ETHUSDT
2024-08-25 00:00:00+00:00,2746.13,1440,0,True,ETHUSDT
2024-08-26 00:00:00+00:00,2680.49,1440,0,True,ETHUSDT
2024-08-27 00:00:00+00:00,2457.33,1440,0,True,ETHUSDT
2024-08-28 00:00:00+00:00,2528.33,1440,0,True,ETHUSDT
2024-08-29 00:00:00+00:00,2527.61,1440,0,True,ETHUSDT
2024-08-30 00:00:00+00:00,2526.0,1440,0,True,ETHUSDT
2024-08-31 00:00:00+00:00,2513.01,1440,0,True,ETHUSDT
2024-09-01 00:00:00+00:00,2425.72,1440,0,True,ETHUSDT
2024-09-02 00:00:00+00:00,2538.01,1440,0,True,ETHUSDT
2024-09-03 00:00:00+00:00,2425.29,1440,0,True,ETHUSDT
2024-09-04 00:00:00+00:00,2450.71,1440,0,True,ETHUSDT
2024-09-05 00:00:00+00:00,2368.81,1440,0,True,ETHUSDT
2024-09-06 00:00:00+00:00,2225.23,1440,0,True,ETHUSDT
2024-09-07 00:00:00+00:00,2273.58,1440,0,True,ETHUSDT
2024-09-08 00:00:00+00:00,2297.3,1440,0,True,ETHUSDT
2024-09-09 00:00:00+00:00,2359.5,1440,0,True,ETHUSDT
2024-09-10 00:00:00+00:00,2388.52,1440,0,True,ETHUSDT
2024-09-11 00:00:00+00:00,2340.55,1440,0,True,ETHUSDT
2024-09-12 00:00:00+00:00,2361.76,1440,0,True,ETHUSDT
2024-09-13 00:00:00+00:00,2439.19,1440,0,True,ETHUSDT
2024-09-14 00:00:00+00:00,2417.79,1440,0,True,ETHUSDT
2024-09-15 00:00:00+00:00,2316.1,1440,0,True,ETHUSDT
2024-09-16 00:00:00+00:00,2295.68,1440,0,True,ETHUSDT
2024-09-17 00:00:00+00:00,2341.8,1440,0,True,ETHUSDT
2024-09-18 00:00:00+00:00,2374.75,1440,0,True,ETHUSDT
2024-09-19 00:00:00+00:00,2465.21,1440,0,True,ETHUSDT
2024-09-20 00:00:00+00:00,2561.4,1440,0,True,ETHUSDT
2024-09-21 00:00:00+00:00,2612.4,1440,0,True,ETHUSDT
2024-09-22 00:00:00+00:00,2581.0,1440,0,True,ETHUSDT
2024-09-23 00:00:00+00:00,2646.97,1440,0,True,ETHUSDT
2024-09-24 00:00:00+00:00,2653.2,1440,0,True,ETHUSDT
2024-09-25 00:00:00+00:00,2579.95,1440,0,True,ETHUSDT
2024-09-26 00:00:00+00:00,2632.26,1440,0,True,ETHUSDT
2024-09-27 00:00:00+00:00,2694.43,1440,0,True,ETHUSDT
2024-09-28 00:00:00+00:00,2675.21,1440,0,True,ETHUSDT
2024-09-29 00:00:00+00:00,2657.62,1440,0,True,ETHUSDT
2024-09-30 00:00:00+00:00,2602.23,1440,0,True,ETHUSDT
2024-10-01 00:00:00+00:00,2447.79,1440,0,True,ETHUSDT
2024-10-02 00:00:00+00:00,2364.1,1440,0,True,ETHUSDT
2024-10-03 00:00:00+00:00,2349.8,1440,0,True,ETHUSDT
2024-10-04 00:00:00+00:00,2414.41,1440,0,True,ETHUSDT
2024-10-05 00:00:00+00:00,2414.66,1440,0,True,ETHUSDT
2024-10-06 00:00:00+00:00,2440.03,1440,0,True,ETHUSDT
2024-10-07 00:00:00+00:00,2422.71,1440,0,True,ETHUSDT
2024-10-08 00:00:00+00:00,2440.89,1440,0,True,ETHUSDT
2024-10-09 00:00:00+00:00,2370.47,1440,0,True,ETHUSDT
2024-10-10 00:00:00+00:00,2386.49,1440,0,True,ETHUSDT
2024-10-11 00:00:00+00:00,2439.5,1440,0,True,ETHUSDT
2024-10-12 00:00:00+00:00,2476.4,1440,0,True,ETHUSDT
2024-10-13 00:00:00+00:00,2468.91,1440,0,True,ETHUSDT
2024-10-14 00:00:00+00:00,2629.79,1440,0,True,ETHUSDT
2024-10-15 00:00:00+00:00,2607.41,1440,0,True,ETHUSDT
2024-10-16 00:00:00+00:00,2611.1,1440,0,True,ETHUSDT
2024-10-17 00:00:00+00:00,2605.8,1440,0,True,ETHUSDT
2024-10-18 00:00:00+00:00,2642.17,1440,0,True,ETHUSDT
2024-10-19 00:00:00+00:00,2648.2,1440,0,True,ETHUSDT
2024-10-20 00:00:00+00:00,2746.91,1440,0,True,ETHUSDT
2024-10-21 00:00:00+00:00,2666.7,1440,0,True,ETHUSDT
2024-10-22 00:00:00+00:00,2622.81,1440,0,True,ETHUSDT
2024-10-23 00:00:00+00:00,2524.61,1440,0,True,ETHUSDT
2024-10-24 00:00:00+00:00,2535.82,1440,0,True,ETHUSDT
2024-10-25 00:00:00+00:00,2440.62,1440,0,True,ETHUSDT
2024-10-26 00:00:00+00:00,2482.51,1440,0,True,ETHUSDT
2024-10-27 00:00:00+00:00,2507.8,1440,0,True,ETHUSDT
2024-10-28 00:00:00+00:00,2567.48,1440,0,True,ETHUSDT
2024-10-29 00:00:00+00:00,2638.8,1440,0,True,ETHUSDT
2024-10-30 00:00:00+00:00,2659.19,1440,0,True,ETHUSDT
2024-10-31 00:00:00+00:00,2518.61,1440,0,True,ETHUSDT
2024-11-01 00:00:00+00:00,2511.49,1440,0,True,ETHUSDT
2024-11-02 00:00:00+00:00,2494.23,1440,0,True,ETHUSDT
2024-11-03 00:00:00+00:00,2457.73,1440,0,True,ETHUSDT
2024-11-04 00:00:00+00:00,2398.21,1440,0,True,ETHUSDT
2024-11-05 00:00:00+00:00,2422.55,1440,0,True,ETHUSDT
2024-11-06 00:00:00+00:00,2721.87,1440,0,True,ETHUSDT
2024-11-07 00:00:00+00:00,2895.47,1440,0,True,ETHUSDT
2024-11-08 00:00:00+00:00,2961.75,1440,0,True,ETHUSDT
2024-11-09 00:00:00+00:00,3126.21,1440,0,True,ETHUSDT
2024-11-10 00:00:00+00:00,3183.21,1440,0,True,ETHUSDT
2024-11-11 00:00:00+00:00,3371.59,1440,0,True,ETHUSDT
2024-11-12 00:00:00+00:00,3243.8,1440,0,True,ETHUSDT
2024-11-13 00:00:00+00:00,3187.16,1440,0,True,ETHUSDT
2024-11-14 00:00:00+00:00,3058.82,1440,0,True,ETHUSDT
2024-11-15 00:00:00+00:00,3090.01,1440,0,True,ETHUSDT
2024-11-16 00:00:00+00:00,3132.87,1440,0,True,ETHUSDT
2024-11-17 00:00:00+00:00,3076.0,1440,0,True,ETHUSDT
2024-11-18 00:00:00+00:00,3207.8,1440,0,True,ETHUSDT
2024-11-19 00:00:00+00:00,3107.44,1440,0,True,ETHUSDT
2024-11-20 00:00:00+00:00,3069.97,1440,0,True,ETHUSDT
2024-11-21 00:00:00+00:00,3355.81,1440,0,True,ETHUSDT
2024-11-22 00:00:00+00:00,3327.78,1440,0,True,ETHUSDT
2024-11-23 00:00:00+00:00,3393.91,1440,0,True,ETHUSDT
2024-11-24 00:00:00+00:00,3361.2,1440,0,True,ETHUSDT
2024-11-25 00:00:00+00:00,3414.49,1440,0,True,ETHUSDT
2024-11-26 00:00:00+00:00,3324.73,1440,0,True,ETHUSDT
2024-11-27 00:00:00+00:00,3653.28,1440,0,True,ETHUSDT
2024-11-28 00:00:00+00:00,3578.79,1440,0,True,ETHUSDT
2024-11-29 00:00:00+00:00,3592.21,1440,0,True,ETHUSDT
2024-11-30 00:00:00+00:00,3703.6,1440,0,True,ETHUSDT
2024-12-01 00:00:00+00:00,3707.61,1440,0,True,ETHUSDT
2024-12-02 00:00:00+00:00,3643.42,1440,0,True,ETHUSDT
2024-12-03 00:00:00+00:00,3614.51,1440,0,True,ETHUSDT
2024-12-04 00:00:00+00:00,3837.8,1440,0,True,ETHUSDT
2024-12-05 00:00:00+00:00,3785.2,1440,0,True,ETHUSDT
2024-12-06 00:00:00+00:00,3998.87,1440,0,True,ETHUSDT
2024-12-07 00:00:00+00:00,3996.22,1440,0,True,ETHUSDT
2024-12-08 00:00:00+00:00,4004.15,1440,0,True,ETHUSDT
2024-12-09 00:00:00+00:00,3712.0,1440,0,True,ETHUSDT
2024-12-10 00:00:00+00:00,3628.25,1440,0,True,ETHUSDT
2024-12-11 00:00:00+00:00,3831.81,1440,0,True,ETHUSDT
2024-12-12 00:00:00+00:00,3881.61,1440,0,True,ETHUSDT
2024-12-13 00:00:00+00:00,3906.8,1440,0,True,ETHUSDT
2024-12-14 00:00:00+00:00,3870.29,1440,0,True,ETHUSDT
2024-12-15 00:00:00+00:00,3959.09,1440,0,True,ETHUSDT
2024-12-16 00:00:00+00:00,3986.24,1440,0,True,ETHUSDT
2024-12-17 00:00:00+00:00,3893.01,1440,0,True,ETHUSDT
2024-12-18 00:00:00+00:00,3626.8,1440,0,True,ETHUSDT
2024-12-19 00:00:00+00:00,3417.01,1440,0,True,ETHUSDT
2024-12-20 00:00:00+00:00,3472.21,1440,0,True,ETHUSDT
2024-12-21 00:00:00+00:00,3338.92,1440,0,True,ETHUSDT
2024-12-22 00:00:00+00:00,3281.83,1440,0,True,ETHUSDT
2024-12-23 00:00:00+00:00,3422.53,1440,0,True,ETHUSDT
2024-12-24 00:00:00+00:00,3493.18,1440,0,True,ETHUSDT
2024-12-25 00:00:00+00:00,3497.0,1440,0,True,ETHUSDT
2024-12-26 00:00:00+00:00,3335.05,1440,0,True,ETHUSDT
2024-12-27 00:00:00+00:00,3333.51,1440,0,True,ETHUSDT
2024-12-28 00:00:00+00:00,3404.0,1440,0,True,ETHUSDT
2024-12-29 00:00:00+00:00,3356.48,1440,0,True,ETHUSDT
2024-12-30 00:00:00+00:00,3361.84,1440,0,True,ETHUSDT
2024-12-31 00:00:00+00:00,3337.78,1440,0,True,ETHUSDT
2025-01-01 00:00:00+00:00,3360.38,1440,0,True,ETHUSDT
2025-01-02 00:00:00+00:00,3455.67,1440,0,True,ETHUSDT
2025-01-03 00:00:00+00:00,3609.01,1440,0,True,ETHUSDT
2025-01-04 00:00:00+00:00,3656.88,1440,0,True,ETHUSDT
2025-01-05 00:00:00+00:00,3635.99,1440,0,True,ETHUSDT
2025-01-06 00:00:00+00:00,3687.45,1440,0,True,ETHUSDT
2025-01-07 00:00:00+00:00,3381.31,1440,0,True,ETHUSDT
2025-01-08 00:00:00+00:00,3327.29,1440,0,True,ETHUSDT
2025-01-09 00:00:00+00:00,3219.2,1440,0,True,ETHUSDT
2025-01-10 00:00:00+00:00,3267.04,1440,0,True,ETHUSDT
2025-01-11 00:00:00+00:00,3282.83,1440,0,True,ETHUSDT
2025-01-12 00:00:00+00:00,3267.3,1440,0,True,ETHUSDT
2025-01-13 00:00:00+00:00,3137.51,1440,0,True,ETHUSDT
2025-01-14 00:00:00+00:00,3225.63,1440,0,True,ETHUSDT
2025-01-15 00:00:00+00:00,3451.52,1440,0,True,ETHUSDT
2025-01-16 00:00:00+00:00,3308.05,1440,0,True,ETHUSDT
2025-01-17 00:00:00+00:00,3473.63,1440,0,True,ETHUSDT
2025-01-18 00:00:00+00:00,3307.71,1440,0,True,ETHUSDT
2025-01-19 00:00:00+00:00,3215.12,1440,0,True,ETHUSDT
2025-01-20 00:00:00+00:00,3284.0,1440,0,True,ETHUSDT
2025-01-21 00:00:00+00:00,3327.54,1440,0,True,ETHUSDT
2025-01-22 00:00:00+00:00,3242.6,1440,0,True,ETHUSDT
2025-01-23 00:00:00+00:00,3338.21,1440,0,True,ETHUSDT
2025-01-24 00:00:00+00:00,3310.09,1440,0,True,ETHUSDT
2025-01-25 00:00:00+00:00,3318.77,1440,0,True,ETHUSDT
2025-01-26 00:00:00+00:00,3232.61,1440,0,True,ETHUSDT
2025-01-27 00:00:00+00:00,3182.44,1440,0,True,ETHUSDT
2025-01-28 00:00:00+00:00,3077.72,1440,0,True,ETHUSDT
2025-01-29 00:00:00+00:00,3113.9,1440,0,True,ETHUSDT
2025-01-30 00:00:00+00:00,3247.39,1440,0,True,ETHUSDT
2025-01-31 00:00:00+00:00,3300.99,1440,0,True,ETHUSDT
2025-02-01 00:00:00+00:00,3117.54,1440,0,True,ETHUSDT
2025-02-02 00:00:00+00:00,2869.68,1440,0,True,ETHUSDT
2025-02-03 00:00:00+00:00,2879.9,1440,0,True,ETHUSDT
2025-02-04 00:00:00+00:00,2731.19,1440,0,True,ETHUSDT
2025-02-05 00:00:00+00:00,2788.25,1440,0,True,ETHUSDT
2025-02-06 00:00:00+00:00,2686.64,1440,0,True,ETHUSDT
2025-02-07 00:00:00+00:00,2622.1,1440,0,True,ETHUSDT
2025-02-08 00:00:00+00:00,2632.46,1440,0,True,ETHUSDT
2025-02-09 00:00:00+00:00,2627.18,1440,0,True,ETHUSDT
2025-02-10 00:00:00+00:00,2661.19,1440,0,True,ETHUSDT
2025-02-11 00:00:00+00:00,2602.59,1440,0,True,ETHUSDT
2025-02-12 00:00:00+00:00,2738.27,1440,0,True,ETHUSDT
2025-02-13 00:00:00+00:00,2675.87,1440,0,True,ETHUSDT
2025-02-14 00:00:00+00:00,2725.95,1440,0,True,ETHUSDT
2025-02-15 00:00:00+00:00,2693.04,1440,0,True,ETHUSDT
2025-02-16 00:00:00+00:00,2661.41,1440,0,True,ETHUSDT
2025-02-17 00:00:00+00:00,2744.05,1440,0,True,ETHUSDT
2025-02-18 00:00:00+00:00,2671.99,1440,0,True,ETHUSDT
2025-02-19 00:00:00+00:00,2715.5,1440,0,True,ETHUSDT
2025-02-20 00:00:00+00:00,2738.04,1440,0,True,ETHUSDT
2025-02-21 00:00:00+00:00,2663.0,1440,0,True,ETHUSDT
2025-02-22 00:00:00+00:00,2763.22,1440,0,True,ETHUSDT
2025-02-23 00:00:00+00:00,2819.69,1440,0,True,ETHUSDT
2025-02-24 00:00:00+00:00,2513.52,1440,0,True,ETHUSDT
2025-02-25 00:00:00+00:00,2495.7,1440,0,True,ETHUSDT
2025-02-26 00:00:00+00:00,2336.37,1440,0,True,ETHUSDT
2025-02-27 00:00:00+00:00,2307.72,1440,0,True,ETHUSDT
2025-02-28 00:00:00+00:00,2237.59,1440,0,True,ETHUSDT
2025-03-01 00:00:00+00:00,2217.39,1440,0,True,ETHUSDT
2025-03-02 00:00:00+00:00,2518.11,1440,0,True,ETHUSDT
2025-03-03 00:00:00+00:00,2149.01,1440,0,True,ETHUSDT
2025-03-04 00:00:00+00:00,2171.51,1440,0,True,ETHUSDT
2025-03-05 00:00:00+00:00,2241.59,1440,0,True,ETHUSDT
2025-03-06 00:00:00+00:00,2202.2,1440,0,True,ETHUSDT
2025-03-07 00:00:00+00:00,2141.6,1440,0,True,ETHUSDT
2025-03-08 00:00:00+00:00,2203.58,1440,0,True,ETHUSDT
2025-03-09 00:00:00+00:00,2020.41,1440,0,True,ETHUSDT
2025-03-10 00:00:00+00:00,1865.1,1440,0,True,ETHUSDT
2025-03-11 00:00:00+00:00,1923.43,1440,0,True,ETHUSDT
2025-03-12 00:00:00+00:00,1908.2,1440,0,True,ETHUSDT
2025-03-13 00:00:00+00:00,1864.59,1440,0,True,ETHUSDT
2025-03-14 00:00:00+00:00,1911.65,1440,0,True,ETHUSDT
2025-03-15 00:00:00+00:00,1937.17,1440,0,True,ETHUSDT
2025-03-16 00:00:00+00:00,1887.0,1440,0,True,ETHUSDT
2025-03-17 00:00:00+00:00,1926.31,1440,0,True,ETHUSDT
2025-03-18 00:00:00+00:00,1931.54,1440,0,True,ETHUSDT
2025-03-19 00:00:00+00:00,2056.06,1440,0,True,ETHUSDT
2025-03-20 00:00:00+00:00,1983.79,1440,0,True,ETHUSDT
2025-03-21 00:00:00+00:00,1965.75,1440,0,True,ETHUSDT
2025-03-22 00:00:00+00:00,1980.69,1440,0,True,ETHUSDT
2025-03-23 00:00:00+00:00,2005.99,1440,0,True,ETHUSDT
2025-03-24 00:00:00+00:00,2081.2,1440,0,True,ETHUSDT
2025-03-25 00:00:00+00:00,2066.15,1440,0,True,ETHUSDT
2025-03-26 00:00:00+00:00,2009.52,1440,0,True,ETHUSDT
2025-03-27 00:00:00+00:00,2003.66,1440,0,True,ETHUSDT
2025-03-28 00:00:00+00:00,1896.9,1440,0,True,ETHUSDT
2025-03-29 00:00:00+00:00,1828.08,1440,0,True,ETHUSDT
2025-03-30 00:00:00+00:00,1807.74,1440,0,True,ETHUSDT
2025-03-31 00:00:00+00:00,1822.43,1440,0,True,ETHUSDT
2025-04-01 00:00:00+00:00,1904.98,1440,0,True,ETHUSDT
2025-04-02 00:00:00+00:00,1795.22,1440,0,True,ETHUSDT
2025-04-03 00:00:00+00:00,1817.23,1440,0,True,ETHUSDT
2025-04-04 00:00:00+00:00,1816.87,1440,0,True,ETHUSDT
2025-04-05 00:00:00+00:00,1806.01,1440,0,True,ETHUSDT
2025-04-06 00:00:00+00:00,1580.76,1440,0,True,ETHUSDT
2025-04-07 00:00:00+00:00,1553.04,1440,0,True,ETHUSDT
2025-04-08 00:00:00+00:00,1473.41,1440,0,True,ETHUSDT
2025-04-09 00:00:00+00:00,1669.51,1440,0,True,ETHUSDT
2025-04-10 00:00:00+00:00,1522.25,1440,0,True,ETHUSDT
2025-04-11 00:00:00+00:00,1566.85,1440,0,True,ETHUSDT
2025-04-12 00:00:00+00:00,1644.18,1440,0,True,ETHUSDT
2025-04-13 00:00:00+00:00,1597.76,1440,0,True,ETHUSDT
2025-04-14 00:00:00+00:00,1623.77,1440,0,True,ETHUSDT
2025-04-15 00:00:00+00:00,1588.78,1440,0,True,ETHUSDT
2025-04-16 00:00:00+00:00,1577.14,1440,0,True,ETHUSDT
2025-04-17 00:00:00+00:00,1583.62,1440,0,True,ETHUSDT
2025-04-18 00:00:00+00:00,1588.6,1440,0,True,ETHUSDT
2025-04-19 00:00:00+00:00,1613.27,1440,0,True,ETHUSDT
2025-04-20 00:00:00+00:00,1587.36,1440,0,True,ETHUSDT
2025-04-21 00:00:00+00:00,1579.57,1440,0,True,ETHUSDT
2025-04-22 00:00:00+00:00,1756.26,1440,0,True,ETHUSDT
2025-04-23 00:00:00+00:00,1795.07,1440,0,True,ETHUSDT
2025-04-24 00:00:00+00:00,1769.65,1440,0,True,ETHUSDT
2025-04-25 00:00:00+00:00,1784.6,1440,0,True,ETHUSDT
2025-04-26 00:00:00+00:00,1820.88,1440,0,True,ETHUSDT
2025-04-27 00:00:00+00:00,1791.29,1440,0,True,ETHUSDT
2025-04-28 00:00:00+00:00,1799.88,1440,0,True,ETHUSDT
2025-04-29 00:00:00+00:00,1797.81,1440,0,True,ETHUSDT
2025-04-30 00:00:00+00:00,1793.61,1440,0,True,ETHUSDT
2025-05-01 00:00:00+00:00,1838.11,1440,0,True,ETHUSDT
2025-05-02 00:00:00+00:00,1842.2,1440,0,True,ETHUSDT
2025-05-03 00:00:00+00:00,1833.52,1440,0,True,ETHUSDT
2025-05-04 00:00:00+00:00,1808.86,1440,0,True,ETHUSDT
2025-05-05 00:00:00+00:00,1820.19,1440,0,True,ETHUSDT
2025-05-06 00:00:00+00:00,1817.0,1440,0,True,ETHUSDT
2025-05-07 00:00:00+00:00,1811.11,1440,0,True,ETHUSDT
2025-05-08 00:00:00+00:00,2207.39,1440,0,True,ETHUSDT
2025-05-09 00:00:00+00:00,2345.04,1440,0,True,ETHUSDT
2025-05-10 00:00:00+00:00,2583.23,1440,0,True,ETHUSDT
2025-05-11 00:00:00+00:00,2514.57,1440,0,True,ETHUSDT
2025-05-12 00:00:00+00:00,2495.47,1440,0,True,ETHUSDT
2025-05-13 00:00:00+00:00,2679.71,1440,0,True,ETHUSDT
2025-05-14 00:00:00+00:00,2609.74,1440,0,True,ETHUSDT
2025-05-15 00:00:00+00:00,2548.69,1440,0,True,ETHUSDT
2025-05-16 00:00:00+00:00,2537.12,1440,0,True,ETHUSDT
2025-05-17 00:00:00+00:00,2475.08,1440,0,True,ETHUSDT
2025-05-18 00:00:00+00:00,2497.78,1440,0,True,ETHUSDT
2025-05-19 00:00:00+00:00,2528.14,1440,0,True,ETHUSDT
2025-05-20 00:00:00+00:00,2524.19,1440,0,True,ETHUSDT
2025-05-21 00:00:00+00:00,2550.99,1440,0,True,ETHUSDT
2025-05-22 00:00:00+00:00,2664.82,1440,0,True,ETHUSDT
2025-05-23 00:00:00+00:00,2526.5,1440,0,True,ETHUSDT
2025-05-24 00:00:00+00:00,2530.4,1440,0,True,ETHUSDT
2025-05-25 00:00:00+00:00,2551.22,1440,0,True,ETHUSDT
2025-05-26 00:00:00+00:00,2563.7,1440,0,True,ETHUSDT
2025-05-27 00:00:00+00:00,2660.81,1440,0,True,ETHUSDT
2025-05-28 00:00:00+00:00,2681.6,1440,0,True,ETHUSDT
2025-05-29 00:00:00+00:00,2631.39,1440,0,True,ETHUSDT
2025-05-30 00:00:00+00:00,2531.34,1440,0,True,ETHUSDT
2025-05-31 00:00:00+00:00,2528.06,1440,0,True,ETHUSDT
2025-06-01 00:00:00+00:00,2539.21,1440,0,True,ETHUSDT
2025-06-02 00:00:00+00:00,2607.41,1440,0,True,ETHUSDT
2025-06-03 00:00:00+00:00,2593.36,1440,0,True,ETHUSDT
2025-06-04 00:00:00+00:00,2607.68,1440,0,True,ETHUSDT
2025-06-05 00:00:00+00:00,2414.01,1440,0,True,ETHUSDT
2025-06-06 00:00:00+00:00,2476.1,1440,0,True,ETHUSDT
2025-06-07 00:00:00+00:00,2524.63,1440,0,True,ETHUSDT
2025-06-08 00:00:00+00:00,2509.83,1440,0,True,ETHUSDT
2025-06-09 00:00:00+00:00,2680.13,1440,0,True,ETHUSDT
2025-06-10 00:00:00+00:00,2816.4,1440,0,True,ETHUSDT
2025-06-11 00:00:00+00:00,2771.61,1440,0,True,ETHUSDT
2025-06-12 00:00:00+00:00,2642.65,1440,0,True,ETHUSDT
2025-06-13 00:00:00+00:00,2579.19,1440,0,True,ETHUSDT
2025-06-14 00:00:00+00:00,2530.76,1440,0,True,ETHUSDT
2025-06-15 00:00:00+00:00,2547.61,1440,0,True,ETHUSDT
2025-06-16 00:00:00+00:00,2544.17,1440,0,True,ETHUSDT
2025-06-17 00:00:00+00:00,2509.95,1440,0,True,ETHUSDT
2025-06-18 00:00:00+00:00,2525.0,1440,0,True,ETHUSDT
2025-06-19 00:00:00+00:00,2521.12,1440,0,True,ETHUSDT
2025-06-20 00:00:00+00:00,2406.49,1440,0,True,ETHUSDT
2025-06-21 00:00:00+00:00,2295.73,1440,0,True,ETHUSDT
2025-06-22 00:00:00+00:00,2227.7,1440,0,True,ETHUSDT
2025-06-23 00:00:00+00:00,2411.66,1440,0,True,ETHUSDT
2025-06-24 00:00:00+00:00,2448.45,1440,0,True,ETHUSDT
2025-06-25 00:00:00+00:00,2418.49,1440,0,True,ETHUSDT
2025-06-26 00:00:00+00:00,2415.96,1440,0,True,ETHUSDT
2025-06-27 00:00:00+00:00,2423.17,1440,0,True,ETHUSDT
2025-06-28 00:00:00+00:00,2435.62,1440,0,True,ETHUSDT
2025-06-29 00:00:00+00:00,2500.09,1440,0,True,ETHUSDT
2025-06-30 00:00:00+00:00,2485.47,1440,0,True,ETHUSDT
2025-07-01 00:00:00+00:00,2405.01,1440,0,True,ETHUSDT
2025-07-02 00:00:00+00:00,2570.41,1440,0,True,ETHUSDT
2025-07-03 00:00:00+00:00,2591.25,1440,0,True,ETHUSDT
2025-07-04 00:00:00+00:00,2508.04,1440,0,True,ETHUSDT
2025-07-05 00:00:00+00:00,2516.41,1440,0,True,ETHUSDT
2025-07-06 00:00:00+00:00,2570.35,1440,0,True,ETHUSDT
2025-07-07 00:00:00+00:00,2542.29,1440,0,True,ETHUSDT
2025-07-08 00:00:00+00:00,2615.25,1440,0,True,ETHUSDT
2025-07-09 00:00:00+00:00,2768.74,1440,0,True,ETHUSDT
2025-07-10 00:00:00+00:00,2951.29,1440,0,True,ETHUSDT
2025-07-11 00:00:00+00:00,2958.22,1440,0,True,ETHUSDT
2025-07-12 00:00:00+00:00,2943.28,1440,0,True,ETHUSDT
2025-07-13 00:00:00+00:00,2972.03,1440,0,True,ETHUSDT
2025-07-14 00:00:00+00:00,3013.62,1440,0,True,ETHUSDT
2025-07-15 00:00:00+00:00,3137.89,1440,0,True,ETHUSDT
2025-07-16 00:00:00+00:00,3371.35,1440,0,True,ETHUSDT
2025-07-17 00:00:00+00:00,3476.87,1440,0,True,ETHUSDT
2025-07-18 00:00:00+00:00,3546.92,1440,0,True,ETHUSDT
2025-07-19 00:00:00+00:00,3592.01,1440,0,True,ETHUSDT
2025-07-20 00:00:00+00:00,3756.69,1440,0,True,ETHUSDT
2025-07-21 00:00:00+00:00,3762.33,1440,0,True,ETHUSDT
2025-07-22 00:00:00+00:00,3746.21,1440,0,True,ETHUSDT
2025-07-23 00:00:00+00:00,3628.29,1440,0,True,ETHUSDT
2025-07-24 00:00:00+00:00,3706.94,1440,0,True,ETHUSDT
2025-07-25 00:00:00+00:00,3724.96,1440,0,True,ETHUSDT
2025-07-26 00:00:00+00:00,3741.1,1440,0,True,ETHUSDT
2025-07-27 00:00:00+00:00,3872.1,1440,0,True,ETHUSDT
2025-07-28 00:00:00+00:00,3799.0,1440,0,True,ETHUSDT
2025-07-29 00:00:00+00:00,3793.79,1440,0,True,ETHUSDT
2025-07-30 00:00:00+00:00,3810.0,1440,0,True,ETHUSDT
2025-07-31 00:00:00+00:00,3698.39,1440,0,True,ETHUSDT
2025-08-01 00:00:00+00:00,3488.2,1440,0,True,ETHUSDT
2025-08-02 00:00:00+00:00,3393.94,1440,0,True,ETHUSDT
2025-08-03 00:00:00+00:00,3496.74,1440,0,True,ETHUSDT
2025-08-04 00:00:00+00:00,3720.99,1440,0,True,ETHUSDT
2025-08-05 00:00:00+00:00,3612.0,1440,0,True,ETHUSDT
2025-08-06 00:00:00+00:00,3683.31,1440,0,True,ETHUSDT
2025-08-07 00:00:00+00:00,3910.31,1440,0,True,ETHUSDT
2025-08-08 00:00:00+00:00,4009.5,1440,0,True,ETHUSDT
2025-08-09 00:00:00+00:00,4260.62,1440,0,True,ETHUSDT
2025-08-10 00:00:00+00:00,4250.57,1440,0,True,ETHUSDT
2025-08-11 00:00:00+00:00,4223.22,1440,0,True,ETHUSDT
2025-08-12 00:00:00+00:00,4590.52,1440,0,True,ETHUSDT
2025-08-13 00:00:00+00:00,4749.3,1440,0,True,ETHUSDT
2025-08-14 00:00:00+00:00,4546.84,1440,0,True,ETHUSDT
2025-08-15 00:00:00+00:00,4439.47,1440,0,True,ETHUSDT
2025-08-16 00:00:00+00:00,4421.99,1440,0,True,ETHUSDT
2025-08-17 00:00:00+00:00,4472.33,1440,0,True,ETHUSDT
2025-08-18 00:00:00+00:00,4312.99,1440,0,True,ETHUSDT
2025-08-19 00:00:00+00:00,4075.59,1440,0,True,ETHUSDT
2025-08-20 00:00:00+00:00,4336.16,1440,0,True,ETHUSDT
2025-08-21 00:00:00+00:00,4225.3,1440,0,True,ETHUSDT
2025-08-22 00:00:00+00:00,4832.07,1440,0,True,ETHUSDT
2025-08-23 00:00:00+00:00,4778.4,1440,0,True,ETHUSDT
2025-08-24 00:00:00+00:00,4780.15,1440,0,True,ETHUSDT
2025-08-25 00:00:00+00:00,4376.18,1440,0,True,ETHUSDT
2025-08-26 00:00:00+00:00,4600.63,1440,0,True,ETHUSDT
2025-08-27 00:00:00+00:00,4506.71,1440,0,True,ETHUSDT
2025-08-28 00:00:00+00:00,4511.21,1440,0,True,ETHUSDT
2025-08-29 00:00:00+00:00,4360.18,1440,0,True,ETHUSDT
2025-08-30 00:00:00+00:00,4373.7,1440,0,True,ETHUSDT
2025-08-31 00:00:00+00:00,4391.83,1440,0,True,ETHUSDT
2025-09-01 00:00:00+00:00,4314.5,1440,0,True,ETHUSDT
2025-09-02 00:00:00+00:00,4326.5,1440,0,True,ETHUSDT
2025-09-03 00:00:00+00:00,4450.46,1440,0,True,ETHUSDT
2025-09-04 00:00:00+00:00,4297.55,1440,0,True,ETHUSDT
2025-09-05 00:00:00+00:00,4307.45,1440,0,True,ETHUSDT
2025-09-06 00:00:00+00:00,4273.14,1440,0,True,ETHUSDT
2025-09-07 00:00:00+00:00,4306.19,1440,0,True,ETHUSDT
2025-09-08 00:00:00+00:00,4306.37,1440,0,True,ETHUSDT
2025-09-09 00:00:00+00:00,4310.09,1440,0,True,ETHUSDT
2025-09-10 00:00:00+00:00,4349.32,1440,0,True,ETHUSDT
2025-09-11 00:00:00+00:00,4458.82,1440,0,True,ETHUSDT
2025-09-12 00:00:00+00:00,4712.16,1440,0,True,ETHUSDT
2025-09-13 00:00:00+00:00,4666.53,1440,0,True,ETHUSDT
2025-09-14 00:00:00+00:00,4604.49,1440,0,True,ETHUSDT
2025-09-15 00:00:00+00:00,4523.74,1440,0,True,ETHUSDT
2025-09-16 00:00:00+00:00,4501.29,1440,0,True,ETHUSDT
2025-09-17 00:00:00+00:00,4590.53,1440,0,True,ETHUSDT
2025-09-18 00:00:00+00:00,4587.66,1440,0,True,ETHUSDT
2025-09-19 00:00:00+00:00,4468.59,1440,0,True,ETHUSDT
2025-09-20 00:00:00+00:00,4480.42,1440,0,True,ETHUSDT
2025-09-21 00:00:00+00:00,4444.97,1440,0,True,ETHUSDT
2025-09-22 00:00:00+00:00,4199.08,1440,0,True,ETHUSDT
2025-09-23 00:00:00+00:00,4164.26,1440,0,True,ETHUSDT
2025-09-24 00:00:00+00:00,4152.81,1440,0,True,ETHUSDT
2025-09-25 00:00:00+00:00,3874.36,1440,0,True,ETHUSDT
2025-09-26 00:00:00+00:00,4032.24,1440,0,True,ETHUSDT
2025-09-27 00:00:00+00:00,4018.38,1440,0,True,ETHUSDT
2025-09-28 00:00:00+00:00,4142.16,1440,0,True,ETHUSDT
2025-09-29 00:00:00+00:00,4215.07,1440,0,True,ETHUSDT
2025-09-30 00:00:00+00:00,4145.15,1440,0,True,ETHUSDT
2025-10-01 00:00:00+00:00,4348.03,1440,0,True,ETHUSDT
2025-10-02 00:00:00+00:00,4484.35,1440,0,True,ETHUSDT
2025-10-03 00:00:00+00:00,4512.87,1440,0,True,ETHUSDT
2025-10-04 00:00:00+00:00,4487.15,1440,0,True,ETHUSDT
2025-10-05 00:00:00+00:00,4514.32,1440,0,True,ETHUSDT
2025-10-06 00:00:00+00:00,4684.01,1440,0,True,ETHUSDT
2025-10-07 00:00:00+00:00,4447.7,1440,0,True,ETHUSDT
2025-10-08 00:00:00+00:00,4525.72,1440,0,True,ETHUSDT
2025-10-09 00:00:00+00:00,4368.09,1440,0,True,ETHUSDT
2025-10-10 00:00:00+00:00,3829.72,1440,0,True,ETHUSDT
2025-10-11 00:00:00+00:00,3746.79,1440,0,True,ETHUSDT
2025-10-12 00:00:00+00:00,4152.29,1440,0,True,ETHUSDT
2025-10-13 00:00:00+00:00,4240.85,1440,0,True,ETHUSDT
2025-10-14 00:00:00+00:00,4125.02,1440,0,True,ETHUSDT
2025-10-15 00:00:00+00:00,3985.61,1440,0,True,ETHUSDT
2025-10-16 00:00:00+00:00,3894.51,1440,0,True,ETHUSDT
2025-10-17 00:00:00+00:00,3831.57,1440,0,True,ETHUSDT
2025-10-18 00:00:00+00:00,3889.21,1440,0,True,ETHUSDT
2025-10-19 00:00:00+00:00,3982.58,1440,0,True,ETHUSDT
2025-10-20 00:00:00+00:00,3979.22,1440,0,True,ETHUSDT
2025-10-21 00:00:00+00:00,3873.05,1440,0,True,ETHUSDT
2025-10-22 00:00:00+00:00,3805.53,1440,0,True,ETHUSDT
2025-10-23 00:00:00+00:00,3856.8,1440,0,True,ETHUSDT
2025-10-24 00:00:00+00:00,3934.88,1440,0,True,ETHUSDT
2025-10-25 00:00:00+00:00,3953.82,1440,0,True,ETHUSDT
2025-10-26 00:00:00+00:00,4158.46,1440,0,True,ETHUSDT
2025-10-27 00:00:00+00:00,4120.15,1440,0,True,ETHUSDT
2025-10-28 00:00:00+00:00,3979.2,1440,0,True,ETHUSDT
2025-10-29 00:00:00+00:00,3902.99,1440,0,True,ETHUSDT
2025-10-30 00:00:00+00:00,3805.09,1440,0,True,ETHUSDT
2025-10-31 00:00:00+00:00,3847.99,1440,0,True,ETHUSDT
2025-11-01 00:00:00+00:00,3873.77,1440,0,True,ETHUSDT
2025-11-02 00:00:00+00:00,3906.58,1440,0,True,ETHUSDT
2025-11-03 00:00:00+00:00,3603.83,1440,0,True,ETHUSDT
2025-11-04 00:00:00+00:00,3287.05,1440,0,True,ETHUSDT
2025-11-05 00:00:00+00:00,3424.29,1440,0,True,ETHUSDT
2025-11-06 00:00:00+00:00,3315.14,1440,0,True,ETHUSDT
2025-11-07 00:00:00+00:00,3436.05,1440,0,True,ETHUSDT
2025-11-08 00:00:00+00:00,3401.51,1440,0,True,ETHUSDT
2025-11-09 00:00:00+00:00,3583.46,1440,0,True,ETHUSDT
2025-11-10 00:00:00+00:00,3567.85,1440,0,True,ETHUSDT
2025-11-11 00:00:00+00:00,3417.76,1440,0,True,ETHUSDT
2025-11-12 00:00:00+00:00,3414.92,1440,0,True,ETHUSDT
2025-11-13 00:00:00+00:00,3231.54,1440,0,True,ETHUSDT
2025-11-14 00:00:00+00:00,3112.4,1440,0,True,ETHUSDT
2025-11-15 00:00:00+00:00,3167.88,1440,0,True,ETHUSDT
2025-11-16 00:00:00+00:00,3095.29,1440,0,True,ETHUSDT
2025-11-17 00:00:00+00:00,3031.44,1440,0,True,ETHUSDT
2025-11-18 00:00:00+00:00,3123.66,1440,0,True,ETHUSDT
2025-11-19 00:00:00+00:00,3025.48,1440,0,True,ETHUSDT
2025-11-20 00:00:00+00:00,2834.22,1440,0,True,ETHUSDT
2025-11-21 00:00:00+00:00,2765.85,1440,0,True,ETHUSDT
2025-11-22 00:00:00+00:00,2770.12,1440,0,True,ETHUSDT
2025-11-23 00:00:00+00:00,2802.16,1440,0,True,ETHUSDT
2025-11-24 00:00:00+00:00,2953.38,1440,0,True,ETHUSDT
2025-11-25 00:00:00+00:00,2959.36,1440,0,True,ETHUSDT
2025-11-26 00:00:00+00:00,3026.56,1440,0,True,ETHUSDT
2025-11-27 00:00:00+00:00,3015.23,1440,0,True,ETHUSDT
2025-11-28 00:00:00+00:00,3031.15,1440,0,True,ETHUSDT
2025-11-29 00:00:00+00:00,2989.16,1440,0,True,ETHUSDT
2025-11-30 00:00:00+00:00,2991.26,1440,0,True,ETHUSDT
2025-12-01 00:00:00+00:00,2799.07,1440,0,True,ETHUSDT
2025-12-02 00:00:00+00:00,2996.07,1440,0,True,ETHUSDT
2025-12-03 00:00:00+00:00,3188.36,1440,0,True,ETHUSDT
2025-12-04 00:00:00+00:00,3133.26,1440,0,True,ETHUSDT
2025-12-05 00:00:00+00:00,3021.78,1440,0,True,ETHUSDT
2025-12-06 00:00:00+00:00,3038.06,1440,0,True,ETHUSDT
2025-12-07 00:00:00+00:00,3059.85,1440,0,True,ETHUSDT
2025-12-08 00:00:00+00:00,3124.16,1440,0,True,ETHUSDT
2025-12-09 00:00:00+00:00,3318.04,1440,0,True,ETHUSDT
2025-12-10 00:00:00+00:00,3324.14,1440,0,True,ETHUSDT
2025-12-11 00:00:00+00:00,3237.39,1440,0,True,ETHUSDT
2025-12-12 00:00:00+00:00,3084.86,1440,0,True,ETHUSDT
2025-12-13 00:00:00+00:00,3114.64,1440,0,True,ETHUSDT
2025-12-14 00:00:00+00:00,3063.5,1440,0,True,ETHUSDT
2025-12-15 00:00:00+00:00,2964.85,1440,0,True,ETHUSDT
2025-12-16 00:00:00+00:00,2962.3,1440,0,True,ETHUSDT
2025-12-17 00:00:00+00:00,2833.49,1440,0,True,ETHUSDT
2025-12-18 00:00:00+00:00,2828.57,1440,0,True,ETHUSDT
2025-12-19 00:00:00+00:00,2979.5,1440,0,True,ETHUSDT
2025-12-20 00:00:00+00:00,2977.93,1440,0,True,ETHUSDT
2025-12-21 00:00:00+00:00,3002.02,1440,0,True,ETHUSDT
2025-12-22 00:00:00+00:00,3009.49,1440,0,True,ETHUSDT
2025-12-23 00:00:00+00:00,2965.02,1440,0,True,ETHUSDT
2025-12-24 00:00:00+00:00,2947.47,1440,0,True,ETHUSDT
2025-12-25 00:00:00+00:00,2903.95,1440,0,True,ETHUSDT
2025-12-26 00:00:00+00:00,2927.99,1440,0,True,ETHUSDT
2025-12-27 00:00:00+00:00,2949.05,1440,0,True,ETHUSDT
2025-12-28 00:00:00+00:00,2950.91,1440,0,True,ETHUSDT
2025-12-29 00:00:00+00:00,2937.9,1440,0,True,ETHUSDT
2025-12-30 00:00:00+00:00,2973.69,1440,0,True,ETHUSDT
2025-12-31 00:00:00+00:00,2971.64,1440,0,True,ETHUSDT
2020-01-01 00:00:00+00:00,0.19305,1440,0,True,XRPUSDT
2020-01-02 00:00:00+00:00,0.1875,1440,0,True,XRPUSDT
2020-01-03 00:00:00+00:00,0.19338,1440,0,True,XRPUSDT
2020-01-04 00:00:00+00:00,0.19305,1440,0,True,XRPUSDT
2020-01-05 00:00:00+00:00,0.19453,1440,0,True,XRPUSDT
2020-01-06 00:00:00+00:00,0.2231,1440,0,True,XRPUSDT
2020-01-07 00:00:00+00:00,0.21335,1440,0,True,XRPUSDT
2020-01-08 00:00:00+00:00,0.2075,1440,0,True,XRPUSDT
2020-01-09 00:00:00+00:00,0.20373,1440,0,True,XRPUSDT
2020-01-10 00:00:00+00:00,0.21284,1440,0,True,XRPUSDT
2020-01-11 00:00:00+00:00,0.21121,1440,0,True,XRPUSDT
2020-01-12 00:00:00+00:00,0.21539,1440,0,True,XRPUSDT
2020-01-13 00:00:00+00:00,0.21134,1440,0,True,XRPUSDT
2020-01-14 00:00:00+00:00,0.23464,1440,0,True,XRPUSDT
2020-01-15 00:00:00+00:00,0.23367,1440,0,True,XRPUSDT
2020-01-16 00:00:00+00:00,0.229,1440,0,True,XRPUSDT
2020-01-17 00:00:00+00:00,0.23921,1440,0,True,XRPUSDT
2020-01-18 00:00:00+00:00,0.24357,1440,0,True,XRPUSDT
2020-01-19 00:00:00+00:00,0.23558,1440,0,True,XRPUSDT
2020-01-20 00:00:00+00:00,0.23314,1440,0,True,XRPUSDT
2020-01-21 00:00:00+00:00,0.23726,1440,0,True,XRPUSDT
2020-01-22 00:00:00+00:00,0.23733,1440,0,True,XRPUSDT
2020-01-23 00:00:00+00:00,0.22586,1440,0,True,XRPUSDT
2020-01-24 00:00:00+00:00,0.22222,1440,0,True,XRPUSDT
2020-01-25 00:00:00+00:00,0.21946,1440,0,True,XRPUSDT
2020-01-26 00:00:00+00:00,0.23131,1440,0,True,XRPUSDT
2020-01-27 00:00:00+00:00,0.23077,1440,0,True,XRPUSDT
2020-01-28 00:00:00+00:00,0.23906,1440,0,True,XRPUSDT
2020-01-29 00:00:00+00:00,0.23539,1440,0,True,XRPUSDT
2020-01-30 00:00:00+00:00,0.24376,1440,0,True,XRPUSDT
2020-01-31 00:00:00+00:00,0.23946,1440,0,True,XRPUSDT
2020-02-01 00:00:00+00:00,0.24141,1440,0,True,XRPUSDT
2020-02-02 00:00:00+00:00,0.25093,1440,0,True,XRPUSDT
2020-02-03 00:00:00+00:00,0.25453,1440,0,True,XRPUSDT
2020-02-04 00:00:00+00:00,0.26737,1440,0,True,XRPUSDT
2020-02-05 00:00:00+00:00,0.27774,1440,0,True,XRPUSDT
2020-02-06 00:00:00+00:00,0.28325,1440,0,True,XRPUSDT
2020-02-07 00:00:00+00:00,0.27953,1440,0,True,XRPUSDT
2020-02-08 00:00:00+00:00,0.27735,1440,0,True,XRPUSDT
2020-02-09 00:00:00+00:00,,1380,0,False,XRPUSDT
2020-02-10 00:00:00+00:00,0.27338,1440,0,True,XRPUSDT
2020-02-11 00:00:00+00:00,0.281,1440,0,True,XRPUSDT
2020-02-12 00:00:00+00:00,0.30427,1440,0,True,XRPUSDT
2020-02-13 00:00:00+00:00,0.32709,1440,0,True,XRPUSDT
2020-02-14 00:00:00+00:00,0.33594,1440,0,True,XRPUSDT
2020-02-15 00:00:00+00:00,0.30729,1440,0,True,XRPUSDT
2020-02-16 00:00:00+00:00,0.29224,1440,0,True,XRPUSDT
2020-02-17 00:00:00+00:00,0.28736,1440,0,True,XRPUSDT
2020-02-18 00:00:00+00:00,0.29827,1440,0,True,XRPUSDT
2020-02-19 00:00:00+00:00,,1086,1,False,XRPUSDT
2020-02-20 00:00:00+00:00,0.2709,1440,0,True,XRPUSDT
2020-02-21 00:00:00+00:00,0.27418,1440,0,True,XRPUSDT
2020-02-22 00:00:00+00:00,0.27468,1440,0,True,XRPUSDT
2020-02-23 00:00:00+00:00,0.28298,1440,0,True,XRPUSDT
2020-02-24 00:00:00+00:00,0.2704,1440,0,True,XRPUSDT
2020-02-25 00:00:00+00:00,0.25209,1440,0,True,XRPUSDT
2020-02-26 00:00:00+00:00,0.22915,1440,0,True,XRPUSDT
2020-02-27 00:00:00+00:00,0.2385,1440,0,True,XRPUSDT
2020-02-28 00:00:00+00:00,0.23663,1440,0,True,XRPUSDT
2020-02-29 00:00:00+00:00,0.22892,1440,0,True,XRPUSDT
2020-03-01 00:00:00+00:00,0.22696,1440,0,True,XRPUSDT
2020-03-02 00:00:00+00:00,0.23958,1440,0,True,XRPUSDT
2020-03-03 00:00:00+00:00,0.23428,1440,0,True,XRPUSDT
2020-03-04 00:00:00+00:00,,1312,1,False,XRPUSDT
2020-03-05 00:00:00+00:00,0.23909,1440,0,True,XRPUSDT
2020-03-06 00:00:00+00:00,0.24477,1440,0,True,XRPUSDT
2020-03-07 00:00:00+00:00,0.23622,1440,0,True,XRPUSDT
2020-03-08 00:00:00+00:00,0.20385,1440,0,True,XRPUSDT
2020-03-09 00:00:00+00:00,0.20952,1440,0,True,XRPUSDT
2020-03-10 00:00:00+00:00,0.21185,1440,0,True,XRPUSDT
2020-03-11 00:00:00+00:00,0.20813,1440,0,True,XRPUSDT
2020-03-12 00:00:00+00:00,0.13549,1440,0,True,XRPUSDT
2020-03-13 00:00:00+00:00,0.15872,1440,0,True,XRPUSDT
2020-03-14 00:00:00+00:00,0.14588,1440,0,True,XRPUSDT
2020-03-15 00:00:00+00:00,0.15308,1440,0,True,XRPUSDT
2020-03-16 00:00:00+00:00,0.14102,1440,0,True,XRPUSDT
2020-03-17 00:00:00+00:00,0.14694,1440,0,True,XRPUSDT
2020-03-18 00:00:00+00:00,0.1476,1440,0,True,XRPUSDT
2020-03-19 00:00:00+00:00,0.1646,1440,0,True,XRPUSDT
2020-03-20 00:00:00+00:00,0.15695,1440,0,True,XRPUSDT
2020-03-21 00:00:00+00:00,0.15797,1440,0,True,XRPUSDT
2020-03-22 00:00:00+00:00,0.14776,1440,0,True,XRPUSDT
2020-03-23 00:00:00+00:00,0.15854,1440,0,True,XRPUSDT
2020-03-24 00:00:00+00:00,0.16225,1440,0,True,XRPUSDT
2020-03-25 00:00:00+00:00,0.16168,1440,0,True,XRPUSDT
2020-03-26 00:00:00+00:00,0.17593,1440,0,True,XRPUSDT
2020-03-27 00:00:00+00:00,0.17269,1440,0,True,XRPUSDT
2020-03-28 00:00:00+00:00,0.17543,1440,0,True,XRPUSDT
2020-03-29 00:00:00+00:00,0.16278,1440,0,True,XRPUSDT
2020-03-30 00:00:00+00:00,0.17112,1440,0,True,XRPUSDT
2020-03-31 00:00:00+00:00,0.17353,1440,0,True,XRPUSDT
2020-04-01 00:00:00+00:00,0.17494,1440,0,True,XRPUSDT
2020-04-02 00:00:00+00:00,0.17828,1440,0,True,XRPUSDT
2020-04-03 00:00:00+00:00,0.17957,1440,0,True,XRPUSDT
2020-04-04 00:00:00+00:00,0.18114,1440,0,True,XRPUSDT
2020-04-05 00:00:00+00:00,0.17925,1440,0,True,XRPUSDT
2020-04-06 00:00:00+00:00,0.19803,1440,0,True,XRPUSDT
2020-04-07 00:00:00+00:00,0.19285,1440,0,True,XRPUSDT
2020-04-08 00:00:00+00:00,0.20192,1440,0,True,XRPUSDT
2020-04-09 00:00:00+00:00,0.19829,1440,0,True,XRPUSDT
2020-04-10 00:00:00+00:00,0.18758,1440,0,True,XRPUSDT
2020-04-11 00:00:00+00:00,0.1885,1440,0,True,XRPUSDT
2020-04-12 00:00:00+00:00,0.18939,1440,0,True,XRPUSDT
2020-04-13 00:00:00+00:00,0.18763,1440,0,True,XRPUSDT
2020-04-14 00:00:00+00:00,0.18613,1440,0,True,XRPUSDT
2020-04-15 00:00:00+00:00,0.1805,1440,0,True,XRPUSDT
2020-04-16 00:00:00+00:00,0.19053,1440,0,True,XRPUSDT
2020-04-17 00:00:00+00:00,0.18863,1440,0,True,XRPUSDT
2020-04-18 00:00:00+00:00,0.19544,1440,0,True,XRPUSDT
2020-04-19 00:00:00+00:00,0.18901,1440,0,True,XRPUSDT
2020-04-20 00:00:00+00:00,0.18151,1440,0,True,XRPUSDT
2020-04-21 00:00:00+00:00,0.18341,1440,0,True,XRPUSDT
2020-04-22 00:00:00+00:00,0.18804,1440,0,True,XRPUSDT
2020-04-23 00:00:00+00:00,0.1926,1440,0,True,XRPUSDT
2020-04-24 00:00:00+00:00,0.19325,1440,0,True,XRPUSDT
2020-04-25 00:00:00+00:00,,1290,0,False,XRPUSDT
2020-04-26 00:00:00+00:00,0.19618,1440,0,True,XRPUSDT
2020-04-27 00:00:00+00:00,0.19747,1440,0,True,XRPUSDT
2020-04-28 00:00:00+00:00,0.21416,1440,0,True,XRPUSDT
2020-04-29 00:00:00+00:00,0.22648,1440,0,True,XRPUSDT
2020-04-30 00:00:00+00:00,0.21135,1440,0,True,XRPUSDT
2020-05-01 00:00:00+00:00,0.21786,1440,0,True,XRPUSDT
2020-05-02 00:00:00+00:00,0.22369,1440,0,True,XRPUSDT
2020-05-03 00:00:00+00:00,0.21936,1440,0,True,XRPUSDT
2020-05-04 00:00:00+00:00,0.21776,1440,0,True,XRPUSDT
2020-05-05 00:00:00+00:00,0.21688,1440,0,True,XRPUSDT
2020-05-06 00:00:00+00:00,0.21158,1440,0,True,XRPUSDT
2020-05-07 00:00:00+00:00,0.21862,1440,0,True,XRPUSDT
2020-05-08 00:00:00+00:00,0.21865,1440,0,True,XRPUSDT
2020-05-09 00:00:00+00:00,0.21642,1440,0,True,XRPUSDT
2020-05-10 00:00:00+00:00,0.19702,1440,0,True,XRPUSDT
2020-05-11 00:00:00+00:00,0.19254,1440,0,True,XRPUSDT
2020-05-12 00:00:00+00:00,0.19711,1440,0,True,XRPUSDT
2020-05-13 00:00:00+00:00,0.20177,1440,0,True,XRPUSDT
2020-05-14 00:00:00+00:00,0.20386,1440,0,True,XRPUSDT
2020-05-15 00:00:00+00:00,0.19818,1440,0,True,XRPUSDT
2020-05-16 00:00:00+00:00,0.19969,1440,0,True,XRPUSDT
2020-05-17 00:00:00+00:00,0.20131,1440,0,True,XRPUSDT
2020-05-18 00:00:00+00:00,0.20543,1440,0,True,XRPUSDT
2020-05-19 00:00:00+00:00,0.20496,1440,0,True,XRPUSDT
2020-05-20 00:00:00+00:00,0.20179,1440,0,True,XRPUSDT
2020-05-21 00:00:00+00:00,0.19434,1440,0,True,XRPUSDT
2020-05-22 00:00:00+00:00,0.20034,1440,0,True,XRPUSDT
2020-05-23 00:00:00+00:00,0.19883,1440,0,True,XRPUSDT
2020-05-24 00:00:00+00:00,0.19256,1440,0,True,XRPUSDT
2020-05-25 00:00:00+00:00,0.19622,1440,0,True,XRPUSDT
2020-05-26 00:00:00+00:00,0.19372,1440,0,True,XRPUSDT
2020-05-27 00:00:00+00:00,0.19791,1440,0,True,XRPUSDT
2020-05-28 00:00:00+00:00,0.20052,1440,0,True,XRPUSDT
2020-05-29 00:00:00+00:00,0.19759,1440,0,True,XRPUSDT
2020-05-30 00:00:00+00:00,0.20701,1440,0,True,XRPUSDT
2020-05-31 00:00:00+00:00,0.20245,1440,0,True,XRPUSDT
2020-06-01 00:00:00+00:00,0.211,1440,0,True,XRPUSDT
2020-06-02 00:00:00+00:00,0.20301,1440,0,True,XRPUSDT
2020-06-03 00:00:00+00:00,0.2041,1440,0,True,XRPUSDT
2020-06-04 00:00:00+00:00,0.20427,1440,0,True,XRPUSDT
2020-06-05 00:00:00+00:00,0.20274,1440,0,True,XRPUSDT
2020-06-06 00:00:00+00:00,0.20361,1440,0,True,XRPUSDT
2020-06-07 00:00:00+00:00,0.20329,1440,0,True,XRPUSDT
2020-06-08 00:00:00+00:00,0.20403,1440,0,True,XRPUSDT
2020-06-09 00:00:00+00:00,0.20127,1440,0,True,XRPUSDT
2020-06-10 00:00:00+00:00,0.20266,1440,0,True,XRPUSDT
2020-06-11 00:00:00+00:00,0.18817,1440,0,True,XRPUSDT
2020-06-12 00:00:00+00:00,0.19307,1440,0,True,XRPUSDT
2020-06-13 00:00:00+00:00,0.19234,1440,0,True,XRPUSDT
2020-06-14 00:00:00+00:00,0.19022,1440,0,True,XRPUSDT
2020-06-15 00:00:00+00:00,0.19238,1440,0,True,XRPUSDT
2020-06-16 00:00:00+00:00,0.19238,1440,0,True,XRPUSDT
2020-06-17 00:00:00+00:00,0.19315,1440,0,True,XRPUSDT
2020-06-18 00:00:00+00:00,0.18975,1440,0,True,XRPUSDT
2020-06-19 00:00:00+00:00,0.18722,1440,0,True,XRPUSDT
2020-06-20 00:00:00+00:00,0.18792,1440,0,True,XRPUSDT
2020-06-21 00:00:00+00:00,0.18602,1440,0,True,XRPUSDT
2020-06-22 00:00:00+00:00,0.18928,1440,0,True,XRPUSDT
2020-06-23 00:00:00+00:00,0.18889,1440,0,True,XRPUSDT
2020-06-24 00:00:00+00:00,0.18348,1440,0,True,XRPUSDT
2020-06-25 00:00:00+00:00,0.18156,1440,0,True,XRPUSDT
2020-06-26 00:00:00+00:00,0.18249,1440,0,True,XRPUSDT
2020-06-27 00:00:00+00:00,0.17509,1440,0,True,XRPUSDT
2020-06-28 00:00:00+00:00,,1230,0,False,XRPUSDT
2020-06-29 00:00:00+00:00,0.17726,1440,0,True,XRPUSDT
2020-06-30 00:00:00+00:00,0.17533,1440,0,True,XRPUSDT
2020-07-01 00:00:00+00:00,0.17647,1440,0,True,XRPUSDT
2020-07-02 00:00:00+00:00,0.17477,1440,0,True,XRPUSDT
2020-07-03 00:00:00+00:00,0.1762,1440,0,True,XRPUSDT
2020-07-04 00:00:00+00:00,0.17808,1440,0,True,XRPUSDT
2020-07-05 00:00:00+00:00,0.17695,1440,0,True,XRPUSDT
2020-07-06 00:00:00+00:00,0.18875,1440,0,True,XRPUSDT
2020-07-07 00:00:00+00:00,0.18508,1440,0,True,XRPUSDT
2020-07-08 00:00:00+00:00,0.20551,1440,0,True,XRPUSDT
2020-07-09 00:00:00+00:00,0.20263,1440,0,True,XRPUSDT
2020-07-10 00:00:00+00:00,0.19909,1440,0,True,XRPUSDT
2020-07-11 00:00:00+00:00,0.2011,1440,0,True,XRPUSDT
2020-07-12 00:00:00+00:00,0.20128,1440,0,True,XRPUSDT
2020-07-13 00:00:00+00:00,0.19867,1440,0,True,XRPUSDT
2020-07-14 00:00:00+00:00,0.19909,1440,0,True,XRPUSDT
2020-07-15 00:00:00+00:00,0.19721,1440,0,True,XRPUSDT
2020-07-16 00:00:00+00:00,0.19444,1440,0,True,XRPUSDT
2020-07-17 00:00:00+00:00,0.1944,1440,0,True,XRPUSDT
2020-07-18 00:00:00+00:00,0.1999,1440,0,True,XRPUSDT
2020-07-19 00:00:00+00:00,0.19956,1440,0,True,XRPUSDT
2020-07-20 00:00:00+00:00,0.19465,1440,0,True,XRPUSDT
2020-07-21 00:00:00+00:00,0.19949,1440,0,True,XRPUSDT
2020-07-22 00:00:00+00:00,0.20348,1440,0,True,XRPUSDT
2020-07-23 00:00:00+00:00,0.20851,1440,0,True,XRPUSDT
2020-07-24 00:00:00+00:00,0.20392,1440,0,True,XRPUSDT
2020-07-25 00:00:00+00:00,0.21463,1440,0,True,XRPUSDT
2020-07-26 00:00:00+00:00,0.21532,1440,0,True,XRPUSDT
2020-07-27 00:00:00+00:00,0.22437,1440,0,True,XRPUSDT
2020-07-28 00:00:00+00:00,0.23029,1440,0,True,XRPUSDT
2020-07-29 00:00:00+00:00,0.24327,1440,0,True,XRPUSDT
2020-07-30 00:00:00+00:00,0.24408,1440,0,True,XRPUSDT
2020-07-31 00:00:00+00:00,0.25939,1440,0,True,XRPUSDT
2020-08-01 00:00:00+00:00,0.29089,1440,0,True,XRPUSDT
2020-08-02 00:00:00+00:00,0.28803,1440,0,True,XRPUSDT
2020-08-03 00:00:00+00:00,0.31016,1440,0,True,XRPUSDT
2020-08-04 00:00:00+00:00,0.30138,1440,0,True,XRPUSDT
2020-08-05 00:00:00+00:00,0.30228,1440,0,True,XRPUSDT
2020-08-06 00:00:00+00:00,0.30311,1440,0,True,XRPUSDT
2020-08-07 00:00:00+00:00,0.29437,1440,0,True,XRPUSDT
2020-08-08 00:00:00+00:00,0.29527,1440,0,True,XRPUSDT
2020-08-09 00:00:00+00:00,0.2879,1440,0,True,XRPUSDT
2020-08-10 00:00:00+00:00,0.29469,1440,0,True,XRPUSDT
2020-08-11 00:00:00+00:00,0.2831,1440,0,True,XRPUSDT
2020-08-12 00:00:00+00:00,0.28233,1440,0,True,XRPUSDT
2020-08-13 00:00:00+00:00,0.2942,1440,0,True,XRPUSDT
2020-08-14 00:00:00+00:00,0.29995,1440,0,True,XRPUSDT
2020-08-15 00:00:00+00:00,0.29884,1440,0,True,XRPUSDT
2020-08-16 00:00:00+00:00,0.30455,1440,0,True,XRPUSDT
2020-08-17 00:00:00+00:00,0.31539,1440,0,True,XRPUSDT
2020-08-18 00:00:00+00:00,0.30251,1440,0,True,XRPUSDT
2020-08-19 00:00:00+00:00,0.28975,1440,0,True,XRPUSDT
2020-08-20 00:00:00+00:00,0.29218,1440,0,True,XRPUSDT
2020-08-21 00:00:00+00:00,0.27933,1440,0,True,XRPUSDT
2020-08-22 00:00:00+00:00,0.28592,1440,0,True,XRPUSDT
2020-08-23 00:00:00+00:00,0.2848,1440,0,True,XRPUSDT
2020-08-24 00:00:00+00:00,0.2884,1440,0,True,XRPUSDT
2020-08-25 00:00:00+00:00,0.27625,1440,0,True,XRPUSDT
2020-08-26 00:00:00+00:00,0.27653,1440,0,True,XRPUSDT
2020-08-27 00:00:00+00:00,0.26469,1440,0,True,XRPUSDT
2020-08-28 00:00:00+00:00,0.27174,1440,0,True,XRPUSDT
2020-08-29 00:00:00+00:00,0.2738,1440,0,True,XRPUSDT
2020-08-30 00:00:00+00:00,0.28302,1440,0,True,XRPUSDT
2020-08-31 00:00:00+00:00,0.28115,1440,0,True,XRPUSDT
2020-09-01 00:00:00+00:00,0.29521,1440,0,True,XRPUSDT
2020-09-02 00:00:00+00:00,0.27595,1440,0,True,XRPUSDT
2020-09-03 00:00:00+00:00,0.24409,1440,0,True,XRPUSDT
2020-09-04 00:00:00+00:00,0.25385,1440,0,True,XRPUSDT
2020-09-05 00:00:00+00:00,0.23738,1440,0,True,XRPUSDT
2020-09-06 00:00:00+00:00,0.23986,1440,0,True,XRPUSDT
2020-09-07 00:00:00+00:00,0.24198,1440,0,True,XRPUSDT
2020-09-08 00:00:00+00:00,0.23657,1440,0,True,XRPUSDT
2020-09-09 00:00:00+00:00,0.23901,1440,0,True,XRPUSDT
2020-09-10 00:00:00+00:00,0.24302,1440,0,True,XRPUSDT
2020-09-11 00:00:00+00:00,0.24252,1440,0,True,XRPUSDT
2020-09-12 00:00:00+00:00,0.24752,1440,0,True,XRPUSDT
2020-09-13 00:00:00+00:00,0.24218,1440,0,True,XRPUSDT
2020-09-14 00:00:00+00:00,0.24564,1440,0,True,XRPUSDT
2020-09-15 00:00:00+00:00,0.24331,1440,0,True,XRPUSDT
2020-09-16 00:00:00+00:00,0.24686,1440,0,True,XRPUSDT
2020-09-17 00:00:00+00:00,0.25214,1440,0,True,XRPUSDT
2020-09-18 00:00:00+00:00,0.25065,1440,0,True,XRPUSDT
2020-09-19 00:00:00+00:00,0.25112,1440,0,True,XRPUSDT
2020-09-20 00:00:00+00:00,0.24652,1440,0,True,XRPUSDT
2020-09-21 00:00:00+00:00,0.23102,1440,0,True,XRPUSDT
2020-09-22 00:00:00+00:00,0.23302,1440,0,True,XRPUSDT
2020-09-23 00:00:00+00:00,0.22164,1440,0,True,XRPUSDT
2020-09-24 00:00:00+00:00,0.23276,1440,0,True,XRPUSDT
2020-09-25 00:00:00+00:00,0.24154,1440,0,True,XRPUSDT
2020-09-26 00:00:00+00:00,0.24153,1440,0,True,XRPUSDT
2020-09-27 00:00:00+00:00,0.24334,1440,0,True,XRPUSDT
2020-09-28 00:00:00+00:00,0.24107,1440,0,True,XRPUSDT
2020-09-29 00:00:00+00:00,0.24285,1440,0,True,XRPUSDT
2020-09-30 00:00:00+00:00,0.24171,1440,0,True,XRPUSDT
2020-10-01 00:00:00+00:00,0.23819,1440,0,True,XRPUSDT
2020-10-02 00:00:00+00:00,0.23386,1440,0,True,XRPUSDT
2020-10-03 00:00:00+00:00,0.23273,1440,0,True,XRPUSDT
2020-10-04 00:00:00+00:00,0.24794,1440,0,True,XRPUSDT
2020-10-05 00:00:00+00:00,0.2503,1440,0,True,XRPUSDT
2020-10-06 00:00:00+00:00,0.24545,1440,0,True,XRPUSDT
2020-10-07 00:00:00+00:00,0.2487,1440,0,True,XRPUSDT
2020-10-08 00:00:00+00:00,0.25141,1440,0,True,XRPUSDT
2020-10-09 00:00:00+00:00,0.25293,1440,0,True,XRPUSDT
2020-10-10 00:00:00+00:00,0.25402,1440,0,True,XRPUSDT
2020-10-11 00:00:00+00:00,0.25544,1440,0,True,XRPUSDT
2020-10-12 00:00:00+00:00,0.25603,1440,0,True,XRPUSDT
2020-10-13 00:00:00+00:00,0.2565,1440,0,True,XRPUSDT
2020-10-14 00:00:00+00:00,0.24906,1440,0,True,XRPUSDT
2020-10-15 00:00:00+00:00,0.24596,1440,0,True,XRPUSDT
2020-10-16 00:00:00+00:00,0.24011,1440,0,True,XRPUSDT
2020-10-17 00:00:00+00:00,0.24057,1440,0,True,XRPUSDT
2020-10-18 00:00:00+00:00,0.24221,1440,0,True,XRPUSDT
2020-10-19 00:00:00+00:00,0.24558,1440,0,True,XRPUSDT
2020-10-20 00:00:00+00:00,0.24322,1440,0,True,XRPUSDT
2020-10-21 00:00:00+00:00,0.25088,1440,0,True,XRPUSDT
2020-10-22 00:00:00+00:00,0.25709,1440,0,True,XRPUSDT
2020-10-23 00:00:00+00:00,0.25471,1440,0,True,XRPUSDT
2020-10-24 00:00:00+00:00,0.2562,1440,0,True,XRPUSDT
2020-10-25 00:00:00+00:00,0.25313,1440,0,True,XRPUSDT
2020-10-26 00:00:00+00:00,0.2481,1440,0,True,XRPUSDT
2020-10-27 00:00:00+00:00,0.25273,1440,0,True,XRPUSDT
2020-10-28 00:00:00+00:00,0.2454,1440,0,True,XRPUSDT
2020-10-29 00:00:00+00:00,0.24239,1440,0,True,XRPUSDT
2020-10-30 00:00:00+00:00,0.23905,1440,0,True,XRPUSDT
2020-10-31 00:00:00+00:00,0.23968,1440,0,True,XRPUSDT
2020-11-01 00:00:00+00:00,0.23999,1440,0,True,XRPUSDT
2020-11-02 00:00:00+00:00,0.23523,1440,0,True,XRPUSDT
2020-11-03 00:00:00+00:00,0.2396,1440,0,True,XRPUSDT
2020-11-04 00:00:00+00:00,0.23758,1440,0,True,XRPUSDT
2020-11-05 00:00:00+00:00,0.24561,1440,0,True,XRPUSDT
2020-11-06 00:00:00+00:00,0.25863,1440,0,True,XRPUSDT
2020-11-07 00:00:00+00:00,0.2491,1440,0,True,XRPUSDT
2020-11-08 00:00:00+00:00,0.25374,1440,0,True,XRPUSDT
2020-11-09 00:00:00+00:00,0.25059,1440,0,True,XRPUSDT
2020-11-10 00:00:00+00:00,0.2538,1440,0,True,XRPUSDT
2020-11-11 00:00:00+00:00,0.25581,1440,0,True,XRPUSDT
2020-11-12 00:00:00+00:00,0.2549,1440,0,True,XRPUSDT
2020-11-13 00:00:00+00:00,0.2659,1440,0,True,XRPUSDT
2020-11-14 00:00:00+00:00,0.26824,1440,0,True,XRPUSDT
2020-11-15 00:00:00+00:00,0.26954,1440,0,True,XRPUSDT
2020-11-16 00:00:00+00:00,0.28813,1440,0,True,XRPUSDT
2020-11-17 00:00:00+00:00,0.30247,1440,0,True,XRPUSDT
2020-11-18 00:00:00+00:00,0.29335,1440,0,True,XRPUSDT
2020-11-19 00:00:00+00:00,0.30358,1440,0,True,XRPUSDT
2020-11-20 00:00:00+00:00,0.32991,1440,0,True,XRPUSDT
2020-11-21 00:00:00+00:00,0.46283,1440,0,True,XRPUSDT
2020-11-22 00:00:00+00:00,0.44611,1440,0,True,XRPUSDT
2020-11-23 00:00:00+00:00,0.61579,1440,0,True,XRPUSDT
2020-11-24 00:00:00+00:00,0.694,1440,0,True,XRPUSDT
2020-11-25 00:00:00+00:00,0.63022,1440,0,True,XRPUSDT
2020-11-26 00:00:00+00:00,0.53654,1440,0,True,XRPUSDT
2020-11-27 00:00:00+00:00,0.5623,1440,0,True,XRPUSDT
2020-11-28 00:00:00+00:00,0.62579,1440,0,True,XRPUSDT
2020-11-29 00:00:00+00:00,0.60543,1440,0,True,XRPUSDT
2020-11-30 00:00:00+00:00,,1380,0,False,XRPUSDT
2020-12-01 00:00:00+00:00,0.61088,1440,0,True,XRPUSDT
2020-12-02 00:00:00+00:00,0.62972,1440,0,True,XRPUSDT
2020-12-03 00:00:00+00:00,0.63046,1440,0,True,XRPUSDT
2020-12-04 00:00:00+00:00,0.55367,1440,0,True,XRPUSDT
2020-12-05 00:00:00+00:00,0.58517,1440,0,True,XRPUSDT
2020-12-06 00:00:00+00:00,0.62107,1440,0,True,XRPUSDT
2020-12-07 00:00:00+00:00,0.60818,1440,0,True,XRPUSDT
2020-12-08 00:00:00+00:00,0.5589,1440,0,True,XRPUSDT
2020-12-09 00:00:00+00:00,0.58265,1440,0,True,XRPUSDT
2020-12-10 00:00:00+00:00,0.57267,1440,0,True,XRPUSDT
2020-12-11 00:00:00+00:00,0.54945,1440,0,True,XRPUSDT
2020-12-12 00:00:00+00:00,0.50658,1440,0,True,XRPUSDT
2020-12-13 00:00:00+00:00,0.51365,1440,0,True,XRPUSDT
2020-12-14 00:00:00+00:00,0.4974,1440,0,True,XRPUSDT
2020-12-15 00:00:00+00:00,0.46793,1440,0,True,XRPUSDT
2020-12-16 00:00:00+00:00,0.56941,1440,0,True,XRPUSDT
2020-12-17 00:00:00+00:00,0.5769,1440,0,True,XRPUSDT
2020-12-18 00:00:00+00:00,0.58337,1440,0,True,XRPUSDT
2020-12-19 00:00:00+00:00,0.57666,1440,0,True,XRPUSDT
2020-12-20 00:00:00+00:00,0.55586,1440,0,True,XRPUSDT
2020-12-21 00:00:00+00:00,,1209,1,False,XRPUSDT
2020-12-22 00:00:00+00:00,0.44642,1440,0,True,XRPUSDT
2020-12-23 00:00:00+00:00,0.2605,1440,0,True,XRPUSDT
2020-12-24 00:00:00+00:00,0.33863,1440,0,True,XRPUSDT
2020-12-25 00:00:00+00:00,,1380,0,False,XRPUSDT
2020-12-26 00:00:00+00:00,0.29481,1440,0,True,XRPUSDT
2020-12-27 00:00:00+00:00,0.28407,1440,0,True,XRPUSDT
2020-12-28 00:00:00+00:00,0.24845,1440,0,True,XRPUSDT
2020-12-29 00:00:00+00:00,0.22142,1440,0,True,XRPUSDT
2020-12-30 00:00:00+00:00,0.21138,1440,0,True,XRPUSDT
2020-12-31 00:00:00+00:00,0.21959,1440,0,True,XRPUSDT
2021-01-01 00:00:00+00:00,0.23746,1440,0,True,XRPUSDT
2021-01-02 00:00:00+00:00,0.22064,1440,0,True,XRPUSDT
2021-01-03 00:00:00+00:00,0.2254,1440,0,True,XRPUSDT
2021-01-04 00:00:00+00:00,0.23565,1440,0,True,XRPUSDT
2021-01-05 00:00:00+00:00,0.22573,1440,0,True,XRPUSDT
2021-01-06 00:00:00+00:00,0.24854,1440,0,True,XRPUSDT
2021-01-07 00:00:00+00:00,0.32389,1440,0,True,XRPUSDT
2021-01-08 00:00:00+00:00,0.32032,1440,0,True,XRPUSDT
2021-01-09 00:00:00+00:00,0.32419,1440,0,True,XRPUSDT
2021-01-10 00:00:00+00:00,0.31491,1440,0,True,XRPUSDT
2021-01-11 00:00:00+00:00,0.28743,1440,0,True,XRPUSDT
2021-01-12 00:00:00+00:00,0.29254,1440,0,True,XRPUSDT
2021-01-13 00:00:00+00:00,0.30582,1440,0,True,XRPUSDT
2021-01-14 00:00:00+00:00,0.29642,1440,0,True,XRPUSDT
2021-01-15 00:00:00+00:00,0.27991,1440,0,True,XRPUSDT
2021-01-16 00:00:00+00:00,0.27924,1440,0,True,XRPUSDT
2021-01-17 00:00:00+00:00,0.27746,1440,0,True,XRPUSDT
2021-01-18 00:00:00+00:00,0.28528,1440,0,True,XRPUSDT
2021-01-19 00:00:00+00:00,0.29396,1440,0,True,XRPUSDT
2021-01-20 00:00:00+00:00,0.29539,1440,0,True,XRPUSDT
2021-01-21 00:00:00+00:00,0.26802,1440,0,True,XRPUSDT
2021-01-22 00:00:00+00:00,0.27217,1440,0,True,XRPUSDT
2021-01-23 00:00:00+00:00,0.27167,1440,0,True,XRPUSDT
2021-01-24 00:00:00+00:00,0.27339,1440,0,True,XRPUSDT
2021-01-25 00:00:00+00:00,0.26757,1440,0,True,XRPUSDT
2021-01-26 00:00:00+00:00,0.26834,1440,0,True,XRPUSDT
2021-01-27 00:00:00+00:00,0.25039,1440,0,True,XRPUSDT
2021-01-28 00:00:00+00:00,0.26407,1440,0,True,XRPUSDT
2021-01-29 00:00:00+00:00,0.2829,1440,0,True,XRPUSDT
2021-01-30 00:00:00+00:00,0.44372,1440,0,True,XRPUSDT
2021-01-31 00:00:00+00:00,0.49507,1440,0,True,XRPUSDT
2021-02-01 00:00:00+00:00,0.37106,1440,0,True,XRPUSDT
2021-02-02 00:00:00+00:00,0.37254,1440,0,True,XRPUSDT
2021-02-03 00:00:00+00:00,0.39721,1440,0,True,XRPUSDT
2021-02-04 00:00:00+00:00,0.44545,1440,0,True,XRPUSDT
2021-02-05 00:00:00+00:00,0.45219,1440,0,True,XRPUSDT
2021-02-06 00:00:00+00:00,0.44307,1440,0,True,XRPUSDT
2021-02-07 00:00:00+00:00,0.41849,1440,0,True,XRPUSDT
2021-02-08 00:00:00+00:00,0.45099,1440,0,True,XRPUSDT
2021-02-09 00:00:00+00:00,0.47636,1440,0,True,XRPUSDT
2021-02-10 00:00:00+00:00,0.50429,1440,0,True,XRPUSDT
2021-02-11 00:00:00+00:00,,1361,1,False,XRPUSDT
2021-02-12 00:00:00+00:00,0.609,1440,0,True,XRPUSDT
2021-02-13 00:00:00+00:00,0.63309,1440,0,True,XRPUSDT
2021-02-14 00:00:00+00:00,0.59211,1440,0,True,XRPUSDT
2021-02-15 00:00:00+00:00,0.54976,1440,0,True,XRPUSDT
2021-02-16 00:00:00+00:00,0.51995,1440,0,True,XRPUSDT
2021-02-17 00:00:00+00:00,0.53467,1440,0,True,XRPUSDT
2021-02-18 00:00:00+00:00,0.53204,1440,0,True,XRPUSDT
2021-02-19 00:00:00+00:00,0.56465,1440,0,True,XRPUSDT
2021-02-20 00:00:00+00:00,0.51167,1440,0,True,XRPUSDT
2021-02-21 00:00:00+00:00,0.54468,1440,0,True,XRPUSDT
2021-02-22 00:00:00+00:00,0.56646,1440,0,True,XRPUSDT
2021-02-23 00:00:00+00:00,0.47579,1440,0,True,XRPUSDT
2021-02-24 00:00:00+00:00,0.4686,1440,0,True,XRPUSDT
2021-02-25 00:00:00+00:00,0.43601,1440,0,True,XRPUSDT
2021-02-26 00:00:00+00:00,0.42788,1440,0,True,XRPUSDT
2021-02-27 00:00:00+00:00,0.43589,1440,0,True,XRPUSDT
2021-02-28 00:00:00+00:00,0.41565,1440,0,True,XRPUSDT
2021-03-01 00:00:00+00:00,0.44537,1440,0,True,XRPUSDT
2021-03-02 00:00:00+00:00,0.4357,1440,0,True,XRPUSDT
2021-03-03 00:00:00+00:00,0.44846,1440,0,True,XRPUSDT
2021-03-04 00:00:00+00:00,0.48096,1440,0,True,XRPUSDT
2021-03-05 00:00:00+00:00,0.45457,1440,0,True,XRPUSDT
2021-03-06 00:00:00+00:00,,1350,0,False,XRPUSDT
2021-03-07 00:00:00+00:00,0.46558,1440,0,True,XRPUSDT
2021-03-08 00:00:00+00:00,0.47412,1440,0,True,XRPUSDT
2021-03-09 00:00:00+00:00,0.4849,1440,0,True,XRPUSDT
2021-03-10 00:00:00+00:00,0.46155,1440,0,True,XRPUSDT
2021-03-11 00:00:00+00:00,0.45187,1440,0,True,XRPUSDT
2021-03-12 00:00:00+00:00,0.43934,1440,0,True,XRPUSDT
2021-03-13 00:00:00+00:00,0.45787,1440,0,True,XRPUSDT
2021-03-14 00:00:00+00:00,0.43905,1440,0,True,XRPUSDT
2021-03-15 00:00:00+00:00,0.43574,1440,0,True,XRPUSDT
2021-03-16 00:00:00+00:00,0.46024,1440,0,True,XRPUSDT
2021-03-17 00:00:00+00:00,0.4698,1440,0,True,XRPUSDT
2021-03-18 00:00:00+00:00,0.46893,1440,0,True,XRPUSDT
2021-03-19 00:00:00+00:00,0.46651,1440,0,True,XRPUSDT
2021-03-20 00:00:00+00:00,0.52613,1440,0,True,XRPUSDT
2021-03-21 00:00:00+00:00,0.51651,1440,0,True,XRPUSDT
2021-03-22 00:00:00+00:00,0.5441,1440,0,True,XRPUSDT
2021-03-23 00:00:00+00:00,0.5498,1440,0,True,XRPUSDT
2021-03-24 00:00:00+00:00,0.48021,1440,0,True,XRPUSDT
2021-03-25 00:00:00+00:00,0.51058,1440,0,True,XRPUSDT
2021-03-26 00:00:00+00:00,0.56357,1440,0,True,XRPUSDT
2021-03-27 00:00:00+00:00,0.54752,1440,0,True,XRPUSDT
2021-03-28 00:00:00+00:00,0.54552,1440,0,True,XRPUSDT
2021-03-29 00:00:00+00:00,0.56538,1440,0,True,XRPUSDT
2021-03-30 00:00:00+00:00,0.5621,1440,0,True,XRPUSDT
2021-03-31 00:00:00+00:00,0.56982,1440,0,True,XRPUSDT
2021-04-01 00:00:00+00:00,0.57087,1440,0,True,XRPUSDT
2021-04-02 00:00:00+00:00,0.60701,1440,0,True,XRPUSDT
2021-04-03 00:00:00+00:00,0.57831,1440,0,True,XRPUSDT
2021-04-04 00:00:00+00:00,0.635,1440,0,True,XRPUSDT
2021-04-05 00:00:00+00:00,0.91584,1440,0,True,XRPUSDT
2021-04-06 00:00:00+00:00,1.09663,1440,0,True,XRPUSDT
2021-04-07 00:00:00+00:00,0.91542,1440,0,True,XRPUSDT
2021-04-08 00:00:00+00:00,1.05599,1440,0,True,XRPUSDT
2021-04-09 00:00:00+00:00,1.01721,1440,0,True,XRPUSDT
2021-04-10 00:00:00+00:00,1.3728,1440,0,True,XRPUSDT
2021-04-11 00:00:00+00:00,1.35118,1440,0,True,XRPUSDT
2021-04-12 00:00:00+00:00,1.46843,1440,0,True,XRPUSDT
2021-04-13 00:00:00+00:00,1.79611,1440,0,True,XRPUSDT
2021-04-14 00:00:00+00:00,1.83468,1440,0,True,XRPUSDT
2021-04-15 00:00:00+00:00,1.75781,1440,0,True,XRPUSDT
2021-04-16 00:00:00+00:00,1.54805,1440,0,True,XRPUSDT
2021-04-17 00:00:00+00:00,1.53896,1440,0,True,XRPUSDT
2021-04-18 00:00:00+00:00,1.40797,1440,0,True,XRPUSDT
2021-04-19 00:00:00+00:00,1.30945,1440,0,True,XRPUSDT
2021-04-20 00:00:00+00:00,,1290,0,False,XRPUSDT
2021-04-21 00:00:00+00:00,1.29097,1440,0,True,XRPUSDT
2021-04-22 00:00:00+00:00,1.15489,1440,0,True,XRPUSDT
2021-04-23 00:00:00+00:00,1.17073,1440,0,True,XRPUSDT
2021-04-24 00:00:00+00:00,1.04833,1440,0,True,XRPUSDT
2021-04-25 00:00:00+00:00,,1157,1,False,XRPUSDT
2021-04-26 00:00:00+00:00,1.3629,1440,0,True,XRPUSDT
2021-04-27 00:00:00+00:00,1.4017,1440,0,True,XRPUSDT
2021-04-28 00:00:00+00:00,1.3576,1440,0,True,XRPUSDT
2021-04-29 00:00:00+00:00,1.3978,1440,0,True,XRPUSDT
2021-04-30 00:00:00+00:00,1.5988,1440,0,True,XRPUSDT
2021-05-01 00:00:00+00:00,1.651,1440,0,True,XRPUSDT
2021-05-02 00:00:00+00:00,1.5605,1440,0,True,XRPUSDT
2021-05-03 00:00:00+00:00,1.5546,1440,0,True,XRPUSDT
2021-05-04 00:00:00+00:00,1.3877,1440,0,True,XRPUSDT
2021-05-05 00:00:00+00:00,1.6133,1440,0,True,XRPUSDT
2021-05-06 00:00:00+00:00,1.6028,1440,0,True,XRPUSDT
2021-05-07 00:00:00+00:00,1.5793,1440,0,True,XRPUSDT
2021-05-08 00:00:00+00:00,1.5611,1440,0,True,XRPUSDT
2021-05-09 00:00:00+00:00,1.5345,1440,0,True,XRPUSDT
2021-05-10 00:00:00+00:00,1.3906,1440,0,True,XRPUSDT
2021-05-11 00:00:00+00:00,1.4786,1440,0,True,XRPUSDT
2021-05-12 00:00:00+00:00,1.2691,1440,0,True,XRPUSDT
2021-05-13 00:00:00+00:00,1.364,1440,0,True,XRPUSDT
2021-05-14 00:00:00+00:00,1.4,1440,0,True,XRPUSDT
2021-05-15 00:00:00+00:00,1.4904,1440,0,True,XRPUSDT
2021-05-16 00:00:00+00:00,1.4496,1440,0,True,XRPUSDT
2021-05-17 00:00:00+00:00,1.4946,1440,0,True,XRPUSDT
2021-05-18 00:00:00+00:00,1.5889,1440,0,True,XRPUSDT
2021-05-19 00:00:00+00:00,1.0568,1440,0,True,XRPUSDT
2021-05-20 00:00:00+00:00,1.1795,1440,0,True,XRPUSDT
2021-05-21 00:00:00+00:00,1.0062,1440,0,True,XRPUSDT
2021-05-22 00:00:00+00:00,0.9052,1440,0,True,XRPUSDT
2021-05-23 00:00:00+00:00,0.7898,1440,0,True,XRPUSDT
2021-05-24 00:00:00+00:00,0.993,1440,0,True,XRPUSDT
2021-05-25 00:00:00+00:00,0.9746,1440,0,True,XRPUSDT
2021-05-26 00:00:00+00:00,1.0316,1440,0,True,XRPUSDT
2021-05-27 00:00:00+00:00,0.9747,1440,0,True,XRPUSDT
2021-05-28 00:00:00+00:00,0.8985,1440,0,True,XRPUSDT
2021-05-29 00:00:00+00:00,0.8318,1440,0,True,XRPUSDT
2021-05-30 00:00:00+00:00,0.9058,1440,0,True,XRPUSDT
2021-05-31 00:00:00+00:00,1.0409,1440,0,True,XRPUSDT
2021-06-01 00:00:00+00:00,1.0108,1440,0,True,XRPUSDT
2021-06-02 00:00:00+00:00,1.0241,1440,0,True,XRPUSDT
2021-06-03 00:00:00+00:00,1.045,1440,0,True,XRPUSDT
2021-06-04 00:00:00+00:00,0.9683,1440,0,True,XRPUSDT
2021-06-05 00:00:00+00:00,0.923,1440,0,True,XRPUSDT
2021-06-06 00:00:00+00:00,0.947,1440,0,True,XRPUSDT
2021-06-07 00:00:00+00:00,0.8618,1440,0,True,XRPUSDT
2021-06-08 00:00:00+00:00,0.8731,1440,0,True,XRPUSDT
2021-06-09 00:00:00+00:00,0.9218,1440,0,True,XRPUSDT
2021-06-10 00:00:00+00:00,0.8686,1440,0,True,XRPUSDT
2021-06-11 00:00:00+00:00,0.8471,1440,0,True,XRPUSDT
2021-06-12 00:00:00+00:00,0.8326,1440,0,True,XRPUSDT
2021-06-13 00:00:00+00:00,0.8832,1440,0,True,XRPUSDT
2021-06-14 00:00:00+00:00,0.8906,1440,0,True,XRPUSDT
2021-06-15 00:00:00+00:00,0.8663,1440,0,True,XRPUSDT
2021-06-16 00:00:00+00:00,0.832,1440,0,True,XRPUSDT
2021-06-17 00:00:00+00:00,0.8419,1440,0,True,XRPUSDT
2021-06-18 00:00:00+00:00,0.7972,1440,0,True,XRPUSDT
2021-06-19 00:00:00+00:00,0.7582,1440,0,True,XRPUSDT
2021-06-20 00:00:00+00:00,0.7741,1440,0,True,XRPUSDT
2021-06-21 00:00:00+00:00,0.6067,1440,0,True,XRPUSDT
2021-06-22 00:00:00+00:00,0.5468,1440,0,True,XRPUSDT
2021-06-23 00:00:00+00:00,0.6383,1440,0,True,XRPUSDT
2021-06-24 00:00:00+00:00,0.6731,1440,0,True,XRPUSDT
2021-06-25 00:00:00+00:00,0.6111,1440,0,True,XRPUSDT
2021-06-26 00:00:00+00:00,0.6162,1440,0,True,XRPUSDT
2021-06-27 00:00:00+00:00,0.6484,1440,0,True,XRPUSDT
2021-06-28 00:00:00+00:00,0.6444,1440,0,True,XRPUSDT
2021-06-29 00:00:00+00:00,0.7063,1440,0,True,XRPUSDT
2021-06-30 00:00:00+00:00,0.7063,1440,0,True,XRPUSDT
2021-07-01 00:00:00+00:00,0.6591,1440,0,True,XRPUSDT
2021-07-02 00:00:00+00:00,0.6556,1440,0,True,XRPUSDT
2021-07-03 00:00:00+00:00,0.6732,1440,0,True,XRPUSDT
2021-07-04 00:00:00+00:00,0.696,1440,0,True,XRPUSDT
2021-07-05 00:00:00+00:00,0.6526,1440,0,True,XRPUSDT
2021-07-06 00:00:00+00:00,0.6648,1440,0,True,XRPUSDT
2021-07-07 00:00:00+00:00,0.6522,1440,0,True,XRPUSDT
2021-07-08 00:00:00+00:00,0.6215,1440,0,True,XRPUSDT
2021-07-09 00:00:00+00:00,0.6369,1440,0,True,XRPUSDT
2021-07-10 00:00:00+00:00,0.6246,1440,0,True,XRPUSDT
2021-07-11 00:00:00+00:00,0.6364,1440,0,True,XRPUSDT
2021-07-12 00:00:00+00:00,0.6288,1440,0,True,XRPUSDT
2021-07-13 00:00:00+00:00,0.6192,1440,0,True,XRPUSDT
2021-07-14 00:00:00+00:00,0.6197,1440,0,True,XRPUSDT
2021-07-15 00:00:00+00:00,0.5979,1440,0,True,XRPUSDT
2021-07-16 00:00:00+00:00,0.5893,1440,0,True,XRPUSDT
2021-07-17 00:00:00+00:00,0.5821,1440,0,True,XRPUSDT
2021-07-18 00:00:00+00:00,0.5866,1440,0,True,XRPUSDT
2021-07-19 00:00:00+00:00,0.557,1440,0,True,XRPUSDT
2021-07-20 00:00:00+00:00,0.5284,1440,0,True,XRPUSDT
2021-07-21 00:00:00+00:00,0.5719,1440,0,True,XRPUSDT
2021-07-22 00:00:00+00:00,0.592,1440,0,True,XRPUSDT
2021-07-23 00:00:00+00:00,0.6091,1440,0,True,XRPUSDT
2021-07-24 00:00:00+00:00,0.6085,1440,0,True,XRPUSDT
2021-07-25 00:00:00+00:00,0.6069,1440,0,True,XRPUSDT
2021-07-26 00:00:00+00:00,0.6234,1440,0,True,XRPUSDT
2021-07-27 00:00:00+00:00,0.6451,1440,0,True,XRPUSDT
2021-07-28 00:00:00+00:00,0.7327,1440,0,True,XRPUSDT
2021-07-29 00:00:00+00:00,0.7488,1440,0,True,XRPUSDT
2021-07-30 00:00:00+00:00,0.7521,1440,0,True,XRPUSDT
2021-07-31 00:00:00+00:00,0.746,1440,0,True,XRPUSDT
2021-08-01 00:00:00+00:00,0.7242,1440,0,True,XRPUSDT
2021-08-02 00:00:00+00:00,0.738,1440,0,True,XRPUSDT
2021-08-03 00:00:00+00:00,0.7136,1440,0,True,XRPUSDT
2021-08-04 00:00:00+00:00,0.731,1440,0,True,XRPUSDT
2021-08-05 00:00:00+00:00,0.7327,1440,0,True,XRPUSDT
2021-08-06 00:00:00+00:00,0.7474,1440,0,True,XRPUSDT
2021-08-07 00:00:00+00:00,0.8162,1440,0,True,XRPUSDT
2021-08-08 00:00:00+00:00,0.7788,1440,0,True,XRPUSDT
2021-08-09 00:00:00+00:00,0.817,1440,0,True,XRPUSDT
2021-08-10 00:00:00+00:00,0.8511,1440,0,True,XRPUSDT
2021-08-11 00:00:00+00:00,1.0105,1440,0,True,XRPUSDT
2021-08-12 00:00:00+00:00,0.966,1440,0,True,XRPUSDT
2021-08-13 00:00:00+00:00,,1170,1,False,XRPUSDT
2021-08-14 00:00:00+00:00,1.2791,1440,0,True,XRPUSDT
2021-08-15 00:00:00+00:00,1.2839,1440,0,True,XRPUSDT
2021-08-16 00:00:00+00:00,1.1855,1440,0,True,XRPUSDT
2021-08-17 00:00:00+00:00,1.0978,1440,0,True,XRPUSDT
2021-08-18 00:00:00+00:00,1.1431,1440,0,True,XRPUSDT
2021-08-19 00:00:00+00:00,1.2347,1440,0,True,XRPUSDT
2021-08-20 00:00:00+00:00,1.2629,1440,0,True,XRPUSDT
2021-08-21 00:00:00+00:00,1.2158,1440,0,True,XRPUSDT
2021-08-22 00:00:00+00:00,1.226,1440,0,True,XRPUSDT
2021-08-23 00:00:00+00:00,1.2457,1440,0,True,XRPUSDT
2021-08-24 00:00:00+00:00,1.1353,1440,0,True,XRPUSDT
2021-08-25 00:00:00+00:00,1.1735,1440,0,True,XRPUSDT
2021-08-26 00:00:00+00:00,1.0712,1440,0,True,XRPUSDT
2021-08-27 00:00:00+00:00,1.1918,1440,0,True,XRPUSDT
2021-08-28 00:00:00+00:00,1.1459,1440,0,True,XRPUSDT
2021-08-29 00:00:00+00:00,1.1408,1440,0,True,XRPUSDT
2021-08-30 00:00:00+00:00,1.1002,1440,0,True,XRPUSDT
2021-08-31 00:00:00+00:00,1.1856,1440,0,True,XRPUSDT
2021-09-01 00:00:00+00:00,1.2362,1440,0,True,XRPUSDT
2021-09-02 00:00:00+00:00,1.2533,1440,0,True,XRPUSDT
2021-09-03 00:00:00+00:00,1.2907,1440,0,True,XRPUSDT
2021-09-04 00:00:00+00:00,1.2548,1440,0,True,XRPUSDT
2021-09-05 00:00:00+00:00,1.3076,1440,0,True,XRPUSDT
2021-09-06 00:00:00+00:00,1.3894,1440,0,True,XRPUSDT
2021-09-07 00:00:00+00:00,1.1292,1440,0,True,XRPUSDT
2021-09-08 00:00:00+00:00,1.0998,1440,0,True,XRPUSDT
2021-09-09 00:00:00+00:00,1.0868,1440,0,True,XRPUSDT
2021-09-10 00:00:00+00:00,1.0552,1440,0,True,XRPUSDT
2021-09-11 00:00:00+00:00,1.0787,1440,0,True,XRPUSDT
2021-09-12 00:00:00+00:00,1.1181,1440,0,True,XRPUSDT
2021-09-13 00:00:00+00:00,1.0643,1440,0,True,XRPUSDT
2021-09-14 00:00:00+00:00,1.0963,1440,0,True,XRPUSDT
2021-09-15 00:00:00+00:00,1.1207,1440,0,True,XRPUSDT
2021-09-16 00:00:00+00:00,1.0902,1440,0,True,XRPUSDT
2021-09-17 00:00:00+00:00,1.0661,1440,0,True,XRPUSDT
2021-09-18 00:00:00+00:00,1.0751,1440,0,True,XRPUSDT
2021-09-19 00:00:00+00:00,1.0483,1440,0,True,XRPUSDT
2021-09-20 00:00:00+00:00,0.9216,1440,0,True,XRPUSDT
2021-09-21 00:00:00+00:00,0.8743,1440,0,True,XRPUSDT
2021-09-22 00:00:00+00:00,1.0033,1440,0,True,XRPUSDT
2021-09-23 00:00:00+00:00,1.0016,1440,0,True,XRPUSDT
2021-09-24 00:00:00+00:00,0.944,1440,0,True,XRPUSDT
2021-09-25 00:00:00+00:00,0.94,1440,0,True,XRPUSDT
2021-09-26 00:00:00+00:00,0.9436,1440,0,True,XRPUSDT
2021-09-27 00:00:00+00:00,0.9218,1440,0,True,XRPUSDT
2021-09-28 00:00:00+00:00,0.8928,1440,0,True,XRPUSDT
2021-09-29 00:00:00+00:00,,1320,0,False,XRPUSDT
2021-09-30 00:00:00+00:00,0.9533,1440,0,True,XRPUSDT
2021-10-01 00:00:00+00:00,1.0422,1440,0,True,XRPUSDT
2021-10-02 00:00:00+00:00,1.0359,1440,0,True,XRPUSDT
2021-10-03 00:00:00+00:00,1.0552,1440,0,True,XRPUSDT
2021-10-04 00:00:00+00:00,1.0425,1440,0,True,XRPUSDT
2021-10-05 00:00:00+00:00,1.0839,1440,0,True,XRPUSDT
2021-10-06 00:00:00+00:00,1.0765,1440,0,True,XRPUSDT
2021-10-07 00:00:00+00:00,1.0678,1440,0,True,XRPUSDT
2021-10-08 00:00:00+00:00,1.0636,1440,0,True,XRPUSDT
2021-10-09 00:00:00+00:00,1.1604,1440,0,True,XRPUSDT
2021-10-10 00:00:00+00:00,1.1352,1440,0,True,XRPUSDT
2021-10-11 00:00:00+00:00,1.1364,1440,0,True,XRPUSDT
2021-10-12 00:00:00+00:00,1.1018,1440,0,True,XRPUSDT
2021-10-13 00:00:00+00:00,1.1275,1440,0,True,XRPUSDT
2021-10-14 00:00:00+00:00,1.1336,1440,0,True,XRPUSDT
2021-10-15 00:00:00+00:00,1.1413,1440,0,True,XRPUSDT
2021-10-16 00:00:00+00:00,1.1343,1440,0,True,XRPUSDT
2021-10-17 00:00:00+00:00,1.0944,1440,0,True,XRPUSDT
2021-10-18 00:00:00+00:00,1.0827,1440,0,True,XRPUSDT
2021-10-19 00:00:00+00:00,1.0911,1440,0,True,XRPUSDT
2021-10-20 00:00:00+00:00,1.1455,1440,0,True,XRPUSDT
2021-10-21 00:00:00+00:00,1.0886,1440,0,True,XRPUSDT
2021-10-22 00:00:00+00:00,1.0885,1440,0,True,XRPUSDT
2021-10-23 00:00:00+00:00,1.0934,1440,0,True,XRPUSDT
2021-10-24 00:00:00+00:00,1.0821,1440,0,True,XRPUSDT
2021-10-25 00:00:00+00:00,1.0951,1440,0,True,XRPUSDT
2021-10-26 00:00:00+00:00,1.1075,1440,0,True,XRPUSDT
2021-10-27 00:00:00+00:00,0.995,1440,0,True,XRPUSDT
2021-10-28 00:00:00+00:00,1.0579,1440,0,True,XRPUSDT
2021-10-29 00:00:00+00:00,1.0825,1440,0,True,XRPUSDT
2021-10-30 00:00:00+00:00,1.0846,1440,0,True,XRPUSDT
2021-10-31 00:00:00+00:00,1.1128,1440,0,True,XRPUSDT
2021-11-01 00:00:00+00:00,1.0915,1440,0,True,XRPUSDT
2021-11-02 00:00:00+00:00,1.1349,1440,0,True,XRPUSDT
2021-11-03 00:00:00+00:00,1.2101,1440,0,True,XRPUSDT
2021-11-04 00:00:00+00:00,1.2004,1440,0,True,XRPUSDT
2021-11-05 00:00:00+00:00,1.1581,1440,0,True,XRPUSDT
2021-11-06 00:00:00+00:00,1.151,1440,0,True,XRPUSDT
2021-11-07 00:00:00+00:00,1.2198,1440,0,True,XRPUSDT
2021-11-08 00:00:00+00:00,1.2815,1440,0,True,XRPUSDT
2021-11-09 00:00:00+00:00,1.2571,1440,0,True,XRPUSDT
2021-11-10 00:00:00+00:00,1.1902,1440,0,True,XRPUSDT
2021-11-11 00:00:00+00:00,1.2142,1440,0,True,XRPUSDT
2021-11-12 00:00:00+00:00,1.1883,1440,0,True,XRPUSDT
2021-11-13 00:00:00+00:00,1.1892,1440,0,True,XRPUSDT
2021-11-14 00:00:00+00:00,1.1879,1440,0,True,XRPUSDT
2021-11-15 00:00:00+00:00,1.172,1440,0,True,XRPUSDT
2021-11-16 00:00:00+00:00,1.0877,1440,0,True,XRPUSDT
2021-11-17 00:00:00+00:00,1.0953,1440,0,True,XRPUSDT
2021-11-18 00:00:00+00:00,1.0406,1440,0,True,XRPUSDT
2021-11-19 00:00:00+00:00,1.0892,1440,0,True,XRPUSDT
2021-11-20 00:00:00+00:00,1.0965,1440,0,True,XRPUSDT
2021-11-21 00:00:00+00:00,1.0569,1440,0,True,XRPUSDT
2021-11-22 00:00:00+00:00,1.0354,1440,0,True,XRPUSDT
2021-11-23 00:00:00+00:00,1.0661,1440,0,True,XRPUSDT
2021-11-24 00:00:00+00:00,1.0326,1440,0,True,XRPUSDT
2021-11-25 00:00:00+00:00,1.0438,1440,0,True,XRPUSDT
2021-11-26 00:00:00+00:00,0.9394,1440,0,True,XRPUSDT
2021-11-27 00:00:00+00:00,0.9452,1440,0,True,XRPUSDT
2021-11-28 00:00:00+00:00,0.9687,1440,0,True,XRPUSDT
2021-11-29 00:00:00+00:00,0.9898,1440,0,True,XRPUSDT
2021-11-30 00:00:00+00:00,0.9983,1440,0,True,XRPUSDT
2021-12-01 00:00:00+00:00,0.9899,1440,0,True,XRPUSDT
2021-12-02 00:00:00+00:00,0.9716,1440,0,True,XRPUSDT
2021-12-03 00:00:00+00:00,0.9211,1440,0,True,XRPUSDT
2021-12-04 00:00:00+00:00,0.8449,1440,0,True,XRPUSDT
2021-12-05 00:00:00+00:00,0.8045,1440,0,True,XRPUSDT
2021-12-06 00:00:00+00:00,0.8255,1440,0,True,XRPUSDT
2021-12-07 00:00:00+00:00,0.8154,1440,0,True,XRPUSDT
2021-12-08 00:00:00+00:00,0.8622,1440,0,True,XRPUSDT
2021-12-09 00:00:00+00:00,0.8583,1440,0,True,XRPUSDT
2021-12-10 00:00:00+00:00,0.7992,1440,0,True,XRPUSDT
2021-12-11 00:00:00+00:00,0.8392,1440,0,True,XRPUSDT
2021-12-12 00:00:00+00:00,0.8393,1440,0,True,XRPUSDT
2021-12-13 00:00:00+00:00,0.7818,1440,0,True,XRPUSDT
2021-12-14 00:00:00+00:00,0.8103,1440,0,True,XRPUSDT
2021-12-15 00:00:00+00:00,0.8262,1440,0,True,XRPUSDT
2021-12-16 00:00:00+00:00,0.8051,1440,0,True,XRPUSDT
2021-12-17 00:00:00+00:00,0.7966,1440,0,True,XRPUSDT
2021-12-18 00:00:00+00:00,0.8262,1440,0,True,XRPUSDT
2021-12-19 00:00:00+00:00,0.835,1440,0,True,XRPUSDT
2021-12-20 00:00:00+00:00,0.8798,1440,0,True,XRPUSDT
2021-12-21 00:00:00+00:00,0.9467,1440,0,True,XRPUSDT
2021-12-22 00:00:00+00:00,0.9537,1440,0,True,XRPUSDT
2021-12-23 00:00:00+00:00,0.9941,1440,0,True,XRPUSDT
2021-12-24 00:00:00+00:00,0.9115,1440,0,True,XRPUSDT
2021-12-25 00:00:00+00:00,0.9252,1440,0,True,XRPUSDT
2021-12-26 00:00:00+00:00,0.92,1440,0,True,XRPUSDT
2021-12-27 00:00:00+00:00,0.9269,1440,0,True,XRPUSDT
2021-12-28 00:00:00+00:00,0.8515,1440,0,True,XRPUSDT
2021-12-29 00:00:00+00:00,0.8171,1440,0,True,XRPUSDT
2021-12-30 00:00:00+00:00,0.8386,1440,0,True,XRPUSDT
2021-12-31 00:00:00+00:00,0.8297,1440,0,True,XRPUSDT
2022-01-01 00:00:00+00:00,0.8507,1440,0,True,XRPUSDT
2022-01-02 00:00:00+00:00,0.8586,1440,0,True,XRPUSDT
2022-01-03 00:00:00+00:00,0.8324,1440,0,True,XRPUSDT
2022-01-04 00:00:00+00:00,0.8228,1440,0,True,XRPUSDT
2022-01-05 00:00:00+00:00,0.7726,1440,0,True,XRPUSDT
2022-01-06 00:00:00+00:00,0.7791,1440,0,True,XRPUSDT
2022-01-07 00:00:00+00:00,0.7634,1440,0,True,XRPUSDT
2022-01-08 00:00:00+00:00,0.7452,1440,0,True,XRPUSDT
2022-01-09 00:00:00+00:00,0.753,1440,0,True,XRPUSDT
2022-01-10 00:00:00+00:00,0.7399,1440,0,True,XRPUSDT
2022-01-11 00:00:00+00:00,0.7703,1440,0,True,XRPUSDT
2022-01-12 00:00:00+00:00,0.7987,1440,0,True,XRPUSDT
2022-01-13 00:00:00+00:00,0.768,1440,0,True,XRPUSDT
2022-01-14 00:00:00+00:00,0.7732,1440,0,True,XRPUSDT
2022-01-15 00:00:00+00:00,0.7791,1440,0,True,XRPUSDT
2022-01-16 00:00:00+00:00,0.7784,1440,0,True,XRPUSDT
2022-01-17 00:00:00+00:00,0.7617,1440,0,True,XRPUSDT
2022-01-18 00:00:00+00:00,0.7509,1440,0,True,XRPUSDT
2022-01-19 00:00:00+00:00,0.7381,1440,0,True,XRPUSDT
2022-01-20 00:00:00+00:00,0.7199,1440,0,True,XRPUSDT
2022-01-21 00:00:00+00:00,0.6368,1440,0,True,XRPUSDT
2022-01-22 00:00:00+00:00,0.5966,1440,0,True,XRPUSDT
2022-01-23 00:00:00+00:00,0.6283,1440,0,True,XRPUSDT
2022-01-24 00:00:00+00:00,0.6118,1440,0,True,XRPUSDT
2022-01-25 00:00:00+00:00,0.618,1440,0,True,XRPUSDT
2022-01-26 00:00:00+00:00,0.6193,1440,0,True,XRPUSDT
2022-01-27 00:00:00+00:00,0.6088,1440,0,True,XRPUSDT
2022-01-28 00:00:00+00:00,0.6111,1440,0,True,XRPUSDT
2022-01-29 00:00:00+00:00,0.6174,1440,0,True,XRPUSDT
2022-01-30 00:00:00+00:00,0.6013,1440,0,True,XRPUSDT
2022-01-31 00:00:00+00:00,0.6174,1440,0,True,XRPUSDT
2022-02-01 00:00:00+00:00,0.6284,1440,0,True,XRPUSDT
2022-02-02 00:00:00+00:00,0.6006,1440,0,True,XRPUSDT
2022-02-03 00:00:00+00:00,0.6102,1440,0,True,XRPUSDT
2022-02-04 00:00:00+00:00,0.6555,1440,0,True,XRPUSDT
2022-02-05 00:00:00+00:00,0.6656,1440,0,True,XRPUSDT
2022-02-06 00:00:00+00:00,0.6825,1440,0,True,XRPUSDT
2022-02-07 00:00:00+00:00,0.8314,1440,0,True,XRPUSDT
2022-02-08 00:00:00+00:00,0.8763,1440,0,True,XRPUSDT
2022-02-09 00:00:00+00:00,0.8697,1440,0,True,XRPUSDT
2022-02-10 00:00:00+00:00,0.8253,1440,0,True,XRPUSDT
2022-02-11 00:00:00+00:00,0.7591,1440,0,True,XRPUSDT
2022-02-12 00:00:00+00:00,0.8223,1440,0,True,XRPUSDT
2022-02-13 00:00:00+00:00,0.8057,1440,0,True,XRPUSDT
2022-02-14 00:00:00+00:00,0.8012,1440,0,True,XRPUSDT
2022-02-15 00:00:00+00:00,0.8515,1440,0,True,XRPUSDT
2022-02-16 00:00:00+00:00,0.8366,1440,0,True,XRPUSDT
2022-02-17 00:00:00+00:00,0.769,1440,0,True,XRPUSDT
2022-02-18 00:00:00+00:00,0.784,1440,0,True,XRPUSDT
2022-02-19 00:00:00+00:00,0.8215,1440,0,True,XRPUSDT
2022-02-20 00:00:00+00:00,0.7769,1440,0,True,XRPUSDT
2022-02-21 00:00:00+00:00,0.7018,1440,0,True,XRPUSDT
2022-02-22 00:00:00+00:00,0.7209,1440,0,True,XRPUSDT
2022-02-23 00:00:00+00:00,0.6967,1440,0,True,XRPUSDT
2022-02-24 00:00:00+00:00,0.6963,1440,0,True,XRPUSDT
2022-02-25 00:00:00+00:00,0.7699,1440,0,True,XRPUSDT
2022-02-26 00:00:00+00:00,0.7508,1440,0,True,XRPUSDT
2022-02-27 00:00:00+00:00,0.7215,1440,0,True,XRPUSDT
2022-02-28 00:00:00+00:00,0.7809,1440,0,True,XRPUSDT
2022-03-01 00:00:00+00:00,0.7839,1440,0,True,XRPUSDT
2022-03-02 00:00:00+00:00,0.7687,1440,0,True,XRPUSDT
2022-03-03 00:00:00+00:00,0.7515,1440,0,True,XRPUSDT
2022-03-04 00:00:00+00:00,0.7127,1440,0,True,XRPUSDT
2022-03-05 00:00:00+00:00,0.754,1440,0,True,XRPUSDT
2022-03-06 00:00:00+00:00,0.7251,1440,0,True,XRPUSDT
2022-03-07 00:00:00+00:00,0.7197,1440,0,True,XRPUSDT
2022-03-08 00:00:00+00:00,0.7207,1440,0,True,XRPUSDT
2022-03-09 00:00:00+00:00,0.7658,1440,0,True,XRPUSDT
2022-03-10 00:00:00+00:00,0.7361,1440,0,True,XRPUSDT
2022-03-11 00:00:00+00:00,0.8029,1440,0,True,XRPUSDT
2022-03-12 00:00:00+00:00,0.7857,1440,0,True,XRPUSDT
2022-03-13 00:00:00+00:00,0.7602,1440,0,True,XRPUSDT
2022-03-14 00:00:00+00:00,0.7748,1440,0,True,XRPUSDT
2022-03-15 00:00:00+00:00,0.7657,1440,0,True,XRPUSDT
2022-03-16 00:00:00+00:00,0.7919,1440,0,True,XRPUSDT
2022-03-17 00:00:00+00:00,0.7935,1440,0,True,XRPUSDT
2022-03-18 00:00:00+00:00,0.7965,1440,0,True,XRPUSDT
2022-03-19 00:00:00+00:00,0.8194,1440,0,True,XRPUSDT
2022-03-20 00:00:00+00:00,0.8057,1440,0,True,XRPUSDT
2022-03-21 00:00:00+00:00,0.8373,1440,0,True,XRPUSDT
2022-03-22 00:00:00+00:00,0.8366,1440,0,True,XRPUSDT
2022-03-23 00:00:00+00:00,0.8376,1440,0,True,XRPUSDT
2022-03-24 00:00:00+00:00,0.8428,1440,0,True,XRPUSDT
2022-03-25 00:00:00+00:00,0.8239,1440,0,True,XRPUSDT
2022-03-26 00:00:00+00:00,0.8327,1440,0,True,XRPUSDT
2022-03-27 00:00:00+00:00,0.858,1440,0,True,XRPUSDT
2022-03-28 00:00:00+00:00,0.8641,1440,0,True,XRPUSDT
2022-03-29 00:00:00+00:00,0.8577,1440,0,True,XRPUSDT
2022-03-30 00:00:00+00:00,0.8613,1440,0,True,XRPUSDT
2022-03-31 00:00:00+00:00,0.8148,1440,0,True,XRPUSDT
2022-04-01 00:00:00+00:00,0.8277,1440,0,True,XRPUSDT
2022-04-02 00:00:00+00:00,0.824,1440,0,True,XRPUSDT
2022-04-03 00:00:00+00:00,0.8432,1440,0,True,XRPUSDT
2022-04-04 00:00:00+00:00,0.826,1440,0,True,XRPUSDT
2022-04-05 00:00:00+00:00,0.8164,1440,0,True,XRPUSDT
2022-04-06 00:00:00+00:00,0.7595,1440,0,True,XRPUSDT
2022-04-07 00:00:00+00:00,0.7871,1440,0,True,XRPUSDT
2022-04-08 00:00:00+00:00,0.7549,1440,0,True,XRPUSDT
2022-04-09 00:00:00+00:00,0.7622,1440,0,True,XRPUSDT
2022-04-10 00:00:00+00:00,0.7543,1440,0,True,XRPUSDT
2022-04-11 00:00:00+00:00,0.6948,1440,0,True,XRPUSDT
2022-04-12 00:00:00+00:00,0.7152,1440,0,True,XRPUSDT
2022-04-13 00:00:00+00:00,0.7232,1440,0,True,XRPUSDT
2022-04-14 00:00:00+00:00,0.7262,1440,0,True,XRPUSDT
2022-04-15 00:00:00+00:00,0.7858,1440,0,True,XRPUSDT
2022-04-16 00:00:00+00:00,0.7808,1440,0,True,XRPUSDT
2022-04-17 00:00:00+00:00,0.7519,1440,0,True,XRPUSDT
2022-04-18 00:00:00+00:00,0.7699,1440,0,True,XRPUSDT
2022-04-19 00:00:00+00:00,0.7749,1440,0,True,XRPUSDT
2022-04-20 00:00:00+00:00,0.7517,1440,0,True,XRPUSDT
2022-04-21 00:00:00+00:00,0.7328,1440,0,True,XRPUSDT
2022-04-22 00:00:00+00:00,0.7179,1440,0,True,XRPUSDT
2022-04-23 00:00:00+00:00,0.7057,1440,0,True,XRPUSDT
2022-04-24 00:00:00+00:00,0.6981,1440,0,True,XRPUSDT
2022-04-25 00:00:00+00:00,0.6931,1440,0,True,XRPUSDT
2022-04-26 00:00:00+00:00,0.642,1440,0,True,XRPUSDT
2022-04-27 00:00:00+00:00,0.6522,1440,0,True,XRPUSDT
2022-04-28 00:00:00+00:00,0.6428,1440,0,True,XRPUSDT
2022-04-29 00:00:00+00:00,0.6116,1440,0,True,XRPUSDT
2022-04-30 00:00:00+00:00,0.5845,1440,0,True,XRPUSDT
2022-05-01 00:00:00+00:00,0.607,1440,0,True,XRPUSDT
2022-05-02 00:00:00+00:00,0.6143,1440,0,True,XRPUSDT
2022-05-03 00:00:00+00:00,0.6047,1440,0,True,XRPUSDT
2022-05-04 00:00:00+00:00,0.6459,1440,0,True,XRPUSDT
2022-05-05 00:00:00+00:00,0.5981,1440,0,True,XRPUSDT
2022-05-06 00:00:00+00:00,0.6022,1440,0,True,XRPUSDT
2022-05-07 00:00:00+00:00,0.5808,1440,0,True,XRPUSDT
2022-05-08 00:00:00+00:00,0.5662,1440,0,True,XRPUSDT
2022-05-09 00:00:00+00:00,0.4873,1440,0,True,XRPUSDT
2022-05-10 00:00:00+00:00,0.513,1440,0,True,XRPUSDT
2022-05-11 00:00:00+00:00,0.4172,1440,0,True,XRPUSDT
2022-05-12 00:00:00+00:00,0.3856,1440,0,True,XRPUSDT
2022-05-13 00:00:00+00:00,0.4228,1440,0,True,XRPUSDT
2022-05-14 00:00:00+00:00,0.4262,1440,0,True,XRPUSDT
2022-05-15 00:00:00+00:00,0.4481,1440,0,True,XRPUSDT
2022-05-16 00:00:00+00:00,0.4231,1440,0,True,XRPUSDT
2022-05-17 00:00:00+00:00,0.438,1440,0,True,XRPUSDT
2022-05-18 00:00:00+00:00,0.4056,1440,0,True,XRPUSDT
2022-05-19 00:00:00+00:00,0.4205,1440,0,True,XRPUSDT
2022-05-20 00:00:00+00:00,0.4101,1440,0,True,XRPUSDT
2022-05-21 00:00:00+00:00,0.4145,1440,0,True,XRPUSDT
2022-05-22 00:00:00+00:00,0.4218,1440,0,True,XRPUSDT
2022-05-23 00:00:00+00:00,0.4052,1440,0,True,XRPUSDT
2022-05-24 00:00:00+00:00,0.4086,1440,0,True,XRPUSDT
2022-05-25 00:00:00+00:00,0.406,1440,0,True,XRPUSDT
2022-05-26 00:00:00+00:00,0.392,1440,0,True,XRPUSDT
2022-05-27 00:00:00+00:00,0.3819,1440,0,True,XRPUSDT
2022-05-28 00:00:00+00:00,0.3863,1440,0,True,XRPUSDT
2022-05-29 00:00:00+00:00,0.3891,1440,0,True,XRPUSDT
2022-05-30 00:00:00+00:00,0.4187,1440,0,True,XRPUSDT
2022-05-31 00:00:00+00:00,0.4217,1440,0,True,XRPUSDT
2022-06-01 00:00:00+00:00,0.398,1440,0,True,XRPUSDT
2022-06-02 00:00:00+00:00,0.4055,1440,0,True,XRPUSDT
2022-06-03 00:00:00+00:00,0.3904,1440,0,True,XRPUSDT
2022-06-04 00:00:00+00:00,0.3925,1440,0,True,XRPUSDT
2022-06-05 00:00:00+00:00,0.3953,1440,0,True,XRPUSDT
2022-06-06 00:00:00+00:00,0.4026,1440,0,True,XRPUSDT
2022-06-07 00:00:00+00:00,0.4076,1440,0,True,XRPUSDT
2022-06-08 00:00:00+00:00,0.4006,1440,0,True,XRPUSDT
2022-06-09 00:00:00+00:00,0.4002,1440,0,True,XRPUSDT
2022-06-10 00:00:00+00:00,0.3815,1440,0,True,XRPUSDT
2022-06-11 00:00:00+00:00,0.3599,1440,0,True,XRPUSDT
2022-06-12 00:00:00+00:00,0.3433,1440,0,True,XRPUSDT
2022-06-13 00:00:00+00:00,0.3118,1440,0,True,XRPUSDT
2022-06-14 00:00:00+00:00,0.3214,1440,0,True,XRPUSDT
2022-06-15 00:00:00+00:00,0.3436,1440,0,True,XRPUSDT
2022-06-16 00:00:00+00:00,0.3132,1440,0,True,XRPUSDT
2022-06-17 00:00:00+00:00,0.321,1440,0,True,XRPUSDT
2022-06-18 00:00:00+00:00,0.3075,1440,0,True,XRPUSDT
2022-06-19 00:00:00+00:00,0.3264,1440,0,True,XRPUSDT
2022-06-20 00:00:00+00:00,0.3227,1440,0,True,XRPUSDT
2022-06-21 00:00:00+00:00,0.3294,1440,0,True,XRPUSDT
2022-06-22 00:00:00+00:00,0.3223,1440,0,True,XRPUSDT
2022-06-23 00:00:00+00:00,0.3358,1440,0,True,XRPUSDT
2022-06-24 00:00:00+00:00,0.3672,1440,0,True,XRPUSDT
2022-06-25 00:00:00+00:00,0.3676,1440,0,True,XRPUSDT
2022-06-26 00:00:00+00:00,0.3592,1440,0,True,XRPUSDT
2022-06-27 00:00:00+00:00,0.3537,1440,0,True,XRPUSDT
2022-06-28 00:00:00+00:00,0.3375,1440,0,True,XRPUSDT
2022-06-29 00:00:00+00:00,0.3296,1440,0,True,XRPUSDT
2022-06-30 00:00:00+00:00,0.3321,1440,0,True,XRPUSDT
2022-07-01 00:00:00+00:00,0.3139,1440,0,True,XRPUSDT
2022-07-02 00:00:00+00:00,0.3156,1440,0,True,XRPUSDT
2022-07-03 00:00:00+00:00,0.3215,1440,0,True,XRPUSDT
2022-07-04 00:00:00+00:00,0.3287,1440,0,True,XRPUSDT
2022-07-05 00:00:00+00:00,0.3252,1440,0,True,XRPUSDT
2022-07-06 00:00:00+00:00,0.3324,1440,0,True,XRPUSDT
2022-07-07 00:00:00+00:00,0.3422,1440,0,True,XRPUSDT
2022-07-08 00:00:00+00:00,0.3402,1440,0,True,XRPUSDT
2022-07-09 00:00:00+00:00,0.3448,1440,0,True,XRPUSDT
2022-07-10 00:00:00+00:00,0.3255,1440,0,True,XRPUSDT
2022-07-11 00:00:00+00:00,0.3152,1440,0,True,XRPUSDT
2022-07-12 00:00:00+00:00,0.3116,1440,0,True,XRPUSDT
2022-07-13 00:00:00+00:00,0.3237,1440,0,True,XRPUSDT
2022-07-14 00:00:00+00:00,0.3338,1440,0,True,XRPUSDT
2022-07-15 00:00:00+00:00,0.3342,1440,0,True,XRPUSDT
2022-07-16 00:00:00+00:00,0.3505,1440,0,True,XRPUSDT
2022-07-17 00:00:00+00:00,0.3433,1440,0,True,XRPUSDT
2022-07-18 00:00:00+00:00,0.3653,1440,0,True,XRPUSDT
2022-07-19 00:00:00+00:00,0.3729,1440,0,True,XRPUSDT
2022-07-20 00:00:00+00:00,0.3635,1440,0,True,XRPUSDT
2022-07-21 00:00:00+00:00,0.3669,1440,0,True,XRPUSDT
2022-07-22 00:00:00+00:00,0.3578,1440,0,True,XRPUSDT
2022-07-23 00:00:00+00:00,0.3592,1440,0,True,XRPUSDT
2022-07-24 00:00:00+00:00,0.3586,1440,0,True,XRPUSDT
2022-07-25 00:00:00+00:00,0.3362,1440,0,True,XRPUSDT
2022-07-26 00:00:00+00:00,0.3372,1440,0,True,XRPUSDT
2022-07-27 00:00:00+00:00,0.3594,1440,0,True,XRPUSDT
2022-07-28 00:00:00+00:00,0.3739,1440,0,True,XRPUSDT
2022-07-29 00:00:00+00:00,0.3679,1440,0,True,XRPUSDT
2022-07-30 00:00:00+00:00,0.3879,1440,0,True,XRPUSDT
2022-07-31 00:00:00+00:00,0.3792,1440,0,True,XRPUSDT
2022-08-01 00:00:00+00:00,0.3791,1440,0,True,XRPUSDT
2022-08-02 00:00:00+00:00,0.3714,1440,0,True,XRPUSDT
2022-08-03 00:00:00+00:00,0.3695,1440,0,True,XRPUSDT
2022-08-04 00:00:00+00:00,0.371,1440,0,True,XRPUSDT
2022-08-05 00:00:00+00:00,0.3764,1440,0,True,XRPUSDT
2022-08-06 00:00:00+00:00,0.3715,1440,0,True,XRPUSDT
2022-08-07 00:00:00+00:00,0.3722,1440,0,True,XRPUSDT
2022-08-08 00:00:00+00:00,0.3787,1440,0,True,XRPUSDT
2022-08-09 00:00:00+00:00,0.3672,1440,0,True,XRPUSDT
2022-08-10 00:00:00+00:00,0.3814,1440,0,True,XRPUSDT
2022-08-11 00:00:00+00:00,0.3802,1440,0,True,XRPUSDT
2022-08-12 00:00:00+00:00,0.3796,1440,0,True,XRPUSDT
2022-08-13 00:00:00+00:00,0.378,1440,0,True,XRPUSDT
2022-08-14 00:00:00+00:00,0.3757,1440,0,True,XRPUSDT
2022-08-15 00:00:00+00:00,0.3751,1440,0,True,XRPUSDT
2022-08-16 00:00:00+00:00,0.377,1440,0,True,XRPUSDT
2022-08-17 00:00:00+00:00,0.3795,1440,0,True,XRPUSDT
2022-08-18 00:00:00+00:00,0.3704,1440,0,True,XRPUSDT
2022-08-19 00:00:00+00:00,0.3344,1440,0,True,XRPUSDT
2022-08-20 00:00:00+00:00,0.3368,1440,0,True,XRPUSDT
2022-08-21 00:00:00+00:00,0.3449,1440,0,True,XRPUSDT
2022-08-22 00:00:00+00:00,0.344,1440,0,True,XRPUSDT
2022-08-23 00:00:00+00:00,0.3472,1440,0,True,XRPUSDT
2022-08-24 00:00:00+00:00,0.3456,1440,0,True,XRPUSDT
2022-08-25 00:00:00+00:00,0.3491,1440,0,True,XRPUSDT
2022-08-26 00:00:00+00:00,0.3393,1440,0,True,XRPUSDT
2022-08-27 00:00:00+00:00,0.3346,1440,0,True,XRPUSDT
2022-08-28 00:00:00+00:00,0.3224,1440,0,True,XRPUSDT
2022-08-29 00:00:00+00:00,0.3337,1440,0,True,XRPUSDT
2022-08-30 00:00:00+00:00,0.3267,1440,0,True,XRPUSDT
2022-08-31 00:00:00+00:00,0.3277,1440,0,True,XRPUSDT
2022-09-01 00:00:00+00:00,0.3331,1440,0,True,XRPUSDT
2022-09-02 00:00:00+00:00,0.3314,1440,0,True,XRPUSDT
2022-09-03 00:00:00+00:00,0.3297,1440,0,True,XRPUSDT
2022-09-04 00:00:00+00:00,0.3317,1440,0,True,XRPUSDT
2022-09-05 00:00:00+00:00,0.3329,1440,0,True,XRPUSDT
2022-09-06 00:00:00+00:00,0.3212,1440,0,True,XRPUSDT
2022-09-07 00:00:00+00:00,0.3369,1440,0,True,XRPUSDT
2022-09-08 00:00:00+00:00,0.3396,1440,0,True,XRPUSDT
2022-09-09 00:00:00+00:00,0.3568,1440,0,True,XRPUSDT
2022-09-10 00:00:00+00:00,0.3573,1440,0,True,XRPUSDT
2022-09-11 00:00:00+00:00,0.3552,1440,0,True,XRPUSDT
2022-09-12 00:00:00+00:00,0.3598,1440,0,True,XRPUSDT
2022-09-13 00:00:00+00:00,0.3326,1440,0,True,XRPUSDT
2022-09-14 00:00:00+00:00,0.3415,1440,0,True,XRPUSDT
2022-09-15 00:00:00+00:00,0.3261,1440,0,True,XRPUSDT
2022-09-16 00:00:00+00:00,0.3552,1440,0,True,XRPUSDT
2022-09-17 00:00:00+00:00,0.3762,1440,0,True,XRPUSDT
2022-09-18 00:00:00+00:00,0.3576,1440,0,True,XRPUSDT
2022-09-19 00:00:00+00:00,0.3848,1440,0,True,XRPUSDT
2022-09-20 00:00:00+00:00,0.414,1440,0,True,XRPUSDT
2022-09-21 00:00:00+00:00,0.3936,1440,0,True,XRPUSDT
2022-09-22 00:00:00+00:00,0.4862,1440,0,True,XRPUSDT
2022-09-23 00:00:00+00:00,0.5069,1440,0,True,XRPUSDT
2022-09-24 00:00:00+00:00,0.4878,1440,0,True,XRPUSDT
2022-09-25 00:00:00+00:00,0.4917,1440,0,True,XRPUSDT
2022-09-26 00:00:00+00:00,0.4683,1440,0,True,XRPUSDT
2022-09-27 00:00:00+00:00,0.4457,1440,0,True,XRPUSDT
2022-09-28 00:00:00+00:00,0.4489,1440,0,True,XRPUSDT
2022-09-29 00:00:00+00:00,0.4877,1440,0,True,XRPUSDT
2022-09-30 00:00:00+00:00,0.4799,1440,0,True,XRPUSDT
2022-10-01 00:00:00+00:00,0.4754,1440,0,True,XRPUSDT
2022-10-02 00:00:00+00:00,0.4485,1440,0,True,XRPUSDT
2022-10-03 00:00:00+00:00,0.4621,1440,0,True,XRPUSDT
2022-10-04 00:00:00+00:00,0.4795,1440,0,True,XRPUSDT
2022-10-05 00:00:00+00:00,0.4887,1440,0,True,XRPUSDT
2022-10-06 00:00:00+00:00,0.4934,1440,0,True,XRPUSDT
2022-10-07 00:00:00+00:00,0.5177,1440,0,True,XRPUSDT
2022-10-08 00:00:00+00:00,0.517,1440,0,True,XRPUSDT
2022-10-09 00:00:00+00:00,0.5325,1440,0,True,XRPUSDT
2022-10-10 00:00:00+00:00,0.4939,1440,0,True,XRPUSDT
2022-10-11 00:00:00+00:00,0.4861,1440,0,True,XRPUSDT
2022-10-12 00:00:00+00:00,0.4881,1440,0,True,XRPUSDT
2022-10-13 00:00:00+00:00,0.4791,1440,0,True,XRPUSDT
2022-10-14 00:00:00+00:00,0.4883,1440,0,True,XRPUSDT
2022-10-15 00:00:00+00:00,0.4818,1440,0,True,XRPUSDT
2022-10-16 00:00:00+00:00,0.4766,1440,0,True,XRPUSDT
2022-10-17 00:00:00+00:00,0.4804,1440,0,True,XRPUSDT
2022-10-18 00:00:00+00:00,0.4658,1440,0,True,XRPUSDT
2022-10-19 00:00:00+00:00,0.4504,1440,0,True,XRPUSDT
2022-10-20 00:00:00+00:00,0.4465,1440,0,True,XRPUSDT
2022-10-21 00:00:00+00:00,0.4614,1440,0,True,XRPUSDT
2022-10-22 00:00:00+00:00,0.4653,1440,0,True,XRPUSDT
2022-10-23 00:00:00+00:00,0.4688,1440,0,True,XRPUSDT
2022-10-24 00:00:00+00:00,0.4529,1440,0,True,XRPUSDT
2022-10-25 00:00:00+00:00,0.4605,1440,0,True,XRPUSDT
2022-10-26 00:00:00+00:00,0.4689,1440,0,True,XRPUSDT
2022-10-27 00:00:00+00:00,0.4615,1440,0,True,XRPUSDT
2022-10-28 00:00:00+00:00,0.4744,1440,0,True,XRPUSDT
2022-10-29 00:00:00+00:00,0.4701,1440,0,True,XRPUSDT
2022-10-30 00:00:00+00:00,0.4582,1440,0,True,XRPUSDT
2022-10-31 00:00:00+00:00,0.4641,1440,0,True,XRPUSDT
2022-11-01 00:00:00+00:00,0.4636,1440,0,True,XRPUSDT
2022-11-02 00:00:00+00:00,0.4497,1440,0,True,XRPUSDT
2022-11-03 00:00:00+00:00,0.4548,1440,0,True,XRPUSDT
2022-11-04 00:00:00+00:00,0.5064,1440,0,True,XRPUSDT
2022-11-05 00:00:00+00:00,0.493,1440,0,True,XRPUSDT
2022-11-06 00:00:00+00:00,0.4709,1440,0,True,XRPUSDT
2022-11-07 00:00:00+00:00,0.4648,1440,0,True,XRPUSDT
2022-11-08 00:00:00+00:00,0.4059,1440,0,True,XRPUSDT
2022-11-09 00:00:00+00:00,0.3331,1440,0,True,XRPUSDT
2022-11-10 00:00:00+00:00,0.3942,1440,0,True,XRPUSDT
2022-11-11 00:00:00+00:00,0.3843,1440,0,True,XRPUSDT
2022-11-12 00:00:00+00:00,0.3636,1440,0,True,XRPUSDT
2022-11-13 00:00:00+00:00,0.3408,1440,0,True,XRPUSDT
2022-11-14 00:00:00+00:00,0.3776,1440,0,True,XRPUSDT
2022-11-15 00:00:00+00:00,0.3888,1440,0,True,XRPUSDT
2022-11-16 00:00:00+00:00,0.3752,1440,0,True,XRPUSDT
2022-11-17 00:00:00+00:00,0.3819,1440,0,True,XRPUSDT
2022-11-18 00:00:00+00:00,0.3829,1440,0,True,XRPUSDT
2022-11-19 00:00:00+00:00,0.3841,1440,0,True,XRPUSDT
2022-11-20 00:00:00+00:00,0.3608,1440,0,True,XRPUSDT
2022-11-21 00:00:00+00:00,0.3645,1440,0,True,XRPUSDT
2022-11-22 00:00:00+00:00,0.3757,1440,0,True,XRPUSDT
2022-11-23 00:00:00+00:00,0.3815,1440,0,True,XRPUSDT
2022-11-24 00:00:00+00:00,0.4018,1440,0,True,XRPUSDT
2022-11-25 00:00:00+00:00,0.4078,1440,0,True,XRPUSDT
2022-11-26 00:00:00+00:00,0.396,1440,0,True,XRPUSDT
2022-11-27 00:00:00+00:00,0.3962,1440,0,True,XRPUSDT
2022-11-28 00:00:00+00:00,0.3888,1440,0,True,XRPUSDT
2022-11-29 00:00:00+00:00,0.3981,1440,0,True,XRPUSDT
2022-11-30 00:00:00+00:00,0.4078,1440,0,True,XRPUSDT
2022-12-01 00:00:00+00:00,0.3969,1440,0,True,XRPUSDT
2022-12-02 00:00:00+00:00,0.3961,1440,0,True,XRPUSDT
2022-12-03 00:00:00+00:00,0.3873,1440,0,True,XRPUSDT
2022-12-04 00:00:00+00:00,0.3895,1440,0,True,XRPUSDT
2022-12-05 00:00:00+00:00,0.3893,1440,0,True,XRPUSDT
2022-12-06 00:00:00+00:00,0.3914,1440,0,True,XRPUSDT
2022-12-07 00:00:00+00:00,0.3835,1440,0,True,XRPUSDT
2022-12-08 00:00:00+00:00,0.3941,1440,0,True,XRPUSDT
2022-12-09 00:00:00+00:00,0.3889,1440,0,True,XRPUSDT
2022-12-10 00:00:00+00:00,0.3865,1440,0,True,XRPUSDT
2022-12-11 00:00:00+00:00,0.3809,1440,0,True,XRPUSDT
2022-12-12 00:00:00+00:00,0.3874,1440,0,True,XRPUSDT
2022-12-13 00:00:00+00:00,0.3952,1440,0,True,XRPUSDT
2022-12-14 00:00:00+00:00,0.3853,1440,0,True,XRPUSDT
2022-12-15 00:00:00+00:00,0.378,1440,0,True,XRPUSDT
2022-12-16 00:00:00+00:00,0.3511,1440,0,True,XRPUSDT
2022-12-17 00:00:00+00:00,0.3545,1440,0,True,XRPUSDT
2022-12-18 00:00:00+00:00,0.3499,1440,0,True,XRPUSDT
2022-12-19 00:00:00+00:00,0.3389,1440,0,True,XRPUSDT
2022-12-20 00:00:00+00:00,0.3482,1440,0,True,XRPUSDT
2022-12-21 00:00:00+00:00,0.3449,1440,0,True,XRPUSDT
2022-12-22 00:00:00+00:00,0.3492,1440,0,True,XRPUSDT
2022-12-23 00:00:00+00:00,0.3543,1440,0,True,XRPUSDT
2022-12-24 00:00:00+00:00,0.3517,1440,0,True,XRPUSDT
2022-12-25 00:00:00+00:00,0.3457,1440,0,True,XRPUSDT
2022-12-26 00:00:00+00:00,0.3658,1440,0,True,XRPUSDT
2022-12-27 00:00:00+00:00,0.3675,1440,0,True,XRPUSDT
2022-12-28 00:00:00+00:00,0.3558,1440,0,True,XRPUSDT
2022-12-29 00:00:00+00:00,0.3421,1440,0,True,XRPUSDT
2022-12-30 00:00:00+00:00,0.3451,1440,0,True,XRPUSDT
2022-12-31 00:00:00+00:00,0.3389,1440,0,True,XRPUSDT
2023-01-01 00:00:00+00:00,0.3387,1440,0,True,XRPUSDT
2023-01-02 00:00:00+00:00,0.3482,1440,0,True,XRPUSDT
2023-01-03 00:00:00+00:00,0.3436,1440,0,True,XRPUSDT
2023-01-04 00:00:00+00:00,0.3472,1440,0,True,XRPUSDT
2023-01-05 00:00:00+00:00,0.338,1440,0,True,XRPUSDT
2023-01-06 00:00:00+00:00,0.3443,1440,0,True,XRPUSDT
2023-01-07 00:00:00+00:00,0.3442,1440,0,True,XRPUSDT
2023-01-08 00:00:00+00:00,0.3452,1440,0,True,XRPUSDT
2023-01-09 00:00:00+00:00,0.349,1440,0,True,XRPUSDT
2023-01-10 00:00:00+00:00,0.3507,1440,0,True,XRPUSDT
2023-01-11 00:00:00+00:00,0.3728,1440,0,True,XRPUSDT
2023-01-12 00:00:00+00:00,0.3748,1440,0,True,XRPUSDT
2023-01-13 00:00:00+00:00,0.3858,1440,0,True,XRPUSDT
2023-01-14 00:00:00+00:00,0.3953,1440,0,True,XRPUSDT
2023-01-15 00:00:00+00:00,0.3845,1440,0,True,XRPUSDT
2023-01-16 00:00:00+00:00,0.3855,1440,0,True,XRPUSDT
2023-01-17 00:00:00+00:00,0.3868,1440,0,True,XRPUSDT
2023-01-18 00:00:00+00:00,0.3782,1440,0,True,XRPUSDT
2023-01-19 00:00:00+00:00,0.3928,1440,0,True,XRPUSDT
2023-01-20 00:00:00+00:00,0.4129,1440,0,True,XRPUSDT
2023-01-21 00:00:00+00:00,0.4034,1440,0,True,XRPUSDT
2023-01-22 00:00:00+00:00,0.4004,1440,0,True,XRPUSDT
2023-01-23 00:00:00+00:00,0.4234,1440,0,True,XRPUSDT
2023-01-24 00:00:00+00:00,0.4078,1440,0,True,XRPUSDT
2023-01-25 00:00:00+00:00,0.417,1440,0,True,XRPUSDT
2023-01-26 00:00:00+00:00,0.4092,1440,0,True,XRPUSDT
2023-01-27 00:00:00+00:00,0.4128,1440,0,True,XRPUSDT
2023-01-28 00:00:00+00:00,0.4078,1440,0,True,XRPUSDT
2023-01-29 00:00:00+00:00,0.4134,1440,0,True,XRPUSDT
2023-01-30 00:00:00+00:00,0.3934,1440,0,True,XRPUSDT
2023-01-31 00:00:00+00:00,0.4057,1440,0,True,XRPUSDT
2023-02-01 00:00:00+00:00,0.4131,1440,0,True,XRPUSDT
2023-02-02 00:00:00+00:00,0.4098,1440,0,True,XRPUSDT
2023-02-03 00:00:00+00:00,0.4117,1440,0,True,XRPUSDT
2023-02-04 00:00:00+00:00,0.4106,1440,0,True,XRPUSDT
2023-02-05 00:00:00+00:00,0.3984,1440,0,True,XRPUSDT
2023-02-06 00:00:00+00:00,0.392,1440,0,True,XRPUSDT
2023-02-07 00:00:00+00:00,0.4036,1440,0,True,XRPUSDT
2023-02-08 00:00:00+00:00,0.3975,1440,0,True,XRPUSDT
2023-02-09 00:00:00+00:00,0.3819,1440,0,True,XRPUSDT
2023-02-10 00:00:00+00:00,0.3817,1440,0,True,XRPUSDT
2023-02-11 00:00:00+00:00,0.3833,1440,0,True,XRPUSDT
2023-02-12 00:00:00+00:00,0.3747,1440,0,True,XRPUSDT
2023-02-13 00:00:00+00:00,0.3703,1440,0,True,XRPUSDT
2023-02-14 00:00:00+00:00,0.3819,1440,0,True,XRPUSDT
2023-02-15 00:00:00+00:00,0.4011,1440,0,True,XRPUSDT
2023-02-16 00:00:00+00:00,0.3841,1440,0,True,XRPUSDT
2023-02-17 00:00:00+00:00,0.395,1440,0,True,XRPUSDT
2023-02-18 00:00:00+00:00,0.3943,1440,0,True,XRPUSDT
2023-02-19 00:00:00+00:00,0.3863,1440,0,True,XRPUSDT
2023-02-20 00:00:00+00:00,0.3984,1440,0,True,XRPUSDT
2023-02-21 00:00:00+00:00,0.3919,1440,0,True,XRPUSDT
2023-02-22 00:00:00+00:00,0.3953,1440,0,True,XRPUSDT
2023-02-23 00:00:00+00:00,0.3882,1440,0,True,XRPUSDT
2023-02-24 00:00:00+00:00,0.3783,1440,0,True,XRPUSDT
2023-02-25 00:00:00+00:00,0.3778,1440,0,True,XRPUSDT
2023-02-26 00:00:00+00:00,0.3779,1440,0,True,XRPUSDT
2023-02-27 00:00:00+00:00,0.3785,1440,0,True,XRPUSDT
2023-02-28 00:00:00+00:00,0.3762,1440,0,True,XRPUSDT
2023-03-01 00:00:00+00:00,0.3835,1440,0,True,XRPUSDT
2023-03-02 00:00:00+00:00,0.3772,1440,0,True,XRPUSDT
2023-03-03 00:00:00+00:00,0.3774,1440,0,True,XRPUSDT
2023-03-04 00:00:00+00:00,0.3735,1440,0,True,XRPUSDT
2023-03-05 00:00:00+00:00,0.3668,1440,0,True,XRPUSDT
2023-03-06 00:00:00+00:00,0.3695,1440,0,True,XRPUSDT
2023-03-07 00:00:00+00:00,0.3801,1440,0,True,XRPUSDT
2023-03-08 00:00:00+00:00,0.3889,1440,0,True,XRPUSDT
2023-03-09 00:00:00+00:00,0.3706,1440,0,True,XRPUSDT
2023-03-10 00:00:00+00:00,0.37,1440,0,True,XRPUSDT
2023-03-11 00:00:00+00:00,0.3638,1440,0,True,XRPUSDT
2023-03-12 00:00:00+00:00,0.3714,1440,0,True,XRPUSDT
2023-03-13 00:00:00+00:00,0.3724,1440,0,True,XRPUSDT
2023-03-14 00:00:00+00:00,0.3724,1440,0,True,XRPUSDT
2023-03-15 00:00:00+00:00,0.3589,1440,0,True,XRPUSDT
2023-03-16 00:00:00+00:00,0.3647,1440,0,True,XRPUSDT
2023-03-17 00:00:00+00:00,0.3798,1440,0,True,XRPUSDT
2023-03-18 00:00:00+00:00,0.3739,1440,0,True,XRPUSDT
2023-03-19 00:00:00+00:00,0.3857,1440,0,True,XRPUSDT
2023-03-20 00:00:00+00:00,0.3734,1440,0,True,XRPUSDT
2023-03-21 00:00:00+00:00,0.4696,1440,0,True,XRPUSDT
2023-03-22 00:00:00+00:00,0.4213,1440,0,True,XRPUSDT
2023-03-23 00:00:00+00:00,0.4438,1440,0,True,XRPUSDT
2023-03-24 00:00:00+00:00,,1360,1,False,XRPUSDT
2023-03-25 00:00:00+00:00,0.4429,1440,0,True,XRPUSDT
2023-03-26 00:00:00+00:00,0.4479,1440,0,True,XRPUSDT
2023-03-27 00:00:00+00:00,0.479,1440,0,True,XRPUSDT
2023-03-28 00:00:00+00:00,0.5144,1440,0,True,XRPUSDT
2023-03-29 00:00:00+00:00,0.5425,1440,0,True,XRPUSDT
2023-03-30 00:00:00+00:00,0.5319,1440,0,True,XRPUSDT
2023-03-31 00:00:00+00:00,0.5374,1440,0,True,XRPUSDT
2023-04-01 00:00:00+00:00,0.5095,1440,0,True,XRPUSDT
2023-04-02 00:00:00+00:00,0.518,1440,0,True,XRPUSDT
2023-04-03 00:00:00+00:00,0.4959,1440,0,True,XRPUSDT
2023-04-04 00:00:00+00:00,0.5026,1440,0,True,XRPUSDT
2023-04-05 00:00:00+00:00,0.5055,1440,0,True,XRPUSDT
2023-04-06 00:00:00+00:00,0.5028,1440,0,True,XRPUSDT
2023-04-07 00:00:00+00:00,0.5126,1440,0,True,XRPUSDT
2023-04-08 00:00:00+00:00,0.5048,1440,0,True,XRPUSDT
2023-04-09 00:00:00+00:00,0.5054,1440,0,True,XRPUSDT
2023-04-10 00:00:00+00:00,0.5176,1440,0,True,XRPUSDT
2023-04-11 00:00:00+00:00,0.5167,1440,0,True,XRPUSDT
2023-04-12 00:00:00+00:00,0.5049,1440,0,True,XRPUSDT
2023-04-13 00:00:00+00:00,0.5125,1440,0,True,XRPUSDT
2023-04-14 00:00:00+00:00,0.5227,1440,0,True,XRPUSDT
2023-04-15 00:00:00+00:00,0.5192,1440,0,True,XRPUSDT
2023-04-16 00:00:00+00:00,0.5209,1440,0,True,XRPUSDT
2023-04-17 00:00:00+00:00,0.5109,1440,0,True,XRPUSDT
2023-04-18 00:00:00+00:00,0.5324,1440,0,True,XRPUSDT
2023-04-19 00:00:00+00:00,0.4911,1440,0,True,XRPUSDT
2023-04-20 00:00:00+00:00,0.4752,1440,0,True,XRPUSDT
2023-04-21 00:00:00+00:00,0.4491,1440,0,True,XRPUSDT
2023-04-22 00:00:00+00:00,0.4719,1440,0,True,XRPUSDT
2023-04-23 00:00:00+00:00,0.4647,1440,0,True,XRPUSDT
2023-04-24 00:00:00+00:00,0.4611,1440,0,True,XRPUSDT
2023-04-25 00:00:00+00:00,0.4695,1440,0,True,XRPUSDT
2023-04-26 00:00:00+00:00,0.4618,1440,0,True,XRPUSDT
2023-04-27 00:00:00+00:00,0.4667,1440,0,True,XRPUSDT
2023-04-28 00:00:00+00:00,0.4796,1440,0,True,XRPUSDT
2023-04-29 00:00:00+00:00,0.478,1440,0,True,XRPUSDT
2023-04-30 00:00:00+00:00,0.4705,1440,0,True,XRPUSDT
2023-05-01 00:00:00+00:00,0.4649,1440,0,True,XRPUSDT
2023-05-02 00:00:00+00:00,0.4645,1440,0,True,XRPUSDT
2023-05-03 00:00:00+00:00,0.4632,1440,0,True,XRPUSDT
2023-05-04 00:00:00+00:00,0.4608,1440,0,True,XRPUSDT
2023-05-05 00:00:00+00:00,0.4671,1440,0,True,XRPUSDT
2023-05-06 00:00:00+00:00,0.4582,1440,0,True,XRPUSDT
2023-05-07 00:00:00+00:00,0.449,1440,0,True,XRPUSDT
2023-05-08 00:00:00+00:00,0.4283,1440,0,True,XRPUSDT
2023-05-09 00:00:00+00:00,0.4289,1440,0,True,XRPUSDT
2023-05-10 00:00:00+00:00,0.4303,1440,0,True,XRPUSDT
2023-05-11 00:00:00+00:00,0.4207,1440,0,True,XRPUSDT
2023-05-12 00:00:00+00:00,0.4305,1440,0,True,XRPUSDT
2023-05-13 00:00:00+00:00,0.424,1440,0,True,XRPUSDT
2023-05-14 00:00:00+00:00,0.4253,1440,0,True,XRPUSDT
2023-05-15 00:00:00+00:00,0.4273,1440,0,True,XRPUSDT
2023-05-16 00:00:00+00:00,0.4425,1440,0,True,XRPUSDT
2023-05-17 00:00:00+00:00,0.4484,1440,0,True,XRPUSDT
2023-05-18 00:00:00+00:00,0.4596,1440,0,True,XRPUSDT
2023-05-19 00:00:00+00:00,0.4675,1440,0,True,XRPUSDT
2023-05-20 00:00:00+00:00,0.4685,1440,0,True,XRPUSDT
2023-05-21 00:00:00+00:00,0.4575,1440,0,True,XRPUSDT
2023-05-22 00:00:00+00:00,0.4618,1440,0,True,XRPUSDT
2023-05-23 00:00:00+00:00,0.4651,1440,0,True,XRPUSDT
2023-05-24 00:00:00+00:00,0.453,1440,0,True,XRPUSDT
2023-05-25 00:00:00+00:00,0.4538,1440,0,True,XRPUSDT
2023-05-26 00:00:00+00:00,0.4684,1440,0,True,XRPUSDT
2023-05-27 00:00:00+00:00,0.4714,1440,0,True,XRPUSDT
2023-05-28 00:00:00+00:00,0.482,1440,0,True,XRPUSDT
2023-05-29 00:00:00+00:00,0.4946,1440,0,True,XRPUSDT
2023-05-30 00:00:00+00:00,0.5205,1440,0,True,XRPUSDT
2023-05-31 00:00:00+00:00,0.5166,1440,0,True,XRPUSDT
2023-06-01 00:00:00+00:00,0.5065,1440,0,True,XRPUSDT
2023-06-02 00:00:00+00:00,0.5244,1440,0,True,XRPUSDT
2023-06-03 00:00:00+00:00,0.5188,1440,0,True,XRPUSDT
2023-06-04 00:00:00+00:00,0.5359,1440,0,True,XRPUSDT
2023-06-05 00:00:00+00:00,0.509,1440,0,True,XRPUSDT
2023-06-06 00:00:00+00:00,0.53,1440,0,True,XRPUSDT
2023-06-07 00:00:00+00:00,0.5183,1440,0,True,XRPUSDT
2023-06-08 00:00:00+00:00,0.5236,1440,0,True,XRPUSDT
2023-06-09 00:00:00+00:00,0.538,1440,0,True,XRPUSDT
2023-06-10 00:00:00+00:00,0.5067,1440,0,True,XRPUSDT
2023-06-11 00:00:00+00:00,0.5208,1440,0,True,XRPUSDT
2023-06-12 00:00:00+00:00,0.5251,1440,0,True,XRPUSDT
2023-06-13 00:00:00+00:00,0.5192,1440,0,True,XRPUSDT
2023-06-14 00:00:00+00:00,0.4801,1440,0,True,XRPUSDT
2023-06-15 00:00:00+00:00,0.4801,1440,0,True,XRPUSDT
2023-06-16 00:00:00+00:00,0.4759,1440,0,True,XRPUSDT
2023-06-17 00:00:00+00:00,0.4794,1440,0,True,XRPUSDT
2023-06-18 00:00:00+00:00,0.4868,1440,0,True,XRPUSDT
2023-06-19 00:00:00+00:00,0.4936,1440,0,True,XRPUSDT
2023-06-20 00:00:00+00:00,0.4929,1440,0,True,XRPUSDT
2023-06-21 00:00:00+00:00,0.4999,1440,0,True,XRPUSDT
2023-06-22 00:00:00+00:00,0.4938,1440,0,True,XRPUSDT
2023-06-23 00:00:00+00:00,0.4961,1440,0,True,XRPUSDT
2023-06-24 00:00:00+00:00,0.4865,1440,0,True,XRPUSDT
2023-06-25 00:00:00+00:00,0.4903,1440,0,True,XRPUSDT
2023-06-26 00:00:00+00:00,0.479,1440,0,True,XRPUSDT
2023-06-27 00:00:00+00:00,0.4838,1440,0,True,XRPUSDT
2023-06-28 00:00:00+00:00,0.4647,1440,0,True,XRPUSDT
2023-06-29 00:00:00+00:00,0.4747,1440,0,True,XRPUSDT
2023-06-30 00:00:00+00:00,0.4729,1440,0,True,XRPUSDT
2023-07-01 00:00:00+00:00,0.4732,1440,0,True,XRPUSDT
2023-07-02 00:00:00+00:00,0.4845,1440,0,True,XRPUSDT
2023-07-03 00:00:00+00:00,0.489,1440,0,True,XRPUSDT
2023-07-04 00:00:00+00:00,0.4872,1440,0,True,XRPUSDT
2023-07-05 00:00:00+00:00,0.4777,1440,0,True,XRPUSDT
2023-07-06 00:00:00+00:00,0.4622,1440,0,True,XRPUSDT
2023-07-07 00:00:00+00:00,0.4687,1440,0,True,XRPUSDT
2023-07-08 00:00:00+00:00,0.4704,1440,0,True,XRPUSDT
2023-07-09 00:00:00+00:00,0.468,1440,0,True,XRPUSDT
2023-07-10 00:00:00+00:00,0.478,1440,0,True,XRPUSDT
2023-07-11 00:00:00+00:00,0.4753,1440,0,True,XRPUSDT
2023-07-12 00:00:00+00:00,0.471,1440,0,True,XRPUSDT
2023-07-13 00:00:00+00:00,0.8153,1440,0,True,XRPUSDT
2023-07-14 00:00:00+00:00,0.7179,1440,0,True,XRPUSDT
2023-07-15 00:00:00+00:00,0.7145,1440,0,True,XRPUSDT
2023-07-16 00:00:00+00:00,0.7468,1440,0,True,XRPUSDT
2023-07-17 00:00:00+00:00,0.7374,1440,0,True,XRPUSDT
2023-07-18 00:00:00+00:00,0.7779,1440,0,True,XRPUSDT
2023-07-19 00:00:00+00:00,0.8199,1440,0,True,XRPUSDT
2023-07-20 00:00:00+00:00,0.7942,1440,0,True,XRPUSDT
2023-07-21 00:00:00+00:00,0.7713,1440,0,True,XRPUSDT
2023-07-22 00:00:00+00:00,0.7331,1440,0,True,XRPUSDT
2023-07-23 00:00:00+00:00,0.7384,1440,0,True,XRPUSDT
2023-07-24 00:00:00+00:00,0.7021,1440,0,True,XRPUSDT
2023-07-25 00:00:00+00:00,0.7089,1440,0,True,XRPUSDT
2023-07-26 00:00:00+00:00,0.7161,1440,0,True,XRPUSDT
2023-07-27 00:00:00+00:00,0.7139,1440,0,True,XRPUSDT
2023-07-28 00:00:00+00:00,0.712,1440,0,True,XRPUSDT
2023-07-29 00:00:00+00:00,0.7121,1440,0,True,XRPUSDT
2023-07-30 00:00:00+00:00,0.7046,1440,0,True,XRPUSDT
2023-07-31 00:00:00+00:00,0.6976,1440,0,True,XRPUSDT
2023-08-01 00:00:00+00:00,0.7069,1440,0,True,XRPUSDT
2023-08-02 00:00:00+00:00,0.685,1440,0,True,XRPUSDT
2023-08-03 00:00:00+00:00,0.663,1440,0,True,XRPUSDT
2023-08-04 00:00:00+00:00,0.6356,1440,0,True,XRPUSDT
2023-08-05 00:00:00+00:00,0.6288,1440,0,True,XRPUSDT
2023-08-06 00:00:00+00:00,0.624,1440,0,True,XRPUSDT
2023-08-07 00:00:00+00:00,0.6236,1440,0,True,XRPUSDT
2023-08-08 00:00:00+00:00,0.6418,1440,0,True,XRPUSDT
2023-08-09 00:00:00+00:00,0.6433,1440,0,True,XRPUSDT
2023-08-10 00:00:00+00:00,0.6331,1440,0,True,XRPUSDT
2023-08-11 00:00:00+00:00,0.6318,1440,0,True,XRPUSDT
2023-08-12 00:00:00+00:00,0.6276,1440,0,True,XRPUSDT
2023-08-13 00:00:00+00:00,0.6256,1440,0,True,XRPUSDT
2023-08-14 00:00:00+00:00,0.6343,1440,0,True,XRPUSDT
2023-08-15 00:00:00+00:00,0.6104,1440,0,True,XRPUSDT
2023-08-16 00:00:00+00:00,0.5889,1440,0,True,XRPUSDT
2023-08-17 00:00:00+00:00,0.5064,1440,0,True,XRPUSDT
2023-08-18 00:00:00+00:00,0.5062,1440,0,True,XRPUSDT
2023-08-19 00:00:00+00:00,0.5199,1440,0,True,XRPUSDT
2023-08-20 00:00:00+00:00,0.5384,1440,0,True,XRPUSDT
2023-08-21 00:00:00+00:00,0.5245,1440,0,True,XRPUSDT
2023-08-22 00:00:00+00:00,0.521,1440,0,True,XRPUSDT
2023-08-23 00:00:00+00:00,0.5301,1440,0,True,XRPUSDT
2023-08-24 00:00:00+00:00,0.5187,1440,0,True,XRPUSDT
2023-08-25 00:00:00+00:00,0.5258,1440,0,True,XRPUSDT
2023-08-26 00:00:00+00:00,0.5231,1440,0,True,XRPUSDT
2023-08-27 00:00:00+00:00,0.5236,1440,0,True,XRPUSDT
2023-08-28 00:00:00+00:00,0.5232,1440,0,True,XRPUSDT
2023-08-29 00:00:00+00:00,0.5398,1440,0,True,XRPUSDT
2023-08-30 00:00:00+00:00,0.5284,1440,0,True,XRPUSDT
2023-08-31 00:00:00+00:00,0.511,1440,0,True,XRPUSDT
2023-09-01 00:00:00+00:00,0.498,1440,0,True,XRPUSDT
2023-09-02 00:00:00+00:00,0.4988,1440,0,True,XRPUSDT
2023-09-03 00:00:00+00:00,0.5047,1440,0,True,XRPUSDT
2023-09-04 00:00:00+00:00,0.5087,1440,0,True,XRPUSDT
2023-09-05 00:00:00+00:00,0.5056,1440,0,True,XRPUSDT
2023-09-06 00:00:00+00:00,0.5033,1440,0,True,XRPUSDT
2023-09-07 00:00:00+00:00,0.505,1440,0,True,XRPUSDT
2023-09-08 00:00:00+00:00,0.505,1440,0,True,XRPUSDT
2023-09-09 00:00:00+00:00,0.5038,1440,0,True,XRPUSDT
2023-09-10 00:00:00+00:00,0.4969,1440,0,True,XRPUSDT
2023-09-11 00:00:00+00:00,0.4744,1440,0,True,XRPUSDT
2023-09-12 00:00:00+00:00,0.4804,1440,0,True,XRPUSDT
2023-09-13 00:00:00+00:00,0.4832,1440,0,True,XRPUSDT
2023-09-14 00:00:00+00:00,0.4892,1440,0,True,XRPUSDT
2023-09-15 00:00:00+00:00,0.5005,1440,0,True,XRPUSDT
2023-09-16 00:00:00+00:00,0.4998,1440,0,True,XRPUSDT
2023-09-17 00:00:00+00:00,0.4925,1440,0,True,XRPUSDT
2023-09-18 00:00:00+00:00,0.503,1440,0,True,XRPUSDT
2023-09-19 00:00:00+00:00,0.514,1440,0,True,XRPUSDT
2023-09-20 00:00:00+00:00,0.5212,1440,0,True,XRPUSDT
2023-09-21 00:00:00+00:00,0.5071,1440,0,True,XRPUSDT
2023-09-22 00:00:00+00:00,0.5122,1440,0,True,XRPUSDT
2023-09-23 00:00:00+00:00,0.5076,1440,0,True,XRPUSDT
2023-09-24 00:00:00+00:00,0.5021,1440,0,True,XRPUSDT
2023-09-25 00:00:00+00:00,0.5056,1440,0,True,XRPUSDT
2023-09-26 00:00:00+00:00,0.5019,1440,0,True,XRPUSDT
2023-09-27 00:00:00+00:00,0.4993,1440,0,True,XRPUSDT
2023-09-28 00:00:00+00:00,0.5098,1440,0,True,XRPUSDT
2023-09-29 00:00:00+00:00,0.5215,1440,0,True,XRPUSDT
2023-09-30 00:00:00+00:00,0.5149,1440,0,True,XRPUSDT
2023-10-01 00:00:00+00:00,0.5241,1440,0,True,XRPUSDT
2023-10-02 00:00:00+00:00,0.5123,1440,0,True,XRPUSDT
2023-10-03 00:00:00+00:00,0.539,1440,0,True,XRPUSDT
2023-10-04 00:00:00+00:00,0.5326,1440,0,True,XRPUSDT
2023-10-05 00:00:00+00:00,0.5227,1440,0,True,XRPUSDT
2023-10-06 00:00:00+00:00,0.5255,1440,0,True,XRPUSDT
2023-10-07 00:00:00+00:00,0.5216,1440,0,True,XRPUSDT
2023-10-08 00:00:00+00:00,0.5174,1440,0,True,XRPUSDT
2023-10-09 00:00:00+00:00,0.5027,1440,0,True,XRPUSDT
2023-10-10 00:00:00+00:00,0.4965,1440,0,True,XRPUSDT
2023-10-11 00:00:00+00:00,0.4888,1440,0,True,XRPUSDT
2023-10-12 00:00:00+00:00,0.483,1440,0,True,XRPUSDT
2023-10-13 00:00:00+00:00,0.4851,1440,0,True,XRPUSDT
2023-10-14 00:00:00+00:00,0.4865,1440,0,True,XRPUSDT
2023-10-15 00:00:00+00:00,0.4874,1440,0,True,XRPUSDT
2023-10-16 00:00:00+00:00,0.4978,1440,0,True,XRPUSDT
2023-10-17 00:00:00+00:00,0.4912,1440,0,True,XRPUSDT
2023-10-18 00:00:00+00:00,0.4878,1440,0,True,XRPUSDT
2023-10-19 00:00:00+00:00,0.5197,1440,0,True,XRPUSDT
2023-10-20 00:00:00+00:00,0.5149,1440,0,True,XRPUSDT
2023-10-21 00:00:00+00:00,0.5208,1440,0,True,XRPUSDT
2023-10-22 00:00:00+00:00,0.5226,1440,0,True,XRPUSDT
2023-10-23 00:00:00+00:00,0.5475,1440,0,True,XRPUSDT
2023-10-24 00:00:00+00:00,0.5588,1440,0,True,XRPUSDT
2023-10-25 00:00:00+00:00,0.5552,1440,0,True,XRPUSDT
2023-10-26 00:00:00+00:00,0.5533,1440,0,True,XRPUSDT
2023-10-27 00:00:00+00:00,0.543,1440,0,True,XRPUSDT
2023-10-28 00:00:00+00:00,0.5446,1440,0,True,XRPUSDT
2023-10-29 00:00:00+00:00,0.5561,1440,0,True,XRPUSDT
2023-10-30 00:00:00+00:00,0.578,1440,0,True,XRPUSDT
2023-10-31 00:00:00+00:00,0.5996,1440,0,True,XRPUSDT
2023-11-01 00:00:00+00:00,0.6085,1440,0,True,XRPUSDT
2023-11-02 00:00:00+00:00,0.6054,1440,0,True,XRPUSDT
2023-11-03 00:00:00+00:00,0.6121,1440,0,True,XRPUSDT
2023-11-04 00:00:00+00:00,0.6149,1440,0,True,XRPUSDT
2023-11-05 00:00:00+00:00,0.6607,1440,0,True,XRPUSDT
2023-11-06 00:00:00+00:00,0.7148,1440,0,True,XRPUSDT
2023-11-07 00:00:00+00:00,0.685,1440,0,True,XRPUSDT
2023-11-08 00:00:00+00:00,0.6869,1440,0,True,XRPUSDT
2023-11-09 00:00:00+00:00,0.6665,1440,0,True,XRPUSDT
2023-11-10 00:00:00+00:00,0.6595,1440,0,True,XRPUSDT
2023-11-11 00:00:00+00:00,0.6626,1440,0,True,XRPUSDT
2023-11-12 00:00:00+00:00,0.6613,1440,0,True,XRPUSDT
2023-11-13 00:00:00+00:00,0.6702,1440,0,True,XRPUSDT
2023-11-14 00:00:00+00:00,0.6296,1440,0,True,XRPUSDT
2023-11-15 00:00:00+00:00,0.6481,1440,0,True,XRPUSDT
2023-11-16 00:00:00+00:00,0.6119,1440,0,True,XRPUSDT
2023-11-17 00:00:00+00:00,0.6133,1440,0,True,XRPUSDT
2023-11-18 00:00:00+00:00,0.6106,1440,0,True,XRPUSDT
2023-11-19 00:00:00+00:00,0.6258,1440,0,True,XRPUSDT
2023-11-20 00:00:00+00:00,0.6122,1440,0,True,XRPUSDT
2023-11-21 00:00:00+00:00,0.5788,1440,0,True,XRPUSDT
2023-11-22 00:00:00+00:00,0.6109,1440,0,True,XRPUSDT
2023-11-23 00:00:00+00:00,0.6209,1440,0,True,XRPUSDT
2023-11-24 00:00:00+00:00,0.6212,1440,0,True,XRPUSDT
2023-11-25 00:00:00+00:00,0.6228,1440,0,True,XRPUSDT
2023-11-26 00:00:00+00:00,0.6157,1440,0,True,XRPUSDT
2023-11-27 00:00:00+00:00,0.6039,1440,0,True,XRPUSDT
2023-11-28 00:00:00+00:00,0.6107,1440,0,True,XRPUSDT
2023-11-29 00:00:00+00:00,0.6091,1440,0,True,XRPUSDT
2023-11-30 00:00:00+00:00,0.6063,1440,0,True,XRPUSDT
2023-12-01 00:00:00+00:00,0.6125,1440,0,True,XRPUSDT
2023-12-02 00:00:00+00:00,0.6208,1440,0,True,XRPUSDT
2023-12-03 00:00:00+00:00,0.6229,1440,0,True,XRPUSDT
2023-12-04 00:00:00+00:00,0.6245,1440,0,True,XRPUSDT
2023-12-05 00:00:00+00:00,0.621,1440,0,True,XRPUSDT
2023-12-06 00:00:00+00:00,0.64,1440,0,True,XRPUSDT
2023-12-07 00:00:00+00:00,0.6432,1440,0,True,XRPUSDT
2023-12-08 00:00:00+00:00,0.6721,1440,0,True,XRPUSDT
2023-12-09 00:00:00+00:00,0.6584,1440,0,True,XRPUSDT
2023-12-10 00:00:00+00:00,0.6617,1440,0,True,XRPUSDT
2023-12-11 00:00:00+00:00,0.6187,1440,0,True,XRPUSDT
2023-12-12 00:00:00+00:00,0.6192,1440,0,True,XRPUSDT
2023-12-13 00:00:00+00:00,0.6275,1440,0,True,XRPUSDT
2023-12-14 00:00:00+00:00,0.6316,1440,0,True,XRPUSDT
2023-12-15 00:00:00+00:00,0.6156,1440,0,True,XRPUSDT
2023-12-16 00:00:00+00:00,0.6203,1440,0,True,XRPUSDT
2023-12-17 00:00:00+00:00,0.6103,1440,0,True,XRPUSDT
2023-12-18 00:00:00+00:00,0.6125,1440,0,True,XRPUSDT
2023-12-19 00:00:00+00:00,0.6047,1440,0,True,XRPUSDT
2023-12-20 00:00:00+00:00,0.6171,1440,0,True,XRPUSDT
2023-12-21 00:00:00+00:00,0.6241,1440,0,True,XRPUSDT
2023-12-22 00:00:00+00:00,0.6244,1440,0,True,XRPUSDT
2023-12-23 00:00:00+00:00,0.6195,1440,0,True,XRPUSDT
2023-12-24 00:00:00+00:00,0.6121,1440,0,True,XRPUSDT
2023-12-25 00:00:00+00:00,0.6462,1440,0,True,XRPUSDT
2023-12-26 00:00:00+00:00,0.6219,1440,0,True,XRPUSDT
2023-12-27 00:00:00+00:00,0.634,1440,0,True,XRPUSDT
2023-12-28 00:00:00+00:00,0.6346,1440,0,True,XRPUSDT
2023-12-29 00:00:00+00:00,0.623,1440,0,True,XRPUSDT
2023-12-30 00:00:00+00:00,0.6207,1440,0,True,XRPUSDT
2023-12-31 00:00:00+00:00,0.6156,1440,0,True,XRPUSDT
2024-01-01 00:00:00+00:00,0.6294,1440,0,True,XRPUSDT
2024-01-02 00:00:00+00:00,0.6246,1440,0,True,XRPUSDT
2024-01-03 00:00:00+00:00,0.5823,1440,0,True,XRPUSDT
2024-01-04 00:00:00+00:00,0.5868,1440,0,True,XRPUSDT
2024-01-05 00:00:00+00:00,0.5757,1440,0,True,XRPUSDT
2024-01-06 00:00:00+00:00,0.5679,1440,0,True,XRPUSDT
2024-01-07 00:00:00+00:00,0.5515,1440,0,True,XRPUSDT
2024-01-08 00:00:00+00:00,0.5776,1440,0,True,XRPUSDT
2024-01-09 00:00:00+00:00,0.5669,1440,0,True,XRPUSDT
2024-01-10 00:00:00+00:00,0.6008,1440,0,True,XRPUSDT
2024-01-11 00:00:00+00:00,0.6019,1440,0,True,XRPUSDT
2024-01-12 00:00:00+00:00,0.5699,1440,0,True,XRPUSDT
2024-01-13 00:00:00+00:00,0.5747,1440,0,True,XRPUSDT
2024-01-14 00:00:00+00:00,0.5763,1440,0,True,XRPUSDT
2024-01-15 00:00:00+00:00,0.5757,1440,0,True,XRPUSDT
2024-01-16 00:00:00+00:00,0.5757,1440,0,True,XRPUSDT
2024-01-17 00:00:00+00:00,0.5685,1440,0,True,XRPUSDT
2024-01-18 00:00:00+00:00,0.552,1440,0,True,XRPUSDT
2024-01-19 00:00:00+00:00,0.5443,1440,0,True,XRPUSDT
2024-01-20 00:00:00+00:00,0.5534,1440,0,True,XRPUSDT
2024-01-21 00:00:00+00:00,0.5464,1440,0,True,XRPUSDT
2024-01-22 00:00:00+00:00,0.5275,1440,0,True,XRPUSDT
2024-01-23 00:00:00+00:00,0.5183,1440,0,True,XRPUSDT
2024-01-24 00:00:00+00:00,0.5181,1440,0,True,XRPUSDT
2024-01-25 00:00:00+00:00,0.5138,1440,0,True,XRPUSDT
2024-01-26 00:00:00+00:00,0.5323,1440,0,True,XRPUSDT
2024-01-27 00:00:00+00:00,0.5303,1440,0,True,XRPUSDT
2024-01-28 00:00:00+00:00,0.5241,1440,0,True,XRPUSDT
2024-01-29 00:00:00+00:00,0.5352,1440,0,True,XRPUSDT
2024-01-30 00:00:00+00:00,0.5107,1440,0,True,XRPUSDT
2024-01-31 00:00:00+00:00,0.5033,1440,0,True,XRPUSDT
2024-02-01 00:00:00+00:00,0.5058,1440,0,True,XRPUSDT
2024-02-02 00:00:00+00:00,0.5105,1440,0,True,XRPUSDT
2024-02-03 00:00:00+00:00,0.5186,1440,0,True,XRPUSDT
2024-02-04 00:00:00+00:00,0.5032,1440,0,True,XRPUSDT
2024-02-05 00:00:00+00:00,0.5069,1440,0,True,XRPUSDT
2024-02-06 00:00:00+00:00,0.505,1440,0,True,XRPUSDT
2024-02-07 00:00:00+00:00,0.5138,1440,0,True,XRPUSDT
2024-02-08 00:00:00+00:00,0.5147,1440,0,True,XRPUSDT
2024-02-09 00:00:00+00:00,0.5262,1440,0,True,XRPUSDT
2024-02-10 00:00:00+00:00,0.5239,1440,0,True,XRPUSDT
2024-02-11 00:00:00+00:00,0.5261,1440,0,True,XRPUSDT
2024-02-12 00:00:00+00:00,0.5315,1440,0,True,XRPUSDT
2024-02-13 00:00:00+00:00,0.5247,1440,0,True,XRPUSDT
2024-02-14 00:00:00+00:00,0.5378,1440,0,True,XRPUSDT
2024-02-15 00:00:00+00:00,0.5622,1440,0,True,XRPUSDT
2024-02-16 00:00:00+00:00,0.5643,1440,0,True,XRPUSDT
2024-02-17 00:00:00+00:00,0.5496,1440,0,True,XRPUSDT
2024-02-18 00:00:00+00:00,0.5571,1440,0,True,XRPUSDT
2024-02-19 00:00:00+00:00,0.5626,1440,0,True,XRPUSDT
2024-02-20 00:00:00+00:00,0.5622,1440,0,True,XRPUSDT
2024-02-21 00:00:00+00:00,0.5491,1440,0,True,XRPUSDT
2024-02-22 00:00:00+00:00,0.541,1440,0,True,XRPUSDT
2024-02-23 00:00:00+00:00,0.5342,1440,0,True,XRPUSDT
2024-02-24 00:00:00+00:00,0.545,1440,0,True,XRPUSDT
2024-02-25 00:00:00+00:00,0.5425,1440,0,True,XRPUSDT
2024-02-26 00:00:00+00:00,0.5506,1440,0,True,XRPUSDT
2024-02-27 00:00:00+00:00,0.5861,1440,0,True,XRPUSDT
2024-02-28 00:00:00+00:00,0.575,1440,0,True,XRPUSDT
2024-02-29 00:00:00+00:00,0.5867,1440,0,True,XRPUSDT
2024-03-01 00:00:00+00:00,0.6013,1440,0,True,XRPUSDT
2024-03-02 00:00:00+00:00,0.6442,1440,0,True,XRPUSDT
2024-03-03 00:00:00+00:00,0.6271,1440,0,True,XRPUSDT
2024-03-04 00:00:00+00:00,0.6477,1440,0,True,XRPUSDT
2024-03-05 00:00:00+00:00,0.5912,1440,0,True,XRPUSDT
2024-03-06 00:00:00+00:00,0.6121,1440,0,True,XRPUSDT
2024-03-07 00:00:00+00:00,0.627,1440,0,True,XRPUSDT
2024-03-08 00:00:00+00:00,0.62,1440,0,True,XRPUSDT
2024-03-09 00:00:00+00:00,0.6197,1440,0,True,XRPUSDT
2024-03-10 00:00:00+00:00,0.608,1440,0,True,XRPUSDT
2024-03-11 00:00:00+00:00,0.723,1440,0,True,XRPUSDT
2024-03-12 00:00:00+00:00,0.688,1440,0,True,XRPUSDT
2024-03-13 00:00:00+00:00,0.6891,1440,0,True,XRPUSDT
2024-03-14 00:00:00+00:00,0.669,1440,0,True,XRPUSDT
2024-03-15 00:00:00+00:00,0.6342,1440,0,True,XRPUSDT
2024-03-16 00:00:00+00:00,0.6031,1440,0,True,XRPUSDT
2024-03-17 00:00:00+00:00,0.6191,1440,0,True,XRPUSDT
2024-03-18 00:00:00+00:00,0.6453,1440,0,True,XRPUSDT
2024-03-19 00:00:00+00:00,0.5845,1440,0,True,XRPUSDT
2024-03-20 00:00:00+00:00,0.6107,1440,0,True,XRPUSDT
2024-03-21 00:00:00+00:00,0.6404,1440,0,True,XRPUSDT
2024-03-22 00:00:00+00:00,0.6115,1440,0,True,XRPUSDT
2024-03-23 00:00:00+00:00,0.6167,1440,0,True,XRPUSDT
2024-03-24 00:00:00+00:00,0.6325,1440,0,True,XRPUSDT
2024-03-25 00:00:00+00:00,0.6406,1440,0,True,XRPUSDT
2024-03-26 00:00:00+00:00,0.6317,1440,0,True,XRPUSDT
2024-03-27 00:00:00+00:00,0.6118,1440,0,True,XRPUSDT
2024-03-28 00:00:00+00:00,0.6244,1440,0,True,XRPUSDT
2024-03-29 00:00:00+00:00,0.6301,1440,0,True,XRPUSDT
2024-03-30 00:00:00+00:00,0.6212,1440,0,True,XRPUSDT
2024-03-31 00:00:00+00:00,0.6292,1440,0,True,XRPUSDT
2024-04-01 00:00:00+00:00,0.611,1440,0,True,XRPUSDT
2024-04-02 00:00:00+00:00,0.5854,1440,0,True,XRPUSDT
2024-04-03 00:00:00+00:00,0.5742,1440,0,True,XRPUSDT
2024-04-04 00:00:00+00:00,0.5935,1440,0,True,XRPUSDT
2024-04-05 00:00:00+00:00,0.5871,1440,0,True,XRPUSDT
2024-04-06 00:00:00+00:00,0.593,1440,0,True,XRPUSDT
2024-04-07 00:00:00+00:00,0.5944,1440,0,True,XRPUSDT
2024-04-08 00:00:00+00:00,0.6147,1440,0,True,XRPUSDT
2024-04-09 00:00:00+00:00,0.6141,1440,0,True,XRPUSDT
2024-04-10 00:00:00+00:00,0.6172,1440,0,True,XRPUSDT
2024-04-11 00:00:00+00:00,0.6086,1440,0,True,XRPUSDT
2024-04-12 00:00:00+00:00,0.5468,1440,0,True,XRPUSDT
2024-04-13 00:00:00+00:00,0.4788,1440,0,True,XRPUSDT
2024-04-14 00:00:00+00:00,0.5033,1440,0,True,XRPUSDT
2024-04-15 00:00:00+00:00,0.4977,1440,0,True,XRPUSDT
2024-04-16 00:00:00+00:00,0.4965,1440,0,True,XRPUSDT
2024-04-17 00:00:00+00:00,0.4951,1440,0,True,XRPUSDT
2024-04-18 00:00:00+00:00,0.5025,1440,0,True,XRPUSDT
2024-04-19 00:00:00+00:00,0.503,1440,0,True,XRPUSDT
2024-04-20 00:00:00+00:00,0.5288,1440,0,True,XRPUSDT
2024-04-21 00:00:00+00:00,0.5246,1440,0,True,XRPUSDT
2024-04-22 00:00:00+00:00,0.556,1440,0,True,XRPUSDT
2024-04-23 00:00:00+00:00,0.5445,1440,0,True,XRPUSDT
2024-04-24 00:00:00+00:00,0.5275,1440,0,True,XRPUSDT
2024-04-25 00:00:00+00:00,0.5254,1440,0,True,XRPUSDT
2024-04-26 00:00:00+00:00,0.5261,1440,0,True,XRPUSDT
2024-04-27 00:00:00+00:00,0.5179,1440,0,True,XRPUSDT
2024-04-28 00:00:00+00:00,0.5103,1440,0,True,XRPUSDT
2024-04-29 00:00:00+00:00,0.5151,1440,0,True,XRPUSDT
2024-04-30 00:00:00+00:00,0.5006,1440,0,True,XRPUSDT
2024-05-01 00:00:00+00:00,0.5175,1440,0,True,XRPUSDT
2024-05-02 00:00:00+00:00,0.518,1440,0,True,XRPUSDT
2024-05-03 00:00:00+00:00,0.5317,1440,0,True,XRPUSDT
2024-05-04 00:00:00+00:00,0.5302,1440,0,True,XRPUSDT
2024-05-05 00:00:00+00:00,0.5296,1440,0,True,XRPUSDT
2024-05-06 00:00:00+00:00,0.5402,1440,0,True,XRPUSDT
2024-05-07 00:00:00+00:00,0.5245,1440,0,True,XRPUSDT
2024-05-08 00:00:00+00:00,0.5171,1440,0,True,XRPUSDT
2024-05-09 00:00:00+00:00,0.5209,1440,0,True,XRPUSDT
2024-05-10 00:00:00+00:00,0.5022,1440,0,True,XRPUSDT
2024-05-11 00:00:00+00:00,0.5059,1440,0,True,XRPUSDT
2024-05-12 00:00:00+00:00,0.4993,1440,0,True,XRPUSDT
2024-05-13 00:00:00+00:00,0.5053,1440,0,True,XRPUSDT
2024-05-14 00:00:00+00:00,0.5002,1440,0,True,XRPUSDT
2024-05-15 00:00:00+00:00,0.5188,1440,0,True,XRPUSDT
2024-05-16 00:00:00+00:00,0.5157,1440,0,True,XRPUSDT
2024-05-17 00:00:00+00:00,0.5234,1440,0,True,XRPUSDT
2024-05-18 00:00:00+00:00,0.5213,1440,0,True,XRPUSDT
2024-05-19 00:00:00+00:00,0.5096,1440,0,True,XRPUSDT
2024-05-20 00:00:00+00:00,0.5377,1440,0,True,XRPUSDT
2024-05-21 00:00:00+00:00,0.537,1440,0,True,XRPUSDT
2024-05-22 00:00:00+00:00,0.5268,1440,0,True,XRPUSDT
2024-05-23 00:00:00+00:00,0.5289,1440,0,True,XRPUSDT
2024-05-24 00:00:00+00:00,0.536,1440,0,True,XRPUSDT
2024-05-25 00:00:00+00:00,0.5416,1440,0,True,XRPUSDT
2024-05-26 00:00:00+00:00,0.5283,1440,0,True,XRPUSDT
2024-05-27 00:00:00+00:00,0.534,1440,0,True,XRPUSDT
2024-05-28 00:00:00+00:00,0.5287,1440,0,True,XRPUSDT
2024-05-29 00:00:00+00:00,0.5238,1440,0,True,XRPUSDT
2024-05-30 00:00:00+00:00,0.5186,1440,0,True,XRPUSDT
2024-05-31 00:00:00+00:00,0.5176,1440,0,True,XRPUSDT
2024-06-01 00:00:00+00:00,0.5187,1440,0,True,XRPUSDT
2024-06-02 00:00:00+00:00,0.5135,1440,0,True,XRPUSDT
2024-06-03 00:00:00+00:00,0.5199,1440,0,True,XRPUSDT
2024-06-04 00:00:00+00:00,0.5257,1440,0,True,XRPUSDT
2024-06-05 00:00:00+00:00,0.5258,1440,0,True,XRPUSDT
2024-06-06 00:00:00+00:00,0.5215,1440,0,True,XRPUSDT
2024-06-07 00:00:00+00:00,0.4991,1440,0,True,XRPUSDT
2024-06-08 00:00:00+00:00,0.4926,1440,0,True,XRPUSDT
2024-06-09 00:00:00+00:00,0.4986,1440,0,True,XRPUSDT
2024-06-10 00:00:00+00:00,0.4969,1440,0,True,XRPUSDT
2024-06-11 00:00:00+00:00,0.4802,1440,0,True,XRPUSDT
2024-06-12 00:00:00+00:00,0.4916,1440,0,True,XRPUSDT
2024-06-13 00:00:00+00:00,0.4769,1440,0,True,XRPUSDT
2024-06-14 00:00:00+00:00,0.4746,1440,0,True,XRPUSDT
2024-06-15 00:00:00+00:00,0.4908,1440,0,True,XRPUSDT
2024-06-16 00:00:00+00:00,0.4891,1440,0,True,XRPUSDT
2024-06-17 00:00:00+00:00,0.5047,1440,0,True,XRPUSDT
2024-06-18 00:00:00+00:00,0.491,1440,0,True,XRPUSDT
2024-06-19 00:00:00+00:00,0.4933,1440,0,True,XRPUSDT
2024-06-20 00:00:00+00:00,0.4888,1440,0,True,XRPUSDT
2024-06-21 00:00:00+00:00,0.4889,1440,0,True,XRPUSDT
2024-06-22 00:00:00+00:00,0.4866,1440,0,True,XRPUSDT
2024-06-23 00:00:00+00:00,0.4797,1440,0,True,XRPUSDT
2024-06-24 00:00:00+00:00,0.474,1440,0,True,XRPUSDT
2024-06-25 00:00:00+00:00,0.4757,1440,0,True,XRPUSDT
2024-06-26 00:00:00+00:00,0.4698,1440,0,True,XRPUSDT
2024-06-27 00:00:00+00:00,0.4753,1440,0,True,XRPUSDT
2024-06-28 00:00:00+00:00,0.4716,1440,0,True,XRPUSDT
2024-06-29 00:00:00+00:00,0.4727,1440,0,True,XRPUSDT
2024-06-30 00:00:00+00:00,0.4761,1440,0,True,XRPUSDT
2024-07-01 00:00:00+00:00,0.477,1440,0,True,XRPUSDT
2024-07-02 00:00:00+00:00,0.4853,1440,0,True,XRPUSDT
2024-07-03 00:00:00+00:00,0.4672,1440,0,True,XRPUSDT
2024-07-04 00:00:00+00:00,0.4329,1440,0,True,XRPUSDT
2024-07-05 00:00:00+00:00,0.4251,1440,0,True,XRPUSDT
2024-07-06 00:00:00+00:00,0.4488,1440,0,True,XRPUSDT
2024-07-07 00:00:00+00:00,0.4195,1440,0,True,XRPUSDT
2024-07-08 00:00:00+00:00,0.4316,1440,0,True,XRPUSDT
2024-07-09 00:00:00+00:00,0.4356,1440,0,True,XRPUSDT
2024-07-10 00:00:00+00:00,0.4388,1440,0,True,XRPUSDT
2024-07-11 00:00:00+00:00,0.4491,1440,0,True,XRPUSDT
2024-07-12 00:00:00+00:00,0.4745,1440,0,True,XRPUSDT
2024-07-13 00:00:00+00:00,0.5257,1440,0,True,XRPUSDT
2024-07-14 00:00:00+00:00,0.5205,1440,0,True,XRPUSDT
2024-07-15 00:00:00+00:00,0.5372,1440,0,True,XRPUSDT
2024-07-16 00:00:00+00:00,0.5793,1440,0,True,XRPUSDT
2024-07-17 00:00:00+00:00,0.626,1440,0,True,XRPUSDT
2024-07-18 00:00:00+00:00,0.5697,1440,0,True,XRPUSDT
2024-07-19 00:00:00+00:00,0.5733,1440,0,True,XRPUSDT
2024-07-20 00:00:00+00:00,0.5937,1440,0,True,XRPUSDT
2024-07-21 00:00:00+00:00,0.5984,1440,0,True,XRPUSDT
2024-07-22 00:00:00+00:00,0.608,1440,0,True,XRPUSDT
2024-07-23 00:00:00+00:00,0.5975,1440,0,True,XRPUSDT
2024-07-24 00:00:00+00:00,0.6179,1440,0,True,XRPUSDT
2024-07-25 00:00:00+00:00,0.5996,1440,0,True,XRPUSDT
2024-07-26 00:00:00+00:00,0.6034,1440,0,True,XRPUSDT
2024-07-27 00:00:00+00:00,0.5956,1440,0,True,XRPUSDT
2024-07-28 00:00:00+00:00,0.6012,1440,0,True,XRPUSDT
2024-07-29 00:00:00+00:00,0.6019,1440,0,True,XRPUSDT
2024-07-30 00:00:00+00:00,0.6277,1440,0,True,XRPUSDT
2024-07-31 00:00:00+00:00,0.623,1440,0,True,XRPUSDT
2024-08-01 00:00:00+00:00,0.5964,1440,0,True,XRPUSDT
2024-08-02 00:00:00+00:00,0.5607,1440,0,True,XRPUSDT
2024-08-03 00:00:00+00:00,0.5558,1440,0,True,XRPUSDT
2024-08-04 00:00:00+00:00,0.5228,1440,0,True,XRPUSDT
2024-08-05 00:00:00+00:00,0.4889,1440,0,True,XRPUSDT
2024-08-06 00:00:00+00:00,0.5062,1440,0,True,XRPUSDT
2024-08-07 00:00:00+00:00,0.6002,1440,0,True,XRPUSDT
2024-08-08 00:00:00+00:00,0.6166,1440,0,True,XRPUSDT
2024-08-09 00:00:00+00:00,0.5805,1440,0,True,XRPUSDT
2024-08-10 00:00:00+00:00,0.5841,1440,0,True,XRPUSDT
2024-08-11 00:00:00+00:00,0.5528,1440,0,True,XRPUSDT
2024-08-12 00:00:00+00:00,0.5684,1440,0,True,XRPUSDT
2024-08-13 00:00:00+00:00,0.577,1440,0,True,XRPUSDT
2024-08-14 00:00:00+00:00,0.5687,1440,0,True,XRPUSDT
2024-08-15 00:00:00+00:00,0.5607,1440,0,True,XRPUSDT
2024-08-16 00:00:00+00:00,0.5638,1440,0,True,XRPUSDT
2024-08-17 00:00:00+00:00,0.5665,1440,0,True,XRPUSDT
2024-08-18 00:00:00+00:00,0.5631,1440,0,True,XRPUSDT
2024-08-19 00:00:00+00:00,0.5985,1440,0,True,XRPUSDT
2024-08-20 00:00:00+00:00,0.5937,1440,0,True,XRPUSDT
2024-08-21 00:00:00+00:00,0.5999,1440,0,True,XRPUSDT
2024-08-22 00:00:00+00:00,0.5976,1440,0,True,XRPUSDT
2024-08-23 00:00:00+00:00,0.6109,1440,0,True,XRPUSDT
2024-08-24 00:00:00+00:00,0.6127,1440,0,True,XRPUSDT
2024-08-25 00:00:00+00:00,0.6,1440,0,True,XRPUSDT
2024-08-26 00:00:00+00:00,0.5874,1440,0,True,XRPUSDT
2024-08-27 00:00:00+00:00,0.5666,1440,0,True,XRPUSDT
2024-08-28 00:00:00+00:00,0.5693,1440,0,True,XRPUSDT
2024-08-29 00:00:00+00:00,0.5619,1440,0,True,XRPUSDT
2024-08-30 00:00:00+00:00,0.5667,1440,0,True,XRPUSDT
2024-08-31 00:00:00+00:00,0.5662,1440,0,True,XRPUSDT
2024-09-01 00:00:00+00:00,0.5472,1440,0,True,XRPUSDT
2024-09-02 00:00:00+00:00,0.5677,1440,0,True,XRPUSDT
2024-09-03 00:00:00+00:00,0.5572,1440,0,True,XRPUSDT
2024-09-04 00:00:00+00:00,0.5579,1440,0,True,XRPUSDT
2024-09-05 00:00:00+00:00,0.5444,1440,0,True,XRPUSDT
2024-09-06 00:00:00+00:00,0.5211,1440,0,True,XRPUSDT
2024-09-07 00:00:00+00:00,0.5248,1440,0,True,XRPUSDT
2024-09-08 00:00:00+00:00,0.5295,1440,0,True,XRPUSDT
2024-09-09 00:00:00+00:00,0.5395,1440,0,True,XRPUSDT
2024-09-10 00:00:00+00:00,0.5408,1440,0,True,XRPUSDT
2024-09-11 00:00:00+00:00,0.5348,1440,0,True,XRPUSDT
2024-09-12 00:00:00+00:00,0.5626,1440,0,True,XRPUSDT
2024-09-13 00:00:00+00:00,0.5728,1440,0,True,XRPUSDT
2024-09-14 00:00:00+00:00,0.5956,1440,0,True,XRPUSDT
2024-09-15 00:00:00+00:00,0.5706,1440,0,True,XRPUSDT
2024-09-16 00:00:00+00:00,0.5866,1440,0,True,XRPUSDT
2024-09-17 00:00:00+00:00,0.5839,1440,0,True,XRPUSDT
2024-09-18 00:00:00+00:00,0.5852,1440,0,True,XRPUSDT
2024-09-19 00:00:00+00:00,0.5868,1440,0,True,XRPUSDT
2024-09-20 00:00:00+00:00,0.5851,1440,0,True,XRPUSDT
2024-09-21 00:00:00+00:00,0.5976,1440,0,True,XRPUSDT
2024-09-22 00:00:00+00:00,0.5871,1440,0,True,XRPUSDT
2024-09-23 00:00:00+00:00,0.5847,1440,0,True,XRPUSDT
2024-09-24 00:00:00+00:00,0.5911,1440,0,True,XRPUSDT
2024-09-25 00:00:00+00:00,0.5831,1440,0,True,XRPUSDT
2024-09-26 00:00:00+00:00,0.5905,1440,0,True,XRPUSDT
2024-09-27 00:00:00+00:00,0.5888,1440,0,True,XRPUSDT
2024-09-28 00:00:00+00:00,0.6138,1440,0,True,XRPUSDT
2024-09-29 00:00:00+00:00,0.6412,1440,0,True,XRPUSDT
2024-09-30 00:00:00+00:00,0.6114,1440,0,True,XRPUSDT
2024-10-01 00:00:00+00:00,0.5967,1440,0,True,XRPUSDT
2024-10-02 00:00:00+00:00,0.5383,1440,0,True,XRPUSDT
2024-10-03 00:00:00+00:00,0.5217,1440,0,True,XRPUSDT
2024-10-04 00:00:00+00:00,0.534,1440,0,True,XRPUSDT
2024-10-05 00:00:00+00:00,0.5294,1440,0,True,XRPUSDT
2024-10-06 00:00:00+00:00,0.5336,1440,0,True,XRPUSDT
2024-10-07 00:00:00+00:00,0.5286,1440,0,True,XRPUSDT
2024-10-08 00:00:00+00:00,0.531,1440,0,True,XRPUSDT
2024-10-09 00:00:00+00:00,0.5245,1440,0,True,XRPUSDT
2024-10-10 00:00:00+00:00,0.5305,1440,0,True,XRPUSDT
2024-10-11 00:00:00+00:00,0.5388,1440,0,True,XRPUSDT
2024-10-12 00:00:00+00:00,0.5393,1440,0,True,XRPUSDT
2024-10-13 00:00:00+00:00,0.5321,1440,0,True,XRPUSDT
2024-10-14 00:00:00+00:00,0.5483,1440,0,True,XRPUSDT
2024-10-15 00:00:00+00:00,0.5417,1440,0,True,XRPUSDT
2024-10-16 00:00:00+00:00,0.5482,1440,0,True,XRPUSDT
2024-10-17 00:00:00+00:00,0.5441,1440,0,True,XRPUSDT
2024-10-18 00:00:00+00:00,0.5465,1440,0,True,XRPUSDT
2024-10-19 00:00:00+00:00,0.544,1440,0,True,XRPUSDT
2024-10-20 00:00:00+00:00,0.5482,1440,0,True,XRPUSDT
2024-10-21 00:00:00+00:00,0.5449,1440,0,True,XRPUSDT
2024-10-22 00:00:00+00:00,0.5339,1440,0,True,XRPUSDT
2024-10-23 00:00:00+00:00,0.5258,1440,0,True,XRPUSDT
2024-10-24 00:00:00+00:00,0.532,1440,0,True,XRPUSDT
2024-10-25 00:00:00+00:00,0.5022,1440,0,True,XRPUSDT
2024-10-26 00:00:00+00:00,0.5134,1440,0,True,XRPUSDT
2024-10-27 00:00:00+00:00,0.5168,1440,0,True,XRPUSDT
2024-10-28 00:00:00+00:00,0.5195,1440,0,True,XRPUSDT
2024-10-29 00:00:00+00:00,0.5284,1440,0,True,XRPUSDT
2024-10-30 00:00:00+00:00,0.5229,1440,0,True,XRPUSDT
2024-10-31 00:00:00+00:00,0.5095,1440,0,True,XRPUSDT
2024-11-01 00:00:00+00:00,0.5131,1440,0,True,XRPUSDT
2024-11-02 00:00:00+00:00,0.5103,1440,0,True,XRPUSDT
2024-11-03 00:00:00+00:00,0.503,1440,0,True,XRPUSDT
2024-11-04 00:00:00+00:00,0.5035,1440,0,True,XRPUSDT
2024-11-05 00:00:00+00:00,0.514,1440,0,True,XRPUSDT
2024-11-06 00:00:00+00:00,0.5418,1440,0,True,XRPUSDT
2024-11-07 00:00:00+00:00,0.5556,1440,0,True,XRPUSDT
2024-11-08 00:00:00+00:00,0.5537,1440,0,True,XRPUSDT
2024-11-09 00:00:00+00:00,0.5593,1440,0,True,XRPUSDT
2024-11-10 00:00:00+00:00,0.5884,1440,0,True,XRPUSDT
2024-11-11 00:00:00+00:00,0.6207,1440,0,True,XRPUSDT
2024-11-12 00:00:00+00:00,0.704,1440,0,True,XRPUSDT
2024-11-13 00:00:00+00:00,0.6898,1440,0,True,XRPUSDT
2024-11-14 00:00:00+00:00,0.7736,1440,0,True,XRPUSDT
2024-11-15 00:00:00+00:00,0.8922,1440,0,True,XRPUSDT
2024-11-16 00:00:00+00:00,1.1209,1440,0,True,XRPUSDT
2024-11-17 00:00:00+00:00,1.0543,1440,0,True,XRPUSDT
2024-11-18 00:00:00+00:00,1.1137,1440,0,True,XRPUSDT
2024-11-19 00:00:00+00:00,1.1003,1440,0,True,XRPUSDT
2024-11-20 00:00:00+00:00,1.1041,1440,0,True,XRPUSDT
2024-11-21 00:00:00+00:00,1.247,1440,0,True,XRPUSDT
2024-11-22 00:00:00+00:00,1.4726,1440,0,True,XRPUSDT
2024-11-23 00:00:00+00:00,1.4685,1440,0,True,XRPUSDT
2024-11-24 00:00:00+00:00,1.4331,1440,0,True,XRPUSDT
2024-11-25 00:00:00+00:00,1.4142,1440,0,True,XRPUSDT
2024-11-26 00:00:00+00:00,1.3984,1440,0,True,XRPUSDT
2024-11-27 00:00:00+00:00,1.4696,1440,0,True,XRPUSDT
2024-11-28 00:00:00+00:00,1.5421,1440,0,True,XRPUSDT
2024-11-29 00:00:00+00:00,1.8006,1440,0,True,XRPUSDT
2024-11-30 00:00:00+00:00,1.9513,1440,0,True,XRPUSDT
2024-12-01 00:00:00+00:00,2.2937,1440,0,True,XRPUSDT
2024-12-02 00:00:00+00:00,2.7245,1440,0,True,XRPUSDT
2024-12-03 00:00:00+00:00,2.5102,1440,0,True,XRPUSDT
2024-12-04 00:00:00+00:00,2.3574,1440,0,True,XRPUSDT
2024-12-05 00:00:00+00:00,2.2446,1440,0,True,XRPUSDT
2024-12-06 00:00:00+00:00,2.4257,1440,0,True,XRPUSDT
2024-12-07 00:00:00+00:00,2.6099,1440,0,True,XRPUSDT
2024-12-08 00:00:00+00:00,2.6013,1440,0,True,XRPUSDT
2024-12-09 00:00:00+00:00,2.2124,1440,0,True,XRPUSDT
2024-12-10 00:00:00+00:00,2.3709,1440,0,True,XRPUSDT
2024-12-11 00:00:00+00:00,2.3941,1440,0,True,XRPUSDT
2024-12-12 00:00:00+00:00,2.3384,1440,0,True,XRPUSDT
2024-12-13 00:00:00+00:00,2.4217,1440,0,True,XRPUSDT
2024-12-14 00:00:00+00:00,2.4005,1440,0,True,XRPUSDT
2024-12-15 00:00:00+00:00,2.4469,1440,0,True,XRPUSDT
2024-12-16 00:00:00+00:00,2.4841,1440,0,True,XRPUSDT
2024-12-17 00:00:00+00:00,2.5673,1440,0,True,XRPUSDT
2024-12-18 00:00:00+00:00,2.3103,1440,0,True,XRPUSDT
2024-12-19 00:00:00+00:00,2.239,1440,0,True,XRPUSDT
2024-12-20 00:00:00+00:00,2.2793,1440,0,True,XRPUSDT
2024-12-21 00:00:00+00:00,2.238,1440,0,True,XRPUSDT
2024-12-22 00:00:00+00:00,2.2031,1440,0,True,XRPUSDT
2024-12-23 00:00:00+00:00,2.2617,1440,0,True,XRPUSDT
2024-12-24 00:00:00+00:00,2.3238,1440,0,True,XRPUSDT
2024-12-25 00:00:00+00:00,2.2973,1440,0,True,XRPUSDT
2024-12-26 00:00:00+00:00,2.1559,1440,0,True,XRPUSDT
2024-12-27 00:00:00+00:00,2.1466,1440,0,True,XRPUSDT
2024-12-28 00:00:00+00:00,2.1843,1440,0,True,XRPUSDT
2024-12-29 00:00:00+00:00,2.0942,1440,0,True,XRPUSDT
2024-12-30 00:00:00+00:00,2.0587,1440,0,True,XRPUSDT
2024-12-31 00:00:00+00:00,2.0836,1440,0,True,XRPUSDT
2025-01-01 00:00:00+00:00,2.3328,1440,0,True,XRPUSDT
2025-01-02 00:00:00+00:00,2.4024,1440,0,True,XRPUSDT
2025-01-03 00:00:00+00:00,2.4547,1440,0,True,XRPUSDT
2025-01-04 00:00:00+00:00,2.4201,1440,0,True,XRPUSDT
2025-01-05 00:00:00+00:00,2.3994,1440,0,True,XRPUSDT
2025-01-06 00:00:00+00:00,2.42,1440,0,True,XRPUSDT
2025-01-07 00:00:00+00:00,2.2712,1440,0,True,XRPUSDT
2025-01-08 00:00:00+00:00,2.3731,1440,0,True,XRPUSDT
2025-01-09 00:00:00+00:00,2.2722,1440,0,True,XRPUSDT
2025-01-10 00:00:00+00:00,2.3414,1440,0,True,XRPUSDT
2025-01-11 00:00:00+00:00,2.5764,1440,0,True,XRPUSDT
2025-01-12 00:00:00+00:00,2.5046,1440,0,True,XRPUSDT
2025-01-13 00:00:00+00:00,2.5232,1440,0,True,XRPUSDT
2025-01-14 00:00:00+00:00,2.6673,1440,0,True,XRPUSDT
2025-01-15 00:00:00+00:00,3.1429,1440,0,True,XRPUSDT
2025-01-16 00:00:00+00:00,3.2451,1440,0,True,XRPUSDT
2025-01-17 00:00:00+00:00,3.2922,1440,0,True,XRPUSDT
2025-01-18 00:00:00+00:00,3.2697,1440,0,True,XRPUSDT
2025-01-19 00:00:00+00:00,2.9587,1440,0,True,XRPUSDT
2025-01-20 00:00:00+00:00,3.1053,1440,0,True,XRPUSDT
2025-01-21 00:00:00+00:00,3.1738,1440,0,True,XRPUSDT
2025-01-22 00:00:00+00:00,3.1803,1440,0,True,XRPUSDT
2025-01-23 00:00:00+00:00,3.1194,1440,0,True,XRPUSDT
2025-01-24 00:00:00+00:00,3.1009,1440,0,True,XRPUSDT
2025-01-25 00:00:00+00:00,3.108,1440,0,True,XRPUSDT
2025-01-26 00:00:00+00:00,3.0223,1440,0,True,XRPUSDT
2025-01-27 00:00:00+00:00,3.0552,1440,0,True,XRPUSDT
2025-01-28 00:00:00+00:00,3.0572,1440,0,True,XRPUSDT
2025-01-29 00:00:00+00:00,3.0683,1440,0,True,XRPUSDT
2025-01-30 00:00:00+00:00,3.1276,1440,0,True,XRPUSDT
2025-01-31 00:00:00+00:00,3.0361,1440,0,True,XRPUSDT
2025-02-01 00:00:00+00:00,2.8778,1440,0,True,XRPUSDT
2025-02-02 00:00:00+00:00,2.58,1440,0,True,XRPUSDT
2025-02-03 00:00:00+00:00,2.7001,1440,0,True,XRPUSDT
2025-02-04 00:00:00+00:00,2.5274,1440,0,True,XRPUSDT
2025-02-05 00:00:00+00:00,2.381,1440,0,True,XRPUSDT
2025-02-06 00:00:00+00:00,2.325,1440,0,True,XRPUSDT
2025-02-07 00:00:00+00:00,2.3968,1440,0,True,XRPUSDT
2025-02-08 00:00:00+00:00,2.419,1440,0,True,XRPUSDT
2025-02-09 00:00:00+00:00,2.3928,1440,0,True,XRPUSDT
2025-02-10 00:00:00+00:00,2.4237,1440,0,True,XRPUSDT
2025-02-11 00:00:00+00:00,2.4131,1440,0,True,XRPUSDT
2025-02-12 00:00:00+00:00,2.4734,1440,0,True,XRPUSDT
2025-02-13 00:00:00+00:00,2.5599,1440,0,True,XRPUSDT
2025-02-14 00:00:00+00:00,2.7384,1440,0,True,XRPUSDT
2025-02-15 00:00:00+00:00,2.7619,1440,0,True,XRPUSDT
2025-02-16 00:00:00+00:00,2.7283,1440,0,True,XRPUSDT
2025-02-17 00:00:00+00:00,2.6599,1440,0,True,XRPUSDT
2025-02-18 00:00:00+00:00,2.5628,1440,0,True,XRPUSDT
2025-02-19 00:00:00+00:00,2.7378,1440,0,True,XRPUSDT
2025-02-20 00:00:00+00:00,2.6877,1440,0,True,XRPUSDT
2025-02-21 00:00:00+00:00,2.5721,1440,0,True,XRPUSDT
2025-02-22 00:00:00+00:00,2.574,1440,0,True,XRPUSDT
2025-02-23 00:00:00+00:00,2.5763,1440,0,True,XRPUSDT
2025-02-24 00:00:00+00:00,2.2783,1440,0,True,XRPUSDT
2025-02-25 00:00:00+00:00,2.3222,1440,0,True,XRPUSDT
2025-02-26 00:00:00+00:00,2.1982,1440,0,True,XRPUSDT
2025-02-27 00:00:00+00:00,2.1985,1440,0,True,XRPUSDT
2025-02-28 00:00:00+00:00,2.1453,1440,0,True,XRPUSDT
2025-03-01 00:00:00+00:00,2.1916,1440,0,True,XRPUSDT
2025-03-02 00:00:00+00:00,2.9396,1440,0,True,XRPUSDT
2025-03-03 00:00:00+00:00,2.3873,1440,0,True,XRPUSDT
2025-03-04 00:00:00+00:00,2.4543,1440,0,True,XRPUSDT
2025-03-05 00:00:00+00:00,2.4998,1440,0,True,XRPUSDT
2025-03-06 00:00:00+00:00,2.6001,1440,0,True,XRPUSDT
2025-03-07 00:00:00+00:00,2.3855,1440,0,True,XRPUSDT
2025-03-08 00:00:00+00:00,2.3261,1440,0,True,XRPUSDT
2025-03-09 00:00:00+00:00,2.1387,1440,0,True,XRPUSDT
2025-03-10 00:00:00+00:00,2.0216,1440,0,True,XRPUSDT
2025-03-11 00:00:00+00:00,2.1711,1440,0,True,XRPUSDT
2025-03-12 00:00:00+00:00,2.2396,1440,0,True,XRPUSDT
2025-03-13 00:00:00+00:00,2.2527,1440,0,True,XRPUSDT
2025-03-14 00:00:00+00:00,2.3564,1440,0,True,XRPUSDT
2025-03-15 00:00:00+00:00,2.3911,1440,0,True,XRPUSDT
2025-03-16 00:00:00+00:00,2.2938,1440,0,True,XRPUSDT
2025-03-17 00:00:00+00:00,2.3382,1440,0,True,XRPUSDT
2025-03-18 00:00:00+00:00,2.2851,1440,0,True,XRPUSDT
2025-03-19 00:00:00+00:00,2.5469,1440,0,True,XRPUSDT
2025-03-20 00:00:00+00:00,2.4361,1440,0,True,XRPUSDT
2025-03-21 00:00:00+00:00,2.3809,1440,0,True,XRPUSDT
2025-03-22 00:00:00+00:00,2.3711,1440,0,True,XRPUSDT
2025-03-23 00:00:00+00:00,2.4393,1440,0,True,XRPUSDT
2025-03-24 00:00:00+00:00,2.4501,1440,0,True,XRPUSDT
2025-03-25 00:00:00+00:00,2.4492,1440,0,True,XRPUSDT
2025-03-26 00:00:00+00:00,2.3494,1440,0,True,XRPUSDT
2025-03-27 00:00:00+00:00,2.341,1440,0,True,XRPUSDT
2025-03-28 00:00:00+00:00,2.2073,1440,0,True,XRPUSDT
2025-03-29 00:00:00+00:00,2.1351,1440,0,True,XRPUSDT
2025-03-30 00:00:00+00:00,2.1369,1440,0,True,XRPUSDT
2025-03-31 00:00:00+00:00,2.0899,1440,0,True,XRPUSDT
2025-04-01 00:00:00+00:00,2.1387,1440,0,True,XRPUSDT
2025-04-02 00:00:00+00:00,2.0237,1440,0,True,XRPUSDT
2025-04-03 00:00:00+00:00,2.0648,1440,0,True,XRPUSDT
2025-04-04 00:00:00+00:00,2.1302,1440,0,True,XRPUSDT
2025-04-05 00:00:00+00:00,2.1442,1440,0,True,XRPUSDT
2025-04-06 00:00:00+00:00,1.9218,1440,0,True,XRPUSDT
2025-04-07 00:00:00+00:00,1.8987,1440,0,True,XRPUSDT
2025-04-08 00:00:00+00:00,1.7963,1440,0,True,XRPUSDT
2025-04-09 00:00:00+00:00,2.0529,1440,0,True,XRPUSDT
2025-04-10 00:00:00+00:00,1.9658,1440,0,True,XRPUSDT
2025-04-11 00:00:00+00:00,2.0225,1440,0,True,XRPUSDT
2025-04-12 00:00:00+00:00,2.1598,1440,0,True,XRPUSDT
2025-04-13 00:00:00+00:00,2.1196,1440,0,True,XRPUSDT
2025-04-14 00:00:00+00:00,2.1275,1440,0,True,XRPUSDT
2025-04-15 00:00:00+00:00,2.0842,1440,0,True,XRPUSDT
2025-04-16 00:00:00+00:00,2.0834,1440,0,True,XRPUSDT
2025-04-17 00:00:00+00:00,2.0673,1440,0,True,XRPUSDT
2025-04-18 00:00:00+00:00,2.0619,1440,0,True,XRPUSDT
2025-04-19 00:00:00+00:00,2.0877,1440,0,True,XRPUSDT
2025-04-20 00:00:00+00:00,2.0787,1440,0,True,XRPUSDT
2025-04-21 00:00:00+00:00,2.0855,1440,0,True,XRPUSDT
2025-04-22 00:00:00+00:00,2.2139,1440,0,True,XRPUSDT
2025-04-23 00:00:00+00:00,2.2184,1440,0,True,XRPUSDT
2025-04-24 00:00:00+00:00,2.2049,1440,0,True,XRPUSDT
2025-04-25 00:00:00+00:00,2.1812,1440,0,True,XRPUSDT
2025-04-26 00:00:00+00:00,2.1912,1440,0,True,XRPUSDT
2025-04-27 00:00:00+00:00,2.252,1440,0,True,XRPUSDT
2025-04-28 00:00:00+00:00,2.2949,1440,0,True,XRPUSDT
2025-04-29 00:00:00+00:00,2.238,1440,0,True,XRPUSDT
2025-04-30 00:00:00+00:00,2.1908,1440,0,True,XRPUSDT
2025-05-01 00:00:00+00:00,2.2123,1440,0,True,XRPUSDT
2025-05-02 00:00:00+00:00,2.2093,1440,0,True,XRPUSDT
2025-05-03 00:00:00+00:00,2.1872,1440,0,True,XRPUSDT
2025-05-04 00:00:00+00:00,2.156,1440,0,True,XRPUSDT
2025-05-05 00:00:00+00:00,2.1306,1440,0,True,XRPUSDT
2025-05-06 00:00:00+00:00,2.155,1440,0,True,XRPUSDT
2025-05-07 00:00:00+00:00,2.1265,1440,0,True,XRPUSDT
2025-05-08 00:00:00+00:00,2.3272,1440,0,True,XRPUSDT
2025-05-09 00:00:00+00:00,2.3439,1440,0,True,XRPUSDT
2025-05-10 00:00:00+00:00,2.4711,1440,0,True,XRPUSDT
2025-05-11 00:00:00+00:00,2.367,1440,0,True,XRPUSDT
2025-05-12 00:00:00+00:00,2.5439,1440,0,True,XRPUSDT
2025-05-13 00:00:00+00:00,2.5829,1440,0,True,XRPUSDT
2025-05-14 00:00:00+00:00,2.5503,1440,0,True,XRPUSDT
2025-05-15 00:00:00+00:00,2.3856,1440,0,True,XRPUSDT
2025-05-16 00:00:00+00:00,2.3798,1440,0,True,XRPUSDT
2025-05-17 00:00:00+00:00,2.3531,1440,0,True,XRPUSDT
2025-05-18 00:00:00+00:00,2.428,1440,0,True,XRPUSDT
2025-05-19 00:00:00+00:00,2.3803,1440,0,True,XRPUSDT
2025-05-20 00:00:00+00:00,2.3565,1440,0,True,XRPUSDT
2025-05-21 00:00:00+00:00,2.3952,1440,0,True,XRPUSDT
2025-05-22 00:00:00+00:00,2.4311,1440,0,True,XRPUSDT
2025-05-23 00:00:00+00:00,2.2966,1440,0,True,XRPUSDT
2025-05-24 00:00:00+00:00,2.3303,1440,0,True,XRPUSDT
2025-05-25 00:00:00+00:00,2.3417,1440,0,True,XRPUSDT
2025-05-26 00:00:00+00:00,2.3103,1440,0,True,XRPUSDT
2025-05-27 00:00:00+00:00,2.3168,1440,0,True,XRPUSDT
2025-05-28 00:00:00+00:00,2.2742,1440,0,True,XRPUSDT
2025-05-29 00:00:00+00:00,2.2442,1440,0,True,XRPUSDT
2025-05-30 00:00:00+00:00,2.1398,1440,0,True,XRPUSDT
2025-05-31 00:00:00+00:00,2.1738,1440,0,True,XRPUSDT
2025-06-01 00:00:00+00:00,2.1792,1440,0,True,XRPUSDT
2025-06-02 00:00:00+00:00,2.1965,1440,0,True,XRPUSDT
2025-06-03 00:00:00+00:00,2.2446,1440,0,True,XRPUSDT
2025-06-04 00:00:00+00:00,2.2009,1440,0,True,XRPUSDT
2025-06-05 00:00:00+00:00,2.0936,1440,0,True,XRPUSDT
2025-06-06 00:00:00+00:00,2.1598,1440,0,True,XRPUSDT
2025-06-07 00:00:00+00:00,2.1769,1440,0,True,XRPUSDT
2025-06-08 00:00:00+00:00,2.267,1440,0,True,XRPUSDT
2025-06-09 00:00:00+00:00,2.3211,1440,0,True,XRPUSDT
2025-06-10 00:00:00+00:00,2.3074,1440,0,True,XRPUSDT
2025-06-11 00:00:00+00:00,2.2704,1440,0,True,XRPUSDT
2025-06-12 00:00:00+00:00,2.1899,1440,0,True,XRPUSDT
2025-06-13 00:00:00+00:00,2.1472,1440,0,True,XRPUSDT
2025-06-14 00:00:00+00:00,2.1394,1440,0,True,XRPUSDT
2025-06-15 00:00:00+00:00,2.1655,1440,0,True,XRPUSDT
2025-06-16 00:00:00+00:00,2.238,1440,0,True,XRPUSDT
2025-06-17 00:00:00+00:00,2.159,1440,0,True,XRPUSDT
2025-06-18 00:00:00+00:00,2.1705,1440,0,True,XRPUSDT
2025-06-19 00:00:00+00:00,2.1648,1440,0,True,XRPUSDT
2025-06-20 00:00:00+00:00,2.1194,1440,0,True,XRPUSDT
2025-06-21 00:00:00+00:00,2.0632,1440,0,True,XRPUSDT
2025-06-22 00:00:00+00:00,2.0172,1440,0,True,XRPUSDT
2025-06-23 00:00:00+00:00,2.1584,1440,0,True,XRPUSDT
2025-06-24 00:00:00+00:00,2.1898,1440,0,True,XRPUSDT
2025-06-25 00:00:00+00:00,2.1859,1440,0,True,XRPUSDT
2025-06-26 00:00:00+00:00,2.1054,1440,0,True,XRPUSDT
2025-06-27 00:00:00+00:00,2.1419,1440,0,True,XRPUSDT
2025-06-28 00:00:00+00:00,2.1854,1440,0,True,XRPUSDT
2025-06-29 00:00:00+00:00,2.2061,1440,0,True,XRPUSDT
2025-06-30 00:00:00+00:00,2.2362,1440,0,True,XRPUSDT
2025-07-01 00:00:00+00:00,2.172,1440,0,True,XRPUSDT
2025-07-02 00:00:00+00:00,2.2336,1440,0,True,XRPUSDT
2025-07-03 00:00:00+00:00,2.2569,1440,0,True,XRPUSDT
2025-07-04 00:00:00+00:00,2.2205,1440,0,True,XRPUSDT
2025-07-05 00:00:00+00:00,2.2178,1440,0,True,XRPUSDT
2025-07-06 00:00:00+00:00,2.2709,1440,0,True,XRPUSDT
2025-07-07 00:00:00+00:00,2.2708,1440,0,True,XRPUSDT
2025-07-08 00:00:00+00:00,2.3108,1440,0,True,XRPUSDT
2025-07-09 00:00:00+00:00,2.4038,1440,0,True,XRPUSDT
2025-07-10 00:00:00+00:00,2.5471,1440,0,True,XRPUSDT
2025-07-11 00:00:00+00:00,2.7322,1440,0,True,XRPUSDT
2025-07-12 00:00:00+00:00,2.7395,1440,0,True,XRPUSDT
2025-07-13 00:00:00+00:00,2.8361,1440,0,True,XRPUSDT
2025-07-14 00:00:00+00:00,2.9582,1440,0,True,XRPUSDT
2025-07-15 00:00:00+00:00,2.919,1440,0,True,XRPUSDT
2025-07-16 00:00:00+00:00,3.038,1440,0,True,XRPUSDT
2025-07-17 00:00:00+00:00,3.4814,1440,0,True,XRPUSDT
2025-07-18 00:00:00+00:00,3.4135,1440,0,True,XRPUSDT
2025-07-19 00:00:00+00:00,3.4244,1440,0,True,XRPUSDT
2025-07-20 00:00:00+00:00,3.454,1440,0,True,XRPUSDT
2025-07-21 00:00:00+00:00,3.5495,1440,0,True,XRPUSDT
2025-07-22 00:00:00+00:00,3.5504,1440,0,True,XRPUSDT
2025-07-23 00:00:00+00:00,3.1838,1440,0,True,XRPUSDT
2025-07-24 00:00:00+00:00,3.1453,1440,0,True,XRPUSDT
2025-07-25 00:00:00+00:00,3.1423,1440,0,True,XRPUSDT
2025-07-26 00:00:00+00:00,3.1662,1440,0,True,XRPUSDT
2025-07-27 00:00:00+00:00,3.2389,1440,0,True,XRPUSDT
2025-07-28 00:00:00+00:00,3.1235,1440,0,True,XRPUSDT
2025-07-29 00:00:00+00:00,3.128,1440,0,True,XRPUSDT
2025-07-30 00:00:00+00:00,3.0966,1440,0,True,XRPUSDT
2025-07-31 00:00:00+00:00,3.0224,1440,0,True,XRPUSDT
2025-08-01 00:00:00+00:00,2.9613,1440,0,True,XRPUSDT
2025-08-02 00:00:00+00:00,2.7695,1440,0,True,XRPUSDT
2025-08-03 00:00:00+00:00,2.948,1440,0,True,XRPUSDT
2025-08-04 00:00:00+00:00,3.0716,1440,0,True,XRPUSDT
2025-08-05 00:00:00+00:00,2.9623,1440,0,True,XRPUSDT
2025-08-06 00:00:00+00:00,2.9908,1440,0,True,XRPUSDT
2025-08-07 00:00:00+00:00,3.3197,1440,0,True,XRPUSDT
2025-08-08 00:00:00+00:00,3.2859,1440,0,True,XRPUSDT
2025-08-09 00:00:00+00:00,3.2259,1440,0,True,XRPUSDT
2025-08-10 00:00:00+00:00,3.187,1440,0,True,XRPUSDT
2025-08-11 00:00:00+00:00,3.1295,1440,0,True,XRPUSDT
2025-08-12 00:00:00+00:00,3.2676,1440,0,True,XRPUSDT
2025-08-13 00:00:00+00:00,3.2744,1440,0,True,XRPUSDT
2025-08-14 00:00:00+00:00,3.0792,1440,0,True,XRPUSDT
2025-08-15 00:00:00+00:00,3.0779,1440,0,True,XRPUSDT
2025-08-16 00:00:00+00:00,3.1055,1440,0,True,XRPUSDT
2025-08-17 00:00:00+00:00,3.0877,1440,0,True,XRPUSDT
2025-08-18 00:00:00+00:00,3.0616,1440,0,True,XRPUSDT
2025-08-19 00:00:00+00:00,2.8608,1440,0,True,XRPUSDT
2025-08-20 00:00:00+00:00,2.9512,1440,0,True,XRPUSDT
2025-08-21 00:00:00+00:00,2.8519,1440,0,True,XRPUSDT
2025-08-22 00:00:00+00:00,3.0744,1440,0,True,XRPUSDT
2025-08-23 00:00:00+00:00,3.0485,1440,0,True,XRPUSDT
2025-08-24 00:00:00+00:00,3.0258,1440,0,True,XRPUSDT
2025-08-25 00:00:00+00:00,2.8584,1440,0,True,XRPUSDT
2025-08-26 00:00:00+00:00,3.0123,1440,0,True,XRPUSDT
2025-08-27 00:00:00+00:00,2.9688,1440,0,True,XRPUSDT
2025-08-28 00:00:00+00:00,2.9665,1440,0,True,XRPUSDT
2025-08-29 00:00:00+00:00,2.8195,1440,0,True,XRPUSDT
2025-08-30 00:00:00+00:00,2.8181,1440,0,True,XRPUSDT
2025-08-31 00:00:00+00:00,2.7757,1440,0,True,XRPUSDT
2025-09-01 00:00:00+00:00,2.7589,1440,0,True,XRPUSDT
2025-09-02 00:00:00+00:00,2.862,1440,0,True,XRPUSDT
2025-09-03 00:00:00+00:00,2.8443,1440,0,True,XRPUSDT
2025-09-04 00:00:00+00:00,2.7946,1440,0,True,XRPUSDT
2025-09-05 00:00:00+00:00,2.8147,1440,0,True,XRPUSDT
2025-09-06 00:00:00+00:00,2.8098,1440,0,True,XRPUSDT
2025-09-07 00:00:00+00:00,2.877,1440,0,True,XRPUSDT
2025-09-08 00:00:00+00:00,2.9697,1440,0,True,XRPUSDT
2025-09-09 00:00:00+00:00,2.9474,1440,0,True,XRPUSDT
2025-09-10 00:00:00+00:00,2.9834,1440,0,True,XRPUSDT
2025-09-11 00:00:00+00:00,3.0398,1440,0,True,XRPUSDT
2025-09-12 00:00:00+00:00,3.1054,1440,0,True,XRPUSDT
2025-09-13 00:00:00+00:00,3.1193,1440,0,True,XRPUSDT
2025-09-14 00:00:00+00:00,3.0279,1440,0,True,XRPUSDT
2025-09-15 00:00:00+00:00,2.9969,1440,0,True,XRPUSDT
2025-09-16 00:00:00+00:00,3.0376,1440,0,True,XRPUSDT
2025-09-17 00:00:00+00:00,3.0841,1440,0,True,XRPUSDT
2025-09-18 00:00:00+00:00,3.0735,1440,0,True,XRPUSDT
2025-09-19 00:00:00+00:00,2.9901,1440,0,True,XRPUSDT
2025-09-20 00:00:00+00:00,2.975,1440,0,True,XRPUSDT
2025-09-21 00:00:00+00:00,2.9701,1440,0,True,XRPUSDT
2025-09-22 00:00:00+00:00,2.8526,1440,0,True,XRPUSDT
2025-09-23 00:00:00+00:00,2.8247,1440,0,True,XRPUSDT
2025-09-24 00:00:00+00:00,2.9257,1440,0,True,XRPUSDT
2025-09-25 00:00:00+00:00,2.7435,1440,0,True,XRPUSDT
2025-09-26 00:00:00+00:00,2.7835,1440,0,True,XRPUSDT
2025-09-27 00:00:00+00:00,2.8047,1440,0,True,XRPUSDT
2025-09-28 00:00:00+00:00,2.8674,1440,0,True,XRPUSDT
2025-09-29 00:00:00+00:00,2.8801,1440,0,True,XRPUSDT
2025-09-30 00:00:00+00:00,2.8468,1440,0,True,XRPUSDT
2025-10-01 00:00:00+00:00,2.9485,1440,0,True,XRPUSDT
2025-10-02 00:00:00+00:00,3.0389,1440,0,True,XRPUSDT
2025-10-03 00:00:00+00:00,3.0401,1440,0,True,XRPUSDT
2025-10-04 00:00:00+00:00,2.9685,1440,0,True,XRPUSDT
2025-10-05 00:00:00+00:00,2.9697,1440,0,True,XRPUSDT
2025-10-06 00:00:00+00:00,2.9883,1440,0,True,XRPUSDT
2025-10-07 00:00:00+00:00,2.852,1440,0,True,XRPUSDT
2025-10-08 00:00:00+00:00,2.8797,1440,0,True,XRPUSDT
2025-10-09 00:00:00+00:00,2.8021,1440,0,True,XRPUSDT
2025-10-10 00:00:00+00:00,2.3704,1440,0,True,XRPUSDT
2025-10-11 00:00:00+00:00,2.3819,1440,0,True,XRPUSDT
2025-10-12 00:00:00+00:00,2.5282,1440,0,True,XRPUSDT
2025-10-13 00:00:00+00:00,2.6052,1440,0,True,XRPUSDT
2025-10-14 00:00:00+00:00,2.5033,1440,0,True,XRPUSDT
2025-10-15 00:00:00+00:00,2.4109,1440,0,True,XRPUSDT
2025-10-16 00:00:00+00:00,2.328,1440,0,True,XRPUSDT
2025-10-17 00:00:00+00:00,2.2936,1440,0,True,XRPUSDT
2025-10-18 00:00:00+00:00,2.3596,1440,0,True,XRPUSDT
2025-10-19 00:00:00+00:00,2.3908,1440,0,True,XRPUSDT
2025-10-20 00:00:00+00:00,2.4948,1440,0,True,XRPUSDT
2025-10-21 00:00:00+00:00,2.4222,1440,0,True,XRPUSDT
2025-10-22 00:00:00+00:00,2.3647,1440,0,True,XRPUSDT
2025-10-23 00:00:00+00:00,2.3947,1440,0,True,XRPUSDT
2025-10-24 00:00:00+00:00,2.5103,1440,0,True,XRPUSDT
2025-10-25 00:00:00+00:00,2.5959,1440,0,True,XRPUSDT
2025-10-26 00:00:00+00:00,2.6461,1440,0,True,XRPUSDT
2025-10-27 00:00:00+00:00,2.634,1440,0,True,XRPUSDT
2025-10-28 00:00:00+00:00,2.6034,1440,0,True,XRPUSDT
2025-10-29 00:00:00+00:00,2.5502,1440,0,True,XRPUSDT
2025-10-30 00:00:00+00:00,2.4393,1440,0,True,XRPUSDT
2025-10-31 00:00:00+00:00,2.5097,1440,0,True,XRPUSDT
2025-11-01 00:00:00+00:00,2.5053,1440,0,True,XRPUSDT
2025-11-02 00:00:00+00:00,2.5267,1440,0,True,XRPUSDT
2025-11-03 00:00:00+00:00,2.3096,1440,0,True,XRPUSDT
2025-11-04 00:00:00+00:00,2.2053,1440,0,True,XRPUSDT
2025-11-05 00:00:00+00:00,2.3432,1440,0,True,XRPUSDT
2025-11-06 00:00:00+00:00,2.213,1440,0,True,XRPUSDT
2025-11-07 00:00:00+00:00,2.3154,1440,0,True,XRPUSDT
2025-11-08 00:00:00+00:00,2.2863,1440,0,True,XRPUSDT
2025-11-09 00:00:00+00:00,2.3662,1440,0,True,XRPUSDT
2025-11-10 00:00:00+00:00,2.526,1440,0,True,XRPUSDT
2025-11-11 00:00:00+00:00,2.3915,1440,0,True,XRPUSDT
2025-11-12 00:00:00+00:00,2.3879,1440,0,True,XRPUSDT
2025-11-13 00:00:00+00:00,2.3225,1440,0,True,XRPUSDT
2025-11-14 00:00:00+00:00,2.2443,1440,0,True,XRPUSDT
2025-11-15 00:00:00+00:00,2.2372,1440,0,True,XRPUSDT
2025-11-16 00:00:00+00:00,2.2149,1440,0,True,XRPUSDT
2025-11-17 00:00:00+00:00,2.1637,1440,0,True,XRPUSDT
2025-11-18 00:00:00+00:00,2.2172,1440,0,True,XRPUSDT
2025-11-19 00:00:00+00:00,2.1098,1440,0,True,XRPUSDT
2025-11-20 00:00:00+00:00,1.9999,1440,0,True,XRPUSDT
2025-11-21 00:00:00+00:00,1.9509,1440,0,True,XRPUSDT
2025-11-22 00:00:00+00:00,1.9509,1440,0,True,XRPUSDT
2025-11-23 00:00:00+00:00,2.0491,1440,0,True,XRPUSDT
2025-11-24 00:00:00+00:00,2.2276,1440,0,True,XRPUSDT
2025-11-25 00:00:00+00:00,2.2024,1440,0,True,XRPUSDT
2025-11-26 00:00:00+00:00,2.2233,1440,0,True,XRPUSDT
2025-11-27 00:00:00+00:00,2.1999,1440,0,True,XRPUSDT
2025-11-28 00:00:00+00:00,2.1795,1440,0,True,XRPUSDT
2025-11-29 00:00:00+00:00,2.2009,1440,0,True,XRPUSDT
2025-11-30 00:00:00+00:00,2.155,1440,0,True,XRPUSDT
2025-12-01 00:00:00+00:00,2.0297,1440,0,True,XRPUSDT
2025-12-02 00:00:00+00:00,2.1532,1440,0,True,XRPUSDT
2025-12-03 00:00:00+00:00,2.1976,1440,0,True,XRPUSDT
2025-12-04 00:00:00+00:00,2.096,1440,0,True,XRPUSDT
2025-12-05 00:00:00+00:00,2.0344,1440,0,True,XRPUSDT
2025-12-06 00:00:00+00:00,2.0309,1440,0,True,XRPUSDT
2025-12-07 00:00:00+00:00,2.0442,1440,0,True,XRPUSDT
2025-12-08 00:00:00+00:00,2.0724,1440,0,True,XRPUSDT
2025-12-09 00:00:00+00:00,2.1062,1440,0,True,XRPUSDT
2025-12-10 00:00:00+00:00,2.0418,1440,0,True,XRPUSDT
2025-12-11 00:00:00+00:00,2.034,1440,0,True,XRPUSDT
2025-12-12 00:00:00+00:00,2.0074,1440,0,True,XRPUSDT
2025-12-13 00:00:00+00:00,2.0227,1440,0,True,XRPUSDT
2025-12-14 00:00:00+00:00,1.9784,1440,0,True,XRPUSDT
2025-12-15 00:00:00+00:00,1.8981,1440,0,True,XRPUSDT
2025-12-16 00:00:00+00:00,1.9297,1440,0,True,XRPUSDT
2025-12-17 00:00:00+00:00,1.8627,1440,0,True,XRPUSDT
2025-12-18 00:00:00+00:00,1.8076,1440,0,True,XRPUSDT
2025-12-19 00:00:00+00:00,1.9092,1440,0,True,XRPUSDT
2025-12-20 00:00:00+00:00,1.9335,1440,0,True,XRPUSDT
2025-12-21 00:00:00+00:00,1.9223,1440,0,True,XRPUSDT
2025-12-22 00:00:00+00:00,1.9043,1440,0,True,XRPUSDT
2025-12-23 00:00:00+00:00,1.8734,1440,0,True,XRPUSDT
2025-12-24 00:00:00+00:00,1.8628,1440,0,True,XRPUSDT
2025-12-25 00:00:00+00:00,1.8326,1440,0,True,XRPUSDT
2025-12-26 00:00:00+00:00,1.8437,1440,0,True,XRPUSDT
2025-12-27 00:00:00+00:00,1.8735,1440,0,True,XRPUSDT
2025-12-28 00:00:00+00:00,1.8654,1440,0,True,XRPUSDT
2025-12-29 00:00:00+00:00,1.8508,1440,0,True,XRPUSDT
2025-12-30 00:00:00+00:00,1.8776,1440,0,True,XRPUSDT
2025-12-31 00:00:00+00:00,1.8423,1440,0,True,XRPUSDT
