symbol,volatility_window,input_window,C,epsilon,fold,training_fraction,n_train,n_validation,train_first,train_last,train_target_end,validation_first,validation_target_end,train_r2,train_rmse,train_mse,train_mae,train_mape,validation_r2,validation_rmse,validation_mse,validation_mae,validation_mape,persistence_validation_rmse
BTCUSDT,7,14,0.001,0.01,1,0.25,69,60,2023-09-27 00:00:00+00:00,2023-12-04 00:00:00+00:00,2023-12-11 00:00:00+00:00,2024-01-01 00:00:00+00:00,2024-03-07 00:00:00+00:00,0.18242731968032508,0.7553472082534881,0.6135213074505189,0.569818900259195,40.98165598169905,0.30603411408087144,0.799693674538522,0.6900989686246967,0.6484241526397043,37.88495284381585,0.864648758235478
BTCUSDT,7,14,0.001,0.01,1,0.5,137,60,2023-07-21 00:00:00+00:00,2023-12-04 00:00:00+00:00,2023-12-11 00:00:00+00:00,2024-01-01 00:00:00+00:00,2024-03-07 00:00:00+00:00,0.31946524002544086,0.6801900954712383,0.4964157127286824,0.5449086080446972,44.5913608095174,0.28726266673658546,0.8067068177387043,0.715464609462395,0.6734903933939584,38.81842502888395,0.864648758235478
BTCUSDT,7,14,0.001,0.01,1,0.75,206,60,2023-05-13 00:00:00+00:00,2023-12-04 00:00:00+00:00,2023-12-11 00:00:00+00:00,2024-01-01 00:00:00+00:00,2024-03-07 00:00:00+00:00,0.3183943010362921,0.6387090367147318,0.4407869656640535,0.5096606498608164,40.19075854473031,0.3335880332894355,0.7800931182354276,0.6690330758047629,0.6355150227421459,35.3034547515148,0.864648758235478
BTCUSDT,7,14,0.001,0.01,1,1.0,274,60,2023-01-29 00:00:00+00:00,2023-12-04 00:00:00+00:00,2023-12-11 00:00:00+00:00,2024-01-01 00:00:00+00:00,2024-03-07 00:00:00+00:00,0.4080221317775282,0.6864312647465624,0.5089698264934767,0.5288416498625432,37.02243580134124,0.3211446089545897,0.7864500269276782,0.6823441078775162,0.637312079824127,34.60454135501622,0.864648758235478
BTCUSDT,7,14,0.001,0.01,2,0.25,84,61,2023-11-11 00:00:00+00:00,2024-02-02 00:00:00+00:00,2024-02-09 00:00:00+00:00,2024-03-01 00:00:00+00:00,2024-05-07 00:00:00+00:00,0.3619805989747477,0.5792481511806671,0.35658987326960145,0.46380947238556225,24.934290371692196,0.2765948034075592,0.9307675079733677,0.9245610945149672,0.7632926586890262,30.528040432166062,1.256043113713863
BTCUSDT,7,14,0.001,0.01,2,0.5,167,61,2023-08-20 00:00:00+00:00,2024-02-02 00:00:00+00:00,2024-02-09 00:00:00+00:00,2024-03-01 00:00:00+00:00,2024-05-07 00:00:00+00:00,0.4151602606282659,0.6282987255002386,0.4187815138639924,0.5033262288993277,33.254384399657496,0.20443630519322062,0.9699503466384616,1.0149495547789709,0.8012828856534583,31.241965563899914,1.256043113713863
BTCUSDT,7,14,0.001,0.01,2,0.75,251,61,2023-05-28 00:00:00+00:00,2024-02-02 00:00:00+00:00,2024-02-09 00:00:00+00:00,2024-03-01 00:00:00+00:00,2024-05-07 00:00:00+00:00,0.3876150566380946,0.6358491530157312,0.434593695850251,0.5109635011115644,36.71678266467451,0.2008303031630761,0.9695727171103113,1.0187112822372042,0.7906466245595969,31.143241357803717,1.256043113713863
BTCUSDT,7,14,0.001,0.01,2,1.0,334,61,2023-01-29 00:00:00+00:00,2024-02-02 00:00:00+00:00,2024-02-09 00:00:00+00:00,2024-03-01 00:00:00+00:00,2024-05-07 00:00:00+00:00,0.39988850064806764,0.6774506379113774,0.49582229121559535,0.5248277110936127,34.66482104081929,0.21661157851157015,0.9545063948529446,0.9970792522325467,0.770201761080495,30.077553323111257,1.256043113713863
BTCUSDT,7,14,0.001,0.01,3,0.25,99,61,2023-12-27 00:00:00+00:00,2024-04-03 00:00:00+00:00,2024-04-10 00:00:00+00:00,2024-05-01 00:00:00+00:00,2024-07-07 00:00:00+00:00,0.5456482067474473,0.8035577944733525,0.6899789068793363,0.6497258575481609,30.306866992119854,0.526495606089098,0.5599603833724485,0.33504181822056817,0.45683208091683697,28.645466091897347,0.7550197295532151
BTCUSDT,7,14,0.001,0.01,3,0.5,198,61,2023-09-19 00:00:00+00:00,2024-04-03 00:00:00+00:00,2024-04-10 00:00:00+00:00,2024-05-01 00:00:00+00:00,2024-07-07 00:00:00+00:00,0.5710859643888753,0.7010411545665803,0.5257426186038714,0.5512072405638745,30.426966981611482,0.5368564265657617,0.5544956449708548,0.32797178795288984,0.4629764263876557,28.726968205308694,0.7550197295532151
BTCUSDT,7,14,0.001,0.01,3,0.75,297,61,2023-06-12 00:00:00+00:00,2024-04-03 00:00:00+00:00,2024-04-10 00:00:00+00:00,2024-05-01 00:00:00+00:00,2024-07-07 00:00:00+00:00,0.5627599337310965,0.678758796342443,0.49481460946664524,0.53931760016965,34.85208693220452,0.5894628302514338,0.5244274181264651,0.2915020649686599,0.4375309409158125,27.38217987297861,0.7550197295532151
BTCUSDT,7,14,0.001,0.01,3,1.0,395,61,2023-01-29 00:00:00+00:00,2024-04-03 00:00:00+00:00,2024-04-10 00:00:00+00:00,2024-05-01 00:00:00+00:00,2024-07-07 00:00:00+00:00,0.4998203427012634,0.7143038779981618,0.5541238009655812,0.5548082590304783,33.942613712834934,0.6271159539350579,0.4968515669712691,0.26390054256109835,0.41965944992165266,26.83181694944077,0.7550197295532151
BTCUSDT,7,14,0.001,0.01,4,0.25,114,62,2024-02-11 00:00:00+00:00,2024-06-03 00:00:00+00:00,2024-06-10 00:00:00+00:00,2024-07-01 00:00:00+00:00,2024-09-07 00:00:00+00:00,0.542189204238885,0.7554739495696262,0.6146574836335925,0.6195248337683396,28.203254397842215,0.3696514957470268,0.8068290382907639,0.7005957885656775,0.605459091989116,24.337894759999465,1.1318808200929282
BTCUSDT,7,14,0.001,0.01,4,0.5,228,62,2023-10-20 00:00:00+00:00,2024-06-03 00:00:00+00:00,2024-06-10 00:00:00+00:00,2024-07-01 00:00:00+00:00,2024-09-07 00:00:00+00:00,0.521686325395058,0.6988058781213633,0.524634100186336,0.5590203300310125,28.498794462956965,0.45706659518571424,0.7508546510469871,0.6034280786523936,0.5636847396466186,22.640499492562103,1.1318808200929282
BTCUSDT,7,14,0.001,0.01,4,0.75,342,62,2023-06-28 00:00:00+00:00,2024-06-03 00:00:00+00:00,2024-06-10 00:00:00+00:00,2024-07-01 00:00:00+00:00,2024-09-07 00:00:00+00:00,0.5512681455195365,0.6785920490149013,0.4967641343161104,0.5419634718324888,33.32381720223343,0.3783783002390262,0.7967979304480534,0.690951345907334,0.5913283948750695,23.744744990290897,1.1318808200929282
BTCUSDT,7,14,0.001,0.01,4,1.0,456,62,2023-01-29 00:00:00+00:00,2024-06-03 00:00:00+00:00,2024-06-10 00:00:00+00:00,2024-07-01 00:00:00+00:00,2024-09-07 00:00:00+00:00,0.5034841913150955,0.6953926394787795,0.5260804927068842,0.5414276126928165,32.15337108909924,0.3243612597595242,0.8251933512508529,0.7510675331384655,0.6176129935277808,24.944422546996375,1.1318808200929282
BTCUSDT,7,14,0.001,0.01,5,0.25,130,61,2024-03-28 00:00:00+00:00,2024-08-04 00:00:00+00:00,2024-08-11 00:00:00+00:00,2024-09-01 00:00:00+00:00,2024-11-07 00:00:00+00:00,0.45296097354805287,0.6034266117196465,0.40576651287880616,0.4676727409643408,23.430060326815138,0.014055389567380632,0.4239011055933259,0.19597866225626098,0.33544292038417906,20.68115270996683,0.5199205125047215
BTCUSDT,7,14,0.001,0.01,5,0.5,259,61,2023-11-20 00:00:00+00:00,2024-08-04 00:00:00+00:00,2024-08-11 00:00:00+00:00,2024-09-01 00:00:00+00:00,2024-11-07 00:00:00+00:00,0.5484123475936,0.6560104835046464,0.4730005942309257,0.5177328504820815,25.471625276900113,0.06933307163314738,0.4099168083214046,0.18634658566685916,0.31810562373911727,19.834770239959372,0.5199205125047215
BTCUSDT,7,14,0.001,0.01,5,0.75,389,61,2023-07-13 00:00:00+00:00,2024-08-04 00:00:00+00:00,2024-08-11 00:00:00+00:00,2024-09-01 00:00:00+00:00,2024-11-07 00:00:00+00:00,0.5480781976686407,0.6703197469054193,0.4892637076771654,0.5277860186091845,31.641155293125205,0.051286299420959934,0.41286411863104006,0.19080663064137826,0.33252428682300006,20.154259114195977,0.5199205125047215
BTCUSDT,7,14,0.001,0.01,5,1.0,518,61,2023-01-29 00:00:00+00:00,2024-08-04 00:00:00+00:00,2024-08-11 00:00:00+00:00,2024-09-01 00:00:00+00:00,2024-11-07 00:00:00+00:00,0.5050867470068285,0.6833326320187193,0.5111665866153507,0.5291665672844706,30.972770693629425,-0.015767411669297626,0.42620113362336204,0.20463123621376614,0.3430446333099273,20.798425627282118,0.5199205125047215
BTCUSDT,7,14,0.001,0.01,6,0.25,145,54,2024-05-13 00:00:00+00:00,2024-10-04 00:00:00+00:00,2024-10-11 00:00:00+00:00,2024-11-01 00:00:00+00:00,2024-12-31 00:00:00+00:00,0.5390538144228628,0.6207807809956609,0.4133199259657578,0.45309755762117526,22.880718455773025,-0.0010253199957068113,0.6870352909509837,0.49341793984834614,0.5138183969940694,20.668009716140535,0.8300643319041393
BTCUSDT,7,14,0.001,0.01,6,0.5,290,54,2023-12-20 00:00:00+00:00,2024-10-04 00:00:00+00:00,2024-10-11 00:00:00+00:00,2024-11-01 00:00:00+00:00,2024-12-31 00:00:00+00:00,0.5748431518473848,0.6480288075462762,0.4568786134057449,0.4984467588024247,23.70418944453618,-0.039369178103701934,0.6948498812993643,0.511300030858002,0.5079422118811985,19.908759959648172,0.8300643319041393
BTCUSDT,7,14,0.001,0.01,6,0.75,435,54,2023-07-28 00:00:00+00:00,2024-10-04 00:00:00+00:00,2024-10-11 00:00:00+00:00,2024-11-01 00:00:00+00:00,2024-12-31 00:00:00+00:00,0.5466818177809756,0.6628999459540934,0.47526765288504,0.5144031989949428,28.410112780410394,-0.06521071364939715,0.7044933431596377,0.524449960588568,0.5102594701796812,19.374337457139642,0.8300643319041393
BTCUSDT,7,14,0.001,0.01,6,1.0,579,54,2023-01-29 00:00:00+00:00,2024-10-04 00:00:00+00:00,2024-10-11 00:00:00+00:00,2024-11-01 00:00:00+00:00,2024-12-31 00:00:00+00:00,0.5094369552906459,0.6772894490434502,0.5004409793540358,0.5199518980094315,29.65969895212702,0.019478715122345416,0.6772796499896334,0.48295891285760106,0.49542587845854125,19.285620340726595,0.8300643319041393
BTCUSDT,14,14,0.001,0.01,1,0.25,69,60,2023-09-27 00:00:00+00:00,2023-12-04 00:00:00+00:00,2023-12-11 00:00:00+00:00,2024-01-01 00:00:00+00:00,2024-03-07 00:00:00+00:00,0.5453122902314868,0.40830843863782695,0.17719849619410083,0.29528200717417796,17.487436021402683,0.5586523236141615,0.44131746682513573,0.215244413280233,0.3625483482095402,16.062573449952474,0.47201320055389795
BTCUSDT,14,14,0.001,0.01,1,0.5,137,60,2023-07-21 00:00:00+00:00,2023-12-04 00:00:00+00:00,2023-12-11 00:00:00+00:00,2024-01-01 00:00:00+00:00,2024-03-07 00:00:00+00:00,0.6099564800768281,0.3903491060850555,0.16320011968529782,0.2816971455563657,18.4720293095154,0.5308153258474602,0.453746607395584,0.22959615403315578,0.3794985044430882,16.864883677150953,0.47201320055389795
BTCUSDT,14,14,0.001,0.01,1,0.75,206,60,2023-05-13 00:00:00+00:00,2023-12-04 00:00:00+00:00,2023-12-11 00:00:00+00:00,2024-01-01 00:00:00+00:00,2024-03-07 00:00:00+00:00,0.623457691692159,0.36047524474370096,0.14023451183953797,0.2679941566253215,16.699034774790974,0.5616714852205137,0.43884482613282316,0.21439506233259165,0.35103345414488096,15.296545214413198,0.47201320055389795
BTCUSDT,14,14,0.001,0.01,1,1.0,274,60,2023-01-29 00:00:00+00:00,2023-12-04 00:00:00+00:00,2023-12-11 00:00:00+00:00,2024-01-01 00:00:00+00:00,2024-03-07 00:00:00+00:00,0.6847688553023987,0.40190912176686766,0.17552035660035292,0.2951801212299656,16.251179413937255,0.5466443585873862,0.44562341329870214,0.22219808496821794,0.3543602758961857,15.308938794256598,0.47201320055389795
BTCUSDT,14,14,0.001,0.01,2,0.25,84,61,2023-11-11 00:00:00+00:00,2024-02-02 00:00:00+00:00,2024-02-09 00:00:00+00:00,2024-03-01 00:00:00+00:00,2024-05-07 00:00:00+00:00,0.5901472047843909,0.3001745808181099,0.09591805587748681,0.25003863940297233,10.653275645301056,0.635747065625243,0.4393580037523031,0.20862244155404275,0.3589485562250583,11.907792325099503,0.5301982705339091
BTCUSDT,14,14,0.001,0.01,2,0.5,167,61,2023-08-20 00:00:00+00:00,2024-02-02 00:00:00+00:00,2024-02-09 00:00:00+00:00,2024-03-01 00:00:00+00:00,2024-05-07 00:00:00+00:00,0.7052241153241833,0.3262653247094061,0.11366236594813528,0.2543681568557651,13.476975421467005,0.6221633816155278,0.44387258516485667,0.21644679528434865,0.3577598358428078,11.543956277244458,0.5301982705339091
BTCUSDT,14,14,0.001,0.01,2,0.75,251,61,2023-05-28 00:00:00+00:00,2024-02-02 00:00:00+00:00,2024-02-09 00:00:00+00:00,2024-03-01 00:00:00+00:00,2024-05-07 00:00:00+00:00,0.6857730632261256,0.35011759918535745,0.1323163254888538,0.2673916040531748,15.185551925251948,0.5885071293173255,0.46509421654664934,0.23569633886833732,0.377088586426974,12.223506830723776,0.5301982705339091
BTCUSDT,14,14,0.001,0.01,2,1.0,334,61,2023-01-29 00:00:00+00:00,2024-02-02 00:00:00+00:00,2024-02-09 00:00:00+00:00,2024-03-01 00:00:00+00:00,2024-05-07 00:00:00+00:00,0.6939513014350945,0.38742155887345475,0.16322247282213698,0.28841358660126554,15.131646275919339,0.6166955735004702,0.44811209020463044,0.21953659427315686,0.37051327824526115,11.74892906132689,0.5301982705339091
BTCUSDT,14,14,0.001,0.01,3,0.25,99,61,2023-12-27 00:00:00+00:00,2024-04-03 00:00:00+00:00,2024-04-10 00:00:00+00:00,2024-05-01 00:00:00+00:00,2024-07-07 00:00:00+00:00,0.8014922937018498,0.4125306547417327,0.18683025805506562,0.3236123392812737,12.068283733522499,0.7367941536412717,0.355443942091271,0.13574250971525975,0.26302477332141544,15.099896879308591,0.4129231330818346
BTCUSDT,14,14,0.001,0.01,3,0.5,198,61,2023-09-19 00:00:00+00:00,2024-04-03 00:00:00+00:00,2024-04-10 00:00:00+00:00,2024-05-01 00:00:00+00:00,2024-07-07 00:00:00+00:00,0.8247232814323897,0.36813408647809276,0.1450090375169621,0.2847173465487871,13.405389605878145,0.7953197260944683,0.31377074907689406,0.10557057145404398,0.24569980935296992,13.950654043246056,0.4129231330818346
BTCUSDT,14,14,0.001,0.01,3,0.75,297,61,2023-06-12 00:00:00+00:00,2024-04-03 00:00:00+00:00,2024-04-10 00:00:00+00:00,2024-05-01 00:00:00+00:00,2024-07-07 00:00:00+00:00,0.8085960424537764,0.3721558225657565,0.14928124948985386,0.2829055176961351,14.854021337693064,0.8221979918434127,0.2927933012435885,0.09171641029285824,0.23381799053644142,13.47956883385188,0.4129231330818346
BTCUSDT,14,14,0.001,0.01,3,1.0,395,61,2023-01-29 00:00:00+00:00,2024-04-03 00:00:00+00:00,2024-04-10 00:00:00+00:00,2024-05-01 00:00:00+00:00,2024-07-07 00:00:00+00:00,0.7662580078939908,0.4037105205351505,0.17768211767443484,0.30251715283812947,15.006944666073593,0.8377538067580118,0.2799359912640137,0.0837033049365989,0.228195050301488,13.065848651604217,0.4129231330818346
BTCUSDT,14,14,0.001,0.01,4,0.25,114,62,2024-02-11 00:00:00+00:00,2024-06-03 00:00:00+00:00,2024-06-10 00:00:00+00:00,2024-07-01 00:00:00+00:00,2024-09-07 00:00:00+00:00,0.7458654238059838,0.41428891599489287,0.18845759234502288,0.32418886021423504,12.687303548910307,0.49801537696418396,0.5352339382338961,0.3156095922676995,0.38342091332918077,13.947474517253955,0.6501383430072112
BTCUSDT,14,14,0.001,0.01,4,0.5,228,62,2023-10-20 00:00:00+00:00,2024-06-03 00:00:00+00:00,2024-06-10 00:00:00+00:00,2024-07-01 00:00:00+00:00,2024-09-07 00:00:00+00:00,0.7614130563047982,0.3750222196013678,0.15135698556199115,0.29318634799431503,12.814145528862767,0.6545450722904437,0.44852442532858033,0.21726419373422784,0.32770071473336154,11.905689696697607,0.6501383430072112
BTCUSDT,14,14,0.001,0.01,4,0.75,342,62,2023-06-28 00:00:00+00:00,2024-06-03 00:00:00+00:00,2024-06-10 00:00:00+00:00,2024-07-01 00:00:00+00:00,2024-09-07 00:00:00+00:00,0.8030311158652401,0.3704278230498469,0.14858289771817912,0.28159717467839923,14.318478119552369,0.6301482049993421,0.4614493446651201,0.23253933535660049,0.34224342562044513,12.333183493478106,0.6501383430072112
BTCUSDT,14,14,0.001,0.01,4,1.0,456,62,2023-01-29 00:00:00+00:00,2024-06-03 00:00:00+00:00,2024-06-10 00:00:00+00:00,2024-07-01 00:00:00+00:00,2024-09-07 00:00:00+00:00,0.7666127688458882,0.3908237168494627,0.16667528172145313,0.2929936593766783,14.235887026101492,0.6180445156848707,0.465168994107828,0.24013877764447547,0.3536502277079902,12.661748968774084,0.6501383430072112
BTCUSDT,14,14,0.001,0.01,5,0.25,130,61,2024-03-28 00:00:00+00:00,2024-08-04 00:00:00+00:00,2024-08-11 00:00:00+00:00,2024-09-01 00:00:00+00:00,2024-11-07 00:00:00+00:00,0.684485875217897,0.3487867828470363,0.13738631135268514,0.2624654607785465,11.68919162790287,0.3722610728406665,0.2125712650849316,0.048798743930598375,0.16427701193059926,8.54144601132439,0.25433035339071236
BTCUSDT,14,14,0.001,0.01,5,0.5,259,61,2023-11-20 00:00:00+00:00,2024-08-04 00:00:00+00:00,2024-08-11 00:00:00+00:00,2024-09-01 00:00:00+00:00,2024-11-07 00:00:00+00:00,0.7756738582071853,0.3603092825845225,0.14381655881520963,0.27775222078368605,11.633949985228218,0.2939176529844268,0.22429511775470443,0.05476304578001548,0.17406122733153548,9.085891116140843,0.25433035339071236
BTCUSDT,14,14,0.001,0.01,5,0.75,389,61,2023-07-13 00:00:00+00:00,2024-08-04 00:00:00+00:00,2024-08-11 00:00:00+00:00,2024-09-01 00:00:00+00:00,2024-11-07 00:00:00+00:00,0.7874823269119356,0.3708419884945268,0.15045275815960685,0.28015256397514177,13.853962957276655,0.16955471598950125,0.24060990902201812,0.06406386803638431,0.19225431110367672,10.054716062246946,0.25433035339071236
BTCUSDT,14,14,0.001,0.01,5,1.0,518,61,2023-01-29 00:00:00+00:00,2024-08-04 00:00:00+00:00,2024-08-11 00:00:00+00:00,2024-09-01 00:00:00+00:00,2024-11-07 00:00:00+00:00,0.760748128338711,0.38613312124649307,0.16384446847466907,0.2892481752597178,14.007507004095224,0.13480074499259673,0.24485011119216024,0.06662971460576367,0.19903592146535967,10.362465639569704,0.25433035339071236
BTCUSDT,14,14,0.001,0.01,6,0.25,145,54,2024-05-13 00:00:00+00:00,2024-10-04 00:00:00+00:00,2024-10-11 00:00:00+00:00,2024-11-01 00:00:00+00:00,2024-12-31 00:00:00+00:00,0.8022657364826602,0.3393364631860266,0.12581715853744854,0.2457840728297554,11.064624242767117,0.4334840905473469,0.37345292905512933,0.1512477785648704,0.26606104236635525,9.575101017426194,0.42230550159758984
BTCUSDT,14,14,0.001,0.01,6,0.5,290,54,2023-12-20 00:00:00+00:00,2024-10-04 00:00:00+00:00,2024-10-11 00:00:00+00:00,2024-11-01 00:00:00+00:00,2024-12-31 00:00:00+00:00,0.8034776193771824,0.3564739609411171,0.1393138872532432,0.266946342237311,11.055096509407393,0.388427254474327,0.3851630702286503,0.16305597285050394,0.2925110734847616,10.731864994646171,0.42230550159758984
BTCUSDT,14,14,0.001,0.01,6,0.75,435,54,2023-07-28 00:00:00+00:00,2024-10-04 00:00:00+00:00,2024-10-11 00:00:00+00:00,2024-11-01 00:00:00+00:00,2024-12-31 00:00:00+00:00,0.7937261726331989,0.36757085472216916,0.14676137097774525,0.275967549440432,13.061409583165807,0.35680737177068156,0.396211870633426,0.17155995109062297,0.307813453730501,11.396309898819045,0.42230550159758984
BTCUSDT,14,14,0.001,0.01,6,1.0,579,54,2023-01-29 00:00:00+00:00,2024-10-04 00:00:00+00:00,2024-10-11 00:00:00+00:00,2024-11-01 00:00:00+00:00,2024-12-31 00:00:00+00:00,0.7745066436574157,0.37964473226415674,0.157833596093048,0.28303408317203943,13.462991698008839,0.4217658444624716,0.37684714522210144,0.15433252829723954,0.2857996868475225,10.51096815119172,0.42230550159758984
BTCUSDT,21,21,0.001,0.01,1,0.25,69,60,2023-09-27 00:00:00+00:00,2023-12-04 00:00:00+00:00,2023-12-11 00:00:00+00:00,2024-01-01 00:00:00+00:00,2024-03-07 00:00:00+00:00,0.709960470260975,0.24844815939679946,0.06469184268254585,0.17577757603667327,9.18910985745675,0.5786634046842948,0.34979044280568716,0.13722797021534375,0.2835600926558284,12.863807181294431,0.37432425677575243
BTCUSDT,21,21,0.001,0.01,1,0.5,137,60,2023-07-21 00:00:00+00:00,2023-12-04 00:00:00+00:00,2023-12-11 00:00:00+00:00,2024-01-01 00:00:00+00:00,2024-03-07 00:00:00+00:00,0.7371113935075905,0.2655099194914104,0.07495765873701929,0.19752082914767358,11.905318611458263,0.613116288901147,0.33487292352411774,0.1260136373892866,0.2850874451888012,12.719098758286865,0.37432425677575243
BTCUSDT,21,21,0.001,0.01,1,0.75,206,60,2023-05-13 00:00:00+00:00,2023-12-04 00:00:00+00:00,2023-12-11 00:00:00+00:00,2024-01-01 00:00:00+00:00,2024-03-07 00:00:00+00:00,0.7384839363991026,0.2523169853385367,0.06846659316128538,0.19129416382497286,10.9206655619298,0.6616537516569486,0.3126556792712349,0.11042454585010963,0.253543183235612,11.10840763166818,0.37432425677575243
BTCUSDT,21,21,0.001,0.01,1,1.0,274,60,2023-01-29 00:00:00+00:00,2023-12-04 00:00:00+00:00,2023-12-11 00:00:00+00:00,2024-01-01 00:00:00+00:00,2024-03-07 00:00:00+00:00,0.7790359299782631,0.2763159232758034,0.08255052692409336,0.20199875261045233,10.496048157361031,0.6417697678559205,0.3203948724016429,0.11716984459477084,0.2602539247705228,11.420699730609876,0.37432425677575243
BTCUSDT,21,21,0.001,0.01,2,0.25,84,61,2023-11-11 00:00:00+00:00,2024-02-02 00:00:00+00:00,2024-02-09 00:00:00+00:00,2024-03-01 00:00:00+00:00,2024-05-07 00:00:00+00:00,0.6218473800575209,0.20334391808398727,0.04293608885739785,0.15090624858577015,6.493463547990683,0.7131372728434812,0.32153433706178586,0.11293056387045437,0.26699686826348795,8.257231863411064,0.39232240862688716
BTCUSDT,21,21,0.001,0.01,2,0.5,167,61,2023-08-20 00:00:00+00:00,2024-02-02 00:00:00+00:00,2024-02-09 00:00:00+00:00,2024-03-01 00:00:00+00:00,2024-05-07 00:00:00+00:00,0.7890053940085825,0.22185773258336178,0.05243866792320595,0.16646310343742998,8.183196337594161,0.7175518323415963,0.31833246667870135,0.11126623504488066,0.26464940973125683,8.159636587866345,0.39232240862688716
BTCUSDT,21,21,0.001,0.01,2,0.75,251,61,2023-05-28 00:00:00+00:00,2024-02-02 00:00:00+00:00,2024-02-09 00:00:00+00:00,2024-03-01 00:00:00+00:00,2024-05-07 00:00:00+00:00,0.7886620386155967,0.24482856981011641,0.064326677451602,0.18753349673367076,9.928964061066424,0.6902711163909618,0.33497710216506577,0.12178330245880574,0.26768248095754615,8.269020766675752,0.39232240862688716
BTCUSDT,21,21,0.001,0.01,2,1.0,334,61,2023-01-29 00:00:00+00:00,2024-02-02 00:00:00+00:00,2024-02-09 00:00:00+00:00,2024-03-01 00:00:00+00:00,2024-05-07 00:00:00+00:00,0.7850373106775855,0.2674503666085015,0.07748036892648442,0.19622287033054991,9.790098015142128,0.7103568429384889,0.3221726561019332,0.1141294322331869,0.26176564405563185,7.933602282170351,0.39232240862688716
BTCUSDT,21,21,0.001,0.01,3,0.25,99,61,2023-12-27 00:00:00+00:00,2024-04-03 00:00:00+00:00,2024-04-10 00:00:00+00:00,2024-05-01 00:00:00+00:00,2024-07-07 00:00:00+00:00,0.9123948000186018,0.2506570266218595,0.06804120329223123,0.20186507389878663,7.616084492273419,0.8679582596413532,0.22221022763501427,0.052561261241958,0.16231568609712899,8.500546471477255,0.3020213233766461
BTCUSDT,21,21,0.001,0.01,3,0.5,198,61,2023-09-19 00:00:00+00:00,2024-04-03 00:00:00+00:00,2024-04-10 00:00:00+00:00,2024-05-01 00:00:00+00:00,2024-07-07 00:00:00+00:00,0.9047380113375504,0.24184045596427525,0.06265006728814972,0.1832343761747395,8.013650360149118,0.8629843754660932,0.22485045095928452,0.054512390106898775,0.17340071134142374,9.08363079984849,0.3020213233766461
BTCUSDT,21,21,0.001,0.01,3,0.75,297,61,2023-06-12 00:00:00+00:00,2024-04-03 00:00:00+00:00,2024-04-10 00:00:00+00:00,2024-05-01 00:00:00+00:00,2024-07-07 00:00:00+00:00,0.8903885135432782,0.25413857912629895,0.06964325515631534,0.19445339082380036,9.498734795625072,0.8940483921397127,0.1989052544890462,0.04217443965639872,0.16433147762607941,8.61304335422211,0.3020213233766461
BTCUSDT,21,21,0.001,0.01,3,1.0,395,61,2023-01-29 00:00:00+00:00,2024-04-03 00:00:00+00:00,2024-04-10 00:00:00+00:00,2024-05-01 00:00:00+00:00,2024-07-07 00:00:00+00:00,0.8560727334936666,0.2760409592800291,0.08315979930667397,0.20502995751989983,9.6516596827219,0.8903141097257314,0.20107010622785637,0.04363261350243646,0.16898038460325046,8.709684827759544,0.3020213233766461
BTCUSDT,21,21,0.001,0.01,4,0.25,114,62,2024-02-11 00:00:00+00:00,2024-06-03 00:00:00+00:00,2024-06-10 00:00:00+00:00,2024-07-01 00:00:00+00:00,2024-09-07 00:00:00+00:00,0.8804453151671974,0.24576855878933992,0.06622697849833525,0.18929274913532027,6.8343191514934425,0.6742036211455975,0.3448052200965111,0.1290986924905318,0.25383676982548736,9.050722316460774,0.4306178843888042
BTCUSDT,21,21,0.001,0.01,4,0.5,228,62,2023-10-20 00:00:00+00:00,2024-06-03 00:00:00+00:00,2024-06-10 00:00:00+00:00,2024-07-01 00:00:00+00:00,2024-09-07 00:00:00+00:00,0.8543506632164203,0.24148495951513788,0.06252844009729028,0.1850612627068253,7.423292280702532,0.7526280288142619,0.301486823456877,0.09812509122582799,0.22135206647832883,8.031742419061818,0.4306178843888042
BTCUSDT,21,21,0.001,0.01,4,0.75,342,62,2023-06-28 00:00:00+00:00,2024-06-03 00:00:00+00:00,2024-06-10 00:00:00+00:00,2024-07-01 00:00:00+00:00,2024-09-07 00:00:00+00:00,0.8883968910028331,0.24882576411684892,0.06697475825840993,0.18839439537240862,8.916144510030819,0.7289678875860884,0.3144842814084332,0.10742750473053136,0.23932677304892166,8.405837205254214,0.4306178843888042
BTCUSDT,21,21,0.001,0.01,4,1.0,456,62,2023-01-29 00:00:00+00:00,2024-06-03 00:00:00+00:00,2024-06-10 00:00:00+00:00,2024-07-01 00:00:00+00:00,2024-09-07 00:00:00+00:00,0.855463632688006,0.26672796496737133,0.0777118572948348,0.19851222193756193,9.088253260469846,0.7393784660039368,0.3072234415594045,0.10319970242622269,0.23710265812303125,8.29645462980604,0.4306178843888042
BTCUSDT,21,21,0.001,0.01,5,0.25,130,61,2024-03-28 00:00:00+00:00,2024-08-04 00:00:00+00:00,2024-08-11 00:00:00+00:00,2024-09-01 00:00:00+00:00,2024-11-07 00:00:00+00:00,0.8413335922648615,0.23726134075759736,0.0640283107748332,0.17638903831503375,7.500492746473103,0.6945461964168251,0.15488775769533417,0.026280234683716652,0.12500294655783983,6.26531274921764,0.19994272005379576
BTCUSDT,21,21,0.001,0.01,5,0.5,259,61,2023-11-20 00:00:00+00:00,2024-08-04 00:00:00+00:00,2024-08-11 00:00:00+00:00,2024-09-01 00:00:00+00:00,2024-11-07 00:00:00+00:00,0.8785744954170299,0.2326867606432668,0.06008060157575383,0.17892956208616045,7.274072331325743,0.6648634734248896,0.16040571151899294,0.02877222749682663,0.1280525142865434,6.421377812850896,0.19994272005379576
BTCUSDT,21,21,0.001,0.01,5,0.75,389,61,2023-07-13 00:00:00+00:00,2024-08-04 00:00:00+00:00,2024-08-11 00:00:00+00:00,2024-09-01 00:00:00+00:00,2024-11-07 00:00:00+00:00,0.8805618687912691,0.2501881019660609,0.06835800974704588,0.18971488724821955,8.917703122601349,0.6853065279173387,0.156771850040554,0.02706066635169791,0.12584064611818713,6.300354576431783,0.19994272005379576
BTCUSDT,21,21,0.001,0.01,5,1.0,518,61,2023-01-29 00:00:00+00:00,2024-08-04 00:00:00+00:00,2024-08-11 00:00:00+00:00,2024-09-01 00:00:00+00:00,2024-11-07 00:00:00+00:00,0.8513998241726706,0.2647347057951256,0.0770726130241524,0.19702101449237255,9.059622146280033,0.7025920652925806,0.15200577770745463,0.02555778643097179,0.12002956992215236,5.9976566519122825,0.19994272005379576
BTCUSDT,21,21,0.001,0.01,6,0.25,145,54,2024-05-13 00:00:00+00:00,2024-10-04 00:00:00+00:00,2024-10-11 00:00:00+00:00,2024-11-01 00:00:00+00:00,2024-12-31 00:00:00+00:00,0.8791412864139522,0.23120381387935907,0.05828810589596869,0.1654914349955291,7.156268517750137,0.5242837569933262,0.29788874687207506,0.09680091969292046,0.20664723653359904,7.889562238858826,0.37470204049528455
BTCUSDT,21,21,0.001,0.01,6,0.5,290,54,2023-12-20 00:00:00+00:00,2024-10-04 00:00:00+00:00,2024-10-11 00:00:00+00:00,2024-11-01 00:00:00+00:00,2024-12-31 00:00:00+00:00,0.8956082625197597,0.2299012759391254,0.05778365453792847,0.174531686026808,6.992543132039101,0.49768982170015114,0.30314386825468603,0.10185928092983797,0.22264792750778822,8.485749025084015,0.37470204049528455
BTCUSDT,21,21,0.001,0.01,6,0.75,435,54,2023-07-28 00:00:00+00:00,2024-10-04 00:00:00+00:00,2024-10-11 00:00:00+00:00,2024-11-01 00:00:00+00:00,2024-12-31 00:00:00+00:00,0.8862037390418613,0.24602946831849914,0.06559948689097155,0.18650389846329185,8.447987390490207,0.4973309745410147,0.30586452980769196,0.10222764514527957,0.22659898725979197,8.607896521287607,0.37470204049528455
BTCUSDT,21,21,0.001,0.01,6,1.0,579,54,2023-01-29 00:00:00+00:00,2024-10-04 00:00:00+00:00,2024-10-11 00:00:00+00:00,2024-11-01 00:00:00+00:00,2024-12-31 00:00:00+00:00,0.8642883685322459,0.258010164898815,0.07285571036361405,0.1910481160241944,8.63636837900541,0.5445485005883518,0.29189553438436194,0.0927125286946301,0.21805827934294456,8.296041778196734,0.37470204049528455
BTCUSDT,28,7,0.1,0.01,1,0.25,69,60,2023-09-27 00:00:00+00:00,2023-12-04 00:00:00+00:00,2023-12-11 00:00:00+00:00,2024-01-01 00:00:00+00:00,2024-03-07 00:00:00+00:00,0.9100258196253627,0.12169642665598761,0.016500575123578266,0.10135852558838125,5.053577785480485,0.6181040806305027,0.2637588199982686,0.07257647753442868,0.19862091456385372,8.307148733472262,0.28543421497186394
BTCUSDT,28,7,0.1,0.01,1,0.5,137,60,2023-07-21 00:00:00+00:00,2023-12-04 00:00:00+00:00,2023-12-11 00:00:00+00:00,2024-01-01 00:00:00+00:00,2024-03-07 00:00:00+00:00,0.8238193726188457,0.18632206649305685,0.037477520305981074,0.14173399643891826,8.021220297648895,0.6709976960988192,0.24256950101941638,0.06301105978492656,0.19160881361442095,8.367336913641696,0.28543421497186394
BTCUSDT,28,7,0.1,0.01,1,0.75,206,60,2023-05-13 00:00:00+00:00,2023-12-04 00:00:00+00:00,2023-12-11 00:00:00+00:00,2024-01-01 00:00:00+00:00,2024-03-07 00:00:00+00:00,0.8022008814137813,0.18692878352191777,0.03831505187021463,0.14231098456034938,7.732773966131343,0.7190562400943998,0.22400869886955097,0.053910801621205255,0.16983567015901965,7.304334831094234,0.28543421497186394
BTCUSDT,28,7,0.1,0.01,1,1.0,274,60,2023-01-29 00:00:00+00:00,2023-12-04 00:00:00+00:00,2023-12-11 00:00:00+00:00,2024-01-01 00:00:00+00:00,2024-03-07 00:00:00+00:00,0.8329922855646005,0.2074096285226862,0.047831257972414276,0.15431672237930677,7.694337129683235,0.7031897247081945,0.227905731181357,0.05721713227394359,0.1708022984481812,7.186745847345588,0.28543421497186394
BTCUSDT,28,7,0.1,0.01,2,0.25,84,61,2023-11-11 00:00:00+00:00,2024-02-02 00:00:00+00:00,2024-02-09 00:00:00+00:00,2024-03-01 00:00:00+00:00,2024-05-07 00:00:00+00:00,0.8042646404080036,0.09868357084465577,0.010539868158871936,0.07951525165882914,3.20546509272466,0.7518152997708152,0.27165488744769783,0.0802199389722247,0.21186441303554088,6.350857512088162,0.35187439473496424
BTCUSDT,28,7,0.1,0.01,2,0.5,167,61,2023-08-20 00:00:00+00:00,2024-02-02 00:00:00+00:00,2024-02-09 00:00:00+00:00,2024-03-01 00:00:00+00:00,2024-05-07 00:00:00+00:00,0.8842214403264791,0.14482781424522626,0.022337085975585133,0.11531070505442549,5.491564163439333,0.779440362748752,0.2557802651129107,0.07134269046621106,0.204014474311089,6.157987069364626,0.35187439473496424
BTCUSDT,28,7,0.1,0.01,2,0.75,251,61,2023-05-28 00:00:00+00:00,2024-02-02 00:00:00+00:00,2024-02-09 00:00:00+00:00,2024-03-01 00:00:00+00:00,2024-05-07 00:00:00+00:00,0.8553149213088865,0.17962544471528769,0.03501080607816062,0.13659827556634455,7.0270305591788045,0.7566154568386867,0.269008131402625,0.07871008497487021,0.2094952933315528,6.486637925771484,0.35187439473496424
BTCUSDT,28,7,0.1,0.01,2,1.0,334,61,2023-01-29 00:00:00+00:00,2024-02-02 00:00:00+00:00,2024-02-09 00:00:00+00:00,2024-03-01 00:00:00+00:00,2024-05-07 00:00:00+00:00,0.8460650971701738,0.1966780110411339,0.04273796825184286,0.1456493267044691,7.098189633917695,0.7831477867771373,0.254573553982212,0.07008598379033587,0.1887533787036644,5.684739387258742,0.35187439473496424
BTCUSDT,28,7,0.1,0.01,3,0.25,99,61,2023-12-27 00:00:00+00:00,2024-04-03 00:00:00+00:00,2024-04-10 00:00:00+00:00,2024-05-01 00:00:00+00:00,2024-07-07 00:00:00+00:00,0.9374614001494207,0.1835196362202731,0.03684835880785392,0.14318409223928147,5.366384494915862,0.8906144882935649,0.18010187796753488,0.034740208497249375,0.14396596628438144,6.458459659240938,0.2596016925285662
BTCUSDT,28,7,0.1,0.01,3,0.5,198,61,2023-09-19 00:00:00+00:00,2024-04-03 00:00:00+00:00,2024-04-10 00:00:00+00:00,2024-05-01 00:00:00+00:00,2024-07-07 00:00:00+00:00,0.9354345745113442,0.1789163112911836,0.03454675788381124,0.13730516829619335,5.8316032358419125,0.9113872523673431,0.1629559096071049,0.028158145150560258,0.12196852459071664,5.477227210672151,0.2596016925285662
BTCUSDT,28,7,0.1,0.01,3,0.75,297,61,2023-06-12 00:00:00+00:00,2024-04-03 00:00:00+00:00,2024-04-10 00:00:00+00:00,2024-05-01 00:00:00+00:00,2024-07-07 00:00:00+00:00,0.926381942944914,0.18742483837088278,0.03786745913490228,0.14364226113023731,6.7849517996452295,0.9234810285054572,0.15124028760421734,0.024306622388208816,0.11323638348197769,4.904457762082002,0.2596016925285662
BTCUSDT,28,7,0.1,0.01,3,1.0,395,61,2023-01-29 00:00:00+00:00,2024-04-03 00:00:00+00:00,2024-04-10 00:00:00+00:00,2024-05-01 00:00:00+00:00,2024-07-07 00:00:00+00:00,0.8931283511128318,0.21003519454496106,0.048809984140458076,0.1571001365062245,7.183844005255264,0.9193015689282288,0.15481940940796377,0.025631088824297314,0.12744255954096065,5.816186707073477,0.2596016925285662
BTCUSDT,28,7,0.1,0.01,4,0.25,114,62,2024-02-11 00:00:00+00:00,2024-06-03 00:00:00+00:00,2024-06-10 00:00:00+00:00,2024-07-01 00:00:00+00:00,2024-09-07 00:00:00+00:00,0.9153872530311762,0.19149589955051502,0.041053198225251525,0.15418686556717898,5.4702301061841165,0.7029040830348078,0.29509458349964085,0.09447588054517232,0.2298353774479751,7.90818784126113,0.30453070699809043
BTCUSDT,28,7,0.1,0.01,4,0.5,228,62,2023-10-20 00:00:00+00:00,2024-06-03 00:00:00+00:00,2024-06-10 00:00:00+00:00,2024-07-01 00:00:00+00:00,2024-09-07 00:00:00+00:00,0.8959156190550379,0.18372812674555536,0.036656355380451144,0.14198248081861078,5.501819500893622,0.8010245193824422,0.24009351076716134,0.06310936226168813,0.16916480430083367,5.947361225573018,0.30453070699809043
BTCUSDT,28,7,0.1,0.01,4,0.75,342,62,2023-06-28 00:00:00+00:00,2024-06-03 00:00:00+00:00,2024-06-10 00:00:00+00:00,2024-07-01 00:00:00+00:00,2024-09-07 00:00:00+00:00,0.9240707611939991,0.1912447361002704,0.03980413469462051,0.1449181262390767,6.612798765448221,0.7925481078106948,0.2441203414962751,0.06571293108989314,0.1750217796077104,6.164163669516017,0.30453070699809043
BTCUSDT,28,7,0.1,0.01,4,1.0,456,62,2023-01-29 00:00:00+00:00,2024-06-03 00:00:00+00:00,2024-06-10 00:00:00+00:00,2024-07-01 00:00:00+00:00,2024-09-07 00:00:00+00:00,0.8966917546342698,0.2053910606356392,0.04669564018885914,0.1538808417076255,6.865384935949302,0.8040056562153602,0.23739918364801288,0.062091920360918096,0.17399287717292883,6.093677102551576,0.30453070699809043
BTCUSDT,28,7,0.1,0.01,5,0.25,130,61,2024-03-28 00:00:00+00:00,2024-08-04 00:00:00+00:00,2024-08-11 00:00:00+00:00,2024-09-01 00:00:00+00:00,2024-11-07 00:00:00+00:00,0.9148328048940331,0.166299760561226,0.03226050771490401,0.1301520418437849,5.1805498258253815,0.8247947414799128,0.10957724366992642,0.012921838279532699,0.08585266980434891,4.048136822273393,0.21301022015386412
BTCUSDT,28,7,0.1,0.01,5,0.5,259,61,2023-11-20 00:00:00+00:00,2024-08-04 00:00:00+00:00,2024-08-11 00:00:00+00:00,2024-09-01 00:00:00+00:00,2024-11-07 00:00:00+00:00,0.909441437837272,0.1824194727016843,0.03726396785265417,0.13980529808245892,5.471697482277988,0.7902181579808022,0.11587066601545738,0.01517731234829145,0.09610562844629723,4.554984569482539,0.21301022015386412
BTCUSDT,28,7,0.1,0.01,5,0.75,389,61,2023-07-13 00:00:00+00:00,2024-08-04 00:00:00+00:00,2024-08-11 00:00:00+00:00,2024-09-01 00:00:00+00:00,2024-11-07 00:00:00+00:00,0.9183079114346581,0.193209354904923,0.041058079125585095,0.1442230857823827,6.554649972947742,0.7037526677617868,0.13539256703217634,0.021225197063358375,0.11634291407047075,5.573157502773428,0.21301022015386412
BTCUSDT,28,7,0.1,0.01,5,1.0,518,61,2023-01-29 00:00:00+00:00,2024-08-04 00:00:00+00:00,2024-08-11 00:00:00+00:00,2024-09-01 00:00:00+00:00,2024-11-07 00:00:00+00:00,0.8908603453438071,0.2060869876306341,0.047343641813727806,0.15404768769255028,6.859239135544951,0.794482733453128,0.11386436197618122,0.014797219930278074,0.09768335776772162,4.651751742833292,0.21301022015386412
BTCUSDT,28,7,0.1,0.01,6,0.25,145,54,2024-05-13 00:00:00+00:00,2024-10-04 00:00:00+00:00,2024-10-11 00:00:00+00:00,2024-11-01 00:00:00+00:00,2024-12-31 00:00:00+00:00,0.928387108251904,0.15633581579033043,0.027355036532712165,0.11774356749112859,4.7477601414310815,0.4797325258007693,0.24728222097495148,0.06718290906379863,0.19285230410972154,7.2463194489518035,0.2686200022360962
BTCUSDT,28,7,0.1,0.01,6,0.5,290,54,2023-12-20 00:00:00+00:00,2024-10-04 00:00:00+00:00,2024-10-11 00:00:00+00:00,2024-11-01 00:00:00+00:00,2024-12-31 00:00:00+00:00,0.919321020012598,0.17977057780068012,0.03590684779608157,0.13622389466219342,5.23671733495115,0.5261923274146487,0.23794327781847074,0.06139708356860512,0.18675587080208078,7.036721761884329,0.2686200022360962
BTCUSDT,28,7,0.1,0.01,6,0.75,435,54,2023-07-28 00:00:00+00:00,2024-10-04 00:00:00+00:00,2024-10-11 00:00:00+00:00,2024-11-01 00:00:00+00:00,2024-12-31 00:00:00+00:00,0.9216960998127434,0.18843313901159733,0.03882940725307115,0.14024208620037337,6.164657901180386,0.5328843428189118,0.23740749538483877,0.06059563374992995,0.18058987324662465,6.708373231236404,0.2686200022360962
BTCUSDT,28,7,0.1,0.01,6,1.0,579,54,2023-01-29 00:00:00+00:00,2024-10-04 00:00:00+00:00,2024-10-11 00:00:00+00:00,2024-11-01 00:00:00+00:00,2024-12-31 00:00:00+00:00,0.901752838060526,0.1994278804341599,0.04416545952625643,0.14789819002282212,6.499870765956552,0.5909492553394218,0.2219158762351626,0.053043012894504755,0.1643572859690705,6.1332230820381355,0.2686200022360962
ETHUSDT,7,21,0.001,0.01,1,0.25,69,60,2023-09-27 00:00:00+00:00,2023-12-04 00:00:00+00:00,2023-12-11 00:00:00+00:00,2024-01-01 00:00:00+00:00,2024-03-07 00:00:00+00:00,0.4290786740255739,0.7315804525031103,0.5578940621479233,0.5188824136016799,29.26575967142756,0.17084165416735758,0.7054405190508817,0.5519747642712881,0.5823889706216889,29.960677060828882,0.6544495542625189
ETHUSDT,7,21,0.001,0.01,1,0.5,137,60,2023-07-21 00:00:00+00:00,2023-12-04 00:00:00+00:00,2023-12-11 00:00:00+00:00,2024-01-01 00:00:00+00:00,2024-03-07 00:00:00+00:00,0.46783448800102995,0.670320154850474,0.4729249026808154,0.5228062773459552,38.799059951821675,0.08108771773409829,0.7515937275839681,0.6119237040751083,0.6109154255591293,30.267977208306643,0.6544495542625189
ETHUSDT,7,21,0.001,0.01,1,0.75,206,60,2023-05-13 00:00:00+00:00,2023-12-04 00:00:00+00:00,2023-12-11 00:00:00+00:00,2024-01-01 00:00:00+00:00,2024-03-07 00:00:00+00:00,0.41876134873660364,0.6412145907619671,0.4380048284975509,0.48775273052696927,37.94507471175682,0.132075385114903,0.7307767909089014,0.5779417161068597,0.6015723292235066,29.88559735196176,0.6544495542625189
ETHUSDT,7,21,0.001,0.01,1,1.0,274,60,2023-01-29 00:00:00+00:00,2023-12-04 00:00:00+00:00,2023-12-11 00:00:00+00:00,2024-01-01 00:00:00+00:00,2024-03-07 00:00:00+00:00,0.4627112226980932,0.65620717353417,0.46032065063037353,0.5090249936619713,35.34347452561873,0.12003953591328911,0.7370953564818038,0.5859886144350741,0.6014339660422522,29.816724099169196,0.6544495542625189
ETHUSDT,7,21,0.001,0.01,2,0.25,84,61,2023-11-11 00:00:00+00:00,2024-02-02 00:00:00+00:00,2024-02-09 00:00:00+00:00,2024-03-01 00:00:00+00:00,2024-05-07 00:00:00+00:00,0.4520325890186804,0.5760677627378723,0.3509772415612661,0.4596555748689447,21.357727172388188,0.16931038834682707,1.1366051640062258,1.3976031279702845,0.8864890111902306,29.337501897906687,1.4250041457680551
ETHUSDT,7,21,0.001,0.01,2,0.5,167,61,2023-08-20 00:00:00+00:00,2024-02-02 00:00:00+00:00,2024-02-09 00:00:00+00:00,2024-03-01 00:00:00+00:00,2024-05-07 00:00:00+00:00,0.498598213915101,0.6369278637601036,0.4308526687729543,0.4889565003686314,28.567269701641617,0.28701398080279555,1.0565962704171423,1.1999373473993176,0.8568705184966099,29.589794142044404,1.4250041457680551
ETHUSDT,7,21,0.001,0.01,2,0.75,251,61,2023-05-28 00:00:00+00:00,2024-02-02 00:00:00+00:00,2024-02-09 00:00:00+00:00,2024-03-01 00:00:00+00:00,2024-05-07 00:00:00+00:00,0.44897811536355625,0.65195484102207,0.4531681158860735,0.5183191678152658,34.51556536811929,0.29024529665467647,1.0573569254134705,1.194884349432628,0.8917179320336585,30.295720396351097,1.4250041457680551
ETHUSDT,7,21,0.001,0.01,2,1.0,334,61,2023-01-29 00:00:00+00:00,2024-02-02 00:00:00+00:00,2024-02-09 00:00:00+00:00,2024-03-01 00:00:00+00:00,2024-05-07 00:00:00+00:00,0.4683638512784168,0.6517282169050034,0.4555951265923073,0.5090720469210076,32.67729504246083,0.39295903696665213,0.973456404463364,1.0215706812211343,0.8072248795733317,26.71006706848442,1.4250041457680551
ETHUSDT,7,21,0.001,0.01,3,0.25,99,61,2023-12-27 00:00:00+00:00,2024-04-03 00:00:00+00:00,2024-04-10 00:00:00+00:00,2024-05-01 00:00:00+00:00,2024-07-07 00:00:00+00:00,0.5571881279229947,0.7693944297918741,0.6384235806069809,0.5529390609471196,20.82168654614576,0.31032120746261255,1.2160114698317361,1.5732157093445727,0.7968429138900213,36.63602258658076,1.5492323240191894
ETHUSDT,7,21,0.001,0.01,3,0.5,198,61,2023-09-19 00:00:00+00:00,2024-04-03 00:00:00+00:00,2024-04-10 00:00:00+00:00,2024-05-01 00:00:00+00:00,2024-07-07 00:00:00+00:00,0.5839850963431287,0.6928408823535601,0.508998739017828,0.5019215419385747,22.6599063426718,0.3626186277463776,1.1707997858512897,1.453944813420353,0.8031779177948826,36.316001555142016,1.5492323240191894
ETHUSDT,7,21,0.001,0.01,3,0.75,297,61,2023-06-12 00:00:00+00:00,2024-04-03 00:00:00+00:00,2024-04-10 00:00:00+00:00,2024-05-01 00:00:00+00:00,2024-07-07 00:00:00+00:00,0.585343634830181,0.6771015085463833,0.4855375574833822,0.5252841740108615,31.404119133368205,0.3532813241628226,1.1786163481736296,1.4751739726098312,0.8202705699604617,37.74340520556784,1.5492323240191894
ETHUSDT,7,21,0.001,0.01,3,1.0,395,61,2023-01-29 00:00:00+00:00,2024-04-03 00:00:00+00:00,2024-04-10 00:00:00+00:00,2024-05-01 00:00:00+00:00,2024-07-07 00:00:00+00:00,0.5574917330140512,0.6681947458310115,0.47836236188398495,0.5159137870507648,30.647319804483278,0.42297378899258203,1.1049907384041222,1.3163265992528905,0.7575421278011863,34.48270131097645,1.5492323240191894
ETHUSDT,7,21,0.001,0.01,4,0.25,114,62,2024-02-11 00:00:00+00:00,2024-06-03 00:00:00+00:00,2024-06-10 00:00:00+00:00,2024-07-01 00:00:00+00:00,2024-09-07 00:00:00+00:00,0.4339297604634997,1.0701466687504393,1.245533951037887,0.7293520155658644,27.567199560102843,0.2948057102724926,1.1658045944645274,1.458446890922103,0.8466973867191717,31.191103919288352,1.5660543621737497
ETHUSDT,7,21,0.001,0.01,4,0.5,228,62,2023-10-20 00:00:00+00:00,2024-06-03 00:00:00+00:00,2024-06-10 00:00:00+00:00,2024-07-01 00:00:00+00:00,2024-09-07 00:00:00+00:00,0.46612235427086185,0.8927111784058839,0.8587077500824165,0.6256507142533353,26.55373175491484,0.26484303373470547,1.19187799816705,1.5204380162360387,0.8665459509982725,31.995022427410515,1.5660543621737497
ETHUSDT,7,21,0.001,0.01,4,0.75,342,62,2023-06-28 00:00:00+00:00,2024-06-03 00:00:00+00:00,2024-06-10 00:00:00+00:00,2024-07-01 00:00:00+00:00,2024-09-07 00:00:00+00:00,0.5763243469946625,0.7827872210864145,0.6559968536961801,0.5720158607309287,31.60574183622725,0.2350925218154749,1.2132202890947439,1.582016635940687,0.8694670866673985,32.44857929691222,1.5660543621737497
ETHUSDT,7,21,0.001,0.01,4,1.0,456,62,2023-01-29 00:00:00+00:00,2024-06-03 00:00:00+00:00,2024-06-10 00:00:00+00:00,2024-07-01 00:00:00+00:00,2024-09-07 00:00:00+00:00,0.5488490225189275,0.7463787144854782,0.6021489524984094,0.5507880681365322,30.608860020867986,0.27114721876118275,1.1817656487717145,1.507401487324753,0.8617004917895289,32.66067283229571,1.5660543621737497
ETHUSDT,7,21,0.001,0.01,5,0.25,130,61,2024-03-28 00:00:00+00:00,2024-08-04 00:00:00+00:00,2024-08-11 00:00:00+00:00,2024-09-01 00:00:00+00:00,2024-11-07 00:00:00+00:00,0.37635629109961977,1.02434720247501,1.1640805435738137,0.6915014427370222,29.161148762787146,0.022002113293919403,0.5430548842583661,0.31634275386772664,0.4277161080138493,20.39962801760594,0.6532282657936735
ETHUSDT,7,21,0.001,0.01,5,0.5,259,61,2023-11-20 00:00:00+00:00,2024-08-04 00:00:00+00:00,2024-08-11 00:00:00+00:00,2024-09-01 00:00:00+00:00,2024-11-07 00:00:00+00:00,0.46623293367388957,0.8705433918591237,0.8353363110885381,0.6049609809824584,25.31593889652317,0.1243830231681986,0.5133744972963189,0.2833408215992411,0.408893944332733,19.058691959653764,0.6532282657936735
ETHUSDT,7,21,0.001,0.01,5,0.75,389,61,2023-07-13 00:00:00+00:00,2024-08-04 00:00:00+00:00,2024-08-11 00:00:00+00:00,2024-09-01 00:00:00+00:00,2024-11-07 00:00:00+00:00,0.568008756789309,0.7876994029029211,0.6732477155602086,0.5669790241719671,30.27215511487194,0.10277534859626261,0.5199175042269522,0.2904317178869866,0.41337924362633327,19.127420203079392,0.6532282657936735
ETHUSDT,7,21,0.001,0.01,5,1.0,518,61,2023-01-29 00:00:00+00:00,2024-08-04 00:00:00+00:00,2024-08-11 00:00:00+00:00,2024-09-01 00:00:00+00:00,2024-11-07 00:00:00+00:00,0.538314556795073,0.7523656321412455,0.6168755655506544,0.5517050578520074,29.837150593852147,0.05258430511438915,0.5330412269407815,0.30643313132081224,0.4226227948058157,19.74685736505936,0.6532282657936735
ETHUSDT,7,21,0.001,0.01,6,0.25,145,54,2024-05-13 00:00:00+00:00,2024-10-04 00:00:00+00:00,2024-10-11 00:00:00+00:00,2024-11-01 00:00:00+00:00,2024-12-31 00:00:00+00:00,0.4519136440115806,1.0130918172153507,1.121054595791877,0.6827956596319422,28.671968893351938,-0.7599180806998687,0.8491941420791639,0.7433405326107723,0.6333685777393847,18.4760236365552,0.9671497534670787
ETHUSDT,7,21,0.001,0.01,6,0.5,290,54,2023-12-20 00:00:00+00:00,2024-10-04 00:00:00+00:00,2024-10-11 00:00:00+00:00,2024-11-01 00:00:00+00:00,2024-12-31 00:00:00+00:00,0.4988130995586141,0.8720987235140643,0.8301177829792319,0.61340751924784,24.539982574911058,-0.7504026427009646,0.8470070217444495,0.739526853093597,0.6226945869261238,17.901020957911776,0.9671497534670787
ETHUSDT,7,21,0.001,0.01,6,0.75,435,54,2023-07-28 00:00:00+00:00,2024-10-04 00:00:00+00:00,2024-10-11 00:00:00+00:00,2024-11-01 00:00:00+00:00,2024-12-31 00:00:00+00:00,0.574884049867365,0.7879119164645589,0.6680912869298911,0.5679255192679818,27.236297714594947,-0.7649241925026126,0.85184520816616,0.7463360196486442,0.6242426528001437,17.338404843541326,0.9671497534670787
ETHUSDT,7,21,0.001,0.01,6,1.0,579,54,2023-01-29 00:00:00+00:00,2024-10-04 00:00:00+00:00,2024-10-11 00:00:00+00:00,2024-11-01 00:00:00+00:00,2024-12-31 00:00:00+00:00,0.5566035258658223,0.7539344678401421,0.615650530936495,0.5505322788131459,28.71440655716669,-0.7007182303656221,0.8361950361984304,0.7192116099615858,0.6225380232413277,17.567164171704587,0.9671497534670787
ETHUSDT,14,28,0.001,0.01,1,0.25,69,60,2023-09-27 00:00:00+00:00,2023-12-04 00:00:00+00:00,2023-12-11 00:00:00+00:00,2024-01-01 00:00:00+00:00,2024-03-07 00:00:00+00:00,0.7103424406946492,0.4069016911928844,0.17238714944832426,0.3258215459136249,14.596842612898671,0.35587353209763817,0.5618086442875473,0.3442404740980899,0.4688840457834661,22.081984839260482,0.44582286188755826
ETHUSDT,14,28,0.001,0.01,1,0.5,137,60,2023-07-21 00:00:00+00:00,2023-12-04 00:00:00+00:00,2023-12-11 00:00:00+00:00,2024-01-01 00:00:00+00:00,2024-03-07 00:00:00+00:00,0.7260966961706855,0.3989194531763655,0.16710397928418708,0.3199025339959044,19.71109658711607,0.5022260454954691,0.5006528911467762,0.266002960261113,0.41228985934990825,18.416002233109417,0.44582286188755826
ETHUSDT,14,28,0.001,0.01,1,0.75,206,60,2023-05-13 00:00:00+00:00,2023-12-04 00:00:00+00:00,2023-12-11 00:00:00+00:00,2024-01-01 00:00:00+00:00,2024-03-07 00:00:00+00:00,0.7085138550990028,0.36492331324698063,0.14127136371642043,0.2791694267818575,16.97897385271229,0.5586793547243958,0.47248149531850064,0.23583831355024007,0.39002487201282465,17.241242942284796,0.44582286188755826
ETHUSDT,14,28,0.001,0.01,1,1.0,274,60,2023-01-29 00:00:00+00:00,2023-12-04 00:00:00+00:00,2023-12-11 00:00:00+00:00,2024-01-01 00:00:00+00:00,2024-03-07 00:00:00+00:00,0.758397981265767,0.35406176825837105,0.13327708588271717,0.2745783929046789,15.041915603858957,0.5469860858920752,0.47895905616014517,0.242090584017122,0.3947117966038359,17.573691040149598,0.44582286188755826
ETHUSDT,14,28,0.001,0.01,2,0.25,84,61,2023-11-11 00:00:00+00:00,2024-02-02 00:00:00+00:00,2024-02-09 00:00:00+00:00,2024-03-01 00:00:00+00:00,2024-05-07 00:00:00+00:00,0.7670237554085357,0.30100120336670233,0.09503033780654875,0.24519535144186225,9.133777744181128,0.5676011066097388,0.6052219146050735,0.40814964762263645,0.4762940870619653,14.034664579921307,0.7664590732727958
ETHUSDT,14,28,0.001,0.01,2,0.5,167,61,2023-08-20 00:00:00+00:00,2024-02-02 00:00:00+00:00,2024-02-09 00:00:00+00:00,2024-03-01 00:00:00+00:00,2024-05-07 00:00:00+00:00,0.7613457814141389,0.3549534438605955,0.1327083995955094,0.2777977891983934,12.620597920316639,0.5573672505318714,0.6209556355790781,0.41861068165823495,0.5210007769960597,17.17227265645761,0.7664590732727958
ETHUSDT,14,28,0.001,0.01,2,0.75,251,61,2023-05-28 00:00:00+00:00,2024-02-02 00:00:00+00:00,2024-02-09 00:00:00+00:00,2024-03-01 00:00:00+00:00,2024-05-07 00:00:00+00:00,0.7458823489743978,0.36515080548668327,0.14055146287536863,0.28815742549153467,15.35097182114996,0.563457588854907,0.6202876570429144,0.4131958049167932,0.5098164314829605,16.383012994559778,0.7664590732727958
ETHUSDT,14,28,0.001,0.01,2,1.0,334,61,2023-01-29 00:00:00+00:00,2024-02-02 00:00:00+00:00,2024-02-09 00:00:00+00:00,2024-03-01 00:00:00+00:00,2024-05-07 00:00:00+00:00,0.7653441133950346,0.35408595057370157,0.13304082621047972,0.2730014622265475,14.07933930080221,0.6172214800269369,0.58078398546854,0.36229299716029784,0.4780862285476824,14.872261420289448,0.7664590732727958
ETHUSDT,14,28,0.001,0.01,3,0.25,99,61,2023-12-27 00:00:00+00:00,2024-04-03 00:00:00+00:00,2024-04-10 00:00:00+00:00,2024-05-01 00:00:00+00:00,2024-07-07 00:00:00+00:00,0.8190920918388479,0.4234500633884045,0.1945130988498816,0.3036831254699923,10.726340212620931,0.5363597324972822,0.8569769555909417,0.7836192277214915,0.4975634919628454,22.4532309904212,1.0777581399502336
ETHUSDT,14,28,0.001,0.01,3,0.5,198,61,2023-09-19 00:00:00+00:00,2024-04-03 00:00:00+00:00,2024-04-10 00:00:00+00:00,2024-05-01 00:00:00+00:00,2024-07-07 00:00:00+00:00,0.8218636994966495,0.38927304071693575,0.16051007039739393,0.2944730065666229,11.832014344557683,0.5884428781613643,0.8106965844257299,0.6954593881893966,0.581436161776204,24.72371349437884,1.0777581399502336
ETHUSDT,14,28,0.001,0.01,3,0.75,297,61,2023-06-12 00:00:00+00:00,2024-04-03 00:00:00+00:00,2024-04-10 00:00:00+00:00,2024-05-01 00:00:00+00:00,2024-07-07 00:00:00+00:00,0.8173113943913934,0.38513173346141977,0.15674844196740093,0.2938256025650243,14.387955887191765,0.5950378836376672,0.8013763351820984,0.6844292694427738,0.5849036441190995,24.20530515888266,1.0777581399502336
ETHUSDT,14,28,0.001,0.01,3,1.0,395,61,2023-01-29 00:00:00+00:00,2024-04-03 00:00:00+00:00,2024-04-10 00:00:00+00:00,2024-05-01 00:00:00+00:00,2024-07-07 00:00:00+00:00,0.8091880057273332,0.370352336664867,0.14587573346745178,0.2809643584504053,13.579621259455434,0.640635662176221,0.7553275354766154,0.607337182916332,0.5182247602443762,21.299559379715713,1.0777581399502336
ETHUSDT,14,28,0.001,0.01,4,0.25,114,62,2024-02-11 00:00:00+00:00,2024-06-03 00:00:00+00:00,2024-06-10 00:00:00+00:00,2024-07-01 00:00:00+00:00,2024-09-07 00:00:00+00:00,0.7024395371973655,0.6247093639939028,0.41737070188181896,0.4050028872279268,14.41261735778666,0.5641887524664027,0.7242896224857656,0.5640814468009353,0.5101403466382654,15.645014964226275,0.9623944354656125
ETHUSDT,14,28,0.001,0.01,4,0.5,228,62,2023-10-20 00:00:00+00:00,2024-06-03 00:00:00+00:00,2024-06-10 00:00:00+00:00,2024-07-01 00:00:00+00:00,2024-09-07 00:00:00+00:00,0.7404114294871825,0.5122518956515009,0.2792359093080233,0.36254227522710053,13.418322034771705,0.5407959541437096,0.746849062008245,0.594919895146226,0.5162311273798509,15.937940426091089,0.9623944354656125
ETHUSDT,14,28,0.001,0.01,4,0.75,342,62,2023-06-28 00:00:00+00:00,2024-06-03 00:00:00+00:00,2024-06-10 00:00:00+00:00,2024-07-01 00:00:00+00:00,2024-09-07 00:00:00+00:00,0.7959156592949274,0.46951162686334236,0.23411811028032947,0.3343651076701188,15.003323074952638,0.5198531106390202,0.7611195453633515,0.6216391605044468,0.5478486036938043,16.429425544841425,0.9623944354656125
ETHUSDT,14,28,0.001,0.01,4,1.0,456,62,2023-01-29 00:00:00+00:00,2024-06-03 00:00:00+00:00,2024-06-10 00:00:00+00:00,2024-07-01 00:00:00+00:00,2024-09-07 00:00:00+00:00,0.7923014098419434,0.4328306707735274,0.19983472964022345,0.30898926634326584,13.923385962657695,0.5693753640700191,0.7221802465611827,0.5577316030272363,0.520880498257764,15.908109651685736,0.9623944354656125
ETHUSDT,14,28,0.001,0.01,5,0.25,130,61,2024-03-28 00:00:00+00:00,2024-08-04 00:00:00+00:00,2024-08-11 00:00:00+00:00,2024-09-01 00:00:00+00:00,2024-11-07 00:00:00+00:00,0.657108495770558,0.607586705345365,0.404676179344026,0.4157336923239161,15.41285193391612,0.4071974505071591,0.3096989484693613,0.10487133508689102,0.25567699516029346,10.315903226091423,0.3584356454841737
ETHUSDT,14,28,0.001,0.01,5,0.5,259,61,2023-11-20 00:00:00+00:00,2024-08-04 00:00:00+00:00,2024-08-11 00:00:00+00:00,2024-09-01 00:00:00+00:00,2024-11-07 00:00:00+00:00,0.73885743195477,0.4954944114308555,0.2684674520436314,0.33695805622233554,12.39006043643378,0.4742080587000896,0.2924977467478951,0.09287179398930448,0.23563392802859215,9.462243179707027,0.3584356454841737
ETHUSDT,14,28,0.001,0.01,5,0.75,389,61,2023-07-13 00:00:00+00:00,2024-08-04 00:00:00+00:00,2024-08-11 00:00:00+00:00,2024-09-01 00:00:00+00:00,2024-11-07 00:00:00+00:00,0.7888350473544511,0.466386332106329,0.23411205424084727,0.3276364761314278,14.41492114224721,0.4176575276096185,0.30493336651343633,0.10280817271331617,0.24435770412713761,9.919802747537794,0.3584356454841737
ETHUSDT,14,28,0.001,0.01,5,1.0,518,61,2023-01-29 00:00:00+00:00,2024-08-04 00:00:00+00:00,2024-08-11 00:00:00+00:00,2024-09-01 00:00:00+00:00,2024-11-07 00:00:00+00:00,0.7808918519330412,0.434310812557711,0.20339723371337784,0.3085557880107105,13.66668375214808,0.39755422907225696,0.30968896412007174,0.10630402442957282,0.2500874939093016,10.127027667022258,0.3584356454841737
ETHUSDT,14,28,0.001,0.01,6,0.25,145,54,2024-05-13 00:00:00+00:00,2024-10-04 00:00:00+00:00,2024-10-11 00:00:00+00:00,2024-11-01 00:00:00+00:00,2024-12-31 00:00:00+00:00,0.7490263760111809,0.5767074612069898,0.35950289887585063,0.38917668413525114,14.26978538391131,-0.7609251038392539,0.48669326431568344,0.25011812782119314,0.3649929299240289,9.916906343027991,0.5112556877332735
ETHUSDT,14,28,0.001,0.01,6,0.5,290,54,2023-12-20 00:00:00+00:00,2024-10-04 00:00:00+00:00,2024-10-11 00:00:00+00:00,2024-11-01 00:00:00+00:00,2024-12-31 00:00:00+00:00,0.7724873523328883,0.4963809145871984,0.26729675678261255,0.3399390798145155,12.102374346874651,-0.803268320943778,0.4904423429279693,0.25527992557831175,0.3573558066953514,9.612455320368262,0.5112556877332735
ETHUSDT,14,28,0.001,0.01,6,0.75,435,54,2023-07-28 00:00:00+00:00,2024-10-04 00:00:00+00:00,2024-10-11 00:00:00+00:00,2024-11-01 00:00:00+00:00,2024-12-31 00:00:00+00:00,0.79606686467274,0.47556072241477854,0.2426801386407617,0.33683000274188135,13.76939212930638,-0.9210663051700381,0.5045044494699489,0.2711737077828944,0.37003024594974226,9.79114626975883,0.5112556877332735
ETHUSDT,14,28,0.001,0.01,6,1.0,579,54,2023-01-29 00:00:00+00:00,2024-10-04 00:00:00+00:00,2024-10-11 00:00:00+00:00,2024-11-01 00:00:00+00:00,2024-12-31 00:00:00+00:00,0.7985759937945829,0.43710816103341343,0.20524662136678687,0.3117983891746073,13.294913817342676,-0.832969704766325,0.4928274067698086,0.2587308511769011,0.36573355303471156,9.735176918864509,0.5112556877332735
ETHUSDT,21,7,0.01,0.01,1,0.25,69,60,2023-09-27 00:00:00+00:00,2023-12-04 00:00:00+00:00,2023-12-11 00:00:00+00:00,2024-01-01 00:00:00+00:00,2024-03-07 00:00:00+00:00,0.7920080568543971,0.2909845567395407,0.09148209250282216,0.20565934590081203,9.06160431221238,0.6764142657383003,0.3358306253468458,0.12707249068767043,0.2680701939518423,10.987380721519656,0.33775028952964625
ETHUSDT,21,7,0.01,0.01,1,0.5,137,60,2023-07-21 00:00:00+00:00,2023-12-04 00:00:00+00:00,2023-12-11 00:00:00+00:00,2024-01-01 00:00:00+00:00,2024-03-07 00:00:00+00:00,0.8147538300917863,0.28177638927973875,0.08573998141491261,0.20826760375888112,12.20460404708636,0.6526094359342965,0.35402706205670414,0.13623589282381596,0.2857547525193284,11.571174632351752,0.33775028952964625
ETHUSDT,21,7,0.01,0.01,1,0.75,206,60,2023-05-13 00:00:00+00:00,2023-12-04 00:00:00+00:00,2023-12-11 00:00:00+00:00,2024-01-01 00:00:00+00:00,2024-03-07 00:00:00+00:00,0.7966084239250849,0.25867555934264874,0.07244710824824568,0.1951501754100889,10.794205571993551,0.671995041464165,0.3444872860790957,0.12862007748679039,0.2770917138026782,11.284398740503686,0.33775028952964625
ETHUSDT,21,7,0.01,0.01,1,1.0,274,60,2023-01-29 00:00:00+00:00,2023-12-04 00:00:00+00:00,2023-12-11 00:00:00+00:00,2024-01-01 00:00:00+00:00,2024-03-07 00:00:00+00:00,0.8307845175234224,0.25459545552106644,0.07023613804492428,0.1943573342952127,9.808727292008953,0.6874579861754332,0.3380742560292565,0.12249880424098894,0.2715030333306757,11.056428005754057,0.33775028952964625
ETHUSDT,21,7,0.01,0.01,2,0.25,84,61,2023-11-11 00:00:00+00:00,2024-02-02 00:00:00+00:00,2024-02-09 00:00:00+00:00,2024-03-01 00:00:00+00:00,2024-05-07 00:00:00+00:00,0.8363157922484107,0.18659313841174002,0.03707433458276215,0.14496589005934116,5.174476943425401,0.6181705158651856,0.44848896264821514,0.22376776960501418,0.36681289538575024,10.484292545624097,0.5044731609212215
ETHUSDT,21,7,0.01,0.01,2,0.5,167,61,2023-08-20 00:00:00+00:00,2024-02-02 00:00:00+00:00,2024-02-09 00:00:00+00:00,2024-03-01 00:00:00+00:00,2024-05-07 00:00:00+00:00,0.8558543216258607,0.2399476095715991,0.0621860607801797,0.1746055352452514,7.717316504950253,0.6244262431234444,0.443552002058766,0.21998154808169026,0.36282409227727075,10.372640429417139,0.5044731609212215
ETHUSDT,21,7,0.01,0.01,2,0.75,251,61,2023-05-28 00:00:00+00:00,2024-02-02 00:00:00+00:00,2024-02-09 00:00:00+00:00,2024-03-01 00:00:00+00:00,2024-05-07 00:00:00+00:00,0.8417806459798526,0.2540653441794282,0.06951049628334525,0.18926754783398989,9.554261996253127,0.6204660577023856,0.4473412358096592,0.22243309500609895,0.36287828478207934,10.347613378177238,0.5044731609212215
ETHUSDT,21,7,0.01,0.01,2,1.0,334,61,2023-01-29 00:00:00+00:00,2024-02-02 00:00:00+00:00,2024-02-09 00:00:00+00:00,2024-03-01 00:00:00+00:00,2024-05-07 00:00:00+00:00,0.843014212978986,0.24990530600618083,0.06741636653225773,0.18898496634054757,9.026635234954922,0.6406922723223464,0.43468949034156,0.21051277360386472,0.3555987038815915,10.15276357610267,0.5044731609212215
ETHUSDT,21,7,0.01,0.01,3,0.25,99,61,2023-12-27 00:00:00+00:00,2024-04-03 00:00:00+00:00,2024-04-10 00:00:00+00:00,2024-05-01 00:00:00+00:00,2024-07-07 00:00:00+00:00,0.893232031342578,0.2838653452074339,0.09046869411453448,0.20729640229799393,6.99160119092776,0.685723929911762,0.5821674670811822,0.3650914188802476,0.3671314517874742,13.354934587035407,0.7656766496051934
ETHUSDT,21,7,0.01,0.01,3,0.5,198,61,2023-09-19 00:00:00+00:00,2024-04-03 00:00:00+00:00,2024-04-10 00:00:00+00:00,2024-05-01 00:00:00+00:00,2024-07-07 00:00:00+00:00,0.8712402278848838,0.2900869239254327,0.09235138373546756,0.20534640471432378,7.77254882157558,0.6654735866451881,0.5963070808251129,0.38875710131758184,0.37132157244693587,14.21568946499566,0.7656766496051934
ETHUSDT,21,7,0.01,0.01,3,0.75,297,61,2023-06-12 00:00:00+00:00,2024-04-03 00:00:00+00:00,2024-04-10 00:00:00+00:00,2024-05-01 00:00:00+00:00,2024-07-07 00:00:00+00:00,0.8822816724007367,0.2762303326019538,0.08259158629898065,0.20115067314928034,9.288567330717141,0.6868106892693921,0.5744594223571088,0.36402823559592556,0.3705938532998221,13.282547573809287,0.7656766496051934
ETHUSDT,21,7,0.01,0.01,3,1.0,395,61,2023-01-29 00:00:00+00:00,2024-04-03 00:00:00+00:00,2024-04-10 00:00:00+00:00,2024-05-01 00:00:00+00:00,2024-07-07 00:00:00+00:00,0.8733875974845977,0.2656775985740592,0.07664435930875622,0.19790958224628413,8.900409710172717,0.7075234627393544,0.5557758891952975,0.3399379284902829,0.35085378616086876,12.538330552996632,0.7656766496051934
ETHUSDT,21,7,0.01,0.01,4,0.25,114,62,2024-02-11 00:00:00+00:00,2024-06-03 00:00:00+00:00,2024-06-10 00:00:00+00:00,2024-07-01 00:00:00+00:00,2024-09-07 00:00:00+00:00,0.7427227219365301,0.45499810536099117,0.23153447610727332,0.3031033310637748,8.744827819842277,0.7462083279483255,0.44759138229914475,0.21855646060023326,0.3351232006807957,9.755940235629055,0.5766400784808495
ETHUSDT,21,7,0.01,0.01,4,0.5,228,62,2023-10-20 00:00:00+00:00,2024-06-03 00:00:00+00:00,2024-06-10 00:00:00+00:00,2024-07-01 00:00:00+00:00,2024-09-07 00:00:00+00:00,0.7808997539105926,0.3836370271962436,0.162335993318129,0.25607382259056255,8.513364951584665,0.7774507330975441,0.42253822900948307,0.19207887003613666,0.296644226301224,8.48043106876691,0.5766400784808495
ETHUSDT,21,7,0.01,0.01,4,0.75,342,62,2023-06-28 00:00:00+00:00,2024-06-03 00:00:00+00:00,2024-06-10 00:00:00+00:00,2024-07-01 00:00:00+00:00,2024-09-07 00:00:00+00:00,0.8562132049608291,0.3458310577629421,0.13078150250276727,0.23202520345464386,9.547440944314141,0.7962698934313198,0.40099156255042345,0.175398857795604,0.28761144030350005,8.195437260359714,0.5766400784808495
ETHUSDT,21,7,0.01,0.01,4,1.0,456,62,2023-01-29 00:00:00+00:00,2024-06-03 00:00:00+00:00,2024-06-10 00:00:00+00:00,2024-07-01 00:00:00+00:00,2024-09-07 00:00:00+00:00,0.8511342672370571,0.3188670306345093,0.1111613088522385,0.2182013140385201,8.97789607831221,0.8012741348096087,0.3957272422911863,0.17104448905925126,0.2832693495801623,8.080856727437489,0.5766400784808495
ETHUSDT,21,7,0.01,0.01,5,0.25,130,61,2024-03-28 00:00:00+00:00,2024-08-04 00:00:00+00:00,2024-08-11 00:00:00+00:00,2024-09-01 00:00:00+00:00,2024-11-07 00:00:00+00:00,0.7216090477995287,0.451973210795577,0.23041688740694735,0.2963294622905708,10.073557344061792,0.5738610214644512,0.2347468963196206,0.060969105921380315,0.19059662173293965,7.430005682437913,0.2730949520141209
ETHUSDT,21,7,0.01,0.01,5,0.5,259,61,2023-11-20 00:00:00+00:00,2024-08-04 00:00:00+00:00,2024-08-11 00:00:00+00:00,2024-09-01 00:00:00+00:00,2024-11-07 00:00:00+00:00,0.7789564847632271,0.3780029641247303,0.16065057972289581,0.24615575893521205,8.359976059186218,0.6688114060737621,0.20726600766579148,0.047372674214868966,0.1684504507591288,6.492603551454633,0.2730949520141209
ETHUSDT,21,7,0.01,0.01,5,0.75,389,61,2023-07-13 00:00:00+00:00,2024-08-04 00:00:00+00:00,2024-08-11 00:00:00+00:00,2024-09-01 00:00:00+00:00,2024-11-07 00:00:00+00:00,0.840565162169163,0.35394097304879757,0.13901054568032772,0.23786181959088493,9.74893721943094,0.6294431184794895,0.21810218846903626,0.05303710348294054,0.1771698083768504,6.838819432393299,0.2730949520141209
ETHUSDT,21,7,0.01,0.01,5,1.0,518,61,2023-01-29 00:00:00+00:00,2024-08-04 00:00:00+00:00,2024-08-11 00:00:00+00:00,2024-09-01 00:00:00+00:00,2024-11-07 00:00:00+00:00,0.8359297859323549,0.3261037759054653,0.11758698192819582,0.22393619595479303,9.202577408742098,0.6525177999509705,0.21093738213793148,0.04977482602507383,0.172185185735209,6.637673720729217,0.2730949520141209
ETHUSDT,21,7,0.01,0.01,6,0.25,145,54,2024-05-13 00:00:00+00:00,2024-10-04 00:00:00+00:00,2024-10-11 00:00:00+00:00,2024-11-01 00:00:00+00:00,2024-12-31 00:00:00+00:00,0.7925105167128742,0.42498708373952165,0.20037869557992316,0.27195020353365795,9.29085670139443,-1.5054964825227668,0.3847322525844511,0.1634552856618919,0.29071832424536015,7.935181593541094,0.3810071653874143
ETHUSDT,21,7,0.01,0.01,6,0.5,290,54,2023-12-20 00:00:00+00:00,2024-10-04 00:00:00+00:00,2024-10-11 00:00:00+00:00,2024-11-01 00:00:00+00:00,2024-12-31 00:00:00+00:00,0.8172607159936387,0.3711970428699193,0.15326128067722922,0.24716994825357655,8.167110016633,-1.1170078836658746,0.3615864842909323,0.14098006680129951,0.2618945795298644,7.140606024752912,0.3810071653874143
ETHUSDT,21,7,0.01,0.01,6,0.75,435,54,2023-07-28 00:00:00+00:00,2024-10-04 00:00:00+00:00,2024-10-11 00:00:00+00:00,2024-11-01 00:00:00+00:00,2024-12-31 00:00:00+00:00,0.8623335516866982,0.34760177023420724,0.1331327807522101,0.23704315304192894,9.320942781244177,-1.1704812547447265,0.36441103699556615,0.14390192376979868,0.28090328202006776,7.6032768524073715,0.3810071653874143
ETHUSDT,21,7,0.01,0.01,6,1.0,579,54,2023-01-29 00:00:00+00:00,2024-10-04 00:00:00+00:00,2024-10-11 00:00:00+00:00,2024-11-01 00:00:00+00:00,2024-12-31 00:00:00+00:00,0.8612467135162838,0.3187366863088238,0.11166601110085936,0.22044968742186383,8.80782353212431,-1.1050970124501078,0.35948914233950546,0.13974131344398746,0.27521815335907884,7.458130419710001,0.3810071653874143
ETHUSDT,28,7,0.01,0.01,1,0.25,69,60,2023-09-27 00:00:00+00:00,2023-12-04 00:00:00+00:00,2023-12-11 00:00:00+00:00,2024-01-01 00:00:00+00:00,2024-03-07 00:00:00+00:00,0.8633951612155374,0.21804979539439787,0.0506724076864025,0.1575323012670578,7.177829797013612,0.7412584951236172,0.25506268412600314,0.07100070138830632,0.21867483104991903,8.79606861956732,0.26236982146520943
ETHUSDT,28,7,0.01,0.01,1,0.5,137,60,2023-07-21 00:00:00+00:00,2023-12-04 00:00:00+00:00,2023-12-11 00:00:00+00:00,2024-01-01 00:00:00+00:00,2024-03-07 00:00:00+00:00,0.866367059512355,0.210409591763213,0.04755589665687732,0.15037750673238273,8.21411891012559,0.6712694901938521,0.28565729063611206,0.09031346893100256,0.23218498065224555,9.29018246664193,0.26236982146520943
ETHUSDT,28,7,0.01,0.01,1,0.75,206,60,2023-05-13 00:00:00+00:00,2023-12-04 00:00:00+00:00,2023-12-11 00:00:00+00:00,2024-01-01 00:00:00+00:00,2024-03-07 00:00:00+00:00,0.8483107467847396,0.19382495295303395,0.04060345693520435,0.14220606297506308,7.48652227049071,0.6865305708154474,0.2796003996028468,0.086083314909698,0.2252097868830461,9.048551929666878,0.26236982146520943
ETHUSDT,28,7,0.01,0.01,1,1.0,274,60,2023-01-29 00:00:00+00:00,2023-12-04 00:00:00+00:00,2023-12-11 00:00:00+00:00,2024-01-01 00:00:00+00:00,2024-03-07 00:00:00+00:00,0.8806823029996879,0.1909102106722514,0.0396890976141808,0.1424414134438462,6.8839309372774755,0.7271842765776881,0.26231705937470295,0.07483822454876955,0.2118498459288533,8.51962204502405,0.26236982146520943
ETHUSDT,28,7,0.01,0.01,2,0.25,84,61,2023-11-11 00:00:00+00:00,2024-02-02 00:00:00+00:00,2024-02-09 00:00:00+00:00,2024-03-01 00:00:00+00:00,2024-05-07 00:00:00+00:00,0.807048146920445,0.13311610685860414,0.01880978720665845,0.10449489724730318,3.6774558194830025,0.6971849421619062,0.36131406970757973,0.14595047942566927,0.2811222603246252,8.023771510569302,0.41740991461963134
ETHUSDT,28,7,0.01,0.01,2,0.5,167,61,2023-08-20 00:00:00+00:00,2024-02-02 00:00:00+00:00,2024-02-09 00:00:00+00:00,2024-03-01 00:00:00+00:00,2024-05-07 00:00:00+00:00,0.9082437916283324,0.17870471162785076,0.03396458752425733,0.126438620390545,5.5202817150645584,0.6915210424288653,0.364533928594336,0.148647944338267,0.2893829247576072,8.368497836282106,0.41740991461963134
ETHUSDT,28,7,0.01,0.01,2,0.75,251,61,2023-05-28 00:00:00+00:00,2024-02-02 00:00:00+00:00,2024-02-09 00:00:00+00:00,2024-03-01 00:00:00+00:00,2024-05-07 00:00:00+00:00,0.8895793215319924,0.19235373736374287,0.03972953864043016,0.14103768120783897,6.869704686530683,0.6826499083118996,0.3671409012180127,0.15243415372008326,0.29665180130738866,8.734889413746187,0.41740991461963134
ETHUSDT,28,7,0.01,0.01,2,1.0,334,61,2023-01-29 00:00:00+00:00,2024-02-02 00:00:00+00:00,2024-02-09 00:00:00+00:00,2024-03-01 00:00:00+00:00,2024-05-07 00:00:00+00:00,0.8901765088963695,0.18722985337513812,0.03795293247926406,0.1386309859279056,6.379478922907557,0.7105852360766706,0.35152477166203394,0.13916865553323104,0.28047635427511713,8.195742308753953,0.41740991461963134
ETHUSDT,28,7,0.01,0.01,3,0.25,99,61,2023-12-27 00:00:00+00:00,2024-04-03 00:00:00+00:00,2024-04-10 00:00:00+00:00,2024-05-01 00:00:00+00:00,2024-07-07 00:00:00+00:00,0.8999763596221421,0.22815114618828622,0.058099871794490505,0.1672910500899815,5.750693701075049,0.7026987210504422,0.4812225650424891,0.25659046716135886,0.3085716146039333,10.987412653555564,0.6634689726291104
ETHUSDT,28,7,0.01,0.01,3,0.5,198,61,2023-09-19 00:00:00+00:00,2024-04-03 00:00:00+00:00,2024-04-10 00:00:00+00:00,2024-05-01 00:00:00+00:00,2024-07-07 00:00:00+00:00,0.9010040350623544,0.22529765713431413,0.05513850426990411,0.16362353509280586,6.298771328306752,0.7576215368036953,0.4374280016880078,0.20902551260895436,0.27137667720249264,9.16488840680585,0.6634689726291104
ETHUSDT,28,7,0.01,0.01,3,0.75,297,61,2023-06-12 00:00:00+00:00,2024-04-03 00:00:00+00:00,2024-04-10 00:00:00+00:00,2024-05-01 00:00:00+00:00,2024-07-07 00:00:00+00:00,0.9090326227543246,0.21354688013325104,0.04940239854628444,0.15463729021188752,6.787788379006704,0.7498052014664077,0.44419809041238023,0.21577985891370205,0.27987245189170207,9.170982836336611,0.6634689726291104
ETHUSDT,28,7,0.01,0.01,3,1.0,395,61,2023-01-29 00:00:00+00:00,2024-04-03 00:00:00+00:00,2024-04-10 00:00:00+00:00,2024-05-01 00:00:00+00:00,2024-07-07 00:00:00+00:00,0.9033996045996654,0.20374587463847968,0.04522091799274754,0.15038980351280742,6.529722221690939,0.7562514963165051,0.4382712337997045,0.2102311837820475,0.2709439214188983,8.947608134145101,0.6634689726291104
ETHUSDT,28,7,0.01,0.01,4,0.25,114,62,2024-02-11 00:00:00+00:00,2024-06-03 00:00:00+00:00,2024-06-10 00:00:00+00:00,2024-07-01 00:00:00+00:00,2024-09-07 00:00:00+00:00,0.7909591591355649,0.3713762009674081,0.15329118591174376,0.2543357455961731,7.241012335521577,0.8049900283252045,0.35282128620864234,0.13946257954793903,0.2712145901566684,7.805182881397762,0.40491206893128895
ETHUSDT,28,7,0.01,0.01,4,0.5,228,62,2023-10-20 00:00:00+00:00,2024-06-03 00:00:00+00:00,2024-06-10 00:00:00+00:00,2024-07-01 00:00:00+00:00,2024-09-07 00:00:00+00:00,0.8190510893598353,0.30727756575508663,0.10340362677343841,0.20717709008507967,6.773902056033016,0.820618617315649,0.3434208383260677,0.12884744549493515,0.24572703514573344,7.057013341579909,0.40491206893128895
ETHUSDT,28,7,0.01,0.01,4,0.75,342,62,2023-06-28 00:00:00+00:00,2024-06-03 00:00:00+00:00,2024-06-10 00:00:00+00:00,2024-07-01 00:00:00+00:00,2024-09-07 00:00:00+00:00,0.8928052850986322,0.27258753621574133,0.08126711013765366,0.181409101697906,7.071755254511691,0.8216799597154092,0.33781591658403604,0.12757684685338633,0.24442334658358672,6.929351050955266,0.40491206893128895
ETHUSDT,28,7,0.01,0.01,4,1.0,456,62,2023-01-29 00:00:00+00:00,2024-06-03 00:00:00+00:00,2024-06-10 00:00:00+00:00,2024-07-01 00:00:00+00:00,2024-09-07 00:00:00+00:00,0.8896753689924959,0.24902210383671938,0.06794319049196773,0.1679426557041894,6.631045244150608,0.8280729778888931,0.3321568964901062,0.12303457992628887,0.23847389987893874,6.791975170668838,0.40491206893128895
ETHUSDT,28,7,0.01,0.01,5,0.25,130,61,2024-03-28 00:00:00+00:00,2024-08-04 00:00:00+00:00,2024-08-11 00:00:00+00:00,2024-09-01 00:00:00+00:00,2024-11-07 00:00:00+00:00,0.7923905342357883,0.3552995966057919,0.14114796702882626,0.2412873831841821,7.519550038785349,0.6563463770865745,0.18349743726954615,0.0369861431361523,0.1492924465456973,5.553623904579634,0.2738323287165103
ETHUSDT,28,7,0.01,0.01,5,0.5,259,61,2023-11-20 00:00:00+00:00,2024-08-04 00:00:00+00:00,2024-08-11 00:00:00+00:00,2024-09-01 00:00:00+00:00,2024-11-07 00:00:00+00:00,0.8233517099244628,0.30000341420739784,0.10095124717131115,0.2018834333695808,6.562503835909071,0.7545354494179202,0.15552554654540812,0.02647778509074962,0.12526844485828928,4.66034726306388,0.2738323287165103
ETHUSDT,28,7,0.01,0.01,5,0.75,389,61,2023-07-13 00:00:00+00:00,2024-08-04 00:00:00+00:00,2024-08-11 00:00:00+00:00,2024-09-01 00:00:00+00:00,2024-11-07 00:00:00+00:00,0.8859599294816819,0.2779253169085894,0.08553167608623204,0.18655232164224111,7.209819578022371,0.7392000296107076,0.15809448129907372,0.027917810821693697,0.131286871934254,4.88482473137268,0.2738323287165103
ETHUSDT,28,7,0.01,0.01,5,1.0,518,61,2023-01-29 00:00:00+00:00,2024-08-04 00:00:00+00:00,2024-08-11 00:00:00+00:00,2024-09-01 00:00:00+00:00,2024-11-07 00:00:00+00:00,0.8823382095516866,0.2543781237969993,0.07162970986343775,0.172961679813799,6.778884891164481,0.7528875717927674,0.15297345594262,0.026393123291627456,0.12678189015104993,4.72609070734255,0.2738323287165103
ETHUSDT,28,7,0.01,0.01,6,0.25,145,54,2024-05-13 00:00:00+00:00,2024-10-04 00:00:00+00:00,2024-10-11 00:00:00+00:00,2024-11-01 00:00:00+00:00,2024-12-31 00:00:00+00:00,0.8288611968167306,0.33740333921543575,0.12637932326395943,0.2235169240426159,7.047935847480258,-0.9448612268892937,0.2971707713912604,0.09812926303083817,0.22951331882865894,6.349205236835702,0.3100403427554053
ETHUSDT,28,7,0.01,0.01,6,0.5,290,54,2023-12-20 00:00:00+00:00,2024-10-04 00:00:00+00:00,2024-10-11 00:00:00+00:00,2024-11-01 00:00:00+00:00,2024-12-31 00:00:00+00:00,0.8549657249047397,0.29378094742773075,0.09617023410996726,0.19836941534358046,6.282610640012709,-0.5791426564825685,0.27557572448207157,0.08221367211308667,0.20476079060039007,5.693126752418949,0.3100403427554053
ETHUSDT,28,7,0.01,0.01,6,0.75,435,54,2023-07-28 00:00:00+00:00,2024-10-04 00:00:00+00:00,2024-10-11 00:00:00+00:00,2024-11-01 00:00:00+00:00,2024-12-31 00:00:00+00:00,0.902021410197153,0.27235978304055386,0.08179152791260612,0.18411877779069577,6.8485702090214495,-0.6167268671515195,0.27600321858856275,0.08318815538002622,0.21839768371081544,6.0395852720612515,0.3100403427554053
ETHUSDT,28,7,0.01,0.01,6,1.0,579,54,2023-01-29 00:00:00+00:00,2024-10-04 00:00:00+00:00,2024-10-11 00:00:00+00:00,2024-11-01 00:00:00+00:00,2024-12-31 00:00:00+00:00,0.9018893833126498,0.24817066531273332,0.0679206046479673,0.1688378817295869,6.448975934001682,-0.5680941154684946,0.2724301029915689,0.08089082865020963,0.21489059533659977,5.94404394580182,0.3100403427554053
BNBUSDT,7,21,0.001,0.01,1,0.25,69,60,2023-09-27 00:00:00+00:00,2023-12-04 00:00:00+00:00,2023-12-11 00:00:00+00:00,2024-01-01 00:00:00+00:00,2024-03-07 00:00:00+00:00,0.4317769794307051,0.8376234978447139,0.752535735048971,0.5405090864658428,37.08719780876064,0.027021526774039177,0.5652865977786115,0.34082669694111795,0.4396709740194616,22.9003649966174,0.6765974655436118
BNBUSDT,7,21,0.001,0.01,1,0.5,137,60,2023-07-21 00:00:00+00:00,2023-12-04 00:00:00+00:00,2023-12-11 00:00:00+00:00,2024-01-01 00:00:00+00:00,2024-03-07 00:00:00+00:00,0.5101212986232045,0.6395764952710065,0.43948650068074846,0.43724080284549427,34.85932733662432,0.054016389772909665,0.5524358175943535,0.3386618903324304,0.43599751020144134,21.56436783248833,0.6765974655436118
BNBUSDT,7,21,0.001,0.01,1,0.75,206,60,2023-05-13 00:00:00+00:00,2023-12-04 00:00:00+00:00,2023-12-11 00:00:00+00:00,2024-01-01 00:00:00+00:00,2024-03-07 00:00:00+00:00,0.44682906151658547,0.7322698935863269,0.5913533648539672,0.5028851076363893,36.35961830996233,-0.10174028424535786,0.5947964979108841,0.3882598950573588,0.4799247831036299,25.119048283982703,0.6765974655436118
BNBUSDT,7,21,0.001,0.01,1,1.0,274,60,2023-01-29 00:00:00+00:00,2023-12-04 00:00:00+00:00,2023-12-11 00:00:00+00:00,2024-01-01 00:00:00+00:00,2024-03-07 00:00:00+00:00,0.4823187034741393,0.7056414287055078,0.5500559824033433,0.510116256917923,34.426223185441444,-0.09234325197935703,0.5922241893213097,0.38701124897068623,0.48132277395303197,25.143112406326278,0.6765974655436118
BNBUSDT,7,21,0.001,0.01,2,0.25,84,61,2023-11-11 00:00:00+00:00,2024-02-02 00:00:00+00:00,2024-02-09 00:00:00+00:00,2024-03-01 00:00:00+00:00,2024-05-07 00:00:00+00:00,0.13598429484207716,1.0708389956310949,1.267839562736807,0.7066940226707574,37.11124058131595,0.4793713992505689,1.2505388873293646,1.726983082319732,1.0166155374801946,35.48265284155165,1.3782343169216407
BNBUSDT,7,21,0.001,0.01,2,0.5,167,61,2023-08-20 00:00:00+00:00,2024-02-02 00:00:00+00:00,2024-02-09 00:00:00+00:00,2024-03-01 00:00:00+00:00,2024-05-07 00:00:00+00:00,0.5093843336183553,0.7145164688282222,0.5553445549747935,0.4712772748860253,30.07327601281875,0.49688595089867377,1.2206865558919318,1.6694522759699597,0.9357776086348214,30.188091781187712,1.3782343169216407
BNBUSDT,7,21,0.001,0.01,2,0.75,251,61,2023-05-28 00:00:00+00:00,2024-02-02 00:00:00+00:00,2024-02-09 00:00:00+00:00,2024-03-01 00:00:00+00:00,2024-05-07 00:00:00+00:00,0.42396035010651417,0.7717851677319005,0.6593323631550586,0.5390906994503919,34.84038453283505,0.4872194083111699,1.2312569176516426,1.701565984964237,0.9557458002028992,32.40924394143881,1.3782343169216407
BNBUSDT,7,21,0.001,0.01,2,1.0,334,61,2023-01-29 00:00:00+00:00,2024-02-02 00:00:00+00:00,2024-02-09 00:00:00+00:00,2024-03-01 00:00:00+00:00,2024-05-07 00:00:00+00:00,0.46324694707217146,0.7257358982537838,0.5839992479538654,0.5184040439896838,32.47350054973963,0.5006484899391123,1.2108480233452634,1.6572583606238942,0.9485117692385808,31.995616700707444,1.3782343169216407
BNBUSDT,7,21,0.001,0.01,3,0.25,99,61,2023-12-27 00:00:00+00:00,2024-04-03 00:00:00+00:00,2024-04-10 00:00:00+00:00,2024-05-01 00:00:00+00:00,2024-07-07 00:00:00+00:00,0.5942536397809819,0.9948294989118815,1.102777263598418,0.6919924861893689,27.49589639203394,0.08371936558201375,0.8042704443967958,0.7215379980059189,0.5710995853577293,33.594494970531,0.9324792705216353
BNBUSDT,7,21,0.001,0.01,3,0.5,198,61,2023-09-19 00:00:00+00:00,2024-04-03 00:00:00+00:00,2024-04-10 00:00:00+00:00,2024-05-01 00:00:00+00:00,2024-07-07 00:00:00+00:00,0.6223536806960757,0.897227480982637,0.892290419012177,0.5970912229759816,29.827162874960248,0.18396217300598597,0.7602139073047568,0.6420554321882125,0.5467841577474212,31.63531434687311,0.9324792705216353
BNBUSDT,7,21,0.001,0.01,3,0.75,297,61,2023-06-12 00:00:00+00:00,2024-04-03 00:00:00+00:00,2024-04-10 00:00:00+00:00,2024-05-01 00:00:00+00:00,2024-07-07 00:00:00+00:00,0.6641552323728578,0.760879927440197,0.6422277333636607,0.5217317209550986,30.025554913665225,0.23167535005261058,0.7375786568216861,0.6048860514912159,0.5369082983116147,29.831070195578214,0.9324792705216353
BNBUSDT,7,21,0.001,0.01,3,1.0,395,61,2023-01-29 00:00:00+00:00,2024-04-03 00:00:00+00:00,2024-04-10 00:00:00+00:00,2024-05-01 00:00:00+00:00,2024-07-07 00:00:00+00:00,0.604629934814165,0.7892318408644557,0.6970328109323269,0.5579172865350722,31.820772719702298,0.18310207104036455,0.7560953681331378,0.6447006075442685,0.5598057028129646,32.75313063627084,0.9324792705216353
BNBUSDT,7,21,0.001,0.01,4,0.25,114,62,2024-02-11 00:00:00+00:00,2024-06-03 00:00:00+00:00,2024-06-10 00:00:00+00:00,2024-07-01 00:00:00+00:00,2024-09-07 00:00:00+00:00,0.4904852624989299,1.0546953174757472,1.2632506484362471,0.7868105018614154,34.095933681111035,0.14819788458146738,0.9662710200598023,1.0500052969107248,0.7712648022290106,30.908796421166773,1.1786695349203586
BNBUSDT,7,21,0.001,0.01,4,0.5,228,62,2023-10-20 00:00:00+00:00,2024-06-03 00:00:00+00:00,2024-06-10 00:00:00+00:00,2024-07-01 00:00:00+00:00,2024-09-07 00:00:00+00:00,0.5171688067411045,0.9315177155612558,0.9680674039407096,0.6801196801990885,33.359044651584334,0.17584217868710697,0.9459306045185103,1.0157598980861497,0.7127734631281769,27.175509125377403,1.1786695349203586
BNBUSDT,7,21,0.001,0.01,4,0.75,342,62,2023-06-28 00:00:00+00:00,2024-06-03 00:00:00+00:00,2024-06-10 00:00:00+00:00,2024-07-01 00:00:00+00:00,2024-09-07 00:00:00+00:00,0.602505700787398,0.7923309689800593,0.7015684214630027,0.5574316398568615,31.679000573789967,0.22013880166857822,0.9213506072712417,0.9612786783066697,0.6857913354100017,25.04732475879015,1.1786695349203586
BNBUSDT,7,21,0.001,0.01,4,1.0,456,62,2023-01-29 00:00:00+00:00,2024-06-03 00:00:00+00:00,2024-06-10 00:00:00+00:00,2024-07-01 00:00:00+00:00,2024-09-07 00:00:00+00:00,0.5568516208859892,0.7990922214072513,0.7160142162135873,0.5743076294124181,32.42630793486822,0.31776156071264755,0.862636354586027,0.8407270968460611,0.6504171500627248,25.10393200377077,1.1786695349203586
BNBUSDT,7,21,0.001,0.01,5,0.25,130,61,2024-03-28 00:00:00+00:00,2024-08-04 00:00:00+00:00,2024-08-11 00:00:00+00:00,2024-09-01 00:00:00+00:00,2024-11-07 00:00:00+00:00,0.2295425568545109,0.8338549553571101,0.7889326981284349,0.6671334581118123,32.67641145318987,-0.1708498438717038,0.3968923705273216,0.16830100215612614,0.31809191536000186,21.12864367667316,0.4383643577100939
BNBUSDT,7,21,0.001,0.01,5,0.5,259,61,2023-11-20 00:00:00+00:00,2024-08-04 00:00:00+00:00,2024-08-11 00:00:00+00:00,2024-09-01 00:00:00+00:00,2024-11-07 00:00:00+00:00,0.4922521927066096,0.9241010566007664,0.9614346836040857,0.6868502642473039,32.23907093553732,-0.07028540056788575,0.38063832525190777,0.15363053953562053,0.3033849799945551,20.224890018096346,0.4383643577100939
BNBUSDT,7,21,0.001,0.01,5,0.75,389,61,2023-07-13 00:00:00+00:00,2024-08-04 00:00:00+00:00,2024-08-11 00:00:00+00:00,2024-09-01 00:00:00+00:00,2024-11-07 00:00:00+00:00,0.5834267548873467,0.8097722834261812,0.739571914794816,0.5827060657972659,31.97745286914665,0.06012597773951384,0.3578433444631367,0.13468142927591178,0.2860751619957917,18.868654212467252,0.4383643577100939
BNBUSDT,7,21,0.001,0.01,5,1.0,518,61,2023-01-29 00:00:00+00:00,2024-08-04 00:00:00+00:00,2024-08-11 00:00:00+00:00,2024-09-01 00:00:00+00:00,2024-11-07 00:00:00+00:00,0.5487283528732193,0.8001516948275819,0.7221447082961984,0.5844048138667036,32.098457603765844,-0.14935272608660166,0.3917016322855299,0.16531941840790607,0.31268613227165826,20.82252374745924,0.4383643577100939
BNBUSDT,7,21,0.001,0.01,6,0.25,145,54,2024-05-13 00:00:00+00:00,2024-10-04 00:00:00+00:00,2024-10-11 00:00:00+00:00,2024-11-01 00:00:00+00:00,2024-12-31 00:00:00+00:00,0.3415911890010785,0.7586977642507249,0.6462734205192886,0.5961796503973087,28.49784381023003,0.18447990185788377,0.931662791719148,0.9146672209217442,0.7517062971887396,34.423863493479104,1.137314858021303
BNBUSDT,7,21,0.001,0.01,6,0.5,290,54,2023-12-20 00:00:00+00:00,2024-10-04 00:00:00+00:00,2024-10-11 00:00:00+00:00,2024-11-01 00:00:00+00:00,2024-12-31 00:00:00+00:00,0.4768272837133337,0.8796496151659562,0.8758697510349096,0.6478218979105784,28.494810873845456,0.2949938728460773,0.8704061631804948,0.792130398667746,0.6537479933862459,31.014802056638775,1.137314858021303
BNBUSDT,7,21,0.001,0.01,6,0.75,435,54,2023-07-28 00:00:00+00:00,2024-10-04 00:00:00+00:00,2024-10-11 00:00:00+00:00,2024-11-01 00:00:00+00:00,2024-12-31 00:00:00+00:00,0.5644183391002924,0.7899913232005281,0.700457138127172,0.5600136406692691,29.329644728992026,0.29772380736172466,0.8673553507010744,0.7887962086353194,0.6595622108979636,31.890918102119503,1.137314858021303
BNBUSDT,7,21,0.001,0.01,6,1.0,579,54,2023-01-29 00:00:00+00:00,2024-10-04 00:00:00+00:00,2024-10-11 00:00:00+00:00,2024-11-01 00:00:00+00:00,2024-12-31 00:00:00+00:00,0.5485460276340526,0.7720705480533882,0.6701149839481357,0.5580962995878646,30.127527034947065,0.26758447416737874,0.8847939883810915,0.8225022096761759,0.6709259422862227,34.15969572837615,1.137314858021303
BNBUSDT,14,7,0.01,0.01,1,0.25,69,60,2023-09-27 00:00:00+00:00,2023-12-04 00:00:00+00:00,2023-12-11 00:00:00+00:00,2024-01-01 00:00:00+00:00,2024-03-07 00:00:00+00:00,0.7867213016645689,0.42543458927620453,0.19559988231222938,0.26683083988229617,14.059354917172351,0.43251331721486036,0.4231639226146684,0.19282938907654648,0.28562048913041804,13.914931684157233,0.5793775388801012
BNBUSDT,14,7,0.01,0.01,1,0.5,137,60,2023-07-21 00:00:00+00:00,2023-12-04 00:00:00+00:00,2023-12-11 00:00:00+00:00,2024-01-01 00:00:00+00:00,2024-03-07 00:00:00+00:00,0.7935675272915577,0.3458908741050357,0.12819966370451025,0.22747249940314052,14.317256064649568,0.47206487787397944,0.4073290392732484,0.17947992506194085,0.2930905307183253,13.875736984126538,0.5793775388801012
BNBUSDT,14,7,0.01,0.01,1,0.75,206,60,2023-05-13 00:00:00+00:00,2023-12-04 00:00:00+00:00,2023-12-11 00:00:00+00:00,2024-01-01 00:00:00+00:00,2024-03-07 00:00:00+00:00,0.7490108589036264,0.4232008693534655,0.20003604918114265,0.2779439512584723,15.60857485834803,0.4023072804059014,0.42303513964964407,0.2004862545360845,0.3025452503495256,14.749111578303939,0.5793775388801012
BNBUSDT,14,7,0.01,0.01,1,1.0,274,60,2023-01-29 00:00:00+00:00,2023-12-04 00:00:00+00:00,2023-12-11 00:00:00+00:00,2024-01-01 00:00:00+00:00,2024-03-07 00:00:00+00:00,0.7621122554024061,0.40451042210968174,0.1816546727878962,0.28227683963891226,15.296593383373967,0.477178265157235,0.39542107856991127,0.1753044451564231,0.2886579261621533,14.056186270787316,0.5793775388801012
BNBUSDT,14,7,0.01,0.01,2,0.25,84,61,2023-11-11 00:00:00+00:00,2024-02-02 00:00:00+00:00,2024-02-09 00:00:00+00:00,2024-03-01 00:00:00+00:00,2024-05-07 00:00:00+00:00,0.7007381153043465,0.48494215109681144,0.2553623967495703,0.3388436266680184,13.123948452171552,0.8509523524711159,0.5683176220087082,0.36388429651123794,0.44094014751181326,11.6094849720131,0.882556182492432
BNBUSDT,14,7,0.01,0.01,2,0.5,167,61,2023-08-20 00:00:00+00:00,2024-02-02 00:00:00+00:00,2024-02-09 00:00:00+00:00,2024-03-01 00:00:00+00:00,2024-05-07 00:00:00+00:00,0.8144251702383796,0.37452846790558164,0.1522840070299299,0.23534324349780034,11.613308788498612,0.83205818301188,0.6009020284504197,0.4101895887524278,0.44778582498314884,11.556943392305147,0.882556182492432
BNBUSDT,14,7,0.01,0.01,2,0.75,251,61,2023-05-28 00:00:00+00:00,2024-02-02 00:00:00+00:00,2024-02-09 00:00:00+00:00,2024-03-01 00:00:00+00:00,2024-05-07 00:00:00+00:00,0.738508396494723,0.44235903544910055,0.21784980548000663,0.2958747728500383,15.094200801988803,0.7886686238203351,0.6695267808264828,0.5164482615638228,0.5312030068671508,13.569415560720323,0.882556182492432
BNBUSDT,14,7,0.01,0.01,2,1.0,334,61,2023-01-29 00:00:00+00:00,2024-02-02 00:00:00+00:00,2024-02-09 00:00:00+00:00,2024-03-01 00:00:00+00:00,2024-05-07 00:00:00+00:00,0.7590975015676484,0.4134279100376335,0.18976180569111534,0.2856758424025677,14.56563181773393,0.792351274903407,0.6632138822812331,0.507621289725203,0.5196113593383689,13.13094679894713,0.882556182492432
BNBUSDT,14,7,0.01,0.01,3,0.25,99,61,2023-12-27 00:00:00+00:00,2024-04-03 00:00:00+00:00,2024-04-10 00:00:00+00:00,2024-05-01 00:00:00+00:00,2024-07-07 00:00:00+00:00,0.9235837311500202,0.413476130337146,0.18711843299080058,0.30033902217173586,10.192928731728871,0.45059436405696546,0.473113930993666,0.25658270065024297,0.3039733174464341,12.674233106245396,0.5694717869374496
BNBUSDT,14,7,0.01,0.01,3,0.5,198,61,2023-09-19 00:00:00+00:00,2024-04-03 00:00:00+00:00,2024-04-10 00:00:00+00:00,2024-05-01 00:00:00+00:00,2024-07-07 00:00:00+00:00,0.8985447629449081,0.4367843016410536,0.2105905013448498,0.29885128872705086,11.971176404683213,0.47981600344020375,0.46229545514640435,0.24274485807911597,0.31772190932845507,13.411472548937887,0.5694717869374496
BNBUSDT,14,7,0.01,0.01,3,0.75,297,61,2023-06-12 00:00:00+00:00,2024-04-03 00:00:00+00:00,2024-04-10 00:00:00+00:00,2024-05-01 00:00:00+00:00,2024-07-07 00:00:00+00:00,0.8948152085601634,0.39863806833303767,0.17554094536504347,0.27643108046131815,12.555095513424565,0.49659418391282323,0.45495199608906806,0.234864269805513,0.3220138364648149,13.57367593921333,0.5694717869374496
BNBUSDT,14,7,0.01,0.01,3,1.0,395,61,2023-01-29 00:00:00+00:00,2024-04-03 00:00:00+00:00,2024-04-10 00:00:00+00:00,2024-05-01 00:00:00+00:00,2024-07-07 00:00:00+00:00,0.8521915995934146,0.4405797630037978,0.21726022953805565,0.3105540760787215,14.21839292953168,0.45025605903763416,0.472678466020457,0.25668346576528844,0.3473807201770709,14.807201699444622,0.5694717869374496
BNBUSDT,14,7,0.01,0.01,4,0.25,114,62,2024-02-11 00:00:00+00:00,2024-06-03 00:00:00+00:00,2024-06-10 00:00:00+00:00,2024-07-01 00:00:00+00:00,2024-09-07 00:00:00+00:00,0.8583950862875084,0.5093230272790621,0.29164388690138104,0.3731734405584189,12.706029404060802,0.19629772762926528,0.7002182668392516,0.5573183021155977,0.5550047154424952,19.734215284953947,0.7657150390710866
BNBUSDT,14,7,0.01,0.01,4,0.5,228,62,2023-10-20 00:00:00+00:00,2024-06-03 00:00:00+00:00,2024-06-10 00:00:00+00:00,2024-07-01 00:00:00+00:00,2024-09-07 00:00:00+00:00,0.8287361829591339,0.49148756860260934,0.2693680611566975,0.34833312652334825,13.876585695049277,0.36623521876240606,0.620541729562863,0.4400901276576895,0.476412713478805,16.2246331240165,0.7657150390710866
BNBUSDT,14,7,0.01,0.01,4,0.75,342,62,2023-06-28 00:00:00+00:00,2024-06-03 00:00:00+00:00,2024-06-10 00:00:00+00:00,2024-07-01 00:00:00+00:00,2024-09-07 00:00:00+00:00,0.8596202266108837,0.42846028830740174,0.20454125197623024,0.29582543414032386,13.550264674336281,0.45897706719056597,0.5736676075940462,0.3756782870080001,0.4330374832995384,14.757416502173664,0.7657150390710866
BNBUSDT,14,7,0.01,0.01,4,1.0,456,62,2023-01-29 00:00:00+00:00,2024-06-03 00:00:00+00:00,2024-06-10 00:00:00+00:00,2024-07-01 00:00:00+00:00,2024-09-07 00:00:00+00:00,0.8263643024541328,0.44966148184341675,0.2268714452068055,0.31831418747013246,14.54063148292763,0.5634479570133971,0.5151031611638667,0.3034426763443404,0.38953077852140683,13.68900139116178,0.7657150390710866
BNBUSDT,14,7,0.01,0.01,5,0.25,130,61,2024-03-28 00:00:00+00:00,2024-08-04 00:00:00+00:00,2024-08-11 00:00:00+00:00,2024-09-01 00:00:00+00:00,2024-11-07 00:00:00+00:00,0.48679790950474,0.49072287434003314,0.2787304763280591,0.3903470574967515,15.714592491006249,-0.25440050612883386,0.31227811225037294,0.1114275899014544,0.25801857947329143,14.265081434056691,0.23380489499764362
BNBUSDT,14,7,0.01,0.01,5,0.5,259,61,2023-11-20 00:00:00+00:00,2024-08-04 00:00:00+00:00,2024-08-11 00:00:00+00:00,2024-09-01 00:00:00+00:00,2024-11-07 00:00:00+00:00,0.8055310770159679,0.49699477408660503,0.2816508607498617,0.3788120187408402,14.293628584082127,0.2826441748836582,0.24052914175526174,0.06357875074832488,0.1974621413273921,10.954021786477586,0.23380489499764362
BNBUSDT,14,7,0.01,0.01,5,0.75,389,61,2023-07-13 00:00:00+00:00,2024-08-04 00:00:00+00:00,2024-08-11 00:00:00+00:00,2024-09-01 00:00:00+00:00,2024-11-07 00:00:00+00:00,0.8389341341239793,0.45075337890992623,0.2299760775008652,0.3261354666503385,14.272771386365678,0.32409593791775143,0.23496586200192118,0.059880298367456765,0.191415955929821,10.632325150777794,0.23380489499764362
BNBUSDT,14,7,0.01,0.01,5,1.0,518,61,2023-01-29 00:00:00+00:00,2024-08-04 00:00:00+00:00,2024-08-11 00:00:00+00:00,2024-09-01 00:00:00+00:00,2024-11-07 00:00:00+00:00,0.8123497758462689,0.4576998630545219,0.23745604410278534,0.33412407359589485,14.857118007754455,0.2720657369216641,0.24277458307739197,0.0645175826105264,0.20029686980349026,11.040814977138899,0.23380489499764362
BNBUSDT,14,7,0.01,0.01,6,0.25,145,54,2024-05-13 00:00:00+00:00,2024-10-04 00:00:00+00:00,2024-10-11 00:00:00+00:00,2024-11-01 00:00:00+00:00,2024-12-31 00:00:00+00:00,0.6544473728906196,0.435879846234604,0.21682019735125907,0.3367152521584998,13.865379871229184,0.4293066070141935,0.5551690323255332,0.3349697780758178,0.44057466610594764,15.61369737166605,0.6278593426048094
BNBUSDT,14,7,0.01,0.01,6,0.5,290,54,2023-12-20 00:00:00+00:00,2024-10-04 00:00:00+00:00,2024-10-11 00:00:00+00:00,2024-11-01 00:00:00+00:00,2024-12-31 00:00:00+00:00,0.8196262281542644,0.4562333475840106,0.23608518139087742,0.34094233769543286,12.698953450329407,0.5352910205302089,0.5037919525293765,0.2734141769934404,0.38653517632207757,13.315952913830186,0.6278593426048094
BNBUSDT,14,7,0.01,0.01,6,0.75,435,54,2023-07-28 00:00:00+00:00,2024-10-04 00:00:00+00:00,2024-10-11 00:00:00+00:00,2024-11-01 00:00:00+00:00,2024-12-31 00:00:00+00:00,0.8394121809948417,0.4348393323244798,0.21281157304821868,0.3115247025531415,13.248230120043461,0.5855701053425862,0.47861296765942035,0.2443688032554563,0.3638481607292846,12.472701639415453,0.6278593426048094
BNBUSDT,14,7,0.01,0.01,6,1.0,579,54,2023-01-29 00:00:00+00:00,2024-10-04 00:00:00+00:00,2024-10-11 00:00:00+00:00,2024-11-01 00:00:00+00:00,2024-12-31 00:00:00+00:00,0.8186029336462143,0.4372564175426211,0.2156667972016371,0.31607613235936977,13.958357730369146,0.5650931731512946,0.4886250789937243,0.25619071954028616,0.3722265705702905,12.834068029103605,0.6278593426048094
BNBUSDT,21,21,0.001,0.01,1,0.25,69,60,2023-09-27 00:00:00+00:00,2023-12-04 00:00:00+00:00,2023-12-11 00:00:00+00:00,2024-01-01 00:00:00+00:00,2024-03-07 00:00:00+00:00,0.8933688985666984,0.27322116629987525,0.08074059822289761,0.18108493300885609,8.397603024254307,0.7097887745910747,0.29767057685470266,0.09603116297677391,0.2180142728437097,9.476812059440247,0.37219168912356626
BNBUSDT,21,21,0.001,0.01,1,0.5,137,60,2023-07-21 00:00:00+00:00,2023-12-04 00:00:00+00:00,2023-12-11 00:00:00+00:00,2024-01-01 00:00:00+00:00,2024-03-07 00:00:00+00:00,0.8993411859288353,0.2162901243228335,0.050063590553052664,0.14146035610463,7.976556648890349,0.7927653347230575,0.2527634090343996,0.0687231263004488,0.1869685067751928,8.148415496912683,0.37219168912356626
BNBUSDT,21,21,0.001,0.01,1,0.75,206,60,2023-05-13 00:00:00+00:00,2023-12-04 00:00:00+00:00,2023-12-11 00:00:00+00:00,2024-01-01 00:00:00+00:00,2024-03-07 00:00:00+00:00,0.8552254200884952,0.2916105222468645,0.09412858507239136,0.18926162155271048,9.431390214930722,0.744573265498311,0.27754376630841887,0.08437320653002515,0.21697325789379635,9.147246944586582,0.37219168912356626
BNBUSDT,21,21,0.001,0.01,1,1.0,274,60,2023-01-29 00:00:00+00:00,2023-12-04 00:00:00+00:00,2023-12-11 00:00:00+00:00,2024-01-01 00:00:00+00:00,2024-03-07 00:00:00+00:00,0.8507427954500199,0.2805849075762881,0.08687883699278073,0.19139007146514195,9.58525975191487,0.7745662562008758,0.2612014621705462,0.07454489550592094,0.2091098346258529,8.919727618808208,0.37219168912356626
BNBUSDT,21,21,0.001,0.01,2,0.25,84,61,2023-11-11 00:00:00+00:00,2024-02-02 00:00:00+00:00,2024-02-09 00:00:00+00:00,2024-03-01 00:00:00+00:00,2024-05-07 00:00:00+00:00,0.7288011615612907,0.350620785597819,0.13130846320213796,0.24612520480726283,9.494579339878799,0.851858536456514,0.48707749820505336,0.2663973770666731,0.3816117698758566,9.77944961351134,0.6875469892444853
BNBUSDT,21,21,0.001,0.01,2,0.5,167,61,2023-08-20 00:00:00+00:00,2024-02-02 00:00:00+00:00,2024-02-09 00:00:00+00:00,2024-03-01 00:00:00+00:00,2024-05-07 00:00:00+00:00,0.8983053725675062,0.2549474365490739,0.06923577946666924,0.16192483743174815,7.585977842574385,0.8573606206170024,0.47755982935508495,0.2564184678077819,0.3577228012397332,8.844638615685131,0.6875469892444853
BNBUSDT,21,21,0.001,0.01,2,0.75,251,61,2023-05-28 00:00:00+00:00,2024-02-02 00:00:00+00:00,2024-02-09 00:00:00+00:00,2024-03-01 00:00:00+00:00,2024-05-07 00:00:00+00:00,0.8472313829524873,0.3067236130269504,0.10351486948552768,0.20643498625566878,9.466468824257586,0.8615165022147394,0.4715421341380831,0.24883954060122046,0.37964566054955146,9.484494553297223,0.6875469892444853
BNBUSDT,21,21,0.001,0.01,2,1.0,334,61,2023-01-29 00:00:00+00:00,2024-02-02 00:00:00+00:00,2024-02-09 00:00:00+00:00,2024-03-01 00:00:00+00:00,2024-05-07 00:00:00+00:00,0.8509101478563761,0.2868384827155043,0.09045605718138372,0.19671016264446545,9.295930808505679,0.8746126517803896,0.4478808959735888,0.22544078578709842,0.34487055755669127,8.67724784333745,0.6875469892444853
BNBUSDT,21,21,0.001,0.01,3,0.25,99,61,2023-12-27 00:00:00+00:00,2024-04-03 00:00:00+00:00,2024-04-10 00:00:00+00:00,2024-05-01 00:00:00+00:00,2024-07-07 00:00:00+00:00,0.9299696616596689,0.3592906584024372,0.14444688782607237,0.2618238893481922,8.034829400908947,0.6160028293380949,0.2990070252657683,0.09951404063052767,0.22386840670019453,9.552004040555323,0.3612000746773715
BNBUSDT,21,21,0.001,0.01,3,0.5,198,61,2023-09-19 00:00:00+00:00,2024-04-03 00:00:00+00:00,2024-04-10 00:00:00+00:00,2024-05-01 00:00:00+00:00,2024-07-07 00:00:00+00:00,0.9365805323700614,0.3264919521104414,0.11694576262834813,0.23206908816171973,8.671248288477361,0.6205627551527468,0.29310423344434644,0.09840175058368199,0.21576742769920426,8.875002606642482,0.3612000746773715
BNBUSDT,21,21,0.001,0.01,3,0.75,297,61,2023-06-12 00:00:00+00:00,2024-04-03 00:00:00+00:00,2024-04-10 00:00:00+00:00,2024-05-01 00:00:00+00:00,2024-07-07 00:00:00+00:00,0.9434714846826634,0.2780401720914075,0.08445440140128387,0.1918426659545417,7.9250779943649565,0.594512472612603,0.30183722002908425,0.10517620817263582,0.2182589191537577,8.923844770481836,0.3612000746773715
BNBUSDT,21,21,0.001,0.01,3,1.0,395,61,2023-01-29 00:00:00+00:00,2024-04-03 00:00:00+00:00,2024-04-10 00:00:00+00:00,2024-05-01 00:00:00+00:00,2024-07-07 00:00:00+00:00,0.9162029855561213,0.30758952986326277,0.1046842141639328,0.21529060934531993,9.231898906722869,0.5900512049143268,0.30176708068203645,0.10635447491861506,0.23199235721359074,9.740256477119345,0.3612000746773715
BNBUSDT,21,21,0.001,0.01,4,0.25,114,62,2024-02-11 00:00:00+00:00,2024-06-03 00:00:00+00:00,2024-06-10 00:00:00+00:00,2024-07-01 00:00:00+00:00,2024-09-07 00:00:00+00:00,0.9068234324370519,0.3877967017616782,0.17225157863067264,0.29521199395838443,9.279356424780355,0.30541593975344383,0.41841305645189253,0.19943737343298848,0.328065940857133,11.385136994709784,0.5120013374172061
BNBUSDT,21,21,0.001,0.01,4,0.5,228,62,2023-10-20 00:00:00+00:00,2024-06-03 00:00:00+00:00,2024-06-10 00:00:00+00:00,2024-07-01 00:00:00+00:00,2024-09-07 00:00:00+00:00,0.9061931904163886,0.33686919924982217,0.1255771116969583,0.2516141093330359,9.051967628289828,0.3804824629766754,0.3956439432924878,0.17787443446815873,0.2920043364784059,9.711067292925362,0.5120013374172061
BNBUSDT,21,21,0.001,0.01,4,0.75,342,62,2023-06-28 00:00:00+00:00,2024-06-03 00:00:00+00:00,2024-06-10 00:00:00+00:00,2024-07-01 00:00:00+00:00,2024-09-07 00:00:00+00:00,0.9295746522240078,0.28706713987779053,0.09095118963654829,0.2020194629833506,8.294182911012374,0.3787162009747992,0.39610695557847997,0.17833539746941782,0.2857921318959431,9.39834157826546,0.5120013374172061
BNBUSDT,21,21,0.001,0.01,4,1.0,456,62,2023-01-29 00:00:00+00:00,2024-06-03 00:00:00+00:00,2024-06-10 00:00:00+00:00,2024-07-01 00:00:00+00:00,2024-09-07 00:00:00+00:00,0.9065459043156695,0.3052930713466927,0.10364773298246004,0.21515460029212427,9.099371779729385,0.5149009747908481,0.350767996900975,0.13928628081250047,0.24986324342854643,8.433664072955482,0.5120013374172061
BNBUSDT,21,21,0.001,0.01,5,0.25,130,61,2024-03-28 00:00:00+00:00,2024-08-04 00:00:00+00:00,2024-08-11 00:00:00+00:00,2024-09-01 00:00:00+00:00,2024-11-07 00:00:00+00:00,0.6065013393404689,0.372503385942792,0.16030690708059778,0.28944758088041767,10.874157045113265,0.5827993609978073,0.16593849651150722,0.03002332868584813,0.13333155609346362,6.945301472827084,0.18095197437298113
BNBUSDT,21,21,0.001,0.01,5,0.5,259,61,2023-11-20 00:00:00+00:00,2024-08-04 00:00:00+00:00,2024-08-11 00:00:00+00:00,2024-09-01 00:00:00+00:00,2024-11-07 00:00:00+00:00,0.8727572555018696,0.35260058715267356,0.14080095222456826,0.27142604929723346,9.685399267609753,0.6032975721040555,0.1609798715256932,0.028513812244019852,0.13438971341354633,6.991318784708627,0.18095197437298113
BNBUSDT,21,21,0.001,0.01,5,0.75,389,61,2023-07-13 00:00:00+00:00,2024-08-04 00:00:00+00:00,2024-08-11 00:00:00+00:00,2024-09-01 00:00:00+00:00,2024-11-07 00:00:00+00:00,0.9098110204185217,0.3114811696990416,0.10922570536881306,0.2272364544287471,9.148042362501482,0.6885341133198842,0.1436073936970394,0.022405948526820218,0.1181519751251652,6.099700026891773,0.18095197437298113
BNBUSDT,21,21,0.001,0.01,5,1.0,518,61,2023-01-29 00:00:00+00:00,2024-08-04 00:00:00+00:00,2024-08-11 00:00:00+00:00,2024-09-01 00:00:00+00:00,2024-11-07 00:00:00+00:00,0.8931183330186928,0.314210351827135,0.11103953887120863,0.22721370438296254,9.497358989253714,0.5731251987892382,0.16531095289500689,0.030623445504374205,0.1389226519686468,7.173082724681858,0.18095197437298113
BNBUSDT,21,21,0.001,0.01,6,0.25,145,54,2024-05-13 00:00:00+00:00,2024-10-04 00:00:00+00:00,2024-10-11 00:00:00+00:00,2024-11-01 00:00:00+00:00,2024-12-31 00:00:00+00:00,0.7037552627955881,0.31191186751693173,0.11139211922443976,0.23473956587628292,9.32787440121487,0.6932478026402105,0.3580689906745211,0.1353926703654939,0.2917828502339365,10.285821571999946,0.40765013846984893
BNBUSDT,21,21,0.001,0.01,6,0.5,290,54,2023-12-20 00:00:00+00:00,2024-10-04 00:00:00+00:00,2024-10-11 00:00:00+00:00,2024-11-01 00:00:00+00:00,2024-12-31 00:00:00+00:00,0.8837184388892102,0.3247351083770075,0.11989075489785213,0.24425536813040238,8.70081453941651,0.6746658493072151,0.36677739642585994,0.14315747849266774,0.28381987821969784,10.025358401382197,0.40765013846984893
BNBUSDT,21,21,0.001,0.01,6,0.75,435,54,2023-07-28 00:00:00+00:00,2024-10-04 00:00:00+00:00,2024-10-11 00:00:00+00:00,2024-11-01 00:00:00+00:00,2024-12-31 00:00:00+00:00,0.9125432877178896,0.29794626644015676,0.09945387606775619,0.21523230658727818,8.606066119527823,0.6860493205343398,0.3607684682497471,0.1382319873622208,0.275452297257242,9.644308407514105,0.40765013846984893
BNBUSDT,21,21,0.001,0.01,6,1.0,579,54,2023-01-29 00:00:00+00:00,2024-10-04 00:00:00+00:00,2024-10-11 00:00:00+00:00,2024-11-01 00:00:00+00:00,2024-12-31 00:00:00+00:00,0.8969631735937992,0.29949691485330654,0.10055774278378332,0.2133507502243843,8.885625392145712,0.6819518188495958,0.3648848082654422,0.14055662978812486,0.28510061575554485,9.879528420918692,0.40765013846984893
BNBUSDT,28,7,0.001,0.01,1,0.25,69,60,2023-09-27 00:00:00+00:00,2023-12-04 00:00:00+00:00,2023-12-11 00:00:00+00:00,2024-01-01 00:00:00+00:00,2024-03-07 00:00:00+00:00,0.9024732430418283,0.23133728316297514,0.0579593568022328,0.15686930359090842,7.800585655233624,0.6437805445167323,0.3006819628719091,0.10213937797384477,0.20028765043879287,8.71234381432229,0.2948680010055963
BNBUSDT,28,7,0.001,0.01,1,0.5,137,60,2023-07-21 00:00:00+00:00,2023-12-04 00:00:00+00:00,2023-12-11 00:00:00+00:00,2024-01-01 00:00:00+00:00,2024-03-07 00:00:00+00:00,0.8856026373801686,0.19681982098128456,0.04187260736842466,0.12895709228064164,7.641560632415891,0.8769727488681459,0.18177196307109847,0.03547588839612265,0.13261333933236985,5.710765672752467,0.2948680010055963
BNBUSDT,28,7,0.001,0.01,1,0.75,206,60,2023-05-13 00:00:00+00:00,2023-12-04 00:00:00+00:00,2023-12-11 00:00:00+00:00,2024-01-01 00:00:00+00:00,2024-03-07 00:00:00+00:00,0.8561854136021851,0.2560443746651782,0.0727613681011223,0.16866191737076183,8.925945514784589,0.8508901637950953,0.1979016607873368,0.042887356200340995,0.15319926323552496,6.447781618731845,0.2948680010055963
BNBUSDT,28,7,0.001,0.01,1,1.0,274,60,2023-01-29 00:00:00+00:00,2023-12-04 00:00:00+00:00,2023-12-11 00:00:00+00:00,2024-01-01 00:00:00+00:00,2024-03-07 00:00:00+00:00,0.8584226713884184,0.23749457550593012,0.06233034435558483,0.16006496899915365,8.164132808452992,0.851000545246282,0.19716092099978413,0.04282624223084184,0.15165479546894703,6.399459625662979,0.2948680010055963
BNBUSDT,28,7,0.001,0.01,2,0.25,84,61,2023-11-11 00:00:00+00:00,2024-02-02 00:00:00+00:00,2024-02-09 00:00:00+00:00,2024-03-01 00:00:00+00:00,2024-05-07 00:00:00+00:00,0.5424560614431176,0.32509250846539084,0.11458521879214051,0.22392239420055854,8.594494554058581,0.8779644050884796,0.3798524592081442,0.1601906295867632,0.3029887576194353,7.836153589487679,0.5544681366719811
BNBUSDT,28,7,0.001,0.01,2,0.5,167,61,2023-08-20 00:00:00+00:00,2024-02-02 00:00:00+00:00,2024-02-09 00:00:00+00:00,2024-03-01 00:00:00+00:00,2024-05-07 00:00:00+00:00,0.8970750984780024,0.23489356776074283,0.05957644348678409,0.14356017386359718,6.870301019693788,0.8841764664256034,0.3687006116258344,0.152082707354783,0.2753589736854296,6.953625518037856,0.5544681366719811
BNBUSDT,28,7,0.001,0.01,2,0.75,251,61,2023-05-28 00:00:00+00:00,2024-02-02 00:00:00+00:00,2024-02-09 00:00:00+00:00,2024-03-01 00:00:00+00:00,2024-05-07 00:00:00+00:00,0.8536845342495007,0.2709559379293188,0.08114851492127073,0.181029473643683,8.75325111849873,0.8873352971295648,0.3628131068501587,0.1479362591823518,0.2793613647245253,7.230811630415316,0.5544681366719811
BNBUSDT,28,7,0.001,0.01,2,1.0,334,61,2023-01-29 00:00:00+00:00,2024-02-02 00:00:00+00:00,2024-02-09 00:00:00+00:00,2024-03-01 00:00:00+00:00,2024-05-07 00:00:00+00:00,0.8570939546293918,0.2470364441672781,0.06728585187324114,0.16611894225843796,7.974618821250159,0.888096298820206,0.3613582550483339,0.14692710091539626,0.2787033264602844,7.187136222070582,0.5544681366719811
BNBUSDT,28,7,0.001,0.01,3,0.25,99,61,2023-12-27 00:00:00+00:00,2024-04-03 00:00:00+00:00,2024-04-10 00:00:00+00:00,2024-05-01 00:00:00+00:00,2024-07-07 00:00:00+00:00,0.9472603308567064,0.28433533748497997,0.09019671895965915,0.20177411354437128,6.489920628532252,0.6115269873660388,0.23834511186019336,0.06360389463127492,0.16551624438014806,6.976521478056913,0.2671151969112413
BNBUSDT,28,7,0.001,0.01,3,0.5,198,61,2023-09-19 00:00:00+00:00,2024-04-03 00:00:00+00:00,2024-04-10 00:00:00+00:00,2024-05-01 00:00:00+00:00,2024-07-07 00:00:00+00:00,0.949084499978712,0.27192160240462077,0.08147206346486248,0.18680943306662134,7.446844734795852,0.6415564647267681,0.2287258468229305,0.058707714314048406,0.15920649116252286,6.680567758928598,0.2671151969112413
BNBUSDT,28,7,0.001,0.01,3,0.75,297,61,2023-06-12 00:00:00+00:00,2024-04-03 00:00:00+00:00,2024-04-10 00:00:00+00:00,2024-05-01 00:00:00+00:00,2024-07-07 00:00:00+00:00,0.9515686009174217,0.23755715761213866,0.06203410752095362,0.1629403736167732,7.065615089784754,0.6342813280840661,0.2298592290015849,0.059938099555663545,0.15723018146509796,6.525556804019708,0.2671151969112413
BNBUSDT,28,7,0.001,0.01,3,1.0,395,61,2023-01-29 00:00:00+00:00,2024-04-03 00:00:00+00:00,2024-04-10 00:00:00+00:00,2024-05-01 00:00:00+00:00,2024-07-07 00:00:00+00:00,0.9283941768275287,0.2585947954360244,0.07419797245172506,0.17870725395500095,7.868764540546761,0.623728084443927,0.23303609114718318,0.061659524391258234,0.16843283815244722,7.012352488064855,0.2671151969112413
BNBUSDT,28,7,0.001,0.01,4,0.25,114,62,2024-02-11 00:00:00+00:00,2024-06-03 00:00:00+00:00,2024-06-10 00:00:00+00:00,2024-07-01 00:00:00+00:00,2024-09-07 00:00:00+00:00,0.9379429889057198,0.3011981302851509,0.10189112289293703,0.22863864788967794,7.440740849040439,-0.1935919192547289,0.2654146993945559,0.07822105195696587,0.19924385349955595,6.499604169645803,0.2801218698439159
BNBUSDT,28,7,0.001,0.01,4,0.5,228,62,2023-10-20 00:00:00+00:00,2024-06-03 00:00:00+00:00,2024-06-10 00:00:00+00:00,2024-07-01 00:00:00+00:00,2024-09-07 00:00:00+00:00,0.9225877893233638,0.28517348564969786,0.0898651962838459,0.20789336789708063,7.698161533863053,-0.2305248689729479,0.2689288413356297,0.08058539790116376,0.18855136886944207,6.158586017272941,0.2801218698439159
BNBUSDT,28,7,0.001,0.01,4,0.75,342,62,2023-06-28 00:00:00+00:00,2024-06-03 00:00:00+00:00,2024-06-10 00:00:00+00:00,2024-07-01 00:00:00+00:00,2024-09-07 00:00:00+00:00,0.9444101787046426,0.24203587496993065,0.06450008932875018,0.1685460784545363,7.174570557037403,-0.28166323044382985,0.2735775774872892,0.08381391556621755,0.18896710450863008,6.160074064070777,0.2801218698439159
BNBUSDT,28,7,0.001,0.01,4,1.0,456,62,2023-01-29 00:00:00+00:00,2024-06-03 00:00:00+00:00,2024-06-10 00:00:00+00:00,2024-07-01 00:00:00+00:00,2024-09-07 00:00:00+00:00,0.9231353999124224,0.2571834057676357,0.0734959198582281,0.1795191922524947,7.711282573633811,-0.1304524234469917,0.25676494377243086,0.07427201163632664,0.18298332312397106,5.988515406498857,0.2801218698439159
BNBUSDT,28,7,0.001,0.01,5,0.25,130,61,2024-03-28 00:00:00+00:00,2024-08-04 00:00:00+00:00,2024-08-11 00:00:00+00:00,2024-09-01 00:00:00+00:00,2024-11-07 00:00:00+00:00,0.8438579579849168,0.2696079441647971,0.0818822711819061,0.18912524999285124,6.662083931518406,0.6477398581745242,0.13502669146171753,0.019392341300650085,0.10059017260215376,4.939519721208737,0.1752241390555771
BNBUSDT,28,7,0.001,0.01,5,0.5,259,61,2023-11-20 00:00:00+00:00,2024-08-04 00:00:00+00:00,2024-08-11 00:00:00+00:00,2024-09-01 00:00:00+00:00,2024-11-07 00:00:00+00:00,0.9030437316289383,0.27674596842669497,0.08515082489045171,0.1997509241428202,7.026240727206013,0.6911494111205476,0.12563733990394774,0.016955629038659402,0.10296367575165082,5.036849159060847,0.1752241390555771
BNBUSDT,28,7,0.001,0.01,5,0.75,389,61,2023-07-13 00:00:00+00:00,2024-08-04 00:00:00+00:00,2024-08-11 00:00:00+00:00,2024-09-01 00:00:00+00:00,2024-11-07 00:00:00+00:00,0.9361873672645892,0.2466663149788649,0.0676603551803329,0.17385715128426066,7.202462102739938,0.7422865860736538,0.11508912723649266,0.014168417319767554,0.09501573836529827,4.6495498344090604,0.1752241390555771
BNBUSDT,28,7,0.001,0.01,5,1.0,518,61,2023-01-29 00:00:00+00:00,2024-08-04 00:00:00+00:00,2024-08-11 00:00:00+00:00,2024-09-01 00:00:00+00:00,2024-11-07 00:00:00+00:00,0.9166195879766853,0.256050906520266,0.07321458801284375,0.18086781162536764,7.624268041823949,0.6824267774580844,0.12609473529819518,0.017359056282052306,0.1049109739364581,5.130113429867742,0.1752241390555771
BNBUSDT,28,7,0.001,0.01,6,0.25,145,54,2024-05-13 00:00:00+00:00,2024-10-04 00:00:00+00:00,2024-10-11 00:00:00+00:00,2024-11-01 00:00:00+00:00,2024-12-31 00:00:00+00:00,0.7801269025845073,0.22092772029679425,0.05421213118729548,0.15670266363910088,5.967485909269859,0.8296877472146361,0.25611733250825086,0.0705519385884611,0.1735727302264499,6.282270128683796,0.26487702339266106
BNBUSDT,28,7,0.001,0.01,6,0.5,290,54,2023-12-20 00:00:00+00:00,2024-10-04 00:00:00+00:00,2024-10-11 00:00:00+00:00,2024-11-01 00:00:00+00:00,2024-12-31 00:00:00+00:00,0.9138033824739463,0.25524352240138753,0.07269584985541981,0.181451922153194,6.366532283650196,0.8286858750221048,0.2574087319884232,0.0710437081176795,0.1903473890197574,7.0471818913400694,0.26487702339266106
BNBUSDT,28,7,0.001,0.01,6,0.75,435,54,2023-07-28 00:00:00+00:00,2024-10-04 00:00:00+00:00,2024-10-11 00:00:00+00:00,2024-11-01 00:00:00+00:00,2024-12-31 00:00:00+00:00,0.936702770342493,0.23742782285877553,0.062494217677472125,0.1659105529770953,6.777932791459515,0.8381081470735835,0.2507915493964657,0.06719221349968131,0.183235934939988,6.809677201403879,0.26487702339266106
BNBUSDT,28,7,0.001,0.01,6,1.0,579,54,2023-01-29 00:00:00+00:00,2024-10-04 00:00:00+00:00,2024-10-11 00:00:00+00:00,2024-11-01 00:00:00+00:00,2024-12-31 00:00:00+00:00,0.9181198508159492,0.245590942213501,0.0672681484224089,0.17138683623137568,7.159316281662403,0.8250942964874879,0.26004426577350165,0.07256149325507923,0.19423068034498533,7.202077531128219,0.26487702339266106
XRPUSDT,7,14,0.001,0.01,1,0.25,69,60,2023-09-27 00:00:00+00:00,2023-12-04 00:00:00+00:00,2023-12-11 00:00:00+00:00,2024-01-01 00:00:00+00:00,2024-03-07 00:00:00+00:00,0.4647121676750663,0.7024223541029847,0.5231863402089396,0.534656192291547,33.00616902981877,0.2714161018515722,0.6656465023953955,0.48646204249601355,0.5207688825954969,27.412557123996823,0.7733143688662284
XRPUSDT,7,14,0.001,0.01,1,0.5,137,60,2023-07-21 00:00:00+00:00,2023-12-04 00:00:00+00:00,2023-12-11 00:00:00+00:00,2024-01-01 00:00:00+00:00,2024-03-07 00:00:00+00:00,0.3558969447102726,0.8849219478607909,0.8521201255873585,0.6322717841176514,36.25938234240098,0.2647557887359377,0.6683290345469476,0.4927062402112658,0.5217520760833413,27.03718020412166,0.7733143688662284
XRPUSDT,7,14,0.001,0.01,1,0.75,206,60,2023-05-13 00:00:00+00:00,2023-12-04 00:00:00+00:00,2023-12-11 00:00:00+00:00,2024-01-01 00:00:00+00:00,2024-03-07 00:00:00+00:00,0.16320471571709003,3.0208654034745686,9.823597534481028,1.433965117494791,60.89855229144165,-0.7274043322461995,1.0157360945568783,1.1638455841276596,0.7784581064702929,44.32656875975302,0.7733143688662284
XRPUSDT,7,14,0.001,0.01,1,1.0,274,60,2023-01-29 00:00:00+00:00,2023-12-04 00:00:00+00:00,2023-12-11 00:00:00+00:00,2024-01-01 00:00:00+00:00,2024-03-07 00:00:00+00:00,0.27621557830359306,2.4969125058825425,6.685172878753866,1.1470852690637061,49.7788252136136,-0.4537180468853969,0.9337965177379072,0.9783054845379245,0.7143114525471985,39.79766891730456,0.7733143688662284
XRPUSDT,7,14,0.001,0.01,2,0.25,84,61,2023-11-11 00:00:00+00:00,2024-02-02 00:00:00+00:00,2024-02-09 00:00:00+00:00,2024-03-01 00:00:00+00:00,2024-05-07 00:00:00+00:00,0.41595868329420943,0.627225328283152,0.41553537543216923,0.4916374157827239,28.920910361851426,0.30916909412650867,1.5101541018994513,2.4251101219983164,1.1132049476493038,32.02690075370731,1.843169372833599
XRPUSDT,7,14,0.001,0.01,2,0.5,167,61,2023-08-20 00:00:00+00:00,2024-02-02 00:00:00+00:00,2024-02-09 00:00:00+00:00,2024-03-01 00:00:00+00:00,2024-05-07 00:00:00+00:00,0.5252068264244322,0.5834477639535823,0.35524657161108575,0.46979286884287036,28.241074786503788,0.2727888705774716,1.5413485949597476,2.5550083260663548,1.1371164123475666,29.77011448598737,1.843169372833599
XRPUSDT,7,14,0.001,0.01,2,0.75,251,61,2023-05-28 00:00:00+00:00,2024-02-02 00:00:00+00:00,2024-02-09 00:00:00+00:00,2024-03-01 00:00:00+00:00,2024-05-07 00:00:00+00:00,0.25386102344415645,2.6084206477250977,7.274531544832911,1.2292402973223735,53.37346448439368,0.05870608131007114,1.7595462722963353,3.3049749845188447,1.4262172470879049,49.75421774239595,1.843169372833599
XRPUSDT,7,14,0.001,0.01,2,1.0,334,61,2023-01-29 00:00:00+00:00,2024-02-02 00:00:00+00:00,2024-02-09 00:00:00+00:00,2024-03-01 00:00:00+00:00,2024-05-07 00:00:00+00:00,0.31859572748243653,2.2124976869141966,5.240500696989249,0.9970438891843956,44.18560007897347,0.196205919051674,1.630311851071711,2.820532123896598,1.3023366409516928,43.81146936313353,1.843169372833599
XRPUSDT,7,14,0.001,0.01,3,0.25,99,61,2023-12-27 00:00:00+00:00,2024-04-03 00:00:00+00:00,2024-04-10 00:00:00+00:00,2024-05-01 00:00:00+00:00,2024-07-07 00:00:00+00:00,0.6635631518559258,0.9028319280957616,0.8633530526958408,0.6480471140472268,26.324737709595595,-0.0714543050736932,0.6291676113425336,0.45127185702335093,0.505304825258779,39.982924683088136,0.6437473553084182
XRPUSDT,7,14,0.001,0.01,3,0.5,198,61,2023-09-19 00:00:00+00:00,2024-04-03 00:00:00+00:00,2024-04-10 00:00:00+00:00,2024-05-01 00:00:00+00:00,2024-07-07 00:00:00+00:00,0.6473596264856692,0.7798931364892076,0.650847012414753,0.5677207209479909,26.964693876727242,0.01363940029867521,0.6026211593462882,0.41362674033942415,0.4877854708776629,39.097177348893204,0.6437473553084182
XRPUSDT,7,14,0.001,0.01,3,0.75,297,61,2023-06-12 00:00:00+00:00,2024-04-03 00:00:00+00:00,2024-04-10 00:00:00+00:00,2024-05-01 00:00:00+00:00,2024-07-07 00:00:00+00:00,0.3244697031823605,2.3843903616920756,6.068744332704139,1.1417284087036492,48.25077676730275,-0.5401000597265455,0.7511137263445746,0.6525632206828642,0.6205609395564777,50.540569572775084,0.6437473553084182
XRPUSDT,7,14,0.001,0.01,3,1.0,395,61,2023-01-29 00:00:00+00:00,2024-04-03 00:00:00+00:00,2024-04-10 00:00:00+00:00,2024-05-01 00:00:00+00:00,2024-07-07 00:00:00+00:00,0.3638370948920091,2.0547336423156812,4.5206796989122395,0.9459856311502024,40.71806831726062,-0.3577536872590488,0.7051405808048872,0.5782439995085329,0.5844388457548308,47.47292094870753,0.6437473553084182
XRPUSDT,7,14,0.001,0.01,4,0.25,114,62,2024-02-11 00:00:00+00:00,2024-06-03 00:00:00+00:00,2024-06-10 00:00:00+00:00,2024-07-01 00:00:00+00:00,2024-09-07 00:00:00+00:00,0.5757789401111223,1.0937201543225583,1.2788152935741015,0.7894224521418496,31.501946298182318,0.25693892304599003,1.5280956519589302,2.5548393213748706,1.132359328462784,34.72167174639293,1.9763176659192965
XRPUSDT,7,14,0.001,0.01,4,0.5,228,62,2023-10-20 00:00:00+00:00,2024-06-03 00:00:00+00:00,2024-06-10 00:00:00+00:00,2024-07-01 00:00:00+00:00,2024-09-07 00:00:00+00:00,0.579865312171458,0.8864043058922819,0.8446051246361164,0.6248593453716335,27.825289304485437,0.3349027453506152,1.4467306262131798,2.2863974537857183,1.0645383772588735,30.504401396972845,1.9763176659192965
XRPUSDT,7,14,0.001,0.01,4,0.75,342,62,2023-06-28 00:00:00+00:00,2024-06-03 00:00:00+00:00,2024-06-10 00:00:00+00:00,2024-07-01 00:00:00+00:00,2024-09-07 00:00:00+00:00,0.34650083895414824,2.229027726673952,5.313409099084014,1.0756496983585664,44.50667111110515,0.04934912870222395,1.7227117897651247,3.268250581790361,1.3015404571128326,42.74035514520279,1.9763176659192965
XRPUSDT,7,14,0.001,0.01,4,1.0,456,62,2023-01-29 00:00:00+00:00,2024-06-03 00:00:00+00:00,2024-06-10 00:00:00+00:00,2024-07-01 00:00:00+00:00,2024-09-07 00:00:00+00:00,0.3694506545180608,1.9442731478010487,4.062304371842203,0.9119970066711114,39.38867119875643,0.1314628469691647,1.647575730613464,2.985784437143413,1.2315290212528347,39.21971921874906,1.9763176659192965
XRPUSDT,7,14,0.001,0.01,5,0.25,130,61,2024-03-28 00:00:00+00:00,2024-08-04 00:00:00+00:00,2024-08-11 00:00:00+00:00,2024-09-01 00:00:00+00:00,2024-11-07 00:00:00+00:00,0.452637622544974,1.1156807954807335,1.4044075900368673,0.8046547286046979,36.60125506057074,0.21137820311830552,0.8538529551674687,0.8159920804519796,0.6752673348723536,39.352362991482856,1.160211764808444
XRPUSDT,7,14,0.001,0.01,5,0.5,259,61,2023-11-20 00:00:00+00:00,2024-08-04 00:00:00+00:00,2024-08-11 00:00:00+00:00,2024-09-01 00:00:00+00:00,2024-11-07 00:00:00+00:00,0.556834760520778,0.9926007694892205,1.0905323346462095,0.7016295575480721,32.20837367087691,0.37796635389715305,0.7628412208341816,0.6433623495164944,0.5875670095953546,32.57124120756514,1.160211764808444
XRPUSDT,7,14,0.001,0.01,5,0.75,389,61,2023-07-13 00:00:00+00:00,2024-08-04 00:00:00+00:00,2024-08-11 00:00:00+00:00,2024-09-01 00:00:00+00:00,2024-11-07 00:00:00+00:00,0.64120664802479,1.0677056177786117,1.2276739766056763,0.727471008709325,33.32424886087474,0.39600604697010666,0.7480272841744098,0.6248865487804819,0.5790175955895036,31.248914802264984,1.160211764808444
XRPUSDT,7,14,0.001,0.01,5,1.0,518,61,2023-01-29 00:00:00+00:00,2024-08-04 00:00:00+00:00,2024-08-11 00:00:00+00:00,2024-09-01 00:00:00+00:00,2024-11-07 00:00:00+00:00,0.3712301369386977,1.8778587135531275,3.809115442363884,0.9207264478686302,40.195253035830184,0.20973924216247994,0.8576944381745372,0.8174964508087421,0.6763618251793648,40.443224986123276,1.160211764808444
XRPUSDT,7,14,0.001,0.01,6,0.25,145,54,2024-05-13 00:00:00+00:00,2024-10-04 00:00:00+00:00,2024-10-11 00:00:00+00:00,2024-11-01 00:00:00+00:00,2024-12-31 00:00:00+00:00,0.5110986754054948,1.0720409955056591,1.2694583208677388,0.7738782967652053,34.96455804022662,0.4358389705145945,1.8093119919743994,3.8611162536170283,1.4652109318272393,33.684772846600985,2.218222388067278
XRPUSDT,7,14,0.001,0.01,6,0.5,290,54,2023-12-20 00:00:00+00:00,2024-10-04 00:00:00+00:00,2024-10-11 00:00:00+00:00,2024-11-01 00:00:00+00:00,2024-12-31 00:00:00+00:00,0.5418755092951869,1.0293346229172269,1.157277851877497,0.7322279319068664,31.42165445185297,0.503507916735795,1.6976134316624987,3.3978780783539286,1.3916401862380068,31.865105075592577,2.218222388067278
XRPUSDT,7,14,0.001,0.01,6,0.75,435,54,2023-07-28 00:00:00+00:00,2024-10-04 00:00:00+00:00,2024-10-11 00:00:00+00:00,2024-11-01 00:00:00+00:00,2024-12-31 00:00:00+00:00,0.5454599202732584,0.9555701305661379,0.9979829050696094,0.6781827100309937,31.694777722699236,0.5495679489056898,1.6169382921422366,3.0825888936126646,1.3154780392369854,29.52648860781913,2.218222388067278
XRPUSDT,7,14,0.001,0.01,6,1.0,579,54,2023-01-29 00:00:00+00:00,2024-10-04 00:00:00+00:00,2024-10-11 00:00:00+00:00,2024-11-01 00:00:00+00:00,2024-12-31 00:00:00+00:00,0.3830240039224043,1.8000333318626889,3.4974372472131203,0.8979052713749834,38.82133221840526,0.37748513943184137,1.910475288114349,4.264040071206415,1.546924058726723,34.97040313310339,2.218222388067278
XRPUSDT,14,7,0.001,0.01,1,0.25,69,60,2023-09-27 00:00:00+00:00,2023-12-04 00:00:00+00:00,2023-12-11 00:00:00+00:00,2024-01-01 00:00:00+00:00,2024-03-07 00:00:00+00:00,0.6544064211751426,0.4071151619631393,0.1766852265565644,0.3143589368688545,14.404172029188224,0.6309221398762254,0.33340856130332824,0.12413045373269703,0.2563664957008877,11.535887822393374,0.4178390225813242
XRPUSDT,14,7,0.001,0.01,1,0.5,137,60,2023-07-21 00:00:00+00:00,2023-12-04 00:00:00+00:00,2023-12-11 00:00:00+00:00,2024-01-01 00:00:00+00:00,2024-03-07 00:00:00+00:00,0.2982403414845036,1.0425993848991595,1.1188176217185797,0.5167280215165415,19.004421344738244,0.6707464716501761,0.3153460637305566,0.11062721267372715,0.2404742507618424,10.600537191331536,0.4178390225813242
XRPUSDT,14,7,0.001,0.01,1,0.75,206,60,2023-05-13 00:00:00+00:00,2023-12-04 00:00:00+00:00,2023-12-11 00:00:00+00:00,2024-01-01 00:00:00+00:00,2024-03-07 00:00:00+00:00,0.5176897241529156,2.162082718183995,5.066824485465363,0.9686913658297174,30.00811943408391,-0.0717402396156251,0.5600081110879975,0.3640729864617368,0.458627800363076,21.261083427310034,0.4178390225813242
XRPUSDT,14,7,0.001,0.01,1,1.0,274,60,2023-01-29 00:00:00+00:00,2023-12-04 00:00:00+00:00,2023-12-11 00:00:00+00:00,2024-01-01 00:00:00+00:00,2024-03-07 00:00:00+00:00,0.5779333399733932,1.793237076692322,3.4739665661174297,0.7816519354968912,24.789930277567993,0.16731696182412903,0.49351002992465515,0.2845899921580463,0.39835329253851154,18.132697573504032,0.4178390225813242
XRPUSDT,14,7,0.001,0.01,2,0.25,84,61,2023-11-11 00:00:00+00:00,2024-02-02 00:00:00+00:00,2024-02-09 00:00:00+00:00,2024-03-01 00:00:00+00:00,2024-05-07 00:00:00+00:00,0.6802084389905969,0.32577767659907464,0.11199211326898238,0.2522971545303707,11.027922645751747,0.537435050130535,0.9290912439130244,0.9349469003179112,0.6931249890178487,17.452861255771374,1.2095113937425643
XRPUSDT,14,7,0.001,0.01,2,0.5,167,61,2023-08-20 00:00:00+00:00,2024-02-02 00:00:00+00:00,2024-02-09 00:00:00+00:00,2024-03-01 00:00:00+00:00,2024-05-07 00:00:00+00:00,0.7608478626624929,0.3439949237170685,0.1242933834400236,0.2518336547991802,11.562102245064963,0.5754412728210486,0.8891795302132325,0.858008393541455,0.6637051903787312,16.27264804905795,1.2095113937425643
XRPUSDT,14,7,0.001,0.01,2,0.75,251,61,2023-05-28 00:00:00+00:00,2024-02-02 00:00:00+00:00,2024-02-09 00:00:00+00:00,2024-03-01 00:00:00+00:00,2024-05-07 00:00:00+00:00,0.5462273328272029,1.9114599373688088,3.9551588921190426,0.8362855367524862,25.8889593367418,0.3346701512368032,1.1034980899675644,1.3464592317009965,0.8791496751188682,24.98345962322098,1.2095113937425643
XRPUSDT,14,7,0.001,0.01,2,1.0,334,61,2023-01-29 00:00:00+00:00,2024-02-02 00:00:00+00:00,2024-02-09 00:00:00+00:00,2024-03-01 00:00:00+00:00,2024-05-07 00:00:00+00:00,0.5853009752181648,1.6197771836910153,2.8393901387896765,0.6801821964334095,21.73246326248992,0.47681078057592696,0.984372275290924,1.0562762065295035,0.7732522730017471,21.42343603528878,1.2095113937425643
XRPUSDT,14,7,0.001,0.01,3,0.25,99,61,2023-12-27 00:00:00+00:00,2024-04-03 00:00:00+00:00,2024-04-10 00:00:00+00:00,2024-05-01 00:00:00+00:00,2024-07-07 00:00:00+00:00,0.8633068378564459,0.5138767104873762,0.2822733071933887,0.36666817695737824,11.99606068201176,0.011846319009824548,0.3564343381575096,0.14809534326507381,0.2815040401306617,16.893887168686387,0.3916070011831927
XRPUSDT,14,7,0.001,0.01,3,0.5,198,61,2023-09-19 00:00:00+00:00,2024-04-03 00:00:00+00:00,2024-04-10 00:00:00+00:00,2024-05-01 00:00:00+00:00,2024-07-07 00:00:00+00:00,0.8565966449579542,0.4305544034919491,0.19825786286810537,0.3157086770457548,11.968784560529112,0.036530204871727694,0.35199902692164614,0.1440305004053871,0.27888334269758774,16.750180989685184,0.3916070011831927
XRPUSDT,14,7,0.001,0.01,3,0.75,297,61,2023-06-12 00:00:00+00:00,2024-04-03 00:00:00+00:00,2024-04-10 00:00:00+00:00,2024-05-01 00:00:00+00:00,2024-07-07 00:00:00+00:00,0.5887436144775273,1.7392655080243256,3.268892848257449,0.7751434227539284,23.378065537637713,-0.9264882611135751,0.4952462796315474,0.2876481105708133,0.4109430669770542,25.021967223651256,0.3916070011831927
XRPUSDT,14,7,0.001,0.01,3,1.0,395,61,2023-01-29 00:00:00+00:00,2024-04-03 00:00:00+00:00,2024-04-10 00:00:00+00:00,2024-05-01 00:00:00+00:00,2024-07-07 00:00:00+00:00,0.617494005680685,1.4882565909111918,2.396081329309193,0.6350546146653084,19.89088002294541,-0.5984614839839411,0.4495473325163844,0.23984433602840807,0.36966974491219,22.474205745001033,0.3916070011831927
XRPUSDT,14,7,0.001,0.01,4,0.25,114,62,2024-02-11 00:00:00+00:00,2024-06-03 00:00:00+00:00,2024-06-10 00:00:00+00:00,2024-07-01 00:00:00+00:00,2024-09-07 00:00:00+00:00,0.8172576349371757,0.6375941892681841,0.43648288642708466,0.44336651575650293,14.79674891790687,0.5933924642412932,0.8521789597965428,0.7999840390989311,0.639923188831822,16.814054833819323,1.2016741100385988
XRPUSDT,14,7,0.001,0.01,4,0.5,228,62,2023-10-20 00:00:00+00:00,2024-06-03 00:00:00+00:00,2024-06-10 00:00:00+00:00,2024-07-01 00:00:00+00:00,2024-09-07 00:00:00+00:00,0.8196675875752166,0.5012566550063037,0.2710503965155143,0.33954074427372816,12.220064912505812,0.6050569489195847,0.8399218751139088,0.7770110916053198,0.6078464166721046,15.621757362442612,1.2016741100385988
XRPUSDT,14,7,0.001,0.01,4,0.75,342,62,2023-06-28 00:00:00+00:00,2024-06-03 00:00:00+00:00,2024-06-10 00:00:00+00:00,2024-07-01 00:00:00+00:00,2024-09-07 00:00:00+00:00,0.60421398763632,1.621230606574016,2.844265791951527,0.7282523573338288,22.37943148056832,0.4462361905166719,0.9915689089504927,1.088768491729889,0.815235548883915,22.265751735245935,1.2016741100385988
XRPUSDT,14,7,0.001,0.01,4,1.0,456,62,2023-01-29 00:00:00+00:00,2024-06-03 00:00:00+00:00,2024-06-10 00:00:00+00:00,2024-07-01 00:00:00+00:00,2024-09-07 00:00:00+00:00,0.6321739854492476,1.3853021857549945,2.078449109848038,0.5986829486119831,19.078933914705374,0.5177390249958181,0.9293181558955865,0.9477591305856694,0.7446699213394734,19.65426706193828,1.2016741100385988
XRPUSDT,14,7,0.001,0.01,5,0.25,130,61,2024-03-28 00:00:00+00:00,2024-08-04 00:00:00+00:00,2024-08-11 00:00:00+00:00,2024-09-01 00:00:00+00:00,2024-11-07 00:00:00+00:00,0.7118501147042505,0.6678263459603359,0.5079761366361834,0.5044154338657376,19.02412362733989,0.5586319740864392,0.46067826613282686,0.23445295397504926,0.3529510979804437,16.277531338940676,0.6619342558268771
XRPUSDT,14,7,0.001,0.01,5,0.5,259,61,2023-11-20 00:00:00+00:00,2024-08-04 00:00:00+00:00,2024-08-11 00:00:00+00:00,2024-09-01 00:00:00+00:00,2024-11-07 00:00:00+00:00,0.800388087313708,0.5626253765164374,0.3518373636446788,0.4006337233078603,14.589795659589528,0.5884696898118932,0.4462813706729136,0.21861762774372429,0.3320703101239045,15.023198750889067,0.6619342558268771
XRPUSDT,14,7,0.001,0.01,5,0.75,389,61,2023-07-13 00:00:00+00:00,2024-08-04 00:00:00+00:00,2024-08-11 00:00:00+00:00,2024-09-01 00:00:00+00:00,2024-11-07 00:00:00+00:00,0.8645942320084581,0.7668666935578534,0.6438444912938758,0.4699595219721398,15.787807150147797,0.5926958833470692,0.44209607464399275,0.21636814954733774,0.32443845177498765,14.704194510200987,0.6619342558268771
XRPUSDT,14,7,0.001,0.01,5,1.0,518,61,2023-01-29 00:00:00+00:00,2024-08-04 00:00:00+00:00,2024-08-11 00:00:00+00:00,2024-09-01 00:00:00+00:00,2024-11-07 00:00:00+00:00,0.6420362652217874,1.3110363327286951,1.8661025951704273,0.5950964146576063,19.328895092480955,0.4754604684346659,0.5011332524740878,0.2786459341274826,0.39337158223645674,18.20964609160071,0.6619342558268771
XRPUSDT,14,7,0.001,0.01,6,0.25,145,54,2024-05-13 00:00:00+00:00,2024-10-04 00:00:00+00:00,2024-10-11 00:00:00+00:00,2024-11-01 00:00:00+00:00,2024-12-31 00:00:00+00:00,0.7754642392115787,0.614748510438736,0.4227798611044127,0.46923812788949654,17.496130766729866,0.6443554724421533,1.2731962639007144,1.8746306417403016,1.0443174055420497,18.914109741383786,1.504011079604376
XRPUSDT,14,7,0.001,0.01,6,0.5,290,54,2023-12-20 00:00:00+00:00,2024-10-04 00:00:00+00:00,2024-10-11 00:00:00+00:00,2024-11-01 00:00:00+00:00,2024-12-31 00:00:00+00:00,0.8064264497543163,0.5814581708308387,0.3698299092891794,0.4232294080499403,14.819380795949336,0.6923068606060993,1.185444246856687,1.6223088082626134,0.9677732441219029,17.515187103253655,1.504011079604376
XRPUSDT,14,7,0.001,0.01,6,0.75,435,54,2023-07-28 00:00:00+00:00,2024-10-04 00:00:00+00:00,2024-10-11 00:00:00+00:00,2024-11-01 00:00:00+00:00,2024-12-31 00:00:00+00:00,0.7859726694403262,0.559487998305992,0.3429259414045035,0.3922733176074047,14.603114110702421,0.7105384069915521,1.1497836447101475,1.526031131643075,0.9274197402388431,16.97808274950182,1.504011079604376
XRPUSDT,14,7,0.001,0.01,6,1.0,579,54,2023-01-29 00:00:00+00:00,2024-10-04 00:00:00+00:00,2024-10-11 00:00:00+00:00,2024-11-01 00:00:00+00:00,2024-12-31 00:00:00+00:00,0.6471277420616215,1.2572538477593354,1.7176459914082702,0.579643331878013,18.61811307651846,0.5850956092781299,1.3701071914058747,2.1836678223817105,1.1531229005161603,20.263811950831517,1.504011079604376
XRPUSDT,21,7,0.0001,0.01,1,0.25,69,60,2023-09-27 00:00:00+00:00,2023-12-04 00:00:00+00:00,2023-12-11 00:00:00+00:00,2024-01-01 00:00:00+00:00,2024-03-07 00:00:00+00:00,0.6932023872242172,0.3267853018293802,0.11739269236302344,0.2344027933504014,9.164158537683207,0.48035713728100227,0.31608506425750127,0.11303688959738532,0.250801349500865,10.820483324294745,0.3248588365530697
XRPUSDT,21,7,0.0001,0.01,1,0.5,137,60,2023-07-21 00:00:00+00:00,2023-12-04 00:00:00+00:00,2023-12-11 00:00:00+00:00,2024-01-01 00:00:00+00:00,2024-03-07 00:00:00+00:00,0.6450473307420237,1.3780395976687612,2.0463870415358163,0.5226894922410048,18.905116443158498,0.5661362162288737,0.28955515523963377,0.09435739427374627,0.22451522790013367,9.561719073133009,0.3248588365530697
XRPUSDT,21,7,0.0001,0.01,1,0.75,206,60,2023-05-13 00:00:00+00:00,2023-12-04 00:00:00+00:00,2023-12-11 00:00:00+00:00,2024-01-01 00:00:00+00:00,2024-03-07 00:00:00+00:00,0.5920405947900026,1.8732701240998253,3.8213665694631054,0.8099537510082452,23.68368929995038,0.12997545335868876,0.40293249009211685,0.19084007639183817,0.342593397733646,15.303239128953733,0.3248588365530697
XRPUSDT,21,7,0.0001,0.01,1,1.0,274,60,2023-01-29 00:00:00+00:00,2023-12-04 00:00:00+00:00,2023-12-11 00:00:00+00:00,2024-01-01 00:00:00+00:00,2024-03-07 00:00:00+00:00,0.6454582323582899,1.5503904337770442,2.5994339007562632,0.6158146401467519,18.93359331485479,0.3431694917234801,0.3506389902827162,0.1444933274711636,0.29551062768486774,13.087447750572151,0.3248588365530697
XRPUSDT,21,7,0.0001,0.01,2,0.25,84,61,2023-11-11 00:00:00+00:00,2024-02-02 00:00:00+00:00,2024-02-09 00:00:00+00:00,2024-03-01 00:00:00+00:00,2024-05-07 00:00:00+00:00,0.5696858054512048,0.31266041017520546,0.10404092184348471,0.24288261149148474,9.445826847221994,0.2825003766573178,0.7886486917946929,0.6842394026713089,0.5654274390833951,14.724009108312874,0.8222087564135541
XRPUSDT,21,7,0.0001,0.01,2,0.5,167,61,2023-08-20 00:00:00+00:00,2024-02-02 00:00:00+00:00,2024-02-09 00:00:00+00:00,2024-03-01 00:00:00+00:00,2024-05-07 00:00:00+00:00,0.6534108294075371,0.364031537116238,0.14263235656580128,0.22123868546238443,9.647622888407277,0.3342022637401067,0.7607609041017843,0.6346777373595708,0.5407917484982756,14.13656775196785,0.8222087564135541
XRPUSDT,21,7,0.0001,0.01,2,0.75,251,61,2023-05-28 00:00:00+00:00,2024-02-02 00:00:00+00:00,2024-02-09 00:00:00+00:00,2024-03-01 00:00:00+00:00,2024-05-07 00:00:00+00:00,0.618932692129338,1.656596512282547,2.9785904689145584,0.6764759264324323,20.398336275393724,0.21230790021248014,0.82051978055392,0.7534683132933904,0.6667297991988188,17.485694635554104,0.8222087564135541
XRPUSDT,21,7,0.0001,0.01,2,1.0,334,61,2023-01-29 00:00:00+00:00,2024-02-02 00:00:00+00:00,2024-02-09 00:00:00+00:00,2024-03-01 00:00:00+00:00,2024-05-07 00:00:00+00:00,0.6614980297981505,1.3863291091382632,2.0761132332744396,0.5237337140273931,16.463597965202215,0.36542983896950404,0.7423794025995952,0.6047726615898491,0.5826937578077704,15.321289519652932,0.8222087564135541
XRPUSDT,21,7,0.0001,0.01,3,0.25,99,61,2023-12-27 00:00:00+00:00,2024-04-03 00:00:00+00:00,2024-04-10 00:00:00+00:00,2024-05-01 00:00:00+00:00,2024-07-07 00:00:00+00:00,0.8249877873251956,0.5270279189334263,0.30458364547807376,0.36281716746101433,11.753685340189133,-2.0101580776715706,0.41251213759091515,0.17899666165778208,0.24758953066282627,12.286220168510322,0.4290921271508143
XRPUSDT,21,7,0.0001,0.01,3,0.5,198,61,2023-09-19 00:00:00+00:00,2024-04-03 00:00:00+00:00,2024-04-10 00:00:00+00:00,2024-05-01 00:00:00+00:00,2024-07-07 00:00:00+00:00,0.8464638396833202,0.4069401962017979,0.17986953360841612,0.27374478855903384,9.725466336461361,-1.6414302744202744,0.387875497572215,0.15755454787317097,0.23526460074759004,11.662268469508994,0.4290921271508143
XRPUSDT,21,7,0.0001,0.01,3,0.75,297,61,2023-06-12 00:00:00+00:00,2024-04-03 00:00:00+00:00,2024-04-10 00:00:00+00:00,2024-05-01 00:00:00+00:00,2024-07-07 00:00:00+00:00,0.6533726111082033,1.5038642180791268,2.4466342716694593,0.6216833146734636,18.576364071495835,-2.454293843161479,0.4358941127756495,0.20421766586622211,0.31031069026783775,15.728874956966756,0.4290921271508143
XRPUSDT,21,7,0.0001,0.01,3,1.0,395,61,2023-01-29 00:00:00+00:00,2024-04-03 00:00:00+00:00,2024-04-10 00:00:00+00:00,2024-05-01 00:00:00+00:00,2024-07-07 00:00:00+00:00,0.6898445820306714,1.2662025659144807,1.7283547998942947,0.49068319053094256,15.247218413592206,-1.7710084723698571,0.39259162101257694,0.16481375365115106,0.27772260445230645,14.07245388437287,0.4290921271508143
XRPUSDT,21,7,0.0001,0.01,4,0.25,114,62,2024-02-11 00:00:00+00:00,2024-06-03 00:00:00+00:00,2024-06-10 00:00:00+00:00,2024-07-01 00:00:00+00:00,2024-09-07 00:00:00+00:00,0.7688999338362169,0.6276558035478271,0.4277776200164899,0.41529362985868506,13.677603812533432,0.49385903783109864,0.6974792762259071,0.5429335500308476,0.5081226510018977,15.002710689384363,0.7567960838559681
XRPUSDT,21,7,0.0001,0.01,4,0.5,228,62,2023-10-20 00:00:00+00:00,2024-06-03 00:00:00+00:00,2024-06-10 00:00:00+00:00,2024-07-01 00:00:00+00:00,2024-09-07 00:00:00+00:00,0.7997257968605374,0.46914695589290506,0.23757094296380182,0.30532042411655064,10.723200937798774,0.5339680728018931,0.6701974413022523,0.4999469819194466,0.4890241192061348,14.296726375952925,0.7567960838559681
XRPUSDT,21,7,0.0001,0.01,4,0.75,342,62,2023-06-28 00:00:00+00:00,2024-06-03 00:00:00+00:00,2024-06-10 00:00:00+00:00,2024-07-01 00:00:00+00:00,2024-09-07 00:00:00+00:00,0.6686380310877816,1.3966578849389157,2.106552851720568,0.5747925247868922,17.670321340125607,0.49494203404833276,0.694894684326968,0.5417880907538979,0.5701618768866369,15.9472443765965,0.7567960838559681
XRPUSDT,21,7,0.0001,0.01,4,1.0,456,62,2023-01-29 00:00:00+00:00,2024-06-03 00:00:00+00:00,2024-06-10 00:00:00+00:00,2024-07-01 00:00:00+00:00,2024-09-07 00:00:00+00:00,0.7001194134424907,1.1784883316523473,1.4955540305145036,0.4615757773366723,14.56152071914622,0.5659974437089441,0.6480159315261217,0.4655209372952067,0.5264039551245362,14.617667540916129,0.7567960838559681
XRPUSDT,21,7,0.0001,0.01,5,0.25,130,61,2024-03-28 00:00:00+00:00,2024-08-04 00:00:00+00:00,2024-08-11 00:00:00+00:00,2024-09-01 00:00:00+00:00,2024-11-07 00:00:00+00:00,0.7135040320405073,0.5946495396439472,0.3881990240465374,0.3966732608986546,13.622266181643267,0.2722869978623284,0.43677660973561233,0.20819601293576248,0.2939377442197051,13.433123264251057,0.44807937973622874
XRPUSDT,21,7,0.0001,0.01,5,0.5,259,61,2023-11-20 00:00:00+00:00,2024-08-04 00:00:00+00:00,2024-08-11 00:00:00+00:00,2024-09-01 00:00:00+00:00,2024-11-07 00:00:00+00:00,0.805375013295898,0.49810551356372956,0.27208035189972113,0.34089883957701367,11.76483678216134,0.34457900423103666,0.4153272800860446,0.18743039809747755,0.2830636892123603,12.775315178568228,0.44807937973622874
XRPUSDT,21,7,0.0001,0.01,5,0.75,389,61,2023-07-13 00:00:00+00:00,2024-08-04 00:00:00+00:00,2024-08-11 00:00:00+00:00,2024-09-01 00:00:00+00:00,2024-11-07 00:00:00+00:00,0.8402824710445594,0.8362199416494753,0.7575360788125426,0.3822512862904589,13.39283389828346,0.41478757722551085,0.3929762911460885,0.16730722282781138,0.26956420803941683,11.993470360592598,0.44807937973622874
XRPUSDT,21,7,0.0001,0.01,5,1.0,518,61,2023-01-29 00:00:00+00:00,2024-08-04 00:00:00+00:00,2024-08-11 00:00:00+00:00,2024-09-01 00:00:00+00:00,2024-11-07 00:00:00+00:00,0.7025067961256548,1.123625940321139,1.3641501306598487,0.4562855444706187,14.486947401333694,0.3757785978038924,0.4039712150887319,0.17865641956591957,0.30815293970402485,13.505823444864541,0.44807937973622874
XRPUSDT,21,7,0.0001,0.01,6,0.25,145,54,2024-05-13 00:00:00+00:00,2024-10-04 00:00:00+00:00,2024-10-11 00:00:00+00:00,2024-11-01 00:00:00+00:00,2024-12-31 00:00:00+00:00,0.7911970752419327,0.5309267243398248,0.3157376310011847,0.3558147614302859,12.482579890778048,0.6489165585639473,1.1121101818017285,1.4269679712336716,0.8104047404792992,14.293652764354903,1.146695880621283
XRPUSDT,21,7,0.0001,0.01,6,0.5,290,54,2023-12-20 00:00:00+00:00,2024-10-04 00:00:00+00:00,2024-10-11 00:00:00+00:00,2024-11-01 00:00:00+00:00,2024-12-31 00:00:00+00:00,0.8000820881445491,0.5257512574930889,0.3029832887362643,0.3568585028663428,12.265125046989084,0.6952275303219457,1.039034397705416,1.2400731910754315,0.7622444431246155,13.514776881197454,1.146695880621283
XRPUSDT,21,7,0.0001,0.01,6,0.75,435,54,2023-07-28 00:00:00+00:00,2024-10-04 00:00:00+00:00,2024-10-11 00:00:00+00:00,2024-11-01 00:00:00+00:00,2024-12-31 00:00:00+00:00,0.5576073681905863,0.7813259555290859,0.6547376057896516,0.3757079947461675,13.36858064010293,0.723480648983403,0.9908396149441838,1.1255237623622358,0.7318410002509772,13.020333233401592,1.146695880621283
XRPUSDT,21,7,0.0001,0.01,6,1.0,579,54,2023-01-29 00:00:00+00:00,2024-10-04 00:00:00+00:00,2024-10-11 00:00:00+00:00,2024-11-01 00:00:00+00:00,2024-12-31 00:00:00+00:00,0.7125712603174094,1.064814974560817,1.223738559585364,0.4418029505244545,14.03641136307786,0.6807602082689997,1.0528245867296373,1.2928806998038116,0.8488239768902265,14.479375842876156,1.146695880621283
XRPUSDT,28,7,0.001,0.01,1,0.25,69,60,2023-09-27 00:00:00+00:00,2023-12-04 00:00:00+00:00,2023-12-11 00:00:00+00:00,2024-01-01 00:00:00+00:00,2024-03-07 00:00:00+00:00,0.8651206663469674,0.20350276049812127,0.04529555701011791,0.15627065830402137,6.5072437600220345,0.678902015125889,0.19001532913056132,0.042075962053949686,0.1516601778153669,6.6051016721707345,0.2209322113822881
XRPUSDT,28,7,0.001,0.01,1,0.5,137,60,2023-07-21 00:00:00+00:00,2023-12-04 00:00:00+00:00,2023-12-11 00:00:00+00:00,2024-01-01 00:00:00+00:00,2024-03-07 00:00:00+00:00,0.9012898770489961,0.8052788187528177,0.6936798661325744,0.34289014149030744,11.524432403187499,0.74314613448836,0.171121410213213,0.033592453025696474,0.13501261237532164,5.823600992522785,0.2209322113822881
XRPUSDT,28,7,0.001,0.01,1,0.75,206,60,2023-05-13 00:00:00+00:00,2023-12-04 00:00:00+00:00,2023-12-11 00:00:00+00:00,2024-01-01 00:00:00+00:00,2024-03-07 00:00:00+00:00,0.705512462802355,1.4967355079273779,2.458089894413272,0.6101064738651392,18.159146654691693,0.020721043385692615,0.33113104805229365,0.12796291709099242,0.2796887338510586,12.233028568254845,0.2209322113822881
XRPUSDT,28,7,0.001,0.01,1,1.0,274,60,2023-01-29 00:00:00+00:00,2023-12-04 00:00:00+00:00,2023-12-11 00:00:00+00:00,2024-01-01 00:00:00+00:00,2024-03-07 00:00:00+00:00,0.7256867488264493,1.2799413878917565,1.7985377317113211,0.505375302964804,15.085098739012054,0.24979306868465884,0.28777315375492274,0.0985735684124169,0.2359083794996825,10.30152539941461,0.2209322113822881
XRPUSDT,28,7,0.001,0.01,2,0.25,84,61,2023-11-11 00:00:00+00:00,2024-02-02 00:00:00+00:00,2024-02-09 00:00:00+00:00,2024-03-01 00:00:00+00:00,2024-05-07 00:00:00+00:00,0.7962593545634021,0.17148182740245504,0.0315580848110742,0.1340878660336543,5.289646029886198,0.46372633893619775,0.4844782257024933,0.2503877198507005,0.31778531039457214,7.755500698550136,0.5816685608903818
XRPUSDT,28,7,0.001,0.01,2,0.5,167,61,2023-08-20 00:00:00+00:00,2024-02-02 00:00:00+00:00,2024-02-09 00:00:00+00:00,2024-03-01 00:00:00+00:00,2024-05-07 00:00:00+00:00,0.878314084538047,0.18952230135494896,0.038203917018094856,0.13422683668399266,5.749854195345434,0.5354578890540531,0.4533727425979241,0.21785252366921257,0.298062572742012,7.22551172243326,0.5816685608903818
XRPUSDT,28,7,0.001,0.01,2,0.75,251,61,2023-05-28 00:00:00+00:00,2024-02-02 00:00:00+00:00,2024-02-09 00:00:00+00:00,2024-03-01 00:00:00+00:00,2024-05-07 00:00:00+00:00,0.706761585100308,1.364742075845345,2.049495860356465,0.5238516158533506,15.763460868469968,0.3279861476133759,0.5461699129802351,0.31605409677396407,0.46090505248718894,11.189435612105303,0.5816685608903818
XRPUSDT,28,7,0.001,0.01,2,1.0,334,61,2023-01-29 00:00:00+00:00,2024-02-02 00:00:00+00:00,2024-02-09 00:00:00+00:00,2024-03-01 00:00:00+00:00,2024-05-07 00:00:00+00:00,0.7363590538554871,1.1502473276224308,1.4526599518608665,0.43326392060859686,13.187602738984074,0.45537225011295324,0.4959656591452965,0.2582050186494958,0.40578563717780564,9.859249477876418,0.5816685608903818
XRPUSDT,28,7,0.001,0.01,3,0.25,99,61,2023-12-27 00:00:00+00:00,2024-04-03 00:00:00+00:00,2024-04-10 00:00:00+00:00,2024-05-01 00:00:00+00:00,2024-07-07 00:00:00+00:00,0.9465108354769212,0.26741554335037016,0.0767301745267729,0.1827438081655508,6.1387788114549044,0.7076063834126939,0.2634630655274081,0.07727996532283724,0.17127157634265408,8.262846142101282,0.3923033746950191
XRPUSDT,28,7,0.001,0.01,3,0.5,198,61,2023-09-19 00:00:00+00:00,2024-04-03 00:00:00+00:00,2024-04-10 00:00:00+00:00,2024-05-01 00:00:00+00:00,2024-07-07 00:00:00+00:00,0.9452545974671679,0.22595338407153517,0.05490452248680341,0.16132230863773528,6.0759753287133575,0.8070989712594504,0.212262144727412,0.050355049552830336,0.14780441393465937,7.110539140471247,0.3923033746950191
XRPUSDT,28,7,0.001,0.01,3,0.75,297,61,2023-06-12 00:00:00+00:00,2024-04-03 00:00:00+00:00,2024-04-10 00:00:00+00:00,2024-05-01 00:00:00+00:00,2024-07-07 00:00:00+00:00,0.7326599003487655,1.2362092770547943,1.6747048924030614,0.48911084424823575,14.462924328127434,0.26861257742130945,0.3924026117583054,0.1859911875855327,0.27581003677059734,13.274595037007387,0.3923033746950191
XRPUSDT,28,7,0.001,0.01,3,1.0,395,61,2023-01-29 00:00:00+00:00,2024-04-03 00:00:00+00:00,2024-04-10 00:00:00+00:00,2024-05-01 00:00:00+00:00,2024-07-07 00:00:00+00:00,0.7588455729565583,1.0470484190834797,1.1998992459894045,0.4027583134001302,12.118503075698154,0.43862030850688566,0.3420212635171823,0.1417961304039333,0.23786029690041116,11.486057694492022,0.3923033746950191
XRPUSDT,28,7,0.001,0.01,4,0.25,114,62,2024-02-11 00:00:00+00:00,2024-06-03 00:00:00+00:00,2024-06-10 00:00:00+00:00,2024-07-01 00:00:00+00:00,2024-09-07 00:00:00+00:00,0.9101112683136251,0.3543815951904454,0.1327341367425099,0.23342316462431423,7.343125343198237,0.5864746529102064,0.4615604248619461,0.24648590747852808,0.35743041580122153,9.16563075033221,0.5140549915753138
XRPUSDT,28,7,0.001,0.01,4,0.5,228,62,2023-10-20 00:00:00+00:00,2024-06-03 00:00:00+00:00,2024-06-10 00:00:00+00:00,2024-07-01 00:00:00+00:00,2024-09-07 00:00:00+00:00,0.9198471031608284,0.271240221543158,0.0783610076471567,0.1793202117315891,6.19631234888122,0.6128199176304587,0.4484269726027422,0.23096811664755115,0.3434886518360196,8.833951179493072,0.5140549915753138
XRPUSDT,28,7,0.001,0.01,4,0.75,342,62,2023-06-28 00:00:00+00:00,2024-06-03 00:00:00+00:00,2024-06-10 00:00:00+00:00,2024-07-01 00:00:00+00:00,2024-09-07 00:00:00+00:00,0.7543732907066351,1.1251191640043703,1.381274323293405,0.45477524857795787,13.370242613465331,0.4725348408752872,0.524839647087105,0.3148468073704123,0.4067867010691204,10.33225403681133,0.5140549915753138
XRPUSDT,28,7,0.001,0.01,4,1.0,456,62,2023-01-29 00:00:00+00:00,2024-06-03 00:00:00+00:00,2024-06-10 00:00:00+00:00,2024-07-01 00:00:00+00:00,2024-09-07 00:00:00+00:00,0.7711316381674036,0.9641654050963461,1.0160002733285454,0.3757971415837477,11.268412916288922,0.5052582102412562,0.5079912097266716,0.2953467520570442,0.3923025979121234,9.969772257530728,0.5140549915753138
XRPUSDT,28,7,0.001,0.01,5,0.25,130,61,2024-03-28 00:00:00+00:00,2024-08-04 00:00:00+00:00,2024-08-11 00:00:00+00:00,2024-09-01 00:00:00+00:00,2024-11-07 00:00:00+00:00,0.8763713482673666,0.3742675205567479,0.1573585629774679,0.25296890257116855,8.178177591368568,0.2126991029769106,0.3502693835300353,0.13215576824276573,0.23996766489678797,9.973416229434724,0.4884309481533448
XRPUSDT,28,7,0.001,0.01,5,0.5,259,61,2023-11-20 00:00:00+00:00,2024-08-04 00:00:00+00:00,2024-08-11 00:00:00+00:00,2024-09-01 00:00:00+00:00,2024-11-07 00:00:00+00:00,0.9111746827382828,0.3086580877861079,0.10488863630006248,0.21294754717940206,7.192916448810058,0.45572101734355364,0.2924374990657335,0.0914696290362922,0.20756137983221232,8.36184893466763,0.4884309481533448
XRPUSDT,28,7,0.001,0.01,5,0.75,389,61,2023-07-13 00:00:00+00:00,2024-08-04 00:00:00+00:00,2024-08-11 00:00:00+00:00,2024-09-01 00:00:00+00:00,2024-11-07 00:00:00+00:00,0.9486279514228443,0.4598759508111687,0.22987244342878888,0.24303416984907322,8.152453487234572,0.5174660980549616,0.27409596499066863,0.08107370540935654,0.19830033347569673,7.885812424477258,0.4884309481533448
XRPUSDT,28,7,0.001,0.01,5,1.0,518,61,2023-01-29 00:00:00+00:00,2024-08-04 00:00:00+00:00,2024-08-11 00:00:00+00:00,2024-09-01 00:00:00+00:00,2024-11-07 00:00:00+00:00,0.7760655909094335,0.9144285776361746,0.9154445490323422,0.3615535848399436,11.087120166723723,-0.12139526503100094,0.4055253405012672,0.18853068829046601,0.2894506494236898,12.116621218691996,0.4884309481533448
XRPUSDT,28,7,0.001,0.01,6,0.25,145,54,2024-05-13 00:00:00+00:00,2024-10-04 00:00:00+00:00,2024-10-11 00:00:00+00:00,2024-11-01 00:00:00+00:00,2024-12-31 00:00:00+00:00,0.8959404690935596,0.3525208154875409,0.14170859480653913,0.2482255131291007,8.186300070466709,0.7960150099974003,0.8127795638264528,0.7796970883540115,0.5943932596074024,10.407994097613276,0.957298753917436
XRPUSDT,28,7,0.001,0.01,6,0.5,290,54,2023-12-20 00:00:00+00:00,2024-10-04 00:00:00+00:00,2024-10-11 00:00:00+00:00,2024-11-01 00:00:00+00:00,2024-12-31 00:00:00+00:00,0.9067351710436202,0.33018040882180727,0.12006870907986918,0.22890824659505413,7.492843588466792,0.8220483754827741,0.7630452242798931,0.6818793537263697,0.5609486471126734,9.914595761297507,0.957298753917436
XRPUSDT,28,7,0.001,0.01,6,0.75,435,54,2023-07-28 00:00:00+00:00,2024-10-04 00:00:00+00:00,2024-10-11 00:00:00+00:00,2024-11-01 00:00:00+00:00,2024-12-31 00:00:00+00:00,0.9030115411110925,0.43959638611853435,0.20993109509636673,0.24301957434274107,8.163001441920983,0.827132142192774,0.7544810074733103,0.6635489865145173,0.5467120485836091,9.728529377214501,0.957298753917436
XRPUSDT,28,7,0.001,0.01,6,1.0,579,54,2023-01-29 00:00:00+00:00,2024-10-04 00:00:00+00:00,2024-10-11 00:00:00+00:00,2024-11-01 00:00:00+00:00,2024-12-31 00:00:00+00:00,0.7859559588267634,0.860774612792072,0.8104274582644931,0.3492706175219441,10.616187971888285,0.7712763064000736,0.8642252078511783,0.8751888026856464,0.6505383288092944,11.124216290969972,0.957298753917436
