symbol,volatility_window,horizon,lag,acf,pacf
BNBUSDT,7,1,1,-0.04474002051782689,-0.0447400205178269
BNBUSDT,7,1,2,0.09508416406776483,0.09326918871619695
BNBUSDT,7,1,3,-0.0030695476460605086,0.005014180286787431
BNBUSDT,7,1,4,0.06309860105725801,0.054897065921545536
BNBUSDT,7,1,5,-0.050306283143150894,-0.04629716917804346
BNBUSDT,7,1,6,0.11821035388499518,0.10525355574284256
BNBUSDT,7,1,7,-0.07872110838360707,-0.06402780281269133
BNBUSDT,7,1,8,-0.0012132528825422072,-0.028657620509419893
BNBUSDT,7,1,9,-0.06271374849686996,-0.04934751896163799
BNBUSDT,7,1,10,-0.06703898935847478,-0.08344547910934895
BNBUSDT,7,1,11,0.05924995060937708,0.08414835821291941
BNBUSDT,7,1,12,-0.047644456446022235,-0.04930282070764024
BNBUSDT,7,1,13,0.100716345023186,0.11423593678815373
BNBUSDT,7,1,14,-0.03807258391592619,-0.027398115749131435
BNBUSDT,7,1,15,-0.050853266962060335,-0.07490310946648267
BNBUSDT,7,1,16,0.037765826109828406,0.06291423938893861
BNBUSDT,7,1,17,0.036111414617623,0.0006054800861294677
BNBUSDT,7,1,18,0.02300675373122826,0.05363190734354748
BNBUSDT,7,1,19,-0.07269521451272415,-0.12148198306708843
BNBUSDT,7,1,20,0.0035491523135533325,0.011204309459636632
BNBUSDT,7,1,21,-0.09197291673433565,-0.06543982379405824
BNBUSDT,7,1,22,0.04927984557338557,0.02807254041639159
BNBUSDT,7,1,23,-0.040459388965264756,0.010440157401440924
BNBUSDT,7,1,24,0.06745891405678192,0.01648057742807002
BNBUSDT,7,1,25,0.009300261094474967,0.07441242045917335
BNBUSDT,7,1,26,0.1166086881768078,0.08722499689734792
BNBUSDT,7,1,27,-0.08577569950724152,-0.06266478469842213
BNBUSDT,7,1,28,0.0983329304278773,0.06331071489687046
BNBUSDT,7,1,29,-0.008715946029674865,-0.025441086666123346
BNBUSDT,7,1,30,-0.03792294788444927,-0.07351848946522949
BNBUSDT,7,1,31,-0.0030639346732811695,-0.00791343119937505
BNBUSDT,7,1,32,-0.012014257331640408,-0.0041677897652503985
BNBUSDT,7,1,33,-0.028013437650218215,0.003749597130478036
BNBUSDT,7,1,34,0.03756402934430495,0.03767348187586177
BNBUSDT,7,1,35,-0.032617813333768335,-0.016069104963451902
BNBUSDT,7,1,36,-0.0024085024142785484,0.017321491392953164
BNBUSDT,7,1,37,-0.03841721373907247,-0.053583547798530855
BNBUSDT,7,1,38,-0.11868138324537622,-0.12045070010553255
BNBUSDT,7,1,39,0.04737251004561416,0.025855127893466893
BNBUSDT,7,1,40,-0.0718247520027959,-0.06927679404581151
BNBUSDT,7,1,41,-0.015284793031959669,-0.0037793101897472584
BNBUSDT,7,1,42,0.005413780791561878,-0.018046486552422903
BNBUSDT,7,1,43,-0.0449090248883938,-0.008829436449356656
BNBUSDT,7,1,44,-0.028608467561900285,0.001695495013351658
BNBUSDT,7,1,45,0.01039456926146966,-0.00823795399290573
BNBUSDT,7,1,46,-0.02702386951954468,-0.0015172203882346188
BNBUSDT,7,1,47,0.007198811979917661,-0.0036250534521678752
BNBUSDT,7,1,48,0.0019338783064522839,-0.010354269037681395
BNBUSDT,7,1,49,-0.002710510798656121,0.016509092458336132
BNBUSDT,7,1,50,-0.00996993941745462,-0.05950567475557084
BNBUSDT,7,1,51,0.055457258777204914,0.08823441548027611
BNBUSDT,7,1,52,0.07612676483611314,0.046559947230874546
BNBUSDT,7,1,53,0.0414667654889095,0.05303612633209321
BNBUSDT,7,1,54,0.0028425756834003337,0.002138327952996797
BNBUSDT,7,1,55,-0.029832931366707623,-0.038523260483135514
BNBUSDT,7,1,56,-0.03843962880405298,-0.029766544573058887
BNBUSDT,7,2,1,0.5077562606571535,0.5077562606571534
BNBUSDT,7,2,2,0.09438367032510458,-0.22020528932143293
BNBUSDT,7,2,3,0.061645177468197324,0.16281455514796558
BNBUSDT,7,2,4,0.08223459963681551,-0.015323143617403188
BNBUSDT,7,2,5,0.07846218978160013,0.05226243948423586
BNBUSDT,7,2,6,-0.020558989774230995,-0.11415072283326475
BNBUSDT,7,2,7,-0.013717829709789459,0.08962889804410305
BNBUSDT,7,2,8,-0.03518373612522913,-0.11987423155195062
BNBUSDT,7,2,9,-0.07476062251765263,0.0022219442489478003
BNBUSDT,7,2,10,-0.05096249118828342,-0.013493976542104493
BNBUSDT,7,2,11,0.008948473842017064,0.06477150475163809
BNBUSDT,7,2,12,0.03844357207297753,-0.01089492601502555
BNBUSDT,7,2,13,0.025564932998702498,0.03562146319510034
BNBUSDT,7,2,14,-0.05274177355088162,-0.11542808119282008
BNBUSDT,7,2,15,-0.05103744637008986,0.053451685942685796
BNBUSDT,7,2,16,0.03602644700104044,0.03262289314668684
BNBUSDT,7,2,17,0.0732680968514705,0.042111496656603006
BNBUSDT,7,2,18,0.021852565877659734,-0.05730387496169359
BNBUSDT,7,2,19,-0.0685290732277653,-0.04608221323203479
BNBUSDT,7,2,20,-0.08840651965865856,-0.048126736850584384
BNBUSDT,7,2,21,-0.08422035728675581,-0.03801784319496853
BNBUSDT,7,2,22,-0.05423309470924473,0.013112245299281936
BNBUSDT,7,2,23,-0.0018376106068025168,0.030329725175175307
BNBUSDT,7,2,24,0.06631343982697525,0.08343503567405315
BNBUSDT,7,2,25,0.11590169983963801,0.0749773535757779
BNBUSDT,7,2,26,0.08297577673891238,0.003896445831943062
BNBUSDT,7,2,27,0.0265345138270895,-0.024895029823379176
BNBUSDT,7,2,28,0.06895251828921313,0.07270441957094646
BNBUSDT,7,2,29,0.015532374482681422,-0.15348703456106486
BNBUSDT,7,2,30,-0.05507596625042202,0.014122215329970092
BNBUSDT,7,2,31,-0.03466087279990588,0.004199572731116842
BNBUSDT,7,2,32,-0.058203080986734976,-0.05218842124077087
BNBUSDT,7,2,33,-0.0153157258076623,0.06207684856429565
BNBUSDT,7,2,34,-0.008578604633682062,-0.012669120227762024
BNBUSDT,7,2,35,-0.024643900131243297,-0.016402715542080226
BNBUSDT,7,2,36,-0.01858131346980494,-0.0001727206313334431
BNBUSDT,7,2,37,-0.09655950878261965,-0.11475110377823518
BNBUSDT,7,2,38,-0.13217573898956347,-0.051355179868825374
BNBUSDT,7,2,39,-0.08231900242959055,0.015363900543294859
BNBUSDT,7,2,40,-0.05938643585924905,-0.057794375576378405
BNBUSDT,7,2,41,-0.03014487573012871,0.014427726327345045
BNBUSDT,7,2,42,-0.016290051307416935,0.00746404158295084
BNBUSDT,7,2,43,-0.043243393746348675,-0.04004667500082501
BNBUSDT,7,2,44,-0.003930568866155875,0.06027883817351563
BNBUSDT,7,2,45,-0.031107554200602273,-0.07246476524183128
BNBUSDT,7,2,46,-0.048744574508449504,0.011170356358597224
BNBUSDT,7,2,47,-0.007927812481298013,0.029524419343050747
BNBUSDT,7,2,48,0.000341823821991054,-0.014064251809907677
BNBUSDT,7,2,49,-0.000999940812094492,-0.019324227860108626
BNBUSDT,7,2,50,0.0025673685360876205,0.023325845270226582
BNBUSDT,7,2,51,0.09451935206258003,0.09564232679200017
BNBUSDT,7,2,52,0.15479554782485191,0.043539563484703656
BNBUSDT,7,2,53,0.10229542951710324,0.0006196154509904945
BNBUSDT,7,2,54,0.008070975433001662,-0.033384426761156924
BNBUSDT,7,2,55,-0.047032733592842296,-0.0251781976354904
BNBUSDT,7,2,56,-0.044946113845133244,-0.05138393133915067
BNBUSDT,7,3,1,0.6323950261106568,0.6323950261106568
BNBUSDT,7,3,2,0.3642661752897528,-0.05942124365914718
BNBUSDT,7,3,3,0.1054961163248833,-0.16886576046989452
BNBUSDT,7,3,4,0.12844277070694843,0.2514094743427159
BNBUSDT,7,3,5,0.0313101567282321,-0.18410870913472752
BNBUSDT,7,3,6,-0.007289058811823272,-0.029857663551379355
BNBUSDT,7,3,7,-0.07084168619455765,0.03027206220020645
BNBUSDT,7,3,8,-0.045771274254674636,-0.029250605174386955
BNBUSDT,7,3,9,-0.056060183976790155,-0.019949757609131792
BNBUSDT,7,3,10,-0.0721464973674956,-0.052896954993127174
BNBUSDT,7,3,11,0.003077580021116339,0.17574679641699106
BNBUSDT,7,3,12,-0.008490117205796137,-0.15087726826709819
BNBUSDT,7,3,13,0.0005271980058495067,0.011992742983519126
BNBUSDT,7,3,14,-0.05296143939481511,0.014063194350954454
BNBUSDT,7,3,15,-0.03786871776002068,-0.06754025344612576
BNBUSDT,7,3,16,0.018577336332042588,0.16119872199311877
BNBUSDT,7,3,17,0.046765798706349455,-0.0848157787317785
BNBUSDT,7,3,18,0.014401346828237356,-0.01860658452341868
BNBUSDT,7,3,19,-0.06947227626124515,-0.09597272488052216
BNBUSDT,7,3,20,-0.08458260643254076,0.0035101110842317997
BNBUSDT,7,3,21,-0.11757207634969814,-0.04413835534289197
BNBUSDT,7,3,22,-0.05491994613462316,0.026564271097936538
BNBUSDT,7,3,23,-0.016151727735620378,0.12138820128640743
BNBUSDT,7,3,24,0.10150296219378158,0.05368869255376769
BNBUSDT,7,3,25,0.10506343403264276,-0.00859377540095541
BNBUSDT,7,3,26,0.13695772370800852,0.0860255536154183
BNBUSDT,7,3,27,0.07530042100899183,-0.09640211870657685
BNBUSDT,7,3,28,0.07429464242617555,0.015069762452697968
BNBUSDT,7,3,29,0.010129922805343371,-0.0553138538982237
BNBUSDT,7,3,30,-0.03758385485013384,-0.05773405653969069
BNBUSDT,7,3,31,-0.06708137524427747,0.05605625462044737
BNBUSDT,7,3,32,-0.050486019470772116,-0.011305051761020911
BNBUSDT,7,3,33,-0.04455441847892222,-0.01754132320734163
BNBUSDT,7,3,34,-0.030609396868555985,0.024169587572850454
BNBUSDT,7,3,35,-0.04094955249549061,-0.05828545047397351
BNBUSDT,7,3,36,-0.07889856343301724,-0.06264424104283944
BNBUSDT,7,3,37,-0.10290538787854349,-0.039823439214710654
BNBUSDT,7,3,38,-0.14519654559587558,-0.05219288580014962
BNBUSDT,7,3,39,-0.1133404098635326,0.027772205822671384
BNBUSDT,7,3,40,-0.07558930609794318,-0.020910576707418447
BNBUSDT,7,3,41,-0.04081464726846679,0.0025084359174168376
BNBUSDT,7,3,42,-0.0328678390799329,-0.02309164266934206
BNBUSDT,7,3,43,-0.01761484270317843,0.01782250175674752
BNBUSDT,7,3,44,-0.023348614698858045,-0.026041582088776292
BNBUSDT,7,3,45,-0.033386783806705116,-0.034884553534989635
BNBUSDT,7,3,46,-0.04834055292785885,0.022735316393261276
BNBUSDT,7,3,47,-0.0327027319064043,0.03185647718710889
BNBUSDT,7,3,48,-0.01132821610882663,-0.04898364141633172
BNBUSDT,7,3,49,0.002314318265530566,0.03798040720059122
BNBUSDT,7,3,50,0.04249850469639066,0.030738882734440344
BNBUSDT,7,3,51,0.12948916460958898,0.12402567477156225
BNBUSDT,7,3,52,0.1795698720191395,0.002377856263284109
BNBUSDT,7,3,53,0.13818545866461976,-0.04241485674546001
BNBUSDT,7,3,54,0.027996857504777442,-0.057769866222215104
BNBUSDT,7,3,55,-0.0361699165034698,-0.026791960851743242
BNBUSDT,7,3,56,-0.06438365101941455,-0.0313219969383202
BNBUSDT,7,4,1,0.7612813582703085,0.7612813582703085
BNBUSDT,7,4,2,0.5260133998183771,-0.12732980930409085
BNBUSDT,7,4,3,0.3225583181857732,-0.07721935808630204
BNBUSDT,7,4,4,0.11703518700381059,-0.15982354168289092
BNBUSDT,7,4,5,0.03847286846841944,0.13586307215493623
BNBUSDT,7,4,6,-0.014694850460118853,-0.050914541289362396
BNBUSDT,7,4,7,-0.04064038997611019,0.002739981071516036
BNBUSDT,7,4,8,-0.06236790815416373,-0.07884972009540475
BNBUSDT,7,4,9,-0.05343340361047203,0.07674848813602408
BNBUSDT,7,4,10,-0.03691658821505143,-0.013319093366882997
BNBUSDT,7,4,11,-0.03287118626520975,-0.015035914241759107
BNBUSDT,7,4,12,-0.049283964073307034,-0.08769291620127663
BNBUSDT,7,4,13,-0.027895080426426428,0.1109848693136355
BNBUSDT,7,4,14,-0.041048816688089934,-0.09558641856953583
BNBUSDT,7,4,15,-0.03523231429659978,0.05771040655756834
BNBUSDT,7,4,16,0.00336008690639798,0.016681644318115328
BNBUSDT,7,4,17,0.013302809292195092,0.018084510194350745
BNBUSDT,7,4,18,-0.01241834644947369,-0.13345606251790534
BNBUSDT,7,4,19,-0.0649647499391967,-0.05196862320254167
BNBUSDT,7,4,20,-0.09299541826211322,0.014090310376881323
BNBUSDT,7,4,21,-0.11950199344977457,-0.007008325386805512
BNBUSDT,7,4,22,-0.08365564245761112,0.07259536350341057
BNBUSDT,7,4,23,-0.011634799504329671,0.0628630098365857
BNBUSDT,7,4,24,0.06981011599465774,0.0874456499833485
BNBUSDT,7,4,25,0.12636232776890163,-0.008027316709111623
BNBUSDT,7,4,26,0.14663963108063527,-0.015376920682158098
BNBUSDT,7,4,27,0.11269004961452232,-0.0847725506395804
BNBUSDT,7,4,28,0.07507302688893258,0.06088793186429813
BNBUSDT,7,4,29,0.0016034425039135514,-0.13894095138739582
BNBUSDT,7,4,30,-0.06623888608427896,0.006122592711153397
BNBUSDT,7,4,31,-0.0643717077248634,0.06983795511827687
BNBUSDT,7,4,32,-0.08618206094948928,-0.03130038317072602
BNBUSDT,7,4,33,-0.07301186844657695,-0.03442909838662358
BNBUSDT,7,4,34,-0.0660812632475954,-0.028171729380990735
BNBUSDT,7,4,35,-0.09350942949791503,-0.06631085772506813
BNBUSDT,7,4,36,-0.11166391102921067,-0.014267652887696592
BNBUSDT,7,4,37,-0.13884761753877292,-0.061982272578198785
BNBUSDT,7,4,38,-0.15305985773890013,-0.005550752988797836
BNBUSDT,7,4,39,-0.12575456055056847,0.04655246137744499
BNBUSDT,7,4,40,-0.10695001550007514,-0.05474313838991553
BNBUSDT,7,4,41,-0.0709465537541449,-0.007284096379690945
BNBUSDT,7,4,42,-0.025663477089209262,0.021821348554755173
BNBUSDT,7,4,43,-0.03168025809854534,-0.04116657174880982
BNBUSDT,7,4,44,-0.024351091623473067,-0.011351396733849682
BNBUSDT,7,4,45,-0.03914370641008443,-0.007027132664459291
BNBUSDT,7,4,46,-0.051752360172204,0.02966954959151682
BNBUSDT,7,4,47,-0.049799485676706064,-0.014554042893318605
BNBUSDT,7,4,48,-0.036779631747214186,-0.01314874641167507
BNBUSDT,7,4,49,0.021474304330510747,0.08537101289850563
BNBUSDT,7,4,50,0.08737099596414317,0.05389329093516539
BNBUSDT,7,4,51,0.16465152391420945,0.08153067978734412
BNBUSDT,7,4,52,0.20101103767195816,-0.027140296622919034
BNBUSDT,7,4,53,0.1609540359197269,-0.06612139337841696
BNBUSDT,7,4,54,0.07498932855751914,-0.07825287440870408
BNBUSDT,7,4,55,-0.014665835256035912,-0.04019507237905549
BNBUSDT,7,4,56,-0.07116434817405153,0.004553954456080036
BNBUSDT,7,5,1,0.8122620057174379,0.8122620057174377
BNBUSDT,7,5,2,0.6329216830509958,-0.07891087978261864
BNBUSDT,7,5,3,0.4094116850686688,-0.2400335471763914
BNBUSDT,7,5,4,0.22039812510032566,-0.05919819784045675
BNBUSDT,7,5,5,0.03855233460639453,-0.11466672435621247
BNBUSDT,7,5,6,-0.002736868200326639,0.25366300807246733
BNBUSDT,7,5,7,-0.0208741376630922,0.01199064829417133
BNBUSDT,7,5,8,-0.04341371683296904,-0.17578052968191887
BNBUSDT,7,5,9,-0.05178005848462783,-0.010684044821752479
BNBUSDT,7,5,10,-0.044367402569032,0.02009254352898628
BNBUSDT,7,5,11,-0.044641879207607614,0.05797943671386509
BNBUSDT,7,5,12,-0.07334281279807271,-0.10027141245303649
BNBUSDT,7,5,13,-0.0495371603874808,0.06365820912161334
BNBUSDT,7,5,14,-0.04374176551444663,-0.022744678046436758
BNBUSDT,7,5,15,-0.03364923337403475,-0.00017160802110162014
BNBUSDT,7,5,16,-0.01489002285758348,0.06001689397044528
BNBUSDT,7,5,17,0.0010749830271138418,-0.0819098456420295
BNBUSDT,7,5,18,-0.023330359355481476,-0.06778290682374259
BNBUSDT,7,5,19,-0.06354110311837542,-0.06604767146727078
BNBUSDT,7,5,20,-0.08302746691076478,0.04565512700702944
BNBUSDT,7,5,21,-0.10705822155643924,0.00948114031814403
BNBUSDT,7,5,22,-0.07562598500008193,0.12518443880682642
BNBUSDT,7,5,23,-0.029876876930404934,0.0038237089538722727
BNBUSDT,7,5,24,0.061487999282451584,0.07336141199755869
BNBUSDT,7,5,25,0.11078287689215251,-0.008820658108776438
BNBUSDT,7,5,26,0.14106601995373294,-0.06879266438111876
BNBUSDT,7,5,27,0.10352626810904805,-0.09840314321933147
BNBUSDT,7,5,28,0.06962440284638774,0.05105173866814442
BNBUSDT,7,5,29,-0.0198958788443659,-0.09459663314810285
BNBUSDT,7,5,30,-0.06877624898096873,0.03128690880881139
BNBUSDT,7,5,31,-0.08963758930097637,0.05598647243352313
BNBUSDT,7,5,32,-0.0958020741776178,-0.07331101044711287
BNBUSDT,7,5,33,-0.0978046482137508,-0.027600415648223645
BNBUSDT,7,5,34,-0.09477520672173302,-0.04599344644335421
BNBUSDT,7,5,35,-0.10925118052365795,-0.07758780323213958
BNBUSDT,7,5,36,-0.1292286621277049,0.04117223385559008
BNBUSDT,7,5,37,-0.1491160096643865,-0.04496346275543078
BNBUSDT,7,5,38,-0.153411454473571,-0.007683531294588924
BNBUSDT,7,5,39,-0.1343985964182094,0.02123254931707774
BNBUSDT,7,5,40,-0.11646726473449302,-0.040244461851851335
BNBUSDT,7,5,41,-0.08004377972629144,-0.00784405377334093
BNBUSDT,7,5,42,-0.04732149511335047,-0.0076563860504738545
BNBUSDT,7,5,43,-0.03353381135156963,-0.005838655203976535
BNBUSDT,7,5,44,-0.035825034960616155,-0.03041979406232779
BNBUSDT,7,5,45,-0.04694972304002008,7.952018020594419e-05
BNBUSDT,7,5,46,-0.06630350061090098,-0.0158525842703838
BNBUSDT,7,5,47,-0.06876387245184741,0.030662724431069724
BNBUSDT,7,5,48,-0.036866895323807936,0.0500372381163133
BNBUSDT,7,5,49,0.027462753013065833,0.08827800038767945
BNBUSDT,7,5,50,0.10557249056486834,0.024800416478525766
BNBUSDT,7,5,51,0.17099495316878835,0.031155131981102778
BNBUSDT,7,5,52,0.19847687661623675,-0.054974532931296116
BNBUSDT,7,5,53,0.16893758960191121,-0.07290898018922949
BNBUSDT,7,5,54,0.09308835159516238,-0.06704260094779463
BNBUSDT,7,5,55,0.011446108409466459,0.0059076335313161515
BNBUSDT,7,5,56,-0.04899339624681934,0.007967621972158194
BNBUSDT,7,6,1,0.8605206142457835,0.8605206142457835
BNBUSDT,7,6,2,0.6816369389008933,-0.22681240691541904
BNBUSDT,7,6,3,0.4992151964946736,-0.10241692169649683
BNBUSDT,7,6,4,0.3088905386638478,-0.15394606700248867
BNBUSDT,7,6,5,0.13973255766600248,-0.05046337842987577
BNBUSDT,7,6,6,0.020298625386131895,0.039471113452266476
BNBUSDT,7,6,7,-0.019816239474314355,0.1659035199933941
BNBUSDT,7,6,8,-0.03852347593676781,-0.05963766225107263
BNBUSDT,7,6,9,-0.06165416731015862,-0.1121630122911804
BNBUSDT,7,6,10,-0.08555451454300274,-0.08665490775780799
BNBUSDT,7,6,11,-0.07287356525662914,0.13220552131569513
BNBUSDT,7,6,12,-0.08597419713560911,-0.10853138342694181
BNBUSDT,7,6,13,-0.07513771025692317,0.14948832493724812
BNBUSDT,7,6,14,-0.06594925733219209,-0.09856674963156782
BNBUSDT,7,6,15,-0.05146010101700048,0.0077145014612670934
BNBUSDT,7,6,16,-0.025330674418118013,0.014627003623427852
BNBUSDT,7,6,17,-0.0152491024828035,-0.0018840111075686227
BNBUSDT,7,6,18,-0.029612587674791763,-0.13203925106759462
BNBUSDT,7,6,19,-0.058150521829024734,-0.013058747434080538
BNBUSDT,7,6,20,-0.06435778101299543,0.07336339968103206
BNBUSDT,7,6,21,-0.07440516373268354,-0.0015759546302312431
BNBUSDT,7,6,22,-0.05452713046727712,0.09368298142924136
BNBUSDT,7,6,23,-0.012774173996122963,0.07116096289357515
BNBUSDT,7,6,24,0.05046486943815741,-0.005090880121875465
BNBUSDT,7,6,25,0.0961636607091913,-0.044405306685110384
BNBUSDT,7,6,26,0.11444241037549738,-0.013731372335464316
BNBUSDT,7,6,27,0.09118210909793631,-0.14143777239275215
BNBUSDT,7,6,28,0.048852344560291604,0.022008560406846955
BNBUSDT,7,6,29,-0.008581662956356382,-0.02698451315134895
BNBUSDT,7,6,30,-0.0681796661403039,0.017454062725554255
BNBUSDT,7,6,31,-0.08867687070732351,0.04471393656433619
BNBUSDT,7,6,32,-0.10489985974956753,-0.03677681068930015
BNBUSDT,7,6,33,-0.1131919629797666,-0.10797861134587793
BNBUSDT,7,6,34,-0.1169819708488395,0.00019614963900517276
BNBUSDT,7,6,35,-0.12842208828641813,-0.05776298891581087
BNBUSDT,7,6,36,-0.14105480277882979,0.02114402565080494
BNBUSDT,7,6,37,-0.14863200607226862,-0.008632380146044056
BNBUSDT,7,6,38,-0.15278094846691667,0.005376916237024943
BNBUSDT,7,6,39,-0.13246196666387433,0.0015315553522675795
BNBUSDT,7,6,40,-0.10914609629670134,-0.04650181013251395
BNBUSDT,7,6,41,-0.08922823224104869,-0.022392369041610315
BNBUSDT,7,6,42,-0.0629910356886907,-0.018871171852790514
BNBUSDT,7,6,43,-0.051464841628122995,0.0010103429681613827
BNBUSDT,7,6,44,-0.046479473363234214,0.016469005415141177
BNBUSDT,7,6,45,-0.0619141261620272,-0.06740967462870136
BNBUSDT,7,6,46,-0.07505177701987267,0.018176917293099167
BNBUSDT,7,6,47,-0.06340661668393544,0.06676599137713879
BNBUSDT,7,6,48,-0.01969401691892719,0.07943525336383388
BNBUSDT,7,6,49,0.04043521635132926,0.056528297468556185
BNBUSDT,7,6,50,0.10091579878953444,-0.027418391543180393
BNBUSDT,7,6,51,0.1592120207916544,0.01786688704196962
BNBUSDT,7,6,52,0.1833349095892202,-0.058393051877348
BNBUSDT,7,6,53,0.15625717712527906,-0.0685282999195607
BNBUSDT,7,6,54,0.09685560715390658,-0.02505909134917156
BNBUSDT,7,6,55,0.03316664531952059,-0.011040011789467806
BNBUSDT,7,6,56,-0.02854366940504411,-0.016920648304142305
BNBUSDT,7,7,1,0.8555403617720287,0.8555403617720285
BNBUSDT,7,7,2,0.716011638667938,-0.0594576794038453
BNBUSDT,7,7,3,0.5553637729387251,-0.16011435902675006
BNBUSDT,7,7,4,0.39598665769233393,-0.10170887876458044
BNBUSDT,7,7,5,0.23759179847067335,-0.10556397335880575
BNBUSDT,7,7,6,0.10641250285690806,-0.021399988806735833
BNBUSDT,7,7,7,0.017442623190497067,0.049841841255054246
BNBUSDT,7,7,8,-0.025966389808309738,0.07586683728706273
BNBUSDT,7,7,9,-0.05793148037104625,-0.03952408423315095
BNBUSDT,7,7,10,-0.08040016265655142,-0.05666970848678113
BNBUSDT,7,7,11,-0.09635279010436132,-0.04463648047298151
BNBUSDT,7,7,12,-0.09553126340964742,0.0191963368078158
BNBUSDT,7,7,13,-0.07885228115975086,0.058164907599896246
BNBUSDT,7,7,14,-0.08170269078080117,-0.06878250738714482
BNBUSDT,7,7,15,-0.0692974793775224,0.03168439496850041
BNBUSDT,7,7,16,-0.03995870154978866,0.06065151564325599
BNBUSDT,7,7,17,-0.023968885993625864,-0.051344966576941084
BNBUSDT,7,7,18,-0.037134917983295955,-0.11514627364034127
BNBUSDT,7,7,19,-0.04465938678170065,0.015203963319339597
BNBUSDT,7,7,20,-0.038389472720771374,0.06762719489219901
BNBUSDT,7,7,21,-0.04159987858229364,-0.030278068838984734
BNBUSDT,7,7,22,-0.019695766481742833,0.10623322738391143
BNBUSDT,7,7,23,0.00649634328231956,0.03576163063808212
BNBUSDT,7,7,24,0.040843027673196995,0.0033177697912529242
BNBUSDT,7,7,25,0.06603793299897436,-0.041516784473771134
BNBUSDT,7,7,26,0.08204207680935513,-0.01709930382008065
BNBUSDT,7,7,27,0.0541735399320726,-0.12053373316731741
BNBUSDT,7,7,28,0.03063143948027136,0.020608750906445598
BNBUSDT,7,7,29,-0.023274948893656187,-0.09235103247341335
BNBUSDT,7,7,30,-0.06394319568654369,0.03089842023156471
BNBUSDT,7,7,31,-0.09384609645401135,0.061185501753575094
BNBUSDT,7,7,32,-0.12441819252972104,-0.0809902897067196
BNBUSDT,7,7,33,-0.1326836785592464,-0.004582763969121422
BNBUSDT,7,7,34,-0.13436620119389764,0.003418130282575499
BNBUSDT,7,7,35,-0.14492756252145664,-0.08181184661727427
BNBUSDT,7,7,36,-0.14962606619629829,-0.032159321784317865
BNBUSDT,7,7,37,-0.15980487325785836,-0.019060193343897455
BNBUSDT,7,7,38,-0.15615794619556175,0.03202984186593161
BNBUSDT,7,7,39,-0.12783932010888044,0.06439292714038251
BNBUSDT,7,7,40,-0.11285214285284446,-0.05702441085457226
BNBUSDT,7,7,41,-0.09460346228764242,-0.0486704734994815
BNBUSDT,7,7,42,-0.0792034505805414,-0.025539823082325393
BNBUSDT,7,7,43,-0.06632201880350543,-0.01429388617487495
BNBUSDT,7,7,44,-0.06035376109505562,-0.009912822730093602
BNBUSDT,7,7,45,-0.06705179085940412,0.00016098129162342903
BNBUSDT,7,7,46,-0.07036210876928577,0.014411627646220788
BNBUSDT,7,7,47,-0.038074666262290634,0.11530287459300723
BNBUSDT,7,7,48,-0.005852737212769781,-0.016272097300731012
BNBUSDT,7,7,49,0.040940456684205324,0.0630100692950974
BNBUSDT,7,7,50,0.08699377233088551,-0.008147386112034817
BNBUSDT,7,7,51,0.13203786693445357,0.00797925213402688
BNBUSDT,7,7,52,0.15259599879941915,-0.037343563399053425
BNBUSDT,7,7,53,0.13511317609513843,-0.06962372272497969
BNBUSDT,7,7,54,0.09279018437735759,-0.04680085342332125
BNBUSDT,7,7,55,0.038859874426750825,-0.021057654391308044
BNBUSDT,7,7,56,-0.011725705984838344,-0.01990602565579499
BNBUSDT,14,1,1,-0.20489094538388572,-0.2048909453838857
BNBUSDT,14,1,2,0.12008717965519977,0.08152951355192098
BNBUSDT,14,1,3,-0.04327584325017072,-0.004174241308749625
BNBUSDT,14,1,4,0.047381895908220444,0.03015979811189377
BNBUSDT,14,1,5,0.0067972042990972386,0.026379701816802884
BNBUSDT,14,1,6,-0.08969871347801837,-0.09573888737913437
BNBUSDT,14,1,7,0.07729035187485137,0.04388095518686049
BNBUSDT,14,1,8,-0.0440121757763794,-0.005281049194481868
BNBUSDT,14,1,9,-0.01158874660390459,-0.03892258312150014
BNBUSDT,14,1,10,-0.00033139835018753544,0.005434196026210244
BNBUSDT,14,1,11,0.03698477455076554,0.04087524755893665
BNBUSDT,14,1,12,-0.015961119007083694,-0.011472920387333836
BNBUSDT,14,1,13,0.1174789936688205,0.12695694800465096
BNBUSDT,14,1,14,-0.14365078818922666,-0.11397290877935297
BNBUSDT,14,1,15,0.09784156476893473,0.02804839739112529
BNBUSDT,14,1,16,-0.07125250893661407,-0.017873117125536298
BNBUSDT,14,1,17,0.021248360460845984,-0.01961048667892715
BNBUSDT,14,1,18,0.04003829712560759,0.062234918232784195
BNBUSDT,14,1,19,-0.09810995659229317,-0.07240060755474138
BNBUSDT,14,1,20,0.0982716197696655,0.033401158512029114
BNBUSDT,14,1,21,-0.0821033792066777,-0.010276129806431996
BNBUSDT,14,1,22,0.06716134860666739,0.014630766342217076
BNBUSDT,14,1,23,-0.03775759919342829,-0.005206972422555429
BNBUSDT,14,1,24,0.10350824391688522,0.09632170628136091
BNBUSDT,14,1,25,0.031096051039277067,0.056718991567285285
BNBUSDT,14,1,26,-0.006697238519260903,-0.00018529777350503274
BNBUSDT,14,1,27,-0.055131558577932914,-0.05625800244908876
BNBUSDT,14,1,28,0.07192257411674247,0.033162141690708836
BNBUSDT,14,1,29,0.004705644842874961,0.049616532664311847
BNBUSDT,14,1,30,0.008683862659492565,0.011809599403036747
BNBUSDT,14,1,31,0.015654756134891586,0.01636456196924174
BNBUSDT,14,1,32,0.006575362106209381,0.030294199661173256
BNBUSDT,14,1,33,0.021892136300895617,-0.014179554694016916
BNBUSDT,14,1,34,-0.042444852177699194,0.007133689091277506
BNBUSDT,14,1,35,-0.0052988407909871004,-0.0620475915840961
BNBUSDT,14,1,36,-0.008695688610588405,-0.00590113827385239
BNBUSDT,14,1,37,0.014658927728609819,0.006364088791709509
BNBUSDT,14,1,38,-0.0881894145290632,-0.08570305921912338
BNBUSDT,14,1,39,0.0053069201300826145,-0.0078003021516319
BNBUSDT,14,1,40,-0.03972057518144905,-0.03705264502413507
BNBUSDT,14,1,41,0.03517849193115551,0.009276277080568482
BNBUSDT,14,1,42,0.006838457315415666,0.03365075701812732
BNBUSDT,14,1,43,-0.01956451059923735,-0.019692493267959663
BNBUSDT,14,1,44,0.02270831525514608,-0.0019481484765275154
BNBUSDT,14,1,45,-0.009956163453678127,0.017680605590332066
BNBUSDT,14,1,46,-0.07663760620015013,-0.1186710394352451
BNBUSDT,14,1,47,0.018353883608642225,0.013402605343380858
BNBUSDT,14,1,48,-0.012983821109519067,-0.005967492158486417
BNBUSDT,14,1,49,0.03722198760808155,0.014310272367071285
BNBUSDT,14,1,50,-0.04604978180961297,-0.010380763190637353
BNBUSDT,14,1,51,0.012454630341868342,0.015023183865694838
BNBUSDT,14,1,52,0.03673578007148656,0.014526908559535907
BNBUSDT,14,1,53,0.06864694196388563,0.10703756579759396
BNBUSDT,14,1,54,-0.011665641364025564,-0.03684131990749614
BNBUSDT,14,1,55,-0.004391404453457251,-0.00932894515167318
BNBUSDT,14,1,56,-0.0523141641789594,-0.0640530972054876
BNBUSDT,14,2,1,0.44763808845492475,0.4476380884549246
BNBUSDT,14,2,2,0.01299254709556639,-0.234345411468161
BNBUSDT,14,2,3,0.005728940429431864,0.1368943249427589
BNBUSDT,14,2,4,0.02509382755024711,-0.04788253952152143
BNBUSDT,14,2,5,-0.0018826725378727526,0.005994682182883202
BNBUSDT,14,2,6,-0.0723512675806424,-0.08925550407692823
BNBUSDT,14,2,7,0.011259184747880232,0.12066684529666731
BNBUSDT,14,2,8,0.007737671713721003,-0.1009752337281809
BNBUSDT,14,2,9,-0.04671915874491927,0.010981798581990053
BNBUSDT,14,2,10,0.008850197738057088,0.042510909926527556
BNBUSDT,14,2,11,0.0384065834168333,0.0019457870134873061
BNBUSDT,14,2,12,0.09293514215646646,0.09588535960463461
BNBUSDT,14,2,13,-0.007857292511952873,-0.12205814872576039
BNBUSDT,14,2,14,-0.14171664771949635,-0.08781576092447951
BNBUSDT,14,2,15,-0.03558217982048342,0.09343169340287844
BNBUSDT,14,2,16,-0.02664834008045353,-0.10654633097615222
BNBUSDT,14,2,17,-0.01855327314471045,0.06693322452224024
BNBUSDT,14,2,18,-0.0005315310811699268,-0.013474318701506909
BNBUSDT,14,2,19,-0.021996505288981918,-0.040229711615691846
BNBUSDT,14,2,20,0.01992931155454131,0.04809749655109786
BNBUSDT,14,2,21,-0.011852550323379984,-0.02798845770567437
BNBUSDT,14,2,22,-0.011708012349146205,-0.015358134200047538
BNBUSDT,14,2,23,0.05769337821803129,0.09024285034000785
BNBUSDT,14,2,24,0.1292398091025951,0.09209635060075182
BNBUSDT,14,2,25,0.09458412670573632,-0.03637058354562449
BNBUSDT,14,2,26,-0.019237503672372615,0.01655697254401665
BNBUSDT,14,2,27,-0.01271691435140731,-0.018940023967785522
BNBUSDT,14,2,28,0.06583836986794786,0.06457108120183606
BNBUSDT,14,2,29,0.04322205722496001,0.005280226688291339
BNBUSDT,14,2,30,0.015215131847296016,-0.00856752371331604
BNBUSDT,14,2,31,0.028452635640049462,0.04978259551072713
BNBUSDT,14,2,32,0.031700040366615945,-0.011466977562052635
BNBUSDT,14,2,33,0.001805579256619624,-0.016721469364150983
BNBUSDT,14,2,34,-0.049618623684910025,-0.023560188862425915
BNBUSDT,14,2,35,-0.034490083244610455,-0.034274264282257945
BNBUSDT,14,2,36,0.0033729459740497836,0.010319410365297516
BNBUSDT,14,2,37,-0.059995987524714564,-0.07255163779353052
BNBUSDT,14,2,38,-0.13531037720908876,-0.06106344946732282
BNBUSDT,14,2,39,-0.09221918257488777,0.0067616164951070055
BNBUSDT,14,2,40,-0.013314678322740775,-0.00840484933524196
BNBUSDT,14,2,41,0.0293772707053326,0.03995447662594379
BNBUSDT,14,2,42,0.020030853632492258,0.013168852406972657
BNBUSDT,14,2,43,0.009944554879298106,-0.02162817281878983
BNBUSDT,14,2,44,0.025789181861583788,0.03702979644507543
BNBUSDT,14,2,45,-0.030003331204479327,-0.06043275856314783
BNBUSDT,14,2,46,-0.08437898390870123,-0.05494134689821771
BNBUSDT,14,2,47,-0.053271225241716985,0.023425183587909983
BNBUSDT,14,2,48,-0.009305674903909983,-0.04208316475146208
BNBUSDT,14,2,49,0.011556864891249564,0.035084210330893796
BNBUSDT,14,2,50,-0.02167422492846909,-0.004482371204099226
BNBUSDT,14,2,51,0.028831472987283675,0.03330048908777614
BNBUSDT,14,2,52,0.1123254374368733,0.058011733377578464
BNBUSDT,14,2,53,0.10880335682437466,0.0324453389862443
BNBUSDT,14,2,54,0.029284361433397698,-0.07079422404774273
BNBUSDT,14,2,55,-0.055331218050812994,-0.023306667299788225
BNBUSDT,14,2,56,-0.08242679652410537,-0.08304280338750569
BNBUSDT,14,3,1,0.5847002651724159,0.5847002651724159
BNBUSDT,14,3,2,0.3018081148636182,-0.06087939024818129
BNBUSDT,14,3,3,-0.02751392000151801,-0.27319192971370243
BNBUSDT,14,3,4,0.010512730314805614,0.2539543479374923
BNBUSDT,14,3,5,-0.035663557961564805,-0.10619402130209768
BNBUSDT,14,3,6,-0.046202905984067656,-0.12336799902289068
BNBUSDT,14,3,7,-0.00494006606150361,0.22007921462357855
BNBUSDT,14,3,8,-0.03047060872045793,-0.17863818641167034
BNBUSDT,14,3,9,-0.008699821963483486,0.0020514767563555134
BNBUSDT,14,3,10,-0.01506481469699723,0.14532644211504614
BNBUSDT,14,3,11,0.09128036101344791,0.01665009721616447
BNBUSDT,14,3,12,0.0052239950538374835,-0.20679844103528722
BNBUSDT,14,3,13,-0.037247620394331604,0.07308613640980205
BNBUSDT,14,3,14,-0.1631085351807634,-0.1143251021274126
BNBUSDT,14,3,15,-0.09791745427072805,0.0003188587283467971
BNBUSDT,14,3,16,-0.08081209007081644,0.06535088914313616
BNBUSDT,14,3,17,-0.025076677285341343,-0.06729526769738424
BNBUSDT,14,3,18,-0.008419817488967309,0.010015502375154106
BNBUSDT,14,3,19,-0.017069640712779995,0.0008255588424563985
BNBUSDT,14,3,20,0.020822744301391426,0.032431145392950264
BNBUSDT,14,3,21,-0.03767935291991051,-0.09923342815299054
BNBUSDT,14,3,22,0.029773505072373977,0.10195918056334316
BNBUSDT,14,3,23,0.055203093158703614,0.11855628458444721
BNBUSDT,14,3,24,0.15216024312929372,-0.01096496967281747
BNBUSDT,14,3,25,0.08271432309182022,-0.030602244305954464
BNBUSDT,14,3,26,0.04151649648181639,0.02090590115090807
BNBUSDT,14,3,27,0.014289359963287288,0.031586253449048876
BNBUSDT,14,3,28,0.0636565150980034,0.03212800111426492
BNBUSDT,14,3,29,0.04257044455798202,-0.04993406864154702
BNBUSDT,14,3,30,0.03765035971816433,0.0709612379008797
BNBUSDT,14,3,31,0.03726771670946988,0.0001432126075072782
BNBUSDT,14,3,32,0.029107772417293697,-0.02332506506226132
BNBUSDT,14,3,33,-0.008264665529541783,-0.026810977786298863
BNBUSDT,14,3,34,-0.04367474895205289,0.0015030638001604282
BNBUSDT,14,3,35,-0.02260065799418301,-0.058190052900033894
BNBUSDT,14,3,36,-0.06466746245879101,-0.041796602754980754
BNBUSDT,14,3,37,-0.10899997000829253,-0.03529565510406137
BNBUSDT,14,3,38,-0.16058269706909745,-0.059113640511614406
BNBUSDT,14,3,39,-0.10430026534239159,0.03687013502348989
BNBUSDT,14,3,40,-0.041795988294206006,0.04031558562778346
BNBUSDT,14,3,41,0.023856520511123684,0.006550197421185561
BNBUSDT,14,3,42,0.03920707064945067,-5.988013413246292e-05
BNBUSDT,14,3,43,0.02371282791744465,-0.02183385142188613
BNBUSDT,14,3,44,0.0025038222103350226,0.01702700208230563
BNBUSDT,14,3,45,-0.027684099683523658,-0.012356050016248165
BNBUSDT,14,3,46,-0.07182918283023203,-0.12348749101415026
BNBUSDT,14,3,47,-0.07015673317043448,0.06403546734791529
BNBUSDT,14,3,48,-0.04844242579417952,-0.0010331403842290551
BNBUSDT,14,3,49,0.002564549900630494,0.005158113875951322
BNBUSDT,14,3,50,0.024489369305904625,0.027214791479679788
BNBUSDT,14,3,51,0.07867253643409446,0.05723125729270623
BNBUSDT,14,3,52,0.13338343607351766,0.012034152651507814
BNBUSDT,14,3,53,0.1297123031416715,0.01079163404811716
BNBUSDT,14,3,54,0.031977293952285886,-0.11207128214915256
BNBUSDT,14,3,55,-0.05332495032761876,-0.029230620045391637
BNBUSDT,14,3,56,-0.10844774690888238,-0.03102642238331212
BNBUSDT,14,4,1,0.6755839898004472,0.6755839898004472
BNBUSDT,14,4,2,0.44896992123400997,-0.013693881567981339
BNBUSDT,14,4,3,0.1728350614302518,-0.23070406798220103
BNBUSDT,14,4,4,-0.034464786453924985,-0.11895437900215237
BNBUSDT,14,4,5,-0.03081626922447581,0.219528014644806
BNBUSDT,14,4,6,-0.039128803985105876,-0.020507267321599743
BNBUSDT,14,4,7,-0.00788469244888825,-0.05812296419861556
BNBUSDT,14,4,8,-0.044454101454731325,-0.12133713786742525
BNBUSDT,14,4,9,-0.040185211216029776,0.0974681605358635
BNBUSDT,14,4,10,0.028659674749213958,0.16706420993324406
BNBUSDT,14,4,11,-0.019485581953711466,-0.20573224440705262
BNBUSDT,14,4,12,-0.03644004890413041,-0.13307644223376155
BNBUSDT,14,4,13,-0.08230289258643918,0.055024040130960586
BNBUSDT,14,4,14,-0.17206051611309123,-0.04810543305677279
BNBUSDT,14,4,15,-0.11749576392312515,0.07240746312033078
BNBUSDT,14,4,16,-0.12592443002494483,-0.13427205394420802
BNBUSDT,14,4,17,-0.04531326975677695,0.06029363218601679
BNBUSDT,14,4,18,-0.002917432782841931,0.06790731050820127
BNBUSDT,14,4,19,-0.026878641828885535,-0.09763193432924544
BNBUSDT,14,4,20,0.004550733808339736,-0.023760524073558602
BNBUSDT,14,4,21,0.009183458087204083,0.12059903449689033
BNBUSDT,14,4,22,0.04446521126810861,0.0297969265312775
BNBUSDT,14,4,23,0.07903266080369986,-0.008876176318264145
BNBUSDT,14,4,24,0.11670108687532868,0.08031841255122293
BNBUSDT,14,4,25,0.1133092254975609,-0.03555098790437047
BNBUSDT,14,4,26,0.07037242277789045,-0.005844829258152419
BNBUSDT,14,4,27,0.049597221356293,-0.01394428643518375
BNBUSDT,14,4,28,0.060412091257961625,0.07975704827621118
BNBUSDT,14,4,29,0.04346595412718263,0.02731372438778743
BNBUSDT,14,4,30,0.04739793404422221,-0.09308468007115507
BNBUSDT,14,4,31,0.03752069965870859,0.018176926821244447
BNBUSDT,14,4,32,0.00032618101633619345,0.04229683538590907
BNBUSDT,14,4,33,-0.020914820169732277,-0.040059512720021735
BNBUSDT,14,4,34,-0.02835937908387145,-0.038880422930052796
BNBUSDT,14,4,35,-0.05337526051999773,-0.06288889641273565
BNBUSDT,14,4,36,-0.09295177574500252,-0.01812021140816082
BNBUSDT,14,4,37,-0.13884910553418367,-0.03348858168833038
BNBUSDT,14,4,38,-0.14165887870997948,0.0019689408725983293
BNBUSDT,14,4,39,-0.09435164512428591,0.07046795318861435
BNBUSDT,14,4,40,-0.052918508000651246,-0.012389532677194523
BNBUSDT,14,4,41,0.014961244633153382,-0.02152642447265129
BNBUSDT,14,4,42,0.03946669088823689,0.044184706446729526
BNBUSDT,14,4,43,0.01490534146594132,-0.02365607911476762
BNBUSDT,14,4,44,-0.007207392134621875,-0.04014357054230221
BNBUSDT,14,4,45,-0.047330296080191174,-0.056728049014715266
BNBUSDT,14,4,46,-0.08020399683310599,-0.057368787895370456
BNBUSDT,14,4,47,-0.08714745370619639,0.06635264143632874
BNBUSDT,14,4,48,-0.0726515977848853,-0.00877328408224109
BNBUSDT,14,4,49,-0.004274987495207492,0.01120347528757592
BNBUSDT,14,4,50,0.0604808514243109,0.09008746631843209
BNBUSDT,14,4,51,0.12717716812914706,0.027307465887085488
BNBUSDT,14,4,52,0.15722554671616534,-0.03056661371648927
BNBUSDT,14,4,53,0.1181793010853735,-0.03047043462253792
BNBUSDT,14,4,54,0.034373239111675113,-0.10017276065955776
BNBUSDT,14,4,55,-0.045032357047051184,0.02907362831667819
BNBUSDT,14,4,56,-0.1105090438676872,-0.04490314383894234
BNBUSDT,14,5,1,0.7607410516289659,0.7607410516289659
BNBUSDT,14,5,2,0.5406831069903014,-0.09030684595071171
BNBUSDT,14,5,3,0.3049031630461719,-0.17916428372971008
BNBUSDT,14,5,4,0.12955749942772082,-0.03370798052511528
BNBUSDT,14,5,5,-0.034786821755586665,-0.1238996479776161
BNBUSDT,14,5,6,-0.03552367665273509,0.22485020079494344
BNBUSDT,14,5,7,-0.024792613440499055,-0.00971935886087646
BNBUSDT,14,5,8,-0.04645239756379042,-0.16382853999675273
BNBUSDT,14,5,9,-0.024690669970436688,0.1025140930426777
BNBUSDT,14,5,10,-0.059840937577532984,-0.17064238929736636
BNBUSDT,14,5,11,-0.06703074016425148,0.09775000714006729
BNBUSDT,14,5,12,-0.10430999349792444,-0.0648277655546436
BNBUSDT,14,5,13,-0.11976624530904925,-0.10790110258660171
BNBUSDT,14,5,14,-0.1748732507133286,-0.03555495389835815
BNBUSDT,14,5,15,-0.14877160714953686,0.04776430796155847
BNBUSDT,14,5,16,-0.1222594252092003,0.026745617395569694
BNBUSDT,14,5,17,-0.08764251450140513,-0.014395495844648904
BNBUSDT,14,5,18,-0.03635527356575601,0.009941582222822699
BNBUSDT,14,5,19,-0.025506974528041768,-0.10404840701525038
BNBUSDT,14,5,20,0.015419054723247878,0.1438418212639711
BNBUSDT,14,5,21,0.029674277507715632,0.003939437506612119
BNBUSDT,14,5,22,0.06630832552841452,0.0017901044959104427
BNBUSDT,14,5,23,0.07464275617380013,0.05855016205617788
BNBUSDT,14,5,24,0.11902822314452838,-0.0126660073997622
BNBUSDT,14,5,25,0.1097534306636648,0.011221541238556969
BNBUSDT,14,5,26,0.10308918408171888,0.022242740934400606
BNBUSDT,14,5,27,0.08092388906227223,-0.04999473076333954
BNBUSDT,14,5,28,0.07851554232174422,0.08272850946079094
BNBUSDT,14,5,29,0.05338862924788586,-0.054241902134967636
BNBUSDT,14,5,30,0.04040043423727706,0.019014065634045115
BNBUSDT,14,5,31,0.025804455792756163,-0.008543994313333643
BNBUSDT,14,5,32,-0.002129808323341634,-0.03532685505369958
BNBUSDT,14,5,33,-0.02149307127024588,-0.00458497754105663
BNBUSDT,14,5,34,-0.05288711453674111,-0.027564988664944452
BNBUSDT,14,5,35,-0.0780501369066859,-0.03880671415426451
BNBUSDT,14,5,36,-0.11086854351851817,-0.028256723978791344
BNBUSDT,14,5,37,-0.13433332292033842,-0.045510852685681204
BNBUSDT,14,5,38,-0.1393462110341934,0.03526491768277289
BNBUSDT,14,5,39,-0.09884511915818292,0.0759200759453546
BNBUSDT,14,5,40,-0.055901745517553586,-0.015993996064754462
BNBUSDT,14,5,41,-0.008635578787672463,0.012756293322219902
BNBUSDT,14,5,42,0.01171576852928675,-0.05103096592302341
BNBUSDT,14,5,43,0.012155705798568457,-0.012547492964380538
BNBUSDT,14,5,44,-0.015265610406109069,-0.014658952290907246
BNBUSDT,14,5,45,-0.05609250471945424,-0.06902424606845403
BNBUSDT,14,5,46,-0.09656061887414324,-0.06331215669287645
BNBUSDT,14,5,47,-0.09717634297029412,0.06948459565492694
BNBUSDT,14,5,48,-0.05596245943784089,0.03193530392763246
BNBUSDT,14,5,49,0.0061482063260422356,0.07124965758011297
BNBUSDT,14,5,50,0.07574887914163106,0.014395647397465482
BNBUSDT,14,5,51,0.14485915929266266,0.021164802553525885
BNBUSDT,14,5,52,0.15687234623100074,-0.04367644481015394
BNBUSDT,14,5,53,0.11248948585504212,-0.04760332283827709
BNBUSDT,14,5,54,0.0336483364727902,-0.07813122948371296
BNBUSDT,14,5,55,-0.039372360635898315,0.013197184822220591
BNBUSDT,14,5,56,-0.08540152221183993,0.012096946481555935
BNBUSDT,14,6,1,0.7879201289431079,0.7879201289431079
BNBUSDT,14,6,2,0.6230525844078163,0.005892831352137979
BNBUSDT,14,6,3,0.4097437598542648,-0.21869450003542293
BNBUSDT,14,6,4,0.2714254096573082,0.03287454824672518
BNBUSDT,14,6,5,0.10034029269200008,-0.16180177945569177
BNBUSDT,14,6,6,-0.023859569983226053,-0.06723120676615414
BNBUSDT,14,6,7,-0.024452745928744832,0.2676849144550803
BNBUSDT,14,6,8,-0.044418979650414685,-0.10387020554479688
BNBUSDT,14,6,9,-0.08623011062779183,-0.19121380067921367
BNBUSDT,14,6,10,-0.12477003807757732,0.035726054576594314
BNBUSDT,14,6,11,-0.13226400780380007,-0.029735448100562112
BNBUSDT,14,6,12,-0.15936388821127234,-0.10593289924137884
BNBUSDT,14,6,13,-0.16813980865702974,0.1206615991947071
BNBUSDT,14,6,14,-0.20110741736937623,-0.1564428947406943
BNBUSDT,14,6,15,-0.1574150238406553,0.04266761289937322
BNBUSDT,14,6,16,-0.1536125182897276,0.011085348299179598
BNBUSDT,14,6,17,-0.10976682248518418,-0.0057655895897375685
BNBUSDT,14,6,18,-0.07155138667516965,0.04769345123179166
BNBUSDT,14,6,19,-0.02153576252970549,0.02006878280520328
BNBUSDT,14,6,20,0.03808323628820803,0.02335277423745046
BNBUSDT,14,6,21,0.04756659183271624,-0.04219810621095064
BNBUSDT,14,6,22,0.07624956565570591,0.02383845366748058
BNBUSDT,14,6,23,0.092952961205584,0.05947858092024317
BNBUSDT,14,6,24,0.12221500736727614,0.03514018373603512
BNBUSDT,14,6,25,0.11415965592490536,-0.04544584991382014
BNBUSDT,14,6,26,0.10520428626956427,-0.0018059804945628015
BNBUSDT,14,6,27,0.09895229788258486,0.016504743372878935
BNBUSDT,14,6,28,0.09482324460951637,-0.011202864043527301
BNBUSDT,14,6,29,0.05930712441910318,-0.0014547986617657234
BNBUSDT,14,6,30,0.030207189481636722,-0.015657051585364908
BNBUSDT,14,6,31,0.01261016035973427,0.0005220155068414678
BNBUSDT,14,6,32,-0.004167400389563055,-0.007288615097637956
BNBUSDT,14,6,33,-0.044914746206836456,-0.0733782017795009
BNBUSDT,14,6,34,-0.08040066776521539,0.011799328315360803
BNBUSDT,14,6,35,-0.10145146902351883,-0.03745318176198807
BNBUSDT,14,6,36,-0.11162660526249667,0.012801326393177145
BNBUSDT,14,6,37,-0.12288341249078802,0.0028400747482793423
BNBUSDT,14,6,38,-0.13006616036843255,-0.04407038414598596
BNBUSDT,14,6,39,-0.0979331589810015,0.059022515757357126
BNBUSDT,14,6,40,-0.06677432818602785,0.027108283033128046
BNBUSDT,14,6,41,-0.030640016523286268,-0.005615803182904563
BNBUSDT,14,6,42,-0.016613008204977853,-0.01462323928918776
BNBUSDT,14,6,43,-0.01795299373596953,-0.09471152068840398
BNBUSDT,14,6,44,-0.028884905477889425,-0.04309866600896537
BNBUSDT,14,6,45,-0.06799193942091655,-0.03790720134656655
BNBUSDT,14,6,46,-0.0962998493768703,-0.02630258705479622
BNBUSDT,14,6,47,-0.08250166913878625,0.10591018777053647
BNBUSDT,14,6,48,-0.03489465714136761,0.07071143821417489
BNBUSDT,14,6,49,0.03404690012766998,0.022605746488345648
BNBUSDT,14,6,50,0.0834614350866295,0.013339254554365949
BNBUSDT,14,6,51,0.1257248704894181,-0.03776852810465241
BNBUSDT,14,6,52,0.14115281167981578,-0.025948183027783598
BNBUSDT,14,6,53,0.10703791958970661,-0.01646961855052502
BNBUSDT,14,6,54,0.037239817402208615,-0.1174715790806599
BNBUSDT,14,6,55,-0.014111060376133109,0.052719981088955876
BNBUSDT,14,6,56,-0.055301617642720624,-0.017862580865244518
BNBUSDT,14,7,1,0.8363214566766427,0.8363214566766423
BNBUSDT,14,7,2,0.6877838327383469,-0.03875930690019008
BNBUSDT,14,7,3,0.5265166708296392,-0.12852126293912375
BNBUSDT,14,7,4,0.3785766030082406,-0.06387669125469962
BNBUSDT,14,7,5,0.23604282094102944,-0.08439585169760917
BNBUSDT,14,7,6,0.10374898140399139,-0.08192728448140103
BNBUSDT,14,7,7,-0.012266204597342237,-0.06277365025805862
BNBUSDT,14,7,8,-0.08400381565892319,0.03436518493229258
BNBUSDT,14,7,9,-0.13346796466998803,-0.010707399658064078
BNBUSDT,14,7,10,-0.16425645108109263,-0.024193389240832974
BNBUSDT,14,7,11,-0.19839150818326978,-0.08165414136067743
BNBUSDT,14,7,12,-0.20737863032949072,0.004831736992124923
BNBUSDT,14,7,13,-0.2172730764301308,-0.05426947314109912
BNBUSDT,14,7,14,-0.22494898368623067,-0.056813904206734336
BNBUSDT,14,7,15,-0.1887454828346776,0.11097543335147045
BNBUSDT,14,7,16,-0.16881735842103934,-0.0556703168613034
BNBUSDT,14,7,17,-0.13429726613387266,0.014214292288633744
BNBUSDT,14,7,18,-0.07355412121785597,0.09316946728143284
BNBUSDT,14,7,19,-0.030200346721004214,-0.03705852683631126
BNBUSDT,14,7,20,0.03479804396459449,0.07908236385668224
BNBUSDT,14,7,21,0.05456990952792485,-0.10554603267531618
BNBUSDT,14,7,22,0.07784926142180125,0.02868382779155529
BNBUSDT,14,7,23,0.10108568078738504,0.046472425361026776
BNBUSDT,14,7,24,0.12142002763771888,0.018419157586421035
BNBUSDT,14,7,25,0.11890346975938217,-0.0369761996446778
BNBUSDT,14,7,26,0.11533996906758465,0.03189855189448659
BNBUSDT,14,7,27,0.10771651589102364,0.008577811758580415
BNBUSDT,14,7,28,0.10189117733370733,-0.005969657377981975
BNBUSDT,14,7,29,0.06557220884017773,-0.06576519431735936
BNBUSDT,14,7,30,0.03840722647453581,-0.007097108834293753
BNBUSDT,14,7,31,0.018069613452246645,0.058496326709575545
BNBUSDT,14,7,32,-0.02385822585484388,-0.09599513752978281
BNBUSDT,14,7,33,-0.060115710928850374,-0.026341477841526382
BNBUSDT,14,7,34,-0.09314164320750731,0.028556199234721004
BNBUSDT,14,7,35,-0.10572778595958118,0.0017456047068356646
BNBUSDT,14,7,36,-0.11331617479404135,-0.008977685895038352
BNBUSDT,14,7,37,-0.12760357965633073,-0.04296559148275963
BNBUSDT,14,7,38,-0.12844566458986814,-0.0002001105251559351
BNBUSDT,14,7,39,-0.10877965213291754,0.05669240161700415
BNBUSDT,14,7,40,-0.09020275861526607,-0.039490032461292915
BNBUSDT,14,7,41,-0.05775735003247164,0.05583047032654979
BNBUSDT,14,7,42,-0.04453388513148821,-0.044267318765804954
BNBUSDT,14,7,43,-0.04097647656947543,-0.07933731623121962
BNBUSDT,14,7,44,-0.049436520317947534,-0.048761499434004096
BNBUSDT,14,7,45,-0.0651667191312592,-0.027177410573567536
BNBUSDT,14,7,46,-0.07521780710658581,-0.031087121641107527
BNBUSDT,14,7,47,-0.04710050614884688,0.14552782166576309
BNBUSDT,14,7,48,-0.0029674296812656075,0.06547123848227371
BNBUSDT,14,7,49,0.04810633785051096,0.05561094265070343
BNBUSDT,14,7,50,0.07815351982741307,-0.04149183597771634
BNBUSDT,14,7,51,0.09864068856732226,-0.08065951216062937
BNBUSDT,14,7,52,0.10122338093867972,-0.004320324468479305
BNBUSDT,14,7,53,0.089996952927154,-0.029979558597987132
BNBUSDT,14,7,54,0.05252831749959907,-0.09195638685193416
BNBUSDT,14,7,55,0.006797894065295658,0.005570320613993077
BNBUSDT,14,7,56,-0.04034620232537296,-0.011053983902769963
BNBUSDT,21,1,1,-0.16508302719761608,-0.16508302719761608
BNBUSDT,21,1,2,0.1359779789627288,0.11177161860893546
BNBUSDT,21,1,3,-0.04211861795973553,-0.0038813180071410845
BNBUSDT,21,1,4,0.04730157242208686,0.02642370510982813
BNBUSDT,21,1,5,0.0007175802692561564,0.01724393488672882
BNBUSDT,21,1,6,-0.09458290561650497,-0.10500684127610577
BNBUSDT,21,1,7,0.1153151449217536,0.09035904009018503
BNBUSDT,21,1,8,-0.028039273923178613,0.024677466745264626
BNBUSDT,21,1,9,0.08181203691409115,0.05533644581729677
BNBUSDT,21,1,10,-0.0688252771971902,-0.04022261108463893
BNBUSDT,21,1,11,0.05974074757023628,0.02174619003410042
BNBUSDT,21,1,12,-0.028545967606010917,-0.011869450498258823
BNBUSDT,21,1,13,0.06624670707461579,0.06794744028872722
BNBUSDT,21,1,14,-0.10791572201815022,-0.09602348946892772
BNBUSDT,21,1,15,0.05382888239935793,0.020695227351924955
BNBUSDT,21,1,16,-0.028774860200203818,-0.015871411229024534
BNBUSDT,21,1,17,0.08191885877642935,0.0837054661957604
BNBUSDT,21,1,18,0.055427146811940324,0.08284434031113039
BNBUSDT,21,1,19,0.008536405373379845,0.025120391159598077
BNBUSDT,21,1,20,0.17848694045441998,0.14618334229424063
BNBUSDT,21,1,21,-0.2384496872784329,-0.1949145634518569
BNBUSDT,21,1,22,0.12371648255999865,0.02012031846654805
BNBUSDT,21,1,23,-0.09357325917481753,0.004091407402565074
BNBUSDT,21,1,24,0.09891605410191974,0.045086355365948495
BNBUSDT,21,1,25,-0.011334649548604012,0.04147203908774097
BNBUSDT,21,1,26,0.06594712071428017,0.05794363192478673
BNBUSDT,21,1,27,-0.01825548778724632,-0.06879090910837292
BNBUSDT,21,1,28,0.036403281349793676,0.05626090773317762
BNBUSDT,21,1,29,0.009961978761292671,-0.002542215634032581
BNBUSDT,21,1,30,-0.10863884571051556,-0.09536923732414217
BNBUSDT,21,1,31,0.07853420343243983,0.038610203866629764
BNBUSDT,21,1,32,-0.03329617653708749,0.021626416761138596
BNBUSDT,21,1,33,0.05042958218685318,0.0057454140515720755
BNBUSDT,21,1,34,-0.0414324775517441,0.03557468248768486
BNBUSDT,21,1,35,0.010981776715293068,-0.0845801416169989
BNBUSDT,21,1,36,0.0004493276690086504,0.0014119816053211301
BNBUSDT,21,1,37,-0.0009386464038902887,-0.03384672639822413
BNBUSDT,21,1,38,-0.13763873681340674,-0.14376104416733704
BNBUSDT,21,1,39,-0.03056118583451659,-0.04560548163468203
BNBUSDT,21,1,40,-0.05237990132929011,-0.05678933442831846
BNBUSDT,21,1,41,0.0033922007208706576,0.05078793216971276
BNBUSDT,21,1,42,0.015394242245288438,-0.007115553861574928
BNBUSDT,21,1,43,-0.0468007885695911,-0.04103570298517018
BNBUSDT,21,1,44,0.07318879157211744,-0.003844109676247087
BNBUSDT,21,1,45,-0.042437177017086915,0.004103919638344817
BNBUSDT,21,1,46,-0.04588383463585628,-0.09999953224658459
BNBUSDT,21,1,47,-0.07103648401958446,-0.0007214999103330063
BNBUSDT,21,1,48,0.01812619653089719,-0.03098531496296784
BNBUSDT,21,1,49,-0.0023229485987638757,0.03879891330256315
BNBUSDT,21,1,50,-0.01127754395343005,0.02757290707433691
BNBUSDT,21,1,51,0.07079811374709372,0.02118805204063531
BNBUSDT,21,1,52,-0.004804840463454721,0.018773360289682017
BNBUSDT,21,1,53,0.08847328388899767,0.08394068317788372
BNBUSDT,21,1,54,-0.011001313617075601,0.019860032352142294
BNBUSDT,21,1,55,0.00708763469157795,0.04883104665310702
BNBUSDT,21,1,56,-0.07076440157242722,-0.07672223028093386
BNBUSDT,21,2,1,0.47799638156024143,0.4779963815602411
BNBUSDT,21,2,2,0.04708270125875537,-0.23511764655997303
BNBUSDT,21,2,3,0.04424630323479215,0.1767598958831988
BNBUSDT,21,2,4,0.051854410550140846,-0.06318384784030306
BNBUSDT,21,2,5,-0.009047539525916486,-0.009138253192568264
BNBUSDT,21,2,6,-0.03854874085253697,-0.023460907055550474
BNBUSDT,21,2,7,0.06492240362390385,0.126547112730343
BNBUSDT,21,2,8,0.08750827334967798,-0.027831522837150204
BNBUSDT,21,2,9,0.0487100079324438,0.046406430091674916
BNBUSDT,21,2,10,0.001536445666653745,-0.052475899648302515
BNBUSDT,21,2,11,0.013534004796884581,0.048646382086351775
BNBUSDT,21,2,12,0.03963196151479164,0.0030419040648277367
BNBUSDT,21,2,13,-0.010442057740890399,-0.03310147704800814
BNBUSDT,21,2,14,-0.07926788050394853,-0.07235542434584454
BNBUSDT,21,2,15,-0.02292922183485153,0.06957345065102685
BNBUSDT,21,2,16,0.027745267996674695,-0.02769747445978403
BNBUSDT,21,2,17,0.10873245971413568,0.16872442355695935
BNBUSDT,21,2,18,0.11848810153919487,-0.024917590109394486
BNBUSDT,21,2,19,0.1369938948385451,0.14040284448362808
BNBUSDT,21,2,20,0.03638044935343463,-0.17122112609062595
BNBUSDT,21,2,21,-0.08821250049438797,0.01228279219493411
BNBUSDT,21,2,22,-0.03974342244025301,-0.0014117110271501313
BNBUSDT,21,2,23,0.016279220287406627,0.049863062525573744
BNBUSDT,21,2,24,0.0940556334915609,0.07956622418007056
BNBUSDT,21,2,25,0.0771858119512896,-0.008561050361634178
BNBUSDT,21,2,26,0.05125232691703935,0.0010680394753201099
BNBUSDT,21,2,27,0.045783224470497666,0.009086161144751793
BNBUSDT,21,2,28,0.052774843037980974,0.036807996388944754
BNBUSDT,21,2,29,-0.028094679897640272,-0.1000637044918407
BNBUSDT,21,2,30,-0.08583341921773649,-0.00749126245816162
BNBUSDT,21,2,31,0.001976078765728361,0.06376120069288706
BNBUSDT,21,2,32,0.025539605707346587,-0.04133259146314632
BNBUSDT,21,2,33,0.007387400509458021,0.07827169169204674
BNBUSDT,21,2,34,-0.010247166750254987,-0.09677723790221371
BNBUSDT,21,2,35,-0.014437913847103705,-0.0035841192524761274
BNBUSDT,21,2,36,0.006471391226507529,-0.027102126120734954
BNBUSDT,21,2,37,-0.10001882742584688,-0.15083153973158828
BNBUSDT,21,2,38,-0.1882555884077528,-0.032625122776399285
BNBUSDT,21,2,39,-0.1373625767398445,-0.0380177268553075
BNBUSDT,21,2,40,-0.08830725515102657,-0.006686627769067625
BNBUSDT,21,2,41,-0.011138663696572676,0.041390749232129494
BNBUSDT,21,2,42,0.0017938752159421046,-0.03066114889241003
BNBUSDT,21,2,43,0.0003387825385771675,-0.035579716795742296
BNBUSDT,21,2,44,0.02938319968326624,0.04445241032466331
BNBUSDT,21,2,45,-0.03290924347309009,-0.0895351232146036
BNBUSDT,21,2,46,-0.10891881543339044,-0.04324633850054922
BNBUSDT,21,2,47,-0.09633194048428134,0.02268770333468475
BNBUSDT,21,2,48,-0.030779581402280057,-0.02166485504449396
BNBUSDT,21,2,49,-0.0013368583698502242,0.0675168418905639
BNBUSDT,21,2,50,0.0210902489539635,-0.013286481623388585
BNBUSDT,21,2,51,0.06361613520173987,0.038139199897577455
BNBUSDT,21,2,52,0.08953049388729623,0.05089211977596207
BNBUSDT,21,2,53,0.11193119768812076,0.07440457890545923
BNBUSDT,21,2,54,0.04832083352179899,-0.006383931225498652
BNBUSDT,21,2,55,-0.04421946353251884,-0.03200619480434347
BNBUSDT,21,2,56,-0.08975375643346828,-0.04263068157289908
BNBUSDT,21,3,1,0.6076796145671396,0.6076796145671396
BNBUSDT,21,3,2,0.3654545565564218,-0.006056450054098839
BNBUSDT,21,3,3,0.05004669180373376,-0.26906071135877846
BNBUSDT,21,3,4,0.06818192320815551,0.2448848665557591
BNBUSDT,21,3,5,0.030550957479440713,-0.03166821823302699
BNBUSDT,21,3,6,0.01298848703643139,-0.13189420268066135
BNBUSDT,21,3,7,0.08034718141403509,0.2666520561287603
BNBUSDT,21,3,8,0.06797633143112825,-0.10124001636385062
BNBUSDT,21,3,9,0.09362666849388675,-0.03209913255393176
BNBUSDT,21,3,10,0.008114310325998967,0.0471026817265325
BNBUSDT,21,3,11,0.042485642888700575,0.026967847289839784
BNBUSDT,21,3,12,-0.025565661999764993,-0.12021399202913452
BNBUSDT,21,3,13,-0.024864086826255766,0.030009642055707705
BNBUSDT,21,3,14,-0.0812555651563542,-0.03297018368482338
BNBUSDT,21,3,15,-0.024206767885566777,0.03813882377868541
BNBUSDT,21,3,16,0.02701909768257781,0.06696815307885784
BNBUSDT,21,3,17,0.11450870388055091,0.09753751638768912
BNBUSDT,21,3,18,0.16955882722745147,0.05506156680176897
BNBUSDT,21,3,19,0.08746223605310319,-0.15490344513058352
BNBUSDT,21,3,20,0.0480723027856292,0.06633279894974566
BNBUSDT,21,3,21,-0.07646887893787341,-0.07166014291481068
BNBUSDT,21,3,22,-0.003254885412789283,0.06121040888171846
BNBUSDT,21,3,23,0.024069995700382717,0.12586314669646442
BNBUSDT,21,3,24,0.12636270390377993,-0.005426593765989077
BNBUSDT,21,3,25,0.09407842917506905,-0.06456203298271844
BNBUSDT,21,3,26,0.09816632338301116,0.09747011040170112
BNBUSDT,21,3,27,0.06276543421884243,-0.03798015545082363
BNBUSDT,21,3,28,0.043587798140662444,-0.020105817363251167
BNBUSDT,21,3,29,-0.026731328473183692,-0.07121417776293087
BNBUSDT,21,3,30,-0.06962849319076096,0.016258991946412282
BNBUSDT,21,3,31,-0.032796775327148316,0.061728723684999105
BNBUSDT,21,3,32,-0.0169679272012913,-0.03871679697486271
BNBUSDT,21,3,33,0.013453035398482843,-0.01323378785657549
BNBUSDT,21,3,34,-0.016364793521585333,0.010009747465524695
BNBUSDT,21,3,35,-0.007498923171801382,-0.11969945040390828
BNBUSDT,21,3,36,-0.07525396398422231,-0.052125624659106515
BNBUSDT,21,3,37,-0.12937269629560663,-0.02673339014086315
BNBUSDT,21,3,38,-0.20115804632514936,-0.11010600791637087
BNBUSDT,21,3,39,-0.17953778676378596,0.04870007969156638
BNBUSDT,21,3,40,-0.11593339273421151,0.020036159033179683
BNBUSDT,21,3,41,-0.04476895477564698,-0.033789316326146526
BNBUSDT,21,3,42,0.005611674980924701,0.0050602131781594525
BNBUSDT,21,3,43,-0.0020752511973508555,-0.017970328232785077
BNBUSDT,21,3,44,-0.007481474476580188,-0.02378420109400717
BNBUSDT,21,3,45,-0.05652073548314119,-0.018871345826212003
BNBUSDT,21,3,46,-0.08769283199335279,-0.08052540591645135
BNBUSDT,21,3,47,-0.11397692482587823,0.055915011103512664
BNBUSDT,21,3,48,-0.06637907638601943,0.02030659806255076
BNBUSDT,21,3,49,-0.005102446299140335,0.017663916381047515
BNBUSDT,21,3,50,0.03426533731163163,-0.00416731177591879
BNBUSDT,21,3,51,0.09272042046992192,0.09038062747642481
BNBUSDT,21,3,52,0.12398078452321744,0.057697568238582526
BNBUSDT,21,3,53,0.13005640978912555,0.006667181144417049
BNBUSDT,21,3,54,0.04125167337652418,-0.051572721048543664
BNBUSDT,21,3,55,-0.03803293925418009,-0.005982644025791449
BNBUSDT,21,3,56,-0.11191507605223913,-0.06684092782001978
BNBUSDT,21,4,1,0.72886251022689,0.72886251022689
BNBUSDT,21,4,2,0.5196199658378092,-0.02479009904747506
BNBUSDT,21,4,3,0.2741709062317175,-0.20466741700254154
BNBUSDT,21,4,4,0.07510128242469252,-0.1017587164538382
BNBUSDT,21,4,5,0.05673983366499417,0.2368093251738063
BNBUSDT,21,4,6,0.05033003637586587,0.02082756522622312
BNBUSDT,21,4,7,0.09108329938240388,0.0029770567760582702
BNBUSDT,21,4,8,0.07354225116347217,-0.1084564135411984
BNBUSDT,21,4,9,0.08882933450820858,0.1263616317999246
BNBUSDT,21,4,10,0.05504616845255733,-0.040679671346956624
BNBUSDT,21,4,11,0.005809577982262837,-0.06826450632474153
BNBUSDT,21,4,12,-0.043309837851399274,-0.08540692002111586
BNBUSDT,21,4,13,-0.05731326854839994,0.1076295467330113
BNBUSDT,21,4,14,-0.07225679428339865,-0.05332768392194185
BNBUSDT,21,4,15,-0.014184565795081625,0.10538920215353442
BNBUSDT,21,4,16,0.029167343142082636,-0.03290562142852211
BNBUSDT,21,4,17,0.11642231354977921,0.18937996195219872
BNBUSDT,21,4,18,0.10936256681486016,-0.17527940705352082
BNBUSDT,21,4,19,0.07887836921427986,0.01633543283268182
BNBUSDT,21,4,20,0.035965485529788184,-0.047088200702043226
BNBUSDT,21,4,21,-0.044947193444782485,0.047087956911962554
BNBUSDT,21,4,22,0.0029996812386777053,0.0808513768114876
BNBUSDT,21,4,23,0.029986662922508636,0.05037426011095789
BNBUSDT,21,4,24,0.09620631239574859,-0.022643824770855327
BNBUSDT,21,4,25,0.12260865318425988,0.022189332384414995
BNBUSDT,21,4,26,0.12321437083887739,-0.007961612686230307
BNBUSDT,21,4,27,0.07082568901047592,-0.05528478897399906
BNBUSDT,21,4,28,0.027427774766235927,0.01580611980664962
BNBUSDT,21,4,29,-0.031301141958780164,-0.056577318420270965
BNBUSDT,21,4,30,-0.08880751657122597,-0.05112706357365542
BNBUSDT,21,4,31,-0.05760627200606717,0.13083881841634917
BNBUSDT,21,4,32,-0.05190822337681116,-0.06466356592078522
BNBUSDT,21,4,33,-0.012783306885674495,-0.011621991367237133
BNBUSDT,21,4,34,-0.004054535996921969,-0.06732230824952325
BNBUSDT,21,4,35,-0.05435553760802288,-0.0914009446010001
BNBUSDT,21,4,36,-0.10044008886190849,0.004649930983787197
BNBUSDT,21,4,37,-0.16134167124051935,-0.06350625537166411
BNBUSDT,21,4,38,-0.2051849362039508,-0.028356995397797354
BNBUSDT,21,4,39,-0.183356498356953,0.02674428803914438
BNBUSDT,21,4,40,-0.14802807659039552,0.0063603384027895865
BNBUSDT,21,4,41,-0.06974931665819228,0.014106754451154823
BNBUSDT,21,4,42,-0.018619341473916494,-0.031205988000317562
BNBUSDT,21,4,43,-0.021061086870524118,-0.0763329743301901
BNBUSDT,21,4,44,-0.02454400397434105,0.04223065856998173
BNBUSDT,21,4,45,-0.06741431692154444,-0.01946677791085777
BNBUSDT,21,4,46,-0.10069636176714307,-0.06586544285399723
BNBUSDT,21,4,47,-0.1118928419849944,0.03739262328238141
BNBUSDT,21,4,48,-0.07677555445329581,0.03732757680225077
BNBUSDT,21,4,49,-0.021174721581051284,0.0551120067523103
BNBUSDT,21,4,50,0.05123475961388233,0.01225702052193823
BNBUSDT,21,4,51,0.1316759765079653,0.05497234398305862
BNBUSDT,21,4,52,0.14783452305783237,0.05952733737803289
BNBUSDT,21,4,53,0.1296640956630931,-0.026638885012528098
BNBUSDT,21,4,54,0.05341340954180006,-0.09759019450099846
BNBUSDT,21,4,55,-0.0316149072817447,0.005615535122827352
BNBUSDT,21,4,56,-0.09569671276559209,-0.049300585493086156
BNBUSDT,21,5,1,0.7955953709687902,0.7955953709687903
BNBUSDT,21,5,2,0.6054695672940327,-0.07493277511889926
BNBUSDT,21,5,3,0.4005326198673076,-0.1579752276840758
BNBUSDT,21,5,4,0.23595213114539487,-0.035387872018934216
BNBUSDT,21,5,5,0.0732283481827717,-0.12286511613967674
BNBUSDT,21,5,6,0.08011583340403274,0.32340620608037085
BNBUSDT,21,5,7,0.106297498056267,0.04157206562630749
BNBUSDT,21,5,8,0.09695000488663523,-0.17292211378755568
BNBUSDT,21,5,9,0.0945104853254298,0.029593857294104697
BNBUSDT,21,5,10,0.04656396996233448,-0.17198942998649727
BNBUSDT,21,5,11,0.0183274812094775,0.1735171601099807
BNBUSDT,21,5,12,-0.03990157695650209,-0.05288372116912374
BNBUSDT,21,5,13,-0.05184880955140873,-0.04274978386763838
BNBUSDT,21,5,14,-0.0547202159591814,0.06717208117273245
BNBUSDT,21,5,15,-0.003041416972902234,0.019241488841682485
BNBUSDT,21,5,16,0.051980697418253445,0.14388040455229542
BNBUSDT,21,5,17,0.06915368899881039,-0.14401428693242732
BNBUSDT,21,5,18,0.07966431988042871,-0.003192187205242796
BNBUSDT,21,5,19,0.054560466472100264,-0.01209656519098807
BNBUSDT,21,5,20,0.034664240718275535,0.027910134937017175
BNBUSDT,21,5,21,-0.020941239400380493,0.005701011040581925
BNBUSDT,21,5,22,0.003298390242898547,0.05383546102167754
BNBUSDT,21,5,23,0.025261042598845308,0.030259938120714366
BNBUSDT,21,5,24,0.09123459648829302,0.09348334619473313
BNBUSDT,21,5,25,0.11305775190952225,-0.06356211703804787
BNBUSDT,21,5,26,0.11755850905426017,-0.08336217461658958
BNBUSDT,21,5,27,0.07131678470624024,-0.047364993777077355
BNBUSDT,21,5,28,0.022802439031385183,0.04488657467777957
BNBUSDT,21,5,29,-0.05022457634773105,-0.052243522517760425
BNBUSDT,21,5,30,-0.0905396321697163,0.028667603839472616
BNBUSDT,21,5,31,-0.0804128790368728,-0.011743533719869654
BNBUSDT,21,5,32,-0.06126386037996462,-0.006482936074179903
BNBUSDT,21,5,33,-0.03385946035401756,0.019588748755228702
BNBUSDT,21,5,34,-0.04234463051532119,-0.15080011693047085
BNBUSDT,21,5,35,-0.061522071901584055,-0.02656695960788376
BNBUSDT,21,5,36,-0.11248792075737228,-0.015256823246678567
BNBUSDT,21,5,37,-0.160725721270504,-0.023570104504461193
BNBUSDT,21,5,38,-0.19647556501236882,0.026557254262323898
BNBUSDT,21,5,39,-0.18155330382376406,-0.02786468744231057
BNBUSDT,21,5,40,-0.14468453557343786,-0.0008109384297759033
BNBUSDT,21,5,41,-0.09432588767254997,0.04252797458747142
BNBUSDT,21,5,42,-0.051853958078549645,-0.07667061487903086
BNBUSDT,21,5,43,-0.04210403599661537,-0.027680494407502244
BNBUSDT,21,5,44,-0.04006967780126338,0.007425252697206935
BNBUSDT,21,5,45,-0.07614797554067347,-0.022464918242439267
BNBUSDT,21,5,46,-0.11124149803949228,-0.016553717993081682
BNBUSDT,21,5,47,-0.11147279198504068,0.05738926249272094
BNBUSDT,21,5,48,-0.07161255378421083,0.00010539097171212433
BNBUSDT,21,5,49,-0.020640010452755014,0.08456338301187198
BNBUSDT,21,5,50,0.058588168355030584,0.0574269199548697
BNBUSDT,21,5,51,0.12755509130826426,0.0018003324035378737
BNBUSDT,21,5,52,0.1430140004526563,-0.01373018715363036
BNBUSDT,21,5,53,0.11822216693908076,-0.034240398791157416
BNBUSDT,21,5,54,0.05191440369811939,-0.04247230448863029
BNBUSDT,21,5,55,-0.017851311423810728,-0.022644704166646424
BNBUSDT,21,5,56,-0.07339546999263252,-0.02188585361540896
BNBUSDT,21,6,1,0.8174517521156754,0.8174517521156754
BNBUSDT,21,6,2,0.6778891882457715,0.029121814908287164
BNBUSDT,21,6,3,0.49424921087010243,-0.20380796650822186
BNBUSDT,21,6,4,0.3530426991886945,-0.01554015431555072
BNBUSDT,21,6,5,0.21445752180561192,-0.06320352091917057
BNBUSDT,21,6,6,0.09828212668085796,-0.06275457683967728
BNBUSDT,21,6,7,0.13207629105020016,0.37928782159628577
BNBUSDT,21,6,8,0.11183815815628614,-0.12822322679603745
BNBUSDT,21,6,9,0.0915706596191066,-0.18107215537447582
BNBUSDT,21,6,10,0.031994217567693765,-0.06238962461589149
BNBUSDT,21,6,11,0.021384790372090335,0.08373428988121363
BNBUSDT,21,6,12,-0.02040661035819824,-0.06701369252969852
BNBUSDT,21,6,13,-0.0328489323539327,0.20186744591427333
BNBUSDT,21,6,14,-0.04423480448047704,-0.09526893649044287
BNBUSDT,21,6,15,0.012312533088588509,0.09218228160956946
BNBUSDT,21,6,16,0.02386738807207919,-0.1313996600019329
BNBUSDT,21,6,17,0.05035158161971761,0.1216752851960643
BNBUSDT,21,6,18,0.049442389326717656,-0.10764843806089013
BNBUSDT,21,6,19,0.032997402910909975,0.04067351941667078
BNBUSDT,21,6,20,0.03460873611335757,0.010601671721374259
BNBUSDT,21,6,21,-0.018261956337328814,-0.03606866404765648
BNBUSDT,21,6,22,0.011875376343154186,0.05175434020570887
BNBUSDT,21,6,23,0.027616094650751502,0.1689661688631721
BNBUSDT,21,6,24,0.08635121469997073,-0.05222814333097865
BNBUSDT,21,6,25,0.08795468255524864,-0.08390346152448068
BNBUSDT,21,6,26,0.08436397099397624,-0.06077752823080217
BNBUSDT,21,6,27,0.05726259043303283,-0.06121281381523775
BNBUSDT,21,6,28,0.007539823984253744,0.0037019314442015634
BNBUSDT,21,6,29,-0.051794223277509835,0.04045399391026051
BNBUSDT,21,6,30,-0.10345669139725713,-0.04524489122771817
BNBUSDT,21,6,31,-0.08390633193183215,0.09172130555180255
BNBUSDT,21,6,32,-0.08067747860219082,-0.08525648190745778
BNBUSDT,21,6,33,-0.0711437126022245,-0.08754477605939262
BNBUSDT,21,6,34,-0.07880356973284232,0.017115588583511723
BNBUSDT,21,6,35,-0.08168114427089726,-0.06865576413039752
BNBUSDT,21,6,36,-0.11080919790145191,0.01198906695048119
BNBUSDT,21,6,37,-0.14937055810245764,0.00044970894757546487
BNBUSDT,21,6,38,-0.1823687328778958,-0.07444457517806101
BNBUSDT,21,6,39,-0.17067943200488905,0.03710549834520437
BNBUSDT,21,6,40,-0.14311660235125415,0.054019755860041554
BNBUSDT,21,6,41,-0.1132780657944132,-0.03968860536099485
BNBUSDT,21,6,42,-0.08113703556073762,-0.028797301512825543
BNBUSDT,21,6,43,-0.07014464376529855,-0.06482910116732361
BNBUSDT,21,6,44,-0.061426588793223665,-0.0029231462279756385
BNBUSDT,21,6,45,-0.08888402732932342,0.024659987747832145
BNBUSDT,21,6,46,-0.1032087150090887,-0.008459242614920308
BNBUSDT,21,6,47,-0.10427351650137608,0.059016475970732035
BNBUSDT,21,6,48,-0.05803536715204346,0.08079940546572656
BNBUSDT,21,6,49,0.0014939544997714933,0.020481006233806356
BNBUSDT,21,6,50,0.05236133472671196,0.00046905039290524457
BNBUSDT,21,6,51,0.10237662600845851,-0.020138049275496166
BNBUSDT,21,6,52,0.11832701851295886,0.005017273474595282
BNBUSDT,21,6,53,0.1078230447652576,0.015187188052879273
BNBUSDT,21,6,54,0.050992694753734934,-0.09152446436847625
BNBUSDT,21,6,55,0.0010121524931826012,-0.009031549358397511
BNBUSDT,21,6,56,-0.05039942871613674,-0.08765921614541479
BNBUSDT,21,7,1,0.8642273959823621,0.8642273959823616
BNBUSDT,21,7,2,0.7325685610517648,-0.05657766932361559
BNBUSDT,21,7,3,0.5939129603425637,-0.10351350584558738
BNBUSDT,21,7,4,0.4663615202992133,-0.043320130227861534
BNBUSDT,21,7,5,0.33686621587752646,-0.09308734707965467
BNBUSDT,21,7,6,0.23535882122862628,0.014144802086612146
BNBUSDT,21,7,7,0.15340318574832254,-0.0014364170433148022
BNBUSDT,21,7,8,0.12515886138859764,0.1354180991409367
BNBUSDT,21,7,9,0.08918616567669894,-0.06976143428390645
BNBUSDT,21,7,10,0.05037267382781662,-0.07375645333924102
BNBUSDT,21,7,11,0.024983335188293026,0.01766599682871985
BNBUSDT,21,7,12,0.012646278122612287,0.013569730944286755
BNBUSDT,21,7,13,0.002871195272293547,0.00992006612215889
BNBUSDT,21,7,14,-0.0039437929770128576,-8.93673159526672e-05
BNBUSDT,21,7,15,-0.004901833205860555,0.02404380603442659
BNBUSDT,21,7,16,0.013778114126884724,0.05236056790063193
BNBUSDT,21,7,17,0.028768042120312552,-0.017095185649327063
BNBUSDT,21,7,18,0.03448465862861372,-0.017894452226794696
BNBUSDT,21,7,19,0.031521271915101776,-0.02253761688276583
BNBUSDT,21,7,20,0.025252285956273074,-0.01709950957602428
BNBUSDT,21,7,21,-0.0005063218955043987,-0.0726506300055112
BNBUSDT,21,7,22,0.019812233941239814,0.18996687213105606
BNBUSDT,21,7,23,0.0439797759901168,0.05746557177225694
BNBUSDT,21,7,24,0.06369704482996862,-0.034528133296508605
BNBUSDT,21,7,25,0.06286156113856066,-0.08360325453691039
BNBUSDT,21,7,26,0.05198124245377022,-0.06043590617381948
BNBUSDT,21,7,27,0.019484602813710738,-0.07135331691020969
BNBUSDT,21,7,28,-0.00973950927211205,-0.0023264883980734707
BNBUSDT,21,7,29,-0.06235958092561907,-0.03604958887392064
BNBUSDT,21,7,30,-0.09929289778849439,0.022818357510742474
BNBUSDT,21,7,31,-0.09958162152004346,0.0957487418793511
BNBUSDT,21,7,32,-0.109053021102968,-0.09409828578157994
BNBUSDT,21,7,33,-0.1105017969773354,-0.002618434314687875
BNBUSDT,21,7,34,-0.10611002015679476,-0.013877296816153625
BNBUSDT,21,7,35,-0.11142081380570955,-0.0759641705189166
BNBUSDT,21,7,36,-0.11742339744531687,-0.02311907379885719
BNBUSDT,21,7,37,-0.14061855077364685,-0.04311141312254138
BNBUSDT,21,7,38,-0.1654547984162084,0.008875313153476698
BNBUSDT,21,7,39,-0.15951735605051554,0.06291924312294576
BNBUSDT,21,7,40,-0.1516305837381441,-0.03243511069648696
BNBUSDT,21,7,41,-0.12505539588389844,0.0586803990131692
BNBUSDT,21,7,42,-0.10851599174705616,-0.09804142934077566
BNBUSDT,21,7,43,-0.10123693316329756,-0.04335889649068516
BNBUSDT,21,7,44,-0.09445675220328148,0.012481912605055198
BNBUSDT,21,7,45,-0.0955455498711123,-0.0017622304976961107
BNBUSDT,21,7,46,-0.10363050472856235,0.004920772005501316
BNBUSDT,21,7,47,-0.08279305348052005,0.09425719912069888
BNBUSDT,21,7,48,-0.039883112481358014,0.08921055488580597
BNBUSDT,21,7,49,0.004845809492617371,0.012156508975904475
BNBUSDT,21,7,50,0.0392279817601391,-0.06804273119682787
BNBUSDT,21,7,51,0.06799571881137363,-0.009335276263261812
BNBUSDT,21,7,52,0.08209557981608188,0.019507607379437762
BNBUSDT,21,7,53,0.08353319464239024,-0.016854866906855486
BNBUSDT,21,7,54,0.05506416144661786,-0.05301189185032815
BNBUSDT,21,7,55,0.00956682603905608,-0.03903854587484627
BNBUSDT,21,7,56,-0.040691861530865056,-0.0688961114741271
BNBUSDT,28,1,1,-0.1663584231300579,-0.16635842313005783
BNBUSDT,28,1,2,0.09751420697266458,0.07182690047139802
BNBUSDT,28,1,3,-0.07587119963434105,-0.05051653708663706
BNBUSDT,28,1,4,0.070335873864245,0.045861051474254975
BNBUSDT,28,1,5,0.011261145291630166,0.0396959081627162
BNBUSDT,28,1,6,-0.12251659534288832,-0.13229874593067426
BNBUSDT,28,1,7,0.10388809070326882,0.07370959413751973
BNBUSDT,28,1,8,-0.04582508624573826,-0.002169818047492711
BNBUSDT,28,1,9,-0.01396978040354995,-0.05602309790157262
BNBUSDT,28,1,10,-0.02802519618153389,-0.006448152676261648
BNBUSDT,28,1,11,0.016134613482780374,0.006206450430687191
BNBUSDT,28,1,12,0.01308368361090937,-0.0009400919931472375
BNBUSDT,28,1,13,-0.02325535078576631,0.0027914503114078036
BNBUSDT,28,1,14,-0.016983024046466302,-0.03289662781520977
BNBUSDT,28,1,15,0.051035368064348614,0.044424395631716386
BNBUSDT,28,1,16,-0.04832046031215598,-0.03400161243468631
BNBUSDT,28,1,17,0.012043518197548692,-0.006500136262696383
BNBUSDT,28,1,18,0.015755841130712683,0.034646289255259165
BNBUSDT,28,1,19,-0.027867641837411344,-0.04238601558839207
BNBUSDT,28,1,20,0.11477239781784368,0.11274826549246103
BNBUSDT,28,1,21,-0.12229864508042515,-0.07457795126119038
BNBUSDT,28,1,22,0.10659688293311043,0.038777153651370244
BNBUSDT,28,1,23,-0.07006890683273415,-0.007597139800423065
BNBUSDT,28,1,24,0.04453415389758126,-0.0021109557270633634
BNBUSDT,28,1,25,0.06284390174799202,0.09429890351330922
BNBUSDT,28,1,26,0.03785403062400326,0.07493042841329658
BNBUSDT,28,1,27,0.14577128070731632,0.12460294286603261
BNBUSDT,28,1,28,-0.2177602207720799,-0.16123086253734886
BNBUSDT,28,1,29,0.07035773641183132,-0.020304492586802864
BNBUSDT,28,1,30,-0.06384687057766819,-0.014711418473682342
BNBUSDT,28,1,31,0.05296973414718981,0.016099893462450495
BNBUSDT,28,1,32,-0.040931024790624077,0.0014677942984571112
BNBUSDT,28,1,33,-0.014199234038691175,-0.005537524661471421
BNBUSDT,28,1,34,0.04134967277270859,0.0017161993405097455
BNBUSDT,28,1,35,-0.04618196829084034,-0.014474902308589605
BNBUSDT,28,1,36,-0.0017565737044428922,-0.004634734816069421
BNBUSDT,28,1,37,-0.03905549162497427,-0.05264432451925818
BNBUSDT,28,1,38,-0.06347310156910309,-0.09910585688673254
BNBUSDT,28,1,39,-0.028825649581354893,-0.03802872310314839
BNBUSDT,28,1,40,-0.03934170110766724,-0.048981492995476536
BNBUSDT,28,1,41,-0.00990122511156957,-0.011390160119560719
BNBUSDT,28,1,42,0.010796020265575024,-0.007798191554162906
BNBUSDT,28,1,43,0.01934494655466409,0.058261909261544786
BNBUSDT,28,1,44,0.015606853982008445,-0.01778418446600543
BNBUSDT,28,1,45,-0.055978143108318196,-0.06786597947186661
BNBUSDT,28,1,46,-0.042405344778508075,-0.07653961258711929
BNBUSDT,28,1,47,-0.011928156145190336,-0.06354361607247117
BNBUSDT,28,1,48,-0.02962779789133326,0.016516736609010783
BNBUSDT,28,1,49,0.05095410347543344,0.014914425264150398
BNBUSDT,28,1,50,-0.056868079019818274,-0.016376151535795233
BNBUSDT,28,1,51,0.08532432693032514,0.0231778116813396
BNBUSDT,28,1,52,0.011627521191370623,0.03975901529747387
BNBUSDT,28,1,53,0.07240893860657216,0.08608707471042613
BNBUSDT,28,1,54,-0.02301502038995307,0.0014470548964471413
BNBUSDT,28,1,55,0.0403213600523993,0.09161398661012825
BNBUSDT,28,1,56,-0.06995591337082836,-0.12597359594723556
BNBUSDT,28,2,1,0.42997890339310646,0.4299789033931065
BNBUSDT,28,2,2,0.01084063052864655,-0.2135165661648485
BNBUSDT,28,2,3,0.02715767993741062,0.1456491006227687
BNBUSDT,28,2,4,0.06154992517734588,-0.017010443055994466
BNBUSDT,28,2,5,-0.0188024741781492,-0.0516995797409507
BNBUSDT,28,2,6,-0.09065364780357044,-0.05834215258144982
BNBUSDT,28,2,7,0.017238444776867298,0.10333029446889444
BNBUSDT,28,2,8,0.0026646564453240017,-0.09629726094832367
BNBUSDT,28,2,9,-0.0495397563429582,0.012453014685588805
BNBUSDT,28,2,10,-0.03936699842620473,-0.019280610737349265
BNBUSDT,28,2,11,0.02769130284834711,0.04830124001320302
BNBUSDT,28,2,12,0.007741110173095391,-0.049591213676039296
BNBUSDT,28,2,13,-0.03271431457698781,0.014101755619179967
BNBUSDT,28,2,14,-0.015846577904471575,-0.020089487719956542
BNBUSDT,28,2,15,0.025462271359601284,0.037880070141684465
BNBUSDT,28,2,16,-0.003004348108923122,-0.04481896962397367
BNBUSDT,28,2,17,0.0020157975343124755,0.057520748205091676
BNBUSDT,28,2,18,0.014674674538344689,-0.03555773369265623
BNBUSDT,28,2,19,0.035429428641201896,0.05654379858184995
BNBUSDT,28,2,20,0.04913742933882343,0.013765699243531325
BNBUSDT,28,2,21,-0.0048779792408492695,-0.031787591133775474
BNBUSDT,28,2,22,0.008937058539572289,0.028725516865355395
BNBUSDT,28,2,23,-0.007814333223099212,-0.03463504636722339
BNBUSDT,28,2,24,0.05359216751149945,0.10001635909104699
BNBUSDT,28,2,25,0.11165707768595264,0.05932407557901724
BNBUSDT,28,2,26,0.16220344004722323,0.1261103474979874
BNBUSDT,28,2,27,-0.023075974510842534,-0.21353285396467533
BNBUSDT,28,2,28,-0.11906636449702081,0.0369274377179218
BNBUSDT,28,2,29,-0.05507152198040218,-0.06333182043862984
BNBUSDT,28,2,30,-0.03958779370627782,0.008760069372662379
BNBUSDT,28,2,31,0.03199723025748198,0.08824887547030935
BNBUSDT,28,2,32,-0.01792112973828158,-0.07041332686604015
BNBUSDT,28,2,33,-0.024333088316990624,-0.007307819390896978
BNBUSDT,28,2,34,-0.007459373485923284,0.01636849554728226
BNBUSDT,28,2,35,-0.02733160860615159,-0.04751837409119793
BNBUSDT,28,2,36,-0.04692831678100674,-0.02322509003446683
BNBUSDT,28,2,37,-0.08516774671960597,-0.08351519158768471
BNBUSDT,28,2,38,-0.1156796651967139,-0.07005542566295399
BNBUSDT,28,2,39,-0.09437357643315608,-0.014192413054786161
BNBUSDT,28,2,40,-0.07266464278743723,-0.04075255706409659
BNBUSDT,28,2,41,-0.02183279840957689,0.031634351174893514
BNBUSDT,28,2,42,0.017653227479685295,0.006994036866521392
BNBUSDT,28,2,43,0.028461004494284542,0.012709265778150784
BNBUSDT,28,2,44,-0.006163553559641872,-0.06391906925810086
BNBUSDT,28,2,45,-0.07257936543187671,-0.06015594449037953
BNBUSDT,28,2,46,-0.06392706734360547,-0.060368177052893573
BNBUSDT,28,2,47,-0.08894048861674236,-0.025403405543437254
BNBUSDT,28,2,48,-0.03351788689132461,0.025078988949384238
BNBUSDT,28,2,49,0.018926303560590493,0.03438794746521544
BNBUSDT,28,2,50,0.013565204844539238,-0.047699407148974804
BNBUSDT,28,2,51,0.0716794303053753,0.09615158824718868
BNBUSDT,28,2,52,0.09339573521815,0.025749789870482327
BNBUSDT,28,2,53,0.10322069002293648,0.12110598534264384
BNBUSDT,28,2,54,0.046287248007929035,-0.023918362761219943
BNBUSDT,28,2,55,-0.01716911096123522,-0.04857823071460948
BNBUSDT,28,2,56,-0.04225089597173952,-0.03393788471840807
BNBUSDT,28,3,1,0.5713979685573912,0.5713979685573911
BNBUSDT,28,3,2,0.35556585439721766,0.04316262460384205
BNBUSDT,28,3,3,0.03503489566363682,-0.2737501215964636
BNBUSDT,28,3,4,0.04027398531203654,0.17457171482987874
BNBUSDT,28,3,5,-0.019523547857299723,-0.028632697899698936
BNBUSDT,28,3,6,-0.06092224778010469,-0.15604544720451946
BNBUSDT,28,3,7,0.0017822632652091804,0.19940328726301076
BNBUSDT,28,3,8,-0.02586723515297252,-0.09681621891629535
BNBUSDT,28,3,9,-0.012707969595748998,-0.08160130300860964
BNBUSDT,28,3,10,-0.02984766563884511,0.1225749705749079
BNBUSDT,28,3,11,0.0044764676688433345,-0.032235322572443645
BNBUSDT,28,3,12,-0.007586843735322858,-0.07446424963424601
BNBUSDT,28,3,13,-0.015616428980594527,0.06904378604496361
BNBUSDT,28,3,14,-0.015225891929268608,-0.022636865802500305
BNBUSDT,28,3,15,0.014139918398739506,0.00859363554920629
BNBUSDT,28,3,16,0.015094158820913459,0.024622998279030334
BNBUSDT,28,3,17,0.028190043423824838,0.005324033226891018
BNBUSDT,28,3,18,0.044684820215841824,0.034692721941762185
BNBUSDT,28,3,19,0.023235757888196137,-0.04611645543580075
BNBUSDT,28,3,20,0.07468812231410465,0.12327338067339977
BNBUSDT,28,3,21,0.005157083529145872,-0.10694113700248738
BNBUSDT,28,3,22,0.03053024181582662,0.0022441050279611878
BNBUSDT,28,3,23,-0.002782767236211438,0.10194806378487309
BNBUSDT,28,3,24,0.09022508528713039,0.05380464014278738
BNBUSDT,28,3,25,0.15088967551515303,0.08964067248606518
BNBUSDT,28,3,26,0.042293111885158004,-0.1998050798137471
BNBUSDT,28,3,27,-0.005293352296134018,0.010669422658280865
BNBUSDT,28,3,28,-0.13193637015008933,-0.03330812692639445
BNBUSDT,28,3,29,-0.08138562856314062,-0.04807892432779794
BNBUSDT,28,3,30,-0.06941392498163758,0.12525742108624174
BNBUSDT,28,3,31,0.0011768535341888035,-0.015073698699930077
BNBUSDT,28,3,32,0.0012553465290171552,-0.1140306318147145
BNBUSDT,28,3,33,-0.026047739036429013,0.05679583990528432
BNBUSDT,28,3,34,-0.03443542791673896,-0.017119558074753627
BNBUSDT,28,3,35,-0.04720794490088697,-0.07378853508242682
BNBUSDT,28,3,36,-0.07302094592263249,-0.03592594896489856
BNBUSDT,28,3,37,-0.11939130130625093,-0.06770663000398679
BNBUSDT,28,3,38,-0.13959679830784952,-0.04952319424594856
BNBUSDT,28,3,39,-0.12769746883196992,-0.007228504021290149
BNBUSDT,28,3,40,-0.08568667076626041,0.003835406326089831
BNBUSDT,28,3,41,-0.02824653445784454,0.05647719432224996
BNBUSDT,28,3,42,0.016777659570806215,-0.05835066603475373
BNBUSDT,28,3,43,0.0015576887307005855,-0.022450805383432006
BNBUSDT,28,3,44,-0.028775601190766154,-0.02305436497396767
BNBUSDT,28,3,45,-0.05725597349188011,-0.0820718149349269
BNBUSDT,28,3,46,-0.1063434995208105,-0.04245479456957531
BNBUSDT,28,3,47,-0.10575909811723581,0.00013155771678456654
BNBUSDT,28,3,48,-0.08363250670132712,0.062426602127540046
BNBUSDT,28,3,49,0.012169191286989437,-0.008188288932369014
BNBUSDT,28,3,50,0.037378842649793985,-0.014867754447940808
BNBUSDT,28,3,51,0.09472282735782525,0.16568867435973714
BNBUSDT,28,3,52,0.11574936252732754,0.01191066406155723
BNBUSDT,28,3,53,0.13468209438608736,0.06033624615376096
BNBUSDT,28,3,54,0.04549431834612128,-0.08701624441450258
BNBUSDT,28,3,55,0.000625919763856831,-0.04749583233230081
BNBUSDT,28,3,56,-0.05874011635987716,-0.03294603833617301
BNBUSDT,28,4,1,0.7096966610190836,0.7096966610190831
BNBUSDT,28,4,2,0.5105761810270876,0.01391578451715432
BNBUSDT,28,4,3,0.25306890661066633,-0.22996957852550207
BNBUSDT,28,4,4,0.0356009150303123,-0.14549027832110514
BNBUSDT,28,4,5,-0.009091319921546203,0.18439967380784764
BNBUSDT,28,4,6,-0.04854110092853028,-0.00464227333235689
BNBUSDT,28,4,7,5.060577608023964e-05,0.038486334500645286
BNBUSDT,28,4,8,-0.042258422621183525,-0.18140733361775296
BNBUSDT,28,4,9,-0.025892776890611622,0.07528240986758845
BNBUSDT,28,4,10,-0.019524475491572157,0.05003634767428495
BNBUSDT,28,4,11,-0.029272055510746287,-0.015028700260069298
BNBUSDT,28,4,12,-0.020139886445392073,-0.07365599506560154
BNBUSDT,28,4,13,-0.014352768800631101,0.04854028202498471
BNBUSDT,28,4,14,-0.010739154285532125,-0.006135627950715514
BNBUSDT,28,4,15,0.01712921780387739,0.07863857202926354
BNBUSDT,28,4,16,0.008526130748237127,-0.0901660221337218
BNBUSDT,28,4,17,0.060651239290236934,0.12198980889923482
BNBUSDT,28,4,18,0.05355244771304903,-0.045513566925101986
BNBUSDT,28,4,19,0.04891248597783892,0.008488003013095735
BNBUSDT,28,4,20,0.07580500319368937,0.044500076503478064
BNBUSDT,28,4,21,0.03176302898180225,-0.030785828582459773
BNBUSDT,28,4,22,0.06384162321653795,0.05505018376244065
BNBUSDT,28,4,23,0.04311764883315045,0.00209809038976608
BNBUSDT,28,4,24,0.11047271741436482,0.14150907614616057
BNBUSDT,28,4,25,0.050505207040222454,-0.20165508168391397
BNBUSDT,28,4,26,0.008674066012306083,-0.02012241306939546
BNBUSDT,28,4,27,-0.04917337811921127,-0.06288878869162103
BNBUSDT,28,4,28,-0.11986503597399045,0.07338778803115988
BNBUSDT,28,4,29,-0.07936082484129006,0.040362610202838024
BNBUSDT,28,4,30,-0.08203327440034228,-0.053463213401667584
BNBUSDT,28,4,31,-0.010119671217789838,0.008390691017473322
BNBUSDT,28,4,32,-0.01755608023502093,-0.034366737830710155
BNBUSDT,28,4,33,-0.024468825741654876,-0.012917084596828447
BNBUSDT,28,4,34,-0.04276849440633271,-0.038190831875421216
BNBUSDT,28,4,35,-0.08629593481214565,-0.05363827349621993
BNBUSDT,28,4,36,-0.10204210927097612,-0.02580995535968029
BNBUSDT,28,4,37,-0.13401406835667426,-0.0692947664569712
BNBUSDT,28,4,38,-0.15793240438541464,-0.05217989075674354
BNBUSDT,28,4,39,-0.1303950374714783,0.05134697312625238
BNBUSDT,28,4,40,-0.09572143099938957,0.039521253103588956
BNBUSDT,28,4,41,-0.03990085292300017,-0.022599564892577813
BNBUSDT,28,4,42,-0.012738688052808736,-0.0672040547444208
BNBUSDT,28,4,43,-0.02609951634922531,-0.02746251826771982
BNBUSDT,28,4,44,-0.03876314549966022,-0.049382217804556996
BNBUSDT,28,4,45,-0.09558672985834156,0.011124450738486676
BNBUSDT,28,4,46,-0.10978609395896402,-0.0867890281782145
BNBUSDT,28,4,47,-0.1367185093536794,-0.005267222352292278
BNBUSDT,28,4,48,-0.08946143477387464,0.0492575324989568
BNBUSDT,28,4,49,-0.021925808292009522,0.10097848545352563
BNBUSDT,28,4,50,0.033792535108510935,0.016444006413634183
BNBUSDT,28,4,51,0.11617093126315428,0.05706535080260964
BNBUSDT,28,4,52,0.13632242574971795,0.06069702123440352
BNBUSDT,28,4,53,0.12422737048655262,-0.08302131331808896
BNBUSDT,28,4,54,0.06835894447845603,-0.03643839453940223
BNBUSDT,28,4,55,0.014974203959742019,-0.03867565813509564
BNBUSDT,28,4,56,-0.05929363336246266,-0.035955773512431
BNBUSDT,28,5,1,0.7740621026990656,0.7740621026990655
BNBUSDT,28,5,2,0.583988261604047,-0.03788129195090429
BNBUSDT,28,5,3,0.3798076092537502,-0.14999794698248356
BNBUSDT,28,5,4,0.20421668631037232,-0.07898057692028697
BNBUSDT,28,5,5,0.0069830273260989405,-0.1939831031534972
BNBUSDT,28,5,6,-0.01875695458000398,0.2534358996392838
BNBUSDT,28,5,7,-0.004468343021990627,0.08957718706866688
BNBUSDT,28,5,8,-0.022518284544655993,-0.15519096322073134
BNBUSDT,28,5,9,-0.03226306068799059,-0.0351136986394698
BNBUSDT,28,5,10,-0.03092963212659808,-0.05586415874904772
BNBUSDT,28,5,11,-0.01181860463622595,0.1346352682070742
BNBUSDT,28,5,12,-0.024877687388937395,0.009784610975137727
BNBUSDT,28,5,13,-0.010382078671214963,-0.03747302375535893
BNBUSDT,28,5,14,0.009316921226593337,0.002318985503169526
BNBUSDT,28,5,15,0.026011622206080207,-0.009711983104642387
BNBUSDT,28,5,16,0.045457117464822366,0.10251652247278753
BNBUSDT,28,5,17,0.0554414977131074,-0.016643221306782204
BNBUSDT,28,5,18,0.08495859194448457,0.043293241673146
BNBUSDT,28,5,19,0.08382539594898976,-0.025478315423604424
BNBUSDT,28,5,20,0.08852501457634589,0.004777293946444619
BNBUSDT,28,5,21,0.06494061801488647,-0.00221400700438253
BNBUSDT,28,5,22,0.08330226968570312,0.08720410069180569
BNBUSDT,28,5,23,0.08802411541506916,0.04874076852198664
BNBUSDT,28,5,24,0.03518166717690493,-0.20087418677555202
BNBUSDT,28,5,25,-0.001022763093516426,-0.005626284178206946
BNBUSDT,28,5,26,-0.039442979383728635,-0.02411501927050882
BNBUSDT,28,5,27,-0.07849327404972992,0.02848731222873474
BNBUSDT,28,5,28,-0.1202138934438977,0.033891421994774185
BNBUSDT,28,5,29,-0.09806066739562723,-0.04726097351568285
BNBUSDT,28,5,30,-0.08201398404295748,-0.025579190539315275
BNBUSDT,28,5,31,-0.04834738162660125,0.04328997717294863
BNBUSDT,28,5,32,-0.04381198481380409,-0.042731404089450774
BNBUSDT,28,5,33,-0.04169263719814347,-0.039809887953021934
BNBUSDT,28,5,34,-0.058496010131528386,-0.04812644909565194
BNBUSDT,28,5,35,-0.09631529888257707,-0.07415483084847692
BNBUSDT,28,5,36,-0.1258879667549332,-0.01238532528374377
BNBUSDT,28,5,37,-0.1445369204151857,-0.009882754650205276
BNBUSDT,28,5,38,-0.14859834044866305,-0.03390761190838101
BNBUSDT,28,5,39,-0.13112536817719522,0.04560577450715819
BNBUSDT,28,5,40,-0.09340216059498105,-0.012493203029683863
BNBUSDT,28,5,41,-0.06352948737536905,-0.030808028086966182
BNBUSDT,28,5,42,-0.044837541316152627,-0.012870826707002035
BNBUSDT,28,5,43,-0.037892874504454756,-0.03235651979204665
BNBUSDT,28,5,44,-0.06896777311644664,-0.0583773248912551
BNBUSDT,28,5,45,-0.10362084759541589,-0.06626658945277547
BNBUSDT,28,5,46,-0.12937643461083193,-0.00110155062945412
BNBUSDT,28,5,47,-0.11771994011740017,0.08928296958358159
BNBUSDT,28,5,48,-0.09317100807796126,0.036855576810591234
BNBUSDT,28,5,49,-0.0319461174120123,0.0449272068912546
BNBUSDT,28,5,50,0.02806934253511231,0.013635754683534548
BNBUSDT,28,5,51,0.10279493965369436,0.09276884602072813
BNBUSDT,28,5,52,0.12036779193751905,-0.035327138877229325
BNBUSDT,28,5,53,0.11332226353304317,-0.038769659018451565
BNBUSDT,28,5,54,0.06817705200732374,-0.09242786812967484
BNBUSDT,28,5,55,0.016941069094997145,-0.0037821880793630328
BNBUSDT,28,5,56,-0.04014103014603656,0.04309632454504311
BNBUSDT,28,6,1,0.7919045155157305,0.7919045155157305
BNBUSDT,28,6,2,0.6587827972146048,0.08493193723736127
BNBUSDT,28,6,3,0.4732142677519586,-0.1929467295032207
BNBUSDT,28,6,4,0.32272533093661804,-0.06511666413943318
BNBUSDT,28,6,5,0.16794916009095773,-0.09450281803540796
BNBUSDT,28,6,6,0.0068593076517249165,-0.16247347804754877
BNBUSDT,28,6,7,0.01416989849947672,0.3258797331522868
BNBUSDT,28,6,8,-0.03600507109223731,-0.08286652739796904
BNBUSDT,28,6,9,-0.03605301997460482,-0.05814262216948543
BNBUSDT,28,6,10,-0.04711584281231748,0.018547899649168163
BNBUSDT,28,6,11,-0.0274493514345539,-0.011550073259169255
BNBUSDT,28,6,12,-0.018728230380205137,-0.05533545105550628
BNBUSDT,28,6,13,-0.005906162501683763,0.1567798506811071
BNBUSDT,28,6,14,0.0120591400457683,-0.05649403328312804
BNBUSDT,28,6,15,0.059650085508262875,0.11236207375205941
BNBUSDT,28,6,16,0.05724590266406278,-0.09527361261170378
BNBUSDT,28,6,17,0.08670887438122167,0.07109352892927821
BNBUSDT,28,6,18,0.10992801601235849,0.03907871989504939
BNBUSDT,28,6,19,0.11747254700384607,0.005792886464492267
BNBUSDT,28,6,20,0.13961857224348803,0.04606726075478222
BNBUSDT,28,6,21,0.09745436050350094,-0.0628050515849873
BNBUSDT,28,6,22,0.12657065164390693,0.04722528863269254
BNBUSDT,28,6,23,0.037395446755961535,-0.1812427681739545
BNBUSDT,28,6,24,0.01518850279544065,0.061591156017776136
BNBUSDT,28,6,25,-0.04546401699753883,-0.04129404164098776
BNBUSDT,28,6,26,-0.085050225250482,-0.014108402868555024
BNBUSDT,28,6,27,-0.09512074385238799,0.027664636598769828
BNBUSDT,28,6,28,-0.14101472405311963,-0.03962869425280375
BNBUSDT,28,6,29,-0.09360482882683673,0.017768256585764454
BNBUSDT,28,6,30,-0.10027004521446757,0.016246588394879056
BNBUSDT,28,6,31,-0.06383542856220713,-0.028774223926481685
BNBUSDT,28,6,32,-0.07294940077474443,-0.06639143740616793
BNBUSDT,28,6,33,-0.07313827185268845,-0.0324115078853752
BNBUSDT,28,6,34,-0.0792627952932809,-0.041518357557317954
BNBUSDT,28,6,35,-0.10856705783495116,-0.04491892104026192
BNBUSDT,28,6,36,-0.124570049567562,-0.0043955520549177245
BNBUSDT,28,6,37,-0.13573942213347182,-0.021439114701135884
BNBUSDT,28,6,38,-0.13191281113995204,0.011376487198972439
BNBUSDT,28,6,39,-0.11334603088094591,0.02448371840304602
BNBUSDT,28,6,40,-0.0983380055542514,-0.046021492473953214
BNBUSDT,28,6,41,-0.07912207304772696,0.018310844787093737
BNBUSDT,28,6,42,-0.06250105294736893,-0.05586978475736115
BNBUSDT,28,6,43,-0.07923267492561212,-0.026132736825661574
BNBUSDT,28,6,44,-0.08666517365303814,-0.07941281759349977
BNBUSDT,28,6,45,-0.12414452323280549,0.016477099743407803
BNBUSDT,28,6,46,-0.11998951010424037,0.006826033562123364
BNBUSDT,28,6,47,-0.12096081861888645,0.0534742419101198
BNBUSDT,28,6,48,-0.0818065998998229,0.1033915090003088
BNBUSDT,28,6,49,-0.027372193845171866,0.0028033138524715933
BNBUSDT,28,6,50,0.022506081250230306,0.061824617093260925
BNBUSDT,28,6,51,0.07150967378038985,-0.07178126574779016
BNBUSDT,28,6,52,0.08683419895273958,0.023281044739250453
BNBUSDT,28,6,53,0.10121532925237028,-0.019496336090942257
BNBUSDT,28,6,54,0.05359892803209602,-0.08885396523736229
BNBUSDT,28,6,55,0.02312615329152045,0.0428971269003686
BNBUSDT,28,6,56,-0.01963635153557736,-0.011309162870094827
BNBUSDT,28,7,1,0.8553348331168341,0.8553348331168343
BNBUSDT,28,7,2,0.7134216721900829,-0.06771925195116976
BNBUSDT,28,7,3,0.5581387880263166,-0.13278456945742514
BNBUSDT,28,7,4,0.42085740148214024,-0.03228936185858744
BNBUSDT,28,7,5,0.27927884353384,-0.10990743682220075
BNBUSDT,28,7,6,0.14623197957505718,-0.08374994973202746
BNBUSDT,28,7,7,0.018089333099784763,-0.0923239168430572
BNBUSDT,28,7,8,-0.02551312566884983,0.20079355995809256
BNBUSDT,28,7,9,-0.046158773214405355,0.027312215806783658
BNBUSDT,28,7,10,-0.045387398082207465,0.0012817730866217527
BNBUSDT,28,7,11,-0.03743949130419425,0.00811408710636812
BNBUSDT,28,7,12,-0.01305084627209766,0.021404842449607504
BNBUSDT,28,7,13,0.007672491705249573,-0.03501444156370883
BNBUSDT,28,7,14,0.03474748249912434,-0.001463252426923817
BNBUSDT,28,7,15,0.06914540432659823,0.10544235762145468
BNBUSDT,28,7,16,0.09710497524097897,0.01776994798775864
BNBUSDT,28,7,17,0.1228530753349292,0.030126239054907262
BNBUSDT,28,7,18,0.14616694105917402,0.036553664285755405
BNBUSDT,28,7,19,0.16237994078495613,0.02340661305083224
BNBUSDT,28,7,20,0.1800743695928615,0.026313276345751275
BNBUSDT,28,7,21,0.15919454092914134,-0.11867023563926374
BNBUSDT,28,7,22,0.08601013180807328,-0.179735275080078
BNBUSDT,28,7,23,0.02746304428592637,0.0412913157972312
BNBUSDT,28,7,24,-0.026017708449492492,0.012782239170540898
BNBUSDT,28,7,25,-0.06891257736738408,0.0076969403189687995
BNBUSDT,28,7,26,-0.10530193258418924,0.020156436389396157
BNBUSDT,28,7,27,-0.141630462879382,-0.014692695287227508
BNBUSDT,28,7,28,-0.1503918700597726,0.011841951847053275
BNBUSDT,28,7,29,-0.12490159391417985,0.002498364413410692
BNBUSDT,28,7,30,-0.10660526449901564,-0.05357482080348238
BNBUSDT,28,7,31,-0.08523580575241528,-0.00592593680509488
BNBUSDT,28,7,32,-0.0907797071369858,-0.11378177530037986
BNBUSDT,28,7,33,-0.10000069927960813,-0.0476999692023576
BNBUSDT,28,7,34,-0.10638365511165307,0.013720719106639741
BNBUSDT,28,7,35,-0.11807383190909569,-0.030460048595403046
BNBUSDT,28,7,36,-0.11853764306079223,0.05335543821008402
BNBUSDT,28,7,37,-0.1236485777349043,-0.03011891465167531
BNBUSDT,28,7,38,-0.12719461648702296,-0.02204442618781273
BNBUSDT,28,7,39,-0.11323709943797239,0.01703934184694434
BNBUSDT,28,7,40,-0.1060921315327504,-0.06826302875523883
BNBUSDT,28,7,41,-0.08880013643491587,0.023193950290563772
BNBUSDT,28,7,42,-0.09110045217011063,-0.032371871936317916
BNBUSDT,28,7,43,-0.09289424171303151,0.029019498125132066
BNBUSDT,28,7,44,-0.1132352066188654,-0.0988983723229913
BNBUSDT,28,7,45,-0.11974144776473877,0.02879651669505639
BNBUSDT,28,7,46,-0.1242015746953378,0.019213792639912238
BNBUSDT,28,7,47,-0.10889037294680322,0.05126637727119689
BNBUSDT,28,7,48,-0.07340382254300903,0.11000815833050738
BNBUSDT,28,7,49,-0.016188075142970285,0.04476324625544909
BNBUSDT,28,7,50,0.005279383918973265,-0.12018061312468131
BNBUSDT,28,7,51,0.04504949498262177,0.044659112910490344
BNBUSDT,28,7,52,0.05959249516694851,-0.033153507026673086
BNBUSDT,28,7,53,0.06135519126760013,-0.016791456798881985
BNBUSDT,28,7,54,0.05415881701127488,0.017278287213209606
BNBUSDT,28,7,55,0.026270232733555225,-0.03536901565716998
BNBUSDT,28,7,56,-0.01045816748523697,0.01153791153843724
BTCUSDT,7,1,1,0.0279519481064958,0.027951948106495827
BTCUSDT,7,1,2,0.044354856402063346,0.04360761612685041
BTCUSDT,7,1,3,0.12913948467435835,0.12707557390753113
BTCUSDT,7,1,4,0.024370625329559727,0.016610466435851318
BTCUSDT,7,1,5,0.14549789384866507,0.1364414482635218
BTCUSDT,7,1,6,0.07857449555410861,0.05763315541945921
BTCUSDT,7,1,7,-0.06798095735585141,-0.08739487185594066
BTCUSDT,7,1,8,-0.02375935582996948,-0.06370791504221274
BTCUSDT,7,1,9,0.05993289842173985,0.04602766062129705
BTCUSDT,7,1,10,-0.06439679702742496,-0.07028090178396713
BTCUSDT,7,1,11,0.006016037218445018,-0.0016332581575474669
BTCUSDT,7,1,12,-0.03384811593090104,-0.023113688967471877
BTCUSDT,7,1,13,-0.03309764427091415,0.004513511131927728
BTCUSDT,7,1,14,-0.11311492442574532,-0.13114305311457855
BTCUSDT,7,1,15,-0.08622938853244744,-0.07380719901955478
BTCUSDT,7,1,16,-0.04852374624444557,-0.02112526984253587
BTCUSDT,7,1,17,-0.009682621332194004,0.030014274530380563
BTCUSDT,7,1,18,-0.04028634248035145,-0.017236072016135036
BTCUSDT,7,1,19,-0.11525992977512836,-0.06795722630951419
BTCUSDT,7,1,20,-0.12840244582820182,-0.10530492252727618
BTCUSDT,7,1,21,-0.06293755598794061,-0.050834795114312124
BTCUSDT,7,1,22,-0.024954897017575507,-0.021221808636607376
BTCUSDT,7,1,23,-0.09326137266034422,-0.058157227113602904
BTCUSDT,7,1,24,-0.09742794917931104,-0.06529346842974838
BTCUSDT,7,1,25,-0.02475717199058543,0.022665669930321132
BTCUSDT,7,1,26,0.07373410353322288,0.10778785004564032
BTCUSDT,7,1,27,-0.002436352355005996,0.002331655170544842
BTCUSDT,7,1,28,-0.006826684954907055,-0.017486511938817118
BTCUSDT,7,1,29,0.012901024459564753,0.0035309879869376663
BTCUSDT,7,1,30,0.011039963361340516,-0.011056272549713373
BTCUSDT,7,1,31,0.08010932380505154,0.03487629145929678
BTCUSDT,7,1,32,0.009775339214970145,-0.012031258699414363
BTCUSDT,7,1,33,0.008072356820830285,-0.003992628341992315
BTCUSDT,7,1,34,0.02340237222274249,-0.033378261681972436
BTCUSDT,7,1,35,0.07783288387848297,0.035721299605718924
BTCUSDT,7,1,36,0.021598548421035684,-0.0021774686508723444
BTCUSDT,7,1,37,0.020350960201192387,-0.012722054740183248
BTCUSDT,7,1,38,0.01605759556274572,-0.025940276884372716
BTCUSDT,7,1,39,0.04796734551022501,0.026955549347199334
BTCUSDT,7,1,40,0.012997192164419035,-0.012335777191357054
BTCUSDT,7,1,41,-0.02237862298266985,-0.031528547741434515
BTCUSDT,7,1,42,0.05367262171842276,0.03461266350855907
BTCUSDT,7,1,43,-0.06722930021846389,-0.0996475818484077
BTCUSDT,7,1,44,0.1343005935209036,0.11437382285426928
BTCUSDT,7,1,45,0.000772236289154184,0.017475340931120964
BTCUSDT,7,1,46,-0.007402245179827527,0.03692819661338274
BTCUSDT,7,1,47,0.005901291823188089,-0.0341064848168
BTCUSDT,7,1,48,-0.022513240172922735,-0.024694004888434495
BTCUSDT,7,1,49,-0.044936677854617066,-0.0406745954164101
BTCUSDT,7,1,50,0.00181671893720819,0.015577017727442195
BTCUSDT,7,1,51,0.039790920325738874,0.07151909864707631
BTCUSDT,7,1,52,-0.04410634048111424,-0.01316146411638198
BTCUSDT,7,1,53,0.02379678043484456,0.014248786153022011
BTCUSDT,7,1,54,-0.015341006367372994,0.025963954779769406
BTCUSDT,7,1,55,0.004922287218328279,0.01809437587417567
BTCUSDT,7,1,56,0.013130748944435071,-0.0060157938225622615
BTCUSDT,7,2,1,0.5372905055374418,0.5372905055374418
BTCUSDT,7,2,2,0.202898687902054,-0.12059625846010731
BTCUSDT,7,2,3,0.21047565341224883,0.21842250989705106
BTCUSDT,7,2,4,0.17826083978614918,-0.030278978056195
BTCUSDT,7,2,5,0.20985997231555212,0.17905615106781086
BTCUSDT,7,2,6,0.09925177558838359,-0.1673519538675881
BTCUSDT,7,2,7,0.00437946265392985,0.03191964112461376
BTCUSDT,7,2,8,0.030897248479945495,-0.02289838352828361
BTCUSDT,7,2,9,0.02151312506734077,0.0027431235618173926
BTCUSDT,7,2,10,-0.028925432848875512,-0.0782380361584796
BTCUSDT,7,2,11,-0.04403428915779295,0.021643184316025924
BTCUSDT,7,2,12,-0.07473965063755146,-0.07583770482558033
BTCUSDT,7,2,13,-0.13533257668441304,-0.08667190025360318
BTCUSDT,7,2,14,-0.17188319132580415,-0.08378453084517881
BTCUSDT,7,2,15,-0.19228622700683443,-0.05845736267885228
BTCUSDT,7,2,16,-0.11980257273589719,0.06127837824222552
BTCUSDT,7,2,17,-0.08187912303957957,-0.03176352390970882
BTCUSDT,7,2,18,-0.13492912508865912,-0.03575018610001864
BTCUSDT,7,2,19,-0.20137088343753717,-0.1249206242458012
BTCUSDT,7,2,20,-0.23278953246290257,-0.07193310735379013
BTCUSDT,7,2,21,-0.17205425732661142,-0.018810908970862364
BTCUSDT,7,2,22,-0.12810343082615155,-0.024875227116140562
BTCUSDT,7,2,23,-0.15386467382306349,-0.04986899644456477
BTCUSDT,7,2,24,-0.15069001026400086,-0.008535640158495552
BTCUSDT,7,2,25,-0.03974480253155504,0.11048701813256999
BTCUSDT,7,2,26,0.024557229806191485,-0.008088716726939426
BTCUSDT,7,2,27,0.004785059498493788,-0.008062140055335907
BTCUSDT,7,2,28,0.013390499402706027,0.007370802349349041
BTCUSDT,7,2,29,0.007876234838756904,-0.026657165231710432
BTCUSDT,7,2,30,0.05587582062265617,0.04504144323513491
BTCUSDT,7,2,31,0.08244820161834608,-0.0051612351015102274
BTCUSDT,7,2,32,0.04925582142806202,-0.004402280322182233
BTCUSDT,7,2,33,0.037022246096761614,-0.06389366141734339
BTCUSDT,7,2,34,0.08099105318518658,0.052208916278899085
BTCUSDT,7,2,35,0.11400554519887744,-0.003023483225660963
BTCUSDT,7,2,36,0.09442261079649665,0.010840479099357073
BTCUSDT,7,2,37,0.06507190396276473,-0.03155066054961457
BTCUSDT,7,2,38,0.04572991446376243,-0.006101048016409021
BTCUSDT,7,2,39,0.05836725556512953,-0.0021526823450822505
BTCUSDT,7,2,40,0.033227581187655605,-0.041850794058804215
BTCUSDT,7,2,41,0.03336490639024146,0.046753801651264575
BTCUSDT,7,2,42,0.036452987353456014,-0.0538612534700581
BTCUSDT,7,2,43,0.03638447111006717,0.04261049933567925
BTCUSDT,7,2,44,0.09943547875138634,0.08265320802414716
BTCUSDT,7,2,45,0.05132400858785301,-0.025060318767785496
BTCUSDT,7,2,46,0.010565189019810474,0.01856591277288367
BTCUSDT,7,2,47,-0.008421544582092695,-0.07534940317874252
BTCUSDT,7,2,48,-0.04704482633625573,0.0027179484804354054
BTCUSDT,7,2,49,-0.05375529614711533,-0.0399214812165904
BTCUSDT,7,2,50,-0.01638514920765092,0.1038693608502267
BTCUSDT,7,2,51,0.0028383940257533094,-0.02092762395731258
BTCUSDT,7,2,52,-0.02558756214835903,-0.005194150992904704
BTCUSDT,7,2,53,-0.002129719361406443,0.03635366735009178
BTCUSDT,7,2,54,-0.0031454121700597564,0.008270380918872569
BTCUSDT,7,2,55,-0.006848833144318855,0.012552455706499807
BTCUSDT,7,2,56,-0.00630329169731367,-0.036474224738605676
BTCUSDT,7,3,1,0.7336423576139964,0.7336423576139964
BTCUSDT,7,3,2,0.4912694862251388,-0.10169940756929842
BTCUSDT,7,3,3,0.2781037673062499,-0.09705937618106315
BTCUSDT,7,3,4,0.2542201679492736,0.2536323961922247
BTCUSDT,7,3,5,0.17670027340136552,-0.15725975218169222
BTCUSDT,7,3,6,0.09764645967244291,-0.06580581663633316
BTCUSDT,7,3,7,0.059428681652861644,0.13933901935707507
BTCUSDT,7,3,8,0.03454187074874825,-0.10110557235079563
BTCUSDT,7,3,9,0.026286975331145424,0.006305245694940571
BTCUSDT,7,3,10,-0.028369272855276056,-0.04265871818771464
BTCUSDT,7,3,11,-0.04272782179950785,-0.0036510525049567866
BTCUSDT,7,3,12,-0.14102458264716972,-0.2158754461513234
BTCUSDT,7,3,13,-0.16579238672530455,0.06179122465461145
BTCUSDT,7,3,14,-0.21418706399844742,-0.0733498294896655
BTCUSDT,7,3,15,-0.18362766959303878,-0.02114477533876931
BTCUSDT,7,3,16,-0.16274376423446732,0.0633455307457759
BTCUSDT,7,3,17,-0.13763467073685157,-0.05367001403998149
BTCUSDT,7,3,18,-0.1658882203738739,-0.12944214918868793
BTCUSDT,7,3,19,-0.2409860534595463,-0.12430043647204334
BTCUSDT,7,3,20,-0.27446796130619006,-0.01783661018956572
BTCUSDT,7,3,21,-0.2644314127934324,-0.007803994001136088
BTCUSDT,7,3,22,-0.2231960483537851,-0.056761453806910896
BTCUSDT,7,3,23,-0.20631712138662373,0.03069399859468355
BTCUSDT,7,3,24,-0.14740858091542136,0.03417143740897335
BTCUSDT,7,3,25,-0.08037100653716987,0.020551540561872635
BTCUSDT,7,3,26,0.0035549759165521065,0.03839670894044885
BTCUSDT,7,3,27,0.02513570951452907,-0.030014766037482352
BTCUSDT,7,3,28,0.02577397502944691,-0.031245706699429616
BTCUSDT,7,3,29,0.04780697852977817,0.09326538388554885
BTCUSDT,7,3,30,0.06298847997661934,-0.031711866268120927
BTCUSDT,7,3,31,0.08132635973277966,-0.018625440717501766
BTCUSDT,7,3,32,0.073008526947148,-0.0008208932804388921
BTCUSDT,7,3,33,0.07511294167440702,-0.050971990289625874
BTCUSDT,7,3,34,0.09242191243462326,0.0369977166095971
BTCUSDT,7,3,35,0.12140952542172546,0.03797668574412283
BTCUSDT,7,3,36,0.11506998590255102,-0.042009103851149636
BTCUSDT,7,3,37,0.09559063488019504,-0.0016682871272307755
BTCUSDT,7,3,38,0.056209621049563625,-0.039133631705512005
BTCUSDT,7,3,39,0.046844296666769696,0.0028516462007649674
BTCUSDT,7,3,40,0.05534640656485545,0.024453968346456918
BTCUSDT,7,3,41,0.033153340301156284,-0.08397665317494667
BTCUSDT,7,3,42,0.059158850327702066,0.11850674804818702
BTCUSDT,7,3,43,0.06146719426814516,-0.01930525123385813
BTCUSDT,7,3,44,0.09058308642739078,0.02955771450591013
BTCUSDT,7,3,45,0.05721411997901279,-0.0005028268844548571
BTCUSDT,7,3,46,0.022638042573894655,-0.05507053717444539
BTCUSDT,7,3,47,-0.02940245077665926,-0.03996420256159766
BTCUSDT,7,3,48,-0.051517343668297064,0.02406353503549559
BTCUSDT,7,3,49,-0.05703490960710913,0.04526966308463529
BTCUSDT,7,3,50,-0.03894254420291341,0.016827926730324426
BTCUSDT,7,3,51,-0.01728068496792465,0.010706554697057396
BTCUSDT,7,3,52,-0.016550502022220578,-0.008163845424888107
BTCUSDT,7,3,53,0.006302112996219164,0.020608116476076754
BTCUSDT,7,3,54,-0.0043107742646000076,0.006464051447155336
BTCUSDT,7,3,55,-0.005835187479006095,-0.0370157573011803
BTCUSDT,7,3,56,-0.05217703079585995,-0.02808263407828572
BTCUSDT,7,4,1,0.8011218402414242,0.8011218402414242
BTCUSDT,7,4,2,0.6334431801617192,-0.023319190968906056
BTCUSDT,7,4,3,0.46569633868293603,-0.09754221353992582
BTCUSDT,7,4,4,0.24877457101158917,-0.2529155642963306
BTCUSDT,7,4,5,0.18942728316028135,0.2788671204982395
BTCUSDT,7,4,6,0.10605939601530448,-0.10571428807302317
BTCUSDT,7,4,7,0.050448095963637994,0.0064421178280257545
BTCUSDT,7,4,8,0.04770109958177694,-0.017673304514635856
BTCUSDT,7,4,9,0.014264789233297296,0.0365222701837822
BTCUSDT,7,4,10,-0.031607802953463236,-0.16586207756916704
BTCUSDT,7,4,11,-0.08306118628172085,-0.05021854758314613
BTCUSDT,7,4,12,-0.14772225686518378,-0.05284126347399255
BTCUSDT,7,4,13,-0.1941063518461402,-0.005866605387644226
BTCUSDT,7,4,14,-0.20471286085455584,-0.006951050112182183
BTCUSDT,7,4,15,-0.20832302443661116,-0.01557298701419727
BTCUSDT,7,4,16,-0.18615039478455309,0.004929968529833961
BTCUSDT,7,4,17,-0.19339781749037938,-0.14256581518526287
BTCUSDT,7,4,18,-0.22046083296751826,-0.07563474285901353
BTCUSDT,7,4,19,-0.2658516844932551,-0.13912346796610062
BTCUSDT,7,4,20,-0.3112765852242626,-9.280889678745483e-05
BTCUSDT,7,4,21,-0.3132337583257659,0.001757207138546412
BTCUSDT,7,4,22,-0.29202308555286555,0.03300683469197535
BTCUSDT,7,4,23,-0.23951158937026396,-0.01408073729316195
BTCUSDT,7,4,24,-0.17901250791898787,-0.018191660156321163
BTCUSDT,7,4,25,-0.10150271704915882,0.06422969153372611
BTCUSDT,7,4,26,-0.025557462761008745,0.024781484889013897
BTCUSDT,7,4,27,0.01763862785725502,-0.023010600079817367
BTCUSDT,7,4,28,0.054191009155657735,0.009078094253714005
BTCUSDT,7,4,29,0.06728533937422992,0.02176957865909009
BTCUSDT,7,4,30,0.08322289846693581,0.018690621767678915
BTCUSDT,7,4,31,0.09187499545775571,-0.060646316984822674
BTCUSDT,7,4,32,0.09426117245187811,-0.01630885293723417
BTCUSDT,7,4,33,0.09798804970136046,-0.019556555604365318
BTCUSDT,7,4,34,0.11298949810199843,0.06742097201169481
BTCUSDT,7,4,35,0.12231672389384424,-0.01881610981511986
BTCUSDT,7,4,36,0.12011213961458463,0.0027164737012130295
BTCUSDT,7,4,37,0.11491984103514556,-0.028595670037642344
BTCUSDT,7,4,38,0.07967742680760319,-0.06175106004137231
BTCUSDT,7,4,39,0.08088236478421187,0.067868506565879
BTCUSDT,7,4,40,0.0718293717150899,-0.03636244469405513
BTCUSDT,7,4,41,0.07202283963872508,0.06029950916613433
BTCUSDT,7,4,42,0.08418051799584904,-0.04425251361479127
BTCUSDT,7,4,43,0.07043994063865354,0.033678972339729996
BTCUSDT,7,4,44,0.08538586022714989,0.030181973862869284
BTCUSDT,7,4,45,0.0467264218962359,-0.09502861341888787
BTCUSDT,7,4,46,0.00568547218611096,-0.009315307766472327
BTCUSDT,7,4,47,-0.024181344887345767,0.006349882830214761
BTCUSDT,7,4,48,-0.05925778412764053,0.06517588146987323
BTCUSDT,7,4,49,-0.0635082567900476,-0.026672110175978116
BTCUSDT,7,4,50,-0.050321262823176435,0.08065143183538975
BTCUSDT,7,4,51,-0.03354525672101998,-0.0250334375692493
BTCUSDT,7,4,52,-0.020446655012993958,-0.014825952595318874
BTCUSDT,7,4,53,-0.009098802316927451,-0.025491665342186717
BTCUSDT,7,4,54,-0.01403018924528099,0.051595160358198895
BTCUSDT,7,4,55,-0.031166925976670992,-0.04611203255937819
BTCUSDT,7,4,56,-0.062054570451172866,-0.06808849956576406
BTCUSDT,7,5,1,0.8498035077284616,0.8498035077284619
BTCUSDT,7,5,2,0.7153621141563427,-0.02448903890111478
BTCUSDT,7,5,3,0.5420322057248493,-0.21594710309002674
BTCUSDT,7,5,4,0.36165435727570794,-0.1542841502254023
BTCUSDT,7,5,5,0.20543463586816052,-0.02973826459946452
BTCUSDT,7,5,6,0.12423938350183553,0.17997884698007888
BTCUSDT,7,5,7,0.0569399474114488,-0.014220939891969757
BTCUSDT,7,5,8,0.042420096958912336,0.047776339124925064
BTCUSDT,7,5,9,0.017458015540558713,-0.1132022889445779
BTCUSDT,7,5,10,-0.05781176464715547,-0.2829520060614097
BTCUSDT,7,5,11,-0.09148134004463788,0.10845140000018277
BTCUSDT,7,5,12,-0.1523491284216359,-0.03968911579277649
BTCUSDT,7,5,13,-0.18167251691407796,0.10632247789793503
BTCUSDT,7,5,14,-0.21622284504203493,-0.11832675247798523
BTCUSDT,7,5,15,-0.21764384715112595,-0.05366888816033863
BTCUSDT,7,5,16,-0.22307350415909485,-0.04183130466654175
BTCUSDT,7,5,17,-0.22536562886938113,-0.1198372716415543
BTCUSDT,7,5,18,-0.265320367088932,-0.09225222379364106
BTCUSDT,7,5,19,-0.30511305940606603,-0.0892504783740495
BTCUSDT,7,5,20,-0.3333994247322781,0.014709367574940464
BTCUSDT,7,5,21,-0.3452497721241663,0.04082108287331631
BTCUSDT,7,5,22,-0.3166801133555824,0.04168206253991229
BTCUSDT,7,5,23,-0.2819884084206388,-0.0531392365002991
BTCUSDT,7,5,24,-0.2128515198505875,-0.036956662355048436
BTCUSDT,7,5,25,-0.12638174679082737,0.09502452472248306
BTCUSDT,7,5,26,-0.05221983889229699,0.009881658466887731
BTCUSDT,7,5,27,0.004275969976605061,0.04801297194188206
BTCUSDT,7,5,28,0.049694982459330225,-0.042345087828431174
BTCUSDT,7,5,29,0.07659838683086151,-0.016084576862406195
BTCUSDT,7,5,30,0.09086327757710688,-0.026799280362459658
BTCUSDT,7,5,31,0.10323766660566117,0.0027920244364723255
BTCUSDT,7,5,32,0.10234899172846197,0.01091444593912394
BTCUSDT,7,5,33,0.10997855888522204,-0.03389318761321248
BTCUSDT,7,5,34,0.1228728599637432,0.05082225024739724
BTCUSDT,7,5,35,0.1270012856685949,-0.0073496488477958295
BTCUSDT,7,5,36,0.11855169295839689,-0.04575087632897841
BTCUSDT,7,5,37,0.1125667198956965,-0.016356136683594293
BTCUSDT,7,5,38,0.10924962353429929,0.008583296868549662
BTCUSDT,7,5,39,0.09992520402290134,0.01814144196608577
BTCUSDT,7,5,40,0.10376426479970169,0.04422141459683697
BTCUSDT,7,5,41,0.10031664724260074,-0.009702109656850512
BTCUSDT,7,5,42,0.10810776066856705,-0.0007296195359274393
BTCUSDT,7,5,43,0.09308150841718281,-0.08997647841132266
BTCUSDT,7,5,44,0.08012153616540474,0.0323902703122667
BTCUSDT,7,5,45,0.03922870325339347,-0.03021675804359935
BTCUSDT,7,5,46,0.004532847679462381,0.021309441954218036
BTCUSDT,7,5,47,-0.028508084620063927,0.033784004251715356
BTCUSDT,7,5,48,-0.05133553687672076,0.008883987289061392
BTCUSDT,7,5,49,-0.06583897787634597,0.005548874258296133
BTCUSDT,7,5,50,-0.05256038894318464,0.03763863339809179
BTCUSDT,7,5,51,-0.034217359462854126,0.0056379320558828565
BTCUSDT,7,5,52,-0.03150844527764345,-0.05668055923711889
BTCUSDT,7,5,53,-0.020475664447675235,0.010406647586684215
BTCUSDT,7,5,54,-0.038245569192372667,-0.028827675340415686
BTCUSDT,7,5,55,-0.052069506268241035,-0.005383005205737766
BTCUSDT,7,5,56,-0.057672265022519376,0.059264313103972045
BTCUSDT,7,6,1,0.8844055649933694,0.8844055649933693
BTCUSDT,7,6,2,0.7388152271407704,-0.19904794508981444
BTCUSDT,7,6,3,0.5878014133528009,-0.0938455079855011
BTCUSDT,7,6,4,0.4335227240093021,-0.10752822314672313
BTCUSDT,7,6,5,0.2853475431759283,-0.0753341977592445
BTCUSDT,7,6,6,0.13864625219522483,-0.11475316557336249
BTCUSDT,7,6,7,0.07616329614227711,0.288141923868166
BTCUSDT,7,6,8,0.04316787050223681,-0.022094289838570084
BTCUSDT,7,6,9,-0.003227232477091051,-0.16685792339340502
BTCUSDT,7,6,10,-0.05618600042005095,-0.11436018946018553
BTCUSDT,7,6,11,-0.10156578578716717,-0.01790149910643056
BTCUSDT,7,6,12,-0.1395849056058104,-0.0699811788576189
BTCUSDT,7,6,13,-0.17825634369745463,0.0515194694006456
BTCUSDT,7,6,14,-0.21269147086299006,0.009556781840576225
BTCUSDT,7,6,15,-0.23387375388752354,-0.07566834644444996
BTCUSDT,7,6,16,-0.24168829115786938,-0.06990261084954527
BTCUSDT,7,6,17,-0.25922736712959726,-0.10401406536633603
BTCUSDT,7,6,18,-0.29069600538344975,-0.12799134861823022
BTCUSDT,7,6,19,-0.33728013520142563,-0.12915742802743752
BTCUSDT,7,6,20,-0.3595475373411206,0.09936249409876795
BTCUSDT,7,6,21,-0.35119046193817294,0.09224057571633787
BTCUSDT,7,6,22,-0.3363753054761711,-0.04696812918412078
BTCUSDT,7,6,23,-0.30131185846142966,-0.013359970492303778
BTCUSDT,7,6,24,-0.24023210449110893,0.015902153592829277
BTCUSDT,7,6,25,-0.15634538101675977,-0.006340957074478147
BTCUSDT,7,6,26,-0.06756850762423412,0.09560503261085154
BTCUSDT,7,6,27,-0.011743071690736781,-0.023685321000707173
BTCUSDT,7,6,28,0.030999184215438347,-0.03700654723953191
BTCUSDT,7,6,29,0.07087835085030282,0.004250241521883768
BTCUSDT,7,6,30,0.09540211041686508,-0.006481167451368386
BTCUSDT,7,6,31,0.10340626220469216,-0.04357605705454088
BTCUSDT,7,6,32,0.10703129519912781,0.037154877748306045
BTCUSDT,7,6,33,0.10953019726297378,-0.044004620820533434
BTCUSDT,7,6,34,0.12151142478226978,0.03425616193409011
BTCUSDT,7,6,35,0.12823598593100757,0.026645079297199913
BTCUSDT,7,6,36,0.11629657271052248,-0.08452016172445029
BTCUSDT,7,6,37,0.12240808827664093,0.06518226265386295
BTCUSDT,7,6,38,0.11872516805409321,-0.060483646377297876
BTCUSDT,7,6,39,0.13183058847660548,0.10935842449002012
BTCUSDT,7,6,40,0.1348804646329188,-0.020163667241784214
BTCUSDT,7,6,41,0.12809499707559513,-0.024873767565653338
BTCUSDT,7,6,42,0.13014557677352126,-0.038938850920937164
BTCUSDT,7,6,43,0.10777171351655394,-0.05956278415742612
BTCUSDT,7,6,44,0.08434052523380223,0.02525783954614116
BTCUSDT,7,6,45,0.03946431739731178,-0.00692635335599081
BTCUSDT,7,6,46,0.0004658723143386181,0.04384053785927083
BTCUSDT,7,6,47,-0.029935575109667052,-0.02403350987039275
BTCUSDT,7,6,48,-0.05170317835004106,0.06064099192423103
BTCUSDT,7,6,49,-0.05822974941091551,0.001267161093264296
BTCUSDT,7,6,50,-0.0500417808498991,0.04689455520176523
BTCUSDT,7,6,51,-0.04050268229214095,-0.0676048552176375
BTCUSDT,7,6,52,-0.035212173206306464,-0.008501036350078161
BTCUSDT,7,6,53,-0.039773221892405494,-0.03880391773073661
BTCUSDT,7,6,54,-0.05200864222471588,0.021301393242407405
BTCUSDT,7,6,55,-0.05371969063672158,0.03206482203720277
BTCUSDT,7,6,56,-0.053161087186252044,0.04101780066384135
BTCUSDT,7,7,1,0.880235194357943,0.880235194357943
BTCUSDT,7,7,2,0.7574379767706391,-0.07716296934112421
BTCUSDT,7,7,3,0.6207998913993149,-0.1315573427184508
BTCUSDT,7,7,4,0.48374522392351266,-0.08547210305333913
BTCUSDT,7,7,5,0.3533198717950588,-0.05907008616904354
BTCUSDT,7,7,6,0.2265696181420159,-0.07962315910415145
BTCUSDT,7,7,7,0.10390249127419755,-0.08794238957159696
BTCUSDT,7,7,8,0.04360002579370821,0.17718864965726633
BTCUSDT,7,7,9,-0.009933554715181238,-0.04411750273610717
BTCUSDT,7,7,10,-0.06507072456081046,-0.11264175622799978
BTCUSDT,7,7,11,-0.09715299698300127,0.028054379062610078
BTCUSDT,7,7,12,-0.1489006726588694,-0.14879162076127372
BTCUSDT,7,7,13,-0.18319667818906243,-0.01107087180266053
BTCUSDT,7,7,14,-0.22426029904193423,-0.10016236644973037
BTCUSDT,7,7,15,-0.24903504300011395,0.06079125120505651
BTCUSDT,7,7,16,-0.27471629812249626,-0.06966076452929523
BTCUSDT,7,7,17,-0.29081434175634374,-0.05400717890940353
BTCUSDT,7,7,18,-0.32659333567365434,-0.12276776787348859
BTCUSDT,7,7,19,-0.35662138363866724,-0.10816264660618219
BTCUSDT,7,7,20,-0.3727617761160569,0.008780730336201824
BTCUSDT,7,7,21,-0.3610191314946049,0.048867335728764276
BTCUSDT,7,7,22,-0.3342799634663596,0.031033169292383683
BTCUSDT,7,7,23,-0.30687217109777776,-0.044048852941720146
BTCUSDT,7,7,24,-0.254697596214499,0.061097332513547445
BTCUSDT,7,7,25,-0.1736779820223856,0.10624671364047013
BTCUSDT,7,7,26,-0.09417347996185749,-0.05618605274090803
BTCUSDT,7,7,27,-0.031056209959762833,-0.03136827280959164
BTCUSDT,7,7,28,0.01737490876468959,-0.025769705213904533
BTCUSDT,7,7,29,0.05785081923410391,0.03746101346650298
BTCUSDT,7,7,30,0.08940263596970871,-0.045498456588495176
BTCUSDT,7,7,31,0.10678330613906156,-0.00013989029157007832
BTCUSDT,7,7,32,0.10813267213889083,-0.017785396634751417
BTCUSDT,7,7,33,0.11696507787925897,0.024549016428666873
BTCUSDT,7,7,34,0.12862385160528178,0.02137959251466361
BTCUSDT,7,7,35,0.13687743560802762,-0.01220510296980485
BTCUSDT,7,7,36,0.14031355328605052,-0.007696639970983917
BTCUSDT,7,7,37,0.13566113251632092,-0.04522459958689257
BTCUSDT,7,7,38,0.14418564843245457,0.06671664797814943
BTCUSDT,7,7,39,0.15743597336523915,0.038928048308812704
BTCUSDT,7,7,40,0.1667550442361008,0.016817406082952596
BTCUSDT,7,7,41,0.15668503133919606,-0.05909159814384481
BTCUSDT,7,7,42,0.14603838233108005,-0.02168385888117094
BTCUSDT,7,7,43,0.12024085906290168,-0.04584470490887994
BTCUSDT,7,7,44,0.0961365624005313,0.008454502979433048
BTCUSDT,7,7,45,0.04696664103587428,-0.051203254609889136
BTCUSDT,7,7,46,0.005650093491720453,0.03585706800455367
BTCUSDT,7,7,47,-0.024161837906048016,0.05293608267918002
BTCUSDT,7,7,48,-0.047429595465311315,0.012877675277803115
BTCUSDT,7,7,49,-0.05514731037461362,0.06172521213954831
BTCUSDT,7,7,50,-0.050445853927381774,0.012222094477275552
BTCUSDT,7,7,51,-0.049009296300846335,-0.06785138023816137
BTCUSDT,7,7,52,-0.055517651797004186,-0.07754967779066774
BTCUSDT,7,7,53,-0.05853052011037861,0.02708686611192504
BTCUSDT,7,7,54,-0.06871728089583871,0.020765762641752932
BTCUSDT,7,7,55,-0.06338063568560821,0.015459969606192047
BTCUSDT,7,7,56,-0.062907595831265,0.019738861906346532
BTCUSDT,14,1,1,0.02067428655575531,0.02067428655575528
BTCUSDT,14,1,2,-0.0038282202789662228,-0.0042574661558152545
BTCUSDT,14,1,3,0.09416714251261436,0.09437669427837031
BTCUSDT,14,1,4,0.023665029827927193,0.01988297189004798
BTCUSDT,14,1,5,0.02448989813871105,0.02479739620591951
BTCUSDT,14,1,6,0.0651301474830288,0.056150139286226974
BTCUSDT,14,1,7,0.026986922124243137,0.021329989449768782
BTCUSDT,14,1,8,-0.0233364084660136,-0.028591840919637443
BTCUSDT,14,1,9,0.07635255248539026,0.0665192214634039
BTCUSDT,14,1,10,-0.03507964537901743,-0.046404324002686945
BTCUSDT,14,1,11,0.02605712914857592,0.03030905144934018
BTCUSDT,14,1,12,0.02000412807008578,0.001791846174330221
BTCUSDT,14,1,13,0.010780662955125123,0.013916759661712595
BTCUSDT,14,1,14,-0.21356252237301845,-0.22315048215004968
BTCUSDT,14,1,15,-0.040201452640300894,-0.03981784813087747
BTCUSDT,14,1,16,-0.01696510507975522,-0.026545076924157588
BTCUSDT,14,1,17,-0.027897812520065627,0.014031243121431147
BTCUSDT,14,1,18,-0.01884569090661498,-0.017321941707416785
BTCUSDT,14,1,19,-0.030252740080608898,-0.005995154647881263
BTCUSDT,14,1,20,-0.12049190257457965,-0.1077302076429735
BTCUSDT,14,1,21,-0.07939879309727821,-0.05747001547549804
BTCUSDT,14,1,22,-0.055442193941566076,-0.06716306453912456
BTCUSDT,14,1,23,-0.07202478155119678,-0.019218317523200096
BTCUSDT,14,1,24,-0.05563424576174235,-0.05799082703330277
BTCUSDT,14,1,25,-0.02334539592600409,0.015335731272657726
BTCUSDT,14,1,26,-0.010900427062566243,0.017065897759175674
BTCUSDT,14,1,27,0.00607641626053454,0.04704947790102682
BTCUSDT,14,1,28,0.0373150588704026,0.0007440813073283428
BTCUSDT,14,1,29,0.035990940286617354,0.04947703545703958
BTCUSDT,14,1,30,-0.03056058849478365,-0.042728858672521706
BTCUSDT,14,1,31,0.00768148174782954,0.021803299322599702
BTCUSDT,14,1,32,-0.008562670786775837,-0.021381523173080928
BTCUSDT,14,1,33,0.0037395829918044055,0.019011601012374053
BTCUSDT,14,1,34,0.009824470901985953,-0.048226256358156375
BTCUSDT,14,1,35,0.0823652981185624,0.06543810465834145
BTCUSDT,14,1,36,-0.029858919880237804,-0.07770867660171236
BTCUSDT,14,1,37,0.03534263522549379,0.029044570122311417
BTCUSDT,14,1,38,0.061143427657725846,-0.0013455192520618188
BTCUSDT,14,1,39,0.02155487676079664,0.03478632242195052
BTCUSDT,14,1,40,0.033910019144699995,-0.008181243335598937
BTCUSDT,14,1,41,-0.004593623612282354,-0.006566344926758272
BTCUSDT,14,1,42,0.030417787782378625,0.004079378382448468
BTCUSDT,14,1,43,-0.04058850922553715,-0.035290129267266296
BTCUSDT,14,1,44,0.111048771026564,0.06512581503017245
BTCUSDT,14,1,45,-0.018471839656882653,-0.02131308546107288
BTCUSDT,14,1,46,0.0060372678971782594,-0.012092337816735023
BTCUSDT,14,1,47,0.013586000788693197,0.005041332307740687
BTCUSDT,14,1,48,-0.0372733605430078,-0.044014899841594075
BTCUSDT,14,1,49,-0.026781612710812194,0.01378804420573698
BTCUSDT,14,1,50,0.009478823086814461,-0.013310782895720914
BTCUSDT,14,1,51,0.000303953316262659,0.01746746122058443
BTCUSDT,14,1,52,-0.03849987035075112,-0.015001838663262435
BTCUSDT,14,1,53,0.0010050625703341355,0.002825219867771331
BTCUSDT,14,1,54,0.017720758457590347,0.037783061864668836
BTCUSDT,14,1,55,0.02297842935906272,0.030729769026870385
BTCUSDT,14,1,56,-0.0010734135206487971,0.0003113156511824786
BTCUSDT,14,2,1,0.5242938188594574,0.5242938188594573
BTCUSDT,14,2,2,0.08138529250175773,-0.2668520874717695
BTCUSDT,14,2,3,0.10324689704623467,0.28077943915964965
BTCUSDT,14,2,4,0.083763026062369,-0.16580821194387188
BTCUSDT,14,2,5,0.0794138331546995,0.2026701909440759
BTCUSDT,14,2,6,0.09340966670887185,-0.09168343929615538
BTCUSDT,14,2,7,0.05422927754496452,0.07829183056171168
BTCUSDT,14,2,8,0.04514995053371262,-0.021069803425505403
BTCUSDT,14,2,9,0.05407531530713262,0.04082392522404179
BTCUSDT,14,2,10,0.014540424040519067,-0.058935999270203175
BTCUSDT,14,2,11,0.026158273043975878,0.0878852375789157
BTCUSDT,14,2,12,0.028380627614080778,-0.08514547077570375
BTCUSDT,14,2,13,-0.1274726003356367,-0.1662863732510592
BTCUSDT,14,2,14,-0.25015666874547676,-0.12118960336298547
BTCUSDT,14,2,15,-0.15526658054061018,0.04891508203071211
BTCUSDT,14,2,16,-0.05459635644652012,-0.03890659135983772
BTCUSDT,14,2,17,-0.05513588987054068,0.009730499221694864
BTCUSDT,14,2,18,-0.059729672510444046,-0.02795966672541242
BTCUSDT,14,2,19,-0.11089747078078645,-0.07960741773024951
BTCUSDT,14,2,20,-0.1887368011523932,-0.10432924399256013
BTCUSDT,14,2,21,-0.18012623070129277,-0.028918720904421515
BTCUSDT,14,2,22,-0.13191155877649255,-0.026237803250614623
BTCUSDT,14,2,23,-0.1299988933883909,-0.057594267979647965
BTCUSDT,14,2,24,-0.10987349310253612,0.010118276556492486
BTCUSDT,14,2,25,-0.057420263616548804,0.03554920101738338
BTCUSDT,14,2,26,-0.029233868745917425,0.00840971590311296
BTCUSDT,14,2,27,0.018630102215319033,0.028350557746431
BTCUSDT,14,2,28,0.06032631422453511,0.014075489972426825
BTCUSDT,14,2,29,0.020902363196703418,-0.01706841102124919
BTCUSDT,14,2,30,-0.013700827698335279,0.004995143275219355
BTCUSDT,14,2,31,-0.00404881019576109,-0.0002110834402273245
BTCUSDT,14,2,32,-0.00022911064718357196,0.0037108181500207687
BTCUSDT,14,2,33,0.0034460912109335828,-0.055109566588473255
BTCUSDT,14,2,34,0.05901023813563274,0.05019029001685887
BTCUSDT,14,2,35,0.08090720087124813,-0.04018593505937657
BTCUSDT,14,2,36,0.03916285309995541,-0.01088626165567391
BTCUSDT,14,2,37,0.05781345621576048,0.022066048926840293
BTCUSDT,14,2,38,0.08250665384039715,0.008094535341582275
BTCUSDT,14,2,39,0.06309605043045544,0.009183476890941969
BTCUSDT,14,2,40,0.05203110884655453,-0.009582776041099368
BTCUSDT,14,2,41,0.03395468458567375,0.0013182282929121688
BTCUSDT,14,2,42,0.016469382951075185,-0.006087744927012502
BTCUSDT,14,2,43,0.04414018957906351,0.012093919511439379
BTCUSDT,14,2,44,0.08805167119148925,0.05174234876374996
BTCUSDT,14,2,45,0.04469044508641911,-0.06739790809725214
BTCUSDT,14,2,46,0.00992574391172202,0.0417860606165753
BTCUSDT,14,2,47,-0.004584046148152721,-0.0767533597962214
BTCUSDT,14,2,48,-0.05387187546530033,0.016926325875127816
BTCUSDT,14,2,49,-0.04310727925460493,-0.015269364789502927
BTCUSDT,14,2,50,0.0007426968428365092,0.02532892567605359
BTCUSDT,14,2,51,-0.00960602901650205,-0.010016663030029845
BTCUSDT,14,2,52,-0.02801210732851691,0.004484805441362932
BTCUSDT,14,2,53,-0.0034861361871503177,0.024307012136836104
BTCUSDT,14,2,54,0.026476191241169213,0.04802835836206028
BTCUSDT,14,2,55,0.02647369984013872,-0.014314890553060854
BTCUSDT,14,2,56,-0.009183896792278302,-0.023989486391630902
BTCUSDT,14,3,1,0.7193959081573034,0.7193959081573035
BTCUSDT,14,3,2,0.41520906220772885,-0.21207849339776583
BTCUSDT,14,3,3,0.14417055620443564,-0.1417379981923894
BTCUSDT,14,3,4,0.1309356880408417,0.3283730273166817
BTCUSDT,14,3,5,0.12820187728423904,-0.10463695930553385
BTCUSDT,14,3,6,0.11311960334369824,-0.07568562549681118
BTCUSDT,14,3,7,0.11398137898816636,0.22387291290904426
BTCUSDT,14,3,8,0.08518631992487008,-0.14043158273826833
BTCUSDT,14,3,9,0.07770620631083765,0.0065511874142274
BTCUSDT,14,3,10,0.04249486469452689,0.07536921130214631
BTCUSDT,14,3,11,0.041495884861711664,-0.050525004007622824
BTCUSDT,14,3,12,-0.0743496980413948,-0.2902771007716358
BTCUSDT,14,3,13,-0.17531163478433076,0.03175653856958234
BTCUSDT,14,3,14,-0.2738817810704068,-0.08043630269174869
BTCUSDT,14,3,15,-0.20884258307516715,0.040466822368625595
BTCUSDT,14,3,16,-0.14139549402435303,-0.009709957596052362
BTCUSDT,14,3,17,-0.09450786818113877,-0.05938829599376041
BTCUSDT,14,3,18,-0.12386339553262062,-0.05415878990002169
BTCUSDT,14,3,19,-0.1833935072366603,-0.07772313149146405
BTCUSDT,14,3,20,-0.2360549167899232,-0.10272414689787615
BTCUSDT,14,3,21,-0.24595002339303754,0.06253903663938187
BTCUSDT,14,3,22,-0.21482683356265314,-0.0765090252834057
BTCUSDT,14,3,23,-0.1821102751643744,-0.029186852983814522
BTCUSDT,14,3,24,-0.13799772362383347,0.0859091669853352
BTCUSDT,14,3,25,-0.09778246179037357,0.002927797504433284
BTCUSDT,14,3,26,-0.03294507920962269,-0.047607949991802914
BTCUSDT,14,3,27,0.01592731612662754,0.10238670130935794
BTCUSDT,14,3,28,0.035319686130772326,-0.06341752335573451
BTCUSDT,14,3,29,0.02116868902162058,-0.003298484976099293
BTCUSDT,14,3,30,-0.006295762534948522,0.02822531607423352
BTCUSDT,14,3,31,-0.004422815054623494,0.0019102677544902994
BTCUSDT,14,3,32,-0.001682055907003954,-0.09874593681841615
BTCUSDT,14,3,33,0.03801070938275912,0.08153038183777918
BTCUSDT,14,3,34,0.06540490767866616,-0.04008845129773142
BTCUSDT,14,3,35,0.09669114889942625,-0.005404391121525663
BTCUSDT,14,3,36,0.08754804492597913,-0.012913077335543954
BTCUSDT,14,3,37,0.09303234789201195,0.053985709582987144
BTCUSDT,14,3,38,0.08543143317173547,-0.047571625834709794
BTCUSDT,14,3,39,0.08475305001273227,0.026522286378628617
BTCUSDT,14,3,40,0.0744070047260006,0.008165845681103947
BTCUSDT,14,3,41,0.04314575852890623,-0.05936954437337985
BTCUSDT,14,3,42,0.06394049037421759,0.09543820093835409
BTCUSDT,14,3,43,0.06770889909183056,-0.015210113069041903
BTCUSDT,14,3,44,0.10050595040572256,-0.015901592924835648
BTCUSDT,14,3,45,0.06248828755917131,0.0038227947793925254
BTCUSDT,14,3,46,0.03529463271074054,-0.040657423326289424
BTCUSDT,14,3,47,-0.023342713831040852,-0.030430137202150542
BTCUSDT,14,3,48,-0.051887800533062814,-0.00406601373830958
BTCUSDT,14,3,49,-0.04729837232087825,0.06065243528938972
BTCUSDT,14,3,50,-0.024902948341087954,-0.04185586300512159
BTCUSDT,14,3,51,-0.006979091047518,0.009513274602585933
BTCUSDT,14,3,52,-0.006352968134278189,0.0539461871480128
BTCUSDT,14,3,53,0.013007654423681665,0.011451577452619809
BTCUSDT,14,3,54,0.0203779997078403,-0.0031141251007903697
BTCUSDT,14,3,55,0.018992723244526336,-0.01904284027781557
BTCUSDT,14,3,56,-0.03002580525369924,-0.019447593785899775
BTCUSDT,14,4,1,0.7922927530072938,0.7922927530072941
BTCUSDT,14,4,2,0.5824344444381804,-0.1216673251900779
BTCUSDT,14,4,3,0.3873360810764552,-0.09235103258651514
BTCUSDT,14,4,4,0.1829269625755589,-0.1669566925956621
BTCUSDT,14,4,5,0.16191127742533423,0.3475609411439432
BTCUSDT,14,4,6,0.1618926564394376,-0.0193041838151881
BTCUSDT,14,4,7,0.13374025116326346,-0.10840209844552859
BTCUSDT,14,4,8,0.11266057504766225,-0.07956062342923297
BTCUSDT,14,4,9,0.10091671889161564,0.2005333281213181
BTCUSDT,14,4,10,0.06062689035637791,-0.08367978789274765
BTCUSDT,14,4,11,-0.02196360617082626,-0.2601601221842302
BTCUSDT,14,4,12,-0.11686272928045904,-0.1447918917173538
BTCUSDT,14,4,13,-0.20197157723414758,0.12823383520948015
BTCUSDT,14,4,14,-0.2647673264525665,-0.04651554262007129
BTCUSDT,14,4,15,-0.23751921107815266,-0.014012298057844626
BTCUSDT,14,4,16,-0.18879710158927168,-0.0587417291949222
BTCUSDT,14,4,17,-0.18321301019786607,-0.04092493361237112
BTCUSDT,14,4,18,-0.19557292690997366,-0.10871020541214407
BTCUSDT,14,4,19,-0.24118908256697189,-0.05355965052441342
BTCUSDT,14,4,20,-0.28483302382880243,-0.010250163630749466
BTCUSDT,14,4,21,-0.28965999827910627,-0.0052295632174101945
BTCUSDT,14,4,22,-0.26740467620018354,-0.03416283645262268
BTCUSDT,14,4,23,-0.23082744526649418,0.015456079185436514
BTCUSDT,14,4,24,-0.1786080739630986,0.038391654868545
BTCUSDT,14,4,25,-0.11502605895112862,0.010490822723838278
BTCUSDT,14,4,26,-0.055917375918235736,-0.020500846014149386
BTCUSDT,14,4,27,-0.01069886223597903,0.019425512263145185
BTCUSDT,14,4,28,0.014606534489071883,0.02447827363647792
BTCUSDT,14,4,29,0.013360336312212725,-0.012842680059008118
BTCUSDT,14,4,30,0.0024778404056241955,-0.04061568262457609
BTCUSDT,14,4,31,0.00046762440705544234,-0.0315936909930938
BTCUSDT,14,4,32,0.02417172090451102,0.04759867246370211
BTCUSDT,14,4,33,0.04994089803010255,-0.034640329727470776
BTCUSDT,14,4,34,0.08520986185226027,0.0075675457734088025
BTCUSDT,14,4,35,0.11569939202266419,0.007915689351223255
BTCUSDT,14,4,36,0.11460839178541325,-0.01166603707570662
BTCUSDT,14,4,37,0.12124990988325947,0.014018583360529933
BTCUSDT,14,4,38,0.11349978391861659,-0.01343606583065876
BTCUSDT,14,4,39,0.09900725501817885,0.01177590761673115
BTCUSDT,14,4,40,0.08933042176023075,-0.02354155365606866
BTCUSDT,14,4,41,0.08722925994715354,0.0433482319291952
BTCUSDT,14,4,42,0.09638854614252197,0.03466132746052849
BTCUSDT,14,4,43,0.09365706243894543,-0.0511846104461571
BTCUSDT,14,4,44,0.11093258765429091,0.05486703305161421
BTCUSDT,14,4,45,0.07723749808873233,-0.10590557151209878
BTCUSDT,14,4,46,0.028677928136291667,0.007264281225409049
BTCUSDT,14,4,47,-0.00924905952684204,-0.029237483603622272
BTCUSDT,14,4,48,-0.05451884757584803,0.038819078764071556
BTCUSDT,14,4,49,-0.058417134588051575,0.0036367185102156455
BTCUSDT,14,4,50,-0.03752926029959001,0.020196558801138204
BTCUSDT,14,4,51,-0.013273367695821717,0.020802818051343624
BTCUSDT,14,4,52,0.005283180123270915,0.011077804188957038
BTCUSDT,14,4,53,0.012609990033849754,-0.01732688250568346
BTCUSDT,14,4,54,0.01070057361478529,0.02961964988914135
BTCUSDT,14,4,55,-0.011860484162910736,-0.02619950577045261
BTCUSDT,14,4,56,-0.05329761550635389,-0.06143034555050525
BTCUSDT,14,5,1,0.8466591648147637,0.846659164814764
BTCUSDT,14,5,2,0.6857340480727272,-0.10982054783256111
BTCUSDT,14,5,3,0.5325691593608167,-0.0671779120939357
BTCUSDT,14,5,4,0.3602589758385939,-0.16997436573420463
BTCUSDT,14,5,5,0.21948895967688964,-0.006810034829612055
BTCUSDT,14,5,6,0.19286537409098145,0.29608060299899597
BTCUSDT,14,5,7,0.16372502605872472,-0.06685122358303595
BTCUSDT,14,5,8,0.13678103031621214,-0.051887706232491136
BTCUSDT,14,5,9,0.11731538421378843,-0.07540884711990617
BTCUSDT,14,5,10,0.02697543171039441,-0.2666515999254889
BTCUSDT,14,5,11,-0.05038966594365065,0.126379493819597
BTCUSDT,14,5,12,-0.13310078209777285,-0.12258561092989267
BTCUSDT,14,5,13,-0.2016511158512853,0.017158587253568492
BTCUSDT,14,5,14,-0.25976351952823673,-0.09072615300963034
BTCUSDT,14,5,15,-0.24738015749474568,0.037484261569399976
BTCUSDT,14,5,16,-0.2434827799269135,-0.011099184611488792
BTCUSDT,14,5,17,-0.24936791499951474,-0.14162554937555366
BTCUSDT,14,5,18,-0.2687707988234739,-0.09737755608803812
BTCUSDT,14,5,19,-0.2943715748272147,-0.03565509640629559
BTCUSDT,14,5,20,-0.3260700682890467,-0.005379031325786477
BTCUSDT,14,5,21,-0.32942171434610634,0.08993526157585897
BTCUSDT,14,5,22,-0.30210674839510754,-0.027344660959860073
BTCUSDT,14,5,23,-0.2722374035397635,-0.062177203069700905
BTCUSDT,14,5,24,-0.21340419688812237,-0.01063190914938605
BTCUSDT,14,5,25,-0.1434433620675356,0.08213971503260324
BTCUSDT,14,5,26,-0.09014976568873712,0.020202849545404494
BTCUSDT,14,5,27,-0.0452541487977155,0.035793314626572925
BTCUSDT,14,5,28,-0.0059646645261253834,-0.05838326787826029
BTCUSDT,14,5,29,0.0016403669983528913,-0.0459132586094728
BTCUSDT,14,5,30,0.004518982046746946,-0.0159697617165588
BTCUSDT,14,5,31,0.02508103800217089,0.04010206121310754
BTCUSDT,14,5,32,0.03805596687452934,-0.021166157050788004
BTCUSDT,14,5,33,0.06778171501033055,0.03222118936931561
BTCUSDT,14,5,34,0.10389990203610813,-0.02439262728642956
BTCUSDT,14,5,35,0.13300390594783257,0.045626036342112035
BTCUSDT,14,5,36,0.13080776056236823,-0.09850048002998028
BTCUSDT,14,5,37,0.1401125499930264,0.050055177045576014
BTCUSDT,14,5,38,0.13790954828016347,0.01093198531928461
BTCUSDT,14,5,39,0.11858014029670419,-0.028643109128681985
BTCUSDT,14,5,40,0.11345898504029032,0.05727945491463935
BTCUSDT,14,5,41,0.1154498538730908,-0.018651117198641463
BTCUSDT,14,5,42,0.12230596976195145,0.05245555729527906
BTCUSDT,14,5,43,0.11860536790700431,-0.052906963845072603
BTCUSDT,14,5,44,0.11876973514358471,-0.019288819847611115
BTCUSDT,14,5,45,0.07578504010077375,-0.05901141548410087
BTCUSDT,14,5,46,0.03708840427336247,-0.013049920668994883
BTCUSDT,14,5,47,-0.007793502581685732,0.039676002945303046
BTCUSDT,14,5,48,-0.043622853068625185,-0.00104168859768036
BTCUSDT,14,5,49,-0.0587769587182525,0.03510475456996128
BTCUSDT,14,5,50,-0.03866209115298464,0.014591842705548143
BTCUSDT,14,5,51,-0.019316063746213367,0.006129725063960394
BTCUSDT,14,5,52,-0.007831129617346251,-0.0021395592894070206
BTCUSDT,14,5,53,0.0061481038411153365,-0.00677520891280031
BTCUSDT,14,5,54,-0.010359969580925485,-0.009135430912960981
BTCUSDT,14,5,55,-0.03822773436093327,-0.03111165597670128
BTCUSDT,14,5,56,-0.06417944213992029,0.028140644574907888
BTCUSDT,14,6,1,0.8865504231355338,0.8865504231355338
BTCUSDT,14,6,2,0.7524415508198867,-0.15666196732617532
BTCUSDT,14,6,3,0.6162346052707557,-0.07883920310020678
BTCUSDT,14,6,4,0.48244577346702755,-0.07186904764335238
BTCUSDT,14,6,5,0.3473894315666323,-0.09837723808185446
BTCUSDT,14,6,6,0.228281500888317,-0.02139881021586131
BTCUSDT,14,6,7,0.19634945405856516,0.3171329588629327
BTCUSDT,14,6,8,0.16305959009294843,-0.12678646301640503
BTCUSDT,14,6,9,0.0969630733154801,-0.23431910160713926
BTCUSDT,14,6,10,0.01447513320529455,-0.1339294707590658
BTCUSDT,14,6,11,-0.0578096407506627,-0.0212805974646609
BTCUSDT,14,6,12,-0.13171699607032342,-0.05589059089285704
BTCUSDT,14,6,13,-0.19481873325637383,0.14911576688938907
BTCUSDT,14,6,14,-0.2467171236800935,-0.08171927754617854
BTCUSDT,14,6,15,-0.2635968119578564,-0.06515072570743562
BTCUSDT,14,6,16,-0.2751946052166744,-0.12229841946605279
BTCUSDT,14,6,17,-0.2976546985979557,-0.08068722694593061
BTCUSDT,14,6,18,-0.3122352894698527,0.004474300598676685
BTCUSDT,14,6,19,-0.33607199523006426,-0.01706260485871158
BTCUSDT,14,6,20,-0.3551736018743532,-0.04737066622944405
BTCUSDT,14,6,21,-0.35178981218810595,0.09228574356831795
BTCUSDT,14,6,22,-0.32992738333792115,-0.03434768247489582
BTCUSDT,14,6,23,-0.29219495799071665,-0.044351481150316896
BTCUSDT,14,6,24,-0.23925792884757624,0.06610674148503995
BTCUSDT,14,6,25,-0.17987862647586447,0.007342414846192733
BTCUSDT,14,6,26,-0.1211731143908293,-0.017444711749561925
BTCUSDT,14,6,27,-0.07340664358878447,0.07655378125109792
BTCUSDT,14,6,28,-0.03595886652624448,-0.031061008155286875
BTCUSDT,14,6,29,-0.01155043606937872,-0.10748813400152273
BTCUSDT,14,6,30,0.01188021431487552,0.04345922847684173
BTCUSDT,14,6,31,0.03501507151219898,-0.0006045789872011998
BTCUSDT,14,6,32,0.05507409106144898,-0.02388661067203746
BTCUSDT,14,6,33,0.08016602760579199,0.06946935147045659
BTCUSDT,14,6,34,0.11569651414302377,0.055804524807508304
BTCUSDT,14,6,35,0.14076506434961222,-0.09231787347555413
BTCUSDT,14,6,36,0.14515689332375806,-0.06730075031353785
BTCUSDT,14,6,37,0.1510500820684705,0.056411104666818764
BTCUSDT,14,6,38,0.14699417803757397,-0.025379278174249443
BTCUSDT,14,6,39,0.14451977266290447,0.06750992898161022
BTCUSDT,14,6,40,0.13638670819962048,0.04416941722689431
BTCUSDT,14,6,41,0.12886518654988321,-0.05715946450849355
BTCUSDT,14,6,42,0.13967750976392146,0.029649553589093013
BTCUSDT,14,6,43,0.13358375584476884,-0.06161131945990753
BTCUSDT,14,6,44,0.1211426092946756,0.006702767097281357
BTCUSDT,14,6,45,0.08110331808794737,-0.08732340869655428
BTCUSDT,14,6,46,0.04305060645911194,0.030087446895780832
BTCUSDT,14,6,47,0.004192193778626557,0.009657462959585824
BTCUSDT,14,6,48,-0.03235021546023612,0.054828803764014104
BTCUSDT,14,6,49,-0.039825892300349316,0.06044042396869023
BTCUSDT,14,6,50,-0.037373015149321336,-0.024288393265753227
BTCUSDT,14,6,51,-0.028951297434145894,-0.06752463849661026
BTCUSDT,14,6,52,-0.02024969089421508,0.013820431656202423
BTCUSDT,14,6,53,-0.01872769447870071,0.0011297447493228913
BTCUSDT,14,6,54,-0.03241584560259266,0.023367896682527253
BTCUSDT,14,6,55,-0.049660225453038484,0.03178620275426256
BTCUSDT,14,6,56,-0.06523456931631427,-0.005412222697682658
BTCUSDT,14,7,1,0.898431126342382,0.898431126342382
BTCUSDT,14,7,2,0.7877735760833984,-0.10063665912973373
BTCUSDT,14,7,3,0.6780370280541801,-0.0551939646285424
BTCUSDT,14,7,4,0.5532676908955169,-0.14488094068727436
BTCUSDT,14,7,5,0.442247794726716,-0.000956773727237057
BTCUSDT,14,7,6,0.3369895139353092,-0.05378985044955484
BTCUSDT,14,7,7,0.2296255310136279,-0.08524966860265501
BTCUSDT,14,7,8,0.15601203112586046,0.08591435473558788
BTCUSDT,14,7,9,0.08880351639561367,-0.048767779588330916
BTCUSDT,14,7,10,0.006841775355420262,-0.14419765777733895
BTCUSDT,14,7,11,-0.05928542678654137,-0.016557893528445496
BTCUSDT,14,7,12,-0.12994754047750237,-0.09719570961273845
BTCUSDT,14,7,13,-0.18927912239477923,-0.0028759798360362583
BTCUSDT,14,7,14,-0.2509088143085166,-0.12926590193261067
BTCUSDT,14,7,15,-0.2809936806665955,0.12159438553667702
BTCUSDT,14,7,16,-0.30807673529096496,-0.07835467029843345
BTCUSDT,14,7,17,-0.32997818952279967,-0.05870836940334802
BTCUSDT,14,7,18,-0.3496204988405104,-0.07487358075546652
BTCUSDT,14,7,19,-0.3627300967367053,-0.02276187742435828
BTCUSDT,14,7,20,-0.374738775182285,-0.0634681795719787
BTCUSDT,14,7,21,-0.3692836901634783,0.01872774882173747
BTCUSDT,14,7,22,-0.34129209095712837,0.09346359870013683
BTCUSDT,14,7,23,-0.30599707209422394,0.014086184261066682
BTCUSDT,14,7,24,-0.2600216607821532,-0.02566826196032794
BTCUSDT,14,7,25,-0.2059780509323956,0.04179901930141164
BTCUSDT,14,7,26,-0.14985193965075558,-0.00753915183221237
BTCUSDT,14,7,27,-0.0999481984376936,-0.018558026987504538
BTCUSDT,14,7,28,-0.05545790886185399,-0.03971163480712751
BTCUSDT,14,7,29,-0.018014329883043755,0.05128839147656081
BTCUSDT,14,7,30,0.01624086676695358,-0.020242208825421264
BTCUSDT,14,7,31,0.04597369754721415,-0.01588358262906527
BTCUSDT,14,7,32,0.07124166750543391,-0.00854282064737789
BTCUSDT,14,7,33,0.09827400345829104,0.03605854126010595
BTCUSDT,14,7,34,0.12402988976599634,-0.015060709377061119
BTCUSDT,14,7,35,0.15487250608133415,0.05989109267810221
BTCUSDT,14,7,36,0.16355204923252462,-0.07464593057314742
BTCUSDT,14,7,37,0.1680722918846091,0.020302937522706916
BTCUSDT,14,7,38,0.17111867834247366,-0.015579314996176648
BTCUSDT,14,7,39,0.1705962618847095,0.03598587176598941
BTCUSDT,14,7,40,0.1655328099876329,-0.015311178861783261
BTCUSDT,14,7,41,0.15750727118823213,-0.0005898239336678373
BTCUSDT,14,7,42,0.15257920189491675,0.050209207392288215
BTCUSDT,14,7,43,0.1392453753146559,-0.03732982076613569
BTCUSDT,14,7,44,0.1267628071570471,0.009972976957413416
BTCUSDT,14,7,45,0.0892961348699219,-0.11248860792291444
BTCUSDT,14,7,46,0.05434300270050657,0.02660985881420653
BTCUSDT,14,7,47,0.02227022747824122,0.01487353234707148
BTCUSDT,14,7,48,-0.009442565646406626,-0.020267592621277513
BTCUSDT,14,7,49,-0.030756655153788694,0.07981958864846822
BTCUSDT,14,7,50,-0.03737851932724389,0.014585485788316263
BTCUSDT,14,7,51,-0.043592573967375085,0.00458459874757694
BTCUSDT,14,7,52,-0.04858853175889991,-0.05177568564223968
BTCUSDT,14,7,53,-0.05295962453017214,0.004481953862943404
BTCUSDT,14,7,54,-0.06166227662574374,0.0071539481290941375
BTCUSDT,14,7,55,-0.06379697484880394,0.0066176400042671415
BTCUSDT,14,7,56,-0.06984522372053677,0.019989192100793318
BTCUSDT,21,1,1,0.07566358138407127,0.07566358138407131
BTCUSDT,21,1,2,0.053545475277668085,0.048095845364662326
BTCUSDT,21,1,3,0.08127356340190206,0.07437472769912999
BTCUSDT,21,1,4,0.01910884885079902,0.005707061817818459
BTCUSDT,21,1,5,0.023647787447456402,0.014699988054968
BTCUSDT,21,1,6,0.08172191667875153,0.07300189813388354
BTCUSDT,21,1,7,0.06377976477399665,0.05082922007271148
BTCUSDT,21,1,8,0.013589796249855282,-0.0035982294138566847
BTCUSDT,21,1,9,0.07771953926155867,0.06179582208450752
BTCUSDT,21,1,10,-0.049424945205769906,-0.0701855269207478
BTCUSDT,21,1,11,0.08107788771694707,0.08185005849451715
BTCUSDT,21,1,12,0.004840492116017488,-0.01930135144424604
BTCUSDT,21,1,13,0.021653149262300282,0.016549539938633215
BTCUSDT,21,1,14,-0.04351415083526938,-0.06412825281787164
BTCUSDT,21,1,15,-0.02936472432046029,-0.032530921691594085
BTCUSDT,21,1,16,-0.010546433431954617,-0.006229543249049486
BTCUSDT,21,1,17,0.02071948851010287,0.028538089960582925
BTCUSDT,21,1,18,0.04532989172863697,0.035520857782270286
BTCUSDT,21,1,19,-0.013345716089994686,-0.011890186187604667
BTCUSDT,21,1,20,-0.003940554947891637,-0.018640361562132682
BTCUSDT,21,1,21,-0.18114689656487598,-0.17042791649633254
BTCUSDT,21,1,22,-0.09766030512045241,-0.08172858347326942
BTCUSDT,21,1,23,-0.09821204392700743,-0.071262524276719
BTCUSDT,21,1,24,-0.03579269498500829,-0.0067475049782473725
BTCUSDT,21,1,25,-0.01724289299571238,0.00965087167764565
BTCUSDT,21,1,26,0.02217194150603936,0.047769620615530084
BTCUSDT,21,1,27,-0.027422463319820563,0.0002557123003559257
BTCUSDT,21,1,28,0.01937269423492836,0.05899351121160811
BTCUSDT,21,1,29,-0.007420096315728708,-0.004733308773021119
BTCUSDT,21,1,30,-0.025429162576649095,0.010039543317888738
BTCUSDT,21,1,31,0.03018172088786623,0.020889109540900622
BTCUSDT,21,1,32,-0.0592771741692143,-0.03432401334140759
BTCUSDT,21,1,33,-0.020374081187145305,-0.011205930805731627
BTCUSDT,21,1,34,-0.020726453671792815,-0.008380766555284205
BTCUSDT,21,1,35,0.11645311696841815,0.11584316901158169
BTCUSDT,21,1,36,-0.029099467487325947,-0.050240682277726
BTCUSDT,21,1,37,0.030039460031275184,0.00879692057246041
BTCUSDT,21,1,38,0.018584187345101335,0.011803133063461776
BTCUSDT,21,1,39,0.014772394412798928,0.03907124548010093
BTCUSDT,21,1,40,0.007139790103425301,0.010682557596591587
BTCUSDT,21,1,41,-0.05521667013778402,-0.06261740486324985
BTCUSDT,21,1,42,0.07796402665816357,0.04366577801642178
BTCUSDT,21,1,43,-0.03789003267408718,-0.07603653375017519
BTCUSDT,21,1,44,0.10652324980126127,0.06848121333667205
BTCUSDT,21,1,45,-0.02264976709355329,-0.051471170874862714
BTCUSDT,21,1,46,0.01906631256890235,-0.01315221443206015
BTCUSDT,21,1,47,0.012038322988391687,0.01616356186351322
BTCUSDT,21,1,48,-0.021726623797311596,-0.0357499116537208
BTCUSDT,21,1,49,-0.032218676346655754,-0.003934587813056738
BTCUSDT,21,1,50,-0.014021174174149128,-0.004279798933952377
BTCUSDT,21,1,51,0.014140634772128612,0.00883391950419779
BTCUSDT,21,1,52,-0.04651277709844345,-0.019566231590398452
BTCUSDT,21,1,53,0.012047692620607823,-0.028690251644985704
BTCUSDT,21,1,54,-0.004443343302032481,0.02006365836324155
BTCUSDT,21,1,55,0.03834992010954788,0.013357957880831448
BTCUSDT,21,1,56,-0.05108210428741937,-0.016862770534907322
BTCUSDT,21,2,1,0.5635171628107529,0.5635171628107529
BTCUSDT,21,2,2,0.15137641944908892,-0.24349851443081666
BTCUSDT,21,2,3,0.11085701900181917,0.2211861581291115
BTCUSDT,21,2,4,0.07949626607114854,-0.11214891118152913
BTCUSDT,21,2,5,0.09151445635131722,0.15855107613176045
BTCUSDT,21,2,6,0.1260380558251227,-0.005417170770182993
BTCUSDT,21,2,7,0.10066993062973478,0.03396911849601161
BTCUSDT,21,2,8,0.07685447276786805,0.016731856914830836
BTCUSDT,21,2,9,0.07293524534051637,0.02118596707938169
BTCUSDT,21,2,10,0.04189548148879601,-0.024054001808913733
BTCUSDT,21,2,11,0.04696420771974429,0.054105763272121715
BTCUSDT,21,2,12,0.04499793876978494,-0.03896303612144931
BTCUSDT,21,2,13,0.0008786409730963914,-0.017445768906151914
BTCUSDT,21,2,14,-0.04789467918727451,-0.06866556177020215
BTCUSDT,21,2,15,-0.04361357575595121,0.023557734920269097
BTCUSDT,21,2,16,-0.021700319265578676,-0.02436464903018745
BTCUSDT,21,2,17,0.015213000969027585,0.05728590249073486
BTCUSDT,21,2,18,0.05370288403884225,0.017432450492445697
BTCUSDT,21,2,19,-0.011732475243279453,-0.08765150316012155
BTCUSDT,21,2,20,-0.1501299541768565,-0.13827920704655827
BTCUSDT,21,2,21,-0.2182005827723903,-0.08068364082506267
BTCUSDT,21,2,22,-0.19426813934153045,-0.04720893737367741
BTCUSDT,21,2,23,-0.16274739251257228,-0.05481082563759463
BTCUSDT,21,2,24,-0.11080904437999053,0.014168308522865481
BTCUSDT,21,2,25,-0.04885473381612514,0.02854226825147374
BTCUSDT,21,2,26,-0.01951262841234982,0.032658288662917645
BTCUSDT,21,2,27,-0.008165686824548497,0.02960582821350042
BTCUSDT,21,2,28,0.017842473113952307,0.06161448353205955
BTCUSDT,21,2,29,-0.014998974504285188,-0.05868875850632627
BTCUSDT,21,2,30,-0.036612886043328505,0.04248542336862762
BTCUSDT,21,2,31,-0.02911257926681239,-0.030529327839491558
BTCUSDT,21,2,32,-0.0519587052705621,-0.008086279888125159
BTCUSDT,21,2,33,-0.04236609588308865,0.0025127641867304447
BTCUSDT,21,2,34,0.037318058303260924,0.07831499002825786
BTCUSDT,21,2,35,0.08187305968468545,0.006721451459727601
BTCUSDT,21,2,36,0.02878343139470717,-0.05432352065444608
BTCUSDT,21,2,37,0.013529546341747014,0.0453996741863787
BTCUSDT,21,2,38,0.03470104274845013,0.029726447157759697
BTCUSDT,21,2,39,0.0292631515763887,0.009080638449216612
BTCUSDT,21,2,40,-0.00011984704972188917,-0.05228034192917729
BTCUSDT,21,2,41,-0.001500238740047778,0.00253044434589313
BTCUSDT,21,2,42,0.04093637484701693,0.01929505353300948
BTCUSDT,21,2,43,0.06443233847373915,-0.02736254542925631
BTCUSDT,21,2,44,0.08067669862098492,0.035753043656190926
BTCUSDT,21,2,45,0.0407452641885645,-0.08306957092971243
BTCUSDT,21,2,46,0.014935757477490442,0.034965068178952466
BTCUSDT,21,2,47,0.005668258282741054,-0.038863063244885594
BTCUSDT,21,2,48,-0.037391526983659405,-0.015531700910737084
BTCUSDT,21,2,49,-0.04027852834528481,0.016786724139630876
BTCUSDT,21,2,50,-0.025473071057897454,-0.031034702754793968
BTCUSDT,21,2,51,-0.025775442937846536,0.01192471722390561
BTCUSDT,21,2,52,-0.016966033350267324,-0.029346145214556113
BTCUSDT,21,2,53,0.00988143865994742,0.021252050825097568
BTCUSDT,21,2,54,0.014066509831042887,0.01153815052129931
BTCUSDT,21,2,55,-0.004812846427376044,-9.66655407576828e-05
BTCUSDT,21,2,56,-0.03167493137953381,-0.029109611513298696
BTCUSDT,21,3,1,0.7385071501223215,0.7385071501223215
BTCUSDT,21,3,2,0.4341164758894719,-0.2447746923749366
BTCUSDT,21,3,3,0.16568607198557306,-0.12312176768319216
BTCUSDT,21,3,4,0.14556390220627083,0.347592693693778
BTCUSDT,21,3,5,0.1557352749051549,-0.09398932866440063
BTCUSDT,21,3,6,0.1531233901589991,-0.0688597666543874
BTCUSDT,21,3,7,0.13729652919149646,0.1815466273484972
BTCUSDT,21,3,8,0.10111831485190616,-0.09720148915963427
BTCUSDT,21,3,9,0.09403307871610421,0.026953731476968307
BTCUSDT,21,3,10,0.05897649358987458,0.001992068152374694
BTCUSDT,21,3,11,0.059198389532393945,0.017686379858169836
BTCUSDT,21,3,12,0.0189476777128549,-0.08025332163495592
BTCUSDT,21,3,13,-0.010747796405507534,-0.022461965950365027
BTCUSDT,21,3,14,-0.05539206177101254,-0.014859140009887487
BTCUSDT,21,3,15,-0.06532530725187115,-0.019463323023866223
BTCUSDT,21,3,16,-0.04348648605490619,0.03987630052764648
BTCUSDT,21,3,17,-0.0035331750166855956,0.0325181577306002
BTCUSDT,21,3,18,0.0025354736004756235,-0.0829101822479052
BTCUSDT,21,3,19,-0.08903295077427835,-0.18333760379460268
BTCUSDT,21,3,20,-0.1957494842246061,-0.03535178047444839
BTCUSDT,21,3,21,-0.26989201796669227,-0.04277048818017839
BTCUSDT,21,3,22,-0.24421276078226986,-0.032097962518364484
BTCUSDT,21,3,23,-0.20914302354241912,-0.050350845115323395
BTCUSDT,21,3,24,-0.15618917870845997,0.04712841257710435
BTCUSDT,21,3,25,-0.1050593581844871,0.07116509436353081
BTCUSDT,21,3,26,-0.04906346600384862,-0.0022120088292643856
BTCUSDT,21,3,27,-0.014072929247415341,0.023953789175328203
BTCUSDT,21,3,28,-0.0014634502139561332,0.05339724922196458
BTCUSDT,21,3,29,-0.019332951437267962,-0.08170958051026977
BTCUSDT,21,3,30,-0.04748588981407967,0.0004716459529133573
BTCUSDT,21,3,31,-0.05578090260213368,0.0517995871921588
BTCUSDT,21,3,32,-0.058456650862947795,-0.07104981658762866
BTCUSDT,21,3,33,-0.007740208642075377,0.10003300857953601
BTCUSDT,21,3,34,0.031648325856153854,0.0067096393524955075
BTCUSDT,21,3,35,0.06935752901761205,-0.03740450507687682
BTCUSDT,21,3,36,0.04594535680742846,-0.017555128512544704
BTCUSDT,21,3,37,0.042569440794321366,0.09992055805827137
BTCUSDT,21,3,38,0.03735307809009032,-0.012324321197477124
BTCUSDT,21,3,39,0.03687730447899853,-0.08917984378437716
BTCUSDT,21,3,40,0.03260619274130446,0.044154634133434914
BTCUSDT,21,3,41,0.01912577309279239,-0.021506259715108608
BTCUSDT,21,3,42,0.06475546604211006,0.061324117874623954
BTCUSDT,21,3,43,0.07788108386515245,-0.07210182096674289
BTCUSDT,21,3,44,0.10150962720275322,0.014152391240433122
BTCUSDT,21,3,45,0.0560897507392991,-0.03266208417195381
BTCUSDT,21,3,46,0.031721220723857586,-0.014202392707262751
BTCUSDT,21,3,47,-0.015128318067527012,-0.01179922522641987
BTCUSDT,21,3,48,-0.03330778249112057,-0.004774587419694824
BTCUSDT,21,3,49,-0.042000316329245835,0.002830376547122156
BTCUSDT,21,3,50,-0.045132463290316796,-0.04326711510541914
BTCUSDT,21,3,51,-0.029147314822478433,0.01833291801164054
BTCUSDT,21,3,52,-0.011121798593052392,0.04465126862127078
BTCUSDT,21,3,53,0.018251938050554833,-0.03101130269666181
BTCUSDT,21,3,54,0.005958430253931123,0.009559341751835598
BTCUSDT,21,3,55,-0.002610557096119637,0.0234798154188104
BTCUSDT,21,3,56,-0.04929178226378195,-0.11408155082485892
BTCUSDT,21,4,1,0.7937070361250745,0.7937070361250745
BTCUSDT,21,4,2,0.5790831144358889,-0.13752361408017602
BTCUSDT,21,4,3,0.37557202609263085,-0.10496567800413391
BTCUSDT,21,4,4,0.19313484805084166,-0.09041712277813946
BTCUSDT,21,4,5,0.1716139408706515,0.2959924027535168
BTCUSDT,21,4,6,0.16765971658153878,-0.0246965481868777
BTCUSDT,21,4,7,0.13465589397078193,-0.12554042987826142
BTCUSDT,21,4,8,0.11002905670144514,-0.010141699719755206
BTCUSDT,21,4,9,0.09980894944839439,0.1632023241472728
BTCUSDT,21,4,10,0.05460752475975361,-0.11988002309398708
BTCUSDT,21,4,11,0.037123017332669046,-0.027942194316084967
BTCUSDT,21,4,12,0.0007277683765947628,-0.06328749477624022
BTCUSDT,21,4,13,-0.03332649506600597,0.07582208342455035
BTCUSDT,21,4,14,-0.06141829805664594,-0.10580657949696658
BTCUSDT,21,4,15,-0.06198979295197292,0.0584274471627513
BTCUSDT,21,4,16,-0.05775622851338939,-0.03154056242457431
BTCUSDT,21,4,17,-0.056919148161058614,0.008008600085677801
BTCUSDT,21,4,18,-0.09308215258493789,-0.19133054426375692
BTCUSDT,21,4,19,-0.16982222306646635,-0.07505956562810173
BTCUSDT,21,4,20,-0.24236715023955854,-0.06643199196293348
BTCUSDT,21,4,21,-0.3234011216109059,-0.09731912048866653
BTCUSDT,21,4,22,-0.3070186483448628,0.08982252230023531
BTCUSDT,21,4,23,-0.27181349227585877,-0.033781535675734824
BTCUSDT,21,4,24,-0.22034016009328808,-0.004910145737102903
BTCUSDT,21,4,25,-0.14259251373915427,0.049536443743776
BTCUSDT,21,4,26,-0.08026480026709709,0.11016802206228567
BTCUSDT,21,4,27,-0.03710655368085899,-0.024374195096264106
BTCUSDT,21,4,28,-0.01669102158759912,-0.06361446851236272
BTCUSDT,21,4,29,-0.035394690625538204,-0.04887272024715571
BTCUSDT,21,4,30,-0.06215025223719984,0.07653021845766467
BTCUSDT,21,4,31,-0.06018830929719153,-0.013129602460649575
BTCUSDT,21,4,32,-0.043653248063002414,0.007377963505338636
BTCUSDT,21,4,33,-0.004734348416127114,-0.006400766760234595
BTCUSDT,21,4,34,0.03146480255264116,0.05381663083087638
BTCUSDT,21,4,35,0.06027928200521596,-0.0011916596278886333
BTCUSDT,21,4,36,0.053774729873941274,-0.04621406099178686
BTCUSDT,21,4,37,0.061290382755538685,0.06536705333942855
BTCUSDT,21,4,38,0.05860213844418405,2.2626605311083158e-05
BTCUSDT,21,4,39,0.05603279273957716,-0.026290294440260466
BTCUSDT,21,4,40,0.06264741515370251,-0.06484226274605463
BTCUSDT,21,4,41,0.0700404400367735,0.06243624362705586
BTCUSDT,21,4,42,0.09871096935308613,0.029858325146211857
BTCUSDT,21,4,43,0.09967023983141923,-0.08361291254260492
BTCUSDT,21,4,44,0.1146427351706456,0.024229176669944435
BTCUSDT,21,4,45,0.08342446873111367,-0.0573510233008372
BTCUSDT,21,4,46,0.035820565094805634,0.0015349383019151131
BTCUSDT,21,4,47,0.0011883623403451994,0.006063491994403523
BTCUSDT,21,4,48,-0.03419587231958651,-0.00413121593806473
BTCUSDT,21,4,49,-0.04496446224903758,-0.021933795763310823
BTCUSDT,21,4,50,-0.03348701305661198,-0.01328741252591347
BTCUSDT,21,4,51,-0.007046368019413299,0.07913898945734987
BTCUSDT,21,4,52,0.00898045593464113,-0.005779680421999744
BTCUSDT,21,4,53,0.023770280759586454,-0.036524748059315215
BTCUSDT,21,4,54,0.018490730383133206,0.010017548139957215
BTCUSDT,21,4,55,-0.010235952378946395,-0.019353007189844434
BTCUSDT,21,4,56,-0.05986390022199999,-0.07203925784583436
BTCUSDT,21,5,1,0.8484622830272498,0.8484622830272498
BTCUSDT,21,5,2,0.6817870873006942,-0.1360212766402062
BTCUSDT,21,5,3,0.5260238122701495,-0.05718638705058548
BTCUSDT,21,5,4,0.3575510392872097,-0.1521684379689023
BTCUSDT,21,5,5,0.2126952461763494,-0.030285269821076568
BTCUSDT,21,5,6,0.18000309147109597,0.28704346773982603
BTCUSDT,21,5,7,0.1519555166603098,-0.06721975438928902
BTCUSDT,21,5,8,0.12349717410984025,-0.0437106506719149
BTCUSDT,21,5,9,0.10386234419940106,-0.057678103560330256
BTCUSDT,21,5,10,0.0522149160268437,-0.13669924165389077
BTCUSDT,21,5,11,0.02383524248002838,0.19093656464866957
BTCUSDT,21,5,12,-0.0006555935050907071,-0.05566970783278518
BTCUSDT,21,5,13,-0.03773383545462279,-0.08203594547146675
BTCUSDT,21,5,14,-0.07072262216797714,-0.04418929818147028
BTCUSDT,21,5,15,-0.05994326628282737,0.05573727476350707
BTCUSDT,21,5,16,-0.07734312894670994,-0.01933096956448714
BTCUSDT,21,5,17,-0.13207026560843652,-0.19778397308024642
BTCUSDT,21,5,18,-0.1722420630382458,-0.046999440464316436
BTCUSDT,21,5,19,-0.22934990762582885,-0.1083139156607458
BTCUSDT,21,5,20,-0.30242804637170384,-0.04659970890332165
BTCUSDT,21,5,21,-0.3579981596357755,-0.044675144861788994
BTCUSDT,21,5,22,-0.35197144272443026,0.06019557671794446
BTCUSDT,21,5,23,-0.32542663827572405,0.029372853306208212
BTCUSDT,21,5,24,-0.2681113988872586,0.009953849928555136
BTCUSDT,21,5,25,-0.19546902801159075,0.05110268721570225
BTCUSDT,21,5,26,-0.12763707967846755,-0.004940837544489536
BTCUSDT,21,5,27,-0.0776222723998571,0.009040829094811374
BTCUSDT,21,5,28,-0.051306051806403664,-0.015517764239900486
BTCUSDT,21,5,29,-0.06029307911447276,-0.08371906342413987
BTCUSDT,21,5,30,-0.0680475671002124,0.024967018995851728
BTCUSDT,21,5,31,-0.046492628412247924,0.07051117358609077
BTCUSDT,21,5,32,-0.038819515674327454,-0.008850612058327833
BTCUSDT,21,5,33,-0.015384485543433931,0.02411877684752912
BTCUSDT,21,5,34,0.024215221437724622,-0.03269848826033638
BTCUSDT,21,5,35,0.05567025884856827,0.03700655038105613
BTCUSDT,21,5,36,0.05252854925868556,-0.03275149877586653
BTCUSDT,21,5,37,0.0631799143714794,0.026995821610165137
BTCUSDT,21,5,38,0.08025065544499849,0.03715561712430415
BTCUSDT,21,5,39,0.08152708263400518,-0.07408601630471812
BTCUSDT,21,5,40,0.08911673000834573,-0.0019914579940596613
BTCUSDT,21,5,41,0.10739381876794363,-0.0007001040649334451
BTCUSDT,21,5,42,0.12970682213009121,0.04516524490308223
BTCUSDT,21,5,43,0.12598166655512297,-0.06993021340114815
BTCUSDT,21,5,44,0.12038965112309777,-0.00493188524944864
BTCUSDT,21,5,45,0.08590267396755968,-0.04801728359567682
BTCUSDT,21,5,46,0.0545314753722093,0.011981187623646274
BTCUSDT,21,5,47,0.006686773766578483,-0.03209403919935674
BTCUSDT,21,5,48,-0.025095064770015645,0.03173517887187026
BTCUSDT,21,5,49,-0.03192071016124154,0.03489441065315077
BTCUSDT,21,5,50,-0.009682152853077315,0.012707381816186011
BTCUSDT,21,5,51,0.00697440804885671,-0.004699541455544602
BTCUSDT,21,5,52,0.018748216483332778,-0.00318442531957759
BTCUSDT,21,5,53,0.03124922664961288,-0.014858001438125906
BTCUSDT,21,5,54,0.01641237354847729,-0.018167226253602932
BTCUSDT,21,5,55,-0.01623530159855128,-0.02340288396894806
BTCUSDT,21,5,56,-0.05827049650067462,-0.05305753419635547
BTCUSDT,21,6,1,0.8828455045229233,0.8828455045229232
BTCUSDT,21,6,2,0.7538935871818699,-0.11570476128469508
BTCUSDT,21,6,3,0.6108430925243359,-0.13595893627155353
BTCUSDT,21,6,4,0.4781526218473467,-0.03565531974306701
BTCUSDT,21,6,5,0.335214938847735,-0.13838832322286343
BTCUSDT,21,6,6,0.20975310605037134,-0.025838432484292576
BTCUSDT,21,6,7,0.17195509297729641,0.31595788009615905
BTCUSDT,21,6,8,0.13646749884237563,-0.09101285692983921
BTCUSDT,21,6,9,0.10281604807570188,-0.09368099830583997
BTCUSDT,21,6,10,0.05161031606610263,-0.11059654994302358
BTCUSDT,21,6,11,0.027868884548138163,0.03254402824895963
BTCUSDT,21,6,12,-0.007861820767069393,-0.06648288509790459
BTCUSDT,21,6,13,-0.03433703048866255,0.1357383668393113
BTCUSDT,21,6,14,-0.062460547345971146,-0.058753684615785076
BTCUSDT,21,6,15,-0.08288364573105357,-0.07170000517751896
BTCUSDT,21,6,16,-0.12434333921678745,-0.20782040689784878
BTCUSDT,21,6,17,-0.17666630300029157,-0.04095327317730395
BTCUSDT,21,6,18,-0.22289933292210237,-0.03509682856915348
BTCUSDT,21,6,19,-0.2833863951174199,-0.05553662576214162
BTCUSDT,21,6,20,-0.3336361893234863,-0.03705183316874317
BTCUSDT,21,6,21,-0.3831990011082502,-0.06714909463923459
BTCUSDT,21,6,22,-0.37139297329626797,0.09981110942374014
BTCUSDT,21,6,23,-0.3481337820689159,0.006502901466051872
BTCUSDT,21,6,24,-0.29888427304591964,0.07096173877120977
BTCUSDT,21,6,25,-0.23886217834871903,0.02549641284212596
BTCUSDT,21,6,26,-0.17616816420159367,-0.048942965359786775
BTCUSDT,21,6,27,-0.12263761289856506,-0.05664867673280344
BTCUSDT,21,6,28,-0.09317177536616517,0.03857599791795104
BTCUSDT,21,6,29,-0.07738019890412248,-0.06378673357686547
BTCUSDT,21,6,30,-0.06117702810186559,0.09626895746486318
BTCUSDT,21,6,31,-0.04261541362225594,0.002832104942226245
BTCUSDT,21,6,32,-0.03721178522911406,-0.06241292642725434
BTCUSDT,21,6,33,-0.01635035378620693,0.015645755385101337
BTCUSDT,21,6,34,0.012808392863095423,0.09136842518531285
BTCUSDT,21,6,35,0.04715076035892197,-0.010705243965688626
BTCUSDT,21,6,36,0.051193983408473476,-0.08838212462653293
BTCUSDT,21,6,37,0.06781391715634619,0.05039362042403536
BTCUSDT,21,6,38,0.08658413326850112,-0.03136100599091009
BTCUSDT,21,6,39,0.10769858505608668,0.02649907978762821
BTCUSDT,21,6,40,0.12008701733159793,0.010801463767566206
BTCUSDT,21,6,41,0.12727255518083527,-0.01881279883317978
BTCUSDT,21,6,42,0.15282877348390975,-0.006909021092336269
BTCUSDT,21,6,43,0.14147163287937328,-0.09763191366121018
BTCUSDT,21,6,44,0.12417775747540137,7.563123094008953e-05
BTCUSDT,21,6,45,0.08829059960952193,0.012889930622122216
BTCUSDT,21,6,46,0.05855669876440907,-0.0016546958897918416
BTCUSDT,21,6,47,0.02204755232589269,-0.0031954109953546608
BTCUSDT,21,6,48,-0.005060922648968192,0.028830589936200104
BTCUSDT,21,6,49,-0.0031917444680953726,0.04596152659150722
BTCUSDT,21,6,50,0.0033177640070987044,-0.031471684074116185
BTCUSDT,21,6,51,0.014420597795551474,0.029335187301973372
BTCUSDT,21,6,52,0.021672436887522614,0.009783464810219142
BTCUSDT,21,6,53,0.028636855508549604,-0.07877126454631894
BTCUSDT,21,6,54,0.009054171333675256,-0.049003378115645715
BTCUSDT,21,6,55,-0.01693810801940272,0.031951221349895274
BTCUSDT,21,6,56,-0.04940457720457248,-0.02610172882994063
BTCUSDT,21,7,1,0.9013067026153214,0.9013067026153215
BTCUSDT,21,7,2,0.7841582928979297,-0.15025870548442746
BTCUSDT,21,7,3,0.6711774306541498,-0.034667919187623034
BTCUSDT,21,7,4,0.5500527352284026,-0.11679450627397006
BTCUSDT,21,7,5,0.4360171277570527,-0.030335325092509958
BTCUSDT,21,7,6,0.31674800868800607,-0.11865611078085311
BTCUSDT,21,7,7,0.20052904053575504,-0.06306739949292692
BTCUSDT,21,7,8,0.14649872272546702,0.24397462600791128
BTCUSDT,21,7,9,0.10749011570126807,-0.02812467209687451
BTCUSDT,21,7,10,0.0615511901723967,-0.09048527712990964
BTCUSDT,21,7,11,0.025724482455120157,-0.017963172260179273
BTCUSDT,21,7,12,-0.004408634570559287,-0.01437440229454694
BTCUSDT,21,7,13,-0.0318207434820594,-0.060182657089007295
BTCUSDT,21,7,14,-0.07123227620886445,-0.1402138545599748
BTCUSDT,21,7,15,-0.11887774028107687,0.00859440172358912
BTCUSDT,21,7,16,-0.16998291974539173,-0.058378638217128465
BTCUSDT,21,7,17,-0.21093349021224575,-0.0332900179145937
BTCUSDT,21,7,18,-0.258953457505336,-0.10643679698866641
BTCUSDT,21,7,19,-0.3128513153650465,-0.07225600275306676
BTCUSDT,21,7,20,-0.36103772189317784,-0.04844618889580109
BTCUSDT,21,7,21,-0.3884658241464051,-0.012970617231235613
BTCUSDT,21,7,22,-0.376807599796739,0.1441968396249802
BTCUSDT,21,7,23,-0.3492408602937417,0.014353283683228841
BTCUSDT,21,7,24,-0.3177657187227276,-0.005363058313150233
BTCUSDT,21,7,25,-0.2689123800691442,0.03403689308214954
BTCUSDT,21,7,26,-0.21814754502679648,-0.04774661723809103
BTCUSDT,21,7,27,-0.16934142144608585,-0.024424001238533163
BTCUSDT,21,7,28,-0.12552086467444623,-0.019535230176139458
BTCUSDT,21,7,29,-0.09149723207766804,0.06489857641433236
BTCUSDT,21,7,30,-0.06732634441891354,-0.033857105645385514
BTCUSDT,21,7,31,-0.047733104693692234,-0.022184194149256705
BTCUSDT,21,7,32,-0.03568191733158809,0.011823131811506463
BTCUSDT,21,7,33,-0.015811557265270743,0.05722880314411095
BTCUSDT,21,7,34,0.01049428869363092,0.011100848849772206
BTCUSDT,21,7,35,0.038817201011154316,-0.007682690046853995
BTCUSDT,21,7,36,0.05871396392352673,-0.025782682357339562
BTCUSDT,21,7,37,0.07900861279281539,0.0011916701217390897
BTCUSDT,21,7,38,0.10668544599846952,0.03087767588689087
BTCUSDT,21,7,39,0.13252539972149655,-0.017991985644786098
BTCUSDT,21,7,40,0.1501572195572619,-0.020682321820101778
BTCUSDT,21,7,41,0.15705614768157267,-0.018213641951345273
BTCUSDT,21,7,42,0.16092550281167284,0.01873672423525566
BTCUSDT,21,7,43,0.14961218032272533,-0.07239049345242612
BTCUSDT,21,7,44,0.13098554845248084,-0.0078079389966821365
BTCUSDT,21,7,45,0.09361980527059607,-0.06474409020216414
BTCUSDT,21,7,46,0.06022819106468044,0.047288347182169815
BTCUSDT,21,7,47,0.04037776678790204,0.04450915554470995
BTCUSDT,21,7,48,0.024520297822592723,0.0010671986061237934
BTCUSDT,21,7,49,0.013148798222967667,0.04686280020345521
BTCUSDT,21,7,50,0.011243759836796796,0.005283536330467689
BTCUSDT,21,7,51,0.009306012781647607,-0.041033803009542166
BTCUSDT,21,7,52,0.014604942526860228,-0.021666554964209134
BTCUSDT,21,7,53,0.012575564499641673,-0.028549815787754746
BTCUSDT,21,7,54,-0.004923712746228909,-0.017073015720658318
BTCUSDT,21,7,55,-0.025196773730737684,-0.020783994705305283
BTCUSDT,21,7,56,-0.04540487559647576,0.015070416947382755
BTCUSDT,28,1,1,-0.014454947931936213,-0.014454947931936248
BTCUSDT,28,1,2,-0.006561766816670773,-0.006772127342052835
BTCUSDT,28,1,3,0.08695969059868527,0.08678842100198689
BTCUSDT,28,1,4,0.015815087345725842,0.018391036641679098
BTCUSDT,28,1,5,-0.05867720440147174,-0.05759151400346013
BTCUSDT,28,1,6,-0.010567655242294869,-0.019899447181925847
BTCUSDT,28,1,7,0.10292978278920485,0.10035902196395802
BTCUSDT,28,1,8,-0.08797424390038111,-0.07686579673412675
BTCUSDT,28,1,9,0.06749950524995263,0.07182593032386143
BTCUSDT,28,1,10,-0.038506020151950295,-0.05987322897516875
BTCUSDT,28,1,11,-0.01690785722470474,-0.007143557770860675
BTCUSDT,28,1,12,0.011479541186692659,0.01281617361215574
BTCUSDT,28,1,13,-0.004893572424438216,-0.004434336199670816
BTCUSDT,28,1,14,0.0014414800263999564,-0.0004896494254884683
BTCUSDT,28,1,15,0.0008025402360434028,0.013110402908789082
BTCUSDT,28,1,16,0.010523882646427177,-0.013496106404636192
BTCUSDT,28,1,17,0.012724180567416555,0.036669491190162745
BTCUSDT,28,1,18,0.008732324337408772,-0.003364859992899392
BTCUSDT,28,1,19,0.00826905789831562,0.011181155640860188
BTCUSDT,28,1,20,-0.10310667229297125,-0.10826955145819858
BTCUSDT,28,1,21,-0.0077123671751754995,-0.01204010237661847
BTCUSDT,28,1,22,-0.05111283054095795,-0.053852755159160576
BTCUSDT,28,1,23,-0.050694081629135974,-0.031216672086954843
BTCUSDT,28,1,24,-0.1342371512094263,-0.14360902437996545
BTCUSDT,28,1,25,-0.011773556738384114,-0.010783230546004885
BTCUSDT,28,1,26,0.001861269737220489,-0.0047110661105510656
BTCUSDT,28,1,27,-0.003609593456320237,0.04381430190312309
BTCUSDT,28,1,28,0.07127879868557206,0.05702949426546645
BTCUSDT,28,1,29,-0.01597123012595887,-0.005715891455522471
BTCUSDT,28,1,30,-0.017340102434122182,-0.03732813861599079
BTCUSDT,28,1,31,-0.007380659798873119,0.009200278100111701
BTCUSDT,28,1,32,-0.01745899814509893,-0.03715563767584504
BTCUSDT,28,1,33,-0.03770057309661219,-0.014382640274037803
BTCUSDT,28,1,34,-0.0627395874078404,-0.0896373309766778
BTCUSDT,28,1,35,0.08632666407436197,0.08094555284377837
BTCUSDT,28,1,36,-0.09261361470402789,-0.08950519927317277
BTCUSDT,28,1,37,0.03432582897752369,0.06118624675488977
BTCUSDT,28,1,38,0.025183156029508692,0.006766868199957105
BTCUSDT,28,1,39,0.0022348811823005564,0.032872125417372215
BTCUSDT,28,1,40,0.02329879854760874,0.010643315766438975
BTCUSDT,28,1,41,-0.054755869816296245,-0.04061024954853905
BTCUSDT,28,1,42,0.03232335736567184,-0.008465466906197257
BTCUSDT,28,1,43,-0.07445650765214568,-0.050471709553851524
BTCUSDT,28,1,44,0.1395997331483111,0.08185267883080578
BTCUSDT,28,1,45,-0.04786927325251193,-0.04490794488733992
BTCUSDT,28,1,46,0.02960329563815542,0.011387921827734597
BTCUSDT,28,1,47,0.04204878830441282,0.016047071279126624
BTCUSDT,28,1,48,-0.042777468548853656,-0.040271174527465474
BTCUSDT,28,1,49,-0.003251979870670198,-0.00011046588938597545
BTCUSDT,28,1,50,0.029714857916306334,0.04877498603969633
BTCUSDT,28,1,51,0.03804487067496317,0.028278463919174008
BTCUSDT,28,1,52,-0.03854833262577561,0.0031595545826619558
BTCUSDT,28,1,53,0.04823051328370746,0.005846107473921494
BTCUSDT,28,1,54,0.03476104483797166,0.017078131737331956
BTCUSDT,28,1,55,-0.013095578532099373,0.00029180747748829076
BTCUSDT,28,1,56,0.029694817217952814,-0.00806365507183521
BTCUSDT,28,2,1,0.5006266470561824,0.5006266470561825
BTCUSDT,28,2,2,0.042041172154348154,-0.2783472031293376
BTCUSDT,28,2,3,0.08448394674643363,0.2848586648943428
BTCUSDT,28,2,4,0.02957019039641651,-0.24312572152773085
BTCUSDT,28,2,5,-0.05448382884884101,0.12208485615551261
BTCUSDT,28,2,6,0.004872098908904201,-0.04000413774599769
BTCUSDT,28,2,7,0.0633547007415316,0.08910141575785262
BTCUSDT,28,2,8,0.020767181000423126,-0.07228403622118722
BTCUSDT,28,2,9,-0.004456646710414581,0.05041209198536003
BTCUSDT,28,2,10,-0.03181551322994814,-0.11315349901746252
BTCUSDT,28,2,11,-0.03844671719024209,0.08235262132477929
BTCUSDT,28,2,12,-0.009370257985047438,-0.05752227175510455
BTCUSDT,28,2,13,-0.006922545973022607,0.03895904241424332
BTCUSDT,28,2,14,-0.008148771714638372,-0.033398701169214146
BTCUSDT,28,2,15,0.0062911071937591006,0.03301693219606992
BTCUSDT,28,2,16,0.002134783038369164,-0.036391696476103706
BTCUSDT,28,2,17,0.008435822976989681,0.06388282364739926
BTCUSDT,28,2,18,0.011736938146404639,-0.05547047342911252
BTCUSDT,28,2,19,-0.04743771013935076,-0.039360364615036586
BTCUSDT,28,2,20,-0.11207361602369738,-0.09265972597020333
BTCUSDT,28,2,21,-0.09556174875172996,0.015428925473027714
BTCUSDT,28,2,22,-0.07549506100042991,-0.0759769171456296
BTCUSDT,28,2,23,-0.15125980212127227,-0.11170361481200622
BTCUSDT,28,2,24,-0.17223227382180245,-0.04279514202359549
BTCUSDT,28,2,25,-0.07848621781809437,0.012251518268146582
BTCUSDT,28,2,26,-0.0009459265354017777,0.04131567095473392
BTCUSDT,28,2,27,0.0471581940927697,0.07026403366968338
BTCUSDT,28,2,28,0.07325842758565163,0.006439546191493303
BTCUSDT,28,2,29,0.022407658033386946,-0.046322590413463614
BTCUSDT,28,2,30,-0.022635264763277742,0.015330486192106925
BTCUSDT,28,2,31,-0.025826022366389,-0.041820993154043196
BTCUSDT,28,2,32,-0.04284489785508215,-0.0063700546453529594
BTCUSDT,28,2,33,-0.07449620176546592,-0.09328499155948435
BTCUSDT,28,2,34,-0.028423033418203316,0.0698884618714149
BTCUSDT,28,2,35,0.014259833828630547,-0.06771200978880777
BTCUSDT,28,2,36,-0.021240548255176496,0.03563870014081204
BTCUSDT,28,2,37,0.024329332643540515,0.0613265613508079
BTCUSDT,28,2,38,0.04931504721430439,-0.02455960186857474
BTCUSDT,28,2,39,0.03399984877065512,0.07416797635008118
BTCUSDT,28,2,40,0.01570257057459262,-0.07985605606151505
BTCUSDT,28,2,41,-0.01826324883222174,0.0210644611383299
BTCUSDT,28,2,42,-0.02323824720792306,-0.05420652833296449
BTCUSDT,28,2,43,0.01574954377865791,0.04390405829947755
BTCUSDT,28,2,44,0.07403028032674566,0.0035745691972122436
BTCUSDT,28,2,45,0.04533495297559838,-0.029033116171710567
BTCUSDT,28,2,46,0.029203041567596143,0.037500266729622464
BTCUSDT,28,2,47,0.0234602160377263,-0.05411151388292805
BTCUSDT,28,2,48,-0.03023403758060781,0.002914126484349769
BTCUSDT,28,2,49,-0.011389593905274862,0.04873605659795083
BTCUSDT,28,2,50,0.045723711372845956,0.03755856852444695
BTCUSDT,28,2,51,0.0175974841359206,-0.022502366499547226
BTCUSDT,28,2,52,-0.0031073619426856686,0.023757636891876082
BTCUSDT,28,2,53,0.03937653340470661,-0.007057460232403504
BTCUSDT,28,2,54,0.04578595632436627,0.02016686849039913
BTCUSDT,28,2,55,0.019698566148233742,-0.021720617534249996
BTCUSDT,28,2,56,0.013354164394416555,-0.013241332209688894
BTCUSDT,28,3,1,0.6922001418006924,0.6922001418006923
BTCUSDT,28,3,2,0.37045412184777987,-0.20866860712332103
BTCUSDT,28,3,3,0.07638216802619598,-0.17888002069790085
BTCUSDT,28,3,4,0.024285499788969624,0.22584992594835343
BTCUSDT,28,3,5,0.01051779986107024,-0.0646271461182799
BTCUSDT,28,3,6,0.013439242855915669,-0.05536424524738289
BTCUSDT,28,3,7,0.07731863574345636,0.21872194686813987
BTCUSDT,28,3,8,0.04279505509868794,-0.20541451509195452
BTCUSDT,28,3,9,0.019197216484286593,0.015667797633440794
BTCUSDT,28,3,10,-0.040363496176823,0.05315760138979231
BTCUSDT,28,3,11,-0.03556236834972609,-0.06381437340914434
BTCUSDT,28,3,12,-0.025233743412392432,0.02879531673312363
BTCUSDT,28,3,13,-0.013438900790411875,0.014078980878277355
BTCUSDT,28,3,14,-0.0023316428595960854,-0.04672665027321391
BTCUSDT,28,3,15,-0.003111041940916871,0.038434259702946026
BTCUSDT,28,3,16,0.005121367901176785,0.000855019034138745
BTCUSDT,28,3,17,0.0020108789833679745,-0.010541421424969144
BTCUSDT,28,3,18,-0.02386806812108974,-0.05552815454890588
BTCUSDT,28,3,19,-0.062128420645796864,-0.03813651057550202
BTCUSDT,28,3,20,-0.12848082814073813,-0.1062990194678793
BTCUSDT,28,3,21,-0.13088085917105585,0.05261617883082304
BTCUSDT,28,3,22,-0.1747157078391851,-0.1682519844849629
BTCUSDT,28,3,23,-0.19492077905604674,-0.07588480195756624
BTCUSDT,28,3,24,-0.2073221312921862,0.03576495453408
BTCUSDT,28,3,25,-0.12307706377975257,0.05634689389618732
BTCUSDT,28,3,26,-0.02925237492661247,-0.002903482837755016
BTCUSDT,28,3,27,0.03463280656092216,0.06431096792578771
BTCUSDT,28,3,28,0.06821287383340899,0.005310620793239516
BTCUSDT,28,3,29,0.03392174073684055,-0.06999868515259942
BTCUSDT,28,3,30,-0.002564433330427084,0.013097010940034725
BTCUSDT,28,3,31,-0.043884165803567236,0.0172837080092963
BTCUSDT,28,3,32,-0.06811045141582839,-0.1353369423090195
BTCUSDT,28,3,33,-0.05613547999860247,0.07741556165577763
BTCUSDT,28,3,34,-0.05091940114421059,-0.050125210585266866
BTCUSDT,28,3,35,-0.0004456161998403368,0.032915635225181525
BTCUSDT,28,3,36,-0.00746043365380505,-0.016074555393972633
BTCUSDT,28,3,37,0.0323605723066991,0.09273640252957495
BTCUSDT,28,3,38,0.04068552749521852,-0.02065675939744641
BTCUSDT,28,3,39,0.03862950767515601,-0.026908010363751563
BTCUSDT,28,3,40,0.008743690165658458,-0.019981443270184633
BTCUSDT,28,3,41,-0.034040836225896584,-0.024420474327611352
BTCUSDT,28,3,42,-0.004234736989480954,0.023357666742190038
BTCUSDT,28,3,43,0.010880042788863948,-0.011639677397378529
BTCUSDT,28,3,44,0.08828675812096909,0.06380870164121578
BTCUSDT,28,3,45,0.07397586233049874,-0.06505232498363515
BTCUSDT,28,3,46,0.06335692651788476,-0.023354944876324626
BTCUSDT,28,3,47,0.010817593668686912,0.028027550941441534
BTCUSDT,28,3,48,-0.005581381552704075,0.014191189157464108
BTCUSDT,28,3,49,0.01845343042824141,0.06440706832868963
BTCUSDT,28,3,50,0.027327761207439606,-0.014796243454480754
BTCUSDT,28,3,51,0.04005529454386206,-0.012266324928578695
BTCUSDT,28,3,52,0.03123960559829118,0.04236016474470958
BTCUSDT,28,3,53,0.04912614868883568,0.0009232925390302106
BTCUSDT,28,3,54,0.05142194395399317,-0.016952180293159032
BTCUSDT,28,3,55,0.03214095502830607,-0.00988436259890323
BTCUSDT,28,3,56,0.013453028193832883,-0.05214294900387608
BTCUSDT,28,4,1,0.7815906643500442,0.7815906643500443
BTCUSDT,28,4,2,0.535045098124559,-0.19490039465029635
BTCUSDT,28,4,3,0.28168037514018923,-0.17545304099907266
BTCUSDT,28,4,4,0.06270597516428562,-0.1019505291047892
BTCUSDT,28,4,5,0.038364620892720344,0.3263793990409886
BTCUSDT,28,4,6,0.052377193357240844,-0.02622757517788037
BTCUSDT,28,4,7,0.0668519752717044,-0.10397707543005676
BTCUSDT,28,4,8,0.031154735142956753,-0.17771681395546715
BTCUSDT,28,4,9,0.013665764419291144,0.22771506256170285
BTCUSDT,28,4,10,-0.03336472636661605,-0.08056247710905531
BTCUSDT,28,4,11,-0.06281307592780463,-0.047709187661593135
BTCUSDT,28,4,12,-0.05239433052349755,-0.05372382558326146
BTCUSDT,28,4,13,-0.044975242632576934,0.12363495209823926
BTCUSDT,28,4,14,-0.03143473626547837,-0.06018911474662722
BTCUSDT,28,4,15,-0.021986075370499018,-0.01749000921967891
BTCUSDT,28,4,16,-0.022651916626224993,-0.0457887261655891
BTCUSDT,28,4,17,-0.044660764792191915,0.027728247540921135
BTCUSDT,28,4,18,-0.07427231333091973,-0.09678882714446696
BTCUSDT,28,4,19,-0.11762456706767375,-0.0724868161612795
BTCUSDT,28,4,20,-0.15751907069335191,-0.038920577824665424
BTCUSDT,28,4,21,-0.17329467858828987,0.03192392276015584
BTCUSDT,28,4,22,-0.2066579594857257,-0.1838613918917551
BTCUSDT,28,4,23,-0.21878040556291956,-0.02866822135831237
BTCUSDT,28,4,24,-0.19849152018342558,0.07437245482146228
BTCUSDT,28,4,25,-0.14680066702858444,0.13638750111092
BTCUSDT,28,4,26,-0.06615163079253814,-0.07118144336611609
BTCUSDT,28,4,27,0.009224328314581148,-0.01509058050175549
BTCUSDT,28,4,28,0.05662644367706422,0.04123019506621963
BTCUSDT,28,4,29,0.039983441143997614,-0.014111362200828464
BTCUSDT,28,4,30,0.01383640323130741,-0.0601083888531683
BTCUSDT,28,4,31,-0.0327815042982974,-0.06807186993118274
BTCUSDT,28,4,32,-0.055486807504858425,0.07415596834666273
BTCUSDT,28,4,33,-0.058981801680227604,-0.06535297576784584
BTCUSDT,28,4,34,-0.042985450094526916,0.005942967965568172
BTCUSDT,28,4,35,0.0028756069161827483,0.06575290996927174
BTCUSDT,28,4,36,0.014402381594910453,0.004084032634086505
BTCUSDT,28,4,37,0.06304598551686352,0.06863931842975438
BTCUSDT,28,4,38,0.0654781787177397,-0.09314718481064019
BTCUSDT,28,4,39,0.05181912750213534,0.020793536250415072
BTCUSDT,28,4,40,0.032222878374718114,-0.0455072363057331
BTCUSDT,28,4,41,0.005034016816954992,0.03651134216597796
BTCUSDT,28,4,42,0.014842413594547686,-0.026521170233552733
BTCUSDT,28,4,43,0.027132232265607705,0.019897600864594044
BTCUSDT,28,4,44,0.08007809519607581,0.05978633642549708
BTCUSDT,28,4,45,0.07313855174184083,-0.11089340895090855
BTCUSDT,28,4,46,0.057824777207229505,0.005975499218187237
BTCUSDT,28,4,47,0.03970788029697787,0.06489159008230225
BTCUSDT,28,4,48,0.004160963789229793,0.04552110474687693
BTCUSDT,28,4,49,0.008567526028979254,-0.04898079893266504
BTCUSDT,28,4,50,0.023948904051181327,0.03947367613151759
BTCUSDT,28,4,51,0.031187394328821824,-0.01691851470227364
BTCUSDT,28,4,52,0.03454732623052843,0.03513911146421671
BTCUSDT,28,4,53,0.0498088111711265,-0.011526699535750824
BTCUSDT,28,4,54,0.039048685104547794,-0.023242292553836908
BTCUSDT,28,4,55,0.02316473167618867,-0.04660923564100343
BTCUSDT,28,4,56,0.00984039532824487,0.00762686838761911
BTCUSDT,28,5,1,0.8061298518417932,0.8061298518417931
BTCUSDT,28,5,2,0.6142503876811144,-0.10165493770422676
BTCUSDT,28,5,3,0.437280788295346,-0.07581813073846733
BTCUSDT,28,5,4,0.23264298029692315,-0.20352631969598803
BTCUSDT,28,5,5,0.07298963916906726,-0.02903497235407275
BTCUSDT,28,5,6,0.0668589351817992,0.30725945718503106
BTCUSDT,28,5,7,0.0816389129047753,0.03707899848057251
BTCUSDT,28,5,8,0.024988732152891987,-0.2797388445217411
BTCUSDT,28,5,9,0.014009349700108495,-0.0174721747585585
BTCUSDT,28,5,10,-0.021350395052436032,-0.04412540349840352
BTCUSDT,28,5,11,-0.059668283651914,0.1646470916549989
BTCUSDT,28,5,12,-0.07602187542764025,0.02524644406404895
BTCUSDT,28,5,13,-0.06955067002073004,-0.14809950382616327
BTCUSDT,28,5,14,-0.06355461059452261,-0.038985961673339335
BTCUSDT,28,5,15,-0.058104989584617836,0.026271764634033305
BTCUSDT,28,5,16,-0.06301939340114164,0.0040368424981257825
BTCUSDT,28,5,17,-0.09247088243660276,-0.042221167189379315
BTCUSDT,28,5,18,-0.11941626973573495,-0.10635115663826566
BTCUSDT,28,5,19,-0.14905440780694773,-0.04738770227837477
BTCUSDT,28,5,20,-0.1975860522672199,-0.08054982371705757
BTCUSDT,28,5,21,-0.20142884431643507,0.07980144767818803
BTCUSDT,28,5,22,-0.2234254865566585,-0.1325638148321499
BTCUSDT,28,5,23,-0.22529908753373126,-0.008761945701420748
BTCUSDT,28,5,24,-0.20330952172192912,0.019303263224146536
BTCUSDT,28,5,25,-0.14422286675742904,0.10425660848414954
BTCUSDT,28,5,26,-0.09152305392666418,0.04435167748217714
BTCUSDT,28,5,27,-0.028848720372066972,-0.024707402068104484
BTCUSDT,28,5,28,0.03371588905855511,-0.04857405694874457
BTCUSDT,28,5,29,0.03305935307681235,-0.06254779959630943
BTCUSDT,28,5,30,0.013618155653156275,-0.015852535822322045
BTCUSDT,28,5,31,-0.0056107883359349,0.05705055175316064
BTCUSDT,28,5,32,-0.03683116343912376,-0.06572420502581507
BTCUSDT,28,5,33,-0.05005870575882436,0.015733663064916754
BTCUSDT,28,5,34,-0.03017816569084669,-0.016962750445653815
BTCUSDT,28,5,35,0.01720799501588206,0.11146029270825014
BTCUSDT,28,5,36,0.03404197718173324,-0.027181755683030794
BTCUSDT,28,5,37,0.07381503042092841,0.04133631055763119
BTCUSDT,28,5,38,0.08412805084600247,-0.07364736905666733
BTCUSDT,28,5,39,0.06499463374599025,-0.02854686763838352
BTCUSDT,28,5,40,0.05546070249380189,0.0415026757963942
BTCUSDT,28,5,41,0.037949258415345424,-0.023310024542338468
BTCUSDT,28,5,42,0.03889058238415109,0.01629619407944293
BTCUSDT,28,5,43,0.04552338046084767,0.013062168363450205
BTCUSDT,28,5,44,0.07133062110230116,-0.017021173323197518
BTCUSDT,28,5,45,0.05617123899969255,-0.034820808192820234
BTCUSDT,28,5,46,0.06128910283111288,0.048563459293172004
BTCUSDT,28,5,47,0.04970760484410106,0.012250273719692568
BTCUSDT,28,5,48,0.01989011306605325,-0.0034564778256239107
BTCUSDT,28,5,49,0.011518936077819711,0.006242989960768641
BTCUSDT,28,5,50,0.026299705087557544,0.043479932736065215
BTCUSDT,28,5,51,0.029011524985438245,-0.0023087177651448534
BTCUSDT,28,5,52,0.023471449428312006,-0.0393929616423977
BTCUSDT,28,5,53,0.04253271403695519,0.004227699680630157
BTCUSDT,28,5,54,0.0323155978215587,-0.026838655292787582
BTCUSDT,28,5,55,0.005509029391319315,0.008492584775388381
BTCUSDT,28,5,56,-0.0023885970716066335,-0.008615207137124633
BTCUSDT,28,6,1,0.8525895734543416,0.8525895734543417
BTCUSDT,28,6,2,0.696153593543741,-0.11261954825629344
BTCUSDT,28,6,3,0.5401624858473942,-0.08973869859972539
BTCUSDT,28,6,4,0.3791092000910225,-0.12033628995711035
BTCUSDT,28,6,5,0.21710593085144816,-0.11953866066902291
BTCUSDT,28,6,6,0.09532779087437614,0.02160951370443465
BTCUSDT,28,6,7,0.08395445175715868,0.30324240934660246
BTCUSDT,28,6,8,0.03709020790003577,-0.20936611574344352
BTCUSDT,28,6,9,0.009628688043790988,0.0029782866116414473
BTCUSDT,28,6,10,-0.026224444304932083,-0.13370944446366512
BTCUSDT,28,6,11,-0.05070839929748988,-0.006379687449566117
BTCUSDT,28,6,12,-0.07913934791076334,0.01861637625296233
BTCUSDT,28,6,13,-0.09454203926276221,0.12249689291341222
BTCUSDT,28,6,14,-0.09007505904690624,-0.08464078255815101
BTCUSDT,28,6,15,-0.09751814227619725,-0.03373318073964663
BTCUSDT,28,6,16,-0.11030440187809132,-0.14405291522481264
BTCUSDT,28,6,17,-0.13429246638554232,-0.029616561945324762
BTCUSDT,28,6,18,-0.154411749174509,-0.007571270595434038
BTCUSDT,28,6,19,-0.18436213256734924,0.017562829284100693
BTCUSDT,28,6,20,-0.21851009605335217,-0.10069662261985732
BTCUSDT,28,6,21,-0.2220181640267647,0.05745806849534467
BTCUSDT,28,6,22,-0.22759289959341336,-0.14000982982841545
BTCUSDT,28,6,23,-0.2333891967228438,-0.027088983886853196
BTCUSDT,28,6,24,-0.21043599595407592,0.09233355634794649
BTCUSDT,28,6,25,-0.16165606100497823,0.09610569569712996
BTCUSDT,28,6,26,-0.10659466012797682,0.00745140289295451
BTCUSDT,28,6,27,-0.06305032596982761,0.011448372096096364
BTCUSDT,28,6,28,-0.009656555092885951,-0.0816087862898745
BTCUSDT,28,6,29,0.009658499011765085,-0.11833072733277795
BTCUSDT,28,6,30,0.012724486651508764,0.05019712827288353
BTCUSDT,28,6,31,-0.0034160634204972104,-0.010111999657392701
BTCUSDT,28,6,32,-0.02023758513936386,0.02611147242952049
BTCUSDT,28,6,33,-0.027349234162833233,0.026601973625067974
BTCUSDT,28,6,34,-0.01803039164888076,0.021885796486801053
BTCUSDT,28,6,35,0.027841463059195475,0.0425136480564866
BTCUSDT,28,6,36,0.044430111065894264,-0.07815096580991888
BTCUSDT,28,6,37,0.08004019327876379,0.07219936046120513
BTCUSDT,28,6,38,0.08940451608850396,-0.055265144358975296
BTCUSDT,28,6,39,0.09544499215294826,0.0444224968844595
BTCUSDT,28,6,40,0.08237212531735692,-0.05673915611980585
BTCUSDT,28,6,41,0.061830298332669995,0.005975760061414649
BTCUSDT,28,6,42,0.06746475598532785,-0.0040974649133740495
BTCUSDT,28,6,43,0.052512586699328845,-0.011903960736742089
BTCUSDT,28,6,44,0.0673091093255251,0.06928060311758209
BTCUSDT,28,6,45,0.05273295971963077,-0.05084500852736474
BTCUSDT,28,6,46,0.05749163037692217,0.038847258424417476
BTCUSDT,28,6,47,0.05062722413898565,-0.012118782959394916
BTCUSDT,28,6,48,0.03452912051043474,-0.007302617225128893
BTCUSDT,28,6,49,0.03530206677797136,0.03528380644864243
BTCUSDT,28,6,50,0.029144749637361658,0.033632303419409246
BTCUSDT,28,6,51,0.03107352076972179,-0.0549243126417902
BTCUSDT,28,6,52,0.021389095697906393,0.022316005961976734
BTCUSDT,28,6,53,0.02729250033311954,-0.01817300039068186
BTCUSDT,28,6,54,0.019157670135269964,-0.030353174276727585
BTCUSDT,28,6,55,0.002226260462562263,-0.0012569704725390028
BTCUSDT,28,6,56,-0.006157408385928627,0.020462874169543115
BTCUSDT,28,7,1,0.8843075155395304,0.8843075155395305
BTCUSDT,28,7,2,0.7519803699820576,-0.13770358735653038
BTCUSDT,28,7,3,0.6135430003729293,-0.0993001405602777
BTCUSDT,28,7,4,0.4685131382228381,-0.11397000873999034
BTCUSDT,28,7,5,0.332907327000953,-0.05026975695682617
BTCUSDT,28,7,6,0.20210960335662384,-0.08294589603117977
BTCUSDT,28,7,7,0.0934608034957355,-0.005290039126330335
BTCUSDT,28,7,8,0.042111784090164854,0.15999819323242875
BTCUSDT,28,7,9,0.012903017690675558,0.009092764040764931
BTCUSDT,28,7,10,-0.02990241873153419,-0.14972433557844794
BTCUSDT,28,7,11,-0.055496792199717655,0.0071686936003102445
BTCUSDT,28,7,12,-0.07965334071505598,-0.04646728988485065
BTCUSDT,28,7,13,-0.10115805866644384,-0.0372920138256267
BTCUSDT,28,7,14,-0.12601119240543923,-0.051301505601200524
BTCUSDT,28,7,15,-0.1376742458444909,0.08085434124674472
BTCUSDT,28,7,16,-0.1549398060758668,-0.06197874937209212
BTCUSDT,28,7,17,-0.1687397987830623,-0.06386524196528003
BTCUSDT,28,7,18,-0.18296606380198566,-0.039271599919961785
BTCUSDT,28,7,19,-0.20202539576076112,-0.047800608551754324
BTCUSDT,28,7,20,-0.22093709378738247,-0.06722801403571711
BTCUSDT,28,7,21,-0.22233011683372558,0.04978332604832839
BTCUSDT,28,7,22,-0.23376007956197026,-0.06437145064988947
BTCUSDT,28,7,23,-0.23125359509022397,0.023571062443922444
BTCUSDT,28,7,24,-0.21069893274926965,0.017905255874998166
BTCUSDT,28,7,25,-0.17039862858205568,0.08530322669477414
BTCUSDT,28,7,26,-0.12447885319302937,-0.023782227922095132
BTCUSDT,28,7,27,-0.08181431960734196,-0.022625214427457373
BTCUSDT,28,7,28,-0.051808355797837255,-0.03972100822352036
BTCUSDT,28,7,29,-0.025213163785347343,-0.005458757641361777
BTCUSDT,28,7,30,-0.011492775941546267,-0.06371332460255014
BTCUSDT,28,7,31,-0.009584687815903306,0.015937123538689986
BTCUSDT,28,7,32,-0.013527677572478835,0.00117683755302916
BTCUSDT,28,7,33,-0.008860411970277928,0.05508190277212286
BTCUSDT,28,7,34,0.0044908008709055175,0.006390750171958626
BTCUSDT,28,7,35,0.03430200006021033,0.09476217964378192
BTCUSDT,28,7,36,0.058361452841591985,-0.05939838993013904
BTCUSDT,28,7,37,0.09056085316350206,0.05466047361051333
BTCUSDT,28,7,38,0.11055535312824183,-0.068463341018023
BTCUSDT,28,7,39,0.11714341900942454,-0.012297288114978537
BTCUSDT,28,7,40,0.11179362156686623,-0.04369221967846691
BTCUSDT,28,7,41,0.09221207036739773,-0.0022053065739738127
BTCUSDT,28,7,42,0.08428919658870629,0.06618592195889234
BTCUSDT,28,7,43,0.06985841053207097,-0.013329532775281724
BTCUSDT,28,7,44,0.0718352406263926,0.07139014641570354
BTCUSDT,28,7,45,0.05769481198550843,-0.07974549119491971
BTCUSDT,28,7,46,0.051483686327173456,-0.004913577912288468
BTCUSDT,28,7,47,0.04931301296428543,0.024732760357601503
BTCUSDT,28,7,48,0.04043199688881632,-0.03601406971839029
BTCUSDT,28,7,49,0.039126209607574756,0.09617453426630064
BTCUSDT,28,7,50,0.037568876866017786,-0.011048602561564043
BTCUSDT,28,7,51,0.024250277609091177,-0.03468521732503837
BTCUSDT,28,7,52,0.01434803177704199,-0.027978748625807442
BTCUSDT,28,7,53,0.009672318385401425,0.008069578336774323
BTCUSDT,28,7,54,-0.0018008444476684932,-0.02372354580187391
BTCUSDT,28,7,55,-0.00608049559457708,0.012605724339245557
BTCUSDT,28,7,56,-0.006582372625279446,0.053586729477710905
ETHUSDT,7,1,1,0.04308314023768715,0.04308314023768712
ETHUSDT,7,1,2,0.07839784161773407,0.07668402222754928
ETHUSDT,7,1,3,0.14209961688186395,0.13673357307735692
ETHUSDT,7,1,4,0.04354611928925973,0.02866020189768299
ETHUSDT,7,1,5,-0.012049412171440678,-0.03584733070541863
ETHUSDT,7,1,6,0.04618509855283483,0.02350667130287627
ETHUSDT,7,1,7,-0.09683740830420166,-0.1083306470580777
ETHUSDT,7,1,8,-0.020449395695426788,-0.014910645680631576
ETHUSDT,7,1,9,-0.05800427403580129,-0.052277530949221454
ETHUSDT,7,1,10,-0.07062444011465771,-0.041654539825019106
ETHUSDT,7,1,11,-0.060950520197929216,-0.036974135722621475
ETHUSDT,7,1,12,-0.041785817837680365,-0.021517687724672864
ETHUSDT,7,1,13,0.011706694166620834,0.049161978034794565
ETHUSDT,7,1,14,-0.027597233576063838,-0.01836294359774861
ETHUSDT,7,1,15,-0.08887501011823089,-0.08350306293016696
ETHUSDT,7,1,16,0.10893613597134072,0.10854440619318395
ETHUSDT,7,1,17,-0.09993824109190033,-0.10834917968648106
ETHUSDT,7,1,18,-0.013065967398912757,-0.005445420555760453
ETHUSDT,7,1,19,-0.07918733835761209,-0.11167463099883743
ETHUSDT,7,1,20,-0.10558228183048333,-0.09198802162547921
ETHUSDT,7,1,21,-0.06538135655031178,-0.04010685174528528
ETHUSDT,7,1,22,-0.06877301573941243,-0.07098789788764014
ETHUSDT,7,1,23,-0.08856852575008431,-0.02080078741498024
ETHUSDT,7,1,24,-0.08098645044397748,-0.0864488582457598
ETHUSDT,7,1,25,-0.017460328121625308,0.013853793454818372
ETHUSDT,7,1,26,-0.009713934653721721,0.0010452433846068637
ETHUSDT,7,1,27,-0.04282427495697066,-0.05368487898386627
ETHUSDT,7,1,28,0.033991200642071104,0.03042772191746691
ETHUSDT,7,1,29,0.10674881055347302,0.06146168194988271
ETHUSDT,7,1,30,0.036202244989715,0.01131522120263987
ETHUSDT,7,1,31,0.017352335670279738,-0.028849387741266302
ETHUSDT,7,1,32,0.12931233426706623,0.052900577860038975
ETHUSDT,7,1,33,0.011821781704007337,-0.0006885480773748431
ETHUSDT,7,1,34,0.07841365792185882,0.01730578766653129
ETHUSDT,7,1,35,0.018037918997223693,-0.014704894630073307
ETHUSDT,7,1,36,-0.0028771960071481114,-0.014636931913594116
ETHUSDT,7,1,37,0.044253853465803905,0.02861739468435707
ETHUSDT,7,1,38,-0.009157115453905367,-0.03137376694833041
ETHUSDT,7,1,39,-0.012615989857259225,-0.008157940482487613
ETHUSDT,7,1,40,-0.057809285967694905,-0.06769262086119929
ETHUSDT,7,1,41,0.0004834545449955574,-0.0075867812975579756
ETHUSDT,7,1,42,-0.056769234275555795,-0.07033107600463637
ETHUSDT,7,1,43,-0.010623045719386246,-0.0017791799715778608
ETHUSDT,7,1,44,0.05528159876821625,0.07204242663602806
ETHUSDT,7,1,45,-0.045569718237262705,-0.07768784692685791
ETHUSDT,7,1,46,0.08049684714540199,0.10004901333648361
ETHUSDT,7,1,47,0.027219805281246845,0.0034086190132492384
ETHUSDT,7,1,48,0.05927304539177859,0.06276440714374343
ETHUSDT,7,1,49,-0.024481664262422903,-0.022248725219037195
ETHUSDT,7,1,50,0.05174162552753378,0.01010493281463929
ETHUSDT,7,1,51,0.046356102603979106,0.09260581947417824
ETHUSDT,7,1,52,-0.05211232593926524,-0.07089065628692315
ETHUSDT,7,1,53,-0.047916025128316324,-0.015495010906227652
ETHUSDT,7,1,54,0.03308932655891096,0.04760235053830499
ETHUSDT,7,1,55,-0.002070461434485415,0.031534494780445864
ETHUSDT,7,1,56,-0.08790542582135412,-0.03377053708626254
ETHUSDT,7,2,1,0.5531501487549255,0.5531501487549255
ETHUSDT,7,2,2,0.18926281792436414,-0.16816726167667062
ETHUSDT,7,2,3,0.1817954952876083,0.22615872004676996
ETHUSDT,7,2,4,0.09603126198217159,-0.14684638007360687
ETHUSDT,7,2,5,0.0671934557814513,0.1329456139173897
ETHUSDT,7,2,6,0.0030820003311431907,-0.16817959608360158
ETHUSDT,7,2,7,-0.04265966517574572,0.07303930320809764
ETHUSDT,7,2,8,-0.033210807044649744,-0.08010042575945318
ETHUSDT,7,2,9,-0.09744633359325357,-0.05749148496554714
ETHUSDT,7,2,10,-0.13292930720746426,-0.053316331990755646
ETHUSDT,7,2,11,-0.10864950061768498,-0.00949141336728678
ETHUSDT,7,2,12,-0.08501659090522896,-0.002863994893812439
ETHUSDT,7,2,13,-0.057270354585585846,0.0016101534861182652
ETHUSDT,7,2,14,-0.09485456361066223,-0.08928622638102839
ETHUSDT,7,2,15,-0.06898870210582696,0.07268104175736559
ETHUSDT,7,2,16,-0.010073913759849623,-0.03522077538780145
ETHUSDT,7,2,17,-0.06813019278312947,-0.06688085015464261
ETHUSDT,7,2,18,-0.11172556887761727,-0.06346896248102896
ETHUSDT,7,2,19,-0.16240243203672397,-0.13730838383800412
ETHUSDT,7,2,20,-0.191284760818176,-0.04494196352046402
ETHUSDT,7,2,21,-0.1692071259113333,-0.08780529646043896
ETHUSDT,7,2,22,-0.17634523973473049,-0.04193540817996707
ETHUSDT,7,2,23,-0.1762028097801487,-0.08297456430286178
ETHUSDT,7,2,24,-0.15283359028899593,-0.0401943944405937
ETHUSDT,7,2,25,-0.07840583758420479,0.05308830400382604
ETHUSDT,7,2,26,-0.03433327876574429,-0.05475807311412137
ETHUSDT,7,2,27,-0.022321644796598757,0.027321259663979074
ETHUSDT,7,2,28,0.0729935083065805,0.06737709180301145
ETHUSDT,7,2,29,0.14110484309129986,0.02632021812414331
ETHUSDT,7,2,30,0.09452130541725699,-0.05155723203235045
ETHUSDT,7,2,31,0.08947325483663972,0.022632887661887098
ETHUSDT,7,2,32,0.12471111805140536,0.016546172508041756
ETHUSDT,7,2,33,0.1243789609426453,0.00197588048366644
ETHUSDT,7,2,34,0.1252126394688264,0.02423024071655378
ETHUSDT,7,2,35,0.09481882460993987,-0.0003320253592374218
ETHUSDT,7,2,36,0.0635371264287464,-0.008375504966720008
ETHUSDT,7,2,37,0.04856236942338039,-0.014541248364408878
ETHUSDT,7,2,38,0.01724833058615623,-0.020399253282696088
ETHUSDT,7,2,39,-0.016748392435752338,-0.04121754388163384
ETHUSDT,7,2,40,-0.03466614140400212,-0.032889917134885475
ETHUSDT,7,2,41,-0.01875586015375917,-0.019388953910438763
ETHUSDT,7,2,42,-0.03223722341396607,-0.057206958772523984
ETHUSDT,7,2,43,0.006688645994941352,0.0888554851973102
ETHUSDT,7,2,44,0.058041108170953065,-0.024204426644739582
ETHUSDT,7,2,45,0.023739639722764945,-0.00937831599734063
ETHUSDT,7,2,46,0.050923111251086214,0.0837578574252927
ETHUSDT,7,2,47,0.0710949664968512,-0.0023977319644966594
ETHUSDT,7,2,48,0.01977686961737043,0.00470742014434907
ETHUSDT,7,2,49,-0.00406181237024994,-0.012772271688183488
ETHUSDT,7,2,50,0.019112645165657215,0.07085517844271794
ETHUSDT,7,2,51,0.011147201639079504,-0.0235694633807269
ETHUSDT,7,2,52,-0.06128449276043028,-0.05029449147823144
ETHUSDT,7,2,53,-0.064874607571033,0.07097434876771197
ETHUSDT,7,2,54,-0.010067154246151507,0.017371526144553576
ETHUSDT,7,2,55,-0.03563449187559737,-0.012354226259520915
ETHUSDT,7,2,56,-0.09846890155598967,-0.06271634607707718
ETHUSDT,7,3,1,0.7264405013249485,0.7264405013249485
ETHUSDT,7,3,2,0.46680084894134527,-0.12897944347359735
ETHUSDT,7,3,3,0.18542119524797962,-0.2233358171227824
ETHUSDT,7,3,4,0.12737641473170874,0.2664919907150933
ETHUSDT,7,3,5,0.03930056176562455,-0.16428356633832905
ETHUSDT,7,3,6,-0.00426214725335107,-0.0661914041820427
ETHUSDT,7,3,7,-0.06681033770413582,0.04384153406458192
ETHUSDT,7,3,8,-0.08567996239021874,-0.06376974302973298
ETHUSDT,7,3,9,-0.12391371640592519,-0.08058598905273606
ETHUSDT,7,3,10,-0.14643346727139836,-0.02297907719198853
ETHUSDT,7,3,11,-0.1360303753665819,0.045335558853672714
ETHUSDT,7,3,12,-0.12234956764085252,-0.07808709596613772
ETHUSDT,7,3,13,-0.11205008088481679,-0.034374434120111326
ETHUSDT,7,3,14,-0.07933252179262146,0.09561933293572461
ETHUSDT,7,3,15,-0.06538506158774152,-0.09679756223478646
ETHUSDT,7,3,16,-0.032274415884137986,0.02526209500986933
ETHUSDT,7,3,17,-0.08716601279796614,-0.14364892204456328
ETHUSDT,7,3,18,-0.12476950452696865,-0.054912472373769734
ETHUSDT,7,3,19,-0.20693108561494347,-0.11223434921603177
ETHUSDT,7,3,20,-0.23686003774382963,-0.10263745237683529
ETHUSDT,7,3,21,-0.2569089185954007,-8.430634922862334e-05
ETHUSDT,7,3,22,-0.2529515231801764,-0.14271880996347075
ETHUSDT,7,3,23,-0.23766166044872986,-0.016357059981327728
ETHUSDT,7,3,24,-0.18989355689236445,0.021960802801588106
ETHUSDT,7,3,25,-0.13260768878081766,-0.057900725558075156
ETHUSDT,7,3,26,-0.053600162999946264,0.06582120744954745
ETHUSDT,7,3,27,0.022903589775228123,0.015334570336089808
ETHUSDT,7,3,28,0.100837429058105,0.04521876290571466
ETHUSDT,7,3,29,0.1403431029202913,-0.026957841957861002
ETHUSDT,7,3,30,0.16168124010499274,0.0008833120902999151
ETHUSDT,7,3,31,0.14343125829455897,-0.0071670024243668026
ETHUSDT,7,3,32,0.16698661591040964,0.040258448337511535
ETHUSDT,7,3,33,0.15517623560860241,-0.0009149049506866124
ETHUSDT,7,3,34,0.16955724323677895,0.03177757496551598
ETHUSDT,7,3,35,0.13320671476271215,-0.002380992977777945
ETHUSDT,7,3,36,0.09200654070482489,-0.06585512070684307
ETHUSDT,7,3,37,0.05029847114155835,0.04327043697948865
ETHUSDT,7,3,38,0.005019043739821534,-0.07706402201272095
ETHUSDT,7,3,39,-0.005976244315010542,0.012339432304617233
ETHUSDT,7,3,40,-0.03569878671649772,-0.0688550993415088
ETHUSDT,7,3,41,-0.032096870537196495,-0.014011014895326666
ETHUSDT,7,3,42,-0.024481378216629247,0.02780422203588716
ETHUSDT,7,3,43,0.02177894903630877,0.0014792325434120036
ETHUSDT,7,3,44,0.05534638221617796,0.04309332480752154
ETHUSDT,7,3,45,0.0564890943147561,-0.06339612301294083
ETHUSDT,7,3,46,0.06711624930931485,0.10992501541631082
ETHUSDT,7,3,47,0.037462411566785474,-0.0467418706753535
ETHUSDT,7,3,48,0.03735411487222349,0.006833925999725274
ETHUSDT,7,3,49,0.007542024594927648,0.07974157892623314
ETHUSDT,7,3,50,0.004317368725473074,-0.06169159544825629
ETHUSDT,7,3,51,-0.02705096717835252,0.040331009152629944
ETHUSDT,7,3,52,-0.047534674700266684,-0.006245132867001587
ETHUSDT,7,3,53,-0.06177866075320527,0.03327555189185402
ETHUSDT,7,3,54,-0.07107002913247924,-0.003389652115820605
ETHUSDT,7,3,55,-0.06927039453461079,-0.030226499079654467
ETHUSDT,7,3,56,-0.12028136204278207,-0.07808962377232585
ETHUSDT,7,4,1,0.7815194236278438,0.7815194236278437
ETHUSDT,7,4,2,0.5660529963296873,-0.11489328415797243
ETHUSDT,7,4,3,0.34993446379507304,-0.13924431818103195
ETHUSDT,7,4,4,0.09757102846237456,-0.25634638435593476
ETHUSDT,7,4,5,0.03014113234062216,0.29097348905162307
ETHUSDT,7,4,6,-0.03031971743994392,-0.09396079973957858
ETHUSDT,7,4,7,-0.09083340890458334,-0.10805585321534962
ETHUSDT,7,4,8,-0.11197854754523157,-0.09786017477244406
ETHUSDT,7,4,9,-0.14097195592905376,0.08277935657086827
ETHUSDT,7,4,10,-0.1461080108455678,-0.014748361028648661
ETHUSDT,7,4,11,-0.14873466109087202,-0.09825796351778826
ETHUSDT,7,4,12,-0.15699681857669537,-0.06819525282165823
ETHUSDT,7,4,13,-0.10677181264103978,0.17459594711568882
ETHUSDT,7,4,14,-0.09295000133470553,-0.09887103754294345
ETHUSDT,7,4,15,-0.06823230713912762,-0.031014564849158103
ETHUSDT,7,4,16,-0.044010693033654465,-0.06851245070195415
ETHUSDT,7,4,17,-0.10891330205313712,-0.10462693960069587
ETHUSDT,7,4,18,-0.1435022696530594,-0.04038257811051084
ETHUSDT,7,4,19,-0.20746850239081238,-0.14522560311301005
ETHUSDT,7,4,20,-0.2688139953880298,-0.042664649451921756
ETHUSDT,7,4,21,-0.2892534152053957,-0.11151613501687635
ETHUSDT,7,4,22,-0.30536737904035405,-0.027161182250182138
ETHUSDT,7,4,23,-0.275610938162927,-0.028993310545625414
ETHUSDT,7,4,24,-0.2275560103725237,-0.02741495437081565
ETHUSDT,7,4,25,-0.1504134672819785,0.04614875520233921
ETHUSDT,7,4,26,-0.05653985491348842,0.006995390666461876
ETHUSDT,7,4,27,0.03574772860309507,0.06657171768671971
ETHUSDT,7,4,28,0.12031218496440947,0.005775758137481391
ETHUSDT,7,4,29,0.1708282995179595,-0.040684912375493064
ETHUSDT,7,4,30,0.18302992640156965,-0.014124473760806392
ETHUSDT,7,4,31,0.19465676634491397,0.051775605998417254
ETHUSDT,7,4,32,0.1948993399574404,0.0387998624110934
ETHUSDT,7,4,33,0.1907575015869137,0.0069726897024565086
ETHUSDT,7,4,34,0.1917657306604746,-0.010301653542481207
ETHUSDT,7,4,35,0.15099664617827643,-0.02218031221691405
ETHUSDT,7,4,36,0.10352093452976976,-0.02527163198162166
ETHUSDT,7,4,37,0.05513980087564308,-0.0029637867979324982
ETHUSDT,7,4,38,0.004901313631138947,-0.03708501873472472
ETHUSDT,7,4,39,-0.01327545297994161,0.002363228511563776
ETHUSDT,7,4,40,-0.034559784910792916,-0.06309241421251628
ETHUSDT,7,4,41,-0.02047104473744201,0.04693596468646884
ETHUSDT,7,4,42,-0.010138639408588902,-0.06209335641195798
ETHUSDT,7,4,43,0.018863467973896292,0.07364205713452102
ETHUSDT,7,4,44,0.06300072393747086,0.013603319319671809
ETHUSDT,7,4,45,0.0580487176076688,-0.03819398951568648
ETHUSDT,7,4,46,0.05985282889953537,0.01885058548409037
ETHUSDT,7,4,47,0.03811040892089874,-0.003957426240753586
ETHUSDT,7,4,48,0.01920142581864155,0.09823569342916451
ETHUSDT,7,4,49,0.0019163990990947945,-0.0638708991068246
ETHUSDT,7,4,50,-0.015794287116556265,0.03780656781707439
ETHUSDT,7,4,51,-0.02648415005340457,0.042429360947037795
ETHUSDT,7,4,52,-0.052304955768809294,-0.007109233630670827
ETHUSDT,7,4,53,-0.07605539994507149,-0.0295779517557884
ETHUSDT,7,4,54,-0.0836873157962068,0.02006696868891279
ETHUSDT,7,4,55,-0.11266788011419691,-0.056322364441182056
ETHUSDT,7,4,56,-0.14803105572785957,-0.0822773318135165
ETHUSDT,7,5,1,0.817709388544766,0.8177093885447658
ETHUSDT,7,5,2,0.6369148102945307,-0.09577094904258229
ETHUSDT,7,5,3,0.4257426774974338,-0.20296025548114696
ETHUSDT,7,5,4,0.22129116029818457,-0.12953215881368918
ETHUSDT,7,5,5,0.016274574775768495,-0.16289481096245728
ETHUSDT,7,5,6,-0.050721472146086424,0.25323011898573394
ETHUSDT,7,5,7,-0.10835263026112321,-0.06327597809827104
ETHUSDT,7,5,8,-0.12160147546920713,-0.02275352334783546
ETHUSDT,7,5,9,-0.14833575056100554,-0.14561755595199896
ETHUSDT,7,5,10,-0.16330581643632003,-0.09328095746950679
ETHUSDT,7,5,11,-0.1627890673409659,0.1228837530941064
ETHUSDT,7,5,12,-0.14474907328024392,0.011280503647905752
ETHUSDT,7,5,13,-0.12094480196462165,0.027585555284437565
ETHUSDT,7,5,14,-0.09928277833633126,-0.1162748816436871
ETHUSDT,7,5,15,-0.08772663430263235,-0.0902407998305237
ETHUSDT,7,5,16,-0.07761819261365394,0.03908228013600549
ETHUSDT,7,5,17,-0.1151795698564581,-0.1453356721099812
ETHUSDT,7,5,18,-0.16869577515275092,-0.06210693239735825
ETHUSDT,7,5,19,-0.23952198746030548,-0.17358005999192164
ETHUSDT,7,5,20,-0.29240923103867683,-0.056194273970957394
ETHUSDT,7,5,21,-0.3322774886263158,-0.0029146059658142036
ETHUSDT,7,5,22,-0.3363535406370001,-0.06487957175697676
ETHUSDT,7,5,23,-0.3170759399623406,-0.018962808021484312
ETHUSDT,7,5,24,-0.24934387144671952,-0.021270181045462692
ETHUSDT,7,5,25,-0.1525054889914786,0.09478824868121624
ETHUSDT,7,5,26,-0.05561861829277114,0.01148269274447361
ETHUSDT,7,5,27,0.029451145760404862,-0.03494674105574415
ETHUSDT,7,5,28,0.13159759285060268,0.10133917428138856
ETHUSDT,7,5,29,0.19280265892165824,-0.061096112671086604
ETHUSDT,7,5,30,0.2162237611143922,0.005354945459174911
ETHUSDT,7,5,31,0.21869162049130803,-0.01731924074226045
ETHUSDT,7,5,32,0.2302225720035445,0.07257430657067208
ETHUSDT,7,5,33,0.2102554349158659,0.030588419279099142
ETHUSDT,7,5,34,0.196350583919341,-0.005201346992049265
ETHUSDT,7,5,35,0.15473863128357598,-0.0571449611085791
ETHUSDT,7,5,36,0.11325904266122135,-0.06539400224949486
ETHUSDT,7,5,37,0.07067798723758764,0.05413172041297704
ETHUSDT,7,5,38,0.02560401809423778,-0.04193281112120239
ETHUSDT,7,5,39,-0.009617135058131733,0.012338716903781268
ETHUSDT,7,5,40,-0.016961835786801716,-0.0313675297082029
ETHUSDT,7,5,41,-0.0065651609545447935,-0.030101274768698037
ETHUSDT,7,5,42,0.006140876777584247,0.013734800705114611
ETHUSDT,7,5,43,0.03411168540648001,0.032008226262218886
ETHUSDT,7,5,44,0.05536421177939475,0.03279072776094348
ETHUSDT,7,5,45,0.05042364515051636,-0.09251241891482782
ETHUSDT,7,5,46,0.048077923379919965,0.06240505570383187
ETHUSDT,7,5,47,0.03165838998990243,0.02143912435605429
ETHUSDT,7,5,48,0.004650198103254399,0.01655416219267518
ETHUSDT,7,5,49,-0.026411431675854954,0.020334061113154778
ETHUSDT,7,5,50,-0.02240299804414903,0.04643263117108053
ETHUSDT,7,5,51,-0.039913664642040006,0.020456174578128747
ETHUSDT,7,5,52,-0.06773210436726673,-0.08278871399541894
ETHUSDT,7,5,53,-0.08999385188820182,0.00944687679578555
ETHUSDT,7,5,54,-0.10750825825730166,-0.027361022843116995
ETHUSDT,7,5,55,-0.13312130536901826,0.007682260612743369
ETHUSDT,7,5,56,-0.15066160219852062,-0.0389673477981356
ETHUSDT,7,6,1,0.8582949735408468,0.8582949735408468
ETHUSDT,7,6,2,0.6786155973434222,-0.2204637600599588
ETHUSDT,7,6,3,0.49576362063219603,-0.10328245500100908
ETHUSDT,7,6,4,0.30374533501355583,-0.159163490944225
ETHUSDT,7,6,5,0.10780598284877393,-0.1570018344295851
ETHUSDT,7,6,6,-0.06375090272509945,-0.07330393706757397
ETHUSDT,7,6,7,-0.11822349352991277,0.29558253814559887
ETHUSDT,7,6,8,-0.13611656565921737,-0.03511689179776444
ETHUSDT,7,6,9,-0.15804327231639995,-0.13204914149811364
ETHUSDT,7,6,10,-0.17850360384789352,-0.12902133813396274
ETHUSDT,7,6,11,-0.1609140866575587,0.050294121377751015
ETHUSDT,7,6,12,-0.14968027046322857,-0.0853859406888471
ETHUSDT,7,6,13,-0.12575746915009492,0.19668466242707142
ETHUSDT,7,6,14,-0.11802382728444813,-0.10029089708243616
ETHUSDT,7,6,15,-0.11578708997520562,-0.1153212064991118
ETHUSDT,7,6,16,-0.10801826017226598,-0.07529837294305372
ETHUSDT,7,6,17,-0.14590254502798247,-0.15475689422033423
ETHUSDT,7,6,18,-0.19117177954629325,-0.07162158870408133
ETHUSDT,7,6,19,-0.2727454819488177,-0.13881377569168915
ETHUSDT,7,6,20,-0.3271005559751871,0.02865501718405996
ETHUSDT,7,6,21,-0.3531388840245186,-0.024315835748571393
ETHUSDT,7,6,22,-0.3708881052328482,-0.08356540935424303
ETHUSDT,7,6,23,-0.3426772706919721,0.026019107407790093
ETHUSDT,7,6,24,-0.26888217323665287,0.04353995295112754
ETHUSDT,7,6,25,-0.15920579688819386,0.027711030755291046
ETHUSDT,7,6,26,-0.05687972368056308,0.010845712141191422
ETHUSDT,7,6,27,0.03660631172493704,0.0033801015688914525
ETHUSDT,7,6,28,0.12884652943081173,0.03708627683225794
ETHUSDT,7,6,29,0.2063733930633153,-0.008711331925402297
ETHUSDT,7,6,30,0.24130624849721813,0.022022721360080655
ETHUSDT,7,6,31,0.24780191665384643,-0.022281274803023624
ETHUSDT,7,6,32,0.24867465359331117,0.024157102870396227
ETHUSDT,7,6,33,0.22815736894878194,-0.021003913954125812
ETHUSDT,7,6,34,0.2042358784076017,0.050623694279988314
ETHUSDT,7,6,35,0.1586993486294688,-0.028396516662291593
ETHUSDT,7,6,36,0.11533197723408214,-0.04160899519481424
ETHUSDT,7,6,37,0.0791072806860189,-0.013491606859791772
ETHUSDT,7,6,38,0.03582071303514031,-0.06059320785298485
ETHUSDT,7,6,39,0.015782687677861583,0.037051683123950616
ETHUSDT,7,6,40,-0.0044668394578585005,-0.027561776054826976
ETHUSDT,7,6,41,0.008897349083320618,0.07300704211802019
ETHUSDT,7,6,42,0.02383839139549568,-0.06855706995210097
ETHUSDT,7,6,43,0.044467928542882916,0.042430381909756926
ETHUSDT,7,6,44,0.05375586696011195,-0.058440009045784565
ETHUSDT,7,6,45,0.03958638590994057,-0.05271939573140978
ETHUSDT,7,6,46,0.042420551950262536,0.14613425657639553
ETHUSDT,7,6,47,0.019109567886903066,-0.010473896768197757
ETHUSDT,7,6,48,-0.004021131289837384,0.04453277060662283
ETHUSDT,7,6,49,-0.027200594391305618,0.036593065611340084
ETHUSDT,7,6,50,-0.03785784301922884,-0.0308174660334744
ETHUSDT,7,6,51,-0.05370899933810828,-0.03224315035534674
ETHUSDT,7,6,52,-0.08051666820838066,-0.01839803290014752
ETHUSDT,7,6,53,-0.10922368206989541,-0.022223892985143923
ETHUSDT,7,6,54,-0.1291515768559661,0.0009919021667988178
ETHUSDT,7,6,55,-0.1314687714519689,0.03664419483705857
ETHUSDT,7,6,56,-0.14796915398917296,-0.06234966125400852
ETHUSDT,7,7,1,0.8639768799040989,0.8639768799040989
ETHUSDT,7,7,2,0.7240308201422251,-0.08844710662167117
ETHUSDT,7,7,3,0.5581556887333567,-0.184057783798503
ETHUSDT,7,7,4,0.37565448360543247,-0.17447805650740705
ETHUSDT,7,7,5,0.20235587698899435,-0.0888858671122905
ETHUSDT,7,7,6,0.04248255307783625,-0.07673429616081975
ETHUSDT,7,7,7,-0.08991758386874846,-0.036644631126872586
ETHUSDT,7,7,8,-0.12775600747710614,0.24830090465370006
ETHUSDT,7,7,9,-0.16274974880478088,-0.07970273411445414
ETHUSDT,7,7,10,-0.16844392530895172,-0.03296042725634939
ETHUSDT,7,7,11,-0.1689420917460686,-0.09600437646199551
ETHUSDT,7,7,12,-0.16299522346725584,-0.044761039704228685
ETHUSDT,7,7,13,-0.1451657796950219,0.0019111405942467468
ETHUSDT,7,7,14,-0.15578329060251675,-0.1269287969270394
ETHUSDT,7,7,15,-0.1572545300076104,0.0852355555434266
ETHUSDT,7,7,16,-0.16364756344900638,-0.06741412619456516
ETHUSDT,7,7,17,-0.20266830831448385,-0.16568510032820835
ETHUSDT,7,7,18,-0.24560544492846006,-0.12557581187820416
ETHUSDT,7,7,19,-0.3032369834049944,-0.13204179684716877
ETHUSDT,7,7,20,-0.3555945461148687,-0.0457060904319653
ETHUSDT,7,7,21,-0.3785335781639966,-0.01897420549517809
ETHUSDT,7,7,22,-0.3760379957839123,0.10295105426718876
ETHUSDT,7,7,23,-0.3472233396272112,-0.00015459450726822542
ETHUSDT,7,7,24,-0.27602740417472127,0.03447310546970788
ETHUSDT,7,7,25,-0.17696801859568748,0.04537894983730574
ETHUSDT,7,7,26,-0.06433992003405811,-0.02068204724979325
ETHUSDT,7,7,27,0.031757201115107825,-0.044879889235507675
ETHUSDT,7,7,28,0.1252538124973755,0.036309041957153204
ETHUSDT,7,7,29,0.19497287785641013,0.03867557883445682
ETHUSDT,7,7,30,0.24793572026638852,0.05366725061157842
ETHUSDT,7,7,31,0.2679873548250139,-0.02485812623243912
ETHUSDT,7,7,32,0.26398216290284665,-0.006040265284649906
ETHUSDT,7,7,33,0.24528050789788097,-0.01748237812445421
ETHUSDT,7,7,34,0.22999222398662614,0.026858640471266782
ETHUSDT,7,7,35,0.18305807020991716,-0.0836261363064738
ETHUSDT,7,7,36,0.13816457817344188,0.00424559279257891
ETHUSDT,7,7,37,0.09616539005251012,0.015321746861232506
ETHUSDT,7,7,38,0.06771346669140046,0.00045429555496192707
ETHUSDT,7,7,39,0.050859550005559785,0.013787200964730703
ETHUSDT,7,7,40,0.03538699584185876,-0.05185653775085319
ETHUSDT,7,7,41,0.031514792161860164,0.0024283320417051264
ETHUSDT,7,7,42,0.042773190069744976,-0.0067593382352610885
ETHUSDT,7,7,43,0.05499157711373191,0.030735319976551285
ETHUSDT,7,7,44,0.06017903868774272,0.011262528158445527
ETHUSDT,7,7,45,0.04401908381621895,-0.035935491797780085
ETHUSDT,7,7,46,0.023553250689447646,0.025477448633534357
ETHUSDT,7,7,47,0.010396699039191902,0.05212617468384486
ETHUSDT,7,7,48,-0.013149082732750627,0.04335702841311203
ETHUSDT,7,7,49,-0.03406447154747458,0.026860122634536094
ETHUSDT,7,7,50,-0.05927396232062361,-0.023352388730805213
ETHUSDT,7,7,51,-0.08572854470566135,-0.027128235442457623
ETHUSDT,7,7,52,-0.10885546988203784,-0.07143948561555823
ETHUSDT,7,7,53,-0.13208292945797676,-0.008887001817733962
ETHUSDT,7,7,54,-0.14253964500439884,0.0427810297577085
ETHUSDT,7,7,55,-0.14702558644788738,-0.008450163500121318
ETHUSDT,7,7,56,-0.15181850021900525,-0.04729900575572519
ETHUSDT,14,1,1,0.035306057578102394,0.0353060575781024
ETHUSDT,14,1,2,0.06308118862388468,0.06191184513308014
ETHUSDT,14,1,3,0.11563221431764889,0.11192508918162579
ETHUSDT,14,1,4,-0.02081109152606037,-0.03202450729818343
ETHUSDT,14,1,5,-0.013616438125041026,-0.026415195656040745
ETHUSDT,14,1,6,0.04245640241914841,0.03450652971214949
ETHUSDT,14,1,7,0.040897483055580865,0.04815839316812447
ETHUSDT,14,1,8,0.01670258855804266,0.013538313715004432
ETHUSDT,14,1,9,0.011256695775873102,-0.005152099212990965
ETHUSDT,14,1,10,-0.005233402363917983,-0.015976069825090117
ETHUSDT,14,1,11,-0.03239356222370146,-0.03204824546848451
ETHUSDT,14,1,12,0.0033081927367674467,0.007435064629568033
ETHUSDT,14,1,13,0.05084137857671657,0.056185106299724515
ETHUSDT,14,1,14,-0.181190133666554,-0.18589035514625132
ETHUSDT,14,1,15,-0.032411512300798896,-0.03525656660231778
ETHUSDT,14,1,16,0.0050114793381094225,0.019883899099904834
ETHUSDT,14,1,17,-0.10575525113351326,-0.057715612871849196
ETHUSDT,14,1,18,-0.03315326572300018,-0.030725999728180155
ETHUSDT,14,1,19,-0.03408514461524988,-0.04058622962950862
ETHUSDT,14,1,20,-0.08928464379317218,-0.06340980137420696
ETHUSDT,14,1,21,-0.018644389182570633,0.009076600588779113
ETHUSDT,14,1,22,-0.0928575986909146,-0.07768376769211315
ETHUSDT,14,1,23,-0.052630268049689774,-0.03019884910718336
ETHUSDT,14,1,24,-0.06038651093556446,-0.051188755485336926
ETHUSDT,14,1,25,-0.0006331333602622735,0.01764803401103167
ETHUSDT,14,1,26,-0.03139105714301157,-0.015433191462084286
ETHUSDT,14,1,27,-0.017520182249776455,0.012918861626442426
ETHUSDT,14,1,28,0.08782315748263744,0.06212885957245568
ETHUSDT,14,1,29,0.10548213542445241,0.11062786407581734
ETHUSDT,14,1,30,0.015984948245912286,0.0239661148953256
ETHUSDT,14,1,31,-0.01783949223115424,-0.07226618065946636
ETHUSDT,14,1,32,0.09371572665889986,0.07621299794457712
ETHUSDT,14,1,33,0.01781244987834001,0.02899528479452718
ETHUSDT,14,1,34,0.03693489046417356,0.007544153247153812
ETHUSDT,14,1,35,-0.007167372264301216,-0.046097503552169246
ETHUSDT,14,1,36,0.011967603941661633,-0.03582626123213374
ETHUSDT,14,1,37,0.036286214177715215,0.017340666300716578
ETHUSDT,14,1,38,0.014924546148817186,0.0020158205702887574
ETHUSDT,14,1,39,0.015322618599964928,-0.0045001290247346235
ETHUSDT,14,1,40,-0.018496468865307668,-0.062328218581346705
ETHUSDT,14,1,41,0.0536050473317975,0.02373453526305836
ETHUSDT,14,1,42,-0.058565557248787085,-0.058007268638329806
ETHUSDT,14,1,43,-0.028574969491096235,0.005958415682794419
ETHUSDT,14,1,44,0.06286861069927356,0.059421050376716134
ETHUSDT,14,1,45,-0.028964633231812302,-0.05187169459764055
ETHUSDT,14,1,46,0.04166775224442537,0.07435130425381813
ETHUSDT,14,1,47,0.006721473602496362,0.015168744834337007
ETHUSDT,14,1,48,0.01677522001668028,0.039733077010821016
ETHUSDT,14,1,49,-0.043846063173347924,-0.03599329994134782
ETHUSDT,14,1,50,-0.0023318384547886986,0.006768160727309495
ETHUSDT,14,1,51,-0.0012728580255502195,0.04058479308739798
ETHUSDT,14,1,52,-0.05926163715108506,-0.0276677478245712
ETHUSDT,14,1,53,-0.038844380008093704,-0.043679228083913994
ETHUSDT,14,1,54,0.06547289125167928,0.07806960996691585
ETHUSDT,14,1,55,-0.018692609809708664,0.025233534654619756
ETHUSDT,14,1,56,-0.05444144113915313,-0.0752267599049963
ETHUSDT,14,2,1,0.5448051071847877,0.5448051071847876
ETHUSDT,14,2,2,0.12886009703125434,-0.23884459382139292
ETHUSDT,14,2,3,0.11740355242941514,0.24213916941306668
ETHUSDT,14,2,4,0.02998402442744971,-0.2180834830429012
ETHUSDT,14,2,5,0.005533429525169495,0.17918197636178018
ETHUSDT,14,2,6,0.052281950683267936,-0.07699679272298438
ETHUSDT,14,2,7,0.06561510195105939,0.11733053096680902
ETHUSDT,14,2,8,0.04525409004436131,-0.08019503302470864
ETHUSDT,14,2,9,0.012781599851913418,0.039960654713335764
ETHUSDT,14,2,10,-0.01883853199599874,-0.07191327821068749
ETHUSDT,14,2,11,-0.032402063900921575,0.02977459365812945
ETHUSDT,14,2,12,0.004715852637109284,0.020466612903411945
ETHUSDT,14,2,13,-0.06441087124986382,-0.16002840108441235
ETHUSDT,14,2,14,-0.18888506884703168,-0.08360754916203873
ETHUSDT,14,2,15,-0.11304231182982538,0.07252661477385523
ETHUSDT,14,2,16,-0.0546698051821871,-0.08178385413976308
ETHUSDT,14,2,17,-0.11027829538760622,-0.02155235924792343
ETHUSDT,14,2,18,-0.09991782006897632,-0.05357037119566842
ETHUSDT,14,2,19,-0.0952134609595026,-0.04334564055240601
ETHUSDT,14,2,20,-0.12120607595220584,-0.03623250024280359
ETHUSDT,14,2,21,-0.12107906746006336,-0.03803012713064263
ETHUSDT,14,2,22,-0.12039666878643564,-0.050080951174700176
ETHUSDT,14,2,23,-0.11663390557736306,-0.038444677653460886
ETHUSDT,14,2,24,-0.08301607943659732,-0.0033954830676321854
ETHUSDT,14,2,25,-0.040771036874320536,0.007220360096920174
ETHUSDT,14,2,26,-0.03231095090005543,-0.0009973883618529535
ETHUSDT,14,2,27,0.017465844925099176,0.057546609774819124
ETHUSDT,14,2,28,0.15280585863913437,0.1453118925373765
ETHUSDT,14,2,29,0.164370349278651,-0.003581901311949363
ETHUSDT,14,2,30,0.05628881436576751,-0.034168247685961266
ETHUSDT,14,2,31,0.0445085159504189,0.029384013998613043
ETHUSDT,14,2,32,0.09197671371077722,0.0700282894003454
ETHUSDT,14,2,33,0.08027259950825737,-0.024074179542625862
ETHUSDT,14,2,34,0.043614850968808565,-0.025954970955612267
ETHUSDT,14,2,35,0.02141380850639552,-0.05024200385563015
ETHUSDT,14,2,36,0.03372673928774777,0.02921839616957978
ETHUSDT,14,2,37,0.04659279616536409,-0.021861729102518327
ETHUSDT,14,2,38,0.033442400263368345,0.006291514224723178
ETHUSDT,14,2,39,0.014504509808001827,-0.049098505502314545
ETHUSDT,14,2,40,0.021740063121380698,0.008120611575156308
ETHUSDT,14,2,41,0.016993053442520476,-0.026873546570643995
ETHUSDT,14,2,42,-0.04531307725517785,-0.010848603497103836
ETHUSDT,14,2,43,-0.019162430884034302,0.06622371997243347
ETHUSDT,14,2,44,0.05175344996890735,-0.018517019520575616
ETHUSDT,14,2,45,0.02964403775127183,0.03191353366204147
ETHUSDT,14,2,46,0.02038361327258448,0.05010784553889437
ETHUSDT,14,2,47,0.017752670379268205,-0.012168606935634008
ETHUSDT,14,2,48,-0.02158062518359919,0.003016458691471347
ETHUSDT,14,2,49,-0.04671209863595651,-0.020802682462115897
ETHUSDT,14,2,50,-0.040504047380284354,0.04631026467791734
ETHUSDT,14,2,51,-0.041209089643331566,-0.0279238679820353
ETHUSDT,14,2,52,-0.08075296400689008,-0.05693674809435878
ETHUSDT,14,2,53,-0.03906061216161999,0.0866279775922758
ETHUSDT,14,2,54,0.024170700189325604,0.005430267609054953
ETHUSDT,14,2,55,-0.025966302740435956,-0.057699082969236745
ETHUSDT,14,2,56,-0.06803103335788116,-0.09006974708799366
ETHUSDT,14,3,1,0.7168990885429758,0.7168990885429759
ETHUSDT,14,3,2,0.416095459325441,-0.2013119987342934
ETHUSDT,14,3,3,0.12356567729589175,-0.19397873592577827
ETHUSDT,14,3,4,0.07052623482742386,0.2723879979588227
ETHUSDT,14,3,5,0.049596549569282375,-0.0731909159638033
ETHUSDT,14,3,6,0.053963999258185916,-0.05361159894399923
ETHUSDT,14,3,7,0.07463631122396784,0.1633686654944923
ETHUSDT,14,3,8,0.06581207113082657,-0.08826874026556311
ETHUSDT,14,3,9,0.026839082891930537,-0.08255890368259396
ETHUSDT,14,3,10,-0.010785389936384658,0.0893236256333147
ETHUSDT,14,3,11,-0.014693040152483901,-0.0061882523537388125
ETHUSDT,14,3,12,-0.057809120400761804,-0.1825008024097122
ETHUSDT,14,3,13,-0.11272807488698282,-0.007179724940939858
ETHUSDT,14,3,14,-0.16179068031086868,-0.0036166515576599658
ETHUSDT,14,3,15,-0.14529738355575256,-0.040221761064561025
ETHUSDT,14,3,16,-0.11289716181660636,-0.00020862248856878173
ETHUSDT,14,3,17,-0.12079422815558488,-0.10030705888428798
ETHUSDT,14,3,18,-0.13008675170493164,-0.012173653418510422
ETHUSDT,14,3,19,-0.14940288581974098,-0.030640653485506132
ETHUSDT,14,3,20,-0.1663907053907334,-0.09907734338993557
ETHUSDT,14,3,21,-0.15840813662916944,0.05590028779126763
ETHUSDT,14,3,22,-0.16219099866649714,-0.09753397240164913
ETHUSDT,14,3,23,-0.12671353359870988,-0.009422030521672797
ETHUSDT,14,3,24,-0.1135166109125841,0.018854529574915888
ETHUSDT,14,3,25,-0.0706722915599297,0.010590125390225245
ETHUSDT,14,3,26,-0.02564787307555213,0.021569985986585067
ETHUSDT,14,3,27,0.0686161567494726,0.14307073521215266
ETHUSDT,14,3,28,0.15343603832456293,0.0736599616344626
ETHUSDT,14,3,29,0.16363426346225743,-0.11037905360310259
ETHUSDT,14,3,30,0.12564485217331148,0.062159009628576685
ETHUSDT,14,3,31,0.08000923074073278,0.04439009809799879
ETHUSDT,14,3,32,0.09987753991067512,0.023684810441407068
ETHUSDT,14,3,33,0.08700838805463282,-0.06804145210761145
ETHUSDT,14,3,34,0.08001389599782446,-0.0011809742934616612
ETHUSDT,14,3,35,0.05225282394379451,0.009260070842233833
ETHUSDT,14,3,36,0.053146238699101296,-0.038813547376533884
ETHUSDT,14,3,37,0.052986270257878165,0.022593451895929904
ETHUSDT,14,3,38,0.036775939551774425,-0.03395381907147164
ETHUSDT,14,3,39,0.03982218979811271,-0.005139496558143163
ETHUSDT,14,3,40,0.019827407694541554,-0.030521795587463024
ETHUSDT,14,3,41,0.0029751385390413172,0.013131563818058375
ETHUSDT,14,3,42,-0.024056347881307682,0.014538444270033379
ETHUSDT,14,3,43,-0.0010342584741628734,0.021540381127596847
ETHUSDT,14,3,44,0.0479696759156754,0.08171652843159828
ETHUSDT,14,3,45,0.05215934928487875,-0.05480540372839978
ETHUSDT,14,3,46,0.04478212918555011,0.05953512096762968
ETHUSDT,14,3,47,-0.012869791024509431,-0.04553378931920294
ETHUSDT,14,3,48,-0.02991941963541038,0.014189261167700617
ETHUSDT,14,3,49,-0.06863337054738489,0.006431378796709066
ETHUSDT,14,3,50,-0.06787765086250425,-0.01608060823111468
ETHUSDT,14,3,51,-0.07786739019606476,-0.0177934519982504
ETHUSDT,14,3,52,-0.0682228400407221,0.01221333329496967
ETHUSDT,14,3,53,-0.04987176757050648,0.03258938094585829
ETHUSDT,14,3,54,-0.03315625367084591,-0.02481369579320895
ETHUSDT,14,3,55,-0.03996547765451968,-0.10366606529831392
ETHUSDT,14,3,56,-0.07903180734086653,-0.04768688634804459
ETHUSDT,14,4,1,0.765366215499904,0.7653662154999042
ETHUSDT,14,4,2,0.5362331975124598,-0.11962941808275573
ETHUSDT,14,4,3,0.32338142604776526,-0.10916524571291611
ETHUSDT,14,4,4,0.09188740382978919,-0.2068947277705735
ETHUSDT,14,4,5,0.07126528805131213,0.3347022026317131
ETHUSDT,14,4,6,0.078035811944849,-0.008491924344067288
ETHUSDT,14,4,7,0.0699855727892555,-0.06930414556663743
ETHUSDT,14,4,8,0.05370679257945665,-0.1476865286243197
ETHUSDT,14,4,9,0.02712611367269886,0.13612584216159457
ETHUSDT,14,4,10,-0.0022518116078243874,0.0010167194483126415
ETHUSDT,14,4,11,-0.0654042385633015,-0.1633509698789896
ETHUSDT,14,4,12,-0.10771260178273366,-0.08590760572603896
ETHUSDT,14,4,13,-0.12875669564674383,0.08213821902856264
ETHUSDT,14,4,14,-0.18352668276945966,-0.10691950234532177
ETHUSDT,14,4,15,-0.1581063237571253,0.04654301225224522
ETHUSDT,14,4,16,-0.14421324026713567,-0.09771125522896555
ETHUSDT,14,4,17,-0.1655515746790358,-0.03139123645629775
ETHUSDT,14,4,18,-0.1503648245085241,-0.041466345784313005
ETHUSDT,14,4,19,-0.1818158729538531,-0.05039615723288646
ETHUSDT,14,4,20,-0.19676353898600032,-0.020737223742647696
ETHUSDT,14,4,21,-0.17985880593449374,-0.00393534552400411
ETHUSDT,14,4,22,-0.17569342466044158,-0.06034801791127731
ETHUSDT,14,4,23,-0.1510237091737708,-0.014876936790513513
ETHUSDT,14,4,24,-0.12392772209777987,0.009722731391314741
ETHUSDT,14,4,25,-0.06764830188246458,0.10219635564365363
ETHUSDT,14,4,26,0.00977207435099337,0.04911010231413687
ETHUSDT,14,4,27,0.08673666370172396,0.062264838975237914
ETHUSDT,14,4,28,0.1557182433447074,-0.002443703808591424
ETHUSDT,14,4,29,0.17030521704627577,0.01971795476943886
ETHUSDT,14,4,30,0.14796719528157812,-0.024783003222162495
ETHUSDT,14,4,31,0.1189813654167583,0.00010672765116685841
ETHUSDT,14,4,32,0.09678624415737785,0.04448055722560026
ETHUSDT,14,4,33,0.086580716591552,-0.02911025816169387
ETHUSDT,14,4,34,0.08815931364101623,-0.026524971748942146
ETHUSDT,14,4,35,0.0710283216739437,-0.054495894131400595
ETHUSDT,14,4,36,0.05937798208295758,0.037393356621735145
ETHUSDT,14,4,37,0.047343298611224806,-0.006366102707210567
ETHUSDT,14,4,38,0.04309986727514164,0.011182611803165626
ETHUSDT,14,4,39,0.03027836649521401,-0.07361538976163698
ETHUSDT,14,4,40,0.003985981616155352,0.004309279086891334
ETHUSDT,14,4,41,0.0049217549809109275,0.07408645778631201
ETHUSDT,14,4,42,-0.011462583621827517,-0.021482542638331006
ETHUSDT,14,4,43,0.013593327271782309,0.05868860023842799
ETHUSDT,14,4,44,0.0530494540112252,0.035664841957767625
ETHUSDT,14,4,45,0.04672766676696857,-0.019318671051514767
ETHUSDT,14,4,46,0.03605141449993698,-0.01602339741483298
ETHUSDT,14,4,47,-0.006821004600832931,-0.0258074363265605
ETHUSDT,14,4,48,-0.051845726729742324,0.04159718665086711
ETHUSDT,14,4,49,-0.07678376886697419,-0.030897586124045976
ETHUSDT,14,4,50,-0.08458671599835742,-0.00024313315116484475
ETHUSDT,14,4,51,-0.06969781662946789,0.014993316231617345
ETHUSDT,14,4,52,-0.07232046233933981,-0.029920512442266022
ETHUSDT,14,4,53,-0.06296237419138595,-0.007061844594008108
ETHUSDT,14,4,54,-0.04595531590264561,-0.011281730042731204
ETHUSDT,14,4,55,-0.07122702268231164,-0.08018723949799962
ETHUSDT,14,4,56,-0.09552733651690963,-0.09416440908198181
ETHUSDT,14,5,1,0.8129671108681191,0.8129671108681189
ETHUSDT,14,5,2,0.6258733639013503,-0.10334344939185476
ETHUSDT,14,5,3,0.45639855074542957,-0.06255151668669692
ETHUSDT,14,5,4,0.26645222682934755,-0.17825121439420985
ETHUSDT,14,5,5,0.10126344828397306,-0.07087892286087304
ETHUSDT,14,5,6,0.09399890626802032,0.3333891753523777
ETHUSDT,14,5,7,0.07754459091636631,-0.07634891713516942
ETHUSDT,14,5,8,0.04679027916894774,-0.08927348763383347
ETHUSDT,14,5,9,0.024308855814625288,-0.09674140025779553
ETHUSDT,14,5,10,-0.04001269669964212,-0.16461360889252194
ETHUSDT,14,5,11,-0.09882136827041983,0.14502243637000078
ETHUSDT,14,5,12,-0.12619738576754497,0.011930348753096794
ETHUSDT,14,5,13,-0.165177951390721,-0.12714478002788995
ETHUSDT,14,5,14,-0.1980747645064163,-0.0811588536684528
ETHUSDT,14,5,15,-0.1810428895994458,-0.0057262404057641806
ETHUSDT,14,5,16,-0.17446668451478198,0.04517261177666882
ETHUSDT,14,5,17,-0.1990057007521034,-0.08107551133531274
ETHUSDT,14,5,18,-0.20325428278748578,-0.08074730813752969
ETHUSDT,14,5,19,-0.2077040430120741,-0.05644897600116234
ETHUSDT,14,5,20,-0.2236011270948175,-0.004848523102221811
ETHUSDT,14,5,21,-0.211573590542113,0.061652163850215935
ETHUSDT,14,5,22,-0.1989280567573919,-0.0969198797437378
ETHUSDT,14,5,23,-0.17153554830430143,0.0070351522037100265
ETHUSDT,14,5,24,-0.12592544663686048,0.011690978621087422
ETHUSDT,14,5,25,-0.0428211382126038,0.1760320267981269
ETHUSDT,14,5,26,0.017987184191669135,0.03967940657776613
ETHUSDT,14,5,27,0.08739429425894785,-0.03926433417559715
ETHUSDT,14,5,28,0.16053939414894922,0.06573219807605347
ETHUSDT,14,5,29,0.17971841712013573,-0.07425024694226394
ETHUSDT,14,5,30,0.16120128325889835,0.025496907966010156
ETHUSDT,14,5,31,0.13822404297558902,-0.03260737547962323
ETHUSDT,14,5,32,0.1287431612797015,0.046837306155281366
ETHUSDT,14,5,33,0.0998028835688849,-0.007402835743957285
ETHUSDT,14,5,34,0.09068528331701252,-0.057201618484278544
ETHUSDT,14,5,35,0.07960655891859134,-0.027937317298022055
ETHUSDT,14,5,36,0.07310450571621836,-0.0016821420598644088
ETHUSDT,14,5,37,0.06367482383222153,0.05347386805609271
ETHUSDT,14,5,38,0.037437979429626095,-0.04338112275729036
ETHUSDT,14,5,39,0.015100254509562181,-0.011461616430332808
ETHUSDT,14,5,40,0.009417485296189283,0.00734939265952711
ETHUSDT,14,5,41,0.009392221785144974,0.027422605119618956
ETHUSDT,14,5,42,0.0033402338967857227,0.05700585211975462
ETHUSDT,14,5,43,0.028637821788737753,0.04171760508603883
ETHUSDT,14,5,44,0.05548105076074573,0.010629394694667444
ETHUSDT,14,5,45,0.03797530863407763,-0.08888422685905885
ETHUSDT,14,5,46,0.01824921777852044,0.017193362059672545
ETHUSDT,14,5,47,-0.015646891949252263,-0.00831551113491555
ETHUSDT,14,5,48,-0.05239296835855325,0.028790340630363804
ETHUSDT,14,5,49,-0.09573684057199652,-0.05508160600650574
ETHUSDT,14,5,50,-0.08160337986641089,0.08360469878014892
ETHUSDT,14,5,51,-0.0759495602234067,-0.022319323437304434
ETHUSDT,14,5,52,-0.08106034029866636,-0.10377130923218807
ETHUSDT,14,5,53,-0.07591500094236124,-0.018015313934151053
ETHUSDT,14,5,54,-0.07056419246558449,0.0011130787345162987
ETHUSDT,14,5,55,-0.09855623993159596,-0.03759527847375012
ETHUSDT,14,5,56,-0.11007138494834134,-0.002806378452904801
ETHUSDT,14,6,1,0.8553977012283744,0.8553977012283741
ETHUSDT,14,6,2,0.706719564135699,-0.09312765536409888
ETHUSDT,14,6,3,0.5567866312901025,-0.09165238173341471
ETHUSDT,14,6,4,0.4017174880036421,-0.11568551986180825
ETHUSDT,14,6,5,0.2523866555027214,-0.08824301782452294
ETHUSDT,14,6,6,0.11596426029915305,-0.0695959664172623
ETHUSDT,14,6,7,0.09045632385889674,0.3081132370018939
ETHUSDT,14,6,8,0.060530996664800524,-0.0827586729889279
ETHUSDT,14,6,9,-0.005800453547802147,-0.22449112385562248
ETHUSDT,14,6,10,-0.06540965983251788,-0.08322488144591055
ETHUSDT,14,6,11,-0.10171503666897914,0.035932498427530615
ETHUSDT,14,6,12,-0.14894173689844956,-0.08779649258142574
ETHUSDT,14,6,13,-0.1824739496486551,0.13834365714121158
ETHUSDT,14,6,14,-0.21831755637284933,-0.11773339299740054
ETHUSDT,14,6,15,-0.21379912338067325,-0.03657398720358733
ETHUSDT,14,6,16,-0.21300046874301107,-0.06824974853989853
ETHUSDT,14,6,17,-0.2390271796586948,-0.08011528034003677
ETHUSDT,14,6,18,-0.23806406059325147,0.013724204700261406
ETHUSDT,14,6,19,-0.24432572794182975,0.0033889489462847196
ETHUSDT,14,6,20,-0.241634367830706,-0.051679144552493915
ETHUSDT,14,6,21,-0.2312934805796098,0.02610757775253262
ETHUSDT,14,6,22,-0.22081726829638504,-0.06967586062619867
ETHUSDT,14,6,23,-0.17217182333588107,0.06214254753093153
ETHUSDT,14,6,24,-0.11110611100212069,0.10593993276551061
ETHUSDT,14,6,25,-0.040409471598722956,0.08503033840425284
ETHUSDT,14,6,26,0.016635539840263395,-0.09799555628145115
ETHUSDT,14,6,27,0.08224395006155644,0.10957054287013149
ETHUSDT,14,6,28,0.14987948365250886,0.02251396629105603
ETHUSDT,14,6,29,0.1755885405107286,-0.07487606772705312
ETHUSDT,14,6,30,0.1666745146273282,-0.039357477315626756
ETHUSDT,14,6,31,0.15179939497157266,0.0007719868818788323
ETHUSDT,14,6,32,0.1547146853439816,0.03927938340336804
ETHUSDT,14,6,33,0.12509364831153993,-0.04336825158216667
ETHUSDT,14,6,34,0.1008458711161971,0.028940921805730095
ETHUSDT,14,6,35,0.08389815100343741,-0.044104619978529276
ETHUSDT,14,6,36,0.09036484388657952,0.0253708919352268
ETHUSDT,14,6,37,0.07550581630333689,-0.0320157924324408
ETHUSDT,14,6,38,0.03591957122851736,-0.03240447871930962
ETHUSDT,14,6,39,0.02003340684305376,0.014966267493497333
ETHUSDT,14,6,40,0.011938499094785615,0.04567639096415955
ETHUSDT,14,6,41,0.019501742133382148,0.09520830228299858
ETHUSDT,14,6,42,0.014515644625130854,-0.001810499987917584
ETHUSDT,14,6,43,0.034437850057404025,0.004617628833992528
ETHUSDT,14,6,44,0.047604210510592784,-0.05097281657866565
ETHUSDT,14,6,45,0.028410964427214778,-0.07172129940614323
ETHUSDT,14,6,46,0.0014056942137195439,0.0525468849930132
ETHUSDT,14,6,47,-0.03290897063986656,0.002185072319288838
ETHUSDT,14,6,48,-0.05616322218411594,0.01848570500575923
ETHUSDT,14,6,49,-0.08080591823297817,0.0001310914511919953
ETHUSDT,14,6,50,-0.09198090534925354,-0.02430456308441617
ETHUSDT,14,6,51,-0.09227719224753429,-0.059968957112522696
ETHUSDT,14,6,52,-0.09499683129458877,-0.049634536674384985
ETHUSDT,14,6,53,-0.09602379441002554,0.02212264051675396
ETHUSDT,14,6,54,-0.10274815518968479,-0.01038003599976164
ETHUSDT,14,6,55,-0.10908525889923877,-0.02313102291459171
ETHUSDT,14,6,56,-0.11395635475144461,-0.04103355964792508
ETHUSDT,14,7,1,0.8735181507917839,0.8735181507917839
ETHUSDT,14,7,2,0.7467192924932478,-0.06884812377804028
ETHUSDT,14,7,3,0.6284140531754276,-0.036577239887308294
ETHUSDT,14,7,4,0.48777698834168287,-0.16772701662157552
ETHUSDT,14,7,5,0.355029911455821,-0.05897631352725077
ETHUSDT,14,7,6,0.2303385536196034,-0.06953854004582206
ETHUSDT,14,7,7,0.1100514061468247,-0.0723218335747393
ETHUSDT,14,7,8,0.04417944317521326,0.1290663668151842
ETHUSDT,14,7,9,-0.019210245260538213,-0.0679144768440914
ETHUSDT,14,7,10,-0.07394012291173391,-0.025378021370425878
ETHUSDT,14,7,11,-0.12760775803535143,-0.11160335668500083
ETHUSDT,14,7,12,-0.1616448947416298,0.015451093366043025
ETHUSDT,14,7,13,-0.19791832663664635,-0.08357667185083327
ETHUSDT,14,7,14,-0.24225448310897588,-0.09904456177988599
ETHUSDT,14,7,15,-0.2432883533647972,0.14311855333761336
ETHUSDT,14,7,16,-0.24909977697123245,-0.08347984077428836
ETHUSDT,14,7,17,-0.26302614097455296,-0.055129239695044206
ETHUSDT,14,7,18,-0.25748448103714594,-0.025136551727052876
ETHUSDT,14,7,19,-0.25913152990266186,-0.04954047625314279
ETHUSDT,14,7,20,-0.25704893305836557,-0.03448137094311072
ETHUSDT,14,7,21,-0.23370353838157434,0.01814953758240249
ETHUSDT,14,7,22,-0.2067403495498814,0.06642150785931396
ETHUSDT,14,7,23,-0.15483873606345008,0.07803316420478035
ETHUSDT,14,7,24,-0.09774619459732656,0.007144267952047376
ETHUSDT,14,7,25,-0.0419226238601538,0.005788321934908666
ETHUSDT,14,7,26,0.015117555653732108,0.016156833205435817
ETHUSDT,14,7,27,0.08002026975251746,0.05674907341665816
ETHUSDT,14,7,28,0.13263672079410938,-0.012026849290202354
ETHUSDT,14,7,29,0.15620363619762478,-0.0337193983562562
ETHUSDT,14,7,30,0.16082404363207659,-0.03916061831967199
ETHUSDT,14,7,31,0.15989905473214572,-0.021557931961446484
ETHUSDT,14,7,32,0.15543992282582578,0.04112435445148413
ETHUSDT,14,7,33,0.13870346924409493,-0.048515818277036826
ETHUSDT,14,7,34,0.11622469263162213,0.006701581262216499
ETHUSDT,14,7,35,0.09583444907476192,0.0095332519789443
ETHUSDT,14,7,36,0.0860090446976032,0.027286130724111
ETHUSDT,14,7,37,0.0705714706886934,-0.015597662766818452
ETHUSDT,14,7,38,0.04712512261991991,-0.04192999322789973
ETHUSDT,14,7,39,0.028480185813887324,0.014430524489076044
ETHUSDT,14,7,40,0.025108044683798136,0.047823016587729576
ETHUSDT,14,7,41,0.026810491508409643,0.05508670298697856
ETHUSDT,14,7,42,0.0259979186030342,0.0005111740718257091
ETHUSDT,14,7,43,0.03391237570678038,0.05315430683585162
ETHUSDT,14,7,44,0.04237469071299243,-0.001535731127418708
ETHUSDT,14,7,45,0.022312645622563625,-0.12896635108488713
ETHUSDT,14,7,46,-0.004015502245824444,-0.020894752855013313
ETHUSDT,14,7,47,-0.03312396670076838,-0.01589496109263351
ETHUSDT,14,7,48,-0.051571227652034514,0.07461781864783051
ETHUSDT,14,7,49,-0.07084164646861348,-0.01599423586499799
ETHUSDT,14,7,50,-0.08749901285945051,0.009181505397841795
ETHUSDT,14,7,51,-0.10283327177350145,-0.046160916623992
ETHUSDT,14,7,52,-0.11225487570935012,-0.07673271806165388
ETHUSDT,14,7,53,-0.11219489834109664,0.008033930818891578
ETHUSDT,14,7,54,-0.10597478900552164,0.013836461696294605
ETHUSDT,14,7,55,-0.11098601653148735,-0.03432206895764705
ETHUSDT,14,7,56,-0.11087168603744585,-0.023175957001294583
ETHUSDT,21,1,1,0.07047359672244534,0.07047359672244533
ETHUSDT,21,1,2,0.09859284865664857,0.09409363950133033
ETHUSDT,21,1,3,0.11346171345550435,0.1019405343712419
ETHUSDT,21,1,4,0.010056576245364107,-0.012211583315929971
ETHUSDT,21,1,5,-0.004282758586889931,-0.024753437962050477
ETHUSDT,21,1,6,0.03295368075869415,0.023784548908667918
ETHUSDT,21,1,7,0.06902562691161666,0.07071016805333263
ETHUSDT,21,1,8,-0.05383333805851958,-0.06521351443032501
ETHUSDT,21,1,9,0.0001025556427674978,-0.012525302833378243
ETHUSDT,21,1,10,-0.0634976724092144,-0.06871285555506854
ETHUSDT,21,1,11,-0.07627174941694345,-0.05523880392416071
ETHUSDT,21,1,12,-0.012463952588868447,0.009565443116049054
ETHUSDT,21,1,13,-0.00425882647983982,0.017036249214468065
ETHUSDT,21,1,14,-0.047021918338327896,-0.03778782750816338
ETHUSDT,21,1,15,-0.03866138793867896,-0.030965252934777417
ETHUSDT,21,1,16,0.023518027537596638,0.033652749555338625
ETHUSDT,21,1,17,-0.13773772781472832,-0.11798761143810423
ETHUSDT,21,1,18,-0.03340600942785512,-0.015778489642305764
ETHUSDT,21,1,19,-0.08624457819274857,-0.08023934570707401
ETHUSDT,21,1,20,-0.0795461680632545,-0.047276601406768315
ETHUSDT,21,1,21,-0.10126647065851514,-0.08199108072552258
ETHUSDT,21,1,22,-0.05524160323417889,-0.03075405826434978
ETHUSDT,21,1,23,-0.05288803644891356,-0.027471522346057473
ETHUSDT,21,1,24,-0.08819375446665567,-0.049908893808093234
ETHUSDT,21,1,25,0.005893072779491653,0.008101110001910142
ETHUSDT,21,1,26,-0.04902319241575168,-0.0285082513186561
ETHUSDT,21,1,27,-0.03287858142937487,-0.03005182254263388
ETHUSDT,21,1,28,0.0827394492412835,0.07852351622638697
ETHUSDT,21,1,29,0.12004800543931354,0.11352009956068118
ETHUSDT,21,1,30,0.08112584970419562,0.05736132283122961
ETHUSDT,21,1,31,0.017892054038025944,-0.04618421662146925
ETHUSDT,21,1,32,0.14506365490337123,0.09391414293720969
ETHUSDT,21,1,33,-0.03275602712558179,-0.050449882433932405
ETHUSDT,21,1,34,0.07152516608752173,0.03683137529695547
ETHUSDT,21,1,35,0.013187160622461872,-0.0406236597930572
ETHUSDT,21,1,36,-0.0013090793387610584,-0.03558324321045005
ETHUSDT,21,1,37,0.07645228053199941,0.06025152005325455
ETHUSDT,21,1,38,0.032888219698099866,0.014752476692120287
ETHUSDT,21,1,39,-0.01292204710680068,-0.0316795562867679
ETHUSDT,21,1,40,-0.047996884851620084,-0.057181519199166114
ETHUSDT,21,1,41,0.04956759789368852,0.0190519729063514
ETHUSDT,21,1,42,-0.0732484202526704,-0.06320165146751423
ETHUSDT,21,1,43,-0.028762803534978044,-0.03183260481998501
ETHUSDT,21,1,44,0.07083849249991066,0.04979016423259195
ETHUSDT,21,1,45,-0.044095521480270405,-0.04302725291138794
ETHUSDT,21,1,46,0.013974803051914737,0.03821847452606911
ETHUSDT,21,1,47,-0.01288513106406321,-2.7390789920881268e-06
ETHUSDT,21,1,48,0.0147336339356014,0.030797590535073197
ETHUSDT,21,1,49,-0.04551286160031228,0.019301791562922974
ETHUSDT,21,1,50,-0.028319435663243946,-0.03801030922999338
ETHUSDT,21,1,51,0.0013972005996580569,0.049698580801680305
ETHUSDT,21,1,52,-0.01778736367043474,0.018104185202762493
ETHUSDT,21,1,53,-0.036987883520566554,-0.023958098986076135
ETHUSDT,21,1,54,0.03262603353077543,0.06558604492729794
ETHUSDT,21,1,55,0.020636761289039424,0.05714223514545709
ETHUSDT,21,1,56,-0.09249359819041013,-0.08347885018577768
ETHUSDT,21,2,1,0.5700518451835607,0.5700518451835607
ETHUSDT,21,2,2,0.16257990830773855,-0.24054720148091546
ETHUSDT,21,2,3,0.1366774715161809,0.24973889838330646
ETHUSDT,21,2,4,0.06058932406403068,-0.1992559152367011
ETHUSDT,21,2,5,0.01891633919868688,0.15004091291378818
ETHUSDT,21,2,6,0.06118465609623086,-0.03458417313859779
ETHUSDT,21,2,7,0.06765350056593779,0.06008022532962635
ETHUSDT,21,2,8,-0.0159871532043386,-0.1344569643025837
ETHUSDT,21,2,9,-0.07587152555952559,0.01154653024420566
ETHUSDT,21,2,10,-0.10609657487589175,-0.11721296289865112
ETHUSDT,21,2,11,-0.1200095917484723,0.021764202031970097
ETHUSDT,21,2,12,-0.06408031934583344,0.0076066179838197075
ETHUSDT,21,2,13,-0.047463882196511244,-0.04844201367135676
ETHUSDT,21,2,14,-0.06007813536670019,0.009737462650984864
ETHUSDT,21,2,15,-0.016736154439654916,0.032847477314147125
ETHUSDT,21,2,16,-0.05258525489766502,-0.1098767952226335
ETHUSDT,21,2,17,-0.13844945251822832,-0.04908054772491588
ETHUSDT,21,2,18,-0.143328896900662,-0.059210379868033666
ETHUSDT,21,2,19,-0.1333100213270258,-0.06085912604205319
ETHUSDT,21,2,20,-0.19159419420295082,-0.13999336291626924
ETHUSDT,21,2,21,-0.19736834509062778,-0.015677342791139456
ETHUSDT,21,2,22,-0.12078105077646879,-0.02610933842257882
ETHUSDT,21,2,23,-0.11537622078508247,-0.05545375107699192
ETHUSDT,21,2,24,-0.10606473096211526,0.01709443005959263
ETHUSDT,21,2,25,-0.0642298935171479,-0.0490208385212296
ETHUSDT,21,2,26,-0.05811882529419428,-0.0008882224763769917
ETHUSDT,21,2,27,-0.009597610918521036,0.039296848970792414
ETHUSDT,21,2,28,0.112663159877392,0.12366780811086665
ETHUSDT,21,2,29,0.17610574039614796,0.02633999604312159
ETHUSDT,21,2,30,0.13499528072833838,-0.010863578448108742
ETHUSDT,21,2,31,0.12412415816296771,0.04467192090751592
ETHUSDT,21,2,32,0.12221037649082514,0.003621727667382165
ETHUSDT,21,2,33,0.06467580425405575,-0.025069388559423266
ETHUSDT,21,2,34,0.062067779409023555,0.02114529083915652
ETHUSDT,21,2,35,0.06363996594418382,-0.05096609417075888
ETHUSDT,21,2,36,0.05656026234560431,0.0608682805041564
ETHUSDT,21,2,37,0.08691285163628906,0.004065397048045444
ETHUSDT,21,2,38,0.06546937432453073,-0.007841527474805396
ETHUSDT,21,2,39,-0.0013266888660666994,-0.05037721618601291
ETHUSDT,21,2,40,-0.00860552435941691,0.01930540409227012
ETHUSDT,21,2,41,0.0054563385453759265,-0.04505602127949617
ETHUSDT,21,2,42,-0.04135539014994304,-0.055089603184972954
ETHUSDT,21,2,43,-0.015609524917117605,0.048346509047337664
ETHUSDT,21,2,44,0.04756355232922025,-0.022938376810888273
ETHUSDT,21,2,45,0.0013372857891150922,-0.007138754798267126
ETHUSDT,21,2,46,-0.024347304214962683,0.02569974038524347
ETHUSDT,21,2,47,0.0018120681273451453,0.009515697365596293
ETHUSDT,21,2,48,-0.014844495768124057,0.03462010185448994
ETHUSDT,21,2,49,-0.06111681104220461,-0.0320905177531275
ETHUSDT,21,2,50,-0.07026378250539747,0.01180358616509084
ETHUSDT,21,2,51,-0.042313222231480596,0.02245928458805393
ETHUSDT,21,2,52,-0.04254613685607101,-0.0026033910130353437
ETHUSDT,21,2,53,-0.027551589308648667,0.042808798085859884
ETHUSDT,21,2,54,0.013196646189370612,0.05719655655019771
ETHUSDT,21,2,55,-0.024753831206112308,-0.06709764065400439
ETHUSDT,21,2,56,-0.0750059226433548,-0.04162452657921602
ETHUSDT,21,3,1,0.7260074646091548,0.7260074646091548
ETHUSDT,21,3,2,0.4461176766311098,-0.17121359407524914
ETHUSDT,21,3,3,0.15218429303532177,-0.224053079097659
ETHUSDT,21,3,4,0.09611034173033739,0.290358886021584
ETHUSDT,21,3,5,0.05902730942599397,-0.0827053005035407
ETHUSDT,21,3,6,0.054988228820482175,-0.0703686878499425
ETHUSDT,21,3,7,0.04413164705561474,0.1184988678201526
ETHUSDT,21,3,8,-0.018872502555061576,-0.1853223066076254
ETHUSDT,21,3,9,-0.09258400111521353,-0.0758966806541328
ETHUSDT,21,3,10,-0.14300040862770694,0.07374720277782729
ETHUSDT,21,3,11,-0.13737245288629696,-0.06354000742203367
ETHUSDT,21,3,12,-0.11696282300075166,-0.03940094406855179
ETHUSDT,21,3,13,-0.0930625502236038,0.03729959233739716
ETHUSDT,21,3,14,-0.05285617419507667,0.03208513437782892
ETHUSDT,21,3,15,-0.05298300107816339,-0.10230609235452803
ETHUSDT,21,3,16,-0.0699407187746166,-0.01663437405569028
ETHUSDT,21,3,17,-0.14983915436699627,-0.1295401713267549
ETHUSDT,21,3,18,-0.171944802523341,-0.007177017628548129
ETHUSDT,21,3,19,-0.23380327188747566,-0.16048015877186753
ETHUSDT,21,3,20,-0.24344692890837147,-0.0657238459305725
ETHUSDT,21,3,21,-0.266680856774272,-0.04033270213884892
ETHUSDT,21,3,22,-0.21337012026776375,-0.0007474050836667174
ETHUSDT,21,3,23,-0.16970860463233364,-0.030064664650088613
ETHUSDT,21,3,24,-0.13346575594698373,-0.04501182492304251
ETHUSDT,21,3,25,-0.10119863844469204,0.02676036340385652
ETHUSDT,21,3,26,-0.05065675088845135,0.034692273140251764
ETHUSDT,21,3,27,0.035434681528277785,0.0674540248918402
ETHUSDT,21,3,28,0.13002877188373874,0.09782762138251196
ETHUSDT,21,3,29,0.17269774994198692,-0.08495745640240349
ETHUSDT,21,3,30,0.19669137672774753,0.07434981966124801
ETHUSDT,21,3,31,0.1579428611744032,-0.015948037582073363
ETHUSDT,21,3,32,0.1535490264070779,0.016984812629348728
ETHUSDT,21,3,33,0.10607402945413232,-0.038752340251989904
ETHUSDT,21,3,34,0.1100977033948623,0.03211974445862037
ETHUSDT,21,3,35,0.09367350961830127,0.02527120782359161
ETHUSDT,21,3,36,0.09268129357879187,-0.04866143700161327
ETHUSDT,21,3,37,0.08642625419145937,0.08084412477217531
ETHUSDT,21,3,38,0.05946090014869637,-0.08103293195038805
ETHUSDT,21,3,39,0.04747466160123653,0.016795100269474235
ETHUSDT,21,3,40,0.005785680689044116,-0.04498651451838745
ETHUSDT,21,3,41,0.0014377554217566036,-0.019314334476344477
ETHUSDT,21,3,42,-0.01503294265847371,-0.029196921491228215
ETHUSDT,21,3,43,0.006464802308064773,0.022642841774570134
ETHUSDT,21,3,44,0.024111867151662813,0.03853083013480028
ETHUSDT,21,3,45,0.008453667421838269,-0.09107227224605767
ETHUSDT,21,3,46,0.008783934953361945,0.10564180375278595
ETHUSDT,21,3,47,-0.02234880750044609,0.00537809190824796
ETHUSDT,21,3,48,-0.027078500995863737,-0.04059783572648272
ETHUSDT,21,3,49,-0.0725044077707892,0.045900957655565164
ETHUSDT,21,3,50,-0.08789359880183907,-0.05865698917426744
ETHUSDT,21,3,51,-0.08459892118459143,0.08472593654986312
ETHUSDT,21,3,52,-0.05369055694399569,0.017752421691934264
ETHUSDT,21,3,53,-0.03328951572773886,-0.011043548808611438
ETHUSDT,21,3,54,-0.03047225340706164,0.01934429198132653
ETHUSDT,21,3,55,-0.04221793098166796,-0.04812822922412475
ETHUSDT,21,3,56,-0.08058973938635043,-0.0530909691634177
ETHUSDT,21,4,1,0.790089583362702,0.7900895833627019
ETHUSDT,21,4,2,0.5707405656365488,-0.14238131987299438
ETHUSDT,21,4,3,0.35031053766701037,-0.14216439105049605
ETHUSDT,21,4,4,0.12272830095513013,-0.1830181042179032
ETHUSDT,21,4,5,0.07636775018460312,0.31746967647798285
ETHUSDT,21,4,6,0.060403564974061075,-0.020628762885186006
ETHUSDT,21,4,7,0.022903210580282263,-0.15797508385580972
ETHUSDT,21,4,8,-0.04612799993487938,-0.23543432760177846
ETHUSDT,21,4,9,-0.09208095152340658,0.19465399062778416
ETHUSDT,21,4,10,-0.14351289770022363,-0.01995390442208348
ETHUSDT,21,4,11,-0.17685601739107137,-0.11004903413629787
ETHUSDT,21,4,12,-0.14447250359643687,-0.03246440891317715
ETHUSDT,21,4,13,-0.10696818804333441,0.14509069837408167
ETHUSDT,21,4,14,-0.0892208902853747,-0.07354613105339143
ETHUSDT,21,4,15,-0.06374677935748388,-0.0666256999817717
ETHUSDT,21,4,16,-0.09324141080164823,-0.14781734110772468
ETHUSDT,21,4,17,-0.14747383549613496,0.024949713809136256
ETHUSDT,21,4,18,-0.2164528939511074,-0.18370416452415012
ETHUSDT,21,4,19,-0.2735204174542393,-0.055072554962525756
ETHUSDT,21,4,20,-0.30583367704908093,-0.09089170984374303
ETHUSDT,21,4,21,-0.3233650566684875,-0.018572255361929958
ETHUSDT,21,4,22,-0.27223005004977135,0.02239019690055996
ETHUSDT,21,4,23,-0.23778058738783647,-0.05922878751187405
ETHUSDT,21,4,24,-0.18674476656206002,-0.00606921271100024
ETHUSDT,21,4,25,-0.10740101022491835,0.07518912513563353
ETHUSDT,21,4,26,-0.044224831950087654,0.057623939984905434
ETHUSDT,21,4,27,0.04814529038572854,0.05791042583356833
ETHUSDT,21,4,28,0.13347642844083535,-0.013206782874894237
ETHUSDT,21,4,29,0.18970069870650505,0.011168112074088292
ETHUSDT,21,4,30,0.20184579674890474,-0.04471824122063614
ETHUSDT,21,4,31,0.19292514756384527,0.03964773887278498
ETHUSDT,21,4,32,0.1819179027925537,0.03722492103765634
ETHUSDT,21,4,33,0.1402889274555661,-0.06975081416162936
ETHUSDT,21,4,34,0.1446920022850839,0.07526773183530693
ETHUSDT,21,4,35,0.13900351921431894,0.004607603909991027
ETHUSDT,21,4,36,0.10995807135062244,0.003532523278687328
ETHUSDT,21,4,37,0.10827810258118695,-0.03317200449258864
ETHUSDT,21,4,38,0.0901767677821044,0.04941527530618872
ETHUSDT,21,4,39,0.057148968715709014,-0.079109293768033
ETHUSDT,21,4,40,0.03703393540280179,-0.03789790790284424
ETHUSDT,21,4,41,0.037165962919803085,0.028527163154913687
ETHUSDT,21,4,42,0.01027813630917459,-0.060727090705506616
ETHUSDT,21,4,43,0.015166472226176337,0.037708249590103646
ETHUSDT,21,4,44,0.03054923581532727,0.0034733177076582645
ETHUSDT,21,4,45,0.008967388891120361,0.010666237967702668
ETHUSDT,21,4,46,0.004735197381600112,0.03382596635306397
ETHUSDT,21,4,47,-0.021106092311498743,-0.04412400791140917
ETHUSDT,21,4,48,-0.05411810544058021,0.07127419107591046
ETHUSDT,21,4,49,-0.08469724278470468,-0.05016870671491986
ETHUSDT,21,4,50,-0.10837865144866063,-0.010059110578074522
ETHUSDT,21,4,51,-0.09454885526863223,0.08361417619827798
ETHUSDT,21,4,52,-0.0870241605495659,0.015479941035096006
ETHUSDT,21,4,53,-0.0786707476874079,-0.07562550217285646
ETHUSDT,21,4,54,-0.05531146150158241,0.01863998250538826
ETHUSDT,21,4,55,-0.07647594398105197,-0.003883944445197622
ETHUSDT,21,4,56,-0.09151172278288709,-0.04106648497544702
ETHUSDT,21,5,1,0.8237732481337905,0.8237732481337906
ETHUSDT,21,5,2,0.6450399721630066,-0.10442638169711801
ETHUSDT,21,5,3,0.46575728770643415,-0.1103341148089111
ETHUSDT,21,5,4,0.27403919737988425,-0.16189795233639226
ETHUSDT,21,5,5,0.09313416971031364,-0.11515919207111817
ETHUSDT,21,5,6,0.06167647342248739,0.3294256801523427
ETHUSDT,21,5,7,0.017341486602446443,-0.11963982454322798
ETHUSDT,21,5,8,-0.054360710611878596,-0.20063794357230377
ETHUSDT,21,5,9,-0.08904261672316079,-0.008310307269196883
ETHUSDT,21,5,10,-0.14022134156283908,-0.12731546534904395
ETHUSDT,21,5,11,-0.17687005278071535,0.17797450251915253
ETHUSDT,21,5,12,-0.16551567597530456,0.05044764834596094
ETHUSDT,21,5,13,-0.143602973083981,-0.14333907231960746
ETHUSDT,21,5,14,-0.12589012489869786,0.011567878001382198
ETHUSDT,21,5,15,-0.10902181804177424,-0.11672235226385165
ETHUSDT,21,5,16,-0.1139103778284946,-0.0004543201181527553
ETHUSDT,21,5,17,-0.19644938183024263,-0.21643402257809644
ETHUSDT,21,5,18,-0.24070424976154686,-0.013928185973846256
ETHUSDT,21,5,19,-0.29767694712405246,-0.08640842105456799
ETHUSDT,21,5,20,-0.3460360457806759,-0.09416568332498107
ETHUSDT,21,5,21,-0.3670959529298704,-0.010788431753862938
ETHUSDT,21,5,22,-0.31871622068870187,0.004209316815427059
ETHUSDT,21,5,23,-0.2853508700178254,-0.0048020834973469435
ETHUSDT,21,5,24,-0.2237239239098676,0.044902736666607684
ETHUSDT,21,5,25,-0.12225818642005054,0.061936087118897254
ETHUSDT,21,5,26,-0.030389858458358652,0.04943933333391585
ETHUSDT,21,5,27,0.042497890037608545,-0.021729077835690617
ETHUSDT,21,5,28,0.13976466324521467,0.09432379078310918
ETHUSDT,21,5,29,0.1872876349653364,-0.10805771211015
ETHUSDT,21,5,30,0.20795244235938892,0.04496305895260976
ETHUSDT,21,5,31,0.20665810742401036,-0.05267193169409817
ETHUSDT,21,5,32,0.20908287793723238,0.05198543539667308
ETHUSDT,21,5,33,0.17492001635407037,0.044427710500787775
ETHUSDT,21,5,34,0.17599292696281196,-0.006597957670886826
ETHUSDT,21,5,35,0.16278344396149028,0.024127943817224544
ETHUSDT,21,5,36,0.1385072562258198,-0.06672448023655321
ETHUSDT,21,5,37,0.13149481748562408,0.09882605898981134
ETHUSDT,21,5,38,0.11020407527837806,-0.09523841584137649
ETHUSDT,21,5,39,0.07827066631548966,-0.006001417006676204
ETHUSDT,21,5,40,0.06301858915770565,0.0024755403343099543
ETHUSDT,21,5,41,0.0651869062971806,-0.0630428310643432
ETHUSDT,21,5,42,0.030080740074107923,-0.023123827745429624
ETHUSDT,21,5,43,0.026103617963498776,0.02940467694861456
ETHUSDT,21,5,44,0.037656963546999,0.05595119168852261
ETHUSDT,21,5,45,0.012223046248319111,0.007580650882480742
ETHUSDT,21,5,46,-0.012918477382892318,-0.027201899967653355
ETHUSDT,21,5,47,-0.028984619488894445,0.026271487363815575
ETHUSDT,21,5,48,-0.05348751540365791,-0.0043093085941552
ETHUSDT,21,5,49,-0.10794353440215246,-0.01117286059908278
ETHUSDT,21,5,50,-0.10863680348792677,0.03765192333536462
ETHUSDT,21,5,51,-0.1074846503535547,0.03956059102702292
ETHUSDT,21,5,52,-0.11174609289465504,-0.05319135236583156
ETHUSDT,21,5,53,-0.1067817319461905,-0.024908621675108027
ETHUSDT,21,5,54,-0.09167515445325608,0.00817669587535467
ETHUSDT,21,5,55,-0.09366631424486759,-0.004056319720478171
ETHUSDT,21,5,56,-0.09815429369370657,0.005643362973792079
ETHUSDT,21,6,1,0.8605365853017773,0.8605365853017771
ETHUSDT,21,6,2,0.7119714801921817,-0.11003579534624297
ETHUSDT,21,6,3,0.55074726785097,-0.13520142725779383
ETHUSDT,21,6,4,0.3883078214566939,-0.10669050154690404
ETHUSDT,21,6,5,0.22140978730000774,-0.133214992868021
ETHUSDT,21,6,6,0.06681076460803734,-0.08604755144734677
ETHUSDT,21,6,7,0.01643140009524306,0.2841128408437273
ETHUSDT,21,6,8,-0.04976455687193654,-0.1675769743836202
ETHUSDT,21,6,9,-0.10436733151587807,-0.07785000097700638
ETHUSDT,21,6,10,-0.14765852871659693,-0.045311533526974576
ETHUSDT,21,6,11,-0.15948493301664005,0.01936956796513065
ETHUSDT,21,6,12,-0.17446745342596323,-0.07442938013894683
ETHUSDT,21,6,13,-0.17278782493464526,0.14596546032388052
ETHUSDT,21,6,14,-0.1606226104713668,-0.0969436569376082
ETHUSDT,21,6,15,-0.14415897252483276,-0.02846354480784456
ETHUSDT,21,6,16,-0.18080133066333356,-0.2799201947223767
ETHUSDT,21,6,17,-0.23009087700665598,-0.04451232394575099
ETHUSDT,21,6,18,-0.27703481552931797,-0.10505140556707353
ETHUSDT,21,6,19,-0.3283892640382035,0.025338906099546005
ETHUSDT,21,6,20,-0.3666175487257614,-0.06681765201127281
ETHUSDT,21,6,21,-0.3959418580090667,-0.01792773538917914
ETHUSDT,21,6,22,-0.3612468109057499,-0.012833030428742773
ETHUSDT,21,6,23,-0.30992611578168894,0.06322188603078578
ETHUSDT,21,6,24,-0.23965639142915307,-0.005082710645364892
ETHUSDT,21,6,25,-0.14097351965987148,0.16208800664458312
ETHUSDT,21,6,26,-0.04759300557235807,-0.08075643812455441
ETHUSDT,21,6,27,0.054081564704413006,0.10350034917745368
ETHUSDT,21,6,28,0.13006717384645566,-0.06302510547867358
ETHUSDT,21,6,29,0.185375016037479,-0.009714953168521962
ETHUSDT,21,6,30,0.2154453893297897,-0.08888250440088044
ETHUSDT,21,6,31,0.21896540600874653,0.10093904506900549
ETHUSDT,21,6,32,0.23412071432007478,0.049436770046983484
ETHUSDT,21,6,33,0.21716548912950828,-0.006849007520787128
ETHUSDT,21,6,34,0.20745409246529659,0.025137221369415198
ETHUSDT,21,6,35,0.18275564273635822,-0.04469861000048502
ETHUSDT,21,6,36,0.16795683354677585,0.013016716030374508
ETHUSDT,21,6,37,0.15331151199514248,0.010095635808704947
ETHUSDT,21,6,38,0.11913637444168534,-0.05267743337562184
ETHUSDT,21,6,39,0.10673887537086252,0.02093473630675338
ETHUSDT,21,6,40,0.08560754096135163,-0.061389336629647705
ETHUSDT,21,6,41,0.07976725789560506,0.01361793117276063
ETHUSDT,21,6,42,0.05280717998443749,-0.09762366915487565
ETHUSDT,21,6,43,0.04705606289146275,0.13291414413543937
ETHUSDT,21,6,44,0.03771894431469961,-0.009900063641011965
ETHUSDT,21,6,45,0.002367235568405912,-0.033449176028058074
ETHUSDT,21,6,46,-0.0204603672642116,0.08626864512530191
ETHUSDT,21,6,47,-0.04790895692128166,-0.04350373699771489
ETHUSDT,21,6,48,-0.06792953642973171,0.002047759398571046
ETHUSDT,21,6,49,-0.10009870223652337,0.021264362776805164
ETHUSDT,21,6,50,-0.12290637815946637,-0.02682678746700239
ETHUSDT,21,6,51,-0.1257486078824155,0.01648011101013893
ETHUSDT,21,6,52,-0.1263489421876613,0.004120931747163902
ETHUSDT,21,6,53,-0.13281392418961196,-0.022680660470087353
ETHUSDT,21,6,54,-0.12253827157688445,-0.002588534405363981
ETHUSDT,21,6,55,-0.10891042804454935,0.012965513889000661
ETHUSDT,21,6,56,-0.10009937828754466,-0.04212621592087415
ETHUSDT,21,7,1,0.8836479711242656,0.8836479711242655
ETHUSDT,21,7,2,0.7547149211914836,-0.1191735229125859
ETHUSDT,21,7,3,0.6188965497486199,-0.10263849263025532
ETHUSDT,21,7,4,0.4658279214485798,-0.16199963619012872
ETHUSDT,21,7,5,0.3134340305367155,-0.0956121251950612
ETHUSDT,21,7,6,0.1733425952752753,-0.055078361547378794
ETHUSDT,21,7,7,0.035795273421436076,-0.1063887091694252
ETHUSDT,21,7,8,-0.05081147270189817,0.11409114765130292
ETHUSDT,21,7,9,-0.10145288602015758,0.05260160873980233
ETHUSDT,21,7,10,-0.14115255782906921,-0.045029778383182784
ETHUSDT,21,7,11,-0.16897897231919903,-0.05899311759846207
ETHUSDT,21,7,12,-0.17412992096203556,0.006360590649812876
ETHUSDT,21,7,13,-0.1895596898250663,-0.11270656292753782
ETHUSDT,21,7,14,-0.199752251933085,-0.04744386129475754
ETHUSDT,21,7,15,-0.2094549160112051,-0.03823388154397513
ETHUSDT,21,7,16,-0.23890759383140542,-0.10761151213869166
ETHUSDT,21,7,17,-0.28705147240687684,-0.14508556758837576
ETHUSDT,21,7,18,-0.3213241793229537,-0.01946097276806531
ETHUSDT,21,7,19,-0.3637224595748938,-0.08921844948728141
ETHUSDT,21,7,20,-0.3959981827119582,-0.04584578715405866
ETHUSDT,21,7,21,-0.40956665884938415,-0.022950815815450866
ETHUSDT,21,7,22,-0.3693636167579274,0.19432067891666988
ETHUSDT,21,7,23,-0.31619028686275114,-0.006772438363246128
ETHUSDT,21,7,24,-0.2384937960960037,0.019221880729690742
ETHUSDT,21,7,25,-0.14720729028522492,0.033104654618697285
ETHUSDT,21,7,26,-0.05414011821263424,-0.0005311533701212594
ETHUSDT,21,7,27,0.04124437646064912,0.00998855949018698
ETHUSDT,21,7,28,0.12921073691423746,0.003556399862969302
ETHUSDT,21,7,29,0.17780404374610684,-0.04776161693267339
ETHUSDT,21,7,30,0.20968771648185117,-0.010596419160897687
ETHUSDT,21,7,31,0.2322927438995838,0.03720816534457532
ETHUSDT,21,7,32,0.2515973517799201,0.10232594413994396
ETHUSDT,21,7,33,0.24193364738959833,-0.06022657087866611
ETHUSDT,21,7,34,0.23876234034914143,0.061769609651081046
ETHUSDT,21,7,35,0.22062059720060803,-0.009161198961348756
ETHUSDT,21,7,36,0.19629210005838124,-0.039943050506077694
ETHUSDT,21,7,37,0.18224039110538262,-0.007155023093153846
ETHUSDT,21,7,38,0.16249852113447721,-0.05001538546050251
ETHUSDT,21,7,39,0.13654842635451134,0.0035270390629479694
ETHUSDT,21,7,40,0.12042312050215899,-0.02705934103496586
ETHUSDT,21,7,41,0.1082997441994233,0.0502477282012399
ETHUSDT,21,7,42,0.08267657851696282,-0.05157959627501183
ETHUSDT,21,7,43,0.06627143299817208,0.07106048611336764
ETHUSDT,21,7,44,0.03888733909092242,-0.030904293471782012
ETHUSDT,21,7,45,-0.004652724643074374,-0.017557516444756886
ETHUSDT,21,7,46,-0.03751432988454021,0.029128175223495763
ETHUSDT,21,7,47,-0.06526588254677723,0.0256570795028016
ETHUSDT,21,7,48,-0.08931032163087578,0.057745933262070843
ETHUSDT,21,7,49,-0.11664988859457155,-0.06720516038389003
ETHUSDT,21,7,50,-0.1390341736987442,-0.050522942281246624
ETHUSDT,21,7,51,-0.15465001234037443,0.019708373828694756
ETHUSDT,21,7,52,-0.15968809192418632,-0.01786728718918257
ETHUSDT,21,7,53,-0.15895977081114882,0.01886269542219457
ETHUSDT,21,7,54,-0.1459343250727602,0.04755058923645372
ETHUSDT,21,7,55,-0.13183480433688485,0.013966059408665809
ETHUSDT,21,7,56,-0.11897044959740032,-0.05885485312516619
ETHUSDT,28,1,1,0.08504350259979244,0.08504350259979246
ETHUSDT,28,1,2,0.09324957951606083,0.08664382474877874
ETHUSDT,28,1,3,0.07716488794256603,0.06348553298799539
ETHUSDT,28,1,4,-0.014725252265221523,-0.033946600529439194
ETHUSDT,28,1,5,-0.03159335987492585,-0.04109287584621301
ETHUSDT,28,1,6,0.0028324654613353616,0.007603279801630714
ETHUSDT,28,1,7,0.059911043464921473,0.0706713968174277
ETHUSDT,28,1,8,-0.06913439989201124,-0.07660344173729752
ETHUSDT,28,1,9,-0.0330421709358192,-0.037645367032590055
ETHUSDT,28,1,10,-0.0900518062647635,-0.08519036617152521
ETHUSDT,28,1,11,-0.07242165391269755,-0.040258548949384826
ETHUSDT,28,1,12,-0.03248972370218969,-0.002242573268524234
ETHUSDT,28,1,13,-0.002022607876080948,0.016360463995679912
ETHUSDT,28,1,14,-0.034255313729201826,-0.03676142478893933
ETHUSDT,28,1,15,-0.006615338474339062,-0.0008381296461464596
ETHUSDT,28,1,16,0.06093878523837443,0.06422093813139389
ETHUSDT,28,1,17,-0.045127569872890315,-0.04180731508387964
ETHUSDT,28,1,18,-0.007576759505928502,-0.01797582490824435
ETHUSDT,28,1,19,-0.06657286811033732,-0.08348413468560546
ETHUSDT,28,1,20,-0.07452349508142328,-0.06985603845087178
ETHUSDT,28,1,21,-0.06296923571428044,-0.042729457525909266
ETHUSDT,28,1,22,-0.07002476609781107,-0.056608116674595345
ETHUSDT,28,1,23,-0.08559350482067726,-0.08065262255183288
ETHUSDT,28,1,24,-0.10791494354002244,-0.08825237217230124
ETHUSDT,28,1,25,-0.035226531781857695,-0.016860475741881334
ETHUSDT,28,1,26,-0.060035392440702544,-0.0250948358595309
ETHUSDT,28,1,27,0.014049084888307004,0.028407466226641524
ETHUSDT,28,1,28,0.04195753032791245,0.026694621770304357
ETHUSDT,28,1,29,0.10970378248951122,0.08720796815169841
ETHUSDT,28,1,30,0.07743021373461273,0.04498009699058187
ETHUSDT,28,1,31,0.01538428868618966,-0.034832081443298406
ETHUSDT,28,1,32,0.14449605535614102,0.09972736562747989
ETHUSDT,28,1,33,-0.010397507974422316,-0.05057644164434312
ETHUSDT,28,1,34,0.09075653173266938,0.04955279594709412
ETHUSDT,28,1,35,0.020952308464530334,-0.01762866967449363
ETHUSDT,28,1,36,-0.022580829484593553,-0.05359683149110636
ETHUSDT,28,1,37,0.06511332192464106,0.0700147673187635
ETHUSDT,28,1,38,0.013237528644400042,0.024104173899162192
ETHUSDT,28,1,39,-0.022073538187186784,-0.02420627553361283
ETHUSDT,28,1,40,-0.05138196533603614,-0.035441169236677485
ETHUSDT,28,1,41,0.012210608009904684,0.006200572382727443
ETHUSDT,28,1,42,-0.08526736126716668,-0.0644908988625182
ETHUSDT,28,1,43,-0.018059833212313917,-0.013050191961453444
ETHUSDT,28,1,44,0.062342753282768955,0.04864153399871749
ETHUSDT,28,1,45,-0.020784591246462786,-0.05478425330045396
ETHUSDT,28,1,46,0.04117657286964125,0.03634304468661003
ETHUSDT,28,1,47,-0.007069754581555252,-0.022304258290964975
ETHUSDT,28,1,48,0.015052800662460578,0.014392689318773829
ETHUSDT,28,1,49,-0.023609819672102947,0.013202430131712925
ETHUSDT,28,1,50,-0.010981550382628404,-0.03182229182304952
ETHUSDT,28,1,51,0.017795776916981167,0.05514882497092215
ETHUSDT,28,1,52,-0.021993026073583787,0.015544879574683885
ETHUSDT,28,1,53,-0.055507272037015075,-0.04634265416317708
ETHUSDT,28,1,54,0.023839581540994713,0.07169066771382639
ETHUSDT,28,1,55,0.009072141950337962,0.04180941841089382
ETHUSDT,28,1,56,-0.0959009074064579,-0.07998032499335363
ETHUSDT,28,2,1,0.5722667516994084,0.5722667516994082
ETHUSDT,28,2,2,0.16389021063070547,-0.24326603083351006
ETHUSDT,28,2,3,0.10091038328474258,0.1952211045096368
ETHUSDT,28,2,4,0.009133698316057903,-0.1914893371889714
ETHUSDT,28,2,5,-0.023242400719374234,0.11803494399275952
ETHUSDT,28,2,6,0.01748087624423929,-0.03374187032786258
ETHUSDT,28,2,7,0.04284128376361804,0.06740397409694955
ETHUSDT,28,2,8,-0.02038016877326373,-0.13196898739413115
ETHUSDT,28,2,9,-0.10144341814268489,-0.032075691721834734
ETHUSDT,28,2,10,-0.13323144467838932,-0.08220274637298641
ETHUSDT,28,2,11,-0.13021170676705143,-0.003911302725212538
ETHUSDT,28,2,12,-0.0835027064061599,0.004914431841134517
ETHUSDT,28,2,13,-0.04866016838885172,-0.025136058696742555
ETHUSDT,28,2,14,-0.05603313430944671,-0.03928965690135707
ETHUSDT,28,2,15,-0.005914735909472731,0.08326383671160068
ETHUSDT,28,2,16,0.01020080773204624,-0.05707180523962251
ETHUSDT,28,2,17,-0.0397896529928375,-0.014130755020801451
ETHUSDT,28,2,18,-0.07913769882712704,-0.08799270397090868
ETHUSDT,28,2,19,-0.11611933020006851,-0.06604132647388833
ETHUSDT,28,2,20,-0.13460421311288231,-0.060655110876360406
ETHUSDT,28,2,21,-0.12739652778305743,-0.03987164799941909
ETHUSDT,28,2,22,-0.12992092404149508,-0.08821770263139966
ETHUSDT,28,2,23,-0.1597111087177675,-0.09687506221640033
ETHUSDT,28,2,24,-0.1578582897990301,-0.035644181076717886
ETHUSDT,28,2,25,-0.11066648691221147,-0.012206017327386307
ETHUSDT,28,2,26,-0.04399814066214488,0.039881504623514606
ETHUSDT,28,2,27,-0.016000306709671886,-0.05384545072737222
ETHUSDT,28,2,28,0.09544102491655868,0.18337863253731643
ETHUSDT,28,2,29,0.18961669203294484,0.003190609667138363
ETHUSDT,28,2,30,0.1279510061368806,-0.0060945805765892655
ETHUSDT,28,2,31,0.12299196116246304,0.07172532766178
ETHUSDT,28,2,32,0.1408964015497986,-0.014312951292709146
ETHUSDT,28,2,33,0.10232451657776741,0.009039152423821382
ETHUSDT,28,2,34,0.09805669754281544,0.03133521269195924
ETHUSDT,28,2,35,0.06621280742152935,-0.07377968803035609
ETHUSDT,28,2,36,0.04143000167436356,0.050505845915298685
ETHUSDT,28,2,37,0.07169456095411122,0.04565527080142226
ETHUSDT,28,2,38,0.04302035336409479,-0.028940995659730004
ETHUSDT,28,2,39,-0.02359348893437718,-0.025471894627255093
ETHUSDT,28,2,40,-0.03908914101554752,0.010675557590710424
ETHUSDT,28,2,41,-0.03413986129264653,-0.047770655248648056
ETHUSDT,28,2,42,-0.06052889679478527,-0.024713223860133138
ETHUSDT,28,2,43,-0.030511163385389034,0.03823759677302228
ETHUSDT,28,2,44,0.04054508829388024,-0.01655871431760759
ETHUSDT,28,2,45,0.031072291535806606,-0.006551954232106443
ETHUSDT,28,2,46,0.012777931463069145,0.012909335251611682
ETHUSDT,28,2,47,0.007726746295582043,-0.01586423442491329
ETHUSDT,28,2,48,-0.022256870371444807,0.009840982713241313
ETHUSDT,28,2,49,-0.03324721317301905,0.004802182235792666
ETHUSDT,28,2,50,-0.02895023049857247,-0.004048527261175127
ETHUSDT,28,2,51,-0.025989368126085786,0.047295773318916184
ETHUSDT,28,2,52,-0.04817170951460725,-0.03949211669027538
ETHUSDT,28,2,53,-0.045279898625067753,0.06920943804699412
ETHUSDT,28,2,54,-0.003868973871704837,0.03695707429035281
ETHUSDT,28,2,55,-0.04065947761524011,-0.06381988614237585
ETHUSDT,28,2,56,-0.10786102320538758,-0.04270397445085062
ETHUSDT,28,3,1,0.7246616839818845,0.7246616839818845
ETHUSDT,28,3,2,0.42763833310073546,-0.2053133669971719
ETHUSDT,28,3,3,0.11840988622608933,-0.23376085655430326
ETHUSDT,28,3,4,0.03758786291048584,0.25518960654593564
ETHUSDT,28,3,5,0.008870036012031311,-0.04771120075526074
ETHUSDT,28,3,6,0.01592512634918556,-0.07776888240085929
ETHUSDT,28,3,7,0.04139417771553423,0.1431419433908207
ETHUSDT,28,3,8,-0.025244435202198316,-0.2307349638120243
ETHUSDT,28,3,9,-0.09612451802654164,-0.05767948467696182
ETHUSDT,28,3,10,-0.1699517566684545,0.0502239891886253
ETHUSDT,28,3,11,-0.16179778786801768,-0.05607003151270605
ETHUSDT,28,3,12,-0.1433156452392519,-0.047731831699826234
ETHUSDT,28,3,13,-0.10697553139090976,0.02630964794371555
ETHUSDT,28,3,14,-0.0650581438249434,0.008677967827657297
ETHUSDT,28,3,15,-0.044255752004091806,-0.040042818754007774
ETHUSDT,28,3,16,-0.025667406618197598,0.0329811779697039
ETHUSDT,28,3,17,-0.07608459231705997,-0.1401623680750463
ETHUSDT,28,3,18,-0.11477391847495923,-0.05886050660784561
ETHUSDT,28,3,19,-0.16347999468310723,-0.019746010309926825
ETHUSDT,28,3,20,-0.17545950915376265,-0.0990038447670854
ETHUSDT,28,3,21,-0.16672632623328246,-0.018918787253807905
ETHUSDT,28,3,22,-0.18059598474439328,-0.1242282237624745
ETHUSDT,28,3,23,-0.18521633237749954,-0.07738661699134271
ETHUSDT,28,3,24,-0.1895719671440491,0.024731276191423027
ETHUSDT,28,3,25,-0.12544594344573304,0.0421786499713409
ETHUSDT,28,3,26,-0.08761348806122925,-0.10493580094623851
ETHUSDT,28,3,27,0.02035356167626997,0.18606637158933714
ETHUSDT,28,3,28,0.11307036438102754,0.0694998127987846
ETHUSDT,28,3,29,0.18645620416158024,-0.08398967932651437
ETHUSDT,28,3,30,0.20510335739200267,0.13206792697253694
ETHUSDT,28,3,31,0.16958552118889242,-0.05224887914664827
ETHUSDT,28,3,32,0.1839707157400689,0.04628162626568369
ETHUSDT,28,3,33,0.1414029037288937,-0.00829074609245013
ETHUSDT,28,3,34,0.13646769939335907,-0.026786978759001864
ETHUSDT,28,3,35,0.1020298294068777,0.027227180173059945
ETHUSDT,28,3,36,0.08849659301668232,-0.021246463404949834
ETHUSDT,28,3,37,0.08135692923632405,0.06599554176062605
ETHUSDT,28,3,38,0.038751165433516005,-0.056546871930510105
ETHUSDT,28,3,39,0.008619628023562762,-0.027730926942555606
ETHUSDT,28,3,40,-0.04531793281659199,0.0017677083745081432
ETHUSDT,28,3,41,-0.047783380851382125,-0.014554608904476731
ETHUSDT,28,3,42,-0.054643277267566105,-0.003934878957759969
ETHUSDT,28,3,43,-0.020637232129929038,0.0008025576335037766
ETHUSDT,28,3,44,0.01990331106297655,0.05566556162502856
ETHUSDT,28,3,45,0.03346330804391269,-0.059692286837626965
ETHUSDT,28,3,46,0.03220334634240785,0.013821770166171669
ETHUSDT,28,3,47,-0.016394678575053563,0.011356197081146758
ETHUSDT,28,3,48,-0.024460803085533427,-0.0034333400848751434
ETHUSDT,28,3,49,-0.050443059746256284,0.004462757530697345
ETHUSDT,28,3,50,-0.05116677417833303,-0.01576964534004484
ETHUSDT,28,3,51,-0.055518741025239716,0.06710674370005187
ETHUSDT,28,3,52,-0.047184073304504776,0.012464247103203934
ETHUSDT,28,3,53,-0.035859088629217536,-0.00312353363369994
ETHUSDT,28,3,54,-0.04805057586338029,0.022304493811660983
ETHUSDT,28,3,55,-0.07436011487629428,-0.07902770024789628
ETHUSDT,28,3,56,-0.12093713428539794,-0.05560303190748278
ETHUSDT,28,4,1,0.7854064607052033,0.7854064607052036
ETHUSDT,28,4,2,0.5517169397954168,-0.17003427280738242
ETHUSDT,28,4,3,0.3042744683074282,-0.18594109177591933
ETHUSDT,28,4,4,0.0732412609588187,-0.142470372227899
ETHUSDT,28,4,5,0.040879659820783704,0.3474682773706688
ETHUSDT,28,4,6,0.03785021820807128,-0.038815446288133756
ETHUSDT,28,4,7,0.0318042630662729,-0.14694364447004013
ETHUSDT,28,4,8,-0.028330435841259664,-0.252878736467569
ETHUSDT,28,4,9,-0.09482293152481343,0.15297554416611833
ETHUSDT,28,4,10,-0.1595197768926486,-0.0003342483533866251
ETHUSDT,28,4,11,-0.20260433574572964,-0.08592608930817627
ETHUSDT,28,4,12,-0.18954752577831302,-0.11369946200335679
ETHUSDT,28,4,13,-0.14473618943264155,0.145171049488156
ETHUSDT,28,4,14,-0.11400067301413035,-0.04104247650827779
ETHUSDT,28,4,15,-0.08192588902988693,-0.028635611985050515
ETHUSDT,28,4,16,-0.08475465682472784,-0.14478025332828487
ETHUSDT,28,4,17,-0.11962334926497728,0.013147274755837003
ETHUSDT,28,4,18,-0.15732387310026438,-0.07996940247080028
ETHUSDT,28,4,19,-0.19775687852755108,-0.061191022864834486
ETHUSDT,28,4,20,-0.21114530682290358,-0.08429624988487866
ETHUSDT,28,4,21,-0.21080863470920527,-0.007664341480789944
ETHUSDT,28,4,22,-0.20998048518157053,-0.12036572878438581
ETHUSDT,28,4,23,-0.21129162235710708,-0.06765006422124879
ETHUSDT,28,4,24,-0.18184746146078928,0.09011628671476467
ETHUSDT,28,4,25,-0.15328197808872984,-0.0009497072044606196
ETHUSDT,28,4,26,-0.07714264912736232,0.04388338072450051
ETHUSDT,28,4,27,0.026389938822213296,0.034815658992134735
ETHUSDT,28,4,28,0.10913025745670747,0.07290267714329379
ETHUSDT,28,4,29,0.1969199561082204,0.06459223571057177
ETHUSDT,28,4,30,0.21541350754746522,-0.09348035564657341
ETHUSDT,28,4,31,0.2191260715305564,0.041237800084811975
ETHUSDT,28,4,32,0.21267264416367684,0.08678816997974839
ETHUSDT,28,4,33,0.16904592798269066,-0.09106819441205889
ETHUSDT,28,4,34,0.17249924194277952,0.03041643030198963
ETHUSDT,28,4,35,0.1520284125238879,-0.006234393795743433
ETHUSDT,28,4,36,0.11974853749056037,0.022907030783762924
ETHUSDT,28,4,37,0.11240886120059265,0.013764491061010985
ETHUSDT,28,4,38,0.06617168240081502,-0.036431818518449954
ETHUSDT,28,4,39,0.020799233256117492,-0.046883903851027385
ETHUSDT,28,4,40,-0.013502903881562497,0.02228932439835253
ETHUSDT,28,4,41,-0.03027342009296924,0.039016700582202135
ETHUSDT,28,4,42,-0.03917731268893106,-0.06905444328523913
ETHUSDT,28,4,43,-0.015969705043815247,0.05898202647704458
ETHUSDT,28,4,44,0.013833551535280611,0.002069223642109903
ETHUSDT,28,4,45,0.014681497696542294,-0.004042395654369213
ETHUSDT,28,4,46,0.015155481156379812,-0.010105622355164474
ETHUSDT,28,4,47,-0.01520460655917556,-0.026421204806574217
ETHUSDT,28,4,48,-0.04681237491965959,0.03210981980228507
ETHUSDT,28,4,49,-0.06599895224309546,0.026492192267232862
ETHUSDT,28,4,50,-0.08247471172630526,-0.0494496515206682
ETHUSDT,28,4,51,-0.07286992342819179,0.07587035847359828
ETHUSDT,28,4,52,-0.06145226804056989,0.04715733757596445
ETHUSDT,28,4,53,-0.07247510870912613,-0.09840482838955976
ETHUSDT,28,4,54,-0.07487103004056953,0.014764294752365697
ETHUSDT,28,4,55,-0.10622770532592786,-0.051042951116462905
ETHUSDT,28,4,56,-0.13547795799171522,-0.026225580462680146
ETHUSDT,28,5,1,0.8216649841271776,0.8216649841271777
ETHUSDT,28,5,2,0.6302654929963313,-0.13811159936352924
ETHUSDT,28,5,3,0.4344930424056361,-0.12996531069595743
ETHUSDT,28,5,4,0.2365337878083173,-0.14283127419126213
ETHUSDT,28,5,5,0.07635415371328241,-0.036716480587080776
ETHUSDT,28,5,6,0.05339304917696192,0.29005323275973294
ETHUSDT,28,5,7,0.039157346907767766,-0.05943230971119956
ETHUSDT,28,5,8,-0.029876996851887182,-0.28673610969681823
ETHUSDT,28,5,9,-0.08242581317595014,-0.06244626265264019
ETHUSDT,28,5,10,-0.14979544867432978,-0.05517597349094449
ETHUSDT,28,5,11,-0.20060356555404038,0.1471281432224487
ETHUSDT,28,5,12,-0.22049413502219697,0.006205718992373428
ETHUSDT,28,5,13,-0.1951653660553153,-0.10142480217712727
ETHUSDT,28,5,14,-0.17102461001138228,-0.07743535591671326
ETHUSDT,28,5,15,-0.14976537276478077,-0.029105948569351406
ETHUSDT,28,5,16,-0.14119936365533994,0.024401183151700243
ETHUSDT,28,5,17,-0.1799845922075822,-0.13509177517230103
ETHUSDT,28,5,18,-0.20309539946705574,-0.023286147541485433
ETHUSDT,28,5,19,-0.2288347708234329,-0.08618136604479487
ETHUSDT,28,5,20,-0.24989331011741972,-0.07817086812587107
ETHUSDT,28,5,21,-0.25148653891341355,-0.00044979407332566514
ETHUSDT,28,5,22,-0.247036282813638,-0.12910355985281177
ETHUSDT,28,5,23,-0.2203132836204295,0.07505408327173115
ETHUSDT,28,5,24,-0.20866730450656823,-0.07879151157763223
ETHUSDT,28,5,25,-0.1384060251082046,0.13593105098702465
ETHUSDT,28,5,26,-0.05988584877687062,0.0706849181047792
ETHUSDT,28,5,27,0.021595315221828112,-0.05455074351899152
ETHUSDT,28,5,28,0.11700101958967545,0.1265135310973385
ETHUSDT,28,5,29,0.1950736555656383,-0.04354202793768939
ETHUSDT,28,5,30,0.22947316298489523,0.025472363502141153
ETHUSDT,28,5,31,0.2355069479936807,0.01418085438156725
ETHUSDT,28,5,32,0.24283270583842748,-0.01964594675654643
ETHUSDT,28,5,33,0.2086934218932527,-0.005393120032942
ETHUSDT,28,5,34,0.20572290890037476,0.06545110190985896
ETHUSDT,28,5,35,0.18662535886166368,-0.04681981393442658
ETHUSDT,28,5,36,0.15952129875361717,-0.03342296505804137
ETHUSDT,28,5,37,0.13977669581124041,0.08182195315083785
ETHUSDT,28,5,38,0.09630402999124033,-0.08964028367242714
ETHUSDT,28,5,39,0.05015328273881392,0.017962247149117493
ETHUSDT,28,5,40,0.013974989704933412,0.03302574172145287
ETHUSDT,28,5,41,0.0011156715272622548,-0.06161950694665473
ETHUSDT,28,5,42,-0.022686491523972382,0.033239180079302995
ETHUSDT,28,5,43,-0.01253620879426169,0.020427660380502533
ETHUSDT,28,5,44,0.009803575405648515,0.02901968858181625
ETHUSDT,28,5,45,-0.00041026267287954467,-0.027896341213315835
ETHUSDT,28,5,46,-0.013567018687213965,-0.03748674181936032
ETHUSDT,28,5,47,-0.029136472975994785,0.022759424758338757
ETHUSDT,28,5,48,-0.0541031968961257,0.014120191312648482
ETHUSDT,28,5,49,-0.09623772004887415,-0.00887837816419987
ETHUSDT,28,5,50,-0.094158303834739,0.05172461397031613
ETHUSDT,28,5,51,-0.08946415000202926,0.022555208920920593
ETHUSDT,28,5,52,-0.09475533275339561,-0.03409838446916332
ETHUSDT,28,5,53,-0.09991743026369675,-0.042341494834529134
ETHUSDT,28,5,54,-0.10764466640321367,-0.011744892372942699
ETHUSDT,28,5,55,-0.12194552949819915,-0.024285061002046877
ETHUSDT,28,5,56,-0.1432178311402106,0.013474160424191533
ETHUSDT,28,6,1,0.8590847715023487,0.8590847715023489
ETHUSDT,28,6,2,0.7050794358319877,-0.12576549530533354
ETHUSDT,28,6,3,0.5369960973857886,-0.14297319487739024
ETHUSDT,28,6,4,0.3707939084865605,-0.0985401219058079
ETHUSDT,28,6,5,0.21309941813143624,-0.08587000225489518
ETHUSDT,28,6,6,0.07800089581408737,-0.0419885572691633
ETHUSDT,28,6,7,0.043554275913291696,0.2708228701364539
ETHUSDT,28,6,8,-0.027507498537157688,-0.25665541810474424
ETHUSDT,28,6,9,-0.08934626470353405,-0.07852547221128292
ETHUSDT,28,6,10,-0.14869424706659923,-0.07030756977581691
ETHUSDT,28,6,11,-0.1847031835266339,0.01480503214045823
ETHUSDT,28,6,12,-0.21926936464103655,-0.049927611053534056
ETHUSDT,28,6,13,-0.23380275681530313,0.11862860283428908
ETHUSDT,28,6,14,-0.22458482280129352,-0.12313168827648474
ETHUSDT,28,6,15,-0.2084148252058347,0.0013340495076928722
ETHUSDT,28,6,16,-0.20901035258412787,-0.14376745737053234
ETHUSDT,28,6,17,-0.23020642871419525,-0.0763712479713586
ETHUSDT,28,6,18,-0.2442249729509349,-0.04734648432955493
ETHUSDT,28,6,19,-0.2667480042169339,0.0039019004257056043
ETHUSDT,28,6,20,-0.280643540980051,-0.0785698409185007
ETHUSDT,28,6,21,-0.2894248416687374,-0.023473476715533792
ETHUSDT,28,6,22,-0.26874643260586867,-0.03279546365481019
ETHUSDT,28,6,23,-0.25986086610806486,-0.12816280593851584
ETHUSDT,28,6,24,-0.21164832503881442,0.17047479329000895
ETHUSDT,28,6,25,-0.13546755463601984,0.09826248598522994
ETHUSDT,28,6,26,-0.06120125481287001,-0.026912978282653235
ETHUSDT,28,6,27,0.03505138370524604,0.11752611231841378
ETHUSDT,28,6,28,0.11218704633652311,-0.03832436173920602
ETHUSDT,28,6,29,0.19575708185641463,-0.025702517875921756
ETHUSDT,28,6,30,0.23310395195886432,0.038238237800476055
ETHUSDT,28,6,31,0.24483266014120283,-0.04295469884940914
ETHUSDT,28,6,32,0.2655672014254333,0.10009097654953693
ETHUSDT,28,6,33,0.24882670755889172,-0.05330617039944797
ETHUSDT,28,6,34,0.24037998464187585,0.02596944985061506
ETHUSDT,28,6,35,0.21256192344768843,-0.058629559875237824
ETHUSDT,28,6,36,0.1898098267004191,0.020852453648048584
ETHUSDT,28,6,37,0.16710482492248163,0.02225842973342531
ETHUSDT,28,6,38,0.11732402929007889,-0.019061610750511118
ETHUSDT,28,6,39,0.08640436091435379,0.021917172295733377
ETHUSDT,28,6,40,0.04528565608427719,-0.054407229791624906
ETHUSDT,28,6,41,0.026113854045408523,0.029749948661507878
ETHUSDT,28,6,42,0.0013809498821794207,-0.02860228560261698
ETHUSDT,28,6,43,-0.004106632604068718,0.0632628423704621
ETHUSDT,28,6,44,-0.0001456176226629929,0.0007450989694172434
ETHUSDT,28,6,45,-0.01952491153161023,-0.04276862335565752
ETHUSDT,28,6,46,-0.03074234421744438,0.0072851578472732555
ETHUSDT,28,6,47,-0.054188427806516615,-0.0036695947286003606
ETHUSDT,28,6,48,-0.0697301456714261,0.009874105640714267
ETHUSDT,28,6,49,-0.09322237874294034,0.04006435826643839
ETHUSDT,28,6,50,-0.1086955802072799,0.004956417396244251
ETHUSDT,28,6,51,-0.11506321711234348,-0.01212749392417097
ETHUSDT,28,6,52,-0.12137370808724766,0.0023490899598945167
ETHUSDT,28,6,53,-0.13193368359447835,-0.055691254738524154
ETHUSDT,28,6,54,-0.13174354634311064,0.0034683960707512958
ETHUSDT,28,6,55,-0.13599078314926,-0.011425755770467413
ETHUSDT,28,6,56,-0.1385819915118664,-0.043369240898752874
ETHUSDT,28,7,1,0.8856284405085546,0.8856284405085547
ETHUSDT,28,7,2,0.7546821268170619,-0.13750948860117704
ETHUSDT,28,7,3,0.6115502654070885,-0.12733603850414293
ETHUSDT,28,7,4,0.45640829522804177,-0.14041480669398082
ETHUSDT,28,7,5,0.3131463473298121,-0.041655611148328914
ETHUSDT,28,7,6,0.17751761150519724,-0.07370523431178656
ETHUSDT,28,7,7,0.051249545130508785,-0.07520515721135898
ETHUSDT,28,7,8,-0.031817158836067075,0.08053367051386484
ETHUSDT,28,7,9,-0.09489739596899292,-0.02097504616991499
ETHUSDT,28,7,10,-0.14527171800727545,-0.05208285299961526
ETHUSDT,28,7,11,-0.17799553372779442,-0.027240594284710356
ETHUSDT,28,7,12,-0.20380456360509586,-0.046340132189719406
ETHUSDT,28,7,13,-0.2273297337167224,-0.06718078667252778
ETHUSDT,28,7,14,-0.2494008621819929,-0.07124538752483164
ETHUSDT,28,7,15,-0.244188521387222,0.09084250077736677
ETHUSDT,28,7,16,-0.24580531095457944,-0.08160143053961647
ETHUSDT,28,7,17,-0.2530889735865242,-0.08576881373911313
ETHUSDT,28,7,18,-0.2611103168049721,-0.05800364369046031
ETHUSDT,28,7,19,-0.27883013419574826,-0.08990563953463503
ETHUSDT,28,7,20,-0.2899989919437428,-0.03695299793628047
ETHUSDT,28,7,21,-0.3001830111919557,-0.07115216363950431
ETHUSDT,28,7,22,-0.3073395278758813,-0.014629277767174325
ETHUSDT,28,7,23,-0.27620277833186513,0.11806040427004637
ETHUSDT,28,7,24,-0.22507858910372153,0.03716484872897706
ETHUSDT,28,7,25,-0.15705274605740507,0.050288701888312984
ETHUSDT,28,7,26,-0.07721105821467916,0.017301679754180007
ETHUSDT,28,7,27,0.006308271532589892,0.029751429494859392
ETHUSDT,28,7,28,0.09651673626974332,0.05639435367814448
ETHUSDT,28,7,29,0.17175201120482786,-0.009196635549844368
ETHUSDT,28,7,30,0.21534762448751685,-0.05926242317141597
ETHUSDT,28,7,31,0.24667458300384082,0.022293026835479676
ETHUSDT,28,7,32,0.2708884452579166,0.06352681890547564
ETHUSDT,28,7,33,0.2646179481126274,-0.08034652781016986
ETHUSDT,28,7,34,0.26419549215124205,0.0929276983770907
ETHUSDT,28,7,35,0.24231779712817017,-0.05310992594199324
ETHUSDT,28,7,36,0.2149616240597419,0.001399076836360466
ETHUSDT,28,7,37,0.1934929916787225,0.0549803353591603
ETHUSDT,28,7,38,0.15507675425274517,-0.06917537534362243
ETHUSDT,28,7,39,0.11421227928610451,-0.0007476975412278131
ETHUSDT,28,7,40,0.08164731290222471,-0.0005200695449587171
ETHUSDT,28,7,41,0.0546386336014752,0.033289266610261804
ETHUSDT,28,7,42,0.025574012701478962,-0.02781396218221422
ETHUSDT,28,7,43,0.013799851498455513,0.043352339177234765
ETHUSDT,28,7,44,-0.001519867842685115,-0.0368522158864419
ETHUSDT,28,7,45,-0.02351745920856913,-0.03935099985043113
ETHUSDT,28,7,46,-0.03943089184272532,0.04355199179301815
ETHUSDT,28,7,47,-0.06020654282259865,-0.030495573879257484
ETHUSDT,28,7,48,-0.0741448743087851,0.08483962112216491
ETHUSDT,28,7,49,-0.08780543072057524,-0.026795425016228225
ETHUSDT,28,7,50,-0.11271691785631248,-0.030941647414576858
ETHUSDT,28,7,51,-0.13680772217843543,0.013945715684616292
ETHUSDT,28,7,52,-0.14851700087361566,-0.03629730839161366
ETHUSDT,28,7,53,-0.15372954984614395,0.022066992449531433
ETHUSDT,28,7,54,-0.14811144016282163,0.018046801791526245
ETHUSDT,28,7,55,-0.14380007117173085,-0.04826837900343314
ETHUSDT,28,7,56,-0.14761409065321082,-0.06556227740441195
XRPUSDT,7,1,1,0.0612827433256637,0.061282743325663684
XRPUSDT,7,1,2,-0.09321292815599944,-0.09733404806702753
XRPUSDT,7,1,3,-0.08090418870724429,-0.06958909406245573
XRPUSDT,7,1,4,0.07716540510682737,0.07910783134258942
XRPUSDT,7,1,5,0.0752512219988653,0.052748503723624496
XRPUSDT,7,1,6,0.14892010446688192,0.1528149695097073
XRPUSDT,7,1,7,-0.185747897155793,-0.18979844572523014
XRPUSDT,7,1,8,-0.07472421833224356,-0.022444513054117092
XRPUSDT,7,1,9,-0.024666148702436858,-0.042094412436445496
XRPUSDT,7,1,10,-0.021329494432925825,-0.08044267846627519
XRPUSDT,7,1,11,-0.0327374168401198,-0.024812004599564924
XRPUSDT,7,1,12,0.0471371884553083,0.046384059355344724
XRPUSDT,7,1,13,-0.08048197567475973,-0.03365348006661269
XRPUSDT,7,1,14,-0.125350451301151,-0.13328447347075625
XRPUSDT,7,1,15,-0.06609249169892475,-0.0576584556038952
XRPUSDT,7,1,16,0.08825993423053029,0.07482679360663916
XRPUSDT,7,1,17,0.05727509338593248,0.01709251971644001
XRPUSDT,7,1,18,-0.017157869619919552,-0.027835709753881742
XRPUSDT,7,1,19,-0.10593808325660059,-0.04320751476223935
XRPUSDT,7,1,20,-0.04508855969100043,-0.026714030885755632
XRPUSDT,7,1,21,0.02696779530621397,-0.03554567986305429
XRPUSDT,7,1,22,0.0005358665982434142,-0.08175701804919461
XRPUSDT,7,1,23,-0.03865262212952158,-0.020435529928107588
XRPUSDT,7,1,24,-0.04980250142435174,-0.035319225262500316
XRPUSDT,7,1,25,-0.054328548585700145,-0.05640257698815755
XRPUSDT,7,1,26,0.04651166806769028,0.04263192716238921
XRPUSDT,7,1,27,-0.021815105819814922,-0.0567368912159408
XRPUSDT,7,1,28,0.0060980800715814,-0.0023185056704238486
XRPUSDT,7,1,29,0.027287237771575806,0.008282906329010945
XRPUSDT,7,1,30,0.017827670063931638,0.015303922183743348
XRPUSDT,7,1,31,-0.03656310671815063,-0.023236433100188535
XRPUSDT,7,1,32,-0.006195134682728935,-0.05578615403179371
XRPUSDT,7,1,33,-0.004416990288919115,-0.0236940530053657
XRPUSDT,7,1,34,-0.004363891643853326,-0.05700991762793701
XRPUSDT,7,1,35,0.010116063116701681,-0.00650436877510423
XRPUSDT,7,1,36,-0.01150792451414146,-0.014363708399123489
XRPUSDT,7,1,37,-0.0007868428453940472,0.005557142243540071
XRPUSDT,7,1,38,0.03444918422343762,0.013162075181325655
XRPUSDT,7,1,39,-0.04700456587771132,-0.07734150368044038
XRPUSDT,7,1,40,0.006720968778884335,0.025196117724460718
XRPUSDT,7,1,41,0.029199120878413264,0.0036311075358102037
XRPUSDT,7,1,42,0.07225612471232128,0.04870404158225419
XRPUSDT,7,1,43,-0.035927806724113165,-0.04724834372356907
XRPUSDT,7,1,44,-0.026058297672771694,-0.026797162782458406
XRPUSDT,7,1,45,-0.05599262612047274,-0.056517866493261744
XRPUSDT,7,1,46,0.10540867377430901,0.05251757170417055
XRPUSDT,7,1,47,0.012281349379099317,-0.03599607858980865
XRPUSDT,7,1,48,-0.025499910599524382,-0.021160719142628296
XRPUSDT,7,1,49,-0.028851145163569937,0.024825494464472516
XRPUSDT,7,1,50,0.0385565154526161,0.020731225815078337
XRPUSDT,7,1,51,0.08611291257350125,0.09790244195702652
XRPUSDT,7,1,52,-0.05079563204674116,-0.12370201422378725
XRPUSDT,7,1,53,-0.06931502950998328,-0.021779394523745055
XRPUSDT,7,1,54,0.009072018345697305,-0.002839198502465386
XRPUSDT,7,1,55,0.020467880824896274,-0.009313054092966523
XRPUSDT,7,1,56,-0.06572664201166528,-0.08571268412640298
XRPUSDT,7,2,1,0.48180042052808747,0.48180042052808736
XRPUSDT,7,2,2,-0.061439351172191216,-0.3823194360936278
XRPUSDT,7,2,3,-0.04322499006465928,0.27743587733459896
XRPUSDT,7,2,4,0.08053097262931905,-0.09023433193313668
XRPUSDT,7,2,5,0.1782411758446245,0.25344215460623787
XRPUSDT,7,2,6,0.056535970821487695,-0.26889047787453124
XRPUSDT,7,2,7,-0.1606855674716077,0.029435674713060897
XRPUSDT,7,2,8,-0.15412956148216383,-0.09977287998894795
XRPUSDT,7,2,9,-0.07449137463089396,-0.03232255733686353
XRPUSDT,7,2,10,-0.06514173204647813,-0.0734371868198726
XRPUSDT,7,2,11,-0.03218864514019377,0.07600479945076874
XRPUSDT,7,2,12,-0.040859589416712416,-0.07305055813441776
XRPUSDT,7,2,13,-0.1295770855883907,-0.08782840873632697
XRPUSDT,7,2,14,-0.1893490809936283,-0.1305789330461301
XRPUSDT,7,2,15,-0.09588871535236691,0.10467143794475584
XRPUSDT,7,2,16,0.06304262927211222,-0.009130536937922266
XRPUSDT,7,2,17,0.07776781179716512,0.0125462415001014
XRPUSDT,7,2,18,-0.049403738420467753,-0.08758648905016952
XRPUSDT,7,2,19,-0.13795107209463947,-0.01815254137205893
XRPUSDT,7,2,20,-0.07738556719673487,-0.049075003024530314
XRPUSDT,7,2,21,0.0015361342170974505,-0.08014296682743445
XRPUSDT,7,2,22,-0.01427423573468349,-0.03463576639893773
XRPUSDT,7,2,23,-0.05720164817675778,-0.015914153338375963
XRPUSDT,7,2,24,-0.0781819333037469,-0.052967379380025256
XRPUSDT,7,2,25,-0.03185858796650966,0.040037567895788904
XRPUSDT,7,2,26,0.028942923115025377,-0.03905931819961806
XRPUSDT,7,2,27,0.011252102170052647,-0.02198158244773372
XRPUSDT,7,2,28,0.012703406707610543,0.009709081431344972
XRPUSDT,7,2,29,0.0386125862015849,-0.005044832737062795
XRPUSDT,7,2,30,0.007781451185300981,-0.019196307564402465
XRPUSDT,7,2,31,-0.020693536947771103,-0.049396418623575536
XRPUSDT,7,2,32,-0.01775532335493336,-0.040380301233587886
XRPUSDT,7,2,33,-0.011177254497780302,-0.04781607367469386
XRPUSDT,7,2,34,-0.0074198331858383254,-0.036163184938722066
XRPUSDT,7,2,35,-0.0024903253009814293,0.020985771403438495
XRPUSDT,7,2,36,-0.009371164407467653,-0.043868996630555934
XRPUSDT,7,2,37,0.01894180390928718,0.0652207789344139
XRPUSDT,7,2,38,0.0298668130531475,-0.08272985885836484
XRPUSDT,7,2,39,-0.017796906374463503,0.010820030973658228
XRPUSDT,7,2,40,0.00013113679584380724,0.011583900905610081
XRPUSDT,7,2,41,0.07628065447555063,0.055010646429988416
XRPUSDT,7,2,42,0.07218949787266864,-0.052190822315153235
XRPUSDT,7,2,43,-0.005940000008308986,-0.02756551096440446
XRPUSDT,7,2,44,-0.059446980238659915,-0.05951483944675956
XRPUSDT,7,2,45,-0.017431940053974505,0.04171247137463463
XRPUSDT,7,2,46,0.07776692787834276,-0.012329463571101784
XRPUSDT,7,2,47,0.04156031909167976,-0.048403322957607665
XRPUSDT,7,2,48,-0.0454941129789826,0.03274841841736609
XRPUSDT,7,2,49,-0.02575688058926554,0.011191124695983126
XRPUSDT,7,2,50,0.05145254388445353,0.07634249074934978
XRPUSDT,7,2,51,0.0581341593862231,-0.08661391959729368
XRPUSDT,7,2,52,-0.04214428851357876,-0.04404682406355005
XRPUSDT,7,2,53,-0.08594886153376363,-0.015942568221018374
XRPUSDT,7,2,54,-0.020162230582185577,0.001680264714852076
XRPUSDT,7,2,55,-0.011762850072471015,-0.08485940020052467
XRPUSDT,7,2,56,-0.07473398490148685,-0.03646860174181258
XRPUSDT,7,3,1,0.6647210254505083,0.6647210254505082
XRPUSDT,7,3,2,0.29067666015899823,-0.27085635802313324
XRPUSDT,7,3,3,0.03256877956915028,-0.06369072920675954
XRPUSDT,7,3,4,0.13649872018266818,0.4173482219447553
XRPUSDT,7,3,5,0.1155203605843839,-0.3654654140597164
XRPUSDT,7,3,6,0.015021782425035437,-0.048514975118706706
XRPUSDT,7,3,7,-0.14722275576732424,0.08657914926712397
XRPUSDT,7,3,8,-0.1655544708855898,-0.18127978525369776
XRPUSDT,7,3,9,-0.14324000621683422,-0.009324933967923547
XRPUSDT,7,3,10,-0.09582520885223562,0.07081743168883506
XRPUSDT,7,3,11,-0.10835813511757124,-0.11205290040524205
XRPUSDT,7,3,12,-0.1311588191590933,-0.06585956013307251
XRPUSDT,7,3,13,-0.20068913933992266,-0.1160876273260121
XRPUSDT,7,3,14,-0.1921558679383147,0.03886802950632182
XRPUSDT,7,3,15,-0.11024269401157737,0.07915977123695542
XRPUSDT,7,3,16,0.012647919755923494,-0.04310581519046969
XRPUSDT,7,3,17,0.0259856649329433,-0.027153071899929597
XRPUSDT,7,3,18,-0.05387003604234995,-0.08508696349086804
XRPUSDT,7,3,19,-0.13175607207313056,-0.07400691505010246
XRPUSDT,7,3,20,-0.11024890410692532,-0.014209091395307164
XRPUSDT,7,3,21,-0.05641875667251148,-0.06692592119355689
XRPUSDT,7,3,22,-0.044281769289645244,-0.03449593676021722
XRPUSDT,7,3,23,-0.071444626049524,0.027538269111749773
XRPUSDT,7,3,24,-0.06426983476331076,-0.015093859135764802
XRPUSDT,7,3,25,-0.031623139212253765,-0.05779712711769646
XRPUSDT,7,3,26,0.020945367593127248,0.05291656419686205
XRPUSDT,7,3,27,0.0291593302138184,-0.06376974741519435
XRPUSDT,7,3,28,0.04044852216698252,0.011817979559308061
XRPUSDT,7,3,29,0.019877960027247368,-0.003892386117775201
XRPUSDT,7,3,30,0.013560129609317387,-0.055325680381194606
XRPUSDT,7,3,31,-0.00955488650677629,-0.030149107174280425
XRPUSDT,7,3,32,-0.015317545391146164,-0.08194651517247152
XRPUSDT,7,3,33,-0.019410900477566138,-0.002462349567398253
XRPUSDT,7,3,34,-0.020095902237525803,-0.01691245529105516
XRPUSDT,7,3,35,-0.019661333954202893,-0.016329255254276764
XRPUSDT,7,3,36,-0.0015549565229102367,0.04525557639534782
XRPUSDT,7,3,37,0.023952519813962164,-0.013312464512630514
XRPUSDT,7,3,38,0.032704626817991356,-0.04342432452266682
XRPUSDT,7,3,39,0.01750881370206149,0.01331582767005618
XRPUSDT,7,3,40,0.044133208555272765,0.08812801234260666
XRPUSDT,7,3,41,0.06685655108796998,-0.08550985250345886
XRPUSDT,7,3,42,0.0792909370832604,0.002986745246251239
XRPUSDT,7,3,43,0.00336811404546105,-0.08266699082846744
XRPUSDT,7,3,44,-0.019950940713908162,0.033399273540775
XRPUSDT,7,3,45,-0.0072620407842012725,0.019297268492795467
XRPUSDT,7,3,46,0.04658465190721224,-0.0626585035090228
XRPUSDT,7,3,47,0.014449835093685151,0.006661953485841054
XRPUSDT,7,3,48,-0.018720733271129605,0.045537971135958165
XRPUSDT,7,3,49,-0.013308394328579951,0.03782121082251589
XRPUSDT,7,3,50,0.025296579142083584,-0.07071043140415494
XRPUSDT,7,3,51,0.02442993605745278,0.014542181149228782
XRPUSDT,7,3,52,-0.03476381346392982,-0.08789487885571057
XRPUSDT,7,3,53,-0.06756771393898316,0.005718355868238897
XRPUSDT,7,3,54,-0.07057570345274163,-0.045833988071462085
XRPUSDT,7,3,55,-0.06500850935499525,-0.07250335234679932
XRPUSDT,7,3,56,-0.09039345454893756,-0.019038307783935195
XRPUSDT,7,4,1,0.7627019791831512,0.7627019791831514
XRPUSDT,7,4,2,0.5192073915127682,-0.14943594507177219
XRPUSDT,7,4,3,0.3259533337226418,-0.03728812770753664
XRPUSDT,7,4,4,0.09429509163899212,-0.24631492172904723
XRPUSDT,7,4,5,0.04316223799247079,0.27407553416011515
XRPUSDT,7,4,6,-0.008801369671915952,-0.16882133610412633
XRPUSDT,7,4,7,-0.12228847857467647,-0.15313778426990016
XRPUSDT,7,4,8,-0.16278482483986892,-0.032529308610486606
XRPUSDT,7,4,9,-0.1432853674208589,0.20025646790866186
XRPUSDT,7,4,10,-0.16302593337346166,-0.20179482331279028
XRPUSDT,7,4,11,-0.17685358819757274,-0.12677155610481225
XRPUSDT,7,4,12,-0.20381497791141948,-0.07801359055727901
XRPUSDT,7,4,13,-0.24123015900781886,0.10283999033994758
XRPUSDT,7,4,14,-0.20448964488057164,-0.033022994301557994
XRPUSDT,7,4,15,-0.11665617650438503,0.04872450204976401
XRPUSDT,7,4,16,-0.052228993825806175,-0.0375743171906561
XRPUSDT,7,4,17,-0.03614189829868594,-0.0659521196644299
XRPUSDT,7,4,18,-0.05947456804060768,-0.1250447783943361
XRPUSDT,7,4,19,-0.12569650557272774,-0.10242341360772464
XRPUSDT,7,4,20,-0.13812602822113912,0.0658315000053443
XRPUSDT,7,4,21,-0.11496519446365343,-0.02273301624822552
XRPUSDT,7,4,22,-0.11547876145871115,-0.07932709566158347
XRPUSDT,7,4,23,-0.08038362014119226,0.022813374075424563
XRPUSDT,7,4,24,-0.05790762019230423,-0.0029135715512184886
XRPUSDT,7,4,25,-0.03616849541504699,-0.02061156327456825
XRPUSDT,7,4,26,0.019043278312889246,-0.032944072808859436
XRPUSDT,7,4,27,0.037277723114323556,-0.014074079271703151
XRPUSDT,7,4,28,0.04286915239343247,0.06223043972327706
XRPUSDT,7,4,29,0.04112667351087685,-0.06725635111968026
XRPUSDT,7,4,30,0.01877393561782673,-0.06732021391986118
XRPUSDT,7,4,31,0.009284135032685537,-0.042487468619385974
XRPUSDT,7,4,32,-0.007387112112985992,-0.05588815551105504
XRPUSDT,7,4,33,-0.01633539565476647,0.011050484856408749
XRPUSDT,7,4,34,-0.02444756659111144,-0.036694164320580765
XRPUSDT,7,4,35,-0.01924497349898076,0.06007008130643514
XRPUSDT,7,4,36,-0.005309001436188706,-0.03630955976766796
XRPUSDT,7,4,37,0.016377235708700477,0.035102990144004885
XRPUSDT,7,4,38,0.041124414633637356,-0.03754648393510902
XRPUSDT,7,4,39,0.05412557858189417,0.02961498937434862
XRPUSDT,7,4,40,0.061344292685971025,-0.03318391232972553
XRPUSDT,7,4,41,0.06144108224363435,0.012747041212000288
XRPUSDT,7,4,42,0.04411372020926703,-0.07552925560644418
XRPUSDT,7,4,43,0.024879299258581077,0.01328575894532029
XRPUSDT,7,4,44,0.008637610602475821,-0.056284577737887795
XRPUSDT,7,4,45,-0.001740551888168268,0.049645849616489726
XRPUSDT,7,4,46,0.006976850072372697,-0.016567313810761746
XRPUSDT,7,4,47,-0.005900288431521124,-0.04546732891081416
XRPUSDT,7,4,48,-0.007122294622412943,0.05705737619266334
XRPUSDT,7,4,49,-0.007434665545716208,-0.017834063050118205
XRPUSDT,7,4,50,-0.00889038676950126,0.033337715330708874
XRPUSDT,7,4,51,-0.007406006912135704,-0.10989511517753792
XRPUSDT,7,4,52,-0.03378877351845205,-0.03149227548484395
XRPUSDT,7,4,53,-0.06453494771943596,-0.04638755776439836
XRPUSDT,7,4,54,-0.09045295445634945,-0.02416291959304923
XRPUSDT,7,4,55,-0.10428657386595318,-0.07030696383023294
XRPUSDT,7,4,56,-0.11665434810706522,-0.0556884385685811
XRPUSDT,7,5,1,0.8327345332430036,0.8327345332430036
XRPUSDT,7,5,2,0.6648724118039232,-0.09321185137744761
XRPUSDT,7,5,3,0.46067604533577444,-0.22038693443991386
XRPUSDT,7,5,4,0.23787412326020121,-0.20730158969985024
XRPUSDT,7,5,5,0.03713316778569263,-0.09718581642481597
XRPUSDT,7,5,6,-0.03383724479893688,0.293722893537276
XRPUSDT,7,5,7,-0.1305989073844768,-0.1923269042956482
XRPUSDT,7,5,8,-0.16039053773347772,0.0018682059224484403
XRPUSDT,7,5,9,-0.20041554543078746,-0.1968257972988351
XRPUSDT,7,5,10,-0.23198382350532687,-0.0517887146050977
XRPUSDT,7,5,11,-0.25769245419041575,0.061959143476459234
XRPUSDT,7,5,12,-0.25056554904755335,-0.032560811656040765
XRPUSDT,7,5,13,-0.24160840939603737,0.039207031599519035
XRPUSDT,7,5,14,-0.18852118638233278,-0.029754378105171272
XRPUSDT,7,5,15,-0.14017024630507632,-0.02397521751026296
XRPUSDT,7,5,16,-0.09272492243289561,-0.03333818752609449
XRPUSDT,7,5,17,-0.0782816671848843,-0.12522968553863806
XRPUSDT,7,5,18,-0.09682108267780583,-0.11875291019094393
XRPUSDT,7,5,19,-0.12700875754035115,-0.009604948233280123
XRPUSDT,7,5,20,-0.13733901476350593,0.06115902322377126
XRPUSDT,7,5,21,-0.13950374353419337,0.029281959931990183
XRPUSDT,7,5,22,-0.12794295031218422,-0.10714745143930714
XRPUSDT,7,5,23,-0.09330164397448266,-0.036665329918360974
XRPUSDT,7,5,24,-0.055891435945103436,-0.000982414605334544
XRPUSDT,7,5,25,-0.02354457754278122,0.03235062743755668
XRPUSDT,7,5,26,0.009245831029313766,0.03352416040736823
XRPUSDT,7,5,27,0.02289924255077658,-0.09307898412387518
XRPUSDT,7,5,28,0.03381657556562154,-0.004962469445365699
XRPUSDT,7,5,29,0.03420117041495421,-0.06472196657695012
XRPUSDT,7,5,30,0.020032085763401687,-0.052082588992297375
XRPUSDT,7,5,31,-5.181331043671228e-05,-0.04579171851817236
XRPUSDT,7,5,32,-0.010220611042784072,-0.01737490037689564
XRPUSDT,7,5,33,-0.025808211056377393,0.028888466049567137
XRPUSDT,7,5,34,-0.02992976738400056,0.004947045834204091
XRPUSDT,7,5,35,-0.02092262358931832,0.016379645506631315
XRPUSDT,7,5,36,-0.0027490077593646444,-0.020445221813356017
XRPUSDT,7,5,37,0.027255630638054983,0.018293801891267194
XRPUSDT,7,5,38,0.062452075502660145,0.02527815508742982
XRPUSDT,7,5,39,0.07439139021822572,-0.056000617361541265
XRPUSDT,7,5,40,0.08849720999323865,0.011501395181030358
XRPUSDT,7,5,41,0.08817738220130793,-0.03381457331737406
XRPUSDT,7,5,42,0.08217672835674932,0.026351023129644206
XRPUSDT,7,5,43,0.056754706648901164,-0.07212823761806476
XRPUSDT,7,5,44,0.037543504678583986,-0.03131960163141201
XRPUSDT,7,5,45,0.005368917529296608,-0.016469310717491272
XRPUSDT,7,5,46,0.0019416788508273886,0.10200401792872159
XRPUSDT,7,5,47,-0.010796981550434135,0.018351669419706017
XRPUSDT,7,5,48,-0.021954431757986753,-0.08577122011605566
XRPUSDT,7,5,49,-0.019319318899476346,0.015637356239484052
XRPUSDT,7,5,50,-0.019940190618793676,-0.0536542734769287
XRPUSDT,7,5,51,-0.03330346067573341,0.034428717050261626
XRPUSDT,7,5,52,-0.05573038994348,-0.14629154163641805
XRPUSDT,7,5,53,-0.08049158644210334,-0.05103478159459309
XRPUSDT,7,5,54,-0.0988854870348836,0.02105531695019438
XRPUSDT,7,5,55,-0.13164941648698386,-0.10269197679469591
XRPUSDT,7,5,56,-0.14834582585935382,0.04042002015118012
XRPUSDT,7,6,1,0.8781134713574742,0.878113471357474
XRPUSDT,7,6,2,0.6970841224783179,-0.3232579184665058
XRPUSDT,7,6,3,0.5200956552751038,-0.029456541315602016
XRPUSDT,7,6,4,0.34369163791071955,-0.13840203891257594
XRPUSDT,7,6,5,0.15354257945637365,-0.19479905001766185
XRPUSDT,7,6,6,-0.02279680319103119,-0.06885329129142019
XRPUSDT,7,6,7,-0.10646392057351706,0.2559701028581095
XRPUSDT,7,6,8,-0.15136020729128544,-0.1079872580543017
XRPUSDT,7,6,9,-0.19432650364706688,-0.0948904831999944
XRPUSDT,7,6,10,-0.250502849386905,-0.17894797492515993
XRPUSDT,7,6,11,-0.2740424646775731,0.03041321974545655
XRPUSDT,7,6,12,-0.2608539565960171,0.02219583129878758
XRPUSDT,7,6,13,-0.23772474541577476,0.08047642552996899
XRPUSDT,7,6,14,-0.20891727486109488,-0.009258098923913285
XRPUSDT,7,6,15,-0.17818590057141634,-0.0885546860944465
XRPUSDT,7,6,16,-0.141500028354549,-0.11146417416248834
XRPUSDT,7,6,17,-0.12562039699629077,-0.08824003175699413
XRPUSDT,7,6,18,-0.1350053696954187,-0.04859061299175772
XRPUSDT,7,6,19,-0.15561753476040385,-0.005677801052225198
XRPUSDT,7,6,20,-0.15920615116378586,0.06303917623525553
XRPUSDT,7,6,21,-0.1475189244449829,-0.018984228527656136
XRPUSDT,7,6,22,-0.13945834176012828,-0.08904030062725861
XRPUSDT,7,6,23,-0.10877984560517522,0.054401835209932047
XRPUSDT,7,6,24,-0.06832654722521252,-0.04732991829096766
XRPUSDT,7,6,25,-0.03027239960592837,-0.02116066081940507
XRPUSDT,7,6,26,-0.0036113412837686016,0.02500749072104942
XRPUSDT,7,6,27,0.010590026288994038,-0.034375280324820144
XRPUSDT,7,6,28,0.027151091877524885,-0.03061110344370889
XRPUSDT,7,6,29,0.029140426734427308,-0.07046556347508595
XRPUSDT,7,6,30,0.015847660720875983,-0.07258089704806113
XRPUSDT,7,6,31,-0.0013402380405184372,-0.007335485062572232
XRPUSDT,7,6,32,-0.018267078491313482,-0.03210558734431896
XRPUSDT,7,6,33,-0.025808852550934527,0.0559227142470673
XRPUSDT,7,6,34,-0.031136743296001714,0.007033313323574681
XRPUSDT,7,6,35,-0.025087471417879544,0.007627718030769885
XRPUSDT,7,6,36,-0.005393830199920101,-0.004546506414742754
XRPUSDT,7,6,37,0.029401530646806593,0.03288080573492052
XRPUSDT,7,6,38,0.05918980004803451,-0.054232935616584446
XRPUSDT,7,6,39,0.07526643212405493,-0.009525727240018399
XRPUSDT,7,6,40,0.08934238420550462,0.012813435484961486
XRPUSDT,7,6,41,0.09939194908557455,-0.002310047494793584
XRPUSDT,7,6,42,0.09257002704698394,-0.061081781625151106
XRPUSDT,7,6,43,0.05771925901504379,-0.07996548821199663
XRPUSDT,7,6,44,0.025347963328460715,0.004615511522796655
XRPUSDT,7,6,45,0.009065402735327768,0.05544698949824857
XRPUSDT,7,6,46,0.0011177034088019437,0.05204152714091078
XRPUSDT,7,6,47,-0.026599395570356753,-0.09211247486499151
XRPUSDT,7,6,48,-0.044037266229281384,0.04492260505795433
XRPUSDT,7,6,49,-0.037131603740572,-0.03630103921793876
XRPUSDT,7,6,50,-0.0304108667970156,-0.03431002687517289
XRPUSDT,7,6,51,-0.04409988841896874,-0.07677377410526098
XRPUSDT,7,6,52,-0.07811531760663531,-0.08280582413455233
XRPUSDT,7,6,53,-0.09366949128610917,-0.005088896251858395
XRPUSDT,7,6,54,-0.10623050392637202,-0.057237797447299385
XRPUSDT,7,6,55,-0.11538360613180342,0.055623027508569775
XRPUSDT,7,6,56,-0.13262784674138756,-0.06874471100291585
XRPUSDT,7,7,1,0.8576378328604304,0.8576378328604302
XRPUSDT,7,7,2,0.6988793776778705,-0.13863587078199627
XRPUSDT,7,7,3,0.5650024719699717,0.005475205430431709
XRPUSDT,7,7,4,0.4145015301267145,-0.1609402178162283
XRPUSDT,7,7,5,0.2429339449387059,-0.17336808971564052
XRPUSDT,7,7,6,0.08211034287753032,-0.09832768694648772
XRPUSDT,7,7,7,-0.08115055106423101,-0.17352592570150138
XRPUSDT,7,7,8,-0.14200099776381614,0.2715399217573959
XRPUSDT,7,7,9,-0.18822753310774293,-0.0945003081760104
XRPUSDT,7,7,10,-0.23469827525106585,-0.01799244560160658
XRPUSDT,7,7,11,-0.264213616159183,-0.0755298980680676
XRPUSDT,7,7,12,-0.2512540968905078,0.013776716426631079
XRPUSDT,7,7,13,-0.24374449631091633,-0.08304294487518096
XRPUSDT,7,7,14,-0.2327174271904184,-0.07796058814550559
XRPUSDT,7,7,15,-0.21050659156066268,0.10261249584976373
XRPUSDT,7,7,16,-0.1853863353222998,-0.06961778094407102
XRPUSDT,7,7,17,-0.16935923001955264,-0.03721181462039121
XRPUSDT,7,7,18,-0.1686388138070684,-0.1371636226888195
XRPUSDT,7,7,19,-0.1804096085411873,-0.03263591806642704
XRPUSDT,7,7,20,-0.17287490154055785,0.004520058254002711
XRPUSDT,7,7,21,-0.14672032856987932,0.026918078454428538
XRPUSDT,7,7,22,-0.1330819978826226,0.007400383771814699
XRPUSDT,7,7,23,-0.11001486730347722,0.02833826370829953
XRPUSDT,7,7,24,-0.07753838815038287,-0.02294354103914289
XRPUSDT,7,7,25,-0.04482245639562313,-0.06562294553951753
XRPUSDT,7,7,26,-0.02118295022240768,-0.05145906137346419
XRPUSDT,7,7,27,-0.005864840578756715,-0.0312022494736677
XRPUSDT,7,7,28,0.007619341309112174,0.03412110668702931
XRPUSDT,7,7,29,0.012924940778031397,-0.0698755914867136
XRPUSDT,7,7,30,0.0009604061312990743,-0.03520971900160448
XRPUSDT,7,7,31,-0.012796365457071884,-0.02450112037162246
XRPUSDT,7,7,32,-0.022017940459113185,-0.019047019386239206
XRPUSDT,7,7,33,-0.029472424873122835,-0.03321562598305811
XRPUSDT,7,7,34,-0.030139797498755668,0.02609644108855237
XRPUSDT,7,7,35,-0.020229810455892783,0.07185242949077386
XRPUSDT,7,7,36,0.0015378346910805316,0.013258786620373166
XRPUSDT,7,7,37,0.02780111096288817,-0.015934765032809474
XRPUSDT,7,7,38,0.060329282604541255,0.010703473024800493
XRPUSDT,7,7,39,0.07450412514093419,-0.07730766675080379
XRPUSDT,7,7,40,0.08867112580865888,0.00013722616149478597
XRPUSDT,7,7,41,0.10475528395270531,0.009782591832961467
XRPUSDT,7,7,42,0.09328130399213143,-0.05713862118057777
XRPUSDT,7,7,43,0.052780744765846384,-0.07268738494185562
XRPUSDT,7,7,44,0.024429460126875916,0.001056626522776695
XRPUSDT,7,7,45,0.006116802720494609,0.051358329694147796
XRPUSDT,7,7,46,-0.007031992432472843,0.0010570495340393772
XRPUSDT,7,7,47,-0.03215502080175071,-0.0332269116132332
XRPUSDT,7,7,48,-0.0568425893816544,-0.007335574317896229
XRPUSDT,7,7,49,-0.05873840946005022,0.014707987376665866
XRPUSDT,7,7,50,-0.05220141646449698,-0.06778640983819416
XRPUSDT,7,7,51,-0.06281092558718201,-0.06254101600219641
XRPUSDT,7,7,52,-0.08768936302361109,-0.08143179576036962
XRPUSDT,7,7,53,-0.10718266385781222,-0.039997413413431465
XRPUSDT,7,7,54,-0.10720370333388206,0.015362042605112642
XRPUSDT,7,7,55,-0.11055227502224192,-0.026670211997903818
XRPUSDT,7,7,56,-0.11774636615164377,0.020668061302393282
XRPUSDT,14,1,1,0.008497883863984944,0.008497883863984925
XRPUSDT,14,1,2,-0.14714526056835608,-0.1472281065334483
XRPUSDT,14,1,3,-0.1039891916492244,-0.10355554142988976
XRPUSDT,14,1,4,-0.021939512565868173,-0.04458379377666693
XRPUSDT,14,1,5,0.03406491629693833,0.003173470829641545
XRPUSDT,14,1,6,0.13826556752536237,0.12210775229867418
XRPUSDT,14,1,7,-0.02106278997380364,-0.02070880070114996
XRPUSDT,14,1,8,-0.08959752617351882,-0.05121305087156428
XRPUSDT,14,1,9,-0.03706171369544308,-0.019050081490513123
XRPUSDT,14,1,10,-0.02243637512949418,-0.042744897429443346
XRPUSDT,14,1,11,0.053043150938376596,0.028107988616832197
XRPUSDT,14,1,12,0.0942474532048617,0.0657740081663556
XRPUSDT,14,1,13,0.1407456795793343,0.16326088119775337
XRPUSDT,14,1,14,-0.3111629430806272,-0.28432877404347184
XRPUSDT,14,1,15,-0.06688636884368127,-0.006582461221886802
XRPUSDT,14,1,16,0.056546574896898266,0.007545128261715935
XRPUSDT,14,1,17,0.09491227060573297,0.03284441378991961
XRPUSDT,14,1,18,0.009185225900070641,-0.02583628446152098
XRPUSDT,14,1,19,-0.041132104908153694,-0.04680819117947931
XRPUSDT,14,1,20,-0.08420115499791561,0.012876272561412926
XRPUSDT,14,1,21,-0.05054159746259647,-0.06256442788472724
XRPUSDT,14,1,22,-0.011085520924905,-0.06960496556630781
XRPUSDT,14,1,23,-0.01874141545542077,-0.06791739001465345
XRPUSDT,14,1,24,-0.012426166743796777,-0.05682273193149158
XRPUSDT,14,1,25,-0.03946736245432485,-0.04905391700416326
XRPUSDT,14,1,26,-0.02366377864519634,-0.023454797503508738
XRPUSDT,14,1,27,-0.01934980292789855,0.07269305219096488
XRPUSDT,14,1,28,0.09154735320014808,-0.003464119287050068
XRPUSDT,14,1,29,0.06417549177778738,0.03296420667383
XRPUSDT,14,1,30,0.035107279281798374,0.05449199741397986
XRPUSDT,14,1,31,-0.06810610044318183,-0.00904056477381994
XRPUSDT,14,1,32,-0.11490038985044525,-0.1033661204380399
XRPUSDT,14,1,33,0.02405824013688444,0.002317074994623068
XRPUSDT,14,1,34,0.016633320866316494,-0.028707402356106554
XRPUSDT,14,1,35,0.00901430149683368,-0.022270659657499157
XRPUSDT,14,1,36,-0.013074284478440033,-0.02937905303529755
XRPUSDT,14,1,37,-0.024942102086540657,-0.020646464814945142
XRPUSDT,14,1,38,0.03778001548061135,0.06570125385520557
XRPUSDT,14,1,39,-0.0160985369359988,-0.07573651482709474
XRPUSDT,14,1,40,-0.008624067447140296,-0.03351875530819365
XRPUSDT,14,1,41,0.03860721698896966,0.028619663242548568
XRPUSDT,14,1,42,0.04107511001581651,0.04476533317651953
XRPUSDT,14,1,43,-0.08718710186177013,-0.09848739565221781
XRPUSDT,14,1,44,-0.03345938607184022,-0.007740451774031344
XRPUSDT,14,1,45,-0.03350032805379517,-0.04224817764583878
XRPUSDT,14,1,46,0.11338540960381831,0.030082251421779057
XRPUSDT,14,1,47,0.03107693013597207,0.004199783285908065
XRPUSDT,14,1,48,-0.03390854063035439,-0.021582984952902083
XRPUSDT,14,1,49,-0.017561201021252505,0.04609381722977949
XRPUSDT,14,1,50,0.018788951362069768,0.01817336152325445
XRPUSDT,14,1,51,0.03948456152472315,0.03015538999831574
XRPUSDT,14,1,52,-0.055285472543254825,-0.03484307576902469
XRPUSDT,14,1,53,-0.0408722460026441,-0.06739766892140474
XRPUSDT,14,1,54,0.04490200919606842,0.01952411879867101
XRPUSDT,14,1,55,-0.004351598175289727,-0.045037745660853695
XRPUSDT,14,1,56,-0.06088000292694162,-0.020168141361999323
XRPUSDT,14,2,1,0.4239742430027546,0.42397424300275455
XRPUSDT,14,2,2,-0.16029598470469733,-0.41457100581924416
XRPUSDT,14,2,3,-0.1680738701412506,0.1528546832759142
XRPUSDT,14,2,4,-0.0690820622966999,-0.15614386412472728
XRPUSDT,14,2,5,0.10547437084762863,0.2500830486004916
XRPUSDT,14,2,6,0.2001322942647401,-0.020123975203920733
XRPUSDT,14,2,7,0.02172446240394092,-0.05500755300838062
XRPUSDT,14,2,8,-0.12539604182343905,-0.01863554078443507
XRPUSDT,14,2,9,-0.08146040004627601,-0.003832647630157035
XRPUSDT,14,2,10,0.009249588082627361,0.019790800950254282
XRPUSDT,14,2,11,0.10497621065391685,0.06574339427806081
XRPUSDT,14,2,12,0.17178533772449803,0.10172607010650069
XRPUSDT,14,2,13,-0.061719086974114476,-0.24877556339476126
XRPUSDT,14,2,14,-0.3147917781847265,-0.08982611445564671
XRPUSDT,14,2,15,-0.17138758641102422,0.025608225170723073
XRPUSDT,14,2,16,0.05272052485194352,-0.010242067140825512
XRPUSDT,14,2,17,0.09518927818710769,-0.015517450501248701
XRPUSDT,14,2,18,0.03450755118263183,-0.047420512424243916
XRPUSDT,14,2,19,-0.09845357812549141,-0.021654789228473737
XRPUSDT,14,2,20,-0.15263093529678567,-0.012803710875125246
XRPUSDT,14,2,21,-0.0957083558439499,-0.10732834681716127
XRPUSDT,14,2,22,-0.040973233240438466,-0.04957214392920858
XRPUSDT,14,2,23,-0.02442108141922917,-0.050274565296782224
XRPUSDT,14,2,24,-0.03563181481787366,-0.038181784104024695
XRPUSDT,14,2,25,-0.058510700808498746,0.017195971058648493
XRPUSDT,14,2,26,-0.04298055805939668,0.0431525061115778
XRPUSDT,14,2,27,0.026397197416371983,-0.014053221795773998
XRPUSDT,14,2,28,0.10476825009084297,0.041786513489791226
XRPUSDT,14,2,29,0.09747783719708916,0.03178499832337538
XRPUSDT,14,2,30,0.023504674306083398,0.028001215980765902
XRPUSDT,14,2,31,-0.08845753084254013,-0.10111052807485338
XRPUSDT,14,2,32,-0.12399818055747135,-0.0384712168834479
XRPUSDT,14,2,33,-0.03298261680494364,-0.016313502243620773
XRPUSDT,14,2,34,0.02162621918659256,-0.05180625710181034
XRPUSDT,14,2,35,0.01780288555740042,-0.017596131014829722
XRPUSDT,14,2,36,0.0007756194013285682,-0.045811693941404975
XRPUSDT,14,2,37,-0.012620540240270237,0.02740617869650097
XRPUSDT,14,2,38,0.0188400916129607,-0.0031688787968125885
XRPUSDT,14,2,39,0.010708163659075528,-0.06403348274768791
XRPUSDT,14,2,40,0.012298914701586072,0.05591988914408046
XRPUSDT,14,2,41,0.050091430918069,0.012783521828787905
XRPUSDT,14,2,42,0.016222887149869043,-0.0161251516065497
XRPUSDT,14,2,43,-0.07813379937197006,-0.07852259583218425
XRPUSDT,14,2,44,-0.08664032369646461,-5.234115836218752e-05
XRPUSDT,14,2,45,0.01307080574705422,0.0004928264529962881
XRPUSDT,14,2,46,0.09924272672741331,0.025723720169480397
XRPUSDT,14,2,47,0.059111602097631485,-0.03445741599873071
XRPUSDT,14,2,48,-0.016802880718131488,0.01980763715388517
XRPUSDT,14,2,49,-0.0290487550517242,0.03232593502364752
XRPUSDT,14,2,50,0.001669894739821082,-0.006283465951077459
XRPUSDT,14,2,51,0.014241379371114173,-0.0029777338974901054
XRPUSDT,14,2,52,-0.03606799376912497,-0.09397373492707414
XRPUSDT,14,2,53,-0.035939039972659216,0.006515309505750167
XRPUSDT,14,2,54,0.013201593879960609,-0.012829199663879047
XRPUSDT,14,2,55,-0.027568489997689453,-0.06206807625209711
XRPUSDT,14,2,56,-0.04889240678595785,-0.02586732307044924
XRPUSDT,14,3,1,0.6127414731777364,0.6127414731777363
XRPUSDT,14,3,2,0.15110578969672303,-0.3592139656667599
XRPUSDT,14,3,3,-0.1835242960074395,-0.16410589587655777
XRPUSDT,14,3,4,-0.05459790881878222,0.4186816454690319
XRPUSDT,14,3,5,0.1167572294848073,-0.10025882139787728
XRPUSDT,14,3,6,0.17303313942203388,-0.10770575208620332
XRPUSDT,14,3,7,0.05192946840882169,0.09479228594518332
XRPUSDT,14,3,8,-0.07622771818436319,-0.06928601634608887
XRPUSDT,14,3,9,-0.07818511530268936,0.033592687892486345
XRPUSDT,14,3,10,0.02958415813835128,0.09591018882930216
XRPUSDT,14,3,11,0.1535796665662204,0.04984165246639677
XRPUSDT,14,3,12,0.029804845879248656,-0.32430562738797447
XRPUSDT,14,3,13,-0.15353792408871653,0.02003603787106877
XRPUSDT,14,3,14,-0.3207157980072338,-0.057657321013625584
XRPUSDT,14,3,15,-0.1992838063228472,8.868822977636977e-05
XRPUSDT,14,3,16,-0.041289756997807896,-0.03041475711706695
XRPUSDT,14,3,17,0.06861285820921083,-0.01991221357568384
XRPUSDT,14,3,18,-0.009738890047089629,-0.01578937928219806
XRPUSDT,14,3,19,-0.12918090122655454,-0.09046604166527854
XRPUSDT,14,3,20,-0.18957738183628944,-0.017971220555058665
XRPUSDT,14,3,21,-0.1483290074744045,-0.06011924716115689
XRPUSDT,14,3,22,-0.08337417736304986,-0.10752946973794106
XRPUSDT,14,3,23,-0.05978786204881468,0.04642421616085786
XRPUSDT,14,3,24,-0.05526732744792564,0.048990869177142946
XRPUSDT,14,3,25,-0.06346962868960206,-0.03504804637105754
XRPUSDT,14,3,26,-0.010040214134470746,-0.009142080414095397
XRPUSDT,14,3,27,0.052064124025634734,0.08706117956938103
XRPUSDT,14,3,28,0.11390312144333004,-0.010859661509660671
XRPUSDT,14,3,29,0.08890475078181659,-0.011264519578957424
XRPUSDT,14,3,30,0.013567353687746073,-0.005880611523073609
XRPUSDT,14,3,31,-0.07517124531201783,-0.08182473952310618
XRPUSDT,14,3,32,-0.10973682563503159,-0.09487644761227823
XRPUSDT,14,3,33,-0.06582511535627054,0.04499180191112695
XRPUSDT,14,3,34,-0.014521641050416808,-0.06962417193292274
XRPUSDT,14,3,35,0.02516025654822013,-0.050621941535569606
XRPUSDT,14,3,36,0.019233582701149388,0.03025539568111162
XRPUSDT,14,3,37,0.016381069186003856,0.001359469723368292
XRPUSDT,14,3,38,0.023098912859567357,0.005000586223591203
XRPUSDT,14,3,39,0.02912498455315475,-0.03581093706939409
XRPUSDT,14,3,40,0.04093960137126385,0.0784889068061532
XRPUSDT,14,3,41,0.02780429569446555,-0.03230264612244844
XRPUSDT,14,3,42,-0.0035827055371381346,-0.05780760809908496
XRPUSDT,14,3,43,-0.07471398406313422,-0.05990451361131388
XRPUSDT,14,3,44,-0.05662891076437557,0.0877275621959499
XRPUSDT,14,3,45,0.0007914467516604005,-0.037378733980094246
XRPUSDT,14,3,46,0.08505404730705635,-0.02918955327063984
XRPUSDT,14,3,47,0.061821746456483403,0.040934562642685426
XRPUSDT,14,3,48,0.010002732705776212,-0.020745375008605557
XRPUSDT,14,3,49,-0.02644020575072975,0.021310879188884257
XRPUSDT,14,3,50,-0.027428423205465895,-0.0455310616992377
XRPUSDT,14,3,51,-0.01562987577481432,-0.03473671633473663
XRPUSDT,14,3,52,-0.02096054884083991,-0.025404039004166216
XRPUSDT,14,3,53,-0.0224738050145329,-0.037985205442577726
XRPUSDT,14,3,54,-0.03892411483455879,0.0023859432201770833
XRPUSDT,14,3,55,-0.045235628011880746,-0.09133090007201285
XRPUSDT,14,3,56,-0.049381344963117656,-0.03155888196731432
XRPUSDT,14,4,1,0.6838728755778395,0.6838728755778394
XRPUSDT,14,4,2,0.358695334710176,-0.20474001959790583
XRPUSDT,14,4,3,0.14615722847992033,-0.01833667009267366
XRPUSDT,14,4,4,-0.010472731183989907,-0.09764200341602411
XRPUSDT,14,4,5,0.06546737979763681,0.29524017044004774
XRPUSDT,14,4,6,0.13878561969649772,-0.03747161312253317
XRPUSDT,14,4,7,0.07132673509811775,-0.1556162518167521
XRPUSDT,14,4,8,-0.010647729950140971,-0.053391521945612856
XRPUSDT,14,4,9,0.007298767098281556,0.23686317967662468
XRPUSDT,14,4,10,0.062446392049185076,0.05188074959922848
XRPUSDT,14,4,11,0.01064616996568916,-0.31996804579358384
XRPUSDT,14,4,12,-0.07767967943937001,-0.1284110853854714
XRPUSDT,14,4,13,-0.18601842110105718,0.0727844444241896
XRPUSDT,14,4,14,-0.30049277626474025,-0.0662339367717964
XRPUSDT,14,4,15,-0.21471049741157686,0.008199261685453449
XRPUSDT,14,4,16,-0.10517808546793625,-0.09836198102750957
XRPUSDT,14,4,17,-0.07427093812374638,0.04648836556348308
XRPUSDT,14,4,18,-0.08488289217033511,-0.05309403688889634
XRPUSDT,14,4,19,-0.15964737968973872,-0.10907168718567557
XRPUSDT,14,4,20,-0.19869713833029004,-0.033665721759989095
XRPUSDT,14,4,21,-0.17613729073133,0.004084416813212968
XRPUSDT,14,4,22,-0.13976938437573277,-0.040139970208669606
XRPUSDT,14,4,23,-0.10684203028894775,-0.008800501799447509
XRPUSDT,14,4,24,-0.0835588039645261,0.06325296430983154
XRPUSDT,14,4,25,-0.04710180289253558,-0.0037159671031184397
XRPUSDT,14,4,26,0.008473457909347929,-0.022140022086796
XRPUSDT,14,4,27,0.057638178070053364,0.012960015093387359
XRPUSDT,14,4,28,0.09082245304732502,0.058763784326724154
XRPUSDT,14,4,29,0.05547074891910987,-0.03965701563196758
XRPUSDT,14,4,30,0.005371985209134533,-0.07565546798672525
XRPUSDT,14,4,31,-0.04086431137644217,-0.07323545130658551
XRPUSDT,14,4,32,-0.08371169459605358,-0.035512977522900856
XRPUSDT,14,4,33,-0.06614634045126691,-0.01949209598551522
XRPUSDT,14,4,34,-0.043344755444555426,-0.06843618811326233
XRPUSDT,14,4,35,-0.00544082888965908,0.04281132715120747
XRPUSDT,14,4,36,0.03305532694990926,0.005471487967721007
XRPUSDT,14,4,37,0.03766737272365704,-0.028523178703326133
XRPUSDT,14,4,38,0.05346301190577788,0.03851488989314863
XRPUSDT,14,4,39,0.04353414620704701,-0.005427585622006958
XRPUSDT,14,4,40,0.030657191280928663,0.016606104951804368
XRPUSDT,14,4,41,0.017673106553392545,-0.052770289779754044
XRPUSDT,14,4,42,-0.02272944207541876,-0.030535633850673472
XRPUSDT,14,4,43,-0.04938859214191246,-0.030538097424590356
XRPUSDT,14,4,44,-0.027027146389409996,0.06570076897305586
XRPUSDT,14,4,45,-0.0013966655903565094,-0.05093419131113022
XRPUSDT,14,4,46,0.044735552745898244,0.013946414265566356
XRPUSDT,14,4,47,0.05524301131343472,-0.01569152544353221
XRPUSDT,14,4,48,0.022583599641401136,-0.00957326451576652
XRPUSDT,14,4,49,-0.014118960991113247,-0.015273900096958256
XRPUSDT,14,4,50,-0.033577648828445536,-0.011299246779436724
XRPUSDT,14,4,51,-0.02574095619990187,-0.034169278588953404
XRPUSDT,14,4,52,-0.0408512118106542,-0.08148933308591988
XRPUSDT,14,4,53,-0.04690603942304684,-0.009180594546952742
XRPUSDT,14,4,54,-0.04311771626311418,0.0201980134047986
XRPUSDT,14,4,55,-0.07615440322033402,-0.12330526620485055
XRPUSDT,14,4,56,-0.08359943412137602,-0.09794066197193192
XRPUSDT,14,5,1,0.764369718455446,0.764369718455446
XRPUSDT,14,5,2,0.546117156761135,-0.09174966945874766
XRPUSDT,14,5,3,0.406131714159121,0.049794881564759134
XRPUSDT,14,5,4,0.23448934961842757,-0.17398490288601628
XRPUSDT,14,5,5,0.0825092600155687,-0.06682321280889891
XRPUSDT,14,5,6,0.12054997149966223,0.3150827116544343
XRPUSDT,14,5,7,0.08546331375034415,-0.1958249092536003
XRPUSDT,14,5,8,0.05099313819719837,0.06809269030851514
XRPUSDT,14,5,9,0.07409565160298301,0.01016800205542763
XRPUSDT,14,5,10,-0.00496954028225707,-0.2684362838068958
XRPUSDT,14,5,11,-0.1010185726935405,0.10815976742118116
XRPUSDT,14,5,12,-0.14416870191534395,-0.173244252209609
XRPUSDT,14,5,13,-0.19892130748960649,-0.00927464633518456
XRPUSDT,14,5,14,-0.278232035644172,-0.0669405576272645
XRPUSDT,14,5,15,-0.23192335037146047,0.018784550704280187
XRPUSDT,14,5,16,-0.20089641032592595,0.03465193100586196
XRPUSDT,14,5,17,-0.19282563265853275,-0.08634995377390571
XRPUSDT,14,5,18,-0.1992380309718196,-0.11955405752723033
XRPUSDT,14,5,19,-0.20253422933368365,-0.021840556031183213
XRPUSDT,14,5,20,-0.21874537616065118,0.03905531286749487
XRPUSDT,14,5,21,-0.19480832345139665,-0.0018322293569614484
XRPUSDT,14,5,22,-0.17959278505214746,-0.0464869816473511
XRPUSDT,14,5,23,-0.15112235250355385,0.02090354797384196
XRPUSDT,14,5,24,-0.0967007266643855,-0.02120220354706993
XRPUSDT,14,5,25,-0.04549249887012483,0.045792677495296204
XRPUSDT,14,5,26,-0.002827329719165438,0.01710495476854045
XRPUSDT,14,5,27,0.03600328915551128,-0.008393879624109896
XRPUSDT,14,5,28,0.05269963668453496,-0.012215078692087745
XRPUSDT,14,5,29,0.03049179994155954,-0.08426368933746799
XRPUSDT,14,5,30,0.001952925068859258,-0.04620623680274782
XRPUSDT,14,5,31,-0.0268498082322217,-0.01278059607827238
XRPUSDT,14,5,32,-0.0523403797670732,-0.1012815337066138
XRPUSDT,14,5,33,-0.058594252075848785,0.012027298902475291
XRPUSDT,14,5,34,-0.051441249290052504,-0.04164649356343442
XRPUSDT,14,5,35,-0.02630194265597526,0.05227326704462972
XRPUSDT,14,5,36,0.008962697591107214,0.017817541565193454
XRPUSDT,14,5,37,0.05070182105606,0.014411590916164096
XRPUSDT,14,5,38,0.06763659869790804,0.013317677871770045
XRPUSDT,14,5,39,0.044935884283042384,-0.10499833280347365
XRPUSDT,14,5,40,0.014870215734544508,0.029398159632961385
XRPUSDT,14,5,41,0.003813369030651431,0.020256342652314473
XRPUSDT,14,5,42,-0.007930478178672476,-0.02075138349732361
XRPUSDT,14,5,43,-0.039347147605617104,-0.08864203483060235
XRPUSDT,14,5,44,-0.027911639738651073,0.007761306428863048
XRPUSDT,14,5,45,-0.0018425252351741462,0.05084051583374528
XRPUSDT,14,5,46,0.022526253049064943,0.021409043776311452
XRPUSDT,14,5,47,0.022303426146162406,-0.06195861648515101
XRPUSDT,14,5,48,0.011595965765792577,-0.07536041689475037
XRPUSDT,14,5,49,-0.011975930781744118,0.031122604853948015
XRPUSDT,14,5,50,-0.016017191620768357,0.012833303554443109
XRPUSDT,14,5,51,-0.04018840639595788,-0.07575619322307467
XRPUSDT,14,5,52,-0.07722977123314975,-0.08042212069614622
XRPUSDT,14,5,53,-0.06796898347598092,0.010681945355568798
XRPUSDT,14,5,54,-0.059715064758388295,-0.05663414755364219
XRPUSDT,14,5,55,-0.09749684537398505,-0.0828619020193915
XRPUSDT,14,5,56,-0.10065365006700991,0.06512624948942271
XRPUSDT,14,6,1,0.8421531963832115,0.8421531963832115
XRPUSDT,14,6,2,0.680896845518034,-0.09741163795844264
XRPUSDT,14,6,3,0.5342718042250945,-0.045031286118256374
XRPUSDT,14,6,4,0.4016427764409561,-0.04824823357189339
XRPUSDT,14,6,5,0.2611745847436014,-0.12226176617713776
XRPUSDT,14,6,6,0.13204896544424968,-0.06710445775589166
XRPUSDT,14,6,7,0.10551710636642053,0.24809386224515928
XRPUSDT,14,6,8,0.09038661173254742,-0.021162121642738917
XRPUSDT,14,6,9,0.024299483862479303,-0.21575348755361046
XRPUSDT,14,6,10,-0.054389026543501265,-0.09882256133161053
XRPUSDT,14,6,11,-0.12251515370174586,-0.0718349349554676
XRPUSDT,14,6,12,-0.18256787994724655,-0.06522311488904786
XRPUSDT,14,6,13,-0.2149105826124645,0.142776032613027
XRPUSDT,14,6,14,-0.2692363909510902,-0.1370160907812686
XRPUSDT,14,6,15,-0.2713271662783914,-0.003572787261069224
XRPUSDT,14,6,16,-0.2692329900845632,-0.07875432841065604
XRPUSDT,14,6,17,-0.25906328388589484,-0.014092787341376183
XRPUSDT,14,6,18,-0.25763016476202577,-0.04624492267903532
XRPUSDT,14,6,19,-0.26639618789888314,-0.007558134006282231
XRPUSDT,14,6,20,-0.24654102757114169,0.0032282669626724635
XRPUSDT,14,6,21,-0.22033093982402255,0.005868632935834164
XRPUSDT,14,6,22,-0.19240327777341312,-0.01179538063062288
XRPUSDT,14,6,23,-0.15898677130895647,-0.008210225687858657
XRPUSDT,14,6,24,-0.10963992919502219,0.024566123931179493
XRPUSDT,14,6,25,-0.06848141482632411,-0.03627454271760664
XRPUSDT,14,6,26,-0.03430757021442981,-0.0021024815197850195
XRPUSDT,14,6,27,-0.007996808474114745,0.04412154921085549
XRPUSDT,14,6,28,0.021061551499388452,-0.028773907678209514
XRPUSDT,14,6,29,0.016389492657100158,-0.11373044700433584
XRPUSDT,14,6,30,-0.0031682258729154216,-0.06225735385891463
XRPUSDT,14,6,31,-0.025548985311977298,-0.055868548598062666
XRPUSDT,14,6,32,-0.04813444740961982,-0.03623972198214996
XRPUSDT,14,6,33,-0.04514399568802829,0.09970621926388237
XRPUSDT,14,6,34,-0.04466146759792795,-0.015888947558343886
XRPUSDT,14,6,35,-0.024725564754968378,-0.0165823002130808
XRPUSDT,14,6,36,0.0017185572152699068,0.004243152778322633
XRPUSDT,14,6,37,0.030114378300166264,0.0048478937114765
XRPUSDT,14,6,38,0.052944390122471895,0.02175537139771321
XRPUSDT,14,6,39,0.034690995557791475,-0.0844876636804614
XRPUSDT,14,6,40,0.012276623910538792,-0.020997803885253637
XRPUSDT,14,6,41,0.00797409911227878,0.032077113948916346
XRPUSDT,14,6,42,-0.0024505449901282084,-0.025977926858074134
XRPUSDT,14,6,43,-0.030861857716491286,-0.09810298141606358
XRPUSDT,14,6,44,-0.031473241077987976,0.08037636248666348
XRPUSDT,14,6,45,-0.01152537251004514,-0.010122021326049802
XRPUSDT,14,6,46,0.015702216198535877,-0.0005216049007401427
XRPUSDT,14,6,47,-0.0004250656291625241,-0.04440483872926536
XRPUSDT,14,6,48,-0.014441095108820115,-0.038833781566992555
XRPUSDT,14,6,49,-0.008662413556904851,-0.00885572917939138
XRPUSDT,14,6,50,-0.02280267581665595,-0.042412211805315306
XRPUSDT,14,6,51,-0.05302711422028324,-0.0680555812307896
XRPUSDT,14,6,52,-0.08223618087456204,-0.018290263655571053
XRPUSDT,14,6,53,-0.08919057518982569,-0.03518720074286727
XRPUSDT,14,6,54,-0.09625287848482723,-0.05422235199827666
XRPUSDT,14,6,55,-0.09735113088789536,0.05104164079287574
XRPUSDT,14,6,56,-0.0969860539113289,-0.004991783794943126
XRPUSDT,14,7,1,0.8556442651516949,0.8556442651516951
XRPUSDT,14,7,2,0.7042903564878351,-0.10391776428708316
XRPUSDT,14,7,3,0.58841207190471,0.045601810649434076
XRPUSDT,14,7,4,0.48221615318135874,-0.04484203800115492
XRPUSDT,14,7,5,0.3757962010030817,-0.06182793564292703
XRPUSDT,14,7,6,0.27036347672191935,-0.06812636443249011
XRPUSDT,14,7,7,0.1313641527137731,-0.21069669086811244
XRPUSDT,14,7,8,0.035674689446448145,0.06225805976994737
XRPUSDT,14,7,9,-0.022595210008219905,0.011047240472996888
XRPUSDT,14,7,10,-0.07119132245024976,-0.01813679450623454
XRPUSDT,14,7,11,-0.12085386904526754,-0.04573047260096312
XRPUSDT,14,7,12,-0.16946927557546715,-0.06234923296423412
XRPUSDT,14,7,13,-0.22998086572141746,-0.10501462796424063
XRPUSDT,14,7,14,-0.2932375050969398,-0.13858245367380323
XRPUSDT,14,7,15,-0.29348991042499883,0.139385335841667
XRPUSDT,14,7,16,-0.28231240104403166,-0.020728139470100188
XRPUSDT,14,7,17,-0.2735993915761963,0.005001830447302169
XRPUSDT,14,7,18,-0.2759555377537759,-0.0738026471120698
XRPUSDT,14,7,19,-0.2889569385504084,-0.09186537322784635
XRPUSDT,14,7,20,-0.28049345608854953,0.01980390273099996
XRPUSDT,14,7,21,-0.22505448098235,0.0508916576124116
XRPUSDT,14,7,22,-0.1836666332498143,-0.020157134487935695
XRPUSDT,14,7,23,-0.14666570043252794,0.038692531113248024
XRPUSDT,14,7,24,-0.120341553397905,-0.03287613607592997
XRPUSDT,14,7,25,-0.09189794585418655,-0.003034162676365608
XRPUSDT,14,7,26,-0.07285744625294019,-0.09200080195466864
XRPUSDT,14,7,27,-0.042675163787229554,-0.0005526856923380564
XRPUSDT,14,7,28,-0.008625719764482861,0.03463180740341901
XRPUSDT,14,7,29,-0.00025417213375232344,-0.05190160376932605
XRPUSDT,14,7,30,-0.017339512185602916,-0.07165073376820107
XRPUSDT,14,7,31,-0.03824143255107981,-0.05983991775314449
XRPUSDT,14,7,32,-0.051544340202132284,-0.02195834701673264
XRPUSDT,14,7,33,-0.039464021452868904,0.015359601013805431
XRPUSDT,14,7,34,-0.020771539597034993,0.019637235646170894
XRPUSDT,14,7,35,-0.007406373812647151,0.0762883924557626
XRPUSDT,14,7,36,0.0016379878837648378,-0.010489348913927407
XRPUSDT,14,7,37,0.006531861550417238,-0.033881224447188905
XRPUSDT,14,7,38,0.019404718695123578,-0.029477811425542306
XRPUSDT,14,7,39,0.023345746220891354,-0.06502379829839314
XRPUSDT,14,7,40,0.01742029788290917,-0.02683818429993234
XRPUSDT,14,7,41,0.015537440697124736,0.03995959977866073
XRPUSDT,14,7,42,-0.0016975929993405805,-0.03617710707342579
XRPUSDT,14,7,43,-0.024316589890468497,-0.03197618171699302
XRPUSDT,14,7,44,-0.029030258615380836,-0.011248182784713075
XRPUSDT,14,7,45,-0.018929208275260165,0.01581505614143874
XRPUSDT,14,7,46,-0.006130377952532963,-0.009937423564021068
XRPUSDT,14,7,47,-0.009677828686598786,-0.03162711859314321
XRPUSDT,14,7,48,-0.026231597083855855,-0.02718592185346979
XRPUSDT,14,7,49,-0.04143985918336969,-0.03630561946072666
XRPUSDT,14,7,50,-0.04238706341705297,-0.017983985416880344
XRPUSDT,14,7,51,-0.052245410916483236,-0.08890113863930124
XRPUSDT,14,7,52,-0.07733255327780132,-0.05612066005991909
XRPUSDT,14,7,53,-0.09949571916464806,-0.006638293231707049
XRPUSDT,14,7,54,-0.1002309700535274,0.04918286377102516
XRPUSDT,14,7,55,-0.09876806547624262,0.00450129743845614
XRPUSDT,14,7,56,-0.08704222365194605,-0.014505152244980222
XRPUSDT,21,1,1,0.10141721988717585,0.10141721988717589
XRPUSDT,21,1,2,-0.07144951194727019,-0.08258438217617356
XRPUSDT,21,1,3,-0.08006201585571451,-0.06494832891804789
XRPUSDT,21,1,4,-0.005786089464745491,0.0038520603054434596
XRPUSDT,21,1,5,-0.055538190590019465,-0.0674396117535155
XRPUSDT,21,1,6,0.09217578726677994,0.10214455775258928
XRPUSDT,21,1,7,-0.039481001316567586,-0.071619996551392
XRPUSDT,21,1,8,-0.03615518314340824,-0.019219585409813264
XRPUSDT,21,1,9,-0.04230964587107515,-0.030778351389975776
XRPUSDT,21,1,10,-0.02340397731070922,-0.03434260354922864
XRPUSDT,21,1,11,-0.00394148007126208,0.007455706862867301
XRPUSDT,21,1,12,0.02665852566217838,5.034088016024432e-05
XRPUSDT,21,1,13,-0.01793646435695517,-0.018512738493620003
XRPUSDT,21,1,14,-0.018408769271098874,-0.014609055573809236
XRPUSDT,21,1,15,-0.006686700135050393,-0.004652541044618835
XRPUSDT,21,1,16,0.040893585930468754,0.039299189600107434
XRPUSDT,21,1,17,0.040499548845416775,0.027059322597608442
XRPUSDT,21,1,18,0.0906714346306301,0.08411752198872481
XRPUSDT,21,1,19,0.032733000277894345,0.0266562158123443
XRPUSDT,21,1,20,0.023087351323387163,0.03637209538713226
XRPUSDT,21,1,21,-0.4416028640760546,-0.45089200974575294
XRPUSDT,21,1,22,-0.10974423709834678,-0.005916004492838712
XRPUSDT,21,1,23,-0.006155703829563813,-0.06578867158603857
XRPUSDT,21,1,24,0.01831298478323264,-0.05282890195989168
XRPUSDT,21,1,25,-0.1597202513433317,-0.1870430898802293
XRPUSDT,21,1,26,0.026591966693809903,0.0032735908112120093
XRPUSDT,21,1,27,-0.0260596317198485,0.0378401118075286
XRPUSDT,21,1,28,0.03051628813117978,-0.02323532275691469
XRPUSDT,21,1,29,0.025235343291954766,0.0015884973934285733
XRPUSDT,21,1,30,0.021469577057373134,-0.030529923647493205
XRPUSDT,21,1,31,0.013760496137982737,0.04223853490345859
XRPUSDT,21,1,32,-0.001976819593927691,-0.05202440144484903
XRPUSDT,21,1,33,-0.03329991317407553,-0.04313150145392486
XRPUSDT,21,1,34,0.012935460106848531,-0.018349351491761527
XRPUSDT,21,1,35,0.08494901063868683,0.04896088293857013
XRPUSDT,21,1,36,-0.01436524137829057,-0.04168914830926883
XRPUSDT,21,1,37,0.02340799115492952,0.06626705950993239
XRPUSDT,21,1,38,0.035936167802604016,0.07281541451939474
XRPUSDT,21,1,39,-0.0853214170268151,-0.032787484098735484
XRPUSDT,21,1,40,0.026589081374211978,0.11994005627055075
XRPUSDT,21,1,41,0.052255378780113965,0.10552566584421996
XRPUSDT,21,1,42,0.018989424130808806,-0.20635650508976316
XRPUSDT,21,1,43,-0.04028286497682831,-0.06922548516594919
XRPUSDT,21,1,44,0.011357682515042105,-0.027249373462759886
XRPUSDT,21,1,45,-0.07154490213706399,-0.08979073907424238
XRPUSDT,21,1,46,0.13987054212477829,-0.04766475159669699
XRPUSDT,21,1,47,0.060282288828548844,0.012831737822716552
XRPUSDT,21,1,48,-0.0460614223152446,-0.046306048479911356
XRPUSDT,21,1,49,-0.04694174276414423,-0.003481533307999084
XRPUSDT,21,1,50,0.026695166296970333,0.012535835456251688
XRPUSDT,21,1,51,0.027588927986348606,0.06381140179441555
XRPUSDT,21,1,52,-0.019161685067643368,-0.04012835174775656
XRPUSDT,21,1,53,-0.032331433090138424,-0.08222700235007657
XRPUSDT,21,1,54,0.029350196410404344,0.03573689221451962
XRPUSDT,21,1,55,0.013268269280654808,-0.03561385940539938
XRPUSDT,21,1,56,-0.05544090687897626,-0.03147565722782369
XRPUSDT,21,2,1,0.5198383848129312,0.5198383848129311
XRPUSDT,21,2,2,-0.03507812029072129,-0.41836589732601875
XRPUSDT,21,2,3,-0.09505970614244784,0.24630852889727944
XRPUSDT,21,2,4,-0.0540595588892995,-0.21796339881710386
XRPUSDT,21,2,5,0.004730198596902387,0.2078708839605649
XRPUSDT,21,2,6,0.05562064398700586,-0.11663692121746853
XRPUSDT,21,2,7,-0.014637897725136751,-0.009341084294259202
XRPUSDT,21,2,8,-0.08743650057625382,-0.04823392557311916
XRPUSDT,21,2,9,-0.07109141094446689,-0.006596922318272565
XRPUSDT,21,2,10,-0.041967683892239836,-0.03115257206609365
XRPUSDT,21,2,11,-0.002559673791277299,0.040790765621412345
XRPUSDT,21,2,12,0.014646858301606192,-0.05271189010151046
XRPUSDT,21,2,13,-0.006881232488791008,0.03159325189890615
XRPUSDT,21,2,14,-0.03138855937038168,-0.059710990806968026
XRPUSDT,21,2,15,-0.003368648828361969,0.08264268042393697
XRPUSDT,21,2,16,0.04649716927565353,-0.01771701787573478
XRPUSDT,21,2,17,0.08428244400492423,0.09661749697808875
XRPUSDT,21,2,18,0.10525363464296013,0.01774344066048376
XRPUSDT,21,2,19,0.056846917026074445,-0.009941493554035537
XRPUSDT,21,2,20,-0.22147146982002638,-0.421435076712648
XRPUSDT,21,2,21,-0.4491925223726446,-0.04760197049641344
XRPUSDT,21,2,22,-0.26695784347882884,-0.017209888344913236
XRPUSDT,21,2,23,-0.03685868841619285,-0.07263131906959909
XRPUSDT,21,2,24,-0.05131084458776288,-0.1269810014564164
XRPUSDT,21,2,25,-0.12144543918675225,-0.06777063224376445
XRPUSDT,21,2,26,-0.0731450830924888,0.1095126416505841
XRPUSDT,21,2,27,-0.001335171685562104,-0.046137793089642186
XRPUSDT,21,2,28,0.04002289757662375,0.0018395569557486514
XRPUSDT,21,2,29,0.05397376022197959,-0.02524912787188914
XRPUSDT,21,2,30,0.03689975050239872,0.01771862225932209
XRPUSDT,21,2,31,0.02038332485660864,-0.004396993807909118
XRPUSDT,21,2,32,-0.010293947043564726,-0.0901372307651316
XRPUSDT,21,2,33,-0.02056687491658208,0.013006869377160737
XRPUSDT,21,2,34,0.03150069447562434,0.00677019191059018
XRPUSDT,21,2,35,0.0703044702186724,0.02301565758572051
XRPUSDT,21,2,36,0.03549355529591603,-0.0035608216473942346
XRPUSDT,21,2,37,0.02946521347477976,0.1219065121905611
XRPUSDT,21,2,38,0.013116517005785241,-0.042885930840009766
XRPUSDT,21,2,39,-0.032556993668917344,0.1094485565319861
XRPUSDT,21,2,40,0.020334950377965916,0.06918581293283217
XRPUSDT,21,2,41,0.07815344080049776,-0.20394495167509985
XRPUSDT,21,2,42,0.034551341912780136,-0.042882556965566615
XRPUSDT,21,2,43,-0.0212266950365451,-0.05808453571596298
XRPUSDT,21,2,44,-0.0359248348889003,-0.037569902648115557
XRPUSDT,21,2,45,0.01006400127388632,-0.08472276836921387
XRPUSDT,21,2,46,0.10988268688987124,0.035447000196414245
XRPUSDT,21,2,47,0.08553363935353396,-0.016671705621475248
XRPUSDT,21,2,48,-0.04178837545992994,-0.031625104753310256
XRPUSDT,21,2,49,-0.06203895376441855,0.03338660568538183
XRPUSDT,21,2,50,0.009004890057385462,0.02347588742385789
XRPUSDT,21,2,51,0.02973590685251138,0.018231962228782626
XRPUSDT,21,2,52,-0.01290241872695021,-0.10890996063232766
XRPUSDT,21,2,53,-0.022826328405180306,0.01759022349249059
XRPUSDT,21,2,54,0.010489098758241382,-0.002548303162373676
XRPUSDT,21,2,55,-0.00658333627444541,-0.06572119759238002
XRPUSDT,21,2,56,-0.04268193753718201,-0.002014690440144668
XRPUSDT,21,3,1,0.6785392524415187,0.678539252441519
XRPUSDT,21,3,2,0.271244367292408,-0.35058671219778526
XRPUSDT,21,3,3,-0.0650194971540576,-0.15997019430403162
XRPUSDT,21,3,4,-0.04318999524572749,0.38300800744677044
XRPUSDT,21,3,5,0.007177866246652239,-0.22443474740850167
XRPUSDT,21,3,6,0.039958877435539324,-0.050370195044708854
XRPUSDT,21,3,7,-0.032953098846177566,0.06464924374010247
XRPUSDT,21,3,8,-0.08169727677886317,-0.09021282445354999
XRPUSDT,21,3,9,-0.10480880979404193,-0.02446536215479626
XRPUSDT,21,3,10,-0.05689764917087946,0.0672885154175712
XRPUSDT,21,3,11,-0.017171312279144892,-0.042048755581036115
XRPUSDT,21,3,12,0.004939650679832061,-0.023393444025870565
XRPUSDT,21,3,13,-0.012960625179195748,0.02099983511890683
XRPUSDT,21,3,14,-0.02030331537204231,-0.005613235035507133
XRPUSDT,21,3,15,-0.003283095236735771,0.02755666038578008
XRPUSDT,21,3,16,0.05243435527755557,0.07019484173392501
XRPUSDT,21,3,17,0.09673318411205672,0.012358972647761222
XRPUSDT,21,3,18,0.09987464438442195,-0.012688600046047866
XRPUSDT,21,3,19,-0.10651361699431461,-0.4375334777332694
XRPUSDT,21,3,20,-0.3186731704067627,-0.013678668574435017
XRPUSDT,21,3,21,-0.4653122238038582,-0.07951672379950273
XRPUSDT,21,3,22,-0.32239762744614453,0.014802975177155139
XRPUSDT,21,3,23,-0.184194407147632,-0.14690086732705487
XRPUSDT,21,3,24,-0.08738389130844955,-0.05962634229897007
XRPUSDT,21,3,25,-0.12813095018734866,0.060506769459099
XRPUSDT,21,3,26,-0.08796687924469894,0.04583588956902724
XRPUSDT,21,3,27,-0.03278395039765589,-0.06365924877858327
XRPUSDT,21,3,28,0.055967629420340684,-0.009409920150448595
XRPUSDT,21,3,29,0.06823468771692776,0.03736945522643149
XRPUSDT,21,3,30,0.05648210623509179,-0.06488752145686992
XRPUSDT,21,3,31,0.020540984466465764,0.018954894739157273
XRPUSDT,21,3,32,-0.0008105271313758702,-0.0762826925352887
XRPUSDT,21,3,33,0.0067899928875106855,0.005469064316036511
XRPUSDT,21,3,34,0.033348309427280565,0.06964194365953955
XRPUSDT,21,3,35,0.06268671976529044,0.004199714437707607
XRPUSDT,21,3,36,0.059806369231980135,0.011205530853740818
XRPUSDT,21,3,37,0.040184396300701024,0.11526803024738898
XRPUSDT,21,3,38,0.021363090200073345,0.028211987893470767
XRPUSDT,21,3,39,0.01703356763681325,-0.013599026897217873
XRPUSDT,21,3,40,0.053854506676343894,-0.10778512026745826
XRPUSDT,21,3,41,0.06576772831579457,-0.08359082738409643
XRPUSDT,21,3,42,0.056394015162036064,-0.03187157329643848
XRPUSDT,21,3,43,-0.008465554645305219,-0.06432228927678338
XRPUSDT,21,3,44,-0.0009333723763836757,-0.040234036661577696
XRPUSDT,21,3,45,0.03130574623696972,0.0001571375984496364
XRPUSDT,21,3,46,0.09459858573788095,0.017873633061166152
XRPUSDT,21,3,47,0.049937829833635955,-0.02919157643617164
XRPUSDT,21,3,48,-0.010626490662261474,-0.012763508080001823
XRPUSDT,21,3,49,-0.04922903345171414,0.06665988770281636
XRPUSDT,21,3,50,-0.021443814996578922,-0.030487917989045182
XRPUSDT,21,3,51,0.00781638682239081,-0.016843255189561174
XRPUSDT,21,3,52,0.006783807931590719,-0.05143991917881587
XRPUSDT,21,3,53,-0.009767121280175017,-0.036054230205411986
XRPUSDT,21,3,54,-0.018764749263330934,0.037824218533036365
XRPUSDT,21,3,55,-0.027979769784399797,-0.07622515614169811
XRPUSDT,21,3,56,-0.05494377880964403,-0.042323753606801996
XRPUSDT,21,4,1,0.767289705210423,0.7672897052104231
XRPUSDT,21,4,2,0.4620264978382189,-0.3080897455379433
XRPUSDT,21,4,3,0.20141880952882385,-0.069622685610529
XRPUSDT,21,4,4,0.0012538548231317858,-0.08937334612421903
XRPUSDT,21,4,5,-0.006433042909519077,0.28518251453893206
XRPUSDT,21,4,6,0.012304475990392515,-0.14339970406838468
XRPUSDT,21,4,7,-0.04114888427148444,-0.18910692111250546
XRPUSDT,21,4,8,-0.0901415869624154,0.0038010020173053316
XRPUSDT,21,4,9,-0.09702198368557587,0.17814921650550564
XRPUSDT,21,4,10,-0.08599593683799417,-0.06849659795197237
XRPUSDT,21,4,11,-0.03697880539181155,-0.05199279720456281
XRPUSDT,21,4,12,-0.014218837160057304,-0.058176738671715654
XRPUSDT,21,4,13,-0.011633510895444002,0.13424325772605963
XRPUSDT,21,4,14,-0.011092157872366955,-0.03913257696593401
XRPUSDT,21,4,15,0.013867589143214587,0.04459061601845678
XRPUSDT,21,4,16,0.052641594068927024,-0.015854376885315616
XRPUSDT,21,4,17,0.07237771153588905,0.0339695384810362
XRPUSDT,21,4,18,-0.04907015510993701,-0.42063507668549055
XRPUSDT,21,4,19,-0.2232187788239007,-0.06503804683603309
XRPUSDT,21,4,20,-0.3713227784671743,-0.07658814212765518
XRPUSDT,21,4,21,-0.46600962977696403,-0.017207807171906266
XRPUSDT,21,4,22,-0.3906271460282894,-0.04387904919368349
XRPUSDT,21,4,23,-0.27117117368427446,-0.041476143087016804
XRPUSDT,21,4,24,-0.18959385420358205,-0.018180484380892502
XRPUSDT,21,4,25,-0.1412250824007025,-0.03666190095017676
XRPUSDT,21,4,26,-0.08713245368253955,0.0989735154748889
XRPUSDT,21,4,27,-0.03777197960183691,-0.02313860161228271
XRPUSDT,21,4,28,0.029182699237379973,-0.04764471866259359
XRPUSDT,21,4,29,0.07779075622552294,-0.042570220763706625
XRPUSDT,21,4,30,0.06164966878830734,-0.0034216055595196536
XRPUSDT,21,4,31,0.03892814456897342,0.04372475590644212
XRPUSDT,21,4,32,0.024459118891007804,-0.05740219109009438
XRPUSDT,21,4,33,0.022045677704285827,-0.03278589766361458
XRPUSDT,21,4,34,0.03994950677630279,0.05531531091318425
XRPUSDT,21,4,35,0.06668636942492798,0.14995696290789615
XRPUSDT,21,4,36,0.05252773509778287,-0.05430986491342353
XRPUSDT,21,4,37,0.058232632559169495,0.07534586190980132
XRPUSDT,21,4,38,0.06698599160242467,0.010140515773707726
XRPUSDT,21,4,39,0.05731472129013246,-0.18478924994624374
XRPUSDT,21,4,40,0.08172878617372034,-0.007518257638788371
XRPUSDT,21,4,41,0.08327979845585004,-0.046062966522376604
XRPUSDT,21,4,42,0.04806769058741491,-0.05984889025546751
XRPUSDT,21,4,43,0.038486416643252315,-0.056404132355421015
XRPUSDT,21,4,44,0.04160476729481093,0.0329923943049676
XRPUSDT,21,4,45,0.03690000357427089,-0.013362084286940646
XRPUSDT,21,4,46,0.060395981979776546,0.016749364819934894
XRPUSDT,21,4,47,0.03715775651289943,-0.033625806624095395
XRPUSDT,21,4,48,-0.011486870223825265,0.001139133000046246
XRPUSDT,21,4,49,-0.02778257761134582,0.04245343047632205
XRPUSDT,21,4,50,-0.03083804152345496,-0.03505465013568567
XRPUSDT,21,4,51,-0.012569596034446023,-0.029894525515958725
XRPUSDT,21,4,52,0.0006570374095742056,-0.056572490290755006
XRPUSDT,21,4,53,-0.011851421061405642,0.008996170529867243
XRPUSDT,21,4,54,-0.02696048748088918,-0.011740465033757851
XRPUSDT,21,4,55,-0.05528612909083245,-0.10348877357353492
XRPUSDT,21,4,56,-0.08945173956378244,0.07397231871338812
XRPUSDT,21,5,1,0.8137152366322274,0.8137152366322276
XRPUSDT,21,5,2,0.5981998856544045,-0.18922387647779962
XRPUSDT,21,5,3,0.393738021341405,-0.09564856794587766
XRPUSDT,21,5,4,0.19379509701848074,-0.1376707539228537
XRPUSDT,21,5,5,0.0069019015752959595,-0.12704883126524452
XRPUSDT,21,5,6,-0.01362034031709538,0.34260321576439795
XRPUSDT,21,5,7,-0.06317337965771798,-0.2668862589451426
XRPUSDT,21,5,8,-0.09381964816936239,0.03343704261718541
XRPUSDT,21,5,9,-0.10500979194475572,-0.05659341391739748
XRPUSDT,21,5,10,-0.0869353516591895,0.01907489767234892
XRPUSDT,21,5,11,-0.07453863325203296,0.1565241713487722
XRPUSDT,21,5,12,-0.028989211424437385,-0.1074164909579572
XRPUSDT,21,5,13,-0.01131582083749803,-0.014815047990861785
XRPUSDT,21,5,14,0.005537801778177495,0.00014990643389279466
XRPUSDT,21,5,15,0.026262469102737964,0.05946736662101977
XRPUSDT,21,5,16,0.03775197202038585,0.021540075484732465
XRPUSDT,21,5,17,-0.06096462361764092,-0.42804627995490035
XRPUSDT,21,5,18,-0.17500059608006724,-0.061890269262928094
XRPUSDT,21,5,19,-0.29419674192227707,-0.10608917231633239
XRPUSDT,21,5,20,-0.39726395569273126,0.004254626054633775
XRPUSDT,21,5,21,-0.48041410786091215,-0.060402087020486425
XRPUSDT,21,5,22,-0.4158663242935746,0.0457405625874764
XRPUSDT,21,5,23,-0.3361365833369692,-0.014947641981011906
XRPUSDT,21,5,24,-0.255541399754524,-0.06043491152709133
XRPUSDT,21,5,25,-0.1888856030434183,-0.028635594165241782
XRPUSDT,21,5,26,-0.08963219540389043,0.04554108842347086
XRPUSDT,21,5,27,-0.036146560292620554,0.03755080333611861
XRPUSDT,21,5,28,0.01770102697391459,-0.07788216321909985
XRPUSDT,21,5,29,0.0462176186784616,-0.03206590970721449
XRPUSDT,21,5,30,0.06707076834098995,-0.022788147691351863
XRPUSDT,21,5,31,0.06092115222529646,0.03199590254486203
XRPUSDT,21,5,32,0.044833545829805,-0.048262853884069284
XRPUSDT,21,5,33,0.030784457404282532,0.07951289561969929
XRPUSDT,21,5,34,0.045308953818643194,0.06466670360161195
XRPUSDT,21,5,35,0.05509926171113432,0.012972463507200879
XRPUSDT,21,5,36,0.056287056884030975,0.021017287447496064
XRPUSDT,21,5,37,0.0789965166734544,0.03826140739588974
XRPUSDT,21,5,38,0.10342480932394374,-0.15458428416535058
XRPUSDT,21,5,39,0.09684908359308213,-0.11103027260781764
XRPUSDT,21,5,40,0.10328261470797287,0.038789211015930386
XRPUSDT,21,5,41,0.0984018517399102,-0.06346729785471619
XRPUSDT,21,5,42,0.08184724796285692,-0.020499829332810884
XRPUSDT,21,5,43,0.06022254114665681,-0.032368621644471
XRPUSDT,21,5,44,0.061250327290713516,0.04008385735979069
XRPUSDT,21,5,45,0.03786056030478832,-0.023480291525126776
XRPUSDT,21,5,46,0.038843942526518974,0.01363718750059142
XRPUSDT,21,5,47,0.017328623924291714,-0.022353581132107253
XRPUSDT,21,5,48,-0.01380113529885348,-0.03936046057639812
XRPUSDT,21,5,49,-0.03290549983305155,0.04280941442583364
XRPUSDT,21,5,50,-0.016037946296871945,-0.01938524836199229
XRPUSDT,21,5,51,-0.01943814858766407,-0.009538177712462608
XRPUSDT,21,5,52,-0.026939801778750293,-0.1276260201695897
XRPUSDT,21,5,53,-0.02315861482059328,-0.01027771206308196
XRPUSDT,21,5,54,-0.031511369197620334,0.08505750852756332
XRPUSDT,21,5,55,-0.07332729342431576,-0.05597241273941295
XRPUSDT,21,5,56,-0.1009764023272298,0.011851561077823855
XRPUSDT,21,6,1,0.8645923483297444,0.8645923483297446
XRPUSDT,21,6,2,0.6860993556131917,-0.24326899498593543
XRPUSDT,21,6,3,0.5101902016327646,-0.07149917508918041
XRPUSDT,21,6,4,0.3351658680445117,-0.12009228998543822
XRPUSDT,21,6,5,0.15048757254314343,-0.1727319390254286
XRPUSDT,21,6,6,-0.011194131907313252,-0.049242861433400224
XRPUSDT,21,6,7,-0.07573541733683975,0.23627017319913768
XRPUSDT,21,6,8,-0.09822014402164031,-0.014212932781438365
XRPUSDT,21,6,9,-0.09734707510766236,0.010893652381747547
XRPUSDT,21,6,10,-0.09491604243541052,-0.08475931773014327
XRPUSDT,21,6,11,-0.07789293246113009,-0.0320639667024249
XRPUSDT,21,6,12,-0.056582251343591974,-0.024485724757433706
XRPUSDT,21,6,13,-0.01584450379208031,0.17185886563673836
XRPUSDT,21,6,14,0.009271029597395467,-0.04757421621199189
XRPUSDT,21,6,15,0.014964862919499616,-0.03612412204608156
XRPUSDT,21,6,16,-0.06723246552116523,-0.4481411663369747
XRPUSDT,21,6,17,-0.16654343982064998,-0.0777227494962432
XRPUSDT,21,6,18,-0.256715689331326,-0.05202609495497582
XRPUSDT,21,6,19,-0.34633737098501277,0.08139526426734725
XRPUSDT,21,6,20,-0.4320522339414117,-0.05913684766445827
XRPUSDT,21,6,21,-0.4901315324416036,-0.020407510532060472
XRPUSDT,21,6,22,-0.4396003335088788,0.05389158232912664
XRPUSDT,21,6,23,-0.3655924920234976,-0.10132378661113538
XRPUSDT,21,6,24,-0.29303231683449027,-0.07160197021819699
XRPUSDT,21,6,25,-0.2239565162553534,0.03867916149123463
XRPUSDT,21,6,26,-0.1240736520392717,0.11212015238872203
XRPUSDT,21,6,27,-0.0413401854164214,-0.06941902290126445
XRPUSDT,21,6,28,0.004820558720381466,-0.07337916901803465
XRPUSDT,21,6,29,0.02965058374336686,-0.07252211953334574
XRPUSDT,21,6,30,0.051828409117766365,0.01176693195234954
XRPUSDT,21,6,31,0.06935011806970431,0.11972478544365163
XRPUSDT,21,6,32,0.057324904203198905,0.01497335850897768
XRPUSDT,21,6,33,0.04681979688658843,0.0198225456965589
XRPUSDT,21,6,34,0.04029441531354714,-0.001860578186012663
XRPUSDT,21,6,35,0.05762604129420392,0.027827137356022033
XRPUSDT,21,6,36,0.07570882007100661,-0.016138296384253664
XRPUSDT,21,6,37,0.10491370546743477,-0.09453512994164988
XRPUSDT,21,6,38,0.12245783321405695,-0.07578183076631956
XRPUSDT,21,6,39,0.12244272116297385,-0.0858870371853109
XRPUSDT,21,6,40,0.12632504505814204,0.055839099228449394
XRPUSDT,21,6,41,0.12733535771138327,-0.03599351917846749
XRPUSDT,21,6,42,0.11447733968479158,0.01388442075817992
XRPUSDT,21,6,43,0.0804662419082522,-0.004385741260023255
XRPUSDT,21,6,44,0.05567091414668685,-0.03378885706826745
XRPUSDT,21,6,45,0.03994287052079389,-0.06690360845051702
XRPUSDT,21,6,46,0.034794427547057756,0.07200481800164255
XRPUSDT,21,6,47,0.001519421553989753,-0.009223367653791215
XRPUSDT,21,6,48,-0.028050199086993365,-0.01750042297877044
XRPUSDT,21,6,49,-0.030101418136528148,-0.0017357975163496283
XRPUSDT,21,6,50,-0.021334947206134186,-0.077935773032337
XRPUSDT,21,6,51,-0.021827755827329504,-0.041921373109698706
XRPUSDT,21,6,52,-0.03944823562873416,-0.008533271010741379
XRPUSDT,21,6,53,-0.048151412551485265,0.009020607137397331
XRPUSDT,21,6,54,-0.053487205686156905,0.07686402058723994
XRPUSDT,21,6,55,-0.07193143598082326,-0.07222042498822366
XRPUSDT,21,6,56,-0.10123088483453656,-0.00825801113767993
XRPUSDT,21,7,1,0.8726967786724409,0.872696778672441
XRPUSDT,21,7,2,0.7155712738783706,-0.19307185164223437
XRPUSDT,21,7,3,0.5599513128861267,-0.07233181518931006
XRPUSDT,21,7,4,0.4150561509200023,-0.05584344886098111
XRPUSDT,21,7,5,0.2550649043785108,-0.17814892558726111
XRPUSDT,21,7,6,0.10356062707789042,-0.07435610945491013
XRPUSDT,21,7,7,-0.06012406044754448,-0.20162812219685186
XRPUSDT,21,7,8,-0.0935813500313798,0.45010780073633366
XRPUSDT,21,7,9,-0.09715236580133137,-0.09347339620867418
XRPUSDT,21,7,10,-0.08873485438983053,0.012259018871745872
XRPUSDT,21,7,11,-0.08252254998164314,-0.034856288668553975
XRPUSDT,21,7,12,-0.06053193885704976,-0.061304297270532646
XRPUSDT,21,7,13,-0.043834476244697926,-0.024580024540435293
XRPUSDT,21,7,14,-0.022208942930135988,-0.16735213070737737
XRPUSDT,21,7,15,-0.08189767285309857,-0.15001709614515266
XRPUSDT,21,7,16,-0.15788808679639926,-0.06071134625728077
XRPUSDT,21,7,17,-0.23264583829397242,-0.04946963708495346
XRPUSDT,21,7,18,-0.2989411429043924,-0.0631367779104958
XRPUSDT,21,7,19,-0.37948327763308626,-0.126043986852798
XRPUSDT,21,7,20,-0.4432083177338187,-0.016926493302658222
XRPUSDT,21,7,21,-0.4809566458874835,0.058762239225197445
XRPUSDT,21,7,22,-0.42779630365660837,0.12680089062243252
XRPUSDT,21,7,23,-0.35384762920761575,-0.05747643453752761
XRPUSDT,21,7,24,-0.2872912113760313,-0.0908115798647176
XRPUSDT,21,7,25,-0.22959518830827716,-0.051967769017697944
XRPUSDT,21,7,26,-0.14443083831293396,0.010788324423907739
XRPUSDT,21,7,27,-0.07025133218604902,-0.09046517752858464
XRPUSDT,21,7,28,-0.006317981661406469,-0.017867579026591727
XRPUSDT,21,7,29,0.02214081933403351,0.1641775014996133
XRPUSDT,21,7,30,0.034154351608582996,-0.01718703659150612
XRPUSDT,21,7,31,0.044329998036554,0.008520791373275376
XRPUSDT,21,7,32,0.0565889237600324,-0.06526689108146017
XRPUSDT,21,7,33,0.045276965319758875,-0.0008853379051993218
XRPUSDT,21,7,34,0.048993431288615004,0.07014919294451773
XRPUSDT,21,7,35,0.07129144816972048,0.006710558174224522
XRPUSDT,21,7,36,0.09761387546000447,-0.08815780568174572
XRPUSDT,21,7,37,0.12107518964127498,-0.03828746616225512
XRPUSDT,21,7,38,0.13667651145349974,-0.011767675570382398
XRPUSDT,21,7,39,0.13394685887618932,-0.0973102887953274
XRPUSDT,21,7,40,0.15133988526027092,0.0166816511453747
XRPUSDT,21,7,41,0.15486899425060693,-0.02063716739521565
XRPUSDT,21,7,42,0.1276912131968316,0.022421968158738533
XRPUSDT,21,7,43,0.08621189887252012,-0.02117348122194398
XRPUSDT,21,7,44,0.054670276568008484,-0.0026566841052696605
XRPUSDT,21,7,45,0.027524840328269188,-0.03621335322074508
XRPUSDT,21,7,46,0.02280805091872915,0.03482939278286047
XRPUSDT,21,7,47,-0.007757648729426395,-0.05821121596633117
XRPUSDT,21,7,48,-0.038094105092225765,-0.06466315272345274
XRPUSDT,21,7,49,-0.04389876627128625,0.02331469009901894
XRPUSDT,21,7,50,-0.03381506486530059,0.032004234452547756
XRPUSDT,21,7,51,-0.033952022449388386,-0.00902771145120445
XRPUSDT,21,7,52,-0.042804352428790396,-0.10989635544835161
XRPUSDT,21,7,53,-0.06415537717040112,0.03116951581139063
XRPUSDT,21,7,54,-0.06865095614576606,0.0020918336310540766
XRPUSDT,21,7,55,-0.07420881403259594,-0.015095098159843704
XRPUSDT,21,7,56,-0.09651628823210764,-0.03200846297512254
XRPUSDT,28,1,1,0.045941170913519805,0.045941170913519784
XRPUSDT,28,1,2,-0.09606256096858143,-0.09838079378962303
XRPUSDT,28,1,3,-0.06627232631826649,-0.0575828839209537
XRPUSDT,28,1,4,0.0030022601894300997,-0.0005636536239417694
XRPUSDT,28,1,5,0.03417487148432425,0.022545537854577365
XRPUSDT,28,1,6,0.09731622268116168,0.09265071610680965
XRPUSDT,28,1,7,-0.06003077945550012,-0.0643784276249729
XRPUSDT,28,1,8,-0.12271176664861792,-0.09889343454209842
XRPUSDT,28,1,9,-0.05170416055870026,-0.044087661471112566
XRPUSDT,28,1,10,0.0004939373469513999,-0.024202920496785817
XRPUSDT,28,1,11,0.011500607288515985,-0.011894629379189113
XRPUSDT,28,1,12,-0.04765434929838055,-0.06209913602258945
XRPUSDT,28,1,13,-0.055200806946670816,-0.03844338794693457
XRPUSDT,28,1,14,-0.06810067761979742,-0.05913193861322032
XRPUSDT,28,1,15,-0.00882063826271373,-0.024261232467913736
XRPUSDT,28,1,16,0.0441565985671558,0.014352867871851357
XRPUSDT,28,1,17,0.04428281585802263,0.0233980075154083
XRPUSDT,28,1,18,-0.10229321723788175,-0.10082451236057634
XRPUSDT,28,1,19,-0.05810798327150784,-0.04485623106796826
XRPUSDT,28,1,20,-0.018842114234419217,-0.04002972749107374
XRPUSDT,28,1,21,0.014716808889599408,-0.02587761916521021
XRPUSDT,28,1,22,-0.019536339316606224,-0.061044939985008456
XRPUSDT,28,1,23,-0.0016289560916195524,-0.01888691865705359
XRPUSDT,28,1,24,0.0028762654814019997,0.013729457567340102
XRPUSDT,28,1,25,0.022551699532477893,0.014538971925806254
XRPUSDT,28,1,26,0.08229329254452739,0.05693182130426305
XRPUSDT,28,1,27,0.14937062794123412,0.13140325731236963
XRPUSDT,28,1,28,-0.10686200636164722,-0.11929325843675327
XRPUSDT,28,1,29,-0.051577827417296364,-0.023700223876486418
XRPUSDT,28,1,30,0.0679220349722669,0.05045908499857949
XRPUSDT,28,1,31,-0.0020518285197298675,-0.04596002046037908
XRPUSDT,28,1,32,-0.06061423073602144,-0.09226431387623761
XRPUSDT,28,1,33,0.013777271474767554,-0.0003965030231959704
XRPUSDT,28,1,34,-0.03424915460031035,-0.00461757320107258
XRPUSDT,28,1,35,-0.02510656843734902,-0.0024780934981590637
XRPUSDT,28,1,36,-0.016108464292281625,-0.05097239249462965
XRPUSDT,28,1,37,0.02940635632062362,0.03235431983286713
XRPUSDT,28,1,38,0.033486506613351126,0.04858325810404672
XRPUSDT,28,1,39,-0.06763976582420038,-0.07372932473404091
XRPUSDT,28,1,40,0.012540839927666846,0.016681303125378886
XRPUSDT,28,1,41,0.017084974660825217,0.0075452074245346895
XRPUSDT,28,1,42,0.04281342460859527,0.01984315454729902
XRPUSDT,28,1,43,-0.03185654010994604,-0.0679376660508579
XRPUSDT,28,1,44,-0.04954906225794119,-0.049717474278015907
XRPUSDT,28,1,45,-0.08111853020433465,-0.03013863587186737
XRPUSDT,28,1,46,0.10809084390702901,0.0914504864802132
XRPUSDT,28,1,47,0.03861889558308635,-0.006690327559592585
XRPUSDT,28,1,48,-0.03213550117585754,-0.01900505969153629
XRPUSDT,28,1,49,-0.009896244226328628,0.031214353936222246
XRPUSDT,28,1,50,0.01695504967562121,0.0072849929031031406
XRPUSDT,28,1,51,0.03094499591819642,0.009950750516972938
XRPUSDT,28,1,52,-0.010413251951513188,-0.060017843715645836
XRPUSDT,28,1,53,-0.024980897215639942,-0.05404847249139258
XRPUSDT,28,1,54,-0.023641664419871186,-0.030227624740667407
XRPUSDT,28,1,55,-0.03458602654030305,-0.013756347996784518
XRPUSDT,28,1,56,-0.052814879839574724,-0.07286844571709869
XRPUSDT,28,2,1,0.44328869596556664,0.44328869596556664
XRPUSDT,28,2,2,-0.11355713329476876,-0.38589157408158825
XRPUSDT,28,2,3,-0.12388806827962096,0.17099952194211102
XRPUSDT,28,2,4,-0.04277809158993929,-0.13564069753354954
XRPUSDT,28,2,5,0.06501366139977348,0.17810988483889006
XRPUSDT,28,2,6,0.09718032275827483,-0.06284446792745074
XRPUSDT,28,2,7,-0.020134386473229893,-0.029991285122983397
XRPUSDT,28,2,8,-0.1312578202487548,-0.0946069601395503
XRPUSDT,28,2,9,-0.10002190287215597,0.01671184791166603
XRPUSDT,28,2,10,-0.04138453009306351,-0.07053636669789992
XRPUSDT,28,2,11,-0.015098264529163559,0.008567604962258928
XRPUSDT,28,2,12,-0.055091272770004585,-0.11271799330196576
XRPUSDT,28,2,13,-0.08666666608188832,0.01450759390285953
XRPUSDT,28,2,14,-0.06233330814030683,-0.056152909205045974
XRPUSDT,28,2,15,0.013231592719767751,0.07121352933921102
XRPUSDT,28,2,16,0.09005433353090242,0.02130431194100823
XRPUSDT,28,2,17,0.038642928461772745,-0.038552043394999874
XRPUSDT,28,2,18,-0.08956542752392921,-0.08508465200301236
XRPUSDT,28,2,19,-0.08643624332718904,0.03339513256061945
XRPUSDT,28,2,20,0.011741077266174401,-0.014899570152239399
XRPUSDT,28,2,21,0.020639036644682834,-0.04722633534167495
XRPUSDT,28,2,22,-0.015036938052941243,-0.029310987198355863
XRPUSDT,28,2,23,-0.0124481578644275,0.02142240346699606
XRPUSDT,28,2,24,0.03825713067362846,0.07070945774600736
XRPUSDT,28,2,25,0.0935721670804664,0.045448389859724506
XRPUSDT,28,2,26,0.1560804193355995,0.12903235653951128
XRPUSDT,28,2,27,0.0024207300856068383,-0.21458785980989692
XRPUSDT,28,2,28,-0.2243203806753968,-0.06971654111544008
XRPUSDT,28,2,29,-0.14105228680349985,0.020792803570173973
XRPUSDT,28,2,30,0.032566322103417124,-0.006937793213289681
XRPUSDT,28,2,31,0.00999521878446409,-0.12783435425551937
XRPUSDT,28,2,32,-0.06563397534069206,-0.023278363490301643
XRPUSDT,28,2,33,-0.048179172327128664,0.039605194906936286
XRPUSDT,28,2,34,-0.062407477224354684,-0.033754733132690236
XRPUSDT,28,2,35,-0.06058218044336947,-0.02684141901445281
XRPUSDT,28,2,36,0.0009533564472055148,-0.01322511751084592
XRPUSDT,28,2,37,0.048320929145606,0.044307701607602175
XRPUSDT,28,2,38,0.019448884459715716,-0.03866226675440384
XRPUSDT,28,2,39,-0.06239791444578211,-0.07909461692309536
XRPUSDT,28,2,40,-0.025641230525371542,0.03817556713264168
XRPUSDT,28,2,41,0.05053741738955315,-0.03516991219173161
XRPUSDT,28,2,42,0.03374506264891068,-0.04315638471709523
XRPUSDT,28,2,43,-0.033070699557908964,-0.041262398225980636
XRPUSDT,28,2,44,-0.09106585572550857,-0.022663906899919022
XRPUSDT,28,2,45,-0.04700580362262611,0.036472871625971445
XRPUSDT,28,2,46,0.08715585332207797,0.025278272753507577
XRPUSDT,28,2,47,0.0961852637607034,-0.016845328035979223
XRPUSDT,28,2,48,0.010112889977893733,0.022114629971971656
XRPUSDT,28,2,49,-0.008637116079651496,-0.010973654488865142
XRPUSDT,28,2,50,0.03997933640180312,0.03523148797001531
XRPUSDT,28,2,51,0.047491686502421214,-0.03222037687377936
XRPUSDT,28,2,52,0.022244164424638366,0.002761195994092308
XRPUSDT,28,2,53,0.013295481554133529,0.010473983511888366
XRPUSDT,28,2,54,-0.02979012555712271,0.003296601991536812
XRPUSDT,28,2,55,-0.09864284804697514,-0.1207754582812989
XRPUSDT,28,2,56,-0.11053299244509761,-0.07524697092901161
XRPUSDT,28,3,1,0.6367966854090443,0.6367966854090442
XRPUSDT,28,3,2,0.19531551273621717,-0.3535711490012384
XRPUSDT,28,3,3,-0.1368635557379704,-0.15391613695487613
XRPUSDT,28,3,4,-0.06221193563299983,0.3730808925880829
XRPUSDT,28,3,5,0.04683735702925733,-0.15320965317518742
XRPUSDT,28,3,6,0.08039018761755559,-0.09872186148331695
XRPUSDT,28,3,7,-0.00699646607396446,0.08595410457086433
XRPUSDT,28,3,8,-0.10334089517619517,-0.12408705277858767
XRPUSDT,28,3,9,-0.13443862201105877,-0.03888505967015459
XRPUSDT,28,3,10,-0.09959720564074233,0.03558685075889715
XRPUSDT,28,3,11,-0.06489597569856315,-0.09565026386356848
XRPUSDT,28,3,12,-0.07696745631938048,-0.06628802816771609
XRPUSDT,28,3,13,-0.09153625607245758,0.046737661047901315
XRPUSDT,28,3,14,-0.06477951195094275,0.004291104831714878
XRPUSDT,28,3,15,0.02521144209388856,0.0584045726788644
XRPUSDT,28,3,16,0.06719795951094147,-0.03730718011102535
XRPUSDT,28,3,17,0.03701008716001628,-0.05161159637159291
XRPUSDT,28,3,18,-0.05151419028851818,-0.02022179356882395
XRPUSDT,28,3,19,-0.06714106703302335,0.03840303609035869
XRPUSDT,28,3,20,-0.04553638755742598,-0.07629316471952756
XRPUSDT,28,3,21,-0.003762555965930607,-0.022138100331797597
XRPUSDT,28,3,22,-0.008754887988205916,0.01458660071098729
XRPUSDT,28,3,23,0.015179105672633305,0.06802850006254965
XRPUSDT,28,3,24,0.07576349714369704,0.09798356021849461
XRPUSDT,28,3,25,0.15386439599255322,0.05160495029487165
XRPUSDT,28,3,26,0.06988336305826658,-0.23986238883030364
XRPUSDT,28,3,27,-0.08894089322357968,-0.038067709855041335
XRPUSDT,28,3,28,-0.2297673590651883,-0.009243000075316456
XRPUSDT,28,3,29,-0.17163399522641754,-0.012080930489721226
XRPUSDT,28,3,30,-0.06402060543144483,-0.0720536429696399
XRPUSDT,28,3,31,-0.014944327470976562,-0.09683310781227057
XRPUSDT,28,3,32,-0.05689548563575331,0.04310565760427001
XRPUSDT,28,3,33,-0.09563739684434866,0.039846522018347735
XRPUSDT,28,3,34,-0.10107787236683705,-0.10439476260409838
XRPUSDT,28,3,35,-0.0501943893746296,0.042180347742847124
XRPUSDT,28,3,36,0.002474990334610102,0.003626473455938062
XRPUSDT,28,3,37,0.03575055857116225,-0.03459752878208283
XRPUSDT,28,3,38,0.013187247684027516,-0.010123680090121021
XRPUSDT,28,3,39,-0.02957661629741583,-0.07065453962385032
XRPUSDT,28,3,40,-0.00970020109482298,0.021727654741175637
XRPUSDT,28,3,41,0.017171345343562076,-0.05237653396510873
XRPUSDT,28,3,42,0.022571118990479307,-0.03775474819728694
XRPUSDT,28,3,43,-0.052509495037437535,-0.015793375539835473
XRPUSDT,28,3,44,-0.06321559389200761,0.05236890414764724
XRPUSDT,28,3,45,-0.01997251837030733,-0.004578777304380715
XRPUSDT,28,3,46,0.07861693522231007,0.028332774967434634
XRPUSDT,28,3,47,0.09414804918492536,0.004904336281844084
XRPUSDT,28,3,48,0.05920102208682621,-0.030105314950280244
XRPUSDT,28,3,49,0.02732919923419677,0.05340299120855631
XRPUSDT,28,3,50,0.03470703462305731,-0.029833005760421315
XRPUSDT,28,3,51,0.060102484479874686,0.021989864024601413
XRPUSDT,28,3,52,0.057390607527953046,0.04903508404769216
XRPUSDT,28,3,53,0.021411456989862666,-0.024408066790265276
XRPUSDT,28,3,54,-0.05831229294020426,-0.16343115846331124
XRPUSDT,28,3,55,-0.13636115360955092,-0.07496905238703828
XRPUSDT,28,3,56,-0.15487568890152584,0.03526664963925453
XRPUSDT,28,4,1,0.7053675613668201,0.7053675613668202
XRPUSDT,28,4,2,0.39080935444070025,-0.21242439938434796
XRPUSDT,28,4,3,0.12490464006804525,-0.12397280893923274
XRPUSDT,28,4,4,-0.058744493693206314,-0.07037282083552067
XRPUSDT,28,4,5,-0.004140175017789546,0.28412100187112077
XRPUSDT,28,4,6,0.034042120083212946,-0.10589029787903874
XRPUSDT,28,4,7,-0.0036647804685291645,-0.15899893978086235
XRPUSDT,28,4,8,-0.0905742636017274,-0.1173106942619417
XRPUSDT,28,4,9,-0.12408803983832702,0.18059200082557597
XRPUSDT,28,4,10,-0.14197951870368397,-0.09983116433191525
XRPUSDT,28,4,11,-0.1230341349258872,-0.08420479068217625
XRPUSDT,28,4,12,-0.11087697227904333,-0.09986370953723181
XRPUSDT,28,4,13,-0.08752635251794233,0.16933515709016875
XRPUSDT,28,4,14,-0.04466372798133833,0.006368548721687292
XRPUSDT,28,4,15,0.0001960512552789807,-0.028659666700157536
XRPUSDT,28,4,16,0.04109823129334532,-0.05740482125770577
XRPUSDT,28,4,17,0.036359775389061336,0.05972438438014795
XRPUSDT,28,4,18,-0.019823750071693343,-0.09701716454119447
XRPUSDT,28,4,19,-0.061050397519230755,-0.00996221784571331
XRPUSDT,28,4,20,-0.06238076911576523,-0.011849869255731655
XRPUSDT,28,4,21,-0.044850128514635636,0.03345913537752003
XRPUSDT,28,4,22,0.003774290530622782,-0.009318317377296456
XRPUSDT,28,4,23,0.05477381744140057,0.07691815743936156
XRPUSDT,28,4,24,0.11925259552149652,0.1321163127813936
XRPUSDT,28,4,25,0.06647651085470911,-0.23132068015860596
XRPUSDT,28,4,26,-0.01616231124027004,-0.09838990556724808
XRPUSDT,28,4,27,-0.11892914698227085,-0.040323705342043534
XRPUSDT,28,4,28,-0.21892814139330405,0.023376355327561493
XRPUSDT,28,4,29,-0.18691712439887812,-0.05076695367014586
XRPUSDT,28,4,30,-0.1166692432965354,-0.035900678687845515
XRPUSDT,28,4,31,-0.08025414586003578,-0.0801967347710482
XRPUSDT,28,4,32,-0.08621829622993608,0.016531678328218044
XRPUSDT,28,4,33,-0.09422159937996714,0.028415099085305272
XRPUSDT,28,4,34,-0.10404679936773503,-0.006775256066186443
XRPUSDT,28,4,35,-0.05815633444333735,-0.029842380551646983
XRPUSDT,28,4,36,-0.009315549886549467,-0.04610119095582983
XRPUSDT,28,4,37,0.01546205814906312,0.027872673230259302
XRPUSDT,28,4,38,0.024640544171905133,0.004460945497069634
XRPUSDT,28,4,39,-0.0008454787725671832,-0.09946442313681886
XRPUSDT,28,4,40,0.007422844618650215,-0.02746428564519889
XRPUSDT,28,4,41,-0.003139681454477826,-0.016388621696810008
XRPUSDT,28,4,42,-0.02899466071171585,0.015563005346609558
XRPUSDT,28,4,43,-0.03298694376999624,0.01010917369470266
XRPUSDT,28,4,44,-0.025688926991010285,-0.001557910365223364
XRPUSDT,28,4,45,0.005302481513348709,0.022088310574887093
XRPUSDT,28,4,46,0.07341351071722416,0.059751606273593924
XRPUSDT,28,4,47,0.09349376362760646,-0.05100693841520248
XRPUSDT,28,4,48,0.07918767274364544,-0.01798336906668994
XRPUSDT,28,4,49,0.06263990766500636,0.03765302748769583
XRPUSDT,28,4,50,0.054217130612279875,0.061413679869951
XRPUSDT,28,4,51,0.06651959727055448,3.707896817688443e-05
XRPUSDT,28,4,52,0.05622197250554037,-0.03312313426305589
XRPUSDT,28,4,53,0.002904896818723349,-0.12518094276547592
XRPUSDT,28,4,54,-0.080455157731002,-0.07804052813495846
XRPUSDT,28,4,55,-0.15193503588985874,-0.0499258902707466
XRPUSDT,28,4,56,-0.19430189755552685,-0.04488218276394915
XRPUSDT,28,5,1,0.7738134788122153,0.7738134788122151
XRPUSDT,28,5,2,0.5356642631314072,-0.15733060508481425
XRPUSDT,28,5,3,0.3356442540179243,-0.05706794232962467
XRPUSDT,28,5,4,0.1488221680662313,-0.12228840815564576
XRPUSDT,28,5,5,-0.0265262894297901,-0.1309181829180978
XRPUSDT,28,5,6,-0.009649821213018415,0.32609153667690327
XRPUSDT,28,5,7,-0.036574712910500067,-0.22407593315367977
XRPUSDT,28,5,8,-0.09872388249997914,-0.10159520148360773
XRPUSDT,28,5,9,-0.14517364434910124,-0.050579834751012284
XRPUSDT,28,5,10,-0.16079105651268846,-0.03934586519906833
XRPUSDT,28,5,11,-0.17592236873072073,0.13316809593084764
XRPUSDT,28,5,12,-0.15169250025932504,-0.08445518119567508
XRPUSDT,28,5,13,-0.09296005318559429,0.03255458276102115
XRPUSDT,28,5,14,-0.049689605665254974,-0.0239903242736261
XRPUSDT,28,5,15,-0.012759203096717303,0.02123730886716909
XRPUSDT,28,5,16,0.011700836510859087,0.02975842475473399
XRPUSDT,28,5,17,0.024135829336415594,-0.04289965520414405
XRPUSDT,28,5,18,-0.01697150194564289,-0.11325471639070779
XRPUSDT,28,5,19,-0.02617552829577636,0.05493536941433131
XRPUSDT,28,5,20,-0.04077372532577863,-0.03866286312853858
XRPUSDT,28,5,21,-0.020528375573427984,0.10799211349103299
XRPUSDT,28,5,22,0.01573054040679685,0.04151014076963563
XRPUSDT,28,5,23,0.1039678079455856,0.08074171640257204
XRPUSDT,28,5,24,0.06451623851474411,-0.2519548434968862
XRPUSDT,28,5,25,0.0005487914977809187,-0.05513816750832172
XRPUSDT,28,5,26,-0.06470835084445337,0.021644273511981647
XRPUSDT,28,5,27,-0.12560113959184382,-0.05126002786317715
XRPUSDT,28,5,28,-0.21403579391876545,-0.054280783625803034
XRPUSDT,28,5,29,-0.202428075021914,-0.07524755031599409
XRPUSDT,28,5,30,-0.1719854963317377,0.010437858572836325
XRPUSDT,28,5,31,-0.15346357318940684,0.03789742114339479
XRPUSDT,28,5,32,-0.1413814441926695,-0.04457226693871433
XRPUSDT,28,5,33,-0.10659321222512401,-0.004259344524738668
XRPUSDT,28,5,34,-0.09158562924907342,-0.03017921854692985
XRPUSDT,28,5,35,-0.0779255429180531,-0.019260014846996465
XRPUSDT,28,5,36,-0.04433975505277078,0.005479213238236456
XRPUSDT,28,5,37,0.004765258139054861,0.031095105432187773
XRPUSDT,28,5,38,0.02127785725458181,-0.08676347431532375
XRPUSDT,28,5,39,0.004323085116717171,-0.09609527751959591
XRPUSDT,28,5,40,0.0006243587785328663,0.0073140784223827355
XRPUSDT,28,5,41,-0.015821787858184937,0.03501615050479652
XRPUSDT,28,5,42,-0.03470327562152277,0.02091663341151452
XRPUSDT,28,5,43,-0.038296653273108536,-0.011294115618301829
XRPUSDT,28,5,44,0.0009361956477961677,0.006972949690169311
XRPUSDT,28,5,45,0.028410881640698885,0.024603970607840295
XRPUSDT,28,5,46,0.07507097361928637,0.024320368291668934
XRPUSDT,28,5,47,0.0929724364516583,0.006108926971774641
XRPUSDT,28,5,48,0.08506562440867833,-0.05797924786701531
XRPUSDT,28,5,49,0.07901760247670088,0.07312657557698679
XRPUSDT,28,5,50,0.09391302425568003,0.04306446661771094
XRPUSDT,28,5,51,0.0636065092912435,-0.03740229884681356
XRPUSDT,28,5,52,0.014583191439044244,-0.13462281909409246
XRPUSDT,28,5,53,-0.027742991478937593,-0.07522547539799408
XRPUSDT,28,5,54,-0.09234876238504033,-0.05971742635674312
XRPUSDT,28,5,55,-0.17292166423145397,-0.05167508558266429
XRPUSDT,28,5,56,-0.18721372068038894,0.04717371564126209
XRPUSDT,28,6,1,0.816173059769414,0.8161730597694143
XRPUSDT,28,6,2,0.6208449845304848,-0.13566546010903943
XRPUSDT,28,6,3,0.4563255021112131,-0.02565917813918603
XRPUSDT,28,6,4,0.2951830754872204,-0.10929015053476716
XRPUSDT,28,6,5,0.1209830215374722,-0.15964161932507756
XRPUSDT,28,6,6,-0.03034956090627278,-0.07905236842887431
XRPUSDT,28,6,7,-0.06679363685333932,0.19762621884348008
XRPUSDT,28,6,8,-0.12320941991869054,-0.16456282276278494
XRPUSDT,28,6,9,-0.15085729958808514,0.048278640395126984
XRPUSDT,28,6,10,-0.16653715657686488,-0.07059680638824425
XRPUSDT,28,6,11,-0.16337735081892377,-0.02641897274871885
XRPUSDT,28,6,12,-0.15734499812465297,-0.030745714366724686
XRPUSDT,28,6,13,-0.11944272979467249,0.14159263034060038
XRPUSDT,28,6,14,-0.06733200077237915,-0.043872070126453375
XRPUSDT,28,6,15,-0.02820993727208555,0.03774933515766161
XRPUSDT,28,6,16,-0.004907532732710649,-0.07357938181306704
XRPUSDT,28,6,17,-0.0028388990577644453,-0.048637672801764474
XRPUSDT,28,6,18,-0.013867692472569937,-0.06480578117633176
XRPUSDT,28,6,19,-0.006228791150634911,0.1421674093072084
XRPUSDT,28,6,20,0.00629499504798643,-0.02518660873999116
XRPUSDT,28,6,21,0.018163272855772707,0.05755262549696156
XRPUSDT,28,6,22,0.05166924935493939,0.04529475118767586
XRPUSDT,28,6,23,0.034743974675714974,-0.18056216098720393
XRPUSDT,28,6,24,0.011955816136422071,-0.02420035371932467
XRPUSDT,28,6,25,-0.034890708839113445,-0.039762157686031176
XRPUSDT,28,6,26,-0.08131540176744617,-0.05108431076980494
XRPUSDT,28,6,27,-0.14468506075876428,-0.0683554260674165
XRPUSDT,28,6,28,-0.22153294776365814,-0.06963450504884336
XRPUSDT,28,6,29,-0.22988783423928028,0.022108911269884218
XRPUSDT,28,6,30,-0.21722388182130853,0.025380762661346753
XRPUSDT,28,6,31,-0.20691721632718246,-0.06000684213012666
XRPUSDT,28,6,32,-0.19706098063128766,-0.007815870148362781
XRPUSDT,28,6,33,-0.15573519660055235,0.008695314390549573
XRPUSDT,28,6,34,-0.11920489644824325,-0.04756655870202036
XRPUSDT,28,6,35,-0.08944048603585435,0.006747533267970542
XRPUSDT,28,6,36,-0.06336569600218366,-0.04744006876249659
XRPUSDT,28,6,37,-0.02768675962519912,0.0085414478348867
XRPUSDT,28,6,38,-0.007886039109163188,-0.05312210822701826
XRPUSDT,28,6,39,-0.027171979071687637,-0.09086482587355428
XRPUSDT,28,6,40,-0.023041622159078717,0.0565892112490005
XRPUSDT,28,6,41,-0.01541781095358846,0.01316270339415147
XRPUSDT,28,6,42,-0.018811133859884654,-0.02646944455901454
XRPUSDT,28,6,43,-0.023524659759849183,0.023499809408062018
XRPUSDT,28,6,44,-0.0010633828873008939,0.0136325976122881
XRPUSDT,28,6,45,0.03787773231097205,0.024707858108138598
XRPUSDT,28,6,46,0.08395426148918783,0.07988082888054181
XRPUSDT,28,6,47,0.09204596839784972,-0.08779284754182318
XRPUSDT,28,6,48,0.09458382662331107,0.013413830513187848
XRPUSDT,28,6,49,0.10677707275511968,0.05208041823685757
XRPUSDT,28,6,50,0.0970278018963327,-0.016453053417602868
XRPUSDT,28,6,51,0.05654703246102557,-0.11824559451756715
XRPUSDT,28,6,52,-0.0078342769246852,-0.05005228508166514
XRPUSDT,28,6,53,-0.05301283342044866,-0.056327548429144385
XRPUSDT,28,6,54,-0.11367346300225249,-0.09254898765395529
XRPUSDT,28,6,55,-0.1420571717594593,0.08697111286367683
XRPUSDT,28,6,56,-0.1513537357313726,-0.033271646301610974
XRPUSDT,28,7,1,0.8310744297297581,0.831074429729758
XRPUSDT,28,7,2,0.6564142173802645,-0.11079468499976579
XRPUSDT,28,7,3,0.4989091403264251,-0.04904132687995894
XRPUSDT,28,7,4,0.37254933195620843,-0.005061782396169514
XRPUSDT,28,7,5,0.23383997676041043,-0.13701693198804185
XRPUSDT,28,7,6,0.09335872710025982,-0.10998905553183433
XRPUSDT,28,7,7,-0.08739208330347814,-0.2601272703985871
XRPUSDT,28,7,8,-0.15430346946053067,0.2148874196768353
XRPUSDT,28,7,9,-0.17125774073902625,0.039346759748602446
XRPUSDT,28,7,10,-0.1632107593779882,0.015033219949328479
XRPUSDT,28,7,11,-0.14935671109541362,0.03611991832437886
XRPUSDT,28,7,12,-0.14642990027319844,-0.09502448671582112
XRPUSDT,28,7,13,-0.14183787413952387,-0.022902338225908432
XRPUSDT,28,7,14,-0.10190152431017035,-0.0318877818313258
XRPUSDT,28,7,15,-0.05159566681476198,0.07260286466479307
XRPUSDT,28,7,16,-0.025974898032183297,-0.027759125607294943
XRPUSDT,28,7,17,-0.0032056802215436205,0.042116508995760256
XRPUSDT,28,7,18,-0.007612002536867388,-0.04863838802683249
XRPUSDT,28,7,19,0.019962751485382804,0.0799980757004336
XRPUSDT,28,7,20,0.04967574634664407,-0.009259769108444962
XRPUSDT,28,7,21,0.08264281323582472,0.04160375972068209
XRPUSDT,28,7,22,0.03399188545888169,-0.20744586381646277
XRPUSDT,28,7,23,0.0054147981709498725,0.04918841915076962
XRPUSDT,28,7,24,-0.02846566132767134,-0.02647739250346387
XRPUSDT,28,7,25,-0.04536563468953981,-0.051567844731198145
XRPUSDT,28,7,26,-0.10009767838198733,-0.09405831415692793
XRPUSDT,28,7,27,-0.16712520375942055,-0.09073403894179613
XRPUSDT,28,7,28,-0.2517825160568458,-0.03278309337170483
XRPUSDT,28,7,29,-0.25148176069308287,0.08004931640896495
XRPUSDT,28,7,30,-0.24402898830826736,-0.030767449293845322
XRPUSDT,28,7,31,-0.23440288633349776,-0.04202302979101676
XRPUSDT,28,7,32,-0.23354935984758893,-0.03217440101673294
XRPUSDT,28,7,33,-0.21502378937159763,-0.012793158075746078
XRPUSDT,28,7,34,-0.1710707363733604,0.018325481831788414
XRPUSDT,28,7,35,-0.10145232840881688,-0.032637624233066924
XRPUSDT,28,7,36,-0.06338402148051217,-0.034316606008552346
XRPUSDT,28,7,37,-0.048715856823616094,-0.02544946936341867
XRPUSDT,28,7,38,-0.041581927002647394,-0.04195305725453322
XRPUSDT,28,7,39,-0.04784755841215025,-0.0483211553372422
XRPUSDT,28,7,40,-0.03221339012738259,-0.006343078782885989
XRPUSDT,28,7,41,-0.004222820081438891,0.07762859064586244
XRPUSDT,28,7,42,0.006015493071309574,-0.024278756771207898
XRPUSDT,28,7,43,0.0023725479353706213,0.03623918977619497
XRPUSDT,28,7,44,0.007793887440462172,-0.03864065270276935
XRPUSDT,28,7,45,0.029769733817466313,0.06207362741935745
XRPUSDT,28,7,46,0.07789149213779899,0.015495640943320278
XRPUSDT,28,7,47,0.09963851465277128,0.005626898329976821
XRPUSDT,28,7,48,0.10477005436975866,0.03518896177763747
XRPUSDT,28,7,49,0.08757398876836135,-0.04300949675585301
XRPUSDT,28,7,50,0.06379599839414692,-0.1151453500525252
XRPUSDT,28,7,51,0.02412707714136909,-0.0760884318590505
XRPUSDT,28,7,52,-0.018331840272532072,-0.03856817596994779
XRPUSDT,28,7,53,-0.07265037798252132,-0.007034826147511341
XRPUSDT,28,7,54,-0.10298364066837983,0.017737718583149438
XRPUSDT,28,7,55,-0.11426431313383212,0.012102505925848439
XRPUSDT,28,7,56,-0.11319788457262048,-0.021573763084267988
