symbol,volatility_window,input_window,C,epsilon,fold,val_rmse
BTCUSDT,7,7,0.01,0.01,1,0.6831344847908131
BTCUSDT,7,7,0.01,0.01,2,0.868561213104171
BTCUSDT,7,7,0.01,0.01,3,1.1308428395190098
BTCUSDT,7,7,0.01,0.01,4,1.31395839744039
BTCUSDT,7,7,0.01,0.01,5,1.4900130315806146
BTCUSDT,7,7,0.01,0.1,1,0.6897373737633129
BTCUSDT,7,7,0.01,0.1,2,0.873588073285809
BTCUSDT,7,7,0.01,0.1,3,1.1336522758202023
BTCUSDT,7,7,0.01,0.1,4,1.3226701362502713
BTCUSDT,7,7,0.01,0.1,5,1.4987034447730658
BTCUSDT,7,7,0.1,0.01,1,0.7160865538988631
BTCUSDT,7,7,0.1,0.01,2,0.9041210470211055
BTCUSDT,7,7,0.1,0.01,3,1.165050365709979
BTCUSDT,7,7,0.1,0.01,4,1.3035908694866
BTCUSDT,7,7,0.1,0.01,5,1.4739666934888647
BTCUSDT,7,7,0.1,0.1,1,0.738210446407815
BTCUSDT,7,7,0.1,0.1,2,0.9222262791035077
BTCUSDT,7,7,0.1,0.1,3,1.1818016789131351
BTCUSDT,7,7,0.1,0.1,4,1.3244952742049876
BTCUSDT,7,7,0.1,0.1,5,1.4883274616212356
BTCUSDT,7,7,1.0,0.01,1,0.791287290937734
BTCUSDT,7,7,1.0,0.01,2,0.9102760631989336
BTCUSDT,7,7,1.0,0.01,3,1.1348483192562926
BTCUSDT,7,7,1.0,0.01,4,1.2279314945219362
BTCUSDT,7,7,1.0,0.01,5,1.352604762779841
BTCUSDT,7,7,1.0,0.1,1,0.8114176052451292
BTCUSDT,7,7,1.0,0.1,2,0.9324110593367755
BTCUSDT,7,7,1.0,0.1,3,1.163804540267688
BTCUSDT,7,7,1.0,0.1,4,1.2620653464544316
BTCUSDT,7,7,1.0,0.1,5,1.3722130216807469
BTCUSDT,7,7,10.0,0.01,1,1.1005080475924423
BTCUSDT,7,7,10.0,0.01,2,0.9073173434108585
BTCUSDT,7,7,10.0,0.01,3,1.1013850146712554
BTCUSDT,7,7,10.0,0.01,4,1.127913925188516
BTCUSDT,7,7,10.0,0.01,5,1.0790506801220314
BTCUSDT,7,7,10.0,0.1,1,1.101082881984277
BTCUSDT,7,7,10.0,0.1,2,0.9356388632998357
BTCUSDT,7,7,10.0,0.1,3,1.13512147186964
BTCUSDT,7,7,10.0,0.1,4,1.161206687071342
BTCUSDT,7,7,10.0,0.1,5,1.0998273920117543
BTCUSDT,7,14,0.01,0.01,1,0.6947235531986181
BTCUSDT,7,14,0.01,0.01,2,0.8663408598442169
BTCUSDT,7,14,0.01,0.01,3,1.1109334678262586
BTCUSDT,7,14,0.01,0.01,4,1.2766102071804977
BTCUSDT,7,14,0.01,0.01,5,1.4864296985870347
BTCUSDT,7,14,0.01,0.1,1,0.7024663499436217
BTCUSDT,7,14,0.01,0.1,2,0.8717582535443696
BTCUSDT,7,14,0.01,0.1,3,1.114757653866665
BTCUSDT,7,14,0.01,0.1,4,1.2860592871664323
BTCUSDT,7,14,0.01,0.1,5,1.4925094669701333
BTCUSDT,7,14,0.1,0.01,1,0.7014266571375194
BTCUSDT,7,14,0.1,0.01,2,0.8474975282343744
BTCUSDT,7,14,0.1,0.01,3,1.0991249817526685
BTCUSDT,7,14,0.1,0.01,4,1.241560174292679
BTCUSDT,7,14,0.1,0.01,5,1.4531744682446097
BTCUSDT,7,14,0.1,0.1,1,0.7230504703367799
BTCUSDT,7,14,0.1,0.1,2,0.8699923898102203
BTCUSDT,7,14,0.1,0.1,3,1.11900884192882
BTCUSDT,7,14,0.1,0.1,4,1.2641633932848317
BTCUSDT,7,14,0.1,0.1,5,1.4644187919783767
BTCUSDT,7,14,1.0,0.01,1,0.7164231489727094
BTCUSDT,7,14,1.0,0.01,2,0.7755389185378766
BTCUSDT,7,14,1.0,0.01,3,0.9880680227265939
BTCUSDT,7,14,1.0,0.01,4,1.119277703709907
BTCUSDT,7,14,1.0,0.01,5,1.3667868826147767
BTCUSDT,7,14,1.0,0.1,1,0.7345351610136088
BTCUSDT,7,14,1.0,0.1,2,0.7935436647085687
BTCUSDT,7,14,1.0,0.1,3,1.0211608062509447
BTCUSDT,7,14,1.0,0.1,4,1.1532810106673135
BTCUSDT,7,14,1.0,0.1,5,1.3836013117540358
BTCUSDT,7,14,10.0,0.01,1,0.9134381595646464
BTCUSDT,7,14,10.0,0.01,2,0.7307234062566362
BTCUSDT,7,14,10.0,0.01,3,0.9002805587692401
BTCUSDT,7,14,10.0,0.01,4,0.9470453833932091
BTCUSDT,7,14,10.0,0.01,5,1.2921469452476866
BTCUSDT,7,14,10.0,0.1,1,0.9043941468574526
BTCUSDT,7,14,10.0,0.1,2,0.7504317773441483
BTCUSDT,7,14,10.0,0.1,3,0.9246493026423934
BTCUSDT,7,14,10.0,0.1,4,0.9647262296611597
BTCUSDT,7,14,10.0,0.1,5,1.2952097634400122
BTCUSDT,7,21,0.01,0.01,1,0.6887398192212942
BTCUSDT,7,21,0.01,0.01,2,0.8543097280213965
BTCUSDT,7,21,0.01,0.01,3,1.0935519987339735
BTCUSDT,7,21,0.01,0.01,4,1.2598500851615388
BTCUSDT,7,21,0.01,0.01,5,1.4246990401345232
BTCUSDT,7,21,0.01,0.1,1,0.6967562338307314
BTCUSDT,7,21,0.01,0.1,2,0.8598700934755545
BTCUSDT,7,21,0.01,0.1,3,1.096705716128052
BTCUSDT,7,21,0.01,0.1,4,1.2679776420999365
BTCUSDT,7,21,0.01,0.1,5,1.4325844281114561
BTCUSDT,7,21,0.1,0.01,1,0.6865527585340228
BTCUSDT,7,21,0.1,0.01,2,0.8489334219469743
BTCUSDT,7,21,0.1,0.01,3,1.150135540303261
BTCUSDT,7,21,0.1,0.01,4,1.3372461343104922
BTCUSDT,7,21,0.1,0.01,5,1.3327379012122493
BTCUSDT,7,21,0.1,0.1,1,0.7069366950947398
BTCUSDT,7,21,0.1,0.1,2,0.8687935288952883
BTCUSDT,7,21,0.1,0.1,3,1.163972933172212
BTCUSDT,7,21,0.1,0.1,4,1.3525842921992084
BTCUSDT,7,21,0.1,0.1,5,1.3520946568651522
BTCUSDT,7,21,1.0,0.01,1,0.7140282824862046
BTCUSDT,7,21,1.0,0.01,2,0.8056248986750517
BTCUSDT,7,21,1.0,0.01,3,1.1300940926773146
BTCUSDT,7,21,1.0,0.01,4,1.3523893071118684
BTCUSDT,7,21,1.0,0.01,5,1.2929290553041157
BTCUSDT,7,21,1.0,0.1,1,0.7244003127519711
BTCUSDT,7,21,1.0,0.1,2,0.813997950076568
BTCUSDT,7,21,1.0,0.1,3,1.1661379208719216
BTCUSDT,7,21,1.0,0.1,4,1.3723356093548293
BTCUSDT,7,21,1.0,0.1,5,1.309165518246451
BTCUSDT,7,21,10.0,0.01,1,0.983247502641021
BTCUSDT,7,21,10.0,0.01,2,0.7140332657980343
BTCUSDT,7,21,10.0,0.01,3,0.9659987230450027
BTCUSDT,7,21,10.0,0.01,4,1.1327167228222803
BTCUSDT,7,21,10.0,0.01,5,1.3177521986755019
BTCUSDT,7,21,10.0,0.1,1,0.9471351471589929
BTCUSDT,7,21,10.0,0.1,2,0.7431440613719608
BTCUSDT,7,21,10.0,0.1,3,1.017231686512835
BTCUSDT,7,21,10.0,0.1,4,1.1979210332199366
BTCUSDT,7,21,10.0,0.1,5,1.3100204586817596
BTCUSDT,7,28,0.01,0.01,1,0.6901125142044032
BTCUSDT,7,28,0.01,0.01,2,0.851252777469373
BTCUSDT,7,28,0.01,0.01,3,1.0876934586123046
BTCUSDT,7,28,0.01,0.01,4,1.253681589818958
BTCUSDT,7,28,0.01,0.01,5,1.379306464838576
BTCUSDT,7,28,0.01,0.1,1,0.6979742293945256
BTCUSDT,7,28,0.01,0.1,2,0.8564983876558964
BTCUSDT,7,28,0.01,0.1,3,1.09043224026002
BTCUSDT,7,28,0.01,0.1,4,1.2611516032055277
BTCUSDT,7,28,0.01,0.1,5,1.3894412292358775
BTCUSDT,7,28,0.1,0.01,1,0.7106585896015761
BTCUSDT,7,28,0.1,0.01,2,0.8751130967404916
BTCUSDT,7,28,0.1,0.01,3,1.2035992134533404
BTCUSDT,7,28,0.1,0.01,4,1.397658545817526
BTCUSDT,7,28,0.1,0.01,5,1.2934766609196326
BTCUSDT,7,28,0.1,0.1,1,0.7283710103273605
BTCUSDT,7,28,0.1,0.1,2,0.8920725509987762
BTCUSDT,7,28,0.1,0.1,3,1.2100282875832078
BTCUSDT,7,28,0.1,0.1,4,1.4053665310874803
BTCUSDT,7,28,0.1,0.1,5,1.3104759730734357
BTCUSDT,7,28,1.0,0.01,1,0.7937608494120187
BTCUSDT,7,28,1.0,0.01,2,0.9097757006007873
BTCUSDT,7,28,1.0,0.01,3,1.3209119294459273
BTCUSDT,7,28,1.0,0.01,4,1.5411298701094063
BTCUSDT,7,28,1.0,0.01,5,1.2645600095041798
BTCUSDT,7,28,1.0,0.1,1,0.79773927653978
BTCUSDT,7,28,1.0,0.1,2,0.9131778104526187
BTCUSDT,7,28,1.0,0.1,3,1.3448947445148107
BTCUSDT,7,28,1.0,0.1,4,1.5518779569551095
BTCUSDT,7,28,1.0,0.1,5,1.2840188125829357
BTCUSDT,7,28,10.0,0.01,1,1.0684308132925608
BTCUSDT,7,28,10.0,0.01,2,0.8853277132309867
BTCUSDT,7,28,10.0,0.01,3,1.361005415718347
BTCUSDT,7,28,10.0,0.01,4,1.5505125207741826
BTCUSDT,7,28,10.0,0.01,5,1.2519593056459661
BTCUSDT,7,28,10.0,0.1,1,1.0155672512660132
BTCUSDT,7,28,10.0,0.1,2,0.9014573441183218
BTCUSDT,7,28,10.0,0.1,3,1.3882359838019123
BTCUSDT,7,28,10.0,0.1,4,1.5695357821326028
BTCUSDT,7,28,10.0,0.1,5,1.2566612867351135
BTCUSDT,14,7,0.01,0.01,1,1.1137489721295992
BTCUSDT,14,7,0.01,0.01,2,1.190524031270445
BTCUSDT,14,7,0.01,0.01,3,1.2436092926591644
BTCUSDT,14,7,0.01,0.01,4,1.1618410787557676
BTCUSDT,14,7,0.01,0.01,5,1.8144781183853904
BTCUSDT,14,7,0.01,0.1,1,1.1069456621475573
BTCUSDT,14,7,0.01,0.1,2,1.1835342483360065
BTCUSDT,14,7,0.01,0.1,3,1.2422623864346025
BTCUSDT,14,7,0.01,0.1,4,1.1640927591099317
BTCUSDT,14,7,0.01,0.1,5,1.824378383495074
BTCUSDT,14,7,0.1,0.01,1,1.1796300068730095
BTCUSDT,14,7,0.1,0.01,2,1.2660332253020898
BTCUSDT,14,7,0.1,0.01,3,1.316149781701597
BTCUSDT,14,7,0.1,0.01,4,1.1873760146617747
BTCUSDT,14,7,0.1,0.01,5,1.803604503664473
BTCUSDT,14,7,0.1,0.1,1,1.1729521873501625
BTCUSDT,14,7,0.1,0.1,2,1.2654382227572627
BTCUSDT,14,7,0.1,0.1,3,1.3319274205335545
BTCUSDT,14,7,0.1,0.1,4,1.208551035908967
BTCUSDT,14,7,0.1,0.1,5,1.8297053559155267
BTCUSDT,14,7,1.0,0.01,1,1.326169422459334
BTCUSDT,14,7,1.0,0.01,2,1.377397642314099
BTCUSDT,14,7,1.0,0.01,3,1.3813386982354565
BTCUSDT,14,7,1.0,0.01,4,1.1854099476592925
BTCUSDT,14,7,1.0,0.01,5,1.6913814095006183
BTCUSDT,14,7,1.0,0.1,1,1.308389274734274
BTCUSDT,14,7,1.0,0.1,2,1.3713702896782514
BTCUSDT,14,7,1.0,0.1,3,1.3929754801474474
BTCUSDT,14,7,1.0,0.1,4,1.2039554539514106
BTCUSDT,14,7,1.0,0.1,5,1.7308086294231853
BTCUSDT,14,7,10.0,0.01,1,1.78235623159304
BTCUSDT,14,7,10.0,0.01,2,1.496281567283292
BTCUSDT,14,7,10.0,0.01,3,1.473198680356345
BTCUSDT,14,7,10.0,0.01,4,1.195669793856593
BTCUSDT,14,7,10.0,0.01,5,1.256428661298969
BTCUSDT,14,7,10.0,0.1,1,1.7559295419999847
BTCUSDT,14,7,10.0,0.1,2,1.4936774249689073
BTCUSDT,14,7,10.0,0.1,3,1.4910633825362527
BTCUSDT,14,7,10.0,0.1,4,1.1974706337738628
BTCUSDT,14,7,10.0,0.1,5,1.3044419138774874
BTCUSDT,14,14,0.01,0.01,1,1.131382441817846
BTCUSDT,14,14,0.01,0.01,2,1.18923933328174
BTCUSDT,14,14,0.01,0.01,3,1.225904028911876
BTCUSDT,14,14,0.01,0.01,4,1.1304253669227144
BTCUSDT,14,14,0.01,0.01,5,1.8081528107160028
BTCUSDT,14,14,0.01,0.1,1,1.1254155165693849
BTCUSDT,14,14,0.01,0.1,2,1.1860282695662627
BTCUSDT,14,14,0.01,0.1,3,1.2269835016260067
BTCUSDT,14,14,0.01,0.1,4,1.1335172269742968
BTCUSDT,14,14,0.01,0.1,5,1.8173081887692175
BTCUSDT,14,14,0.1,0.01,1,1.1337637770244469
BTCUSDT,14,14,0.1,0.01,2,1.1600001624260654
BTCUSDT,14,14,0.1,0.01,3,1.2006568257513144
BTCUSDT,14,14,0.1,0.01,4,1.0884178305811054
BTCUSDT,14,14,0.1,0.01,5,1.7564006442727667
BTCUSDT,14,14,0.1,0.1,1,1.141202629461356
BTCUSDT,14,14,0.1,0.1,2,1.1639649592947656
BTCUSDT,14,14,0.1,0.1,3,1.2174191621163266
BTCUSDT,14,14,0.1,0.1,4,1.1023910765027836
BTCUSDT,14,14,0.1,0.1,5,1.7742575090453314
BTCUSDT,14,14,1.0,0.01,1,1.149587728995672
BTCUSDT,14,14,1.0,0.01,2,1.0623900669846753
BTCUSDT,14,14,1.0,0.01,3,1.0580229029755122
BTCUSDT,14,14,1.0,0.01,4,0.9634258960972323
BTCUSDT,14,14,1.0,0.01,5,1.5933851344643553
BTCUSDT,14,14,1.0,0.1,1,1.1559446449122117
BTCUSDT,14,14,1.0,0.1,2,1.0806317848984732
BTCUSDT,14,14,1.0,0.1,3,1.0603264310097686
BTCUSDT,14,14,1.0,0.1,4,0.9668224419151255
BTCUSDT,14,14,1.0,0.1,5,1.6086191193921753
BTCUSDT,14,14,10.0,0.01,1,1.441683434605067
BTCUSDT,14,14,10.0,0.01,2,1.0042272323996173
BTCUSDT,14,14,10.0,0.01,3,0.994246817420582
BTCUSDT,14,14,10.0,0.01,4,0.8685027779684971
BTCUSDT,14,14,10.0,0.01,5,1.380882028059409
BTCUSDT,14,14,10.0,0.1,1,1.3993242823357315
BTCUSDT,14,14,10.0,0.1,2,1.035313725407393
BTCUSDT,14,14,10.0,0.1,3,0.9885568164601153
BTCUSDT,14,14,10.0,0.1,4,0.8547266615606183
BTCUSDT,14,14,10.0,0.1,5,1.4053878645291764
BTCUSDT,14,21,0.01,0.01,1,1.1200542954846677
BTCUSDT,14,21,0.01,0.01,2,1.1756044515054822
BTCUSDT,14,21,0.01,0.01,3,1.211146101950136
BTCUSDT,14,21,0.01,0.01,4,1.1197880197061658
BTCUSDT,14,21,0.01,0.01,5,1.728941330390595
BTCUSDT,14,21,0.01,0.1,1,1.1149506697185132
BTCUSDT,14,21,0.01,0.1,2,1.1722637386210188
BTCUSDT,14,21,0.01,0.1,3,1.211708779642477
BTCUSDT,14,21,0.01,0.1,4,1.1210887657651818
BTCUSDT,14,21,0.01,0.1,5,1.7391466728735812
BTCUSDT,14,21,0.1,0.01,1,1.0854303161889824
BTCUSDT,14,21,0.1,0.01,2,1.1672475203545751
BTCUSDT,14,21,0.1,0.01,3,1.279729170055566
BTCUSDT,14,21,0.1,0.01,4,1.208760569149963
BTCUSDT,14,21,0.1,0.01,5,1.5730150724936762
BTCUSDT,14,21,0.1,0.1,1,1.092592560384882
BTCUSDT,14,21,0.1,0.1,2,1.164211284763361
BTCUSDT,14,21,0.1,0.1,3,1.2904532157979365
BTCUSDT,14,21,0.1,0.1,4,1.2138487072923192
BTCUSDT,14,21,0.1,0.1,5,1.5729671245814052
BTCUSDT,14,21,1.0,0.01,1,1.0598971613444081
BTCUSDT,14,21,1.0,0.01,2,1.1142390635675599
BTCUSDT,14,21,1.0,0.01,3,1.2595501581856132
BTCUSDT,14,21,1.0,0.01,4,1.220005803708958
BTCUSDT,14,21,1.0,0.01,5,1.4559448307575877
BTCUSDT,14,21,1.0,0.1,1,1.0771430136881162
BTCUSDT,14,21,1.0,0.1,2,1.1283660339955919
BTCUSDT,14,21,1.0,0.1,3,1.2530871024043233
BTCUSDT,14,21,1.0,0.1,4,1.2173519923857246
BTCUSDT,14,21,1.0,0.1,5,1.460513001787849
BTCUSDT,14,21,10.0,0.01,1,1.3633557823546922
BTCUSDT,14,21,10.0,0.01,2,1.0309716476326893
BTCUSDT,14,21,10.0,0.01,3,1.1114564348928138
BTCUSDT,14,21,10.0,0.01,4,1.0888343429330407
BTCUSDT,14,21,10.0,0.01,5,1.339970504227233
BTCUSDT,14,21,10.0,0.1,1,1.3149098354982538
BTCUSDT,14,21,10.0,0.1,2,1.0552657456108943
BTCUSDT,14,21,10.0,0.1,3,1.1169429026571494
BTCUSDT,14,21,10.0,0.1,4,1.1090362991878506
BTCUSDT,14,21,10.0,0.1,5,1.3552084119839225
BTCUSDT,14,28,0.01,0.01,1,1.1206689526457787
BTCUSDT,14,28,0.01,0.01,2,1.170266768211677
BTCUSDT,14,28,0.01,0.01,3,1.202610197933117
BTCUSDT,14,28,0.01,0.01,4,1.1099194946586874
BTCUSDT,14,28,0.01,0.01,5,1.6561057507442631
BTCUSDT,14,28,0.01,0.1,1,1.1158540028275723
BTCUSDT,14,28,0.01,0.1,2,1.1663478703009091
BTCUSDT,14,28,0.01,0.1,3,1.2022937388282788
BTCUSDT,14,28,0.01,0.1,4,1.110255716508391
BTCUSDT,14,28,0.01,0.1,5,1.6677461844806576
BTCUSDT,14,28,0.1,0.01,1,1.125119072624018
BTCUSDT,14,28,0.1,0.01,2,1.1985046588540496
BTCUSDT,14,28,0.1,0.01,3,1.3285348101029084
BTCUSDT,14,28,0.1,0.01,4,1.2557504843148781
BTCUSDT,14,28,0.1,0.01,5,1.4724089744152873
BTCUSDT,14,28,0.1,0.1,1,1.1277214067937105
BTCUSDT,14,28,0.1,0.1,2,1.1899947164226106
BTCUSDT,14,28,0.1,0.1,3,1.335101153758437
BTCUSDT,14,28,0.1,0.1,4,1.2588631180243843
BTCUSDT,14,28,0.1,0.1,5,1.4756799726007372
BTCUSDT,14,28,1.0,0.01,1,1.1827875391554812
BTCUSDT,14,28,1.0,0.01,2,1.2414202922432704
BTCUSDT,14,28,1.0,0.01,3,1.4522356078743033
BTCUSDT,14,28,1.0,0.01,4,1.3779306731182
BTCUSDT,14,28,1.0,0.01,5,1.3833417772561172
BTCUSDT,14,28,1.0,0.1,1,1.190519312999722
BTCUSDT,14,28,1.0,0.1,2,1.2383109488002808
BTCUSDT,14,28,1.0,0.1,3,1.4424470130826494
BTCUSDT,14,28,1.0,0.1,4,1.3734389578594244
BTCUSDT,14,28,1.0,0.1,5,1.3882427718368093
BTCUSDT,14,28,10.0,0.01,1,1.4597700337596113
BTCUSDT,14,28,10.0,0.01,2,1.3086279581827005
BTCUSDT,14,28,10.0,0.01,3,1.5845876714302427
BTCUSDT,14,28,10.0,0.01,4,1.4441141980827388
BTCUSDT,14,28,10.0,0.01,5,1.3437585631794648
BTCUSDT,14,28,10.0,0.1,1,1.4029300602558252
BTCUSDT,14,28,10.0,0.1,2,1.3132166929978089
BTCUSDT,14,28,10.0,0.1,3,1.5456657143994943
BTCUSDT,14,28,10.0,0.1,4,1.4302479826359062
BTCUSDT,14,28,10.0,0.1,5,1.3513768252436424
BTCUSDT,21,7,0.01,0.01,1,1.1060566773925558
BTCUSDT,21,7,0.01,0.01,2,1.2381454456435779
BTCUSDT,21,7,0.01,0.01,3,1.381545971209711
BTCUSDT,21,7,0.01,0.01,4,1.3987403821399993
BTCUSDT,21,7,0.01,0.01,5,1.5159105639007269
BTCUSDT,21,7,0.01,0.1,1,1.1013030305661127
BTCUSDT,21,7,0.01,0.1,2,1.2336986620517834
BTCUSDT,21,7,0.01,0.1,3,1.382575302645645
BTCUSDT,21,7,0.01,0.1,4,1.4023516923806771
BTCUSDT,21,7,0.01,0.1,5,1.5225220284178718
BTCUSDT,21,7,0.1,0.01,1,1.170296825782063
BTCUSDT,21,7,0.1,0.01,2,1.2956411953735762
BTCUSDT,21,7,0.1,0.01,3,1.4236422366840933
BTCUSDT,21,7,0.1,0.01,4,1.397418754036588
BTCUSDT,21,7,0.1,0.01,5,1.4953522614595822
BTCUSDT,21,7,0.1,0.1,1,1.166400243714704
BTCUSDT,21,7,0.1,0.1,2,1.2924919815755398
BTCUSDT,21,7,0.1,0.1,3,1.4313028040468205
BTCUSDT,21,7,0.1,0.1,4,1.4139267154550088
BTCUSDT,21,7,0.1,0.1,5,1.513890160221028
BTCUSDT,21,7,1.0,0.01,1,1.2544145942373768
BTCUSDT,21,7,1.0,0.01,2,1.3574392455202275
BTCUSDT,21,7,1.0,0.01,3,1.4512257611004649
BTCUSDT,21,7,1.0,0.01,4,1.3805156572420998
BTCUSDT,21,7,1.0,0.01,5,1.3648252340324234
BTCUSDT,21,7,1.0,0.1,1,1.2456315912308746
BTCUSDT,21,7,1.0,0.1,2,1.3498226109830431
BTCUSDT,21,7,1.0,0.1,3,1.4532125039585524
BTCUSDT,21,7,1.0,0.1,4,1.3957620857132782
BTCUSDT,21,7,1.0,0.1,5,1.3967050634613845
BTCUSDT,21,7,10.0,0.01,1,1.4334200203172522
BTCUSDT,21,7,10.0,0.01,2,1.397197424473043
BTCUSDT,21,7,10.0,0.01,3,1.4748527056964844
BTCUSDT,21,7,10.0,0.01,4,1.3540160191252064
BTCUSDT,21,7,10.0,0.01,5,0.9091876414108133
BTCUSDT,21,7,10.0,0.1,1,1.420143438935659
BTCUSDT,21,7,10.0,0.1,2,1.3942647855439152
BTCUSDT,21,7,10.0,0.1,3,1.462374606075192
BTCUSDT,21,7,10.0,0.1,4,1.3532418815298803
BTCUSDT,21,7,10.0,0.1,5,0.9429226959798367
BTCUSDT,21,14,0.01,0.01,1,1.1264355762621068
BTCUSDT,21,14,0.01,0.01,2,1.2367890152710732
BTCUSDT,21,14,0.01,0.01,3,1.3630277975492506
BTCUSDT,21,14,0.01,0.01,4,1.3690551386500054
BTCUSDT,21,14,0.01,0.01,5,1.5070884703516587
BTCUSDT,21,14,0.01,0.1,1,1.1217140418700497
BTCUSDT,21,14,0.01,0.1,2,1.2333078447559855
BTCUSDT,21,14,0.01,0.1,3,1.3657708883167776
BTCUSDT,21,14,0.01,0.1,4,1.3735914831603335
BTCUSDT,21,14,0.01,0.1,5,1.5119167191374612
BTCUSDT,21,14,0.1,0.01,1,1.1177253323839724
BTCUSDT,21,14,0.1,0.01,2,1.2011831681621614
BTCUSDT,21,14,0.1,0.01,3,1.3257645588153453
BTCUSDT,21,14,0.1,0.01,4,1.3244285919106003
BTCUSDT,21,14,0.1,0.01,5,1.4632234410404326
BTCUSDT,21,14,0.1,0.1,1,1.1150650583712802
BTCUSDT,21,14,0.1,0.1,2,1.1996820718106547
BTCUSDT,21,14,0.1,0.1,3,1.3385908634326746
BTCUSDT,21,14,0.1,0.1,4,1.334566719555005
BTCUSDT,21,14,0.1,0.1,5,1.467338620814232
BTCUSDT,21,14,1.0,0.01,1,1.0787787575323975
BTCUSDT,21,14,1.0,0.01,2,1.107714017594721
BTCUSDT,21,14,1.0,0.01,3,1.1896742875426294
BTCUSDT,21,14,1.0,0.01,4,1.2266849054939848
BTCUSDT,21,14,1.0,0.01,5,1.3457681583873529
BTCUSDT,21,14,1.0,0.1,1,1.073104565213291
BTCUSDT,21,14,1.0,0.1,2,1.1021063789103545
BTCUSDT,21,14,1.0,0.1,3,1.1948629803928938
BTCUSDT,21,14,1.0,0.1,4,1.2261207873546105
BTCUSDT,21,14,1.0,0.1,5,1.3390812142877835
BTCUSDT,21,14,10.0,0.01,1,1.1753430056537346
BTCUSDT,21,14,10.0,0.01,2,1.1179144816666802
BTCUSDT,21,14,10.0,0.01,3,1.132105258738973
BTCUSDT,21,14,10.0,0.01,4,1.1250772221243641
BTCUSDT,21,14,10.0,0.01,5,1.1115076632031393
BTCUSDT,21,14,10.0,0.1,1,1.1776449825894768
BTCUSDT,21,14,10.0,0.1,2,1.1509408822528187
BTCUSDT,21,14,10.0,0.1,3,1.1549781340238792
BTCUSDT,21,14,10.0,0.1,4,1.1528645252206808
BTCUSDT,21,14,10.0,0.1,5,1.1235179273792073
BTCUSDT,21,21,0.01,0.01,1,1.1150467886837132
BTCUSDT,21,21,0.01,0.01,2,1.2233587495367089
BTCUSDT,21,21,0.01,0.01,3,1.348088172275689
BTCUSDT,21,21,0.01,0.01,4,1.3566639946418204
BTCUSDT,21,21,0.01,0.01,5,1.445202349852544
BTCUSDT,21,21,0.01,0.1,1,1.11109097277888
BTCUSDT,21,21,0.01,0.1,2,1.2209378306178913
BTCUSDT,21,21,0.01,0.1,3,1.350309936432005
BTCUSDT,21,21,0.01,0.1,4,1.3599997189518482
BTCUSDT,21,21,0.01,0.1,5,1.4461095165259745
BTCUSDT,21,21,0.1,0.01,1,1.0698275986069192
BTCUSDT,21,21,0.1,0.01,2,1.1983252680720953
BTCUSDT,21,21,0.1,0.01,3,1.3638061374520503
BTCUSDT,21,21,0.1,0.01,4,1.372713745108113
BTCUSDT,21,21,0.1,0.01,5,1.3453007273476858
BTCUSDT,21,21,0.1,0.1,1,1.0692871600152254
BTCUSDT,21,21,0.1,0.1,2,1.1939425524706924
BTCUSDT,21,21,0.1,0.1,3,1.3667004373286422
BTCUSDT,21,21,0.1,0.1,4,1.373148018456821
BTCUSDT,21,21,0.1,0.1,5,1.3282416361318568
BTCUSDT,21,21,1.0,0.01,1,1.0156444837456484
BTCUSDT,21,21,1.0,0.01,2,1.1223796712988199
BTCUSDT,21,21,1.0,0.01,3,1.2480237994866512
BTCUSDT,21,21,1.0,0.01,4,1.2678981708948724
BTCUSDT,21,21,1.0,0.01,5,1.2700789961673344
BTCUSDT,21,21,1.0,0.1,1,1.0018621561809014
BTCUSDT,21,21,1.0,0.1,2,1.1233054737349717
BTCUSDT,21,21,1.0,0.1,3,1.2865284791534655
BTCUSDT,21,21,1.0,0.1,4,1.3018187621724115
BTCUSDT,21,21,1.0,0.1,5,1.2574149048716232
BTCUSDT,21,21,10.0,0.01,1,1.2036407841823016
BTCUSDT,21,21,10.0,0.01,2,1.0265632647689922
BTCUSDT,21,21,10.0,0.01,3,0.9866728732164886
BTCUSDT,21,21,10.0,0.01,4,0.9673196733518766
BTCUSDT,21,21,10.0,0.01,5,1.0956464957150256
BTCUSDT,21,21,10.0,0.1,1,1.1890851064684445
BTCUSDT,21,21,10.0,0.1,2,1.0667774439976516
BTCUSDT,21,21,10.0,0.1,3,1.0297259387160411
BTCUSDT,21,21,10.0,0.1,4,1.0330430055867106
BTCUSDT,21,21,10.0,0.1,5,1.1069147274776978
BTCUSDT,21,28,0.01,0.01,1,1.112894988710263
BTCUSDT,21,28,0.01,0.01,2,1.2147876435455756
BTCUSDT,21,28,0.01,0.01,3,1.335876687314979
BTCUSDT,21,28,0.01,0.01,4,1.3450157103775708
BTCUSDT,21,28,0.01,0.01,5,1.3874399403733435
BTCUSDT,21,28,0.01,0.1,1,1.108985010168875
BTCUSDT,21,28,0.01,0.1,2,1.212485266101075
BTCUSDT,21,28,0.01,0.1,3,1.337975467600255
BTCUSDT,21,28,0.01,0.1,4,1.3482442964249688
BTCUSDT,21,28,0.01,0.1,5,1.3884828326320446
BTCUSDT,21,28,0.1,0.01,1,1.0865383946227245
BTCUSDT,21,28,0.1,0.01,2,1.2015304778986236
BTCUSDT,21,28,0.1,0.01,3,1.3635261761204744
BTCUSDT,21,28,0.1,0.01,4,1.371849500737605
BTCUSDT,21,28,0.1,0.01,5,1.2788627084440765
BTCUSDT,21,28,0.1,0.1,1,1.0802915676697262
BTCUSDT,21,28,0.1,0.1,2,1.1926558564626855
BTCUSDT,21,28,0.1,0.1,3,1.365450426693032
BTCUSDT,21,28,0.1,0.1,4,1.3728612144143797
BTCUSDT,21,28,0.1,0.1,5,1.2679478200901813
BTCUSDT,21,28,1.0,0.01,1,1.0919011523772464
BTCUSDT,21,28,1.0,0.01,2,1.196901296970014
BTCUSDT,21,28,1.0,0.01,3,1.3091231259078768
BTCUSDT,21,28,1.0,0.01,4,1.3063828700886808
BTCUSDT,21,28,1.0,0.01,5,1.2338398832211095
BTCUSDT,21,28,1.0,0.1,1,1.074995404516698
BTCUSDT,21,28,1.0,0.1,2,1.1850809350412228
BTCUSDT,21,28,1.0,0.1,3,1.3302539731434277
BTCUSDT,21,28,1.0,0.1,4,1.3252439380250363
BTCUSDT,21,28,1.0,0.1,5,1.2247427809865716
BTCUSDT,21,28,10.0,0.01,1,1.2237371059976516
BTCUSDT,21,28,10.0,0.01,2,1.154489226207232
BTCUSDT,21,28,10.0,0.01,3,1.2282310788638917
BTCUSDT,21,28,10.0,0.01,4,1.2367877772140878
BTCUSDT,21,28,10.0,0.01,5,1.2098468619124587
BTCUSDT,21,28,10.0,0.1,1,1.1906178370642355
BTCUSDT,21,28,10.0,0.1,2,1.1684662673995763
BTCUSDT,21,28,10.0,0.1,3,1.2199272934007912
BTCUSDT,21,28,10.0,0.1,4,1.2648085776381832
BTCUSDT,21,28,10.0,0.1,5,1.1912527308693261
BTCUSDT,28,7,0.01,0.01,1,1.301130821049238
BTCUSDT,28,7,0.01,0.01,2,1.3530379731113473
BTCUSDT,28,7,0.01,0.01,3,1.4000726065002618
BTCUSDT,28,7,0.01,0.01,4,1.3729592783630384
BTCUSDT,28,7,0.01,0.01,5,1.5174087068039925
BTCUSDT,28,7,0.01,0.1,1,1.2983204946221447
BTCUSDT,28,7,0.01,0.1,2,1.3541117757898118
BTCUSDT,28,7,0.01,0.1,3,1.4042231248739572
BTCUSDT,28,7,0.01,0.1,4,1.3793025285097122
BTCUSDT,28,7,0.01,0.1,5,1.5293759401065503
BTCUSDT,28,7,0.1,0.01,1,1.3394134359387493
BTCUSDT,28,7,0.1,0.01,2,1.3906461667262822
BTCUSDT,28,7,0.1,0.01,3,1.427854781349972
BTCUSDT,28,7,0.1,0.01,4,1.3709166641521748
BTCUSDT,28,7,0.1,0.01,5,1.5022695919748996
BTCUSDT,28,7,0.1,0.1,1,1.3382113931064705
BTCUSDT,28,7,0.1,0.1,2,1.3956979669001452
BTCUSDT,28,7,0.1,0.1,3,1.4375379259285401
BTCUSDT,28,7,0.1,0.1,4,1.3868593429918363
BTCUSDT,28,7,0.1,0.1,5,1.5290238718497626
BTCUSDT,28,7,1.0,0.01,1,1.4031745885357585
BTCUSDT,28,7,1.0,0.01,2,1.4539725647245667
BTCUSDT,28,7,1.0,0.01,3,1.4651448523607686
BTCUSDT,28,7,1.0,0.01,4,1.3713449936746518
BTCUSDT,28,7,1.0,0.01,5,1.404650648775484
BTCUSDT,28,7,1.0,0.1,1,1.4012519824544627
BTCUSDT,28,7,1.0,0.1,2,1.452398328191996
BTCUSDT,28,7,1.0,0.1,3,1.471911117305891
BTCUSDT,28,7,1.0,0.1,4,1.3871201635380008
BTCUSDT,28,7,1.0,0.1,5,1.4402313780601599
BTCUSDT,28,7,10.0,0.01,1,1.5661754706582884
BTCUSDT,28,7,10.0,0.01,2,1.5161423647654186
BTCUSDT,28,7,10.0,0.01,3,1.4979241870446225
BTCUSDT,28,7,10.0,0.01,4,1.370322216873222
BTCUSDT,28,7,10.0,0.01,5,1.0275011823596671
BTCUSDT,28,7,10.0,0.1,1,1.5666452133906634
BTCUSDT,28,7,10.0,0.1,2,1.5194225335465799
BTCUSDT,28,7,10.0,0.1,3,1.5071802748580683
BTCUSDT,28,7,10.0,0.1,4,1.3800866554016455
BTCUSDT,28,7,10.0,0.1,5,1.067753822491913
BTCUSDT,28,14,0.01,0.01,1,1.3157565656241672
BTCUSDT,28,14,0.01,0.01,2,1.350756001406509
BTCUSDT,28,14,0.01,0.01,3,1.383702036929974
BTCUSDT,28,14,0.01,0.01,4,1.3471252835037149
BTCUSDT,28,14,0.01,0.01,5,1.5072787065003304
BTCUSDT,28,14,0.01,0.1,1,1.3119894170357749
BTCUSDT,28,14,0.01,0.1,2,1.351999047687674
BTCUSDT,28,14,0.01,0.1,3,1.3882615786599555
BTCUSDT,28,14,0.01,0.1,4,1.354020021087807
BTCUSDT,28,14,0.01,0.1,5,1.51424656669392
BTCUSDT,28,14,0.1,0.01,1,1.31383011016237
BTCUSDT,28,14,0.1,0.01,2,1.3232717761876025
BTCUSDT,28,14,0.1,0.01,3,1.346192100992841
BTCUSDT,28,14,0.1,0.01,4,1.3056415918393616
BTCUSDT,28,14,0.1,0.01,5,1.4594172561019592
BTCUSDT,28,14,0.1,0.1,1,1.3164519322135997
BTCUSDT,28,14,0.1,0.1,2,1.3342814014202848
BTCUSDT,28,14,0.1,0.1,3,1.3634619863809394
BTCUSDT,28,14,0.1,0.1,4,1.325057230303239
BTCUSDT,28,14,0.1,0.1,5,1.4436573084703583
BTCUSDT,28,14,1.0,0.01,1,1.3045957768199874
BTCUSDT,28,14,1.0,0.01,2,1.2649252857281843
BTCUSDT,28,14,1.0,0.01,3,1.2393663408271394
BTCUSDT,28,14,1.0,0.01,4,1.2244600713849356
BTCUSDT,28,14,1.0,0.01,5,1.3227447084576158
BTCUSDT,28,14,1.0,0.1,1,1.3145231657755647
BTCUSDT,28,14,1.0,0.1,2,1.2740660203376297
BTCUSDT,28,14,1.0,0.1,3,1.2432094145638004
BTCUSDT,28,14,1.0,0.1,4,1.226086959811059
BTCUSDT,28,14,1.0,0.1,5,1.3095134145239096
BTCUSDT,28,14,10.0,0.01,1,1.389555774462059
BTCUSDT,28,14,10.0,0.01,2,1.268704919337406
BTCUSDT,28,14,10.0,0.01,3,1.208683346875466
BTCUSDT,28,14,10.0,0.01,4,1.1740020976489833
BTCUSDT,28,14,10.0,0.01,5,1.0258283592709883
BTCUSDT,28,14,10.0,0.1,1,1.367045053815856
BTCUSDT,28,14,10.0,0.1,2,1.292846905203261
BTCUSDT,28,14,10.0,0.1,3,1.2247001610408412
BTCUSDT,28,14,10.0,0.1,4,1.1753877595715156
BTCUSDT,28,14,10.0,0.1,5,1.0391673041184606
BTCUSDT,28,21,0.01,0.01,1,1.308204554577982
BTCUSDT,28,21,0.01,0.01,2,1.3401046384092639
BTCUSDT,28,21,0.01,0.01,3,1.371842569474523
BTCUSDT,28,21,0.01,0.01,4,1.3370278117890515
BTCUSDT,28,21,0.01,0.01,5,1.446913920608329
BTCUSDT,28,21,0.01,0.1,1,1.3049112611003282
BTCUSDT,28,21,0.01,0.1,2,1.341081645575574
BTCUSDT,28,21,0.01,0.1,3,1.375216033595734
BTCUSDT,28,21,0.01,0.1,4,1.3420178444013913
BTCUSDT,28,21,0.01,0.1,5,1.4374801157198864
BTCUSDT,28,21,0.1,0.01,1,1.2735127463423248
BTCUSDT,28,21,0.1,0.01,2,1.3107623915144937
BTCUSDT,28,21,0.1,0.01,3,1.3672318510739225
BTCUSDT,28,21,0.1,0.01,4,1.3393358225867789
BTCUSDT,28,21,0.1,0.01,5,1.3354905975048987
BTCUSDT,28,21,0.1,0.1,1,1.274183925307216
BTCUSDT,28,21,0.1,0.1,2,1.3161261519466492
BTCUSDT,28,21,0.1,0.1,3,1.380911966239062
BTCUSDT,28,21,0.1,0.1,4,1.3514248074987856
BTCUSDT,28,21,0.1,0.1,5,1.3058629680820588
BTCUSDT,28,21,1.0,0.01,1,1.2405232875261176
BTCUSDT,28,21,1.0,0.01,2,1.2362012190110705
BTCUSDT,28,21,1.0,0.01,3,1.244815299290915
BTCUSDT,28,21,1.0,0.01,4,1.2250088622633108
BTCUSDT,28,21,1.0,0.01,5,1.2364858846375153
BTCUSDT,28,21,1.0,0.1,1,1.2377400597606028
BTCUSDT,28,21,1.0,0.1,2,1.2473446939314243
BTCUSDT,28,21,1.0,0.1,3,1.274236673090701
BTCUSDT,28,21,1.0,0.1,4,1.256806404050468
BTCUSDT,28,21,1.0,0.1,5,1.2079199463889814
BTCUSDT,28,21,10.0,0.01,1,1.5613946589549357
BTCUSDT,28,21,10.0,0.01,2,1.0464592866661675
BTCUSDT,28,21,10.0,0.01,3,1.0136271720529766
BTCUSDT,28,21,10.0,0.01,4,0.9369530255038239
BTCUSDT,28,21,10.0,0.01,5,1.0026348539901158
BTCUSDT,28,21,10.0,0.1,1,1.5153518211470758
BTCUSDT,28,21,10.0,0.1,2,1.095003510492976
BTCUSDT,28,21,10.0,0.1,3,1.0463298429334005
BTCUSDT,28,21,10.0,0.1,4,0.9895869223066249
BTCUSDT,28,21,10.0,0.1,5,1.0031013401218594
BTCUSDT,28,28,0.01,0.01,1,1.3057467209660254
BTCUSDT,28,28,0.01,0.01,2,1.3314591496894763
BTCUSDT,28,28,0.01,0.01,3,1.3595321874952864
BTCUSDT,28,28,0.01,0.01,4,1.324780146187346
BTCUSDT,28,28,0.01,0.01,5,1.388999019358747
BTCUSDT,28,28,0.01,0.1,1,1.3025665863514628
BTCUSDT,28,28,0.01,0.1,2,1.3326520597284244
BTCUSDT,28,28,0.01,0.1,3,1.363101051797653
BTCUSDT,28,28,0.01,0.1,4,1.3301247917504528
BTCUSDT,28,28,0.01,0.1,5,1.37738050566324
BTCUSDT,28,28,0.1,0.01,1,1.2650804841405534
BTCUSDT,28,28,0.1,0.01,2,1.2952899593132174
BTCUSDT,28,28,0.1,0.01,3,1.3459470941456502
BTCUSDT,28,28,0.1,0.01,4,1.3232345534077579
BTCUSDT,28,28,0.1,0.01,5,1.2536998397432106
BTCUSDT,28,28,0.1,0.1,1,1.2619232352761567
BTCUSDT,28,28,0.1,0.1,2,1.3014065118563487
BTCUSDT,28,28,0.1,0.1,3,1.3623455417135564
BTCUSDT,28,28,0.1,0.1,4,1.3384020271932608
BTCUSDT,28,28,0.1,0.1,5,1.2267385624771723
BTCUSDT,28,28,1.0,0.01,1,1.2109459272136416
BTCUSDT,28,28,1.0,0.01,2,1.242902743803933
BTCUSDT,28,28,1.0,0.01,3,1.2326706751787528
BTCUSDT,28,28,1.0,0.01,4,1.2231616157903515
BTCUSDT,28,28,1.0,0.01,5,1.166483261442164
BTCUSDT,28,28,1.0,0.1,1,1.2142390593227457
BTCUSDT,28,28,1.0,0.1,2,1.2477279797606653
BTCUSDT,28,28,1.0,0.1,3,1.2400228248355458
BTCUSDT,28,28,1.0,0.1,4,1.2390792203650527
BTCUSDT,28,28,1.0,0.1,5,1.1445873055320506
BTCUSDT,28,28,10.0,0.01,1,1.3199450285731833
BTCUSDT,28,28,10.0,0.01,2,1.0659738610170835
BTCUSDT,28,28,10.0,0.01,3,1.0788683500420266
BTCUSDT,28,28,10.0,0.01,4,1.0633257210433542
BTCUSDT,28,28,10.0,0.01,5,1.033992175709614
BTCUSDT,28,28,10.0,0.1,1,1.2628456347656523
BTCUSDT,28,28,10.0,0.1,2,1.102402726554792
BTCUSDT,28,28,10.0,0.1,3,1.079806086488172
BTCUSDT,28,28,10.0,0.1,4,1.0748875562289657
BTCUSDT,28,28,10.0,0.1,5,1.027754426882259
ETHUSDT,7,7,0.01,0.01,1,1.2993859706415603
ETHUSDT,7,7,0.01,0.01,2,1.3762397494213232
ETHUSDT,7,7,0.01,0.01,3,1.5524019996333522
ETHUSDT,7,7,0.01,0.01,4,1.792582011467284
ETHUSDT,7,7,0.01,0.01,5,2.889156957539275
ETHUSDT,7,7,0.01,0.1,1,1.301825507098958
ETHUSDT,7,7,0.01,0.1,2,1.381423917457342
ETHUSDT,7,7,0.01,0.1,3,1.5636013463541627
ETHUSDT,7,7,0.01,0.1,4,1.8094330545087123
ETHUSDT,7,7,0.01,0.1,5,2.8948137568475323
ETHUSDT,7,7,0.1,0.01,1,1.3433938090528328
ETHUSDT,7,7,0.1,0.01,2,1.3975323860254831
ETHUSDT,7,7,0.1,0.01,3,1.521578343334112
ETHUSDT,7,7,0.1,0.01,4,1.7180450146648616
ETHUSDT,7,7,0.1,0.01,5,2.83166319033181
ETHUSDT,7,7,0.1,0.1,1,1.351750541326808
ETHUSDT,7,7,0.1,0.1,2,1.409254807645494
ETHUSDT,7,7,0.1,0.1,3,1.5489523099563602
ETHUSDT,7,7,0.1,0.1,4,1.756985333411231
ETHUSDT,7,7,0.1,0.1,5,2.8430749872551337
ETHUSDT,7,7,1.0,0.01,1,1.339051390629267
ETHUSDT,7,7,1.0,0.01,2,1.410876608320425
ETHUSDT,7,7,1.0,0.01,3,1.4258302443143671
ETHUSDT,7,7,1.0,0.01,4,1.5370105205354068
ETHUSDT,7,7,1.0,0.01,5,2.640447933046835
ETHUSDT,7,7,1.0,0.1,1,1.3470327483833573
ETHUSDT,7,7,1.0,0.1,2,1.4226712544515574
ETHUSDT,7,7,1.0,0.1,3,1.4604155392523388
ETHUSDT,7,7,1.0,0.1,4,1.5868751469277296
ETHUSDT,7,7,1.0,0.1,5,2.6591165841953197
ETHUSDT,7,7,10.0,0.01,1,1.3723821820663618
ETHUSDT,7,7,10.0,0.01,2,1.4763097679347552
ETHUSDT,7,7,10.0,0.01,3,1.352013509940856
ETHUSDT,7,7,10.0,0.01,4,1.3960510853127024
ETHUSDT,7,7,10.0,0.01,5,2.265182759976174
ETHUSDT,7,7,10.0,0.1,1,1.3702721322176192
ETHUSDT,7,7,10.0,0.1,2,1.480656114088345
ETHUSDT,7,7,10.0,0.1,3,1.3832639827238764
ETHUSDT,7,7,10.0,0.1,4,1.4231252628288513
ETHUSDT,7,7,10.0,0.1,5,2.28565667032919
ETHUSDT,7,14,0.01,0.01,1,1.314935438838972
ETHUSDT,7,14,0.01,0.01,2,1.3652339102298157
ETHUSDT,7,14,0.01,0.01,3,1.515235089151134
ETHUSDT,7,14,0.01,0.01,4,1.7352387466524914
ETHUSDT,7,14,0.01,0.01,5,2.859176030346096
ETHUSDT,7,14,0.01,0.1,1,1.3177237982558694
ETHUSDT,7,14,0.01,0.1,2,1.3702331284552276
ETHUSDT,7,14,0.01,0.1,3,1.5269229015581327
ETHUSDT,7,14,0.01,0.1,4,1.7541786274657645
ETHUSDT,7,14,0.01,0.1,5,2.861657581829929
ETHUSDT,7,14,0.1,0.01,1,1.3424036509562323
ETHUSDT,7,14,0.1,0.01,2,1.3513819609555198
ETHUSDT,7,14,0.1,0.01,3,1.4274423424540452
ETHUSDT,7,14,0.1,0.01,4,1.6009231521511658
ETHUSDT,7,14,0.1,0.01,5,2.7922253359629328
ETHUSDT,7,14,0.1,0.1,1,1.3509155652760154
ETHUSDT,7,14,0.1,0.1,2,1.364940610229149
ETHUSDT,7,14,0.1,0.1,3,1.458895338745266
ETHUSDT,7,14,0.1,0.1,4,1.6487405588980388
ETHUSDT,7,14,0.1,0.1,5,2.797250321748205
ETHUSDT,7,14,1.0,0.01,1,1.3398563593052768
ETHUSDT,7,14,1.0,0.01,2,1.2389664496150934
ETHUSDT,7,14,1.0,0.01,3,1.1268632160750423
ETHUSDT,7,14,1.0,0.01,4,1.1341783240427978
ETHUSDT,7,14,1.0,0.01,5,2.7124174314621468
ETHUSDT,7,14,1.0,0.1,1,1.3474958617383739
ETHUSDT,7,14,1.0,0.1,2,1.2610630652077932
ETHUSDT,7,14,1.0,0.1,3,1.1658939443279819
ETHUSDT,7,14,1.0,0.1,4,1.1997565325742596
ETHUSDT,7,14,1.0,0.1,5,2.7009440575868964
ETHUSDT,7,14,10.0,0.01,1,1.34975166003163
ETHUSDT,7,14,10.0,0.01,2,1.0164296524392948
ETHUSDT,7,14,10.0,0.01,3,1.0279460849883773
ETHUSDT,7,14,10.0,0.01,4,0.9499154754647486
ETHUSDT,7,14,10.0,0.01,5,2.754796357085426
ETHUSDT,7,14,10.0,0.1,1,1.3442036144593186
ETHUSDT,7,14,10.0,0.1,2,1.0364218433782009
ETHUSDT,7,14,10.0,0.1,3,1.0382239838443659
ETHUSDT,7,14,10.0,0.1,4,0.939932725808756
ETHUSDT,7,14,10.0,0.1,5,2.7310526072763026
ETHUSDT,7,21,0.01,0.01,1,1.2901554986018604
ETHUSDT,7,21,0.01,0.01,2,1.3187177020490641
ETHUSDT,7,21,0.01,0.01,3,1.4453592771005035
ETHUSDT,7,21,0.01,0.01,4,1.6468521418085085
ETHUSDT,7,21,0.01,0.01,5,2.7954447597215775
ETHUSDT,7,21,0.01,0.1,1,1.2939491289049185
ETHUSDT,7,21,0.01,0.1,2,1.3257023637590315
ETHUSDT,7,21,0.01,0.1,3,1.4604601498815593
ETHUSDT,7,21,0.01,0.1,4,1.6717659389090223
ETHUSDT,7,21,0.01,0.1,5,2.7990072160967463
ETHUSDT,7,21,0.1,0.01,1,1.2224187840033187
ETHUSDT,7,21,0.1,0.01,2,1.1640309369722739
ETHUSDT,7,21,0.1,0.01,3,1.1843734074013277
ETHUSDT,7,21,0.1,0.01,4,1.328195640109877
ETHUSDT,7,21,0.1,0.01,5,2.716154519210957
ETHUSDT,7,21,0.1,0.1,1,1.2371512167301846
ETHUSDT,7,21,0.1,0.1,2,1.192109974821007
ETHUSDT,7,21,0.1,0.1,3,1.2392438092188058
ETHUSDT,7,21,0.1,0.1,4,1.4027019539049728
ETHUSDT,7,21,0.1,0.1,5,2.71252717776409
ETHUSDT,7,21,1.0,0.01,1,1.0626927225023324
ETHUSDT,7,21,1.0,0.01,2,0.86912902581333
ETHUSDT,7,21,1.0,0.01,3,0.8063743484709088
ETHUSDT,7,21,1.0,0.01,4,0.8158023194596234
ETHUSDT,7,21,1.0,0.01,5,2.7134847976404637
ETHUSDT,7,21,1.0,0.1,1,1.079487881962221
ETHUSDT,7,21,1.0,0.1,2,0.9064581252910514
ETHUSDT,7,21,1.0,0.1,3,0.8269398974314957
ETHUSDT,7,21,1.0,0.1,4,0.8362244305887835
ETHUSDT,7,21,1.0,0.1,5,2.6875260573604183
ETHUSDT,7,21,10.0,0.01,1,1.1627107680004034
ETHUSDT,7,21,10.0,0.01,2,0.6229711618271797
ETHUSDT,7,21,10.0,0.01,3,0.9038580137855245
ETHUSDT,7,21,10.0,0.01,4,0.7956903283166746
ETHUSDT,7,21,10.0,0.01,5,2.7868565105629886
ETHUSDT,7,21,10.0,0.1,1,1.1448745670278309
ETHUSDT,7,21,10.0,0.1,2,0.6446609208229909
ETHUSDT,7,21,10.0,0.1,3,0.8868726891071848
ETHUSDT,7,21,10.0,0.1,4,0.7791324076542345
ETHUSDT,7,21,10.0,0.1,5,2.7407606127694772
ETHUSDT,7,28,0.01,0.01,1,1.2619784126997247
ETHUSDT,7,28,0.01,0.01,2,1.303930894504683
ETHUSDT,7,28,0.01,0.01,3,1.4353948732982602
ETHUSDT,7,28,0.01,0.01,4,1.6438745162151842
ETHUSDT,7,28,0.01,0.01,5,2.783187025606928
ETHUSDT,7,28,0.01,0.1,1,1.2664152427326434
ETHUSDT,7,28,0.01,0.1,2,1.3111230183435325
ETHUSDT,7,28,0.01,0.1,3,1.4500490913559987
ETHUSDT,7,28,0.01,0.1,4,1.6682217202351513
ETHUSDT,7,28,0.01,0.1,5,2.787484745961808
ETHUSDT,7,28,0.1,0.01,1,1.1366872830007766
ETHUSDT,7,28,0.1,0.01,2,1.1589372722475229
ETHUSDT,7,28,0.1,0.01,3,1.2081811399969034
ETHUSDT,7,28,0.1,0.01,4,1.383209405145857
ETHUSDT,7,28,0.1,0.01,5,2.7177538399391667
ETHUSDT,7,28,0.1,0.1,1,1.1525110123889895
ETHUSDT,7,28,0.1,0.1,2,1.1865298894933811
ETHUSDT,7,28,0.1,0.1,3,1.2615798681584816
ETHUSDT,7,28,0.1,0.1,4,1.4530728841978298
ETHUSDT,7,28,0.1,0.1,5,2.72223819501459
ETHUSDT,7,28,1.0,0.01,1,0.9297168232752236
ETHUSDT,7,28,1.0,0.01,2,0.9065994218927088
ETHUSDT,7,28,1.0,0.01,3,0.8330546740387037
ETHUSDT,7,28,1.0,0.01,4,0.9133451706249988
ETHUSDT,7,28,1.0,0.01,5,2.7310020712843572
ETHUSDT,7,28,1.0,0.1,1,0.9502663842365797
ETHUSDT,7,28,1.0,0.1,2,0.9522112908859418
ETHUSDT,7,28,1.0,0.1,3,0.8749780834213995
ETHUSDT,7,28,1.0,0.1,4,0.9550959505718527
ETHUSDT,7,28,1.0,0.1,5,2.7115824614604795
ETHUSDT,7,28,10.0,0.01,1,0.9241252863651883
ETHUSDT,7,28,10.0,0.01,2,0.745947051947511
ETHUSDT,7,28,10.0,0.01,3,0.9352988326672661
ETHUSDT,7,28,10.0,0.01,4,0.8281386763765584
ETHUSDT,7,28,10.0,0.01,5,2.8920049319661025
ETHUSDT,7,28,10.0,0.1,1,0.9177177514511131
ETHUSDT,7,28,10.0,0.1,2,0.7960435533212802
ETHUSDT,7,28,10.0,0.1,3,0.8958753595894652
ETHUSDT,7,28,10.0,0.1,4,0.8260583502100572
ETHUSDT,7,28,10.0,0.1,5,2.8356825029722823
ETHUSDT,14,7,0.01,0.01,1,2.077404873188145
ETHUSDT,14,7,0.01,0.01,2,2.0406787711951195
ETHUSDT,14,7,0.01,0.01,3,2.0458942723678226
ETHUSDT,14,7,0.01,0.01,4,2.0578106764628297
ETHUSDT,14,7,0.01,0.01,5,3.279228575808997
ETHUSDT,14,7,0.01,0.1,1,2.070271805219652
ETHUSDT,14,7,0.01,0.1,2,2.039880344906181
ETHUSDT,14,7,0.01,0.1,3,2.049299545751974
ETHUSDT,14,7,0.01,0.1,4,2.060773777041026
ETHUSDT,14,7,0.01,0.1,5,3.302094095755241
ETHUSDT,14,7,0.1,0.01,1,2.1578075936864396
ETHUSDT,14,7,0.1,0.01,2,2.0774864946223746
ETHUSDT,14,7,0.1,0.01,3,2.028542360676084
ETHUSDT,14,7,0.1,0.01,4,2.0007092309420953
ETHUSDT,14,7,0.1,0.01,5,3.223793858561926
ETHUSDT,14,7,0.1,0.1,1,2.1647760241111103
ETHUSDT,14,7,0.1,0.1,2,2.0810144225515024
ETHUSDT,14,7,0.1,0.1,3,2.038457911900697
ETHUSDT,14,7,0.1,0.1,4,2.0073698640314577
ETHUSDT,14,7,0.1,0.1,5,3.2916991632637362
ETHUSDT,14,7,1.0,0.01,1,2.1589385828597494
ETHUSDT,14,7,1.0,0.01,2,2.115864533914051
ETHUSDT,14,7,1.0,0.01,3,1.9614763490071176
ETHUSDT,14,7,1.0,0.01,4,1.8800319497415512
ETHUSDT,14,7,1.0,0.01,5,2.8987356537034588
ETHUSDT,14,7,1.0,0.1,1,2.1710035808452908
ETHUSDT,14,7,1.0,0.1,2,2.1169549571201682
ETHUSDT,14,7,1.0,0.1,3,1.980897790040373
ETHUSDT,14,7,1.0,0.1,4,1.8968425878843997
ETHUSDT,14,7,1.0,0.1,5,2.989174686370727
ETHUSDT,14,7,10.0,0.01,1,2.1672854028426283
ETHUSDT,14,7,10.0,0.01,2,2.1980924155615487
ETHUSDT,14,7,10.0,0.01,3,1.8517374087004723
ETHUSDT,14,7,10.0,0.01,4,1.7470899066690713
ETHUSDT,14,7,10.0,0.01,5,2.2807296253994154
ETHUSDT,14,7,10.0,0.1,1,2.1828830673244224
ETHUSDT,14,7,10.0,0.1,2,2.203069175683301
ETHUSDT,14,7,10.0,0.1,3,1.8812883877106568
ETHUSDT,14,7,10.0,0.1,4,1.769252637067741
ETHUSDT,14,7,10.0,0.1,5,2.3439520642405216
ETHUSDT,14,14,0.01,0.01,1,2.105469850050444
ETHUSDT,14,14,0.01,0.01,2,2.0227017506300258
ETHUSDT,14,14,0.01,0.01,3,1.9979919557714345
ETHUSDT,14,14,0.01,0.01,4,1.9912953705991137
ETHUSDT,14,14,0.01,0.01,5,3.2402727922283048
ETHUSDT,14,14,0.01,0.1,1,2.096210625791708
ETHUSDT,14,14,0.01,0.1,2,2.021890846229359
ETHUSDT,14,14,0.01,0.1,3,2.003147470201516
ETHUSDT,14,14,0.01,0.1,4,1.995433094406655
ETHUSDT,14,14,0.01,0.1,5,3.2641618827240526
ETHUSDT,14,14,0.1,0.01,1,2.124093556213716
ETHUSDT,14,14,0.1,0.01,2,1.9734841726839787
ETHUSDT,14,14,0.1,0.01,3,1.8710634009221534
ETHUSDT,14,14,0.1,0.01,4,1.826416608781752
ETHUSDT,14,14,0.1,0.01,5,3.1177462012270167
ETHUSDT,14,14,0.1,0.1,1,2.110366346954266
ETHUSDT,14,14,0.1,0.1,2,1.9740279917814954
ETHUSDT,14,14,0.1,0.1,3,1.8856890102787982
ETHUSDT,14,14,0.1,0.1,4,1.8394710277761093
ETHUSDT,14,14,0.1,0.1,5,3.173590217104516
ETHUSDT,14,14,1.0,0.01,1,2.06553223743759
ETHUSDT,14,14,1.0,0.01,2,1.7699138752452865
ETHUSDT,14,14,1.0,0.01,3,1.433613389083883
ETHUSDT,14,14,1.0,0.01,4,1.294034267735378
ETHUSDT,14,14,1.0,0.01,5,2.8615653324774506
ETHUSDT,14,14,1.0,0.1,1,2.042615276977452
ETHUSDT,14,14,1.0,0.1,2,1.776050734603089
ETHUSDT,14,14,1.0,0.1,3,1.4674384307613093
ETHUSDT,14,14,1.0,0.1,4,1.3391217269733338
ETHUSDT,14,14,1.0,0.1,5,2.8919346502380967
ETHUSDT,14,14,10.0,0.01,1,2.051809911879973
ETHUSDT,14,14,10.0,0.01,2,1.4617958959011268
ETHUSDT,14,14,10.0,0.01,3,1.1174750743861348
ETHUSDT,14,14,10.0,0.01,4,0.9019897611639062
ETHUSDT,14,14,10.0,0.01,5,2.664059515393246
ETHUSDT,14,14,10.0,0.1,1,2.043824972361676
ETHUSDT,14,14,10.0,0.1,2,1.4908136239649148
ETHUSDT,14,14,10.0,0.1,3,1.1429857974431183
ETHUSDT,14,14,10.0,0.1,4,0.9409717482216078
ETHUSDT,14,14,10.0,0.1,5,2.7188704682587934
ETHUSDT,14,21,0.01,0.01,1,2.051048815311181
ETHUSDT,14,21,0.01,0.01,2,1.957916827001796
ETHUSDT,14,21,0.01,0.01,3,1.9241985432520008
ETHUSDT,14,21,0.01,0.01,4,1.911459599565656
ETHUSDT,14,21,0.01,0.01,5,3.135560177792193
ETHUSDT,14,21,0.01,0.1,1,2.0454928203306464
ETHUSDT,14,21,0.01,0.1,2,1.9602007806127364
ETHUSDT,14,21,0.01,0.1,3,1.93335352490347
ETHUSDT,14,21,0.01,0.1,4,1.9194386597308688
ETHUSDT,14,21,0.01,0.1,5,3.1532638081502116
ETHUSDT,14,21,0.1,0.01,1,1.8519119204340782
ETHUSDT,14,21,0.1,0.01,2,1.711456582832364
ETHUSDT,14,21,0.1,0.01,3,1.616397517543563
ETHUSDT,14,21,0.1,0.01,4,1.5885677198600179
ETHUSDT,14,21,0.1,0.01,5,2.9626444174862843
ETHUSDT,14,21,0.1,0.1,1,1.8588743352703065
ETHUSDT,14,21,0.1,0.1,2,1.730130961716186
ETHUSDT,14,21,0.1,0.1,3,1.6460137217080655
ETHUSDT,14,21,0.1,0.1,4,1.6174330506637855
ETHUSDT,14,21,0.1,0.1,5,2.9669417529516613
ETHUSDT,14,21,1.0,0.01,1,1.4862745354098021
ETHUSDT,14,21,1.0,0.01,2,1.2696871873350177
ETHUSDT,14,21,1.0,0.01,3,1.0224134797484583
ETHUSDT,14,21,1.0,0.01,4,0.9776253568703535
ETHUSDT,14,21,1.0,0.01,5,2.800160268305691
ETHUSDT,14,21,1.0,0.1,1,1.5149265261186307
ETHUSDT,14,21,1.0,0.1,2,1.3049189412866402
ETHUSDT,14,21,1.0,0.1,3,1.0575261175126562
ETHUSDT,14,21,1.0,0.1,4,1.0226553859117637
ETHUSDT,14,21,1.0,0.1,5,2.82476963310144
ETHUSDT,14,21,10.0,0.01,1,1.364785597390089
ETHUSDT,14,21,10.0,0.01,2,0.914787154125448
ETHUSDT,14,21,10.0,0.01,3,0.8402295059835357
ETHUSDT,14,21,10.0,0.01,4,0.7603551236446259
ETHUSDT,14,21,10.0,0.01,5,2.614668390149336
ETHUSDT,14,21,10.0,0.1,1,1.3774549887858945
ETHUSDT,14,21,10.0,0.1,2,0.9489597838140396
ETHUSDT,14,21,10.0,0.1,3,0.8562007768717045
ETHUSDT,14,21,10.0,0.1,4,0.7995398714639086
ETHUSDT,14,21,10.0,0.1,5,2.678947113217616
ETHUSDT,14,28,0.01,0.01,1,2.005364621831496
ETHUSDT,14,28,0.01,0.01,2,1.9231246577391015
ETHUSDT,14,28,0.01,0.01,3,1.8934007215537414
ETHUSDT,14,28,0.01,0.01,4,1.8859948535383473
ETHUSDT,14,28,0.01,0.01,5,3.116640406840149
ETHUSDT,14,28,0.01,0.1,1,2.0005855247071973
ETHUSDT,14,28,0.01,0.1,2,1.9254186613911095
ETHUSDT,14,28,0.01,0.1,3,1.9019917222563947
ETHUSDT,14,28,0.01,0.1,4,1.893777597580741
ETHUSDT,14,28,0.01,0.1,5,3.1306115292754084
ETHUSDT,14,28,0.1,0.01,1,1.7524978308280754
ETHUSDT,14,28,0.1,0.01,2,1.6331945616651624
ETHUSDT,14,28,0.1,0.01,3,1.560543168082207
ETHUSDT,14,28,0.1,0.01,4,1.5611727234408719
ETHUSDT,14,28,0.1,0.01,5,2.95798119101627
ETHUSDT,14,28,0.1,0.1,1,1.752887735812451
ETHUSDT,14,28,0.1,0.1,2,1.6437762957289892
ETHUSDT,14,28,0.1,0.1,3,1.5850749936544848
ETHUSDT,14,28,0.1,0.1,4,1.588005221094199
ETHUSDT,14,28,0.1,0.1,5,2.9810923635415323
ETHUSDT,14,28,1.0,0.01,1,1.4579693411305261
ETHUSDT,14,28,1.0,0.01,2,1.2482010444146334
ETHUSDT,14,28,1.0,0.01,3,1.0074068228875797
ETHUSDT,14,28,1.0,0.01,4,0.9923996485727423
ETHUSDT,14,28,1.0,0.01,5,2.7917404095639617
ETHUSDT,14,28,1.0,0.1,1,1.4854509977326091
ETHUSDT,14,28,1.0,0.1,2,1.2836018199707353
ETHUSDT,14,28,1.0,0.1,3,1.0505302283756306
ETHUSDT,14,28,1.0,0.1,4,1.0385762231450133
ETHUSDT,14,28,1.0,0.1,5,2.8254641931480933
ETHUSDT,14,28,10.0,0.01,1,1.3953372471827563
ETHUSDT,14,28,10.0,0.01,2,1.1364162396069808
ETHUSDT,14,28,10.0,0.01,3,0.851803891992285
ETHUSDT,14,28,10.0,0.01,4,0.792700884857784
ETHUSDT,14,28,10.0,0.01,5,2.7064816641837246
ETHUSDT,14,28,10.0,0.1,1,1.4023138023450936
ETHUSDT,14,28,10.0,0.1,2,1.1755825342786357
ETHUSDT,14,28,10.0,0.1,3,0.8622318110718705
ETHUSDT,14,28,10.0,0.1,4,0.8153691211697321
ETHUSDT,14,28,10.0,0.1,5,2.752228973639606
ETHUSDT,21,7,0.01,0.01,1,2.215865000334759
ETHUSDT,21,7,0.01,0.01,2,2.1775507214120737
ETHUSDT,21,7,0.01,0.01,3,2.2588656939686445
ETHUSDT,21,7,0.01,0.01,4,2.3743005299180844
ETHUSDT,21,7,0.01,0.01,5,3.1272499893040333
ETHUSDT,21,7,0.01,0.1,1,2.221934947466075
ETHUSDT,21,7,0.01,0.1,2,2.1796616043275145
ETHUSDT,21,7,0.01,0.1,3,2.261418364970552
ETHUSDT,21,7,0.01,0.1,4,2.375947976256182
ETHUSDT,21,7,0.01,0.1,5,3.1408361677806482
ETHUSDT,21,7,0.1,0.01,1,2.2893045138740775
ETHUSDT,21,7,0.1,0.01,2,2.206136838076992
ETHUSDT,21,7,0.1,0.01,3,2.2491711225490514
ETHUSDT,21,7,0.1,0.01,4,2.3446062715955485
ETHUSDT,21,7,0.1,0.01,5,3.0745920490213763
ETHUSDT,21,7,0.1,0.1,1,2.3038300113259345
ETHUSDT,21,7,0.1,0.1,2,2.214192474180573
ETHUSDT,21,7,0.1,0.1,3,2.2561407979969386
ETHUSDT,21,7,0.1,0.1,4,2.35045282870425
ETHUSDT,21,7,0.1,0.1,5,3.125198741219722
ETHUSDT,21,7,1.0,0.01,1,2.271824125789944
ETHUSDT,21,7,1.0,0.01,2,2.249243588954994
ETHUSDT,21,7,1.0,0.01,3,2.228710828290031
ETHUSDT,21,7,1.0,0.01,4,2.278974674454824
ETHUSDT,21,7,1.0,0.01,5,2.7167818677589706
ETHUSDT,21,7,1.0,0.1,1,2.2900958947586063
ETHUSDT,21,7,1.0,0.1,2,2.259777027233771
ETHUSDT,21,7,1.0,0.1,3,2.24501099465439
ETHUSDT,21,7,1.0,0.1,4,2.291093114640098
ETHUSDT,21,7,1.0,0.1,5,2.798121559291868
ETHUSDT,21,7,10.0,0.01,1,2.235367240904232
ETHUSDT,21,7,10.0,0.01,2,2.3559389642396953
ETHUSDT,21,7,10.0,0.01,3,2.2224526624189798
ETHUSDT,21,7,10.0,0.01,4,2.201450182486094
ETHUSDT,21,7,10.0,0.01,5,2.084282013724286
ETHUSDT,21,7,10.0,0.1,1,2.25051202892378
ETHUSDT,21,7,10.0,0.1,2,2.357979541771063
ETHUSDT,21,7,10.0,0.1,3,2.238473706052881
ETHUSDT,21,7,10.0,0.1,4,2.2088899633824295
ETHUSDT,21,7,10.0,0.1,5,2.1894954476971598
ETHUSDT,21,14,0.01,0.01,1,2.2483271166903345
ETHUSDT,21,14,0.01,0.01,2,2.165321162900099
ETHUSDT,21,14,0.01,0.01,3,2.2284752219270723
ETHUSDT,21,14,0.01,0.01,4,2.340806473864378
ETHUSDT,21,14,0.01,0.01,5,3.0885583648875516
ETHUSDT,21,14,0.01,0.1,1,2.255034634367082
ETHUSDT,21,14,0.01,0.1,2,2.166781116465461
ETHUSDT,21,14,0.01,0.1,3,2.231221255957275
ETHUSDT,21,14,0.01,0.1,4,2.3426173229860168
ETHUSDT,21,14,0.01,0.1,5,3.103229836574377
ETHUSDT,21,14,0.1,0.01,1,2.2662496104517924
ETHUSDT,21,14,0.1,0.01,2,2.1336117393814473
ETHUSDT,21,14,0.1,0.01,3,2.1555890051548814
ETHUSDT,21,14,0.1,0.01,4,2.2534801968067573
ETHUSDT,21,14,0.1,0.01,5,2.9539336540339503
ETHUSDT,21,14,0.1,0.1,1,2.2801023780775935
ETHUSDT,21,14,0.1,0.1,2,2.1370416034170185
ETHUSDT,21,14,0.1,0.1,3,2.1648336956067817
ETHUSDT,21,14,0.1,0.1,4,2.263738725612646
ETHUSDT,21,14,0.1,0.1,5,3.008448372867377
ETHUSDT,21,14,1.0,0.01,1,2.209042845674653
ETHUSDT,21,14,1.0,0.01,2,2.0201638146084027
ETHUSDT,21,14,1.0,0.01,3,1.919024749251744
ETHUSDT,21,14,1.0,0.01,4,1.9602472679139193
ETHUSDT,21,14,1.0,0.01,5,2.6425301827626635
ETHUSDT,21,14,1.0,0.1,1,2.215091962241801
ETHUSDT,21,14,1.0,0.1,2,2.0264460014838797
ETHUSDT,21,14,1.0,0.1,3,1.9483387456397818
ETHUSDT,21,14,1.0,0.1,4,1.9935031758840942
ETHUSDT,21,14,1.0,0.1,5,2.6752364531995587
ETHUSDT,21,14,10.0,0.01,1,2.202882919624285
ETHUSDT,21,14,10.0,0.01,2,1.8968410708320285
ETHUSDT,21,14,10.0,0.01,3,1.7667888288996798
ETHUSDT,21,14,10.0,0.01,4,1.698270418743151
ETHUSDT,21,14,10.0,0.01,5,2.340597911861988
ETHUSDT,21,14,10.0,0.1,1,2.213479199165259
ETHUSDT,21,14,10.0,0.1,2,1.9211620435442716
ETHUSDT,21,14,10.0,0.1,3,1.7976427443761642
ETHUSDT,21,14,10.0,0.1,4,1.7408485994104428
ETHUSDT,21,14,10.0,0.1,5,2.4064964374993525
ETHUSDT,21,21,0.01,0.01,1,2.2014949121129854
ETHUSDT,21,21,0.01,0.01,2,2.11429068796305
ETHUSDT,21,21,0.01,0.01,3,2.17159630598395
ETHUSDT,21,21,0.01,0.01,4,2.2778758211691645
ETHUSDT,21,21,0.01,0.01,5,2.9816137225176065
ETHUSDT,21,21,0.01,0.1,1,2.210290879122768
ETHUSDT,21,21,0.01,0.1,2,2.119292119174927
ETHUSDT,21,21,0.01,0.1,3,2.178452741300095
ETHUSDT,21,21,0.01,0.1,4,2.2839294790041804
ETHUSDT,21,21,0.01,0.1,5,2.99817386005029
ETHUSDT,21,21,0.1,0.01,1,2.048197061262248
ETHUSDT,21,21,0.1,0.01,2,1.9297458430416339
ETHUSDT,21,21,0.1,0.01,3,1.9363748173592057
ETHUSDT,21,21,0.1,0.01,4,2.0064864174432513
ETHUSDT,21,21,0.1,0.01,5,2.7908425120281315
ETHUSDT,21,21,0.1,0.1,1,2.070620752964774
ETHUSDT,21,21,0.1,0.1,2,1.9543407502106793
ETHUSDT,21,21,0.1,0.1,3,1.9601991203785034
ETHUSDT,21,21,0.1,0.1,4,2.0277616321946637
ETHUSDT,21,21,0.1,0.1,5,2.800153905416206
ETHUSDT,21,21,1.0,0.01,1,1.8082645259631234
ETHUSDT,21,21,1.0,0.01,2,1.6662585497637632
ETHUSDT,21,21,1.0,0.01,3,1.5735427061781675
ETHUSDT,21,21,1.0,0.01,4,1.5762117020524944
ETHUSDT,21,21,1.0,0.01,5,2.5628747275451533
ETHUSDT,21,21,1.0,0.1,1,1.8495381122183898
ETHUSDT,21,21,1.0,0.1,2,1.678526335410042
ETHUSDT,21,21,1.0,0.1,3,1.585919473303383
ETHUSDT,21,21,1.0,0.1,4,1.5867077470180782
ETHUSDT,21,21,1.0,0.1,5,2.5944152292808513
ETHUSDT,21,21,10.0,0.01,1,1.8545846821321033
ETHUSDT,21,21,10.0,0.01,2,1.6590152913153526
ETHUSDT,21,21,10.0,0.01,3,1.5917009626149565
ETHUSDT,21,21,10.0,0.01,4,1.6228312330764616
ETHUSDT,21,21,10.0,0.01,5,2.2606781611027
ETHUSDT,21,21,10.0,0.1,1,1.8385201095807686
ETHUSDT,21,21,10.0,0.1,2,1.6661678059642802
ETHUSDT,21,21,10.0,0.1,3,1.5818733737289805
ETHUSDT,21,21,10.0,0.1,4,1.5981034915821886
ETHUSDT,21,21,10.0,0.1,5,2.338185201825675
ETHUSDT,21,28,0.01,0.01,1,2.1534332082267644
ETHUSDT,21,28,0.01,0.01,2,2.0776128205237514
ETHUSDT,21,28,0.01,0.01,3,2.140877203590458
ETHUSDT,21,28,0.01,0.01,4,2.253986748460773
ETHUSDT,21,28,0.01,0.01,5,2.9637082732435376
ETHUSDT,21,28,0.01,0.1,1,2.162966415024222
ETHUSDT,21,28,0.01,0.1,2,2.0824571465560853
ETHUSDT,21,28,0.01,0.1,3,2.147322114513733
ETHUSDT,21,28,0.01,0.1,4,2.259302006961961
ETHUSDT,21,28,0.01,0.1,5,2.9778779805836555
ETHUSDT,21,28,0.1,0.01,1,1.9250942237956334
ETHUSDT,21,28,0.1,0.01,2,1.8206842728204269
ETHUSDT,21,28,0.1,0.01,3,1.8548015460614273
ETHUSDT,21,28,0.1,0.01,4,1.9492594570846953
ETHUSDT,21,28,0.1,0.01,5,2.786046709647926
ETHUSDT,21,28,0.1,0.1,1,1.9471939468100194
ETHUSDT,21,28,0.1,0.1,2,1.8430109700200068
ETHUSDT,21,28,0.1,0.1,3,1.8810570083455542
ETHUSDT,21,28,0.1,0.1,4,1.9726625071870116
ETHUSDT,21,28,0.1,0.1,5,2.8089433166031506
ETHUSDT,21,28,1.0,0.01,1,1.7128948474181152
ETHUSDT,21,28,1.0,0.01,2,1.540814130750784
ETHUSDT,21,28,1.0,0.01,3,1.4809523512451395
ETHUSDT,21,28,1.0,0.01,4,1.5153051281654548
ETHUSDT,21,28,1.0,0.01,5,2.5510903363823885
ETHUSDT,21,28,1.0,0.1,1,1.7388604164106631
ETHUSDT,21,28,1.0,0.1,2,1.5366712357957422
ETHUSDT,21,28,1.0,0.1,3,1.4879241903793614
ETHUSDT,21,28,1.0,0.1,4,1.5216069834885164
ETHUSDT,21,28,1.0,0.1,5,2.5851053080054407
ETHUSDT,21,28,10.0,0.01,1,1.8309441371248198
ETHUSDT,21,28,10.0,0.01,2,1.6027317639282448
ETHUSDT,21,28,10.0,0.01,3,1.5340745052583344
ETHUSDT,21,28,10.0,0.01,4,1.6243287008428557
ETHUSDT,21,28,10.0,0.01,5,2.354518586922836
ETHUSDT,21,28,10.0,0.1,1,1.8271759848691416
ETHUSDT,21,28,10.0,0.1,2,1.589349473967611
ETHUSDT,21,28,10.0,0.1,3,1.5039676734687366
ETHUSDT,21,28,10.0,0.1,4,1.5695644787907832
ETHUSDT,21,28,10.0,0.1,5,2.414753959543227
ETHUSDT,28,7,0.01,0.01,1,2.359317494835369
ETHUSDT,28,7,0.01,0.01,2,2.343455821922196
ETHUSDT,28,7,0.01,0.01,3,2.391494111195431
ETHUSDT,28,7,0.01,0.01,4,2.434934496884324
ETHUSDT,28,7,0.01,0.01,5,3.174976099548508
ETHUSDT,28,7,0.01,0.1,1,2.361488950843771
ETHUSDT,28,7,0.01,0.1,2,2.348162850917896
ETHUSDT,28,7,0.01,0.1,3,2.3968253229370595
ETHUSDT,28,7,0.01,0.1,4,2.4400189081696224
ETHUSDT,28,7,0.01,0.1,5,3.1818771132461916
ETHUSDT,28,7,0.1,0.01,1,2.393628079449507
ETHUSDT,28,7,0.1,0.01,2,2.358098777249704
ETHUSDT,28,7,0.1,0.01,3,2.3862711391558777
ETHUSDT,28,7,0.1,0.01,4,2.41708561218143
ETHUSDT,28,7,0.1,0.01,5,3.1280547494433173
ETHUSDT,28,7,0.1,0.1,1,2.4088709414058296
ETHUSDT,28,7,0.1,0.1,2,2.3728702097462837
ETHUSDT,28,7,0.1,0.1,3,2.400716117675294
ETHUSDT,28,7,0.1,0.1,4,2.4310675376983792
ETHUSDT,28,7,0.1,0.1,5,3.159643879530694
ETHUSDT,28,7,1.0,0.01,1,2.36956507742364
ETHUSDT,28,7,1.0,0.01,2,2.382335086412197
ETHUSDT,28,7,1.0,0.01,3,2.3746947998834136
ETHUSDT,28,7,1.0,0.01,4,2.3722305658320613
ETHUSDT,28,7,1.0,0.01,5,2.818456596401378
ETHUSDT,28,7,1.0,0.1,1,2.3931698784562996
ETHUSDT,28,7,1.0,0.1,2,2.4029368011468475
ETHUSDT,28,7,1.0,0.1,3,2.397257796101159
ETHUSDT,28,7,1.0,0.1,4,2.394081297554955
ETHUSDT,28,7,1.0,0.1,5,2.871253041813907
ETHUSDT,28,7,10.0,0.01,1,2.313601230880224
ETHUSDT,28,7,10.0,0.01,2,2.444327610819673
ETHUSDT,28,7,10.0,0.01,3,2.375202177068509
ETHUSDT,28,7,10.0,0.01,4,2.3186166001482555
ETHUSDT,28,7,10.0,0.01,5,2.258434188717635
ETHUSDT,28,7,10.0,0.1,1,2.337681238059875
ETHUSDT,28,7,10.0,0.1,2,2.466456858041331
ETHUSDT,28,7,10.0,0.1,3,2.405139693587734
ETHUSDT,28,7,10.0,0.1,4,2.3448900489949884
ETHUSDT,28,7,10.0,0.1,5,2.3282246674691796
ETHUSDT,28,14,0.01,0.01,1,2.3792847266459916
ETHUSDT,28,14,0.01,0.01,2,2.33776535758695
ETHUSDT,28,14,0.01,0.01,3,2.3764329055153626
ETHUSDT,28,14,0.01,0.01,4,2.4180131519552326
ETHUSDT,28,14,0.01,0.01,5,3.1435885602588214
ETHUSDT,28,14,0.01,0.1,1,2.3808664450219483
ETHUSDT,28,14,0.01,0.1,2,2.3428237092839685
ETHUSDT,28,14,0.01,0.1,3,2.382185829911743
ETHUSDT,28,14,0.01,0.1,4,2.42338911635944
ETHUSDT,28,14,0.01,0.1,5,3.1507207108998423
ETHUSDT,28,14,0.1,0.01,1,2.381807854301674
ETHUSDT,28,14,0.1,0.01,2,2.320622567168138
ETHUSDT,28,14,0.1,0.01,3,2.3428130129489904
ETHUSDT,28,14,0.1,0.01,4,2.371807902823922
ETHUSDT,28,14,0.1,0.01,5,3.0213048188013305
ETHUSDT,28,14,0.1,0.1,1,2.401362365058627
ETHUSDT,28,14,0.1,0.1,2,2.3390553270510557
ETHUSDT,28,14,0.1,0.1,3,2.3603035048419145
ETHUSDT,28,14,0.1,0.1,4,2.388853676142863
ETHUSDT,28,14,0.1,0.1,5,3.0274104438859895
ETHUSDT,28,14,1.0,0.01,1,2.324637306109946
ETHUSDT,28,14,1.0,0.01,2,2.255262885605098
ETHUSDT,28,14,1.0,0.01,3,2.2234200779000792
ETHUSDT,28,14,1.0,0.01,4,2.2035693401274212
ETHUSDT,28,14,1.0,0.01,5,2.714788524554719
ETHUSDT,28,14,1.0,0.1,1,2.360792065562932
ETHUSDT,28,14,1.0,0.1,2,2.2882314062584106
ETHUSDT,28,14,1.0,0.1,3,2.2580051422267964
ETHUSDT,28,14,1.0,0.1,4,2.2407710352120813
ETHUSDT,28,14,1.0,0.1,5,2.7373257328142926
ETHUSDT,28,14,10.0,0.01,1,2.188560449161641
ETHUSDT,28,14,10.0,0.01,2,2.1550069115126154
ETHUSDT,28,14,10.0,0.01,3,2.1340034343380863
ETHUSDT,28,14,10.0,0.01,4,2.029914637145747
ETHUSDT,28,14,10.0,0.01,5,2.2955801489225816
ETHUSDT,28,14,10.0,0.1,1,2.2372857474842456
ETHUSDT,28,14,10.0,0.1,2,2.2052068656222787
ETHUSDT,28,14,10.0,0.1,3,2.1793814913857363
ETHUSDT,28,14,10.0,0.1,4,2.083893273203512
ETHUSDT,28,14,10.0,0.1,5,2.3202542394042163
ETHUSDT,28,21,0.01,0.01,1,2.351345395020876
ETHUSDT,28,21,0.01,0.01,2,2.3037853644133612
ETHUSDT,28,21,0.01,0.01,3,2.3370203366898603
ETHUSDT,28,21,0.01,0.01,4,2.3733292620516315
ETHUSDT,28,21,0.01,0.01,5,3.0551960787048635
ETHUSDT,28,21,0.01,0.1,1,2.3568439443001408
ETHUSDT,28,21,0.01,0.1,2,2.3121287862867836
ETHUSDT,28,21,0.01,0.1,3,2.345974592829554
ETHUSDT,28,21,0.01,0.1,4,2.381750094597675
ETHUSDT,28,21,0.01,0.1,5,3.061397319571578
ETHUSDT,28,21,0.1,0.01,1,2.232599373388063
ETHUSDT,28,21,0.1,0.01,2,2.162965427756125
ETHUSDT,28,21,0.1,0.01,3,2.170913911952525
ETHUSDT,28,21,0.1,0.01,4,2.1790106296395026
ETHUSDT,28,21,0.1,0.01,5,2.8865721849897947
ETHUSDT,28,21,0.1,0.1,1,2.266089221852091
ETHUSDT,28,21,0.1,0.1,2,2.199222907940561
ETHUSDT,28,21,0.1,0.1,3,2.20575073165219
ETHUSDT,28,21,0.1,0.1,4,2.2124408137529983
ETHUSDT,28,21,0.1,0.1,5,2.889740440872888
ETHUSDT,28,21,1.0,0.01,1,2.071631002086325
ETHUSDT,28,21,1.0,0.01,2,1.9731388880774678
ETHUSDT,28,21,1.0,0.01,3,1.928576262287533
ETHUSDT,28,21,1.0,0.01,4,1.8632856807383356
ETHUSDT,28,21,1.0,0.01,5,2.6344262711740667
ETHUSDT,28,21,1.0,0.1,1,2.120929119013109
ETHUSDT,28,21,1.0,0.1,2,2.0278944627262065
ETHUSDT,28,21,1.0,0.1,3,1.9779772111446836
ETHUSDT,28,21,1.0,0.1,4,1.8978379138773336
ETHUSDT,28,21,1.0,0.1,5,2.6614919452957433
ETHUSDT,28,21,10.0,0.01,1,2.1316619316315895
ETHUSDT,28,21,10.0,0.01,2,1.982097173303816
ETHUSDT,28,21,10.0,0.01,3,1.9576124194749533
ETHUSDT,28,21,10.0,0.01,4,1.85622677499884
ETHUSDT,28,21,10.0,0.01,5,2.202651649229929
ETHUSDT,28,21,10.0,0.1,1,2.1469981123137485
ETHUSDT,28,21,10.0,0.1,2,2.014074240470856
ETHUSDT,28,21,10.0,0.1,3,1.9784776223852487
ETHUSDT,28,21,10.0,0.1,4,1.8695948527991813
ETHUSDT,28,21,10.0,0.1,5,2.2518973726960634
ETHUSDT,28,28,0.01,0.01,1,2.3001676270843525
ETHUSDT,28,28,0.01,0.01,2,2.2726168924891015
ETHUSDT,28,28,0.01,0.01,3,2.3148828242931243
ETHUSDT,28,28,0.01,0.01,4,2.358192941159177
ETHUSDT,28,28,0.01,0.01,5,3.0394848300913524
ETHUSDT,28,28,0.01,0.1,1,2.3100371482209323
ETHUSDT,28,28,0.01,0.1,2,2.2826508037910904
ETHUSDT,28,28,0.01,0.1,3,2.3243351161239736
ETHUSDT,28,28,0.01,0.1,4,2.366259747478515
ETHUSDT,28,28,0.01,0.1,5,3.0474719076707557
ETHUSDT,28,28,0.1,0.01,1,2.0008884630671866
ETHUSDT,28,28,0.1,0.01,2,2.040278869882848
ETHUSDT,28,28,0.1,0.01,3,2.0978093443692876
ETHUSDT,28,28,0.1,0.01,4,2.1364561708779273
ETHUSDT,28,28,0.1,0.01,5,2.877176688975845
ETHUSDT,28,28,0.1,0.1,1,2.0511779693220027
ETHUSDT,28,28,0.1,0.1,2,2.0818658512101984
ETHUSDT,28,28,0.1,0.1,3,2.135329291675087
ETHUSDT,28,28,0.1,0.1,4,2.1686492216584794
ETHUSDT,28,28,0.1,0.1,5,2.88220568993586
ETHUSDT,28,28,1.0,0.01,1,1.6653719462097585
ETHUSDT,28,28,1.0,0.01,2,1.749006253007403
ETHUSDT,28,28,1.0,0.01,3,1.8060068302062515
ETHUSDT,28,28,1.0,0.01,4,1.7994152105362446
ETHUSDT,28,28,1.0,0.01,5,2.6109698401880723
ETHUSDT,28,28,1.0,0.1,1,1.6837775536521493
ETHUSDT,28,28,1.0,0.1,2,1.779281447803119
ETHUSDT,28,28,1.0,0.1,3,1.8356457813821065
ETHUSDT,28,28,1.0,0.1,4,1.8358460547594733
ETHUSDT,28,28,1.0,0.1,5,2.640496669771474
ETHUSDT,28,28,10.0,0.01,1,1.6900343286365442
ETHUSDT,28,28,10.0,0.01,2,1.6923210970701195
ETHUSDT,28,28,10.0,0.01,3,1.8386663716091693
ETHUSDT,28,28,10.0,0.01,4,1.8584606561966623
ETHUSDT,28,28,10.0,0.01,5,2.2450885839133714
ETHUSDT,28,28,10.0,0.1,1,1.6484923420328121
ETHUSDT,28,28,10.0,0.1,2,1.6759172649825416
ETHUSDT,28,28,10.0,0.1,3,1.830690172889055
ETHUSDT,28,28,10.0,0.1,4,1.860158056585897
ETHUSDT,28,28,10.0,0.1,5,2.2757724204675553
BNBUSDT,7,7,0.01,0.01,1,1.4364143810681487
BNBUSDT,7,7,0.01,0.01,2,1.4606219350804557
BNBUSDT,7,7,0.01,0.01,3,1.5758242269619418
BNBUSDT,7,7,0.01,0.01,4,1.8549153191833267
BNBUSDT,7,7,0.01,0.01,5,3.2471002614507722
BNBUSDT,7,7,0.01,0.1,1,1.4446241621361362
BNBUSDT,7,7,0.01,0.1,2,1.468351248717387
BNBUSDT,7,7,0.01,0.1,3,1.5825720601266196
BNBUSDT,7,7,0.01,0.1,4,1.8571049519259792
BNBUSDT,7,7,0.01,0.1,5,3.25991857346937
BNBUSDT,7,7,0.1,0.01,1,1.4162448508538887
BNBUSDT,7,7,0.1,0.01,2,1.440402251628729
BNBUSDT,7,7,0.1,0.01,3,1.5521229963514231
BNBUSDT,7,7,0.1,0.01,4,1.8224447314097867
BNBUSDT,7,7,0.1,0.01,5,3.182726114053579
BNBUSDT,7,7,0.1,0.1,1,1.4351743723741084
BNBUSDT,7,7,0.1,0.1,2,1.454232061840374
BNBUSDT,7,7,0.1,0.1,3,1.565330470761584
BNBUSDT,7,7,0.1,0.1,4,1.8360772617596692
BNBUSDT,7,7,0.1,0.1,5,3.234014079101459
BNBUSDT,7,7,1.0,0.01,1,1.3412850056603918
BNBUSDT,7,7,1.0,0.01,2,1.401117311616668
BNBUSDT,7,7,1.0,0.01,3,1.521693778440136
BNBUSDT,7,7,1.0,0.01,4,1.7717997391208333
BNBUSDT,7,7,1.0,0.01,5,2.826876715496486
BNBUSDT,7,7,1.0,0.1,1,1.3576339492414378
BNBUSDT,7,7,1.0,0.1,2,1.4145720545009957
BNBUSDT,7,7,1.0,0.1,3,1.5258275805780426
BNBUSDT,7,7,1.0,0.1,4,1.7905878146102319
BNBUSDT,7,7,1.0,0.1,5,2.9177037795609997
BNBUSDT,7,7,10.0,0.01,1,1.251243627263398
BNBUSDT,7,7,10.0,0.01,2,1.3204101636569276
BNBUSDT,7,7,10.0,0.01,3,1.4829498730106907
BNBUSDT,7,7,10.0,0.01,4,1.7292740243568445
BNBUSDT,7,7,10.0,0.01,5,2.2296675893925015
BNBUSDT,7,7,10.0,0.1,1,1.2639029999606213
BNBUSDT,7,7,10.0,0.1,2,1.329413716026276
BNBUSDT,7,7,10.0,0.1,3,1.4831892471212955
BNBUSDT,7,7,10.0,0.1,4,1.7545555816905423
BNBUSDT,7,7,10.0,0.1,5,2.344287449077793
BNBUSDT,7,14,0.01,0.01,1,1.429418392674916
BNBUSDT,7,14,0.01,0.01,2,1.4554830519974953
BNBUSDT,7,14,0.01,0.01,3,1.5545772028464133
BNBUSDT,7,14,0.01,0.01,4,1.8224860702953976
BNBUSDT,7,14,0.01,0.01,5,3.210356581851969
BNBUSDT,7,14,0.01,0.1,1,1.4372361204137294
BNBUSDT,7,14,0.01,0.1,2,1.4624446526046806
BNBUSDT,7,14,0.01,0.1,3,1.5600276220787646
BNBUSDT,7,14,0.01,0.1,4,1.8255443449852127
BNBUSDT,7,14,0.01,0.1,5,3.2288446321560755
BNBUSDT,7,14,0.1,0.01,1,1.3322036712178384
BNBUSDT,7,14,0.1,0.01,2,1.420598701340506
BNBUSDT,7,14,0.1,0.01,3,1.5257882160990737
BNBUSDT,7,14,0.1,0.01,4,1.784056126889364
BNBUSDT,7,14,0.1,0.01,5,3.0999651398963515
BNBUSDT,7,14,0.1,0.1,1,1.3426416475484455
BNBUSDT,7,14,0.1,0.1,2,1.4318369169587901
BNBUSDT,7,14,0.1,0.1,3,1.5358915726685862
BNBUSDT,7,14,0.1,0.1,4,1.8003579496796795
BNBUSDT,7,14,0.1,0.1,5,3.150509872501959
BNBUSDT,7,14,1.0,0.01,1,1.185343980325849
BNBUSDT,7,14,1.0,0.01,2,1.3291004389060315
BNBUSDT,7,14,1.0,0.01,3,1.496035971969825
BNBUSDT,7,14,1.0,0.01,4,1.7538769252325166
BNBUSDT,7,14,1.0,0.01,5,2.962992395890931
BNBUSDT,7,14,1.0,0.1,1,1.1996608426315043
BNBUSDT,7,14,1.0,0.1,2,1.3423014294015143
BNBUSDT,7,14,1.0,0.1,3,1.494741626138956
BNBUSDT,7,14,1.0,0.1,4,1.7765357665871804
BNBUSDT,7,14,1.0,0.1,5,3.028224941506303
BNBUSDT,7,14,10.0,0.01,1,1.0342894896287846
BNBUSDT,7,14,10.0,0.01,2,1.1222639127823948
BNBUSDT,7,14,10.0,0.01,3,1.4630066764151395
BNBUSDT,7,14,10.0,0.01,4,1.8454123169400394
BNBUSDT,7,14,10.0,0.01,5,2.881444006207846
BNBUSDT,7,14,10.0,0.1,1,1.041292664487049
BNBUSDT,7,14,10.0,0.1,2,1.131421037358711
BNBUSDT,7,14,10.0,0.1,3,1.460583310912497
BNBUSDT,7,14,10.0,0.1,4,1.833278689273348
BNBUSDT,7,14,10.0,0.1,5,2.9387164359571516
BNBUSDT,7,21,0.01,0.01,1,1.4287145691320462
BNBUSDT,7,21,0.01,0.01,2,1.4473437414161747
BNBUSDT,7,21,0.01,0.01,3,1.5194753481550924
BNBUSDT,7,21,0.01,0.01,4,1.7619336485953254
BNBUSDT,7,21,0.01,0.01,5,3.1311930281780826
BNBUSDT,7,21,0.01,0.1,1,1.4359619976169058
BNBUSDT,7,21,0.01,0.1,2,1.4531143061703182
BNBUSDT,7,21,0.01,0.1,3,1.5228003883952306
BNBUSDT,7,21,0.01,0.1,4,1.7694867271091792
BNBUSDT,7,21,0.01,0.1,5,3.1514395765323426
BNBUSDT,7,21,0.1,0.01,1,1.3281663176514253
BNBUSDT,7,21,0.1,0.01,2,1.4050160452846845
BNBUSDT,7,21,0.1,0.01,3,1.4468221153360699
BNBUSDT,7,21,0.1,0.01,4,1.6247146186742458
BNBUSDT,7,21,0.1,0.01,5,3.030571328330496
BNBUSDT,7,21,0.1,0.1,1,1.336430715409089
BNBUSDT,7,21,0.1,0.1,2,1.4136651008950234
BNBUSDT,7,21,0.1,0.1,3,1.4547358465533375
BNBUSDT,7,21,0.1,0.1,4,1.6392747771064204
BNBUSDT,7,21,0.1,0.1,5,3.0786362022019556
BNBUSDT,7,21,1.0,0.01,1,1.210647483555262
BNBUSDT,7,21,1.0,0.01,2,1.3201597129083997
BNBUSDT,7,21,1.0,0.01,3,1.397163810772112
BNBUSDT,7,21,1.0,0.01,4,1.4846906531501796
BNBUSDT,7,21,1.0,0.01,5,2.9225087419372797
BNBUSDT,7,21,1.0,0.1,1,1.2176041464541225
BNBUSDT,7,21,1.0,0.1,2,1.324472893141776
BNBUSDT,7,21,1.0,0.1,3,1.3761424301103065
BNBUSDT,7,21,1.0,0.1,4,1.4712397025235806
BNBUSDT,7,21,1.0,0.1,5,2.9786646636356275
BNBUSDT,7,21,10.0,0.01,1,1.1748724041186158
BNBUSDT,7,21,10.0,0.01,2,1.2504037426153922
BNBUSDT,7,21,10.0,0.01,3,1.3523216471972244
BNBUSDT,7,21,10.0,0.01,4,1.3972414526743706
BNBUSDT,7,21,10.0,0.01,5,2.6212685864453116
BNBUSDT,7,21,10.0,0.1,1,1.165375183342519
BNBUSDT,7,21,10.0,0.1,2,1.2454056473521133
BNBUSDT,7,21,10.0,0.1,3,1.34085468724266
BNBUSDT,7,21,10.0,0.1,4,1.3799095147885942
BNBUSDT,7,21,10.0,0.1,5,2.7027225308220304
BNBUSDT,7,28,0.01,0.01,1,1.4267144141144563
BNBUSDT,7,28,0.01,0.01,2,1.4396526374860594
BNBUSDT,7,28,0.01,0.01,3,1.5046479358572342
BNBUSDT,7,28,0.01,0.01,4,1.7407706608616427
BNBUSDT,7,28,0.01,0.01,5,3.0912637282961097
BNBUSDT,7,28,0.01,0.1,1,1.4335519981751592
BNBUSDT,7,28,0.01,0.1,2,1.4440279510956713
BNBUSDT,7,28,0.01,0.1,3,1.5049499282720205
BNBUSDT,7,28,0.01,0.1,4,1.7444533106409963
BNBUSDT,7,28,0.01,0.1,5,3.1091090239540162
BNBUSDT,7,28,0.1,0.01,1,1.3360149527435354
BNBUSDT,7,28,0.1,0.01,2,1.3924365337050566
BNBUSDT,7,28,0.1,0.01,3,1.4457214145811688
BNBUSDT,7,28,0.1,0.01,4,1.6293075270584405
BNBUSDT,7,28,0.1,0.01,5,3.0458308055345404
BNBUSDT,7,28,0.1,0.1,1,1.3462722904745394
BNBUSDT,7,28,0.1,0.1,2,1.4023913239906143
BNBUSDT,7,28,0.1,0.1,3,1.4531867241369747
BNBUSDT,7,28,0.1,0.1,4,1.6336633787480426
BNBUSDT,7,28,0.1,0.1,5,3.0807346963521884
BNBUSDT,7,28,1.0,0.01,1,1.296560421317899
BNBUSDT,7,28,1.0,0.01,2,1.3222439553196117
BNBUSDT,7,28,1.0,0.01,3,1.3948896888098
BNBUSDT,7,28,1.0,0.01,4,1.5430343390565058
BNBUSDT,7,28,1.0,0.01,5,2.94198611419609
BNBUSDT,7,28,1.0,0.1,1,1.2967060186348454
BNBUSDT,7,28,1.0,0.1,2,1.3362622618017508
BNBUSDT,7,28,1.0,0.1,3,1.3825315813734402
BNBUSDT,7,28,1.0,0.1,4,1.5233189705361536
BNBUSDT,7,28,1.0,0.1,5,2.994682503579759
BNBUSDT,7,28,10.0,0.01,1,1.3543037941407348
BNBUSDT,7,28,10.0,0.01,2,1.3222115016590845
BNBUSDT,7,28,10.0,0.01,3,1.3396142189242763
BNBUSDT,7,28,10.0,0.01,4,1.4984914776754574
BNBUSDT,7,28,10.0,0.01,5,2.5294613330376623
BNBUSDT,7,28,10.0,0.1,1,1.3396387899384916
BNBUSDT,7,28,10.0,0.1,2,1.3030543080143195
BNBUSDT,7,28,10.0,0.1,3,1.330583984926662
BNBUSDT,7,28,10.0,0.1,4,1.4831202553614091
BNBUSDT,7,28,10.0,0.1,5,2.6248846395551193
BNBUSDT,14,7,0.01,0.01,1,1.9976852421589602
BNBUSDT,14,7,0.01,0.01,2,1.9701414235087786
BNBUSDT,14,7,0.01,0.01,3,1.8874615575369325
BNBUSDT,14,7,0.01,0.01,4,1.8874730851757444
BNBUSDT,14,7,0.01,0.01,5,3.695140616337857
BNBUSDT,14,7,0.01,0.1,1,2.0149696070707632
BNBUSDT,14,7,0.01,0.1,2,1.988479408594463
BNBUSDT,14,7,0.01,0.1,3,1.9054278830959352
BNBUSDT,14,7,0.01,0.1,4,1.9052498782469236
BNBUSDT,14,7,0.01,0.1,5,3.7203344480674785
BNBUSDT,14,7,0.1,0.01,1,1.9758634530008972
BNBUSDT,14,7,0.1,0.01,2,1.9453341140878588
BNBUSDT,14,7,0.1,0.01,3,1.8604540595166834
BNBUSDT,14,7,0.1,0.01,4,1.8549407897198438
BNBUSDT,14,7,0.1,0.01,5,3.6253158628782396
BNBUSDT,14,7,0.1,0.1,1,2.0271707946255595
BNBUSDT,14,7,0.1,0.1,2,1.992809222712704
BNBUSDT,14,7,0.1,0.1,3,1.902232475488313
BNBUSDT,14,7,0.1,0.1,4,1.8954974192083358
BNBUSDT,14,7,0.1,0.1,5,3.7035097533346177
BNBUSDT,14,7,1.0,0.01,1,1.9034793687954037
BNBUSDT,14,7,1.0,0.01,2,1.928338556847173
BNBUSDT,14,7,1.0,0.01,3,1.857655926591048
BNBUSDT,14,7,1.0,0.01,4,1.8265486026913347
BNBUSDT,14,7,1.0,0.01,5,3.1128944579762488
BNBUSDT,14,7,1.0,0.1,1,1.9621980072488017
BNBUSDT,14,7,1.0,0.1,2,1.983406315700077
BNBUSDT,14,7,1.0,0.1,3,1.9101041205886442
BNBUSDT,14,7,1.0,0.1,4,1.872262295208124
BNBUSDT,14,7,1.0,0.1,5,3.2363368397324384
BNBUSDT,14,7,10.0,0.01,1,1.8133658127304102
BNBUSDT,14,7,10.0,0.01,2,1.9607055688756374
BNBUSDT,14,7,10.0,0.01,3,1.9269661242607838
BNBUSDT,14,7,10.0,0.01,4,1.861550568428426
BNBUSDT,14,7,10.0,0.01,5,2.066625150813561
BNBUSDT,14,7,10.0,0.1,1,1.8682540273543158
BNBUSDT,14,7,10.0,0.1,2,2.0054283039482645
BNBUSDT,14,7,10.0,0.1,3,1.9632692654125419
BNBUSDT,14,7,10.0,0.1,4,1.8996342972322076
BNBUSDT,14,7,10.0,0.1,5,2.167489024608734
BNBUSDT,14,14,0.01,0.01,1,1.9962541505617626
BNBUSDT,14,14,0.01,0.01,2,1.9449498662274298
BNBUSDT,14,14,0.01,0.01,3,1.836991823473325
BNBUSDT,14,14,0.01,0.01,4,1.8271263883437263
BNBUSDT,14,14,0.01,0.01,5,3.614063561150492
BNBUSDT,14,14,0.01,0.1,1,2.013554867254396
BNBUSDT,14,14,0.01,0.1,2,1.9635681866887122
BNBUSDT,14,14,0.01,0.1,3,1.8563376815711157
BNBUSDT,14,14,0.01,0.1,4,1.8462669155124716
BNBUSDT,14,14,0.01,0.1,5,3.6442915765845423
BNBUSDT,14,14,0.1,0.01,1,1.9524625295320575
BNBUSDT,14,14,0.1,0.01,2,1.9049625873072464
BNBUSDT,14,14,0.1,0.01,3,1.7789693678067706
BNBUSDT,14,14,0.1,0.01,4,1.7688038645811237
BNBUSDT,14,14,0.1,0.01,5,3.371361384359949
BNBUSDT,14,14,0.1,0.1,1,2.0053124603696584
BNBUSDT,14,14,0.1,0.1,2,1.9480254794679766
BNBUSDT,14,14,0.1,0.1,3,1.8198782836801806
BNBUSDT,14,14,0.1,0.1,4,1.810506978200104
BNBUSDT,14,14,0.1,0.1,5,3.4571134593039026
BNBUSDT,14,14,1.0,0.01,1,1.7853807649332094
BNBUSDT,14,14,1.0,0.01,2,1.8004223586221093
BNBUSDT,14,14,1.0,0.01,3,1.8328121170973328
BNBUSDT,14,14,1.0,0.01,4,1.8370120795645082
BNBUSDT,14,14,1.0,0.01,5,3.0598341742392443
BNBUSDT,14,14,1.0,0.1,1,1.849538950058186
BNBUSDT,14,14,1.0,0.1,2,1.8653529273032323
BNBUSDT,14,14,1.0,0.1,3,1.8650694659381877
BNBUSDT,14,14,1.0,0.1,4,1.8642236231229181
BNBUSDT,14,14,1.0,0.1,5,3.0822852460534484
BNBUSDT,14,14,10.0,0.01,1,1.5322417229834422
BNBUSDT,14,14,10.0,0.01,2,1.4776450916975183
BNBUSDT,14,14,10.0,0.01,3,1.8365581775102773
BNBUSDT,14,14,10.0,0.01,4,1.9733250906310003
BNBUSDT,14,14,10.0,0.01,5,2.6366171645738925
BNBUSDT,14,14,10.0,0.1,1,1.5752942454940049
BNBUSDT,14,14,10.0,0.1,2,1.514598359838804
BNBUSDT,14,14,10.0,0.1,3,1.8566626054526105
BNBUSDT,14,14,10.0,0.1,4,1.9707272790406962
BNBUSDT,14,14,10.0,0.1,5,2.6492261852028807
BNBUSDT,14,21,0.01,0.01,1,1.9945632906575432
BNBUSDT,14,21,0.01,0.01,2,1.9243664095124575
BNBUSDT,14,21,0.01,0.01,3,1.7954355823593402
BNBUSDT,14,21,0.01,0.01,4,1.7767750387100587
BNBUSDT,14,21,0.01,0.01,5,3.4445760788077324
BNBUSDT,14,21,0.01,0.1,1,2.012168699028744
BNBUSDT,14,21,0.01,0.1,2,1.9446962735886344
BNBUSDT,14,21,0.01,0.1,3,1.818005689164554
BNBUSDT,14,21,0.01,0.1,4,1.8016320321462231
BNBUSDT,14,21,0.01,0.1,5,3.4859130205141615
BNBUSDT,14,21,0.1,0.01,1,1.9570152523726174
BNBUSDT,14,21,0.1,0.01,2,1.882240852919106
BNBUSDT,14,21,0.1,0.01,3,1.6903075266838266
BNBUSDT,14,21,0.1,0.01,4,1.6469774818802594
BNBUSDT,14,21,0.1,0.01,5,3.2126941751866624
BNBUSDT,14,21,0.1,0.1,1,2.0084890112788703
BNBUSDT,14,21,0.1,0.1,2,1.934493949525075
BNBUSDT,14,21,0.1,0.1,3,1.7409199040135965
BNBUSDT,14,21,0.1,0.1,4,1.7090115786755267
BNBUSDT,14,21,0.1,0.1,5,3.268789812899111
BNBUSDT,14,21,1.0,0.01,1,1.818124651017001
BNBUSDT,14,21,1.0,0.01,2,1.8477832082958752
BNBUSDT,14,21,1.0,0.01,3,1.7627222656218338
BNBUSDT,14,21,1.0,0.01,4,1.6697536171431786
BNBUSDT,14,21,1.0,0.01,5,3.0032998234474664
BNBUSDT,14,21,1.0,0.1,1,1.8717217191534201
BNBUSDT,14,21,1.0,0.1,2,1.9091527018969436
BNBUSDT,14,21,1.0,0.1,3,1.7816152461312973
BNBUSDT,14,21,1.0,0.1,4,1.6992529579153892
BNBUSDT,14,21,1.0,0.1,5,3.0535427799586796
BNBUSDT,14,21,10.0,0.01,1,1.6399766884085822
BNBUSDT,14,21,10.0,0.01,2,1.7808157858863531
BNBUSDT,14,21,10.0,0.01,3,1.8193605104724195
BNBUSDT,14,21,10.0,0.01,4,1.6872671921827211
BNBUSDT,14,21,10.0,0.01,5,2.5350939643663213
BNBUSDT,14,21,10.0,0.1,1,1.66374268795449
BNBUSDT,14,21,10.0,0.1,2,1.800589430153306
BNBUSDT,14,21,10.0,0.1,3,1.8125108240273609
BNBUSDT,14,21,10.0,0.1,4,1.6919485000547811
BNBUSDT,14,21,10.0,0.1,5,2.5901761664653518
BNBUSDT,14,28,0.01,0.01,1,1.9829212803179108
BNBUSDT,14,28,0.01,0.01,2,1.9053282526364712
BNBUSDT,14,28,0.01,0.01,3,1.7713033694583757
BNBUSDT,14,28,0.01,0.01,4,1.7517973972521264
BNBUSDT,14,28,0.01,0.01,5,3.3462343046365057
BNBUSDT,14,28,0.01,0.1,1,2.00104393549188
BNBUSDT,14,28,0.01,0.1,2,1.9267420370717667
BNBUSDT,14,28,0.01,0.1,3,1.793671425750777
BNBUSDT,14,28,0.01,0.1,4,1.778171777071138
BNBUSDT,14,28,0.01,0.1,5,3.392817678027214
BNBUSDT,14,28,0.1,0.01,1,1.9250970401069927
BNBUSDT,14,28,0.1,0.01,2,1.8471661487647109
BNBUSDT,14,28,0.1,0.01,3,1.6640311608623897
BNBUSDT,14,28,0.1,0.01,4,1.6298886383083249
BNBUSDT,14,28,0.1,0.01,5,3.1835379937015396
BNBUSDT,14,28,0.1,0.1,1,1.9695510458757943
BNBUSDT,14,28,0.1,0.1,2,1.902548172428674
BNBUSDT,14,28,0.1,0.1,3,1.7098949350767678
BNBUSDT,14,28,0.1,0.1,4,1.6864015732954185
BNBUSDT,14,28,0.1,0.1,5,3.2187844635830056
BNBUSDT,14,28,1.0,0.01,1,1.8041460761757082
BNBUSDT,14,28,1.0,0.01,2,1.7674608526003215
BNBUSDT,14,28,1.0,0.01,3,1.683763946580522
BNBUSDT,14,28,1.0,0.01,4,1.6667278414218794
BNBUSDT,14,28,1.0,0.01,5,2.9900560310739595
BNBUSDT,14,28,1.0,0.1,1,1.8389180969962318
BNBUSDT,14,28,1.0,0.1,2,1.8057858598441243
BNBUSDT,14,28,1.0,0.1,3,1.6753657755618547
BNBUSDT,14,28,1.0,0.1,4,1.645963892138288
BNBUSDT,14,28,1.0,0.1,5,3.0412540884158767
BNBUSDT,14,28,10.0,0.01,1,1.7286236669345365
BNBUSDT,14,28,10.0,0.01,2,1.6855503974193424
BNBUSDT,14,28,10.0,0.01,3,1.7588135816580928
BNBUSDT,14,28,10.0,0.01,4,1.8090005661596942
BNBUSDT,14,28,10.0,0.01,5,2.4186725061091416
BNBUSDT,14,28,10.0,0.1,1,1.7306144359532278
BNBUSDT,14,28,10.0,0.1,2,1.6989580770032446
BNBUSDT,14,28,10.0,0.1,3,1.7087169321595124
BNBUSDT,14,28,10.0,0.1,4,1.750970758382042
BNBUSDT,14,28,10.0,0.1,5,2.527282800308941
BNBUSDT,21,7,0.01,0.01,1,1.6276913652544713
BNBUSDT,21,7,0.01,0.01,2,1.576330140445648
BNBUSDT,21,7,0.01,0.01,3,1.6249498883732905
BNBUSDT,21,7,0.01,0.01,4,1.7668707800525632
BNBUSDT,21,7,0.01,0.01,5,3.5007354969622013
BNBUSDT,21,7,0.01,0.1,1,1.6433182374249067
BNBUSDT,21,7,0.01,0.1,2,1.5931610716133282
BNBUSDT,21,7,0.01,0.1,3,1.6413081981089674
BNBUSDT,21,7,0.01,0.1,4,1.7794929795534031
BNBUSDT,21,7,0.01,0.1,5,3.527349990357364
BNBUSDT,21,7,0.1,0.01,1,1.6052198744861905
BNBUSDT,21,7,0.1,0.01,2,1.552115904435243
BNBUSDT,21,7,0.1,0.01,3,1.6041199575209757
BNBUSDT,21,7,0.1,0.01,4,1.750380642687626
BNBUSDT,21,7,0.1,0.01,5,3.4318496110410353
BNBUSDT,21,7,0.1,0.1,1,1.6401629981752226
BNBUSDT,21,7,0.1,0.1,2,1.59061726201404
BNBUSDT,21,7,0.1,0.1,3,1.6405259309027511
BNBUSDT,21,7,0.1,0.1,4,1.7789883967822657
BNBUSDT,21,7,0.1,0.1,5,3.514257009152461
BNBUSDT,21,7,1.0,0.01,1,1.529533439345228
BNBUSDT,21,7,1.0,0.01,2,1.5153094213277072
BNBUSDT,21,7,1.0,0.01,3,1.5802498113245922
BNBUSDT,21,7,1.0,0.01,4,1.7104612387302829
BNBUSDT,21,7,1.0,0.01,5,2.909203112877443
BNBUSDT,21,7,1.0,0.1,1,1.5709468360114178
BNBUSDT,21,7,1.0,0.1,2,1.5618032084929303
BNBUSDT,21,7,1.0,0.1,3,1.623362888723884
BNBUSDT,21,7,1.0,0.1,4,1.7438601645775296
BNBUSDT,21,7,1.0,0.1,5,3.038508109490935
BNBUSDT,21,7,10.0,0.01,1,1.3860640631747165
BNBUSDT,21,7,10.0,0.01,2,1.4919898940049983
BNBUSDT,21,7,10.0,0.01,3,1.5823997677164197
BNBUSDT,21,7,10.0,0.01,4,1.6858407044771073
BNBUSDT,21,7,10.0,0.01,5,1.8423471579301505
BNBUSDT,21,7,10.0,0.1,1,1.4231375418148464
BNBUSDT,21,7,10.0,0.1,2,1.5296949710740102
BNBUSDT,21,7,10.0,0.1,3,1.6168556039022293
BNBUSDT,21,7,10.0,0.1,4,1.7141368451721888
BNBUSDT,21,7,10.0,0.1,5,1.9303091505481416
BNBUSDT,21,14,0.01,0.01,1,1.631036070546261
BNBUSDT,21,14,0.01,0.01,2,1.5675990913022606
BNBUSDT,21,14,0.01,0.01,3,1.6027261246115891
BNBUSDT,21,14,0.01,0.01,4,1.7414175682982964
BNBUSDT,21,14,0.01,0.01,5,3.415619620725819
BNBUSDT,21,14,0.01,0.1,1,1.6464040718632995
BNBUSDT,21,14,0.01,0.1,2,1.5849976174897156
BNBUSDT,21,14,0.01,0.1,3,1.6205427006191628
BNBUSDT,21,14,0.01,0.1,4,1.7549480011443002
BNBUSDT,21,14,0.01,0.1,5,3.4469448905832647
BNBUSDT,21,14,0.1,0.01,1,1.5974784193816327
BNBUSDT,21,14,0.1,0.01,2,1.5585006023783687
BNBUSDT,21,14,0.1,0.01,3,1.5974781606547699
BNBUSDT,21,14,0.1,0.01,4,1.7401172108460454
BNBUSDT,21,14,0.1,0.01,5,3.154186245132355
BNBUSDT,21,14,0.1,0.1,1,1.6342048340605329
BNBUSDT,21,14,0.1,0.1,2,1.5969706337304583
BNBUSDT,21,14,0.1,0.1,3,1.634863437483425
BNBUSDT,21,14,0.1,0.1,4,1.768880465282496
BNBUSDT,21,14,0.1,0.1,5,3.2352329635761934
BNBUSDT,21,14,1.0,0.01,1,1.4879978561929688
BNBUSDT,21,14,1.0,0.01,2,1.5533047234275426
BNBUSDT,21,14,1.0,0.01,3,1.6812136718839208
BNBUSDT,21,14,1.0,0.01,4,1.807398509463944
BNBUSDT,21,14,1.0,0.01,5,2.788797363804697
BNBUSDT,21,14,1.0,0.1,1,1.5264264228854834
BNBUSDT,21,14,1.0,0.1,2,1.5920202240560528
BNBUSDT,21,14,1.0,0.1,3,1.7142592859842305
BNBUSDT,21,14,1.0,0.1,4,1.8322138364811862
BNBUSDT,21,14,1.0,0.1,5,2.8185466166845745
BNBUSDT,21,14,10.0,0.01,1,1.3219852365986315
BNBUSDT,21,14,10.0,0.01,2,1.4340739695873055
BNBUSDT,21,14,10.0,0.01,3,1.6990419474669978
BNBUSDT,21,14,10.0,0.01,4,1.9940257500646241
BNBUSDT,21,14,10.0,0.01,5,2.266189552003884
BNBUSDT,21,14,10.0,0.1,1,1.3459873852521762
BNBUSDT,21,14,10.0,0.1,2,1.4592959747999952
BNBUSDT,21,14,10.0,0.1,3,1.7035418588390818
BNBUSDT,21,14,10.0,0.1,4,1.9998487385660846
BNBUSDT,21,14,10.0,0.1,5,2.2825207794179976
BNBUSDT,21,21,0.01,0.01,1,1.6315406481866923
BNBUSDT,21,21,0.01,0.01,2,1.5518764226321193
BNBUSDT,21,21,0.01,0.01,3,1.5692845349129816
BNBUSDT,21,21,0.01,0.01,4,1.6933860520715476
BNBUSDT,21,21,0.01,0.01,5,3.2348057591992716
BNBUSDT,21,21,0.01,0.1,1,1.6457698495887547
BNBUSDT,21,21,0.01,0.1,2,1.570443713795765
BNBUSDT,21,21,0.01,0.1,3,1.5902016389085663
BNBUSDT,21,21,0.01,0.1,4,1.7111698888717313
BNBUSDT,21,21,0.01,0.1,5,3.277894656083635
BNBUSDT,21,21,0.1,0.01,1,1.6033523591990069
BNBUSDT,21,21,0.1,0.01,2,1.5287008592894187
BNBUSDT,21,21,0.1,0.01,3,1.5132143066088113
BNBUSDT,21,21,0.1,0.01,4,1.5993897854139052
BNBUSDT,21,21,0.1,0.01,5,2.9806500619062954
BNBUSDT,21,21,0.1,0.1,1,1.6349875065023964
BNBUSDT,21,21,0.1,0.1,2,1.5697930761133407
BNBUSDT,21,21,0.1,0.1,3,1.5579822105279637
BNBUSDT,21,21,0.1,0.1,4,1.6403659611532624
BNBUSDT,21,21,0.1,0.1,5,3.0328691214834733
BNBUSDT,21,21,1.0,0.01,1,1.5092253054649016
BNBUSDT,21,21,1.0,0.01,2,1.5178506672219292
BNBUSDT,21,21,1.0,0.01,3,1.5780478824936466
BNBUSDT,21,21,1.0,0.01,4,1.560215030137124
BNBUSDT,21,21,1.0,0.01,5,2.7380997848496875
BNBUSDT,21,21,1.0,0.1,1,1.5339622790095764
BNBUSDT,21,21,1.0,0.1,2,1.537955282972735
BNBUSDT,21,21,1.0,0.1,3,1.5857105676985694
BNBUSDT,21,21,1.0,0.1,4,1.56407143001957
BNBUSDT,21,21,1.0,0.1,5,2.800002219522599
BNBUSDT,21,21,10.0,0.01,1,1.3919986056072544
BNBUSDT,21,21,10.0,0.01,2,1.5067295909685616
BNBUSDT,21,21,10.0,0.01,3,1.6109787122918948
BNBUSDT,21,21,10.0,0.01,4,1.5422349212327078
BNBUSDT,21,21,10.0,0.01,5,2.2618715774689555
BNBUSDT,21,21,10.0,0.1,1,1.4046921339070426
BNBUSDT,21,21,10.0,0.1,2,1.5111587370979644
BNBUSDT,21,21,10.0,0.1,3,1.5903813329134953
BNBUSDT,21,21,10.0,0.1,4,1.531256561412777
BNBUSDT,21,21,10.0,0.1,5,2.305182048930103
BNBUSDT,21,28,0.01,0.01,1,1.623994336747672
BNBUSDT,21,28,0.01,0.01,2,1.5398553740203333
BNBUSDT,21,28,0.01,0.01,3,1.553012226969667
BNBUSDT,21,28,0.01,0.01,4,1.675396797647498
BNBUSDT,21,28,0.01,0.01,5,3.1290577646926825
BNBUSDT,21,28,0.01,0.1,1,1.6367645803449336
BNBUSDT,21,28,0.01,0.1,2,1.5585413516895816
BNBUSDT,21,28,0.01,0.1,3,1.5750108501548645
BNBUSDT,21,28,0.01,0.1,4,1.6938966918070217
BNBUSDT,21,28,0.01,0.1,5,3.177665541104782
BNBUSDT,21,28,0.1,0.01,1,1.5814447039655484
BNBUSDT,21,28,0.1,0.01,2,1.5076277469531978
BNBUSDT,21,28,0.1,0.01,3,1.5060404109169918
BNBUSDT,21,28,0.1,0.01,4,1.604166328680387
BNBUSDT,21,28,0.1,0.01,5,2.9510020902323384
BNBUSDT,21,28,0.1,0.1,1,1.606376247268443
BNBUSDT,21,28,0.1,0.1,2,1.5469592872294926
BNBUSDT,21,28,0.1,0.1,3,1.550792789496246
BNBUSDT,21,28,0.1,0.1,4,1.644000173842169
BNBUSDT,21,28,0.1,0.1,5,2.9874105024261923
BNBUSDT,21,28,1.0,0.01,1,1.4943319627478895
BNBUSDT,21,28,1.0,0.01,2,1.449654289152937
BNBUSDT,21,28,1.0,0.01,3,1.5243123313551423
BNBUSDT,21,28,1.0,0.01,4,1.590867061661566
BNBUSDT,21,28,1.0,0.01,5,2.7463601025235347
BNBUSDT,21,28,1.0,0.1,1,1.5154695287095952
BNBUSDT,21,28,1.0,0.1,2,1.4644409167565287
BNBUSDT,21,28,1.0,0.1,3,1.5051588108191625
BNBUSDT,21,28,1.0,0.1,4,1.5686752582752719
BNBUSDT,21,28,1.0,0.1,5,2.806763466279907
BNBUSDT,21,28,10.0,0.01,1,1.4471761999449224
BNBUSDT,21,28,10.0,0.01,2,1.41174000882303
BNBUSDT,21,28,10.0,0.01,3,1.5535894565446469
BNBUSDT,21,28,10.0,0.01,4,1.6747930739357948
BNBUSDT,21,28,10.0,0.01,5,2.1839776194505562
BNBUSDT,21,28,10.0,0.1,1,1.4463236919534412
BNBUSDT,21,28,10.0,0.1,2,1.407320909121191
BNBUSDT,21,28,10.0,0.1,3,1.498614709120174
BNBUSDT,21,28,10.0,0.1,4,1.60885666788134
BNBUSDT,21,28,10.0,0.1,5,2.2975255664291394
BNBUSDT,28,7,0.01,0.01,1,1.8128437377049866
BNBUSDT,28,7,0.01,0.01,2,1.8169735033996044
BNBUSDT,28,7,0.01,0.01,3,1.8709622051843113
BNBUSDT,28,7,0.01,0.01,4,2.026985953226829
BNBUSDT,28,7,0.01,0.01,5,3.3103604151148187
BNBUSDT,28,7,0.01,0.1,1,1.8186951769491142
BNBUSDT,28,7,0.01,0.1,2,1.820149988044052
BNBUSDT,28,7,0.01,0.1,3,1.8773968281841804
BNBUSDT,28,7,0.01,0.1,4,2.0333004913173194
BNBUSDT,28,7,0.01,0.1,5,3.336943359281128
BNBUSDT,28,7,0.1,0.01,1,1.7880334217371026
BNBUSDT,28,7,0.1,0.01,2,1.7906234959788148
BNBUSDT,28,7,0.1,0.01,3,1.8584112030688795
BNBUSDT,28,7,0.1,0.01,4,2.02943908321877
BNBUSDT,28,7,0.1,0.01,5,3.251011697768377
BNBUSDT,28,7,0.1,0.1,1,1.8037647101227028
BNBUSDT,28,7,0.1,0.1,2,1.79800954080822
BNBUSDT,28,7,0.1,0.1,3,1.871728448376952
BNBUSDT,28,7,0.1,0.1,4,2.0454483822949405
BNBUSDT,28,7,0.1,0.1,5,3.333559659619557
BNBUSDT,28,7,1.0,0.01,1,1.6934568365258877
BNBUSDT,28,7,1.0,0.01,2,1.7218204679809883
BNBUSDT,28,7,1.0,0.01,3,1.8117802494040267
BNBUSDT,28,7,1.0,0.01,4,1.9760616891721323
BNBUSDT,28,7,1.0,0.01,5,2.82074534246373
BNBUSDT,28,7,1.0,0.1,1,1.7149705532315862
BNBUSDT,28,7,1.0,0.1,2,1.7325723368373307
BNBUSDT,28,7,1.0,0.1,3,1.8129725581618188
BNBUSDT,28,7,1.0,0.1,4,1.9963036468950581
BNBUSDT,28,7,1.0,0.1,5,2.92412525284099
BNBUSDT,28,7,10.0,0.01,1,1.5389644512857075
BNBUSDT,28,7,10.0,0.01,2,1.6468788945805943
BNBUSDT,28,7,10.0,0.01,3,1.747443191330266
BNBUSDT,28,7,10.0,0.01,4,1.9016747598142538
BNBUSDT,28,7,10.0,0.01,5,1.9301030503630205
BNBUSDT,28,7,10.0,0.1,1,1.5565637948767463
BNBUSDT,28,7,10.0,0.1,2,1.660414441724403
BNBUSDT,28,7,10.0,0.1,3,1.7503229360375097
BNBUSDT,28,7,10.0,0.1,4,1.915935024541548
BNBUSDT,28,7,10.0,0.1,5,1.9544696751389377
BNBUSDT,28,14,0.01,0.01,1,1.81659538737824
BNBUSDT,28,14,0.01,0.01,2,1.8161045460176624
BNBUSDT,28,14,0.01,0.01,3,1.8613551562718136
BNBUSDT,28,14,0.01,0.01,4,2.015688187344781
BNBUSDT,28,14,0.01,0.01,5,3.2367563983281964
BNBUSDT,28,14,0.01,0.1,1,1.822964290198154
BNBUSDT,28,14,0.01,0.1,2,1.8181181810357503
BNBUSDT,28,14,0.01,0.1,3,1.8631756562923871
BNBUSDT,28,14,0.01,0.1,4,2.022150532418504
BNBUSDT,28,14,0.01,0.1,5,3.2686448540521686
BNBUSDT,28,14,0.1,0.01,1,1.7635651287479988
BNBUSDT,28,14,0.1,0.01,2,1.8069836429812782
BNBUSDT,28,14,0.1,0.01,3,1.8777712257410837
BNBUSDT,28,14,0.1,0.01,4,2.046428762092209
BNBUSDT,28,14,0.1,0.01,5,3.0081741156995787
BNBUSDT,28,14,0.1,0.1,1,1.783608455289212
BNBUSDT,28,14,0.1,0.1,2,1.814325363271924
BNBUSDT,28,14,0.1,0.1,3,1.878695083990983
BNBUSDT,28,14,0.1,0.1,4,2.0598936026177332
BNBUSDT,28,14,0.1,0.1,5,3.0621153865211737
BNBUSDT,28,14,1.0,0.01,1,1.6464797835116427
BNBUSDT,28,14,1.0,0.01,2,1.7873039459478886
BNBUSDT,28,14,1.0,0.01,3,1.9547930115792096
BNBUSDT,28,14,1.0,0.01,4,2.1402914097260575
BNBUSDT,28,14,1.0,0.01,5,2.678649067664309
BNBUSDT,28,14,1.0,0.1,1,1.6656704160400881
BNBUSDT,28,14,1.0,0.1,2,1.7943687305624167
BNBUSDT,28,14,1.0,0.1,3,1.9429299150887511
BNBUSDT,28,14,1.0,0.1,4,2.14049681067945
BNBUSDT,28,14,1.0,0.1,5,2.6936679362017024
BNBUSDT,28,14,10.0,0.01,1,1.5171547190363992
BNBUSDT,28,14,10.0,0.01,2,1.6388198561601068
BNBUSDT,28,14,10.0,0.01,3,1.9176968087630588
BNBUSDT,28,14,10.0,0.01,4,2.2675246878135464
BNBUSDT,28,14,10.0,0.01,5,2.152177054650803
BNBUSDT,28,14,10.0,0.1,1,1.5322070626432789
BNBUSDT,28,14,10.0,0.1,2,1.6528548465771282
BNBUSDT,28,14,10.0,0.1,3,1.9175311189645596
BNBUSDT,28,14,10.0,0.1,4,2.2216791227142236
BNBUSDT,28,14,10.0,0.1,5,2.1816561696140306
BNBUSDT,28,21,0.01,0.01,1,1.823672272461882
BNBUSDT,28,21,0.01,0.01,2,1.8094252551167538
BNBUSDT,28,21,0.01,0.01,3,1.8414905207524317
BNBUSDT,28,21,0.01,0.01,4,1.9902982676652061
BNBUSDT,28,21,0.01,0.01,5,3.0800732686095667
BNBUSDT,28,21,0.01,0.1,1,1.8297987760263505
BNBUSDT,28,21,0.01,0.1,2,1.811439478838968
BNBUSDT,28,21,0.01,0.1,3,1.8403366063550017
BNBUSDT,28,21,0.01,0.1,4,1.999296722548736
BNBUSDT,28,21,0.01,0.1,5,3.1248016517435127
BNBUSDT,28,21,0.1,0.01,1,1.7849136733153783
BNBUSDT,28,21,0.1,0.01,2,1.7968067905895706
BNBUSDT,28,21,0.1,0.01,3,1.8261604433189518
BNBUSDT,28,21,0.1,0.01,4,1.9618120853453593
BNBUSDT,28,21,0.1,0.01,5,2.857570129934189
BNBUSDT,28,21,0.1,0.1,1,1.8036898189652621
BNBUSDT,28,21,0.1,0.1,2,1.8041516312510844
BNBUSDT,28,21,0.1,0.1,3,1.824124031954241
BNBUSDT,28,21,0.1,0.1,4,1.9794427408042752
BNBUSDT,28,21,0.1,0.1,5,2.892408179676289
BNBUSDT,28,21,1.0,0.01,1,1.671467225577833
BNBUSDT,28,21,1.0,0.01,2,1.772047205162203
BNBUSDT,28,21,1.0,0.01,3,1.8777665300160682
BNBUSDT,28,21,1.0,0.01,4,1.973965444811009
BNBUSDT,28,21,1.0,0.01,5,2.6296676439082645
BNBUSDT,28,21,1.0,0.1,1,1.6817417512882424
BNBUSDT,28,21,1.0,0.1,2,1.7746824843202975
BNBUSDT,28,21,1.0,0.1,3,1.852851438247447
BNBUSDT,28,21,1.0,0.1,4,1.9357350791479533
BNBUSDT,28,21,1.0,0.1,5,2.665502941008611
BNBUSDT,28,21,10.0,0.01,1,1.5221140313427746
BNBUSDT,28,21,10.0,0.01,2,1.703933582051272
BNBUSDT,28,21,10.0,0.01,3,1.861136923121845
BNBUSDT,28,21,10.0,0.01,4,1.9504579471528338
BNBUSDT,28,21,10.0,0.01,5,2.1467533710501727
BNBUSDT,28,21,10.0,0.1,1,1.5296109566709433
BNBUSDT,28,21,10.0,0.1,2,1.7161599314634608
BNBUSDT,28,21,10.0,0.1,3,1.8443047008327278
BNBUSDT,28,21,10.0,0.1,4,1.9231628519830213
BNBUSDT,28,21,10.0,0.1,5,2.2065940721563875
BNBUSDT,28,28,0.01,0.01,1,1.8184967927830311
BNBUSDT,28,28,0.01,0.01,2,1.8005405501249834
BNBUSDT,28,28,0.01,0.01,3,1.829607502420804
BNBUSDT,28,28,0.01,0.01,4,1.9786875569562128
BNBUSDT,28,28,0.01,0.01,5,2.9804760641341637
BNBUSDT,28,28,0.01,0.1,1,1.824954282148563
BNBUSDT,28,28,0.01,0.1,2,1.8029217497778185
BNBUSDT,28,28,0.01,0.1,3,1.826235003812385
BNBUSDT,28,28,0.01,0.1,4,1.9870667034826028
BNBUSDT,28,28,0.01,0.1,5,3.029859630821222
BNBUSDT,28,28,0.1,0.01,1,1.7500129422864528
BNBUSDT,28,28,0.1,0.01,2,1.7713798105413354
BNBUSDT,28,28,0.1,0.01,3,1.8121893604416932
BNBUSDT,28,28,0.1,0.01,4,1.9530549606888932
BNBUSDT,28,28,0.1,0.01,5,2.80704441116059
BNBUSDT,28,28,0.1,0.1,1,1.7641211678789723
BNBUSDT,28,28,0.1,0.1,2,1.7762929941033117
BNBUSDT,28,28,0.1,0.1,3,1.808350568893659
BNBUSDT,28,28,0.1,0.1,4,1.9483588255279756
BNBUSDT,28,28,0.1,0.1,5,2.8637950767197267
BNBUSDT,28,28,1.0,0.01,1,1.5915176668695408
BNBUSDT,28,28,1.0,0.01,2,1.6905235353148071
BNBUSDT,28,28,1.0,0.01,3,1.8213452264713055
BNBUSDT,28,28,1.0,0.01,4,1.9932113582684094
BNBUSDT,28,28,1.0,0.01,5,2.563735236006448
BNBUSDT,28,28,1.0,0.1,1,1.591133540308814
BNBUSDT,28,28,1.0,0.1,2,1.6872089583417325
BNBUSDT,28,28,1.0,0.1,3,1.788882484213699
BNBUSDT,28,28,1.0,0.1,4,1.9470238400194078
BNBUSDT,28,28,1.0,0.1,5,2.6245567583315226
BNBUSDT,28,28,10.0,0.01,1,1.481828180318829
BNBUSDT,28,28,10.0,0.01,2,1.6379569903515458
BNBUSDT,28,28,10.0,0.01,3,1.8052967453462028
BNBUSDT,28,28,10.0,0.01,4,2.106149721448776
BNBUSDT,28,28,10.0,0.01,5,2.0174549364594223
BNBUSDT,28,28,10.0,0.1,1,1.479179339878247
BNBUSDT,28,28,10.0,0.1,2,1.6300781248901368
BNBUSDT,28,28,10.0,0.1,3,1.7823256853874718
BNBUSDT,28,28,10.0,0.1,4,2.0840391538924403
BNBUSDT,28,28,10.0,0.1,5,2.1154036594469914
XRPUSDT,7,7,0.01,0.01,1,2.572604507941377
XRPUSDT,7,7,0.01,0.01,2,2.1002489003915743
XRPUSDT,7,7,0.01,0.01,3,1.8101888988194066
XRPUSDT,7,7,0.01,0.01,4,1.9715501809959366
XRPUSDT,7,7,0.01,0.01,5,1.790662585102533
XRPUSDT,7,7,0.01,0.1,1,2.6209831927831773
XRPUSDT,7,7,0.01,0.1,2,2.1158981238093078
XRPUSDT,7,7,0.01,0.1,3,1.8199531374852955
XRPUSDT,7,7,0.01,0.1,4,1.9927006681599082
XRPUSDT,7,7,0.01,0.1,5,1.8248931504613088
XRPUSDT,7,7,0.1,0.01,1,2.307198851243369
XRPUSDT,7,7,0.1,0.01,2,2.187018319716976
XRPUSDT,7,7,0.1,0.01,3,1.8281340658932883
XRPUSDT,7,7,0.1,0.01,4,1.9196310604679006
XRPUSDT,7,7,0.1,0.01,5,1.7056237548495583
XRPUSDT,7,7,0.1,0.1,1,2.486391208656837
XRPUSDT,7,7,0.1,0.1,2,2.255874767543001
XRPUSDT,7,7,0.1,0.1,3,1.8538572245651983
XRPUSDT,7,7,0.1,0.1,4,1.9582737467036229
XRPUSDT,7,7,0.1,0.1,5,1.7752802650207702
XRPUSDT,7,7,1.0,0.01,1,1.4516189751427524
XRPUSDT,7,7,1.0,0.01,2,2.206244223040089
XRPUSDT,7,7,1.0,0.01,3,1.7667541823923028
XRPUSDT,7,7,1.0,0.01,4,1.7819622252072367
XRPUSDT,7,7,1.0,0.01,5,1.4907178334000644
XRPUSDT,7,7,1.0,0.1,1,1.6259748789043795
XRPUSDT,7,7,1.0,0.1,2,2.2974097063042818
XRPUSDT,7,7,1.0,0.1,3,1.7974539846865412
XRPUSDT,7,7,1.0,0.1,4,1.8191437302026825
XRPUSDT,7,7,1.0,0.1,5,1.5891308911753377
XRPUSDT,7,7,10.0,0.01,1,1.3286715511089866
XRPUSDT,7,7,10.0,0.01,2,2.272095317605706
XRPUSDT,7,7,10.0,0.01,3,1.7301493687489766
XRPUSDT,7,7,10.0,0.01,4,1.695107303759653
XRPUSDT,7,7,10.0,0.01,5,1.1434083323591238
XRPUSDT,7,7,10.0,0.1,1,1.3882201798967821
XRPUSDT,7,7,10.0,0.1,2,2.3476571408638867
XRPUSDT,7,7,10.0,0.1,3,1.761797933888054
XRPUSDT,7,7,10.0,0.1,4,1.7278040906329089
XRPUSDT,7,7,10.0,0.1,5,1.2258187240474097
XRPUSDT,7,14,0.01,0.01,1,2.624549652188829
XRPUSDT,7,14,0.01,0.01,2,2.094149002424592
XRPUSDT,7,14,0.01,0.01,3,1.7610502787617932
XRPUSDT,7,14,0.01,0.01,4,1.8919017269626803
XRPUSDT,7,14,0.01,0.01,5,1.7649669656990512
XRPUSDT,7,14,0.01,0.1,1,2.676036202076147
XRPUSDT,7,14,0.01,0.1,2,2.1130757666308946
XRPUSDT,7,14,0.01,0.1,3,1.769924124226885
XRPUSDT,7,14,0.01,0.1,4,1.9094461107893856
XRPUSDT,7,14,0.01,0.1,5,1.7987109042357867
XRPUSDT,7,14,0.1,0.01,1,2.3601884337518393
XRPUSDT,7,14,0.1,0.01,2,2.1440115739520187
XRPUSDT,7,14,0.1,0.01,3,1.6732642694086342
XRPUSDT,7,14,0.1,0.01,4,1.7746630367190448
XRPUSDT,7,14,0.1,0.01,5,1.633076864408516
XRPUSDT,7,14,0.1,0.1,1,2.496285436788515
XRPUSDT,7,14,0.1,0.1,2,2.231700872619839
XRPUSDT,7,14,0.1,0.1,3,1.6931477232839776
XRPUSDT,7,14,0.1,0.1,4,1.7899024144656988
XRPUSDT,7,14,0.1,0.1,5,1.7047641768796844
XRPUSDT,7,14,1.0,0.01,1,1.4740389098287916
XRPUSDT,7,14,1.0,0.01,2,2.0235624713144165
XRPUSDT,7,14,1.0,0.01,3,1.5994193350142052
XRPUSDT,7,14,1.0,0.01,4,1.6668387107802018
XRPUSDT,7,14,1.0,0.01,5,1.3043271607931222
XRPUSDT,7,14,1.0,0.1,1,1.6237125891981299
XRPUSDT,7,14,1.0,0.1,2,2.1384107587015477
XRPUSDT,7,14,1.0,0.1,3,1.5837083518768615
XRPUSDT,7,14,1.0,0.1,4,1.6477494600473555
XRPUSDT,7,14,1.0,0.1,5,1.4150182079228482
XRPUSDT,7,14,10.0,0.01,1,1.207218337429976
XRPUSDT,7,14,10.0,0.01,2,2.322487057784602
XRPUSDT,7,14,10.0,0.01,3,1.6945426477635366
XRPUSDT,7,14,10.0,0.01,4,1.5834052931422704
XRPUSDT,7,14,10.0,0.01,5,1.0168138570881484
XRPUSDT,7,14,10.0,0.1,1,1.2050845089213895
XRPUSDT,7,14,10.0,0.1,2,2.324683589445118
XRPUSDT,7,14,10.0,0.1,3,1.6881449589865887
XRPUSDT,7,14,10.0,0.1,4,1.5775930554340527
XRPUSDT,7,14,10.0,0.1,5,1.0362762480849859
XRPUSDT,7,21,0.01,0.01,1,2.6333845509385223
XRPUSDT,7,21,0.01,0.01,2,2.088512729833753
XRPUSDT,7,21,0.01,0.01,3,1.6928225457638832
XRPUSDT,7,21,0.01,0.01,4,1.8213903296343814
XRPUSDT,7,21,0.01,0.01,5,1.7617418451620555
XRPUSDT,7,21,0.01,0.1,1,2.668028562181681
XRPUSDT,7,21,0.01,0.1,2,2.1136936748182507
XRPUSDT,7,21,0.01,0.1,3,1.7021829705264622
XRPUSDT,7,21,0.01,0.1,4,1.8379453387191442
XRPUSDT,7,21,0.01,0.1,5,1.791756023291528
XRPUSDT,7,21,0.1,0.01,1,2.446831272217865
XRPUSDT,7,21,0.1,0.01,2,2.2949759235152194
XRPUSDT,7,21,0.1,0.01,3,1.5682885151990666
XRPUSDT,7,21,0.1,0.01,4,1.7071417837135825
XRPUSDT,7,21,0.1,0.01,5,1.7217815486154342
XRPUSDT,7,21,0.1,0.1,1,2.5613910563410047
XRPUSDT,7,21,0.1,0.1,2,2.3898617624945464
XRPUSDT,7,21,0.1,0.1,3,1.5710099489859808
XRPUSDT,7,21,0.1,0.1,4,1.6993575955390838
XRPUSDT,7,21,0.1,0.1,5,1.7909239854898167
XRPUSDT,7,21,1.0,0.01,1,1.3880957726737773
XRPUSDT,7,21,1.0,0.01,2,2.377008686335049
XRPUSDT,7,21,1.0,0.01,3,1.5350624146984835
XRPUSDT,7,21,1.0,0.01,4,1.7016453304571029
XRPUSDT,7,21,1.0,0.01,5,1.7760381324793784
XRPUSDT,7,21,1.0,0.1,1,1.5171601392303027
XRPUSDT,7,21,1.0,0.1,2,2.446659374679563
XRPUSDT,7,21,1.0,0.1,3,1.5175827308194043
XRPUSDT,7,21,1.0,0.1,4,1.671523725095463
XRPUSDT,7,21,1.0,0.1,5,1.8303575763888824
XRPUSDT,7,21,10.0,0.01,1,0.9784984028506525
XRPUSDT,7,21,10.0,0.01,2,2.1954319202100474
XRPUSDT,7,21,10.0,0.01,3,1.6397569814592983
XRPUSDT,7,21,10.0,0.01,4,1.7101064306904146
XRPUSDT,7,21,10.0,0.01,5,1.919832850498912
XRPUSDT,7,21,10.0,0.1,1,0.9532117636109216
XRPUSDT,7,21,10.0,0.1,2,2.224005686851011
XRPUSDT,7,21,10.0,0.1,3,1.6198788326662306
XRPUSDT,7,21,10.0,0.1,4,1.7071179796356606
XRPUSDT,7,21,10.0,0.1,5,1.906911287849247
XRPUSDT,7,28,0.01,0.01,1,2.7264753482886914
XRPUSDT,7,28,0.01,0.01,2,2.1147284156751973
XRPUSDT,7,28,0.01,0.01,3,1.6888087446336972
XRPUSDT,7,28,0.01,0.01,4,1.829486847564527
XRPUSDT,7,28,0.01,0.01,5,1.7576160404907406
XRPUSDT,7,28,0.01,0.1,1,2.742205240032388
XRPUSDT,7,28,0.01,0.1,2,2.141458094685366
XRPUSDT,7,28,0.01,0.1,3,1.6966469669766888
XRPUSDT,7,28,0.01,0.1,4,1.8418169758407568
XRPUSDT,7,28,0.01,0.1,5,1.784151735300021
XRPUSDT,7,28,0.1,0.01,1,2.8927262499998663
XRPUSDT,7,28,0.1,0.01,2,2.4786142285685386
XRPUSDT,7,28,0.1,0.01,3,1.5826638515473515
XRPUSDT,7,28,0.1,0.01,4,1.733720725109773
XRPUSDT,7,28,0.1,0.01,5,1.7627016462205332
XRPUSDT,7,28,0.1,0.1,1,2.9941866223217497
XRPUSDT,7,28,0.1,0.1,2,2.5888922472993348
XRPUSDT,7,28,0.1,0.1,3,1.5824809730521454
XRPUSDT,7,28,0.1,0.1,4,1.7271933272457023
XRPUSDT,7,28,0.1,0.1,5,1.8258293346390775
XRPUSDT,7,28,1.0,0.01,1,2.194336855692666
XRPUSDT,7,28,1.0,0.01,2,2.659755576416226
XRPUSDT,7,28,1.0,0.01,3,1.507035910659276
XRPUSDT,7,28,1.0,0.01,4,1.5977498755588189
XRPUSDT,7,28,1.0,0.01,5,2.000062468526183
XRPUSDT,7,28,1.0,0.1,1,2.3813192884366146
XRPUSDT,7,28,1.0,0.1,2,2.8020864704918926
XRPUSDT,7,28,1.0,0.1,3,1.5033413715201542
XRPUSDT,7,28,1.0,0.1,4,1.6087109317206345
XRPUSDT,7,28,1.0,0.1,5,2.0290259488713915
XRPUSDT,7,28,10.0,0.01,1,1.918284325507288
XRPUSDT,7,28,10.0,0.01,2,2.0501121026988294
XRPUSDT,7,28,10.0,0.01,3,1.4659697897458908
XRPUSDT,7,28,10.0,0.01,4,1.45015436669742
XRPUSDT,7,28,10.0,0.01,5,2.4086043477037906
XRPUSDT,7,28,10.0,0.1,1,1.8925368480089566
XRPUSDT,7,28,10.0,0.1,2,2.1944651764134404
XRPUSDT,7,28,10.0,0.1,3,1.4868470984237565
XRPUSDT,7,28,10.0,0.1,4,1.4748500085386438
XRPUSDT,7,28,10.0,0.1,5,2.403290629656968
XRPUSDT,14,7,0.01,0.01,1,3.1028610759641033
XRPUSDT,14,7,0.01,0.01,2,2.526213301120967
XRPUSDT,14,7,0.01,0.01,3,2.136840645891699
XRPUSDT,14,7,0.01,0.01,4,2.100547579625154
XRPUSDT,14,7,0.01,0.01,5,2.2355683467763314
XRPUSDT,14,7,0.01,0.1,1,3.1086833326587473
XRPUSDT,14,7,0.01,0.1,2,2.5600176508291255
XRPUSDT,14,7,0.01,0.1,3,2.1699188939133487
XRPUSDT,14,7,0.01,0.1,4,2.1345453028651247
XRPUSDT,14,7,0.01,0.1,5,2.267981166024249
XRPUSDT,14,7,0.1,0.01,1,3.02989807168442
XRPUSDT,14,7,0.1,0.01,2,2.6093098726189186
XRPUSDT,14,7,0.1,0.01,3,2.1652391625999377
XRPUSDT,14,7,0.1,0.01,4,2.0569352443707767
XRPUSDT,14,7,0.1,0.01,5,2.1218468368897985
XRPUSDT,14,7,0.1,0.1,1,3.1034963515077854
XRPUSDT,14,7,0.1,0.1,2,2.695758182789262
XRPUSDT,14,7,0.1,0.1,3,2.2445319123586054
XRPUSDT,14,7,0.1,0.1,4,2.1439680674178097
XRPUSDT,14,7,0.1,0.1,5,2.209108927766485
XRPUSDT,14,7,1.0,0.01,1,2.4308893231530333
XRPUSDT,14,7,1.0,0.01,2,2.5786386710730835
XRPUSDT,14,7,1.0,0.01,3,2.1350705286707674
XRPUSDT,14,7,1.0,0.01,4,1.9363976008026869
XRPUSDT,14,7,1.0,0.01,5,1.7315182829130433
XRPUSDT,14,7,1.0,0.1,1,2.534468842756027
XRPUSDT,14,7,1.0,0.1,2,2.6321751056163682
XRPUSDT,14,7,1.0,0.1,3,2.22124672313917
XRPUSDT,14,7,1.0,0.1,4,2.0338494344474234
XRPUSDT,14,7,1.0,0.1,5,1.8655150656678643
XRPUSDT,14,7,10.0,0.01,1,2.214785393535348
XRPUSDT,14,7,10.0,0.01,2,2.4865376197393734
XRPUSDT,14,7,10.0,0.01,3,2.0669918701529206
XRPUSDT,14,7,10.0,0.01,4,1.8410939727552036
XRPUSDT,14,7,10.0,0.01,5,0.9267928583092687
XRPUSDT,14,7,10.0,0.1,1,2.2937441623285304
XRPUSDT,14,7,10.0,0.1,2,2.5365504280173985
XRPUSDT,14,7,10.0,0.1,3,2.128057625264735
XRPUSDT,14,7,10.0,0.1,4,1.9120619542899095
XRPUSDT,14,7,10.0,0.1,5,1.1004950903879283
XRPUSDT,14,14,0.01,0.01,1,3.2020124310161404
XRPUSDT,14,14,0.01,0.01,2,2.5082866847053253
XRPUSDT,14,14,0.01,0.01,3,2.063049871320048
XRPUSDT,14,14,0.01,0.01,4,1.997897345474469
XRPUSDT,14,14,0.01,0.01,5,2.1305112753955684
XRPUSDT,14,14,0.01,0.1,1,3.2113596474424937
XRPUSDT,14,14,0.01,0.1,2,2.5410634964161143
XRPUSDT,14,14,0.01,0.1,3,2.0943615214533393
XRPUSDT,14,14,0.01,0.1,4,2.0319975281890774
XRPUSDT,14,14,0.01,0.1,5,2.165138108308928
XRPUSDT,14,14,0.1,0.01,1,2.9411884025673585
XRPUSDT,14,14,0.1,0.01,2,2.3907168001689514
XRPUSDT,14,14,0.1,0.01,3,1.8495750745542883
XRPUSDT,14,14,0.1,0.01,4,1.790050888579104
XRPUSDT,14,14,0.1,0.01,5,1.8825172768360174
XRPUSDT,14,14,0.1,0.1,1,3.031133435827345
XRPUSDT,14,14,0.1,0.1,2,2.487179083673467
XRPUSDT,14,14,0.1,0.1,3,1.9115511692138314
XRPUSDT,14,14,0.1,0.1,4,1.8549808681936237
XRPUSDT,14,14,0.1,0.1,5,1.95915298482457
XRPUSDT,14,14,1.0,0.01,1,2.0272468367649816
XRPUSDT,14,14,1.0,0.01,2,2.0811091952632337
XRPUSDT,14,14,1.0,0.01,3,1.6554955989930773
XRPUSDT,14,14,1.0,0.01,4,1.6359384238684274
XRPUSDT,14,14,1.0,0.01,5,1.4299907090622381
XRPUSDT,14,14,1.0,0.1,1,2.1679907950280364
XRPUSDT,14,14,1.0,0.1,2,2.170614365079089
XRPUSDT,14,14,1.0,0.1,3,1.6726450284852137
XRPUSDT,14,14,1.0,0.1,4,1.6549815114245436
XRPUSDT,14,14,1.0,0.1,5,1.5499251716629139
XRPUSDT,14,14,10.0,0.01,1,1.1533590910578122
XRPUSDT,14,14,10.0,0.01,2,2.10038795100946
XRPUSDT,14,14,10.0,0.01,3,1.6887968444932444
XRPUSDT,14,14,10.0,0.01,4,1.6446777916911157
XRPUSDT,14,14,10.0,0.01,5,0.807235078646883
XRPUSDT,14,14,10.0,0.1,1,1.2508161341029351
XRPUSDT,14,14,10.0,0.1,2,2.166374637566369
XRPUSDT,14,14,10.0,0.1,3,1.691460485672598
XRPUSDT,14,14,10.0,0.1,4,1.6822864105215845
XRPUSDT,14,14,10.0,0.1,5,0.9184626477314721
XRPUSDT,14,21,0.01,0.01,1,3.179929816188518
XRPUSDT,14,21,0.01,0.01,2,2.4585757734787252
XRPUSDT,14,21,0.01,0.01,3,1.9753637437517628
XRPUSDT,14,21,0.01,0.01,4,1.907398970483402
XRPUSDT,14,21,0.01,0.01,5,2.055050360814513
XRPUSDT,14,21,0.01,0.1,1,3.1937810032719622
XRPUSDT,14,21,0.01,0.1,2,2.493126320068765
XRPUSDT,14,21,0.01,0.1,3,2.0066279219278536
XRPUSDT,14,21,0.01,0.1,4,1.9422285414052218
XRPUSDT,14,21,0.01,0.1,5,2.0924321674410455
XRPUSDT,14,21,0.1,0.01,1,2.872942687725451
XRPUSDT,14,21,0.1,0.01,2,2.388112794265522
XRPUSDT,14,21,0.1,0.01,3,1.7126222393261454
XRPUSDT,14,21,0.1,0.01,4,1.667478572869497
XRPUSDT,14,21,0.1,0.01,5,1.8834244738109054
XRPUSDT,14,21,0.1,0.1,1,2.9698558375496846
XRPUSDT,14,21,0.1,0.1,2,2.489168286410378
XRPUSDT,14,21,0.1,0.1,3,1.7744167906444663
XRPUSDT,14,21,0.1,0.1,4,1.7243498588440052
XRPUSDT,14,21,0.1,0.1,5,1.942603011602253
XRPUSDT,14,21,1.0,0.01,1,1.8461614559203086
XRPUSDT,14,21,1.0,0.01,2,2.2457729688214463
XRPUSDT,14,21,1.0,0.01,3,1.6060330752592056
XRPUSDT,14,21,1.0,0.01,4,1.5886481954897635
XRPUSDT,14,21,1.0,0.01,5,1.6009729085243525
XRPUSDT,14,21,1.0,0.1,1,1.966461692518823
XRPUSDT,14,21,1.0,0.1,2,2.305887359557534
XRPUSDT,14,21,1.0,0.1,3,1.61115809714046
XRPUSDT,14,21,1.0,0.1,4,1.5824665220574325
XRPUSDT,14,21,1.0,0.1,5,1.640763168268647
XRPUSDT,14,21,10.0,0.01,1,1.3775701172375985
XRPUSDT,14,21,10.0,0.01,2,1.9357643991664506
XRPUSDT,14,21,10.0,0.01,3,1.6375455358856237
XRPUSDT,14,21,10.0,0.01,4,1.5958824398218983
XRPUSDT,14,21,10.0,0.01,5,1.2502232531263098
XRPUSDT,14,21,10.0,0.1,1,1.3700129584489713
XRPUSDT,14,21,10.0,0.1,2,1.9744859466013085
XRPUSDT,14,21,10.0,0.1,3,1.6556411103515394
XRPUSDT,14,21,10.0,0.1,4,1.6077085574802614
XRPUSDT,14,21,10.0,0.1,5,1.2508739633015018
XRPUSDT,14,28,0.01,0.01,1,3.191657819537027
XRPUSDT,14,28,0.01,0.01,2,2.4462707001930535
XRPUSDT,14,28,0.01,0.01,3,1.9595532481159519
XRPUSDT,14,28,0.01,0.01,4,1.9004911189132883
XRPUSDT,14,28,0.01,0.01,5,1.999862275680485
XRPUSDT,14,28,0.01,0.1,1,3.2037893174265575
XRPUSDT,14,28,0.01,0.1,2,2.479838913181173
XRPUSDT,14,28,0.01,0.1,3,1.9869698162862461
XRPUSDT,14,28,0.01,0.1,4,1.9292389336139035
XRPUSDT,14,28,0.01,0.1,5,2.0326120572890636
XRPUSDT,14,28,0.1,0.01,1,3.056226752533937
XRPUSDT,14,28,0.1,0.01,2,2.460516471032601
XRPUSDT,14,28,0.1,0.01,3,1.8018103454860126
XRPUSDT,14,28,0.1,0.01,4,1.7844060603726566
XRPUSDT,14,28,0.1,0.01,5,1.8721734561280743
XRPUSDT,14,28,0.1,0.1,1,3.142616468447429
XRPUSDT,14,28,0.1,0.1,2,2.554942432729036
XRPUSDT,14,28,0.1,0.1,3,1.8406837204510436
XRPUSDT,14,28,0.1,0.1,4,1.8087032049131504
XRPUSDT,14,28,0.1,0.1,5,1.9074820467434261
XRPUSDT,14,28,1.0,0.01,1,2.2847319692067876
XRPUSDT,14,28,1.0,0.01,2,2.45787188680493
XRPUSDT,14,28,1.0,0.01,3,1.7549752796796927
XRPUSDT,14,28,1.0,0.01,4,1.699905010333181
XRPUSDT,14,28,1.0,0.01,5,1.7490693771721126
XRPUSDT,14,28,1.0,0.1,1,2.421706012235726
XRPUSDT,14,28,1.0,0.1,2,2.5569110494904055
XRPUSDT,14,28,1.0,0.1,3,1.7529336957118669
XRPUSDT,14,28,1.0,0.1,4,1.6967881711873247
XRPUSDT,14,28,1.0,0.1,5,1.7835090179916424
XRPUSDT,14,28,10.0,0.01,1,1.8450429332321148
XRPUSDT,14,28,10.0,0.01,2,1.8245735846304374
XRPUSDT,14,28,10.0,0.01,3,1.7151947063895228
XRPUSDT,14,28,10.0,0.01,4,1.5928969642908994
XRPUSDT,14,28,10.0,0.01,5,1.6821884846514548
XRPUSDT,14,28,10.0,0.1,1,1.9300448769372835
XRPUSDT,14,28,10.0,0.1,2,1.9970960250864576
XRPUSDT,14,28,10.0,0.1,3,1.7239393409265826
XRPUSDT,14,28,10.0,0.1,4,1.639993565220585
XRPUSDT,14,28,10.0,0.1,5,1.6828354953850844
XRPUSDT,21,7,0.01,0.01,1,2.897777125396985
XRPUSDT,21,7,0.01,0.01,2,2.450859426472754
XRPUSDT,21,7,0.01,0.01,3,2.1855636637762936
XRPUSDT,21,7,0.01,0.01,4,2.2123118494134206
XRPUSDT,21,7,0.01,0.01,5,2.3679530766847763
XRPUSDT,21,7,0.01,0.1,1,2.8962325716558515
XRPUSDT,21,7,0.01,0.1,2,2.4721105171204196
XRPUSDT,21,7,0.01,0.1,3,2.201261775366666
XRPUSDT,21,7,0.01,0.1,4,2.233085549185393
XRPUSDT,21,7,0.01,0.1,5,2.3913605818868193
XRPUSDT,21,7,0.1,0.01,1,2.817289110133711
XRPUSDT,21,7,0.1,0.01,2,2.5064910856619553
XRPUSDT,21,7,0.1,0.01,3,2.2004420689748545
XRPUSDT,21,7,0.1,0.01,4,2.1684138013958703
XRPUSDT,21,7,0.1,0.01,5,2.2516679273030897
XRPUSDT,21,7,0.1,0.1,1,2.8620683766804897
XRPUSDT,21,7,0.1,0.1,2,2.5747553765462046
XRPUSDT,21,7,0.1,0.1,3,2.2472618031476967
XRPUSDT,21,7,0.1,0.1,4,2.221069087411077
XRPUSDT,21,7,0.1,0.1,5,2.332089970303856
XRPUSDT,21,7,1.0,0.01,1,2.24118404908266
XRPUSDT,21,7,1.0,0.01,2,2.4653098491554437
XRPUSDT,21,7,1.0,0.01,3,2.17515775082843
XRPUSDT,21,7,1.0,0.01,4,2.0706626742535907
XRPUSDT,21,7,1.0,0.01,5,1.8444819608712262
XRPUSDT,21,7,1.0,0.1,1,2.3135652258023827
XRPUSDT,21,7,1.0,0.1,2,2.513497670985192
XRPUSDT,21,7,1.0,0.1,3,2.2263587925993975
XRPUSDT,21,7,1.0,0.1,4,2.139585671693964
XRPUSDT,21,7,1.0,0.1,5,1.9614332199248985
XRPUSDT,21,7,10.0,0.01,1,1.9887070392574695
XRPUSDT,21,7,10.0,0.01,2,2.4182876030357354
XRPUSDT,21,7,10.0,0.01,3,2.1625096206744745
XRPUSDT,21,7,10.0,0.01,4,2.003142785306548
XRPUSDT,21,7,10.0,0.01,5,1.0024290129305533
XRPUSDT,21,7,10.0,0.1,1,2.057964372254679
XRPUSDT,21,7,10.0,0.1,2,2.454886163619512
XRPUSDT,21,7,10.0,0.1,3,2.2140349819759697
XRPUSDT,21,7,10.0,0.1,4,2.0706986788647166
XRPUSDT,21,7,10.0,0.1,5,1.133866336783338
XRPUSDT,21,14,0.01,0.01,1,2.9778199077286587
XRPUSDT,21,14,0.01,0.01,2,2.4394931909266195
XRPUSDT,21,14,0.01,0.01,3,2.1299895749013062
XRPUSDT,21,14,0.01,0.01,4,2.133499557899074
XRPUSDT,21,14,0.01,0.01,5,2.241577783019203
XRPUSDT,21,14,0.01,0.1,1,2.9746840697509582
XRPUSDT,21,14,0.01,0.1,2,2.463957847873895
XRPUSDT,21,14,0.01,0.1,3,2.1465860598804807
XRPUSDT,21,14,0.01,0.1,4,2.158107367955513
XRPUSDT,21,14,0.01,0.1,5,2.258466361811551
XRPUSDT,21,14,0.1,0.01,1,2.749575578829308
XRPUSDT,21,14,0.1,0.01,2,2.3876484310895316
XRPUSDT,21,14,0.1,0.01,3,2.020575889952978
XRPUSDT,21,14,0.1,0.01,4,2.0188297400732105
XRPUSDT,21,14,0.1,0.01,5,1.9804703115703657
XRPUSDT,21,14,0.1,0.1,1,2.809533437022094
XRPUSDT,21,14,0.1,0.1,2,2.4597791317863265
XRPUSDT,21,14,0.1,0.1,3,2.069463674894563
XRPUSDT,21,14,0.1,0.1,4,2.077656246480888
XRPUSDT,21,14,0.1,0.1,5,2.02130210161328
XRPUSDT,21,14,1.0,0.01,1,1.9424157077873674
XRPUSDT,21,14,1.0,0.01,2,2.2576038616982275
XRPUSDT,21,14,1.0,0.01,3,2.0236638857323275
XRPUSDT,21,14,1.0,0.01,4,2.0216711596569654
XRPUSDT,21,14,1.0,0.01,5,1.5562219394507733
XRPUSDT,21,14,1.0,0.1,1,2.054779095689366
XRPUSDT,21,14,1.0,0.1,2,2.3079259336933626
XRPUSDT,21,14,1.0,0.1,3,2.0719031280905544
XRPUSDT,21,14,1.0,0.1,4,2.087771263303135
XRPUSDT,21,14,1.0,0.1,5,1.6377079777237071
XRPUSDT,21,14,10.0,0.01,1,1.3041614669566428
XRPUSDT,21,14,10.0,0.01,2,2.508442879615282
XRPUSDT,21,14,10.0,0.01,3,2.296528279213359
XRPUSDT,21,14,10.0,0.01,4,2.2044632445348236
XRPUSDT,21,14,10.0,0.01,5,1.0219523016996717
XRPUSDT,21,14,10.0,0.1,1,1.3727864589108498
XRPUSDT,21,14,10.0,0.1,2,2.500326744744514
XRPUSDT,21,14,10.0,0.1,3,2.3175375791882145
XRPUSDT,21,14,10.0,0.1,4,2.2618274689591185
XRPUSDT,21,14,10.0,0.1,5,1.1175821164293005
XRPUSDT,21,21,0.01,0.01,1,2.9609867466324764
XRPUSDT,21,21,0.01,0.01,2,2.394703289618169
XRPUSDT,21,21,0.01,0.01,3,2.0406687699212447
XRPUSDT,21,21,0.01,0.01,4,2.0320167938202482
XRPUSDT,21,21,0.01,0.01,5,2.153460013682102
XRPUSDT,21,21,0.01,0.1,1,2.96100697688369
XRPUSDT,21,21,0.01,0.1,2,2.4212835870526987
XRPUSDT,21,21,0.01,0.1,3,2.065275754696075
XRPUSDT,21,21,0.01,0.1,4,2.0629806231314842
XRPUSDT,21,21,0.01,0.1,5,2.169276482643092
XRPUSDT,21,21,0.1,0.01,1,2.716917071355295
XRPUSDT,21,21,0.1,0.01,2,2.364420262313884
XRPUSDT,21,21,0.1,0.01,3,1.8280419583992469
XRPUSDT,21,21,0.1,0.01,4,1.802677444112862
XRPUSDT,21,21,0.1,0.01,5,1.9749218818070093
XRPUSDT,21,21,0.1,0.1,1,2.7834882857154457
XRPUSDT,21,21,0.1,0.1,2,2.440396598683234
XRPUSDT,21,21,0.1,0.1,3,1.8919647206316534
XRPUSDT,21,21,0.1,0.1,4,1.8648491956445574
XRPUSDT,21,21,0.1,0.1,5,1.9889468027532742
XRPUSDT,21,21,1.0,0.01,1,1.9734617646298656
XRPUSDT,21,21,1.0,0.01,2,2.3097606158726407
XRPUSDT,21,21,1.0,0.01,3,1.7858388955866684
XRPUSDT,21,21,1.0,0.01,4,1.748389480025
XRPUSDT,21,21,1.0,0.01,5,1.6799558438364042
XRPUSDT,21,21,1.0,0.1,1,2.061488232034158
XRPUSDT,21,21,1.0,0.1,2,2.360707415281975
XRPUSDT,21,21,1.0,0.1,3,1.793215489979491
XRPUSDT,21,21,1.0,0.1,4,1.7771092312788486
XRPUSDT,21,21,1.0,0.1,5,1.7111006511386377
XRPUSDT,21,21,10.0,0.01,1,1.7253333751903965
XRPUSDT,21,21,10.0,0.01,2,2.015044446845561
XRPUSDT,21,21,10.0,0.01,3,1.8278102728993733
XRPUSDT,21,21,10.0,0.01,4,1.768114513816496
XRPUSDT,21,21,10.0,0.01,5,1.3079453551824884
XRPUSDT,21,21,10.0,0.1,1,1.7086392029229869
XRPUSDT,21,21,10.0,0.1,2,2.0781949565564415
XRPUSDT,21,21,10.0,0.1,3,1.8413090618694479
XRPUSDT,21,21,10.0,0.1,4,1.7977811850257495
XRPUSDT,21,21,10.0,0.1,5,1.3196569354118373
XRPUSDT,21,28,0.01,0.01,1,2.960865234896896
XRPUSDT,21,28,0.01,0.01,2,2.3747002642993604
XRPUSDT,21,28,0.01,0.01,3,2.0084206180470923
XRPUSDT,21,28,0.01,0.01,4,2.008694793317743
XRPUSDT,21,28,0.01,0.01,5,2.0914406707941926
XRPUSDT,21,28,0.01,0.1,1,2.962379741099555
XRPUSDT,21,28,0.01,0.1,2,2.4027386494544594
XRPUSDT,21,28,0.01,0.1,3,2.0301317689194316
XRPUSDT,21,28,0.01,0.1,4,2.039409636561841
XRPUSDT,21,28,0.01,0.1,5,2.1021837894812454
XRPUSDT,21,28,0.1,0.01,1,2.8120007625475933
XRPUSDT,21,28,0.1,0.01,2,2.3939910586439175
XRPUSDT,21,28,0.1,0.01,3,1.8347521437374144
XRPUSDT,21,28,0.1,0.01,4,1.8355971161299514
XRPUSDT,21,28,0.1,0.01,5,1.960720654905318
XRPUSDT,21,28,0.1,0.1,1,2.870948406759002
XRPUSDT,21,28,0.1,0.1,2,2.4638871338570962
XRPUSDT,21,28,0.1,0.1,3,1.8801870659212185
XRPUSDT,21,28,0.1,0.1,4,1.8886754602152511
XRPUSDT,21,28,0.1,0.1,5,1.9523188106059386
XRPUSDT,21,28,1.0,0.01,1,2.1867067487975356
XRPUSDT,21,28,1.0,0.01,2,2.3990669181840505
XRPUSDT,21,28,1.0,0.01,3,1.7681540595329561
XRPUSDT,21,28,1.0,0.01,4,1.6807839930361959
XRPUSDT,21,28,1.0,0.01,5,1.7920852221441848
XRPUSDT,21,28,1.0,0.1,1,2.3125935439014276
XRPUSDT,21,28,1.0,0.1,2,2.4771408050906567
XRPUSDT,21,28,1.0,0.1,3,1.7938945095427612
XRPUSDT,21,28,1.0,0.1,4,1.7303984578392426
XRPUSDT,21,28,1.0,0.1,5,1.8091476369608608
XRPUSDT,21,28,10.0,0.01,1,1.8762605549201188
XRPUSDT,21,28,10.0,0.01,2,1.8717916593444792
XRPUSDT,21,28,10.0,0.01,3,1.6238597474404635
XRPUSDT,21,28,10.0,0.01,4,1.438871235663878
XRPUSDT,21,28,10.0,0.01,5,1.710803728874843
XRPUSDT,21,28,10.0,0.1,1,1.9425023697468422
XRPUSDT,21,28,10.0,0.1,2,2.0263443972256967
XRPUSDT,21,28,10.0,0.1,3,1.6843360270283194
XRPUSDT,21,28,10.0,0.1,4,1.4988230221169196
XRPUSDT,21,28,10.0,0.1,5,1.7381650659874908
XRPUSDT,28,7,0.01,0.01,1,2.7272929302220628
XRPUSDT,28,7,0.01,0.01,2,2.25843572720736
XRPUSDT,28,7,0.01,0.01,3,1.9642456048090586
XRPUSDT,28,7,0.01,0.01,4,1.8958203814062953
XRPUSDT,28,7,0.01,0.01,5,2.126932328348214
XRPUSDT,28,7,0.01,0.1,1,2.723055675005509
XRPUSDT,28,7,0.01,0.1,2,2.274597892478998
XRPUSDT,28,7,0.01,0.1,3,1.9738344557916658
XRPUSDT,28,7,0.01,0.1,4,1.9081812429403076
XRPUSDT,28,7,0.01,0.1,5,2.152816482258405
XRPUSDT,28,7,0.1,0.01,1,2.6559068749398924
XRPUSDT,28,7,0.1,0.01,2,2.297025750756594
XRPUSDT,28,7,0.1,0.01,3,1.9811286113663762
XRPUSDT,28,7,0.1,0.01,4,1.8677383427611873
XRPUSDT,28,7,0.1,0.01,5,2.0231980534874627
XRPUSDT,28,7,0.1,0.1,1,2.6822212803088186
XRPUSDT,28,7,0.1,0.1,2,2.3446978425822076
XRPUSDT,28,7,0.1,0.1,3,2.024339397784724
XRPUSDT,28,7,0.1,0.1,4,1.9085424155466804
XRPUSDT,28,7,0.1,0.1,5,2.090824434974039
XRPUSDT,28,7,1.0,0.01,1,2.0914523805555265
XRPUSDT,28,7,1.0,0.01,2,2.242418809201941
XRPUSDT,28,7,1.0,0.01,3,1.965423395699384
XRPUSDT,28,7,1.0,0.01,4,1.7985599341578855
XRPUSDT,28,7,1.0,0.01,5,1.7024900480451888
XRPUSDT,28,7,1.0,0.1,1,2.158465056293531
XRPUSDT,28,7,1.0,0.1,2,2.268609734371179
XRPUSDT,28,7,1.0,0.1,3,2.0007394864959642
XRPUSDT,28,7,1.0,0.1,4,1.8431084541254468
XRPUSDT,28,7,1.0,0.1,5,1.7990308264695842
XRPUSDT,28,7,10.0,0.01,1,1.7073858497137795
XRPUSDT,28,7,10.0,0.01,2,2.213308399787384
XRPUSDT,28,7,10.0,0.01,3,1.9858805288300678
XRPUSDT,28,7,10.0,0.01,4,1.7667021401444458
XRPUSDT,28,7,10.0,0.01,5,1.0200086332094094
XRPUSDT,28,7,10.0,0.1,1,1.760871809521395
XRPUSDT,28,7,10.0,0.1,2,2.2452480649816122
XRPUSDT,28,7,10.0,0.1,3,2.0164991998571806
XRPUSDT,28,7,10.0,0.1,4,1.8088685321122633
XRPUSDT,28,7,10.0,0.1,5,1.135753564734294
XRPUSDT,28,14,0.01,0.01,1,2.790379498863848
XRPUSDT,28,14,0.01,0.01,2,2.251116923587058
XRPUSDT,28,14,0.01,0.01,3,1.9208020401509318
XRPUSDT,28,14,0.01,0.01,4,1.830704030649957
XRPUSDT,28,14,0.01,0.01,5,2.000570695559615
XRPUSDT,28,14,0.01,0.1,1,2.783957515628799
XRPUSDT,28,14,0.01,0.1,2,2.2697317511091026
XRPUSDT,28,14,0.01,0.1,3,1.9369141722085976
XRPUSDT,28,14,0.01,0.1,4,1.8478129170268314
XRPUSDT,28,14,0.01,0.1,5,2.0169703191404595
XRPUSDT,28,14,0.1,0.01,1,2.599283247338002
XRPUSDT,28,14,0.1,0.01,2,2.2242872378085843
XRPUSDT,28,14,0.1,0.01,3,1.847039133592671
XRPUSDT,28,14,0.1,0.01,4,1.7422117475533168
XRPUSDT,28,14,0.1,0.01,5,1.7605519362682809
XRPUSDT,28,14,0.1,0.1,1,2.640073482578419
XRPUSDT,28,14,0.1,0.1,2,2.2821635244846856
XRPUSDT,28,14,0.1,0.1,3,1.8971954257712673
XRPUSDT,28,14,0.1,0.1,4,1.7865124000174646
XRPUSDT,28,14,0.1,0.1,5,1.7993083376338308
XRPUSDT,28,14,1.0,0.01,1,1.8008931420056207
XRPUSDT,28,14,1.0,0.01,2,2.1748931030455014
XRPUSDT,28,14,1.0,0.01,3,1.9005618596901408
XRPUSDT,28,14,1.0,0.01,4,1.7746576500066005
XRPUSDT,28,14,1.0,0.01,5,1.4192716813631017
XRPUSDT,28,14,1.0,0.1,1,1.9170382444697267
XRPUSDT,28,14,1.0,0.1,2,2.2098684532949036
XRPUSDT,28,14,1.0,0.1,3,1.937403636503976
XRPUSDT,28,14,1.0,0.1,4,1.825208457861755
XRPUSDT,28,14,1.0,0.1,5,1.4919622684743328
XRPUSDT,28,14,10.0,0.01,1,1.1982736431200252
XRPUSDT,28,14,10.0,0.01,2,2.4891857196260285
XRPUSDT,28,14,10.0,0.01,3,2.168125179316535
XRPUSDT,28,14,10.0,0.01,4,1.9110188585454198
XRPUSDT,28,14,10.0,0.01,5,1.0015068382703365
XRPUSDT,28,14,10.0,0.1,1,1.2496570212696891
XRPUSDT,28,14,10.0,0.1,2,2.4703686507067744
XRPUSDT,28,14,10.0,0.1,3,2.1946172476313026
XRPUSDT,28,14,10.0,0.1,4,1.9723270228499852
XRPUSDT,28,14,10.0,0.1,5,1.1021228136264098
XRPUSDT,28,21,0.01,0.01,1,2.778500083868006
XRPUSDT,28,21,0.01,0.01,2,2.2158414879786803
XRPUSDT,28,21,0.01,0.01,3,1.8441318234511372
XRPUSDT,28,21,0.01,0.01,4,1.7421133609942476
XRPUSDT,28,21,0.01,0.01,5,1.9040001975755707
XRPUSDT,28,21,0.01,0.1,1,2.7736140734416073
XRPUSDT,28,21,0.01,0.1,2,2.236765366440923
XRPUSDT,28,21,0.01,0.1,3,1.8677854534732694
XRPUSDT,28,21,0.01,0.1,4,1.766220143504731
XRPUSDT,28,21,0.01,0.1,5,1.921270375201132
XRPUSDT,28,21,0.1,0.01,1,2.6064545616040435
XRPUSDT,28,21,0.1,0.01,2,2.2206923496534827
XRPUSDT,28,21,0.1,0.01,3,1.671883785361826
XRPUSDT,28,21,0.1,0.01,4,1.5373166646747638
XRPUSDT,28,21,0.1,0.01,5,1.7226742799630763
XRPUSDT,28,21,0.1,0.1,1,2.6515509343890415
XRPUSDT,28,21,0.1,0.1,2,2.2851720622444547
XRPUSDT,28,21,0.1,0.1,3,1.7398586459647503
XRPUSDT,28,21,0.1,0.1,4,1.5902616368146425
XRPUSDT,28,21,0.1,0.1,5,1.742215721343463
XRPUSDT,28,21,1.0,0.01,1,1.988052780371358
XRPUSDT,28,21,1.0,0.01,2,2.198592789917655
XRPUSDT,28,21,1.0,0.01,3,1.6089011255024293
XRPUSDT,28,21,1.0,0.01,4,1.4356700574139067
XRPUSDT,28,21,1.0,0.01,5,1.4772938138840923
XRPUSDT,28,21,1.0,0.1,1,2.0779208311867277
XRPUSDT,28,21,1.0,0.1,2,2.245308013899436
XRPUSDT,28,21,1.0,0.1,3,1.6286018027156568
XRPUSDT,28,21,1.0,0.1,4,1.4695162614901514
XRPUSDT,28,21,1.0,0.1,5,1.4948644728576774
XRPUSDT,28,21,10.0,0.01,1,1.7955113291859897
XRPUSDT,28,21,10.0,0.01,2,1.8382279010969438
XRPUSDT,28,21,10.0,0.01,3,1.5548903137328354
XRPUSDT,28,21,10.0,0.01,4,1.2915341356238679
XRPUSDT,28,21,10.0,0.01,5,1.1717925100725413
XRPUSDT,28,21,10.0,0.1,1,1.8110743107058223
XRPUSDT,28,21,10.0,0.1,2,1.920866078398882
XRPUSDT,28,21,10.0,0.1,3,1.5823590924205608
XRPUSDT,28,21,10.0,0.1,4,1.3327700291439881
XRPUSDT,28,21,10.0,0.1,5,1.20338051188472
XRPUSDT,28,28,0.01,0.01,1,2.764834224827743
XRPUSDT,28,28,0.01,0.01,2,2.185459809350216
XRPUSDT,28,28,0.01,0.01,3,1.7965663979573268
XRPUSDT,28,28,0.01,0.01,4,1.7005050874736551
XRPUSDT,28,28,0.01,0.01,5,1.834405970760508
XRPUSDT,28,28,0.01,0.1,1,2.7632079175355253
XRPUSDT,28,28,0.01,0.1,2,2.2093541442019147
XRPUSDT,28,28,0.01,0.1,3,1.8209356151407445
XRPUSDT,28,28,0.01,0.1,4,1.7258090812166333
XRPUSDT,28,28,0.01,0.1,5,1.849104114813495
XRPUSDT,28,28,0.1,0.01,1,2.5922556575251847
XRPUSDT,28,28,0.1,0.01,2,2.201131201803835
XRPUSDT,28,28,0.1,0.01,3,1.6180652640573991
XRPUSDT,28,28,0.1,0.01,4,1.5170890664296215
XRPUSDT,28,28,0.1,0.01,5,1.6845254461497803
XRPUSDT,28,28,0.1,0.1,1,2.646566800451442
XRPUSDT,28,28,0.1,0.1,2,2.2666194468416316
XRPUSDT,28,28,0.1,0.1,3,1.6646818520131015
XRPUSDT,28,28,0.1,0.1,4,1.5620135840022622
XRPUSDT,28,28,0.1,0.1,5,1.6805702283225266
XRPUSDT,28,28,1.0,0.01,1,1.8907939200888886
XRPUSDT,28,28,1.0,0.01,2,2.204862096552519
XRPUSDT,28,28,1.0,0.01,3,1.575060630548011
XRPUSDT,28,28,1.0,0.01,4,1.394195647062031
XRPUSDT,28,28,1.0,0.01,5,1.5235309691949495
XRPUSDT,28,28,1.0,0.1,1,1.9858471285032677
XRPUSDT,28,28,1.0,0.1,2,2.257997987748494
XRPUSDT,28,28,1.0,0.1,3,1.5930935409195552
XRPUSDT,28,28,1.0,0.1,4,1.4351276240697786
XRPUSDT,28,28,1.0,0.1,5,1.522600529382381
XRPUSDT,28,28,10.0,0.01,1,1.5352276834345184
XRPUSDT,28,28,10.0,0.01,2,1.8338467291196514
XRPUSDT,28,28,10.0,0.01,3,1.522737669685563
XRPUSDT,28,28,10.0,0.01,4,1.180624952711396
XRPUSDT,28,28,10.0,0.01,5,1.416596725160082
XRPUSDT,28,28,10.0,0.1,1,1.5654750342514612
XRPUSDT,28,28,10.0,0.1,2,1.9057614972836716
XRPUSDT,28,28,10.0,0.1,3,1.5375044695346212
XRPUSDT,28,28,10.0,0.1,4,1.219308741245234
XRPUSDT,28,28,10.0,0.1,5,1.4448772288304246
