symbol,volatility_window,feature,importance
BTCUSDT,7,daily_return_lag_0,0.005671277176588774
BTCUSDT,7,daily_return_squared_lag_0,0.006178791634738445
BTCUSDT,7,minute_realized_volatility_lag_0,0.014447680674493313
BTCUSDT,7,minute_absolute_returns_lag_0,0.00692856265231967
BTCUSDT,7,minute_downside_volatility_lag_0,0.018032675608992577
BTCUSDT,7,minute_maximum_absolute_return_lag_0,0.009295341558754444
BTCUSDT,7,daily_return_lag_1,0.0054610599763691425
BTCUSDT,7,daily_return_squared_lag_1,0.005109269171953201
BTCUSDT,7,minute_realized_volatility_lag_1,0.008917417377233505
BTCUSDT,7,minute_absolute_returns_lag_1,0.034545909613370895
BTCUSDT,7,minute_downside_volatility_lag_1,0.009386320598423481
BTCUSDT,7,minute_maximum_absolute_return_lag_1,0.008349684067070484
BTCUSDT,7,daily_return_lag_2,0.006801857613027096
BTCUSDT,7,daily_return_squared_lag_2,0.007290856447070837
BTCUSDT,7,minute_realized_volatility_lag_2,0.011881104670464993
BTCUSDT,7,minute_absolute_returns_lag_2,0.011390435509383678
BTCUSDT,7,minute_downside_volatility_lag_2,0.009742824360728264
BTCUSDT,7,minute_maximum_absolute_return_lag_2,0.010685140267014503
BTCUSDT,7,daily_return_lag_3,0.0053031835705041885
BTCUSDT,7,daily_return_squared_lag_3,0.003905555233359337
BTCUSDT,7,minute_realized_volatility_lag_3,0.022945452481508255
BTCUSDT,7,minute_absolute_returns_lag_3,0.017515620216727257
BTCUSDT,7,minute_downside_volatility_lag_3,0.021438783034682274
BTCUSDT,7,minute_maximum_absolute_return_lag_3,0.005266541615128517
BTCUSDT,7,daily_return_lag_4,0.0038301171734929085
BTCUSDT,7,daily_return_squared_lag_4,0.0035025393590331078
BTCUSDT,7,minute_realized_volatility_lag_4,0.026944221928715706
BTCUSDT,7,minute_absolute_returns_lag_4,0.009608202613890171
BTCUSDT,7,minute_downside_volatility_lag_4,0.03009558655321598
BTCUSDT,7,minute_maximum_absolute_return_lag_4,0.007127552293241024
BTCUSDT,7,daily_return_lag_5,0.0038470837753266096
BTCUSDT,7,daily_return_squared_lag_5,0.004369518253952265
BTCUSDT,7,minute_realized_volatility_lag_5,0.02894132025539875
BTCUSDT,7,minute_absolute_returns_lag_5,0.015040586702525616
BTCUSDT,7,minute_downside_volatility_lag_5,0.014503320679068565
BTCUSDT,7,minute_maximum_absolute_return_lag_5,0.009208997711539268
BTCUSDT,7,daily_return_lag_6,0.0054976907558739185
BTCUSDT,7,daily_return_squared_lag_6,0.0056647490710020065
BTCUSDT,7,minute_realized_volatility_lag_6,0.006447590421885252
BTCUSDT,7,minute_absolute_returns_lag_6,0.00566947041079402
BTCUSDT,7,minute_downside_volatility_lag_6,0.006641065701842308
BTCUSDT,7,minute_maximum_absolute_return_lag_6,0.005160738248378038
BTCUSDT,7,daily_return_lag_7,0.006076508201658726
BTCUSDT,7,daily_return_squared_lag_7,0.005504983942955732
BTCUSDT,7,minute_realized_volatility_lag_7,0.02340765856206417
BTCUSDT,7,minute_absolute_returns_lag_7,0.031440939754247665
BTCUSDT,7,minute_downside_volatility_lag_7,0.006611285265535116
BTCUSDT,7,minute_maximum_absolute_return_lag_7,0.0049436925910413265
BTCUSDT,7,daily_return_lag_8,0.004270560573786497
BTCUSDT,7,daily_return_squared_lag_8,0.0039789387956261635
BTCUSDT,7,minute_realized_volatility_lag_8,0.023937862366437912
BTCUSDT,7,minute_absolute_returns_lag_8,0.03702332824468613
BTCUSDT,7,minute_downside_volatility_lag_8,0.02107131853699684
BTCUSDT,7,minute_maximum_absolute_return_lag_8,0.007195162586867809
BTCUSDT,7,daily_return_lag_9,0.004398504737764597
BTCUSDT,7,daily_return_squared_lag_9,0.0032587950117886066
BTCUSDT,7,minute_realized_volatility_lag_9,0.05138754844665527
BTCUSDT,7,minute_absolute_returns_lag_9,0.015698853880167007
BTCUSDT,7,minute_downside_volatility_lag_9,0.010332267731428146
BTCUSDT,7,minute_maximum_absolute_return_lag_9,0.008126302622258663
BTCUSDT,7,daily_return_lag_10,0.00527400616556406
BTCUSDT,7,daily_return_squared_lag_10,0.004354327451437712
BTCUSDT,7,minute_realized_volatility_lag_10,0.009724730625748634
BTCUSDT,7,minute_absolute_returns_lag_10,0.012353100813925266
BTCUSDT,7,minute_downside_volatility_lag_10,0.01784585416316986
BTCUSDT,7,minute_maximum_absolute_return_lag_10,0.008122146129608154
BTCUSDT,7,daily_return_lag_11,0.004355224780738354
BTCUSDT,7,daily_return_squared_lag_11,0.004341079853475094
BTCUSDT,7,minute_realized_volatility_lag_11,0.013217594474554062
BTCUSDT,7,minute_absolute_returns_lag_11,0.015388418920338154
BTCUSDT,7,minute_downside_volatility_lag_11,0.0165461003780365
BTCUSDT,7,minute_maximum_absolute_return_lag_11,0.006796977482736111
BTCUSDT,7,daily_return_lag_12,0.0046850875951349735
BTCUSDT,7,daily_return_squared_lag_12,0.005778787191957235
BTCUSDT,7,minute_realized_volatility_lag_12,0.019228262826800346
BTCUSDT,7,minute_absolute_returns_lag_12,0.013050890527665615
BTCUSDT,7,minute_downside_volatility_lag_12,0.01041741855442524
BTCUSDT,7,minute_maximum_absolute_return_lag_12,0.006551496684551239
BTCUSDT,7,daily_return_lag_13,0.005031135864555836
BTCUSDT,7,daily_return_squared_lag_13,0.005126885138452053
BTCUSDT,7,minute_realized_volatility_lag_13,0.007168408948928118
BTCUSDT,7,minute_absolute_returns_lag_13,0.008009557612240314
BTCUSDT,7,minute_downside_volatility_lag_13,0.008401146158576012
BTCUSDT,7,minute_maximum_absolute_return_lag_13,0.005582214333117008
BTCUSDT,7,known_window_decay_horizon_1,0.00836391095072031
BTCUSDT,7,known_window_decay_horizon_2,0.008958013728260994
BTCUSDT,7,known_window_decay_horizon_3,0.00994423683732748
BTCUSDT,7,known_window_decay_horizon_4,0.011158288456499577
BTCUSDT,7,known_window_decay_horizon_5,0.009086452424526215
BTCUSDT,7,known_window_decay_horizon_6,0.007882042787969112
BTCUSDT,7,known_window_decay_horizon_7,0.0
BTCUSDT,14,daily_return_lag_0,0.007131845224648714
BTCUSDT,14,daily_return_squared_lag_0,0.007010866422206163
BTCUSDT,14,minute_realized_volatility_lag_0,0.009004505351185799
BTCUSDT,14,minute_absolute_returns_lag_0,0.00493374140933156
BTCUSDT,14,minute_downside_volatility_lag_0,0.01679094135761261
BTCUSDT,14,minute_maximum_absolute_return_lag_0,0.01209483202546835
BTCUSDT,14,daily_return_lag_1,0.006316592916846275
BTCUSDT,14,daily_return_squared_lag_1,0.005721711553633213
BTCUSDT,14,minute_realized_volatility_lag_1,0.017679784446954727
BTCUSDT,14,minute_absolute_returns_lag_1,0.007001607213169336
BTCUSDT,14,minute_downside_volatility_lag_1,0.011372575536370277
BTCUSDT,14,minute_maximum_absolute_return_lag_1,0.006250475067645311
BTCUSDT,14,daily_return_lag_2,0.00475371815264225
BTCUSDT,14,daily_return_squared_lag_2,0.0047745173797011375
BTCUSDT,14,minute_realized_volatility_lag_2,0.008316822350025177
BTCUSDT,14,minute_absolute_returns_lag_2,0.006399581674486399
BTCUSDT,14,minute_downside_volatility_lag_2,0.015004085376858711
BTCUSDT,14,minute_maximum_absolute_return_lag_2,0.00502890395000577
BTCUSDT,14,daily_return_lag_3,0.00574155431240797
BTCUSDT,14,daily_return_squared_lag_3,0.004163241479545832
BTCUSDT,14,minute_realized_volatility_lag_3,0.00985664501786232
BTCUSDT,14,minute_absolute_returns_lag_3,0.00615151971578598
BTCUSDT,14,minute_downside_volatility_lag_3,0.008742437697947025
BTCUSDT,14,minute_maximum_absolute_return_lag_3,0.005640052724629641
BTCUSDT,14,daily_return_lag_4,0.005089375656098127
BTCUSDT,14,daily_return_squared_lag_4,0.006309847813099623
BTCUSDT,14,minute_realized_volatility_lag_4,0.01171975675970316
BTCUSDT,14,minute_absolute_returns_lag_4,0.006250285543501377
BTCUSDT,14,minute_downside_volatility_lag_4,0.010252725332975388
BTCUSDT,14,minute_maximum_absolute_return_lag_4,0.006406032480299473
BTCUSDT,14,daily_return_lag_5,0.0038816859014332294
BTCUSDT,14,daily_return_squared_lag_5,0.0036572131793946028
BTCUSDT,14,minute_realized_volatility_lag_5,0.009197473526000977
BTCUSDT,14,minute_absolute_returns_lag_5,0.007706452161073685
BTCUSDT,14,minute_downside_volatility_lag_5,0.007052731234580278
BTCUSDT,14,minute_maximum_absolute_return_lag_5,0.00904740858823061
BTCUSDT,14,daily_return_lag_6,0.0051371012814342976
BTCUSDT,14,daily_return_squared_lag_6,0.005214928183704615
BTCUSDT,14,minute_realized_volatility_lag_6,0.0051104179583489895
BTCUSDT,14,minute_absolute_returns_lag_6,0.006497025024145842
BTCUSDT,14,minute_downside_volatility_lag_6,0.004235444590449333
BTCUSDT,14,minute_maximum_absolute_return_lag_6,0.006570893805474043
BTCUSDT,14,daily_return_lag_7,0.004542732145637274
BTCUSDT,14,daily_return_squared_lag_7,0.003707202849909663
BTCUSDT,14,minute_realized_volatility_lag_7,0.003784776199609041
BTCUSDT,14,minute_absolute_returns_lag_7,0.006394768133759499
BTCUSDT,14,minute_downside_volatility_lag_7,0.005328163970261812
BTCUSDT,14,minute_maximum_absolute_return_lag_7,0.00635911338031292
BTCUSDT,14,daily_return_lag_8,0.0041543166153132915
BTCUSDT,14,daily_return_squared_lag_8,0.00344866537488997
BTCUSDT,14,minute_realized_volatility_lag_8,0.006624329835176468
BTCUSDT,14,minute_absolute_returns_lag_8,0.00534028559923172
BTCUSDT,14,minute_downside_volatility_lag_8,0.0032664223108440638
BTCUSDT,14,minute_maximum_absolute_return_lag_8,0.005589768290519714
BTCUSDT,14,daily_return_lag_9,0.004820634610950947
BTCUSDT,14,daily_return_squared_lag_9,0.0036509004421532154
BTCUSDT,14,minute_realized_volatility_lag_9,0.006611420772969723
BTCUSDT,14,minute_absolute_returns_lag_9,0.010791094042360783
BTCUSDT,14,minute_downside_volatility_lag_9,0.0035722104366868734
BTCUSDT,14,minute_maximum_absolute_return_lag_9,0.006709275767207146
BTCUSDT,14,daily_return_lag_10,0.005954650696367025
BTCUSDT,14,daily_return_squared_lag_10,0.006283286027610302
BTCUSDT,14,minute_realized_volatility_lag_10,0.008508785627782345
BTCUSDT,14,minute_absolute_returns_lag_10,0.010638798587024212
BTCUSDT,14,minute_downside_volatility_lag_10,0.004956863354891539
BTCUSDT,14,minute_maximum_absolute_return_lag_10,0.011626136489212513
BTCUSDT,14,daily_return_lag_11,0.008431649766862392
BTCUSDT,14,daily_return_squared_lag_11,0.005516424775123596
BTCUSDT,14,minute_realized_volatility_lag_11,0.008518910966813564
BTCUSDT,14,minute_absolute_returns_lag_11,0.007496030069887638
BTCUSDT,14,minute_downside_volatility_lag_11,0.005540516227483749
BTCUSDT,14,minute_maximum_absolute_return_lag_11,0.008108006790280342
BTCUSDT,14,daily_return_lag_12,0.0038729291409254074
BTCUSDT,14,daily_return_squared_lag_12,0.0038740045856684446
BTCUSDT,14,minute_realized_volatility_lag_12,0.009091955609619617
BTCUSDT,14,minute_absolute_returns_lag_12,0.00836721621453762
BTCUSDT,14,minute_downside_volatility_lag_12,0.006909447256475687
BTCUSDT,14,minute_maximum_absolute_return_lag_12,0.008827111683785915
BTCUSDT,14,daily_return_lag_13,0.004620488733053207
BTCUSDT,14,daily_return_squared_lag_13,0.00529167614877224
BTCUSDT,14,minute_realized_volatility_lag_13,0.0033446308225393295
BTCUSDT,14,minute_absolute_returns_lag_13,0.004775078035891056
BTCUSDT,14,minute_downside_volatility_lag_13,0.00516251428052783
BTCUSDT,14,minute_maximum_absolute_return_lag_13,0.00499186385422945
BTCUSDT,14,daily_return_lag_14,0.004763276316225529
BTCUSDT,14,daily_return_squared_lag_14,0.004910328425467014
BTCUSDT,14,minute_realized_volatility_lag_14,0.008064769208431244
BTCUSDT,14,minute_absolute_returns_lag_14,0.007536138873547316
BTCUSDT,14,minute_downside_volatility_lag_14,0.00636476231738925
BTCUSDT,14,minute_maximum_absolute_return_lag_14,0.005678717978298664
BTCUSDT,14,daily_return_lag_15,0.004156121984124184
BTCUSDT,14,daily_return_squared_lag_15,0.004260002635419369
BTCUSDT,14,minute_realized_volatility_lag_15,0.012173223309218884
BTCUSDT,14,minute_absolute_returns_lag_15,0.006245569791644812
BTCUSDT,14,minute_downside_volatility_lag_15,0.00983425509184599
BTCUSDT,14,minute_maximum_absolute_return_lag_15,0.007071206346154213
BTCUSDT,14,daily_return_lag_16,0.004099343903362751
BTCUSDT,14,daily_return_squared_lag_16,0.00740902591496706
BTCUSDT,14,minute_realized_volatility_lag_16,0.011835003271698952
BTCUSDT,14,minute_absolute_returns_lag_16,0.009702131152153015
BTCUSDT,14,minute_downside_volatility_lag_16,0.00892118364572525
BTCUSDT,14,minute_maximum_absolute_return_lag_16,0.005933995358645916
BTCUSDT,14,daily_return_lag_17,0.005672120023518801
BTCUSDT,14,daily_return_squared_lag_17,0.0048644160851836205
BTCUSDT,14,minute_realized_volatility_lag_17,0.009640878066420555
BTCUSDT,14,minute_absolute_returns_lag_17,0.006741716992110014
BTCUSDT,14,minute_downside_volatility_lag_17,0.007955298759043217
BTCUSDT,14,minute_maximum_absolute_return_lag_17,0.005242376122623682
BTCUSDT,14,daily_return_lag_18,0.007594691589474678
BTCUSDT,14,daily_return_squared_lag_18,0.004383533727377653
BTCUSDT,14,minute_realized_volatility_lag_18,0.006700063124299049
BTCUSDT,14,minute_absolute_returns_lag_18,0.00927906483411789
BTCUSDT,14,minute_downside_volatility_lag_18,0.005966321099549532
BTCUSDT,14,minute_maximum_absolute_return_lag_18,0.006064508575946093
BTCUSDT,14,daily_return_lag_19,0.008521609008312225
BTCUSDT,14,daily_return_squared_lag_19,0.003873115638270974
BTCUSDT,14,minute_realized_volatility_lag_19,0.020997676998376846
BTCUSDT,14,minute_absolute_returns_lag_19,0.008923294954001904
BTCUSDT,14,minute_downside_volatility_lag_19,0.011739526875317097
BTCUSDT,14,minute_maximum_absolute_return_lag_19,0.011247293092310429
BTCUSDT,14,daily_return_lag_20,0.00823608972132206
BTCUSDT,14,daily_return_squared_lag_20,0.0037774585653096437
BTCUSDT,14,minute_realized_volatility_lag_20,0.0108798174187541
BTCUSDT,14,minute_absolute_returns_lag_20,0.006329712457954884
BTCUSDT,14,minute_downside_volatility_lag_20,0.0066556003876030445
BTCUSDT,14,minute_maximum_absolute_return_lag_20,0.015183843672275543
BTCUSDT,14,known_window_decay_horizon_1,0.005342576187103987
BTCUSDT,14,known_window_decay_horizon_2,0.008244026452302933
BTCUSDT,14,known_window_decay_horizon_3,0.010662206448614597
BTCUSDT,14,known_window_decay_horizon_4,0.01380792073905468
BTCUSDT,14,known_window_decay_horizon_5,0.013759181834757328
BTCUSDT,14,known_window_decay_horizon_6,0.023637032136321068
BTCUSDT,14,known_window_decay_horizon_7,0.028493545949459076
BTCUSDT,21,daily_return_lag_0,0.014690439216792583
BTCUSDT,21,daily_return_squared_lag_0,0.012866436503827572
BTCUSDT,21,minute_realized_volatility_lag_0,0.026584336534142494
BTCUSDT,21,minute_absolute_returns_lag_0,0.013290168717503548
BTCUSDT,21,minute_downside_volatility_lag_0,0.03920966759324074
BTCUSDT,21,minute_maximum_absolute_return_lag_0,0.026915183290839195
BTCUSDT,21,daily_return_lag_1,0.01808125339448452
BTCUSDT,21,daily_return_squared_lag_1,0.016963956877589226
BTCUSDT,21,minute_realized_volatility_lag_1,0.014515908434987068
BTCUSDT,21,minute_absolute_returns_lag_1,0.012594389729201794
BTCUSDT,21,minute_downside_volatility_lag_1,0.0200171060860157
BTCUSDT,21,minute_maximum_absolute_return_lag_1,0.015038000419735909
BTCUSDT,21,daily_return_lag_2,0.01735156588256359
BTCUSDT,21,daily_return_squared_lag_2,0.011082900688052177
BTCUSDT,21,minute_realized_volatility_lag_2,0.015094623900949955
BTCUSDT,21,minute_absolute_returns_lag_2,0.02179601974785328
BTCUSDT,21,minute_downside_volatility_lag_2,0.019336428493261337
BTCUSDT,21,minute_maximum_absolute_return_lag_2,0.01472433004528284
BTCUSDT,21,daily_return_lag_3,0.015244103036820889
BTCUSDT,21,daily_return_squared_lag_3,0.009723166935145855
BTCUSDT,21,minute_realized_volatility_lag_3,0.021280035376548767
BTCUSDT,21,minute_absolute_returns_lag_3,0.01722279191017151
BTCUSDT,21,minute_downside_volatility_lag_3,0.019886989146471024
BTCUSDT,21,minute_maximum_absolute_return_lag_3,0.010837007313966751
BTCUSDT,21,daily_return_lag_4,0.013499797321856022
BTCUSDT,21,daily_return_squared_lag_4,0.01621304266154766
BTCUSDT,21,minute_realized_volatility_lag_4,0.013963908888399601
BTCUSDT,21,minute_absolute_returns_lag_4,0.014359580352902412
BTCUSDT,21,minute_downside_volatility_lag_4,0.022561728954315186
BTCUSDT,21,minute_maximum_absolute_return_lag_4,0.015986034646630287
BTCUSDT,21,daily_return_lag_5,0.01340334489941597
BTCUSDT,21,daily_return_squared_lag_5,0.010702668689191341
BTCUSDT,21,minute_realized_volatility_lag_5,0.028136687353253365
BTCUSDT,21,minute_absolute_returns_lag_5,0.011285078711807728
BTCUSDT,21,minute_downside_volatility_lag_5,0.021508853882551193
BTCUSDT,21,minute_maximum_absolute_return_lag_5,0.019940240308642387
BTCUSDT,21,daily_return_lag_6,0.010581007227301598
BTCUSDT,21,daily_return_squared_lag_6,0.013854511082172394
BTCUSDT,21,minute_realized_volatility_lag_6,0.01524417009204626
BTCUSDT,21,minute_absolute_returns_lag_6,0.012834838591516018
BTCUSDT,21,minute_downside_volatility_lag_6,0.011656570248305798
BTCUSDT,21,minute_maximum_absolute_return_lag_6,0.01587030664086342
BTCUSDT,21,known_window_decay_horizon_1,0.013509603217244148
BTCUSDT,21,known_window_decay_horizon_2,0.020688192918896675
BTCUSDT,21,known_window_decay_horizon_3,0.03217238560318947
BTCUSDT,21,known_window_decay_horizon_4,0.04458106681704521
BTCUSDT,21,known_window_decay_horizon_5,0.04736833646893501
BTCUSDT,21,known_window_decay_horizon_6,0.05876307561993599
BTCUSDT,21,known_window_decay_horizon_7,0.07696811854839325
BTCUSDT,28,daily_return_lag_0,0.0035072104074060917
BTCUSDT,28,daily_return_squared_lag_0,0.004154750145971775
BTCUSDT,28,minute_realized_volatility_lag_0,0.01978367008268833
BTCUSDT,28,minute_absolute_returns_lag_0,0.010327491909265518
BTCUSDT,28,minute_downside_volatility_lag_0,0.021415457129478455
BTCUSDT,28,minute_maximum_absolute_return_lag_0,0.010678530670702457
BTCUSDT,28,daily_return_lag_1,0.012822949327528477
BTCUSDT,28,daily_return_squared_lag_1,0.007015162147581577
BTCUSDT,28,minute_realized_volatility_lag_1,0.017699632793664932
BTCUSDT,28,minute_absolute_returns_lag_1,0.008810700848698616
BTCUSDT,28,minute_downside_volatility_lag_1,0.018603011965751648
BTCUSDT,28,minute_maximum_absolute_return_lag_1,0.011448932811617851
BTCUSDT,28,daily_return_lag_2,0.005040730815380812
BTCUSDT,28,daily_return_squared_lag_2,0.0011613969691097736
BTCUSDT,28,minute_realized_volatility_lag_2,0.020541895180940628
BTCUSDT,28,minute_absolute_returns_lag_2,0.009029584936797619
BTCUSDT,28,minute_downside_volatility_lag_2,0.01445778738707304
BTCUSDT,28,minute_maximum_absolute_return_lag_2,0.007388575002551079
BTCUSDT,28,daily_return_lag_3,0.007481566164642572
BTCUSDT,28,daily_return_squared_lag_3,0.0011559739941731095
BTCUSDT,28,minute_realized_volatility_lag_3,0.011764110065996647
BTCUSDT,28,minute_absolute_returns_lag_3,0.006281912326812744
BTCUSDT,28,minute_downside_volatility_lag_3,0.02031031623482704
BTCUSDT,28,minute_maximum_absolute_return_lag_3,0.010400401428341866
BTCUSDT,28,daily_return_lag_4,0.006936254911124706
BTCUSDT,28,daily_return_squared_lag_4,0.006548487581312656
BTCUSDT,28,minute_realized_volatility_lag_4,0.015781234949827194
BTCUSDT,28,minute_absolute_returns_lag_4,0.006281320005655289
BTCUSDT,28,minute_downside_volatility_lag_4,0.011494261212646961
BTCUSDT,28,minute_maximum_absolute_return_lag_4,0.00722104124724865
BTCUSDT,28,daily_return_lag_5,0.005265832878649235
BTCUSDT,28,daily_return_squared_lag_5,0.010634539648890495
BTCUSDT,28,minute_realized_volatility_lag_5,0.010236389003694057
BTCUSDT,28,minute_absolute_returns_lag_5,0.011871607042849064
BTCUSDT,28,minute_downside_volatility_lag_5,0.008209711872041225
BTCUSDT,28,minute_maximum_absolute_return_lag_5,0.005722820293158293
BTCUSDT,28,daily_return_lag_6,0.008147000335156918
BTCUSDT,28,daily_return_squared_lag_6,0.002543637529015541
BTCUSDT,28,minute_realized_volatility_lag_6,0.006123976316303015
BTCUSDT,28,minute_absolute_returns_lag_6,0.011488247662782669
BTCUSDT,28,minute_downside_volatility_lag_6,0.0063944729045033455
BTCUSDT,28,minute_maximum_absolute_return_lag_6,0.005566706880927086
BTCUSDT,28,daily_return_lag_7,0.008004589006304741
BTCUSDT,28,daily_return_squared_lag_7,0.004068732261657715
BTCUSDT,28,minute_realized_volatility_lag_7,0.017674975097179413
BTCUSDT,28,minute_absolute_returns_lag_7,0.021897751837968826
BTCUSDT,28,minute_downside_volatility_lag_7,0.015481851994991302
BTCUSDT,28,minute_maximum_absolute_return_lag_7,0.011023974977433681
BTCUSDT,28,daily_return_lag_8,0.008101677522063255
BTCUSDT,28,daily_return_squared_lag_8,0.002440150361508131
BTCUSDT,28,minute_realized_volatility_lag_8,0.011931311339139938
BTCUSDT,28,minute_absolute_returns_lag_8,0.007293596398085356
BTCUSDT,28,minute_downside_volatility_lag_8,0.011109486222267151
BTCUSDT,28,minute_maximum_absolute_return_lag_8,0.008534816093742847
BTCUSDT,28,daily_return_lag_9,0.006106519140303135
BTCUSDT,28,daily_return_squared_lag_9,0.0
BTCUSDT,28,minute_realized_volatility_lag_9,0.014059136621654034
BTCUSDT,28,minute_absolute_returns_lag_9,0.016459675505757332
BTCUSDT,28,minute_downside_volatility_lag_9,0.012852135114371777
BTCUSDT,28,minute_maximum_absolute_return_lag_9,0.0093337157741189
BTCUSDT,28,daily_return_lag_10,0.00047210927004925907
BTCUSDT,28,daily_return_squared_lag_10,0.0
BTCUSDT,28,minute_realized_volatility_lag_10,0.011092718690633774
BTCUSDT,28,minute_absolute_returns_lag_10,0.009783487766981125
BTCUSDT,28,minute_downside_volatility_lag_10,0.014700273051857948
BTCUSDT,28,minute_maximum_absolute_return_lag_10,0.016409192234277725
BTCUSDT,28,daily_return_lag_11,0.011279487982392311
BTCUSDT,28,daily_return_squared_lag_11,0.0016063862713053823
BTCUSDT,28,minute_realized_volatility_lag_11,0.00997792650014162
BTCUSDT,28,minute_absolute_returns_lag_11,0.012642583809792995
BTCUSDT,28,minute_downside_volatility_lag_11,0.010890196077525616
BTCUSDT,28,minute_maximum_absolute_return_lag_11,0.010528837330639362
BTCUSDT,28,daily_return_lag_12,0.0
BTCUSDT,28,daily_return_squared_lag_12,0.003356386674568057
BTCUSDT,28,minute_realized_volatility_lag_12,0.013441982679069042
BTCUSDT,28,minute_absolute_returns_lag_12,0.00916996132582426
BTCUSDT,28,minute_downside_volatility_lag_12,0.016048597171902657
BTCUSDT,28,minute_maximum_absolute_return_lag_12,0.014227236621081829
BTCUSDT,28,daily_return_lag_13,0.0012209265260025859
BTCUSDT,28,daily_return_squared_lag_13,0.011508741416037083
BTCUSDT,28,minute_realized_volatility_lag_13,0.008468902669847012
BTCUSDT,28,minute_absolute_returns_lag_13,0.016751214861869812
BTCUSDT,28,minute_downside_volatility_lag_13,0.011199611239135265
BTCUSDT,28,minute_maximum_absolute_return_lag_13,0.011961118318140507
BTCUSDT,28,known_window_decay_horizon_1,0.00610228581354022
BTCUSDT,28,known_window_decay_horizon_2,0.012580870650708675
BTCUSDT,28,known_window_decay_horizon_3,0.01921076886355877
BTCUSDT,28,known_window_decay_horizon_4,0.029251988977193832
BTCUSDT,28,known_window_decay_horizon_5,0.03571624308824539
BTCUSDT,28,known_window_decay_horizon_6,0.03531349077820778
BTCUSDT,28,known_window_decay_horizon_7,0.0409630723297596
ETHUSDT,7,daily_return_lag_0,0.005118431057780981
ETHUSDT,7,daily_return_squared_lag_0,0.004206196870654821
ETHUSDT,7,minute_realized_volatility_lag_0,0.012163637205958366
ETHUSDT,7,minute_absolute_returns_lag_0,0.005413780454546213
ETHUSDT,7,minute_downside_volatility_lag_0,0.005283576902002096
ETHUSDT,7,minute_maximum_absolute_return_lag_0,0.003784933127462864
ETHUSDT,7,daily_return_lag_1,0.0016707335598766804
ETHUSDT,7,daily_return_squared_lag_1,0.0021337384823709726
ETHUSDT,7,minute_realized_volatility_lag_1,0.006174055859446526
ETHUSDT,7,minute_absolute_returns_lag_1,0.0030521152075380087
ETHUSDT,7,minute_downside_volatility_lag_1,0.005446632858365774
ETHUSDT,7,minute_maximum_absolute_return_lag_1,0.0017420141957700253
ETHUSDT,7,daily_return_lag_2,0.0020995705854147673
ETHUSDT,7,daily_return_squared_lag_2,0.0022503978107124567
ETHUSDT,7,minute_realized_volatility_lag_2,0.003783648135140538
ETHUSDT,7,minute_absolute_returns_lag_2,0.0021332178730517626
ETHUSDT,7,minute_downside_volatility_lag_2,0.0036979634314775467
ETHUSDT,7,minute_maximum_absolute_return_lag_2,0.0026672056410461664
ETHUSDT,7,daily_return_lag_3,0.0026612291112542152
ETHUSDT,7,daily_return_squared_lag_3,0.0015637822216376662
ETHUSDT,7,minute_realized_volatility_lag_3,0.0016508522676303983
ETHUSDT,7,minute_absolute_returns_lag_3,0.0018308695871382952
ETHUSDT,7,minute_downside_volatility_lag_3,0.0031258140224963427
ETHUSDT,7,minute_maximum_absolute_return_lag_3,0.001775579759851098
ETHUSDT,7,daily_return_lag_4,0.0031253418419510126
ETHUSDT,7,daily_return_squared_lag_4,0.0022128159180283546
ETHUSDT,7,minute_realized_volatility_lag_4,0.002916570520028472
ETHUSDT,7,minute_absolute_returns_lag_4,0.0018823811551555991
ETHUSDT,7,minute_downside_volatility_lag_4,0.0023343865759670734
ETHUSDT,7,minute_maximum_absolute_return_lag_4,0.0016439047176390886
ETHUSDT,7,daily_return_lag_5,0.0035070828162133694
ETHUSDT,7,daily_return_squared_lag_5,0.0018116210121661425
ETHUSDT,7,minute_realized_volatility_lag_5,0.004532650578767061
ETHUSDT,7,minute_absolute_returns_lag_5,0.002728469669818878
ETHUSDT,7,minute_downside_volatility_lag_5,0.003263660706579685
ETHUSDT,7,minute_maximum_absolute_return_lag_5,0.002772824140265584
ETHUSDT,7,daily_return_lag_6,0.003177537815645337
ETHUSDT,7,daily_return_squared_lag_6,0.0027083270251750946
ETHUSDT,7,minute_realized_volatility_lag_6,0.00800850335508585
ETHUSDT,7,minute_absolute_returns_lag_6,0.006284984294325113
ETHUSDT,7,minute_downside_volatility_lag_6,0.0036804357077926397
ETHUSDT,7,minute_maximum_absolute_return_lag_6,0.003564931219443679
ETHUSDT,7,daily_return_lag_7,0.001501400489360094
ETHUSDT,7,daily_return_squared_lag_7,0.002283781301230192
ETHUSDT,7,minute_realized_volatility_lag_7,0.003944139927625656
ETHUSDT,7,minute_absolute_returns_lag_7,0.005916469730436802
ETHUSDT,7,minute_downside_volatility_lag_7,0.004318173509091139
ETHUSDT,7,minute_maximum_absolute_return_lag_7,0.003117903834208846
ETHUSDT,7,daily_return_lag_8,0.00183035375084728
ETHUSDT,7,daily_return_squared_lag_8,0.0018138361629098654
ETHUSDT,7,minute_realized_volatility_lag_8,0.004035663791000843
ETHUSDT,7,minute_absolute_returns_lag_8,0.007711261045187712
ETHUSDT,7,minute_downside_volatility_lag_8,0.0067648389376699924
ETHUSDT,7,minute_maximum_absolute_return_lag_8,0.0025828354991972446
ETHUSDT,7,daily_return_lag_9,0.00268752034753561
ETHUSDT,7,daily_return_squared_lag_9,0.0029838387854397297
ETHUSDT,7,minute_realized_volatility_lag_9,0.0076696122996509075
ETHUSDT,7,minute_absolute_returns_lag_9,0.007952322252094746
ETHUSDT,7,minute_downside_volatility_lag_9,0.031114565208554268
ETHUSDT,7,minute_maximum_absolute_return_lag_9,0.004248043056577444
ETHUSDT,7,daily_return_lag_10,0.002522448543459177
ETHUSDT,7,daily_return_squared_lag_10,0.002641575178131461
ETHUSDT,7,minute_realized_volatility_lag_10,0.036624740809202194
ETHUSDT,7,minute_absolute_returns_lag_10,0.016521766781806946
ETHUSDT,7,minute_downside_volatility_lag_10,0.014684939756989479
ETHUSDT,7,minute_maximum_absolute_return_lag_10,0.0048608374781906605
ETHUSDT,7,daily_return_lag_11,0.0025037024170160294
ETHUSDT,7,daily_return_squared_lag_11,0.001180458813905716
ETHUSDT,7,minute_realized_volatility_lag_11,0.010783227160573006
ETHUSDT,7,minute_absolute_returns_lag_11,0.020802956074476242
ETHUSDT,7,minute_downside_volatility_lag_11,0.0071223946288228035
ETHUSDT,7,minute_maximum_absolute_return_lag_11,0.0041319397278130054
ETHUSDT,7,daily_return_lag_12,0.0034580992069095373
ETHUSDT,7,daily_return_squared_lag_12,0.0044301459565758705
ETHUSDT,7,minute_realized_volatility_lag_12,0.02206144481897354
ETHUSDT,7,minute_absolute_returns_lag_12,0.022660141810774803
ETHUSDT,7,minute_downside_volatility_lag_12,0.0075421687215566635
ETHUSDT,7,minute_maximum_absolute_return_lag_12,0.005790592636913061
ETHUSDT,7,daily_return_lag_13,0.0027730383444577456
ETHUSDT,7,daily_return_squared_lag_13,0.0032019291538745165
ETHUSDT,7,minute_realized_volatility_lag_13,0.012156755663454533
ETHUSDT,7,minute_absolute_returns_lag_13,0.02025684528052807
ETHUSDT,7,minute_downside_volatility_lag_13,0.006704975850880146
ETHUSDT,7,minute_maximum_absolute_return_lag_13,0.004230218008160591
ETHUSDT,7,daily_return_lag_14,0.0028505006339401007
ETHUSDT,7,daily_return_squared_lag_14,0.0016479006735607982
ETHUSDT,7,minute_realized_volatility_lag_14,0.007220342755317688
ETHUSDT,7,minute_absolute_returns_lag_14,0.009353664703667164
ETHUSDT,7,minute_downside_volatility_lag_14,0.0036574334371834993
ETHUSDT,7,minute_maximum_absolute_return_lag_14,0.0021762028336524963
ETHUSDT,7,daily_return_lag_15,0.002065821550786495
ETHUSDT,7,daily_return_squared_lag_15,0.004274262115359306
ETHUSDT,7,minute_realized_volatility_lag_15,0.014760307036340237
ETHUSDT,7,minute_absolute_returns_lag_15,0.020190473645925522
ETHUSDT,7,minute_downside_volatility_lag_15,0.007151814643293619
ETHUSDT,7,minute_maximum_absolute_return_lag_15,0.002394766081124544
ETHUSDT,7,daily_return_lag_16,0.0036130838561803102
ETHUSDT,7,daily_return_squared_lag_16,0.002555378247052431
ETHUSDT,7,minute_realized_volatility_lag_16,0.006453414913266897
ETHUSDT,7,minute_absolute_returns_lag_16,0.018078923225402832
ETHUSDT,7,minute_downside_volatility_lag_16,0.0033160962630063295
ETHUSDT,7,minute_maximum_absolute_return_lag_16,0.004851170349866152
ETHUSDT,7,daily_return_lag_17,0.002180444775149226
ETHUSDT,7,daily_return_squared_lag_17,0.006202436983585358
ETHUSDT,7,minute_realized_volatility_lag_17,0.003769681556150317
ETHUSDT,7,minute_absolute_returns_lag_17,0.008833126164972782
ETHUSDT,7,minute_downside_volatility_lag_17,0.006284065078943968
ETHUSDT,7,minute_maximum_absolute_return_lag_17,0.004283802583813667
ETHUSDT,7,daily_return_lag_18,0.0032150051556527615
ETHUSDT,7,daily_return_squared_lag_18,0.00447872607037425
ETHUSDT,7,minute_realized_volatility_lag_18,0.007798236794769764
ETHUSDT,7,minute_absolute_returns_lag_18,0.008934264071285725
ETHUSDT,7,minute_downside_volatility_lag_18,0.0042504011653363705
ETHUSDT,7,minute_maximum_absolute_return_lag_18,0.0038142784032970667
ETHUSDT,7,daily_return_lag_19,0.002798305358737707
ETHUSDT,7,daily_return_squared_lag_19,0.009930544532835484
ETHUSDT,7,minute_realized_volatility_lag_19,0.01311549823731184
ETHUSDT,7,minute_absolute_returns_lag_19,0.01148370560258627
ETHUSDT,7,minute_downside_volatility_lag_19,0.008171412162482738
ETHUSDT,7,minute_maximum_absolute_return_lag_19,0.00328279216773808
ETHUSDT,7,daily_return_lag_20,0.0022067639511078596
ETHUSDT,7,daily_return_squared_lag_20,0.004255300387740135
ETHUSDT,7,minute_realized_volatility_lag_20,0.004484192933887243
ETHUSDT,7,minute_absolute_returns_lag_20,0.0054863216355443
ETHUSDT,7,minute_downside_volatility_lag_20,0.00217476231046021
ETHUSDT,7,minute_maximum_absolute_return_lag_20,0.006055700592696667
ETHUSDT,7,daily_return_lag_21,0.0026391278952360153
ETHUSDT,7,daily_return_squared_lag_21,0.003349432023242116
ETHUSDT,7,minute_realized_volatility_lag_21,0.015165548771619797
ETHUSDT,7,minute_absolute_returns_lag_21,0.0048462459817528725
ETHUSDT,7,minute_downside_volatility_lag_21,0.013724139891564846
ETHUSDT,7,minute_maximum_absolute_return_lag_21,0.006641288287937641
ETHUSDT,7,daily_return_lag_22,0.0030739284120500088
ETHUSDT,7,daily_return_squared_lag_22,0.003176240948960185
ETHUSDT,7,minute_realized_volatility_lag_22,0.004869275260716677
ETHUSDT,7,minute_absolute_returns_lag_22,0.0042220912873744965
ETHUSDT,7,minute_downside_volatility_lag_22,0.0033832062035799026
ETHUSDT,7,minute_maximum_absolute_return_lag_22,0.003947215620428324
ETHUSDT,7,daily_return_lag_23,0.0033249533735215664
ETHUSDT,7,daily_return_squared_lag_23,0.0050274706445634365
ETHUSDT,7,minute_realized_volatility_lag_23,0.007084911223500967
ETHUSDT,7,minute_absolute_returns_lag_23,0.00828219298273325
ETHUSDT,7,minute_downside_volatility_lag_23,0.009891346096992493
ETHUSDT,7,minute_maximum_absolute_return_lag_23,0.0096533028408885
ETHUSDT,7,daily_return_lag_24,0.002831714693456888
ETHUSDT,7,daily_return_squared_lag_24,0.0045319306664168835
ETHUSDT,7,minute_realized_volatility_lag_24,0.0115976482629776
ETHUSDT,7,minute_absolute_returns_lag_24,0.004993223585188389
ETHUSDT,7,minute_downside_volatility_lag_24,0.011141530238091946
ETHUSDT,7,minute_maximum_absolute_return_lag_24,0.005732240621000528
ETHUSDT,7,daily_return_lag_25,0.00327505636960268
ETHUSDT,7,daily_return_squared_lag_25,0.004279893822968006
ETHUSDT,7,minute_realized_volatility_lag_25,0.0039061144925653934
ETHUSDT,7,minute_absolute_returns_lag_25,0.004472935106605291
ETHUSDT,7,minute_downside_volatility_lag_25,0.009961938485503197
ETHUSDT,7,minute_maximum_absolute_return_lag_25,0.004399346187710762
ETHUSDT,7,daily_return_lag_26,0.0024646350648254156
ETHUSDT,7,daily_return_squared_lag_26,0.005093080922961235
ETHUSDT,7,minute_realized_volatility_lag_26,0.0033867431338876486
ETHUSDT,7,minute_absolute_returns_lag_26,0.004393019247800112
ETHUSDT,7,minute_downside_volatility_lag_26,0.002478157402947545
ETHUSDT,7,minute_maximum_absolute_return_lag_26,0.004023956134915352
ETHUSDT,7,daily_return_lag_27,0.0038181585259735584
ETHUSDT,7,daily_return_squared_lag_27,0.0038957286160439253
ETHUSDT,7,minute_realized_volatility_lag_27,0.002663969062268734
ETHUSDT,7,minute_absolute_returns_lag_27,0.0082633001729846
ETHUSDT,7,minute_downside_volatility_lag_27,0.003613532055169344
ETHUSDT,7,minute_maximum_absolute_return_lag_27,0.0035593402571976185
ETHUSDT,7,known_window_decay_horizon_1,0.002556280931457877
ETHUSDT,7,known_window_decay_horizon_2,0.004094272386282682
ETHUSDT,7,known_window_decay_horizon_3,0.005422727204859257
ETHUSDT,7,known_window_decay_horizon_4,0.005088810343295336
ETHUSDT,7,known_window_decay_horizon_5,0.005471620708703995
ETHUSDT,7,known_window_decay_horizon_6,0.004475406836718321
ETHUSDT,7,known_window_decay_horizon_7,0.0
ETHUSDT,14,daily_return_lag_0,0.011170853860676289
ETHUSDT,14,daily_return_squared_lag_0,0.0038884973619133234
ETHUSDT,14,minute_realized_volatility_lag_0,0.011961678974330425
ETHUSDT,14,minute_absolute_returns_lag_0,0.007987862452864647
ETHUSDT,14,minute_downside_volatility_lag_0,0.015067693777382374
ETHUSDT,14,minute_maximum_absolute_return_lag_0,0.0090070441365242
ETHUSDT,14,daily_return_lag_1,0.006437364500015974
ETHUSDT,14,daily_return_squared_lag_1,0.005818258970975876
ETHUSDT,14,minute_realized_volatility_lag_1,0.007425562012940645
ETHUSDT,14,minute_absolute_returns_lag_1,0.0035630494821816683
ETHUSDT,14,minute_downside_volatility_lag_1,0.011052035726606846
ETHUSDT,14,minute_maximum_absolute_return_lag_1,0.006481693126261234
ETHUSDT,14,daily_return_lag_2,0.0052578030154109
ETHUSDT,14,daily_return_squared_lag_2,0.008458148688077927
ETHUSDT,14,minute_realized_volatility_lag_2,0.011344879865646362
ETHUSDT,14,minute_absolute_returns_lag_2,0.004655853379517794
ETHUSDT,14,minute_downside_volatility_lag_2,0.009823967702686787
ETHUSDT,14,minute_maximum_absolute_return_lag_2,0.008888039737939835
ETHUSDT,14,daily_return_lag_3,0.004046574234962463
ETHUSDT,14,daily_return_squared_lag_3,0.005929440725594759
ETHUSDT,14,minute_realized_volatility_lag_3,0.007809692528098822
ETHUSDT,14,minute_absolute_returns_lag_3,0.0051230560056865215
ETHUSDT,14,minute_downside_volatility_lag_3,0.007086567580699921
ETHUSDT,14,minute_maximum_absolute_return_lag_3,0.008667574264109135
ETHUSDT,14,daily_return_lag_4,0.0036071366630494595
ETHUSDT,14,daily_return_squared_lag_4,0.005522893741726875
ETHUSDT,14,minute_realized_volatility_lag_4,0.005142358131706715
ETHUSDT,14,minute_absolute_returns_lag_4,0.006601565517485142
ETHUSDT,14,minute_downside_volatility_lag_4,0.0066074589267373085
ETHUSDT,14,minute_maximum_absolute_return_lag_4,0.007091180421411991
ETHUSDT,14,daily_return_lag_5,0.002811489161103964
ETHUSDT,14,daily_return_squared_lag_5,0.004035421181470156
ETHUSDT,14,minute_realized_volatility_lag_5,0.009515173733234406
ETHUSDT,14,minute_absolute_returns_lag_5,0.006644515320658684
ETHUSDT,14,minute_downside_volatility_lag_5,0.00997956283390522
ETHUSDT,14,minute_maximum_absolute_return_lag_5,0.007402901072055101
ETHUSDT,14,daily_return_lag_6,0.005422201938927174
ETHUSDT,14,daily_return_squared_lag_6,0.003939354792237282
ETHUSDT,14,minute_realized_volatility_lag_6,0.018173256888985634
ETHUSDT,14,minute_absolute_returns_lag_6,0.004920323379337788
ETHUSDT,14,minute_downside_volatility_lag_6,0.011412971653044224
ETHUSDT,14,minute_maximum_absolute_return_lag_6,0.011984800919890404
ETHUSDT,14,daily_return_lag_7,0.006648534908890724
ETHUSDT,14,daily_return_squared_lag_7,0.005196635145694017
ETHUSDT,14,minute_realized_volatility_lag_7,0.01524586882442236
ETHUSDT,14,minute_absolute_returns_lag_7,0.023226646706461906
ETHUSDT,14,minute_downside_volatility_lag_7,0.01826806738972664
ETHUSDT,14,minute_maximum_absolute_return_lag_7,0.0076461718417704105
ETHUSDT,14,daily_return_lag_8,0.0059262714348733425
ETHUSDT,14,daily_return_squared_lag_8,0.00458058575168252
ETHUSDT,14,minute_realized_volatility_lag_8,0.005392974242568016
ETHUSDT,14,minute_absolute_returns_lag_8,0.01821526326239109
ETHUSDT,14,minute_downside_volatility_lag_8,0.012348074465990067
ETHUSDT,14,minute_maximum_absolute_return_lag_8,0.0059653655625879765
ETHUSDT,14,daily_return_lag_9,0.011095198802649975
ETHUSDT,14,daily_return_squared_lag_9,0.011804898269474506
ETHUSDT,14,minute_realized_volatility_lag_9,0.008201426826417446
ETHUSDT,14,minute_absolute_returns_lag_9,0.019602131098508835
ETHUSDT,14,minute_downside_volatility_lag_9,0.019332056865096092
ETHUSDT,14,minute_maximum_absolute_return_lag_9,0.00556340254843235
ETHUSDT,14,daily_return_lag_10,0.005884532816708088
ETHUSDT,14,daily_return_squared_lag_10,0.008966466411948204
ETHUSDT,14,minute_realized_volatility_lag_10,0.010253200307488441
ETHUSDT,14,minute_absolute_returns_lag_10,0.01698259264230728
ETHUSDT,14,minute_downside_volatility_lag_10,0.01401415467262268
ETHUSDT,14,minute_maximum_absolute_return_lag_10,0.006108083296567202
ETHUSDT,14,daily_return_lag_11,0.006630224641412497
ETHUSDT,14,daily_return_squared_lag_11,0.005161231383681297
ETHUSDT,14,minute_realized_volatility_lag_11,0.008125104010105133
ETHUSDT,14,minute_absolute_returns_lag_11,0.02086803875863552
ETHUSDT,14,minute_downside_volatility_lag_11,0.009480468928813934
ETHUSDT,14,minute_maximum_absolute_return_lag_11,0.009741961024701595
ETHUSDT,14,daily_return_lag_12,0.005127392243593931
ETHUSDT,14,daily_return_squared_lag_12,0.0036873493809252977
ETHUSDT,14,minute_realized_volatility_lag_12,0.02419508434832096
ETHUSDT,14,minute_absolute_returns_lag_12,0.04850706830620766
ETHUSDT,14,minute_downside_volatility_lag_12,0.021555855870246887
ETHUSDT,14,minute_maximum_absolute_return_lag_12,0.012256589718163013
ETHUSDT,14,daily_return_lag_13,0.006756178103387356
ETHUSDT,14,daily_return_squared_lag_13,0.005490490701049566
ETHUSDT,14,minute_realized_volatility_lag_13,0.021848512813448906
ETHUSDT,14,minute_absolute_returns_lag_13,0.03291286155581474
ETHUSDT,14,minute_downside_volatility_lag_13,0.014121999964118004
ETHUSDT,14,minute_maximum_absolute_return_lag_13,0.00906648114323616
ETHUSDT,14,known_window_decay_horizon_1,0.007069332059472799
ETHUSDT,14,known_window_decay_horizon_2,0.01040405873209238
ETHUSDT,14,known_window_decay_horizon_3,0.01634732261300087
ETHUSDT,14,known_window_decay_horizon_4,0.02249300107359886
ETHUSDT,14,known_window_decay_horizon_5,0.025364406406879425
ETHUSDT,14,known_window_decay_horizon_6,0.03863539174199104
ETHUSDT,14,known_window_decay_horizon_7,0.02991732396185398
ETHUSDT,21,daily_return_lag_0,0.006070333067327738
ETHUSDT,21,daily_return_squared_lag_0,0.0025101962964981794
ETHUSDT,21,minute_realized_volatility_lag_0,0.006415199022740126
ETHUSDT,21,minute_absolute_returns_lag_0,0.006336799822747707
ETHUSDT,21,minute_downside_volatility_lag_0,0.007316890638321638
ETHUSDT,21,minute_maximum_absolute_return_lag_0,0.0030342042446136475
ETHUSDT,21,daily_return_lag_1,0.0032478945795446634
ETHUSDT,21,daily_return_squared_lag_1,0.0012085067573934793
ETHUSDT,21,minute_realized_volatility_lag_1,0.007821889594197273
ETHUSDT,21,minute_absolute_returns_lag_1,0.005628191400319338
ETHUSDT,21,minute_downside_volatility_lag_1,0.0047636013478040695
ETHUSDT,21,minute_maximum_absolute_return_lag_1,0.0034243997652083635
ETHUSDT,21,daily_return_lag_2,0.0029459409415721893
ETHUSDT,21,daily_return_squared_lag_2,0.002933558076620102
ETHUSDT,21,minute_realized_volatility_lag_2,0.007900461554527283
ETHUSDT,21,minute_absolute_returns_lag_2,0.008090903051197529
ETHUSDT,21,minute_downside_volatility_lag_2,0.007697021588683128
ETHUSDT,21,minute_maximum_absolute_return_lag_2,0.0024557653814554214
ETHUSDT,21,daily_return_lag_3,0.0028837500140070915
ETHUSDT,21,daily_return_squared_lag_3,0.0018040866125375032
ETHUSDT,21,minute_realized_volatility_lag_3,0.0037965266965329647
ETHUSDT,21,minute_absolute_returns_lag_3,0.004339424893260002
ETHUSDT,21,minute_downside_volatility_lag_3,0.005902328062802553
ETHUSDT,21,minute_maximum_absolute_return_lag_3,0.0029776538722217083
ETHUSDT,21,daily_return_lag_4,0.0015660086646676064
ETHUSDT,21,daily_return_squared_lag_4,0.0027853490319103003
ETHUSDT,21,minute_realized_volatility_lag_4,0.003996445331722498
ETHUSDT,21,minute_absolute_returns_lag_4,0.004493709187954664
ETHUSDT,21,minute_downside_volatility_lag_4,0.0032256811391562223
ETHUSDT,21,minute_maximum_absolute_return_lag_4,0.00515929376706481
ETHUSDT,21,daily_return_lag_5,0.00208145659416914
ETHUSDT,21,daily_return_squared_lag_5,0.001815409166738391
ETHUSDT,21,minute_realized_volatility_lag_5,0.0020464614499360323
ETHUSDT,21,minute_absolute_returns_lag_5,0.00350448046810925
ETHUSDT,21,minute_downside_volatility_lag_5,0.004928049631416798
ETHUSDT,21,minute_maximum_absolute_return_lag_5,0.0014170261565595865
ETHUSDT,21,daily_return_lag_6,0.002864768262952566
ETHUSDT,21,daily_return_squared_lag_6,0.002109468448907137
ETHUSDT,21,minute_realized_volatility_lag_6,0.005193901248276234
ETHUSDT,21,minute_absolute_returns_lag_6,0.008257315494120121
ETHUSDT,21,minute_downside_volatility_lag_6,0.007669950369745493
ETHUSDT,21,minute_maximum_absolute_return_lag_6,0.004349813796579838
ETHUSDT,21,daily_return_lag_7,0.0016555101610720158
ETHUSDT,21,daily_return_squared_lag_7,0.0014104429865255952
ETHUSDT,21,minute_realized_volatility_lag_7,0.0075707584619522095
ETHUSDT,21,minute_absolute_returns_lag_7,0.00814465805888176
ETHUSDT,21,minute_downside_volatility_lag_7,0.00943855382502079
ETHUSDT,21,minute_maximum_absolute_return_lag_7,0.005994822364300489
ETHUSDT,21,daily_return_lag_8,0.002634060336276889
ETHUSDT,21,daily_return_squared_lag_8,0.0023775072768330574
ETHUSDT,21,minute_realized_volatility_lag_8,0.004792554769665003
ETHUSDT,21,minute_absolute_returns_lag_8,0.007610772270709276
ETHUSDT,21,minute_downside_volatility_lag_8,0.00663740886375308
ETHUSDT,21,minute_maximum_absolute_return_lag_8,0.0045024738647043705
ETHUSDT,21,daily_return_lag_9,0.0033738594502210617
ETHUSDT,21,daily_return_squared_lag_9,0.0029528604354709387
ETHUSDT,21,minute_realized_volatility_lag_9,0.0070409574545919895
ETHUSDT,21,minute_absolute_returns_lag_9,0.007044642232358456
ETHUSDT,21,minute_downside_volatility_lag_9,0.010622241534292698
ETHUSDT,21,minute_maximum_absolute_return_lag_9,0.0037959362380206585
ETHUSDT,21,daily_return_lag_10,0.0015787800075486302
ETHUSDT,21,daily_return_squared_lag_10,0.0029490666929632425
ETHUSDT,21,minute_realized_volatility_lag_10,0.0052602034993469715
ETHUSDT,21,minute_absolute_returns_lag_10,0.008672420866787434
ETHUSDT,21,minute_downside_volatility_lag_10,0.0047449334524571896
ETHUSDT,21,minute_maximum_absolute_return_lag_10,0.00593356229364872
ETHUSDT,21,daily_return_lag_11,0.0028443755581974983
ETHUSDT,21,daily_return_squared_lag_11,0.002098362660035491
ETHUSDT,21,minute_realized_volatility_lag_11,0.004330852534621954
ETHUSDT,21,minute_absolute_returns_lag_11,0.010977844707667828
ETHUSDT,21,minute_downside_volatility_lag_11,0.006763053126633167
ETHUSDT,21,minute_maximum_absolute_return_lag_11,0.005453627090901136
ETHUSDT,21,daily_return_lag_12,0.002064136555418372
ETHUSDT,21,daily_return_squared_lag_12,0.002323014196008444
ETHUSDT,21,minute_realized_volatility_lag_12,0.009233217686414719
ETHUSDT,21,minute_absolute_returns_lag_12,0.02067853882908821
ETHUSDT,21,minute_downside_volatility_lag_12,0.004326634109020233
ETHUSDT,21,minute_maximum_absolute_return_lag_12,0.00748454499989748
ETHUSDT,21,daily_return_lag_13,0.002397810574620962
ETHUSDT,21,daily_return_squared_lag_13,0.001326494850218296
ETHUSDT,21,minute_realized_volatility_lag_13,0.016137562692165375
ETHUSDT,21,minute_absolute_returns_lag_13,0.02624923549592495
ETHUSDT,21,minute_downside_volatility_lag_13,0.002877963474020362
ETHUSDT,21,minute_maximum_absolute_return_lag_13,0.004208715166896582
ETHUSDT,21,daily_return_lag_14,0.0022219601087272167
ETHUSDT,21,daily_return_squared_lag_14,0.005680467467755079
ETHUSDT,21,minute_realized_volatility_lag_14,0.006914634723216295
ETHUSDT,21,minute_absolute_returns_lag_14,0.017552165314555168
ETHUSDT,21,minute_downside_volatility_lag_14,0.007098980247974396
ETHUSDT,21,minute_maximum_absolute_return_lag_14,0.008190055377781391
ETHUSDT,21,daily_return_lag_15,0.002678958233445883
ETHUSDT,21,daily_return_squared_lag_15,0.00734289875254035
ETHUSDT,21,minute_realized_volatility_lag_15,0.006179034244269133
ETHUSDT,21,minute_absolute_returns_lag_15,0.007532099261879921
ETHUSDT,21,minute_downside_volatility_lag_15,0.009905265644192696
ETHUSDT,21,minute_maximum_absolute_return_lag_15,0.0055169775150716305
ETHUSDT,21,daily_return_lag_16,0.0020883253309875727
ETHUSDT,21,daily_return_squared_lag_16,0.0034037523437291384
ETHUSDT,21,minute_realized_volatility_lag_16,0.005278668366372585
ETHUSDT,21,minute_absolute_returns_lag_16,0.005296194460242987
ETHUSDT,21,minute_downside_volatility_lag_16,0.0025499153416603804
ETHUSDT,21,minute_maximum_absolute_return_lag_16,0.006173267960548401
ETHUSDT,21,daily_return_lag_17,0.0019509338308125734
ETHUSDT,21,daily_return_squared_lag_17,0.003867488820105791
ETHUSDT,21,minute_realized_volatility_lag_17,0.0051707071252167225
ETHUSDT,21,minute_absolute_returns_lag_17,0.006545616779476404
ETHUSDT,21,minute_downside_volatility_lag_17,0.006187136285007
ETHUSDT,21,minute_maximum_absolute_return_lag_17,0.004544374067336321
ETHUSDT,21,daily_return_lag_18,0.005738947074860334
ETHUSDT,21,daily_return_squared_lag_18,0.0033800003584474325
ETHUSDT,21,minute_realized_volatility_lag_18,0.003083165269345045
ETHUSDT,21,minute_absolute_returns_lag_18,0.007335671689361334
ETHUSDT,21,minute_downside_volatility_lag_18,0.0018003315199166536
ETHUSDT,21,minute_maximum_absolute_return_lag_18,0.004264321643859148
ETHUSDT,21,daily_return_lag_19,0.0037209554575383663
ETHUSDT,21,daily_return_squared_lag_19,0.002603259403258562
ETHUSDT,21,minute_realized_volatility_lag_19,0.0030489410273730755
ETHUSDT,21,minute_absolute_returns_lag_19,0.004702893551439047
ETHUSDT,21,minute_downside_volatility_lag_19,0.0016507370164617896
ETHUSDT,21,minute_maximum_absolute_return_lag_19,0.0061992318369448185
ETHUSDT,21,daily_return_lag_20,0.002872600918635726
ETHUSDT,21,daily_return_squared_lag_20,0.0029169870540499687
ETHUSDT,21,minute_realized_volatility_lag_20,0.0028793213423341513
ETHUSDT,21,minute_absolute_returns_lag_20,0.0028480072505772114
ETHUSDT,21,minute_downside_volatility_lag_20,0.0017258295556530356
ETHUSDT,21,minute_maximum_absolute_return_lag_20,0.012260663323104382
ETHUSDT,21,daily_return_lag_21,0.002286519156768918
ETHUSDT,21,daily_return_squared_lag_21,0.0030425405129790306
ETHUSDT,21,minute_realized_volatility_lag_21,0.003533919807523489
ETHUSDT,21,minute_absolute_returns_lag_21,0.0018917577108368278
ETHUSDT,21,minute_downside_volatility_lag_21,0.0053781201131641865
ETHUSDT,21,minute_maximum_absolute_return_lag_21,0.007390710059553385
ETHUSDT,21,daily_return_lag_22,0.002388360910117626
ETHUSDT,21,daily_return_squared_lag_22,0.003023718250915408
ETHUSDT,21,minute_realized_volatility_lag_22,0.00682596443220973
ETHUSDT,21,minute_absolute_returns_lag_22,0.005820524413138628
ETHUSDT,21,minute_downside_volatility_lag_22,0.0019292234210297465
ETHUSDT,21,minute_maximum_absolute_return_lag_22,0.00528117036446929
ETHUSDT,21,daily_return_lag_23,0.0011170003563165665
ETHUSDT,21,daily_return_squared_lag_23,0.0025652055628597736
ETHUSDT,21,minute_realized_volatility_lag_23,0.0030739165376871824
ETHUSDT,21,minute_absolute_returns_lag_23,0.013345862738788128
ETHUSDT,21,minute_downside_volatility_lag_23,0.0022125309333205223
ETHUSDT,21,minute_maximum_absolute_return_lag_23,0.0034134737215936184
ETHUSDT,21,daily_return_lag_24,0.002409964334219694
ETHUSDT,21,daily_return_squared_lag_24,0.0015726543497294188
ETHUSDT,21,minute_realized_volatility_lag_24,0.010989041067659855
ETHUSDT,21,minute_absolute_returns_lag_24,0.019052136689424515
ETHUSDT,21,minute_downside_volatility_lag_24,0.010079305619001389
ETHUSDT,21,minute_maximum_absolute_return_lag_24,0.002977191936224699
ETHUSDT,21,daily_return_lag_25,0.0025711788330227137
ETHUSDT,21,daily_return_squared_lag_25,0.00492063956335187
ETHUSDT,21,minute_realized_volatility_lag_25,0.010983911342918873
ETHUSDT,21,minute_absolute_returns_lag_25,0.009192433208227158
ETHUSDT,21,minute_downside_volatility_lag_25,0.010020948015153408
ETHUSDT,21,minute_maximum_absolute_return_lag_25,0.003293578280135989
ETHUSDT,21,daily_return_lag_26,0.004449349362403154
ETHUSDT,21,daily_return_squared_lag_26,0.005528437439352274
ETHUSDT,21,minute_realized_volatility_lag_26,0.005947822239249945
ETHUSDT,21,minute_absolute_returns_lag_26,0.007539927028119564
ETHUSDT,21,minute_downside_volatility_lag_26,0.01050789188593626
ETHUSDT,21,minute_maximum_absolute_return_lag_26,0.005744687747210264
ETHUSDT,21,daily_return_lag_27,0.004150198306888342
ETHUSDT,21,daily_return_squared_lag_27,0.004968276713043451
ETHUSDT,21,minute_realized_volatility_lag_27,0.01147956307977438
ETHUSDT,21,minute_absolute_returns_lag_27,0.011109942570328712
ETHUSDT,21,minute_downside_volatility_lag_27,0.006440847646445036
ETHUSDT,21,minute_maximum_absolute_return_lag_27,0.0021983871702104807
ETHUSDT,21,known_window_decay_horizon_1,0.0045684524811804295
ETHUSDT,21,known_window_decay_horizon_2,0.008182915858924389
ETHUSDT,21,known_window_decay_horizon_3,0.012387939728796482
ETHUSDT,21,known_window_decay_horizon_4,0.01237276941537857
ETHUSDT,21,known_window_decay_horizon_5,0.021200764924287796
ETHUSDT,21,known_window_decay_horizon_6,0.024809788912534714
ETHUSDT,21,known_window_decay_horizon_7,0.023441752418875694
ETHUSDT,28,daily_return_lag_0,0.0024133240804076195
ETHUSDT,28,daily_return_squared_lag_0,0.0023209790233522654
ETHUSDT,28,minute_realized_volatility_lag_0,0.00415210984647274
ETHUSDT,28,minute_absolute_returns_lag_0,0.0045107025653123856
ETHUSDT,28,minute_downside_volatility_lag_0,0.004093649331480265
ETHUSDT,28,minute_maximum_absolute_return_lag_0,0.001882903161458671
ETHUSDT,28,daily_return_lag_1,0.0026265571359544992
ETHUSDT,28,daily_return_squared_lag_1,0.004070189781486988
ETHUSDT,28,minute_realized_volatility_lag_1,0.005500185769051313
ETHUSDT,28,minute_absolute_returns_lag_1,0.0029636912513524294
ETHUSDT,28,minute_downside_volatility_lag_1,0.004463075660169125
ETHUSDT,28,minute_maximum_absolute_return_lag_1,0.0016102517256513238
ETHUSDT,28,daily_return_lag_2,0.0016977183986455202
ETHUSDT,28,daily_return_squared_lag_2,0.0019116760231554508
ETHUSDT,28,minute_realized_volatility_lag_2,0.0058900429867208
ETHUSDT,28,minute_absolute_returns_lag_2,0.007541415747255087
ETHUSDT,28,minute_downside_volatility_lag_2,0.007317344658076763
ETHUSDT,28,minute_maximum_absolute_return_lag_2,0.002850496908649802
ETHUSDT,28,daily_return_lag_3,0.002002686494961381
ETHUSDT,28,daily_return_squared_lag_3,0.004320185165852308
ETHUSDT,28,minute_realized_volatility_lag_3,0.005949246231466532
ETHUSDT,28,minute_absolute_returns_lag_3,0.01163258496671915
ETHUSDT,28,minute_downside_volatility_lag_3,0.00592067139223218
ETHUSDT,28,minute_maximum_absolute_return_lag_3,0.0030627152882516384
ETHUSDT,28,daily_return_lag_4,0.001981944078579545
ETHUSDT,28,daily_return_squared_lag_4,0.0046290564350783825
ETHUSDT,28,minute_realized_volatility_lag_4,0.005259451922029257
ETHUSDT,28,minute_absolute_returns_lag_4,0.007992798462510109
ETHUSDT,28,minute_downside_volatility_lag_4,0.005499465856701136
ETHUSDT,28,minute_maximum_absolute_return_lag_4,0.0013833765406161547
ETHUSDT,28,daily_return_lag_5,0.0014655661070719361
ETHUSDT,28,daily_return_squared_lag_5,0.0023796353489160538
ETHUSDT,28,minute_realized_volatility_lag_5,0.0035529141314327717
ETHUSDT,28,minute_absolute_returns_lag_5,0.003491391660645604
ETHUSDT,28,minute_downside_volatility_lag_5,0.0036563046742230654
ETHUSDT,28,minute_maximum_absolute_return_lag_5,0.0018485011532902718
ETHUSDT,28,daily_return_lag_6,0.0024786146823316813
ETHUSDT,28,daily_return_squared_lag_6,0.0023250409867614508
ETHUSDT,28,minute_realized_volatility_lag_6,0.002536732703447342
ETHUSDT,28,minute_absolute_returns_lag_6,0.004476082976907492
ETHUSDT,28,minute_downside_volatility_lag_6,0.004549356177449226
ETHUSDT,28,minute_maximum_absolute_return_lag_6,0.003083702875301242
ETHUSDT,28,daily_return_lag_7,0.001683873706497252
ETHUSDT,28,daily_return_squared_lag_7,0.003157132538035512
ETHUSDT,28,minute_realized_volatility_lag_7,0.005679555702954531
ETHUSDT,28,minute_absolute_returns_lag_7,0.003931302577257156
ETHUSDT,28,minute_downside_volatility_lag_7,0.005143779329955578
ETHUSDT,28,minute_maximum_absolute_return_lag_7,0.002523300936445594
ETHUSDT,28,daily_return_lag_8,0.0024000932462513447
ETHUSDT,28,daily_return_squared_lag_8,0.0021829260513186455
ETHUSDT,28,minute_realized_volatility_lag_8,0.00389331066980958
ETHUSDT,28,minute_absolute_returns_lag_8,0.011425766162574291
ETHUSDT,28,minute_downside_volatility_lag_8,0.006848514545708895
ETHUSDT,28,minute_maximum_absolute_return_lag_8,0.0034282193519175053
ETHUSDT,28,daily_return_lag_9,0.0016513133887201548
ETHUSDT,28,daily_return_squared_lag_9,0.0020118101965636015
ETHUSDT,28,minute_realized_volatility_lag_9,0.0033767912536859512
ETHUSDT,28,minute_absolute_returns_lag_9,0.009242319501936436
ETHUSDT,28,minute_downside_volatility_lag_9,0.011392374522984028
ETHUSDT,28,minute_maximum_absolute_return_lag_9,0.005301813129335642
ETHUSDT,28,daily_return_lag_10,0.0021299042273312807
ETHUSDT,28,daily_return_squared_lag_10,0.001769940136000514
ETHUSDT,28,minute_realized_volatility_lag_10,0.006138451397418976
ETHUSDT,28,minute_absolute_returns_lag_10,0.012164236977696419
ETHUSDT,28,minute_downside_volatility_lag_10,0.010285780765116215
ETHUSDT,28,minute_maximum_absolute_return_lag_10,0.003964506089687347
ETHUSDT,28,daily_return_lag_11,0.0010007037781178951
ETHUSDT,28,daily_return_squared_lag_11,0.0021449311170727015
ETHUSDT,28,minute_realized_volatility_lag_11,0.003440793137997389
ETHUSDT,28,minute_absolute_returns_lag_11,0.010621015913784504
ETHUSDT,28,minute_downside_volatility_lag_11,0.00832417793571949
ETHUSDT,28,minute_maximum_absolute_return_lag_11,0.006997927092015743
ETHUSDT,28,daily_return_lag_12,0.003973743878304958
ETHUSDT,28,daily_return_squared_lag_12,0.0025919179897755384
ETHUSDT,28,minute_realized_volatility_lag_12,0.0043195635080337524
ETHUSDT,28,minute_absolute_returns_lag_12,0.009635345079004765
ETHUSDT,28,minute_downside_volatility_lag_12,0.006822082679718733
ETHUSDT,28,minute_maximum_absolute_return_lag_12,0.00960011687129736
ETHUSDT,28,daily_return_lag_13,0.002190692350268364
ETHUSDT,28,daily_return_squared_lag_13,0.0005942733841948211
ETHUSDT,28,minute_realized_volatility_lag_13,0.00919366255402565
ETHUSDT,28,minute_absolute_returns_lag_13,0.014745555818080902
ETHUSDT,28,minute_downside_volatility_lag_13,0.0066494871862232685
ETHUSDT,28,minute_maximum_absolute_return_lag_13,0.006436766590923071
ETHUSDT,28,daily_return_lag_14,0.002696378855034709
ETHUSDT,28,daily_return_squared_lag_14,0.003983344417065382
ETHUSDT,28,minute_realized_volatility_lag_14,0.011416523717343807
ETHUSDT,28,minute_absolute_returns_lag_14,0.008738942444324493
ETHUSDT,28,minute_downside_volatility_lag_14,0.005481021944433451
ETHUSDT,28,minute_maximum_absolute_return_lag_14,0.005318978801369667
ETHUSDT,28,daily_return_lag_15,0.0028524070512503386
ETHUSDT,28,daily_return_squared_lag_15,0.0013772760285064578
ETHUSDT,28,minute_realized_volatility_lag_15,0.004751530010253191
ETHUSDT,28,minute_absolute_returns_lag_15,0.00833701528608799
ETHUSDT,28,minute_downside_volatility_lag_15,0.003431414719671011
ETHUSDT,28,minute_maximum_absolute_return_lag_15,0.004988688975572586
ETHUSDT,28,daily_return_lag_16,0.002232416532933712
ETHUSDT,28,daily_return_squared_lag_16,0.0013572361785918474
ETHUSDT,28,minute_realized_volatility_lag_16,0.008748553693294525
ETHUSDT,28,minute_absolute_returns_lag_16,0.006542286369949579
ETHUSDT,28,minute_downside_volatility_lag_16,0.0064680143259465694
ETHUSDT,28,minute_maximum_absolute_return_lag_16,0.007199911400675774
ETHUSDT,28,daily_return_lag_17,0.005252430681139231
ETHUSDT,28,daily_return_squared_lag_17,0.006283600814640522
ETHUSDT,28,minute_realized_volatility_lag_17,0.011085200123488903
ETHUSDT,28,minute_absolute_returns_lag_17,0.01004799921065569
ETHUSDT,28,minute_downside_volatility_lag_17,0.006727113854140043
ETHUSDT,28,minute_maximum_absolute_return_lag_17,0.006207345053553581
ETHUSDT,28,daily_return_lag_18,0.005095751024782658
ETHUSDT,28,daily_return_squared_lag_18,0.001550881890580058
ETHUSDT,28,minute_realized_volatility_lag_18,0.005951685830950737
ETHUSDT,28,minute_absolute_returns_lag_18,0.005633288994431496
ETHUSDT,28,minute_downside_volatility_lag_18,0.00888621062040329
ETHUSDT,28,minute_maximum_absolute_return_lag_18,0.0024640215560793877
ETHUSDT,28,daily_return_lag_19,0.002917401259765029
ETHUSDT,28,daily_return_squared_lag_19,0.0029559254180639982
ETHUSDT,28,minute_realized_volatility_lag_19,0.0069892518222332
ETHUSDT,28,minute_absolute_returns_lag_19,0.0066031948663294315
ETHUSDT,28,minute_downside_volatility_lag_19,0.007102391216903925
ETHUSDT,28,minute_maximum_absolute_return_lag_19,0.007172280456870794
ETHUSDT,28,daily_return_lag_20,0.0016029152320697904
ETHUSDT,28,daily_return_squared_lag_20,0.0020819464698433876
ETHUSDT,28,minute_realized_volatility_lag_20,0.005893179681152105
ETHUSDT,28,minute_absolute_returns_lag_20,0.005376043729484081
ETHUSDT,28,minute_downside_volatility_lag_20,0.0027274172753095627
ETHUSDT,28,minute_maximum_absolute_return_lag_20,0.0058081429451704025
ETHUSDT,28,daily_return_lag_21,0.002567628398537636
ETHUSDT,28,daily_return_squared_lag_21,0.0033584393095225096
ETHUSDT,28,minute_realized_volatility_lag_21,0.005150515586137772
ETHUSDT,28,minute_absolute_returns_lag_21,0.010880883783102036
ETHUSDT,28,minute_downside_volatility_lag_21,0.012697654776275158
ETHUSDT,28,minute_maximum_absolute_return_lag_21,0.0038244277238845825
ETHUSDT,28,daily_return_lag_22,0.0013649164466187358
ETHUSDT,28,daily_return_squared_lag_22,0.0016477020690217614
ETHUSDT,28,minute_realized_volatility_lag_22,0.004695213865488768
ETHUSDT,28,minute_absolute_returns_lag_22,0.011387770064175129
ETHUSDT,28,minute_downside_volatility_lag_22,0.005626703146845102
ETHUSDT,28,minute_maximum_absolute_return_lag_22,0.0034607918933033943
ETHUSDT,28,daily_return_lag_23,0.0021444016601890326
ETHUSDT,28,daily_return_squared_lag_23,0.003784699598327279
ETHUSDT,28,minute_realized_volatility_lag_23,0.00945965200662613
ETHUSDT,28,minute_absolute_returns_lag_23,0.010330958291888237
ETHUSDT,28,minute_downside_volatility_lag_23,0.0033337834756821394
ETHUSDT,28,minute_maximum_absolute_return_lag_23,0.0020462186075747013
ETHUSDT,28,daily_return_lag_24,0.0033448366448283195
ETHUSDT,28,daily_return_squared_lag_24,0.0030580151360481977
ETHUSDT,28,minute_realized_volatility_lag_24,0.0065343971364200115
ETHUSDT,28,minute_absolute_returns_lag_24,0.014341400936245918
ETHUSDT,28,minute_downside_volatility_lag_24,0.0069272019900381565
ETHUSDT,28,minute_maximum_absolute_return_lag_24,0.006402235012501478
ETHUSDT,28,daily_return_lag_25,0.0027199487667530775
ETHUSDT,28,daily_return_squared_lag_25,0.001979582943022251
ETHUSDT,28,minute_realized_volatility_lag_25,0.004873395431786776
ETHUSDT,28,minute_absolute_returns_lag_25,0.010491088964045048
ETHUSDT,28,minute_downside_volatility_lag_25,0.017329851165413857
ETHUSDT,28,minute_maximum_absolute_return_lag_25,0.002415930386632681
ETHUSDT,28,daily_return_lag_26,0.0014367512194439769
ETHUSDT,28,daily_return_squared_lag_26,0.0013996560592204332
ETHUSDT,28,minute_realized_volatility_lag_26,0.00842051301151514
ETHUSDT,28,minute_absolute_returns_lag_26,0.018271084874868393
ETHUSDT,28,minute_downside_volatility_lag_26,0.005539620760828257
ETHUSDT,28,minute_maximum_absolute_return_lag_26,0.0048477910459041595
ETHUSDT,28,daily_return_lag_27,0.002031914656981826
ETHUSDT,28,daily_return_squared_lag_27,0.0029023243114352226
ETHUSDT,28,minute_realized_volatility_lag_27,0.009628714062273502
ETHUSDT,28,minute_absolute_returns_lag_27,0.015406864695250988
ETHUSDT,28,minute_downside_volatility_lag_27,0.011216188780963421
ETHUSDT,28,minute_maximum_absolute_return_lag_27,0.002829120960086584
ETHUSDT,28,known_window_decay_horizon_1,0.0038121214602142572
ETHUSDT,28,known_window_decay_horizon_2,0.008229488506913185
ETHUSDT,28,known_window_decay_horizon_3,0.01292454358190298
ETHUSDT,28,known_window_decay_horizon_4,0.017000067979097366
ETHUSDT,28,known_window_decay_horizon_5,0.022381875663995743
ETHUSDT,28,known_window_decay_horizon_6,0.02147989347577095
ETHUSDT,28,known_window_decay_horizon_7,0.029419511556625366
BNBUSDT,7,daily_return_lag_0,0.0011312187416478992
BNBUSDT,7,daily_return_squared_lag_0,0.003533976385369897
BNBUSDT,7,minute_realized_volatility_lag_0,0.006882526446133852
BNBUSDT,7,minute_absolute_returns_lag_0,0.009863278828561306
BNBUSDT,7,minute_downside_volatility_lag_0,0.004730864893645048
BNBUSDT,7,minute_maximum_absolute_return_lag_0,0.005271325819194317
BNBUSDT,7,daily_return_lag_1,0.0013828760711476207
BNBUSDT,7,daily_return_squared_lag_1,0.004394077695906162
BNBUSDT,7,minute_realized_volatility_lag_1,0.0
BNBUSDT,7,minute_absolute_returns_lag_1,0.009485417976975441
BNBUSDT,7,minute_downside_volatility_lag_1,0.008036831393837929
BNBUSDT,7,minute_maximum_absolute_return_lag_1,0.0045960270799696445
BNBUSDT,7,daily_return_lag_2,0.0030493366066366434
BNBUSDT,7,daily_return_squared_lag_2,0.0009635789319872856
BNBUSDT,7,minute_realized_volatility_lag_2,0.0033561796881258488
BNBUSDT,7,minute_absolute_returns_lag_2,0.01118655689060688
BNBUSDT,7,minute_downside_volatility_lag_2,0.0026986352168023586
BNBUSDT,7,minute_maximum_absolute_return_lag_2,0.007573078386485577
BNBUSDT,7,daily_return_lag_3,0.0
BNBUSDT,7,daily_return_squared_lag_3,0.0005827130516991019
BNBUSDT,7,minute_realized_volatility_lag_3,0.009616555646061897
BNBUSDT,7,minute_absolute_returns_lag_3,0.00807502493262291
BNBUSDT,7,minute_downside_volatility_lag_3,0.009027990512549877
BNBUSDT,7,minute_maximum_absolute_return_lag_3,0.007217301055788994
BNBUSDT,7,daily_return_lag_4,0.0016737232217565179
BNBUSDT,7,daily_return_squared_lag_4,0.003942062146961689
BNBUSDT,7,minute_realized_volatility_lag_4,0.013180502690374851
BNBUSDT,7,minute_absolute_returns_lag_4,0.025408554822206497
BNBUSDT,7,minute_downside_volatility_lag_4,0.017089786008000374
BNBUSDT,7,minute_maximum_absolute_return_lag_4,0.0036756291519850492
BNBUSDT,7,daily_return_lag_5,0.0012939352309331298
BNBUSDT,7,daily_return_squared_lag_5,0.0013522225199267268
BNBUSDT,7,minute_realized_volatility_lag_5,0.012997926212847233
BNBUSDT,7,minute_absolute_returns_lag_5,0.02655625529587269
BNBUSDT,7,minute_downside_volatility_lag_5,0.0041620926931500435
BNBUSDT,7,minute_maximum_absolute_return_lag_5,0.002370319562032819
BNBUSDT,7,daily_return_lag_6,0.001289013191126287
BNBUSDT,7,daily_return_squared_lag_6,0.0025544671807438135
BNBUSDT,7,minute_realized_volatility_lag_6,0.008622080087661743
BNBUSDT,7,minute_absolute_returns_lag_6,0.0
BNBUSDT,7,minute_downside_volatility_lag_6,0.001507606590166688
BNBUSDT,7,minute_maximum_absolute_return_lag_6,0.0029734333511441946
BNBUSDT,7,daily_return_lag_7,0.0033574178814888
BNBUSDT,7,daily_return_squared_lag_7,0.0
BNBUSDT,7,minute_realized_volatility_lag_7,0.012055881321430206
BNBUSDT,7,minute_absolute_returns_lag_7,0.0
BNBUSDT,7,minute_downside_volatility_lag_7,0.0
BNBUSDT,7,minute_maximum_absolute_return_lag_7,0.0
BNBUSDT,7,daily_return_lag_8,0.0035213485825806856
BNBUSDT,7,daily_return_squared_lag_8,0.00034264661371707916
BNBUSDT,7,minute_realized_volatility_lag_8,0.005619724281132221
BNBUSDT,7,minute_absolute_returns_lag_8,0.007024584338068962
BNBUSDT,7,minute_downside_volatility_lag_8,0.0034539627376943827
BNBUSDT,7,minute_maximum_absolute_return_lag_8,0.006116727367043495
BNBUSDT,7,daily_return_lag_9,0.0006618981715291739
BNBUSDT,7,daily_return_squared_lag_9,0.0
BNBUSDT,7,minute_realized_volatility_lag_9,0.011990929953753948
BNBUSDT,7,minute_absolute_returns_lag_9,0.012348550371825695
BNBUSDT,7,minute_downside_volatility_lag_9,0.00878812000155449
BNBUSDT,7,minute_maximum_absolute_return_lag_9,0.0076446556486189365
BNBUSDT,7,daily_return_lag_10,0.001224960433319211
BNBUSDT,7,daily_return_squared_lag_10,0.002065706765279174
BNBUSDT,7,minute_realized_volatility_lag_10,0.010720080696046352
BNBUSDT,7,minute_absolute_returns_lag_10,0.009790051728487015
BNBUSDT,7,minute_downside_volatility_lag_10,0.010038454085588455
BNBUSDT,7,minute_maximum_absolute_return_lag_10,0.003059803508222103
BNBUSDT,7,daily_return_lag_11,0.0
BNBUSDT,7,daily_return_squared_lag_11,0.00043863736209459603
BNBUSDT,7,minute_realized_volatility_lag_11,0.007225175388157368
BNBUSDT,7,minute_absolute_returns_lag_11,0.003960084170103073
BNBUSDT,7,minute_downside_volatility_lag_11,0.008749570697546005
BNBUSDT,7,minute_maximum_absolute_return_lag_11,0.0033199437893927097
BNBUSDT,7,daily_return_lag_12,0.0025024330243468285
BNBUSDT,7,daily_return_squared_lag_12,0.004708363674581051
BNBUSDT,7,minute_realized_volatility_lag_12,0.0027483589947223663
BNBUSDT,7,minute_absolute_returns_lag_12,0.007505469489842653
BNBUSDT,7,minute_downside_volatility_lag_12,0.009975114837288857
BNBUSDT,7,minute_maximum_absolute_return_lag_12,0.0009681185474619269
BNBUSDT,7,daily_return_lag_13,0.0021855742670595646
BNBUSDT,7,daily_return_squared_lag_13,0.0026954009663313627
BNBUSDT,7,minute_realized_volatility_lag_13,0.01027690526098013
BNBUSDT,7,minute_absolute_returns_lag_13,0.005366738419979811
BNBUSDT,7,minute_downside_volatility_lag_13,0.0010798325529322028
BNBUSDT,7,minute_maximum_absolute_return_lag_13,0.0015177777968347073
BNBUSDT,7,daily_return_lag_14,0.002887411741539836
BNBUSDT,7,daily_return_squared_lag_14,0.003019403200596571
BNBUSDT,7,minute_realized_volatility_lag_14,0.0
BNBUSDT,7,minute_absolute_returns_lag_14,0.0
BNBUSDT,7,minute_downside_volatility_lag_14,0.0
BNBUSDT,7,minute_maximum_absolute_return_lag_14,0.005722816567867994
BNBUSDT,7,daily_return_lag_15,0.0
BNBUSDT,7,daily_return_squared_lag_15,0.002855924190953374
BNBUSDT,7,minute_realized_volatility_lag_15,0.005511042661964893
BNBUSDT,7,minute_absolute_returns_lag_15,0.0
BNBUSDT,7,minute_downside_volatility_lag_15,0.0
BNBUSDT,7,minute_maximum_absolute_return_lag_15,0.01322849653661251
BNBUSDT,7,daily_return_lag_16,0.0
BNBUSDT,7,daily_return_squared_lag_16,0.0023160746786743402
BNBUSDT,7,minute_realized_volatility_lag_16,0.0005635106936097145
BNBUSDT,7,minute_absolute_returns_lag_16,0.0
BNBUSDT,7,minute_downside_volatility_lag_16,0.0
BNBUSDT,7,minute_maximum_absolute_return_lag_16,0.018815675750374794
BNBUSDT,7,daily_return_lag_17,0.003830660367384553
BNBUSDT,7,daily_return_squared_lag_17,0.004163159057497978
BNBUSDT,7,minute_realized_volatility_lag_17,0.005301624070852995
BNBUSDT,7,minute_absolute_returns_lag_17,0.003941573202610016
BNBUSDT,7,minute_downside_volatility_lag_17,0.014859710820019245
BNBUSDT,7,minute_maximum_absolute_return_lag_17,0.002694532508030534
BNBUSDT,7,daily_return_lag_18,0.004964608233422041
BNBUSDT,7,daily_return_squared_lag_18,0.0016162310494109988
BNBUSDT,7,minute_realized_volatility_lag_18,0.004711643327027559
BNBUSDT,7,minute_absolute_returns_lag_18,0.0032184915617108345
BNBUSDT,7,minute_downside_volatility_lag_18,0.004764221608638763
BNBUSDT,7,minute_maximum_absolute_return_lag_18,0.0036021217238157988
BNBUSDT,7,daily_return_lag_19,0.0017026638379320502
BNBUSDT,7,daily_return_squared_lag_19,0.003934435546398163
BNBUSDT,7,minute_realized_volatility_lag_19,0.002343639964237809
BNBUSDT,7,minute_absolute_returns_lag_19,0.00794974435120821
BNBUSDT,7,minute_downside_volatility_lag_19,0.002558428095653653
BNBUSDT,7,minute_maximum_absolute_return_lag_19,0.0051347846165299416
BNBUSDT,7,daily_return_lag_20,0.0006104806088842452
BNBUSDT,7,daily_return_squared_lag_20,0.002678574062883854
BNBUSDT,7,minute_realized_volatility_lag_20,0.0007615805952809751
BNBUSDT,7,minute_absolute_returns_lag_20,0.0006020029541105032
BNBUSDT,7,minute_downside_volatility_lag_20,0.023550407961010933
BNBUSDT,7,minute_maximum_absolute_return_lag_20,0.005580648314207792
BNBUSDT,7,daily_return_lag_21,0.0023675260599702597
BNBUSDT,7,daily_return_squared_lag_21,0.006466643884778023
BNBUSDT,7,minute_realized_volatility_lag_21,0.004412799142301083
BNBUSDT,7,minute_absolute_returns_lag_21,0.022506767883896828
BNBUSDT,7,minute_downside_volatility_lag_21,0.02396264672279358
BNBUSDT,7,minute_maximum_absolute_return_lag_21,0.005010683089494705
BNBUSDT,7,daily_return_lag_22,0.006957224104553461
BNBUSDT,7,daily_return_squared_lag_22,0.00722109479829669
BNBUSDT,7,minute_realized_volatility_lag_22,0.006907997187227011
BNBUSDT,7,minute_absolute_returns_lag_22,0.03455045074224472
BNBUSDT,7,minute_downside_volatility_lag_22,0.013577084988355637
BNBUSDT,7,minute_maximum_absolute_return_lag_22,0.004696422256529331
BNBUSDT,7,daily_return_lag_23,0.0022314987145364285
BNBUSDT,7,daily_return_squared_lag_23,0.0022970193531364202
BNBUSDT,7,minute_realized_volatility_lag_23,0.009445905685424805
BNBUSDT,7,minute_absolute_returns_lag_23,0.013018356636166573
BNBUSDT,7,minute_downside_volatility_lag_23,0.010653170756995678
BNBUSDT,7,minute_maximum_absolute_return_lag_23,0.0019188608275726438
BNBUSDT,7,daily_return_lag_24,0.0
BNBUSDT,7,daily_return_squared_lag_24,0.0038013681769371033
BNBUSDT,7,minute_realized_volatility_lag_24,0.00805525854229927
BNBUSDT,7,minute_absolute_returns_lag_24,0.006287034135311842
BNBUSDT,7,minute_downside_volatility_lag_24,0.017376836389303207
BNBUSDT,7,minute_maximum_absolute_return_lag_24,0.007140276022255421
BNBUSDT,7,daily_return_lag_25,0.0014004261465743184
BNBUSDT,7,daily_return_squared_lag_25,0.0029102847911417484
BNBUSDT,7,minute_realized_volatility_lag_25,0.010776805691421032
BNBUSDT,7,minute_absolute_returns_lag_25,0.022812064737081528
BNBUSDT,7,minute_downside_volatility_lag_25,0.008958518505096436
BNBUSDT,7,minute_maximum_absolute_return_lag_25,0.004054408986121416
BNBUSDT,7,daily_return_lag_26,0.0024572014808654785
BNBUSDT,7,daily_return_squared_lag_26,0.002701847581192851
BNBUSDT,7,minute_realized_volatility_lag_26,0.015479705296456814
BNBUSDT,7,minute_absolute_returns_lag_26,0.012891687452793121
BNBUSDT,7,minute_downside_volatility_lag_26,0.008594677783548832
BNBUSDT,7,minute_maximum_absolute_return_lag_26,0.0035558685194700956
BNBUSDT,7,daily_return_lag_27,0.0036166543141007423
BNBUSDT,7,daily_return_squared_lag_27,0.002775844419375062
BNBUSDT,7,minute_realized_volatility_lag_27,0.0074813649989664555
BNBUSDT,7,minute_absolute_returns_lag_27,0.013062391430139542
BNBUSDT,7,minute_downside_volatility_lag_27,0.008557286113500595
BNBUSDT,7,minute_maximum_absolute_return_lag_27,0.006126612424850464
BNBUSDT,7,known_window_decay_horizon_1,0.002028226386755705
BNBUSDT,7,known_window_decay_horizon_2,0.003486070316284895
BNBUSDT,7,known_window_decay_horizon_3,0.00470441859215498
BNBUSDT,7,known_window_decay_horizon_4,0.004561535082757473
BNBUSDT,7,known_window_decay_horizon_5,0.005097458604723215
BNBUSDT,7,known_window_decay_horizon_6,0.0026953676715493202
BNBUSDT,7,known_window_decay_horizon_7,0.0
BNBUSDT,14,daily_return_lag_0,0.006098760757595301
BNBUSDT,14,daily_return_squared_lag_0,0.007207276299595833
BNBUSDT,14,minute_realized_volatility_lag_0,0.013211151584982872
BNBUSDT,14,minute_absolute_returns_lag_0,0.013237281702458858
BNBUSDT,14,minute_downside_volatility_lag_0,0.012860284186899662
BNBUSDT,14,minute_maximum_absolute_return_lag_0,0.00764055922627449
BNBUSDT,14,daily_return_lag_1,0.005346226505935192
BNBUSDT,14,daily_return_squared_lag_1,0.005598117131739855
BNBUSDT,14,minute_realized_volatility_lag_1,0.006874765269458294
BNBUSDT,14,minute_absolute_returns_lag_1,0.013869247399270535
BNBUSDT,14,minute_downside_volatility_lag_1,0.004977105185389519
BNBUSDT,14,minute_maximum_absolute_return_lag_1,0.00533250579610467
BNBUSDT,14,daily_return_lag_2,0.003092224942520261
BNBUSDT,14,daily_return_squared_lag_2,0.004419303499162197
BNBUSDT,14,minute_realized_volatility_lag_2,0.01117285992950201
BNBUSDT,14,minute_absolute_returns_lag_2,0.005316479131579399
BNBUSDT,14,minute_downside_volatility_lag_2,0.01166397612541914
BNBUSDT,14,minute_maximum_absolute_return_lag_2,0.008129053749144077
BNBUSDT,14,daily_return_lag_3,0.004353838972747326
BNBUSDT,14,daily_return_squared_lag_3,0.003083280986174941
BNBUSDT,14,minute_realized_volatility_lag_3,0.008545289747416973
BNBUSDT,14,minute_absolute_returns_lag_3,0.00736090075224638
BNBUSDT,14,minute_downside_volatility_lag_3,0.011793134734034538
BNBUSDT,14,minute_maximum_absolute_return_lag_3,0.00586558785289526
BNBUSDT,14,daily_return_lag_4,0.004412563517689705
BNBUSDT,14,daily_return_squared_lag_4,0.00530572235584259
BNBUSDT,14,minute_realized_volatility_lag_4,0.00945151038467884
BNBUSDT,14,minute_absolute_returns_lag_4,0.008025484159588814
BNBUSDT,14,minute_downside_volatility_lag_4,0.015119380317628384
BNBUSDT,14,minute_maximum_absolute_return_lag_4,0.0063769035041332245
BNBUSDT,14,daily_return_lag_5,0.004310962278395891
BNBUSDT,14,daily_return_squared_lag_5,0.0041578058153390884
BNBUSDT,14,minute_realized_volatility_lag_5,0.010049466043710709
BNBUSDT,14,minute_absolute_returns_lag_5,0.00797728355973959
BNBUSDT,14,minute_downside_volatility_lag_5,0.008767997846007347
BNBUSDT,14,minute_maximum_absolute_return_lag_5,0.006310136057436466
BNBUSDT,14,daily_return_lag_6,0.004371183458715677
BNBUSDT,14,daily_return_squared_lag_6,0.005735573824495077
BNBUSDT,14,minute_realized_volatility_lag_6,0.006562863476574421
BNBUSDT,14,minute_absolute_returns_lag_6,0.005785191431641579
BNBUSDT,14,minute_downside_volatility_lag_6,0.004569857381284237
BNBUSDT,14,minute_maximum_absolute_return_lag_6,0.004748148377984762
BNBUSDT,14,daily_return_lag_7,0.004751135595142841
BNBUSDT,14,daily_return_squared_lag_7,0.00666993809863925
BNBUSDT,14,minute_realized_volatility_lag_7,0.008340415544807911
BNBUSDT,14,minute_absolute_returns_lag_7,0.008039002306759357
BNBUSDT,14,minute_downside_volatility_lag_7,0.007944559678435326
BNBUSDT,14,minute_maximum_absolute_return_lag_7,0.004544655326753855
BNBUSDT,14,daily_return_lag_8,0.0038353868294507265
BNBUSDT,14,daily_return_squared_lag_8,0.00523730181157589
BNBUSDT,14,minute_realized_volatility_lag_8,0.005531908478587866
BNBUSDT,14,minute_absolute_returns_lag_8,0.005578373558819294
BNBUSDT,14,minute_downside_volatility_lag_8,0.008791428059339523
BNBUSDT,14,minute_maximum_absolute_return_lag_8,0.004441394004970789
BNBUSDT,14,daily_return_lag_9,0.004624275490641594
BNBUSDT,14,daily_return_squared_lag_9,0.004754641558974981
BNBUSDT,14,minute_realized_volatility_lag_9,0.0070734573528170586
BNBUSDT,14,minute_absolute_returns_lag_9,0.009766247123479843
BNBUSDT,14,minute_downside_volatility_lag_9,0.008492589928209782
BNBUSDT,14,minute_maximum_absolute_return_lag_9,0.003286464838311076
BNBUSDT,14,daily_return_lag_10,0.002763399388641119
BNBUSDT,14,daily_return_squared_lag_10,0.005914704408496618
BNBUSDT,14,minute_realized_volatility_lag_10,0.008450079709291458
BNBUSDT,14,minute_absolute_returns_lag_10,0.008322975598275661
BNBUSDT,14,minute_downside_volatility_lag_10,0.008940834552049637
BNBUSDT,14,minute_maximum_absolute_return_lag_10,0.008588694967329502
BNBUSDT,14,daily_return_lag_11,0.0051162587478756905
BNBUSDT,14,daily_return_squared_lag_11,0.004818175919353962
BNBUSDT,14,minute_realized_volatility_lag_11,0.0053159273229539394
BNBUSDT,14,minute_absolute_returns_lag_11,0.006035893224179745
BNBUSDT,14,minute_downside_volatility_lag_11,0.004770598839968443
BNBUSDT,14,minute_maximum_absolute_return_lag_11,0.0063193179666996
BNBUSDT,14,daily_return_lag_12,0.006484563462436199
BNBUSDT,14,daily_return_squared_lag_12,0.0036798545625060797
BNBUSDT,14,minute_realized_volatility_lag_12,0.002799511421471834
BNBUSDT,14,minute_absolute_returns_lag_12,0.00831039622426033
BNBUSDT,14,minute_downside_volatility_lag_12,0.004340554587543011
BNBUSDT,14,minute_maximum_absolute_return_lag_12,0.010273350402712822
BNBUSDT,14,daily_return_lag_13,0.0037015387788414955
BNBUSDT,14,daily_return_squared_lag_13,0.007213451899588108
BNBUSDT,14,minute_realized_volatility_lag_13,0.005374035332351923
BNBUSDT,14,minute_absolute_returns_lag_13,0.009395654313266277
BNBUSDT,14,minute_downside_volatility_lag_13,0.0042861332185566425
BNBUSDT,14,minute_maximum_absolute_return_lag_13,0.006711189169436693
BNBUSDT,14,daily_return_lag_14,0.004422346595674753
BNBUSDT,14,daily_return_squared_lag_14,0.0035331305116415024
BNBUSDT,14,minute_realized_volatility_lag_14,0.005060304421931505
BNBUSDT,14,minute_absolute_returns_lag_14,0.006741147022694349
BNBUSDT,14,minute_downside_volatility_lag_14,0.010969988070428371
BNBUSDT,14,minute_maximum_absolute_return_lag_14,0.006090983748435974
BNBUSDT,14,daily_return_lag_15,0.004075364675372839
BNBUSDT,14,daily_return_squared_lag_15,0.004890951327979565
BNBUSDT,14,minute_realized_volatility_lag_15,0.005907880142331123
BNBUSDT,14,minute_absolute_returns_lag_15,0.008143517188727856
BNBUSDT,14,minute_downside_volatility_lag_15,0.007593073882162571
BNBUSDT,14,minute_maximum_absolute_return_lag_15,0.006939019542187452
BNBUSDT,14,daily_return_lag_16,0.006365099456161261
BNBUSDT,14,daily_return_squared_lag_16,0.003666085656732321
BNBUSDT,14,minute_realized_volatility_lag_16,0.005213127005845308
BNBUSDT,14,minute_absolute_returns_lag_16,0.00705618504434824
BNBUSDT,14,minute_downside_volatility_lag_16,0.0037970326375216246
BNBUSDT,14,minute_maximum_absolute_return_lag_16,0.009371978230774403
BNBUSDT,14,daily_return_lag_17,0.006261611357331276
BNBUSDT,14,daily_return_squared_lag_17,0.004487012978643179
BNBUSDT,14,minute_realized_volatility_lag_17,0.005954788066446781
BNBUSDT,14,minute_absolute_returns_lag_17,0.008891647681593895
BNBUSDT,14,minute_downside_volatility_lag_17,0.008464775048196316
BNBUSDT,14,minute_maximum_absolute_return_lag_17,0.00696526886895299
BNBUSDT,14,daily_return_lag_18,0.005950797814875841
BNBUSDT,14,daily_return_squared_lag_18,0.00626186840236187
BNBUSDT,14,minute_realized_volatility_lag_18,0.013301584869623184
BNBUSDT,14,minute_absolute_returns_lag_18,0.007526468485593796
BNBUSDT,14,minute_downside_volatility_lag_18,0.01578046940267086
BNBUSDT,14,minute_maximum_absolute_return_lag_18,0.0072957430966198444
BNBUSDT,14,daily_return_lag_19,0.006282660644501448
BNBUSDT,14,daily_return_squared_lag_19,0.006297259125858545
BNBUSDT,14,minute_realized_volatility_lag_19,0.011815495789051056
BNBUSDT,14,minute_absolute_returns_lag_19,0.006031390745192766
BNBUSDT,14,minute_downside_volatility_lag_19,0.008082624524831772
BNBUSDT,14,minute_maximum_absolute_return_lag_19,0.005675732623785734
BNBUSDT,14,daily_return_lag_20,0.006572686601430178
BNBUSDT,14,daily_return_squared_lag_20,0.006162792909890413
BNBUSDT,14,minute_realized_volatility_lag_20,0.011786891147494316
BNBUSDT,14,minute_absolute_returns_lag_20,0.01854533702135086
BNBUSDT,14,minute_downside_volatility_lag_20,0.009369075298309326
BNBUSDT,14,minute_maximum_absolute_return_lag_20,0.005585090722888708
BNBUSDT,14,known_window_decay_horizon_1,0.005000467877835035
BNBUSDT,14,known_window_decay_horizon_2,0.008713718503713608
BNBUSDT,14,known_window_decay_horizon_3,0.010557550005614758
BNBUSDT,14,known_window_decay_horizon_4,0.009851115755736828
BNBUSDT,14,known_window_decay_horizon_5,0.030677929520606995
BNBUSDT,14,known_window_decay_horizon_6,0.03214435651898384
BNBUSDT,14,known_window_decay_horizon_7,0.02515110746026039
BNBUSDT,21,daily_return_lag_0,0.005820384714752436
BNBUSDT,21,daily_return_squared_lag_0,0.008716752752661705
BNBUSDT,21,minute_realized_volatility_lag_0,0.013774624094367027
BNBUSDT,21,minute_absolute_returns_lag_0,0.015519422478973866
BNBUSDT,21,minute_downside_volatility_lag_0,0.014382747001945972
BNBUSDT,21,minute_maximum_absolute_return_lag_0,0.005777055863291025
BNBUSDT,21,daily_return_lag_1,0.004959747660905123
BNBUSDT,21,daily_return_squared_lag_1,0.005783387925475836
BNBUSDT,21,minute_realized_volatility_lag_1,0.01097271777689457
BNBUSDT,21,minute_absolute_returns_lag_1,0.01038537546992302
BNBUSDT,21,minute_downside_volatility_lag_1,0.004051773808896542
BNBUSDT,21,minute_maximum_absolute_return_lag_1,0.007025029510259628
BNBUSDT,21,daily_return_lag_2,0.004681508056819439
BNBUSDT,21,daily_return_squared_lag_2,0.0052623143419623375
BNBUSDT,21,minute_realized_volatility_lag_2,0.014328123070299625
BNBUSDT,21,minute_absolute_returns_lag_2,0.012175862677395344
BNBUSDT,21,minute_downside_volatility_lag_2,0.014627603814005852
BNBUSDT,21,minute_maximum_absolute_return_lag_2,0.007665851153433323
BNBUSDT,21,daily_return_lag_3,0.008309186436235905
BNBUSDT,21,daily_return_squared_lag_3,0.005492680706083775
BNBUSDT,21,minute_realized_volatility_lag_3,0.013736829161643982
BNBUSDT,21,minute_absolute_returns_lag_3,0.012291952036321163
BNBUSDT,21,minute_downside_volatility_lag_3,0.01091606542468071
BNBUSDT,21,minute_maximum_absolute_return_lag_3,0.008461658842861652
BNBUSDT,21,daily_return_lag_4,0.00448002852499485
BNBUSDT,21,daily_return_squared_lag_4,0.004351598210632801
BNBUSDT,21,minute_realized_volatility_lag_4,0.01897331327199936
BNBUSDT,21,minute_absolute_returns_lag_4,0.012672594748437405
BNBUSDT,21,minute_downside_volatility_lag_4,0.01473540160804987
BNBUSDT,21,minute_maximum_absolute_return_lag_4,0.007811117451637983
BNBUSDT,21,daily_return_lag_5,0.005004036705940962
BNBUSDT,21,daily_return_squared_lag_5,0.005702999886125326
BNBUSDT,21,minute_realized_volatility_lag_5,0.01165099162608385
BNBUSDT,21,minute_absolute_returns_lag_5,0.012285036966204643
BNBUSDT,21,minute_downside_volatility_lag_5,0.01516779512166977
BNBUSDT,21,minute_maximum_absolute_return_lag_5,0.006953761447221041
BNBUSDT,21,daily_return_lag_6,0.0046712434850633144
BNBUSDT,21,daily_return_squared_lag_6,0.00577599136158824
BNBUSDT,21,minute_realized_volatility_lag_6,0.008258311077952385
BNBUSDT,21,minute_absolute_returns_lag_6,0.011838408187031746
BNBUSDT,21,minute_downside_volatility_lag_6,0.007954456843435764
BNBUSDT,21,minute_maximum_absolute_return_lag_6,0.012285021133720875
BNBUSDT,21,daily_return_lag_7,0.0051817079074680805
BNBUSDT,21,daily_return_squared_lag_7,0.00512904766947031
BNBUSDT,21,minute_realized_volatility_lag_7,0.010378421284258366
BNBUSDT,21,minute_absolute_returns_lag_7,0.013199123553931713
BNBUSDT,21,minute_downside_volatility_lag_7,0.007968354038894176
BNBUSDT,21,minute_maximum_absolute_return_lag_7,0.005410566460341215
BNBUSDT,21,daily_return_lag_8,0.004634849261492491
BNBUSDT,21,daily_return_squared_lag_8,0.005037473980337381
BNBUSDT,21,minute_realized_volatility_lag_8,0.007009385619312525
BNBUSDT,21,minute_absolute_returns_lag_8,0.010071953758597374
BNBUSDT,21,minute_downside_volatility_lag_8,0.006885932758450508
BNBUSDT,21,minute_maximum_absolute_return_lag_8,0.0054244655184447765
BNBUSDT,21,daily_return_lag_9,0.005454749800264835
BNBUSDT,21,daily_return_squared_lag_9,0.00785092543810606
BNBUSDT,21,minute_realized_volatility_lag_9,0.011428061872720718
BNBUSDT,21,minute_absolute_returns_lag_9,0.017413118854165077
BNBUSDT,21,minute_downside_volatility_lag_9,0.010514933615922928
BNBUSDT,21,minute_maximum_absolute_return_lag_9,0.008330965414643288
BNBUSDT,21,daily_return_lag_10,0.005055740009993315
BNBUSDT,21,daily_return_squared_lag_10,0.008085762150585651
BNBUSDT,21,minute_realized_volatility_lag_10,0.011031742207705975
BNBUSDT,21,minute_absolute_returns_lag_10,0.014329391531646252
BNBUSDT,21,minute_downside_volatility_lag_10,0.012042873539030552
BNBUSDT,21,minute_maximum_absolute_return_lag_10,0.0068114507012069225
BNBUSDT,21,daily_return_lag_11,0.004333261400461197
BNBUSDT,21,daily_return_squared_lag_11,0.006596725899726152
BNBUSDT,21,minute_realized_volatility_lag_11,0.010089941322803497
BNBUSDT,21,minute_absolute_returns_lag_11,0.012198802083730698
BNBUSDT,21,minute_downside_volatility_lag_11,0.008771685883402824
BNBUSDT,21,minute_maximum_absolute_return_lag_11,0.007979366928339005
BNBUSDT,21,daily_return_lag_12,0.007094001397490501
BNBUSDT,21,daily_return_squared_lag_12,0.009937283582985401
BNBUSDT,21,minute_realized_volatility_lag_12,0.017293384298682213
BNBUSDT,21,minute_absolute_returns_lag_12,0.010727628134191036
BNBUSDT,21,minute_downside_volatility_lag_12,0.009309781715273857
BNBUSDT,21,minute_maximum_absolute_return_lag_12,0.015632333233952522
BNBUSDT,21,daily_return_lag_13,0.005776178557425737
BNBUSDT,21,daily_return_squared_lag_13,0.005659019108861685
BNBUSDT,21,minute_realized_volatility_lag_13,0.019414164125919342
BNBUSDT,21,minute_absolute_returns_lag_13,0.017577283084392548
BNBUSDT,21,minute_downside_volatility_lag_13,0.014504346996545792
BNBUSDT,21,minute_maximum_absolute_return_lag_13,0.013846633955836296
BNBUSDT,21,known_window_decay_horizon_1,0.007210643030703068
BNBUSDT,21,known_window_decay_horizon_2,0.014252062886953354
BNBUSDT,21,known_window_decay_horizon_3,0.01580594852566719
BNBUSDT,21,known_window_decay_horizon_4,0.01862909644842148
BNBUSDT,21,known_window_decay_horizon_5,0.03530551493167877
BNBUSDT,21,known_window_decay_horizon_6,0.056349895894527435
BNBUSDT,21,known_window_decay_horizon_7,0.05533333122730255
BNBUSDT,28,daily_return_lag_0,0.007745807990431786
BNBUSDT,28,daily_return_squared_lag_0,0.006395851261913776
BNBUSDT,28,minute_realized_volatility_lag_0,0.010017295368015766
BNBUSDT,28,minute_absolute_returns_lag_0,0.019147764891386032
BNBUSDT,28,minute_downside_volatility_lag_0,0.012894912622869015
BNBUSDT,28,minute_maximum_absolute_return_lag_0,0.003227891167625785
BNBUSDT,28,daily_return_lag_1,0.006279963534325361
BNBUSDT,28,daily_return_squared_lag_1,0.008792557753622532
BNBUSDT,28,minute_realized_volatility_lag_1,0.017141269519925117
BNBUSDT,28,minute_absolute_returns_lag_1,0.01809634268283844
BNBUSDT,28,minute_downside_volatility_lag_1,0.007531118579208851
BNBUSDT,28,minute_maximum_absolute_return_lag_1,0.007723618298768997
BNBUSDT,28,daily_return_lag_2,0.00615264754742384
BNBUSDT,28,daily_return_squared_lag_2,0.006222134921699762
BNBUSDT,28,minute_realized_volatility_lag_2,0.01803203858435154
BNBUSDT,28,minute_absolute_returns_lag_2,0.01880045235157013
BNBUSDT,28,minute_downside_volatility_lag_2,0.00820233765989542
BNBUSDT,28,minute_maximum_absolute_return_lag_2,0.005770503543317318
BNBUSDT,28,daily_return_lag_3,0.008984962478280067
BNBUSDT,28,daily_return_squared_lag_3,0.00770210986956954
BNBUSDT,28,minute_realized_volatility_lag_3,0.01458379440009594
BNBUSDT,28,minute_absolute_returns_lag_3,0.003969268873333931
BNBUSDT,28,minute_downside_volatility_lag_3,0.01687678135931492
BNBUSDT,28,minute_maximum_absolute_return_lag_3,0.0
BNBUSDT,28,daily_return_lag_4,0.009352022781968117
BNBUSDT,28,daily_return_squared_lag_4,0.0066950381733477116
BNBUSDT,28,minute_realized_volatility_lag_4,0.01591179147362709
BNBUSDT,28,minute_absolute_returns_lag_4,0.012153152376413345
BNBUSDT,28,minute_downside_volatility_lag_4,0.016597067937254906
BNBUSDT,28,minute_maximum_absolute_return_lag_4,0.0021061599254608154
BNBUSDT,28,daily_return_lag_5,0.007746957242488861
BNBUSDT,28,daily_return_squared_lag_5,0.0059355334378778934
BNBUSDT,28,minute_realized_volatility_lag_5,0.015417580492794514
BNBUSDT,28,minute_absolute_returns_lag_5,0.008194353431463242
BNBUSDT,28,minute_downside_volatility_lag_5,0.004975186660885811
BNBUSDT,28,minute_maximum_absolute_return_lag_5,0.010055184364318848
BNBUSDT,28,daily_return_lag_6,0.0037480522878468037
BNBUSDT,28,daily_return_squared_lag_6,0.008363986387848854
BNBUSDT,28,minute_realized_volatility_lag_6,0.01978524960577488
BNBUSDT,28,minute_absolute_returns_lag_6,0.008654161356389523
BNBUSDT,28,minute_downside_volatility_lag_6,0.01512017473578453
BNBUSDT,28,minute_maximum_absolute_return_lag_6,0.003537993412464857
BNBUSDT,28,daily_return_lag_7,0.015058102086186409
BNBUSDT,28,daily_return_squared_lag_7,0.005157810635864735
BNBUSDT,28,minute_realized_volatility_lag_7,0.013458686880767345
BNBUSDT,28,minute_absolute_returns_lag_7,0.0060789259150624275
BNBUSDT,28,minute_downside_volatility_lag_7,0.002195719163864851
BNBUSDT,28,minute_maximum_absolute_return_lag_7,0.002231316175311804
BNBUSDT,28,daily_return_lag_8,0.012470048852264881
BNBUSDT,28,daily_return_squared_lag_8,0.005009769462049007
BNBUSDT,28,minute_realized_volatility_lag_8,0.013740920461714268
BNBUSDT,28,minute_absolute_returns_lag_8,0.006586183328181505
BNBUSDT,28,minute_downside_volatility_lag_8,0.021493086591362953
BNBUSDT,28,minute_maximum_absolute_return_lag_8,0.007257053162902594
BNBUSDT,28,daily_return_lag_9,0.00573436263948679
BNBUSDT,28,daily_return_squared_lag_9,0.0043867467902600765
BNBUSDT,28,minute_realized_volatility_lag_9,0.017502436414361
BNBUSDT,28,minute_absolute_returns_lag_9,0.012647799216210842
BNBUSDT,28,minute_downside_volatility_lag_9,0.01563318446278572
BNBUSDT,28,minute_maximum_absolute_return_lag_9,0.004950666334480047
BNBUSDT,28,daily_return_lag_10,0.013829441741108894
BNBUSDT,28,daily_return_squared_lag_10,0.005154723301529884
BNBUSDT,28,minute_realized_volatility_lag_10,0.014374103397130966
BNBUSDT,28,minute_absolute_returns_lag_10,0.010919301770627499
BNBUSDT,28,minute_downside_volatility_lag_10,0.007632448337972164
BNBUSDT,28,minute_maximum_absolute_return_lag_10,0.009984688833355904
BNBUSDT,28,daily_return_lag_11,0.007483686786144972
BNBUSDT,28,daily_return_squared_lag_11,0.01045763585716486
BNBUSDT,28,minute_realized_volatility_lag_11,0.013508277013897896
BNBUSDT,28,minute_absolute_returns_lag_11,0.008861683309078217
BNBUSDT,28,minute_downside_volatility_lag_11,0.006842927075922489
BNBUSDT,28,minute_maximum_absolute_return_lag_11,0.015769293531775475
BNBUSDT,28,daily_return_lag_12,0.009553502313792706
BNBUSDT,28,daily_return_squared_lag_12,0.01034711766988039
BNBUSDT,28,minute_realized_volatility_lag_12,0.010912328958511353
BNBUSDT,28,minute_absolute_returns_lag_12,0.00523802125826478
BNBUSDT,28,minute_downside_volatility_lag_12,0.01168869435787201
BNBUSDT,28,minute_maximum_absolute_return_lag_12,0.0017962745623663068
BNBUSDT,28,daily_return_lag_13,0.008183516561985016
BNBUSDT,28,daily_return_squared_lag_13,0.004860119894146919
BNBUSDT,28,minute_realized_volatility_lag_13,0.008011529222130775
BNBUSDT,28,minute_absolute_returns_lag_13,0.007880737073719501
BNBUSDT,28,minute_downside_volatility_lag_13,0.0058588082902133465
BNBUSDT,28,minute_maximum_absolute_return_lag_13,0.018949028104543686
BNBUSDT,28,known_window_decay_horizon_1,0.005144116934388876
BNBUSDT,28,known_window_decay_horizon_2,0.010750372894108295
BNBUSDT,28,known_window_decay_horizon_3,0.020030463114380836
BNBUSDT,28,known_window_decay_horizon_4,0.02765619568526745
BNBUSDT,28,known_window_decay_horizon_5,0.03452586382627487
BNBUSDT,28,known_window_decay_horizon_6,0.02669854275882244
BNBUSDT,28,known_window_decay_horizon_7,0.060862600803375244
XRPUSDT,7,daily_return_lag_0,0.002012968994677067
XRPUSDT,7,daily_return_squared_lag_0,0.004152510315179825
XRPUSDT,7,minute_realized_volatility_lag_0,0.009266626089811325
XRPUSDT,7,minute_absolute_returns_lag_0,0.011739415116608143
XRPUSDT,7,minute_downside_volatility_lag_0,0.006939826067537069
XRPUSDT,7,minute_maximum_absolute_return_lag_0,0.005265223793685436
XRPUSDT,7,daily_return_lag_1,0.0031874130945652723
XRPUSDT,7,daily_return_squared_lag_1,0.007027370855212212
XRPUSDT,7,minute_realized_volatility_lag_1,0.005014907568693161
XRPUSDT,7,minute_absolute_returns_lag_1,0.0075399610213935375
XRPUSDT,7,minute_downside_volatility_lag_1,0.0037577671464532614
XRPUSDT,7,minute_maximum_absolute_return_lag_1,0.008041411638259888
XRPUSDT,7,daily_return_lag_2,0.0030443344730883837
XRPUSDT,7,daily_return_squared_lag_2,0.00314509985037148
XRPUSDT,7,minute_realized_volatility_lag_2,0.007345342077314854
XRPUSDT,7,minute_absolute_returns_lag_2,0.0054574389941990376
XRPUSDT,7,minute_downside_volatility_lag_2,0.004956803284585476
XRPUSDT,7,minute_maximum_absolute_return_lag_2,0.0027415058575570583
XRPUSDT,7,daily_return_lag_3,0.0016955297905951738
XRPUSDT,7,daily_return_squared_lag_3,0.004004652611911297
XRPUSDT,7,minute_realized_volatility_lag_3,0.01086577121168375
XRPUSDT,7,minute_absolute_returns_lag_3,0.006423179525882006
XRPUSDT,7,minute_downside_volatility_lag_3,0.005619702395051718
XRPUSDT,7,minute_maximum_absolute_return_lag_3,0.005828039720654488
XRPUSDT,7,daily_return_lag_4,0.0019401495810598135
XRPUSDT,7,daily_return_squared_lag_4,0.002682246034964919
XRPUSDT,7,minute_realized_volatility_lag_4,0.0037642228417098522
XRPUSDT,7,minute_absolute_returns_lag_4,0.005106586497277021
XRPUSDT,7,minute_downside_volatility_lag_4,0.00392585014924407
XRPUSDT,7,minute_maximum_absolute_return_lag_4,0.0018238313496112823
XRPUSDT,7,daily_return_lag_5,0.0036170382518321276
XRPUSDT,7,daily_return_squared_lag_5,0.0043093240819871426
XRPUSDT,7,minute_realized_volatility_lag_5,0.008958541788160801
XRPUSDT,7,minute_absolute_returns_lag_5,0.009272269904613495
XRPUSDT,7,minute_downside_volatility_lag_5,0.0024612934794276953
XRPUSDT,7,minute_maximum_absolute_return_lag_5,0.001184251275844872
XRPUSDT,7,daily_return_lag_6,0.0027223890647292137
XRPUSDT,7,daily_return_squared_lag_6,0.0018414418445900083
XRPUSDT,7,minute_realized_volatility_lag_6,0.008755866438150406
XRPUSDT,7,minute_absolute_returns_lag_6,0.010367346927523613
XRPUSDT,7,minute_downside_volatility_lag_6,0.017127245664596558
XRPUSDT,7,minute_maximum_absolute_return_lag_6,0.005572487134486437
XRPUSDT,7,daily_return_lag_7,0.0017462722025811672
XRPUSDT,7,daily_return_squared_lag_7,0.0033238250762224197
XRPUSDT,7,minute_realized_volatility_lag_7,0.013090417720377445
XRPUSDT,7,minute_absolute_returns_lag_7,0.01397396344691515
XRPUSDT,7,minute_downside_volatility_lag_7,0.006141445599496365
XRPUSDT,7,minute_maximum_absolute_return_lag_7,0.009404064156115055
XRPUSDT,7,daily_return_lag_8,0.004088334273546934
XRPUSDT,7,daily_return_squared_lag_8,0.0023944913409650326
XRPUSDT,7,minute_realized_volatility_lag_8,0.0061949919909238815
XRPUSDT,7,minute_absolute_returns_lag_8,0.025057248771190643
XRPUSDT,7,minute_downside_volatility_lag_8,0.009941862896084785
XRPUSDT,7,minute_maximum_absolute_return_lag_8,0.008597839623689651
XRPUSDT,7,daily_return_lag_9,0.001895135617814958
XRPUSDT,7,daily_return_squared_lag_9,0.003036192385479808
XRPUSDT,7,minute_realized_volatility_lag_9,0.007794508710503578
XRPUSDT,7,minute_absolute_returns_lag_9,0.019186459481716156
XRPUSDT,7,minute_downside_volatility_lag_9,0.00887309480458498
XRPUSDT,7,minute_maximum_absolute_return_lag_9,0.014974944293498993
XRPUSDT,7,daily_return_lag_10,0.002547216136008501
XRPUSDT,7,daily_return_squared_lag_10,0.0028680164832621813
XRPUSDT,7,minute_realized_volatility_lag_10,0.008623732253909111
XRPUSDT,7,minute_absolute_returns_lag_10,0.008544716984033585
XRPUSDT,7,minute_downside_volatility_lag_10,0.010338734835386276
XRPUSDT,7,minute_maximum_absolute_return_lag_10,0.009524240158498287
XRPUSDT,7,daily_return_lag_11,0.00270600663498044
XRPUSDT,7,daily_return_squared_lag_11,0.00407186895608902
XRPUSDT,7,minute_realized_volatility_lag_11,0.007877209223806858
XRPUSDT,7,minute_absolute_returns_lag_11,0.00403703935444355
XRPUSDT,7,minute_downside_volatility_lag_11,0.004648362752050161
XRPUSDT,7,minute_maximum_absolute_return_lag_11,0.00768880732357502
XRPUSDT,7,daily_return_lag_12,0.0014209169894456863
XRPUSDT,7,daily_return_squared_lag_12,0.005319315940141678
XRPUSDT,7,minute_realized_volatility_lag_12,0.004206846933811903
XRPUSDT,7,minute_absolute_returns_lag_12,0.017401324585080147
XRPUSDT,7,minute_downside_volatility_lag_12,0.00794252846390009
XRPUSDT,7,minute_maximum_absolute_return_lag_12,0.008597972802817822
XRPUSDT,7,daily_return_lag_13,0.0029780189506709576
XRPUSDT,7,daily_return_squared_lag_13,0.0021208019461482763
XRPUSDT,7,minute_realized_volatility_lag_13,0.005920342169702053
XRPUSDT,7,minute_absolute_returns_lag_13,0.006559991277754307
XRPUSDT,7,minute_downside_volatility_lag_13,0.007366062141954899
XRPUSDT,7,minute_maximum_absolute_return_lag_13,0.006778534967452288
XRPUSDT,7,daily_return_lag_14,0.0037572416476905346
XRPUSDT,7,daily_return_squared_lag_14,0.0019222456030547619
XRPUSDT,7,minute_realized_volatility_lag_14,0.003458525985479355
XRPUSDT,7,minute_absolute_returns_lag_14,0.012944569811224937
XRPUSDT,7,minute_downside_volatility_lag_14,0.005411915946751833
XRPUSDT,7,minute_maximum_absolute_return_lag_14,0.005678439512848854
XRPUSDT,7,daily_return_lag_15,0.002694494090974331
XRPUSDT,7,daily_return_squared_lag_15,0.003644617274403572
XRPUSDT,7,minute_realized_volatility_lag_15,0.01466858759522438
XRPUSDT,7,minute_absolute_returns_lag_15,0.02316049486398697
XRPUSDT,7,minute_downside_volatility_lag_15,0.010216069407761097
XRPUSDT,7,minute_maximum_absolute_return_lag_15,0.0023393474984914064
XRPUSDT,7,daily_return_lag_16,0.004006536677479744
XRPUSDT,7,daily_return_squared_lag_16,0.006753674708306789
XRPUSDT,7,minute_realized_volatility_lag_16,0.02028396725654602
XRPUSDT,7,minute_absolute_returns_lag_16,0.030270101502537727
XRPUSDT,7,minute_downside_volatility_lag_16,0.020886188372969627
XRPUSDT,7,minute_maximum_absolute_return_lag_16,0.01425713300704956
XRPUSDT,7,daily_return_lag_17,0.004683440551161766
XRPUSDT,7,daily_return_squared_lag_17,0.018605533987283707
XRPUSDT,7,minute_realized_volatility_lag_17,0.02503514103591442
XRPUSDT,7,minute_absolute_returns_lag_17,0.0034543052315711975
XRPUSDT,7,minute_downside_volatility_lag_17,0.008283457718789577
XRPUSDT,7,minute_maximum_absolute_return_lag_17,0.01395094208419323
XRPUSDT,7,daily_return_lag_18,0.0035177837125957012
XRPUSDT,7,daily_return_squared_lag_18,0.004845241084694862
XRPUSDT,7,minute_realized_volatility_lag_18,0.0021113997790962458
XRPUSDT,7,minute_absolute_returns_lag_18,0.010696948505938053
XRPUSDT,7,minute_downside_volatility_lag_18,0.008477795869112015
XRPUSDT,7,minute_maximum_absolute_return_lag_18,0.010412909090518951
XRPUSDT,7,daily_return_lag_19,0.010673042386770248
XRPUSDT,7,daily_return_squared_lag_19,0.01465908158570528
XRPUSDT,7,minute_realized_volatility_lag_19,0.009994477964937687
XRPUSDT,7,minute_absolute_returns_lag_19,0.02851017378270626
XRPUSDT,7,minute_downside_volatility_lag_19,0.012373278848826885
XRPUSDT,7,minute_maximum_absolute_return_lag_19,0.002865896560251713
XRPUSDT,7,daily_return_lag_20,0.005657583475112915
XRPUSDT,7,daily_return_squared_lag_20,0.006877416744828224
XRPUSDT,7,minute_realized_volatility_lag_20,0.0073809246532619
XRPUSDT,7,minute_absolute_returns_lag_20,0.015567652881145477
XRPUSDT,7,minute_downside_volatility_lag_20,0.010052260011434555
XRPUSDT,7,minute_maximum_absolute_return_lag_20,0.0077691893093287945
XRPUSDT,7,known_window_decay_horizon_1,0.00208585849031806
XRPUSDT,7,known_window_decay_horizon_2,0.002644288120791316
XRPUSDT,7,known_window_decay_horizon_3,0.004010836128145456
XRPUSDT,7,known_window_decay_horizon_4,0.005665528122335672
XRPUSDT,7,known_window_decay_horizon_5,0.0036960735451430082
XRPUSDT,7,known_window_decay_horizon_6,0.002252733800560236
XRPUSDT,7,known_window_decay_horizon_7,0.006525690201669931
XRPUSDT,14,daily_return_lag_0,0.003074261359870434
XRPUSDT,14,daily_return_squared_lag_0,0.003666585311293602
XRPUSDT,14,minute_realized_volatility_lag_0,0.0032552822958678007
XRPUSDT,14,minute_absolute_returns_lag_0,0.005458986386656761
XRPUSDT,14,minute_downside_volatility_lag_0,0.0030898195691406727
XRPUSDT,14,minute_maximum_absolute_return_lag_0,0.0037690307945013046
XRPUSDT,14,daily_return_lag_1,0.002156964037567377
XRPUSDT,14,daily_return_squared_lag_1,0.003631936153396964
XRPUSDT,14,minute_realized_volatility_lag_1,0.003236109856516123
XRPUSDT,14,minute_absolute_returns_lag_1,0.004120450001209974
XRPUSDT,14,minute_downside_volatility_lag_1,0.003429616801440716
XRPUSDT,14,minute_maximum_absolute_return_lag_1,0.008514008484780788
XRPUSDT,14,daily_return_lag_2,0.003236504038795829
XRPUSDT,14,daily_return_squared_lag_2,0.0020409999415278435
XRPUSDT,14,minute_realized_volatility_lag_2,0.0036342774983495474
XRPUSDT,14,minute_absolute_returns_lag_2,0.0029318039305508137
XRPUSDT,14,minute_downside_volatility_lag_2,0.0037722568958997726
XRPUSDT,14,minute_maximum_absolute_return_lag_2,0.00482355710119009
XRPUSDT,14,daily_return_lag_3,0.0036867388989776373
XRPUSDT,14,daily_return_squared_lag_3,0.005371576175093651
XRPUSDT,14,minute_realized_volatility_lag_3,0.008384889923036098
XRPUSDT,14,minute_absolute_returns_lag_3,0.004370818380266428
XRPUSDT,14,minute_downside_volatility_lag_3,0.006264254916459322
XRPUSDT,14,minute_maximum_absolute_return_lag_3,0.010229971259832382
XRPUSDT,14,daily_return_lag_4,0.0022953785955905914
XRPUSDT,14,daily_return_squared_lag_4,0.0011527742026373744
XRPUSDT,14,minute_realized_volatility_lag_4,0.00326125998981297
XRPUSDT,14,minute_absolute_returns_lag_4,0.0059568025171756744
XRPUSDT,14,minute_downside_volatility_lag_4,0.005910225212574005
XRPUSDT,14,minute_maximum_absolute_return_lag_4,0.006718361750245094
XRPUSDT,14,daily_return_lag_5,0.002242620103061199
XRPUSDT,14,daily_return_squared_lag_5,0.00518047995865345
XRPUSDT,14,minute_realized_volatility_lag_5,0.008018204011023045
XRPUSDT,14,minute_absolute_returns_lag_5,0.006928552873432636
XRPUSDT,14,minute_downside_volatility_lag_5,0.018336456269025803
XRPUSDT,14,minute_maximum_absolute_return_lag_5,0.005052574910223484
XRPUSDT,14,daily_return_lag_6,0.004901626612991095
XRPUSDT,14,daily_return_squared_lag_6,0.00479611661285162
XRPUSDT,14,minute_realized_volatility_lag_6,0.004250785801559687
XRPUSDT,14,minute_absolute_returns_lag_6,0.006516186986118555
XRPUSDT,14,minute_downside_volatility_lag_6,0.012924124486744404
XRPUSDT,14,minute_maximum_absolute_return_lag_6,0.002935870084911585
XRPUSDT,14,daily_return_lag_7,0.0009755996288731694
XRPUSDT,14,daily_return_squared_lag_7,0.0014983066357672215
XRPUSDT,14,minute_realized_volatility_lag_7,0.005022780038416386
XRPUSDT,14,minute_absolute_returns_lag_7,0.011021320708096027
XRPUSDT,14,minute_downside_volatility_lag_7,0.006210960913449526
XRPUSDT,14,minute_maximum_absolute_return_lag_7,0.006373726762831211
XRPUSDT,14,daily_return_lag_8,0.0012442130828276277
XRPUSDT,14,daily_return_squared_lag_8,0.003409205935895443
XRPUSDT,14,minute_realized_volatility_lag_8,0.010617888532578945
XRPUSDT,14,minute_absolute_returns_lag_8,0.01616675779223442
XRPUSDT,14,minute_downside_volatility_lag_8,0.009397938847541809
XRPUSDT,14,minute_maximum_absolute_return_lag_8,0.0072699179872870445
XRPUSDT,14,daily_return_lag_9,0.0026374133303761482
XRPUSDT,14,daily_return_squared_lag_9,0.00302109238691628
XRPUSDT,14,minute_realized_volatility_lag_9,0.011886968277394772
XRPUSDT,14,minute_absolute_returns_lag_9,0.016568079590797424
XRPUSDT,14,minute_downside_volatility_lag_9,0.013601289130747318
XRPUSDT,14,minute_maximum_absolute_return_lag_9,0.010741821490228176
XRPUSDT,14,daily_return_lag_10,0.0026683195028454065
XRPUSDT,14,daily_return_squared_lag_10,0.0015224926173686981
XRPUSDT,14,minute_realized_volatility_lag_10,0.013178526423871517
XRPUSDT,14,minute_absolute_returns_lag_10,0.0060600219294428825
XRPUSDT,14,minute_downside_volatility_lag_10,0.02465849369764328
XRPUSDT,14,minute_maximum_absolute_return_lag_10,0.013772876001894474
XRPUSDT,14,daily_return_lag_11,0.0017184957396239042
XRPUSDT,14,daily_return_squared_lag_11,0.002655381802469492
XRPUSDT,14,minute_realized_volatility_lag_11,0.007582349702715874
XRPUSDT,14,minute_absolute_returns_lag_11,0.0038604068104177713
XRPUSDT,14,minute_downside_volatility_lag_11,0.012895243242383003
XRPUSDT,14,minute_maximum_absolute_return_lag_11,0.012616535648703575
XRPUSDT,14,daily_return_lag_12,0.007940257899463177
XRPUSDT,14,daily_return_squared_lag_12,0.002069933107122779
XRPUSDT,14,minute_realized_volatility_lag_12,0.008870496414601803
XRPUSDT,14,minute_absolute_returns_lag_12,0.004585150629281998
XRPUSDT,14,minute_downside_volatility_lag_12,0.009327378123998642
XRPUSDT,14,minute_maximum_absolute_return_lag_12,0.011848589405417442
XRPUSDT,14,daily_return_lag_13,0.009842184372246265
XRPUSDT,14,daily_return_squared_lag_13,0.007303484249860048
XRPUSDT,14,minute_realized_volatility_lag_13,0.00474884919822216
XRPUSDT,14,minute_absolute_returns_lag_13,0.01416413951665163
XRPUSDT,14,minute_downside_volatility_lag_13,0.004302546847611666
XRPUSDT,14,minute_maximum_absolute_return_lag_13,0.005438138730823994
XRPUSDT,14,daily_return_lag_14,0.011274808086454868
XRPUSDT,14,daily_return_squared_lag_14,0.0065062870271503925
XRPUSDT,14,minute_realized_volatility_lag_14,0.0037021490279585123
XRPUSDT,14,minute_absolute_returns_lag_14,0.003623233176767826
XRPUSDT,14,minute_downside_volatility_lag_14,0.005091431550681591
XRPUSDT,14,minute_maximum_absolute_return_lag_14,0.012686950154602528
XRPUSDT,14,daily_return_lag_15,0.006146202329546213
XRPUSDT,14,daily_return_squared_lag_15,0.0052188122645020485
XRPUSDT,14,minute_realized_volatility_lag_15,0.01733066514134407
XRPUSDT,14,minute_absolute_returns_lag_15,0.016058146953582764
XRPUSDT,14,minute_downside_volatility_lag_15,0.010659836232662201
XRPUSDT,14,minute_maximum_absolute_return_lag_15,0.0053838687017560005
XRPUSDT,14,daily_return_lag_16,0.005481356289237738
XRPUSDT,14,daily_return_squared_lag_16,0.0012700590305030346
XRPUSDT,14,minute_realized_volatility_lag_16,0.010011497884988785
XRPUSDT,14,minute_absolute_returns_lag_16,0.006189062260091305
XRPUSDT,14,minute_downside_volatility_lag_16,0.01227833703160286
XRPUSDT,14,minute_maximum_absolute_return_lag_16,0.007561222650110722
XRPUSDT,14,daily_return_lag_17,0.012397383339703083
XRPUSDT,14,daily_return_squared_lag_17,0.004923330154269934
XRPUSDT,14,minute_realized_volatility_lag_17,0.0061240969225764275
XRPUSDT,14,minute_absolute_returns_lag_17,0.003934413194656372
XRPUSDT,14,minute_downside_volatility_lag_17,0.016510380432009697
XRPUSDT,14,minute_maximum_absolute_return_lag_17,0.016658242791891098
XRPUSDT,14,daily_return_lag_18,0.010134625248610973
XRPUSDT,14,daily_return_squared_lag_18,0.015280731953680515
XRPUSDT,14,minute_realized_volatility_lag_18,0.0110734011977911
XRPUSDT,14,minute_absolute_returns_lag_18,0.015636375173926353
XRPUSDT,14,minute_downside_volatility_lag_18,0.02082889713346958
XRPUSDT,14,minute_maximum_absolute_return_lag_18,0.0023596512619405985
XRPUSDT,14,daily_return_lag_19,0.014014857821166515
XRPUSDT,14,daily_return_squared_lag_19,0.026653774082660675
XRPUSDT,14,minute_realized_volatility_lag_19,0.0024945116601884365
XRPUSDT,14,minute_absolute_returns_lag_19,0.016310444101691246
XRPUSDT,14,minute_downside_volatility_lag_19,0.005014903377741575
XRPUSDT,14,minute_maximum_absolute_return_lag_19,0.003610098036006093
XRPUSDT,14,daily_return_lag_20,0.00816436018794775
XRPUSDT,14,daily_return_squared_lag_20,0.012576974928379059
XRPUSDT,14,minute_realized_volatility_lag_20,0.004707177635282278
XRPUSDT,14,minute_absolute_returns_lag_20,0.012133714742958546
XRPUSDT,14,minute_downside_volatility_lag_20,0.012166108936071396
XRPUSDT,14,minute_maximum_absolute_return_lag_20,0.00561016658321023
XRPUSDT,14,known_window_decay_horizon_1,0.004056504461914301
XRPUSDT,14,known_window_decay_horizon_2,0.0033440464176237583
XRPUSDT,14,known_window_decay_horizon_3,0.004349361173808575
XRPUSDT,14,known_window_decay_horizon_4,0.006243821699172258
XRPUSDT,14,known_window_decay_horizon_5,0.010057584382593632
XRPUSDT,14,known_window_decay_horizon_6,0.011121534742414951
XRPUSDT,14,known_window_decay_horizon_7,0.010209894739091396
XRPUSDT,21,daily_return_lag_0,0.002004575915634632
XRPUSDT,21,daily_return_squared_lag_0,0.0019275267841294408
XRPUSDT,21,minute_realized_volatility_lag_0,0.002920685335993767
XRPUSDT,21,minute_absolute_returns_lag_0,0.002477867528796196
XRPUSDT,21,minute_downside_volatility_lag_0,0.002160115400329232
XRPUSDT,21,minute_maximum_absolute_return_lag_0,0.0038589308969676495
XRPUSDT,21,daily_return_lag_1,0.0011127308243885636
XRPUSDT,21,daily_return_squared_lag_1,0.0004923617816530168
XRPUSDT,21,minute_realized_volatility_lag_1,0.0011899002129212022
XRPUSDT,21,minute_absolute_returns_lag_1,0.002037422964349389
XRPUSDT,21,minute_downside_volatility_lag_1,0.0015069203218445182
XRPUSDT,21,minute_maximum_absolute_return_lag_1,0.001195887685753405
XRPUSDT,21,daily_return_lag_2,0.001347328769043088
XRPUSDT,21,daily_return_squared_lag_2,0.001199049293063581
XRPUSDT,21,minute_realized_volatility_lag_2,0.0016605773707851768
XRPUSDT,21,minute_absolute_returns_lag_2,0.002088406588882208
XRPUSDT,21,minute_downside_volatility_lag_2,0.0011476961662992835
XRPUSDT,21,minute_maximum_absolute_return_lag_2,0.0011472153710201383
XRPUSDT,21,daily_return_lag_3,0.003716134699061513
XRPUSDT,21,daily_return_squared_lag_3,0.00154469208791852
XRPUSDT,21,minute_realized_volatility_lag_3,0.00268733617849648
XRPUSDT,21,minute_absolute_returns_lag_3,0.0013810646487399936
XRPUSDT,21,minute_downside_volatility_lag_3,0.003699870314449072
XRPUSDT,21,minute_maximum_absolute_return_lag_3,0.0019232595805078745
XRPUSDT,21,daily_return_lag_4,0.001138996216468513
XRPUSDT,21,daily_return_squared_lag_4,0.003259138436987996
XRPUSDT,21,minute_realized_volatility_lag_4,0.0024861618876457214
XRPUSDT,21,minute_absolute_returns_lag_4,0.003132567275315523
XRPUSDT,21,minute_downside_volatility_lag_4,0.006603726651519537
XRPUSDT,21,minute_maximum_absolute_return_lag_4,0.0010048097465187311
XRPUSDT,21,daily_return_lag_5,0.0011548148468136787
XRPUSDT,21,daily_return_squared_lag_5,0.0009240108192898333
XRPUSDT,21,minute_realized_volatility_lag_5,0.002500055590644479
XRPUSDT,21,minute_absolute_returns_lag_5,0.007933125831186771
XRPUSDT,21,minute_downside_volatility_lag_5,0.00920407846570015
XRPUSDT,21,minute_maximum_absolute_return_lag_5,0.0006983169005252421
XRPUSDT,21,daily_return_lag_6,0.0053293523378670216
XRPUSDT,21,daily_return_squared_lag_6,0.002023874782025814
XRPUSDT,21,minute_realized_volatility_lag_6,0.01265820674598217
XRPUSDT,21,minute_absolute_returns_lag_6,0.01637783832848072
XRPUSDT,21,minute_downside_volatility_lag_6,0.016254978254437447
XRPUSDT,21,minute_maximum_absolute_return_lag_6,0.0015080716693773866
XRPUSDT,21,daily_return_lag_7,0.0011897338554263115
XRPUSDT,21,daily_return_squared_lag_7,0.0011068301973864436
XRPUSDT,21,minute_realized_volatility_lag_7,0.006795509252697229
XRPUSDT,21,minute_absolute_returns_lag_7,0.015614368952810764
XRPUSDT,21,minute_downside_volatility_lag_7,0.01836586557328701
XRPUSDT,21,minute_maximum_absolute_return_lag_7,0.001213153707794845
XRPUSDT,21,daily_return_lag_8,0.002557885367423296
XRPUSDT,21,daily_return_squared_lag_8,0.002931891940534115
XRPUSDT,21,minute_realized_volatility_lag_8,0.008878706023097038
XRPUSDT,21,minute_absolute_returns_lag_8,0.020717646926641464
XRPUSDT,21,minute_downside_volatility_lag_8,0.00390355265699327
XRPUSDT,21,minute_maximum_absolute_return_lag_8,0.002646123291924596
XRPUSDT,21,daily_return_lag_9,0.004294171463698149
XRPUSDT,21,daily_return_squared_lag_9,0.003161992644891143
XRPUSDT,21,minute_realized_volatility_lag_9,0.014372726902365685
XRPUSDT,21,minute_absolute_returns_lag_9,0.016884196549654007
XRPUSDT,21,minute_downside_volatility_lag_9,0.006155652459710836
XRPUSDT,21,minute_maximum_absolute_return_lag_9,0.0012075828853994608
XRPUSDT,21,daily_return_lag_10,0.0007417321321554482
XRPUSDT,21,daily_return_squared_lag_10,0.0012524626217782497
XRPUSDT,21,minute_realized_volatility_lag_10,0.015254244208335876
XRPUSDT,21,minute_absolute_returns_lag_10,0.01506437174975872
XRPUSDT,21,minute_downside_volatility_lag_10,0.00986087042838335
XRPUSDT,21,minute_maximum_absolute_return_lag_10,0.001824703300371766
XRPUSDT,21,daily_return_lag_11,0.0004145016719121486
XRPUSDT,21,daily_return_squared_lag_11,0.0007078633643686771
XRPUSDT,21,minute_realized_volatility_lag_11,0.005459018051624298
XRPUSDT,21,minute_absolute_returns_lag_11,0.020548254251480103
XRPUSDT,21,minute_downside_volatility_lag_11,0.008387823589146137
XRPUSDT,21,minute_maximum_absolute_return_lag_11,0.00626799464225769
XRPUSDT,21,daily_return_lag_12,0.001993234269320965
XRPUSDT,21,daily_return_squared_lag_12,0.001223833649419248
XRPUSDT,21,minute_realized_volatility_lag_12,0.007367020007222891
XRPUSDT,21,minute_absolute_returns_lag_12,0.024186598137021065
XRPUSDT,21,minute_downside_volatility_lag_12,0.005863133352249861
XRPUSDT,21,minute_maximum_absolute_return_lag_12,0.006311112083494663
XRPUSDT,21,daily_return_lag_13,0.0014447125140577555
XRPUSDT,21,daily_return_squared_lag_13,0.0011703321943059564
XRPUSDT,21,minute_realized_volatility_lag_13,0.0034681297838687897
XRPUSDT,21,minute_absolute_returns_lag_13,0.012002016417682171
XRPUSDT,21,minute_downside_volatility_lag_13,0.0015778267988935113
XRPUSDT,21,minute_maximum_absolute_return_lag_13,0.004607843700796366
XRPUSDT,21,daily_return_lag_14,0.00366771686822176
XRPUSDT,21,daily_return_squared_lag_14,0.0022092389408499002
XRPUSDT,21,minute_realized_volatility_lag_14,0.002754697808995843
XRPUSDT,21,minute_absolute_returns_lag_14,0.009350522421300411
XRPUSDT,21,minute_downside_volatility_lag_14,0.005929475650191307
XRPUSDT,21,minute_maximum_absolute_return_lag_14,0.0033494755625724792
XRPUSDT,21,daily_return_lag_15,0.0018026200123131275
XRPUSDT,21,daily_return_squared_lag_15,0.0009858368430286646
XRPUSDT,21,minute_realized_volatility_lag_15,0.011109309270977974
XRPUSDT,21,minute_absolute_returns_lag_15,0.012473306618630886
XRPUSDT,21,minute_downside_volatility_lag_15,0.015579464845359325
XRPUSDT,21,minute_maximum_absolute_return_lag_15,0.004009704105556011
XRPUSDT,21,daily_return_lag_16,0.0014820874202996492
XRPUSDT,21,daily_return_squared_lag_16,0.001454675104469061
XRPUSDT,21,minute_realized_volatility_lag_16,0.01281309686601162
XRPUSDT,21,minute_absolute_returns_lag_16,0.01656232587993145
XRPUSDT,21,minute_downside_volatility_lag_16,0.03450288623571396
XRPUSDT,21,minute_maximum_absolute_return_lag_16,0.04781472310423851
XRPUSDT,21,daily_return_lag_17,0.0028045843355357647
XRPUSDT,21,daily_return_squared_lag_17,0.0006334051722660661
XRPUSDT,21,minute_realized_volatility_lag_17,0.012964143417775631
XRPUSDT,21,minute_absolute_returns_lag_17,0.020849326625466347
XRPUSDT,21,minute_downside_volatility_lag_17,0.020192841067910194
XRPUSDT,21,minute_maximum_absolute_return_lag_17,0.03476537764072418
XRPUSDT,21,daily_return_lag_18,0.0005551468930207193
XRPUSDT,21,daily_return_squared_lag_18,0.0012875777902081609
XRPUSDT,21,minute_realized_volatility_lag_18,0.017123982310295105
XRPUSDT,21,minute_absolute_returns_lag_18,0.020306600257754326
XRPUSDT,21,minute_downside_volatility_lag_18,0.03409693390130997
XRPUSDT,21,minute_maximum_absolute_return_lag_18,0.017960311844944954
XRPUSDT,21,daily_return_lag_19,0.002468530787155032
XRPUSDT,21,daily_return_squared_lag_19,0.0008256391156464815
XRPUSDT,21,minute_realized_volatility_lag_19,0.014717282727360725
XRPUSDT,21,minute_absolute_returns_lag_19,0.03158034011721611
XRPUSDT,21,minute_downside_volatility_lag_19,0.027522126212716103
XRPUSDT,21,minute_maximum_absolute_return_lag_19,0.0019057918107137084
XRPUSDT,21,daily_return_lag_20,0.001544564962387085
XRPUSDT,21,daily_return_squared_lag_20,0.0013100659707561135
XRPUSDT,21,minute_realized_volatility_lag_20,0.011699709109961987
XRPUSDT,21,minute_absolute_returns_lag_20,0.027543947100639343
XRPUSDT,21,minute_downside_volatility_lag_20,0.02667621523141861
XRPUSDT,21,minute_maximum_absolute_return_lag_20,0.005051439628005028
XRPUSDT,21,known_window_decay_horizon_1,0.0009976803557947278
XRPUSDT,21,known_window_decay_horizon_2,0.002403073012828827
XRPUSDT,21,known_window_decay_horizon_3,0.006541082169860601
XRPUSDT,21,known_window_decay_horizon_4,0.00571449426934123
XRPUSDT,21,known_window_decay_horizon_5,0.011051332578063011
XRPUSDT,21,known_window_decay_horizon_6,0.012696272693574429
XRPUSDT,21,known_window_decay_horizon_7,0.006742079742252827
XRPUSDT,28,daily_return_lag_0,0.0022903664503246546
XRPUSDT,28,daily_return_squared_lag_0,0.0008260385948233306
XRPUSDT,28,minute_realized_volatility_lag_0,0.0014047578442841768
XRPUSDT,28,minute_absolute_returns_lag_0,0.003208288224413991
XRPUSDT,28,minute_downside_volatility_lag_0,0.001781069440767169
XRPUSDT,28,minute_maximum_absolute_return_lag_0,0.002254028571769595
XRPUSDT,28,daily_return_lag_1,0.003822062164545059
XRPUSDT,28,daily_return_squared_lag_1,0.003403141861781478
XRPUSDT,28,minute_realized_volatility_lag_1,0.0017583188600838184
XRPUSDT,28,minute_absolute_returns_lag_1,0.002920344937592745
XRPUSDT,28,minute_downside_volatility_lag_1,0.0015213139122352004
XRPUSDT,28,minute_maximum_absolute_return_lag_1,0.0010375936981290579
XRPUSDT,28,daily_return_lag_2,0.0006136937299743295
XRPUSDT,28,daily_return_squared_lag_2,0.0005276106530800462
XRPUSDT,28,minute_realized_volatility_lag_2,0.0022678382229059935
XRPUSDT,28,minute_absolute_returns_lag_2,0.0028110111597925425
XRPUSDT,28,minute_downside_volatility_lag_2,0.0030121016316115856
XRPUSDT,28,minute_maximum_absolute_return_lag_2,0.002211125334724784
XRPUSDT,28,daily_return_lag_3,0.0016720294952392578
XRPUSDT,28,daily_return_squared_lag_3,0.0009494730038568377
XRPUSDT,28,minute_realized_volatility_lag_3,0.007181646302342415
XRPUSDT,28,minute_absolute_returns_lag_3,0.0015009930357336998
XRPUSDT,28,minute_downside_volatility_lag_3,0.0010536755435168743
XRPUSDT,28,minute_maximum_absolute_return_lag_3,0.0006968217785470188
XRPUSDT,28,daily_return_lag_4,0.0011952980421483517
XRPUSDT,28,daily_return_squared_lag_4,0.001247629290446639
XRPUSDT,28,minute_realized_volatility_lag_4,0.0025143008679151535
XRPUSDT,28,minute_absolute_returns_lag_4,0.0026297811418771744
XRPUSDT,28,minute_downside_volatility_lag_4,0.0030004580039530993
XRPUSDT,28,minute_maximum_absolute_return_lag_4,0.0011676502181217074
XRPUSDT,28,daily_return_lag_5,0.0010172121692448854
XRPUSDT,28,daily_return_squared_lag_5,0.011357513256371021
XRPUSDT,28,minute_realized_volatility_lag_5,0.003259378718212247
XRPUSDT,28,minute_absolute_returns_lag_5,0.005396449938416481
XRPUSDT,28,minute_downside_volatility_lag_5,0.0023423482198268175
XRPUSDT,28,minute_maximum_absolute_return_lag_5,0.005391129292547703
XRPUSDT,28,daily_return_lag_6,0.002652523573487997
XRPUSDT,28,daily_return_squared_lag_6,0.0019079935736954212
XRPUSDT,28,minute_realized_volatility_lag_6,0.008832518011331558
XRPUSDT,28,minute_absolute_returns_lag_6,0.0035973796620965004
XRPUSDT,28,minute_downside_volatility_lag_6,0.008618311025202274
XRPUSDT,28,minute_maximum_absolute_return_lag_6,0.0014541466953232884
XRPUSDT,28,daily_return_lag_7,0.0006176407332532108
XRPUSDT,28,daily_return_squared_lag_7,0.0010813204571604729
XRPUSDT,28,minute_realized_volatility_lag_7,0.00747497146949172
XRPUSDT,28,minute_absolute_returns_lag_7,0.027156950905919075
XRPUSDT,28,minute_downside_volatility_lag_7,0.00827865581959486
XRPUSDT,28,minute_maximum_absolute_return_lag_7,0.0012156773591414094
XRPUSDT,28,daily_return_lag_8,0.006126235239207745
XRPUSDT,28,daily_return_squared_lag_8,0.0018039983697235584
XRPUSDT,28,minute_realized_volatility_lag_8,0.002263625618070364
XRPUSDT,28,minute_absolute_returns_lag_8,0.013373401015996933
XRPUSDT,28,minute_downside_volatility_lag_8,0.00509070185944438
XRPUSDT,28,minute_maximum_absolute_return_lag_8,0.000918613572139293
XRPUSDT,28,daily_return_lag_9,0.0012763715349137783
XRPUSDT,28,daily_return_squared_lag_9,0.00046165706589818
XRPUSDT,28,minute_realized_volatility_lag_9,0.011173113249242306
XRPUSDT,28,minute_absolute_returns_lag_9,0.015180793590843678
XRPUSDT,28,minute_downside_volatility_lag_9,0.009888975881040096
XRPUSDT,28,minute_maximum_absolute_return_lag_9,0.00382818840444088
XRPUSDT,28,daily_return_lag_10,0.0006365198642015457
XRPUSDT,28,daily_return_squared_lag_10,0.0014773462899029255
XRPUSDT,28,minute_realized_volatility_lag_10,0.0029263922479003668
XRPUSDT,28,minute_absolute_returns_lag_10,0.006585150957107544
XRPUSDT,28,minute_downside_volatility_lag_10,0.015053403563797474
XRPUSDT,28,minute_maximum_absolute_return_lag_10,0.0067866151221096516
XRPUSDT,28,daily_return_lag_11,0.0012263782555237412
XRPUSDT,28,daily_return_squared_lag_11,0.0008405617554672062
XRPUSDT,28,minute_realized_volatility_lag_11,0.002507684053853154
XRPUSDT,28,minute_absolute_returns_lag_11,0.02327454276382923
XRPUSDT,28,minute_downside_volatility_lag_11,0.004171417094767094
XRPUSDT,28,minute_maximum_absolute_return_lag_11,0.0036960106808692217
XRPUSDT,28,daily_return_lag_12,0.0009822900174185634
XRPUSDT,28,daily_return_squared_lag_12,0.0012276084162294865
XRPUSDT,28,minute_realized_volatility_lag_12,0.0027403985150158405
XRPUSDT,28,minute_absolute_returns_lag_12,0.011280917562544346
XRPUSDT,28,minute_downside_volatility_lag_12,0.0021021084394305944
XRPUSDT,28,minute_maximum_absolute_return_lag_12,0.010476958006620407
XRPUSDT,28,daily_return_lag_13,0.001066280878148973
XRPUSDT,28,daily_return_squared_lag_13,0.001872805180028081
XRPUSDT,28,minute_realized_volatility_lag_13,0.002024082001298666
XRPUSDT,28,minute_absolute_returns_lag_13,0.0046609994024038315
XRPUSDT,28,minute_downside_volatility_lag_13,0.009898832999169827
XRPUSDT,28,minute_maximum_absolute_return_lag_13,0.0029103821143507957
XRPUSDT,28,daily_return_lag_14,0.003977745305746794
XRPUSDT,28,daily_return_squared_lag_14,0.002400378929451108
XRPUSDT,28,minute_realized_volatility_lag_14,0.009182305075228214
XRPUSDT,28,minute_absolute_returns_lag_14,0.011400571092963219
XRPUSDT,28,minute_downside_volatility_lag_14,0.008111951872706413
XRPUSDT,28,minute_maximum_absolute_return_lag_14,0.001882408745586872
XRPUSDT,28,daily_return_lag_15,0.001159575884230435
XRPUSDT,28,daily_return_squared_lag_15,0.0011308081448078156
XRPUSDT,28,minute_realized_volatility_lag_15,0.011395120061933994
XRPUSDT,28,minute_absolute_returns_lag_15,0.008162716403603554
XRPUSDT,28,minute_downside_volatility_lag_15,0.025988517329096794
XRPUSDT,28,minute_maximum_absolute_return_lag_15,0.0017167350742965937
XRPUSDT,28,daily_return_lag_16,0.0034095929004251957
XRPUSDT,28,daily_return_squared_lag_16,0.00026951279141940176
XRPUSDT,28,minute_realized_volatility_lag_16,0.003026228165253997
XRPUSDT,28,minute_absolute_returns_lag_16,0.0045053088106215
XRPUSDT,28,minute_downside_volatility_lag_16,0.02882388047873974
XRPUSDT,28,minute_maximum_absolute_return_lag_16,0.006445934064686298
XRPUSDT,28,daily_return_lag_17,0.0010707528563216329
XRPUSDT,28,daily_return_squared_lag_17,0.0006073582917451859
XRPUSDT,28,minute_realized_volatility_lag_17,0.019840212538838387
XRPUSDT,28,minute_absolute_returns_lag_17,0.0025780792348086834
XRPUSDT,28,minute_downside_volatility_lag_17,0.017537815496325493
XRPUSDT,28,minute_maximum_absolute_return_lag_17,0.02393510937690735
XRPUSDT,28,daily_return_lag_18,0.00045894875074736774
XRPUSDT,28,daily_return_squared_lag_18,0.0005772121949121356
XRPUSDT,28,minute_realized_volatility_lag_18,0.012603729031980038
XRPUSDT,28,minute_absolute_returns_lag_18,0.017183491960167885
XRPUSDT,28,minute_downside_volatility_lag_18,0.012594222091138363
XRPUSDT,28,minute_maximum_absolute_return_lag_18,0.004802489187568426
XRPUSDT,28,daily_return_lag_19,0.004199518356472254
XRPUSDT,28,daily_return_squared_lag_19,0.004391368478536606
XRPUSDT,28,minute_realized_volatility_lag_19,0.008492912165820599
XRPUSDT,28,minute_absolute_returns_lag_19,0.0121073042973876
XRPUSDT,28,minute_downside_volatility_lag_19,0.02140011265873909
XRPUSDT,28,minute_maximum_absolute_return_lag_19,0.002743914956226945
XRPUSDT,28,daily_return_lag_20,0.0016314350068569183
XRPUSDT,28,daily_return_squared_lag_20,0.001439976622350514
XRPUSDT,28,minute_realized_volatility_lag_20,0.0046379053965210915
XRPUSDT,28,minute_absolute_returns_lag_20,0.003675007726997137
XRPUSDT,28,minute_downside_volatility_lag_20,0.008427176624536514
XRPUSDT,28,minute_maximum_absolute_return_lag_20,0.007041312288492918
XRPUSDT,28,daily_return_lag_21,0.006507199257612228
XRPUSDT,28,daily_return_squared_lag_21,0.0015663632657378912
XRPUSDT,28,minute_realized_volatility_lag_21,0.0008670157403685153
XRPUSDT,28,minute_absolute_returns_lag_21,0.0059646484442055225
XRPUSDT,28,minute_downside_volatility_lag_21,0.0007820980390533805
XRPUSDT,28,minute_maximum_absolute_return_lag_21,0.0023692362010478973
XRPUSDT,28,daily_return_lag_22,0.0005680736503563821
XRPUSDT,28,daily_return_squared_lag_22,0.0008439319208264351
XRPUSDT,28,minute_realized_volatility_lag_22,0.004502676427364349
XRPUSDT,28,minute_absolute_returns_lag_22,0.003558022901415825
XRPUSDT,28,minute_downside_volatility_lag_22,0.005029550287872553
XRPUSDT,28,minute_maximum_absolute_return_lag_22,0.0014518448151648045
XRPUSDT,28,daily_return_lag_23,0.0005286824889481068
XRPUSDT,28,daily_return_squared_lag_23,0.0014137329999357462
XRPUSDT,28,minute_realized_volatility_lag_23,0.0026153987273573875
XRPUSDT,28,minute_absolute_returns_lag_23,0.016743378713726997
XRPUSDT,28,minute_downside_volatility_lag_23,0.008229284547269344
XRPUSDT,28,minute_maximum_absolute_return_lag_23,0.0017332762945443392
XRPUSDT,28,daily_return_lag_24,0.002695260336622596
XRPUSDT,28,daily_return_squared_lag_24,0.0035305949859321117
XRPUSDT,28,minute_realized_volatility_lag_24,0.01304065901786089
XRPUSDT,28,minute_absolute_returns_lag_24,0.016286589205265045
XRPUSDT,28,minute_downside_volatility_lag_24,0.01974353939294815
XRPUSDT,28,minute_maximum_absolute_return_lag_24,0.002119362587109208
XRPUSDT,28,daily_return_lag_25,0.0019604244735091925
XRPUSDT,28,daily_return_squared_lag_25,0.0013003651984035969
XRPUSDT,28,minute_realized_volatility_lag_25,0.008785002864897251
XRPUSDT,28,minute_absolute_returns_lag_25,0.012654869817197323
XRPUSDT,28,minute_downside_volatility_lag_25,0.009598970413208008
XRPUSDT,28,minute_maximum_absolute_return_lag_25,0.011324746534228325
XRPUSDT,28,daily_return_lag_26,0.0004293661913834512
XRPUSDT,28,daily_return_squared_lag_26,0.003264428349211812
XRPUSDT,28,minute_realized_volatility_lag_26,0.01580699533224106
XRPUSDT,28,minute_absolute_returns_lag_26,0.020368004217743874
XRPUSDT,28,minute_downside_volatility_lag_26,0.01606382057070732
XRPUSDT,28,minute_maximum_absolute_return_lag_26,0.004043728578835726
XRPUSDT,28,daily_return_lag_27,0.0019614105112850666
XRPUSDT,28,daily_return_squared_lag_27,0.0022309301421046257
XRPUSDT,28,minute_realized_volatility_lag_27,0.012520838528871536
XRPUSDT,28,minute_absolute_returns_lag_27,0.0161278136074543
XRPUSDT,28,minute_downside_volatility_lag_27,0.010021696798503399
XRPUSDT,28,minute_maximum_absolute_return_lag_27,0.001402439665980637
XRPUSDT,28,known_window_decay_horizon_1,0.001012975350022316
XRPUSDT,28,known_window_decay_horizon_2,0.0021158005110919476
XRPUSDT,28,known_window_decay_horizon_3,0.0036837339866906404
XRPUSDT,28,known_window_decay_horizon_4,0.005145275965332985
XRPUSDT,28,known_window_decay_horizon_5,0.011229320429265499
XRPUSDT,28,known_window_decay_horizon_6,0.01186957024037838
XRPUSDT,28,known_window_decay_horizon_7,0.00947639811784029
